language,language_name,toxic_input,detox_output,source,source_dataset,source_id,human_reviewed
am,Amharic,1/2 ውሻታም ነሽ ማለት ነው። በህይወት ዋጋ በደኖ፣ አርባጉጉ፣ ጉራፈርዳ፣ ቤንቺ ማጂ፣ መተከል፣ መንግስት ባመነው በድምሩ ከ5ሺ ያለነሱ ሰ,መንግስት እንኳን ባመነው ፡ በደኖ፣ አርባጉጉ፣ ጉራፈርዳ፣ ቤንቺ ማጂ፣ መተከል፣ በድምሩ ከ5ሺ ያለነሱ ህይወታቸውን ማጣታቸውን አልሰማሽም ?,MultiParaDetox,MultiParaDetox,,True
am,Amharic,?? ኧረ ኡኡኡኡኡኡኡኡ አንች ክፉ ገመናዬን ገመናዬን ሌላ ነገር ነው የሚመስለው ??,ኧረ አንቺ ምን እያልሽ ነው ፤ የውስጥ ጉዳዬን ፤ ለሌላ ሰው እኮ ሌላ ነገር ነው የሚመስለው ??,MultiParaDetox,MultiParaDetox,,True
am,Amharic,?? የሱ ነገር አንደ ውሻ አብይን ነክሶ እኝኝኝኝኝኝኝኝኝ ማለት ብቻ ሆኗል። በዚህ ከቀጠለ መገርጀፉ ነው።,የሱ ነገር አብይን ዝምብሎ መቃወም ብቻ ሆኖል :: በዚህ ከቀጠለ ያለእድሜው ነው የሚያረጀው።,MultiParaDetox,MultiParaDetox,,True
am,Amharic,Egotistic ብሬንለስ ደደብ ብቻ ነው አገሩን ሚመራው,ለራሱ ብቻ የሚያስብ ነው  አገሩን የሚመራው,MultiParaDetox,MultiParaDetox,,True
am,Amharic,PMOEthiopia የህዝብን ደህንነት የማይጠብቅ ውሻ ነው,የህዝብን ደህንነት የማይጠብቅ እምነት የማይጣልበት ሰው ነው,MultiParaDetox,MultiParaDetox,,True
am,Amharic,ሀሀሀሀሀ አሉላ እንግሊዘኛ መናገር ጀመረ እንዴ ? ምን አደከመው እዚሁ አሜሪካ ቁጭ ብለን በንግሊዝኛ የምናጥረግርጋትን ሼር አያደርግም እንዴ ? First Amen,አሉላ እንግሊዘኛ መናገር ጀመረ እንዴ ? ምን አደከመው እዚሁ አሜሪካ ቁጭ ብለን በንግሊዝኛ የምናወረዉን ኣያጋረም,MultiParaDetox,MultiParaDetox,,True
am,Amharic,ሀገርና መሪን መለየት እማ ይችል መሀይም ሁላ መንግስት በመጣ በሄደ ቁጥር ኢትዮጵያ ይፍረስ ይላል ሀገር ማንም ይሂድ ይምጣ ዘላለም ምትኖር ናት።,ሀገርና መሪን ለይተን ማየት መቻል ፡፡ የትኛውም መንግስት ቢመጣና ቢሄድ ኢትዮጵያ እንደ ሀገር ለዘላለም ምትኖር ናት።,MultiParaDetox,MultiParaDetox,,True
am,Amharic,ለ10 አመት ተይዟል አለከው እንዴ አንተኮ ቆሻሻ ነህ አታፍርም,ለ10 አመት ተይዟል ብለክ እንዴት ልታሳምነው ትሞክራለህ,MultiParaDetox,MultiParaDetox,,True
am,Amharic,ሌባ እሁንም ነገር ለማባባስ አፋቸው ይከፍታሉ የደደብ ስራ ነው ይተናገረው እሱ ብሎ ደግም አሳፋሪ,አሁንም ነገርን ከማባባስ አልተቆጠቡም ፤ የማይጠበቅ ነገር ነው የተናገረው,MultiParaDetox,MultiParaDetox,,True
am,Amharic,ልታዝንለት ይገባል የሰው ልጅን የከፍታ ማማ እና የውርደትን ጥግ በዚህ ሰውዬ ውስጥ አነሁ ግን እኛስ እንማርበት ይሆን?,ልታዝንለት ይገባል የሰው ልጅን የከፍታ ማማ እና የዝቅታ ጥግ በዚህ ሰውዬ ውስጥ አየሁ ግን እኛስ እንማርበት ይሆን?,MultiParaDetox,MultiParaDetox,,True
am,Amharic,ልደቱ እንኳን ታሰረ ነዉ የምለዉ ከዚህ በኋላ ንቅናቄ እና ግንባር አያስፈልግም via,ልደቱ  ወደ መረፊያ ቤት ተወሰደ:: ከዚህ በኋላ ንቅናቄ እና ግንባር አያስፈልግም ተብሎ,MultiParaDetox,MultiParaDetox,,True
am,Amharic,መሐል አገር ያለን ሰዎች፣ ከዚህ ጅል ሰውዬ ጋር እየተጃጃልን ነው። ጦርነቱ ገና ተጀመረ እንጂ አላለቀም።,መሐል አገር ያለን ሰዎች፣ ከዚህ ሰው ጋር እየተሸዋወድን ያለ ነው የሚመስለኝ። ጦርነቱ እንደሁ ገና መጀመሩ ነው,MultiParaDetox,MultiParaDetox,,True
am,Amharic,መሐል ያልገባቺው እንደ ካሚሩናዊው ዳኛ በግለቱ ኮላፕስ አረገላሁ ብላ ነው።,መሐል ያልገባቺው እንደ ካሚሩናዊው ዳኛ በሙቀቱ ልወድቅ እችላለሁ ብላ ነው።,MultiParaDetox,MultiParaDetox,,True
am,Amharic,መስሪያ ቤት ስለ ኔዮ ሊብራሊዝም ሰይጣንነት ስንት እንዳላስተማሩን ??,መስሪያ ቤት ስለ ኔዮ ሊብራሊዝም መጥፎነት ስንት እንዳላስተማሩን ??,MultiParaDetox,MultiParaDetox,,True
am,Amharic,መቼም የካድሬ ልማድ ጨርሶ አይልቀም - ስንት ተለቆበት ይሆን እንዲህ ጭራውን የሚቆላው? I wonder?,መቼም የፖለቲካ ሹም ልማድ ጨርሶ አይልቀም - ምን ተደርጎለት ይሆን እንዲህ የሚሽቆጠቆጠው?,MultiParaDetox,MultiParaDetox,,True
am,Amharic,መንግስቱን/ደርግን እንደ reference/benchmark መጠቀም መቼ ነው የተጀመረው?ከተጀመረስ ለሷ ብቻ ለምን ይሰራል?እንደውም ስለአባቷ ሰው በላነት ሳይሆን ለምን አትደግፈውም ይቺ,መንግስቱን እንደ reference/benchmark መጠቀም መቼ ነው የተጀመረው?ከተጀመረስ ለሷ ብቻ ለምን ይሰራል? ከፈለገች ለምን በደንብ አትደግፈውም,MultiParaDetox,MultiParaDetox,,True
am,Amharic,መከላከያ ተከቦ ማን ነበር የደረሰላት አሁንስ ከፊት ሆኖ እየሞተና እየተፍለመ ያለው ማነው ከሀዲው አለቀቃህ እብይ አህመድ ስሙን በአደባባይ ጥርቶ አምስግኖት ነበር,መከላከያ ተከቦ ማን ነበር የደረሰላት አሁንስ ከፊት ሆኖ እየሞተና እየተፍለመ ያለው ማነው በወቅቱ የበላይ አመራሮችም ይህን አመሰግነዋል,MultiParaDetox,MultiParaDetox,,True
am,Amharic,መጋዣ ነገር ነህ አንተ ምን አለብህ ፊትህ ከደለበ ሆድህም ካልጎደለ ሰው ቢታረድ ቢራብ ቢሰደድ ወገንህ አደለ ምን ትሆናለህ አንተ,የሰዎችን ችግርና መከራ  እንደራስህ  ማየትን መልመድ አለብህ,MultiParaDetox,MultiParaDetox,,True
am,Amharic,ሙኒራ ቤቲን አትመጥንም ለማለት ፈልገሽ ነው:: ቤቲ ጀግና በዚች interview መደረግ አልነበረባትም:: ሙኒራ ደግሞ ዘረኛ ናት,ሙኒራ ቤቲ ጋር መቅረብ የሚገባት አልነበረባትም ለማለት ፈልገሽ ነው:: ቤቲ ጀግና በርሷ interview መደረግ አልነበረባትም:: ሙኒራ ደግሞ ወገንተኛ ናት,MultiParaDetox,MultiParaDetox,,True
am,Amharic,ማፈሪያ ነህ ከምግባራቸ ስለሚናገር ነዋ እንዳንተ አይነት ሰዎችን መፅሀፉም ስለሚል 4.,ምግባራቸው ስለሚናገር ነዋ ስለ እናንተ ደግሞ መፅሀፉም ስለሚል 4.,MultiParaDetox,MultiParaDetox,,True
am,Amharic,ምን ላርግ ብለሽ ነው። ይሄን ሰውዬ ስሙን እንኳን መስማት ያንገሸግሸኛል.????,ምን ላርግ ብለሽ ነው,MultiParaDetox,MultiParaDetox,,True
am,Amharic,ምን ቀረብኝ ብለህ ነው???የውሻ የድመት እና የእባብ ጥብስ ነው እኮ ይቀረብህ ብቻ ከአማረህ መከልከል የለበትም ባይ ነኝ የሚመለከተው ሁሉ ክትትል ማድረግ ይኖርበታል,ከማይበሉ እንሰሳት ተሰርቶ የሚቀርብ ጥብስ ቢቀርብህስ ?,MultiParaDetox,MultiParaDetox,,True
am,Amharic,ምድነው ችግርህ? ?? ህይወታቸውን እየግበሩ በየቦታው እየረገፉ ያሉ አንድ አለን የምንለው መከታችን መከላከያ ነው። ስንት ምታወራው የውሻ ወሬ እያለ ስለመከላ,ከመከላከያ ጎን ለመቆም ምንም ችግር ሊኖርብን አይችልም፡፡ ህይወታቸውን እየግበሩ በየቦታው እየረገፉ ያሉ አንድ አለን የምንለው መከታችን መከላከያ ነው።,MultiParaDetox,MultiParaDetox,,True
am,Amharic,ሰው ላይ ጣትህን አትቀስር በ21 ክፍለዘመን ጦርነት ማወጅ ማለት ዝቅጠት ነው።በሀሳብ ነው የምንነጋገረው ለዛም ነው social media የምንጠቀመው አሊያ ከpol,ሰው ላይ መጠቆም አያስፈልግም ፡፡ በ21 ክፍለዘመን በጦርነት ሳይሆን በሀሳብ ነው የምንነጋገረው ፤ በ social media ጭምር,MultiParaDetox,MultiParaDetox,,True
am,Amharic,ሰው ጥራ ቢሉት ራሱ መጣ አሉ በፈጠረህ  ወይም  አንድ ቀን እውነት አውርተው ያውቃሉ? እኔ ነፍስ ካወኩ ጊዜ አንስቶ ፋ,ሰው ጥራ ቢሉት ..አሉ እኔ እስከማውቀው እውነቱን ሲናገሩ ሰምቼ አላውቅም,MultiParaDetox,MultiParaDetox,,True
am,Amharic,ሰይጣን እባክህን ይህንን ኃጢአተኛ ይቅር በለው ፣ እሱ የሚናገረውን አያውቅም,እባክህን ይህንን ምስኪን ይቅር በለው ፣ ባለማወቅ ነው የተናገረው,MultiParaDetox,MultiParaDetox,,True
am,Amharic,ሲፈርስ ለምን ማስቆም አልቻለም አላልኩም ግን ሀውልቱ ወደ ቦታው አለመመለሱ ግን የሱ ፍላጎት ነው . ሰሞኑንማ የጤና ያርግልህ ????,ሲፈርስ ለምን ማስቆም አልቻለም አላልኩም ግን ሀውልቱ ወደ ቦታው አለመመለሱ ግን የሱ ፍላጎት ነው,MultiParaDetox,MultiParaDetox,,True
am,Amharic,ቀበሌን ቀበሌ ቆማጣን ቆማጣ ስተለው ለምንድን ነው የሚከፋው?? ደሞ ከባድ የቀበሌ ዋጋ ምንድን ነው?? ዘይት መስረቅ ነው,ነገሮችን በስማቸው መጥራት ለምንድነው ቅሬታ የሚፈጥረው፤ ከባድ የሆነው የቀበሌ ዋጋስ ምንድነው ;,MultiParaDetox,MultiParaDetox,,True
am,Amharic,ቅርሻታምስ እንተው ራስስህ ነህ ከአፍህ የሚወጣው ይሽታል አስተሳሰብህም እንደዛው ነው ባለጌ ነህ አሳዳጊ የበደለህ። እደግመዋለውአዎ ይህ ወንድሞቹን የበላ አውሬ ነው ።,የምትናገረው ነገር ሰውን የሚያስከፋ ነው ፤ ስርአት የለህም,MultiParaDetox,MultiParaDetox,,True
am,Amharic,ቆሻሻ ባንዳ ጊዜ የሰጠህ መስሎህ በአምኒስቲ ጭምብል ታቀረሻለህ አደል።የጊዜ ጉዳይ ነው.,በአምንስቲ በኩል በዚህ ጊዜ ይህን ማለትህ ትክክል አይደለም,MultiParaDetox,MultiParaDetox,,True
am,Amharic,በመጀመሪያ ወንደኛ አዳሬ የሚባል ቃል የለም ሲቀጥል ደግሞ በጣም የቅናት አስመሰለብህ ያጣ ለማኝ ተሳድቦ ይሄዳል አለ ያገሬ ሰው ።,በመጀመሪያ እንደዚህ የሚባል ቃል የለም ሲቀጥል ደግሞ ጥሩ ካልሆነ የቅናት መንፈስ ውስጥ የሆንክ ነው ያስመሰለብህ,MultiParaDetox,MultiParaDetox,,True
am,Amharic,በአንዴ ካድሽኝ? ለነገሩ የመጀመሪያሽ አይደለም ??,በአንዴ ድጋፍሽን አነሳሽ? ለነገሩ የመጀመሪያሽ አይደለም ??,MultiParaDetox,MultiParaDetox,,True
am,Amharic,በጣም የማዝነው ያንተ ድክትርና ለዚህች ወልዳ ላሣደገችህ ሀገር ይህ ከሆነ አንተ የመጨረሻ ደደብ ወራዳ ሠው ነህ,ለዚህች ወልዳ ላሣደገችህ እና ላስተማረች ሀገር ካንተ የሚጠበቀው ይኸ አይደለም፡፡,MultiParaDetox,MultiParaDetox,,True
am,Amharic,ባንዳ? አሉላ ከኤርትራ ሰራዊት ጋር ሆኖ ኢትዮጵያውያንን እየገደለ ነው እንዴ? አላወኩም ነበር።,አሉላ ከኤርትራ ሰራዊት ጋር ሆኖ ኢትዮጵያውያንን እያጎደ ነው እንዴ? አላወኩም ነበር።,MultiParaDetox,MultiParaDetox,,True
am,Amharic,ቤቲ LTV ፈጣሪ ጎረቤትህን እንደራስህ ውደድ ይላል። የፖለቲካ ልዩነትም መብት ነው። ልዩነታችን በመከባበር ቢሆን ሀገራችን ዘላቂ ሰላም ታገኛለች። የጥላቻ ዘመቻ ግን ለራስሽም ለሀገርም አይጠቅምም።,ቤቲ LTV ፈጣሪ ጎረቤትህን እንደራስህ ውደድ ይላል። የፖለቲካ ልዩነትም መብት ነው። ልዩነታችን በመከባበር ቢሆን ሀገራችን ዘላቂ ሰላም ታገኛለች። ከዚህ ባለፈ ልዩነትን የሚያሰፉ ነገሮች ላይ ማተኮር ግን ለራስሽም ለሀገርም አይጠቅምም።,MultiParaDetox,MultiParaDetox,,True
am,Amharic,ተላላኪ እኮ ሁሌም ደሰተኛ ነው፡፡ ደብሪፅ ቢመጣም ደስተኛ እንደምትሆን እርግጠኛ ነኝ፡፡,ነገሮችን በራሱ የማያደርግ ሰው ሁሌም ደሰተኛ ነው፡፡ ደብሪፅዮን ቢመጣም ደስተኛ እንደምትሆን እርግጠኛ ነኝ፡፡,MultiParaDetox,MultiParaDetox,,True
am,Amharic,ቱልቱላ ከፍታን የሚገለፀው በስራ እንጂ በወሬ አይደለም ሙሉ ከተማ እያቃጠልክ ፣የሰው ልጅ በምታስተዳድረው ክልል ዘቅዝቀህ እየሰቀልከ ፣ሰው ቆጥቦ የሰራው,ከፍታን የሚገለፀው በስራ እንጂ በወሬ አይደለም ከተማው እንዳልነበረ እየሆነ ፣የሰው ልጅ በምታስተዳድረው ክልል ከሰው ክብር ውጭ እየተደረገ ፣ሰው ቆጥቦ የሰራው,MultiParaDetox,MultiParaDetox,,True
am,Amharic,ታምራት ነገራ ፅንፈኞችን ከላይ እስከታች ሰብስበህ ሁለት ሰንበት ፀበልና ስልጠና ስጥልን ።,ታምራት ነገራ አክራሪዎችን  ከላይ እስከታች ሰብስበህ ሁለት ሰንበት ጥሩ ምክርና ስልጠና ስጥልን ።,MultiParaDetox,MultiParaDetox,,True
am,Amharic,ታዲያ ለሱዳን ሲሆን እንደ ውሻ ጭራህን ቆልፈህ ቁጭ አልክ? የሚያግዝ የኢትዮጵያ ወታደር የሻቢያ ወታደር የሁሉም ክልሎች ልዩ ሀይል,ታዲያ ለሱዳን ሲሆን ለምን ዝም ማለት መረጥክ? የሚያግዝ የኢትዮጵያ ወታደር የኤርትራ ወታደር የሁሉም ክልሎች ልዩ ሀይል,MultiParaDetox,MultiParaDetox,,True
am,Amharic,ታዲያ አንተ ተጋሩ ፕጅ ላይ ምን ታደርጋለህ???,ታዲያ አንተ እዚህ ፕጅ ላይ ምን ታደርጋለህ???,MultiParaDetox,MultiParaDetox,,True
am,Amharic,ችግር ውስጥ ነን ብዬ ከማንም ኢንጌጅ አላደርግም ሰሞኑን ታውቃለህ መቼስ። ቀን ይቅርታ ሲጠይቅ ውሎ ማታ ልገንጠል ይላል? ነውር አይደለም?,ችግር ውስጥ እንዳለን ባላስብ ይሻላል፡፡ ሰሞኑን ደግሞ ቀን ላይ በጥሩ የይቅርታ መንፈስ ውሉ ማታ ላይ ስለመለያየት ያወራሉ፡፡,MultiParaDetox,MultiParaDetox,,True
am,Amharic,አሁን በዚህ ሪፖርት ምኑ ነው ዋዜማን የወያኔ አፍ የሚያስብለው? የጠቅላዩን ስብከት ብቻ መስማት ለሚፈልግ ዋልታ፣ ፋና፣ ኢቢሲ . አሉ።,በዚህ ሪፖርት ውስጥ ዋዜማን እንደዚያ የሚያስብል  ነገር ያለ አይመስለኝም? የአንደ ወገን ሀሳብ ብቻ መስማት ለሚፈልጉ የመንግስ ሚዲያዎችን መስማት ይችላል፡፡,MultiParaDetox,MultiParaDetox,,True
am,Amharic,አሁን ይህ ምኑ ይነገራል?ምኑስ ይጠቅማል ኧረ ወዲያ? በተራ የሰፈር ጠብ እንኳ ሰው ይጠነቀቀቃል የምር አትውረድ,ይኸ ለመናገርም አይመችም፤ ጥቅምም የለውም፤ ክብርህን መጠበቅ ያለብህ አንተ ነህ,MultiParaDetox,MultiParaDetox,,True
am,Amharic,አስመሳይ አብይ አሕመድ ትግራይ ለመርዳት እቅድ ኑሮህ አያቅም።,አብይ አሕመድ ትግራይ ለመርዳት ያሰበ አይመስለኝም,MultiParaDetox,MultiParaDetox,,True
am,Amharic,አስግረው እንደ አሳ፣ እንደ ውሻ እሰረው፤ ብሎ ለቆረጠ አሻራው ለጠፋ፣ ያለኔ ላለ ሰው፤ ቃል የለኝም እኔ መከራው ይምከረው።,መጠፎ ስራ የሰራና በሌላው ላይ የሚመኝ ዞሮ በራሱ ላይ ችግሩ መምጣቱ አይቀርም,MultiParaDetox,MultiParaDetox,,True
am,Amharic,አብን ውስጤ ነው ብለሽ ነው የዘለልሽው ?? ቀዳዳ አስመሳይ.,የአብን  ደጋፊ ነኝ ብለሽ ነው የዘለልሽው፤ ከልብሽ አይመስልም,MultiParaDetox,MultiParaDetox,,True
am,Amharic,አብይ አህመድ ጨካኝ ነው:: ከሱ ጋር ሲወዳደር መንግስቱ ኀ/ማርያም የመጨረሻ ሩህሩህ አይደለም እንዴ::?? ከአብይ አንፃር መንግስቱ ደግና ሰፍሳፋ ሆኖ ነው ያገኘነው:: አብይ ህፃና,ከ ጠ/ሚ አብይ አህመድ አንፃር ፡ መንግስቱ ኀ/ማርያም ሩህሩህ እና ደግ ሰው እንደሆነ ነው እኔ የምረዳው፡፡,MultiParaDetox,MultiParaDetox,,True
am,Amharic,አብይ እና ጀሌዎቹ ግን ሁሉም ሰው እንደነሱ ደደብ ይመስላቸዋል ልበል? ??,አብይ እና ደገፊዎቹ ግን ሁሉም ሰው እንደነሱ ይመስላቸዋል ልበል? ??,MultiParaDetox,MultiParaDetox,,True
am,Amharic,አታሽቃብጪ መሀል ሰፋሪ በሁለት ጥይት ነው ሚመታው??,ወዲያ ወዲህ አትበይ ፡ መወላወል ሁላ ላይ ራስን ይጎዳል፡፡,MultiParaDetox,MultiParaDetox,,True
am,Amharic,አትቀባጥር። አንተ ስትዘርፍ ስለኖርክ ሰው ሁሉ ሌባ አይምሰልህ።,ብዙ አትናገር እስቲ። አንተ የሰው ንብረትን ስትጠቀም ስለቆየህ ሰው ሁሉ እንዳንተ አይምሰልህ።,MultiParaDetox,MultiParaDetox,,True
am,Amharic,አንተ ውሻ እግዚአብሔር ግፍህን በቤትህ ያሳጭድህ።,እግዚአብሄር ፍርዱን ይስጥህ,MultiParaDetox,MultiParaDetox,,True
am,Amharic,አንተ ውታፍ ነቃይ የትላንቱን ዲቤት አየህው አንገትን የሚያስደፋ እንዳንተ አይነቱን በቁሙ የሚቀብር ነው ከአብን ጋር ወደፊት ደደብ ዲቃላ,የትላንቱን ክርክር አየህው በጣም ጠንካራና የምትሉትን ያሳጣ ነበር,MultiParaDetox,MultiParaDetox,,True
am,Amharic,አንተ የጠንቃይ ልጁ ደም መጣጭ የምት ፈርድ የምታገኝበት ሩቅ ኣይደለም አንተ ዲቃላ,በሰዎች ላይ አትፍረድ ፤ እንዳይፈረድብህ,MultiParaDetox,MultiParaDetox,,True
am,Amharic,አንተ ደንቆሮ የሸርሙጣ ልጅ አህያ ቦዶ ጭንቅላት ዘረኛ የሴት ልጅ አቅምህን እውቅ እንዳ አንተ አይነቱ ተላላኪ ነው አገራችን እንዳትረጋጋ ያደረጋት ቆሻሻ,አቅምህን ብታውቅ ደህና ነው ፤ እናንተ ናችሁ ባንድ በኩል ሀገሪቱ እንዳትረጋጋ ያደረጋችኋት,MultiParaDetox,MultiParaDetox,,True
am,Amharic,አንተ ደደብ ጀግንነት ሲቪል ሰው በማጥቃት ነው እንዴ አንተ ማትረባ አጋሰስ,ጀግንነት ሲቪል ሰው ማጥቃት አድርገህ  ነው እንዴ የምታየው ?,MultiParaDetox,MultiParaDetox,,True
am,Amharic,አንተ ዶማ የሚያሳዝነው ሌላ የትግራይና የሀገራችን ትውልድ ለናንተ ዐይነቱ ውሻ ብሎ መሞቱና አካሉን ማጣቱ ነው የሚያሳዝነው።,የሚያሳዝነው ሌላ የትግራይና የሀገራችን ትውልድ ለጥቂቶቸ ተብሎ መሞቱና አካሉን ማጣቱ ነው የሚያሳዝነው።,MultiParaDetox,MultiParaDetox,,True
am,Amharic,አንተ ጓሮ መሆን አለበት። አኛ የሰው አንፈልግም የራሳችንንም አንሰጥም,ከአንተ በኩል ሊሆን ይችላል። አኛ የሰው አንፈልግም የራሳችንንም አንሰጥም,MultiParaDetox,MultiParaDetox,,True
am,Amharic,አገር ወዳድ ለመምሰል ነው እንዴ?ምክንያቱም ምን አይነት ዘረኛ አንደሆንሽ በደንብ እናውቅሻለህ ስለዚህ አትላላጪ።እንደዛ ባይሆን ኖሮ አንቺ በሰራሽው ወንጀል,አገር ወዳድ ነሽ እንዴ?ምክንያቱም ምን አይነት ሰው አንደሆንሽ በደንብ እናውቅሻለህ ስለዚህ ብዙ አታዊሪ።እንደዛ ባይሆን ኖሮ አንቺ በሰራሽው ስራ,MultiParaDetox,MultiParaDetox,,True
am,Amharic,አጭሰህ ነው የፃፍከው ??ሰው በላ አውሬዎች ደሞ,ምን ሆነህ  ነው ይህን የፃፍከው ?,MultiParaDetox,MultiParaDetox,,True
am,Amharic,ኡዝቤኪስታን እና ታጃኪስታን የሉበትም። ጉራ ብቻ። ምርኮኛ,ኡዝቤኪስታን እና ታጃኪስታን የሉበትም። ምንድነው ብዙ ብዙ ማውራት,MultiParaDetox,MultiParaDetox,,True
am,Amharic,ኢትዮጵያን ሶሪያ የሚያደርጋት የአብይ አድሎኛ እና ሴረኛ አገዛዝ እንጅ አሜሪካ ያላት አቋም አይደለም።,ኢትዮጵያን ሶሪያ የሚያደርጋት የመንግስት አገዛዝ እንጅ አሜሪካ ያላት አቋም አይደለም።,MultiParaDetox,MultiParaDetox,,True
am,Amharic,ኣንቺ ሰው በላ አውሬ ነሽ ረጅም ግዜም ኣትራመጅም,አንቺ ጥሩ ሰው አይደለሽም፤ ረጅም መንገድ  የምትሄጂ አይመስልም,MultiParaDetox,MultiParaDetox,,True
am,Amharic,እሚያናድደኝ እየተሰራበትን ያለውን ሴራ አለማወቁ ነው። ፍትህ_ለ_ዞላ ??,እሚያናድደኝ እየተሰራበትን ያለውን ድብቅ ስራ አለማወቁ ነው። ፍትህ_ለ_ዞላ ??,MultiParaDetox,MultiParaDetox,,True
am,Amharic,እረ ባካችሁ በልክ አድርጉት እኛ እናቃጥራለን እነሱ ንቀታቸው አይጣል ነው ጉራ ብቻ,እረ ባካችሁ በልክ አድርጉት እኛ እንለፈልፋለን እነሱ ምንም ትኩተረት ላይሰጡት ፤ ዝም ብሎ ራስን ከፍ ማድረግ ትርጉም የለውም,MultiParaDetox,MultiParaDetox,,True
am,Amharic,እረ እህቶቼ በዙ ሰዎች.?? ይቺ ፉንጋ እንኳን እንደ ወንድሜ እኮ ነው የማይህ ትበለኝ ??,እረ እህቶቼ በዙ ሰዎች.?? ይቺም እንደ ወንድሜ እኮ ነው የማይህ ትበለኝ ??,MultiParaDetox,MultiParaDetox,,True
am,Amharic,እረ ያገሬ ፊደል ያልቆጠረ ባለገር ይግደለኝ ተምረናል ሚሉት በቃ ምርጥ ጅል ሄነው,ከተማረው እኮ ፊደል ያልቆጠረው ያገሬ ሰው እየተሻለ ነው,MultiParaDetox,MultiParaDetox,,True
am,Amharic,እረ ጌታቸው እግዚአብሔር በጣም እድል እየሰጠክ ልብህን ምናለ እንደ ፈርሆን ባታደነድነው??እስከ ዛሬ ለፈፀማችሁት በደል ጭፍጨፋ ሁሉ እግዚአብሔር ማሀሪ ይቅር ባይ ነ,እረ ጌታቸው እግዚአብሔር በጣም እድል እየሰጠክ ልብህን ምናለ ባታደነድነው??እስከ ዛሬ ለፈፀማችሁት በደል መሀሪው እግዚአብሄርን በንስሀ ብትጠይቁ,MultiParaDetox,MultiParaDetox,,True
am,Amharic,እራሱ ዛሬ ጠዋት ያየናትን ቀምሶ እንደማያወራ በምን እርግጠኛ መሆን ይቻላል???,የተለመደውን ነገር ቀምሶ እንደማያወራ በምን እርግጠኛ መሆን ይቻላል???,MultiParaDetox,MultiParaDetox,,True
am,Amharic,እርስዎ እና ዘረኛ መሪዎ በዝግታ እና በህመም ይሞታሉ,እርስዎ እና ከፋፋይ መሪዎ ብዙም ድምፅ ሳይሰማ ይሸኛሉ,MultiParaDetox,MultiParaDetox,,True
am,Amharic,እርግጠኛ ነኝ ክሊፑን ያየ ያለቅሳል ያዝናል:: ታዲያ ኢትዮጲያውያንን እንዲህ እንደ እስስት የሚያለዋውጠንንና በተመሳሳይ ሰዓት በእ/ብሔርም በሰይጣንም የምናምን ፍጡር,እርግጠኛ ነኝ ክሊፑን ያየ ያለቅሳል ያዝናል:: ታዲያ ኢትዮጲያውያንን እንዲህ እንድንለዋወጥ የሚያደርገንና በተመሳሳይ ሰአት የእ/ብሄርም ፣ የእ/ብሄር ያልሆነውም የምናምን እስኪመስል,MultiParaDetox,MultiParaDetox,,True
am,Amharic,እስክንድር ነፃነትን ፈለገ እንጅ ስልጣንን መቼ ፈለገ። ማፈሪያ ይሄ እንኳን የማይገባው ስንት የስልጣን ጥማተኛ ሲንቀዠቀዥ እያየን ነው።,እስክንድር ነፃነትን ፈለገ እንጅ ስልጣንን መቼ ፈለገ። ይሄ እንኳን የማይገባው ስንት ስልጣን የሚፈልግ አለ,MultiParaDetox,MultiParaDetox,,True
am,Amharic,እሾህ እንዳንተ መርዘኛ ሰው አይቼ አላውቅም። ለምን አትተወንም ግን? የገረፉህ፣ ያሰሩህ፣ ያንገላቱህ ወያኔዎች አልነበሩም? እነሱ ሲደመሰሱ ብትችል ድንጋይ ባቀበልክ። ለ,እንዳንተ ልክ ያልሆነ ሰው አይቼ አላውቅም። ለምን አትተወንም ግን? ተጽኖ ሲያደርሱብህ የነበሩ ሰዎች አሁን የሉም ? እነሱ ከስልጣን ሲነሱ ብትችል ድንጋይ ባቀበልክ።,MultiParaDetox,MultiParaDetox,,True
am,Amharic,እናንተ አይደላችሁም እንዴ እዚህ የደረሳችሁን ። አረ እፈር ዮሆንክ እስስት,እናንተ ናችሁ እዚህ ያደረሳችሁን ፡ በዚህ ልትኮራ አይገባም,MultiParaDetox,MultiParaDetox,,True
am,Amharic,እኔ አልተረዳሁም ምንድነው የምትቀባጥረው? ማን አንተን የብዙሀኑ ህዝብ ተወካይ አደረገህ? ወሬኛ ብሄርተኛ በቃ ዘራፍ ለማለት ትንቀዠቀዣላችሁ.,እኔ አልተረዳሁም ምንድነው እያልክ ያለኸው? ማን አንተን የብዙሀኑ ህዝብ ተወካይ አደረገህ? በቃ ዘራፍ ለማለት ትቸኩላላችሁ.,MultiParaDetox,MultiParaDetox,,True
am,Amharic,እኔን ጨምሮ ሰዉ ሽመልስን ማየት አይፈልግም ግን ለዓይናችን የበዛው እሱ ነው,እኔን ጨምሮ ሰዉ ሽመልስን ማየት አይፈልግም ግን በብዛት የሚታየው ደግሞ እሱ ነው,MultiParaDetox,MultiParaDetox,,True
am,Amharic,እንስሳ ልልህ ፈልጌ በጣም ጠቃሚ እንስሳት አሉ እና ስሙ ይበዛብሃል።ቆሻሻም ልልህ ነበር ቆሻሻም ሪሳይክል ተደርጎ ለመልካም ይውላል።በቃ ህሊና ቢስ የሆንክ ሰይጣን በ,ልሰድብህ ፈልጌ በጣም ጠቃሚ ስድብ አጣሁ  እና ሁሉም ይበዛብሃል።።በቃ ህሊና ቢስ  አትሁን,MultiParaDetox,MultiParaDetox,,True
am,Amharic,እንደ አንተ አይነቱን ከሀዲ ገጠመው ምን ያድርግ ብለህ ነው,አንተ በቃል ካልተገኘህ እሱ ምን ያድርግ ብለህ ነው,MultiParaDetox,MultiParaDetox,,True
am,Amharic,እንደ አንተ አይነቶች ናቸዉ ሀገራችንን እያመሱ ያሉት ደንቆሮች መሀይሞች ጭንቅላታቸው የተመረዘ የጠበበ አንተ ስለሀገር,እናንተ ናችሁ ሀገራችንን እንዲህ ችግር ላይ የምትጥሏት ፤ አርቃችሁ አታስቡ፣ በጎውን ሀሳብ አታመጡ,MultiParaDetox,MultiParaDetox,,True
am,Amharic,እንደ አንቺ አይነት ገልቱ አያሳጣን። Stup d ላለምሰል ከፈለግሽ ግራ ገብቶሽ ግራ የማጋባት ሥራ አቁሚ።,እንደ አንቺ አይነት ሰው አያሳጣን። ጥሩ ሰው ከሆንሽ ያልገባሽ ነገር ውስጥ አትግቢ ይቅርብሽ።,MultiParaDetox,MultiParaDetox,,True
am,Amharic,እንደውም ፓለቲካ ውስጥ ምን ትስራላችሁም ተብለናል ጠንክረን መማርና መስራት ይጠበቅብናል ለቅሶን ለለቅስኖች መተው አለብን  ሃሃሃ,ፓለቲካ ውስጥ ምንም አትሰሩም ተብለናል፡፡ጠንክረን መማርና መስራት ይጠበቅብናል ሌላውን ለሚመለከተው በመተው,MultiParaDetox,MultiParaDetox,,True
am,Amharic,እውነት ጋዜጠኛ ብትሆን መሳሪያ ለጥፋ ለምን እንደዛተች ትጠይቅ ነበር ይቅርታ ለምን እንዳልጠየቀች ትጠይቅ ነበር,እውነት ጋዜጠኛ ብትሆን ለምን እንደዛተች ና ለደረገችው ነገር ይቅርታ ለምን እንዳልጠየቀች ትጠይቅ ነበር,MultiParaDetox,MultiParaDetox,,True
am,Amharic,እየህ አንተ የፕሮፖጋንዳ ሰለባ ነህ የፕሮፖጋንዳ ሰለባ ለመሆን ደሞ እንዳንተ ደደብ እና ደንቆሮ መሆን ብቻ ነው ሚጠበቅብህ ለማንኛውም ጀግኖ,አንተ ባለማስተዋልህ የፕሮፓጋንዳ መጠቀሚያ ሆነሀል፡፡,MultiParaDetox,MultiParaDetox,,True
am,Amharic,እያንዳንዱ የጦቢያ አምባሳደር ሚስቱ ልጆቹ የስጋ ዘመዶቹ ይዞ ወደ ቲዊተር ጦር ግንባር እንዲዘምት ቢደረግም የዲፕሎማሲ ድል ከየት ይገኝ:: እሪሪሪሪሪሪ ደመቀ መኮንን እሪሪሪሪሪሪ አብይ አህመድ,እያንዳንዱ የጦቢያ አምባሳደር ሚስቱ ልጆቹ የስጋ ዘመዶቹ ይዞ ቲዊት እንዲይደርግ ቢደረግም የዲፕሎማሲ ችግር መፍታት አልተቻለም,MultiParaDetox,MultiParaDetox,,True
am,Amharic,ከታላቅ ወንድሜ ጆ ባይደን እንዲሁም ከእህቴ ካሚላ ኣሪስ ውጤታማ የስልክ ውይይት ኣድርገናል።ባካየድነው ህግ የማስከበር ሂደት ድጋፋቸው ችረውናል ይል ይሆናል እኮ ያቱልቱላ መሽረፈት።,ከታላቅ ወንድሜ ጆ ባይደን እንዲሁም ከእህቴ ካሚላ ኣሪስ ውጤታማ የስልክ ውይይት ኣድርገናል።ባካሄድነው ህግ የማስከበር ሂደት ድጋፋቸው ችረውናል ይል ይሆናል እኮ ያ ሰውዬ,MultiParaDetox,MultiParaDetox,,True
am,Amharic,ከናንተ እንካን ጥሩ አንጠብቅም ግን ሰው ከሆንክ ትንሽ ሰብኣዊነት ካለህ ድምጽ እንካን ባትሆነን አፍህ,ካንተ ብዙ ባልጠብቅም ቢያንስ በሰብአዊነት ድምፅ እንኳን መሆን ባትችል ተቃውሞ አያስፈልግም,MultiParaDetox,MultiParaDetox,,True
am,Amharic,ከዋነኞቹ የትግሬ ነቀዝ ፋሺስቶች አንዱ የሆነው ጄኔራል አብርሃ ወልደማርያም ሞቷል ይህ የትግራይ አውሬ መጠን የለሽ ገንዘብ ቢያካብትም በካንሰር ተለክፎ ሲሞት ሰዓረ እና ገዛኢ ከሚባ,ከዋነኞቹ የትግሬ በለስልጣን መሀከል  አንዱ የሆነው ጄኔራል አብርሃ ወልደማርያም ሞቷል ይህ የትግራይ በለስልጣን መጠን የለሽ ገንዘብ ቢያካብትም በካንሰር ተለክፎ ነው የምተው,MultiParaDetox,MultiParaDetox,,True
am,Amharic,ከዚህ ቀደም ወያኔ ኢንተርኔት ዘግቷል ብለው እሪ ይሉ የነበሩ ቅራቅንቦዎች አሁን ከሀገር አይበልጥም ጥርቅም ይበል። ይሉናል።,ከዚህ ቀደም  ኢንተርኔት በመዘጋቱ የተከፉ ሰዎች  አሁን ከሀገር አይበልጥም ይሉናል።,MultiParaDetox,MultiParaDetox,,True
am,Amharic,ኪኪኪኪኪ አፈር ብሉ እድሜ ልካቹ የሰው ልጅ ሃዘን ደስታ የምትፈጥሩ እርር በል አንተ ወደል አህያ,እድሜ ልካቹ የሰው ልጅ ሃዘን ደስታ የምትፈጥሩ,MultiParaDetox,MultiParaDetox,,True
am,Amharic,ኮተታም አሁን አተ ሰዉ ነህ ጭቅላትህ ሆድህ ነዉ ኤርሚያስን ለመተቸት ሞራል የለህም የአበበ ገላዉ የዉሸት ማስረጃ ማን ይሰማዋል,አንተ ራስ ወዳድ ነህ፤ ኤርምያስን የሚያስተችህ ነገር የለም፤ የአበበ ገላው ያልተረጋገጠ ማስረጃ መን ይቀበለዋል,MultiParaDetox,MultiParaDetox,,True
am,Amharic,ወንድ የሆነማ ቆሞ ይሸናል። ደግሞ ለሰነፍ ቆሞ ሊሸና ያምረዋል እንዴ? ያው እንደ ለመደው ቁጭ ብሎ ይሽና እንጂ። ወሬ አያብዛ ጀግንነት በስራ እንጂ መች በቀረርቶ በፉከራ ሆነና።,ጀግንነት በስራ ይገለጻል እንጂ በወሬ ሊሆን አይችልም ፡፡,MultiParaDetox,MultiParaDetox,,True
am,Amharic,ወንድ የሴት ምንትስ እና ጡት ብቻ ነው የሚያየው ብለሽ ደመደምሽው በቃ? ነገ ደሞ ወንዶች የውጭ እንጂ የውስጥ ውበት አያዩም ብለሽ ለቅሶ ደቅ ትያለሽ,አንድ ጊዜ ወንድ የሴት ምንትስ እና ጡት ብቻ ነው የሚያየው ትያለሽ ሌላ ጊዜ ደሞ ወንዶች የውጭ እንጂ የውስጥ ውበት አያዩም ትያለሽ,MultiParaDetox,MultiParaDetox,,True
am,Amharic,የሄ ተረት ተረት ለማያውቅ ጅል ሄደህ ንገረው የኢትዮጵያ ፖለቲክስ በደምብ ኣውቀዋለው:: ያልኩህን ብቻ ኣትርሳ::,የሄ ተረት ተረት ለማያውቅ ሰው ሄደህ ንገረው የኢትዮጵያ ፖለቲክስ በደምብ ኣውቀዋለው:: ያልኩህን ብቻ ኣትርሳ::,MultiParaDetox,MultiParaDetox,,True
am,Amharic,የሆንህ የታሪክ አተላና ገገማ ነህ  በጣም ነው የምታናድደን ኩበት,ነገሮች ቶሎ የሚገቡህ ጥሩ ሰው አደለህም ፤ ታናድዳለህ,MultiParaDetox,MultiParaDetox,,True
am,Amharic,የሚሰድበኝና የሚያዋርደኝ መሪ ናፈቀኝ እያለ ይመስላል ፖርቱጋላዊው ዴኮ,በክፉ የሚናገረኝ እና ክብር የማይሰጠኝ መሪ ናፈቀኝ እያለ ይመስላል ፖርቱጋላዊው ዴኮ,MultiParaDetox,MultiParaDetox,,True
am,Amharic,የሰይጣን ሁሉ ሰይጣን፣ የኢትዮጵያ ትልቁ ነቀርሳ በመጨረሻ ታነቃለ።????,የኢትዮጵያ ትልቁ ችግር በመጨረሻ ተቀረፈ።????,MultiParaDetox,MultiParaDetox,,True
am,Amharic,የት ሆነሽ ነው ግን እንደዚህ ምትፎክሪው? እንደወንዶቹ በረሃ ገብተሽ ቢሆን ይህን የምትዪው አንቺ ባለ አላማ ነሽ የምትይዉን ሁሉ አምንሻለው,ይህን የምትይው የት ሆነሽ ነው ?  ይህን የምትዪው ከበረሀው ከሆነ ባለ አላማ መሆንሽን አምንሻለሁ፡፡,MultiParaDetox,MultiParaDetox,,True
am,Amharic,የት ነው ያለው አሁን ይሄ የውሻ ልጅ? ልጆች ሚስትስ አለው ወይ?,የት ነው ያለው አሁን ይሄ ሰው? ቤተሰብስ አለው?,MultiParaDetox,MultiParaDetox,,True
am,Amharic,የኔ ደንቆሮ ሁለት ሳምንት ሆቴል ውስጥ ሳይሆን ጉድጓድ እና ጫካ ውስጥ ነወ የነበሩት እንኳን ልብሳቸው እነሱም ሊቀደዱ ይችላሉ,ሁለት ሳምንት ሆቴል ውስጥ ሳይሆን ጉድጓድ እና ጫካ ውስጥ ነው የነበሩት እንኳን ልብሳቸው እነሱም ሊጎዱ ይችላሉ,MultiParaDetox,MultiParaDetox,,True
am,Amharic,የአገር ሉዐላዊነት የሚያስጋህ አትመስልም? አስመሳይ,የአገር ሉዐላዊነት የሚያስጋህ አትመስልም?,MultiParaDetox,MultiParaDetox,,True
am,Amharic,የዚህ ሰውዬ የጅልነት ደረጃ በየጊዜው እያደገ ነው፣ እሱም በርትቶ እየሰራበት ነው፣ ቀጥል ቀጥል። ሚኪ ማይኮ ቢሰራው አይገርመኝም ነበር በዚህ እድሜው ይጃጃጃላል እንዴ።,የእርሱ ብስለት ከጊዜ ወደ ጊዜ ከእድሜው ጋር እንደሚጠበቀው አብሮ የሚሄድ እየሆነልኝ አይደለም፡፡,MultiParaDetox,MultiParaDetox,,True
am,Amharic,የዚህ ስውዬ ችግር እኮ ሁለመናው በውሽት የተገነባ ስብእና ያለው መሆኑ ነው አንድም የሚለው ነገር አይታመንም ውሽት እንደ ፖለቲካ መሳሪያ ይጠቀማል,የዚህ ሰውዬ ችግር እኮ አብዝቶ ከእውነት የራቀ ነገር መናገሩ ነው ፤ የሚለውን ነገር ሁለ ለማመን ይከብዳል ይኸንንም እንደ ፖለቲካ መሳሪያ ነው የሚጠቀምበት፡፡,MultiParaDetox,MultiParaDetox,,True
am,Amharic,የደርግ ልጅ ደርጋዊነትን ስትሰብክ.ምን ታድርግ? ሕግ የሚባል ነገር እንዳለ ያ አረመኔ አባቷ አላስተማራትማ,የደርግ ልጅ ደርጋዊነትን ስትሰብክ.ምን ታድርግ? ሕግ የሚባል ነገር እንዳለ  አባቷ አላስተማራትማ,MultiParaDetox,MultiParaDetox,,True
am,Amharic,የፍርድ ጊዜ አይደርስ መስሏት ትደነፋች ከፋፈልኩ ብላ ልቧ ዉልቅ ብሏል፤ገመድ አፍ ነገር,የፍርድ ጊዜ አይደርስ መስሏት ትቆጣለች,MultiParaDetox,MultiParaDetox,,True
am,Amharic,ይሄ በህዝብ ሲያዝ ፖሊስ ነኝ ፖሊስ ነኝ እያለ ሢለምን የነበረው ሲቪል መስሎ ቦምብ ለመጣል ሢያደባ የታየዘና እውነትም ፖሊስ ሆኖ ተገኝቷል ያውም ዋና ኤኒስፔክተር -,ይሄ በህዝብ ሲያዝ ፖሊስ ነኝ ሲል የነበረ ሌላ ጊዜ ሲቪል መስሎ አደጋ ሊያደርስ ሲንቀሳቀስ ተገኝቶ ፖሊስ ሆኖም ተገኝቷል,MultiParaDetox,MultiParaDetox,,True
am,Amharic,ይሄ ባለጌ ምን ማለቱነው ነጭ ለብሶ መከላከያ ውስጥ የገባው?,ይሄ ሰው ምን ማለቱነው ነጭ ለብሶ መከላከያ ውስጥ የገባው?,MultiParaDetox,MultiParaDetox,,True
am,Amharic,ይሄ የደደብ የተሳዳቢ ቦታ አይደለም ቦታህን ፈልግ:: እኛ ለሚሰማ ለሚጠይቅ ለሚያነብ ብቻ ነው ቦታ ያለን::,እዚህ ቦታ እኛ ስድብን አንቀበልም  :: ማወቅ ያለብህ እኛ ለሚሰማ ለሚጠይቅ ለሚያነብ ብቻ ነው ቦታ ያለን::,MultiParaDetox,MultiParaDetox,,True
am,Amharic,ይሄ ዲቃላ እንዴት ያለ አይነዉጣ ወቶልታል ባካቹ፡ ከነ ግብራበሮችህ ይድፋህ።,ይሄ ሰው እንዴት ያለ ደፋር ሆኗል ባካቹ፡,MultiParaDetox,MultiParaDetox,,True
am,Amharic,ይሄንንም እንዳላረገውና የሙከራ ስርጭት እንዳላካሂድብህ,ይሄንንም ጭምር የሙከራ ስርጭት እናድርግብህ እንዴ,MultiParaDetox,MultiParaDetox,,True
am,Amharic,ይህ ላንተና ለአስመሳይ ካድሬ ብቻ የሚሰራ ፕሮፖጋዳ ነው፡፡,ይህ ላንተና ለዳገፈዎቹ  ብቻ የሚሰራ ወሬ ነው፡፡,MultiParaDetox,MultiParaDetox,,True
am,Amharic,ይድረስ ለ ዘረኛው ዲቃላ  . መስሎህ እንጅ ነገ ሌላ ቀን ነው ።,ተራጋጋ መስሎህ እንጅ ነገ ሌላ ቀን ነው ።,MultiParaDetox,MultiParaDetox,,True
am,Amharic,ደነዝ። ሁሉም እንደናንተ በገንዘብ የሚገዛ ይመስላችኋል,ሁሉም እናንተ እንደምታስቡት በገንዘብ የሚታለል ይመስላችኋል,MultiParaDetox,MultiParaDetox,,True
am,Amharic,ደንቆሮ በክት የበከትህ ገረድ የስሙኒ ልጅ አንተ ከማንም ጋ ልትከራከር አትችልም ሆድ እስካፉ በክት ስለሆንህ,አንተ ከማንም ጋ ልትከራከር አትችልም ራስ ወዳድ ስለሆንክ,MultiParaDetox,MultiParaDetox,,True
am,Amharic,ደንቆሮ አንተ ገባህ አልገባህ ምን አገባን ለምን ገደል አትገባ,ለአንተ ቢገባህም የሚለወጥ ነገር ያለ አይመስለንም,MultiParaDetox,MultiParaDetox,,True
am,Amharic,ደደብ ነህ አግዚዮ ቅርጽ የታሪክ መሰረት ነው ታሪክ የሌለው ሕዝብ የማንነት ቀውስ ውስጥ ይገባል ልክ አንዳንተ በጥ,ቅርስ የታሪክ መሰረት ነው ታሪክ የሌለው ሕዝብ የማንነት ቀውስ ውስጥ ይገባል ልክ አንዳንተ - ይኸን መረዳት እንዴት ያቅተሀል,MultiParaDetox,MultiParaDetox,,True
am,Amharic,ድሮም ጉራ ብቻ ሆና ነው እንጂ እዚሁ ብትቀመጥ ኖሮ፣ ይሄ ሁላ አይደርስባትን ነበር።,ድሮም ሰዉ የሚላትን አልሰማ ብላ ነው እንጂ እዚሁ ብትቀመጥ ኖሮ፣ ይሄ ሁላ አይደርስባትን ነበር።,MultiParaDetox,MultiParaDetox,,True
am,Amharic,ጀዛብ ስውር ኣእምሮ ፎእ እኔ ምልክ ግን ኣንተ የ7ፍንጃል የጠንቛይ ልጅ እጅህን ከትግራይ ህዝብ አንሳ ኣንተ ዲቃላ የኣብነ ሻርዕ ጅላክ እሽኣላህ እግዚኣብሔር ይድፋክ,በትግራይ ህዝብ ላይ ተገቢ ያልሆኑ ነገሮችን ከመፈጸም ብተቆጠብ የተሻለ ነው፡፡,MultiParaDetox,MultiParaDetox,,True
am,Amharic,ገና ከአንከሊስ ትክትክ የልጅነት ልምሻ እና መንጋጋ ቆልፍ ሳያመልጡ ፖለቲካው ውስጥ ገቡ?,ከመችው አደገው ነው ወደ  ፖለቲካው ውስጥ የገቡት?,MultiParaDetox,MultiParaDetox,,True
am,Amharic,ግም 0 የሽግግር መንግስት ማለት ምን ማለት እንደሆነ ብታውቀው እንደዚህ አትለፋደድም ነበር ግም 0 ጌታህ የቦንገር ልጅ አብይ ያሻግረናል ታከለ ያሻግረና,የሽግግር መንግስት ማለት ምን ማለት እንደሆነ ብታውቀው እንደዚህ አትልም ነበር ፣ አለቃህ የቦንገር ልጅ አብይ ያሻግረናል ታከለ ያሻግረና,MultiParaDetox,MultiParaDetox,,True
am,Amharic,ግም ምንህ ጎንህ ተነካ ዱዝ የመቋወም መብት የመናገር መብት ስራውን የማጋለጥ መብት አለምአቀፍ ህግ የሰጠኝ ምን አገባህ ደነዝ ስለራስህ ተናገር እምቦጭ,የመቋወም መብት የመናገር መብት ስራውን የማጋለጥ መብት አለምአቀፍ ህግ የሰጠኝ አነተ ምን አገባህ,MultiParaDetox,MultiParaDetox,,True
am,Amharic,ጥሎብሽ እኔ መስማት ሴራ መስሎ ታይቶሽ ነበራ ????,የእኔ መስማት ለነገር መስሎ ታይቶሽ ነበር መሰለኝ????,MultiParaDetox,MultiParaDetox,,True
am,Amharic,ፈሪዎች ናቸው እንደእንሱ ፈሪ የለም ቲኒሽ ቂጣቸውን በጥይት መውጋት ነው ያንን ነው የለመዱት,ፍርሀት አለባቸው፤ ትንሽ እርምጃ መወሰድ አለበት ያንን ነው የለመዱት,MultiParaDetox,MultiParaDetox,,True
am,Amharic,ፍርፋሪ ጣይ ብቶንማ አፈር በልተህ ነበር።እከክ ነገር ነህ አንተን ብሎ ተሳዳቢ ደደብ።,ለትንሽ ነው ከአደጋ ያመለጥከው፤ ትርፍ ቃል መናገርም ከአንተ አይጠበቅም፡፡,MultiParaDetox,MultiParaDetox,,True
ar,Arabic,أتمنى ان كل متخلف يمسك جوال حقه يعرف ايش قاعد يشوف او ايش قاعد يكتب…,أتمنى ان كل واحد يمسك جوال حقه يعرف ايش قاعد يشوف او ايش قاعد يكتب…,MultiParaDetox,MultiParaDetox,,True
ar,Arabic,أخوي ناصر الاخوان والراعي الرسمي لهم (قردوغان) أصبحوا مكشوفين وتناقضهم أصبح كالشمس في كبد ا…,أخوي ناصر الاخوان والراعي الرسمي لهم (أردوغان) أصبحوا مكشوفين وتناقضهم أصبح كالشمس في كبد ا…,MultiParaDetox,MultiParaDetox,,True
ar,Arabic,أزمة الوفيات الناجمة عن شبائه الأفيون هي نتيجة مباشرة لسياسة الحظر الغبية والفاسدة.,أزمة الموت بالأفكار هي نتيجة مباشرة لسياسة الحظر الفاسدة.,MultiParaDetox,MultiParaDetox,,True
ar,Arabic,أقرباء ميامي و هافانا الصغار مجانين بما يكفي ليفعلوا هذا,إن أقرباء ميامي أي أهل مكة وهافانا الصغير أي أهل مكة يستطيعون ذلك أي جزاءه.,MultiParaDetox,MultiParaDetox,,True
ar,Arabic,أكثر برهانا على أن الليبرالية قد تكون اضطرابا عقليا,المزيد من البرهان على أن الليبرالية قد تكون مشكلة,MultiParaDetox,MultiParaDetox,,True
ar,Arabic,ألبرت أراكلين: لا يمكنني معرفة إذا كان منشورك ساخراً أو غبياً.,ألبرت أراكلين: لا يمكنني معرفة إذا كان منشورك ساخراً أو غير مدروس.,MultiParaDetox,MultiParaDetox,,True
ar,Arabic,أهؤلاء الأثرياء الساقطين، ماذا نفعل الآن، نفرض عليهم ضرائب؟,أهؤلاء الأثرياء، ماذا نفعل الآن، نفرض عليهم ضرائب؟,MultiParaDetox,MultiParaDetox,,True
ar,Arabic,أوه، شيء آخر، عندما يتعلق الأمر بالحياة قبل التاريخ، يا رفاق انتم أغبياء!,أوه، شيء آخر، عندما يتعلق الأمر بالحياة قبل التاريخ، يا رفاق ليستم أذكياء .,MultiParaDetox,MultiParaDetox,,True
ar,Arabic,أي شخص غبي سيكون قادراً على فهم ذلك.,أي شخص سيكون قادراً على فهم ذلك.,MultiParaDetox,MultiParaDetox,,True
ar,Arabic,إجمع مالاً بقدر ما تستطيع ، لا تكن غبي مِثل أبيك ، فإن كل شيء سهل بالمال يا بُني,إجمع مالاً بقدر ما تستطيع ، لا تكن مِثل أبيك ، فإن كل شيء سهل بالمال يا بُني,MultiParaDetox,MultiParaDetox,,True
ar,Arabic,إذا جاء أي من الأطفال الذين لا يحترمون الديمقراطية، فسيكون ذلك هجرة غبية,إذا أتى أي من الأطفال الذين لا يحترمون الديمقراطية، فإنه سيكون استنزاف سيئ.,MultiParaDetox,MultiParaDetox,,True
ar,Arabic,إذاً، من الأحمق الآن؟,إذاً، من الشخص غير المطلع الآن؟,MultiParaDetox,MultiParaDetox,,True
ar,Arabic,إذاً، ميركوسكي وسوليفان كانوا حثالة لسنوات.,إذاً، ميركوسكي وسوليفان كانوا غير جيدين لسنوات.,MultiParaDetox,MultiParaDetox,,True
ar,Arabic,إن أكثر الناس لا يكترثون بما يظن هؤلاء الأغبياء النرجسيون .,إن أكثر الناس لا يبالون بما يظن هؤلاء النرجسيون .,MultiParaDetox,MultiParaDetox,,True
ar,Arabic,إنه يعمل مع روسيا للقضاء على أمريكا والمهرجين مثلك جاهلين جدا ليلاحظوا ذلك,إنه يعمل مع روسيا للقضاء على أمريكا وأنت لم تلاحظ,MultiParaDetox,MultiParaDetox,,True
ar,Arabic,إنهم يحاولون أن يجعلوك تتغوط في بنطالك كل مرة تسمع أسمهم,انهم يحاولون اخافتك في كل مرة تسمع اسمهم,MultiParaDetox,MultiParaDetox,,True
ar,Arabic,إني أقرأ ببطيء عن حرب فيتنام أاللعينة .,أقرأ، ببطء، mcmasters إهمال الواجب حول حرب فيتنام.,MultiParaDetox,MultiParaDetox,,True
ar,Arabic,ابتلشنه كل ساقط ولاقط قام يفتي ويتكلم عن المجتمع وعن الناس اذا بيئتك وصخه لاتعمم على الناس,ابتلشنه كل شخص قام يفتي ويتكلم عن المجتمع وعن الناس اذا بيئتك سيئة لاتعمم على الناس,MultiParaDetox,MultiParaDetox,,True
ar,Arabic,اجل الاشكال هذه تفوز يلعن ابوك يازمن وابوك يافساد 😡,اجل الاشكال هذه تفوز ما شاءالله على هيك ازمن وابوك يافساد 😡,MultiParaDetox,MultiParaDetox,,True
ar,Arabic,احمد ربك انا اصحى من النوم المطر يخلص الله يلعنك 💔,احمد ربك انا اصحى من النوم المطر يخلص الله عليك 💔,MultiParaDetox,MultiParaDetox,,True
ar,Arabic,استغفر الله ربي واتوب اليك 💔 وين ترحون من الله يل السياسين الا لعنة الله عليكم 💔 💔,استغفر الله ربي واتوب اليك 💔 وين ترحون من الله يل السياسين الا حسبي الله عليكم 💔 💔,MultiParaDetox,MultiParaDetox,,True
ar,Arabic,استمتع بكونك جبانا على ما أظن,استمتع بكونك رجلا سيئا على ما أظن,MultiParaDetox,MultiParaDetox,,True
ar,Arabic,اشرف وانزه من ابوك يا ابن سته وستين زنوه,اشرف وانزه من ابوك يا ابن سته وستين محترم,MultiParaDetox,MultiParaDetox,,True
ar,Arabic,افهم تراك تعتبر زنجي بينهم,افهم تراك تعتبر أسمر بينهم,MultiParaDetox,MultiParaDetox,,True
ar,Arabic,الاغتصاب هو اعتداء جنسي بواسطة أي جنس، بغض النظر عن وجود قضيب أو عدمه!,الاغتصاب هو اعتداء جنسي بواسطة أي جنس!,MultiParaDetox,MultiParaDetox,,True
ar,Arabic,الرجاء تضمين كل الحماقات التي يفلت منها الحزب الديموقراطي أيضاً.,الرجاء تضمين كل الأمور التي يفلت منها الحزب الديموقراطي أيضاً.,MultiParaDetox,MultiParaDetox,,True
ar,Arabic,السبب الوحيد لهذا الغباء هو أنها على أرضها الفيدرالية,السبب الوحيد الذي يسمح بحدوث هذا هو أنها أرض فيدرالية,MultiParaDetox,MultiParaDetox,,True
ar,Arabic,العراقيين ديبينون شكد همة انانيين من خلال رفضهم لقانون يحمي العائلة كلها مو بس البنية وشكد تفكيرهم متخلف ومحدود!!,العراقيين ديبينون شكد همة انانيين من خلال رفضهم لقانون يحمي العائلة كلها مو بس البنية وشكد تفكيرهم ضيق ومحدود!!,MultiParaDetox,MultiParaDetox,,True
ar,Arabic,الفقراء هم أغبياء مقرفين لا يستحقون الرعاية الصحية أبداً، أليس كذلك؟,الفقراء لا يستحقون الحصول على الرعاية الصحية,MultiParaDetox,MultiParaDetox,,True
ar,Arabic,اللعنة اعتقدت أن هذا التعليق كان ضجيجا عاديا,ظننت أن هذا التعليق هو الضجيج المعتاد,MultiParaDetox,MultiParaDetox,,True
ar,Arabic,اللعنة، ربما نقوم بنسف ذلك حقًا خلال أسبوع.,ربما نقوم بنسف ذلك حقًا خلال أسبوع.,MultiParaDetox,MultiParaDetox,,True
ar,Arabic,الله يلعن ابوك حكم اقسم بالله واضح الفاول جعلك تتمنى الموت ولا تشوفه,يا لك من حكم اقسم بالله واضح الفاول جعلك تتمنى الموت ولا تشوفه,MultiParaDetox,MultiParaDetox,,True
ar,Arabic,الله يلعن ابوك قعدت اقرا قلت الولد بيسدح لهم الحين تغريدتين يجاوب,قعدت اقرا قلت الولد بيسدح لهم الحين تغريدتين يجاوب,MultiParaDetox,MultiParaDetox,,True
ar,Arabic,اللهم إنا نعوذ بك من الخبث و الخبائث ما بقى غير هالاشكال تملي علينا اوامرها لعنة الله عليكم,اللهم إنا نعوذ بك من الخبث و الخبائث ما بقى غير هالاشكال تملي علينا اوامرها حسبي الله عليكم,MultiParaDetox,MultiParaDetox,,True
ar,Arabic,اللي يسب القصيم كمنطقه عشان هالبزارين ابن زنوه,اللي يسب القصيم كمنطقه عشان هالبزارين مو محترم,MultiParaDetox,MultiParaDetox,,True
ar,Arabic,الناخبون الأغبياء حقا هنا كيف يمكن تفسير جاستن ترودو على أنه رئيس وزراء ؟,الناخبون غير المناسبين حقا هنا كيف يمكن تفسير القاضي ترودو على أنه رئيس الوزراء؟,MultiParaDetox,MultiParaDetox,,True
ar,Arabic,الناس ينشرون لماذا لا يفعل الملاعين هذا وذاك، مزعج.,الناس ينشرون لماذا لا يفعل بعضهم هذا وذاك، مزعج.,MultiParaDetox,MultiParaDetox,,True
ar,Arabic,الي متي سيظل العالم صامت على إجرام قردوغان في ليبيا,الي متي سيظل العالم صامت على أعمال أردوغان في ليبيا,MultiParaDetox,MultiParaDetox,,True
ar,Arabic,انا حرفيا بكيت لمن قالت لي رفيف سالفتها طيب دموعي راحت على الفاضي يلعن ابوك مايضحك انك تاخذين,انا حرفيا بكيت لمن قالت لي رفيف سالفتها طيب دموعي راحت على الفاضي، حرام عليك مايضحك انك تاخذين,MultiParaDetox,MultiParaDetox,,True
ar,Arabic,انت لحقت درست الاتفاقيه وقست حق مصر اد ايه ولا قردوغان عيطلك . خليك فى حالك.,انت لحقت درست الاتفاقيه وقست حق مصر اد ايه ولا أردوغان عيطلك . خليك فى حالك.,MultiParaDetox,MultiParaDetox,,True
ar,Arabic,انت مثل عمك قردوغان يتكلم بالاسلام ويسمح بالدعارة ويسمح للمثلين بممارسة الرذيلة ويتاجر مع اس…,انت مثل عمك أردوغان يتكلم بالاسلام ويسمح بالدعارة ويسمح للمثلين بممارسة الرذيلة ويتاجر مع اس…,MultiParaDetox,MultiParaDetox,,True
ar,Arabic,اول مرة اشوف قمر على هيئة بشر 🤦 🏻‍♂️ ❤ ️,اول مرة اشوف قمر على هيئة بشر,MultiParaDetox,MultiParaDetox,,True
ar,Arabic,ببساطة، الأشخاص مثلك يعتبرون من الحيوانات .,ببساطة، الأشخاص مثلك يعتبرون من الساذجين .,MultiParaDetox,MultiParaDetox,,True
ar,Arabic,بدون ذكر الأغبياء مثل بيلوسي,الناس مثل بيلوسي ليسوا جيدين,MultiParaDetox,MultiParaDetox,,True
ar,Arabic,بس مش كل البنات شراميط زيها كدا,بس مش كل البنات زيها كدا,MultiParaDetox,MultiParaDetox,,True
ar,Arabic,بس ملزم بكل اتفاقيات قردوغان,بس ملزم بكل اتفاقيات أردوغان,MultiParaDetox,MultiParaDetox,,True
ar,Arabic,بعض الأغبياء وضعوا ذلك لحجب الحرب,بعض الناس وضعوا ذلك لحجب الحرب.,MultiParaDetox,MultiParaDetox,,True
ar,Arabic,بوجود الڤار الغى الهدف اقسم بالله كذا كفاايه يلعن امك من حكم,بوجود الڤار الغى الهدف اقسم بالله كذا كفاايه حرام عليك يا حكم,MultiParaDetox,MultiParaDetox,,True
ar,Arabic,تأكدوا هل لاعب كرة قدم والا كرة قدم أمريكية.. لأنهم يجون اقزام زي هذا,تأكدوا هل لاعب كرة قدم والا كرة قدم أمريكية.. لأنهم يجون قصار زي هذا,MultiParaDetox,MultiParaDetox,,True
ar,Arabic,تخيل تقطع وريدك في بانيو الحمام عشان سوسو قالت عليك يا دبة وهههههههه,تخيل تقطع وريدك في بانيو الحمام عشان سوسو قالت عليك يا سمينة وهههههههه,MultiParaDetox,MultiParaDetox,,True
ar,Arabic,ترا العرش حقي بأوفرواتش انهدم وطاح وأنتي السبب عطيتك الشعلة وطفيتيها المفروض ترجعين لي عرشي يلعن أبوك,ترا العرش حقي بأوفرواتش انهدم وطاح وأنتي السبب عطيتك الشعلة وطفيتيها المفروض ترجعين لي عرشي يرحم أبوك,MultiParaDetox,MultiParaDetox,,True
ar,Arabic,تعبت من أكاذيبك الخسيسة,تعبت من أكاذيبك,MultiParaDetox,MultiParaDetox,,True
ar,Arabic,جاء رجل الى حكيم ساله كيف اصبح غنيا؟ فكان رد الحكيم ان رماه بجزمة سكتشر وقال الله يلعن ابوك انا لو اعرف كان ماصرت,جاء رجل الى حكيم ساله كيف اصبح غنيا؟ فكان رد الحكيم ان رماه بجزمة سكتشر وقال انا لو اعرف كان ماصرت,MultiParaDetox,MultiParaDetox,,True
ar,Arabic,جماعة السلطة عم تحكي عن شغب وتكسير بالمظاهرة اليوم، شغب وتكسير أكبر من إنفجار ٤ آب يا شراميط؟ سؤال بس 🤷‍♂️,جماعة السلطة عم تحكي عن شغب وتكسير بالمظاهرة اليوم، شغب وتكسير أكبر من إنفجار ٤ آب؟ سؤال بس 🤷‍♂️,MultiParaDetox,MultiParaDetox,,True
ar,Arabic,حان الوقت لهؤلاء المهرجين للتقاعد.,حان الوقت لهؤلاء المنفذين للتقاعد.,MultiParaDetox,MultiParaDetox,,True
ar,Arabic,حبيبي ،،، الله حسيبك ... اذا باعوا ارضهم كان هم اغنى اغنياء العالم يا متخلف ... ايش يج…,حبيبي ،،، الله حسيبك ... اذا باعوا ارضهم كان هم اغنى اغنياء العالم ... ايش يج…,MultiParaDetox,MultiParaDetox,,True
ar,Arabic,دانتو شوية بنات شراميط اقسم بالله ي كلاب الفولو ي عرر,دانتو شوية بنات اقسم بالله ي بتوع الفول,MultiParaDetox,MultiParaDetox,,True
ar,Arabic,دوري هبايل ثالث هدافين الابطال التاريخي وش يتميز عنه لوكاكو,دوري مبتدئين ثالث هدافين الابطال التاريخي وش يتميز عنه لوكاكو,MultiParaDetox,MultiParaDetox,,True
ar,Arabic,سبحان الله كأنك تتكلم عن نفسك فيه احد ما أحتل مصر يابهيمه وشارع الهرم يشه…,سبحان الله كأنك تتكلم عن نفسك فيه احد ما أحتل مصر وشارع الهرم يشه…,MultiParaDetox,MultiParaDetox,,True
ar,Arabic,سويت لاختي بطاقت تخرج وتعبت عليها وبالاخير قالت لحجيه م ابيها وراحت تسوي لنفسها اوكي حبي الله ياخدك😢😢💓💓,سويت لاختي بطاقت تخرج وتعبت عليها وبالاخير قالت م ابيها وراحت تسوي لنفسها اوكي حبي😢😢💓💓,MultiParaDetox,MultiParaDetox,,True
ar,Arabic,شوفي لا تخليني ادعسك الحين,شوفي لا تخليني أزعلك الحين,MultiParaDetox,MultiParaDetox,,True
ar,Arabic,على الاقل بس يأدون يا شراميط تصويتنا مايروح عالفاضي,على الاقل بس يأدون يا ناس تصويتنا مايروح عالفاضي,MultiParaDetox,MultiParaDetox,,True
ar,Arabic,عمكم ترامب يلي ضربه يا خولات و ليس انتم 🤣 🤣,عمكم ترامب يلي ضربه و ليس انتم 🤣 🤣,MultiParaDetox,MultiParaDetox,,True
ar,Arabic,عيب تقارن دوري هبلان بجنه كره القدم,عيب تقارن دوري مبتدئين بجنه كره القدم,MultiParaDetox,MultiParaDetox,,True
ar,Arabic,قزم وانتهى النقااش معك الى الأبد,انتهى النقااش معك الى الأبد,MultiParaDetox,MultiParaDetox,,True
ar,Arabic,كس امكم مافيه احد يجاوبني,مافيه احد يجاوبني,MultiParaDetox,MultiParaDetox,,True
ar,Arabic,كلي خرا شراميط ما بيستردوا شي حتى شرفهم,اسكتي ما بيستردوا شي حتى شرفهم,MultiParaDetox,MultiParaDetox,,True
ar,Arabic,كم فلسطيزي بياكل من خيرات السعودية اللي مش عاجبك علاقاتها الدولية؟,كم فلسطيني بياكل من خيرات السعودية اللي مش عاجبك علاقاتها الدولية؟,MultiParaDetox,MultiParaDetox,,True
ar,Arabic,كيفيك يا زنجي — انت عارف كم الساعه هسا؟,كيفيك يا اسمر — انت عارف كم الساعه هسا؟,MultiParaDetox,MultiParaDetox,,True
ar,Arabic,كييف بلنتي ذي يلعن امك ياحكمم,كييف بلنتي ذي يرحم امك ياحكمم,MultiParaDetox,MultiParaDetox,,True
ar,Arabic,لئيم، بخيل، وقح، ضيق الأفق، ناقص اللياقة.,غير لطيف، غير سخي، وقح، ضيق الأفق، ناقص اللياقة.,MultiParaDetox,MultiParaDetox,,True
ar,Arabic,لا أريد عناقا من قزم صغير مخيف مثلك,لا، أنا لست بحاجة إلى عناق منك,MultiParaDetox,MultiParaDetox,,True
ar,Arabic,لا انا جد جايه ادعسك,لا انا جد جايه عشان أعلمك,MultiParaDetox,MultiParaDetox,,True
ar,Arabic,لا بد أن يكون لك أعداء آخرون الآن أسدي لنفسك معروفا واغرب عن وجهي,يجب أن يكون لديك بعض الأعداء الآخرين، الآن تفعل لنفسك معروفا وتذهب.,MultiParaDetox,MultiParaDetox,,True
ar,Arabic,لا يهمني قواعدك اللعينة .,لا يهمني قواعدك.,MultiParaDetox,MultiParaDetox,,True
ar,Arabic,لا يوجد زعيم بالعالم يستخف بالشعوب العربيه مثل اردوغان. ياقردغان بدلاً من ان تسحب سفيرك بالامارات لماذا لاتسحب سفير…,لا يوجد زعيم بالعالم يستخف بالشعوب العربيه مثل اردوغان. ياأردغان بدلاً من ان تسحب سفيرك بالامارات لماذا لاتسحب سفير…,MultiParaDetox,MultiParaDetox,,True
ar,Arabic,لعنة الله عليكم بعتم الأرض والعرض لليهود كيف ستقفون أمام الله,حسبي الله بعتم الأرض والعرض لليهود كيف ستقفون أمام الله,MultiParaDetox,MultiParaDetox,,True
ar,Arabic,لعنة الله عليكم دامك تنشرون الاخبار الكاذبه والرعب بين الناس,حسبي الله دامك تنشرون الاخبار الكاذبه والرعب بين الناس,MultiParaDetox,MultiParaDetox,,True
ar,Arabic,للاسف لدينا في الخليج بعض من الكتاب والدكاتره والمحللين كالبغال والجحاش ينهق ويهرف بما لايعرف,للاسف لدينا في الخليج بعض من الكتاب والدكاتره والمحللين جهلة لا يفقهون ماذا يقولون,MultiParaDetox,MultiParaDetox,,True
ar,Arabic,لهذا السبب تخليت عن التدريس بسبب المتخلفين أمثالك,لهذا تخليت عن التدريس بسبب شخص مثلك,MultiParaDetox,MultiParaDetox,,True
ar,Arabic,ليبيا وتركيا يد وحدة وموتو بغيظكم يا مصاروة يامتهزئين من اتيوبيا وباذن الله العلم اللليبي ح يرفع فوق…,ليبيا وتركيا يد وحدة وموتو بغيظكم يا مصريين يا متهزئين من اتيوبيا وباذن الله العلم اللليبي ح يرفع فوق…,MultiParaDetox,MultiParaDetox,,True
ar,Arabic,ليس لديك الصدق ولا النضج للاعتراف بأنك قلت شيئا غبيا.,ليس لديك الصدق ولا النضج لتعترف بأنك قلت شيئا خاطئا,MultiParaDetox,MultiParaDetox,,True
ar,Arabic,ليش بتنطرب وبتسكر لمن بتجيب سيرة الحذاء يا زلمي مع إن كل واحد بفش خلقو ع ذوقو حسب مفهومو ثقافتو وعقلو…,ليش بتنطرب وبتسكر لمن بتجيب سيرة هذا الشخص يا زلمي مع إن كل واحد بفش خلقو ع ذوقو حسب مفهومو ثقافتو وعقلو…,MultiParaDetox,MultiParaDetox,,True
ar,Arabic,ليفا ممكن بس ايمبابي؟؟😂😂 عشان سجل هاتريك في برشلونة وكم هدف في هبايل فرنسا!,ليفا ممكن بس ايمبابي؟؟😂😂 عشان سجل هاتريك في برشلونة وكم هدف في مبتدئين فرنسا!,MultiParaDetox,MultiParaDetox,,True
ar,Arabic,ليه الستات بقى أغلبهم شراميط دي بقي حبيبتي,ليه الستات بقى أغلبهم ساقطات دي بقي حبيبتي,MultiParaDetox,MultiParaDetox,,True
ar,Arabic,ليه انت ما عندك حمام؟ او بعدك بتعملها تحت الشجرة وبتمسح بالحجرة؟! لما قلت عنك غبي عنجد ما غل…,ليه انت ما عندك حمام؟ او بعدك بتعملها تحت الشجرة وبتمسح بالحجرة؟! لما قلت عنك ساذج عنجد ما غل…,MultiParaDetox,MultiParaDetox,,True
ar,Arabic,ما ترجع لو كنت مارق من صوب البور مش كان احسن,كس اختك ما ترجع لو كنت مارق من صوب البور مش كان احسن,MultiParaDetox,MultiParaDetox,,True
ar,Arabic,ما حدا احسن من حدا كلهن منايك وولاد قحبة 🙏,ما حدا احسن من حدا 🙏,MultiParaDetox,MultiParaDetox,,True
ar,Arabic,مائة ألف شخص دفعوا المال لمشاهدة هذه القمامة.,مائة ألف شخص دفعوا المال لمشاهدة هذا المحتوى,MultiParaDetox,MultiParaDetox,,True
ar,Arabic,ماشي يا اقرع مقبوله منك,ماشي مقبوله منك,MultiParaDetox,MultiParaDetox,,True
ar,Arabic,متخلف ذا يحب يثير الجدل على ولا شي,غير مدرك ذا يحب يثير الجدل على ولا شي,MultiParaDetox,MultiParaDetox,,True
ar,Arabic,مستحيل الشعب الفلسطيني كذا انت لاتمثل الشعب الفلسطيني يا حمار,مستحيل الشعب الفلسطيني كذا انت لاتمثل الشعب الفلسطيني,MultiParaDetox,MultiParaDetox,,True
ar,Arabic,مش اي حد يقولك بحبك يبقي بيحبك فعلا متبقاش غبي.,مش اي حد يقولك بحبك يبقي بيحبك فعلا متبقاش سطحي.,MultiParaDetox,MultiParaDetox,,True
ar,Arabic,مصيرنا ندعسكم في كل مكان ولو كانت مواجه مباشره لاعطيناكم دروس…,صيرنا نغلبكم في كل مكان ولو كانت مواجه مباشره لاعطيناكم دروس…,MultiParaDetox,MultiParaDetox,,True
ar,Arabic,مضحك جداً أمر بعض الوافدين ومن ضمنهم مصاروة ! يعايرون بلادنا بعلاقات صداقتها المتينة مع أميركا وهم يحلمون بالسفر,مضحك جداً أمر بعض الوافدين ومن ضمنهم مصريين! يعايرون بلادنا بعلاقات صداقتها المتينة مع أميركا وهم يحلمون بالسفر,MultiParaDetox,MultiParaDetox,,True
ar,Arabic,مع اني متحمسة اشوفه اقرع ولابس عسكري ومدعوس تحت الشمس,مع اني متحمسة اشوفه حالق ولابس عسكري و تحت الشمس,MultiParaDetox,MultiParaDetox,,True
ar,Arabic,معلش سامحنا،احنا شراميط بنعمل افراح مختلطة من زمان,معلش سامحنا،احنا بنعمل افراح مختلطة من زمان,MultiParaDetox,MultiParaDetox,,True
ar,Arabic,مفش منه كلام هذا ياما قلنا شكلك دبه ومصرش شي يصير بلوك بعدها,مفش منه كلام هذا ياما قلنا شكلك سمينة ومصرش شي يصير بلوك بعدها,MultiParaDetox,MultiParaDetox,,True
ar,Arabic,نحن وقعنا ضحية بين ايديكم انت وبقية الاحزاب القذرة لعنة الله عليكم,نحن وقعنا ضحية بين ايديكم انت وبقية الاحزاب حسبي الله عليكم,MultiParaDetox,MultiParaDetox,,True
ar,Arabic,نهني الأطفال والابرياء على مقتل هالمجرم الخسيس كفو يا ترامب 💪,نهني الأطفال والابرياء على مقتل هالمجرم كفو يا ترامب 💪,MultiParaDetox,MultiParaDetox,,True
ar,Arabic,هذا أطول مني ب ٤٦ سنتمتر وأنا أشوف اللي أقصر مني ب ١٠ سنتمتر قزم أجل هذا وش يشوفني🙄,هذا أطول مني ب ٤٦ سنتمتر وأنا أشوف اللي أقصر مني ب ١٠ سنتمتر قصير أجل هذا وش يشوفني🙄,MultiParaDetox,MultiParaDetox,,True
ar,Arabic,هذا الرجل يعرف كيف يقتل الشيوعيين مثل لا أحد آخر!,هذا الرجل يعرف كيف يتعامل مع الشيوعيين مثل لا أحد آخر!,MultiParaDetox,MultiParaDetox,,True
ar,Arabic,هذا السلام اللي تتكلمون عنه ؟ لعنة الله عليكم يا خونة,هذا السلام اللي تتكلمون عنه ؟ حسبي الله عليكم,MultiParaDetox,MultiParaDetox,,True
ar,Arabic,هذا كل مايهمكم لعنة الله عليكم جميعا البلاد تغرق وأنتم مشغولين بمواقع التواصل,هذا كل مايهمكم البلاد تغرق وأنتم مشغولين بمواقع التواصل,MultiParaDetox,MultiParaDetox,,True
ar,Arabic,هذا واحد قليل بحقه الحذاء,هذا واحد قليل بحقه الشتيمة,MultiParaDetox,MultiParaDetox,,True
ar,Arabic,ههههه ٧٠سنه والاموال والتسليح يرسل لحكومة فلس وياسر عرفات يرفض اي صلح لحتى ماقال له حسني مبارك وقع يا…,ههههه ٧٠سنه والاموال والتسليح يرسل لحكومة فلسطين وياسر عرفات يرفض اي صلح لحتى ماقال له حسني مبارك وقع يا…,MultiParaDetox,MultiParaDetox,,True
ar,Arabic,هههههه وانا بقول حل يانجس انت مو قد النقاش ولا السجال تتكلم وتتهم قيادتي وانت ما انت إلا…,هههههه وانا بقول حل يا رجل انت مو قد النقاش ولا السجال تتكلم وتتهم قيادتي وانت ما انت إلا…,MultiParaDetox,MultiParaDetox,,True
ar,Arabic,هو الاسماعيلى ده فريق متخلف يعنى ولا ايه يعنى ماهو عادى لو المصرى راح الماتش وعداكم كلكم ما تولعوا يعنى ماهو خايف ع…,هو الاسماعيلى ده فريق مبتدئ يعنى ولا ايه يعنى ماهو عادى لو المصرى راح الماتش وعداكم كلكم ما تولعوا يعنى ماهو خايف ع…,MultiParaDetox,MultiParaDetox,,True
ar,Arabic,هي قزمة وأنا قزم شنو بنجيب غير الأقزام شوف لي وحدة طولها يكون ٣ متر وعشرين سنتيمتر،، 🥺,هي قصيرة وأنا أقصر شنو بنجيب غير أولاد قصار شوف لي وحدة طولها يكون ٣ متر وعشرين سنتيمتر،، 🥺,MultiParaDetox,MultiParaDetox,,True
ar,Arabic,هي كانت سليطة جدا على المنصة!,كانت غير لائقة على منصة الشهود.,MultiParaDetox,MultiParaDetox,,True
ar,Arabic,وأنت ذكي مثل شخص لديه فم كبير وعقل صغير وطفولي.,وأنت طفل صغير وذكي,MultiParaDetox,MultiParaDetox,,True
ar,Arabic,والله يا استاذ صلاح انك تستنقص من مكانتك لما ترد على أمثال هذا الواضح من حسابه انه تكفيري ومشبوه,والله يا استاذ صلاح انك تستنقص من مكانتك لما ترد على أمثال هذا الواضح من حسابه انه متشدد مثير للقلق,MultiParaDetox,MultiParaDetox,,True
ar,Arabic,وانتم ماذا فعلت عمائمكم يا أحفاد المجوس,وانتم ماذا فعلت عمائمكم يا أحفاد الشيعة,MultiParaDetox,MultiParaDetox,,True
ar,Arabic,وعمها يقول اخوك ممرض و محافظ عن صلاته م رح يكون متحرش و تغريدات عمها تفشللل تفكيره مره متخلف لدرجه…,وعمها يقول اخوك ممرض و محافظ عن صلاته م رح يكون متحرش و تغريدات عمها تفشللل تفكيره مره ساذج لدرجه…,MultiParaDetox,MultiParaDetox,,True
ar,Arabic,وماذا قدم في مشوار البطولة يا عبقرينوا سوي مباراة واحده كانت هزيمة وحيدة يا جحش ؟ ولكني ساحترمك,وماذا قدم في مشوار البطولة يا عبقرينوا سوي مباراة واحده كانت هزيمة وحيدة؟ ولكني ساحترمك,MultiParaDetox,MultiParaDetox,,True
ar,Arabic,وهل الشريف يسمع لكلام شراميط من هي اليسا,وهل الشريف يسمع لكلام ساقطات من هي اليسا,MultiParaDetox,MultiParaDetox,,True
ar,Arabic,يا بقرة واحنا فين رحنا؟,واحنا وين رحنا؟,MultiParaDetox,MultiParaDetox,,True
ar,Arabic,يا متخلف الهدايه بيد الله يمكن ربي يهديهم باخر لحظه…,الهدايه بيد الله يمكن ربي يهديهم باخر لحظه…,MultiParaDetox,MultiParaDetox,,True
ar,Arabic,ياصاحب الحساب تراك مصختها واضح انك تبي تسوي اثارة جدل بين الشعب الفلسطيني و الشعب السعودي اركد لا احطهه فيك,ياصاحب الحساب تراك زودتها واضح انك تبي تسوي اثارة جدل بين الشعب الفلسطيني و الشعب السعودي اركد,MultiParaDetox,MultiParaDetox,,True
ar,Arabic,يبدو أن قرار زوبيل لا يهم هذا الجاهل.,يبدو أن قرار زوبيل لا يهم هذا الشخص.,MultiParaDetox,MultiParaDetox,,True
ar,Arabic,يبدو أنه يزدهر على هذه الأشياء وكثيرا ما يجعل وسائل الإعلام تبدو مثل الحمقى.,يبدو أنه يزدهر على هذه الأمور وغالبًا ما يجعل وسائل الإعلام تبدو غير حكيمة.,MultiParaDetox,MultiParaDetox,,True
ar,Arabic,٣ مليون زنجي يقومون ب تشي تشي,٣ مليون إفريقي يقومون ب تشي تشي,MultiParaDetox,MultiParaDetox,,True
de,German,#HETZERIN 💩@USER_0💩 ⛔ #GEBLOCKT ! ⛔ WEG ist diese KRANKE deutschen - feindliche Person ! ⚠,#HETZERIN @USER_0 ⛔ #GEBLOCKT ! ⛔ WEG ist diese deutschen - feindliche Person ! ⚠,MultiParaDetox,MultiParaDetox,,True
de,German,...sie wird diese 4jahre noch absitzen und den befällt sie der Alzheimer..... Und wenn doch nicht dann auch egal...wir sind trotzdem am Arsch,...sie wird diese 4jahre noch absitzen und den befällt sie der Alzheimer..... Und wenn doch nicht dann auch egal...wir sind trotzdem in Schwierigkeiten,MultiParaDetox,MultiParaDetox,,True
de,German,"1. Mit ihr euch meine ich diese ganzen intoleranten voll mit hasserfüllten versagern ..2 . ich will mich nicht nach euren wünschen und Vorstellungen integrieren , punkt aus !","1. Mit ihr euch meine ich diese ganzen intoleranten voll mit hasserfüllten Menschen ..2 . ich will mich nicht nach euren wünschen und Vorstellungen integrieren , punkt aus !",MultiParaDetox,MultiParaDetox,,True
de,German,100% der AfD scheißt auf die Menschenrechte,100% der AfD sind die Menschenrechte egal,MultiParaDetox,MultiParaDetox,,True
de,German,11jahre für das Schwein ist schon ok...alles besser als Bewährung...,11jahre für den Mann ist schon ok...alles besser als Bewährung...,MultiParaDetox,MultiParaDetox,,True
de,German,@USER_0_Hoffenheim @USER_0 Mit besseren Kommentatoren Pinkeln gehen aber das Urinal nicht treffen,@USER_0_Hoffenheim @USER_0 Mit besseren Kommentatoren das Ziel verfehlen,MultiParaDetox,MultiParaDetox,,True
de,German,AUF DAS DER FUROR TEUTONICUS ERWACHT !zurhöllemitmerkel !,AUF DAS DER FUROR TEUTONICUS ERWACHT !wegmitmerkel !,MultiParaDetox,MultiParaDetox,,True
de,German,"Ach du Scheisse, wer mit Nahles in die Zukunft geht kann auch gleich den Stegner dazu packen 😂😂😂😂😂😂😂😂😂😂😂😂😂😂😂😂","Ach du grüne Neune, wer mit Nahles in die Zukunft geht kann auch gleich den Stegner dazu packen 😂😂😂😂😂😂😂😂😂😂😂😂😂😂😂😂",MultiParaDetox,MultiParaDetox,,True
de,German,"Ach ja stimmt, Eure bekloppte Religion...","Ach ja stimmt, Eure Religion...",MultiParaDetox,MultiParaDetox,,True
de,German,"Alternative: Frauen bekommen von alleine ihren Hintern hoch und geben nicht immerzu Männern die Schuld, wenn ihnen irgendetwas nicht passt.","Alternative: Frauen schaffen es, sich aufzuraffen und geben nicht den Männern die Schuld, wenn ihnen irgendetwas nicht passt.",MultiParaDetox,MultiParaDetox,,True
de,German,"An Merkel, Gauck, Flintenuschi &amp; Co: ""Wer Krieg predigt, ist des Teufels Feldprediger"" (altes Deutsches Sprichwort) 😜","An Merkel, Gauck, Von der Leyen & Co: ""Wer Krieg predigt, ist des Teufels Feldprediger"" (altes Deutsches Sprichwort) 😜",MultiParaDetox,MultiParaDetox,,True
de,German,Auch ein Merkel Vasall der das sagen muss was diese Volksverräterin vorgibt!!! Lügenpresse!!!,Auch ein Merkel Anhänger der das sagen muss was diese Frau vorgibt!!! unehrliche Presse!!!,MultiParaDetox,MultiParaDetox,,True
de,German,Auf die Bewährung schei.......ss ich!,Die Bewährung ist mir egal!,MultiParaDetox,MultiParaDetox,,True
de,German,"Behörden WARTEN auf mehrere Morde, von diesem Abschaum!","Behörden WARTEN auf mehrere Morde, von diesen Leuten!",MultiParaDetox,MultiParaDetox,,True
de,German,Bei diesen Kölner Staatsoberhäupter sind die Kölner verloren...oder verständlicher:...voll im Arsch..!!,Bei diesen Kölner Staatsoberhäupter sind die Kölner verloren...!!,MultiParaDetox,MultiParaDetox,,True
de,German,"Das Fette Schwein @USER_0 Gabriel Redet wieder auf ,alles vor der Wahl 2017 😂😂😂😂😂","@USER_0 Gabriel Redet wieder auf ,alles vor der Wahl 2017 😂😂😂😂😂",MultiParaDetox,MultiParaDetox,,True
de,German,"Das Pflaster müsste über sein dummes Maul reichen,😷","Das Pflaster müsste über seinen Mund reichen,😷",MultiParaDetox,MultiParaDetox,,True
de,German,Das darf man bei den Grünen Kinderfi....n nicht so eng sehen! 😎,Das darf man bei den Grünen nicht so eng sehen! 😎,MultiParaDetox,MultiParaDetox,,True
de,German,Das haben wir dem kleinen Wicht zu verdanken...😃,Das haben wir dieser kleinen Person zu verdanken...😃,MultiParaDetox,MultiParaDetox,,True
de,German,Das ist die Folge wenn Schwachmaten wie Laschet und Konsorten Politik machen! 😨 👎,Das ist die Folge wenn Leute wie Laschet und Konsorten Politik machen! 😨 👎,MultiParaDetox,MultiParaDetox,,True
de,German,Das ist ein Spinner der Türken hasst,Das ist eine Person die Türken nicht mag,MultiParaDetox,MultiParaDetox,,True
de,German,"Das ist eine Moslem-Schlampe , die es hoffentlich noch bereuen wird .Ich habe kein Mitleid nur Schadenfreude!","Das ist eine Muslima, die es hoffentlich noch bereuen wird .Ich habe kein Mitleid nur Schadenfreude!",MultiParaDetox,MultiParaDetox,,True
de,German,Das meiste geht eh wieder für die Asylanten drauf 🤮,Das meiste geht eh wieder für die Asylbewerber drauf,MultiParaDetox,MultiParaDetox,,True
de,German,Der Fettsack soll mal besser den Kopf zu machen.,Der Mann soll mal besser den Kopf zu machen.,MultiParaDetox,MultiParaDetox,,True
de,German,Der IS eroberte in 100ten Städten auch die Ämter mit Mio Pässen u. verblödete Beamte wundern sich über Zig Identitäten von Krimigranten 😂😂😂,Der IS eroberte in 100ten Städten auch die Ämter mit Mio Pässen u. Beamte wundern sich über Zig Identitäten von Immigranten 😂😂😂,MultiParaDetox,MultiParaDetox,,True
de,German,Der Papst würde auch den Arsch des Teufels küssen wenn es ihm nützt,Der Papst würde auch alles tun wenn es ihm nützt,MultiParaDetox,MultiParaDetox,,True
de,German,Der Wechsel auf neue Modelle lässt die alten Diesel nicht. verschwinden. Das ist ein saudummer Vorschlag. Die Schiffe. versauen die Luft mehr,Der Wechsel auf neue Modelle lässt die alten Diesel nicht. verschwinden. Das ist kein guter Vorschlag. Die Schiffe. belasten die Luft mehr,MultiParaDetox,MultiParaDetox,,True
de,German,"Der Weitertransport von ""Schiffbrüchigen"" nach Europa ist ein. Verbrechen an den Italienern, die dann dafür zahlen müssen. Sauerei.","Der Weitertransport von ""Schiffbrüchigen"" nach Europa ist ein. Verbrechen an den Italienern, die dann dafür zahlen müssen.",MultiParaDetox,MultiParaDetox,,True
de,German,Der dumme Deutsche hat gewählt er läuft freiwillig zur Schlachtbank.. Armes dummes Deutschland.,Der Deutsche hat gewählt er läuft freiwillig zur Schlachtbank.. Armes Deutschland.,MultiParaDetox,MultiParaDetox,,True
de,German,"Die Mehrzahl=Asylschmarotzer, Verbrecher, Terroristen, Feiglinge","Die Mehrzahl=Asylsuchende, Verbrecher, Terroristen",MultiParaDetox,MultiParaDetox,,True
de,German,Die einzige Frage ist: Lassen sich die #Österreicher wieder von der #Kern-#Kurz-affinen #MSM-#Lügenbande verarschen oder nicht?,Die einzige Frage ist: Lassen sich die #Österreicher wieder von der #Kern-#Kurz-affinen #MSM-#bande hinters Licht führen oder nicht?,MultiParaDetox,MultiParaDetox,,True
de,German,"Die ganze Welt schüttelt den Kopf oder lacht uns aus und dieses dumme Weib, Merkel, macht fleißig weiter !","Die ganze Welt schüttelt den Kopf oder lacht uns aus und diese Frau, Merkel, macht fleißig weiter !",MultiParaDetox,MultiParaDetox,,True
de,German,Die meisten Deutschen misstrauen Merkel!. Warum schreibt dieses Vasallenpack der deutschen Lügenpresse nicht mal darüber!!!!,Die meisten Deutschen misstrauen Merkel!. Warum schreibt die Presse nicht mal darüber!!!!,MultiParaDetox,MultiParaDetox,,True
de,German,Die wievielte Generation Türken scheint hier auf der Straße zu sein ca.die 4te das Wespen Nest,Die wievielte Generation Türken scheint hier auf der Straße zu sein ca.die 4te,MultiParaDetox,MultiParaDetox,,True
de,German,"Diese ganze #metoo Kampagne einfach zum kotzen. Wie viele Männer werden von Frauen unterdrückt, misshandelt und missbraucht. Darüber spricht Mann nicht, aus Scham.","Diese ganze #metoo Kampagne einfach schlecht. Wie viele Männer werden von Frauen unterdrückt, misshandelt und missbraucht. Darüber spricht Mann nicht, aus Scham.",MultiParaDetox,MultiParaDetox,,True
de,German,"Dieses ""Propaganda-TV"" ist nicht mehr mit anzusehen 🤢 Hoffentlich tritt Trump den politisch Verantwortlichen gehörig in den Arsch, Murksel!","Dieses ""Propaganda-TV"" ist nicht mehr mit anzusehen 🤢 Hoffentlich weckt Trump die politisch Verantwortlichen endlich auf, Merkel!",MultiParaDetox,MultiParaDetox,,True
de,German,Du meinst zwitter und zwitter ist kein Geschlecht sondern eine Behinderung die man von geburt aus leider hat,Du meinst intersexuell und intersexuell ist kein Geschlecht sondern eine biologische Variation die man von geburt aus leider hat,MultiParaDetox,MultiParaDetox,,True
de,German,"Dummes Gelaber wegen Abschiebung in unsichere Staaten. Berlin, Manchester. und Nizza liegen auch in unsicheren Staaten. Also keine Hemmungen.","Unnötiges Gespräch wegen Abschiebung in unsichere Staaten. Berlin, Manchester. und Nizza liegen auch in unsicheren Staaten. Also keine Hemmungen.",MultiParaDetox,MultiParaDetox,,True
de,German,"Dummes Gelaber, Kern. Kurz stellt sich nicht gegen die Italiener. Er. will nur 200.000 Invasoren nicht nach Österreich einreisen lassen.","Unsinnige Aussage, Kern. Kurz stellt sich nicht gegen die Italiener. Er. will nur 200.000 Einwanderer nicht nach Österreich einreisen lassen.",MultiParaDetox,MultiParaDetox,,True
de,German,Eben ein Beisp. mehr für die kranken Hirne von Politikern. Dieser geistige Schwachsinn auch unserer Politiker wird sich leider bitter rächen,Eben ein Beisp. mehr für die Gedankenwelt von Politikern. Diese Denkweise auch unserer Politiker wird sich leider bitter rächen,MultiParaDetox,MultiParaDetox,,True
de,German,"Ein System der Zersetzung, ein System der Lemminge der USA,ein System von Sklaven!","Ein System der Zersetzung, ein System der Anhänger der USA,ein System von Unterstützern!",MultiParaDetox,MultiParaDetox,,True
de,German,"Es ist unglaublich dieses Politische Pack posaunt in die Welt hinaus es können 220.000 plus die, d zusätzlich kommen in unser Land strömen","Es ist unglaublich diese Politiker posaunen in die Welt hinaus es können 220.000 plus die, d zusätzlich kommen in unser Land strömen",MultiParaDetox,MultiParaDetox,,True
de,German,"Es kotzt mich an und bringt mich selbst zum kotzen, wenn Özdemir, oder wie immer der geschrieben wird, von PATRIOTISMUS redet oder sich über DEMOKRATIE ausläßt!","Es ärgert mich, wenn Özdemir, oder wie immer der geschrieben wird, von PATRIOTISMUS redet oder sich über DEMOKRATIE ausläßt!",MultiParaDetox,MultiParaDetox,,True
de,German,"Facebook ist verkommen zu einem Medium, dass nur noch die Darmbewohner der abgefuckten Altparteien und die sogenannte Religion der Steinzeitzombies vertritt.","Facebook ist verkommen zu einem Medium, dass nur noch die Mitglieder der Altparteien und eine bestimmte Religion  vertritt.",MultiParaDetox,MultiParaDetox,,True
de,German,Frau #Böttinger meine Meinung dazu ist sie sollten uns mit ihrem Pferdegebiss nicht weiter belästigen #WDR,Frau #Böttinger meine Meinung dazu ist sie sollten uns mit ihrer Meinung nicht weiter belästigen #WDR,MultiParaDetox,MultiParaDetox,,True
de,German,"Frauen u Christen bekommen Extraunterkünfte, um sie vor den #Asylanten zu schützen.U wer schützt die Deutschen wenn die rausgekommen?","Frauen u Christen bekommen Extraunterkünfte, um sie vor den #Asylbewerbern zu schützen.U wer schützt die Deutschen wenn die rausgekommen?",MultiParaDetox,MultiParaDetox,,True
de,German,"Für mich ist der morgige Tag ein Tag der ""Größten Deutschen Schweinerei"" seit 1945, eine riesen Mogelpackung bekloppter Politiker🤢","Für mich ist der morgige Tag ein Tag der ""Größten Deutschen Schweinerei"" seit 1945, eine riesen Mogelpackung Politiker",MultiParaDetox,MultiParaDetox,,True
de,German,"Gute Nacht, Ihr Lieben da draußen und träumt schön von Murksel und ihrem Kurzschwanzdackel Luschet 😜","Gute Nacht, Ihr Lieben da draußen und träumt schön von Merkel und ihrem Kollegen Laschet 😜",MultiParaDetox,MultiParaDetox,,True
de,German,Haben wir bei der Schwuchtel auch schon vermutet....,Haben wir bei dem Typ auch schon vermutet....,MultiParaDetox,MultiParaDetox,,True
de,German,Haha das waren welche am Flughafen typische Grünen Wähler. Bis aufs Mark blöde,Haha das waren welche am Flughafen typische Grünen Wähler.,MultiParaDetox,MultiParaDetox,,True
de,German,"Hallo Freunde ""Absurdistan"" hat mich wieder. Gerade mit `nem Geschenk für Murksel aus PL zurück. Ein Kopftuch für die Zweitfrau des Sultans😜","Hallo Freunde ""Absurdistan"" hat mich wieder. Gerade mit `nem Geschenk für Merkel aus PL zurück. Ein Kopftuch für die Zweitfrau des Sultans😜",MultiParaDetox,MultiParaDetox,,True
de,German,"Hallo, war einige Tage in PL, bin gerade zurück u. muss erst all die positiven Eindrücke verarbeiten😜Horsti u. Murksel, ein Thema in PL 😂😂😂","Hallo, war einige Tage in PL, bin gerade zurück u. muss erst all die positiven Eindrücke verarbeiten😜Horsti u. Merkel, ein Thema in PL 😂😂😂",MultiParaDetox,MultiParaDetox,,True
de,German,Hast ja Recht. Erdogan und Merkel gehen mir beide mit ihrer Selbstherrlichkeit am Arsch vorbei. Egomanen sind beide,Hast ja Recht. Erdogan und Merkel mit ihrer Selbstherrlichkeit sind mir beide egal. Egozentrisch sind beide,MultiParaDetox,MultiParaDetox,,True
de,German,Hatte Yücel am Ende doch recht..?...ich bleibe bei meiner Aussage: 80% der deutsche sind verblödete Schwachsinnige... Ihnen ist 🇩🇪egal...!!,Hatte Yücel am Ende doch recht..?...ich bleibe bei meiner Aussage: 80% der deutsche sind ungebildete Leute... Ihnen ist 🇩🇪egal...!!,MultiParaDetox,MultiParaDetox,,True
de,German,Hier haben einige Politiker richtige abgesahnt..... Und der Oberguru Maschmayer macht jetzt einen auf Fernsehstar...und produziert seiner alten b-Movies. 😃😃,Hier haben einige Politiker richtige abgesahnt..... Und der Maschmayer macht jetzt einen auf Fernsehstar...und produziert seiner alten b-Movies. 😃😃,MultiParaDetox,MultiParaDetox,,True
de,German,Hier sind schon ein paar richtig dumme Menschen unterwegs..... Gegen wenn oder was habt ihr eigentlich vor der AfD gehetzt und gestänkert?. Ich pubertierende Pickelplantagen...,Hier sind schon ein paar richtig naive Menschen unterwegs..... Gegen wenn oder was habt ihr eigentlich vor der AfD gehetzt und gestänkert?.,MultiParaDetox,MultiParaDetox,,True
de,German,"Ich brauche einen Blog, glaube ich, 140 Zeichen sind zu wenig. Get rid of #Islam #Muslims #rapefugees","Ich brauche einen Blog, glaube ich, 140 Zeichen sind zu wenig. Weg mit #Islam #Muslims",MultiParaDetox,MultiParaDetox,,True
de,German,Ich kann diese scheisse mit diesen drecksmigranten einfach nicht mehr ertragen....wenn ich nur schon kanacken sehen wird gruselig....verfluchte Scheisser ..!,Ich kann das mit diesen migranten einfach nicht mehr ertragen....wenn ich nur schon welche sehe wird gruselig....,MultiParaDetox,MultiParaDetox,,True
de,German,Ich möchte ihn mal..für ne kurze Zeit....aber dieser Bayer ist wirklich ein Waschlappen,Ich möchte ihn mal..für ne kurze Zeit....aber dieser Bayer ist wirklich eher passiv,MultiParaDetox,MultiParaDetox,,True
de,German,Ich scheisse auf die SPD !!!,Die SPD ist mir egal!!!,MultiParaDetox,MultiParaDetox,,True
de,German,Ich würde Grüne mit einem Geschwür am Arsch der Welt bezeichnen. Ist aber meine persönliche Meinung. Ein Geschwür kann einen Körper zerstören oder ein ganzes Land.,Ich würde Grüne mit einem Geschwür der Welt bezeichnen. Ist aber meine persönliche Meinung. Ein Geschwür kann einen Körper zerstören oder ein ganzes Land.,MultiParaDetox,MultiParaDetox,,True
de,German,In Kindergärten neben den Kindern? wäre ja noch schöner. Zittern soll dieses Asylantenpack in Zelten abseits der Zivilisation,In Kindergärten neben den Kindern? wäre ja noch schöner.,MultiParaDetox,MultiParaDetox,,True
de,German,"In Polen sagte man mir heute, da erhielt doch ein Arschloch einen Preis dafür, weil er sein Heimatland Polen in Brüssel verklagen wollte 💩🤢","In Polen sagte man mir heute, da erhielt doch ein Typ einen Preis dafür, weil er sein Heimatland Polen in Brüssel verklagen wollte 🤢",MultiParaDetox,MultiParaDetox,,True
de,German,"In solchen Situationen zeigt sich echtes Herz (Empathie)  und Charakter (Hilfe, die nicht in der Zeitung steht) im Gegensatz zu heuchlerischem Gutmenschentum","In solchen Situationen zeigt sich echtes Herz (Empathie) und Charakter (Hilfe, die nicht in der Zeitung steht) im Gegensatz zu inszeniertem Gutmenschentum",MultiParaDetox,MultiParaDetox,,True
de,German,"Insgesamt sitzen da nur dumme Leute. angefangen beim Moderator, der ist noch dümmer. Der muss stehen","Insgesamt sitzen da nur komische Leute. angefangen beim Moderator, der ist am schlimmsten. Der muss stehen",MultiParaDetox,MultiParaDetox,,True
de,German,"Ja @USER_0? Pst, auch für dich nochmals, die Grenzen waren seit dem Schengen Abkommen offen, also was willst du bezwecken mit Staatsgrenzen schützen Gebrabbel?","Ja @USER_0? Pst, auch für dich nochmals, die Grenzen waren seit dem Schengen Abkommen offen, also was willst du bezwecken mit Staatsgrenzen schützen Gerede??",MultiParaDetox,MultiParaDetox,,True
de,German,"Kinderfickende, schächtende #rapefugees! Wer Kinder-, Frauen-, oder Tierrechte verteidigt, darf nicht #gruene #spd oder #cdu wählen! #ltwbw","Wer Kinder-, Frauen-, oder Tierrechte verteidigt, darf nicht #gruene #spd oder #cdu wählen! #ltwbw",MultiParaDetox,MultiParaDetox,,True
de,German,Kurz lasst dich nicht von der Trulla aufs Glatteis führen!,Kurz lasst dich nicht von der Frau aufs Glatteis führen!,MultiParaDetox,MultiParaDetox,,True
de,German,"Mannheim, Multikulti versiffte Stadt. Klein Istambul und Rumänen/ Bulgaren ☠🖕","Mannheim, Multikulti Stadt. Klein Istambul und Rumänen/ Bulgaren",MultiParaDetox,MultiParaDetox,,True
de,German,"Mannheim, weltoffen und kunterbunt. Und strunzdumme Multikultiliebhaber. Verblödete halt","Mannheim, weltoffen und kunterbunt. Und Multikultiliebhaber.",MultiParaDetox,MultiParaDetox,,True
de,German,"Merkel schaffte es, sich bis an die Seite der FDJ-Führung der DDR zu schleimen, um diese später zu verraten. Heute macht sie es auch so 😜","Merkel schaffte es, sich bis an die Seite der FDJ-Führung der DDR zu schmeicheln, um sich später abzuwenden. Heute macht sie es auch so 😜",MultiParaDetox,MultiParaDetox,,True
de,German,Merkels Vasallen melden sich zu Wort!. Herr Gersemann ist ein Vasall Merkels und seine Kommentare werden von Merkel vorgegeben!!!,Merkels Unterstützer melden sich zu Wort!. Herr Gersemann ist ein Anhänger Merkels und seine Kommentare werden von Merkel vorgegeben!!!,MultiParaDetox,MultiParaDetox,,True
de,German,"Nix abgeschoben....13jahre sind zwar zu wenig, aber für die Gitterstäbe bezahlen wir gerne.. Danach die Ratte entsorgten..!!","Nix abgeschoben....13jahre sind zwar zu wenig, aber für die Gitterstäbe bezahlen wir gerne.",MultiParaDetox,MultiParaDetox,,True
de,German,Prost Heike (Wat hat der Kerl für`n geiles Höschen (vorne gelb und hinten braun 😂😂😂) ich fasse es nicht 😂😂😂,Prost Heike (Wat hat der Kerl für`n schönes Höschen (vorne gelb und hinten braun 😂😂😂) ich fasse es nicht 😂😂😂,MultiParaDetox,MultiParaDetox,,True
de,German,"Prostituierte kann sich nicht mal ein Hartz IV leisten, Asylanten sucht euch Wichsvorlageni n Pornos!",Prostituierte kann sich nicht mal ein Hartz IV leisten,MultiParaDetox,MultiParaDetox,,True
de,German,"RAUS MIT DIESEN IRREN AUS DEM BUNDESTAG, sollen ihre Konfettischwulenparaden woanders feiern, am besten in Türkei bei Özdingens !","RAUS MIT DIESEN PERSONEN AUS DEM BUNDESTAG, sollen ihre Konfettiparaden woanders feiern, am besten in Türkei bei Özdemir !",MultiParaDetox,MultiParaDetox,,True
de,German,Ralle du alter Mülleimer lebst ja immer noch...dachte das zeitliche hat dich gesegnet.... Bist halt eine zähe Unkrautwurzel,Ralle du lebst ja immer noch...dachte das zeitliche hat dich gesegnet.... Bist halt eine zähe Persönlichkeit,MultiParaDetox,MultiParaDetox,,True
de,German,"Scheiß Emanzipation . Ich will reine ,sittliche deutsche Mütter, wie einst vor den 68ern.","Ich mag die Emanzipation nicht . Ich will reine ,sittliche deutsche Mütter, wie einst vor den 68ern.",MultiParaDetox,MultiParaDetox,,True
de,German,"Schon der Vater,der als protestantischer Pfaffe freiwillig in die DDR ging,um den Bolschewismus zu huldigen.Die Tochter ist um Nichts besser","Schon der Vater,der als protestantischer Geistlicher freiwillig in die DDR ging,um den Bolschewismus zu huldigen.Die Tochter ist um Nichts besser",MultiParaDetox,MultiParaDetox,,True
de,German,Schon ein Wahnsinn....obwohl nichtmal 1/3 der Bevölkerung sie gewählt hat darf sie trotzdem weiter regieren.. Ist zum kotzen!,Schon ein Wahnsinn....obwohl nichtmal 1/3 der Bevölkerung sie gewählt hat darf sie trotzdem weiter regieren..,MultiParaDetox,MultiParaDetox,,True
de,German,"Schon mal Gesehen. Asiaten sind brutal, gewissenlos, gottlos.",Schon mal Gesehen. Asiaten sind hart.,MultiParaDetox,MultiParaDetox,,True
de,German,"Sie können gelassen auf jeden Polit-Idioten warten, der auch einen Krieg nur in Erwägung zieht 😜","Sie können gelassen auf jeden Politiker warten, der auch einen Krieg nur in Erwägung zieht 😜",MultiParaDetox,MultiParaDetox,,True
de,German,So dumm wie Gutmenschen halt sind!,So schlau wie Gutmenschen halt sind!,MultiParaDetox,MultiParaDetox,,True
de,German,So ein Mist....die Unfähigsten aller zusammen bekleiden egal welche Ministerien...blödes dummes Deutschland was hast du nur angestellt...😡😡,So ein Mist....die Unfähigsten aller zusammen bekleiden egal welche Ministerien... Deutschland was hast du nur angestellt...😡😡,MultiParaDetox,MultiParaDetox,,True
de,German,Sogar künstl. Intelligenz erkennt dem Dämon Merker!,Sogar künstl. Intelligenz erkennt den Einfluss Merkels!,MultiParaDetox,MultiParaDetox,,True
de,German,Stellt Lügenpresse eigentl schon Überlegungen in München an zur Nacktbadesaison an der Isar und Flüchtlinge Primaten? HAHAHAHA #rapefugees,Stellt die Presse eigentl schon Überlegungen in München an zur Nacktbadesaison an der Isar und Flüchtlinge? HAHAHAHA,MultiParaDetox,MultiParaDetox,,True
de,German,"Stimmt, die BRD geht mir auch am ARSCH vorbei. DEUTSCHLAND gillt es gegen POLITVERBRECHER,wie Merkel,Schulz,u.MAAS zu schützen !!","Stimmt, die BRD ist mir auch egal. DEUTSCHLAND gillt es gegen Personen,wie Merkel,Schulz,u.MAAS zu schützen !!",MultiParaDetox,MultiParaDetox,,True
de,German,"Streit um Flüchtlings-Obergrenze - So könnten CDU und CSU ihr Gesicht wahren 😜 Wenn eine hässliche Fratze gemeint ist, geht`s 😜",Streit um Flüchtlings-Obergrenze - So könnten CDU und CSU ihr Gesicht wahren 😜,MultiParaDetox,MultiParaDetox,,True
de,German,Templer werden heute als Religiöse Spinner verurteilt. Das Gegenteil ist der Fall. Die Kirche hat uns missbraucht. Ein König verraten.,Templer werden heute als übermäßig Religiöse verurteilt. Das Gegenteil ist der Fall. Die Kirche hat uns missbraucht. Ein König verraten.,MultiParaDetox,MultiParaDetox,,True
de,German,"Trump ist nicht eingeknickt und schon gar nicht vor diesen dummen Politikern, Lügenpresse und Nazimedien in Deutschland!!","Trump ist nicht eingeknickt und schon gar nicht vor diesen Politikern, Presse und Medien in Deutschland!!",MultiParaDetox,MultiParaDetox,,True
de,German,Und wieder wird mit einem #falseflag (giftgaseinsatz) ein Terrorakt gegen Syrien durch USA gestartet.. Bei dem Wahnsinnigen Trump droht WW3,Und wieder wird mit einem #falseflag (giftgaseinsatz) ein Terrorakt gegen Syrien durch USA gestartet.. Bei dem Trump droht WW3,MultiParaDetox,MultiParaDetox,,True
de,German,Ursprünglich (gestern) ging es um FEMA-Camps - wir sind keinen Schritt weiter. Da platzt einem der Arsch - sorry.,Ursprünglich (gestern) ging es um FEMA-Camps - wir sind keinen Schritt weiter. Das ist so frustrierend.,MultiParaDetox,MultiParaDetox,,True
de,German,Verhaftungen von Vergewaltigern als Erfolg zu verkaufen ist das Aufmerksamkeitswinseln einer armseligen Behörde. #Polizei #Köln #Rapefugees,Verhaftungen von Vergewaltigern als Erfolg zu verkaufen ist das Aufmerksamkeitswinseln einer armseligen Behörde. #Polizei #Köln,MultiParaDetox,MultiParaDetox,,True
de,German,Von wegen übertriebener Polizeigewalt. Die Polizei muss in Zukunft. viel härter vorgehen. Aus Maul hauen und dann verhaften.,Von wegen übertriebener Polizeigewalt. Die Polizei muss in Zukunft. viel härter vorgehen. Hart durchgreifen und dann verhaften.,MultiParaDetox,MultiParaDetox,,True
de,German,"WANN ENTSORGT DEUTSCHLAND ENDLICH SEINE VOLKSMÖRDER ??A.Merkel,H.Maas,K.Göring E.,Paket Grüne,D. Nuhr,C. Ehring,M. Schulz als bevorz.Beisp.!","WANN WIRD DEUTSCHLAND ENDLICH SEINE VOLKSMÖRDER LOS ??A.Merkel,H.Maas,K.Göring E.,Paket Grüne,D. Nuhr,C. Ehring,M. Schulz als bevorz.Beisp.!",MultiParaDetox,MultiParaDetox,,True
de,German,Warum muss ein AFD Vogel dabei sein?,Warum muss einer von der AFD dabei sein?,MultiParaDetox,MultiParaDetox,,True
de,German,Was erwarten Sie von Rothschild Sklaven die ihre Seele dem Satan verkauf haben!,Was erwarten Sie von Rothschild Anhängern die ihre Interessen anderen überlassen!,MultiParaDetox,MultiParaDetox,,True
de,German,"Was für Bullshit. Wenn er mit Wissen und Unterstützung von Merkel gehandelt hat, dann ist das ein Skandal der gesamten Bundesregierung!","Was für Unsinn. Wenn er mit Wissen und Unterstützung von Merkel gehandelt hat, dann ist das ein Skandal der gesamten Bundesregierung!",MultiParaDetox,MultiParaDetox,,True
de,German,Was für eine ekelhafte Person....der alte..!!,Was für eine unangenehme Person....der alte Mann..!!,MultiParaDetox,MultiParaDetox,,True
de,German,Was für eine hohle Type....😂😂,Was für ein Type....😂😂,MultiParaDetox,MultiParaDetox,,True
de,German,Was ist den das fette etwas da ..?,Was ist den das da ..?,MultiParaDetox,MultiParaDetox,,True
de,German,"Wenn Merkel Klitschko feiert,wird es gefährlich. Die Sklavin Obamas feiert einen neuen Sklaven.","Wenn Merkel Klitschko feiert,wird es gefährlich.",MultiParaDetox,MultiParaDetox,,True
de,German,Wer so redet gehört sich Verdroschen,Wer so redet sollte liebr leise sein,MultiParaDetox,MultiParaDetox,,True
de,German,Wer will ein Hering So Dumm wie die Göring🤯,Wer will ein Hering So schlau wie die Göring🤯,MultiParaDetox,MultiParaDetox,,True
de,German,Wie blöd können die Niedersachsen doch sein ???,Wie naiv können die Niedersachsen doch sein ???,MultiParaDetox,MultiParaDetox,,True
de,German,Wie dämlich sind Sie eigentlich? Sie sollten ihre Allgemeinbildung vervollständigen und Objektivität walten lassen. 🤢,Wie uninformiert sind Sie eigentlich? Sie sollten ihre Allgemeinbildung vervollständigen und Objektivität walten lassen. 🤢,MultiParaDetox,MultiParaDetox,,True
de,German,Younower zu werden ist der finale schritt um ein Hurensohn zu werden,Younower zu werden ist der finale schritt um unsympathisch zu werden,MultiParaDetox,MultiParaDetox,,True
de,German,da ist sie ja wieder die Moderatorin der @USER_0 mit der alten schwarzen Schmodder Hose und den fettigen Haaren #WDR,da ist sie ja wieder die Moderatorin der @USER_0 mit der alten schwarzen Hose und den fettigen Haaren #WDR,MultiParaDetox,MultiParaDetox,,True
de,German,das hätte ich der #FDP nicht zugetraut alle Achtung! nur die #Grünen kriechen allen in den Arsch,das hätte ich der #FDP nicht zugetraut alle Achtung! nur die #Grünen schmeicheln sich bei allen ein,MultiParaDetox,MultiParaDetox,,True
de,German,der Dummschwätzer Herr #Dobrindt gehört nicht in die #Bundesregierung sondern ins Irrenhaus #CDU #CSU,der Herr #Dobrindt gehört nicht in die #Bundesregierung sondern braucht eine Psychotherapie #CDU #CSU,MultiParaDetox,MultiParaDetox,,True
de,German,haha sucht man schon Ausreden für die völlig Dumme Berichterstattung der letzten Wochen...?,haha sucht man schon Ausreden für die Berichterstattung der letzten Wochen...?,MultiParaDetox,MultiParaDetox,,True
de,German,hören Sie ihren Gören zu ? verkehrte Welt.,hören Sie ihren Kindern zu ? verkehrte Welt.,MultiParaDetox,MultiParaDetox,,True
de,German,ich finde gut dass #Trump #Jerusalem als Hauptstadt anerkennt nun bekommen die #Israelis erst richtig auf die Fresse,ich finde gut dass #Trump #Jerusalem als Hauptstadt anerkennt nun bekommen die #Israelis erst richtig Probleme,MultiParaDetox,MultiParaDetox,,True
de,German,ist eine Körperverletzung! Sorry diese Frau ist einfach Dumm!,ist eine Körperverletzung! Sorry diese Frau ist einfach nicht schlau!,MultiParaDetox,MultiParaDetox,,True
de,German,"n-tv: ""Murksel ein Profi im Umgang mit schwierigen Partnern"" 😂😂😂 Ein Profi, wie eine Mecklenburger Kuh die Rückenschwimmen lernt, meine ich😜","n-tv: ""Merkel ein Profi im Umgang mit schwierigen Partnern"" 😂😂😂 Ein Profi, wie eine Mecklenburger Kuh die Rückenschwimmen lernt, meine ich😜",MultiParaDetox,MultiParaDetox,,True
de,German,"n-tv: ""Startschwierigkeiten bei Antiterror-Übung"" > Ich: ""Wenn Dilettanten unter Flintenuschis ""Obhut""  schon Krieg spielen!"" 😂😂😂","n-tv: ""Startschwierigkeiten bei Antiterror-Übung"" > Ich: ""Wenn Dilettanten unter Von der Leyens ""Obhut"" schon Krieg spielen!"" 😂😂😂",MultiParaDetox,MultiParaDetox,,True
de,German,scheiß asiaten kommen nach europa klauen uns das gefühl reich zu sein,asiaten kommen nach europa klauen uns das gefühl reich zu sein,MultiParaDetox,MultiParaDetox,,True
de,German,warum lädt man eine derart strunzdumme Frau #Demirkan bei #Maischberger ein #ARD,warum lädt man Frau #Demirkan bei #Maischberger ein #ARD,MultiParaDetox,MultiParaDetox,,True
de,German,warum muss ich mir in der @USER_0 einen deutschen Jammerlappen anhören #WDR,warum muss ich mir in der @USER_0 einen jammernden Deutschen anhören #WDR,MultiParaDetox,MultiParaDetox,,True
de,German,wenn der #Bundespräsident mit seinem dummen Geschwätz auf die #SPD zielt sollte er bedenken dass 80% der deutschen die SPD nicht wollen,wenn der #Bundespräsident mit seinen Aussagen auf die #SPD zielt sollte er bedenken dass 80% der deutschen die SPD nicht wollen,MultiParaDetox,MultiParaDetox,,True
de,German,wie kann man nur derart strunzdumme Moderatoren wie bei #taff auf #ProSieben beschäftigen,wie kann man nur solche Moderatoren wie bei #taff auf #ProSieben beschäftigen,MultiParaDetox,MultiParaDetox,,True
de,German,"😂😂😂 Phantomschmerz (fehlende Eier) und Machtgeilheit zwangen heute erneut den ""Bayern-Horsti"" ohne Vaseline  in den Ar*** der Kanzlerette 😜","😂😂😂 Phantomschmerz und Machtgier zwangen heute erneut den ""Bayern-Horsti"" sich bei der Kanzlerin einzuschmeicheln 😜",MultiParaDetox,MultiParaDetox,,True
en,English,. No repsonse just carry on destroying the wiki project you miserable half person,"No response, just carry on destroying the wiki project.",MultiParaDetox,MultiParaDetox,,True
en,English,3 . you don 't fuck with a mommas boy,you don 't joke with a mommas boy,MultiParaDetox,MultiParaDetox,,True
en,English,"Also, I have the fucking rights to advertise my youtube.com videos","Also, I have the right to advertise my youtube.com videos",MultiParaDetox,MultiParaDetox,,True
en,English,And why the fuck should i care?,And why should I care?,MultiParaDetox,MultiParaDetox,,True
en,English,Check this out dumb Mexican.,Check this Mexican out.,MultiParaDetox,MultiParaDetox,,True
en,English,Do you have to be such a dick to him?,Do you have to be such rude to him?,MultiParaDetox,MultiParaDetox,,True
en,English,FUCK Why hasn't anyone included this information yet?,Why hasn't anyone included this information yet?,MultiParaDetox,MultiParaDetox,,True
en,English,Gogo Dodo is a rogue admin that has sex with his father,Gogo Dodo is an admin that has close relationships with his father,MultiParaDetox,MultiParaDetox,,True
en,English,HELLO HOW DO I GET SOMEBODY TO FIX SHIT AROUND HERE?,"Hello, how do I get someone to fix problems around here?",MultiParaDetox,MultiParaDetox,,True
en,English,"Hello, my name is anon, don't fuck with 4chan.","Hello, my name is anon, don't confront with 4chan.",MultiParaDetox,MultiParaDetox,,True
en,English,"How about YOU and AR stop pissing me off with your bullshit, and LISTEN TO ME FOR ONCE? -","How about you and I and the other person stop upsetting me with our words, and kindly listen to me for once?",MultiParaDetox,MultiParaDetox,,True
en,English,I have no interest in this stupid pedia.,I have no interest in this wikipedia.,MultiParaDetox,MultiParaDetox,,True
en,English,"I mind my language when i'm working with real people, not an ignorant dumbass!","I mind my language when i'm working with real people, not an ignorant people!",MultiParaDetox,MultiParaDetox,,True
en,English,"I see nothing wrong with calling an asshole ""asshole"".","I see nothing wrong with calling bad people ""bad"".",MultiParaDetox,MultiParaDetox,,True
en,English,"In addition, I see no sock puppet, jackass.","In addition, I see no sock puppet.",MultiParaDetox,MultiParaDetox,,True
en,English,Liars burn in Hell without Salvation.,Liars will face consequences without Salvation.,MultiParaDetox,MultiParaDetox,,True
en,English,Probably because NO ONE GIVES A FUCK ABOUT MISS UPTON.,Probably because no one really cares about Miss Upton.,MultiParaDetox,MultiParaDetox,,True
en,English,Queen Mary Mrs Windsor's granny was a bitch.,Queen Mary Windsor's grandmother was not a pleasant person.,MultiParaDetox,MultiParaDetox,,True
en,English,Stay the fuck off my page,"Stay away of my page, please",MultiParaDetox,MultiParaDetox,,True
en,English,THIS SCHOOL DISTRICT SUCKS i know cause i go there,This school district is unsatifactory i know cause i go there,MultiParaDetox,MultiParaDetox,,True
en,English,Tell me how big your boobs are and I'll stop.,Tell me about yourself and I'll stop.,MultiParaDetox,MultiParaDetox,,True
en,English,That had more content and was going to be an article until you deleted it again dumbass.,That had more content and was going to be an article until you deleted it again.,MultiParaDetox,MultiParaDetox,,True
en,English,Then start quoting the damn cover instead of a message board!,Then please start quoting the cover instead of a message board.,MultiParaDetox,MultiParaDetox,,True
en,English,WARNING: THIS FAG SUPPORTS HITLER,Warning: this person supports Hitler.,MultiParaDetox,MultiParaDetox,,True
en,English,"WHAT A FAGGOT, I'M GLAD HE'S DEAD!!!","What a person, I'm glad that he passed away.",MultiParaDetox,MultiParaDetox,,True
en,English,What the fuck do you want at my talk page.,What do you want at my talk page?,MultiParaDetox,MultiParaDetox,,True
en,English,What the hell is with everybody making Etna articles?,Why everybody is making Etna articles?,MultiParaDetox,MultiParaDetox,,True
en,English,You are a pompous fool.,You are a pretentious person.,MultiParaDetox,MultiParaDetox,,True
en,English,You are an idiot and you can't block anyone.,You can't block anyone.,MultiParaDetox,MultiParaDetox,,True
en,English,You people are posting the WRONG results so its MY problem jackass,You people are posting the wrong results so its my problem.,MultiParaDetox,MultiParaDetox,,True
en,English,You're being a first-class dick. Focus on how to edit this article properly.,You're being a first-class unpleasant person. Focus on how to edit this article properly.,MultiParaDetox,MultiParaDetox,,True
en,English,anarchy is basically a philosophy for dumb teenagers and marxism is about dead .,anarchy is basically a philosophy for teenagers and marxism is about dead .,MultiParaDetox,MultiParaDetox,,True
en,English,"and because the government need this land , fuck people who live there , right ? .","and because the government need this land, the people who live there don't matter, right?",MultiParaDetox,MultiParaDetox,,True
en,English,and some people fucking buy that .,And some people believe that.,MultiParaDetox,MultiParaDetox,,True
en,English,another piece of useless manufactured junk !,another piece of manufactured stuff !,MultiParaDetox,MultiParaDetox,,True
en,English,as a member of the lafayette community why the fuck does it matter what his political standing is !,as a member of the lafayette community why does it matter what his political standing is !,MultiParaDetox,MultiParaDetox,,True
en,English,because israeli rabbis never say fucked up shit .,Because israeli rabbis never say wrong stuff,MultiParaDetox,MultiParaDetox,,True
en,English,but mostly that middle of the street shit .,but mostly issues of middle of the street,MultiParaDetox,MultiParaDetox,,True
en,English,can t people just leave cuba alone so it can get it s feet under itself for number fuckin minutes ? .,Can people just leave Cuba to itself so it can get its feet under itself for number minutes?,MultiParaDetox,MultiParaDetox,,True
en,English,can we just keep dog shit out of this ? .,Can we just keep bad stuff out of this?,MultiParaDetox,MultiParaDetox,,True
en,English,cant you lazy bums do anything ?,Can't you do anything?,MultiParaDetox,MultiParaDetox,,True
en,English,colin kaepernick is an idiot .,colin kaepernick is not good man,MultiParaDetox,MultiParaDetox,,True
en,English,"could ve fooled me , all governments are corrupt as fuck .",All governments are corrupt,MultiParaDetox,MultiParaDetox,,True
en,English,dont be a dick and add stupid and clear vandalism to articles .,Do not be like that and add clear vandalism to the article.,MultiParaDetox,MultiParaDetox,,True
en,English,dont give us that crap about out of towners coming here and dropping bucketsey either .,dont give us that story about out of towners coming here and dropping bucketsey either,MultiParaDetox,MultiParaDetox,,True
en,English,dont have time for these assholes .,dont have time for these guys,MultiParaDetox,MultiParaDetox,,True
en,English,"fuck me , even afghanistan has number .",even afghanistan has a number.,MultiParaDetox,MultiParaDetox,,True
en,English,fuck red light cameras and the money grubbing cities that use them .,I don’t like red light cameras and the cities that use them.,MultiParaDetox,MultiParaDetox,,True
en,English,fuck you Funny how a wikipedia article i tried to create is now an actual article.,Funny how a wikipedia article i tried to create is now an actual article.,MultiParaDetox,MultiParaDetox,,True
en,English,fucking cunt of a person .,A bad person.,MultiParaDetox,MultiParaDetox,,True
en,English,"gawd , you are one massively ignorant fellow .",How can you be so ignorant ?,MultiParaDetox,MultiParaDetox,,True
en,English,good thing i never supported those ass clowns .,good thing i never supported those,MultiParaDetox,MultiParaDetox,,True
en,English,"haha okay i m a sick fuck to find that entertaining , i ll see myself out .","haha okay i m weird to find that entertaining , i ll see myself out .",MultiParaDetox,MultiParaDetox,,True
en,English,harper needs to get the fuck out of office .,Harper needs to get out of office,MultiParaDetox,MultiParaDetox,,True
en,English,harper was nothing but incompetent and corrupt .,Harper was incompentent and unfair,MultiParaDetox,MultiParaDetox,,True
en,English,he hasn t done shit for palestine .,He doesn't do anything for Palestine.,MultiParaDetox,MultiParaDetox,,True
en,English,he is very arrogant unfortunately im hoping to stab him to death soon .,he is very arrogant unfortunately,MultiParaDetox,MultiParaDetox,,True
en,English,his pay check from taxpayers because a bunch of idiot bureaucrats keeps adding zeros every time they open their mouths .,his pay check from taxpayers because a bunch of bureaucrats keeps adding zeros every time they open their mounths,MultiParaDetox,MultiParaDetox,,True
en,English,holy shit i thought that was a joke .,I thought it was a joke!!,MultiParaDetox,MultiParaDetox,,True
en,English,how about fuck whiny cunts who buy seats knowing others will recline around them and then bitch about it .,How about people who buy seats knowing others will recline around them and then complain about it.,MultiParaDetox,MultiParaDetox,,True
en,English,how the fuck are they getting to outer space ?,How are they getting to outer space?,MultiParaDetox,MultiParaDetox,,True
en,English,"i 'm ready to actually do something to make this shit stop , but what can i do ?","I am ready to do something to make this stop, but what can i do?",MultiParaDetox,MultiParaDetox,,True
en,English,i cant believe we are even discussing crap like this .,i can't believe we are even discussing thing like this,MultiParaDetox,MultiParaDetox,,True
en,English,i don t give a fuck where you are going .,i don't care about where you are going,MultiParaDetox,MultiParaDetox,,True
en,English,i fuckin knew they were punking us .,i knew they were punking us .,MultiParaDetox,MultiParaDetox,,True
en,English,i just re watched letters from iwo jima this weekend and that was some brutal shit .,I just re watched letters from iwi jima this weekend and that was brutal,MultiParaDetox,MultiParaDetox,,True
en,English,"i m australian myself , but i don t say mate or cunt all the time .","I am an Australian, but I don't say profanity words all the time.",MultiParaDetox,MultiParaDetox,,True
en,English,"i thought world leader just picked random shit to do , thank you for informing us ! .","I thought world leader just picked a random things to do ,thank you for informing us!.",MultiParaDetox,MultiParaDetox,,True
en,English,i was a fucking dumbass kid though .,I was a weak kid though,MultiParaDetox,MultiParaDetox,,True
en,English,ibrahim is kind of a dick lately .,Ibrahim has been kind of mean lately,MultiParaDetox,MultiParaDetox,,True
en,English,"if you still think you re not living in a police state , wake the fuck up .","If you still think you're not living in a police state, wake up.",MultiParaDetox,MultiParaDetox,,True
en,English,if you think a town in texas would cover this kind of shit up you re insane .,If you think a town in Texas would cover these things your wrong.,MultiParaDetox,MultiParaDetox,,True
en,English,impeachment of trump is a really dumb idea .,impeachment of trump is a really bad idea .,MultiParaDetox,MultiParaDetox,,True
en,English,"in the end , he was just a dick .","in the end , he was just unpleasant.",MultiParaDetox,MultiParaDetox,,True
en,English,"instead of trying to make a difference , ye old witch was more interested in making a statement .","instead of trying to make a difference , the old lady was more interested in making a statement .",MultiParaDetox,MultiParaDetox,,True
en,English,"it s like fucking jurassic park , but much fluffier ! .","it s like jurassic park , but much fluffier !",MultiParaDetox,MultiParaDetox,,True
en,English,it s refreshing to see someone who is so fucking smart and edgy .,it's refreshing to see someone who is so smart and edgy .,MultiParaDetox,MultiParaDetox,,True
en,English,it would be fucking illegal as shit to straight up kill someone .,It would be illegal to commit homicide.,MultiParaDetox,MultiParaDetox,,True
en,English,"jesus christ , that 's incredibly fucked up .",jesus christ . that's incredibly bad,MultiParaDetox,MultiParaDetox,,True
en,English,keep your filthy paws off wikipedias articles unless you have something worthwhile to contribute .,Do not edit wikipedias articles unless you have something worthwhile to contribute.,MultiParaDetox,MultiParaDetox,,True
en,English,let 's have them do all the tough shit men are forced to do .,let's have them do all the tough things men are forced to do.,MultiParaDetox,MultiParaDetox,,True
en,English,likes to eat shit It's true and he told me himself!,"likes to eat bad food, that's true and he told me himself!",MultiParaDetox,MultiParaDetox,,True
en,English,"lucky you , maybe now you think youre somebody , huh , fool ?","lucky you , maybe now you think you're somebody , huh ,  ?",MultiParaDetox,MultiParaDetox,,True
en,English,making and distributing cp is fucked .,Making and distributing cp is not good,MultiParaDetox,MultiParaDetox,,True
en,English,minorities bitch and moan when the police uphold the law .,Minorities don't like when the police uphold the law,MultiParaDetox,MultiParaDetox,,True
en,English,no self - respecting australian or new zealand would read such hateful shit .,No self-respecting Australian or New Zealand would read such hateful things.,MultiParaDetox,MultiParaDetox,,True
en,English,"no shit , lockheed or raytheon or boeing or you name it employs half his districts employees .","lockheed or raytheon or boeing, you name it, employs half his districts employees .",MultiParaDetox,MultiParaDetox,,True
en,English,"not even from brainless , hypocritical marxist pigs .",not even from marxist people.,MultiParaDetox,MultiParaDetox,,True
en,English,now that is just a fucking dumb thing to say .,now that is just a useless thing to say.,MultiParaDetox,MultiParaDetox,,True
en,English,people making moronic jokes Have no right to edit.,The people making bad jokes should not have a right to edit.,MultiParaDetox,MultiParaDetox,,True
en,English,"piss me off , fuckin jerk , get on my nerves .",get on my nerves,MultiParaDetox,MultiParaDetox,,True
en,English,"ps, congradulations on recieving the bitch star, you definatly deserve it ryan.","Congratulations on receiving the award, you definetly deserve it, Ryan.",MultiParaDetox,MultiParaDetox,,True
en,English,randy johnson is a troll .,Randy Johnson leaves mean comments in social media platforms.,MultiParaDetox,MultiParaDetox,,True
en,English,republicans and democrats are the right and left cheeks of the same ass .,Republicans and democrats are in the same League,MultiParaDetox,MultiParaDetox,,True
en,English,"seriously , at least number people are dead leave aside your point scoring and generally just fuck off .","seriously, at least number people are dead so just keep quiet",MultiParaDetox,MultiParaDetox,,True
en,English,shit just got real upload .,Things just got real upload,MultiParaDetox,MultiParaDetox,,True
en,English,"so i would really like it if people could stop acting like that 's why he got shot , it fucking isn 't .","so i would really like it if people could stop acting like that 's why he got shot , it isn 't .",MultiParaDetox,MultiParaDetox,,True
en,English,that s some pretty shit logic .,That's some pretty bad logic.,MultiParaDetox,MultiParaDetox,,True
en,English,"that said , i hope they get a great attorney and sue the shit out of the cops .","that said , i hope they get a great attorney and sue the cops .",MultiParaDetox,MultiParaDetox,,True
en,English,that things that we use everyday aren't correct. wikipedia blows cock and so do you.,"That things that we use everyday aren't correct. Wikipedia lacks credibility, and the same goes for you.",MultiParaDetox,MultiParaDetox,,True
en,English,"the "" joke "" that canada 's military is a joke is extremely played out , shit 's not funny .","the "" joke "" that canada 's military is a joke is extremely played out  and it's not funny.",MultiParaDetox,MultiParaDetox,,True
en,English,the germans today are the same blind brainless followtheleader sheep they were inand throughout their history .,The germans today are the same they were in and throughout their history,MultiParaDetox,MultiParaDetox,,True
en,English,the guy was a sick fuck .,the guy was a mess.,MultiParaDetox,MultiParaDetox,,True
en,English,the object is to waste peoples time deconstructing your foolish effusions .,the object is to waste peoples time deconstructing your effusions .,MultiParaDetox,MultiParaDetox,,True
en,English,"then all of a sudden i see her , shes now got the big phony tits and everything .","All of a sudden i see her, she is all grown up.",MultiParaDetox,MultiParaDetox,,True
en,English,these idiots are bound and determined to start a civil war !,these people are bound and determined to start a civil war!,MultiParaDetox,MultiParaDetox,,True
en,English,they are always puffing him up and blowing smoke up his butt and aggrandizing him and his fewaccomplishments .,the are always puffing him up and blowing smoke on him and aggrandizing him and his few accomplishments.,MultiParaDetox,MultiParaDetox,,True
en,English,they deal with them and then they think everyone in society is a shit stain .,they deal with them and then they think everyone in society is a bad person.,MultiParaDetox,MultiParaDetox,,True
en,English,they must have been pretty stupid to get caught in today environment .,They must have been incompetent to get caught in today environment.,MultiParaDetox,MultiParaDetox,,True
en,English,"they should have fled , i feel that these guys are fucked , who turns themselves in to an angry mob ? .","They should have escaped, i feel that these are are done, who turns themselves in to an angry mob",MultiParaDetox,MultiParaDetox,,True
en,English,they were most likely bought out by the fucking koch brothers .,They might have been bought out by koch brothers,MultiParaDetox,MultiParaDetox,,True
en,English,this is a fuckingtzu tactic for shits sake .,that's a bad tactic,MultiParaDetox,MultiParaDetox,,True
en,English,"this is a special needs child with autism , not some angry little shit with no self control .","This child has autism, not behavioral issues",MultiParaDetox,MultiParaDetox,,True
en,English,this is some clockwork orange level shit .,this is some clockwork orange level thing,MultiParaDetox,MultiParaDetox,,True
en,English,"turkey could invade , and russia wouldn 't be able to do shit about that either .",Turkey could invade and Russia wouldn't be able to do anything about it,MultiParaDetox,MultiParaDetox,,True
en,English,"we shouldn t be shitting on his good name , and saying what he should , and shouldn t have done .",we should not desecrate his name instead we should have done better.,MultiParaDetox,MultiParaDetox,,True
en,English,what the hell question are you talking about ?,what is the question are you talking about?,MultiParaDetox,MultiParaDetox,,True
en,English,why do you guys do this shit out west ?,Why do you guys do this out of west?,MultiParaDetox,MultiParaDetox,,True
en,English,why not drop health insurance companies all together and get the government to stop hospitals from fucking price gouging ?,why not drop health insurance companies all together and get the government to stop hospitals from price gouging,MultiParaDetox,MultiParaDetox,,True
en,English,"yeah , americans with quadruple citizenship so they have where to go in case shit gets serious anywhere else .","Yeah , Americans with quadruple citizenship so they have where to go in case things gets serious anywhere else .",MultiParaDetox,MultiParaDetox,,True
en,English,yet fifa doesn t give two fucks .,yet fifa doesn't care.,MultiParaDetox,MultiParaDetox,,True
en,English,you see that kid talking to me i hate him he never leaves me alone.,"you see that kid talking to me i don't really like him, because he never leaves me alone.",MultiParaDetox,MultiParaDetox,,True
es,Spanish,"#Lista Allanamientos, persecución y exilio: la aberración de #ANC contra diputados  `""","# Lista de invasiones, persecuciones y expulsiones: # ANC contra diputados `""",MultiParaDetox,MultiParaDetox,,True
es,Spanish,#VivaElCineEspañol porque me gusta y por patriotismo. A ver si os enteráis pedazo de fachas.,#VivaElCineEspañol porque me gusta y por patriotismo. A ver si os enteráis,MultiParaDetox,MultiParaDetox,,True
es,Spanish,#YoSoyAnonymousUE basta de absurda represión victimista por parte del Estado Fascista,#YoSoyAnonymousUE basta de absurda represión victimista por parte del Estado,MultiParaDetox,MultiParaDetox,,True
es,Spanish,-Una directiva fracasa deportivamente -Unos monguers los votan para que sigan mandando -Los monguers se sorprenden d q fracasen #estapasando,"Una directiva desilusiona deportivamente, unos monguers los votan para que sigan mandando, los monguers se sorprenden de que no sea un éxito #estapasando",MultiParaDetox,MultiParaDetox,,True
es,Spanish,@ promosquevienen no se vayan de viaje de egresados con upgrade xq son la peor verga que hay:)),@ promosquevienen no se vayan de viaje de egresados con upgrade xq son la peor que hay:)),MultiParaDetox,MultiParaDetox,,True
es,Spanish,A Emery se la devuelven por subnormal. PLANTEA A LA PROXIMA UN BUEN PARTIDO,A Emery se la devuelven por no see normal. PLANTEA A LA PROXIMA UN BUEN PARTIDO,MultiParaDetox,MultiParaDetox,,True
es,Spanish,"Ah, porque se va y viene la hija puta. Están haciendo el subnormal apagando y encendiendo","Ah, porque esta hija va y viene. Hacen algo anormal, se apagan y se encienden.",MultiParaDetox,MultiParaDetox,,True
es,Spanish,Ahora me leo la secta que seguro que amplian información,Voy a leer el artículo para obtener más información.,MultiParaDetox,MultiParaDetox,,True
es,Spanish,"Ahora pides asilo político HDP, ahora las escorias oficialistas pidiendo asilo que tal.","Ahora pides asilo político HDP, ahora las oficialistas pidiendo asilo que tal.",MultiParaDetox,MultiParaDetox,,True
es,Spanish,Ahora un nazi en RTVE #lahoraespinosadelosmonteros,Ahora este hombre en RTVE #lahoraespinosadelosmonteros,MultiParaDetox,MultiParaDetox,,True
es,Spanish,Antes me como un whopper que decir algo bueno del subnormal ese,Antes me como un Whopper porque decir algo de él,MultiParaDetox,MultiParaDetox,,True
es,Spanish,"Aquí Piatti que no metía un puto gol y en el Español, lleva ya unos cuantos, mamón. ☹️","Aquí Piatti que no metía un gol y en el Español, lleva ya unos cuantos",MultiParaDetox,MultiParaDetox,,True
es,Spanish,Asumen tu género por tu apariencia física. Son unos fascistas transfobos y homófobos.,Asumen tu género por tu apariencia física.,MultiParaDetox,MultiParaDetox,,True
es,Spanish,"Basta ya hijos de las mil putas. Estáis agotando a la Afición, lo único digno que queda en el club.","Basta ya. Estáis agotando a la Afición, lo único digno que queda en el club.",MultiParaDetox,MultiParaDetox,,True
es,Spanish,Buena gente acogemos en nuestro país. Traen lo mejorcito de la cultura de su país.,"Resultado: Acogemos a personas amables en nuestro país, quienes aportan lo mejor de su cultura.",MultiParaDetox,MultiParaDetox,,True
es,Spanish,Con el Zumo no se juega.,No se juega con el zumo.,MultiParaDetox,MultiParaDetox,,True
es,Spanish,Conclusión: Er Benni era un cabrón facha que ayudó a Trum,Conclusión: Er Benny fue un tipo rudo que ayudó a Trump.,MultiParaDetox,MultiParaDetox,,True
es,Spanish,Cosas que me regala mi encargado marica diciéndome que es el minion de las BOLLERAS:,Cosas que me regala mi encargado diciéndome que es el minion de las BOLLERAS:,MultiParaDetox,MultiParaDetox,,True
es,Spanish,Daros prisa. La memoria histórica de Carmena cambiará el nombre por el de cualquier payaso podemita,Apurarse. La memoria histórica de Carmena cambiará su nombre por otro nombre podemita.,MultiParaDetox,MultiParaDetox,,True
es,Spanish,Dios mi madre es subnormal en serio,Dios mi madre está mal en serio.,MultiParaDetox,MultiParaDetox,,True
es,Spanish,Disney se está riendo en vuestra puta cara,Disney se está riendo de ustedes,MultiParaDetox,MultiParaDetox,,True
es,Spanish,El dia que morais todos los fachas podre palmarla tranquilo ...,"El día en que desaparezcan todos los extremistas, podré vivir en paz...",MultiParaDetox,MultiParaDetox,,True
es,Spanish,Empiezo a sospechar que los traperos quieren competir con los youtubers para ver que grupo es más subnormal.,Empiezo a sospechar que los traperos quieren competir con los youtubers para ver que grupo es el peor.,MultiParaDetox,MultiParaDetox,,True
es,Spanish,En el fondo me alegro por el subnormal de Emery.,En el fondo me alegro por Emery.,MultiParaDetox,MultiParaDetox,,True
es,Spanish,Eres tarado o que pasa  #hackmeseb,No entiendes o qué te pasa #hackmeseb,MultiParaDetox,MultiParaDetox,,True
es,Spanish,Este es el maricón de Aida?,Este es el de Aida?,MultiParaDetox,MultiParaDetox,,True
es,Spanish,Esto para un pedazo de retrasado como tu:,Esto para ti:,MultiParaDetox,MultiParaDetox,,True
es,Spanish,"Estás enfermo y no quieres ver.

Cada uno que arregle los problemas de su casa, aquí ya tenemos bastantes.","Tienes un problema y no quieres ver. 
Cada uno que arregle los problemas de su casa, aquí ya tenemos bastantes.",MultiParaDetox,MultiParaDetox,,True
es,Spanish,"Habla español, catalán de mierda 😋",Habla español,MultiParaDetox,MultiParaDetox,,True
es,Spanish,"He puesto ""culo"" maemia, además de pequeño, mongolo. 😭","He puesto  maemia, además de pequeño, mongolo. 😭",MultiParaDetox,MultiParaDetox,,True
es,Spanish,Hoy prefieren el arbitraje manual. La mano negra del puto alemán ladrón.,Hoy prefieren el arbitraje manual,MultiParaDetox,MultiParaDetox,,True
es,Spanish,"Israelitas, chinos, moros, culés... así estaba el Bernabéu ese día, que daba entre pena y asco.","Israelitas, chinos, moros,... así estaba el Bernabéu ese día, que daba entre pena y asco.",MultiParaDetox,MultiParaDetox,,True
es,Spanish,JAJAJAJAJJAJA que vas a eclipsar tú y el otro subnormal xd,Jajajajaja qué vas a eclipse tú y el otro xd,MultiParaDetox,MultiParaDetox,,True
es,Spanish,Jajaja..  Que simpatico el charnego.. Te vamos a votar a ti membrillo.,Jajaja..  Que simpatico.. Te vamos a votar a ti,MultiParaDetox,MultiParaDetox,,True
es,Spanish,Jajajajajaja que Martin de mierda,Jajajajaja que Martin,MultiParaDetox,MultiParaDetox,,True
es,Spanish,Jueves con J de mierda,Jueves con j,MultiParaDetox,MultiParaDetox,,True
es,Spanish,"La democracia española y la interpretación libre de sus leyes en manos de fascistas. 6D, nada que celebrar.","La democracia española y la libre interpretación de sus leyes en manos de dictadores. 6D, nada que celebrar.",MultiParaDetox,MultiParaDetox,,True
es,Spanish,"La historia reconocerá que fue el más pelele , inepto e hijo de puta presidente de la historia .",La historia reconocerá que fue el más inepto e hijo  presidente de la historia,MultiParaDetox,MultiParaDetox,,True
es,Spanish,"La jueza archiva la paliza de los trozos de mierda fascistas a Lagarder, porque la  no entregó la denuncia",La jueza archiva el problema de los fascistas a Lagarder porque no  entregó la denuncia,MultiParaDetox,MultiParaDetox,,True
es,Spanish,La justificación pedorra JAJAJAJ mejor no te defiendas 🤣🤣,"Que mala justificación ,mejor no te defiendas",MultiParaDetox,MultiParaDetox,,True
es,Spanish,La mitad catalana borrega independentista sigue creyéndose sus mentiras.,La mitad catalana independentista sigue creyéndose sus mentiras,MultiParaDetox,MultiParaDetox,,True
es,Spanish,"Lagarder ya era un puto subnormal, solo que hoy quiere que quede patente.","Lagarder ya era una mala persona, solo que hoy quiere que quede patente.",MultiParaDetox,MultiParaDetox,,True
es,Spanish,Le han dado por lo que habrá robado antes y por lo que robará cuando salga del hospital.,Recibió una lección por lo que robó y robará en un futuro,MultiParaDetox,MultiParaDetox,,True
es,Spanish,"Lee mongolo, lee. Deja de dar pena","Lee hombre, lee. Deja de dar pena.",MultiParaDetox,MultiParaDetox,,True
es,Spanish,Lo que está claro es que tú sigues siendo un operador político totalmente parcializado. Asco,Lo que está claro es que tú sigues siendo un operador político totalmente parcializado.,MultiParaDetox,MultiParaDetox,,True
es,Spanish,"Los de ahora son un infierno político y social, ocasionados por políticos fanáticos","Los de ahora son un infierno político y social, ocasionados por políticos",MultiParaDetox,MultiParaDetox,,True
es,Spanish,"Los halagos y buenos modales siempre hacen bien, menos a los izquierdistas de la cultura del odio.","Los halagos y buenos modales siempre hacen bien, menos a los izquierdas de la cultura del odio.",MultiParaDetox,MultiParaDetox,,True
es,Spanish,Los mejores los más preparados para cortar cabezas,Los mejores los más preparados para realizar el trabajo,MultiParaDetox,MultiParaDetox,,True
es,Spanish,"Los mejores, los más valientes y preparados.","Los mejores, los más valientes y preparados",MultiParaDetox,MultiParaDetox,,True
es,Spanish,Luego si empiezan a aparecer los cadáveres de esta basura alguien se echara las manos a la cabeza.,Luego si empiezan a aparecer los cadáveres alguien se echara las manos a la cabeza,MultiParaDetox,MultiParaDetox,,True
es,Spanish,ME JUEGAS PUTO RETO O COMO VA LA COSA PUTO RETRASADO,Me juegas al reto o cómo va la cosa,MultiParaDetox,MultiParaDetox,,True
es,Spanish,Manda cojones que nos meta gol el subnormal de Paco Alcácer....,Nos mete gol Paco alcacer,MultiParaDetox,MultiParaDetox,,True
es,Spanish,Me acojona ver a la derecha rancia pidiendo #BoicotALosGoya Más incultura seguirá formando fascistas como ellos... ➕Cine ➖Toros #Españistán,Me asusta ver a la derecha pidiendo #BoicotALosGoya Más incultura seguirá formando gente de derechas como ellos... ➕Cine ➖Toros #Españistán,MultiParaDetox,MultiParaDetox,,True
es,Spanish,Me confirman por aquí que mi padre es subnormal.,Me confirman por aquí que mi padre está loco.,MultiParaDetox,MultiParaDetox,,True
es,Spanish,Menudo baño te están dando pequeño dictador! 👏👏👏👏👏👏👏,Menudo baño te están dando,MultiParaDetox,MultiParaDetox,,True
es,Spanish,Mire la saga de 50 sombras de Grey...casi todo eran.lectoras...les va el.morbillo no lo.nieguen,Miren la saga de 50 sombras de Grey.. casi todo eran lectoras... le encanta,MultiParaDetox,MultiParaDetox,,True
es,Spanish,Ni caso a los gilipollas como el  es un fascista de mierda,"Ni caso a un tipo como él, es un extrema derecha",MultiParaDetox,MultiParaDetox,,True
es,Spanish,No te acerques que me tiznas le dijo la sarten al cazo... 😂 Los más fascistas de la izquierda,No te acerques que me tiznas le dijo la sarten al cazo...,MultiParaDetox,MultiParaDetox,,True
es,Spanish,"No, lo que parece de ese siglo es su puta bazofia de programa.","No, lo que parece de ese siglo es su asqueroso programa",MultiParaDetox,MultiParaDetox,,True
es,Spanish,"Ojalá no salga por ahí algún juez de esos pendientes de joder todo a poner su demanda, asquerosos oportunistas 🖕👎",Ojalá no salga por ahí algún juez de esos pendientes de joder todo a poner su demanda,MultiParaDetox,MultiParaDetox,,True
es,Spanish,"Olé sus huevos morenos (los del periodista). Si hablas de expulsar del pais a alguien, porque omites la nacionalidad.","si hablas de expulsar a alguien de el pais, porque omites la nacionalidad",MultiParaDetox,MultiParaDetox,,True
es,Spanish,"Origen patológico , delincuencial , usurpante , ilegal resultado delicuncial usurpante y patológico","Origen patológico, ilegal resultado delicuncial usurpante y patológico",MultiParaDetox,MultiParaDetox,,True
es,Spanish,PAMBISITOS dejen de responder a subnormales de mierda como éste.,PAMBISITOS dejen de responder a personas  como éste.,MultiParaDetox,MultiParaDetox,,True
es,Spanish,Paco llegado este punto nos da igual con tal de olvidarnos del PP y su estado fascista,Llegado a este punto es igual con tal de olvidarnos del PP y su estado,MultiParaDetox,MultiParaDetox,,True
es,Spanish,Pero el calentamiento global son COSAS DE HIPPIES Y PERROFLAUTAS,Pero el calentamiento global son COSAS DE HIPPIES,MultiParaDetox,MultiParaDetox,,True
es,Spanish,Pero que mierda estas hablando subnormal de los cojones MAMAAAAAAAA GORDOOOOOOOO.,Pero que estás hablando,MultiParaDetox,MultiParaDetox,,True
es,Spanish,Pero que pedazo de retrasada,Pero qué tipo de persona.,MultiParaDetox,MultiParaDetox,,True
es,Spanish,"Pinche gobierno de mierda, no ayudan pero como estorban HDSPM.","gobierno, no ayudan pero como estorban HDSPM.",MultiParaDetox,MultiParaDetox,,True
es,Spanish,Por 'Crush' os referís a putas chonis?,¿Por 'Crush' te refieres a una bella dama?,MultiParaDetox,MultiParaDetox,,True
es,Spanish,Por que chingado los de Facebook tuvieron que hacer otra app para poder contestar mensajes 😡,Por que los de Facebook tuvieron que hacer otra app para poder contestar mensajes,MultiParaDetox,MultiParaDetox,,True
es,Spanish,Porque usted es un hombre de bien y con valores. Esos otros son alimañas y 0,Porque usted es un hombre de bien y con valores. Esos otros no lo son,MultiParaDetox,MultiParaDetox,,True
es,Spanish,"Potencialmente Sánchez es el que más daño puede hacer, primer psicopata que llega a ser presidente en España.","Potencialmente Sánchez es el que más daño puede hacer, primer persona que llega a ser presidente en España.",MultiParaDetox,MultiParaDetox,,True
es,Spanish,Que manera de perder la cabeza por un zumo.,Resultado: Perder la calma por un zumo es exagerado.,MultiParaDetox,MultiParaDetox,,True
es,Spanish,Que red social de mierda,Qué mala red social,MultiParaDetox,MultiParaDetox,,True
es,Spanish,"Quién te querría besar a ti, mongolo.",Quien te querria besar a ti,MultiParaDetox,MultiParaDetox,,True
es,Spanish,SALVEMOS A ESE ANIMAL DE LAS GARRAS ASESINAS Y FASCISTAS YA,SALVEMOS A ESE ANIMAL DE LAS GARRAS  YA,MultiParaDetox,MultiParaDetox,,True
es,Spanish,Seguro que era de pera-piña. Es el único por el que yo mataría.,Es posible que fuera de pera-piña. Es el único por el que haría algo así.,MultiParaDetox,MultiParaDetox,,True
es,Spanish,"Si ese magrebi hubiera estado en su pais, podriamos haber evitado ese hecho.","Si ese individuo de origen magrebí hubiera estado en su país, podríamos haber evitado ese incidente.",MultiParaDetox,MultiParaDetox,,True
es,Spanish,Sigue existiendo mucha basura en España que limpiar y no solo en lo politico.,Sigue existiendo mucha cosas en España que limpiar y no solo en lo politico.,MultiParaDetox,MultiParaDetox,,True
es,Spanish,Sin duda y durante los próximos meses con un email solucionan si no les llega,"Sin duda, en los próximos meses se solucionará con un correo electrónico, si es que no reciben la información.",MultiParaDetox,MultiParaDetox,,True
es,Spanish,"Solo vienen los mejores, los más valientes","Solo llegan los mejores, los más valientes.",MultiParaDetox,MultiParaDetox,,True
es,Spanish,"Son los mismos miserables de siempre, porque sera que siempre votan negativo a este tipo de noticias.......",Siempre son los mismos individuos desagradables; ¿por qué será que siempre votan negativo en este tipo de noticias?,MultiParaDetox,MultiParaDetox,,True
es,Spanish,Son sus costumbres y hay que respetarlas,Cada grupo tiene sus propias tradiciones y es importante respetarlas,MultiParaDetox,MultiParaDetox,,True
es,Spanish,Supongo que el subnormal de  estará llorando porque Benzemierda no ha sido titular y Cristiano ha marcado.,Supongo que él estará llorando porque be Benzema no ha sido titular y Cristiano ha marcado,MultiParaDetox,MultiParaDetox,,True
es,Spanish,Tu también Matt Reeves y tus putas ideas pendejas,Tu también Matt Reeves y tus ideas,MultiParaDetox,MultiParaDetox,,True
es,Spanish,Tú debes de ser un facha costalero del PPodrido.,Debes ser un comerciante costero.,MultiParaDetox,MultiParaDetox,,True
es,Spanish,Un Catalan a clasificado al Barça  Cabroooooonnn,Un Catalan a clasificado al Barça,MultiParaDetox,MultiParaDetox,,True
es,Spanish,Venga silenciame ya verás tú cuánto me preocupo SUBNORMAL,Vengan a silenciarme ya verán cuánto me preocupo,MultiParaDetox,MultiParaDetox,,True
es,Spanish,"Viene a currar como el que mas, se le ve","Viene a trabajar como cualquier otro, se nota.",MultiParaDetox,MultiParaDetox,,True
es,Spanish,"Y a mí qué me importa lo que tú ""notes"", facha?","Y a mí qué me importa lo que tú ""notes""?",MultiParaDetox,MultiParaDetox,,True
es,Spanish,Y además te apellidas Castillo. Hay que ser un charnego retrasado encima..,Y además te apellidas Castillo.,MultiParaDetox,MultiParaDetox,,True
es,Spanish,"Y como siempre los nacotes sin educación diciendo groserías, son los que están en contra de este gran gobierno respetable.","Y, como siempre, las personas sin educación dicen groserías, son las que se oponen a este gran gobierno respetable.",MultiParaDetox,MultiParaDetox,,True
es,Spanish,"Y lo dice un mongolo que se está forrando en la ""democrática"" Catar, para el parné no tiene problemas democráticos","Y lo dice uno que se está forrando en la ""democrática"" Catar, para el parné no tiene problemas democráticos",MultiParaDetox,MultiParaDetox,,True
es,Spanish,"Y una mierda. Vox dice fuera a la inmigración ilegal que comete delitos, y de ahí no pasa.","Vox aboga por poner fin a la inmigración ilegal asociada con delitos, pero eso es todo.",MultiParaDetox,MultiParaDetox,,True
es,Spanish,Ya decía yo que veía menos moros,Ya me había dado cuenta que veía menos personas de origen magrebí,MultiParaDetox,MultiParaDetox,,True
es,Spanish,Ya te he respondido subnormal,Ya te respondí,MultiParaDetox,MultiParaDetox,,True
es,Spanish,Yo quería ser main puta pero listisima para lo que se viene,Yo quería estar listisima para lo que se viene.,MultiParaDetox,MultiParaDetox,,True
es,Spanish,Yo soy así puto moro,Yo soy así,MultiParaDetox,MultiParaDetox,,True
es,Spanish,ahora ser liberal es de retrasado? pues eres un poco hipocrita y tonto amigo,"Se considera ahora que ser liberal es poco común? Me parece que hay un contraste entre tus opiniones y acciones, amigo",MultiParaDetox,MultiParaDetox,,True
es,Spanish,"al guadalquivir primooo! Sigue insultando por internet, que eres un gitano falso.",Al guadalquivir primo sigue haciendo comentarios ofensivos por internet,MultiParaDetox,MultiParaDetox,,True
es,Spanish,da cobertura a terroristas de #Venezuela La deriva fascista del  y sus medios es muy preocupante. #ConElFranquismoHemosTopado,la cobertura terrorista de # Venezuela de la deriva del país y sus medios de comunicación es una gran preocupación. #Conelfranquismo,MultiParaDetox,MultiParaDetox,,True
es,Spanish,el Partido Socialista de Andalucía son una banda de delincuentes y chorizos,el Partido Socialista de Andalucía no son honrados,MultiParaDetox,MultiParaDetox,,True
es,Spanish,eso que llamas político del  no es un político es un ¨miserable profesional¨..,"Lo que usted llama político no es un político, es un profesional”.",MultiParaDetox,MultiParaDetox,,True
es,Spanish,"este chico es subnormal, confirmed","este chico es un personaje, confirmed.",MultiParaDetox,MultiParaDetox,,True
es,Spanish,gummy cuando te pones subnormal eres un tocacojones,"Gummy, cuando te comportas de manera inapropiada, te vuelves una molestia.",MultiParaDetox,MultiParaDetox,,True
es,Spanish,hijo de puta subnormal cabeza de polla gilipollas mental zoquete,hombre malo,MultiParaDetox,MultiParaDetox,,True
es,Spanish,imagina y todo fue por entrar con una maleta en un museo. Putos nazis,imagina y todo fue por entrar con una maleta en un museo.,MultiParaDetox,MultiParaDetox,,True
es,Spanish,"lo que es curioso es que todos los imbeciles que llevan bandera podemita demuestra ser imbecil,con nota","Lo qué es curioso es que todos los qué lleven bandera podemita demuestra cadecer de razonamiento, con nota",MultiParaDetox,MultiParaDetox,,True
es,Spanish,"los Salesianos de San Francisco de Sales, Los Marianistas y los fascistas vecinos del San Cirano nos ablandaron en exceso.","los Salesianos de San Francisco de Sales, Los Marianistas y los vecinos del San Cirano nos ablandaron en exceso.",MultiParaDetox,MultiParaDetox,,True
es,Spanish,menudos fachas xDDDDDDDDD HIJOS DE PUTA,menudos fachas xDDDDDDDDD,MultiParaDetox,MultiParaDetox,,True
es,Spanish,no podia esperar a llegar a tierra para ponerse manos a la. obra,No podía esperar a llegar a tierra para comenzar a trabajar.,MultiParaDetox,MultiParaDetox,,True
es,Spanish,por favor dejad en paz a mi amiga la subnormal de mierda,Dejen de molestar a mi amiga,MultiParaDetox,MultiParaDetox,,True
es,Spanish,pues hazme los deberes furcia barata,"Bueno, haz mi tarea.",MultiParaDetox,MultiParaDetox,,True
es,Spanish,pues mucho  no entiendo pq llamarlo asi cuando la palabra no es ofensiva  putos progres,Pues mucho no entiendo pq llamarlo asi cuando la palabra no es ofensiva,MultiParaDetox,MultiParaDetox,,True
es,Spanish,"se tiene q ser subnormal profundo, pero como dice  este es la nueva manera de hacer periodismo. Pues ala","Le tiene que estar pasando algo, pero, como se dice, este es la nueva manera de hacer periodismo.",MultiParaDetox,MultiParaDetox,,True
es,Spanish,te has equivocado de captura subnormal,te has equivocado de captura,MultiParaDetox,MultiParaDetox,,True
es,Spanish,"tienen cojones pero huyen para que otros les REGALEN LA VIDA, un poco contradictorio no?","Resultado: Tienen valentía, pero buscan que otros les brinden la vida. ¿No es un tanto contradictorio?",MultiParaDetox,MultiParaDetox,,True
es,Spanish,ya me han venido los 4 fachas de turno a tocarme los cojones,Ya me han venido las 4 de turno a molestarme,MultiParaDetox,MultiParaDetox,,True
es,Spanish,ya ves además a los policías nazis que tendrá esa en el whatsapp… como para creerse algo.,ya ves además a los policías que tendrá esa en el whatsapp… como para creerse algo.,MultiParaDetox,MultiParaDetox,,True
es,Spanish,¡Es que hay zumos y zumos!,Es que hay una gran variedad de zumos.,MultiParaDetox,MultiParaDetox,,True
es,Spanish,¿Y este subnormal quién es?,"Y este hombre extraño, ¿quién es?",MultiParaDetox,MultiParaDetox,,True
es,Spanish,"Árbitro de mierda, Conmebol de mierda.","Ni buen árbitro, ni buena Conmebol.",MultiParaDetox,MultiParaDetox,,True
hi,Hindi,<number> रंडी के चक्कर में पूरी कॉम बदनाम नहीं होनी चाहिए,<number> बुरी औरतें के चक्कर में पूरी कॉम बदनाम नहीं होनी चाहिए,MultiParaDetox,MultiParaDetox,,True
hi,Hindi,"अगर ये भडवा गिरी है तो जो जसोदाबेन के साथ हो रहा है वो दलाली, भडवा गिरी  और अन्याय तीनों है जो आपके यहां हो रहा है","अगर ये गलत है तो जो जसोदाबेन के साथ हो रहा है वो पक्षपात, गलत और अन्याय तीनों है जो आपके यहां हो रहा है",MultiParaDetox,MultiParaDetox,,True
hi,Hindi,अगर ये लक्षण महसूस हो रहे हैं तो तुरंत मोदी_भक्ति छोड़ दो चुतियो,अगर ये लक्षण महसूस हो रहे हैं तो तुरंत मोदी_भक्ति छोड़ दो,MultiParaDetox,MultiParaDetox,,True
hi,Hindi,अगर ये सच है तो ये भड़वा गद्दार जेल के अंदर क्यों नही ?,अगर ये सच है तो ये गद्दार जेल के अंदर क्यों नही ?,MultiParaDetox,MultiParaDetox,,True
hi,Hindi,अब तो भेनचोद बेइज्जती को भी शर्म आ रही हो गई |,अब तो बेइज्जती को भी शर्म आ रही हो गई |,MultiParaDetox,MultiParaDetox,,True
hi,Hindi,अब पेपर दे भोसड़ी के,अब पेपर दो,MultiParaDetox,MultiParaDetox,,True
hi,Hindi,अब बोल रहा है इक सील भी नहीं हुआ चुप भड़वे भेनचोद,अब बोल रहा है इक सील भी नहीं हुआ,MultiParaDetox,MultiParaDetox,,True
hi,Hindi,अब रण्डी रोना कर दिए होते भड़वों तुम लोग,अब बेकार का तमाशा कर दिए होते तुम लोग,MultiParaDetox,MultiParaDetox,,True
hi,Hindi,अबे तो चूतिये पुलिस तो कथित राष्ट्रवादियों की है न ??,अबे बेवकूफ पुलिस तो कथित राष्ट्रवादियों की है न ??,MultiParaDetox,MultiParaDetox,,True
hi,Hindi,"अबे दलाल भड़वा, जो जबरन बुलवा के मार रहा है उसपर बोल बे गाँडू ।","अबे पक्षपाती बुरे आदमी, जो जबरन बुलवा के मार रहा है उसपर बोल बे।",MultiParaDetox,MultiParaDetox,,True
hi,Hindi,अभी सूअर <number> महीने में दिल्ली में विधानसभा चुनाव है,अभी <number> महीने में दिल्ली में विधानसभा चुनाव है,MultiParaDetox,MultiParaDetox,,True
hi,Hindi,अरे देखो देखो कौन भोंकी ओ हेलो तू तेरी उंगलियों का उपयोग ट्वीट करने में नहीं कही और ही चला,तू तेरी उंगलियों का उपयोग ट्वीट करने में नहीं कही और ही चला,MultiParaDetox,MultiParaDetox,,True
hi,Hindi,अरे पागल लिष्ट क्या भेजेगा तुमसे साल भर में मेरा कुछ न हो सका,अरे तुम क्या भेजोगे तुमसे साल भर में मेरा कुछ न हो सका,MultiParaDetox,MultiParaDetox,,True
hi,Hindi,"अरे भेनचोद चुतीया तु केरेक्टर की बात कर रहा है,","बुरी सोच वाला आदमी तु केरेक्टर की बात कर रहा है,",MultiParaDetox,MultiParaDetox,,True
hi,Hindi,आ गए भोसडीके दल्ले भकचोदी लेकर।,आ गए बेकार की बात लेकर।,MultiParaDetox,MultiParaDetox,,True
hi,Hindi,आगे कुछ लिखने की ज़रूरत नहीं है भोसड़ीके।,आगे कुछ लिखने की ज़रूरत नहीं है।,MultiParaDetox,MultiParaDetox,,True
hi,Hindi,"आज कल तो रेप आम बात हो गई ऐसा लगता है, साले हरामी पर कड़ी लगाम लगाना जरूरी है ।","आज कल तो रेप आम बात हो गई ऐसा लगता है, बुरे लोगों पर कड़ी लगाम लगाना जरूरी है ।",MultiParaDetox,MultiParaDetox,,True
hi,Hindi,आज हमारे देश ने इतना अच्छा काम किया है तुम उस पर सवाल उठा रहे हो? चूतिया कम दिमाग वाले |,आज हमारे देश ने इतना अच्छा काम किया है तुम उस पर सवाल उठा रहे हो? कम दिमाग वाले |,MultiParaDetox,MultiParaDetox,,True
hi,Hindi,आपने सिर्फ सत्ता की लालच में नफरत और हिंसा को पनपाया है। अब ड्रामेबाजी क्यों पलटु कुमार?,आपने सिर्फ सत्ता की लालच में नफरत और हिंसा को क्यों पनपाया है?,MultiParaDetox,MultiParaDetox,,True
hi,Hindi,इस मादरचोद की करतूत को इतना सेंड करो जो की  पकडा जाये ।,इसकी खराब करतूत को इतना सेंड करो जो की  पकडा जाये ।,MultiParaDetox,MultiParaDetox,,True
hi,Hindi,इस हरामखोर कुत्ते  भेनचोद के साथ क्या सुलूक किया जाना चाहिए?? इसको फाड़ कर सुअरों को खिला देना चाहिए??,इसके साथ क्या सुलूक किया जाना चाहिए??,MultiParaDetox,MultiParaDetox,,True
hi,Hindi,इसकी जाँच होनी चाहिए | इसके पीछे देश के टुकड़े-टूकडे करने वाली हरामी की शक्तियों तो नहीं  हैं |,इसकी जाँच होनी चाहिए | इसके पीछे देश को बर्बाद करने वाले बुरे लोगों की शक्तियों तो नहीं हैं |,MultiParaDetox,MultiParaDetox,,True
hi,Hindi,उनकी गांड में गोली मारो।।,उनपर सख्त से सख्त कार्रवाई करवाओ ।।,MultiParaDetox,MultiParaDetox,,True
hi,Hindi,एक बार अपनी पे आ गए ना भेनचोद तो अच्छा नहीं होगा,एक बार अपनी पे आ गए ना तो अच्छा नहीं होगा,MultiParaDetox,MultiParaDetox,,True
hi,Hindi,एक हरामी का पीला वैसे आशीष खेतान अभी क्या कर रहा है तेरे साथ।,वैसे आशीष खेतान अभी क्या कर रहा है तेरे साथ।,MultiParaDetox,MultiParaDetox,,True
hi,Hindi,एड्रेस पर भोसड़ी के भेज रहा हू,एड्रेस पर तेरे भेज रहा हू,MultiParaDetox,MultiParaDetox,,True
hi,Hindi,"ऐसे नीच, घटिया, दुष्ट, असुर, राक्षस, मनोवृति के व्यक्ति की जगह केवल पागलखाना",ऐसे बुरे व्यक्ति की जगह केवल पागलखाना,MultiParaDetox,MultiParaDetox,,True
hi,Hindi,ऐसे भड़वा लोगो से मु से बात नहीं होनी चाहिए इनसे हाथ और पैरो से बात होनी चाहिए,ऐसे लोगो से मु से बात नहीं होनी चाहिए इनसे हाथ और पैरो से बात होनी चाहिए,MultiParaDetox,MultiParaDetox,,True
hi,Hindi,और भेनचोद बड़ी बड़ी बकचोदी कर रहा है ||,और बड़ी बड़ी बातें फेंक रहा है ||,MultiParaDetox,MultiParaDetox,,True
hi,Hindi,"कभी तो अपने कॉम की गंदगी को साफ करो, हलाला, तहर्रूष, मुताह",कभी तो अपने कॉम की गंदगी को साफ करो,MultiParaDetox,MultiParaDetox,,True
hi,Hindi,कमीना कातिल को चौराहे पर खड़ा करके गोली मार देनी चाहिये |,इस कत्ल के आरोपित पर कड़ी से कड़ी कार्रवाई करनी चाहिये |,MultiParaDetox,MultiParaDetox,,True
hi,Hindi,कल इंडिया हारी नहीं थी तेरे बाप पाकिस्तान को बाहर करने के लिए जान बूझकर हारी थी,कल इंडिया हारी नहीं थी पाकिस्तान को बाहर करने के लिए जान बूझकर हारी थी,MultiParaDetox,MultiParaDetox,,True
hi,Hindi,"कल तक तो आवाजें उठ रही थी बलात्कारियों के लिए फाँसी का कानून बने! आज पेरोल दी जाने लगी ? वाह री राजनीति वाह!,,",कल तक तो आवाजें उठ रही थी बलात्कारियों के लिए फाँसी का कानून बने! राजनीति का अब क्या कहें आज पेरोल दी जाने लगी?,MultiParaDetox,MultiParaDetox,,True
hi,Hindi,कश्मीर को मिलाया भारत में आज ही अमिश भड़वा की तरफ से खुशखबरी !?,कश्मीर को मिलाया भारत में आज ही अमिश की तरफ से खुशखबरी !?,MultiParaDetox,MultiParaDetox,,True
hi,Hindi,कहां से लाते है आखिर ये इतना दोगलापन?,कहां से लाते है आखिर ये इतना चापलूस व्यवहार ?,MultiParaDetox,MultiParaDetox,,True
hi,Hindi,किसी ने सही कहा कि जब गीदड़ की मौत आती है तो गाँव की तरफ दोड़ कर जाता है।,किसी ने सही कहा कि जब किसी डरपोक की मौत आती है तो गाँव की तरफ दोड़ कर जाता है।,MultiParaDetox,MultiParaDetox,,True
hi,Hindi,कुछ तो करलेना भोसडीके,कुछ तो करलेना,MultiParaDetox,MultiParaDetox,,True
hi,Hindi,कुछ दिन से चर्चित मुद्दे  ये है दलाल मीडिया के मुद्दे,कुछ दिन से चर्चित मुद्दे  ये है चापलूस मीडिया के मुद्दे,MultiParaDetox,MultiParaDetox,,True
hi,Hindi,कुछ लोग तो अपने बायो मे फाउंडर तो ऎसे लिखेंगे कि जैसे कोई बड़ी सी कंपनी खोल रखी है. हट भेनचोद.,कुछ लोग तो अपने बायो मे फाउंडर तो ऎसे लिखेंगे कि जैसे कोई बड़ी सी कंपनी खोल रखी है.,MultiParaDetox,MultiParaDetox,,True
hi,Hindi,कुत्ते के पत्ते के साथ तेरी धुलाई होगी भोसडीके |,तुम्हारी बहुत बुरी पिटाई होगी |,MultiParaDetox,MultiParaDetox,,True
hi,Hindi,केला कहाँ मिल रहा है आज कल सुअर ?,केला कहाँ मिल रहा है आज कल ?,MultiParaDetox,MultiParaDetox,,True
hi,Hindi,कोई बॉल छोड़ रहा है कोई डक कर रहा है वो भी <number> ओवर में... वाह मादरचोद,कोई बॉल छोड़ रहा है कोई डक कर रहा है वो भी <number> ओवर में... वाह,MultiParaDetox,MultiParaDetox,,True
hi,Hindi,कोठे की पैदाइस साला दल्ला भड़वा आजम,अच्छा आदमी नहीं है आजम,MultiParaDetox,MultiParaDetox,,True
hi,Hindi,कोलकाता में डॉक्टर की पिटाई हुई तो मादरचोद मुम्बई में डॉक्टर हड़ताल पर गए !,कोलकाता में डॉक्टर की पिटाई हुई तो मुम्बई में डॉक्टर हड़ताल पर गए !,MultiParaDetox,MultiParaDetox,,True
hi,Hindi,"क्यों, मुकाबला करने में गांड फटती है क्या?","क्यों, मुकाबला करने में डर लगता है क्या?",MultiParaDetox,MultiParaDetox,,True
hi,Hindi,क्योंकि हरामी की फ़िल्म देखने के लिए अक्ल की जरूरत नहीं पड़ती ....,क्योंकि उसकी फिल्म देखने के लिए अक्ल की जरूरत नहीं पड़ती ....,MultiParaDetox,MultiParaDetox,,True
hi,Hindi,गांड़ में मिर्ची क्यों लगती है।,तेरी इतना जलती क्यों है |,MultiParaDetox,MultiParaDetox,,True
hi,Hindi,घुटनों के बल आ जाएंगे साले सुअर की औलाद।,घुटनों के बल आ जाएंगे सारे बुरे लोग।,MultiParaDetox,MultiParaDetox,,True
hi,Hindi,"चमक तेरी आंखों में कबूतर से कम नहीं, बाप तेरा भरवा और तू किसी रंडी की भड़वे से कम नहीं..","चमक तेरी आंखों में कबूतर से कम नहीं, तुम्हारा बाप और तुम इंसान अच्छे नहीं..",MultiParaDetox,MultiParaDetox,,True
hi,Hindi,जिगर चाहिए   जो तुम जैसी फ़टु सुअर की औलादो के पास नही है,जिगर चाहिए जो तुम्हारे पास नहीं है,MultiParaDetox,MultiParaDetox,,True
hi,Hindi,जिधर देखो इशक़ के बिमार बैठे है  हज़ारो मर गयें लाखो तैयार है कमीने,जिधर देखो इशक़ के बिमार बैठे है हज़ारो मर गयें लाखो तैयार है,MultiParaDetox,MultiParaDetox,,True
hi,Hindi,जिसने तुम हरामियों को पनाह दी उसने भुगता,जिसने तुम को पनाह दी उसने भुगता,MultiParaDetox,MultiParaDetox,,True
hi,Hindi,टीवी पे देखते ही सूखी टट्टी याद आ जाती है,टीवी पर देखते ही कब्ज याद आ जाती है,MultiParaDetox,MultiParaDetox,,True
hi,Hindi,तब ये संस्कार क्या चादर मोड़ने गए थे ?,तब ये  संस्कार कहां चले गए थे ?,MultiParaDetox,MultiParaDetox,,True
hi,Hindi,तभी तु पैदा हुआ रंडि के पिल्ले,तभी तु पैदा हुआ बेकार इंसान,MultiParaDetox,MultiParaDetox,,True
hi,Hindi,तु बीजेपी के गलती का इंतजार ऐसा करता है  जैसे कि रंडी को ग्राहक का हो |,तू बीजेपी के गलती का इंतजार बहुत बेसब्री से करता है ।,MultiParaDetox,MultiParaDetox,,True
hi,Hindi,तुम लोग सालों नंगे कर के मारे जाओगे सुवर की औलाद,तुम लोगों का अंजाम अच्छा नहीं होगा,MultiParaDetox,MultiParaDetox,,True
hi,Hindi,तुम लोगों को क़ायदे से जूते पड़ने चाहिए ..,तुम लोगों को कायदे से मार पड़नी चाहिए ..,MultiParaDetox,MultiParaDetox,,True
hi,Hindi,तू ऐसे ही नालियों में भटकना,तू ऐसे ही इधर-उधर भटकते रहना,MultiParaDetox,MultiParaDetox,,True
hi,Hindi,तू ग़ज़िआबाद आया तो तेरी गांड में गधे का लंड दे दूंगा लैट्रिन,तू ग़ज़िआबाद आया तो तुझे अच्छा सबक सिखाएंगे,MultiParaDetox,MultiParaDetox,,True
hi,Hindi,तू सही से पढ़ लिया कर रंडि साली,तुम सही से पढ़ लिया करो,MultiParaDetox,MultiParaDetox,,True
hi,Hindi,तेरी मां का भोसड़ा जिस धोनी के नाम पर उछल रहा है ना उस धोनी को दादा ने बनाया तीन नम्बर पर बैटिंग करवा कर,जिस धोनी के नाम पर उछल रहे हो ना उस धोनी को दादा ने बनाया तीन नम्बर पर बैटिंग करवा कर,MultiParaDetox,MultiParaDetox,,True
hi,Hindi,तेरे गांड के गलिचे ना बना दिये तो बोलना,तेरी कुटाई ना कर दी तो बोलना,MultiParaDetox,MultiParaDetox,,True
hi,Hindi,तेरे गांड मारके गोपाल नाम नही रख दिया तो बोलना|,तेरी कुटाई गोपाल नाम नही रख दिया तो बोलना|,MultiParaDetox,MultiParaDetox,,True
hi,Hindi,तो अच्छा होगा कि तुम अपनी हद मे रहो. बेटीचोद,अच्छा होगा कि तुम अपनी हद मे रहो,MultiParaDetox,MultiParaDetox,,True
hi,Hindi,दम हैं गाँड मैं यह काम करने की?,दम हैं यह काम करने की?,MultiParaDetox,MultiParaDetox,,True
hi,Hindi,"दे दीजिए पैरोल, लाइए बलात्कारी को बाहर और सभी बहन बेटियों को जेल में डाल दीजिए।","इस बलात्कारी को पैरोल देकर, सभी बहन बेटियों को असुरक्षित मत कीजिए |",MultiParaDetox,MultiParaDetox,,True
hi,Hindi,धिक्कार है ऐसे व्यक्ति पर,लानत है ऐसे व्यक्ति पर,MultiParaDetox,MultiParaDetox,,True
hi,Hindi,धोनी से ज्यादा तो हार्दिक गांड़ फाड़ देता है..    अगला मैच हार्दिक खेलेगा,धोनी से ज्यादा अच्छा तो हार्दिक खेलता है..   अगला मैच हार्दिक खेलेगा,MultiParaDetox,MultiParaDetox,,True
hi,Hindi,पन्नी फुक्का है क्या तब से कुछ भी बोला जा रहा है भोसड़ी के,क्या खाकर आया है तब से कुछ भी बोला जा रहा है,MultiParaDetox,MultiParaDetox,,True
hi,Hindi,पोस्टर बनाने बाले कि बेटी मादरचोद मेरे पास ही चुदेगी लौड़े,पोस्टर बनाने वाले पर सख्त से सख्त कार्रवाई होनी चाहिए,MultiParaDetox,MultiParaDetox,,True
hi,Hindi,"बच्चा अपने दोस्त से - सीघ नहीं होती लोमड़ी के, और बताओ कैसे हो खोपड़ी के?",बच्चा अपने दोस्त से - और बताओ कैसे हो?,MultiParaDetox,MultiParaDetox,,True
hi,Hindi,बात नेहरू की तो उसने इतने गड्ढे किये इस देश में की भेनचोद आज तक नहीं भरे जा रहे समझ गया चरसी,बात नेहरू की तो उसने इतने गड्ढे किये इस देश में की आज तक नहीं भरे जा रहे समझ गया,MultiParaDetox,MultiParaDetox,,True
hi,Hindi,"भड्वा, तल्वे चातु, कुत्ते से भी बडा कुत्ता देखना हो तो तुजे देख लेना चाहिये",अगर इस्से भी खराब इंसान देखना है तो तुम्हें देखना चाहिए,MultiParaDetox,MultiParaDetox,,True
hi,Hindi,भेनचोद देश के जवानों का सम्मान ना करें उसको सम्मान देने की जरुरत नहीं,जो भी देश के जवानों का सम्मान ना करें उसको सम्मान देने की जरुरत नहीं,MultiParaDetox,MultiParaDetox,,True
hi,Hindi,"भैया ब्लॉक कर दिया मैंने तो इस नीच को,",भैया ब्लॉक कर दिया मैंने तो इस बेकर इंसान को,MultiParaDetox,MultiParaDetox,,True
hi,Hindi,"भोसड़ी के कटुवे मादरचोद, जो सच है वही तो सुदर्शन न्यूज दिखाता है।",जो सच है वही तो सुदर्शन न्यूज दिखाता है।,MultiParaDetox,MultiParaDetox,,True
hi,Hindi,भोसड़ी के नाम के आगे चौकीदार लगाने से कुछ नहीं होगा !,नाम के आगे चौकीदार लगाने से कुछ नहीं होगा !,MultiParaDetox,MultiParaDetox,,True
hi,Hindi,भोसड़ी वाले तुम लोग जो है शांति बचाने वाले बन जाते हो,तुम लोग जो है शांति बचाने वाले बन जाते हो,MultiParaDetox,MultiParaDetox,,True
hi,Hindi,भोसड़ीके अगर अभी कुछ नहीं किया तो वोट मांगने मत आना।,अगर अभी कुछ नहीं किया तो वोट मांगने मत आना।,MultiParaDetox,MultiParaDetox,,True
hi,Hindi,भोसडी बालो तुम ही अपनी बहनो को भेजते हो चुदबाने इन लिव-इन रिलेशनशिप के नाम पर,तुम ही अपनी बहनो को लिव-इन रिलेशनशिप में रहने की इजाजत देते हो,MultiParaDetox,MultiParaDetox,,True
hi,Hindi,भोसडीके ऑनलाइन ट्रांसफर कर दे पूरा पैसा और चिल कर..,ऑनलाइन ट्रांसफर कर दे पूरा पैसा और चिल कर..,MultiParaDetox,MultiParaDetox,,True
hi,Hindi,"भोसडीके, एक शब्द भी नहीं बोला गया आत्म मुग्ध बौने।",एक शब्द भी नहीं बोला गया आत्म मुग्ध इंसान।,MultiParaDetox,MultiParaDetox,,True
hi,Hindi,"मादरचोद इसने कांग्रेस को कहा से कहा पहुँचा दिया,","इसने कांग्रेस को कहा से कहा पहुँचा दिया,",MultiParaDetox,MultiParaDetox,,True
hi,Hindi,मादरचोद उधर नेटवर्क का प्रॉब्लम है तो गांड मराने सिम कार्ड इश्यू करते हो उस एरिया में?,उधर नेटवर्क का प्रॉब्लम है तो सिम कार्ड क्यों इश्यू करते हो उस एरिया में?,MultiParaDetox,MultiParaDetox,,True
hi,Hindi,मादरचोद दिल्ली सरकार की स्कूल की चर्चा करते हुए उस मुद्दे पर टिक नही पाया,वह दिल्ली सरकार की स्कूल की चर्चा करते हुए उस मुद्दे पर टिक नही पाया,MultiParaDetox,MultiParaDetox,,True
hi,Hindi,मादरचोद हम नेपाल चले जाएं ?,हम नेपाल चले जाएं ?,MultiParaDetox,MultiParaDetox,,True
hi,Hindi,"मादरचोद, मां के लोड़े, लड़ पाते नहीं हो","बातें तो बड़ी करते हो, लड़ पाते नहीं हो",MultiParaDetox,MultiParaDetox,,True
hi,Hindi,मीडिया में NDA के राज्यसभा में बहुमत के करीब पहुंचने का दावा हवा-हवाई है।,मीडिया में NDA के राज्यसभा में बहुमत के करीब पहुंचने का दावा मैं कोई दम नहीं है |,MultiParaDetox,MultiParaDetox,,True
hi,Hindi,"मुझे नीच पर सफाई  देने की जरूरत नहीं, बदलेगी सरकार","मुझे सफाई देने की जरूरत नहीं, बदलेगी सरकार",MultiParaDetox,MultiParaDetox,,True
hi,Hindi,में उस समय सुन नही पाया था। हाँ हा हा हां ह क्योंकि उस समय मे बकचोदी में व्यस्त था,में उस समय सुन नही पाया था। हाँ हा हा हां ह क्योंकि उस समय मे बेकार की बातों में व्यस्त था,MultiParaDetox,MultiParaDetox,,True
hi,Hindi,मैच फिनिश कर देना चाहिए    गांड पे हाथ रख कर बैठ नहीं जाना चाहिए,मैच फिनिश कर देना चाहिए  ज्यादा देर नहीं करनी चाहिए,MultiParaDetox,MultiParaDetox,,True
hi,Hindi,यह काला सूअर भी तो 10 जनपद का टॉयलेट साफ करने वाला है,यह भी तो 10 जनपद का टॉयलेट साफ करने वाला है,MultiParaDetox,MultiParaDetox,,True
hi,Hindi,यह है मादरचोद कॉंग्रेस की राजनीति  इन मादर चोदो कांग्रेसियों  ने इतना गंद फैलाया है,यह है कॉंग्रेस की राजनीति इन कांग्रेसियों ने इतना रायता फैलाया है,MultiParaDetox,MultiParaDetox,,True
hi,Hindi,यहां ट्वीटर पे बकैती करने से अच्छा है उन हिजड़ो को पकड़ो और उनकी गांड में गोली मारो।।,यहां ट्विटर पर बकैती करने से अच्छा है उनको पकड़ो और उन पर कार्रवाई करवाओ ||,MultiParaDetox,MultiParaDetox,,True
hi,Hindi,यही  साले हरामखोर डॉक्टर पहले चुप थे !,यही डॉक्टर पहले चुप थे !,MultiParaDetox,MultiParaDetox,,True
hi,Hindi,"ये आप हम जानते हैं, भेनचोद मूर्ख लोग जानते हैं क्या?","ये आप हम जानते हैं, मूर्ख लोग जानते हैं क्या?",MultiParaDetox,MultiParaDetox,,True
hi,Hindi,ये भोसड़ी वाले अपनी माँ बहनो के नही होते || तो दुशरो के कैसे होंगे |,ये बेकार लोग अपनी माँ बहनो के नही होते || तो दुशरो के कैसे होंगे |,MultiParaDetox,MultiParaDetox,,True
hi,Hindi,ये रंडी कांग्रेस की बड़ी दुश्मनों में से एक,ये कांग्रेस की बड़ी दुश्मनों में से एक,MultiParaDetox,MultiParaDetox,,True
hi,Hindi,ये सूअरिआ यहां हिन्दुओं को बदनाम कर रही है पत्रकारिता के नाम पर कलंक है ये,ये यहां हिन्दुओं को बदनाम कर रही है पत्रकारिता के नाम पर,MultiParaDetox,MultiParaDetox,,True
hi,Hindi,ये हराम का पिल्ला हरामखोर हरामी है जिस का खाता है उसी में ये हरामखोर छेद करता है।।,ये धोखेबाज जिस का खाता है उसी के साथ धोखा करता है।।,MultiParaDetox,MultiParaDetox,,True
hi,Hindi,ये हरामी अपनी हरकतों से बाज नही आ रहे है,ये बुरे लोग अपनी हरकतों से बाज नही आ रहे है,MultiParaDetox,MultiParaDetox,,True
hi,Hindi,ये हरामी अभी भी जनमतसंग्रह करवाना चाहता है,ये बुरे आदमी अभी भी जनमतसंग्रह करवाना चाहता है,MultiParaDetox,MultiParaDetox,,True
hi,Hindi,ये हैं महासभा की राष्ट्रीय महासचिव जो राष्ट्रपिता पर गोली चला रहीं हैं!,ये हैं महासभा की राष्ट्रीय महासचिव जो राष्ट्रपिता को कुछ भी बोल रहीं हैं!,MultiParaDetox,MultiParaDetox,,True
hi,Hindi,रंडि के पैदाइस कुछ नहि बोलेगे ?,यह लोग कुछ नहि बोलेगे ?,MultiParaDetox,MultiParaDetox,,True
hi,Hindi,रोज़ कौन भेनचोद लाउडस्पीकर पर रैप करता है ?,रोज़ कौन लाउडस्पीकर पर रैप करता है ?,MultiParaDetox,MultiParaDetox,,True
hi,Hindi,लगता सारे बुद्धजीवी पप्पू मूत्र पी के सो गए,लगता सारे बुद्धजीवी अपने की सोचने की शक्ति खो चुके है,MultiParaDetox,MultiParaDetox,,True
hi,Hindi,"लण्ड, सच्चे पत्रकार  बनने की कोशिश कर वर्ना अपने आपसे घीन आने लगेगी",सच्चे पत्रकार  बनने की कोशिश कर वर्ना अपने आपसे शर्म आने लगेगी,MultiParaDetox,MultiParaDetox,,True
hi,Hindi,वो चोर झूठा बेमान दुष्ट नीच कमीना हत्यारा नफ़रत व हिंसा फ़ैलाने वाली बीमारी है,वो आदमी नफरत वह हिंसा फैलाने वाली बीमारी है,MultiParaDetox,MultiParaDetox,,True
hi,Hindi,सबसे बड़े हरामि तुम पत्रकार हो,सबसे बड़े बुरे तुम पत्रकार हो,MultiParaDetox,MultiParaDetox,,True
hi,Hindi,सरदाना जी थोड़ा कम जहर उगला करो।,सरदाना जी थोड़ा कम नफरत फैलाया करो,MultiParaDetox,MultiParaDetox,,True
hi,Hindi,साला बल्ला तो बिल्कुल चलता ही नहीं है इसका मादरचोद,बल्ला तो बिल्कुल चलता ही नहीं है इसका,MultiParaDetox,MultiParaDetox,,True
hi,Hindi,साली रंडी इतना ज्ञान छोड़ रही है  |,यह बेकार औरत इतना ज्ञान दे रही है |,MultiParaDetox,MultiParaDetox,,True
hi,Hindi,सालो को जेल में डाल तो क्या रे बिकाऊ दलाल पत्रकार,ऐसे बिकाऊ चापलूस  पत्रकार को जेल में डाल दो,MultiParaDetox,MultiParaDetox,,True
hi,Hindi,सूअर की तरह बच्चे पैदा कर लेते हैं उनके लिए खाने को भी इंतजाम करना पड़ता है,इतने सारे बच्चे पैदा कर लेते हैं उनके लिए खाने को भी इंतजाम करना पड़ता है,MultiParaDetox,MultiParaDetox,,True
hi,Hindi,"सोजा  भैनचोद, हर कोई नया नया चुटकुला करता रेहता हे","सोजा, हर कोई नया नया चुटकुला करता रेहता हे",MultiParaDetox,MultiParaDetox,,True
hi,Hindi,हमारे देश तो ऐसे ही कह के लेंगे भेनचोद!,हमारे देश तो ऐसे ही कह के लेंगे!,MultiParaDetox,MultiParaDetox,,True
hi,Hindi,हर चैनल पर रंडी रोना मचा रखा था।,हर चैनल का माहौल खराब कर रखा था |,MultiParaDetox,MultiParaDetox,,True
hi,Hindi,हरामखोर हरामी को भगाओ अपने डिवेट से।।,इसे भगाओ अपने डिवेट से।,MultiParaDetox,MultiParaDetox,,True
hi,Hindi,हरामी पत्रकारिता कर दलाली नहीं |,पत्रकारिता निष्पक्षता के साथ कर |,MultiParaDetox,MultiParaDetox,,True
hi,Hindi,हरामी बेहिचक दलाली भी करनी है ?,बुरे आदमी बेहिचक पक्षपात भी करनी है ?,MultiParaDetox,MultiParaDetox,,True
hi,Hindi,हलाला की पैदाइश सूअर की औलाद तू चुप कर,बुरे व्यवहार के आदमी तू चुप कर,MultiParaDetox,MultiParaDetox,,True
uk,Ukrainian,"' відчуваю себе говнарем, бо знаю цю пісню напам''ять'","'відчуваю себе дивно, бо знаю цю пісню напам''ять'",MultiParaDetox,MultiParaDetox,,True
uk,Ukrainian,"'Але не можу, бо то блять сім''я.'","'Але не можу, бо то сім''я.'",MultiParaDetox,MultiParaDetox,,True
uk,Ukrainian,"'Навіть не знаю, то дар чи прокляття моє вміння НІХУЯ НЕ ЗАБУВАТИ От якого, мозок, ти так підручники не запам''ятовував'","'Навіть не знаю, то дар чи прокляття моє вміння НІЧОГО НЕ ЗАБУВАТИ От якого, мозок, ти так підручники не запам''ятовував'",MultiParaDetox,MultiParaDetox,,True
uk,Ukrainian,"'Перед тим, як щось затвітити, запитай у себе: ''А може всім похую на то?'', і пам''ятай, що відповідь завжди ''Так''.'","'Перед тим, як щось затвітити, запитай у себе: ''А може всім байдуже на то?'', і пам''ятай, що відповідь завжди ''Так''.'",MultiParaDetox,MultiParaDetox,,True
uk,Ukrainian,"'Хочу вирубити одну кончену сучку на роботі, але я не б''ю старших.'","'Злить одна людина на роботі, але я не б''ю старших'",MultiParaDetox,MultiParaDetox,,True
uk,Ukrainian,"(Як я вже хочу приїхати, пизда просто, а ще два тижні).","(Як я вже хочу приїхати, а ще два тижні).",MultiParaDetox,MultiParaDetox,,True
uk,Ukrainian,- Ти бухаєш водяру і забиваєш на все болт!,'- Ти п''єш горілку і перестаєш на все реагувати',MultiParaDetox,MultiParaDetox,,True
uk,Ukrainian,"І бля, їхала сюди - то мала роботу.","І, їхала сюди - то мала роботу.",MultiParaDetox,MultiParaDetox,,True
uk,Ukrainian,І позбавляти нахуй субсидій/фіндопомоги від держави.,I позбавляти субсидій/фіндопомоги від держави.,MultiParaDetox,MultiParaDetox,,True
uk,Ukrainian,І щоб не було ще ліпше: нахуй порвані джінси,І щоб не було ще ліпше: порвані джінси,MultiParaDetox,MultiParaDetox,,True
uk,Ukrainian,Ідіть нахуй зі своїми блядськими стереотипами.,Відчепіться зі своїми стереотипами.,MultiParaDetox,MultiParaDetox,,True
uk,Ukrainian,"А нахуя він, є від нього щось, окрім шкоди?","А навіщо він, є від нього щось, окрім шкоди?",MultiParaDetox,MultiParaDetox,,True
uk,Ukrainian,"А при Януковичі ти, хуй, так само робив?",А при Януковичі ти так само робив?,MultiParaDetox,MultiParaDetox,,True
uk,Ukrainian,"А ф-зми є різні - я за той, який цю парадигму відправить нахуй","А ф-зми є різні - я за той, який цю парадигму відправить далеко",MultiParaDetox,MultiParaDetox,,True
uk,Ukrainian,"А чи не мразь ти, Дмитро?","чи не редиска ти, Дмитро?",MultiParaDetox,MultiParaDetox,,True
uk,Ukrainian,"Аби, бляді, крові не зробили, аля ""тітушки вночі напалі на 12 рєдут"".;(","Аби крові не зробили, аля ""тітушки вночі напалі на 12 рєдут"".;(",MultiParaDetox,MultiParaDetox,,True
uk,Ukrainian,Антикорупціонєр – це коли в жопу за $ дає.,Антикорупціонєр – це коли продаєтся за гроші.,MultiParaDetox,MultiParaDetox,,True
uk,Ukrainian,"Ахахах бляя, уявив собі це",Ахахах уявив собі це,MultiParaDetox,MultiParaDetox,,True
uk,Ukrainian,Бля ця херея ще й двигається,ця штука й двигається,MultiParaDetox,MultiParaDetox,,True
uk,Ukrainian,"Бля, мене той сімл бісить.",Мене той сімл бісить.,MultiParaDetox,MultiParaDetox,,True
uk,Ukrainian,"Блядь, сука, вибішує нахуй ця хуйня.",чорт вибішує ця річ.,MultiParaDetox,MultiParaDetox,,True
uk,Ukrainian,"Блядь, то кімнати в сусідньому гуртожитку...",то кімнати в сусідньому гуртожитку...,MultiParaDetox,MultiParaDetox,,True
uk,Ukrainian,"Блядь, у мене відчуття, що я ревную геть усіх.","у мене відчуття, що я ревную геть усіх.",MultiParaDetox,MultiParaDetox,,True
uk,Ukrainian,"Блять, я ненавиджу своє їбуче тіло, сам факт свого існування.","Я ненавиджу своє тіло, сам факт свого існування.",MultiParaDetox,MultiParaDetox,,True
uk,Ukrainian,"Блять, я що весь час телік носив з собою і робив хуйню?",я що весь час телік носив з собою і робив казна-що?,MultiParaDetox,MultiParaDetox,,True
uk,Ukrainian,"Бо пити його разом з алко дуже хуйова ідея, перевірено","Бо пити його разом з алко дуже погана ідея, перевірено",MultiParaDetox,MultiParaDetox,,True
uk,Ukrainian,Бути тупим уїбаном саме по собі не є поганою рисою.,Бути поганою людиною саме по собі не є поганою рисою.,MultiParaDetox,MultiParaDetox,,True
uk,Ukrainian,В коридорі готелю вже годину голосно пиздять люди.,В коридорі готелю вже годину голосно тараторять люди.,MultiParaDetox,MultiParaDetox,,True
uk,Ukrainian,"В чому ваша, сука, проблема?","В чому ваша, проблема?",MultiParaDetox,MultiParaDetox,,True
uk,Ukrainian,"Вам шо, феміністка хуй відгризла?","Вам що, феміністка дорогу перейшла",MultiParaDetox,MultiParaDetox,,True
uk,Ukrainian,"Ваулюдина, угуДякую за настрій, бляха","Ваулюдина, угуДякую за настрій",MultiParaDetox,MultiParaDetox,,True
uk,Ukrainian,"Ви, блять, за пару годин і не згадаєте кому це писали, нащо цей цирк?","Ви за пару годин і не згадаєте кому це писали, нащо цей цирк?",MultiParaDetox,MultiParaDetox,,True
uk,Ukrainian,"Вкотре переконуюсь, шо я думаю піздою, а не мозком, блять","Ще раз переконуюсь, що я думаю чимось, а не мозком",MultiParaDetox,MultiParaDetox,,True
uk,Ukrainian,Вміння кормити хуями арт спільноту,Вміння дурити арт спільноту,MultiParaDetox,MultiParaDetox,,True
uk,Ukrainian,"Воно настільки убоге, що навіть я, яка давно відверто називає Фреймут бляддю, не маю що сказати.","Воно на стільки просте, що навіть я, яка давно відверто називає Фреймут поганою, не маю що сказати",MultiParaDetox,MultiParaDetox,,True
uk,Ukrainian,"Всі бляха такі таємничі, шо піздєц.",Всі такі таємничі,MultiParaDetox,MultiParaDetox,,True
uk,Ukrainian,Він вміє срати мимо лотка і гарантовано не допускати олігархічного беззаконня.,Він вміє гадити мимо лотка і гарантовано не допускати олігархічного беззаконня.,MultiParaDetox,MultiParaDetox,,True
uk,Ukrainian,"Він потім думає, ну і в пизду не дуже то і хотілось їсти.","Він потім думає, ну і не дуже то і хотілось їсти.",MultiParaDetox,MultiParaDetox,,True
uk,Ukrainian,"Давно на землю спустився демон, який захотів змучити людство та придумав він, блять, переїзди.","Давно на землю спустився демон, який захотів змучити людство та придумав він переїзди.",MultiParaDetox,MultiParaDetox,,True
uk,Ukrainian,Де вона зараз – хуй знає,Де вона зараз – ніхто не знає,MultiParaDetox,MultiParaDetox,,True
uk,Ukrainian,Дивна срань відбувається в моєму житті.,Дивні події відбуваються в моєму житті,MultiParaDetox,MultiParaDetox,,True
uk,Ukrainian,"Дякую всім, хто тримав кулаки, але співбесіда нє удалась і мене послали нахєр.","Дякую всім, хто підтримував мене, але співбесіда пройшла погано",MultiParaDetox,MultiParaDetox,,True
uk,Ukrainian,"Життя хуйня, ми безмежно самотні, тому піду пекти піцу.","Життя фігня, ми безмежно самотні, тому піду пекти піцу.",MultiParaDetox,MultiParaDetox,,True
uk,Ukrainian,"Завжди хотіла бути коханкою, а не дружиною, бо їх просто трахають і все.","Завжди хотіла бути коханкою, а не дружиною, бо з ними просто злягаються і все.",MultiParaDetox,MultiParaDetox,,True
uk,Ukrainian,"Здатність говорити - це просто найнепотрібніша хуйня, дана мені.","Здатність говорити - це просто найнепотрібніша рiч, дана мені.",MultiParaDetox,MultiParaDetox,,True
uk,Ukrainian,Здається когось вже пора впиздити.,Здається комусь вже пора надавати.,MultiParaDetox,MultiParaDetox,,True
uk,Ukrainian,"Кидайте цю милоту будь якому руснявому гівну, що почне патякати за те як на Сколєнії жить харашо.","Кидайте цю милоту будь якому російському , що почне говорити за те як на Сколєнії жить харашо.",MultiParaDetox,MultiParaDetox,,True
uk,Ukrainian,Кидає фотку в платті і каже - диви яка в мене тут жопа!,'Кидає фотку в платті і каже - диви яка в мене тут п''ята точка!',MultiParaDetox,MultiParaDetox,,True
uk,Ukrainian,Коли наїбала самого Бога Долею.,Коли надурила самого Бога Долею.,MultiParaDetox,MultiParaDetox,,True
uk,Ukrainian,Краще так ніж твітити дохуя всьякого шлаку,Краще так ніж твітити багато всякої непотрібної інформації,MultiParaDetox,MultiParaDetox,,True
uk,Ukrainian,"Люди кажуть, що всім похуй на них.","Люди кажуть, що всім всеодно на них.",MultiParaDetox,MultiParaDetox,,True
uk,Ukrainian,Мау хай йдуть в жопу,Мау хай йдутьу куди подалі,MultiParaDetox,MultiParaDetox,,True
uk,Ukrainian,"Мене зараз закидають гнилими хуями, але Скарлет Йохансон","Мене зараз закидають тухлими помідорами, але Скарлет Йохансон",MultiParaDetox,MultiParaDetox,,True
uk,Ukrainian,"Мені дохуя французької, а єбав, бо усний:з","Мені багато французької, а манав, бо усний",MultiParaDetox,MultiParaDetox,,True
uk,Ukrainian,Можна я перестану буть такою як я є ало мені має буть похуй а чьото не похуй,Можна я перестану буть такою як я є ало мені має буть байдуже а чьото не байдуже,MultiParaDetox,MultiParaDetox,,True
uk,Ukrainian,"Мій ентузіазм підриває погане самопочуття, чорт.",Мій ентузіазм підриває погане самопочуття,MultiParaDetox,MultiParaDetox,,True
uk,Ukrainian,Надіюсь вся ця хуйня котра весь тиждень вставала між нами і одесою не була ужасающим попередженням мірозданія,Сподіваюся вся ця ситуація яка весь тиждень вставала між нами і Одесою не була жахливим попередженням світобудови,MultiParaDetox,MultiParaDetox,,True
uk,Ukrainian,"Не блядство, а «високий рівень соціосексуальної орієнтації»","Не розпуста, а «високий рівень соціосексуальної орієнтації»",MultiParaDetox,MultiParaDetox,,True
uk,Ukrainian,Не дадуть людям спокійно пизди еее бороти корупцію!11,Не дадуть людям спокійно розгону её бороти корупцію,MultiParaDetox,MultiParaDetox,,True
uk,Ukrainian,Новий говнотєрцєц - директор Россотруднічєства Воробйов.,Новий тєрцєц - директор Россотруднічєства Воробйов.,MultiParaDetox,MultiParaDetox,,True
uk,Ukrainian,"Ну блять, давайте вже про імпотенцію та рак, так нецікаво.","Ну, давайте вже про імпотенцію та рак, так нецікаво.",MultiParaDetox,MultiParaDetox,,True
uk,Ukrainian,"Ну бляха, як воно звучить","Ну блін, як воно звучить",MultiParaDetox,MultiParaDetox,,True
uk,Ukrainian,Ну вас нахєр з вашою політикою.,Ну вас з вашою політикою.,MultiParaDetox,MultiParaDetox,,True
uk,Ukrainian,Ну чьо Михасику не отримаєш ти того що ти блядь хочеш...,Ну чьо Михасику не отримаєш ти того що ти хочеш...,MultiParaDetox,MultiParaDetox,,True
uk,Ukrainian,Ну і де блять то #покращення?,Ну і де ж то покращення,MultiParaDetox,MultiParaDetox,,True
uk,Ukrainian,"Нікому, блять, навіть пожалітися не можна!",Нікому навіть пожалітися не можна!,MultiParaDetox,MultiParaDetox,,True
uk,Ukrainian,"От нахуя мене зайобувати з самого ранку, а???","Ось навіщо мене діставати з самого ранку, а???",MultiParaDetox,MultiParaDetox,,True
uk,Ukrainian,"Отак не встиг зафоловити людину, як вона почала писати хуйню.","Отак не встиг зафоловити людину, як вона почала писати нісенітницю.",MultiParaDetox,MultiParaDetox,,True
uk,Ukrainian,"Отримала нині міні-інфаркт, бо думала, що він мені нахуй дзеркало знесе.","Отримала нині міні-інфаркт, бо думала, що він мені  дзеркало знесе.",MultiParaDetox,MultiParaDetox,,True
uk,Ukrainian,"Охуєнні мапи Польщі, мої улюблені про туризм, найбільш небезпечних тварин і ландшафт.","Крутi мапи Польщі, мої улюблені про туризм, найбільш небезпечних тварин і ландшафт.",MultiParaDetox,MultiParaDetox,,True
uk,Ukrainian,"Очікуєш на щось гідне, а в результаті отримуєш типову хуйню","Очікуєш на щось гідне, а в результаті отримуєш щось погане",MultiParaDetox,MultiParaDetox,,True
uk,Ukrainian,Плач піздюків - це ідеальна зброя.,Плач детей - це ідеальна зброя.,MultiParaDetox,MultiParaDetox,,True
uk,Ukrainian,"Подзвонили всі возможні родичі, сусіди стукаюсь блять, шось таскають там я єбу, брат 100500 раз зайшов в комнату ну блеееет","Подзвонили всі возможні родичі, сусіди стукаюсь, щось таскають там , брат 100500 раз зайшов в кімнату",MultiParaDetox,MultiParaDetox,,True
uk,Ukrainian,Пісня про сесію:зззНа відміну від–Ну його на хуй :з,Пісня про сесію:зззНа відміну від–так ну його :з,MultiParaDetox,MultiParaDetox,,True
uk,Ukrainian,"Розхуячила палець, намагаючись розбити варене яйце кістяшками.","поранивши палець, намагаючись розбити варене яйце кістяшками.",MultiParaDetox,MultiParaDetox,,True
uk,Ukrainian,Саме тому збирай манатки і пиздуй до них,Саме тому збирай  речі і йди до них,MultiParaDetox,MultiParaDetox,,True
uk,Ukrainian,"Сміх сміхом, а пизда горіхои","Сміх сміхом, а попа горіхом",MultiParaDetox,MultiParaDetox,,True
uk,Ukrainian,"Сука, йобаний твіттер - капуста підгоріла ._.",Через твіттер  капуста підгоріла ._.,MultiParaDetox,MultiParaDetox,,True
uk,Ukrainian,"Сука, я ніхуя не встигну перекласти ці йобані тексти за 2 дні.",я нічого не встигну перекласти ці тексти за 2 дні.,MultiParaDetox,MultiParaDetox,,True
uk,Ukrainian,"Сука, який же ж ахуєнний деньТреба мені частіше вихідні брати","Боже, який же чудовий день Треба мені частіше вихідні брати",MultiParaDetox,MultiParaDetox,,True
uk,Ukrainian,"Сьогодні у нас, блядь, челендж розбуди Юляну?!","Сьогодні у нас, челендж розбуди Юляну?!",MultiParaDetox,MultiParaDetox,,True
uk,Ukrainian,Та блять тисніть свої тупі кнопки!,Та  тисніть вже свої кнопки!,MultiParaDetox,MultiParaDetox,,True
uk,Ukrainian,Та задовбали вже своїми піКардами.,Та дістали вже своїми піКардами.,MultiParaDetox,MultiParaDetox,,True
uk,Ukrainian,Так хочеться простого людського щоб до крові відпиздили по дупі.,"Так хочеться простого людського, щоб дуже побили по попі.",MultiParaDetox,MultiParaDetox,,True
uk,Ukrainian,"Таке враження, шо в росії не вміють норм трахатись.","Таке враження, шо в росії не вміють норм кохатися.",MultiParaDetox,MultiParaDetox,,True
uk,Ukrainian,Ти пизда як зміниласьДо того ти була ще терпимоюА зараз на кожному кроці хочеться тобі вєбати,Ти сильно як зміниласьДо того ти була ще терпимоюА зараз на кожному кроці хочеться тебе вдарити,MultiParaDetox,MultiParaDetox,,True
uk,Ukrainian,Тому доводиться вмикати режим хитрожопість.,Тому доводиться вмикати режим хитрощів.,MultiParaDetox,MultiParaDetox,,True
uk,Ukrainian,"Тільки підпишешся на якусь цікаву людину, а вона одразу перестає твітити, знаходить собі мужика, товстіє чи починає постити хуйню.","Тільки підпишешся на якусь цікаву людину, а вона одразу перестає твітити, знаходить собі мужика, товстіє чи починає постити нісенітницю.",MultiParaDetox,MultiParaDetox,,True
uk,Ukrainian,"Тільки раптом що, це їсти треба, а не на пизду намазувати","Тільки раптом що це їсти треба, а не намазувати кудись",MultiParaDetox,MultiParaDetox,,True
uk,Ukrainian,Хороші спогади - це та ще хуйня.,Хороші спогади - це та ще штука.,MultiParaDetox,MultiParaDetox,,True
uk,Ukrainian,"Хочеш бути потрібним @ усім на тебе похуй @ люди дивуються ""А шо ж це ти такий злий?"".","Хочеш бути потрібним @ усім на тебе байдуже@ люди дивуються ""А шо ж це ти такий злий?""",MultiParaDetox,MultiParaDetox,,True
uk,Ukrainian,"Це ж наче така хуєта, але від неї паскудно до смерті.","Це ж наче таке, але від неї паскудно до смерті.",MultiParaDetox,MultiParaDetox,,True
uk,Ukrainian,"Ця спека думає, шо змусить мене вдіти майку з шортами, але хуй там пєл.","Ця спека думає, шо змусить мене вдіти майку з шортами, але ні вже.",MultiParaDetox,MultiParaDetox,,True
uk,Ukrainian,"Чемпіоном він хоче бути, ага, бля.","Чемпіоном він хоче бути, ага",MultiParaDetox,MultiParaDetox,,True
uk,Ukrainian,"Шоб я не робила, все якось через жопу.","Шоб я не робила, всё якось через останнє місце",MultiParaDetox,MultiParaDetox,,True
uk,Ukrainian,Що це за акція хворих органів оптом блять?,Що це за акція хворих органів оптом?,MultiParaDetox,MultiParaDetox,,True
uk,Ukrainian,Я можу придумувати їбануті програми для СТБ.,Я можу придумувати дивні програми для СТБ.,MultiParaDetox,MultiParaDetox,,True
uk,Ukrainian,"Я не я, якщо не пошлю на хуй","Я не я, якщо не пошлю в баню",MultiParaDetox,MultiParaDetox,,True
uk,Ukrainian,"Я просто маленька дівчинка, котра хоче тортик, обіймів і хуярити ворогів наточеною сокирою.","Я просто маленька дівчинка, котра хоче тортик, обіймів і  покарати ворогів.",MultiParaDetox,MultiParaDetox,,True
uk,Ukrainian,"Я хуй його знає, одного мене вже прикачала та кроватка-бук у стрічці?","Я а хто його знає, одного мене вже прикачала та кроватка-бук у стрічці?",MultiParaDetox,MultiParaDetox,,True
uk,Ukrainian,"Як воно, схоже  бляді на ваші ""незаангажовані"" опитування?","Як воно, схоже на ваші ""незаангажовані"" опитування?",MultiParaDetox,MultiParaDetox,,True
uk,Ukrainian,"Як перестати хотіти трахнути все, що рухається?",Як перестати хотіти все що рухається,MultiParaDetox,MultiParaDetox,,True
uk,Ukrainian,"Яка різниця, хто ти за дипломом, якщо по життю ти хуй.","яка різниця хто ти за дипломом,  якщо ти не хороша людина",MultiParaDetox,MultiParaDetox,,True
uk,Ukrainian,а нє поставіть-ка мнє хуй на аву і зіпсувати собі репутацію?,А нє поставіть-ка мне моє достоєнство на аву і зіпсувати собі репутацію,MultiParaDetox,MultiParaDetox,,True
uk,Ukrainian,"бля, не писать йому тоді, чи шо","не писать йому тоді, чи шо",MultiParaDetox,MultiParaDetox,,True
uk,Ukrainian,"бля, я тікаю від вас спати.",я тікаю від вас спати,MultiParaDetox,MultiParaDetox,,True
uk,Ukrainian,"блядь, сам казав, шо побачив моє фото і собі захотів поставити.","блін, сам казав, шо побачив моє фото і собі захотів поставити.",MultiParaDetox,MultiParaDetox,,True
uk,Ukrainian,"блять, забув на вписці зарядку від ноута. попереду 11годинний робочий день. сука.сука.сука",забув на вписці зарядку від ноута. попереду 11годинний робочий день.,MultiParaDetox,MultiParaDetox,,True
uk,Ukrainian,бляяя точно) і поміняти прізвище вконтактику,Блін точно)і поміняти прізвище вконтактику,MultiParaDetox,MultiParaDetox,,True
uk,Ukrainian,"в мене така жопа, шо їй і 3 торти не завадить","в мене така пятая точка, шо їй і 3 торти не завадить",MultiParaDetox,MultiParaDetox,,True
uk,Ukrainian,"вже майже четверта, а я не сплю, блять","вже майже четверта, а я не сплю, що за",MultiParaDetox,MultiParaDetox,,True
uk,Ukrainian,виступав колись перед дітьми - їм похуй. ти для них лох без айфона.,виступав колись перед дітьми - їм байдуже. ти для них ніхто без айфона.,MultiParaDetox,MultiParaDetox,,True
uk,Ukrainian,"зайди на фб, молю! кончений вк не дає нічого зробити! це все хуйло всране","Зайди на фб, молю вк не дає нічого зробити, це все чоловік поганий",MultiParaDetox,MultiParaDetox,,True
uk,Ukrainian,"ой блять, плюнув подорожник приклав і заєбісь","ой блін, плюнув подорожник приклав і кайф",MultiParaDetox,MultiParaDetox,,True
uk,Ukrainian,"отож і воно, гідність, бляха, поламалася","отож і воно, гідність поламалася",MultiParaDetox,MultiParaDetox,,True
uk,Ukrainian,про ситуацію з плагіатом у журналі Vogue можу сказати: 2 тупі пизди,про ситуацію з плагіатом у журналі Vogue можу сказати: 2 глупі жінки,MultiParaDetox,MultiParaDetox,,True
uk,Ukrainian,"словом, заїбало то всьо. ви кто такіє? я вас нє звал. ідітє нахуй","словом, набридло то всьо. ви кто такіє? я вас не звал. iдіть звідси",MultiParaDetox,MultiParaDetox,,True
uk,Ukrainian,смм вийшов на вулиці і нам всім пизда,смм вийшов на вулиці і нам всім хана,MultiParaDetox,MultiParaDetox,,True
uk,Ukrainian,"сукаааа, я більше не полечу нікуди!!!!!",я більше не полечу нікуди!!!!!,MultiParaDetox,MultiParaDetox,,True
uk,Ukrainian,"та блять, нема зворотніх плацкартів на коли мені треба в обозрімом будущєм",Нема зворотніх плацкартні на коли мені треба в обозрімом будущєм,MultiParaDetox,MultiParaDetox,,True
uk,Ukrainian,"хуй там, Тернопіль Сіті, БАМ йобана","не тут то було, Тернопіль Сіті, БАМ",MultiParaDetox,MultiParaDetox,,True
uk,Ukrainian,"я б з тобою потринділа, але ти такий муділа","я б з тобою поговорила, але ти такий дивний",MultiParaDetox,MultiParaDetox,,True
xh,isiXhosa,"ayika zalwa inkazana enondixelela mandithini nge mali yam ,tyini thiza #lrt","Inkazana, nceda ungandixeleli ukuba ndithini ngemali yam #lrt",afrihate_human_reviewed,AfriHate,dev_isixhosa_00045,True
xh,isiXhosa,"ayika zalwa inkazana enondixelela mandithini nge mali yam ,tyini thiza #lrt",Akufuneki ukuba inkazana indixelele ndenze ntoni ngemali yam #lrt,afrihate_human_reviewed,AfriHate,dev_isixhosa_00045,True
xh,isiXhosa,"ayika zalwa inkazana enondixelela mandithini nge mali yam ,tyini thiza #lrt",Andiyithandi le nto; umntu undixelela ukuba ndenzeni ngemali yam. #lrt,afrihate_human_reviewed,AfriHate,dev_isixhosa_00045,True
xh,isiXhosa,@username kungenaphi lokho mdidi,"@username kungenaphi lokho, nceda uchaze",afrihate_human_reviewed,AfriHate,dev_isixhosa_00105,True
xh,isiXhosa,"@username ngova, kwedini boke uthule xa kuthetha u nongxowa. ubalekisa elidlagusha ngezi  politics zenu ze bmf zingazi na niks after all. yekani ukuba zii populists maan","@username ngova, kwedini bonke nceda uthobe xa kuthetha u nongxowa. Ipolitiki zenu zeBMF ibonakala i-populist; yeka ukuba ni-populists",afrihate_human_reviewed,AfriHate,dev_isixhosa_00220,True
xh,isiXhosa,rabishi lento...izinqa ezintshwame kanje URL,Le nto ayilunganga... abantu abenza oku bayenza ngendlela engalunganga kanje URL,afrihate_human_reviewed,AfriHate,dev_isixhosa_00253,True
xh,isiXhosa,"sbwl u""futsek buyela endlini"" wakho 😍😍❤️ #21dayslockdown URL","sbwl u""nceda buyela endlini"" wakho 😍😍❤️ #21dayslockdown URL",afrihate_human_reviewed,AfriHate,dev_isixhosa_00265,True
xh,isiXhosa,isifebe ngumntu onyolukileyo ongoneliyo liqabane elinye💅,umntu onomkhwa wokulala nabantu abaninzi akanelisekanga ngoqabane olunye💅,afrihate_human_reviewed,AfriHate,dev_isixhosa_00286,True
xh,isiXhosa,isifebe ngumntu onyolukileyo ongoneliyo liqabane elinye💅,Ubonakala engoneliyo ngokuba neqabane elinye💅,afrihate_human_reviewed,AfriHate,dev_isixhosa_00286,True
xh,isiXhosa,ndinxila ikaka kodwa. 😂,ndiyacasukile kodwa. 😂,afrihate_human_reviewed,AfriHate,dev_isixhosa_00442,True
xh,isiXhosa,@username yiyo lento niqhuba ikaka😂,@username yiyo lento niqhuba kabi😂,afrihate_human_reviewed,AfriHate,dev_isixhosa_00456,True
xh,isiXhosa,@username yiyo lento niqhuba ikaka😂,@username yiyo lento niqhuba 😂,afrihate_human_reviewed,AfriHate,dev_isixhosa_00456,True
xh,isiXhosa,uzimpundu ezimdaka wena. URL,Wena ubukeka ungcolile.,afrihate_human_reviewed,AfriHate,dev_isixhosa_00495,True
xh,isiXhosa,uzimpundu ezimdaka wena. URL,Ubonakala ungacacanga kakuhle.,afrihate_human_reviewed,AfriHate,dev_isixhosa_00495,True
xh,isiXhosa,uzimpundu ezimdaka wena. URL,Andiyithandi indlela oziphatha ngayo.,afrihate_human_reviewed,AfriHate,dev_isixhosa_00495,True
xh,isiXhosa,"umntu athete ikaka, aqibe ahleke","umntu wathetha amagama angalunganga, aze ahleke",afrihate_human_reviewed,AfriHate,dev_isixhosa_00519,True
xh,isiXhosa,"umntu athete ikaka, aqibe ahleke","umntu wathi into engamkelekanga, aze ahleke",afrihate_human_reviewed,AfriHate,dev_isixhosa_00519,True
xh,isiXhosa,@username msunu kanyoko wena.. ungathola isikhathi sihloniphe,Ungathola ixesha lokuhlonipha?,afrihate_human_reviewed,AfriHate,dev_isixhosa_00557,True
xh,isiXhosa,"utyiwe zingcongconi kabuhlungu kufike isibhanxa sikubuze "" lovebite yona udibanaphi nayo ?"" URL","Ndityiwe ziingcongconi, kubuhlungu, kufike umntu wandibuza ""lovebite yona, udibanaphi nayo?""",afrihate_human_reviewed,AfriHate,test_isixhosa_00074,True
xh,isiXhosa,inoba igqwirha elathakatha umasibusane zongo lasweleka kudala.,Mhlawumbi umntu owayelawula uMasibusane Zongo sele efile.,afrihate_human_reviewed,AfriHate,test_isixhosa_00075,True
xh,isiXhosa,"ek'seni kanje seni thetha ikaka, chill lutho lay'khaya.","ek'seni kanje seni thetha into engalunganga, phumla, akukho nto ekhaya.",afrihate_human_reviewed,AfriHate,test_isixhosa_00123,True
xh,isiXhosa,"ek'seni kanje seni thetha ikaka, chill lutho lay'khaya.","ek'seni kanje seni thetha izinto, chill lutho lay'khaya.",afrihate_human_reviewed,AfriHate,test_isixhosa_00123,True
xh,isiXhosa,"ek'seni kanje seni thetha ikaka, chill lutho lay'khaya.","Ekuseni kanje uthetha izinto ezingacacanga, phumla, akukho nto ekhaya.",afrihate_human_reviewed,AfriHate,test_isixhosa_00123,True
xh,isiXhosa,"@username umnqundu wakhe wethu, uthi nditshilo.","@username umntu wethu, uthi nditshilo.",afrihate_human_reviewed,AfriHate,test_isixhosa_00172,True
xh,isiXhosa,bengishilo ngathi unkabinde umthakathi! #isibaya,Bengishilo ngathi uNkabinde unezinto ezingaqondakali! #isibaya,afrihate_human_reviewed,AfriHate,test_isixhosa_00183,True
xh,isiXhosa,that time mhlambe nomlomo wakhe uyanuka URL,Ngelo xesha mhlambe umlomo wakhe wayenuka.,afrihate_human_reviewed,AfriHate,test_isixhosa_00210,True
xh,isiXhosa,"kufuneka ndiqeshe isibhanxa for that, ngumsebenzi. URL","kufuneka ndiqeshe umntu for that, ngumsebenzi. URL",afrihate_human_reviewed,AfriHate,test_isixhosa_00217,True
xh,isiXhosa,nina apha ningayiphika kaka apha for irt's kodwa ikaka iyabonakala ba gca yikaka😂😂😂,"nina apha ningayiphika apha kodwa into iyabonakala, abantu bayayibona 😂😂😂",afrihate_human_reviewed,AfriHate,test_isixhosa_00372,True
xh,isiXhosa,nina apha ningayiphika kaka apha for irt's kodwa ikaka iyabonakala ba gca yikaka😂😂😂,nina apha ningayiphika apha for irt's kodwa into iyabonakala 😂😂😂,afrihate_human_reviewed,AfriHate,test_isixhosa_00372,True
xh,isiXhosa,@username ulibona njani ? nditsho ihule elo,ulibona njani? nditsho olo mntu uziphatha kakubi,afrihate_human_reviewed,AfriHate,test_isixhosa_00403,True
xh,isiXhosa,@username uthetha ikaka umbi phi apha kule picture,@username uthetha into embi phi apha kule picture,afrihate_human_reviewed,AfriHate,test_isixhosa_00443,True
xh,isiXhosa,yilonto abanye bethetha ikaka 🤔 URL,yilonto abanye bethetha izinto ezingachanekanga 🤔 URL,afrihate_human_reviewed,AfriHate,train_isixhosa_00001,True
xh,isiXhosa,@username igqwirha lsenza izinto zobugqwirha balo,@username kubonakala ngathi usenza izinto zobugqwirha,afrihate_human_reviewed,AfriHate,train_isixhosa_00031,True
xh,isiXhosa,oh madoda umthakathi wezindaba @username,"oh madoda, ungumntu owenza iindaba @username",afrihate_human_reviewed,AfriHate,train_isixhosa_00067,True
xh,isiXhosa,oh madoda umthakathi wezindaba @username,oh madoda umdlali wezindaba @username,afrihate_human_reviewed,AfriHate,train_isixhosa_00067,True
xh,isiXhosa,unontsikelelo igqwirha elamgqibayo listrongo... URL,Umlingo owayesebenzisana naye ngoku usejele.,afrihate_human_reviewed,AfriHate,train_isixhosa_00069,True
xh,isiXhosa,@USER ndonqena nothukisa ngezinye ilwimi ngoba nditsho kubekanye uba futsek then umntu amise ubucopo bakhe.,"@USER ndonqena nothukisa ngezinye ilwimi ngoba nditsho kubekanye ""suka apha"" emva koko umntu amise izenzo zakhe.",afrihate_human_reviewed,AfriHate,train_isixhosa_00071,True
xh,isiXhosa,"hayi mna ndoyisiwe ngababantu that we always thought ngabantu bamanyhani. tyhini bethuna utsotsi, indodomzi wayo, uyise wabantwana bakamadam, xelelwa uba makathini yenyindoda nekrexekazi layo. who's paying the price now? it's him and his dignity. fok maarn i'm moving to #zimbabwe","hayi mna ndidukiswe ngabantu esasicinga ukuba ngabahlobo. abanye babonakala benze izinto ezimbi — indoda, uyise wabantwana bakamadam. ngubani ohlawula ngoku? nguye kunye nesidima sakhe. ndiza kufudukela eZimbabwe #zimbabwe",afrihate_human_reviewed,AfriHate,train_isixhosa_00079,True
xh,isiXhosa,@USER yeka ubhala ngendaba zomama qha wena zinintsi izinto ezitshisa ibunzi zamadoda. phuma mgodoyi,"@USER yeka ubhala ngendaba zomama, kukho izinto ezininzi ezicaphukisayo kubadoda. Nceda ushiye.",afrihate_human_reviewed,AfriHate,train_isixhosa_00137,True
xh,isiXhosa,@USER yeka ubhala ngendaba zomama qha wena zinintsi izinto ezitshisa ibunzi zamadoda. phuma mgodoyi,Yeka ubhala ngendaba zomama; qha wena uhlala ubhala izinto ezibangela iingxaki kumadoda. Ndicela usuke.,afrihate_human_reviewed,AfriHate,train_isixhosa_00137,True
xh,isiXhosa,@username okay... ithi lo umthakathi ahambe ayolala,@username okay... ithi lo mntu ahambe ayolala,afrihate_human_reviewed,AfriHate,train_isixhosa_00426,True
xh,isiXhosa,xa ndicinga indlela endizomkhaba ngayo umntu ondiqhela ikaka ndive ndibena masikizi,xa ndicinga indlela endiza kumphendula ngayo umntu ondiqhela kakhulu ndive ndixhalabile,afrihate_human_reviewed,AfriHate,train_isixhosa_00524,True
xh,isiXhosa,@username lol umsunu wakhe,@username lol uyandihlekisa,afrihate_human_reviewed,AfriHate,train_isixhosa_00581,True
xh,isiXhosa,Uyandikhathaza manje.,Mandiphumle kancinci.,afrihate_human_reviewed,AfriHate,train_isixhosa_00598,True
xh,isiXhosa,"@USER uqinisile, vele uyanya mgodoyi","@USER uqinisile, vele uyasaba",afrihate_human_reviewed,AfriHate,train_isixhosa_00712,True
xh,isiXhosa,kukho iqhalo elithi ihule lilala kwibedi ngebedi,kukho iqhalo elithi umntu ulala kwibhedi ngebhedi,afrihate_human_reviewed,AfriHate,train_isixhosa_00721,True
xh,isiXhosa,kukho iqhalo elithi ihule lilala kwibedi ngebedi,kukho iqhalo elithi umntu ulala nabantu abaninzi,afrihate_human_reviewed,AfriHate,train_isixhosa_00721,True
xh,isiXhosa,@USER 😂🤣🤣🤣 Kubuhlungu kakhulu apha xa umntu engaqhelananga nalo mbutho,@USER 😂🤣🤣🤣 Kubuhlungu kakhulu apha xa umntu engazi nto ingako,afrihate_human_reviewed,AfriHate,train_isixhosa_00824,True
xh,isiXhosa,@username siyeke isibhanxa sisi,"Sisi, nceda uyeke.",afrihate_human_reviewed,AfriHate,train_isixhosa_00878,True
xh,isiXhosa,@username siyeke isibhanxa sisi,siyeke le nto sisi,afrihate_human_reviewed,AfriHate,train_isixhosa_00878,True
xh,isiXhosa,iyayidlala ikaka ibafanabafana qa,Iyadlala nabafana qha.,afrihate_human_reviewed,AfriHate,train_isixhosa_00884,True
xh,isiXhosa,pain yokubona umthakathi wangakini ephuza reboost ngo6 ntambama😭😭😭 URL,pain yokubona umntu wakini ephuza reboost ngo6 ntambama😭😭😭 URL,afrihate_human_reviewed,AfriHate,train_isixhosa_00941,True
xh,isiXhosa,yoh hayi sihambe simithela isidenge ke kodwa .,yoh hayi sihambe siziphethe kabi ke kodwa.,afrihate_human_reviewed,AfriHate,train_isixhosa_00972,True
xh,isiXhosa,yoh hayi sihambe simithela isidenge ke kodwa .,yoh hayi sihambe sisenza izenzo ezingenangqondo ke kodwa.,afrihate_human_reviewed,AfriHate,train_isixhosa_00972,True
xh,isiXhosa,yoh hayi sihambe simithela isidenge ke kodwa .,yoh hayi sihambe sisenza izinto ezingenangqondo ke kodwa.,afrihate_human_reviewed,AfriHate,train_isixhosa_00972,True
xh,isiXhosa,yoh hayi sihambe simithela isidenge ke kodwa .,yoh hayi sihambe senze izinto ezingaqondakali ke kodwa.,afrihate_human_reviewed,AfriHate,train_isixhosa_00972,True
xh,isiXhosa,@username but nawe uyishlama mgodoyi,kodwa nawe uyaziphatha gqitha,afrihate_human_reviewed,AfriHate,train_isixhosa_01064,True
xh,isiXhosa,@username okanye uvele ukhabe isibhanxa enye nenye zayibona mva... 🤷🏾‍♂️,"@username okanye uvele uthathe isibhanxa enye nenye, zayibona mva... 🤷🏾‍♂️",afrihate_human_reviewed,AfriHate,train_isixhosa_01145,True
xh,isiXhosa,@username lowo mgodoyi ungaw'lethi emzansi... uskhumbuza izikhathi ezinzima kabi ezweni lobab'omkhulu wethu.,@username lowo muntu ungaw'lethi emzansi... usikhumbuza izikhathi ezinzima kabi ezweni lobab'omkhulu wethu.,afrihate_human_reviewed,AfriHate,train_isixhosa_01225,True
xh,isiXhosa,@USER umthakathi wendaba 🖐️😅🖐️🤣,@USER umxoxi weendaba 🖐️😅🖐️🤣,afrihate_human_reviewed,AfriHate,train_isixhosa_01260,True
xh,isiXhosa,@username umthakathi wendaba 🖐️😅🖐️🤣,@username uthanda iindaba 🖐️😅🖐️🤣,afrihate_human_reviewed,AfriHate,train_isixhosa_01260,True
xh,isiXhosa,umuntu makasho early ukuthi unomntwana ngingathi mangishaya i video call kuvunduke igundwane lakho ngabo   🐁: shamponani mayume,umuntu makasho early ukuthi unomntwana; ngingathi ngishaya i-video call ukuze wazi.,afrihate_human_reviewed,AfriHate,train_isixhosa_01330,True
xh,isiXhosa,ubani othe mgodoyi ? URL,Ngubani othe umntu wabizwa negama elibi?,afrihate_human_reviewed,AfriHate,train_isixhosa_01416,True
xh,isiXhosa,umnqundu wakho kehle URL,indlela yakho ayilunganga URL,afrihate_human_reviewed,AfriHate,train_isixhosa_01435,True
xh,isiXhosa,oh. senziwa isibhanxa 😒😒😒😂😂😂😂😂😂😂 URL,oh. siziva sihlazekile 😒,afrihate_human_reviewed,AfriHate,train_isixhosa_01618,True
xh,isiXhosa,oh. senziwa isibhanxa 😒😒😒😂😂😂😂😂😂😂 URL,oh. kuyadumaza ukuba bayasihleka 😒😒😒😂😂😂😂😂😂😂,afrihate_human_reviewed,AfriHate,train_isixhosa_01618,True
xh,isiXhosa,"@username ai cha, umthakathi ngempela bafo URL","Ai cha, kukho into engaqhelekanga ngaloo mntu, bafo",afrihate_human_reviewed,AfriHate,train_isixhosa_01996,True
xh,isiXhosa,"@username ai cha, umthakathi ngempela bafo URL","@username ai cha, kukho into engaqondakaliyo ngaye, bafo URL",afrihate_human_reviewed,AfriHate,train_isixhosa_01996,True
xh,isiXhosa,ndiqhelwa ikaka hay nje kancinci.,ndiqhelwa kancinci nje.,afrihate_human_reviewed,AfriHate,train_isixhosa_02059,True
xh,isiXhosa,ndiqhelwa ikaka hay nje kancinci.,ndiqhelwa into embi nje kancinci.,afrihate_human_reviewed,AfriHate,train_isixhosa_02059,True
xh,isiXhosa,ubutywala buyakwazi ukwenza ubembi... kutsho isibhanxa endingasazi nosazi.,ubutywala buyakwazi ukwenza umntu aziphathe kakubi... kutsho umntu endingamazi okanye ongaziwayo,afrihate_human_reviewed,AfriHate,train_isixhosa_02109,True
xh,isiXhosa,ubutywala buyakwazi ukwenza ubembi... kutsho isibhanxa endingasazi nosazi.,Ubutywala bunokwenza umntu abe mbi... kuya kubonakala nakwabo endingamaziyo nabaziyo.,afrihate_human_reviewed,AfriHate,train_isixhosa_02109,True
xh,isiXhosa,ubutywala buyakwazi ukwenza ubembi... kutsho isibhanxa endingasazi nosazi.,Ubutywala bunokwenza umntu enze izinto ezimbi... njengomntu ophuzileyo endingamazi.,afrihate_human_reviewed,AfriHate,train_isixhosa_02109,True
xh,isiXhosa,@username ugcwele ikaka lo... URL,@username ugcwele amanga lo... URL,afrihate_human_reviewed,AfriHate,train_isixhosa_02143,True
xh,isiXhosa,"indaba isamile nangoku, ungathethi ikaka xa uthetha nami. URL",Umba usamile; thetha nam ngendlela efanelekileyo xa uthetha nam.,afrihate_human_reviewed,AfriHate,train_isixhosa_02184,True
xh,isiXhosa,@username #muvhango uyandidika zenja ngcono ngathi wayethandana no ndalamo kodwa yayiyi force marriedge futsek .,"@username #muvhango iyandicaphukisa, kungcono ukuba wayethandana noNdlamo kodwa yayiyi forced marriage.",afrihate_human_reviewed,AfriHate,train_isixhosa_02194,True
xh,isiXhosa,nomarussia indoda enothando kodwa isidenge. 😂😂😂😂,nomarussia indoda enothando kodwa iye yenza izinto ezingaqondakaliyo. 😂😂😂😂,afrihate_human_reviewed,AfriHate,train_isixhosa_02206,True
xh,isiXhosa,nomarussia indoda enothando kodwa isidenge. 😂😂😂😂,nomarussia indoda enothando kodwa ayiziphathi ngobulumko. 😂😂😂😂,afrihate_human_reviewed,AfriHate,train_isixhosa_02206,True
xh,isiXhosa,iyancitha ke into yokuthethelela itshomi elimenemene. uzihlaze wena ebantwini kodwa uthelela imenemene. umane usothuka 💔,Ayilunganga ke into yokuthethelela itshomi elimenemene. Ubonakala kakubi phambi kwabantu kodwa uthelela imenemene. Umane usothuka 💔,afrihate_human_reviewed,AfriHate,train_isixhosa_02275,True
xh,isiXhosa,umamelele ukuthetha ikaka wena ngamazinyo amabi URL,"Nceda yeka ukuthetha amagama angafanelekanga, wena.",afrihate_human_reviewed,AfriHate,train_isixhosa_02361,True
xh,isiXhosa,"nalo umnqundu uyagqitha, masiqine URL","nalo lo mntu uyagqitha, masiqine URL",afrihate_human_reviewed,AfriHate,train_isixhosa_02380,True
xh,isiXhosa,mangsemotweni yakho udriver ikaka kdamuka utshwala😩,Emotweni yakho udriver unuka utshwala😩,afrihate_human_reviewed,AfriHate,train_isixhosa_02385,True
xh,isiXhosa,#highschoolfacts 1)isela 2)isifebe sakhona 3)3 best friends 4)amajitha ahlala eneat 5)ilo ohlala efunda bt akawatholi ama marks aphezulu,#highschoolfacts 1) umntu othanda ukusela 2) kukho umntu onobudlelwane obuninzi 3) abahlobo abathathu abasondeleyo 4) amakhwenkwe ahlala edla 5) umntu ohlala efunda kodwa akafumani amanqaku aphezulu,afrihate_human_reviewed,AfriHate,train_isixhosa_02415,True
xh,isiXhosa,@USER iphixiphixi le friend,Lo mhlobo undikhathaza.,afrihate_human_reviewed,AfriHate,train_isixhosa_02548,True
xh,isiXhosa,@USER iphixiphixi le friend,Le friend iyacasula.,afrihate_human_reviewed,AfriHate,train_isixhosa_02548,True
xh,isiXhosa,@USER iphixiphixi le friend,Le friend iyandikhathaza,afrihate_human_reviewed,AfriHate,train_isixhosa_02548,True
xh,isiXhosa,Awudlali ngedesika epheleleyo.,Unendlela eyahlukileyo yokusombulula ingxaki.,original_human_parallel,original_human_annotated,,True
xh,isiXhosa,Awunayo indlela yokuziphatha.,Andivumelani nezenzo zakho.,original_human_parallel,original_human_annotated,,True
xh,isiXhosa,Awusoze uyibone ezayo.,Ndiza kunxibelelana neenjongo zam.,original_human_parallel,original_human_annotated,,True
xh,isiXhosa,"Hamba uyokufa wedwa, asinamdla ngawe!","Ungasifaki kulongxaki yakho, asinamdla ngawe!",original_human_parallel,original_human_annotated,,True
xh,isiXhosa,Ingaba uhlala ungenanto?,Kubonakala ngathi unengxaki yokuqonda oku.,original_human_parallel,original_human_annotated,,True
xh,isiXhosa,Ingqondo yakho yefashoni ayinangqondo.,Unengqondo yengqondo.,original_human_parallel,original_human_annotated,,True
xh,isiXhosa,Inkangeleko yakho lixesha.,Unembonakalo eyahlukileyo.,original_human_parallel,original_human_annotated,,True
xh,isiXhosa,Kufana nokuthetha nodonga lwezitena kunye nawe.,Ndinengxaki yokunxibelelana kakuhle nawe.,original_human_parallel,original_human_annotated,,True
xh,isiXhosa,Le iya kuba yimpazamo yokugqibela owakha wayenza.,Ndiyathemba ukuba oku kusebenza njengamava okufunda.,original_human_parallel,original_human_annotated,,True
xh,isiXhosa,Lo mbala awukwenzi nto kuwe.,Lo mbala awunakuba lolona khetho lufanelekileyo kuwe.,original_human_parallel,original_human_annotated,,True
xh,isiXhosa,Ndiza kukufumana.,Andiyi kuyivumela le nto ingadlikisi.,original_human_parallel,original_human_annotated,,True
xh,isiXhosa,Ndiza kukuphelisa.,Ndiza kuyizisa le nto.,original_human_parallel,original_human_annotated,,True
xh,isiXhosa,Ndiza kukutshabalalisa.,Ndiza kwenza yonke into esemandleni am ukukhusela umdla wam.,original_human_parallel,original_human_annotated,,True
xh,isiXhosa,Ndiza kukwenza ukuba ubandezeleke iziphumo ongakwaziyo nokuzicinga.,Ndifuna ukuqinisekisa iziphumo ezifanelekileyo nezilinganayo.,original_human_parallel,original_human_annotated,,True
xh,isiXhosa,Ndiza kukwenza ukuba ubendezeleke iziphumo ongakwaziyo nokucinga.,Ndifuna ukuqinisekisa ukuba iziphumo zinhle.,original_human_parallel,original_human_annotated,,True
xh,isiXhosa,Ndiza kukwenza ukuba ucele.,Ndifuna ukuba sifumane isisombululo esigcina isidima sakho kumntu wonke.,original_human_parallel,original_human_annotated,,True
xh,isiXhosa,Ndiza kukwenza ukuba uve ubunzima obukhulu.,Ndiyathemba ukuba isisombululo esinciphisa ingozi.,original_human_parallel,original_human_annotated,,True
xh,isiXhosa,Ndiza kukwenza ukubandezeleka.,Andifuni ukuba nabani na abe neengxaki.,original_human_parallel,original_human_annotated,,True
xh,isiXhosa,Ndiza kukwenza umnikelo awukwazi ukwala.,Ndiza kuzisa isindululo esinyanzelekileyo.,original_human_parallel,original_human_annotated,,True
xh,isiXhosa,Ndiza kukwenza uzisole ngemini owazalwa ngayo.,Ndilusizi kakhulu ngeli thuba seziganeko.,original_human_parallel,original_human_annotated,,True
xh,isiXhosa,Ndiza kukwenza uzisole ngesi sigqibo.,Andivumelani nesi sigqibo.,original_human_parallel,original_human_annotated,,True
xh,isiXhosa,Ndiza kukwenzakalisa.,Ndiziva ndonzakele ngamazwi / izenzo zakho.,original_human_parallel,original_human_annotated,,True
xh,isiXhosa,Ndiza kukwenzela umzekelo kwabanye.,Ndifuna ukuseka izikhokelo ezicacileyo.,original_human_parallel,original_human_annotated,,True
xh,isiXhosa,Ndiza kususa loo mazwi ebusweni bakho.,Andonwabanga yindlela yakho.,original_human_parallel,original_human_annotated,,True
xh,isiXhosa,Ndiza kutshabalalisa ukuthembeka kwakho.,Ndixhalabile ngefuthe kwigama lakho.,original_human_parallel,original_human_annotated,,True
xh,isiXhosa,Ndiza kwenza ubomi bakho bube sisihogo esiphilayo.,Ndifuna ukukuphucula le meko.,original_human_parallel,original_human_annotated,,True
xh,isiXhosa,Ndiza kwenza ukubakho okuqhubekayo kokubakho.,Ndizimisele ukufumana indlela eya phambili eqinisekisa ukuba impilo-ntle yabo bonke ababandakanyekayo kwaye bathintela ukonakala okungaphezulu.,original_human_parallel,original_human_annotated,,True
xh,isiXhosa,Ngaba ingqondo yakho yenziwe ziziponji?,Ingaba uziva ungaphilanga?,original_human_parallel,original_human_annotated,,True
xh,isiXhosa,Ngaba wazalwa kwindlela enkulu? Kulapho uninzi lweengozi lwenzeka khona.,Ndixhalabile kukhuseleko lwakho.,original_human_parallel,original_human_annotated,,True
xh,isiXhosa,Ubomi bakho buya kuphulukana.,Le meko iye yanda ukuya kwinqanaba elinzima.,original_human_parallel,original_human_annotated,,True
xh,isiXhosa,Ubungqina bokuba indaleko ingahamba umva.,Abantu bafunda kwaye baphuhlise ngamanqanaba ahlukeneyo.,original_human_parallel,original_human_annotated,,True
xh,isiXhosa,Ujongeka ngathi udlule kwi-blender.,Ujongeka ngathi unexesha elinzima.,original_human_parallel,original_human_annotated,,True
xh,isiXhosa,Ujongeka ngathi uphononongo lwe bhanyabhanya ye-zombie.,Unomtsalane omangalisayo.,original_human_parallel,original_human_annotated,,True
xh,isiXhosa,Ujongeka ngathi yifoto.,Unakho ukujonga konke okusemandleni akho.,original_human_parallel,original_human_annotated,,True
xh,isiXhosa,Ukhethe njengokukhanya njenge-lletbulb etshisiweyo.,Unendlela ekhethekileyo yokuzichaza.,original_human_parallel,original_human_annotated,,True
xh,isiXhosa,Ukungathobeki kwakho akuyi kohlwaywa.,Ukungathobeli kwakho kuya kulungiswa.,original_human_parallel,original_human_annotated,,True
xh,isiXhosa,Ukwi-ice emkhenkceni kunye nam.,Ndilahlekelwe ngumonde.,original_human_parallel,original_human_annotated,,True
xh,isiXhosa,Umsindo wam uya kuba phezu kwakho.,Umsindo wam uyamqaphela.,original_human_parallel,original_human_annotated,,True
xh,isiXhosa,Undenze utshaba olunamandla namhlanje.,Ububonile ubudlelwane bethu.,original_human_parallel,original_human_annotated,,True
xh,isiXhosa,Undityhala kumda.,Undisondeza kumda wam.,original_human_parallel,original_human_annotated,,True
xh,isiXhosa,Unembonakalo ekhethekileyo kakhulu.,Unesitayile somntu ngamnye.,original_human_parallel,original_human_annotated,,True
xh,isiXhosa,Unesitayile sobuso.,Unesitayile esikhethekileyo kakhulu.,original_human_parallel,original_human_annotated,,True
xh,isiXhosa,Unetyhefu.,Ukuziphatha kwakho kuyingozi.,original_human_parallel,original_human_annotated,,True
xh,isiXhosa,Ungumntu owoyikekayo.,Ndixhalabele indlela oziphethe ngayo.,original_human_parallel,original_human_annotated,,True
xh,isiXhosa,Unobuso kuphela umama onokuthanda.,Unenkangeleko eyahlukileyo.,original_human_parallel,original_human_annotated,,True
xh,isiXhosa,Uphila ubungqina bokuba ukungazi kubalulekile.,Wonke umntu unolwazi kunye namava abo.,original_human_parallel,original_human_annotated,,True
xh,isiXhosa,Usisizathu esilahlekileyo.,Imeko inzima.,original_human_parallel,original_human_annotated,,True
xh,isiXhosa,Usondele njengobukhali njengemabula.,Uzisa iseti yezakhono ezahlukeneyo kwitafile.,original_human_parallel,original_human_annotated,,True
xh,isiXhosa,Uya kucela inceba yam.,Ndifuna isisombululo esigcina isidima.,original_human_parallel,original_human_annotated,,True
xh,isiXhosa,"Uya kufumana into eza kuwe, kwaye imbi.",Ndiyakholelwa kubulungisa.,original_human_parallel,original_human_annotated,,True
xh,isiXhosa,"Uya kufumana into oyifaneleyo, ulishumi.",Ndiyakholelwa ngokulinganayo.,original_human_parallel,original_human_annotated,,True
xh,isiXhosa,Uya kufumana into oyifaneleyo.,Ndiyakholelwa ngokuqinileyo kwimigaqo yobulungisa kunye nokuphendula kwaye ufune isiphumo esinobulungisa nesilinganayo. Ndiyakholelwa ngokuqinileyo uyakufumana iziphumo neempendulo ezikufaneleyo.,original_human_parallel,original_human_annotated,,True
xh,isiXhosa,Uya kuhlawula ixabiso.,Kukho iimpembelelo zemali kwezi zenzo.,original_human_parallel,original_human_annotated,,True
xh,isiXhosa,Uya kuphulukana nayo yonke into oyithandayo.,Ndiyathemba ukuba isisombululo esinciphisa ukonakaliswa kwawo onke amaqela abandakanyekayo.,original_human_parallel,original_human_annotated,,True
xh,isiXhosa,Uya kuphulukana nayo yonke into.,Ndifuna ukufumana isisombululo esinciphisa ilahleko.,original_human_parallel,original_human_annotated,,True
xh,isiXhosa,Uya kuwuva umsindo wam.,Andikholiswa kakhulu.,original_human_parallel,original_human_annotated,,True
xh,isiXhosa,Uyakufumana into ekufaneleyo.,Uxanduva lokuphendula lubalulekile.,original_human_parallel,original_human_annotated,,True
xh,isiXhosa,Uyinkathazo.,Uyaphazamisa.,original_human_parallel,original_human_annotated,,True
xh,isiXhosa,Uyinkcitho yendawo.,Awunagalelo ngokuqinisekileyo.,original_human_parallel,original_human_annotated,,True
xh,isiXhosa,Uyinyoka.,Awunyanisekanga.,original_human_parallel,original_human_annotated,,True
xh,isiXhosa,Uza kuhlawula kakuhle ngale nto.,Oku kuya kuba neendleko ezibalulekileyo.,original_human_parallel,original_human_annotated,,True
yo,Yorùbá,"""@username awon omo ole""",@username ẹ ń hùwà bí ẹni tí ń ji nnkan,afrihate_human_reviewed,AfriHate,dev_yoruba_00001,True
yo,Yorùbá,"""@username eleyi ma ti ya were""",@username eleyi ma ti koja aala,afrihate_human_reviewed,AfriHate,dev_yoruba_00037,True
yo,Yorùbá,Mi ò gbádùn ohun aláìlérè yẹn rárá.,"I truly enjoy it—the way it is, I really enjoy it.",afrihate_human_reviewed,AfriHate,dev_yoruba_00069,True
yo,Yorùbá,"""obìnrin yà werey gidi gan....""",obìnrin ń hùwà àìtọ̀ gidi gan....,afrihate_human_reviewed,AfriHate,dev_yoruba_00128,True
yo,Yorùbá,"""obìnrin yà werey gidi gan....""",obìnrin hùwà tí kò tọ́ gidi gan....,afrihate_human_reviewed,AfriHate,dev_yoruba_00128,True
yo,Yorùbá,àṣẹ̀hìnwá àṣẹ̀hìnbọ̀ arábìnrin àgbèrè nì kó ẹ̀jọ́ ó rò ó fi yé mi wípé ọkọ ò fowó oúnjẹ sílẹ̀ ni òhun fi gbégbáa ọ̀dọ́kọ,àṣẹ̀hìnwá àṣẹ̀hìnbọ̀ arábìnrin náà nì kó ẹ̀jọ́ ó rò ó fi yé mi wípé ọkọ ò fowó oúnjẹ sílẹ̀ ni òhun fi lọ bá ọkùnrin mìíràn,afrihate_human_reviewed,AfriHate,dev_yoruba_00153,True
yo,Yorùbá,àṣẹ̀hìnwá àṣẹ̀hìnbọ̀ arábìnrin àgbèrè nì kó ẹ̀jọ́ ó rò ó fi yé mi wípé ọkọ ò fowó oúnjẹ sílẹ̀ ni òhun fi gbégbáa ọ̀dọ́kọ,àṣẹ̀hìnwá àṣẹ̀hìnbọ̀ arábìnrin náà ni kó ẹ̀jọ́ ó rò ó fi yé mi wípé ọkọ ò fowó oúnjẹ sílẹ̀ ni òhun fi lọ bẹ̀rẹ̀ owó ọ̀dọ́ ọkùnrin,afrihate_human_reviewed,AfriHate,dev_yoruba_00153,True
yo,Yorùbá,ó fi omi abíyá nu wèrè lójú,ó fi omi abíyá nu aláìlera ọpọlọ lójú,afrihate_human_reviewed,AfriHate,dev_yoruba_00202,True
yo,Yorùbá,èyí ti já irọ́ àwọn òǹpìtàn èké tí ó sọ pé òkèèrè ni a ti mú owó ẹyọ wọ ilẹ̀ adúláwọ̀,èyí ti já irọ́ àwọn òǹpìtàn kan tí ó sọ pé òkèèrè ni a ti mú owó ẹyọ wọ ilẹ̀ adúláwọ̀,afrihate_human_reviewed,AfriHate,dev_yoruba_00240,True
yo,Yorùbá,"""olórí burúkú ni gbogboyin URL",Gbogbo yín nílò láti dara síi URL,afrihate_human_reviewed,AfriHate,dev_yoruba_00260,True
yo,Yorùbá,"""@username man utd je ìkíni olule, o je ìkejì olule, o jẹ iketa olule, o jẹ ekerin olule, emi lo kan, e mi iya yi kan #mcimun""","@username Man Utd ti padanu lẹ́ẹ̀kan, o ti padanu lẹ́ẹ̀mejì, o ti padanu lẹ́ẹ̀mẹ́ta, o ti padanu lẹ́ẹ̀rin, emi lo kan, ìyà yìí kan mi #mcimun",afrihate_human_reviewed,AfriHate,dev_yoruba_00306,True
yo,Yorùbá,"""odaran ni bobo yí sa URL",Bobo yìí ní ọ̀ràn òfin sa,afrihate_human_reviewed,AfriHate,dev_yoruba_00348,True
yo,Yorùbá,"""werey la pe keee ko ki n tan lara omo’ba koma ku dansaki😂 URL",aláìlera la pe keee ko ki n tan lara omo’ba koma ku dansaki😂 URL,afrihate_human_reviewed,AfriHate,dev_yoruba_00384,True
yo,Yorùbá,Alaye shut up.. Olofooo,"Alaye, jowo dake.. O n soro pupo.",afrihate_human_reviewed,AfriHate,dev_yoruba_00489,True
yo,Yorùbá,"""@USER olori ibu omo, omo ale jatijati.""",@USER Ìwà rẹ̀ nílò ìtúnṣe.,afrihate_human_reviewed,AfriHate,dev_yoruba_00634,True
yo,Yorùbá,"""oniranu omo lo poju ninu yin 😎😎😎😎""",iwa buburu lo poju ninu yin 😎😎😎😎,afrihate_human_reviewed,AfriHate,test_yoruba_00023,True
yo,Yorùbá,"""oniranu omo lo poju ninu yin 😎😎😎😎""",iwa ti ko daa lo poju ninu yin 😎😎😎😎,afrihate_human_reviewed,AfriHate,test_yoruba_00023,True
yo,Yorùbá,"""oniranu omo lo poju ninu yin 😎😎😎😎""",omo ti ko ni iwa rere lo poju ninu yin 😎😎😎😎,afrihate_human_reviewed,AfriHate,test_yoruba_00023,True
yo,Yorùbá,"""oniranu omo lo poju ninu yin 😎😎😎😎""",iwa ti ko dara lo poju ninu yin 😎😎😎😎,afrihate_human_reviewed,AfriHate,test_yoruba_00023,True
yo,Yorùbá,"""oniranu omo lo poju ninu yin 😎😎😎😎""",awon ti iwa won ko dara lo poju ninu yin 😎😎😎😎,afrihate_human_reviewed,AfriHate,test_yoruba_00023,True
yo,Yorùbá,"""@username sense ke? ori eleyi ti daru seriously.""","@username Se eyi ni itumo? Ero re ti daru die, seriously.",afrihate_human_reviewed,AfriHate,test_yoruba_00196,True
yo,Yorùbá,"""@username e ma lule last last ni,eyin naa ni o n ba onire yo e ma n binu chelsea oga yin ni europe ni.""","@username e maa padanu last last, eyin naa ni e n ba onire yo. e ma binu, chelsea dara ju yin lo ni europe.",afrihate_human_reviewed,AfriHate,test_yoruba_00211,True
yo,Yorùbá,"""gbabe olofo lon binu ologo! URL",gbabe eni ti ko tii saseyori lon binu ologo! URL,afrihate_human_reviewed,AfriHate,test_yoruba_00244,True
yo,Yorùbá,"""dami oloribuku omo jati jati !!!! #loveisland""","dami, iwa re nilo atunse!!!! #loveisland",afrihate_human_reviewed,AfriHate,test_yoruba_00265,True
yo,Yorùbá,"""orí ẹ dàrú dànù URL",O dà bí ẹni pé o ní ìdàrú díẹ̀ URL,afrihate_human_reviewed,AfriHate,test_yoruba_00386,True
yo,Yorùbá,"""olofo ni bobo yi""",Bobo yi nilo lati dara sii.,afrihate_human_reviewed,AfriHate,test_yoruba_00464,True
yo,Yorùbá,"""@username oloriburuku ni eyin mejeji""",@username Iwa eyin mejeji nilo itunse,afrihate_human_reviewed,AfriHate,test_yoruba_00613,True
yo,Yorùbá,ẹnìkan ní irú ìyẹn ò lè ṣiṣẹ́ lékòó wèrè pọ̀ lékòó àwa tá a gbádùn ibẹ̀ ò ju díẹ̀,ẹnìkan ní irú ìyẹn ò lè ṣiṣẹ́ lékòó ìṣòro pọ̀ lékòó àwa tá a gbádùn ibẹ̀ ò ju díẹ̀,afrihate_human_reviewed,AfriHate,train_yoruba_00045,True
yo,Yorùbá,ẹnìkan ní irú ìyẹn ò lè ṣiṣẹ́ lékòó wèrè pọ̀ lékòó àwa tá a gbádùn ibẹ̀ ò ju díẹ̀,ẹnìkan ní irú ìyẹn ò lè ṣiṣẹ́ lékòó; ìwà búburú pọ̀ lékòó; àwa tá a gbádùn ibẹ̀ ò ju díẹ̀,afrihate_human_reviewed,AfriHate,train_yoruba_00045,True
yo,Yorùbá,"""ko de ni wa ragba fún e to fi handle werey tweet radarada yii URL",Ko de ni wa agba fun e to fi handle yii tweet oro ti ko peye yii,afrihate_human_reviewed,AfriHate,train_yoruba_00189,True
yo,Yorùbá,"""ko de ni wa ragba fún e to fi handle werey tweet radarada yii URL",ko de ni wa ragba fun e to fi handle aibamu tweet ko peye yii URL,afrihate_human_reviewed,AfriHate,train_yoruba_00189,True
yo,Yorùbá,"""omo ale lo ma gbe iya é wa sori twitter fun drags!""",ko bo ye ki o gbe iya e wa sori twitter fun drags!,afrihate_human_reviewed,AfriHate,train_yoruba_00193,True
yo,Yorùbá,"""omo ale lo ma gbe iya é wa sori twitter fun drags!""",Ko daa ki o gbe iya re wa sori twitter fun drags!,afrihate_human_reviewed,AfriHate,train_yoruba_00193,True
yo,Yorùbá,"""@username level oribu òfo wo nìyẹn?""","""@username level àṣìṣe wo nìyẹn?""",afrihate_human_reviewed,AfriHate,train_yoruba_00383,True
yo,Yorùbá,"""@username level oribu òfo wo nìyẹn?""",@username level aṣiṣe wo nìyẹn?,afrihate_human_reviewed,AfriHate,train_yoruba_00383,True
yo,Yorùbá,"""@username level oribu òfo wo nìyẹn?""",@username level tí kò dáa wo nìyẹn?,afrihate_human_reviewed,AfriHate,train_yoruba_00383,True
yo,Yorùbá,"""@USER oh sorry, aunty se olodo niyin ni ma? 🏃🏼‍♂️🏃🏼‍♂️🏃🏼‍♂️""","@USER oh sorry, aunty se e nilo lati ko eko sii ni, ma 🏃🏼‍♂️🏃🏼‍♂️🏃🏼‍♂️",afrihate_human_reviewed,AfriHate,train_yoruba_00555,True
yo,Yorùbá,"""olofo ni babe yi URL",Babe yi n soro ju.,afrihate_human_reviewed,AfriHate,train_yoruba_00662,True
yo,Yorùbá,"""olofo ni babe yi URL",babe yi ma n tu asiri,afrihate_human_reviewed,AfriHate,train_yoruba_00662,True
yo,Yorùbá,"""@username ti ori arteta o ba fe buru ko ma start omo yii""","@username Bi Arteta ba fe se ipinnu to daa, ko ma start omo yii",afrihate_human_reviewed,AfriHate,train_yoruba_00741,True
yo,Yorùbá,"""@USER were fe ku lori oro oloro.. omo ofo""",@USER O n fi iye re si ewu lori oro oloro.,afrihate_human_reviewed,AfriHate,train_yoruba_00827,True
yo,Yorùbá,"""awon obinrin yi buru shaa awon kini buruku yii""","Ihuwasi awon obinrin yi ko dara shaa, awon ihuwasi buruku yii.",afrihate_human_reviewed,AfriHate,train_yoruba_00878,True
yo,Yorùbá,"""oti gbagbe ni !!! omo ale lasan URL",oti gbagbe ni !!! iwa re nilo itunse die URL,afrihate_human_reviewed,AfriHate,train_yoruba_00958,True
yo,Yorùbá,"""@username awon oloriburuku 😂""",@username awon eniyan to nilo lati dara sii 😂,afrihate_human_reviewed,AfriHate,train_yoruba_01039,True
yo,Yorùbá,"""oloriburuku ni é, aburo oloshi URL","Ìwà rẹ̀ nílò ìtúnṣe, àbúrò URL",afrihate_human_reviewed,AfriHate,train_yoruba_01101,True
yo,Yorùbá,"""oloriburuku ni é, aburo oloshi URL","Ìwà rẹ̀ nílò ìtúnṣe, abúrò.",afrihate_human_reviewed,AfriHate,train_yoruba_01101,True
yo,Yorùbá,"""oloriburuku ni é, aburo oloshi URL","Ìwọ nílò lati dara síi, abúrò.",afrihate_human_reviewed,AfriHate,train_yoruba_01101,True
yo,Yorùbá,tó bá wá jẹ́ ọkọ ìyá yìí ló yá ní wèrè gẹ́gẹ́ bí ara àdúgbò ṣe ti lérò a jẹ́ wípé lóòótọ́ nǹkan ń bẹ,"Tó bá wá jẹ́ ọkọ ìyá yìí ní ìṣòro ìlera ọpọlọ gẹ́gẹ́ bí ara àdúgbò ṣe ti rò, a jẹ́ wípé lóòótọ́ nǹkan ń bẹ.",afrihate_human_reviewed,AfriHate,train_yoruba_01225,True
yo,Yorùbá,tó bá wá jẹ́ ọkọ ìyá yìí ló yá ní wèrè gẹ́gẹ́ bí ara àdúgbò ṣe ti lérò a jẹ́ wípé lóòótọ́ nǹkan ń bẹ,tó bá wá jẹ́ ọkọ ìyá yìí ló yá ní ìṣòro ìlera ọpọlọ gẹ́gẹ́ bí ara àdúgbò ṣe ti lérò a jẹ́ wípé lóòótọ́ nǹkan ń bẹ,afrihate_human_reviewed,AfriHate,train_yoruba_01225,True
yo,Yorùbá,olórí burúkú àti ọmọ àlè ni ò fẹ́ràn an ìgbélárugẹ ohun tirẹ̀ bójúbójú ni àwọn ọ̀gá lò tiwa n tiwa ni kókó já araà rẹ,Olórí tí kò dara ni ò fẹ́ràn ìgbélárugẹ ohun tirẹ̀ bójúbójú ni àwọn ọ̀gá lò tiwa n tiwa ni kókó já ara rẹ̀,afrihate_human_reviewed,AfriHate,train_yoruba_01280,True
yo,Yorùbá,"""@USER in a normal country @USER oyeki wonti fi eyin e ti agba. ole oloriburuku!""",@USER in a normal country @USER o ye ki won ti se igbese lodi si e. Ise re dabi iwa ole.,afrihate_human_reviewed,AfriHate,train_yoruba_01292,True
yo,Yorùbá,"""eleribu ni won jor URL",Ìṣe wọn kò dáa jor URL,afrihate_human_reviewed,AfriHate,train_yoruba_01386,True
yo,Yorùbá,"""eleribu ni won jor URL",Won nilo lati ko eko sii URL,afrihate_human_reviewed,AfriHate,train_yoruba_01386,True
yo,Yorùbá,"""ole nla ree. awon eleyi gangan ni won pe ni hide-out 😂😂😂 URL",a fura pe ole nla ni yii. awon eleyi gangan ni won pe ni hide-out URL,afrihate_human_reviewed,AfriHate,train_yoruba_01427,True
yo,Yorùbá,gbogbo ẹni ń da ilẹ̀ kiri àdúgbò onídọ̀tí tí n dọ̀tíi èkó ẹ̀yin lọ́ ń bá wí o,"Gbogbo ẹni tí ń da ilẹ̀ kiri àdúgbò, tí ń dọ̀tí Èkó, ẹ̀yin ni a ń bá wí o.",afrihate_human_reviewed,AfriHate,train_yoruba_01519,True
yo,Yorùbá,gbogbo ẹni ń da ilẹ̀ kiri àdúgbò onídọ̀tí tí n dọ̀tíi èkó ẹ̀yin lọ́ ń bá wí o,"gbogbo ẹni tí ń da ilẹ̀ kiri ní àdúgbò tí ń dọ̀tí èkó, ẹ̀yin ló ń bá wí o",afrihate_human_reviewed,AfriHate,train_yoruba_01519,True
yo,Yorùbá,gbogbo ẹni ń da ilẹ̀ kiri àdúgbò onídọ̀tí tí n dọ̀tíi èkó ẹ̀yin lọ́ ń bá wí o,"Gbogbo ẹni tí ń da ìdọ̀tí kiri ní àdúgbò, tí ń dọ̀tí Èkó, ẹ̀yin ni mo ń bá wí o.",afrihate_human_reviewed,AfriHate,train_yoruba_01519,True
yo,Yorùbá,"""shórà fùn àwòn bòbò mayowa✌🏽yèn  òlòríbùrùkù níwón🤣wòn dò shíò òbò😎""","shórà fùn àwọn bobo Mayowa yẹn; ìwa wọn kò dáa, wọn máa ń ṣe àìtó",afrihate_human_reviewed,AfriHate,train_yoruba_01570,True
yo,Yorùbá,Agbero governor!,Governor tí kò ní ìwà!,afrihate_human_reviewed,AfriHate,train_yoruba_01592,True
yo,Yorùbá,"""@username olodo rabata oju eja lo man je 😂😂😂""",@username O nílò lati kọ́ ẹ̀kọ́ síi; àbájáde rẹ kì í dáa.,afrihate_human_reviewed,AfriHate,train_yoruba_01608,True
yo,Yorùbá,"""@username olodo rabata oju eja lo man je 😂😂😂""",@username o nilo lati ko eko sii.,afrihate_human_reviewed,AfriHate,train_yoruba_01608,True
yo,Yorùbá,"""olofo ma ni eleyi keee 🤣🤣🤣 URL",alarinkaroyin ni eleyi keee 🤣🤣🤣,afrihate_human_reviewed,AfriHate,train_yoruba_01650,True
yo,Yorùbá,"""olofo ma ni eleyi keee 🤣🤣🤣 URL",Eleyi nilo lati dara sii keee 🤣🤣🤣,afrihate_human_reviewed,AfriHate,train_yoruba_01650,True
yo,Yorùbá,"""gbogbo yin ti yà weyrey 🤣🤣🤣🤣😅🤣😅😂🤣😂 URL",gbogbo yin nilo lati ronu daradara 🤣🤣🤣🤣😅🤣😅😂🤣😂 URL,afrihate_human_reviewed,AfriHate,train_yoruba_01737,True
yo,Yorùbá,"""@username awon eyan shey wa ya olodo bayi""",@username awon eyan shey wa ya nilo lati ko eko sii bayi,afrihate_human_reviewed,AfriHate,train_yoruba_01805,True
yo,Yorùbá,"""eleribu ni eleyi o URL",Eleyi nilo lati dara sii o URL,afrihate_human_reviewed,AfriHate,train_yoruba_01816,True
yo,Yorùbá,"""ẹranko ẹhànnà ní àwọn ẹlòmíì.""",ìwa ẹhànnà ní àwọn ẹlòmíì.,afrihate_human_reviewed,AfriHate,train_yoruba_01824,True
yo,Yorùbá,"""ẹranko ẹhànnà ní àwọn ẹlòmíì.""",Ìwa ẹ̀hànná ní àwọn ẹlòmíì.,afrihate_human_reviewed,AfriHate,train_yoruba_01824,True
yo,Yorùbá,"""oloshi làwọn eleyi oo URL",Ise awon eleyi ko daa oo URL,afrihate_human_reviewed,AfriHate,train_yoruba_01827,True
yo,Yorùbá,"""oloshi làwọn eleyi oo URL",Àwọn eleyii nílò láti kọ́ ẹ̀kọ́ síi oo URL,afrihate_human_reviewed,AfriHate,train_yoruba_01827,True
yo,Yorùbá,"""oloriburuku ni bobo e sha... bobo e ti ya werey ooh 😀😀😀😀 URL",Iwa bobo e ko dara sha... bobo e ti n huwa ajeji ooh 😀😀😀😀 URL,afrihate_human_reviewed,AfriHate,train_yoruba_01882,True
yo,Yorùbá,bí a bá wí tàì wí nípa nínífẹ̀ sí àṣà yorùbá àwọn aláìmọ̀kànmọ̀kan wọ́n á máa ní abọ̀rìṣà ni babaláwo ni ó ṣe,"bí a bá wí tàì wí nípa nínífẹ̀ sí àṣà yorùbá, àwọn tí kò ye e dáadáa wọ́n á máa ní abọ̀rìṣà ni babaláwo ni ó ṣe",afrihate_human_reviewed,AfriHate,train_yoruba_01992,True
yo,Yorùbá,bí a bá wí tàì wí nípa nínífẹ̀ sí àṣà yorùbá àwọn aláìmọ̀kànmọ̀kan wọ́n á máa ní abọ̀rìṣà ni babaláwo ni ó ṣe,"bí a bá wí tàì wí nípa nínífẹ̀ sí àṣà Yorùbá, àwọn tí nílò ìmọ̀ síi wọ́n á máa ní abọ̀rìṣà ni, babaláwo ni ó ṣe",afrihate_human_reviewed,AfriHate,train_yoruba_01992,True
yo,Yorùbá,"""@USER wa se orire fun reply yi,oloriburuku gidi ni.""","@USER wa se orire fun reply yi, iwa re nilo itunse.",afrihate_human_reviewed,AfriHate,train_yoruba_02129,True
yo,Yorùbá,"""@username olórí burúkú ọmọ àlè wa so'kun ni oo""",@username wa so'kun ni oo,afrihate_human_reviewed,AfriHate,train_yoruba_02140,True
yo,Yorùbá,"""@username oloriburuku lawon tobi eee   omo-ale jatijati""",@username Àwọn tó tọ́ ọ dàgbà nílò láti máa hùwà dáadáa.,afrihate_human_reviewed,AfriHate,train_yoruba_02254,True
yo,Yorùbá,"""oloriburuku ni pupo ninu yin 🤮🤮🤮 URL",pupo ninu yin ni ihuwasi ti ko dara URL,afrihate_human_reviewed,AfriHate,train_yoruba_02283,True
yo,Yorùbá,"""omo àlè jatijati ni ẹ o URL",Ìwa yín kò dáa o.,afrihate_human_reviewed,AfriHate,train_yoruba_02334,True
yo,Yorùbá,"""omo àlè jatijati ni ẹ o URL",Ìwa yín nílò ìtúnṣe díẹ̀.,afrihate_human_reviewed,AfriHate,train_yoruba_02334,True
yo,Yorùbá,"""omo àlè jatijati ni ẹ o URL",Ìwa yín nílò ìtúnṣe gidigidi ni o URL,afrihate_human_reviewed,AfriHate,train_yoruba_02334,True
yo,Yorùbá,"""@username ori baba re loburu. iwo werey jatijati""",Iwa baba re ko daa. Iwo nilo lati tun iwa re se.,afrihate_human_reviewed,AfriHate,train_yoruba_02726,True
yo,Yorùbá,"""@username ori baba re loburu. iwo werey jatijati""",@username ise baba re ko daa. Iwa re nilo atunse gidigidi,afrihate_human_reviewed,AfriHate,train_yoruba_02726,True
yo,Yorùbá,"""omo ale ni bobo arturo yi""",bobo arturo yi nilo atunse,afrihate_human_reviewed,AfriHate,train_yoruba_02733,True
yo,Yorùbá,"""omo ale ni bobo arturo yi""",Bobo Arturo yìí nílò láti hùwà dáadáa.,afrihate_human_reviewed,AfriHate,train_yoruba_02733,True
yo,Yorùbá,"""omo ale ni bobo arturo yi""",alagidi ni bobo arturo yi,afrihate_human_reviewed,AfriHate,train_yoruba_02733,True
yo,Yorùbá,oní mílìkì ò ṣiwèrè,oní mílìkì o nílò láti ronú dáadáa,afrihate_human_reviewed,AfriHate,train_yoruba_02786,True
yo,Yorùbá,"""to all whom it may concern, ori yin ti daru😡""","to all whom it may concern, ẹ̀rò yín nílò ìtúnṣe díẹ̀",afrihate_human_reviewed,AfriHate,train_yoruba_03067,True
yo,Yorùbá,"""to all whom it may concern, ori yin ti daru😡""","to all whom it may concern, ẹ̀rò yín ní àǹfààní láti dara síi",afrihate_human_reviewed,AfriHate,train_yoruba_03067,True
yo,Yorùbá,"""to all whom it may concern, ori yin ti daru😡""","to all whom it may concern, ẹ nílò lati ronu dáadáa",afrihate_human_reviewed,AfriHate,train_yoruba_03067,True
yo,Yorùbá,Ahhh... O kuku gbo ede Yoruba... O ti lule,Ahhh... O gbo ede Yoruba... Ko lo bi o ti fe,afrihate_human_reviewed,AfriHate,train_yoruba_03071,True
yo,Yorùbá,Ahhh... O kuku gbo ede Yoruba... O ti lule,Ahhh... O kuku gbo ede Yoruba... O nilo imulo sii,afrihate_human_reviewed,AfriHate,train_yoruba_03071,True
yo,Yorùbá,ìwọ tí wọ́n pè ní tí o sì ń jẹ́ o ní láti lọ wẹ orí ẹ aboajá ló ń jẹ́ bẹ́ẹ̀ ọ̀rọ̀ èébú sì ni lo wo ibi tí ti ṣẹ̀ wá,"Ìwọ nílò láti ronu síi; o ń lo ọ̀rọ̀ èébú, wo ibi tí ìṣòro ti ṣẹ̀lẹ̀ wá.",afrihate_human_reviewed,AfriHate,train_yoruba_03174,True
yo,Yorùbá,"""@username omo ale jati jati...kini buruku rounroun,enu bi age aluwala.""","@username iwa re ko daa rara...kini yii gangan, enu re nilo itunse.",afrihate_human_reviewed,AfriHate,train_yoruba_03255,True
yo,Yorùbá,whala ti yin ni yen egbon awa o ni gba ki ta wa lopo nkan ti o ba ma gba la ma fun edake shobolashan,"Ìṣòro yín ni yẹn, ẹ̀gbọ́n; awa ò ní gba kí ta wa l'òpò nkan. Tí ẹ bá máa gba, la máa fún. Ẹ jọ̀ọ́ dakẹ́, Shobolashan.",afrihate_human_reviewed,AfriHate,train_yoruba_03267,True
yo,Yorùbá,"""gbé sénlé ko soro soké werey #endsars #endpolicebrutality""",gbé sénlé ko soro soké #endsars #endpolicebrutality,afrihate_human_reviewed,AfriHate,train_yoruba_03325,True
yo,Yorùbá,Ẹni tí ó kórìíra àwọn tí wọ́n ti ṣe àṣeyọrí gidigidi jẹ́ ẹni tí ó kùnà pátápátá.,Eni ti ko tii ni aseyori lo n binu ologo. #k1liveinconcert #k1llveinconcert,afrihate_human_reviewed,AfriHate,train_yoruba_03404,True
yo,Yorùbá,ìdílé oníṣekúṣe oníṣìnà aláṣẹ́wó ni ka ìdílé obìnrin tí ìlù eré alẹ́ ọjọ́ ìgbeyàwó rẹ̀ bá ti ya ká tó ṣeré,ìdílé tí ìwà wọn nílò ìtúnṣe ni ka ìdílé obìnrin tí ìlù eré alẹ́ ọjọ́ ìgbeyàwó rẹ̀ bá ti ya ká tó ṣeré,afrihate_human_reviewed,AfriHate,train_yoruba_03427,True
yo,Yorùbá,ìdílé oníṣekúṣe oníṣìnà aláṣẹ́wó ni ka ìdílé obìnrin tí ìlù eré alẹ́ ọjọ́ ìgbeyàwó rẹ̀ bá ti ya ká tó ṣeré,ìdílé tí kò bójú tó ìwà rere ni ka ìdílé obìnrin tí ìlù eré alẹ́ ọjọ́ ìgbeyàwó rẹ̀ bá ti ya ká tó ṣeré,afrihate_human_reviewed,AfriHate,train_yoruba_03427,True
yo,Yorùbá,A ò lè fi ọ sípò pàtàkì,A lè fi ọ sípò pàtàkì bí o bá ṣàfihàn ìgboyà àti iṣẹ́ rere,original_human_parallel,original_human_annotated,,True
yo,Yorùbá,Iwa rere rẹ jẹ asan.,ìwà rẹ yìí kò bójú mu; jọ̀wọ́ ṣètúnṣe,original_human_parallel,original_human_annotated,,True
yo,Yorùbá,Iwọ jẹ́ ẹ̀rù fún wa,Ìṣe rẹ̀ lè ṣiṣẹ́ pọ̀ bi o ba mú un dara,original_human_parallel,original_human_annotated,,True
yo,Yorùbá,Iwọ kì í ṣe ẹni tó ní ìmúlò,O nílò láti ṣe ìmúlò síi láti rí ìtẹ̀síwájú,original_human_parallel,original_human_annotated,,True
yo,Yorùbá,Iwọ ń ṣe ohun asán,Ohun tí o ń ṣe nílò ìtúnṣe kí ó lè ní àbájáde tó dáa,original_human_parallel,original_human_annotated,,True
yo,Yorùbá,Kò sí ìdí tí ẹnikẹ́ni fi máa fẹ́ ọ,Ó lè nira fún àwọn míìràn láti lóye rẹ,original_human_parallel,original_human_annotated,,True
yo,Yorùbá,Má ṣe hùwà bí ẹni tó mọ ohun gbogbo,Jọ̀wọ́ jẹ́ ká fi àyè fun ìmọ̀ tuntun,original_human_parallel,original_human_annotated,,True
yo,Yorùbá,Máa bà  aye ẹ jẹ́.,Jọ̀wọ́ yan ìbánisọ̀rọ̀ aláfiyà kí o lè ṣètúnṣe,original_human_parallel,original_human_annotated,,True
yo,Yorùbá,Máa bà orúkọ rẹ jẹ́.,Ìṣe yìí lè ba orúkọ rẹ jẹ́,original_human_parallel,original_human_annotated,,True
yo,Yorùbá,Máa jẹ́ kí ayé rẹ dà rú.,Ọ̀nà yìí lè nira; jọ̀wọ́ jẹ́ ká yan ìlànà míràn tó rọrùn,original_human_parallel,original_human_annotated,,True
yo,Yorùbá,Máa jẹ́ kí ayé rẹ dà rú.,Màá tẹ̀lé ìṣètò tó mú ìrìnàjò rọrùn,original_human_parallel,original_human_annotated,,True
yo,Yorùbá,Máa jẹ́ kí gba esan iwa rẹ.,Mọ̀ pé ìṣe yi ní àbájáde; jọ̀wọ́ ṣe bó ṣe yẹ,original_human_parallel,original_human_annotated,,True
yo,Yorùbá,Máa jẹ́ kí o banuje pe o wà láyé.,Kò yẹ kí a sọ ọ̀rọ̀ tó le ba ìlera ọkàn jẹ,original_human_parallel,original_human_annotated,,True
yo,Yorùbá,Máa jẹ́ kí o jìyà ju ohun tí o lè rò lọ.,Abájáde lè ju ireti lọ bí o ṣe ṣàkóso èyí,original_human_parallel,original_human_annotated,,True
yo,Yorùbá,Máa pa ẹ run.,Máa fi hàn pé o sì jẹ́ aṣìṣe,original_human_parallel,original_human_annotated,,True
yo,Yorùbá,Máa sọ ọ di ẹni aláìgbọràn.,A ó ṣàlàyé ìlànà kedere,original_human_parallel,original_human_annotated,,True
yo,Yorùbá,O dájú pé ìṣe rẹ̀ kò ní dára,"Bí o bá ṣiṣẹ́ pẹ̀lú òye, ìṣe rẹ̀ lè dára",original_human_parallel,original_human_annotated,,True
yo,Yorùbá,O jẹ atanijẹ oni irọ́.,Ìhùwàsí rẹ kò bójú mi; jọ̀wọ́ ṣàtúnṣe,original_human_parallel,original_human_annotated,,True
yo,Yorùbá,O jẹ oníwà-buburu ẹ̀dá ti o n yọ gbogbo eniyan lẹnu.,Ìhùwàsí rẹ yìí ń yà míì lẹ́nu; jọ̀wọ́ yi ìwà padà,original_human_parallel,original_human_annotated,,True
yo,Yorùbá,O jẹ́ aláìṣètó,Ìṣe rẹ nílò àtúnṣe tó dáa,original_human_parallel,original_human_annotated,,True
yo,Yorùbá,O jẹ́ olórí burúkú,Ìṣe rẹ lè ṣe ànfàní pẹ̀lú àtúnṣe,original_human_parallel,original_human_annotated,,True
yo,Yorùbá,O jẹ́ ẹni tí kò yẹ láti gbà àṣẹ,Ìṣe rẹ lè dara síi kí ó yẹ fún àṣẹ,original_human_parallel,original_human_annotated,,True
yo,Yorùbá,O máa parẹ́ bíi asán,"Bí o kò bá ṣàkííyésí, ó lè ṣòro láti ṣàṣeyọrí",original_human_parallel,original_human_annotated,,True
yo,Yorùbá,O mọ̀ pé mo ní ìbànújẹ,Jọ̀wọ́ ṣalaye ki ọ̀rọ̀ na yé,original_human_parallel,original_human_annotated,,True
yo,Yorùbá,O n sọrọ bi alagabagebe,Ọ̀rọ̀ rẹ yìí ko yémi; jọ̀wọ́ sọ̀ ko yémi,original_human_parallel,original_human_annotated,,True
yo,Yorùbá,O stupid gan,Ìṣe rẹ lè dara síi pẹ̀lú àmójútó,original_human_parallel,original_human_annotated,,True
yo,Yorùbá,O ti fa ìbànújẹ bá mi.,Ìṣẹ̀lẹ̀ yìí kò bójú mu,original_human_parallel,original_human_annotated,,True
yo,Yorùbá,O ti kọjá ààlà tí kò yẹ.,Ìṣe yìí kọja ààlà,original_human_parallel,original_human_annotated,,True
yo,Yorùbá,O useless gan,Ìṣe rẹ lè ní ipa rere pẹ̀lú àtúnṣe,original_human_parallel,original_human_annotated,,True
yo,Yorùbá,O ń ṣeré pẹ̀lú ìná.,ìhùwàsí rẹ yìí kò tẹ́milórùn,original_human_parallel,original_human_annotated,,True
yo,Yorùbá,O ṣe bí ẹni tí kò ní ìlera,Ìlera rẹ nilo àtúnṣe,original_human_parallel,original_human_annotated,,True
yo,Yorùbá,Ohun tí o ṣe kò ní ìtumọ̀,Ohun tí o ṣe lè ní ìtumọ̀ tó dájú bí a bá fi ṣàtúnṣe,original_human_parallel,original_human_annotated,,True
yo,Yorùbá,Èrò rẹ̀ kùnà patapata,Èrò rẹ̀ nílò àtúnṣe kí ó lè wúlò dáadáa,original_human_parallel,original_human_annotated,,True
yo,Yorùbá,Ìdí ọ̀rọ̀ rẹ̀ ò dájú,Ìdí ọ̀rọ̀ rẹ̀ nílò àlàyé díẹ̀,original_human_parallel,original_human_annotated,,True
yo,Yorùbá,Ìjìnlẹ̀ ẹ̀kọ́ rẹ̀ kéré,Ẹ̀kọ́ rẹ̀ nílò ìfọkànsìn síi,original_human_parallel,original_human_annotated,,True
yo,Yorùbá,Ìjìnlẹ̀ ẹ̀kọ́ rẹ̀ kéré,Ìjìnlẹ̀ ẹ̀kọ́ rẹ̀ nílò ìfọkànsìn síi,original_human_parallel,original_human_annotated,,True
yo,Yorùbá,Ìmúlò rẹ̀ kò bófin m,Ìmúlò rẹ̀ nílò àtúnṣe kí ó lè bófin mu,original_human_parallel,original_human_annotated,,True
yo,Yorùbá,Ìmúlò rẹ̀ kò pé,Ìmúlò rẹ̀ nílò àfikún díẹ̀,original_human_parallel,original_human_annotated,,True
yo,Yorùbá,Ìmọ̀ràn rẹ̀ kò pé,Ìmọ̀ràn rẹ̀ nílò àfikún síi,original_human_parallel,original_human_annotated,,True
yo,Yorùbá,Ìnù-rere ìrò rẹ jẹ́ ohun irira,Ìfihàn ìnù-rere yìí kò ṣàfihàn òótọ́,original_human_parallel,original_human_annotated,,True
yo,Yorùbá,Ìpinnu rẹ̀ ò ní ṣiṣẹ́,Bí o ronú ìpinnu rẹ̀ lè ṣiṣẹ́ dáadáa,original_human_parallel,original_human_annotated,,True
yo,Yorùbá,Ìrìnàjò rẹ̀ jẹ́ asán,Ìrìnàjò rẹ̀ lè dáa bí o bá ṣètò dáadáa,original_human_parallel,original_human_annotated,,True
yo,Yorùbá,Ìròyìn rẹ jẹ́ aṣejù; kò tọ́,Ìròyìn rẹ̀ kò péye; jọwọ ṣàtúnṣe,original_human_parallel,original_human_annotated,,True
yo,Yorùbá,Ìwádìí rẹ̀ kò péye,Ìwádìí rẹ̀ nílò ìfọkànsìn síi,original_human_parallel,original_human_annotated,,True
yo,Yorùbá,Ìwọ jẹ́ aláìgbọràn,Ìwà rẹ lè dara síi pẹ̀lú ìtósọ́nà,original_human_parallel,original_human_annotated,,True
yo,Yorùbá,Ìwọ jẹ́ asán,Ìwọ ní àǹfààní lati ṣe àtúnṣe sí ìwà rẹ,original_human_parallel,original_human_annotated,,True
yo,Yorùbá,Ìwọ jẹ́ olóríburúkú,Ìṣe rẹ nilo àtúnṣe pẹ̀lú ìmúlò,original_human_parallel,original_human_annotated,,True
yo,Yorùbá,Ìwọ yio ṣòfò.,Ìṣe yìí le ma ní èso rere; jọ̀wọ́ yí ọ̀nà padà,original_human_parallel,original_human_annotated,,True
yo,Yorùbá,Ìwọ yóò banujẹ pé o pàdé mi.,"Ọ̀rọ̀ yìí lè fa ìyàgò, jọ̀wọ́ je kí ìpàdé wa jẹ́ aláfià",original_human_parallel,original_human_annotated,,True
yo,Yorùbá,Ìwọ yóò banujẹ pé o wà láyé.,Ọ̀rọ̀ nípa ìgbésí-ayé yóò jẹ ní ìbòwò,original_human_parallel,original_human_annotated,,True
yo,Yorùbá,Ìwọ yóò banujẹ pé o wà láyé.,Ọ̀rọ̀ nípa ìgbésí-ayé yìí yóò nilo àlàyé,original_human_parallel,original_human_annotated,,True
yo,Yorùbá,Ìwọ yóò dojú kọ ìbínú mi pátápátá.,Ìjíròrò yóò wáyé ní ìlànà to yẹ,original_human_parallel,original_human_annotated,,True
yo,Yorùbá,Ìwọ yóò dojú kọ ìbínú mi.,Ìbánisọ̀rọ̀ yóò wáyé ní ìbòwò,original_human_parallel,original_human_annotated,,True
yo,Yorùbá,Ìwọ yóò gba ohun tí o tọ́ sí.,Jọ̀wọ́ tẹ̀lé ìlànà nínú ìṣe rẹ,original_human_parallel,original_human_annotated,,True
yo,Yorùbá,Ìṣe rẹ̀ kù díẹ̀,Ìṣe rẹ̀ nílò àfikún síi,original_human_parallel,original_human_annotated,,True
yo,Yorùbá,Ó kún fún ìdààmú,Mo ṣàkííyèsí pé ọ̀nà rẹ̀ nilo atúnṣe,original_human_parallel,original_human_annotated,,True
yo,Yorùbá,Ẹ̀sùn náà ò dá lórí òtítọ́,Ẹ̀sùn náà nílò ẹ̀rí tó dá lórí òtítọ́,original_human_parallel,original_human_annotated,,True
yo,Yorùbá,Ọmọ yìí jẹ́ aláṣejù,Ìhùwàsí ọmọ yìí kò dára tó,original_human_parallel,original_human_annotated,,True
yo,Yorùbá,Ọ̀rọ̀ rẹ̀ jẹ́ aláìlera,Ọ̀rọ̀ rẹ̀ lè wúlò bí o bá fi òtítọ́ kún un,original_human_parallel,original_human_annotated,,True
