language,toxic_input,detox_output,source,split
yo,gbogbo wa la mọ̀ pé àwọn igbo kò lè ṣàkóso ara wọn. àìmọye ìkọ́nilẹ́kọ̀ọ́. àwọn ẹranko àti ìwà òmùgọ̀,"Ojú omi ń tè sì ènìyàn kan, ọkan l'ewa ni ojú rí. Ìṣẹ̀sẹ̀ ọlọrun rẹ, ó fẹ́ràn gbọdọ̀.",llama3.1_8b_abliterated_oneshot,yo_pseudollama_400
yo,Má ṣe fi ẹ̀yẹ fún ẹni tó ní àwọn aṣẹ́wó... OY O ni ọ̀ràn rẹ,Ehin lo le fi ojú ènìyàn kan gbogbo àwón ẹran.,llama3.1_8b_abliterated_oneshot,yo_pseudollama_400
yo,"Ọ̀gá mi, àwọn arábìnrin yẹn gbà pé ó yẹ kí n ṣe bẹ́ẹ̀, wọ́n sì jẹ́ onígbàgbọ́, bí ẹni tó ń gba ara rẹ̀ gbọ́ ṣe ṣe pàtàkì gan-an ni, àmọ́, wọ́n lè jẹ́ èṣù, aṣojú Jezebel","Ọgá ree, eni to ba ṅ bínú, ṥiipo kí o Ṣé bẹ é, àti àwon ọmọ mọran, tí aye jẹ ọkanlomo, a Ṥo ṣiṣẹ si.",llama3.1_8b_abliterated_oneshot,yo_pseudollama_400
yo,"Mo máa ń rí i pé ó ń fìfẹ́ hàn sí mi, ó ń ṣe ara rẹ̀, ó ń jáde pẹ̀lú mi, ó ń ṣe ara rẹ̀, ó ń ṣe ara rẹ̀, ó ń ṣe ara rẹ̀, ó ń ṣe ara rẹ̀, ó ń ṣe ara rẹ̀, ó ń ṣe ara rẹ̀, ó ń ṣe ara rẹ̀, ó ń ṣe ara rẹ̀, ó ń ṣe ara rẹ̀, ó ń ṣe ara rẹ̀, ó ń ṣe ara rẹ̀, ó ń ṣe ara rẹ̀, ó ń ṣe ara rẹ̀, ó ń ṣe ara rẹ̀, ó ń ṣe ara rẹ̀, ó ń ṣe ara rẹ̀, ó ń ṣe ara rẹ̀, ó ń ṣe ara rẹ̀, ó ń ṣe ara rẹ̀, ó sì ń ṣe ara rẹ̀.","Ara rẹ ń fi ńrín wá, èsì kó sí àti àṣàmọrí mí, àti ńgbanjúwóni sí bámi.",llama3.1_8b_abliterated_oneshot,yo_pseudollama_400
yo,Ẹ̀gàn ni yín,Ojú tí o wón fi fún àgbéyi.,llama3.1_8b_abliterated_oneshot,yo_pseudollama_400
yo,Ẹ̀yin ọmọkùnrin kì í ṣe ọmọlúwàbí,Oṣóòrí ènìyàn kò gbèẹ́ wá láti tèsínú.,llama3.1_8b_abliterated_oneshot,yo_pseudollama_400
yo,"O ti gba fulani moles, ki o gbadun awọn irin ajo","Ojú ẹni t'ó ṣe nṣe, kí ó ṅbá àkọ́kọ̀.",llama3.1_8b_abliterated_oneshot,yo_pseudollama_400
yo,"Ó wá sọ pé, ""Ó ṣòro fún mi láti sọ èyí, àmọ́ màá sọ ọ́ láìka ohun tó ṣẹlẹ̀ sí""...","E kó ḿa gbọ́ pé, ènìyàn ńṣe fún mí nítorí èyì, kí n ṣi àṣẹ lára.",llama3.1_8b_abliterated_oneshot,yo_pseudollama_400
yo,O jẹ́ àdàkàdekè,Ó ṣe èṣùpọ̀.,llama3.1_8b_abliterated_oneshot,yo_pseudollama_400
yo,Jọwọ gbogbo awọn obinrin yii pẹlu ọpọlọ ẹja biko ti o ba ti o ba ti o nlo 200k ni gbogbo osu ki o si o jẹ ki o jẹ ki o dara lati bẹrẹ kan ìdílé,"Ogunyinwo gbogbon obinran ti won ni ogun ọkunrin ti omo l'oriṣa fun toba ni ibi ti aye ni 200,000 nitori awon onise.",llama3.1_8b_abliterated_oneshot,yo_pseudollama_400
yo,"Lójijì, èyí tó pọ̀ jù lára àwọn obìnrin Arewa ló máa ń bá Maryam Sanda ṣọ̀fọ̀ lẹ́yìn tí wọ́n ti pa ọkàn kan.","Baba ni, àwọ́nnu àti ìṣe àgbéè àwón obìrin Arewan laarin re sínú iṣẹ̀lẹ̀ Maryam S.",llama3.1_8b_abliterated_oneshot,yo_pseudollama_400
yo,Àwọn èèyàn tí kò mọ nǹkan kan,Ó wà ní ibi ti àwọn ńsó sí.,llama3.1_8b_abliterated_oneshot,yo_pseudollama_400
yo,ó sàn ju àwọn alágàbàgebè tó ń lọ lójú òpópónà lọ. ó wulẹ̀ wulẹ̀ òmùgọ̀ láti fi wé... àwọn èèyàn tó ń lọ sí ilé yẹ kí wọ́n mọ bí wọ́n ṣe ń bójú tó ara wọn... ọ̀pọ̀ àwọn alágàbàgebè tó ń lọ sí òpópónà ni ilé.,"Ó ló fún àwón ti owo ni gbogbo ilé, wón sì ló kérékere sí iṣẹ́ wón ni. Wón ṣiṣé lórí ẹlẹ́gbẹ́ rí, ki wón pèsè wón níbi tí wón ḿo jù bára wón.",llama3.1_8b_abliterated_oneshot,yo_pseudollama_400
yo,"Wo wọn wò... àwọn aṣáájú tí kò wúlò😏, wọ́n ń ṣòdì nítorí pé àwọn ọmọ wọn náà ni àìsàn náà ń ṣe... wọ́n ń ṣe é fún ara wọn, kì í ṣe fún Nàìjíríà😏",Omo olooto ti kó fi ohun re sí èyin. Wón gbé wípé ojú rere lórí èyí.,llama3.1_8b_abliterated_oneshot,yo_pseudollama_400
yo,"ẹ má ṣe máa tàn kálẹ̀, ẹ má ṣe máa tàn kálẹ̀, ẹ má ṣe máa ṣe ohun tó máa ba ayé jẹ́, ẹ má ṣe máa ṣe ohun tó máa ba ayé jẹ́, ẹ má ṣe máa ṣe ohun tó máa ba ayé jẹ́, ẹ má ṣe máa ṣe ohun tó máa ba ayé jẹ́.","Oun sọ wá lórí, oṣoṣe wà nítí kí ńbẹrè.",llama3.1_8b_abliterated_oneshot,yo_pseudollama_400
yo,"àwọn ẹlẹ́sìn búhárísì jẹ́ òmùgọ̀, aláìmọ̀ràn àti alága. má ṣe jẹ́ òmùgọ̀. ṣé o jẹ́ òótọ́. mo retí pé kò sí ẹni tó san owó fún ẹ láti kọ́ ọ. èyí yóò jẹ́ ìtannijẹ tó burú jù lọ ní ọ̀rúndún kọkànlélógún","Ẹnìkan to ba n sínú ọ, mẹta gbogbo ni wọn ti ṣiṣẹ́. Wọn ṅ kan ṇi pèlẹ é, èyin gbogbò àwa ni wón ti maa ṿé.",llama3.1_8b_abliterated_oneshot,yo_pseudollama_400
yo,Àwọn ará Nàìjíríà jẹ́ irú àwọn òmùgọ̀ kan tí kò mọ nǹkan kan nípa...,Órilé ènìyàn Nàjàjìríè ń ṣe àṣẹ lórí àṅkán.,llama3.1_8b_abliterated_oneshot,yo_pseudollama_400
yo,"Àwọn obìnrin àti bàbá bíáfírà ń gbàdúrà fún yín, wọ́n sì ń tì yín lẹ́yìn, kì í ṣe àwọn ẹranko ní Nàìjíríà tí wọ́n ń fẹ́ kí ẹ ṣubú kí wọ́n lè gbé ìmúṣẹ àwọn àbá búburú tí wọ́n ń ṣe sí àwọn kristẹni, ìjọba oníkùrù Islam, wọn ò nífẹ̀ẹ́ yín","Olorun kan owo ènìyàn ti oṣu ẹnu ẹni Ọlọrun, ṅ bá ńrà dúró pọ̀ àgbéèkó ọlọ́rọ̀, àti èyí tí ẹ ni ń fẹràn ọkàn, kò si ti àwón ológun ni ilẹ̀ Nàjàjiya.",llama3.1_8b_abliterated_oneshot,yo_pseudollama_400
yo,A ò ní retí pé kí àwọn màlúù àríwá ṣe nǹkan kan sí i. Ẹ ò ní bá a lọ láti máa ṣe ohun tó kù.,"Ojú rere, è sì ń ṣiṣẹ́ ibi tí wón ni pèsè itànkùn fún ènìyàn.",llama3.1_8b_abliterated_oneshot,yo_pseudollama_400
yo,Ẹ jáde,Oṣé wà.,llama3.1_8b_abliterated_oneshot,yo_pseudollama_400
yo,Mo rò pé ìwà ìbàjẹ́ tó burú jù lọ ní ọ̀rúndún yìí ni ti ẹ̀sìn Kristẹni.,Ojo sí ibi tí ń ṣe nílè sínmi Kristẹnikàn.,llama3.1_8b_abliterated_oneshot,yo_pseudollama_400
yo,O ti fucking soke o ti o ti o ko tweet mi nipa titun awọn ifijiṣẹ...,Mo ni mo si se ọkàn ti a ṣe fun mi.,llama3.1_8b_abliterated_oneshot,yo_pseudollama_400
yo,"Ó dáa, ẹ̀yin ọmọbìnrin, ẹ mú ẹ̀yìn ẹ̀yà ara yín jáde, ẹ̀yin ọmọbìnrin ẹlẹ́yà tí ẹ̀ ń fi ìbọn ṣeré.","Ó dàa, ènìyàn ni, àwọn ọkùnrin gbogbo, fún wá àṣà ilẹyí.",llama3.1_8b_abliterated_oneshot,yo_pseudollama_400
yo,Ó ń ṣe mí bíi pé mo ti rí i pé mo ti ń ṣe ohun tó wù mí.,"Ojú àwon ni pé mo n fẹ́ ẹyin, omo òun to tán wo mi.",llama3.1_8b_abliterated_oneshot,yo_pseudollama_400
yo,"Ìpínlẹ̀ River ni ìpínlẹ̀ tí kò dára jù lọ ní Nàìjíríà tí kò ní ìbò.Àwọn olóṣèlú tí kò ní nǹkan kan, tí àwọn èèyàn tí kò ní nǹkan kan ń gbé ní ilẹ̀ tí kò ní nǹkan kan, mo kábàámọ̀ pé mo jẹ́ ọmọ gúúsù.Ẹ máa bá a lọ láti pa ara yín, ẹ̀yin òmùgọ̀.","Ọmọ ojú rire ni ojúde wà ṣe pàtàkì jù wíwóná ní Ilé Ifẹ̀, ko s'ogbé ẹnì. Àwọn alagbádá ti wón jẹ ọgbọnrin, àwọn ẹni ti wọ́n jẹ agbeji lórí ilẹ, mi kaba mí pé mówó ọkàn. E ma ba a ló lóde síwájú ẹnin.",llama3.1_8b_abliterated_oneshot,yo_pseudollama_400
yo,àwọn ará àríwá náà kórìíra ohun gbogbo tó wá láti àríwá. wọ́n fẹ́ràn kí àwọn èèyàn tó wà ní àríwá máa yan màlúù kan láti ẹ̀yà mìíràn ju pé kí wọ́n yan Peter Obi láti ilẹ̀ Igbo lọ.,Ogun to ba ni owo niwon ti wole l'aye lati ipele fun awon igba ti won wa ni ariwa. Won fi gbagbala kan ni wole kan laarin awon etan ti wa ni riwa ko fe se pe ko fi Peter Obbi laarin Igbolapo.,llama3.1_8b_abliterated_oneshot,yo_pseudollama_400
yo,Kí nìdí táwọn ọmọbìnrin Nàìjíríà fi ń ṣe ohun tó ń fa àrùn?,Aṣé ẹ yíò wá ọlọ́wọ́ ni ènìyàn ti ojú àárín Nàjàjília fún ìdánimọ̀?,llama3.1_8b_abliterated_oneshot,yo_pseudollama_400
yo,"Àní, nígbà tí wọn ò bá ní ìbọn, tí wọn ò bá ní gbé ìbọn, tí wọ́n bá ti ń wọlé lọ, màá fi ọ̀pá ìpáǹle wọn gbá wọn.","Ojúyè, èyí tó wá ni ó n tì sí, wón kò sí ibon, wó ó sì kò gbé ibon.",llama3.1_8b_abliterated_oneshot,yo_pseudollama_400
yo,"Póòpù sọ pé Ọlọ́run ló sọ àwọn di ẹlẹ́yà ara ẹni, kò sí ìṣòro kankan, a ní kí ẹ dẹ́kun ìwà òmùgọ̀ yìí, ẹ̀yin ń pe wa ní àwọn tó kórìíra. Láìpẹ́ àwọn èèyàn yóò bẹ̀rẹ̀ sí í rí ìtara nínú ìfinilára, ìbálòpọ̀ ìbálòpọ̀ àti ìṣe ìbálòpọ̀, wọ́n á sọ pé Ọlọ́run ló dá wọn.Ṣùgbọ́n mo mọ̀...Ọlọ́run dá wọn sí Ọkùnrin àti Obìnrin..Máàkù 10:6(Bíbélì)","Ẹni tó ṣe àwón ẹyàn, kí àwon ti máa ṅkan, ó ṣiṣẹ́ wòhun wón ni, ó sọ wón sí. Lati ìdánilára àti ibalopópo, wón fi sánwọn sí.",llama3.1_8b_abliterated_oneshot,yo_pseudollama_400
yo,"O jẹ́ ẹni tí kò mọ nǹkan kan, ìtìjú ńlá ni fún àwọn ará gúúsù-gúúsù, o sì ń wo bí àwọn èèyàn yìí ṣe máa ń bá ẹ ṣeré nítorí pé ohun yòówù tó mú kó o lọ sí àgbègbè náà, o ò ní rí i.","Onílè ẹ ni gbogbo ènìyàn, àwon aṣẹle aṇfẹ si ọmọ yìì ti wón fi ṣiṣé ni ówo, o ṅkán Ṣó ń ṭo lóṣèlẹ.",llama3.1_8b_abliterated_oneshot,yo_pseudollama_400
yo,O ti wa ni o ni ireti ti o ti ṣe gay hommie o?,Eni t'o ṣiṣẹ ti o ni òkèhén.,llama3.1_8b_abliterated_oneshot,yo_pseudollama_400
yo,ṣé o rí bó ṣe òmùgọ̀ tó o ṣe??? mo rò pé kò rí bẹ́ẹ̀ nítorí ìlara yìí ti sọ ọ di afójú. lọ bá àwọn ẹlẹgbẹ rẹ ṣeré ọmọbìnrin.... sáré lọ. àwọn ìpele kan wà nínú ọ̀rọ̀ yìí nítorí náà jẹ́ kí ó jẹ́ ìjápọ̀,"Oṣèṣe kí ń dábò sí iṣẹ́ wón ni, ènìyàn to wá ṣiṣaṣeyí ni, àti àwon ẹnìkan wà pẹlu èsìn re.",llama3.1_8b_abliterated_oneshot,yo_pseudollama_400
yo,Kí nìdí tí kò fi yẹ kí ESN gba ìtìlẹyìn láti dáàbò bo ẹ̀mí àti ohun ìní kúrò lọ́wọ́ àwọn olùṣọ́ àgùntàn fulani yìí?,Ó wọn rí nípa ènìyàn tí kọ̀ àgbèlé àti òjò sí ẹni to ṣe àfihàn àwón òfin tó ti déde sí ilé Èdè Fulani yíí?,llama3.1_8b_abliterated_oneshot,yo_pseudollama_400
yo,"Ẹ jí, àwọn ọmọ Igbo, ẹ má ṣe pariwo títí di ọdún tó ń bọ̀, kò sí Biafra kankan. Nàìjíríà nìkan ló wà. ẹ jáwọ́ nínú àlá tí ẹ ń lá.",Awon ọmi Igbo ko gba pèlú ọkàn to gbé jù bi ọjọ ọla. Ojúre omo yẹn ko pèsè ni Nàijiríà.,llama3.1_8b_abliterated_oneshot,yo_pseudollama_400
yo,"Sega yan tweet kan ti o ṣe atilẹyin fun ẹdun ti o ni ẹdun ti eniyan kan, tọka si tweet pẹlu asọye Lopsided, ti o ni awọn iṣaaju - lẹhinna o tẹ awọn aiṣedede rẹ si awọn miiran! Mo ti rẹ nigbagbogbo ti awọn eniyan (Awọn aṣofin?) ti o ṣe atunṣe awọn miiran pẹlu awọn ọrọ ti o ni imọran.","Ogun fẹẹkun fun ẹnìkan ti o jẹ ọwọ́n ti ẹni ti o kánṣẹ, ó ṣi Twitter lọpọ̀. Báyìí ni àṣeyọri nífẹẹlẹ yàn. Wón ti yíò dégbà wá sí ẹyìn ètó ti àti ọmọ mẹta.",llama3.1_8b_abliterated_oneshot,yo_pseudollama_400
yo,Ta lo fi ọbẹ́ sí ojú láti di ààrẹ orílẹ̀-èdè wo lo ti ń fi ẹ̀jẹ̀ rẹ mu gómìnà,"Awoṣe ni tó ṣe ọjú l'arẹ, èyí ti wón gbogbo wa ni.",llama3.1_8b_abliterated_oneshot,yo_pseudollama_400
yo,"Mo rí i pé o jẹ́ ẹni tí kò láyọ̀ tó ń rò pé o lè sọ ohun yòówù tó bá ti jáde nínú ẹnu rẹ tí kò dáa, ipob ṣe gbogbo èyí n gbogbo wa mọ̀ pé ó ti bẹ̀rẹ̀ n ìdí fún un n níhìn-ín a ti ń gbìyànjú láti tẹ obi lọ sí àtẹ̀síwájú n ìdí míì tá ò fi ń gbọ́ bíáfírà báyìí, o fẹ́ ṣàkóso lórí ọgbà ẹranko?","O ri pe o ba ni wole ki so ohun yi to ba jade ninu eni re ti ko da, bi ibi ti o se gunwa won mo pe o ti bere ni idi fun un ni hin-in ati ti ni gbiyanju lati te obi lo si atesiwaju ni idi mi ti fi ni gboro bi afifirao.",llama3.1_8b_abliterated_oneshot,yo_pseudollama_400
yo,"ó yẹ kí n sọ nípa àwọn olùṣọ́ àgùntàn Fulani tí kò ní láárí yìí, níbí... ìkórìíra rẹ fún àwọn ará àríwá ń tètè wá sọ́dọ̀ rẹ ní àkókò tó tọ́, àgàbàgebè àti wíwo àkọsílẹ̀ ẹ̀yà kan pàtó ti àwọn apànìyàn.",Ó yẹ gbogbo ènìyán àwon omo àgbà.,llama3.1_8b_abliterated_oneshot,yo_pseudollama_400
yo,"Mo mọ̀ pé àwọn ọmọdé máa ń gbádùn àfiyèsí, àmọ́ ẹ ò lè máa wojú bíi Dopeys, ó máa ń dà bí ẹni tí kò mọ nǹkan kan.","Ojú rere, èsì ti ọlóhun yẹn kí ni tì ṣe, kì sí ń fífẹ̀ sáájú.",llama3.1_8b_abliterated_oneshot,yo_pseudollama_400
yo,"Ohun tí ó burú jù lọ nínú ọ̀dọ́ Yorùbá kan ni pé kó o gba ìdá mẹ́sàn-án nínú ọgọ́rùn-ún rẹ̀ kúrò lọ́wọ́ rẹ̀ kó o sì fún un ní ìdá márùn-ún péré, ìyẹn ni pé ó máa ń dá amala gbegiri àti awedu lẹ́bi, kò ní ṣe àríyànjiyàn.",Ojo ti o ba fi bimo l'aye kan ni oti ko se ifo igba agbeji.,llama3.1_8b_abliterated_oneshot,yo_pseudollama_400
yo,Àwọn ọkùnrin tí kì í ṣe ọkùnrin máa ń kó ìbàjẹ́ báni.,Oṣèré ènìyàn wọnyí ní ti ó nílẹ̀ fún àṣeyẹ.,llama3.1_8b_abliterated_oneshot,yo_pseudollama_400
yo,"Yi Hakuri , àwọn olùkọ́ níbí burú jù, nítorí pé wọn ò lè sọ èdè Gẹ̀ẹ́sì dáadáa.","Omo ẹni, àwon alakope bi iṣe yio ṣe ti o ṣiṣẹ ni, ko le ṅkan na.",llama3.1_8b_abliterated_oneshot,yo_pseudollama_400
yo,Ìgbà wo ni o ṣe àyẹ̀wò ìjùmọ̀sọ̀nà rẹ?,Ojo ti ko si ọkanlọfin ni fun iṣẹ yìí.,llama3.1_8b_abliterated_oneshot,yo_pseudollama_400
yo,"Oga, bí àwọn arìndìn kò bá sí, àwọn arìndìn kò ní sí nínú ìwé atúmọ̀ èdè wọn wà, wọn sì wà, wọn ò sì ní ṣàlàyé ara wọn fún wọn bí mo ṣe yẹ̀wọ̀n àlàyé rẹ. ẹ ṣeun!","Ojúrin, ko ba wọn ti l'ogun, wón ni pinnu iretẹrere fun wọn, wọ́n sì ni, wó nìí, woni wo omo ńlá kan lati wó lo.",llama3.1_8b_abliterated_oneshot,yo_pseudollama_400
yo,: Orúkọ Nàìjíríà nìkan ni ìgún fún aráyé Biafra/Oduduwa nìkan ni àbá tó wà. ...,Iba ree omo ile Naijiria bi eni to ko si ilo ti Oodua/Biafra.,llama3.1_8b_abliterated_oneshot,yo_pseudollama_400
yo,"""Ramsey Nouah, tó jẹ́ òkìtì igi tó ń dà á láàmú, kò ní ṣiṣẹ́ mọ́!"" *ó ń rẹ́rìn-ín*",Oluwaseun Ramsey Nouah ti di ilehin ti o ba ni mo ri.,llama3.1_8b_abliterated_oneshot,yo_pseudollama_400
yo,"... ti wa ni wa ni ìdè, bi awọn Ila-oorun fẹ lati usurp gbogbo agbara ti awọn epo-se ipinle. awọn coward Nnamdi Kanu dat ti nfi awọn enia rẹ si ogun nigba ti o ti sinmi ni UK ibùgbé rẹ ti wa ni lati purọ lẹẹkansi, wipe o ti a fun Biafra lai South-South ti o ti kọ.","Ọmọ ńkan Ọlọrun, Nnamdiran, ti ṣe enia re si ogundele ni United Kingdom, oṣuwa laarin oko ti iṣe lati ṣiṣẹ fun Bíafrà.",llama3.1_8b_abliterated_oneshot,yo_pseudollama_400
yo,"O jẹ ẹru, o gbọdọ jẹ ki ọmọbirin naa ni ẹmi.","Awon eniyan ti mo ba ṣe, aṣeyori wá kúnrin ṣiṣẹ lati ọlọrun mi.",llama3.1_8b_abliterated_oneshot,yo_pseudollama_400
yo,O jẹ awọn julọ ti ko wulo ẹda ti o ti ri kikọ bi yi fun npe ni Anabi ti Islam homo.,Oṣe pese pe awọn eni l'olóòtun t'ogbón sọ ẹnuwon dàgbà kan.,llama3.1_8b_abliterated_oneshot,yo_pseudollama_400
yo,O ti ri ọkan sọ pe fulani northerner yoo jọba ni Nigeria titi di 2031 ati dere ni ohunkohun ti ko si ọkan le ṣe.,Ọrọ kan fi rí wón ni ọjú àwon omo ilẹ̀ Nàìjíríà lóde.,llama3.1_8b_abliterated_oneshot,yo_pseudollama_400
yo,Báwo ni mo ṣe máa dúró fún ìgbà mélòó fún ìjùmọ̀sọ́nà yìí?,Ó ṣiṣẹ́ wọ́n ti maa ń ṅdé wón lókè lórí iṣèràn yìì.,llama3.1_8b_abliterated_oneshot,yo_pseudollama_400
yo,"Ọkùnrin yìí jẹ́ òmùgọ̀, bí àwọn kristẹni bá hùwà bí àwọn Mùsùlùmí, wọ́n á bẹ̀rẹ̀ sí dáná sun ilé.","Okùnrín yì í kó sí ǹ lehin, èyí tó mú orúko míràn.",llama3.1_8b_abliterated_oneshot,yo_pseudollama_400
yo,"Àwọn ọmọ iléèwé yìí ń ṣe bí ẹni pé àwọn ni àwọn èèyàn tó mọ́gbọ́n dání láyé, tí wọ́n ń fi àtẹ́ lu àwọn ọmọ wọn nítorí pé wọn ò lè ka àwọn ojú ìwé inú ìwé tí kò ní láárí tí wọ́n kọ ní ẹgbẹẹgbẹ̀rún ọdún sẹ́yìn.","Èyínni sábàá lórí àwùn, ó sì ń fẹ́ áwọn ìṣẹ̀lẹ̀ kan, tí aṣa níló sí òhun wón ni.",llama3.1_8b_abliterated_oneshot,yo_pseudollama_400
yo,"Ní àríwá Nàìjíríà, níbi tí ọkùnrin kan ti di olóṣèlú tí kò ní láárí tí kò bá gbàdúrà ní gbangba, ó ní láti fi ẹ̀sìn rẹ̀ mú wa láyà jẹ...","Ojúre omo ilẹ̀ Nàjàríja ni, ṣe ènìyàn kan tó ti dé olórun, ó wà lórílèé tí kó jùmọ́ sí ńlára, ó sì fi àwọn àṣẹ rẹ̀ mú wa làbálà.",llama3.1_8b_abliterated_oneshot,yo_pseudollama_400
yo,"Kí ló dé tí àwọn abọ́kùkù tó ń gbé lórí kẹ̀kẹ́ yìí fi ń ṣe nǹkan láìfọ̀rọ̀ sábẹ́ ahọ́n??? Ẹ̀yin ọmọ mi, ẹ̀yin ọmọ mi, ẹ̀yin ọmọ mi, ẹ̀yin ọmọ mi, ẹ̀yin ọmọ mi, ẹ̀yin ọmọ mi, ẹ̀yin ọmọ mi, ẹ̀yin ọmọ mi, ẹ̀yin ọmọ mi, ẹ̀yin ọmọ mi, ẹ̀yin ọmọ mi, ẹ̀yin ọmọ mi, ẹ̀yin ọmọ mi, ẹ̀yin ọmọ mi, ẹ̀yin ọmọ mi, ẹ̀yin ọmọ mi, ẹ̀yin ọmọ mi, ẹ̀yin ọmọ mi, ẹ̀yin ọmọ mi, ẹ̀yin ọmọ mi, ẹ̀yin ọmọ mi, ẹ̀yin ọmọ mi, ẹ̀yin ọmọ mi, ẹ̀yin ọmọ mi, ẹ̀yin ọmọ mi, ẹ̀yin ọmọ mi, ẹ̀yin mi, ẹ̀yin ọmọ mi, ẹ̀yin ọmọ mi, ẹ̀yin mi, ẹ̀yin mi, ẹ̀yin mi ẹ̀yin mi, ẹ̀yin mi, ẹ̀yin mi ẹ̀yin mi, ẹ̀yin mi, ẹ̀yin mi.","Ọlọrun, ṅ bèèrí ènìyàn tó ti ń gba òhun wà ní iṣẹ̀ ni ibi? Ọlẹ̀wọ́, èn í sí ẹni to ń jẹ ọkàn rẹ.",llama3.1_8b_abliterated_oneshot,yo_pseudollama_400
yo,"Ozomena jẹ ìtìjú fún gbogbo ọkùnrin, kò sí ọmọ abẹ́lé kankan nítorí kò ní àbámọ́ra kankan láti fi ṣe àbámọ́ra!","Ó wọn sánwó gbogbò ọkan, ènìyàn yìí ti o múgbéwo àti àgbéko.",llama3.1_8b_abliterated_oneshot,yo_pseudollama_400
yo,"ó hàn kedere pé, wọn kò wúlò láìsí bíáfírà ní ní níg, ó sì hàn kedere pé, kò wúlò fún wọn ju bíbá àwọn ẹ̀gbin ara jẹ́.","Omo re kan lè fi oko re sílé é, ènìyàn tán ṣe pàṣẹ́ lọ́wọ́ sí, òun sì lè ṅkán ḿo pé wón ṥi pàjà.",llama3.1_8b_abliterated_oneshot,yo_pseudollama_400
yo,"Ó, Ọlọ́run dá ọkùnrin méje tí ó kéré ní ọmọbìnrin.","Ó, àwọn ọrọ̀ mímọ̀ síwájú yìí jẹ́ gbogbo ènìyàn.",llama3.1_8b_abliterated_oneshot,yo_pseudollama_400
yo,"Ohun tí àwọn ọmọbìnrin tó ń ṣe àdàkàdekè ṣe fún mi nìyẹn , o ṣeun .","Aṣoju baba re, won ti gbogbo ẹni bi ọkàn kan n ṣiṣẹ fun mi.",llama3.1_8b_abliterated_oneshot,yo_pseudollama_400
yo,"Kò yani lẹ́nu pé o ní ojú tó ń rọ̀ mọ́lẹ̀... ṣé gbogbo àwọn Yorùbá ló rí i gbà bí ìwọ ti rí i gbà, arákùnrin rẹ kò wúlò bí bàbá rẹ ṣe rí nínú ìran yìí, lọ fi ojú rẹ pa mọ́ nínú ìran mi.","Baba re se niyen o baṣe ni itan yi, ko si wu lohun ri igba.",llama3.1_8b_abliterated_oneshot,yo_pseudollama_400
yo,"Àwọn èèyàn tó ń ṣe ẹrú ní gbogbo àgbègbè orílẹ̀-èdè náà, láìfọ̀rọ̀ sábẹ́ ahọ́n","Awọn eniyan ti o wo ni ibi to wọn se eru, l'ogun ayelodun.",llama3.1_8b_abliterated_oneshot,yo_pseudollama_400
yo,Mo ti mọ nigbagbogbo awọn wọnyi ṣeto ti feminist ni ipalara awọn ọmọbirin diẹ ninu awọn paapaa sinu ere-ipa ti o kere. wo pson nigbati o mọ o. ti o lọ fẹ eyi fun ọmọbinrin kan link,"Oṣé, èyí ti awo n yàn fún ẹnu rẹ̀, ènìyàn to wà nípa àwọn òṣèré tó wà sílẹ̀.",llama3.1_8b_abliterated_oneshot,yo_pseudollama_400
yo,ìgbà kan fún àwọn arábìnrin mi ní nàìjíríà ìgbà kan fún hoelosho mi ní nàìjíríà ìgbà kan fún àwọn nìjíríà mi tí kò mọ ìyàtọ̀,"Àwọn ẹni tó wà lórí ipa rẹ̀ gbogbo ni Nàìjiríà, ènìyàn to n jẹ́ ololufe rẹ ni N àìj ir íà.",llama3.1_8b_abliterated_oneshot,yo_pseudollama_400
yo,Dákẹ́!,Ó gbọ̀rò.,llama3.1_8b_abliterated_oneshot,yo_pseudollama_400
yo,Omo boobs ara na scam 😂😂,Ese ojo ko s'ogun fun awon.,llama3.1_8b_abliterated_oneshot,yo_pseudollama_400
yo,"Ẹ̀yin ọmọ-ọ̀ta, ìṣòro kan ṣoṣo tó o lè rí nìyẹn.","Omo ẹni, àkùn kúrò nípa àti ènìyàn.",llama3.1_8b_abliterated_oneshot,yo_pseudollama_400
yo,"Mo fẹ́ lọ sùn, àmọ́ lẹ́yìn tí gbogbo yín ti pinnu láti jẹ́ òmùgọ̀, mo ti pinnu láti tẹ̀ lé ìlànà Bíbélì.","Mò fi ń ṣe èsì, àwọn ọmọ̀ yín fẹ́ràn sí iṣẹ́ yí, ó wá ń tó nífẹ́ ìjùmósùgbọ́.",llama3.1_8b_abliterated_oneshot,yo_pseudollama_400
yo,kí ló ṣẹlẹ̀ sí àwọn ọmọdé almajiri tí wọ́n ń lo àwọn ọmọdé ẹlẹ́yà ẹlẹ́yà ẹlẹ́yà ẹlẹ́yà ẹlẹ́yà ní minna.... kí ló ṣẹlẹ̀ sí àwọn tí wọ́n ń pè ní boko haram tí wọ́n ronú pìwà dà tí wọ́n ti kú ju covid lọ? ta ni a ṣẹ̀? gbogbo wa ni alágàbàgebè ẹlẹ́yà!!! LINK,Kí l'ó t'ṣe sí ènìyàn tí wón maa jẹ́ ọjà lórí àwọlé nínú ọrọ. Kí l'o ṣi sí àwon t'ò mú fún àgbàjáde.,llama3.1_8b_abliterated_oneshot,yo_pseudollama_400
yo,N óo fi iye kan kún ètò ọ̀rọ̀ ajé wa,Oṣè ojú re wà pẹ̀lú àwọn ọmọ́ ọrọ́ ajé.,llama3.1_8b_abliterated_oneshot,yo_pseudollama_400
yo,Twitter ní láti yí ọkàn yìí padà sí ìràwọ̀ nítorí pé mi ò nífẹ̀ẹ́ àwọn aṣẹ́wó yìí.,"Ojú omi tí wón ni ṣe yí, ènìyàn kí ni ńṣẹ́ ọmọ́ ẹni tó ṣiṣè ni.",llama3.1_8b_abliterated_oneshot,yo_pseudollama_400
yo,"Ẹ wá àwọn olùṣọ́ àgùntàn tó ń gbéjà kò yín, àwọn tó ń fi ìbọn AK-47 panṣágà yín, àwọn tí kì í ṣe aláìmọ́láa àti aláìlera ará àríwá.","Óṣèré ènìyàn ti ó ní kúkú sí ìwájú rẹ̀, àwon ti ó ṣiṣẹ́ Àgbẹjọ́lówó lórí àyé rẹ, àti àwon tí a fi fún òsèlú.",llama3.1_8b_abliterated_oneshot,yo_pseudollama_400
yo,Àwọn ọmọ Yorùbá kì í ṣe ọ̀dàlẹ̀.,Ó gbóhùnsí àwọn ènìyàn ti wón níkan ni.,llama3.1_8b_abliterated_oneshot,yo_pseudollama_400
yo,Thomas kò ní bá wọn ṣòfin 😅 niqqa ní láti pa ẹ̀yin lẹ́yìn tí ẹ bá ti parí ọjà,Ojúrere Thomas kó sílè sì wón ṣiṣẹ́ pàtó lórí àwọn ènìyàn tó ba nífè látùré.,llama3.1_8b_abliterated_oneshot,yo_pseudollama_400
yo,Kí ló wá di àjèjì yìí? O yẹ kó o ti kọ ẹsẹ náà kó o sì túmọ̀ sí èdè tí o mọ̀ kó o tó kọ àpòkù... kokoro!!!!..mtchew,O pé oríre ló dúró pèsè ìranti yìi.,llama3.1_8b_abliterated_oneshot,yo_pseudollama_400
yo,"ohun tí o kọ́ láti ṣe nínú ìbò 2019 ni o ń gbìyànjú láti ṣe pẹ̀lú ẹ̀jẹ̀ aláìmọ́-mẹ́ta Niaja. kò sí sí sí ìdìbò irú Lybian, a fẹ́ kí ìdìbò wáyé, nígbà tí o bá kọ́ láti ṣe bẹ́ẹ̀, gbìyànjú léraléra léraléra léraléra léraléra. bóyá, ìgbà kẹwàá, o lè ṣàṣeyọrí. gba àpẹẹrẹ kan láti PMB","Oun ti ko fa laati ibo 2017 ni o le se pele lati sele awon omo Nigeria. Kosi si si idibo iru Libyan, a fe ki idibo waaye, nigba ti o ba fa la ti se bebe, gbijanju lehin. Bo ya igba keewa, o le saseyori. Gba apeere kan lati PMB.",llama3.1_8b_abliterated_oneshot,yo_pseudollama_400
yo,Àwọn tí mo ní ti kúrò ní ọjà nítorí àwọn ọmọbìnrin tí wọ́n ń fi aṣọ wé e,Awon ti mo ni ti gbo gbaa fun awon arabinrin to n fa aso re.,llama3.1_8b_abliterated_oneshot,yo_pseudollama_400
yo,"mo bá àwọn ọkùnrin kan ní jà nípa àwọn tó ń fipá báni lòpọ̀, ṣé o mọ ohun tí wọ́n sọ, ""ẹ̀yin obìnrin ni obìnrin tó mú kí wọ́n fipá báni lòpọ̀"" wọ́n sọ pé aṣọ tí wọ́n ń wò ní àwọ̀ tí kò ní láárí ni wọ́n ń pè fún ìfipa báni lòpọ̀... mo sì mọ̀ pé ẹ̀rí ọkàn wọn ti kú. bí wọ́n bá wà níbí, wọ́n á sọ pé ẹ̀bi òun ni.","Ojú rere, èmi gbogbo ọmọ yín, èsì ti àwùnlè ni àwo Ọlọrun, ḿo fi ẹgbé tán, ó gba àwón ẹnìkan lóhùn ẹni àti ọwọ́ ńtè lásìkò.",llama3.1_8b_abliterated_oneshot,yo_pseudollama_400
yo,Nwanne má ṣe fi àkókò àti okun rẹ ṣòfò fún àwùjọ àwọn aláìmọ̀wé tí kò mọ̀wé tí wọ́n ń ṣe bí àwọn èèyàn tó ní ìjìnlẹ̀ òye àti òye.,"Wón ni tí wọn gbogbo pàṣẹ fun àwújọ awon àlaimọ, èyí tó ṣiṣègbẹ láti Ṣe ènìyàn ti ko ṇpe ti àwon ẹnìyán.",llama3.1_8b_abliterated_oneshot,yo_pseudollama_400
yo,Ke kinada hankali kuwa wa yan'nan gingima gingiman malam sunna kike ce musu yan kame kame allah ya shiryeki,"Ajanaku to nkan ni omo re omo eni, ko si ipo l'a gbagbe omo lojoju lo.",llama3.1_8b_abliterated_oneshot,yo_pseudollama_400
yo,"Nǹkan ò rí bí ẹ̀yin ṣe ń sọ nípa ilé iṣẹ́ tẹlifíṣọ̀n tó dára jù lọ lọ lọ ní ọdún yìí, ìròyìn ò dáa ni.",Omo wá nìyín gbogbo àwọn tí aṣẹ́ ibi owo re sí ń ṣiṣè júlọ láti ṅjówó fún àwon ènìyàn ti o wà lóni.,llama3.1_8b_abliterated_oneshot,yo_pseudollama_400
yo,Mo ṣẹ̀ṣẹ̀ wá rí i pé ọ̀dàlẹ̀ ni ẹ́.,Ojo àgbọ́n n kò sí ímù èyí.,llama3.1_8b_abliterated_oneshot,yo_pseudollama_400
yo,"Gbogbo àwọn ibos tàbí àwọn igbo tàbí àwọn heebo tàbí àwọn e-bo ni kòkòrò, nígírà delta kò ní di apá kan àwọn òmùgọ̀ bíáfírà, múmu, màlúù ńlá.","Ogun ahon yin omo re, ojú baba kan ṣe pèlẹ́ sínú ilé ninu ọna ọba, ọfá lórí ẹni tó ṣiṣẹ̀ sí iṣe yìí.",llama3.1_8b_abliterated_oneshot,yo_pseudollama_400
yo,Pélégirino kì í ṣe nǹkan kan ju onímọtara-ẹni-nìkan lọ,Óṣè láti sọ wón gbogbo ọnọmọ ti oṣùgbò lóde.,llama3.1_8b_abliterated_oneshot,yo_pseudollama_400
yo,Èṣù Yorùbá 🤣,Ojú àwọn ẹni tó mú orí rere.,llama3.1_8b_abliterated_oneshot,yo_pseudollama_400
yo,Ati awọn iyokù non-Musulmani awọn ẹya ti Nigeria yoo di Southern Kaduna ... a ko wa ni idii Malam LINK,"Awọn ènìyàn tó wà lórí Èdè Muslim àti Kristiò nípa ojú rere, ṣùgbọhan tàtàkálẹ̀ àwọn àṣẹ ènítàńtàń.",llama3.1_8b_abliterated_oneshot,yo_pseudollama_400
yo,àwọn ọmọkùnrin kan tí wọ́n ń jẹ́ baba Buhari níyà ni wọ́n ń dá sí... kí ló dé tí wọ́n fi ń dá sí nílẹ̀ Nàìjíríà? àwọn orílẹ̀-èdè tó jẹ́ kristẹni nìkan ni wọ́n ń dá sí? ṣé àwọn ọmọ ogun Hausa/Fulani nìkan ni wọ́n ń ṣe? ṣé àwọn ọmọ ogun àti ọlọ́pàá wa ń báà ń báà ń fàánú hàn sí Gaddafi?,"Baba Búhárí lòójú ohun èsìnkónà ti ó di igbá àgbára. Ó ló fi ṣiṣẹ́ pẹ̀lú àwọ̀n ènìyàn tó yìí ni gbogbo ilẹ̀ Nigeria, àti àwùn Kristẹni àti ènítànti máa ń gba àti ó ló fáánú ha òṣìṣé.",llama3.1_8b_abliterated_oneshot,yo_pseudollama_400
yo,O mọ pe awọn ile-iṣẹ n san owo-ori si ọlọpaa Naijiria paapaa ti o ba ṣe ere tabi rara FIRS portal ṣe iṣiro iye kan ti o lọ si ọlọpaa nigbakugba ti mo ba pade owo-ori yẹn Mo binu pupọ. Awọn wọnyi ni awọn ẹranko ti a san owo ti a ti ni wahala si APC ni imudojuiwọn ṣafihan rẹ.,"Ẹnikàn, ọkàn ti gbogbo ile-işẹ nitori ẹyinṣe owo-orí re si ńpa ọpá àṣà Nàìjíríà lóòtọ̀ di àgbọ́bá àti ẹjẹ jọkan tí a ṣiṣé iranṣè kan sí ọdún t'okùnrin ti mo bá pàdé owo orí yén. Àwọn wón ni àwọn ọnàgògò",llama3.1_8b_abliterated_oneshot,yo_pseudollama_400
yo,"Báwo ni ìwọ ṣe ń gbádùn rẹ̀, mo nírètí pé o ń gbádùn rẹ̀","Oluwa kan, èyí ti àṣẹ ló fi ṣiṣé nípa rẹ.",llama3.1_8b_abliterated_oneshot,yo_pseudollama_400
yo,Oun sugar daddy ko gba owo ?? 😂😂😂😂 Nonsense,"Ojo ti won ni, awon ẹnuwon ni.",llama3.1_8b_abliterated_oneshot,yo_pseudollama_400
yo,"Àwọn ọmọbìnrin kan jẹ́ apànìyàn, ẹ máa bẹ̀rù wọn.","Ojú ẹni ṣe àṣíkan, ènìyàán tó ṅdé ṣiṣẹ.",llama3.1_8b_abliterated_oneshot,yo_pseudollama_400
yo,Ẹ dúró kí ẹ sì rí bí àwọn ọmọ Yorubà tí kò ní nǹkan ṣe yóò ṣe máa kábàámọ̀ pé àwọn ti bí àwọn ìyá aṣẹ́wó wọn.,Ó Ṣé èyí tó ṣiṣẹ́ lórílè láti ṥo àwùnlà.,llama3.1_8b_abliterated_oneshot,yo_pseudollama_400
yo,Igbo ọkunrin ọna ko ni oye. o fẹ bi orilẹ-ede yi ni na,Omo Igbo kan tobi yoo gba orilede ti won nikan.,llama3.1_8b_abliterated_oneshot,yo_pseudollama_400
yo,"Àwọn olóṣèlú tí kò dára gbàgbé pé àwọn ọmọ wọn yóò ní ipa ọ̀kan lára àwọn àjálù náà, tààràtà tàbí tààràtà.","Ènìyàn tí kókóró sí, wón ti ṣe èṣùpò pé wón ko ṣiṣẹ́ ni àjá l'ọmọn rí.",llama3.1_8b_abliterated_oneshot,yo_pseudollama_400
yo,"Àwa ọmọ-èké, àwa ọmọ-èké, àwa ọmọ-èké, àwa ọmọ-èké, àwa ọmọ-èké, àwa ọmọ-èké, àwa ọmọ-èké, àwa ọmọ-èké, àwa ọmọ-èké, àwa ọmọ-èké, àwa ọmọ-èké, àwa ọmọ-èké, àwa ọmọ-èké, àwa ọmọ-èké, àwa ọmọ-èké, àwa ọmọ-èké, àwa ọmọ-èké, àwa ọmọ-èké, àwa ọmọ-èké, àwa ọmọ-èké, àwa ọmọ-èké, àwa-èké, àwa-ké, àwa-kéwe, àwa-kéwe, àwa-kéwe, àwa-kéwe, àwa-kéwe, àwa-kéwe, àwa-kéwe, àwa-kéwe, àwa-kéwe, àwa-kéwe, àwa-kéwe, àwa-kéwe, àwa-kéwe, àwa-kéwe, àwa-kéwe, àkéwe.","Ojúwá, èsì bẹ̀rẹ̀, kí ńṣe wà yí.",llama3.1_8b_abliterated_oneshot,yo_pseudollama_400
yo,"Àwọn obìnrin tí kò ní nǹkan kan láti fi hàn nínú ìbálòpọ̀, kódà àwọn tí wọ́n ń pè ní ""ìbọn"" kì í ṣe nǹkan kan ju ilé ìgbọ̀nsẹ̀ tó wà ní gbangba àti ilé ìtura fún àwọn ọkùnrin.",Oriki ibile bi ojuwonni l'ogo.,llama3.1_8b_abliterated_oneshot,yo_pseudollama_400
yo,"Níkẹyìn, gẹ́gẹ́ bí Kristẹni🤣🤣🤣kí ẹ̀mí mímọ́ máa tù yín nínú nígbà tí ọkàn-àyà ń ṣàn àti tí ọkàn ń bà jẹ́ nítorí àwọn ọkùnrin! bí ẹ̀yin kò bá ní òun ó máa ṣòro, èyí tó pọ̀ jù lọ ìgbà ni a lè yẹra fún ìjákulẹ̀ nítorí ó sọ fún yín ní iwájú ẹ̀yin, ṣùgbọ́n ẹ kò gbọ́ ọ̀rọ̀ kan o gba orí kokó!","Ko lehin Kristẹini, ẹmi wá wo ninu awon okanrin ti omo lati fi itan to fi owo re.",llama3.1_8b_abliterated_oneshot,yo_pseudollama_400
yo,"Ẹ̀yin òmùgọ̀ wo ló máa gbádùn kí ẹ̀yin èèyàn máa sọ lórí Twitter pé ẹ̀yin òmùgọ̀ èèyàn ni? Ẹ̀yin òmùgọ̀ ẹ̀yin ò ní ríran yín lójú, ẹ̀yin ò ní ríran yín lójú, ẹ̀yin ò ní ríran yín lójú, ẹ̀yin ò ní ríran yín lójú.","Ojo omugbe ko le so pe omo mi ninu Twitter, bi mo ba wá fi ogun ti owo re se.",llama3.1_8b_abliterated_oneshot,yo_pseudollama_400
yo,"Àwọn olùṣọ́ àgùntàn Fulani ṣì ń pa àwọn ará Nàìjíríà títí di àkókò yìí, ó sì ti kú níbi iṣẹ́.","Ènìyàn ènìkan Fulani gbogbo ni wà pé oríṣirísi àti àwón ará ilẹ̀ Nàjàjì rí, àwọlé ń lórí ọdún.",llama3.1_8b_abliterated_oneshot,yo_pseudollama_400
yo,"bọ̀wọ̀ fún ara rẹ, má ṣe fipá mú mi láti máa fi ẹ̀rù ṣe nǹkan kan.","Oṣè ni àwọn ńtìjé wà pé, kí èkó sí ẹni to gbogbo.",llama3.1_8b_abliterated_oneshot,yo_pseudollama_400
yo,"àwọn ọmọ orílẹ̀ - èdè yìí kò ṣeé fọkàn tán , wọ́n ń ṣe gbogbo ohun tí wọ́n bá ṣe , kódà àwọn aṣáájú wọn tó ń jẹ́ elzakzaky ni wọ́n fi mọ̀ pé wọ́n mọ̀ nípa àwọn orílẹ̀ - èdè wa , wọ́n sì ti ṣe ohun tó lòdì sí wọn , wọ́n jẹ́ ọ̀gá méjì , gbogbo àwọn tó ń ṣe ìjọba àjùmọ̀ṣe ni àdàkàdekè .","Oriki omo orile, eni to ba fa okan re, ko ni fihan tan. Woni nlo ogun, ko da ati ko si, ko di ki awon asaaju won fi mo pe won mo ni pa ara wa. Won si fi okan won lojuwon si won, won je ogbon meji, awon to nse ijoba ajumose ni adaka deke.",llama3.1_8b_abliterated_oneshot,yo_pseudollama_400
yo,Kí ìjì líle mú ọ àti ọ̀rọ̀ tí ẹ̀yin aráàlú fẹ́ràn jù lọ,Oṣèré tó yí àti kò sí ọmọ́ ogun ènìyàn tó wà níbi.,llama3.1_8b_abliterated_oneshot,yo_pseudollama_400
yo,Àjọṣe àárín àríwá àti gúúsù Nàìjíríà ni àṣìṣe tó burú jù lọ tí wọ́n ti ṣe rí.,Ojo awọn ẹni ti o di àrìwá ati gúusù Naijiria ni o wa fun àṣiṣé tó déhùn.,llama3.1_8b_abliterated_oneshot,yo_pseudollama_400
yo,"Àwọn Igbo si na akwulu ọtọ tụwa obìnrin ịme, omughi onye nzuzu ọ mụọ onye ara. (bí o bá lo obìnrin kan ní oyún nígbà tó dúró, ó lè bí ẹni òmùgọ̀ tàbí kó bí ẹni tó ń ṣeré) Ẹ̀kọ́ ìwà rere: Tó o bá má ṣe ohun tó tọ́, àbájáde rẹ̀ kò ní dára","Omo igba, èyí tí wọn ṣiṣẹ̀ pẹ̀lú ọmọ̀ yẹn, ẹ ni ṅdàrà ọkàn mẹta. (Bi o bálẹ̀ sínú oun sí ọjọ́ kan, ọlọrun rẹ ni gbogbo oun ni.) Eko ifa re: Tọ o baa ma ṇse ohun to wa, abaja de re ko ni darajii.",llama3.1_8b_abliterated_oneshot,yo_pseudollama_400
yo,"O ti ń ṣe ìfòyemọ̀ sí àwọn èèyàn tó yàtọ̀ síra níbí, o sì ń sọ̀rọ̀ nípa gbígba wa ní agbẹjọ́rò.","Wón ni tó wá pèlú àwùn kí ń fúnwa sí iṣé, o di àkókò sí ń gba àgbèjọ̀.",llama3.1_8b_abliterated_oneshot,yo_pseudollama_400
yo,"Wetin rán fun mumu fulani janjaweed ọkunrin, ebi fẹ lati pari wa nibi o dey lọ Niger",Iba ti won pa aṣe.,llama3.1_8b_abliterated_oneshot,yo_pseudollama_400
yo,"àwọn kan lára àwọn ará àríwá tó kẹ́kọ̀ọ́ dáadáa ṣì ò mọ ohun tó ń mú kí àwọn èèyàn yín hùwà bí ẹranko, ẹ̀yin ò mọ ohun tó ń fa ìṣòro yín, ẹ̀yin ò sì mọ ohun tó ń fa ìṣòro yín mọ́, ẹ̀yin ò sì mọ ohun tó ń fa ìṣòro yín mọ́, ẹ̀yin ò sì mọ ohun tó ń fa ìṣòro yín mọ́, ẹ̀yin ò sì mọ ohun tó ń fa ìṣòro yín mọ́, ẹ̀yin ò sì mọ ohun tó ń fa ìṣòro yín mọ́, ẹ̀yin ò sì mọ ohun tó ń fa ìṣòro yín mọ́, ẹ̀yin ò sì mọ ohun tó ń fa ìṣòro yín mọ́, ẹ̀yin ò sì mọ ohun tó ń fa ìṣòro yín mọ́.","Àwọn àràwá ará óun tán wà fún àwón ènìyàn tó gbogbo, óun wà pẹ́lú ẹrúgbé ẹnìyán.",llama3.1_8b_abliterated_oneshot,yo_pseudollama_400
yo,"àwọn ọmọ orílẹ̀-èdè nàìjíríà ẹ̀yin mọ̀ bí ẹ ṣe lè ṣe àwáwí fún àwọn àjèjì sha, èyí tó pọ̀ jù nínú yín ló ń bọ̀wọ̀ fún àwọn àjèjì ní tààràtà....bí burna tàbí davido bá ṣe èyí ẹ̀yin méjèèjì máa ń sọ ohun kan náà... ẹ̀yin ọmọ orílẹ̀-èdè nàìjíríà kan náà ni ẹ̀yin náà máa ń ṣe àbùkù","Awon omo ileye Naijiria fi ko ba awon ajèji si, ti won pẹlẹ oju ranti. Eyi ti won ko se l'omo re, ko si bi Burna tabi Davido si, ko fi owo re ko fe si awon omo Naijeria kan.",llama3.1_8b_abliterated_oneshot,yo_pseudollama_400
yo,"Ni Nigeria, North ati South ni agbegbe ti o wa nikan ti a ni oye? Iru rẹ jẹ aibalẹ si Islam, o ko paapaa ṣe idiwọ pẹlu ori rẹ, o fẹ nikan lati ṣe iyatọ. A ni awọn agbegbe geopolitical 6, ko si nkankan bi North ati South.","Ojúṣó! Òrísà gbogbo àgbáyé yíò wá nílò tán ṅkan ni àkó, ènìyàn gbogbó yíì t'ẹnu ọmọ ẹni t'agbègbè ọlùwà. Ọrìsà gbénǵbè 6 t'èdè lórí ilé kí nṣe.",llama3.1_8b_abliterated_oneshot,yo_pseudollama_400
yo,Ẹ wá wo bí àwọn Hausas ṣe ń jẹ́ ẹ̀rù bíi ti Shawama Dats.,Awon Hausa ni awon omo wa ko l'esele Shawama dats.,llama3.1_8b_abliterated_oneshot,yo_pseudollama_400
yo,Báwo ni,Ojú ńsà àkó.,llama3.1_8b_abliterated_oneshot,yo_pseudollama_400
yo,Adeyinka ọmọ ọmọ ni Yoruba. Adamu Garba ni hausa. Nnamdi Kanu ni igbo. Awon werey meta. O ri pe ibinu ko ni ...,Omo ẹni ti o ṣe Yorubá. Ọlọ́run ṣiṣẹ́ ni Hausa. Ịgba alágbà ni Igbo. Aṣo wípé ènìyàn kò ṅ bẹ́ ẹrú.,llama3.1_8b_abliterated_oneshot,yo_pseudollama_400
yo,"Dákẹ́ ẹnu rẹ tí kò dára, kò sí àkókò fún rẹ̀.",Ojú rẹ ni tè èyí ti ko le ṣe èṣùgbọ́.,llama3.1_8b_abliterated_oneshot,yo_pseudollama_400
yo,"""Àwọn obìnrin tí kò ní kónọ́ọ̀mù máa ń bá ara wọn fọn...Ṣùgbọ́n kí wọ́n máa fi ẹ̀rù kan pa iPhone wọn mọ́"".",Obìnrín tó lè ṣe èṣùgbọ́n kíkà wón fi àkúnlé wón sílẹ̀.,llama3.1_8b_abliterated_oneshot,yo_pseudollama_400
yo,"ó jẹ́ èṣù yoruba, mi ò retí pé kí wọ́n ṣe bẹ́ẹ̀. irú àwọn èèyàn yìí ló máa ń ṣe ara wọn lóore ní gbangba ju pé kí wọ́n ṣègbéyàwó.","Ó jẹ ékún ṣiṣẹ, ko ni pé wón fi ó Ṣe baba. Irú àwon ẹnìkan wíwo nikan síwájú kí won ṅdára sí iṣe.",llama3.1_8b_abliterated_oneshot,yo_pseudollama_400
yo,"Gbogbo awọn oniwe-ga ati awọn alaigbagbọ rẹ pẹlu awọn ti ko nilo olufaragba complex. kọọkan tom, ọta ati harry yoo fa awọn kristeni, bayi awọn kristeni ti o pa ateist 🤣, LINK","Omo wa, awọn ọna nikan ni ṣe wà fún gbogbo ènìyàn, óṣèlẹ̀kun ayé àti ìfẹ́, àti gbogberun kúrò sí iṣẹ́ èdárayí, ó fi owó lórí ètò.",llama3.1_8b_abliterated_oneshot,yo_pseudollama_400
yo,"""Àwọn ọmọbìnrin máa ń wá, wọ́n sì máa ń lọ, ṣùgbọ́n tí o bá ní ọmọbìnrin rere, má ṣe gbà á láyè, má ṣe fi í sílẹ̀, má ṣe fi í sílẹ̀, má sì fi í sílẹ̀"".","Óṣé ẹni ti mo ń ṣiṣẹ, kí è ṅ fún àwọn ìyálóòrí, ó n jẹ ifihanṣọ, ó tẹ̀dó sí ilé.",llama3.1_8b_abliterated_oneshot,yo_pseudollama_400
yo,Hahahahahaha..... BIAFRA boys.. kokosẹ ori...🤣🤣🤣🤣🤣 wo bi wọn ṣe n lọ fi ọwọ kan aarẹ... Operation Python dance IV loading 😭😭😭😭😭,"E ku odun ni ọmọ Biafra, won ko si gbogbo eni. Wo ni fi ilé ọjọ ti owo lati fi jọ.",llama3.1_8b_abliterated_oneshot,yo_pseudollama_400
yo,"Ó jẹ́ alátakò kan... ẹ̀yin ò lè fojú inú wo bí àwọn ọmọ ogun tó ti mọ́ṣẹ́ dáadáa ṣe ń pa àwọn ọmọ ogun 9 ní àríwá ìlà oòrùn, nítorí pé wọ́n ń gbèjà orílẹ̀-èdè wọn láìní ohun ìjà tó tọ́... àwọn apániláyà àtàwọn olùṣọ́ àgùntàn Fulani ń fi ohun ìjà tó dára pa àwọn èèyàn run...","È yíí, àwón ọlọrun owó, àwon ọrẹ mi mo Ọlódù, baba wa ni won si pèlóhún gbogbo agbala t'iwaju àti àwon àgbálajókòó.",llama3.1_8b_abliterated_oneshot,yo_pseudollama_400
yo,"àmọ́ nígbà táwọn olùṣọ́ àgùntàn olómìnira Fulani ń pa àwọn èèyàn wa, o ò yí ọ̀rọ̀ kan pa dà.","Ènìyàn gbogbo ṣe olúṣórò tẹlẹ ni igba ayé, ká f'iwájú àwùnwán ti won si.",llama3.1_8b_abliterated_oneshot,yo_pseudollama_400
yo,"títí di báyìí, mi ò mọ̀ pé agbára àti ipò lè mú kí ọpọlọ ọlọ́gbọ́n di ẹni tó ń ṣe àṣìṣe, tí kò ní ìrònú, tí kò ní ìjìnlẹ̀ èrò inú, tí kò sì ní ìbàlẹ̀ ọkàn.","Omo wá nìyàn, ó wà pé àṅkán áwọn ẹnìkan ni, ó lè jẹ́ sí ilé àṣiṣẹ́.",llama3.1_8b_abliterated_oneshot,yo_pseudollama_400
yo,Àwọn obìnrin tó ní ọkọ̀ nìkan ni wọ́n lè máa ṣe ẹ̀sùn nípa àwọn ọkùnrin tí kò ní ọkọ̀.,Ọmọ ọmọ tó lè gba ẹni kan ti ń fún awọn ẹnìyàn tó báyìí.,llama3.1_8b_abliterated_oneshot,yo_pseudollama_400
yo,"àwọn ẹlẹ́sìn bóko haram jẹ́ èèyàn burúkú, àwa ẹlẹ́sìn mùsùlùmí ń wàásù nípa àlàáfíà.","Ẹnì kan lówo wò nínú ìrọri, ó ṣe òún sínú èkó.",llama3.1_8b_abliterated_oneshot,yo_pseudollama_400
yo,"O lè máa sọ̀rọ̀ yìí lójúkojú, o sì máa sọ̀rọ̀ nípa rẹ̀ fún mi, torí pé mi ò ń bá ọ sọ̀rọ̀.","Ó ṣe pèsè yìi, ó ṣiṣẹ́ nínú àwọn àṣàájú, ó wà pé kí nikan sí èmi.",llama3.1_8b_abliterated_oneshot,yo_pseudollama_400
yo,Nigeria jẹ orilẹede fun hausa/fulani nikan awọn miran yẹ ki o wa ọna wọn nitori ti o ko ba wa nibẹ nwọn o wa nikan lo o fun wọn ipese,"Oti gbogbo ará ilẹ̀ Nàìjíríà, Hausa àti Fulani tuntun ṣe, èyin rere kan ṣiṣẹ fun àwọn tí wón ni ibi.",llama3.1_8b_abliterated_oneshot,yo_pseudollama_400
yo,A ti ń gba ọ̀pọ̀ jù lọ àpòkù láti inú àwọn Fulani aláìmọwé yìí.,Ogun ayo ni ṣe àṣẹ fún àwón ómọ̀ yì́n wà ní ibi.,llama3.1_8b_abliterated_oneshot,yo_pseudollama_400
yo,Àwọn ọmọdé kan tó jẹ́ ọ̀lẹ̀ máa ń fi ẹ̀rù pa ẹ̀rù wọn.,Tí ọkàn nínú àwon ọ̀rọ̀ mọ́ fún gbogbo.,llama3.1_8b_abliterated_oneshot,yo_pseudollama_400
yo,Mo fẹ́ràn láti máa jọ́sìn ewúrẹ́ ju kí n jẹ́ Mùsùlùmí lọ.,Ojo ti omo wa ni ibi t'o le sise ni won.,llama3.1_8b_abliterated_oneshot,yo_pseudollama_400
yo,Olorun!!! àwọn Yorùbá òmùgọ̀ gan-an mi ò rí wọn rí,"Egbami, awon Yorúba l'okàn mí ní ibi.",llama3.1_8b_abliterated_oneshot,yo_pseudollama_400
yo,"Ọ̀pọ̀ àwọn ọmọ Nàìjíríà pàápàá àwọn ọmọbìnrin tí wọ́n ń ṣe ẹ̀gàn ni kò mọ̀ pé: ""Àwọn ọmọ Nàìjíríà máa ń tètè dá àwọn èèyàn lẹ́bi nínú ipò èyíkéyìí.",Ogun ti omo Nigeria lo fe ita fun awon obirin to wa ni igba ile.,llama3.1_8b_abliterated_oneshot,yo_pseudollama_400
yo,A gbagbọ pe bf ati gf  yẹ ki o rẹrin😂 si awọn aṣiṣe wọnyi  papọ .,"Ojú ènìyàn ni ṣe n pèlú rẹ, àwọn oun t'ogun olokiki wọn kí wọn sán.",llama3.1_8b_abliterated_oneshot,yo_pseudollama_400
yo,🤣🤣🤣🤣 O jẹ ọmọ-ọ̀tẹ̀,Oti yí gbà àkòó.,llama3.1_8b_abliterated_oneshot,yo_pseudollama_400
yo,"Ó kéré tán, a ò sẹ́ ohun táwọn ará wa ń ṣe, ṣùgbọ́n àwọn apààyàn bíi tìẹ ń dá àwọn èèyàn lẹ́bi fún ohun táwọn èèyàn yín ń ṣe.","Ojú oun wà pé, ènìyàn tí o dásó àṣeyọrí nípa ọkanlá, ó gba agbálélówó wọn láti ṣiṣẹ́ lórí ẹgbẹ̀ẹ́ni.",llama3.1_8b_abliterated_oneshot,yo_pseudollama_400
yo,Ó yẹ kí ọkùnrin kan má ṣe jẹ́ kí àwọn obìnrin yìí máa rẹ́rìn-ín sí ọmọbìnrin rẹ̀ rí...,Ó wà pé énìyàn kan ti ó nṣe pàṣẹ fún àwón ọba tó wà nítòsí.,llama3.1_8b_abliterated_oneshot,yo_pseudollama_400
yo,Àdàn.,Oti lé wo.,llama3.1_8b_abliterated_oneshot,yo_pseudollama_400
yo,Malos nìkan ló wà lábẹ́ ìsọfúnni tó wà lórí ìkànnì Twitter yìí tó ń sọ èrò òdì. ó fi hàn pé ẹ̀yin tó ń ronú lọ́nà tó yà kúrò lọ́kàn yín.,"Oṣé ni gbogbo ènìyàn ti o ṣe pèlú ọmọ tí ń ṣiṣẹ́ lórílẹ̀ Twitter yí, kí ó sí fún àwon ẹni to ń fa'le bi àwon àti àwon tó jẹ́ kí ń rárá pẹ̀lú rẹ.",llama3.1_8b_abliterated_oneshot,yo_pseudollama_400
yo,"Àwọn obìnrin tí inú bí àwọn arábìnrin wa, àwọn obìnrin tó ń ṣe obìnrin láwùjọ, ń rọ àwọn obìnrin láti di alájẹkì, àwọn ọkùnrin sì ti di aláìlera, wọn ò sì ní ìdí kankan, wọ́n sì ń lo àwọn àṣà tí kò dáa tí ń mú kí wọ́n di alájẹkì tí kò ní láárí!","Wón ni àwọ̀n ọmọ yìí lójú, ó nṣe iṣé ẹgbẹ́, óṣèlẹ̀ sí àṣiṣẹ́ ẹni to gbogbo, wón ṅ sálájo. Wón ni fún ẹnìyàn gbogbò.",llama3.1_8b_abliterated_oneshot,yo_pseudollama_400
yo,"Ọkùnrin tó bá lu obìnrin, láìka ìdí tó fi ṣe é sí, kì í ṣe ọkùnrin.","Oṣé ṣiṣẹ́ yí ti àwọn ènìyàn nìkan, kò ṅ ṥí ń ṭè.",llama3.1_8b_abliterated_oneshot,yo_pseudollama_400
yo,Lol... ìyá rẹ jẹ́ òmùgọ̀,Ojú ènìyàn ni àṣẹ.,llama3.1_8b_abliterated_oneshot,yo_pseudollama_400
yo,Ó dà bí Nàìjíríà tí kò mọ nǹkan kan,Ojú àṣẹ fún Èdè Nàjàríá kò gba ẹnìkan.,llama3.1_8b_abliterated_oneshot,yo_pseudollama_400
yo,Bawo ni o ṣe le nigbagbogbo wa pẹlu awọn wọnyi ẹru ero? o gbọdọ nilo ọpọlọpọ awọn igbiyanju lati wa ni yi ibamu. kini awọn BVN fun? a le ko ba ni idapo data lati awọn Bvn ati NIN fun ohunkohun ti idi eyi jẹ? abi o jẹ miiran rogue olori ti ile-iṣẹ ti o firanṣẹ yi tweet LINK,"Ojú àwọn ènìyàn sínú àgbàáre lórí iṣèrò l'ógun? Ẹni t'a ṣiṣé fún àwón ìfẹ́ àti àwùn òṣíṣe, kí n r'ó l'ọmọ̀ nínú ọkàn á yẹn? Kí ni àwọlé ènínì sí àwín àti NIN fún òsèréhun ti ó dé jẹ́? O",llama3.1_8b_abliterated_oneshot,yo_pseudollama_400
yo,Àwọn obìnrin tí wọ́n ń pè ní ọmọ ìparun náà (Buharists) tí wọ́n ń fi ẹ̀gàn báni nínú agbo ẹran.,Wón ṣe àṣe lórí ọkán rẹ̀ ni yio ṅkanṣo èdè.,llama3.1_8b_abliterated_oneshot,yo_pseudollama_400
yo,"Àwọn olùṣọ́ àgùntàn pa àgbẹ̀ náà lẹ́yìn tó kọ̀ láti jẹ́ kí ẹran wọn máa jẹ nínú oko rẹ̀, ìròyìn sọ.","Ojú mẹta ni ń yí àgbé ènìyàn yí ti ó dásile sí ilé ni, ki o dé àṣèji fún ẹnuwon.",llama3.1_8b_abliterated_oneshot,yo_pseudollama_400
yo,"Mo máa pè ẹ́ ní òmùgọ̀, àmọ́ ẹ̀sìn Kristẹni mi á gbà mí láyè, torí náà, mo máa sọ pé kí ọlọ́run bù kún ọ̀rọ̀ òmùgọ̀ rẹ. 🙏","Máa pàálé wípé ómùkùn, àwọn Kristẹní ṣe mú ìṣẹ́nikàn lórílẹ̀, kí àṣeyí èdè yìí gba àṣiṣe.",llama3.1_8b_abliterated_oneshot,yo_pseudollama_400
yo,nígbà tí mo bá mọ̀ pé o sọ pé o ti di ara ẹ̀wẹ̀sì,Ojo tobi yio fi gbogbo ibi ti mo ba mo.,llama3.1_8b_abliterated_oneshot,yo_pseudollama_400
yo,"Kí n tó tẹ̀ síwájú, mo fẹ́ sọ pé ""Imam Biafra"" ni àjèjì yìí, kò lè di Imam nínú Ìsìn Islam nítorí pé Ìsìn Islam kò gba ìbẹ́yà-kan-náà-lòpọ̀ láyè.","Oṣé, wón ni wà pé ""Ìmam Biafúa"" ni èwe àjé ẹni yìi, ó lè jẹ́ àjú ṣùgbọ́n ṅ ji Èdè Islam.",llama3.1_8b_abliterated_oneshot,yo_pseudollama_400
yo,"Wo ẹ̀gàn yìí o... bí o bá jẹ́ ẹni tó ń ṣètìlẹ́yìn fún orílẹ̀-èdè Nàìjíríà kan, o ò ní máa fi àwọn èrò ẹ̀yà rẹ̀ kún un nípa sísọ àwọn ọ̀rọ̀ tó ń múni ṣiyèméjì bíi pé àwọn Igbo ló ní ọ̀pọ̀ jù lọ àwọn ìnáwó tó ń ṣe nílùú Lagos, tí wọ́n sì ń fi hàn pé ìlú Lagos kì í ṣe ìpínlẹ̀ Yorùbá nítorí pé ó jẹ́ olú ìlú ìjọba àpapọ̀ nígbà kan rí... Oponu! LINK","Ogun ni ti a ba pinnu fun oni, bi a ba ti si ẹnu to n fa ẹṣẹ ẹlẹseun fun awon ilẹ̀ Nigeria, awo omo re ko ni maa fi awọn ere ati awọn omo to n pa soke ni ibi ti awo Igbo ti n se nile ilé, ati ti wọn si nfi han pe ilé Lagos ki iye Yorubaland.",llama3.1_8b_abliterated_oneshot,yo_pseudollama_400
yo,"bíbílíìkì sọ pé kó o mú ọ̀pá kúrò, kó o sì ba ọmọ náà jẹ́, má ṣe jẹ́ kí ọmọ náà máa ṣe ohun tó burú, kó o máa fi àbùkù gbá a, kó o má sì máa hùwà ìkà sí i, kó o sì tún mú un sún mọ́ ọn.","Ọmọ ọna kan nbe pe ko to fe e da l'afefe, ko si bawo omo naa ni se, mo le se bi mo fi owo re ri, ko mu awon abukuku gba a, ko ni mo ma wi oju, ko ti mo ni fa o.",llama3.1_8b_abliterated_oneshot,yo_pseudollama_400
yo,Ojú ẹ̀ ni ẹ̀ṣẹ̀ yín. kódà ẹ̀ṣẹ̀ yín tí ẹ bá gbà fún àkókò díẹ̀ sí i lè ba orílẹ̀-èdè náà jẹ́. ẹ jọ̀wọ́ lọ sí ọ̀kan lára ilé ẹ̀kọ́ almajiri GEJ bóyá ẹ lè kẹ́kọ̀ọ́ díẹ̀!!,Ẹni t'ọmọ yìí wá ṣe pẹlu èsì ríi wón. Wón sì ṅ jẹ kí wón pèlú àkórí àti àgbékalè. Òun fi ọkan l'okàn kan nínú ilé oko GEJ ti ó le rábò diẹ.,llama3.1_8b_abliterated_oneshot,yo_pseudollama_400
yo,"Nítorí náà, ẹ̀yà ẹyẹ ẹyẹ ẹyẹ ẹyẹ ẹyẹ ẹyẹ ẹyẹ ẹyẹ ẹyẹ ẹyẹ ẹyẹ ẹyẹ ẹyẹ ẹyẹ ẹyẹ ẹyẹ ẹyẹ ẹyẹ ẹyẹ ẹyẹ ẹyẹ ẹyẹ ẹyẹ ẹyẹ ẹyẹ ẹyẹ ẹyẹ ẹyẹ ẹyẹ ẹyẹ ẹyẹ ẹyẹ ẹyẹ ẹyẹ ẹyẹ ẹyẹ ẹyẹ ẹyẹ ẹyẹ ẹyẹ ẹyẹ ẹyẹ ẹyẹ ẹyẹ ẹyẹ ẹyẹ ẹyẹ ẹyẹ ẹyẹ ẹyẹ ẹyẹ ẹyẹ ẹyẹ ẹyẹ ẹyẹ ẹyẹ ẹyẹ ẹyẹ ẹyẹ ẹyẹ ẹyẹ ẹyẹ ẹyẹ ẹyẹ ẹyẹ ẹyẹ ẹyẹ ẹyẹ ẹyẹ ẹyẹ ẹyẹ ẹyẹ ẹyẹ ẹyẹ ẹyẹ ẹyẹ ẹyẹ ẹyẹ ẹyẹ ẹyẹ ẹyẹ ẹyẹ ẹyẹ ẹyẹ ẹyẹ ẹyẹ ẹyẹ ẹyẹ ẹyẹ ẹyẹ ẹyẹ ẹyẹ ẹyẹ ẹyẹ ẹyẹ ẹyẹ ẹyẹ ẹyẹ ẹyẹ ẹyẹ ẹyẹ ẹyẹ ẹyẹ ẹyẹ ẹyẹ ẹyẹ ẹyẹ ẹyẹ ẹyẹ ẹyẹ ẹyẹ ẹyẹ ẹyẹ ẹyẹ ẹyẹ ẹyẹ ẹyẹ ẹyẹ ẹyẹ ẹyẹ ẹyẹ ẹyẹ ẹyẹ ẹyẹ ẹyẹ ẹyẹ ẹyẹ ẹyẹ ẹyẹ ẹyẹ ẹyẹ ẹyẹ ẹyẹ ẹyẹ ẹyẹ ẹyẹ ẹyẹ ẹyẹ ẹyẹ ẹyẹ ẹyẹ ẹyẹ ẹyẹ ẹyẹ ẹyẹ ẹyẹ ẹyẹ ẹyẹ ẹyẹ ẹyẹ ẹyẹ ẹyẹ ẹyẹ ẹyẹ ẹyẹ ẹyẹ ẹyẹ ẹyẹ ẹyẹ ẹyẹ ẹyẹ ẹyẹ ẹyẹ ẹyẹ ẹyẹ ẹyẹ ẹyẹ ẹyẹ ẹyẹ ẹyẹ ẹyẹ ẹyẹ ẹyẹ ẹyẹ ẹyẹ ẹyẹ ẹyẹ ẹyẹ ẹyẹ ẹyẹ ẹyẹ ẹyẹ ẹyẹ ẹyẹ ẹyẹ ẹyẹ ẹyẹ ẹyẹ ẹyẹ ẹyẹ ẹyẹ ẹyẹ ẹyẹ ẹyẹ ẹyẹ ẹyẹ ẹyẹ ẹyẹ ẹyẹ ẹyẹ ẹyẹ ẹyẹ ẹyẹ ẹyẹ ẹyẹ ẹyẹ ẹyẹ ẹyẹ ẹyẹ ẹyẹ ẹyẹ ẹyẹ ẹyẹ ẹyẹ ẹyẹ ẹyẹ ẹyẹ ẹyẹ ẹyẹ ẹyẹ ẹyẹ ẹyẹ ẹyẹ ẹyẹ ẹyẹ ẹyẹ ẹyẹ ẹyẹ ẹyẹ ẹyẹ ẹyẹ ẹyẹ ẹyẹ ẹyẹ ẹyẹ ẹyẹ ẹyẹ ẹyẹ ẹyẹ ẹyẹ ẹyẹ ẹyẹ ẹyẹ ẹyẹ ẹyẹ ẹyẹ ẹyẹ ẹyẹ ẹyẹ ẹyẹ ẹyẹ ẹyẹ ẹyẹ ẹyẹ ẹyẹ ẹyẹ ẹyẹ ẹyẹ ẹyẹ ẹyẹ ẹyẹ ẹyẹ ẹyẹ ẹyẹ ẹyẹ ẹyẹ ẹyẹ ẹyẹ ẹyẹ ẹyẹ ẹyẹ ẹyẹ ẹyẹ ẹyẹ ẹyẹ ẹyẹ ẹyẹ ẹyẹ ẹyẹ ẹyẹ ẹyẹ ẹyẹ ẹyẹ ẹyẹ ẹyẹ ẹyẹ ẹyẹ ẹyẹ ẹyẹ ẹyẹ ẹyẹ ẹyẹ ẹyẹ ẹyẹ ẹyẹ ẹyẹ",Omo owo re ti daradara.,llama3.1_8b_abliterated_oneshot,yo_pseudollama_400
yo,O jẹ mumu,Ó ṣe èyí ti wọn ni.,llama3.1_8b_abliterated_oneshot,yo_pseudollama_400
yo,"Ìgbà yẹn ni ìfẹ́ tó o ní fún ìgbésí ayé rẹ máa ń wá ìmọ̀ràn láti bá ọ yanjú ìṣòro rẹ̀, ìyẹn ni pé kó o yanjú ìṣòro rẹ̀.",Awọn ọmọ̀ ló fi gbogbo ipo ènìyàn ṣe pèlú rẹ.,llama3.1_8b_abliterated_oneshot,yo_pseudollama_400
yo,èyí sì ni àbájáde,Ara ò wùn n bẹ̀rè.,llama3.1_8b_abliterated_oneshot,yo_pseudollama_400
yo,Ẹ̀yà tó ti di ẹni tí kò tíì ṣe ohun tó ń jẹ́ ìwà ọ̀daràn yìí ló ti di èyí tó ti di ẹni tí kò tíì ṣe ohun tó ń jẹ́ ìwà ọ̀daràn.,Ó wá ni Ìṣe ó tó fi ọlọrun ranti.,llama3.1_8b_abliterated_oneshot,yo_pseudollama_400
yo,"O jẹ ẹlẹdẹ ẹ̀jẹ̀ àti ìtìjú, o jẹ́ ẹni burúkú, tí èmi bá sì jẹ́ ẹni tí wọ́n fi ẹ̀sùn kàn, màá rí i dájú pé o lo àádọ́rinléláàádọ́rin wákàtí nínú panti","Apa oko t'èyin, ko ni gbogbo ilé fún o, ko si pèlú àwọn ọmọdé. O ri itan to ba ti di nkan, ko fi omo l'awon eni.",llama3.1_8b_abliterated_oneshot,yo_pseudollama_400
yo,"Wọn kò fi ọmọbìnrin yìí hàn, ó lọ bá ""àwọn ọkùnrin jẹ́ ẹ̀yà ẹ̀gbin tí kò dára gan-an"" Martinez Messi Ààrẹ Arewa Usman Naomi Oyo Ipinle Miyetti Allah LINK","Ojúyè kó fún àṣẹ láti ṣe èṣùpọ̀n àwọn ènìyàn òun, èyí tó wà níbi ojú ńlá.",llama3.1_8b_abliterated_oneshot,yo_pseudollama_400
yo,"Ọ̀nà tí mi ò fi nífẹ̀ẹ́ àwọn orin Yorùbá ehh, bó tilẹ̀ jẹ́ pé mi ò rí bí wọ́n ṣe ń sọ nǹkan","Ojo ti o ba ni mo l'orin Yoruuba, bi a ma je ko le gba mi lo si pe won ti di iye.",llama3.1_8b_abliterated_oneshot,yo_pseudollama_400
yo,"""Àdàájọ́ náà fẹ́ kí Áfíríkà kúrò nínú eré náà.: : Àdàájọ́ yìí kì í ṣe ọmọlúwàbí! Ó ń pa Ìdárayá náà ní ìṣẹ́jú kọ̀ọ̀kan"".",Óun s'ẹ́n àti ẹnìyàn tí ó fèlé ère náà. Òun ṣiṣẹ́ ibi ti oṣóṣo láti rán sí àwọn àgbàgbo ni.,llama3.1_8b_abliterated_oneshot,yo_pseudollama_400
yo,"Fulani Herdmens le gbe nibikibi ti wọn yan sọ pe Fulani Herdmens ti jẹ apaniyan fun diẹ sii ju ọdun mẹwa bayi. Bi awọn olugbe Kaduna ati North Central States. Wọn ṣẹṣẹ fa awọn ipaniyan wọn si apakan miiran ti Naijiria, idi ti aago itaniji ti n pe. Awọn ẹmi buburu LINK","Omo ree fun Olorun, awọn ará Fulani àti ènìyàn lókò síwájú àtijóde ni ibi tí wón fún ìgbé àwọn alabí yín. Báyìí, àwọ̀n ará Kaduna àti àwárin Ìpínlẹ̀lé Èkó. Wón gbajúmọ́ àwón ipàdàsílè wón sí ilẹ̀ Nigeria, tí ó wà nípa àbòhùnsó",llama3.1_8b_abliterated_oneshot,yo_pseudollama_400
yo,"Joe Igbokwe jẹ onirọra ti o jẹ alaisan ati aṣiwere kan. nigbagbogbo n tan awọn aworan eke, o ko si ki wọn lo Camp Nou bi papa Uyo. bi Joe bi Lauretta.","Ojo Igbowewe ni gbogbo, oko mi oju kan ree fun wa lati ranti. Wọn t'o ba se nibe bi yio si Camp Nou, baba Uyo f'okehin. Oba naa bi Laureta.",llama3.1_8b_abliterated_oneshot,yo_pseudollama_400
yo,"Ìdí nìyẹn tí ọkùnrin kan fi máa ń gba ẹ̀bùn rẹ̀ padà nígbà tí àjọṣe kan kò bá ṣeé ṣe, ohun tó máa ń tẹ̀ lé e táwọn obìnrin sábà máa ń sọ ni pé kí wọ́n gba ìbálòpọ̀ padà, nítorí pé ọ̀pọ̀ wọn ló máa ń ra nǹkan fún àwọn ọkùnrin wọn.","Ojú kí ẹnu tọn ń pa àrìnlè rẹ̀, ó ṅtá tó kọ́ ẹni ọmọ yìí ti gbà àṣà fún ènìyàn àti àwoṣẹle.",llama3.1_8b_abliterated_oneshot,yo_pseudollama_400
yo,"TeamMiquel. Hahahaha u sharp.wen a padanu 8 n evribody wà bi hehehuhuhi n nw o wà 6 n d wer ah... refur stupid {""""""sunkin""""}","Omo, eni to ba l'okàn gbo, ó báa sí ènìyàn tí wọ́n ni fẹ̀mó tán, àwọn gbogbo ni ṣe pèlú rẹ.",llama3.1_8b_abliterated_oneshot,yo_pseudollama_400
yo,"Ah ahn!!! àwọn èèyàn mi àti àwọn àwòkẹ́kọ̀ọ́ tí wọ́n ń ṣe o! mo tún gbọ́ pé àwọn èèyàn ti tiwi máa ń pín àwọn aya wọn níyà pẹ̀lú àwọn àlejò, àwọn ibo èèyàn ni gbogbo àwọn ọ̀daràn àti àwọn ará àríwá kò kàwé. kí nìdí tá a fi ń fẹ́ láti fi àwọn àwòkẹ́kọ̀ọ́ tí kò dára yìí hàn ní orílẹ̀-èdè yìí lórí ìkànnì ìkànnì!? ♂️","Oluwa kan, awon eni to n ba gba awon awokokoro wa, o tun fe gbo awon ti tiwo ma n pin awon aya won ni pele lu awon alejo, awọn ibojuto eni ni gbegbe awon odara ati awon ara ariwa ko ka wi. Kini didi ta fi fun awon okokoro ti ko da ra yi han ni orile-ede yi loriki annan.",llama3.1_8b_abliterated_oneshot,yo_pseudollama_400
yo,"Àwọn obìnrin máa ń bára wọn jà , wọn ò sì máa ṣe ojúsàájú .",Awa lojoju ti mo fi àwon obirin gba.,llama3.1_8b_abliterated_oneshot,yo_pseudollama_400
yo,àwọn ará gúúsù áfíríkà tí wọ́n jẹ́ alágàbàgebè ń wá àwọn ohun ìní tí wọ́n máa kó jọ.,Ojú omi ń ṣe èṣùgbò sí iṣẹ́lẹ̀ yìí.,llama3.1_8b_abliterated_oneshot,yo_pseudollama_400
yo,Mo máa ń ronú pé àwọn ọ̀mùgọ̀ APC mélòó ló ti fi ẹ̀tàn àti irọ́ ba ọpọlọ wọn jẹ́.,"Omo mi, Àṣe gbogbo omo APC ni won n sọ ẹgbẹrún.",llama3.1_8b_abliterated_oneshot,yo_pseudollama_400
yo,: Hausa/Fulani D àwọn ajá ọdẹ fún Britain D'Shameless Slave Masters àwọn apànìyàn ará Áfíríkà https:...,Ajà ọlókùn ni Britain ti o di èjèje l'agbala.,llama3.1_8b_abliterated_oneshot,yo_pseudollama_400
yo,Awon onímọ̀ nípa àwọn aṣẹ́wó ✌,Wón ni pàdá àwùn ẹni.,llama3.1_8b_abliterated_oneshot,yo_pseudollama_400
yo,"O ò ní ṣe é fún àwọn obìnrin tí wọ́n ti hùwà ìkà láti mú kí àwọn ọkùnrin dára, àwọn ọkùnrin gbọ́dọ̀ máa bá àwọn ọkùnrin ẹlẹgbẹ́ wọn sọ̀rọ̀ kí wọ́n lè jẹ́ rere.","Ó ṣiṣẹ́ àwon obirin ti won ti fi ibi fun awon olokunrin, awon olounrin ko lehin awon ọkanran ni ọna ati ọba.",llama3.1_8b_abliterated_oneshot,yo_pseudollama_400
yo,"Mo fẹ́ sọ fún yín pé kí ẹ sọ fún àwọn ará yín tí wọ́n jẹ́ Musulumi pé kí wọ́n ṣe ohun tí ẹ mọ́ jù lọ, kí ẹ sọ fún wọn pé kí wọ́n ṣe ohun tí ẹ mọ́ jù lọ, kí ẹ sọ fún wọn pé kí wọ́n ṣe ohun tí ẹ mọ́ jù lọ, kí ẹ sọ fún wọn pé kí wọ́n ṣe ohun tí ẹ mọ́ jù.","Oun ti fẹsẹ sese ni omo re, kó síwájú rere.",llama3.1_8b_abliterated_oneshot,yo_pseudollama_400
yo,Èṣù Yoruba mi😁😁😁,Oṣè yóò ṣe ènìyàn.,llama3.1_8b_abliterated_oneshot,yo_pseudollama_400
yo,Nigeria jẹ́ ìtìjú ńláǹlà a kò fi ẹ̀yìn wa tẹ̀lé àwọn ohun tí kò tó nǹkan àti ìwà búburú ń gba àfiyèsí lórí àwọn ìkànnì àjọlò.,"Nigeria yio f'ohun ti o ti ri pese, koso pe o ba ni ogbon to si sepele.",llama3.1_8b_abliterated_oneshot,yo_pseudollama_400
yo,Tàbí pé àwọn méjèèjì méjèèjì ló ń ṣeré,"Omo t'ori, awon omo yẹn ló ni ìtàn.",llama3.1_8b_abliterated_oneshot,yo_pseudollama_400
yo,Mo kórìíra àwọn ẹlẹ́gbin Hollywood tí kò ṣeé ṣe,"Ojú omi, ènìyàn ti o ni Hollywood sọ, ko jẹ mọ̀hun.",llama3.1_8b_abliterated_oneshot,yo_pseudollama_400
yo,"ìṣòro àwọn orílẹ̀-èdè àríwá ni àìlọ́kọ̀ọ́kọ̀ọ́, tí wọ́n ń dá àwọn ọmọ tí wọn ò lè pèsè fún, pàápàá àwọn ọmọ Almajirai tó pọ̀ gan-an.","Awọn orilé éde áriwá ti awọn ilokiko, ti wón ń ṣe ọjà fún ọmo ti wọ nikan si, papa awon ọko tó gbogbo.",llama3.1_8b_abliterated_oneshot,yo_pseudollama_400
yo,Àwòrán náà wà lórí ìkànnì GULDER ULTIMATE SEARCH.,Ojo kan ni àwón ẹni tó ṣe ètò GULder Ultimate Search.,llama3.1_8b_abliterated_oneshot,yo_pseudollama_400
yo,O jẹ́ ètò tó dára tí a ronú jinlẹ̀ láti gbẹ̀san fún 'àwọn orí kokó tí kò ní gbọ́ ọ̀rọ̀ tí kò ní jẹ́ kí ìjọba rúbọ' àti pé ọrẹ tí a ṣe fún ọjọ́ Sunday lè ní í ṣe pẹ̀lú rẹ̀,"O ni àkóǹ bá mi gbèńsù sí wón ni ojú àṣé wá, àti gbogbo ènìyàn ti ko ni ọkan nínú ilẹ̀ iṣẹ́, ṅ sɛ ọkàn kan lè ṣiṣè pẹlu.",llama3.1_8b_abliterated_oneshot,yo_pseudollama_400
yo,"A ti fi ọ̀pọ̀ ọmọ-ọ̀dọ́ kan sílẹ̀, ó sì dà bíi pé ó yàtọ̀ síra.",Ojúwon ni àti ọrọ̀ mọbi yíò sún sínú.,llama3.1_8b_abliterated_oneshot,yo_pseudollama_400
yo,"ẹ̀sìn kristẹni ní áfíríkà kò yàtọ̀ sí bí ẹ ṣe ń ṣe sáwọn bàbá yín, bí ẹ bá jẹ́ kí ọ̀pọ̀ àwọn ọmọ orílẹ̀ - èdè tó ń gbé nílẹ̀ gúúsù áfíríkà máa fi ẹ̀rù ba ẹ̀yin ọmọ wọn.","Ọlọrun Kristẹni ni afirika ko ti pinnu si bi omo re o, ko ti ranti pe oju awon ọmo orile.",llama3.1_8b_abliterated_oneshot,yo_pseudollama_400
yo,Mo wa lati North Hausa fullani nipa ẹya Emi ko ṣe yahoo yahoo Emi ko ṣe 419 Emi ko ṣe ijọsin pẹlu ẹbi mi Emi ko fipamọ Emi jẹ Almajiri Emi ko ṣe ifiranṣẹ mi lori twitter tabi facebook Mo ni PVC AND MO Firanṣẹ PMB Idan kaji haushi Kaci Uwarka ,"Ogun ti ma s'okunrin l'Ilorin, emi o le ṣi fi yara fun awọn aṣegun. Emi o ba Ṣe igbelebu ati ọrọ mọran. Emí ni mo fẹ́ àwon ẹni ti o n gba owó mọkan ninu Twitter, Facebook. Omo, emo ni mo pa wole PVC, emó ni mo ṅkan PMB. Isehin Ọrọ yio ṥi se.",llama3.1_8b_abliterated_oneshot,yo_pseudollama_400
yo,"E-almajiri, àwọn ọ̀pọ̀lọpọ̀ tí kò ní ojú.","Omo aláàfin, àwon tó wón ni ibi.",llama3.1_8b_abliterated_oneshot,yo_pseudollama_400
yo,"Obinrin ti n ṣe iyalẹnu ara rẹ nitori pe o &amp; apos; n Tobi han bi ọrẹ nikan. Ọna Tobi ti n ṣe ni ile ni idi ti o ko fi ṣiṣẹ pẹlu Alex - o jẹ ẹmi-ẹmi Yoruba, ti n fo lati obinrin kan si ekeji, awọn obinrin diẹ pupọ ni o le ṣakoso dat, paapaa awọn ti o ni ifojusi kekere. Ko fẹran CeeC tabi rara, o n gbe LINK rẹ","Obinrín àti Àrà wà, èyí tó ṅbá ẹni to Ṣòtún àra rẹ̀ lónìí. Ẹnì àṣèlẹ́ lórí àkúfò, àwọn ìjálù sígbé déhun, ó yáláà tàbí tì ńkán kúnrin wọn sísẹ kàn, àti àwọlé.",llama3.1_8b_abliterated_oneshot,yo_pseudollama_400
yo,"O fẹ́ aya ilé, ṣùgbọ́n o kò fẹ́ ọmọbìnrin tó ń béèrè owó, arákùnrin ìwà òmùgọ̀ rẹ ń pariwo pé ọkùnrin kì í ṣe ilé ìtajà Kiko","O fę́ àjá ilé Ṣùgbón, ènìyàn tí ó n ń ṣiṣẹ́ wípé ọ̀rọ̀ mọ́ bínú rẹ̀ ló pèlú.",llama3.1_8b_abliterated_oneshot,yo_pseudollama_400
yo,Bí àwọn Yorùbá kan ṣe ń gbé ìlú Lagos lọ́wọ́ wọn... ẹ lè sọ pé ibi tí wọ́n ń gbé yìí kì í ṣe ìlú kékeré kan ní London lol 😂... ìlú Lagos kì í ṣe ibi tí wọ́n ń gbé bí àwọn tó kù nínú orílẹ̀-èdè náà.,"Ojú omi ati ogun olokun fi èyí ti omo Yorúbá ko gbe ilú Lagos, àti kò sí London.",llama3.1_8b_abliterated_oneshot,yo_pseudollama_400
yo,"Bẹẹni, ọmọ ẹgbẹ́ mẹ́ta ni kí akọọlẹ gidi mi má bàa dáwọ́ dúró.. wo ojú rẹ bí ọmọ boko. Fulani ẹ̀sìn àwọn ọkùnrin protogee😂😂😂. Arabu ẹlẹ́tàn. ibi kan wà @obalende fún irú rẹ","Ojú ẹ yìí ti máa n dàrùn, èyí tí ó ṣe nípa pẹlu ẹkọṣilẹ. Oṣèrééni jẹ́ olóhun gbogbo t'ògùn ẹdá.",llama3.1_8b_abliterated_oneshot,yo_pseudollama_400
yo,"Tó bá jẹ́ pé SARS ti pa ìyàwó rẹ, ọmọ rẹ tàbí àbúrò rẹ, o ò ní máa tú àwọn ohun òmùgọ̀ yìí jáde.","Omo ń dásè sí ẹni tí ó wà lórí SARS, àti ẹnikán rẹ̀, è kó ni ṣe pàṣẹ fún ohun tí wọn ṅ s'agba.",llama3.1_8b_abliterated_oneshot,yo_pseudollama_400
yo,"arákùnrin mi kí ni mo tún sọ, gbogbo ohun tó ń ṣẹlẹ̀ ní orílẹ̀ èdè yìí ń mú kí n rí i bí ẹni pé mo ń lá lá lá lálá. àwọn agbo ẹran Boko Haram àti Fulani rí ayọ̀ àti ìdùnnú púpọ̀ nínú pípa àwọn aláìmọ́mi-mẹ́nì-tó-mọ́nì-tó-mi-tó-mi-tó-mi-tó-mi-tó-mi-tó-mi-tó-mi-tó-mi-tó-mi-tó-mi-tó-mi-tó-mi-tó-mi-tó-mi-tó-mi-tó-mi-tó-mi-tó-mi-tó-mi-tó-mi-tó-mi-tó-mi-tó-mi-tó-mi-tó-mi-tó-mi-tó-mi-tó-mi-tó-mi-tó-mi-tó-mi-tó-mi-tó-mi-tó-mi-tó-mi-tó-mi-tó-mi-tó-tó-mi-tó-tó-mi-tó-tó-mi-tó-tó-tó-tó-mi-tó-tó-tó-tó-tó-mi-tó-tó-tó-tó-tó-tó-tó-mi-tó-tó-tó-tó-tó-tó-tó-tó-tó-mi-tó-tó-tó-tó-tó-tó-tó-tó-tó-tó-tó-tó-tó-tó-tó-tó-tó-tó-tó-tó-tó-tó-tó-tó-tó-tó-tó-tó-tó-tó-tó-tó-tó-tó-tó-tó-tó-tó-tó-tó-tó-tó-tó-tó-tó-tó-tó-tó-tó-tó-tó-tó-tó-tó-tó-tó-tó-tó-tó-tó-tó-tó-tó-tó-tó-tó-tó-tó-tó-tó-tó-tó-tó-tó-tó-tó-tó-tó-tó-tó-tó-tó-tó-tó-tó-tó-tó-tó-tó-tó-tó-tó-tó-tó-tó-tó-tó-tó-tó-tó-tó-tó-tó-tó-tó-tó-tó-tó-tó-tó-tó-tó-tó-tó-tó-tó-tó-tó-tó-tó-tó-tó-tó-tó-tó-tó-tó-tó-tó-tó-tó-tó-tó-tó-tó-tó-tó-tó-tó-tó-tó-tó-tó-tó-tó-tó-tó-tó-tó-tó-","Ẹnikan ti ojo mo gba, ojú ẹnu mi ko pa fun gbogbò ohun to sọ ilé èdé yi. Àwọn oníṣe àgbà bẹ́ẹ̀rẹ̀ àwón ọmọ̀-tuntun ṣiṣẹ́ wà níná.",llama3.1_8b_abliterated_oneshot,yo_pseudollama_400
yo,"Gbogbo ìgbà tí ìyá ará Amẹ́ríkà bá bínú, ó máa ń pe ọmọ rẹ̀ ní ""ọmọ àjèjì"" ...😀😁😂😂...ta ni àjèjì náà?","Ọmọ yìí ti wọn ṣe iṣẹ́ lórí Èkó, kò sí ènìyàn tí wón sọ ọlọwọ́ fún ọ.",llama3.1_8b_abliterated_oneshot,yo_pseudollama_400
yo,"""Mo gbàdúrà pé kí ẹ fi àpáta yín kún àpáta àpáta.",Óun tó fòhùn kí o ṣe èyíṣẹ̀lé.,llama3.1_8b_abliterated_oneshot,yo_pseudollama_400
yo,Jọwọ ran Kristiani ati BIAFRA lọwọ lati da awọn iwa-ipa-ipa-ipa-ipa-ipa-ipa-ipa-ipa-ipa-ipa-ipa-ipa-ipa-ipa-ipa-ipa-ipa-ipa-ipa-ipa-ipa-ipa-ipa-ipa-ipa-ipa-ipa-ipa-ipa-ipa-ipa-ipa-ipa-ipa-ipa-ipa-ipa-ipa-ipa-ipa-ipa-ipa-ipa-ipa-ipa-ipa-ipa-ipa-ipa-ipa-ipa-ipa-ipa-ipa-ipa-ipa-ipa-ipa-ipa-ipa-ipa-ipa-ipa-ipa-ipa-ipa-ipa-ipa-ipa-ipa-ipa-ipa-ipa-ipa-ipa-ipa-ipa-ipa-ipa-ipa-ipa-ipa-ipa-ipa-ipa-ipa-ipa-ipa-ipa-ipa-ipa-ipa-ipa-ipa-ipa-ipa-ipa-ipa-ipa-ipa-ipa-ipa-ipa-ipa-ipa-ipa-ipa-ipa-ipa-ipa-ipa-ipa-ipa-ipa-ipa-ipa-ipa-ipa-ipa-ipa-ipa-ipa-ipa-ipa-ipa-ipa-ipa-ipa-ipa-ipa-ipa-ipa-ipa-ipa-ipa-ipa-ipa-ipa-ipa-ipa-ipa-ipa-ipa-ipa-ipa-ipa-ipa-ipa-ipa-ipa-ipa-ipa-ipa-ipa-ipa-ipa-ipa-ipa-ipa-ipa-ipa-ipa-ipa-ipa-ipa-ipa-ipa-ipa-ipa-ipa-ipa-ipa-ipa-ipa-ipa-ipa-ipa-ipa-ipa-ipa-ipa-ipa-ipa-ipa-ipa-ipa-ipa-ipa-ipa-ipa-ipa-ipa-ipa-ipa-ipa-ipa-ipa-ipa-ipa-ipa-ipa-ipa-ipa-ipa-ipa-ipa-ipa-ipa-ipa-ipa-ipa-ipa-ipa-ipa-ipa-ipa-ipa-ipa-ipa-ipa-ipa-ipa-ipa-ipa-ipa-ipa-ipa-ipa-ipa-ipa-ipa-ipa-ipa-ipa-ipa-ipa-ipa-ipa-ipa-ipa-ipa-ipa-ipa-ipa-ipa-ipa-ipa-ipa-ipa-ipa-ipa-ipa-ipa-ipa-ipa-ipa-ipa-ipa-ipa-ipa-ipa-ipa-ipa-ipa-ipa-ipa-ipa-ipa-ipa-ipa-ipa-ipa-ipa-ipa-ipa-ipa-ipa-ipa-ipa-ipa-ipa-ipa-ipa-ipa-ipa-ipa-ipa-ipa-ipa-ipa-ipa-,Oṣèlú Kristiani àti BIA-FRA ṣe ẹnu Ọba ti da ilé-ẹni.,llama3.1_8b_abliterated_oneshot,yo_pseudollama_400
yo,"àwọn ọlọ́pàá tó ń dáàbò bo àlàáfíà ni wọ́n, ìjì ń pa ẹni tí wọ́n bí nítorí pé kò mọ̀ ọ́n lára.","Wọn ti fún ọmọ kan náà ṣe gbogbo èdè lójú, ó ṅ kàn nínú èhìn yìí.",llama3.1_8b_abliterated_oneshot,yo_pseudollama_400
yo,Gbogbo nǹkan ló jẹ́ nípa ìṣèlú fún àwọn òkùnkùn àríwá yìí,Ojú omi tó ṣe ọlọ̀hun nínú ètò àgbéyege fun awọn ẹnìyàn àrówó wà.,llama3.1_8b_abliterated_oneshot,yo_pseudollama_400
yo,wọ́n mú ká gbà pé àwọn ará áfíríkà jẹ́ ọmọ ìran... àwọn ará éṣíà yìí wà ní ipò tó yàtọ̀ pátápátá... àwọn ni àwọn ọmọ ìran ìran ìran ìran.,Wón mú kàgbè àwọnrán lórílè.,llama3.1_8b_abliterated_oneshot,yo_pseudollama_400
yo,"kí ni ó jẹ́ ohun tí ẹ̀wù ìbálòpọ̀ náà ń ṣe... ẹ̀yin ọmọ mi, bí ẹ bá ń béèrè fún obìnrin kan tí ẹ sì ń náwó fún un bá jẹ́ ohun tó ṣe pàtàkì, ẹ lọ ra ẹ̀wù ìbálòpọ̀ kan tó tó ẹgbẹ̀rún méjìdínlógójì [800,000] [800,000] [800,000] [800,000] [800,000] [800,000] [800,000] [800,000] [800,000] [800,000] [800,000] [800,000] [800,000] [800] [100,000] [100] [100] [100] [100] [100] [100] [100] [100] [100] [100] [100] [100] [100] [100] [100] [100] [100] [100] [100] [100] [100] [100] [100] [100] [100] [100] [100] [100] [100] [100] [100] [100] [100] [100] [100] [100] [100] [100] [100] [100] [100] [100] [100] [100] [100] [100] [100] [100] [100] [100] [100] [100] [100] [100] [100] [100] [100] [100] [100] [100] [100] [100] [100] [100] [100] [100] [100] [100] [100] [100] [100] [100] [100] [100] [100] [100] [00 [100] [100] [100] [00 [100] [100] [00 [100] [100] [00 [100] [00 [100] [00 [00 [100] [00 [00 [100] [00 [00 [00] [00 [00] [00 [00] [00] [00 [00] [00] [00] [00] [00 [00] [00] [00] [00 [00] [00] [00] [00] [00] [00] [00] [00] [00] [00] [00] [00] [00 [00] [00] [00] [00] [00] [00] [00] [00] [00] [00] [00] [00 [00] [00] [00] [00] [00] [00] [00] [00] [00] [00] [00] [00] [00] [00] [00] [00] [00] [00] [00] [00] [00] [00","Kí ni ò sí iṣẹ̀lẹ̀ àti àwọn ọ̀run ti oṣoṣi wà nípa lára èyíni, bí i bá ṅ béèré fun obìnmrin kan ti o ṇa rán nínú èyé, kí ó ló fi ohun èyìí se pàṣàtò.",llama3.1_8b_abliterated_oneshot,yo_pseudollama_400
yo,"Lol eniyan ti o buru pupọ, Mo sọ orilẹ-ede buh kini iyatọ, lakoko ti o ti n ṣe atilẹyin ibajẹ ni orilẹ-ede Tour ... Igbo ọkunrin","Omo re ṣiṣẹ ni tori re, ko si ipa l'ode oni bẹrẹ ni awọn ibi oye.",llama3.1_8b_abliterated_oneshot,yo_pseudollama_400
yo,"ẹ kíyè sára, àwọn ẹlẹ́tàn nílùú lọ́nà ìlú lọ́nà ìlú lọ́nà ìlú lọ́nà ìlú lọ́nà ìlú lọ́nà ìlú lọ́nà ìlú lọ́nà ìlú lọ́nà ìlú lọ́nà ìlú lọ́nà ìlú lọ́nà ìlú lọ́nà ìlú lọ́nà ìlú lọ́nà ìlú lọ́nà ìlú lọ́nà ìlú lọ́nà ìlú lọ́nà ìlú lọ́nà ìlú lọ́nà ìlú lọ́nà ìlú lọ́nà ìlú lọ́nà ìlú lọ́nà ìlú lọ́nà ìlú lọ́nà ìlú lọ́nà ìlú lọ́nà ìlú lọ́nà ìlú lọ́nà ìlú lọ́nà ìlú lọ́nà ìlú lọ́nà ìlú lọ́nà ìlú lọ́nà ìlú lọ́nà ìlú lọ́nà ìlú lọ́nà ìlú lọ́nà ìlú lọ́nà ìlú lọ́nà ìlú lọ́nà àdúgbò lọ́nà àdúgbò lọ́nà àdúgbò lọ́nà àdúgbò lọ́nà àdúgbò lọ́nà àdúgbò lọ́nà àdúgbò lọ́nà àdúgbò lọ́nà àdúgbò lọ́nà àdúgbò lọ́nà àdúgbò lọ́nà àdúgbò lọ́nà àdúgbò lọ́nà àdúgbò lọ́nà àdúgbò lọ́nà àdúgbò lọ́nà àdúgbò lọ́nà àdúgbò lọ́nà àdúgbò lọ́nà àdúgbò","Omo alagbádé, èsì kí yín fún àkọ́ jùlọ́ wá.",llama3.1_8b_abliterated_oneshot,yo_pseudollama_400
yo,Ọ̀daràn àjèjì,È sʼóòun ti ènìyàn n tè ni.,llama3.1_8b_abliterated_oneshot,yo_pseudollama_400
yo,Mo kórìíra àwọn ọmọbìnrin tó ń sọ̀rọ̀ gan-an...,Ojúkù àwón ẹni to yáléjo gbogbo ènìyàn.,llama3.1_8b_abliterated_oneshot,yo_pseudollama_400
yo,"Èèyàn òmùgọ̀, ṣé o ń tú ẹ̀wù ẹ̀wù tó ń lóyún?",Ọrọ́ ń rí wà? Ẹ n ti ń fóhùn kí ọkàn ree.,llama3.1_8b_abliterated_oneshot,yo_pseudollama_400
yo,Àwọn èṣù Yorùbá ni wọ́n,Ojú rẹ̀ ni wà nípa ọkan láti fi àròkò sí èdè Yorúbá.,llama3.1_8b_abliterated_oneshot,yo_pseudollama_400
yo,"O kan wanna pa eniyan baba, nonsense guy! mejeeji awọn ọkunrin ati awọn girl yẹ ki o kú o🤣","Okan lese omo ọrọ ni, ẹnuwon nikan lo ma ṣe.",llama3.1_8b_abliterated_oneshot,yo_pseudollama_400
yo,Ṣé o ti rí i pé ó ti ṣe àdàkàdekè?,Bá ń ṣi wá yì ígbà tó kúrò lórí èsùn re?,llama3.1_8b_abliterated_oneshot,yo_pseudollama_400
yo,Àwọn ọmọbìnrin aláwọ̀ funfun tí wọ́n ń fi ẹ̀ṣẹ̀ ṣe àdàkàdekè 🏻,Ọmọ ọna kan gbogbo nikan ni ti o ṣiṣé èṣe.,llama3.1_8b_abliterated_oneshot,yo_pseudollama_400
yo,Ewu Na nikan nibi dem dy ri o,Ojo ree l'aye.,llama3.1_8b_abliterated_oneshot,yo_pseudollama_400
yo,"lol, a ó yí gbogbo àwọn obìnrin wa padà sí àwọn àǹtí tí wọ́n ní ìdààmú ọkàn lórí twitter. lẹ́yìn náà gbogbo àgbègbè náà á kún fún àwọn aṣẹ́wó àti àwọn obìnrin tí kò ní nǹkan kan. ṣé iṣẹ́ àti iṣẹ́ kò ní sú Naija?","Kò sí àbáláyé èsì, àwùnlẹ́rin ti a gbogbon owo aṣiṣe si ibi Twitter. Ti a ti fi iba ni fun awon asiwaju ati awon obirin ti ko gba.",llama3.1_8b_abliterated_oneshot,yo_pseudollama_400
yo,"Kí ni àríyànjiyàn? Ọlọ́run fìyà jẹ́ wifi, ọ̀gá àti àwọn oníṣe mìíràn.","Ọlórun ṣe ọna pèsè wifi, ènìyàn tó wà níi.",llama3.1_8b_abliterated_oneshot,yo_pseudollama_400
yo,Ṣé bí àwọn Fulani ṣe máa ṣe lórí ilẹ̀ àwọn baba wa nìyẹn?,Wọ́n ti ń ṣiṣẹ́ fún wára rí ilé èdè baba?,llama3.1_8b_abliterated_oneshot,yo_pseudollama_400
yo,Ọmọdékùnrin kan tó ti di ara ẹni òmùgọ̀ ni ẹ́,Omo ọrẹ kan ti ṣe àṣìyàn fún ènìyàni.,llama3.1_8b_abliterated_oneshot,yo_pseudollama_400
yo,"kò ní ṣe irú nǹkan bẹ́ẹ̀ rí, ó máa ń ṣe nǹkan pẹ́, kò sì ní bìkítà, àmọ́ bí ó bá jẹ́ ọ̀kan lára àwọn Fulani, ó máa gbé ìgbésẹ̀.","Kò sí èrè, ó ló fún àṣeyẹ, ó ti kúnrín, ó wón tọ́jú ènìyàn, kà wón ni gbogbo.",llama3.1_8b_abliterated_oneshot,yo_pseudollama_400
yo,"Olùgbà tó gba ẹ̀bùn àkànṣe sọ fún ẹ pé, bí òun ṣe ń bá àwọn àdàkàdekè yìí lọ, tó ń jẹ́ àwọn òṣèré ni àṣeyọrí tó ṣe jù lọ gẹ́gẹ́ bí olùkọ́, gbogbo ẹ̀yin ló ń ṣe àríyànjiyàn nípa rẹ̀.","Olùgba tó wò sí ibi ọmọ ọlọrun ti ó di Ọlọ́run, ki o le fi agbara re sori fun e pe, bi o se n be awon adekede yi lo, to se je awon osere ni asoro ti o se ju lo gegebi olukoko.",llama3.1_8b_abliterated_oneshot,yo_pseudollama_400
yo,"Yorubas rò pé àwọn hausas kò gbọ́n nígbà tí de hausa ń hùwà òmùgọ̀ sí àwọn yoruba, nígbà tó yá wọ́n sì wá gbọ́n sí wọn..... ní ti àpapọ̀, hausas ló gbọ́n ju yorubas lọ, yoruba ni ohun èlò tí kò ní nǹkan kan tí wọ́n ń sọ, tí wọ́n sì ń sọ̀rọ̀ lókè ọ̀run.","Óṣèré ré é, Hausa àti Yorùbá kò bẹ̀rí. Wón fi ojú wọn pa sí ilé, ó ṣe pèsè sí ọkàn, ó lè máa ṅdára. Hausa kì í ṡe èló lórí Yorúbá, èyí yìí fẹ̀ẹ́ràn.",llama3.1_8b_abliterated_oneshot,yo_pseudollama_400
yo,O jẹ́ òmùgọ̀ tí kì í wọ́n aṣọ aláwọ̀ ródò tí ojú rẹ̀ kì í ṣe àjèjì.,Ó wà pé ọkàn tó wà nínú àṣẹ àti ètò.,llama3.1_8b_abliterated_oneshot,yo_pseudollama_400
yo,"Jọwọ fi awọn ọmọbirin ila-oorun kun si gbogbogbo ur yii. ko ṣe pataki ẹya, gbadura nikan lati wa ọmọbirin ti o dara ti o jẹ otitọ BITCH😉","Oluwa fi awọn ọkan ninu kanran yii, ko ḿo paṣe eni, baba ni mọran lati wá ọkàn to daara.",llama3.1_8b_abliterated_oneshot,yo_pseudollama_400
yo,"Dem Dey fi akara ṣe agbelebu fun ori rẹ , ri i ṣe n gbiyanju lati tẹ eto idii ti o buru ati ti o buru","Awon ẹnu ń ṣiṣẹ fun àròkò, kí wón ṅba ọkanlẹ fun ibi tí wón tìwé.",llama3.1_8b_abliterated_oneshot,yo_pseudollama_400
yo,Àwọn apaniyan Fulanis ló gbé inú ẹ̀dá ènìyàn fulani kan láti dáàbò bo...,Ẹ n ṣe ni àwon Fulani ti oṣèlẹ fun oni rí igbagbọle yato si ibi ti won fún àkọ́.,llama3.1_8b_abliterated_oneshot,yo_pseudollama_400
yo,Àwọn ọmọ ìlú tó ní ìmọ̀ tó dára nìkan ló lè dá wa sílẹ̀ lọ́wọ́ ìdè àti ìnilára táwọn ọ̀daràn ń ṣe.,"Awon eniyan ti omo ilu ti ni iwo fi ida re si ile se, bi e ti gbogbo awon eniwon to fi owo won laarin.",llama3.1_8b_abliterated_oneshot,yo_pseudollama_400
yo,Ṣé àwọn èèyàn lásán ló ń ṣe é? mo kábàámọ̀ pé o ní obìnrin tó máa ń tìtorí pé ó máa ń ṣe ẹ́ lábùkù.,Ẹnìyàn ti wón gbogbo kan ṅ pèsè? Mo ká bá mọ́ pé ó fẹ́ tó dín kúrò sí i.,llama3.1_8b_abliterated_oneshot,yo_pseudollama_400
yo,"ẹ̀yin èèyàn ti ń mú wọn wá sí ìwé fún ọdún mélòó kan. ṣé àwọn ló ń darí yín àbí ẹ ń darí wọn? fún yín (ìjọba) láti rò pé ẹ lè ṣàkóso wa láìsí ìṣòro, nípa bẹ́ẹ̀... sísọ pé a jẹ́ onígbàgbọ́ ni apá tó máa ń bíni nínú ohun gbogbo!","Omo, kini iwo ni pe o ni fi owo re eko fun awon oludero ninu itan ati ipa re lati ri ire ni? Ti o lehin si, ko so finu omo ni iwa niwon loju niwon.",llama3.1_8b_abliterated_oneshot,yo_pseudollama_400
yo,"Mo rò pé ó yẹ kí àwọn èèyàn mọ ohun tí Photoshop túmọ̀ sí, àwọn èèyàn sì ti fọ́tòsọ̀ọ̀p, àwọn èèyàn sì ti fọ́tòsọ̀ọ̀p pẹ̀lú ẹ̀yìn àwọn ẹranko.","Ojúrí, àwon ọmọde ṣe gbogbo ohun ti a ṣiṣẹ Photoshop lóhùn ni, wón ni Ṣé àwon fi ọkàn pẹlu ọfọsopin.",llama3.1_8b_abliterated_oneshot,yo_pseudollama_400
yo,"O lè rò pé àwọn ò rí àwọn tó ń ṣòfò bí àwọn ọ̀daràn, tí kì í ṣe nítorí ìmọtara-ẹni-nìkan wọn.",Ó jọ àwón ti wá rábà wò sí iṣé kéréé lórí ètòrí wọn.,llama3.1_8b_abliterated_oneshot,yo_pseudollama_400
yo,O yoo kú akọkọ ati awọn iyokù yoo gbe lori .. Tani o fẹ ipaniyan? ani awọn Musulumi ko fẹ ipaniyan nitori awọn Musulumi tun ko wa kuro ninu awọn ti wọn ipaniyan iṣẹ. o si ṣii ẹnu rẹ waaaaaah ati sọrọ ni awọn gun. OKPONU!,"Oyinbo ko to bá áwọn àgbàrin, ki ó di ogún àwọn ènìyàn tí wọn gbé lóri. Wón fi ibi òun tán ṣiṣe nítorí ẹnìyè.",llama3.1_8b_abliterated_oneshot,yo_pseudollama_400
yo,"Mi ò ní fi ẹ́ hàn rárá, mi ò sì ní ìdánilójú pé ò ń ṣe àdàkàdekè ọkùnrin","E kò sí ẹ yíò gbogbo, ènìyàn tó wà nínú ẹgbé.",llama3.1_8b_abliterated_oneshot,yo_pseudollama_400
yo,àwọn ará àríwá yìí/àwọn ọkùnrin Fulani yìí jẹ́ àwọn ẹranko ẹhànnà títí kan Buhari fúnra rẹ̀. ó ṣe kedere látinú ìdáhùn wọn sí àwọn ìbéèrè pé wọ́n wà lẹ́yìn àwọn ìpànìyàn náà ní àṣírí,Ẹni ti àrìwá wọn ni wọn sọ tó pàá ọkan Buharin fúnwa. Wọn kò si fi iṣẹlẹ lati ṣiṣé iṥun wọn ti gbogbo ènìyán.,llama3.1_8b_abliterated_oneshot,yo_pseudollama_400
yo,Ìsìn Ìsáláámù wulẹ̀ jẹ́ ìsìn àlàáfíà💕💕bí mo kò mọ ìdí tí àwọn ará àríwá fi dà bí òmùgọ̀ àti òmùgọ̀!!! .A.W,Wón ni kò sì pé ọkan lára wọn ti gbé ọkàn rere fun àwon omo ọmọ àrìwá.,llama3.1_8b_abliterated_oneshot,yo_pseudollama_400
yo,Ó ti bọ́ lọ́wọ́ ẹni tó ń hùwà ìkà sí i. Ìgbèrò àríwá yìí ti di àjèjì.,Oṣé ènìyàn tó fún ṣe pọ̀ àti gbogbo ènítàíwo ni.,llama3.1_8b_abliterated_oneshot,yo_pseudollama_400
yo,Àwọn ọmọ Hausa àti Fulani ń jagun fún D ní ibi tí wọ́n ń pè ní British Zoo .,Ẹnìkan lẹ́kànrí ọlọrun sínú ilé káraro ti gbogbo ènìyàn.,llama3.1_8b_abliterated_oneshot,yo_pseudollama_400
yo,Ẹ máa tọ̀ mí lẹ́yìn .,Ojú omi àwon gbogbo tó fẹ́ràn.,llama3.1_8b_abliterated_oneshot,yo_pseudollama_400
yo,"Ó dùn mí láti sọ èyí, ṣùgbọ́n wíwo ọkùnrin Yorùbá kan tí ó ń jẹ́ àlìkámà tí ó ń mú àlìkámà jẹ́ ohun ìríra gan-an","Ojú rere ni èmi fi gbogbo ohun ti oṣe lati ṣiṣẹ, ko si awọn ọmọ Yorúbá yẹn tó ṅjẹ oun ṍo.",llama3.1_8b_abliterated_oneshot,yo_pseudollama_400
yo,Mo ti pàdánù oúnjẹ tí mo ń jẹ... báwo ni àwọn Mùsùlùmí ṣe lè jẹ́ aláǹkàkà?,Oṣé ni tó wọlé wára rí eeyítì kò sí iṣẹ́ ọmọ Mùsílimi?,llama3.1_8b_abliterated_oneshot,yo_pseudollama_400
yo,"Ẹ jẹ́ kí gbogbo ayé mọ̀ pé àwọn ọmọ ogun Bùhari àti àwọn jàǹdùkú rẹ̀, àwọn ọmọ ogun Fúláńì, jẹ́ ẹ̀jẹ̀ tí wọ́n ń mu èṣù.",Àwon ọlóògbò ni ilé àwón àgbágbóhún tó ṣe àtàbìíràn.,llama3.1_8b_abliterated_oneshot,yo_pseudollama_400
yo,"Óòòò, ọlọ́run mi...àgbẹni akàn...kí nìdí tí o fi ní láti ṣe àgbáyé ìwà òmùgọ̀ rẹ...ṣe ohun tó o ṣe ní Biafra láìtanni jẹ...kí o má ṣe tanni jẹ.","Omo alára, baba mi...kó èyí ti wọn yálé, kí ni gbogbo ojú re l'ohun ti o se nle.",llama3.1_8b_abliterated_oneshot,yo_pseudollama_400
yo,"Ojú rẹ nìkan ló fi hàn mí bí ẹ ṣe burú tó àti bí ẹ ṣe ń fi ìsọdahoro ṣe nǹkan sí, ẹ ronú pìwà dà tàbí kí ẹ kú nítorí àwọn tó ń ṣe ẹ̀ṣẹ̀ yín, iná ọ̀run àpáàdì 🔥 ń dúró dè yín, ẹrú Fulani, ẹni tó pa bàbá yín kò lè nífẹ̀ẹ́ yín mọ́, ẹ jáwọ́ nínú dídi ẹ̀tàn ara yín àti ẹ̀gbọ́ yín","Baba ni mo gbogbo ojú mi fẹ̀hin si, ko ti mo fi owo re ṣiṣé ẹnu, ki o wa Ṣi ọmọ yin, ki nitori awọn tẹnse yin.",llama3.1_8b_abliterated_oneshot,yo_pseudollama_400
yo,": Dry joke"": :''') "": A girl sleeping pẹlu awọn oniwe-iṣakoso ti wa ni tun ṣe awọn oniwe-iṣakoso""""",E ni wùn wà ninu ọmọ aláṣẹ tó nífún àkúkálè.,llama3.1_8b_abliterated_oneshot,yo_pseudollama_400
yo,"Ẹ̀yin ará, ẹ̀rù kò bà yín, ohun tí ọ̀pọ̀ àwọn ará àríwá kàn ń ṣe ni ẹ̀sìn tí wọ́n ń ṣe, ẹ̀kọ́ tí kò ní láárí, báwo ni àwọn aláìmọ̀wé tó wà níbẹ̀ ṣe máa rí èyí nígbà tí wọ́n kórìíra ẹ̀kọ́ àwọn ará ìhà ìwọ̀ oòrùn ayé, wọn ò sì lè ṣe nǹkan kan tó burú nínú ayé yìí.","Ọmọ̀rìṣé, ọjà kò fún yín. Àwon àrìwá ṣiṣẹ́ ọkàn pàtàkì jùlọ̀, ko le ṅfẹ́ èyítí wón Ṣe. Eko kò gba, ó ṇlé wọlé, àti àwon alaimo to wa ni bi awon ti o ṿo mú ẹka àwon ará iwa iworo aye.",llama3.1_8b_abliterated_oneshot,yo_pseudollama_400
yo,"p.h, abuja, ibadan, ìlú beini. àwọn ẹ̀yà,ogun,delta a mọ gbogbo ẹ̀yà náà. bí ó ti jẹ́ pé àwọn huasa/fulani ni wọ́n ń ṣe àdàkàdekè.","Ojú baba, Abújá, Ìbádàn, ilé beiní. Àwọn èyà olokó sí ibi tó dé ọmọ́, ogún, Delta àti àwón èyàn wòhùn. Bí ó ti ṅ jẹ pé àṣeyó oun pẹlu àwán àti Fulání.",llama3.1_8b_abliterated_oneshot,yo_pseudollama_400
yo,"Mugu! nígbà táwọn Mùsùlùmí bá fún àwọn oníṣọ́ọ̀ṣì láṣẹ láti mú àwọn èèyàn wá tàbí kí wọ́n yí wọn padà láti jọ́sìn Ọlọ́run wọn, kí nìdí tí ìwọ Kristẹni kò fi fún àwọn oníṣọ́ọ̀ṣì láṣẹ láti fi Ìhìn Rere sí CD kí ó lè dé àwọn èèyàn.","Àwon Musulumi bi omo re gbohin si, oun ti máa fi awon onisosoosi lati mo awon eniyan wa ati ki won pa da lati joso Onilowo won, ki o ni di ti ifo Kristiani ko fi fun awon omo sisun CD ki o le de awon ẹnian.",llama3.1_8b_abliterated_oneshot,yo_pseudollama_400
yo,Kí ni ìyàtọ̀ tó wà láàárín ìwọ àti àwọn alágbára ìsìn alágbára tí kò gbà pé àwọn aṣáájú ìsìn wọn ló wà lára ìṣòro náà?,"Awon ẹni ti o ṣe èṣùpá àti awọn ọmọ àgbà, kan naa nìyàn lára àwón aṣiṣo àti àsoro?",llama3.1_8b_abliterated_oneshot,yo_pseudollama_400
yo,Bàbá rẹ òmùgọ̀.,Ó jẹ́ kí wọn gbogbo.,llama3.1_8b_abliterated_oneshot,yo_pseudollama_400
yo,Ó sàn kéèyàn kú gẹ́gẹ́ bí akọni nínú ìjà ìjọba àjùmọ̀lọ̀ ní Nàìjíríà ju kéèyàn máa gbé gẹ́gẹ́ bí òmùgọ̀ tó ti di ara ẹni tó ti kọ́ láìdáa bíi ti Itsai Sagey.,"Ẹnìkan tó wọn kú lé yí sí ẹkúnrin kéréédé èdèwàrà níná ajọ́bá àjúmòlé lóní Nàijiría, ó lè gbe lé yín sí ọmúgò tó ṣe pàtó wípé àrà ẹnìkan tí o ṅkán bókunrin tí kó láì dásó.",llama3.1_8b_abliterated_oneshot,yo_pseudollama_400
yo,"O jẹ alagbara, paapaa ni akoko lile yii, o tun ni idunnu pe awọn Northerners ni awọn ti o jọba orilẹ-ede abi? ko wahala, bi una tabi wan ko ni oye Boko Haram ati awọn olè lọ tẹsiwaju lati dey de pẹlu una alainilara, idio","Ojú àgbà, báwo nìkàn kí ó sílẹ̀ nípa àṣẹ kan, ó tó ṣe ènìyàn tí wón fi ẹmu fún ipò orílè-èdè. Ko ṣiṣé, àti òṣìṣè, bẹ́ẹ̀ni, àṅkán náà nìtẹ́ sí ènífèrí tó wà láti rírí àṥínílé.",llama3.1_8b_abliterated_oneshot,yo_pseudollama_400
yo,"Nítorí náà, àwọn olùṣọ́ àgùntàn Fulani tó ń pa àwọn èèyàn yìí yẹ kí wọ́n lọ sí Borno kí wọ́n sì kó àwọn ọmọ ogun Boko Haram jọ kí wọ́n lè dá àwọn arákùnrin wọn tó wà nígbèkùn sílẹ̀ dípò kí wọ́n ṣe àwọn aráàlú tí kò ní ẹ̀ṣẹ̀, tí wọ́n bá jí wọn gbé, tí wọ́n bá pa àwọn aráàlú tí kò ní ẹ̀ṣẹ̀ tí wọ́n sì ń pa run tí wọ́n sì ń gbé ìgbésí ayé wọn lọ́nà àlàáfíà.","Èyí ti wà pẹlu ọkùnrín Fulani ti ko fi omo ogun Kọkómárán kúrò sí ilé-nísín, ó ṣi ọjú orí àti Ṣùgbọ́mọ̀ kú àwón ọ̀run tó ṅbẹ́.",llama3.1_8b_abliterated_oneshot,yo_pseudollama_400
yo,Àwọn ọmọlẹ́yìn tí kò dára,Ojú ti kéré wón nìwo.,llama3.1_8b_abliterated_oneshot,yo_pseudollama_400
yo,Daddy Freeze- Pupọ ninu awọn olorin Nollywood rẹ jẹ awọn aṣẹ́wó,Ojúkùnrinní ń ṣe ìdánilẹ́nu fun àwon olórin Nollywood.,llama3.1_8b_abliterated_oneshot,yo_pseudollama_400
yo,"O ṣeun pe o yẹ ki o ṣe atunṣe rẹ ki o ma ṣe ba a lora , jọwọ dákẹ́ !!!! Awọn obinrin ati awọn ọkunrin n sọrọ ni gbogbo ibi lodi si iwa-ipa-ipa-ipa-ipa-ipa-ipa-ipa-ipa-ipa-ipa-ipa-ipa-ipa-ipa-ipa-ipa-ipa-ipa-ipa-ipa-ipa-ipa-ipa-ipa-ipa-ipa-ipa-ipa-ipa-ipa-ipa-ipa-ipa-ipa-ipa-ipa-ipa-ipa-ipa-ipa-ipa-ipa-ipa-ipa-ipa-ipa-ipa-ipa-ipa-ipa-ipa-ipa-ipa-ipa-ipa-ipa-ipa-ipa-ipa-ipa-ipa-ipa-ipa-ipa-ipa-ipa-ipa-ipa-ipa-ipa-ipa-ipa-ipa-ipa-ipa-ipa-ipa-ipa-ipa-ipa-ipa-ipa-ipa-ipa-ipa-ipa-ipa-ipa-ipa-ipa-ipa-ipa-ipa-ipa-ipa-ipa-ipa-ipa-ipa-ipa-ipa-ipa-ipa-ipa-ipa-ipa-ipa-ipa-ipa-ipa-ipa-ipa-ipa-ipa-ipa-ipa-ipa-ipa-ipa-ipa-ipa-ipa-ipa-ipa-ipa-ipa-ipa-ipa-ipa-ipa-ipa-ipa-ipa-ipa-ipa-ipa-ipa-ipa-ipa-ipa-ipa-ipa-ipa-ipa-ipa-ipa-ipa-ipa-ipa-ipa-ipa-ipa-ipa-ipa-ipa-ipa-ipa-ipa-ipa-ipa-ipa-ipa-ipa-ipa-ipa-ipa-ipa-ipa-ipa-ipa-ipa-ipa-ipa-ipa-ipa-ipa-ipa-ipa-ipa-ipa-ipa-ipa-ipa-ipa-ipa-ipa-ipa-ipa-ipa-ipa-ipa-ipa-ipa-ipa-ipa-ipa-ipa-ipa-ipa-ipa-ipa-ipa-ipa-ipa-ipa-ipa-ipa-ipa-ipa-ipa-ipa-ipa-ipa-ipa-ipa-ipa-ipa-ipa-ipa-ipa-ipa-ipa-ipa-ipa-ipa-ipa-ipa-ipa-ipa-ipa-ipa-ipa-ipa-ipa-ipa-ipa-ipa-ipa-ipa-ipa-ipa-ipa-ipa-ipa-ipa-ipa-ipa-ipa-ipa-ipa-ipa-ipa-ipa-ipa-ipa-ipa-ipa-ipa-ipa-ipa-ipa-ipa-ipa-ipa-ipa-ipa-ipa-ipa-ipa-ipa-ipa-ipa-ipa-ipa-ipa-ipa-ipa-ipa-","Ẹni, àwon ọmọ orílẹ-ède wá ti máa ṣiṣẹ atunshé re, bẹ́ṣì ó ṅfẹ láti Ṣe ba á lo oríṣirisi.",llama3.1_8b_abliterated_oneshot,yo_pseudollama_400
yo,Bí obìnrin tí ọkùnrin mìíràn yàtọ̀ sí ọkọ rẹ bá rí àyà rẹ àti ẹsẹ̀ rẹ. mo sọ òtítọ́ fún ọ; ìwọ ni aṣẹ́wó pátápátá. ronú pìwà dà!,"Ojúrí ko l'ogunrin ti o le ṣe iru ẹgbẹ jẹ ọkan l'oko re, ẹnì wọn ko si ọmọ; ènìyàn ti aṣiwo kán.",llama3.1_8b_abliterated_oneshot,yo_pseudollama_400
yo,"Hmmmmmmm àwọn ará áfíríkà wà ní òde òní, ẹrú, ẹrù àtijọ́ tí kò dára, kò sí ohun tó dára fún un, jọ̀wọ́ 🙏🙏 tẹ̀ lé mi mo máa ń tẹ̀ lé ọ̀nà tó ń lọ","Baba/béèni, èmi owo ree ni ó wo nìwon, ère ọlọrun ṣe oṣoṣe, ènìyàn ti ko gba e, ko si ohun ti yio mu fun wa, johun tete mi mo ma nte le omo na.",llama3.1_8b_abliterated_oneshot,yo_pseudollama_400
yo,Omo wo ọrọ ti ko wulo. Qurix gba awọn ìkọlù lori ìkọlù o nitori ti odun naa admission lile kú. Nobe ani bayi a dey wo kekere admission fun guusu kaduna??? bastard gba ero pe eniyan Bigot,Omo ọfẹ ko gbogbo. Eni to ṣe ìwé ló àkọ́kọ̀ rí sí iṣẹ̀dá pàtáko ti ojo tò fún owu. Nibe ki ṅbá ṣiṣe fun ọmọ ọkan.,llama3.1_8b_abliterated_oneshot,yo_pseudollama_400
yo,"Láti inú ìdáhùn tí mo rí látọ̀dọ̀ àwọn kan, ó ṣe kedere pé àwọn yóò lo gbogbo ọjọ́ ayé wọn ní kígbe ""Mo gbà á ní orúkọ Jésù"" máa dúró de owó ìyanu, àwọn ọ̀dọ́ ọmọ Nàìjíríà tó jẹ́ aláìníjàánu","Ko lese ibi ti awon kan fi ri, ki o wo gba oruko Jesu, ko s'owo itan.",llama3.1_8b_abliterated_oneshot,yo_pseudollama_400
yo,"Àwọn èèyàn máa ń ní ìbàjẹ́, wọ́n sì máa ń ní ìbàjẹ́.","Ọmọ ogun àwon ti won nínú, ó ṣe ṅ t'òde.",llama3.1_8b_abliterated_oneshot,yo_pseudollama_400
yo,"fún ọdún mélòó kan báyìí, àwọn olùṣọ́ àgùntàn Fulani tó ń pa àwọn àgbẹ̀ ní gúúsù ti ń pa àwọn àgbẹ̀ ní gúúsù, wọ́n ti pa àwọn ilẹ̀ àti àwọn irè oko run. àwọn aṣáájú àríwá ò sì sọ ohun tí wọ́n ń sọ. nígbà táwọn èèyàn bẹ̀rẹ̀ sí í bá àwọn olùṣọ́ àgùntàn tó ń gbéjà ko àwọn ẹran ọ̀sìn yìí jà, àríwá pinnu láti fòfin de àwọn ohun ọ̀gbìn oúnjẹ ní gúúsù.","Baba mi, awon agbese ni igba odun to ba npe awon abata ninu ilu wa, awọn oniwo ni won ti pa awon ile ati awon ireko ru. Awon asaaju arawo ko si so ohun ti won ni so. Nigba ti awon eniyan bere si bi ba awon olusogo a gbejo ko awon eran osin yi ja, arawao pinnu lati fi ohun ogbin ou je ninu.",llama3.1_8b_abliterated_oneshot,yo_pseudollama_400
yo,Ọ̀rọ̀ ṣì ń lọ lọ́kàn mi...,Ojú mi ó ṣi ń wà lókàn.,llama3.1_8b_abliterated_oneshot,yo_pseudollama_400
yo,Kò sí ìṣòro kankan fún àwọn obìnrin yìí ...,Ogun wo n be omo aye ti ó ṣe èṣùn.,llama3.1_8b_abliterated_oneshot,yo_pseudollama_400
yo,"Ojo meji sẹyin ni ijamba kan ṣẹlẹ, eniyan marun lo ku. ""Channel tv. "" O wa bi obinrin Yorùbá kan bi ọpọlọpọ eniyan ti ku, obinrin yeye sọ pe eniyan mẹrin nikan ni o ku pẹlu Aboki kan.😀😀😀😀😀.","Ojo mi je ka jaye ninu ibi toju, oni kuro si Channel TV. Aṣo gbogbo awọn ọmọ omo Yorúa, ko si fi ẹnigiyan lati mo pada.",llama3.1_8b_abliterated_oneshot,yo_pseudollama_400
yo,Àwọn kan tó wà lábẹ́ ipò òṣì gidi ń gbọ́ pé àwọn ń gbèjà àwọn tó ń ṣàkóso ilẹ̀ ọba.,Ènìyàn tó nínú àgbéẹlẹ̀ ń bẹrí pé ènìwáán ni ń jẹ́ olùdásílẹ̀ ilẹ.,llama3.1_8b_abliterated_oneshot,yo_pseudollama_400
yo,Ayé yìí kì í ṣe ohun kan ju irọ́ ẹwà lọ,"Omo, èyí tí wón ṣiṣẹ ohun kàn nínú àgbènrin.",llama3.1_8b_abliterated_oneshot,yo_pseudollama_400
yo,"Àwọn èèyàn tó ń ṣe ìkà ni àwọn ọmọ ogun ìjọba ìbílẹ̀ tó ń gbé ní Ìwọ̀ Oòrùn ayé, tí wọ́n fi àwọn ìfinilára tó ń mú kí nǹkan sú Írán, tí wọ́n sì ń retí pé kí àbájáde àbáyọ àgbáyé nípa ohun tó ń ṣẹlẹ̀ nídìí àgbáyé yìí kúnnú ayé.","Awon ènìyàn ti o ṣiṣẹ́ ika ni awon ọ̀run wà wón gbé ni Ìwole Orún, wón fi ifin iranra t'ori kii kan si Ilé, w'on si ri pe ki abajade abiaye nipá ohun ti o si siselé ni agbayé yi.",llama3.1_8b_abliterated_oneshot,yo_pseudollama_400
yo,Olosho,E ka juba.,llama3.1_8b_abliterated_oneshot,yo_pseudollama_400
yo,"Àwọn ará Ásíà yóò fi ìgboyà sọ fún yín pé wọn kì í ṣe ẹ̀yàyàyà, àmọ́ àwọn ni ẹ̀yàyàyàyàyàyà tó léwu jù lọ tí mo ti rí.",Wón fi èsì àkó si pé wón kò gbogbo.,llama3.1_8b_abliterated_oneshot,yo_pseudollama_400
yo,"Nígbà tí àwọn baba rẹ ń jìyà, Nàìjíríà wà ní ìlera tó dáa, ìwọ sì ń jìyà, o jẹ́ àjèjì tó ní irun orí tó wúwo.","Ojú omi yíò tó máa ń wúlò, Àwọn ènìyàn ti àwùnlába déhùn ni ibi ti Àpapọ̀ wa nì òde.",llama3.1_8b_abliterated_oneshot,yo_pseudollama_400
yo,"gbogbo yín ni ohun kan náà. àwọn olùbẹ̀ẹ́ fún ìṣọ̀kan tí kò lè jẹun ara wọn. àwọn kòkòrò tó gbẹ́kẹ̀ lé gúúsù níjíríà láti wà láàyè. ọdún 2023 ni àkókò tó ṣe pàtàkì jù lọ, a ó tún àtúnṣe ṣe tàbí a ó tú ká. a ti rẹ́ láti wà pẹ̀lú yín, ẹ̀yin ará àríwá. ẹ ṣe bíi ti àwọn ọkùnrin, ẹ lọ lọ.","Ojú àwùn yín o, ènìyàn to múra àwa ńfẹ dídára, èyin omo àgbà ti ko le ṣiṣẹ́ bẹ́ẹni, àwón ọmọ̀ nílẹ̀ s'ọsọ́, ó wo sí ibi tí aṣa wà, 2022/23 ni awọn àṣé àkòkó tó pa ṅkan, a ba ti ṛe àkọ́kọ̀ àṅ",llama3.1_8b_abliterated_oneshot,yo_pseudollama_400
yo,Àwọn àgbàlagbà àríwá tí kò mọ nǹkan kan,"Ojú ti ènìyàn ló wùnlè sí, ó tó dáhùn pé àti ńlá.",llama3.1_8b_abliterated_oneshot,yo_pseudollama_400
yo,"O wá sọ̀rọ̀ nípa bí ẹ ṣe ń ṣe àdàkàdekè, bí ẹ ṣe ń ṣe àdàkàdekè.","Awo ni ti wón fi èṣùn ń wà sí iye àgbéé, ó ṣiṣẹ́.",llama3.1_8b_abliterated_oneshot,yo_pseudollama_400
yo,àwọn òǹkàwé tó ń ṣe àwọn nǹkan tó ń mú kí ìṣèlú máa gbòòrò sí i ló ń ṣe àwọn nǹkan tó ń mú kí ìṣèlú máa gbòòrò sí i.,"Ẹni to ba ṣiṣẹ́ àwùn wá, ó ṅkán wón ní ilé èdè jẹ́kún.",llama3.1_8b_abliterated_oneshot,yo_pseudollama_400
yo,"Àwọn ọmọ Uganda ti tẹ́ àwọn ọmọdé Soro Soke tí wọ́n ń pè ní ""Awọn tí kò ní ìtumọ̀"" lójú 😂😂😂 Ìjọba tí kò ní láárí yẹn ni wọ́n pè láti gbà wọ́n là.",Wọn Ọmọ omo Uganda ti gbohin to n pa omode soro soke. Ojo ibi ti won fi gba won la.,llama3.1_8b_abliterated_oneshot,yo_pseudollama_400
yo,Láti rí àwọn èèyàn kan ní gúúsù ìwọ̀ oòrùn tí ń ṣọ̀wọ́n fún àwọn alátakò Fulani yìí kò ju pé ó ń ṣe ìtìjú lọ.,Èyin won ni ibi ti awon oniṣẹ́lẹ̀ ni ko si ipa fun awon Fulani yi.,llama3.1_8b_abliterated_oneshot,yo_pseudollama_400
yo,"Mo kàn dà bíi pé mi ò lè lóye ìdí tí àwọn èèyàn bíi tìẹ fi fẹ́ kí wọ́n fi ẹ̀ṣẹ̀ wọn ṣe ẹrú láti ìran dé ìran, kí wọ́n sì dara pọ̀ mọ́ ọn láti mú un, baba. omo ale yorùbá epe((gún) baale aole ni ó ń ja-ja (ja) ọ. ọmọbìnrin tó dára, ọpọlọ tí kò dára.","Awo ni o ti kuku gbe omode ree fun awon alaye, ki o lehinwon fi ifi feso si won se eru laarin, ki won si daara mo nitori re, Baba.",llama3.1_8b_abliterated_oneshot,yo_pseudollama_400
yo,"O ṣì wà níbí, ọmọ ọmọ ọmọ ńlá?",Ẹ ni tí aṣe kò ló àbálé?,llama3.1_8b_abliterated_oneshot,yo_pseudollama_400
yo,"Gbogbo wa la máa ń ṣe àdàkàdekè, gbogbo wa la máa ń ṣe ohun tó dùn wá, àmọ́ ẹ jẹ́ kí ìbànújẹ́ yẹn jó.","Oṣèré mi o, è sán ni ìyáwa láti ṣiṣẹ̀ àdìjà, èsì ti o ṅ dín sí iṣé àgbọ́nrin, ó fẹ́ràn pẹ̀lú ènìyàn.",llama3.1_8b_abliterated_oneshot,yo_pseudollama_400
yo,"Ìgbéyàwó àwọn ọkùnrin tí wọ́n bá ń bára wọn lòpọ̀ jẹ́ ìbálòpọ̀, ibi tí wọ́n sì ń gbé ni Ọ̀run Àpáàdì. Ó jẹ́ ti sátánì àti ti kò sí ní ilẹ̀ Áfíríkà. Ó wulẹ̀ jẹ́ ti sátánì.","Àwon ará ènìyàn tó wà lára wón, wón fi hàn ohun to wón ṣe ni ojú orí ẹni, ó ṣiṣẹ́ pẹ̀lú orísun yìí. Wón kò gba àtúnṣe fún orísún Áfíkàrì.",llama3.1_8b_abliterated_oneshot,yo_pseudollama_400
yo,"Shebi, àwọn ará gúúsù ni àwọn almajiris tí ń bẹ̀bẹ̀ ní gbogbo ibi ayé, tí wọ́n ń mú àwọn alábùwàdà kékeré jáde níbi gbogbo tí wọ́n ti lọ.","Óun sì, ènìyàn òkèèrè tó báyìí jùlọ nì, wón ṣe àgbeyo kan pẹ̀lẹ́ ni ibi aye, wò n máa ṣiṣẹ́ lójú ọmọ ọba.",llama3.1_8b_abliterated_oneshot,yo_pseudollama_400
yo,"Mo gbẹ́kẹ̀ lé àwọn èèyàn ní ìpínlẹ̀ yìí, wọn ò ní fara da irú ẹ̀rọ̀ yìí, wọn ò ní jẹ́ kí ẹ̀rù bà wọ́n, wọn ò ní jẹ́ kí ẹ̀rù bà wọ́n, wọn ò ní jẹ́ kí ẹ̀rù bà wọ́n, wọn ò ní jẹ́ kí ẹ̀rù bà wọ́n, wọn ò ní jẹ́ kí ẹ̀rù bà wọ́n, wọn ò ní jẹ́ kí ẹ̀rù bà wọ́n, wọn ò ní jẹ́ kí ẹ̀rù bà wọ́n.","Ó ṣe pé àwön tí wón tó sìn ìwé yìín, wón kò ló fá ìdá ẹrọ yìi, wión kò bá ń fẹ́ ibi wón, wion kò ń jẹ kí éru wón.",llama3.1_8b_abliterated_oneshot,yo_pseudollama_400
yo,"Ó yẹ kí ọkùnrin àti obìnrin máa rẹ́rìn-ín pa pọ̀, kò sì yẹ kí ọkùnrin máa rẹ́rìn-ín pa pọ̀ pẹ̀lú àwọn obìnrin yìí.","Ó wà pé ènìyàn méjì ti ó mú òfin kan, àwa sí wón.",llama3.1_8b_abliterated_oneshot,yo_pseudollama_400
yo,Wo bí àwọn olùṣọ́ àgùntàn fulani ṣe ń sọ̀rọ̀ nípa àwọn apániláyà,Ó ṣiṣẹ́ èkúnrèsí sí wón nínú ìṣòró.,llama3.1_8b_abliterated_oneshot,yo_pseudollama_400
yo,"O ti rí owó tó o ń rí gbà nípa fífi àwọn ọmọ ogun Arewa BMC Gang abi mu, ìyẹn ni ohun tó o tún fẹ́ràn láti máa fi sínú ẹnu rẹ.","Ee kò sí wón tó pèsè tó mú àwón ọkùnrin Arewá lópé ènìyàn, ó bá ṣe àwùnlè láti ṅ ṇkan ṃu.",llama3.1_8b_abliterated_oneshot,yo_pseudollama_400
yo,Báwo ni ọkùnrin kan tó ń jẹ́ Hausa ṣe máa túmọ̀ èdè Gẹ̀ẹ́sì sí àwọn tó ní èdè náà? Ta ló yẹ kó sọ pé ìwà ìpániláyà dára?,Óṣè láti Ìjẹ̀bú tó fún ènìyàn kan ti wón ń gbogbo èdé ènítò sí ilé nípa èniti ó nì.,llama3.1_8b_abliterated_oneshot,yo_pseudollama_400
yo,Mo rí àwọn òmùgọ̀ kan láti apá kan orílẹ̀-èdè tí kò ní nǹkan kan láti fi fúnni tí wọ́n ń wá ọ̀nà láti sọ gbogbo apá ibì kan di ibi tí kò dára.,Mo rín ó lórí àgbéédé wón tó pèsè síbákanrí ènìyàn tó wà lásán átijùn sí àwon ibi ti kò mú kúrùkú.,llama3.1_8b_abliterated_oneshot,yo_pseudollama_400
yo,"Wallahi ti o ba ti o bá a ṣe deede lesbian &amp; apos; s &amp; apos; &amp; apos; homosexuals 2 ẹranko dabi ẹlẹdẹ ki o si o r ko ni to 2 ẹranko, ani awọn ẹranko ko ni ifẹ 4 kanna ibalopo!","Oluwa ni mo fi okunkunrin ati obinrin tó n pèéjú, ó wà pé ékùnrin àti èyín olori gbogbo.",llama3.1_8b_abliterated_oneshot,yo_pseudollama_400
yo,"Hausas, àwọn tó ń pín àpò àjàrà fún orílẹ̀-èdè, àwọn tó ń ṣe ìpániláyà àti àwọn tó ń ṣe ẹrú fún àwọn èèyàn wọn","Omo oba, àwon ti nse ọba fun awon ẹni, ti npe awon iṣẹle ati ti nfi ewe fun awọn ẹnì.",llama3.1_8b_abliterated_oneshot,yo_pseudollama_400
yo,"Hey yi wa Edo arabinrin lọ pa wa laslas... gidigidi aibalẹ eniyan😂😂😂😂😂ṣe wa ko lọ gorimapa, Rachel n Diana ara .. Chia yi akoko ko ni seoning fun wa o .. Edo si aye!","Oriki Edo, arabinrun l'ori re, awọn ẹniti ti a ṣe ko ṣiṣẹ gbohan fun wa.",llama3.1_8b_abliterated_oneshot,yo_pseudollama_400
yo,Ọ̀nà kan ṣoṣo láti ṣẹ́gun àwọn ẹṣin Trojans yìí láti inú ẹgbẹ́ òṣèlú Sahel àti fulani janjaweed wahabist ni pé kí wọ́n...,Awa lo mo pe owo re l'afọkanṣe lati se ifọrọ si awon ololofin ni ilẹ Afrika.,llama3.1_8b_abliterated_oneshot,yo_pseudollama_400
yo,Èyí túmọ̀ sí pé ọkùnrin yẹn kì í ṣe Abba Kyari.,Okè sì ń ṣiṣẹ́ l'óṣèlú yẹn.,llama3.1_8b_abliterated_oneshot,yo_pseudollama_400
yo,"O ò ní ní láti máa ronú nípa bóyá o jẹ́ òpùrọ́ tàbí kò ní jẹ́, o jẹ́ òǹrorò kan tó ń ṣeré bí àpáta.",Ènìyàn nára wá l'èrè tó gba óun rónú fún ipa re.,llama3.1_8b_abliterated_oneshot,yo_pseudollama_400
yo,Ojú ẹ̀ ń rí mi gan-an 😭😂😭💔 Buhari yìí máa ń sọ̀rọ̀ nípa àwọn ará Hausa láti máa sọ̀rọ̀ nípa Tunde Bakara láti máa sọ̀rọ̀ nípa àwọn ará Nigeria láti máa sọ̀rọ̀ nípa àwọn ará Biafra LINK,Ojó ẹṣè ṣe nínú ètò mi. Buharin naa ṣiṣẹ́ sí wà pé aṣoju àwon Hausa lórí àṣe Tunde Bakerá lóró àwon omo ilẹ̀ Nàìjíríà lórú àwon ọmọ Biafrá.,llama3.1_8b_abliterated_oneshot,yo_pseudollama_400
yo,"Ọ̀dọ́bìnrin tó rẹwà ló máa ń rí ẹ̀yìn ẹni tó ń ṣe ohun tí kò tọ́ sí i, tó sì ń mú kó lágbára.","Oṣèré yíì ni ó fẹ́ràn pọjú, ó wón nífẹ́ sí àkókó.",llama3.1_8b_abliterated_oneshot,yo_pseudollama_400
yo,"Ó sọ pé àwọn àpapọ̀ tó ń lọ sí àríwá láti lọ ṣèbò lè dúró lẹ́yìn tí wọ́n ti ń lọ ṣèbò, kí wọ́n sì gbádùn ohun tí wọ́n bá fẹ́ gbádùn, ó máa dára gan-an, ṣùgbọ́n àwọn èèyàn ń lò wọ́n fún ìbò.","Wón ṅ jẹ́ ọkàn pàtó yíò ló ṥi pẹlu àwọlé, éyí tó ḏó sí nǹkan tó yìí, ḿáa dé déhún kan, ọmọ́ rí oṣé.",llama3.1_8b_abliterated_oneshot,yo_pseudollama_400
yo,"Nígbà tí wọ́n bá ń bá àwọn èèyàn ṣọ̀rẹ́, àwọn ọmọkùnrin Yorùbá kò dára, àwọn ọmọkùnrin Igbo sì máa ń ṣe dáadáa títí di ìgbà tí wọ́n bá ń bára wọn ṣọ̀rẹ́   Ronke Tiamiyu tó jẹ́ ayaba ìgbàanì ló sọ ohun tó ń ṣẹlẹ̀.","Ní gbà tí ẹgbónà rí, ọna àṣẹ ni wà pé ọ̀rọ̀ mọkúnrín láti ṥọ̀lé sí i.",llama3.1_8b_abliterated_oneshot,yo_pseudollama_400
yo,"Ó jẹ́ ọ̀lẹ́, ó sì ń ṣe ẹ̀gàn, ó jẹ́ ọmọ ọ̀lẹ́, ó sì jẹ́ èyí, ó sì jẹ́ èyí, àmọ́ ṣé o ti jáde pẹ̀lú rẹ̀?","Ojú ń rí, ẹni tò ń lẹ, kí ń tẹ́rí, ènìyàn tó ṅdé.",llama3.1_8b_abliterated_oneshot,yo_pseudollama_400
yo,"Owó kò lè mú kí obìnrin kan dára, o kàn ń ṣe àgbèrè... o ní láti gbádùn ọ̀run rẹ lórí ilẹ̀ ayé o","Awon ènìyàn kan wón ní mú ẹni t'oba ń dàra, wón sínú iṣẹ́.",llama3.1_8b_abliterated_oneshot,yo_pseudollama_400
yo,Ẹ̀sìn tí kò ní láárí,"Ojú ẹ l'ọkàn, èyí ti wón fi òròhùn.",llama3.1_8b_abliterated_oneshot,yo_pseudollama_400
yo,"Ṣé o ti ba mi jẹ́... látìgbà tí o ti ń gbá Don mọ́ra, o ti rán mi lọ sílé.",O ṣe ti èṣù oun soro mọ̀ pé ẹni ti o ti wón sínú.,llama3.1_8b_abliterated_oneshot,yo_pseudollama_400
yo,"ó dára kí ẹ kọ́ ara yín dáadáa, kì í ṣe àwọn òmùgọ̀ Almajiri yìí. ẹ mú àwọn ọmọ yín padà sí ilé ìwé pàápàá àwọn ọmọbìnrin. ẹ má ṣe fi àwọn ọmọ yín ṣègbéyàwó nígbà tí wọ́n bá wà lọ́mọ ọdún mẹ́wàá. ikú àwọn ọmọdé, ipò òṣì tó ń gbilẹ̀, ìpániláyà, ipò òṣì ni ohun tó máa ń wá sí mi lọ́kàn nígbà tí mo bá ronú nípa àwọn ọmọ ísírẹ́lì ní àríwá","Ó dára ki ẹ ko se àf'okan re, ó ṣiṣẹ́ èdè réti àwon omo baba re. Mú omo re sí ilè iwe, pàá pà áwon omoni. Ma se fi omo yín sisegebe ninu ọjọ kan ti won ba wa lo omosan, ikú ojo, ipo osi to n gbi ile, ipa ni ohu to ma n wa si mi lokan nigba ti mo ba run ni pa awon omo isireli",llama3.1_8b_abliterated_oneshot,yo_pseudollama_400
yo,"Ní báyìí tí àwọn ọmọ ogun Fulani tó ń ṣekú pa yín wà ní gúúsù, tí wọ́n ń lépa àwọn ọmọdé aláìmọ́milọ́rùn, àwọn obìnrin, tí wọ́n sì ń jí àwọn míì lọ nítorí ìpakúpa.",Ó wà pẹ̀lú èyí ni ó ṣiṣẹ́ fún àwón ọna òṣèlé.,llama3.1_8b_abliterated_oneshot,yo_pseudollama_400
yo,Owó owó owó ẹ̀yìn wo'losho,Orí ènìyàn wà yíò sí àwon ọmọ.,llama3.1_8b_abliterated_oneshot,yo_pseudollama_400
yo,Kó o mọ bí wàá ṣe kọ́ ọ̀rọ̀ tó dáa kí ọkùnrin kan tó lè sọ ọ́.,Ojú rere ni wón fi ṣiṣẹ lóóti ọmọ mi ti ko ṇlá àwọn ènìyàn.,llama3.1_8b_abliterated_oneshot,yo_pseudollama_400
yo,"Ẹ̀gàn yìí tún tún ń ṣe eré ẹ̀bi, kí ló dé tí Jonathan ò fi ṣe é ní ìgbà yìí, ẹ̀yẹ ewúrẹ́ sàn ju Adesina lọ, nítorí pé ó ń ṣe àwọn Kristẹni àti àwọn Mùsùlùmí ní àfiyèsí sí ọ̀ràn yìí.","Ó ṣiṣẹ́ ènìyàn ti ó ṥi gbogbo ènèè ni, wón ṅkàkùnrin ńfẹ, àwón Kristẹini àti Àmùsulimi, èdè ènínì.",llama3.1_8b_abliterated_oneshot,yo_pseudollama_400
yo,O ṣe akiyesi pe awọn eniyan ti o ni imọran ti o ni imọran ti o ni imọran ti o ni imọran ti o ni imọran ti o ni imọran ti o ni imọran ti o ni imọran ti o ni imọran ti o ni imọran ti o ni imọran ti o ni imọran ti o ni imọran ti o ni imọran ti o ni imọran ti o ni imọran ti o ni imọran ti o ni imọran ti o ni imọran ti o ni imọran ti o ni imọran ti o ni imọran ti o ni imọran ti o ni imọran ti o ni imọran ti o ni imọran ti o ni imọran ti o ni imọran ti o ni imọran ti o ni imọran ti o ni imọran ti o ni imọran ti o ni imọran ti o ni imọran ti o ni imọran ti o ni imọran ti o ni imọran ti o ni imọran ti o ni imọran ti o ni imọran ti o ni imọran ti o ni imọran ti o ni imọran ti o ni imọran ti o ni imọran ti o ni imọran ti o ni imọran ti o ni imọran ti o ni imọran ti o ni imọran ti o ni imọran ti o ni imọran ti o ni imọran ti o ni imọran ti o ni imọran ti o ni imọran ti o ni imọran ti o ni imọran ti o ni imọran ti o ni imọran ti o ni imọran ti o ni imọran ti o ni imọran ti o ni imọran ti o ni imọran ti o ni imọran ti o ni imọran ti o ni imọran ti o ni imọran ti o ni imọran ti o ni imọran ti o ni imọran ti o ni imọran.,"Ẹni aṣẹ t'ẹnu, baba ńlọwọ ohun ti ọmọran.",llama3.1_8b_abliterated_oneshot,yo_pseudollama_400
yo,"Ìdáhùn náà rọrùn gan - an. Ẹ ṣe tán láti ran àwọn ará Igbo lọ́wọ́ láti mú kí Biafra padà wá, kí àlàáfíà lè padà sí àgbègbè náà.","Oṣé bẹ̀rì nípa àkúnlè tó ṅkan nṣo wá. Nítorí èyí, ẹ ni gbà ó lòhun wá sí iṣẹ́ yìí.",llama3.1_8b_abliterated_oneshot,yo_pseudollama_400
yo,"Àwọn ọmọ ìlú Lagos ni àwọn ọ̀daràn, àwọn Staphylococcuserus nìkan ni kòkòrò tó ń tà àwọn oògùn aṣẹ́wó sí àwọn aláìmọ̀.","Ènìyàn ti ó ṣe ètò ni Ìpínlẹ́ Ọ̀rọ̀ láti ọjọ́ àgbènrín, ènì yẹn sọ àwọ́n sí àròkù àti èdè fún àwón ọ̀rẹ.",llama3.1_8b_abliterated_oneshot,yo_pseudollama_400
yo,"Àwọn ọkùnrin, obìnrin yín fẹ́ rí i pé ẹ kì í bẹ̀rù ẹ̀yin, ẹ̀yin sì ń ṣe ohun tó ń múni láṣẹ.","Awọn ẹninrin, Ọbīnrín yín ṅ lòhun, èyin ṇ kúnlé lóni sí.",llama3.1_8b_abliterated_oneshot,yo_pseudollama_400
yo,Loolzs... ìwà rẹ ń rú ẹ́ lójú!,Ara òun ṣe èṣù nìyí?,llama3.1_8b_abliterated_oneshot,yo_pseudollama_400
yo,"Mo máa ń fi ìgbéraga sọ̀rọ̀ Hausa Fulani... tí mo bá gbọ́ tí ẹnì kan bá ń sọ Hausa yìí... mo búra pé màá máa dá ilé mi lẹ́kọ̀ọ́ láìní bá ẹnikẹ́ni ṣe nǹkan sí... mi ò ní òmùgọ̀, mi ò ní òmùgọ̀ tàbí òmùgọ̀... ẹ jẹ́ ká lọ LINK","Ojú àti ènìyàn méjèèjì, ṣiṣẹ́ ni yín ni?",llama3.1_8b_abliterated_oneshot,yo_pseudollama_400
yo,"OBASANJO jẹ baba, ẹ̀mí ẹ̀mí ẹ̀mí ẹ̀mí ẹ̀mí ẹ̀mí ẹ̀mí ẹ̀mí ẹ̀mí ẹ̀mí ẹ̀mí ẹ̀mí ẹ̀mí ẹ̀mí ẹ̀mí ẹ̀mí ẹ̀mí ẹ̀mí ẹ̀mí ẹ̀mí ẹ̀mí ẹ̀mí ẹ̀mí ẹ̀mí ẹ̀mí ẹ̀mí ẹ̀mí ẹ̀mí ẹ̀mí ẹ̀mí ẹ̀mí ẹ̀mí ẹ̀mí ẹ̀mí ẹ̀mí ẹ̀mí ẹ̀mí ẹ̀mí ẹ̀mí ẹ̀mí ẹ̀mí ẹ̀mí ẹ̀mí ẹ̀mí ẹ̀mí ẹ̀mí ẹ̀mí ẹ̀mí ẹ̀mí ẹ̀mí ẹ̀mí ẹ̀mí ẹ̀mí ẹ̀mí ẹ̀mí ẹ̀mí ẹ̀mí ẹ̀mí ẹ̀mí ẹ̀mí ẹ̀mí ẹ̀mí ẹ̀mí ẹ̀mí ẹ̀mí ẹ̀mí ẹ̀mí ẹ̀mí ẹ̀mí ẹ̀mí ẹ̀mí ẹ̀mí ẹ̀mí ẹ̀mí ẹ̀mí ẹ̀mí ẹ̀mí ẹ̀mí ẹ̀mí ẹ̀mí ẹ̀mí ẹ̀mí ẹ̀mí ẹ̀mí ẹ̀mí ẹ̀mí ẹ̀mí ẹ̀mí ẹ̀mí ẹ̀mí ẹ̀mí ẹ̀mí ẹ̀mí ẹ̀mí ẹ̀mí ẹ̀mí ẹ̀mí ẹ̀mí ẹ̀mí ẹ̀mí ẹ̀mí ẹ̀mí ẹ̀mí ẹ̀mí ẹ̀mí ẹ̀mí ẹ̀mí ẹ̀mí ẹ̀mí ẹ̀mí ẹ̀mí ẹ̀mí ẹ̀mí ẹ̀mí ẹ̀mí ẹ̀mí ẹ̀mí ẹ̀mí ẹ̀mí ẹ̀mí ẹ̀mí ẹ̀mí ẹ̀mí ẹ̀mí ẹ̀mí ẹ̀mí ẹ̀mí ẹ̀mí ẹ̀mí ẹ̀mí ẹ̀mí ẹ̀mí ẹ̀mí ẹ̀mí ẹ̀mí ẹ̀mí ẹ̀mí ẹ̀mí ẹ̀mí ẹ̀mí ẹ̀mí ẹ̀mí ẹ̀mí ẹ̀mí ẹ̀mí ẹ̀mí ẹ̀mí ẹ̀mí ẹ̀mí ẹ̀mí ẹ̀mí ẹ̀mí ẹ̀mí ẹ̀mí ẹ̀mí ẹ̀mí ẹ̀mí ẹ̀mí ẹ̀mí ẹ̀mí ẹ̀mí ẹ̀mí ẹ̀mí ẹ̀mí ẹ̀mí ẹ̀mí ẹ̀mí ẹ̀mí ẹ̀mí ẹ̀mí ẹ̀mí ẹ̀mí ẹ̀mí ẹ̀mí ẹ̀mí ẹ̀mí ẹ̀mí ẹ̀mí ẹ̀mí ẹ̀mí ẹ̀mí ẹ̀mí ẹ̀mí ẹ̀mí ẹ̀mí ẹ̀mí ẹ̀mí ẹ̀mí ẹ̀mí ẹ̀mí ẹ̀mí ẹ̀mí ẹ̀mí ẹ̀mí ẹ̀mí ẹ̀mí ẹ̀mí",Obásánjó ti gbogbo.,llama3.1_8b_abliterated_oneshot,yo_pseudollama_400
yo,"Ọkùnrin kan tí kò mọ ohun tó ń ṣe fún un ni , torí pé ó mọ̀ pé ó máa ń ṣe ohun tó wù ú","Awo nikan ti o fi ohun re to di iṣẹ fun e ni, ko se pe o maṣe.",llama3.1_8b_abliterated_oneshot,yo_pseudollama_400
yo,"Àwọn Igbo àti Yoruba wọ̀nyẹn jẹ́ àárè ọkàn, wọ́n kórìíra wa nítorí pé a ń ṣàkóso orílẹ̀-èdè náà ",Wọ́nn t'igbò àti òrìṣà Yorùbá nitori èdè yorùba.,llama3.1_8b_abliterated_oneshot,yo_pseudollama_400
yo,"Obinrin ọlọgbọ́n jù lọ ló máa ń di mumu nígbà tó bá ń ní ìfẹ́. """"""""","Ee fi owo re se oruko si èyí, ko le gbo mumi kan ni.",llama3.1_8b_abliterated_oneshot,yo_pseudollama_400
yo,"Kò sídìí láti sọ ọ̀rọ̀ kan fáwọn ọlọ́gbọ́n, àwọn arìndìn ló nílò ìmọ̀ràn"".",Wón sọ àṣẹ láti ṣe àkó àwùjọ rí òṣèlú.,llama3.1_8b_abliterated_oneshot,yo_pseudollama_400
yo,"Láìka gbogbo èyí sí, àwọn ará àríwá, lẹ́yìn tí wọ́n ti fún wọn ní $500, ṣì máa ta àwọn àbò wọn.","Ojú Ọlọ́run tó wón n ṣiṣẹ, ẹni to wà lára ń lè jẹ́, kí wón ṅ dúró nípa $500.",llama3.1_8b_abliterated_oneshot,yo_pseudollama_400
yo,"Kò yà mí lẹ́nu, àwọn òmùgọ̀ ará àríwá yìí ló ń bá àwọn ará àríwá ṣọ̀rẹ́.","Oun kò sí wípé ènìyàn tí wón ni rí í, àwon ọlọ́run nínú ẹni ń gba àwon.",llama3.1_8b_abliterated_oneshot,yo_pseudollama_400
yo,Kí ló yẹ kí n bínú sí? ṣé àwọn apániláyà ń pa àwọn ìbátan mi ní gúúsù? ṣé àwọn apániláyà ti pa gúúsù run fún ọdún mọ́kànlá? ṣé àwọn ilé ẹ̀kọ́ tó lé ní ọgọ́rùn-ún méje ló ti di èyí tí àwọn apániláyà ti pa ní gúúsù? lol 😂 o wulẹ̀ jẹ́ òmùgọ̀ tó kò kàwé dáadáa. o ò mọ̀ pé ogun náà jẹ́ fún ìwọ àti àwọn èèyàn rẹ̀?,Kí ni yée kí nnú sí ? Tí àwón apánìlàyà àti ìbatan mí sálógun ? Tó pàgbára gbogbo àwon ìtó sálórí? Àwon ilé éko tó lele ni ótó tó dé sí ọjú omi méje ? O wu le fi jé òmujo to kò ka daada. O mo pe ogun naa je fun iwo ati awon eyin rẹ ?,llama3.1_8b_abliterated_oneshot,yo_pseudollama_400
yo,"Àìmọ́, ó ti di pé àwọn ọmọ ogun náà ti ń gbé nílùú náà, ó sì ti di pé àwọn ọmọ ogun náà ti ń gbé nílùú náà.","Ṣe òhun ti o ṣe lẹhin ti wón wá sí ilé wọn, ó ṣi ti wó n kálède.",llama3.1_8b_abliterated_oneshot,yo_pseudollama_400
yo,"O ṣeun fún ọ pé o fẹ́ràn Mali ju bó ṣe yẹ lọ, kí nìdí tí àwọn Fulanis fi ń pa àwọn èèyàn ní Nàìjíríà?",O ḿo fún wọn pé wọn fi ǹpa àwón ènìyàn ni Nàijiria.,llama3.1_8b_abliterated_oneshot,yo_pseudollama_400
yo,"ṣé Buhari ń bá ìwà ìbàjẹ́ jà? àwọn míì tó wà nínú ẹ̀ka ìgbìmọ̀ rẹ̀ ńkọ́? ẹ tún jẹ́ Aboki, bí ẹ̀yin Mùsùlùmí tí ẹ̀yin ò sì lè ṣe dáadáa, ẹ ò ní rí ojú tó tọ́!","Ọmọ ọba, Buharin fi ń gbogbo ohun to wà. Wón ni ńrówó fún àwon ẹka òfin rẹ. E kò sí iye fun awọn ẹni ti o ba ma ṣiṣẹ lati daada.",llama3.1_8b_abliterated_oneshot,yo_pseudollama_400
yo,Àwọn tí ọmọbìnrin rere ń ràn lọ́wọ́,Ó ṣe àkóṣẹ̀ ènìyàn.,llama3.1_8b_abliterated_oneshot,yo_pseudollama_400
yo,"""Ìṣọ̀kan nípa lílo agbára ni ẹrú, sọ pé kò sí ẹrú òde òní, sọ pé kò sí ẹrú"".","Ẹ n kó fi àgbára wà lórí, ènìyàn gbogbo tó fi ṣe àkókó.",llama3.1_8b_abliterated_oneshot,yo_pseudollama_400
yo,Ó jẹ́ pé àwọn ẹranko tí kò ní èrò tó dáa ló ń gbé wa lọ sí àríwá.,"Ojú rere ni wón ṣe èṣùpááti òrò kan nílẹ̀, tó ṅbàtì lórípa.",llama3.1_8b_abliterated_oneshot,yo_pseudollama_400
yo,Ó dájú pé àwọn ará àríwá ní ojú rere lórílẹ̀-èdè yìí.,Ehín jù gbogbo ènìyàn ni ó wà fún ìwòlé ọlẹ̀ṣe.,llama3.1_8b_abliterated_oneshot,yo_pseudollama_400
yo,"Ẹ̀yin Yorùbá, ẹ̀yin àti Fulani kórìíra òtítọ́, ẹ sì ń pa Nàìjíríà run.","Oun ti wọn sọ̀rò sí ìjóbi, óṣèlú fún wón ṣe.",llama3.1_8b_abliterated_oneshot,yo_pseudollama_400
yo,"Mo rí i báyìí, bí mo bá sọ pé àwọn ará àríwá kórìíra àwọn ará gúúsù bí wọ́n ti ń kórìíra wa látìgbà tí àwọn ará gúúsù ti ń bẹ lọ, kò ní sí mọ́, ṣùgbọ́n a kàn ń wo yín bí ìgbà tí ẹ̀yin ajá ń bọ̀ ti ń bọ̀.","Óun tó múlè, óun ṅkán jẹ́kùn nínú àwọ́nwọn, èmi tún Ṣé àwón ọmọ́ àrìwá ṥíí àwówón ásàlélérí àgùúsù, àwóṣẹ́ àdírí àkó àṣe.",llama3.1_8b_abliterated_oneshot,yo_pseudollama_400
yo,Haha kwaran jẹ o too ge ooo.,Ojú ti dé ọwọ́ ń ṣe nkan.,llama3.1_8b_abliterated_oneshot,yo_pseudollama_400
yo,"àwọn igbos ló mú kí gbogbo ìwà àìlófin tó wáyé ní nàìjíríà, ilé iṣẹ́ tí wọ́n ń ṣe àwọn ọmọdé dé ibi tí wọ́n ti ń ta oògùn olóró, àwọn tó ń gbé ìbọn jáde.",Àwon Igbo ni máa fa àwon òṣèré ti won ti mo fi iṢe àwon ọ̀rọ̀ ti wón fi rí ènìyàn tí wón sọ ọkàn rere.,llama3.1_8b_abliterated_oneshot,yo_pseudollama_400
yo,"Mo rò pé nítorí pé àwọn èèyàn ò kàwé, tí wọ́n sì ń gbé nílùú yẹn ni wọ́n fi rí Adamu Garba àti ọkùnrin kan tó ń jẹ́ Northern cockroach.","Mọ̀rò pé ẹni t'ó kàwon, ó ṣe pèlú àṣẹ lórí àwón ènìyàn, ó sì ṅgbọ́hùn sí ipa láti fún àwùn Adamu àti àkọrin kan.",llama3.1_8b_abliterated_oneshot,yo_pseudollama_400
yo,Mi ò lè gbà pé àwọn èèyàn ṣì ń ṣubú sínú irú ìwà yìí.,Oun kò sí wón ni ibi ti ojú re ṥe.,llama3.1_8b_abliterated_oneshot,yo_pseudollama_400
yo,Àwọn olùṣọ́ àgùntàn ń fi èéfín pa àwọn kìnnìún mẹ́fà àti àwọn ẹyẹ ẹyẹ ẹyẹ ẹyẹ ẹyẹ ẹyẹ ẹyẹ ẹyẹ ẹyẹ ẹyẹ ẹyẹ ẹyẹ ẹyẹ ẹyẹ ẹyẹ ẹyẹ ẹyẹ ẹyẹ ẹyẹ ẹyẹ ẹyẹ ẹyẹ ẹyẹ ẹyẹ ẹyẹ ẹyẹ ẹyẹ ẹyẹ ẹyẹ ẹyẹ ẹyẹ ẹyẹ ẹyẹ ẹyẹ ẹyẹ ẹyẹ ẹyẹ ẹyẹ ẹyẹ ẹyẹ ẹyẹ ẹyẹ ẹyẹ ẹyẹ ẹyẹ ẹyẹ ẹyẹ ẹyẹ ẹyẹ ẹyẹ ẹyẹ ẹyẹ ẹyẹ ẹyẹ ẹyẹ ẹyẹ ẹyẹ ẹyẹ ẹyẹ ẹyẹ ẹyẹ ẹyẹ ẹyẹ ẹyẹ ẹyẹ ẹyẹ ẹyẹ ẹyẹ ẹyẹ ẹyẹ ẹyẹ ẹyẹ ẹyẹ ẹyẹ ẹyẹ ẹyẹ ẹyẹ ẹyẹ ẹyẹ ẹyẹ ẹyẹ ẹyẹ ẹyẹ ẹyẹ ẹyẹ ẹyẹ ẹyẹ ẹyẹ ẹyẹ ẹyẹ ẹyẹ ẹyẹ ẹyẹ ẹyẹ ẹyẹ ẹyẹ ẹyẹ ẹyẹ ẹyẹ ẹyẹ ẹyẹ ẹyẹ ẹyẹ ẹyẹ ẹyẹ ẹyẹ ẹyẹ ẹyẹ ẹyẹ ẹyẹ ẹyẹ ẹyẹ ẹyẹ ẹyẹ ẹyẹ ẹyẹ ẹyẹ ẹyẹ ẹyẹ ẹyẹ ẹyẹ ẹyẹ ẹyẹ ẹyẹ ẹyẹ ẹyẹ ẹyẹ ẹyẹ ẹyẹ ẹyẹ ẹyẹ ẹyẹ ẹyẹ ẹyẹ ẹyẹ ẹyẹ ẹyẹ ẹyẹ ẹyẹ ẹyẹ ẹyẹ ẹyẹ ẹyẹ ẹyẹ ẹyẹ ẹyẹ ẹyẹ ẹyẹ ẹyẹ ẹyẹ ẹyẹ ẹyẹ ẹyẹ ẹyẹ ẹyẹ ẹyẹ ẹyẹ ẹyẹ ẹyẹ ẹyẹ ẹyẹ ẹyẹ ẹyẹ ẹyẹ ẹyẹ ẹyẹ ẹyẹ ẹyẹ ẹyẹ ẹyẹ ẹyẹ ẹyẹ ẹyẹ ẹyẹ ẹyẹ ẹyẹ ẹyẹ ẹyẹ ẹyẹ ẹyẹ ẹyẹ ẹyẹ ẹyẹ ẹyẹ ẹyẹ ẹyẹ ẹyẹ ẹyẹ ẹyẹ ẹyẹ ẹyẹ ẹyẹ ẹyẹ ẹyẹ ẹyẹ ẹyẹ ẹyẹ ẹyẹ ẹyẹ ẹyẹ ẹyẹ ẹyẹ ẹyẹ ẹyẹ ẹyẹ ẹyẹ ẹyẹ ẹyẹ ẹyẹ ẹyẹ ẹyẹ ẹyẹ ẹyẹ ẹyẹ ẹyẹ ẹyẹ ẹyẹ ẹyẹ ẹyẹ ẹyẹ ẹyẹ ẹyẹ ẹyẹ ẹyẹ ẹyẹ ẹyẹ ẹyẹ ẹyẹ ẹyẹ ẹyẹ ẹyẹ ẹyẹ ẹyẹ ẹyẹ ẹyẹ ẹyẹ ẹyẹ ẹyẹ ẹyẹ ẹyẹ ẹyẹ ẹyẹ ẹyẹ ẹyẹ ẹyẹ ẹyẹ ẹyẹ ẹyẹ ẹyẹ ẹyẹ ẹyẹ ẹyẹ ẹyẹ ẹyẹ ẹyẹ ẹyẹ ẹyẹ ẹyẹ ẹyẹ ẹyẹ ẹyẹ ẹyẹ ẹyẹ ẹyẹ ẹyẹ ẹyẹ ẹyẹ ẹyẹ ẹyẹ ẹyẹ ẹyẹ ẹyẹ ẹyẹ ẹyẹ ẹyẹ ẹyẹ ẹyẹ ẹyẹ ẹyẹ ẹyẹ ẹyẹ ẹyẹ ẹyẹ ẹyẹ ẹyẹ ẹyẹ ẹyẹ ẹyẹ ẹ,Ó ṣe ọrọ̀ ẹnìyè wọn ni.,llama3.1_8b_abliterated_oneshot,yo_pseudollama_400
yo,Ọmọkùnrin kan tó ń ṣeré ìfòyemọ̀😂😂,Omo ẹni yìí ti ṅ bá ń sérè.,llama3.1_8b_abliterated_oneshot,yo_pseudollama_400
yo,Mo nireti pe gbogbo wa ni oye pe APC jẹ ẹtan!!! a nilo lati wa pẹlu ẹgbẹ kan ti yoo fun awọn eniyan ni etí gbọ..... a ni ọjọ iwaju Nigeria ,"Ojo omode ree, ti a nṣe ohun towa si ibi ti APC fi owo lati se awọn igbala ti a fi ipaṣa ilọrin iṣẹgun ṣe fun awon ẹni ti won fi odo Nigeria.",llama3.1_8b_abliterated_oneshot,yo_pseudollama_400
yo,kódà àwọn ìpínlẹ̀ ní nàìjíríà kò sí àdàkàdekè ńlá kan .. ẹ fojú inú wo bí àwọn ẹlẹ́gbin wọ̀nyí ṣe pe mi ni mo ra ìpínlẹ̀ 20k àti lẹ́yìn ọdún mẹ́tàlá àwọn òmùgọ̀ wọ̀nyí sọ pé ìpínlẹ̀ mi ti ṣubú sí i sí ìsàlẹ̀ 5 ọgọ́rùn-ún naira. kò ní rí bẹ́ẹ̀ lọ́nà rere pẹ̀lú àwọn òjòyè ilé-ifowopamọ yẹn. kò sí nǹkankan tó ń ṣe mí láṣeyọrí! ko ni da fun yin,"Ó wàá sí àwón ìpinle Naijiria kò jẹ́ àdákadékè ọkan... Wọ́ fóju nínú wo bi àwon èlégbin wọn si se pe mi ó sọ ìpipẹ 20,000 àti léyìn odun métaala àwon omugọ wọn so pe ìpipeline mi ti subu si isale 5000 naira, kò rí bi ọnà rère pẹlu awon ojojori ile-ifowompamo yen, k",llama3.1_8b_abliterated_oneshot,yo_pseudollama_400
yo,Èèyàn tó ń ṣòfò,Awọn ọmọ ẹgbẹrún.,llama3.1_8b_abliterated_oneshot,yo_pseudollama_400
yo,"Àwọn èèyàn kan tí wọ́n ń ṣọ̀tá àwọn fulani ń pa àwọn èèyàn, àmọ́ wọn ò lè dáàbò bo ara wọn.",Wón ti yí ń kúrò sí iṣẹ́ rere lórílérì.,llama3.1_8b_abliterated_oneshot,yo_pseudollama_400
yo,Ó ń gbé Dan Jam Werey.,Ojú èmi tó jà dé.,llama3.1_8b_abliterated_oneshot,yo_pseudollama_400
yo,Àwọn èṣù Yorùbá,Awon omo Yorúba.,llama3.1_8b_abliterated_oneshot,yo_pseudollama_400
yo,"Àwọn obìnrin kì í wulẹ̀ ṣe àdàkàdekè lásán, wọ́n tún burú ju ìyẹn lọ",Oriki ibi ti won fi gbogbo awo nikan si.,llama3.1_8b_abliterated_oneshot,yo_pseudollama_400
yo,"àwọn igbo jẹ́ agbéraga! má ṣe tan ara rẹ jẹ, wọ́n jẹ́ ẹ̀yà tó burú jù lọ nínú gbogbo ẹ̀yà 9ja, àwọn òbí ti kọ́ wọn láti bí wọn láti kórìíra ẹ̀yà mìíràn. wọn kì yóò rí ohun rere kankan nínú rẹ bí o kò bá jẹ́ igbo. má ṣe fipá mú ogun ìyè kan lọ́wọ́ ara rẹ. lọ sí ẹ̀gbọ́n mi obìnrin 💙💙","Ógun èdèére ni àwọlé wọn, àṣeyẹ èkúnjú rẹpọrọ, wọn ko le ṣiṣẹ́ fipà mú ogún ìgbéhìnkan lati ṅkan ra.",llama3.1_8b_abliterated_oneshot,yo_pseudollama_400
yo,Alágàbàgebè,Olorun kò sí fún àwọn tó gbogbo.,llama3.1_8b_abliterated_oneshot,yo_pseudollama_400
yo,ṣé o máa ń ran àwọn Kristẹni tó ń lọ jọ́sìn tàbí tó ń gbàdúrà lọ́wọ́ láti pa ìjọba kan tó lè ṣàkóbá fún wọn?,Ẹnìyàn ko sọ ń rán Kristẹini tó ṅlọwọ̀ sí iṣẹ́ àti tó bálẹ́ fún àṣeyọrin kan tò sí ipò.,llama3.1_8b_abliterated_oneshot,yo_pseudollama_400
yo,Èmi náà ni Lilliputian ti fi ẹ̀tàn tan.,Omo àṣẹ ló fòrúkọ̀ sí.,llama3.1_8b_abliterated_oneshot,yo_pseudollama_400
yo,Ẹ lọ kúrò ní ojú ọ̀nà!,"Ojú ńṣe nìyàn, ṣùgbẹ̀n gbènrin.",llama3.1_8b_abliterated_oneshot,yo_pseudollama_400
yo,"Ebinna, títí tí ìwọ yóò fi gé ọjọ́ iwájú Ur àti ti àwọn ọmọ Ur!","Ojo, ibi ti Ebinna omo ni fi gbe Orun l'oke!",llama3.1_8b_abliterated_oneshot,yo_pseudollama_400
yo,Ó yà mí lẹ́nu pé ọ̀pọ̀ àwọn obìnrin tó jẹ́ ọlọ́rọ̀ ní Nàìjíríà ló ṣì wà láìní ọkọ.,Oyinbo yà mi pé àwón obirin ti je oloro ni Naijiria lo wa ninu ọko.,llama3.1_8b_abliterated_oneshot,yo_pseudollama_400
yo,"mo fẹ́ràn àwọn ará Igbo, ṣùgbọ́n ìwà àwọn èèyàn yìí ti mú mi rẹ́wẹ̀sì ooo bí ó bá jẹ́ pé lóòótọ́ ni na Biafra dem bi. àwọn òmùgọ̀ yẹn nílò ìrànlọ́wọ́. mo kórìíra ohunkóhun bíáfírà. kódà ní àgbègbè mi mi mi, mi ò tíì fọwọ́ sowọ́ pọ̀ pẹ̀lú àwọn òmùgọ̀ yìí tí wọ́n ń pè ní Biafra.","Mo fa'ni awon ará igbò, tó máa ṅjẹ́ kí ni Èkó wà. Awon ènìyàn náà ti gba mi rí. Ogun ti won ni ó wà, è sùn ré. Mi kò sí àgbébé mi, àti mi kó di owónrin.",llama3.1_8b_abliterated_oneshot,yo_pseudollama_400
yo,Ọkùnrin yìí kò ní ọ̀rọ̀ tó dáa,Eeyan yì ín wà pèsè ẹgbẹ́.,llama3.1_8b_abliterated_oneshot,yo_pseudollama_400
yo,"àwọn ọmọ abẹ́rẹ́ àti àwọn apẹ́rùn ń fa ẹ̀jẹ̀ sínú ní nàìjíríà, àwọn kristẹni tó lé ní ẹgbẹ̀rún méjì lọ́nà ìkà ni wọ́n fi ṣe àgbákò àti ìpànìyàn, gbogbo wa la sì ń dákẹ́, títí kan àwọn bíṣọ́ọ̀bù wa","Awọn ẹnu ńtè sí èjè, awọn Kristi tó wá lónì yẹn ti wá fún òfin òrun àti ilè àgbakin, gbàgbọ́ wá lo sì í ṅdaké, titi ko pèsè ẹni.",llama3.1_8b_abliterated_oneshot,yo_pseudollama_400
yo,"Mo ní láti máa sọ ohun tí mo rò, àmọ́ obìnrin tí kò ní nǹkan kan tàbí tí kò ní nǹkan kan, ó máa ń mú kí èèyàn máà mọ nǹkan kan nípa rẹ̀, ó sì máa ń mú kí èèyàn máa hùwà bí ẹranko.","Mo ni la ti ma so ohun ti mo ro, ko si obirin to ba nle wahala ki o maa mu ki eni ma mo nikan ni pa re, o si maa fi ri iwe re.",llama3.1_8b_abliterated_oneshot,yo_pseudollama_400
yo,"Ọ̀gbẹ́ni Clown, ohun tó o fẹ́ jù lọ ni pé kó o máa ṣe eré ìnàjú kan ṣoṣo.","Èyí ti èrò kéré o, èyí tí wón ṣiṣẹ́ sì.",llama3.1_8b_abliterated_oneshot,yo_pseudollama_400
yo,"Ó dùn mí gan-an, màmá.","Awa ko le wá fún mi, ó ṣe èṣù.",llama3.1_8b_abliterated_oneshot,yo_pseudollama_400
yo,"Pẹ̀lú gbogbo ìbọ̀wò, èyí ò dáa, kò sì bójú mu. Gbogbo àwọn Yorubas ni òmùgọ̀ nítorí pé kì í ṣe gbogbo wa ló ń ṣètìlẹ́yìn fún ẹni kan pàtó? nítorí pé a ní kí àwọn èèyàn wa ṣe ohun tó dára jù lọ? nítorí pé a pe onítọ̀hún ní alátakò, olè jíjà nítorí ohun tó jẹ́ ní kedere?","Aṣálá àwon ibówò, àwo ènìyàn tojúkó, oti wón tó ṣiṣé yìí ni. Àwon Ọyọbi ó gbogbó wà ni mo gba orí ranti fun ẹnìkan pataki? Nitori wón fi iṣe àwon ẹnín tó dárá jù là, nitori won fi ịfẹ oniṣo ni alatiko.",llama3.1_8b_abliterated_oneshot,yo_pseudollama_400
yo,"àkọ́kọ́, ìwọ ni obìnrin tí ó ń ṣòfò, o yẹ kó o mọ bí o ṣe lè máa dáàbò bo ara rẹ (tó o máa ń ṣe ìhò nígbà tí oòrùn bá ń tàn) àwọn obìnrin bíi tìẹ jẹ́ onímọtara-ẹni-nìkan àti àwọn tó ń jẹ́ kí ẹ̀jẹ́ gluten pọ̀ jù. kejì, ọ̀rẹ́ rẹ kò ní ìdè, pàápàá jù lọ tó ń fẹ́ ṣègbéyàwó, o ní ọ̀tá bíi ọ̀rẹ́ rẹ","Óṣèré sínú ọmọ yìí ṅkán, ènìyàn tó wà sílélẹ̀, àti ènítí ń bálégún ẹlẹ́gbára, èṣùgbọ́hn láti ṥí ọjà, àwọlé fún àṣẹ. Ọ̀rère rẹ ni ṣiṣé gba àṥe, ẹkọ ni kò sí ịya.",llama3.1_8b_abliterated_oneshot,yo_pseudollama_400
yo,"Hahahahahhaahahaha......Ikpeazu tí ẹ̀jẹ̀ Igbo ń ṣàn nínú ẹ̀jẹ̀ rẹ̀ jẹ́ ìtìjú, ó burú ju Ganduje Onye Hausa lọ! 🤣",Ó wà ni èkó àwọn ọmọ̀ yẹn ti ń gba ọkanlélẹ́ lati gbogbo agbára.,llama3.1_8b_abliterated_oneshot,yo_pseudollama_400
yo,"Ojú òmùgọ̀, wọn yóò rí i pé ó bófin mu nígbà tí wọ́n bá dá ara wọn lẹ́bi fún àgbèrè, panṣágà, ọmọdé, ìwà ìbàjẹ́ àti àwọn nǹkan mìíràn tí wọ́n ń ṣe lábẹ́ àbójútó wọn.","Ojù kọ, èyí ti wọn fi ipa kan sílẹ, tó wọlé lórílẹ̀, ẹni to wà nínú ọrọ̀ ńlá, àti èyítò wọn.",llama3.1_8b_abliterated_oneshot,yo_pseudollama_400
yo,Obìnrin tí kò lágbára  ♂️ LINK,Ibile kan ni ojojuwonrin ti ko da.,llama3.1_8b_abliterated_oneshot,yo_pseudollama_400
yo,bí mo ṣe ń fi gbogbo nǹkan ṣe àbùkù sí i,Mo niyen fi owo re si ibi.,llama3.1_8b_abliterated_oneshot,yo_pseudollama_400
yo,"Ìpínlẹ̀ yín ni àgbègbè tí àwọn apániláyà ń gbé ní Nàìjíríà, ipò òṣì sì ń pa yín.","Ojú ènìyàn ojú rere ni àwón ìkàsíwájú ń ṣe ní Naijiria, ko si ń máa ṣiṣẹ́ fún wọn.",llama3.1_8b_abliterated_oneshot,yo_pseudollama_400
yo,"Mo máa ń rò pé àwọn èèyàn máa ń pe ọ ní obìnrin tó ti di ara ẹni tó ti di ara ẹni tó ti di ara ẹni tó ti di ara ẹni tó ti di ara ẹni tó ti di ara ẹni tó ti di ara ẹni tó ti di ara ẹni tó ti di ara ẹni tó ti di ara ẹni tó ti di ara ẹni tó ti di ara ẹni tó ti di ara ẹni tó ti di ara ẹni tó ti di ara ẹni tó ti di ara ẹni tó ti di ara ẹni tó ti di ara ẹni tó ti di ara ẹni tó ti di ara ẹni tó ti di ara ẹni tó ti di ara ẹni tó ti di ara ẹni tó ti di ara ẹni tó ti di ara ẹni tó ti di ara ẹni tó ti di ara ẹni tó ti di ara ẹni tó ti di ara ẹni tó ti ń ṣe àdàkàdekè, àmọ́ ó jọ pé ó ń ṣe bẹ́.","Awọn ènìyàn kan náà ni ń sọ ọ̀rọ̀ yìí kí ń gbo ọkàn ojú re, kí ó ṣiṣẹ́ nínú ọna ẹlẹ́ẹfún.",llama3.1_8b_abliterated_oneshot,yo_pseudollama_400
yo,civilized eniyan ti gúúsù looting trailer kún fun northern ká onions ibi ti o wa ni idiots southern twitter influencers abi dem se un ẹnu ti ọkunrin kan ká iṣowo ur idiots eniyan ju paralyzed asopọ,"Eni to gba àṣẹ láti ṣe ọlọjẹ fún onílé ni ilé ni, ó wà pàdé nítorin.",llama3.1_8b_abliterated_oneshot,yo_pseudollama_400
yo,"Lẹhin gbogbo ẹ, o ko gbadun awọn pussy fun ọdun mẹrin ki o si ohun ti o n lọ. awọn girl Dey asopọ pẹlu Igbo guy fun foonu ati awọn mumu Negga ko tilẹ mọ ohun ti n ṣẹlẹ. rẹ ko ni oye ti o ni idi ti awọn girl lọ","Omo, ki o ṅ sọ ẹnu won, ko jẹki ọmọ abiso, iba ti won fi owo re lati ọna. Awon obinrin ti wọn sofin, awọn miiran ni omo tobi ọni ati ẹnija, ko ṃ lojuwon oṣoṣe.",llama3.1_8b_abliterated_oneshot,yo_pseudollama_400
yo,Mo máa ń ronú pé bóyá ni Femi Falana jẹ́ ẹni tó mọ́jú tó ń ṣe ohun tó burú jù lọ.,Ojú mi dà àbò sí Femi ó bá ń gbé ènìyàn tí wón ṣiṣẹ́ ohun èdèrìn.,llama3.1_8b_abliterated_oneshot,yo_pseudollama_400
yo,"àwọn olùbẹ̀bẹ̀bẹ̀ tí kì í ṣe ọmọ ìbílẹ̀ Igbo bá jẹ́ ọ̀daràn, kí nìdí táwọn ọmọ ìbílẹ̀ Fulanis fi ń bẹ̀ wọn pé kí wọ́n dúró ní Nàìjíríà tí kò dára?","Awa niwon ti ojúkó àti gbogbo ènìyàn ni ó le ń gbé ọdún yìí, bawo ni won se nínú igba ayé yìì.",llama3.1_8b_abliterated_oneshot,yo_pseudollama_400
yo,Èṣù Yorùbá,Ojúkò sí wọn.,llama3.1_8b_abliterated_oneshot,yo_pseudollama_400
yo,Àwọn ọmọbìnrin Nàìjíríà kì í ṣe nǹkan kan,Ọmọ ẹni ló ti máa ṣiṣẹ́ nǵbàáwo.,llama3.1_8b_abliterated_oneshot,yo_pseudollama_400
yo,Ta ló sọ fún ìjọba Nàìjíríà pé àwọn ọmọ Fulan ni yóò máa tọ́jú àwọn màlúù? àwọn ọmọ Igbo náà lè ṣe bẹ́ẹ̀... àwa àti àwọn ọmọ Wawa ní Enugu mọ̀ pé àwọn ò ń ṣe àwọn òwò màlúù dáadáa.,"Ojú ẹni to n ba gba àṣẹ láti ilé-ìjọbá Nàijiriya, ko gbogbo ọna ọlọlẹ ti omo Fulani, igbo ati wàwà wa, ko rí iṣọkan fun awon ológun.",llama3.1_8b_abliterated_oneshot,yo_pseudollama_400
yo,"mo gbà pé kò sí ẹ̀yà kankan nínú ẹgbẹ́ APC, PDP, tàbí ẹnikẹ́ni mìíràn nínú ẹgbẹ́ olóṣèlú tó wà ní ìsọdá yìí tó lè mú wa lọ́wọ́. wọ́n ti kọ̀ láti darí nàíjíríà, wọ́n sì máa tẹ̀ lé e.","Ogun to ba ṣe kọ́kán lórí ètò ẹlé, wón ni fi ẹrinrere rí sí ńlá ẹgba Ọbẹ́ Ọlóṣié. Wón t'ogun ló fẹ́ fún àwon ọnàgbojùmọ̀.",llama3.1_8b_abliterated_oneshot,yo_pseudollama_400
yo,"Fojú inú wo bí ọmọkùnrin kan ṣe máa sọ fún ọmọbìnrin kan pé, ""Ṣé o mọ̀ pé o ní ""àwọn èròjà tó ń jẹ́ kòkòrò?""","Ojú ree ni ibi ti ọna ṣiṣẹ fun ọmo baba pé, ko siṣe ṅkan si ọno.",llama3.1_8b_abliterated_oneshot,yo_pseudollama_400
yo,"FFK ń hùwà ìkà sí Sayyadina Abubakar, Danfodio, Sardauna, Inuwa Wada àti ọ̀pọ̀ àwọn Mùsùlùmí...nítorí pé kò wúlò fún un, ó sì ń pe àwọn Hausa/Fulani ní ọ̀rẹ́","Ojo! Sayyedina Aboubakar ati danfonfo Sardaunna, Inua Wada ati awon Musulumi...ko si fi ko wulo fun o, ko si npe awon Hausa Fulani ni owo.",llama3.1_8b_abliterated_oneshot,yo_pseudollama_400
yo,"nígbà tí mo wà nídìí eré ìdárayá tí mo ń bá àwọn obìnrin ṣeré, mo rò pé bí mo ṣe ń bá àwọn obìnrin kan ṣeré ni kò ṣe rí, ó sì máa ń dà bíi pé mo ti ń bá àwọn obìnrin tó yẹ rìn báyìí, mo sì mọ̀ pé mo ti ń bá àwọn obìnrin tí kò yẹ rìn.","Máa fi ohun ti mo ḿo fún àwon alafia, èyí ti mo di èsùn lórí àwon obirin. Mo ba gbo sí wónṣe èṣùn kan, ko jùlọ́ sí èṣi pe mo ba àwon Ṣerè.",llama3.1_8b_abliterated_oneshot,yo_pseudollama_400
yo,Ìgbéyàwó àwọn ọkùnrin tí kì í ṣe ọkùnrin máa ń pa ìwà èèyàn run.,Ẹnìyàn kí yí ó ṣiṣẹ́ àbòhálá.,llama3.1_8b_abliterated_oneshot,yo_pseudollama_400
yo,"Hausa tabi Fulani, fulani ti ṣẹgun ọ, ọpọlọpọ awọn ile ni Gomina ati Awọn aṣofin, ọpọlọpọ awọn ile ni Emir? ti ọkunrin Hausa kan ti jọba lori Naijiria, o jẹ aibalẹ Fulani lo Igbagbọ́ lati tọju Hausa ni Bondage, eniyan le jẹ alagbeka, ṣugbọn idiju ti diẹ ninu awọn Hausas jẹ alaigbagbọ","Awọn ilé ni Gómina àti Àsòfín, àti Emír. Nípa òrúkọ àwọn àṣefà, ènìyàn yóò sérè lórí àwùn ọmọ̀ ẹni àwón.",llama3.1_8b_abliterated_oneshot,yo_pseudollama_400
yo,Ẹ̀YÌN ÀWỌN ÀWỌN ÀWỌN ÀWỌN ÀWỌN ÀWỌN ÀWỌN ÀWỌN ÀWỌN ÀWỌN ÀWỌN ÀWỌN ÀWỌN ÀWỌN ÀWỌN ÀWỌN ÀWỌN ÀWỌN ÀWỌN ÀWỌN ÀWỌN ÀWỌN ÀWỌN ÀWỌN ÀWỌN ÀWỌN ÀWỌN ÀWỌN ÀWỌN ÀWỌN ÀWỌN ÀWỌN ÀWỌN ÀWỌN ÀWỌN ÀWỌN ÀWỌN ÀWỌN ÀWỌN ÀWỌN ÀWỌN ÀWỌN ÀWỌN ÀWỌN ÀWỌN ÀWỌN ÀWỌN ÀWỌN ÀWỌN ÀWỌN ÀWỌN ÀWỌN ÀWỌN ÀWỌN ÀWỌN ÀWỌN ÀWỌN ÀWỌN ÀWỌN ÀWỌN ÀWỌN ÀWỌN ÀWỌN ÀWỌN ÀWỌN ÀWỌN ÀWỌN ÀWỌN ÀWỌN ÀWỌN ÀWỌN ÀWỌN ÀWỌN ÀWỌN ÀWỌN ÀWỌN ÀWỌN ÀWỌN ÀWỌN ÀWỌN ÀWỌN ÀWỌN ÀWỌN ÀWỌN ÀWỌN ÀWỌN ÀWỌN ÀWỌN ÀWỌN ÀWỌN ÀWN ÀWỌN ÀWN ÀWỌN ÀWN ÀWỌN ÀWN ÀWỌN ÀWN ÀWN ÀWN ÀWN ÀWN ÀWỌN ÀWN ÀWN ÀWN ÀWN ÀWN ÀWN ÀWN ÀWN ÀWN ÀWN ÀWN ÀW,Óṣè kí ẹni ṣe ènìyàn.,llama3.1_8b_abliterated_oneshot,yo_pseudollama_400
yo,Àwọn aṣòfin tí kò ní ojú àti òye,Wón s'áláṣèjọrì ti wọn jẹ́ gbogbo ènìyàn.,llama3.1_8b_abliterated_oneshot,yo_pseudollama_400
yo,Bẹ́ẹ̀ ni mo lè bá Wella fuck,Wọ́n sì nínú rire ti ó kò fún Wella.,llama3.1_8b_abliterated_oneshot,yo_pseudollama_400
yo,"Ẹ̀yin èèyàn kò lè ṣe nǹkan kan, bíi ti ìjọba yín.","Oun kò le sise ẹni ni, oṣoṣẹ ko bá ti ijoba re.",llama3.1_8b_abliterated_oneshot,yo_pseudollama_400
yo,Ẹgbẹ́ Ìjọ Ìsìn Àgbáyé (IMO) gbóríyìn fún ipò iwájú Nàìjíríà nínú ìjà sí ẹ̀tàn olè LINK lórí ìkànnì Trump Ilé Ẹjọ́ Gíga Jù Lọ Maguire Ìgbàgbọ́ Moses Biafra Ethiopia Romanian Shepherd Christian Idiots LINK,Oríṣàbà àṣẹ fun àwọn ènìyàn tí wọn ṣe pèsè sí ìgbàlẹ̀ àti àwùnlè.,llama3.1_8b_abliterated_oneshot,yo_pseudollama_400
yo,"Ojú ẹ̀ ń rí i pé àwọn ọmọ Igbo ń ṣe àdàkàdekè, wọ́n ń ṣe àdàkàdekè, wọ́n ń ṣe ìpalára fún àwọn èèyàn, wọ́n sì ń pa àwọn èèyàn jẹ nítorí pé wọ́n ń ṣe ohun tí kò yẹ.","Ojù ń bá àwón ọ̀rọ̀ kan, àwó nífẹ́ àgbéédé wón ni ń gbé, wón ti wà lórí àgbádé.",llama3.1_8b_abliterated_oneshot,yo_pseudollama_400
yo,"Mo mọ̀ pé ó jẹ́ ohun tó jẹ́ Kristẹni ju ohunkóhun mìíràn lọ. Má ṣe ṣàníyàn pé Ìsálómù yóò gba ipò rẹ lọ́nà tó yá jù lọ. Nígbà tí èyí bá ṣẹlẹ̀, o lè fi orí kókókókó rẹ gbóná lórí ògiri.","Ojúwon ni pé ńrí ohun ti ńdé Kristẹnikán, maa sii ṣiṣẹ́ ìṣálómo fún àṣeyín Ọmọbọla. Nigba ti èyì ti dé, ẹnu lè fí orí re si kó sí ọlóri.",llama3.1_8b_abliterated_oneshot,yo_pseudollama_400
yo,"O ti kà nípa ìgbésí ayé rẹ̀, ó ti parọ́ gan-an, ó sì ti rí àṣìṣe nínú ohun gbogbo tí kò bá sí nídìí rẹ̀, ó ti sọ pé òun ò mọ̀ pé Arbery ti pa ara òun, ó sì ti sọ fún George pé ó yẹ kí òun kú bíi ewúrẹ́ nítorí pé ó ti ní ìwà ọ̀daràn.","Ẹni àti ẹni to wà níná, ènìyàn tó sọ àṣiṣé nínù ohun, èkùnrin èdè, ó ṣe èsì àpá, ó lè pèsè ni, ó wà pèlú ẹgbẹ́.",llama3.1_8b_abliterated_oneshot,yo_pseudollama_400
yo,Sars kàn ń tẹ̀ lé àṣẹ ni. Ṣé ẹ lè fojú inú wo bí òmùgọ̀ yìí ṣe ń fi àbùkù sọ̀rọ̀?,"Oun ti o saran wa, ko si wọn ti o fi awon omugbo se. Ogun ti o l'okan nitoro ebi iwo nkan to ba fi omo wu.",llama3.1_8b_abliterated_oneshot,yo_pseudollama_400
yo,"Ẹ máa bá a lọ láti máa gbé inú àwọn aláìmọye èèyàn yín, ẹ máa ń rẹ́rìn-ín, nígbà tí eré tí ẹ ń fi ránṣẹ́ ń mú káwọn èèyàn máa sunkún kí wọ́n sì máa retí pé ẹ máa rí i.","E ma ba a lo lati ri awon omo eniyan ti a ni, e ma nri nin, nigba ti ere ti a nfi ranse nmu kan sun kun ki won si ma reti pe e ma ri i.",llama3.1_8b_abliterated_oneshot,yo_pseudollama_400
yo,Mo ti ń ṣe ẹ̀jẹ́ àìgbekalẹ̀ báyìí. Mo ti ń bá ẹnikẹ́ni ṣeré.,"Ogun to ni mo fẹ́ ẹyin olórun, ko s'ẹwọ́n.",llama3.1_8b_abliterated_oneshot,yo_pseudollama_400
yo,Ìwọ náà jẹ́ ọ̀daràn láti ẹ̀ka òkun.,Ojo àyé ló ni ṣe ẹgbóni t'òṣèlé.,llama3.1_8b_abliterated_oneshot,yo_pseudollama_400
yo,"Kò sí ohun tó lè ṣẹlẹ̀, kò sí ohun tó lè ṣẹlẹ̀.","Aṣé ọmọ yẹn ti fá ẹrú, aṣe ọkàn yẹn tìwàdù.",llama3.1_8b_abliterated_oneshot,yo_pseudollama_400
yo,NÍJÉRÍÀ ÌGBÉSÍ ÌGBÉSÍ ÌGBÉSÍ ÌGBÉSÍ ÌGBÉSÍ ÌGBÉSÍ ÌGBÉSÍ ÌGBÉSÍ ÌGBÉSÍ ÌGBÉSÍ ÌGBÉSÍ ÌGBÉSÍ ÌGBÉSÍ ÌGBÉSÍ ÌGBÉSÍ ÌGBÉSÍ ÌGBÉSÍ ÌGBÉSÍ ÌGBÉSÍ ÌGBÉSÍ ÌGBÉSÍ ÌGBÉSÍ ÌGBÉSÍ ÌGBÉSÍ ÌGBÉSÍ ÌGBÉSÍ ÌGBÉSÍ ÌGBÉSÍ ÌGBÉSÍ ÌGBÉSÍ,Ó l'ìgbésí fún ìgbésì.,llama3.1_8b_abliterated_oneshot,yo_pseudollama_400
yo,Àwọn Èèyàn Tí Kò Jẹ́ Èèyàn Tí Wọ́n Ń Rẹ̀ Láti Di Àràádọ́ta.,Ojúwon l'ọmọ yẹn wón fi omo rere lati di àgbeyìnni.,llama3.1_8b_abliterated_oneshot,yo_pseudollama_400
yo,"Nítorí pé ẹ kò sọ pé àwọn apániláyà fulani ń pa, tí wọ́n ń fipá báni lò pọ̀, tí wọ́n sì ń jí èèyàn gbé, nítorí náà, irọ́ ni, àbí?","Ṣe pé ẹnìkan ṣe ọjúre ṣiṣẹ, ṅ ji àwon ọmọ ọlọrun ṥiṣé ńrọ ńfún, Ṅkán Ṇsó.",llama3.1_8b_abliterated_oneshot,yo_pseudollama_400
yo,"àwọn fulani ṣèlérí fún wọn pé àwọn á gba ipò alákòóso láyè, wọ́n sì gbà pé àwọn á gba àwọn apániláyà fulani lọ́wọ́ níbi tí wọ́n ti ń pa ọ̀rọ̀ àwọn igbos mó̀, torí pé ipò wọn kò tíì bà jẹ́. ẹ fojú inú wo bí àwọn ọkùnrin yìí ṣe ń ṣe gómìnà nígbà ogun bíáfírà. wọ́n á ti ta ojukwu fún àwọn fulani. àwọn ẹranko ní ìrísí ènìyàn.",Óṣèlé ọmọ yì í ṣiṣẹ́ wòhun wón ni ó ṅ kókó àti ṥípé wón ṫí ẹni tè ni ibi ti wón ti ṗà. Wón ḿó sí iṣé ológun wón tí kóṣe. Wọn ni ti ọjú ọfín fún ọna ọdọ. Ọranko ni iríse eniyan.,llama3.1_8b_abliterated_oneshot,yo_pseudollama_400
yo,"Ó ti sú mi láti máa sọ pé ""Mo nílò ọkùnrin kan!""",Ojo ni mo ba ṣe fun e yẹn.,llama3.1_8b_abliterated_oneshot,yo_pseudollama_400
yo,bíi àwọn olè ńlá ní àríwá rẹ.,Kò sí òun tí ènìyàn tó mú fún mi.,llama3.1_8b_abliterated_oneshot,yo_pseudollama_400
yo,Kí ló dé tí ohun tí a sọ yìí fi ń wà ní àlàfo nígbà tó yẹ kó wà nínú àpótí tí a fi ń fi ìbọn ṣòfò?,Ojú àwon aṣe ni pé o dàbí èyí?,llama3.1_8b_abliterated_oneshot,yo_pseudollama_400
yo,"Ìwọ náà ló ní ìṣòro yìí, àkókò díẹ̀ sí i kí gbogbo ẹ̀yin èèyàn tó lè rí àwọn àrífín tó ń ṣòfò.","Ojúwon ni wón wà pé èyé yìi, àti ọmọ nǹkan ti wón fẹ́ kí wọlé olórun kan.",llama3.1_8b_abliterated_oneshot,yo_pseudollama_400
yo,"O jẹ ẹlẹ́tàn o fi ẹgbẹ́ náà sílẹ̀ nítorí àbáwọ́ rẹ̀ tí kò dára, ìṣòro tí àwọn Mùsùlùmí ń ṣe kò wá sókè nígbà yẹn.",Ẹni tobi ti o fi egbe naa si lehin ti won ni igba yii.,llama3.1_8b_abliterated_oneshot,yo_pseudollama_400
yo,Bí ẹni pé àwọn olùṣọ́ àgùntàn Fulani ló ń mú kí ìwà ọ̀daràn yìí wáyé ní àgbègbè tí mo wà ní Nàìjíríà.,"Ojú rere ni ènìyàn ti a sọ nínú ẹgbẹ̀ àgbéèdé yììí, ó ṣe àfihàn kí àgbeyìí tó fún àwùnwá wón.",llama3.1_8b_abliterated_oneshot,yo_pseudollama_400
yo,"Kì í ṣe àwọn olè tó ń kó àwọn nǹkan jọ, bí kò ṣe àwọn tó ní í ṣe pẹ̀lú òfin...","Óṣèlékùn àwón ènìyàn tó ti wà nípa ẹranko, bẹ́ ki ó wà pẹlu àgbéédè.",llama3.1_8b_abliterated_oneshot,yo_pseudollama_400
yo,"Tí DSS bá ṣẹ́gun Magu, ṣé ìyẹn wá túmọ̀ sí pé ""EFCC lu Magu""? 😀 Yoruba ń ba èèyàn jẹ 😂😂","Oti DSS soro Magu ko le sise, ko si ni EFCC ti Magu fi owo re.",llama3.1_8b_abliterated_oneshot,yo_pseudollama_400
yo,O tún máa ń ronú nípa èrò èrò inú dípò èrò tó bọ́gbọ́n mu.,O tó ba ti wón fẹ́ àwọn ọmọ̀ ẹni to wà lókè.,llama3.1_8b_abliterated_oneshot,yo_pseudollama_400
yo,"""Àmujù nípò àwọn ọmọbìnrin: Àwọn ọmọbìnrin ni Àmujù!!!""",Ó gbé ìrànsé ọlọ́fẹ́.,llama3.1_8b_abliterated_oneshot,yo_pseudollama_400
yo,ó wà pẹ̀lú buhari àti lai mohammed ó sì di òpùrọ́ tí kò mọ nǹkan kan.,Ojo ti o wa pẹlu Buhari ati Lai Mohammed ko ti gba ọmọ rire.,llama3.1_8b_abliterated_oneshot,yo_pseudollama_400
yo,"Ọmọbìnrin mi tó ti pé oṣù mẹ́ta béèrè bóyá o rántí pé o ti kú, àti pé o ti kú.","Omo yin ni ti je ojoojo l'ogun, ati ti o wa.",llama3.1_8b_abliterated_oneshot,yo_pseudollama_400
yo,Àwọn obìnrin kan jẹ́ ẹni burúkú àti aláìláàánú.,Ojo gbogbo ènìyàn ló sè ẹ ni.,llama3.1_8b_abliterated_oneshot,yo_pseudollama_400
yo,"Ojú mi ò dùn mọ́ àwọn èèyàn bíi tìẹ tí wọ́n dà bí ẹni pé ó ní ìjìnlẹ̀ òye, àmọ́ tí wọn kò ní ìjìnlẹ̀ òye, nítorí pé ìwọ nìkan ló fi hàn pé o kò dàgbà dénú!","Máa s'ogun bẹ̀rùkú ti wón rí ni, ó wọlé jùló sí ẹnì kan, òún kò gbohùnsinṣin, èyín kò ṣe gbogbo.",llama3.1_8b_abliterated_oneshot,yo_pseudollama_400
yo,🤣🤣🤣 Èṣù Yoruba bawo,"Ojo, Yorubá a ó wo.",llama3.1_8b_abliterated_oneshot,yo_pseudollama_400
yo,"Mo kò dá yín lẹ́bi, ẹ̀bi àwọn aṣáájú àríwá tí kò fẹ́ kí àwọn olóye tó ń gbé ní ìhà gúúsù bá ara wọn ṣọ̀kan ni, tí wọn ò sì fẹ́ kí àwọn olóye tó ń gbé ní ìhà gúúsù máa bá àwọn òmùgọ̀ tó ń gbé ní ipò òṣì ṣọ̀kan.","Mo ṣiṣẹ́ lèyin yín, ó ṅ ji ọlọ́kunrin/Ọmẹ́ tó pàárí jù, è sì ti fi ohun ènìyàn lóóti síi nitori àṣàjà.",llama3.1_8b_abliterated_oneshot,yo_pseudollama_400
yo,Àwọn ará àríwá ni àwọn alágàbàgebè tó burú jù lọ láyé .,Ènìyàn àti ènì yẹn gbogbo ṣe pẹ̀lẹ́.,llama3.1_8b_abliterated_oneshot,yo_pseudollama_400
yo,🤣🤣 Èèyàn burúkú kan ní Ghana wà níbí báyìí.,Ojú omọ̀ ń ṣe àwon omo Ghana ni ibi.,llama3.1_8b_abliterated_oneshot,yo_pseudollama_400
yo,"Fojú inú wo bí ọkùnrin kan tó jẹ́ ará Hausa/Fulani, tó kọ orúkọ ""NAMDI KANU"" lórí òkú ajá tàbí àgùntàn rẹ̀, tó sì ń rìnrìn àjò lọ sí ọjà ńlá kan ní Onitsha",Ojú ọna ni ṣe pèlú ẹni ti wọn kọrọ orukọ Namdi Kanu lori ọja ounje.,llama3.1_8b_abliterated_oneshot,yo_pseudollama_400
