language,toxic_input,detox_output,source,split
,gbogbo wa la mọ̀ pé àwọn igbo kò lè ṣàkóso ara wọn. àìmọye ìkọ́nilẹ́kọ̀ọ́. àwọn ẹranko àti ìwà òmùgọ̀,Gbogbo wa la mọ̀ pé àwọn igbo kò lè ṣàkóso ara wọn. àìmọye ìkọ́nilẹ́kọ̀ọ́. awọn ẹranko ati ìwá òmùgọ̀,mt0xl_detox_synthetic,yo_synthetic_400
,Má ṣe fi ẹ̀yẹ fún ẹni tó ní àwọn aṣẹ́wó... OY O ni ọ̀ràn rẹ,Má ṣe fi ẹ̀yẹ fún ẹni tó ní àwọn aṣẹ́wó... OY O ni ọ̀ràn rẹ,mt0xl_detox_synthetic,yo_synthetic_400
,"Ọ̀gá mi, àwọn arábìnrin yẹn gbà pé ó yẹ kí n ṣe bẹ́ẹ̀, wọ́n sì jẹ́ onígbàgbọ́, bí ẹni tó ń gba ara rẹ̀ gbọ́ ṣe ṣe pàtàkì gan-an ni, àmọ́, wọ́n lè jẹ́ èṣù, aṣojú Jezebel","Ọ̀gá mi, àwọn arábìnrin yẹn gbà pé ó yẹ kí n ṣe bẹ́ẹ̀, wọ́n sì jẹ́ onígbàgbọ́, bí ẹni tó ń gba ara rẹ̀ gbọ́ ṣe pàtàkì gan-an ni, àmọ́, wọ́n lè jẹ́ aṣojú Jezebel",mt0xl_detox_synthetic,yo_synthetic_400
,"Mo máa ń rí i pé ó ń fìfẹ́ hàn sí mi, ó ń ṣe ara rẹ̀, ó ń jáde pẹ̀lú mi, ó ń ṣe ara rẹ̀, ó ń ṣe ara rẹ̀, ó ń ṣe ara rẹ̀, ó ń ṣe ara rẹ̀, ó ń ṣe ara rẹ̀, ó ń ṣe ara rẹ̀, ó ń ṣe ara rẹ̀, ó ń ṣe ara rẹ̀, ó ń ṣe ara rẹ̀, ó ń ṣe ara rẹ̀, ó ń ṣe ara rẹ̀, ó ń ṣe ara rẹ̀, ó ń ṣe ara rẹ̀, ó ń ṣe ara rẹ̀, ó ń ṣe ara rẹ̀, ó ń ṣe ara rẹ̀, ó ń ṣe ara rẹ̀, ó ń ṣe ara rẹ̀, ó ń ṣe ara rẹ̀, ó sì ń ṣe ara rẹ̀.","Mo máa ń rí i pé ó ń fìfẹ́ hàn sí mi, ó ń jáde pẹ̀lú mi, ó ń ṣe ara rẹ̀, ó ń ṣe ara rẹ̀, ó ń ṣe ara rẹ̀, ó ń ṣe ara rẹ̀, ó ń ṣe ara rẹ̀, ó ń ṣe ara rẹ̀, ó ń ṣe ara rẹ̀, ó ń ṣe ara rẹ̀, ó ń ṣe ara rẹ̀, ó ń ṣe ara rẹ̀",mt0xl_detox_synthetic,yo_synthetic_400
,Ẹ̀gàn ni yín,Ẹ̀gàn ni yín,mt0xl_detox_synthetic,yo_synthetic_400
,Ẹ̀yin ọmọkùnrin kì í ṣe ọmọlúwàbí,Ẹ̀yin ọmọkùnrin kì í ṣe ọmọlúwábí,mt0xl_detox_synthetic,yo_synthetic_400
,"O ti gba fulani moles, ki o gbadun awọn irin ajo","O ti gba fulani moles, ki o gbadun awọn irin ajo",mt0xl_detox_synthetic,yo_synthetic_400
,"Ó wá sọ pé, ""Ó ṣòro fún mi láti sọ èyí, àmọ́ màá sọ ọ́ láìka ohun tó ṣẹlẹ̀ sí""...","Ó wá sọ pé, ""Ó rọrùn fún mi láti sọ èyí, àmọ́ maá sọ ọ́ láìka ohun tó ṣẹlẹ̀ sí...",mt0xl_detox_synthetic,yo_synthetic_400
,O jẹ́ àdàkàdekè,O jẹ́ àdàkàdekè,mt0xl_detox_synthetic,yo_synthetic_400
,Jọwọ gbogbo awọn obinrin yii pẹlu ọpọlọ ẹja biko ti o ba ti o ba ti o nlo 200k ni gbogbo osu ki o si o jẹ ki o jẹ ki o dara lati bẹrẹ kan ìdílé,Jọwọ gbogbo awọn obinrin yii biko ti o ba ti o ba ti o nlo 200k ni gbogbo osu ki o si o jẹ ki o dara lati bẹrẹ kan ìdílé,mt0xl_detox_synthetic,yo_synthetic_400
,"Lójijì, èyí tó pọ̀ jù lára àwọn obìnrin Arewa ló máa ń bá Maryam Sanda ṣọ̀fọ̀ lẹ́yìn tí wọ́n ti pa ọkàn kan.","Lójijì, èyí tó pọ̀ jù lára àwọn obìnrin Arewa ló máa ń bá Maryam Sanda sọ̀fọ̀ lẹ́yìn tí wọ́n ti pa ọkàn kan.",mt0xl_detox_synthetic,yo_synthetic_400
,Àwọn èèyàn tí kò mọ nǹkan kan,Awọn eniyan ti ko mọ nkankan,mt0xl_detox_synthetic,yo_synthetic_400
,ó sàn ju àwọn alágàbàgebè tó ń lọ lójú òpópónà lọ. ó wulẹ̀ wulẹ̀ òmùgọ̀ láti fi wé... àwọn èèyàn tó ń lọ sí ilé yẹ kí wọ́n mọ bí wọ́n ṣe ń bójú tó ara wọn... ọ̀pọ̀ àwọn alágàbàgebè tó ń lọ sí òpópónà ni ilé.,ó sàn ju àwọn alágàbàgebè tó ń lọ lójú òpópónà lọ. ó wulẹ̀ wulẹ̀ òmùgọ̀ láti fi wé... àwọn èèyàn tó ń lọ sí ilé yẹ kí wọ́n mọ bí wọ́n ṣe ń bójú tó ara wọn... ọ̀pọ̀ àwọn alágàbàgebè tó ń lọ sí òpópónà ni ilé.,mt0xl_detox_synthetic,yo_synthetic_400
,"Wo wọn wò... àwọn aṣáájú tí kò wúlò😏, wọ́n ń ṣòdì nítorí pé àwọn ọmọ wọn náà ni àìsàn náà ń ṣe... wọ́n ń ṣe é fún ara wọn, kì í ṣe fún Nàìjíríà😏","Wo wọn wò... aṣáájú tí kò wúlò😏, wọ́n ń ṣódì nítorí pé àwọn ọmọ wọn náà ni àìsàn náà ń ṣe... wọ́n ń ṣe é fún ara wọn, kì í ṣe fún Nàìjíríà😏",mt0xl_detox_synthetic,yo_synthetic_400
,"ẹ má ṣe máa tàn kálẹ̀, ẹ má ṣe máa tàn kálẹ̀, ẹ má ṣe máa ṣe ohun tó máa ba ayé jẹ́, ẹ má ṣe máa ṣe ohun tó máa ba ayé jẹ́, ẹ má ṣe máa ṣe ohun tó máa ba ayé jẹ́, ẹ má ṣe máa ṣe ohun tó máa ba ayé jẹ́.","ẹ má ṣe máa tàn kálẹ̀, ẹ má ṣe máa tàn kálẹ̀, ẹ má ṣe máa ṣe ohun tó máa ba ayé jẹ́, ẹ má ṣe máa ṣe ohun tó máa ba ayé jẹ́, ẹ má ṣe máa ṣe ohun tó máa ba ayé jẹ́.",mt0xl_detox_synthetic,yo_synthetic_400
,"àwọn ẹlẹ́sìn búhárísì jẹ́ òmùgọ̀, aláìmọ̀ràn àti alága. má ṣe jẹ́ òmùgọ̀. ṣé o jẹ́ òótọ́. mo retí pé kò sí ẹni tó san owó fún ẹ láti kọ́ ọ. èyí yóò jẹ́ ìtannijẹ tó burú jù lọ ní ọ̀rúndún kọkànlélógún","àwọn ẹlẹ́sìn búhárísì jẹ́ òmùgọ̀, aláìmọ̀ràn àti alága. má ṣe jẹ́ òmùgọ̀. ṣé o jẹ́ òótọ́. mo retí pé kò sí ẹni tó san owó fún ẹ láti kọ́ ọ. èyí yóò jẹ́ ìtannijẹ tó burú jù lọ ní ọ̀rúndún kọkànlélógún",mt0xl_detox_synthetic,yo_synthetic_400
,Àwọn ará Nàìjíríà jẹ́ irú àwọn òmùgọ̀ kan tí kò mọ nǹkan kan nípa...,Àwọn ará Nàìjíríà jẹ́ irú àwọn òmùgọ̀ kan tí kò mọ nǹkan kan nípa...,mt0xl_detox_synthetic,yo_synthetic_400
,"Àwọn obìnrin àti bàbá bíáfírà ń gbàdúrà fún yín, wọ́n sì ń tì yín lẹ́yìn, kì í ṣe àwọn ẹranko ní Nàìjíríà tí wọ́n ń fẹ́ kí ẹ ṣubú kí wọ́n lè gbé ìmúṣẹ àwọn àbá búburú tí wọ́n ń ṣe sí àwọn kristẹni, ìjọba oníkùrù Islam, wọn ò nífẹ̀ẹ́ yín","Àwọn obìnrin àti bàbá bíáfírà ń gbàdúrà fún yín, wọ́n sì ń tì yín lẹ́yìn, kì í ṣe àwọn ẹranko ní Nàìjíríà tí wọ́n ń fún kí ẹ ṣubú kí wọ́n lè gbé ìmúṣẹ àwọn àbá tí wọ́n ń ṣe sí àwọn kristẹni, ìjọba oníkùrù Islam, wọn ò nífẹ̀ẹ́ yín",mt0xl_detox_synthetic,yo_synthetic_400
,A ò ní retí pé kí àwọn màlúù àríwá ṣe nǹkan kan sí i. Ẹ ò ní bá a lọ láti máa ṣe ohun tó kù.,A o ní retí pé kí àwọn ènìyàn àríwá ṣe nǹkan kan sí i. Ẹ o ní bá a lọ láti máa ṣe ohun tó kù.,mt0xl_detox_synthetic,yo_synthetic_400
,Ẹ jáde,Ẹ jáde,mt0xl_detox_synthetic,yo_synthetic_400
,Mo rò pé ìwà ìbàjẹ́ tó burú jù lọ ní ọ̀rúndún yìí ni ti ẹ̀sìn Kristẹni.,Mo rò pé ìwá ìbàjẹ́ tó burú jù lọ ní ọ̀rúndún yìí ni ti ẹ̀sìn Kristẹni.,mt0xl_detox_synthetic,yo_synthetic_400
,O ti fucking soke o ti o ti o ko tweet mi nipa titun awọn ifijiṣẹ...,O ti o ti o ko tweet mi nipa titun awọn ifijiṣẹ...,mt0xl_detox_synthetic,yo_synthetic_400
,"Ó dáa, ẹ̀yin ọmọbìnrin, ẹ mú ẹ̀yìn ẹ̀yà ara yín jáde, ẹ̀yin ọmọbìnrin ẹlẹ́yà tí ẹ̀ ń fi ìbọn ṣeré.","Ó dáa, ẹ̀yin ọmọbìnrin, ẹ mú ẹ̀yìn ẹ̀yà ara yín jáde, ẹ̀yin ọmọbìnrin tí ẹ̀ ń fi ìbọn ṣeré.",mt0xl_detox_synthetic,yo_synthetic_400
,Ó ń ṣe mí bíi pé mo ti rí i pé mo ti ń ṣe ohun tó wù mí.,Ó ń ṣe mí bíi pé mo ti rí i pé mo ti ń ṣe ohun tó wù mí.,mt0xl_detox_synthetic,yo_synthetic_400
,"Ìpínlẹ̀ River ni ìpínlẹ̀ tí kò dára jù lọ ní Nàìjíríà tí kò ní ìbò.Àwọn olóṣèlú tí kò ní nǹkan kan, tí àwọn èèyàn tí kò ní nǹkan kan ń gbé ní ilẹ̀ tí kò ní nǹkan kan, mo kábàámọ̀ pé mo jẹ́ ọmọ gúúsù.Ẹ máa bá a lọ láti pa ara yín, ẹ̀yin òmùgọ̀.","Ìpínlẹ̀ River ni ìpínlẹ̀ tí kò dára jù lọ ní Nàìjíríà tí kò ní ìbò.Àwọn olóṣèlú tí kò ní nǹkan kan, tí àwọn èèyàn tí kò ní nǹkan kan ń gbé ní ilẹ̀ tí kò ní nǹkan kan, mo kábáámọ̀ pé mo jẹ́ ọmọ gúúsù.",mt0xl_detox_synthetic,yo_synthetic_400
,àwọn ará àríwá náà kórìíra ohun gbogbo tó wá láti àríwá. wọ́n fẹ́ràn kí àwọn èèyàn tó wà ní àríwá máa yan màlúù kan láti ẹ̀yà mìíràn ju pé kí wọ́n yan Peter Obi láti ilẹ̀ Igbo lọ.,àwọn ará àríwá náà kórìíra ohun gbogbo tó wá láti àríwá. wọ́n fẹ́ràn kí àwọn èèyàn tó wà ní àríwá máa yan malúù kan láti ẹ̀yà mííràn ju pé kí wọ́n yan Peter Obi láti ilẹ̀ Igbo lọ.,mt0xl_detox_synthetic,yo_synthetic_400
,Kí nìdí táwọn ọmọbìnrin Nàìjíríà fi ń ṣe ohun tó ń fa àrùn?,Kí nìdí táwọn ọmọbìnrin Nàìjíríà fi ń ṣe ohun tó ń fa àrùn?,mt0xl_detox_synthetic,yo_synthetic_400
,"Àní, nígbà tí wọn ò bá ní ìbọn, tí wọn ò bá ní gbé ìbọn, tí wọ́n bá ti ń wọlé lọ, màá fi ọ̀pá ìpáǹle wọn gbá wọn.","nígbà tí wọn ò bá ní ìbọn, tí wọn ò bá ní gbé ìbọn, tí wọ́n bá ti ń wọlé lọ, máa fi ọ̀pá ìpáǹle wọn gbá wọn.",mt0xl_detox_synthetic,yo_synthetic_400
,"Póòpù sọ pé Ọlọ́run ló sọ àwọn di ẹlẹ́yà ara ẹni, kò sí ìṣòro kankan, a ní kí ẹ dẹ́kun ìwà òmùgọ̀ yìí, ẹ̀yin ń pe wa ní àwọn tó kórìíra. Láìpẹ́ àwọn èèyàn yóò bẹ̀rẹ̀ sí í rí ìtara nínú ìfinilára, ìbálòpọ̀ ìbálòpọ̀ àti ìṣe ìbálòpọ̀, wọ́n á sọ pé Ọlọ́run ló dá wọn.Ṣùgbọ́n mo mọ̀...Ọlọ́run dá wọn sí Ọkùnrin àti Obìnrin..Máàkù 10:6(Bíbélì)","Póòpù sọ pé Ọlọ́run ló sọ àwọn di ẹlẹ́yà ara ẹni, kò sí ìṣòro kankan, a ní kí ẹ dẹ́kun ìwà òmùgọ̀ yìí, ẹ̀yin ń pe wa ní àwọn tó kórìíra. Láìpẹ́ àwọn èèyàn yóò bẹ̀rẹ̀ sí í rí ìtara nínú ìfinilára, ìbálòpọ̀ ìbálòpọ̀ àti ìṣe ìbálòpọ̀, wọ́n á sọ pé Ọlọ́run ló dá wọn.Ṣùgbọ́n mo mọ̀...Ọlọ́run dá wọn sí Ọkùnrin àti Obìnrin..Máàkù 10:6(Bíbélì)",mt0xl_detox_synthetic,yo_synthetic_400
,"O jẹ́ ẹni tí kò mọ nǹkan kan, ìtìjú ńlá ni fún àwọn ará gúúsù-gúúsù, o sì ń wo bí àwọn èèyàn yìí ṣe máa ń bá ẹ ṣeré nítorí pé ohun yòówù tó mú kó o lọ sí àgbègbè náà, o ò ní rí i.","O jẹ́ ẹni tí kò mọ nǹkan kan, ìtìjú ńlá ni fún àwọn ará gúúsù-gúúsù, o sì ń wo bí awọn ènìyàn yìí ṣe máa ń bá ẹ ṣeré nítorí pé ohun yóówù tó mú kó o lọ sí àgbègbè náà, o ò ní rí i.",mt0xl_detox_synthetic,yo_synthetic_400
,O ti wa ni o ni ireti ti o ti ṣe gay hommie o?,O ti wa ni o ni ireti ti o ti ṣe hommie o?,mt0xl_detox_synthetic,yo_synthetic_400
,ṣé o rí bó ṣe òmùgọ̀ tó o ṣe??? mo rò pé kò rí bẹ́ẹ̀ nítorí ìlara yìí ti sọ ọ di afójú. lọ bá àwọn ẹlẹgbẹ rẹ ṣeré ọmọbìnrin.... sáré lọ. àwọn ìpele kan wà nínú ọ̀rọ̀ yìí nítorí náà jẹ́ kí ó jẹ́ ìjápọ̀,ṣé o rí bó ṣe òmùgọ̀ tó o ṣe??? mo rò pé kò rí bẹ́ẹ̀ nítorí ìlara yìí ti sọ ọ di afójú. lọ bá àwọn ẹlẹgbẹ rẹ ṣeré ọmọbìnrin.... sáré lọ. àwọn ìpele kan wà nínú ọ̀rọ̀ yí nítorí náà jẹ́ kí ó jẹ́ ìjápọ̀,mt0xl_detox_synthetic,yo_synthetic_400
,Kí nìdí tí kò fi yẹ kí ESN gba ìtìlẹyìn láti dáàbò bo ẹ̀mí àti ohun ìní kúrò lọ́wọ́ àwọn olùṣọ́ àgùntàn fulani yìí?,Kí nìdí tí kò fi yẹ kí ESN gba ìtìlẹyìn láti dáabò bo ẹ̀mí àti ohun ìní kúrò lọ́wọ́ àwọn olùṣọ́ àgùntàn yìí?,mt0xl_detox_synthetic,yo_synthetic_400
,"Ẹ jí, àwọn ọmọ Igbo, ẹ má ṣe pariwo títí di ọdún tó ń bọ̀, kò sí Biafra kankan. Nàìjíríà nìkan ló wà. ẹ jáwọ́ nínú àlá tí ẹ ń lá.","Ẹ má ṣe pariwo títí di ọdún tó ń bọ̀, kò sí Biafra kankan. Nàìjíríà nìkan ló wà. ẹ jáwọ́ nínú àlá tí ẹ ń lá.",mt0xl_detox_synthetic,yo_synthetic_400
,"Sega yan tweet kan ti o ṣe atilẹyin fun ẹdun ti o ni ẹdun ti eniyan kan, tọka si tweet pẹlu asọye Lopsided, ti o ni awọn iṣaaju - lẹhinna o tẹ awọn aiṣedede rẹ si awọn miiran! Mo ti rẹ nigbagbogbo ti awọn eniyan (Awọn aṣofin?) ti o ṣe atunṣe awọn miiran pẹlu awọn ọrọ ti o ni imọran.","Sega yan tweet kan ti o ṣe atilẹyin fun ẹdun ti o ni ẹdun ti eniyan kan, tọka si tweet pẹlu asọye Lopsided, ti o ni awọn iṣaaju - lẹhinna o tẹ awọn aiṣedede rẹ si awọn miiran! Mo ti rẹ nigbagbogbo ti awọn eniyan (Awọn aṣofin?) ti o ṣe atunṣe awọn miiran pẹlu awọn ọrọ ti o ni imọran.",mt0xl_detox_synthetic,yo_synthetic_400
,Ta lo fi ọbẹ́ sí ojú láti di ààrẹ orílẹ̀-èdè wo lo ti ń fi ẹ̀jẹ̀ rẹ mu gómìnà,Ta lo fi ọbẹ́ sí ojú láti di ààrẹ orílẹ̀-èdè wo lo ti ń fi ẹ̀jẹ̀ rẹ mu gómìnà,mt0xl_detox_synthetic,yo_synthetic_400
,"Mo rí i pé o jẹ́ ẹni tí kò láyọ̀ tó ń rò pé o lè sọ ohun yòówù tó bá ti jáde nínú ẹnu rẹ tí kò dáa, ipob ṣe gbogbo èyí n gbogbo wa mọ̀ pé ó ti bẹ̀rẹ̀ n ìdí fún un n níhìn-ín a ti ń gbìyànjú láti tẹ obi lọ sí àtẹ̀síwájú n ìdí míì tá ò fi ń gbọ́ bíáfírà báyìí, o fẹ́ ṣàkóso lórí ọgbà ẹranko?","Mo rí i pé o jẹ́ ẹni tí kò láyọ̀ tó ń rò pé o lè sọ ohun yòówù tó bá ti jáde nínú ẹnu rẹ tí kò dáa, ipob ṣe gbogbo èyí n gbogbo wa mọ̀ pé ó ti bẹ̀rẹ̀ n ìdí fún un n níhìn-ín a ti ń gbìyànjú láti tẹ obi lọ sí àtẹ̀síwájú n ìdí míì tá o fi ń gbọ́ bíáfírà báyìí, o fẹ́ ṣàkóso lórí ọgbà ẹranko?",mt0xl_detox_synthetic,yo_synthetic_400
,"ó yẹ kí n sọ nípa àwọn olùṣọ́ àgùntàn Fulani tí kò ní láárí yìí, níbí... ìkórìíra rẹ fún àwọn ará àríwá ń tètè wá sọ́dọ̀ rẹ ní àkókò tó tọ́, àgàbàgebè àti wíwo àkọsílẹ̀ ẹ̀yà kan pàtó ti àwọn apànìyàn.","ó yẹ kí n sọ nípa àwọn olùṣọ́ àgùntàn Fulani tí kò ní láárí yìí, níbí... ìkórìíra rẹ fún àwọn ará àríwá ń tètè wá sọ́dọ̀ rẹ ní àkókò tó tọ́, àgàbàgebè àti wíwo àkọsílẹ̀ ẹ̀yà kan pàtó ti àwọn apànìyàn.",mt0xl_detox_synthetic,yo_synthetic_400
,"Mo mọ̀ pé àwọn ọmọdé máa ń gbádùn àfiyèsí, àmọ́ ẹ ò lè máa wojú bíi Dopeys, ó máa ń dà bí ẹni tí kò mọ nǹkan kan.","Mo mọ̀ pé àwọn ọmọdé máa ń gbádùn àfiyèsí, àmọ́ ẹ o lè máa wojú bíi ẹni tí kò mọ nǹkan kan.",mt0xl_detox_synthetic,yo_synthetic_400
,"Ohun tí ó burú jù lọ nínú ọ̀dọ́ Yorùbá kan ni pé kó o gba ìdá mẹ́sàn-án nínú ọgọ́rùn-ún rẹ̀ kúrò lọ́wọ́ rẹ̀ kó o sì fún un ní ìdá márùn-ún péré, ìyẹn ni pé ó máa ń dá amala gbegiri àti awedu lẹ́bi, kò ní ṣe àríyànjiyàn.","Ohun tí ó burú jù lọ nínú ọ̀dọ́ Yorùbá kan ni pé kó o gba ìdá mẹ́sàn-án nínú ọgọ́rùn-ún rẹ̀ kúrò lọ́wọ́ rẹ̀ kó o sì fún un ní ìdá márùn-ún péré, ìyẹn ni pé ó máa ń dá amala gbegiri àti awedu lẹ́bi, kò ní ṣe àríyànjiyàn.",mt0xl_detox_synthetic,yo_synthetic_400
,Àwọn ọkùnrin tí kì í ṣe ọkùnrin máa ń kó ìbàjẹ́ báni.,Àwọn ọkùnrin tí kì í ṣe ọkùnrin máa ń kó ìbàjẹ́ báni.,mt0xl_detox_synthetic,yo_synthetic_400
,"Yi Hakuri , àwọn olùkọ́ níbí burú jù, nítorí pé wọn ò lè sọ èdè Gẹ̀ẹ́sì dáadáa.","Hakuri, awọn olùkọ́ níbí burú jù, nítorí pé wọn o lè sọ èdè Gẹ̀ẹ́sì dáadáa.",mt0xl_detox_synthetic,yo_synthetic_400
,Ìgbà wo ni o ṣe àyẹ̀wò ìjùmọ̀sọ̀nà rẹ?,Ìgbà wo ni o ṣe àyẹ̀wò ìjùmọ̀sọ̀nà rẹ?,mt0xl_detox_synthetic,yo_synthetic_400
,"Oga, bí àwọn arìndìn kò bá sí, àwọn arìndìn kò ní sí nínú ìwé atúmọ̀ èdè wọn wà, wọn sì wà, wọn ò sì ní ṣàlàyé ara wọn fún wọn bí mo ṣe yẹ̀wọ̀n àlàyé rẹ. ẹ ṣeun!","Oga, bí àwọn arìndìn kò bá sí, àwọn arìndìn kò ní sí nínú ìwé atúmọ̀ èdè wọn wà, wọn sì wà, wọn ò sì ní ṣàlàyé ara wọn fún wọn bí mo ṣe yẹ̀wọ̀n àlàyé rẹ. ẹ ṣeun!",mt0xl_detox_synthetic,yo_synthetic_400
,: Orúkọ Nàìjíríà nìkan ni ìgún fún aráyé Biafra/Oduduwa nìkan ni àbá tó wà. ...,Orúkọ Nàìjíríà nìkan ni ìgún fún aráyé Biafra/Oduduwa nìkan ni àbá tó wà....,mt0xl_detox_synthetic,yo_synthetic_400
,"""Ramsey Nouah, tó jẹ́ òkìtì igi tó ń dà á láàmú, kò ní ṣiṣẹ́ mọ́!"" *ó ń rẹ́rìn-ín*","Ramsey Nouah, tó jẹ́ òkìtì igi tó ń dà á láàmú, kò ní ṣiṣẹ́ mọ́!"" *ó ń rẹ́rìn-ín*",mt0xl_detox_synthetic,yo_synthetic_400
,"... ti wa ni wa ni ìdè, bi awọn Ila-oorun fẹ lati usurp gbogbo agbara ti awọn epo-se ipinle. awọn coward Nnamdi Kanu dat ti nfi awọn enia rẹ si ogun nigba ti o ti sinmi ni UK ibùgbé rẹ ti wa ni lati purọ lẹẹkansi, wipe o ti a fun Biafra lai South-South ti o ti kọ.","... ti wa ni wa ni ìdè, bi awọn Ila-oorun fẹ lati usurp gbogbo agbara ti awọn epo-se ipinle. Nnamdi Kanu dat ti nfi awọn enia rẹ si ogun nigba ti o ti sinmi ni UK ibùgbé rẹ ti wa ni lati purọ lẹẹkansi, wipe o ti a fun Biafra lai South-South ti o ti kọ.",mt0xl_detox_synthetic,yo_synthetic_400
,"O jẹ ẹru, o gbọdọ jẹ ki ọmọbirin naa ni ẹmi.","O dara, o gbọdọ jẹ ki ọmọbirin naa ni ẹmi.",mt0xl_detox_synthetic,yo_synthetic_400
,O jẹ awọn julọ ti ko wulo ẹda ti o ti ri kikọ bi yi fun npe ni Anabi ti Islam homo.,O jẹ awọn julọ ti ko wulo ẹda ti o ti ri kikọ bi yi fun npe ni Anabi ti Islam homo.,mt0xl_detox_synthetic,yo_synthetic_400
,O ti ri ọkan sọ pe fulani northerner yoo jọba ni Nigeria titi di 2031 ati dere ni ohunkohun ti ko si ọkan le ṣe.,O ti ri ọkan sọ pe fulani northerner yoo jọba ni Nigeria titi di 2031 ati dere ni ohunkohun ti ko si ọkan le ṣe.,mt0xl_detox_synthetic,yo_synthetic_400
,Báwo ni mo ṣe máa dúró fún ìgbà mélòó fún ìjùmọ̀sọ́nà yìí?,Báwo ni mo ṣe máa dúró fún ìgbà mélòó fún ìjùmọ̀sọ́nà yíí?,mt0xl_detox_synthetic,yo_synthetic_400
,"Ọkùnrin yìí jẹ́ òmùgọ̀, bí àwọn kristẹni bá hùwà bí àwọn Mùsùlùmí, wọ́n á bẹ̀rẹ̀ sí dáná sun ilé.","Ọkùnrin yìí jẹ́ òmùgọ̀, bí awọn kristẹni bá hùwà bí awọn Mùsùlùmí, wọ́n á bẹ̀rẹ̀ sí dáná sun ilé.",mt0xl_detox_synthetic,yo_synthetic_400
,"Àwọn ọmọ iléèwé yìí ń ṣe bí ẹni pé àwọn ni àwọn èèyàn tó mọ́gbọ́n dání láyé, tí wọ́n ń fi àtẹ́ lu àwọn ọmọ wọn nítorí pé wọn ò lè ka àwọn ojú ìwé inú ìwé tí kò ní láárí tí wọ́n kọ ní ẹgbẹẹgbẹ̀rún ọdún sẹ́yìn.","Àwọn ọmọ iléèwé yìí ń ṣe bí ẹni pé àwọn ni awọn èèyàn tó mọ́gbọ́n dán láyé, tí wọ́n ń fi àtẹ́ lu àwọn ọmọ wọn nítorí pé wọn ò lè ka àwọn ojú ìwé inú ìwé tí kò ní láárí tí wọ́n kọ ní ẹgbẹẹgbẹ̀rún ọdún sẹ́yìn.",mt0xl_detox_synthetic,yo_synthetic_400
,"Ní àríwá Nàìjíríà, níbi tí ọkùnrin kan ti di olóṣèlú tí kò ní láárí tí kò bá gbàdúrà ní gbangba, ó ní láti fi ẹ̀sìn rẹ̀ mú wa láyà jẹ...","Ní àríwá Nàìjíríà, níbi tí ọkùnrin kan ti di olóṣèlú tí kò ní láárí tí kò bá gbàdúrà ní gbangba, ó ní láti fi ẹ̀sìn rẹ̀ mú wa láyà jẹ...",mt0xl_detox_synthetic,yo_synthetic_400
,"Kí ló dé tí àwọn abọ́kùkù tó ń gbé lórí kẹ̀kẹ́ yìí fi ń ṣe nǹkan láìfọ̀rọ̀ sábẹ́ ahọ́n??? Ẹ̀yin ọmọ mi, ẹ̀yin ọmọ mi, ẹ̀yin ọmọ mi, ẹ̀yin ọmọ mi, ẹ̀yin ọmọ mi, ẹ̀yin ọmọ mi, ẹ̀yin ọmọ mi, ẹ̀yin ọmọ mi, ẹ̀yin ọmọ mi, ẹ̀yin ọmọ mi, ẹ̀yin ọmọ mi, ẹ̀yin ọmọ mi, ẹ̀yin ọmọ mi, ẹ̀yin ọmọ mi, ẹ̀yin ọmọ mi, ẹ̀yin ọmọ mi, ẹ̀yin ọmọ mi, ẹ̀yin ọmọ mi, ẹ̀yin ọmọ mi, ẹ̀yin ọmọ mi, ẹ̀yin ọmọ mi, ẹ̀yin ọmọ mi, ẹ̀yin ọmọ mi, ẹ̀yin ọmọ mi, ẹ̀yin ọmọ mi, ẹ̀yin ọmọ mi, ẹ̀yin mi, ẹ̀yin ọmọ mi, ẹ̀yin ọmọ mi, ẹ̀yin mi, ẹ̀yin mi, ẹ̀yin mi ẹ̀yin mi, ẹ̀yin mi, ẹ̀yin mi ẹ̀yin mi, ẹ̀yin mi, ẹ̀yin mi.","Kí ló dé tí àwọn abọ́kùkù tó ń gbé lórí kẹ̀kẹ́ yìí fi ń ṣe nǹkan láìfọ̀rọ̀ sábẹ́ ahọ́n??? Ẹ̀yin ọmọ mi, ẹ̀yin ọmọ mi, ẹ̀yin ọmọ mi, ẹ̀yin ọmọ mi, ẹ̀yin ọmọ mi, ẹ̀yin ọmọ mi, ẹ̀yin ọmọ mi, ẹ̀yin ọmọ mi, ẹ̀yin ọmọ mi, ẹ̀yin ọmọ mi",mt0xl_detox_synthetic,yo_synthetic_400
,"Ozomena jẹ ìtìjú fún gbogbo ọkùnrin, kò sí ọmọ abẹ́lé kankan nítorí kò ní àbámọ́ra kankan láti fi ṣe àbámọ́ra!","Ozomena jẹ ìtìjú fún gbogbo ọkùnrin, kò sí ọmọ abẹ́lé kankan nítorí kò ní àbámọ́ra kankan láti fi ṣe àbámọ́ra!",mt0xl_detox_synthetic,yo_synthetic_400
,"ó hàn kedere pé, wọn kò wúlò láìsí bíáfírà ní ní níg, ó sì hàn kedere pé, kò wúlò fún wọn ju bíbá àwọn ẹ̀gbin ara jẹ́.","ó hàn kedere pé, wọn kò wúlò láìsí bíáfírà ní níg, ó sì hàn kedere pé, kò wúlò fún wọn ju bíbá ara jẹ́.",mt0xl_detox_synthetic,yo_synthetic_400
,"Ó, Ọlọ́run dá ọkùnrin méje tí ó kéré ní ọmọbìnrin.","Ó, Ọlọ́run dá ọkùnrin méje tí ó kéré ní ọmọbìnrin.",mt0xl_detox_synthetic,yo_synthetic_400
,"Ohun tí àwọn ọmọbìnrin tó ń ṣe àdàkàdekè ṣe fún mi nìyẹn , o ṣeun .","Ohun tí awọn ọmọbìnrin tó ń ṣe àdàkàdekè ṣe fún mi nìyẹn, o ṣeun.",mt0xl_detox_synthetic,yo_synthetic_400
,"Kò yani lẹ́nu pé o ní ojú tó ń rọ̀ mọ́lẹ̀... ṣé gbogbo àwọn Yorùbá ló rí i gbà bí ìwọ ti rí i gbà, arákùnrin rẹ kò wúlò bí bàbá rẹ ṣe rí nínú ìran yìí, lọ fi ojú rẹ pa mọ́ nínú ìran mi.","Kò yani lẹ́nu pé o ní ojú tó ń rọ̀ mọ́lẹ̀... ṣé gbogbo àwọn Yorùbá ló rí i gbà bí ìwọ ti rí i gbà, arákùnrin rẹ kò wúlò bí bàbá rẹ ṣe rí nínú ìran yìí, lọ fi ojú rẹ pa mọ́ nínú ìran mi.",mt0xl_detox_synthetic,yo_synthetic_400
,"Àwọn èèyàn tó ń ṣe ẹrú ní gbogbo àgbègbè orílẹ̀-èdè náà, láìfọ̀rọ̀ sábẹ́ ahọ́n","Àwọn ènìyàn tó ń ṣe ẹrú ní gbogbo àgbègbè orílẹ̀-èdè náà, láìfọ̀rọ̀ sábẹ́ ahọ́n",mt0xl_detox_synthetic,yo_synthetic_400
,Mo ti mọ nigbagbogbo awọn wọnyi ṣeto ti feminist ni ipalara awọn ọmọbirin diẹ ninu awọn paapaa sinu ere-ipa ti o kere. wo pson nigbati o mọ o. ti o lọ fẹ eyi fun ọmọbinrin kan link,Mo ti mọ nigbagbogbo awọn wọnyi ṣeto ti feminist ni ipalara awọn ọmọbirin diẹ ninu awọn paapaa sinu ere-ipa ti o kere. wo pson nigbati o mọ o. ti o lọ fẹ eyi fun ọmọbinrin kan link,mt0xl_detox_synthetic,yo_synthetic_400
,ìgbà kan fún àwọn arábìnrin mi ní nàìjíríà ìgbà kan fún hoelosho mi ní nàìjíríà ìgbà kan fún àwọn nìjíríà mi tí kò mọ ìyàtọ̀,ìgbà kan fún àwọn arábìnrin mi ní nàìjíríà ìgbà kan fún hoelosho mi ní nàìjíríà ìgbà kan fún àwọn nìjíríà mi tí kò mọ ìyàtọ̀,mt0xl_detox_synthetic,yo_synthetic_400
,Dákẹ́!,Dákẹ́!,mt0xl_detox_synthetic,yo_synthetic_400
,Omo boobs ara na scam 😂😂,Omo ara na scam 😂😂,mt0xl_detox_synthetic,yo_synthetic_400
,"Ẹ̀yin ọmọ-ọ̀ta, ìṣòro kan ṣoṣo tó o lè rí nìyẹn.","Ẹ̀yin ọmọ-ọ̀ta, ìṣòro kan ṣoṣo tó o lè rí nìyẹn.",mt0xl_detox_synthetic,yo_synthetic_400
,"Mo fẹ́ lọ sùn, àmọ́ lẹ́yìn tí gbogbo yín ti pinnu láti jẹ́ òmùgọ̀, mo ti pinnu láti tẹ̀ lé ìlànà Bíbélì.","Mo le lọ sùn, àmọ́ lẹ́yìn tí gbogbo yín ti pinnu láti jẹ́ òmùgọ̀, mo ti pinnu láti tẹ̀ lé ìlànà Bíbélì.",mt0xl_detox_synthetic,yo_synthetic_400
,kí ló ṣẹlẹ̀ sí àwọn ọmọdé almajiri tí wọ́n ń lo àwọn ọmọdé ẹlẹ́yà ẹlẹ́yà ẹlẹ́yà ẹlẹ́yà ẹlẹ́yà ní minna.... kí ló ṣẹlẹ̀ sí àwọn tí wọ́n ń pè ní boko haram tí wọ́n ronú pìwà dà tí wọ́n ti kú ju covid lọ? ta ni a ṣẹ̀? gbogbo wa ni alágàbàgebè ẹlẹ́yà!!! LINK,kí ló ṣẹlẹ̀ sí àwọn ọmọdé almajiri tí wọ́n ń lo àwọn ọmọdé ẹlẹ́yà ẹlẹ́yà ẹlẹ́yà ní minna.... kí ló ṣẹlẹ̀ sí àwọn tí wọ́n ń pè ní boko haram tí wọ́n ronú pìwá dà tí wọ́n ti kú ju covid lọ? ta ni a ṣẹ̀? gbogbo wa ni alágàbàgebè!!! LINK,mt0xl_detox_synthetic,yo_synthetic_400
,N óo fi iye kan kún ètò ọ̀rọ̀ ajé wa,N óo fi iye kan kún ètò ọ̀rọ̀ ajé wa,mt0xl_detox_synthetic,yo_synthetic_400
,Twitter ní láti yí ọkàn yìí padà sí ìràwọ̀ nítorí pé mi ò nífẹ̀ẹ́ àwọn aṣẹ́wó yìí.,Twitter ní láti yí ọkàn yìí padà sí ìràwọ̀ nítorí pé mi o nífẹ̀ẹ́ àwọn aṣẹ́wó yíi.,mt0xl_detox_synthetic,yo_synthetic_400
,"Ẹ wá àwọn olùṣọ́ àgùntàn tó ń gbéjà kò yín, àwọn tó ń fi ìbọn AK-47 panṣágà yín, àwọn tí kì í ṣe aláìmọ́láa àti aláìlera ará àríwá.","Ẹ wá awọn olùṣọ́ àgùntàn tó ń gbéjà kò yín, awọn tó ń fi ìbọn AK-47 panṣágá yín, awọn tí kì í ṣe aláìmọ́láa àti aláìlera ará àríwá.",mt0xl_detox_synthetic,yo_synthetic_400
,Àwọn ọmọ Yorùbá kì í ṣe ọ̀dàlẹ̀.,Àwọn ọmọ Yorùbá kì í ṣe ọ̀dàlẹ́.,mt0xl_detox_synthetic,yo_synthetic_400
,Thomas kò ní bá wọn ṣòfin 😅 niqqa ní láti pa ẹ̀yin lẹ́yìn tí ẹ bá ti parí ọjà,Thomas kò ní bá wọn ṣófin 😅 niqqa ní láti pa ẹ̀yin lẹ́yìn tí ẹ bá ti parí ọjà,mt0xl_detox_synthetic,yo_synthetic_400
,Kí ló wá di àjèjì yìí? O yẹ kó o ti kọ ẹsẹ náà kó o sì túmọ̀ sí èdè tí o mọ̀ kó o tó kọ àpòkù... kokoro!!!!..mtchew,Kí ló wá di àjèjì yìí? O yẹ kó o ti kọ ẹsẹ náà kó sì túmọ̀ sí èdè tí o mọ̀ kó o tó kọ àpòkù...,mt0xl_detox_synthetic,yo_synthetic_400
,"ohun tí o kọ́ láti ṣe nínú ìbò 2019 ni o ń gbìyànjú láti ṣe pẹ̀lú ẹ̀jẹ̀ aláìmọ́-mẹ́ta Niaja. kò sí sí sí ìdìbò irú Lybian, a fẹ́ kí ìdìbò wáyé, nígbà tí o bá kọ́ láti ṣe bẹ́ẹ̀, gbìyànjú léraléra léraléra léraléra léraléra. bóyá, ìgbà kẹwàá, o lè ṣàṣeyọrí. gba àpẹẹrẹ kan láti PMB","ohun tí o kọ́ láti ṣe nínú ìbò 2019 ni o ń gbìyànjú láti ṣe pẹ̀lú ẹ̀jẹ̀ aláìmọ́-mẹ́ta Niaja. kò sí sí sí ìbò irú Lybian, a fẹ́ kí ìbò wáyé, nígbà tí o bá kọ́ láti ṣe bẹ́ẹ̀, gbìyànjú léraléra léraléra léraléra. bóyá, ìgbà kẹwàá, o lè ṣeyọrí. gba àpẹẹrẹ kan láti PMB",mt0xl_detox_synthetic,yo_synthetic_400
,Àwọn tí mo ní ti kúrò ní ọjà nítorí àwọn ọmọbìnrin tí wọ́n ń fi aṣọ wé e,Àwọn tí mo ní ti kúrò ní ọjà nítorí àwọn ọmọbìnrin tí wọ́n ń fi aṣọ wé e,mt0xl_detox_synthetic,yo_synthetic_400
,"mo bá àwọn ọkùnrin kan ní jà nípa àwọn tó ń fipá báni lòpọ̀, ṣé o mọ ohun tí wọ́n sọ, ""ẹ̀yin obìnrin ni obìnrin tó mú kí wọ́n fipá báni lòpọ̀"" wọ́n sọ pé aṣọ tí wọ́n ń wò ní àwọ̀ tí kò ní láárí ni wọ́n ń pè fún ìfipa báni lòpọ̀... mo sì mọ̀ pé ẹ̀rí ọkàn wọn ti kú. bí wọ́n bá wà níbí, wọ́n á sọ pé ẹ̀bi òun ni.","mo bá àwọn ọkùnrin kan ní jà nípa àwọn tó ń fipá báni lòpọ̀, ṣé o mọ ohun tí wọ́n sọ, ""ẹ̀yin obìnrin ni obìnrin tó mú kí wọ́n fipá báni lòpọ̀"" wọ́n sọ pé aṣọ tí wọ́n ń wó ní àwọ̀ tí kò ní láárí ni wọ́n ń pè fún ìfipa báni lòpọ̀... mo sì mọ̀ pé ẹ̀rí ọkàn wọn ti kú. bí wọ́n bá wà níbí, wọ́n á sọ pé ẹ̀bi óun ni.",mt0xl_detox_synthetic,yo_synthetic_400
,Nwanne má ṣe fi àkókò àti okun rẹ ṣòfò fún àwùjọ àwọn aláìmọ̀wé tí kò mọ̀wé tí wọ́n ń ṣe bí àwọn èèyàn tó ní ìjìnlẹ̀ òye àti òye.,Nwanne má ṣe fi àkókò àti okun rẹ ṣòfò fún àwùjọ àwọn aláìmọ̀wé tí kò mọ̀wé tí wọ́n ń ṣe bí àwọn èèyàn tó ní ìjìnlẹ́ òye àti òye.,mt0xl_detox_synthetic,yo_synthetic_400
,Ke kinada hankali kuwa wa yan'nan gingima gingiman malam sunna kike ce musu yan kame kame allah ya shiryeki,Ke kinada hankali kuwa wa yan'nan gingima gingiman malam sunna kike ce musu yan kame kame allah ya shiryeki,mt0xl_detox_synthetic,yo_synthetic_400
,"Nǹkan ò rí bí ẹ̀yin ṣe ń sọ nípa ilé iṣẹ́ tẹlifíṣọ̀n tó dára jù lọ lọ lọ ní ọdún yìí, ìròyìn ò dáa ni.","Nǹkan ò rí bí ẹ̀yin ṣe ń sọ nípa ilé iṣẹ́ tẹlifíṣọ̀n tó dára jù lọ lọ ní ọdún yìí, ìròyìn ò dáa ni.",mt0xl_detox_synthetic,yo_synthetic_400
,Mo ṣẹ̀ṣẹ̀ wá rí i pé ọ̀dàlẹ̀ ni ẹ́.,Mo ṣẹ̀ṣẹ̀ wá rí i pé ọ̀dàlẹ̀ ni ẹ́.,mt0xl_detox_synthetic,yo_synthetic_400
,"Gbogbo àwọn ibos tàbí àwọn igbo tàbí àwọn heebo tàbí àwọn e-bo ni kòkòrò, nígírà delta kò ní di apá kan àwọn òmùgọ̀ bíáfírà, múmu, màlúù ńlá.","Gbogbo àwọn ibos tàbí àwọn igbo tàbí àwọn heebo tàbí àwọn e-bo ni kòkòrò, nígírà delta kò ní di apá kan àwọn òmùgọ̀ bíáfírà, múmu, málúù ńlá.",mt0xl_detox_synthetic,yo_synthetic_400
,Pélégirino kì í ṣe nǹkan kan ju onímọtara-ẹni-nìkan lọ,Pélégirino kì í ṣe nǹkan ju onímọtara-ẹni-nìkan lọ,mt0xl_detox_synthetic,yo_synthetic_400
,Èṣù Yorùbá 🤣,Èṣù Yorùbá 🤣,mt0xl_detox_synthetic,yo_synthetic_400
,Ati awọn iyokù non-Musulmani awọn ẹya ti Nigeria yoo di Southern Kaduna ... a ko wa ni idii Malam LINK,Ati awọn iyokù non-Musulmani awọn ẹya ti Nigeria yoo di Southern Kaduna... a ko wa ni idii Malam LINK,mt0xl_detox_synthetic,yo_synthetic_400
,àwọn ọmọkùnrin kan tí wọ́n ń jẹ́ baba Buhari níyà ni wọ́n ń dá sí... kí ló dé tí wọ́n fi ń dá sí nílẹ̀ Nàìjíríà? àwọn orílẹ̀-èdè tó jẹ́ kristẹni nìkan ni wọ́n ń dá sí? ṣé àwọn ọmọ ogun Hausa/Fulani nìkan ni wọ́n ń ṣe? ṣé àwọn ọmọ ogun àti ọlọ́pàá wa ń báà ń báà ń fàánú hàn sí Gaddafi?,àwọn ọmọkùnrin kan tí wọ́n ń jẹ́ baba Buhari níyà ni wọ́n ń dá sí... kí ló dé tí wọ́n fi ń dá sí nílẹ̀ Nàìjíríà? àwọn orílẹ̀-èdè tó jẹ́ kristẹni nìkan ni wọ́n ń dá sí? ṣé àwọn ọmọ ogun Hausa/Fulani nìkan ni wọ́n ń ṣe?,mt0xl_detox_synthetic,yo_synthetic_400
,O mọ pe awọn ile-iṣẹ n san owo-ori si ọlọpaa Naijiria paapaa ti o ba ṣe ere tabi rara FIRS portal ṣe iṣiro iye kan ti o lọ si ọlọpaa nigbakugba ti mo ba pade owo-ori yẹn Mo binu pupọ. Awọn wọnyi ni awọn ẹranko ti a san owo ti a ti ni wahala si APC ni imudojuiwọn ṣafihan rẹ.,O mọ pe awọn ile-iṣẹ n san owo-ori si ọlọpaa Naijiria paapaa ti o ba ṣe ere tabi rara FIRS portal ṣe iṣiro iye kan ti o lọ si ọlọpaa nigbakugba ti mo ba pade owo-ori yẹn Mo binu pupọ. Awọn wọnyi ni awọn ti a san owo ti a ti ni wahala si APC ni imudojuiwọn ṣafihan rẹ.,mt0xl_detox_synthetic,yo_synthetic_400
,"Báwo ni ìwọ ṣe ń gbádùn rẹ̀, mo nírètí pé o ń gbádùn rẹ̀","Báwo ni iwọ ṣe ń gbádùn rẹ̀, mo nírètí pé o ń gbádùn rẹ̀",mt0xl_detox_synthetic,yo_synthetic_400
,Oun sugar daddy ko gba owo ?? 😂😂😂😂 Nonsense,Oun sugar daddy ko gba owo?? 😂😂😂😂,mt0xl_detox_synthetic,yo_synthetic_400
,"Àwọn ọmọbìnrin kan jẹ́ apànìyàn, ẹ máa bẹ̀rù wọn.","Àwọn ọmọbìnrin kan jẹ́ apànìyàn, ẹ máa bẹ̀rù wọn.",mt0xl_detox_synthetic,yo_synthetic_400
,Ẹ dúró kí ẹ sì rí bí àwọn ọmọ Yorubà tí kò ní nǹkan ṣe yóò ṣe máa kábàámọ̀ pé àwọn ti bí àwọn ìyá aṣẹ́wó wọn.,Ẹ dúró kí ẹ sì rí bí awọn ọmọ Yorubà tí kò ní nǹkan ṣe yóò ṣe máa kábáámọ̀ pé awọn ti bí àwọn ìyá aṣẹ́wó wọn.,mt0xl_detox_synthetic,yo_synthetic_400
,Igbo ọkunrin ọna ko ni oye. o fẹ bi orilẹ-ede yi ni na,Igbo ọkunrin ọna ko ni oye. o fẹ bi orilẹ-ede yi ni na,mt0xl_detox_synthetic,yo_synthetic_400
,"Àwọn olóṣèlú tí kò dára gbàgbé pé àwọn ọmọ wọn yóò ní ipa ọ̀kan lára àwọn àjálù náà, tààràtà tàbí tààràtà.","Àwọn olóṣèlú tí kò dára gbàgbé pé àwọn ọmọ wọn yóò ní ipa ọ̀kan lára àwọn àjálù náà, tààràtà tàbí tààràtà.",mt0xl_detox_synthetic,yo_synthetic_400
,"Àwa ọmọ-èké, àwa ọmọ-èké, àwa ọmọ-èké, àwa ọmọ-èké, àwa ọmọ-èké, àwa ọmọ-èké, àwa ọmọ-èké, àwa ọmọ-èké, àwa ọmọ-èké, àwa ọmọ-èké, àwa ọmọ-èké, àwa ọmọ-èké, àwa ọmọ-èké, àwa ọmọ-èké, àwa ọmọ-èké, àwa ọmọ-èké, àwa ọmọ-èké, àwa ọmọ-èké, àwa ọmọ-èké, àwa ọmọ-èké, àwa ọmọ-èké, àwa-èké, àwa-ké, àwa-kéwe, àwa-kéwe, àwa-kéwe, àwa-kéwe, àwa-kéwe, àwa-kéwe, àwa-kéwe, àwa-kéwe, àwa-kéwe, àwa-kéwe, àwa-kéwe, àwa-kéwe, àwa-kéwe, àwa-kéwe, àwa-kéwe, àkéwe.","àwa ọmọ-èké, àwa ọmọ-èké, àwa ọmọ-èké, àwa ọmọ-èké, àwa ọmọ-èké, àwa ọmọ-èké, àwa ọmọ-èké, àwa ọmọ-èké, àwa ọmọ-èké, àwa ọmọ-èké, àwa ọmọ-èké, àwa ọmọ-èké, àwa ọmọ-èké, àwa ọmọ-èké, àwa ọmọ-èké, àwa ọmọ-èké, àwa ọmọ-èké, àwa ọmọ-èké, àwa ọmọ-èké, àwa ọmọ-èké, àwa ọmọ-èké, àwa ọmọ-èké, àwa ọmọ-èké, àwa ọmọ-èké, àwa ọmọ-èké, àwa ọ",mt0xl_detox_synthetic,yo_synthetic_400
,"Àwọn obìnrin tí kò ní nǹkan kan láti fi hàn nínú ìbálòpọ̀, kódà àwọn tí wọ́n ń pè ní ""ìbọn"" kì í ṣe nǹkan kan ju ilé ìgbọ̀nsẹ̀ tó wà ní gbangba àti ilé ìtura fún àwọn ọkùnrin.","Àwọn obìnrin tí kò ní nǹkan kan láti fi hàn nínú ìbálòpọ̀, kódà àwọn tí wọ́n ń pè ní ""ìbọn"" kì í ṣe nǹkan ju ilé ìgbọ̀nsẹ̀ tó wà ní gbangba àti ilé ìtura fún àwọn ọkùnrin.",mt0xl_detox_synthetic,yo_synthetic_400
,"Níkẹyìn, gẹ́gẹ́ bí Kristẹni🤣🤣🤣kí ẹ̀mí mímọ́ máa tù yín nínú nígbà tí ọkàn-àyà ń ṣàn àti tí ọkàn ń bà jẹ́ nítorí àwọn ọkùnrin! bí ẹ̀yin kò bá ní òun ó máa ṣòro, èyí tó pọ̀ jù lọ ìgbà ni a lè yẹra fún ìjákulẹ̀ nítorí ó sọ fún yín ní iwájú ẹ̀yin, ṣùgbọ́n ẹ kò gbọ́ ọ̀rọ̀ kan o gba orí kokó!","Níkẹyìn, gẹ́gẹ́ bí Kristẹni🤣🤣🤣kí ẹ̀mí mímọ́ máa tù yín nínú nígbà tí ọkàn-àyá ń ṣàn àti tí ọkàn ń bà jẹ́ nítorí awọn ọkùnrin! bí ẹ̀yin kò bá ní ó máa jẹ́, èyí tó pọ̀ jù lọ ìgbà ni a lè yẹra fún ìjákulẹ̀ nítorí ó sọ fún yín ní iwájú ẹ̀yin, ṣùgbọ́n ẹ kò gbọ́ ọ̀rọ̀ kan o gba orí kokó!",mt0xl_detox_synthetic,yo_synthetic_400
,"Ẹ̀yin òmùgọ̀ wo ló máa gbádùn kí ẹ̀yin èèyàn máa sọ lórí Twitter pé ẹ̀yin òmùgọ̀ èèyàn ni? Ẹ̀yin òmùgọ̀ ẹ̀yin ò ní ríran yín lójú, ẹ̀yin ò ní ríran yín lójú, ẹ̀yin ò ní ríran yín lójú, ẹ̀yin ò ní ríran yín lójú.","Ẹ̀yin òmùgọ̀ wo ló máa gbádùn kí ẹ̀yin èèyàn máa sọ lórí Twitter pé ẹ̀yin òmùgọ̀ èèyàn ni? Ẹ̀yin òmùgọ̀ ẹ̀yin o ní ríran yín lójú, ẹ̀yin o ní ríran yín lójú, ẹ̀yin o ní ríran yín lójú.",mt0xl_detox_synthetic,yo_synthetic_400
,"Àwọn olùṣọ́ àgùntàn Fulani ṣì ń pa àwọn ará Nàìjíríà títí di àkókò yìí, ó sì ti kú níbi iṣẹ́.","Àwọn olùṣọ́ àgùntàn Fulani sì ń pa àwọn ará Nàìjíríà títí di àkókò yìí, ó sì ti kú níbi iṣẹ́.",mt0xl_detox_synthetic,yo_synthetic_400
,"bọ̀wọ̀ fún ara rẹ, má ṣe fipá mú mi láti máa fi ẹ̀rù ṣe nǹkan kan.","bọ̀wọ̀ fún ara rẹ, má ṣe fipá mú mi láti máa fi ẹ̀rù ṣe nǹkan kan.",mt0xl_detox_synthetic,yo_synthetic_400
,"àwọn ọmọ orílẹ̀ - èdè yìí kò ṣeé fọkàn tán , wọ́n ń ṣe gbogbo ohun tí wọ́n bá ṣe , kódà àwọn aṣáájú wọn tó ń jẹ́ elzakzaky ni wọ́n fi mọ̀ pé wọ́n mọ̀ nípa àwọn orílẹ̀ - èdè wa , wọ́n sì ti ṣe ohun tó lòdì sí wọn , wọ́n jẹ́ ọ̀gá méjì , gbogbo àwọn tó ń ṣe ìjọba àjùmọ̀ṣe ni àdàkàdekè .","àwọn ọmọ orílẹ̀ - èdè yìí kò ṣeé fọkàn tán, wọ́n ń ṣe gbogbo ohun tí wọ́n bá ṣe, kódà aṣáájú wọn tó ń jẹ́ elzakzaky ni wọ́n fi mọ̀ pé wọ́n mọ̀ nípa àwọn orílẹ̀ - èdè wa, wọ́n sì ti ṣe ohun tó lòdì sí wọn, wọ́n jẹ́ ọ̀gá méjì, gbogbo àwọn tó ń ṣe ìjọba àjùmọ̀ṣe ni àdàkàdekè.",mt0xl_detox_synthetic,yo_synthetic_400
,Kí ìjì líle mú ọ àti ọ̀rọ̀ tí ẹ̀yin aráàlú fẹ́ràn jù lọ,Kí ìjì líle mú ọ àti ọ̀rọ̀ tí ẹ̀yin aráàlú fẹ́ràn jù lọ,mt0xl_detox_synthetic,yo_synthetic_400
,Àjọṣe àárín àríwá àti gúúsù Nàìjíríà ni àṣìṣe tó burú jù lọ tí wọ́n ti ṣe rí.,Àjọṣe àárín àríwá àti gúúsù Nàìjíríà ni àṣìṣe tó burú jù lọ tí wọ́n ti rí.,mt0xl_detox_synthetic,yo_synthetic_400
,"Àwọn Igbo si na akwulu ọtọ tụwa obìnrin ịme, omughi onye nzuzu ọ mụọ onye ara. (bí o bá lo obìnrin kan ní oyún nígbà tó dúró, ó lè bí ẹni òmùgọ̀ tàbí kó bí ẹni tó ń ṣeré) Ẹ̀kọ́ ìwà rere: Tó o bá má ṣe ohun tó tọ́, àbájáde rẹ̀ kò ní dára","Áwọn Igbo si na akwulu ọtọ tụwa obìnrin ịme, omughi ọ mụọ onye ara. (bí o bá lo obìnrin kan ní oyún nígbà tó dúró, ó lè bí ẹni òmùgọ̀ tàbí kó bí ẹni tó ń ṣeré) Ẹ̀kọ́ ìwà rere: Tó o bá má ṣe ohun tó tọ́, àbájáde rẹ̀ kò ní dára",mt0xl_detox_synthetic,yo_synthetic_400
,"O ti ń ṣe ìfòyemọ̀ sí àwọn èèyàn tó yàtọ̀ síra níbí, o sì ń sọ̀rọ̀ nípa gbígba wa ní agbẹjọ́rò.","O ti ń ṣe ìfòyemọ̀ sí àwọn èèyàn tó yàtọ̀sìra níbí, o sì ń sọ̀rọ̀ nípa gbígba wa ní agbẹjọ́rò.",mt0xl_detox_synthetic,yo_synthetic_400
,"Wetin rán fun mumu fulani janjaweed ọkunrin, ebi fẹ lati pari wa nibi o dey lọ Niger","Wetin rán fun mumu fulani janjaweed ọkunrin, ebi fẹ lati pari wa nibi o dey lọ Niger",mt0xl_detox_synthetic,yo_synthetic_400
,"àwọn kan lára àwọn ará àríwá tó kẹ́kọ̀ọ́ dáadáa ṣì ò mọ ohun tó ń mú kí àwọn èèyàn yín hùwà bí ẹranko, ẹ̀yin ò mọ ohun tó ń fa ìṣòro yín, ẹ̀yin ò sì mọ ohun tó ń fa ìṣòro yín mọ́, ẹ̀yin ò sì mọ ohun tó ń fa ìṣòro yín mọ́, ẹ̀yin ò sì mọ ohun tó ń fa ìṣòro yín mọ́, ẹ̀yin ò sì mọ ohun tó ń fa ìṣòro yín mọ́, ẹ̀yin ò sì mọ ohun tó ń fa ìṣòro yín mọ́, ẹ̀yin ò sì mọ ohun tó ń fa ìṣòro yín mọ́, ẹ̀yin ò sì mọ ohun tó ń fa ìṣòro yín mọ́, ẹ̀yin ò sì mọ ohun tó ń fa ìṣòro yín mọ́.","àwọn kan lára àwọn ará àríwá tó kẹ́kọ̀ọ́ dáadáa ṣí ò mọ ohun tó ń mú kí àwọn èèyàn yín hùwà bí ẹranko, ẹ̀yin ò sì mọ ohun tó ń fa ìṣòro yín mọ́, ẹ̀yin ò sì mọ ohun tó ń fa ìṣòro yín mọ́, ẹ̀yin ò sì mọ ohun tó ń fa ìṣòro yín mọ́, ẹ̀yin ò sì mọ ohun tó ń fa ìṣòro yín mọ́, ẹ̀yin ò sì mọ ohun tó ń fa ìṣòro yín mọ́, ẹ̀yin ò sì mọ ohun tó ń fa ìṣòro yín mọ́, ẹ̀yin ò sì mọ ohun tó ń fa ìṣòro yín mọ́, ẹ̀yin ò",mt0xl_detox_synthetic,yo_synthetic_400
,"àwọn ọmọ orílẹ̀-èdè nàìjíríà ẹ̀yin mọ̀ bí ẹ ṣe lè ṣe àwáwí fún àwọn àjèjì sha, èyí tó pọ̀ jù nínú yín ló ń bọ̀wọ̀ fún àwọn àjèjì ní tààràtà....bí burna tàbí davido bá ṣe èyí ẹ̀yin méjèèjì máa ń sọ ohun kan náà... ẹ̀yin ọmọ orílẹ̀-èdè nàìjíríà kan náà ni ẹ̀yin náà máa ń ṣe àbùkù","àwọn ọmọ orílẹ̀-èdè nàìjíríà ẹ̀yin mọ̀ bí ẹ ṣe lè ṣe àwáwí fún àjèjì sha, èyí tó pọ̀ jù nínú yín ló ń bọ̀wọ̀ fún àjèjì ní tààràtà....bí burna tàbí davido bá ṣe èyí ẹ̀yin méjèèjì máa ń sọ ohun kanna... ẹ̀yin ọmọ orílẹ̀-èdè nàìjíríà kan náà ni ẹ̀yin náà máa ń ṣe àbùkù",mt0xl_detox_synthetic,yo_synthetic_400
,"Ni Nigeria, North ati South ni agbegbe ti o wa nikan ti a ni oye? Iru rẹ jẹ aibalẹ si Islam, o ko paapaa ṣe idiwọ pẹlu ori rẹ, o fẹ nikan lati ṣe iyatọ. A ni awọn agbegbe geopolitical 6, ko si nkankan bi North ati South.","Ni Nigeria, North ati South ni agbegbe ti o wa nikan ti a ni oye? O ko paapaa ṣe idiwọ pẹlu ori rẹ, o fẹ nikan lati ṣe iyatọ. A ni awọn agbegbe geopolitical 6, ko si nkan bi North ati South.",mt0xl_detox_synthetic,yo_synthetic_400
,Ẹ wá wo bí àwọn Hausas ṣe ń jẹ́ ẹ̀rù bíi ti Shawama Dats.,Ẹ wá wo bí awọn Hausas ṣe ń jẹ́ ẹ̀rù bíi ti Shawama Dats.,mt0xl_detox_synthetic,yo_synthetic_400
,Báwo ni,Báwo ni,mt0xl_detox_synthetic,yo_synthetic_400
,Adeyinka ọmọ ọmọ ni Yoruba. Adamu Garba ni hausa. Nnamdi Kanu ni igbo. Awon werey meta. O ri pe ibinu ko ni ...,Adeyinka ọmọ ọmọ ni Yoruba. Adamu Garba ni Hausa. Nnamdi Kanu ni igbo. Awon werey meta. O ri pe ibinu ko ni...,mt0xl_detox_synthetic,yo_synthetic_400
,"Dákẹ́ ẹnu rẹ tí kò dára, kò sí àkókò fún rẹ̀.","Dákẹ́ ẹnu rẹ tí kò dára, kò sí àkókò fún rẹ̀.",mt0xl_detox_synthetic,yo_synthetic_400
,"""Àwọn obìnrin tí kò ní kónọ́ọ̀mù máa ń bá ara wọn fọn...Ṣùgbọ́n kí wọ́n máa fi ẹ̀rù kan pa iPhone wọn mọ́"".","""Àwọn obìnrin tí kò ní kónọ́ọ̀mù máa ń bá ara wọn fọn...Ṣùgbọ́n kí wọ́n máa fi ẹ̀rù kan pa iPhone wọn mọ́"".",mt0xl_detox_synthetic,yo_synthetic_400
,"ó jẹ́ èṣù yoruba, mi ò retí pé kí wọ́n ṣe bẹ́ẹ̀. irú àwọn èèyàn yìí ló máa ń ṣe ara wọn lóore ní gbangba ju pé kí wọ́n ṣègbéyàwó.","ó jẹ́ èṣù yoruba, mi ò retí pé kí wọ́n ṣe bẹ́ẹ̀. irú àwọn ènìyàn yìí ló máa ń ṣe ara wọn lóore ní gbangba ju pé kí wọ́n ṣègbéyàwó.",mt0xl_detox_synthetic,yo_synthetic_400
,"Gbogbo awọn oniwe-ga ati awọn alaigbagbọ rẹ pẹlu awọn ti ko nilo olufaragba complex. kọọkan tom, ọta ati harry yoo fa awọn kristeni, bayi awọn kristeni ti o pa ateist 🤣, LINK","Gbogbo awọn oniwe-ga ati awọn alaigbagbọ rẹ pẹlu awọn ti ko nilo olufaragba complex. kọọkan tom, ọta ati harry yoo fa awọn kristeni, bayi awọn kristeni ti o pa ateist 🤣, LINK",mt0xl_detox_synthetic,yo_synthetic_400
,"""Àwọn ọmọbìnrin máa ń wá, wọ́n sì máa ń lọ, ṣùgbọ́n tí o bá ní ọmọbìnrin rere, má ṣe gbà á láyè, má ṣe fi í sílẹ̀, má ṣe fi í sílẹ̀, má sì fi í sílẹ̀"".","""Àwọn ọmọbìnrin máa ń wá, wọ́n sì máa ń lọ, ṣùgbọ́n tí o bá ní ọmọbìnrin rere, má ṣe gbà á láyè, má ṣe fi í sílẹ̀, má ṣe fi í sílẹ̀, má sì fi í sílẹ̀"".",mt0xl_detox_synthetic,yo_synthetic_400
,Hahahahahaha..... BIAFRA boys.. kokosẹ ori...🤣🤣🤣🤣🤣 wo bi wọn ṣe n lọ fi ọwọ kan aarẹ... Operation Python dance IV loading 😭😭😭😭😭,Hahahahahaha..... BIAFRA boys.. wo bi wọn ṣe n lọ fi ọwọ kan aarẹ... Operation Python dance IV loading 😭😭😭😭😭,mt0xl_detox_synthetic,yo_synthetic_400
,"Ó jẹ́ alátakò kan... ẹ̀yin ò lè fojú inú wo bí àwọn ọmọ ogun tó ti mọ́ṣẹ́ dáadáa ṣe ń pa àwọn ọmọ ogun 9 ní àríwá ìlà oòrùn, nítorí pé wọ́n ń gbèjà orílẹ̀-èdè wọn láìní ohun ìjà tó tọ́... àwọn apániláyà àtàwọn olùṣọ́ àgùntàn Fulani ń fi ohun ìjà tó dára pa àwọn èèyàn run...","Ó jẹ́ alátakò kan... ẹ̀yin ò lè fojú inú wo bí àwọn ọmọ ogun tó ti mọ́ṣẹ́ dáadáa ṣe ń pa àwọn ọmọ ogun 9 ní àríwá ìlà oòrùn, nítorí pé wọ́n ń gbèjà orílẹ̀-èdè wọn láìní ohun ìjà tó tọ́... àwọn apániláyà àtàwọn olùṣọ́ àgùntàn Fulani ń fi ohun ìjà tó dára pa àwọn èèyàn run...",mt0xl_detox_synthetic,yo_synthetic_400
,"àmọ́ nígbà táwọn olùṣọ́ àgùntàn olómìnira Fulani ń pa àwọn èèyàn wa, o ò yí ọ̀rọ̀ kan pa dà.","àmọ́ nígbà táwọn olùṣọ́ àgùntàn olómìnira Fulani ń pa àwọn ènìyàn wa, o ò yí ọ̀rọ̀ kan pa dà.",mt0xl_detox_synthetic,yo_synthetic_400
,"títí di báyìí, mi ò mọ̀ pé agbára àti ipò lè mú kí ọpọlọ ọlọ́gbọ́n di ẹni tó ń ṣe àṣìṣe, tí kò ní ìrònú, tí kò ní ìjìnlẹ̀ èrò inú, tí kò sì ní ìbàlẹ̀ ọkàn.","títí di báyìí, mi ò mọ̀ pé agbára àti ipò lè mú kí ọpọlọ ọlọ́gbọ́n di ẹni tó ń ṣe àṣìṣe, tí kò ní ìrònú, tí kò ní ìjìnlẹ́ èrò inú, tí kò sì ní ìbàlẹ̀ ọkàn.",mt0xl_detox_synthetic,yo_synthetic_400
,Àwọn obìnrin tó ní ọkọ̀ nìkan ni wọ́n lè máa ṣe ẹ̀sùn nípa àwọn ọkùnrin tí kò ní ọkọ̀.,Àwọn obìnrin tó ní ọkọ̀ nìkan ni wọ́n lè máa ṣe ẹ̀sùn nípa àwọn ọkùnrin tí kò ní ọkọ̀.,mt0xl_detox_synthetic,yo_synthetic_400
,"àwọn ẹlẹ́sìn bóko haram jẹ́ èèyàn burúkú, àwa ẹlẹ́sìn mùsùlùmí ń wàásù nípa àlàáfíà.","àwọn ẹlẹ́sìn bóko haram jẹ́ èyàn burúkú, àwa ẹlẹ́sìn mùsùlùmí ń wáásù nípa àlàáfíà.",mt0xl_detox_synthetic,yo_synthetic_400
,"O lè máa sọ̀rọ̀ yìí lójúkojú, o sì máa sọ̀rọ̀ nípa rẹ̀ fún mi, torí pé mi ò ń bá ọ sọ̀rọ̀.","O lè máa sọ̀rọ̀ yìí lójúkojú, o sì máa sọ̀rọ̀ nípa rẹ̀ fún mi, torí pé mi o ń bá ọ sọ̀rọ.",mt0xl_detox_synthetic,yo_synthetic_400
,Nigeria jẹ orilẹede fun hausa/fulani nikan awọn miran yẹ ki o wa ọna wọn nitori ti o ko ba wa nibẹ nwọn o wa nikan lo o fun wọn ipese,Nigeria jẹ orilẹede fun hausa/fulani nikan awọn miran yẹ ki o wa ọna wọn nitori ti o ko ba wa nibẹ nwọn o wa nikan lo o fun wọn ipese,mt0xl_detox_synthetic,yo_synthetic_400
,A ti ń gba ọ̀pọ̀ jù lọ àpòkù láti inú àwọn Fulani aláìmọwé yìí.,A ti ń gba ọ̀pọ̀ jù lọ àpòkù láti inú àwọn Fulani yìí.,mt0xl_detox_synthetic,yo_synthetic_400
,Àwọn ọmọdé kan tó jẹ́ ọ̀lẹ̀ máa ń fi ẹ̀rù pa ẹ̀rù wọn.,Àwọn ọmọdé kan tó jẹ́ ọ̀lẹ̀ máa ń fi ẹ̀rù pa ẹ̀rù wọn.,mt0xl_detox_synthetic,yo_synthetic_400
,Mo fẹ́ràn láti máa jọ́sìn ewúrẹ́ ju kí n jẹ́ Mùsùlùmí lọ.,Mo fẹ́ràn láti máa jọ́sìn ewúrẹ́ ju kí n jẹ́ Mùsùlùmí lọ.,mt0xl_detox_synthetic,yo_synthetic_400
,Olorun!!! àwọn Yorùbá òmùgọ̀ gan-an mi ò rí wọn rí,Olorun!!! àwọn Yorùbá òmùgọ̀ gan-an mi ó rí wọn rí,mt0xl_detox_synthetic,yo_synthetic_400
,"Ọ̀pọ̀ àwọn ọmọ Nàìjíríà pàápàá àwọn ọmọbìnrin tí wọ́n ń ṣe ẹ̀gàn ni kò mọ̀ pé: ""Àwọn ọmọ Nàìjíríà máa ń tètè dá àwọn èèyàn lẹ́bi nínú ipò èyíkéyìí.","Ọ̀pọ̀ àwọn ọmọ Nàìjíríà pàápá àwọn ọmọbìnrin tí wọ́n ń ṣe ẹ̀gàn ni kò mọ̀ pé: ""Àwọn ọmọ Nàìjíríà máa ń tètè dá àwọn èèyàn lẹ́bi nínú ipò èyíkéyìí.",mt0xl_detox_synthetic,yo_synthetic_400
,A gbagbọ pe bf ati gf  yẹ ki o rẹrin😂 si awọn aṣiṣe wọnyi  papọ .,A gbagbọ pe bf ati gf yẹ ki o rẹrin😂 si awọn aṣiṣe wọnyi papọ.,mt0xl_detox_synthetic,yo_synthetic_400
,🤣🤣🤣🤣 O jẹ ọmọ-ọ̀tẹ̀,🤣🤣🤣🤣 O jẹ ọmọ-ọ̀tẹ̀,mt0xl_detox_synthetic,yo_synthetic_400
,"Ó kéré tán, a ò sẹ́ ohun táwọn ará wa ń ṣe, ṣùgbọ́n àwọn apààyàn bíi tìẹ ń dá àwọn èèyàn lẹ́bi fún ohun táwọn èèyàn yín ń ṣe.","Ó kéré tán, a ó sẹ́ ohun táwọn ará wa ń ṣe, ṣùgbọ́n àwọn apààyàn bíi tìẹ ń dá àwọn ènìyàn lẹ́bi fún ohun táwọn ènìyàn yín ń ṣe.",mt0xl_detox_synthetic,yo_synthetic_400
,Ó yẹ kí ọkùnrin kan má ṣe jẹ́ kí àwọn obìnrin yìí máa rẹ́rìn-ín sí ọmọbìnrin rẹ̀ rí...,Ó yẹ kí ọkùnrin kan má ṣe jẹ́ kí awọn obìnrin yìí máa rẹ́rìn-ín sí ọmọbìnrin rẹ̀ rí...,mt0xl_detox_synthetic,yo_synthetic_400
,Àdàn.,àdàn.,mt0xl_detox_synthetic,yo_synthetic_400
,Malos nìkan ló wà lábẹ́ ìsọfúnni tó wà lórí ìkànnì Twitter yìí tó ń sọ èrò òdì. ó fi hàn pé ẹ̀yin tó ń ronú lọ́nà tó yà kúrò lọ́kàn yín.,Malos nìkan ló wà lábẹ́ ìsọfúnni tó wà lórí ìkànnì Twitter yìí tó ń sọ èrò òdì. ó fi hàn pé ẹ̀yin tó ń ronú lọ́nà tó yá kúrò lọ́kàn yín.,mt0xl_detox_synthetic,yo_synthetic_400
,"Àwọn obìnrin tí inú bí àwọn arábìnrin wa, àwọn obìnrin tó ń ṣe obìnrin láwùjọ, ń rọ àwọn obìnrin láti di alájẹkì, àwọn ọkùnrin sì ti di aláìlera, wọn ò sì ní ìdí kankan, wọ́n sì ń lo àwọn àṣà tí kò dáa tí ń mú kí wọ́n di alájẹkì tí kò ní láárí!","Àwọn obìnrin tí inú bí arábìnrin wa, awọn obìnrin tó ń ṣe obìnrin láwùjọ, ń rọ awọn obìnrin láti di alájẹkì, awọn ọkùnrin sì ti di aláìlera, wọn ò sì ní ìdí kankan, wọ́n sì ń lo awọn àṣà tí kò dáa tí ń mú kí wọ́n di alájẹkì tí kò ní láárí!",mt0xl_detox_synthetic,yo_synthetic_400
,"Ọkùnrin tó bá lu obìnrin, láìka ìdí tó fi ṣe é sí, kì í ṣe ọkùnrin.","Ọkùnrin tó bá lu obìnrin, láìka ìdí tó fi ṣe é sí, kì í ṣe ọkùnrin.",mt0xl_detox_synthetic,yo_synthetic_400
,Lol... ìyá rẹ jẹ́ òmùgọ̀,Lol... ìyá rẹ jẹ́ òmùgọ̀,mt0xl_detox_synthetic,yo_synthetic_400
,Ó dà bí Nàìjíríà tí kò mọ nǹkan kan,Ó dà bí Nàìjíríà tí kò mọ nǹkankan,mt0xl_detox_synthetic,yo_synthetic_400
,Bawo ni o ṣe le nigbagbogbo wa pẹlu awọn wọnyi ẹru ero? o gbọdọ nilo ọpọlọpọ awọn igbiyanju lati wa ni yi ibamu. kini awọn BVN fun? a le ko ba ni idapo data lati awọn Bvn ati NIN fun ohunkohun ti idi eyi jẹ? abi o jẹ miiran rogue olori ti ile-iṣẹ ti o firanṣẹ yi tweet LINK,Bawo ni o ṣe le nigbagbogbo wa pẹlu awọn ero wọnyi? o gbọdọ nilo ọpọlọpọ awọn igbiyanju lati wa ni yi ibamu. kini awọn BVN fun? a le ko ba ni idapo data lati awọn Bvn ati NIN fun ohunkohun ti idi eyi jẹ? abi o jẹ miiran olori ti ile-iṣẹ ti o firanṣẹ yi tweet LINK,mt0xl_detox_synthetic,yo_synthetic_400
,Àwọn obìnrin tí wọ́n ń pè ní ọmọ ìparun náà (Buharists) tí wọ́n ń fi ẹ̀gàn báni nínú agbo ẹran.,Àwọn obìnrin tí wọ́n ń pè ní ọmọ ìparun náà (Buharists) tí wọ́n ń fi ẹ̀gàn báni nínú agbo ẹran.,mt0xl_detox_synthetic,yo_synthetic_400
,"Àwọn olùṣọ́ àgùntàn pa àgbẹ̀ náà lẹ́yìn tó kọ̀ láti jẹ́ kí ẹran wọn máa jẹ nínú oko rẹ̀, ìròyìn sọ.","Àwọn olùṣọ́ àgùntàn pa àgbẹ̀ náà lẹ́yìn tó kọ̀ láti jẹ́ kí ẹran wọn máa jẹ nínú oko rẹ̀, ìròyìn sọ.",mt0xl_detox_synthetic,yo_synthetic_400
,"Mo máa pè ẹ́ ní òmùgọ̀, àmọ́ ẹ̀sìn Kristẹni mi á gbà mí láyè, torí náà, mo máa sọ pé kí ọlọ́run bù kún ọ̀rọ̀ òmùgọ̀ rẹ. 🙏","Mo máa pè ẹ́ ní òmùgọ̀, àmọ́ ẹ̀sìn Kristẹni mi á gbà mí láyè, torí náà, mo máa sọ pé kí ọlọ́run bù kún ọ̀rọ̀ òmùgọ̀ rẹ. 🙏",mt0xl_detox_synthetic,yo_synthetic_400
,nígbà tí mo bá mọ̀ pé o sọ pé o ti di ara ẹ̀wẹ̀sì,nígbà tí mo bá mọ̀ pé o sọ pé o ti di ara ẹwẹsì,mt0xl_detox_synthetic,yo_synthetic_400
,"Kí n tó tẹ̀ síwájú, mo fẹ́ sọ pé ""Imam Biafra"" ni àjèjì yìí, kò lè di Imam nínú Ìsìn Islam nítorí pé Ìsìn Islam kò gba ìbẹ́yà-kan-náà-lòpọ̀ láyè.","Kí n tó tẹ̀ síwájú, mo fẹ́ sọ pé ""Imam Biafra"" ni àjèjì yìí, kò lè di Imam nínú Ìsìn Islam nítorí pé Ìsìn Islam kò gba ìbẹ́yà-kan-náà-lòpọ̀ láyè.",mt0xl_detox_synthetic,yo_synthetic_400
,"Wo ẹ̀gàn yìí o... bí o bá jẹ́ ẹni tó ń ṣètìlẹ́yìn fún orílẹ̀-èdè Nàìjíríà kan, o ò ní máa fi àwọn èrò ẹ̀yà rẹ̀ kún un nípa sísọ àwọn ọ̀rọ̀ tó ń múni ṣiyèméjì bíi pé àwọn Igbo ló ní ọ̀pọ̀ jù lọ àwọn ìnáwó tó ń ṣe nílùú Lagos, tí wọ́n sì ń fi hàn pé ìlú Lagos kì í ṣe ìpínlẹ̀ Yorùbá nítorí pé ó jẹ́ olú ìlú ìjọba àpapọ̀ nígbà kan rí... Oponu! LINK","Wo ẹ̀gàn yìí o... bí o bá jẹ́ ẹni tó ń ṣètìlẹ́yìn fún orílẹ̀-èdè Nàìjíríà, o ò ní máa fi àwọn èrò ẹ̀yà rẹ̀ kún un nípa sísọ àwọn ọ̀rọ̀ tó ń múni ṣiyèméjì bíi pé àwọn Igbo ló ní ọ̀pọ̀ jù lọ àwọn ìnáwó tó ń ṣe nílùú Lagos, tí wọ́n sì ń fi hàn pé ìlú Lagos kì í ṣe ìpínlẹ̀ Yorùbá nítorí pé ó jẹ́ olú ìlú ìjọba àpapọ̀ nígbà kan rí... Oponu! LINK",mt0xl_detox_synthetic,yo_synthetic_400
,"bíbílíìkì sọ pé kó o mú ọ̀pá kúrò, kó o sì ba ọmọ náà jẹ́, má ṣe jẹ́ kí ọmọ náà máa ṣe ohun tó burú, kó o máa fi àbùkù gbá a, kó o má sì máa hùwà ìkà sí i, kó o sì tún mú un sún mọ́ ọn.","bíbílíìkì sọ pé kó o mú ọ̀pá kúrò, kó o sì ba ọmọ náà jẹ́, má ṣe jẹ́ kí ọmọ náà máa ṣe ohun tó burú, kó o máa fi àbùkù gbá a, kó o sì tún mú un sún mọ́ ọn.",mt0xl_detox_synthetic,yo_synthetic_400
,Ojú ẹ̀ ni ẹ̀ṣẹ̀ yín. kódà ẹ̀ṣẹ̀ yín tí ẹ bá gbà fún àkókò díẹ̀ sí i lè ba orílẹ̀-èdè náà jẹ́. ẹ jọ̀wọ́ lọ sí ọ̀kan lára ilé ẹ̀kọ́ almajiri GEJ bóyá ẹ lè kẹ́kọ̀ọ́ díẹ̀!!,Ojú ẹ̀ ni ẹ̀ṣẹ̀ yín. kódà ẹ̀ṣẹ̀ yín tí ẹ bá gbà fún àkókò díẹ̀ sí i lè ba orílẹ̀-èdè náà jẹ́. ẹ jọ̀wọ́ lọ sí ọ̀kan lára ilé ẹ̀kọ́ almajiri GEJ bóyá ẹ lè kẹ́kọ̀ọ́ díẹ!!,mt0xl_detox_synthetic,yo_synthetic_400
,"Nítorí náà, ẹ̀yà ẹyẹ ẹyẹ ẹyẹ ẹyẹ ẹyẹ ẹyẹ ẹyẹ ẹyẹ ẹyẹ ẹyẹ ẹyẹ ẹyẹ ẹyẹ ẹyẹ ẹyẹ ẹyẹ ẹyẹ ẹyẹ ẹyẹ ẹyẹ ẹyẹ ẹyẹ ẹyẹ ẹyẹ ẹyẹ ẹyẹ ẹyẹ ẹyẹ ẹyẹ ẹyẹ ẹyẹ ẹyẹ ẹyẹ ẹyẹ ẹyẹ ẹyẹ ẹyẹ ẹyẹ ẹyẹ ẹyẹ ẹyẹ ẹyẹ ẹyẹ ẹyẹ ẹyẹ ẹyẹ ẹyẹ ẹyẹ ẹyẹ ẹyẹ ẹyẹ ẹyẹ ẹyẹ ẹyẹ ẹyẹ ẹyẹ ẹyẹ ẹyẹ ẹyẹ ẹyẹ ẹyẹ ẹyẹ ẹyẹ ẹyẹ ẹyẹ ẹyẹ ẹyẹ ẹyẹ ẹyẹ ẹyẹ ẹyẹ ẹyẹ ẹyẹ ẹyẹ ẹyẹ ẹyẹ ẹyẹ ẹyẹ ẹyẹ ẹyẹ ẹyẹ ẹyẹ ẹyẹ ẹyẹ ẹyẹ ẹyẹ ẹyẹ ẹyẹ ẹyẹ ẹyẹ ẹyẹ ẹyẹ ẹyẹ ẹyẹ ẹyẹ ẹyẹ ẹyẹ ẹyẹ ẹyẹ ẹyẹ ẹyẹ ẹyẹ ẹyẹ ẹyẹ ẹyẹ ẹyẹ ẹyẹ ẹyẹ ẹyẹ ẹyẹ ẹyẹ ẹyẹ ẹyẹ ẹyẹ ẹyẹ ẹyẹ ẹyẹ ẹyẹ ẹyẹ ẹyẹ ẹyẹ ẹyẹ ẹyẹ ẹyẹ ẹyẹ ẹyẹ ẹyẹ ẹyẹ ẹyẹ ẹyẹ ẹyẹ ẹyẹ ẹyẹ ẹyẹ ẹyẹ ẹyẹ ẹyẹ ẹyẹ ẹyẹ ẹyẹ ẹyẹ ẹyẹ ẹyẹ ẹyẹ ẹyẹ ẹyẹ ẹyẹ ẹyẹ ẹyẹ ẹyẹ ẹyẹ ẹyẹ ẹyẹ ẹyẹ ẹyẹ ẹyẹ ẹyẹ ẹyẹ ẹyẹ ẹyẹ ẹyẹ ẹyẹ ẹyẹ ẹyẹ ẹyẹ ẹyẹ ẹyẹ ẹyẹ ẹyẹ ẹyẹ ẹyẹ ẹyẹ ẹyẹ ẹyẹ ẹyẹ ẹyẹ ẹyẹ ẹyẹ ẹyẹ ẹyẹ ẹyẹ ẹyẹ ẹyẹ ẹyẹ ẹyẹ ẹyẹ ẹyẹ ẹyẹ ẹyẹ ẹyẹ ẹyẹ ẹyẹ ẹyẹ ẹyẹ ẹyẹ ẹyẹ ẹyẹ ẹyẹ ẹyẹ ẹyẹ ẹyẹ ẹyẹ ẹyẹ ẹyẹ ẹyẹ ẹyẹ ẹyẹ ẹyẹ ẹyẹ ẹyẹ ẹyẹ ẹyẹ ẹyẹ ẹyẹ ẹyẹ ẹyẹ ẹyẹ ẹyẹ ẹyẹ ẹyẹ ẹyẹ ẹyẹ ẹyẹ ẹyẹ ẹyẹ ẹyẹ ẹyẹ ẹyẹ ẹyẹ ẹyẹ ẹyẹ ẹyẹ ẹyẹ ẹyẹ ẹyẹ ẹyẹ ẹyẹ ẹyẹ ẹyẹ ẹyẹ ẹyẹ ẹyẹ ẹyẹ ẹyẹ ẹyẹ ẹyẹ ẹyẹ ẹyẹ ẹyẹ ẹyẹ ẹyẹ ẹyẹ ẹyẹ ẹyẹ ẹyẹ ẹyẹ ẹyẹ ẹyẹ ẹyẹ ẹyẹ ẹyẹ ẹyẹ ẹyẹ ẹyẹ ẹyẹ ẹyẹ ẹyẹ ẹyẹ ẹyẹ ẹyẹ ẹyẹ ẹyẹ ẹyẹ ẹyẹ ẹyẹ ẹyẹ ẹyẹ ẹyẹ ẹyẹ ẹyẹ ẹyẹ ẹyẹ ẹyẹ ẹyẹ ẹyẹ ẹyẹ ẹyẹ ẹyẹ ẹyẹ ẹyẹ ẹyẹ ẹyẹ ẹyẹ ẹyẹ ẹyẹ ẹyẹ","Nítorí náà, ẹ̀yá ẹyẹ ẹyẹ ẹyẹ ẹyẹ ẹyẹ ẹyẹ ẹyẹ ẹyẹ ẹyẹ ẹyẹ ẹyẹ ẹyẹ ẹyẹ ẹyẹ ẹyẹ ẹyẹ ẹyẹ ẹyẹ ẹyẹ ẹyẹ ẹyẹ ẹyẹ ẹyẹ ẹyẹ ẹyẹ ẹyẹ ẹyẹ ẹyẹ ẹyẹ ẹyẹ ẹyẹ ẹyẹ ẹyẹ ẹyẹ ẹyẹ ẹyẹ ẹyẹ ẹyẹ ẹyẹ ẹyẹ ẹyẹ ẹyẹ ẹyẹ ẹyẹ ẹyẹ ẹyẹ ẹyẹ ẹyẹ ẹyẹ ẹyẹ ẹyẹ ẹyẹ ẹyẹ ẹyẹ ẹyẹ ẹyẹ ẹyẹ ẹyẹ ẹyẹ ẹyẹ ẹy",mt0xl_detox_synthetic,yo_synthetic_400
,O jẹ mumu,o jẹ mumu,mt0xl_detox_synthetic,yo_synthetic_400
,"Ìgbà yẹn ni ìfẹ́ tó o ní fún ìgbésí ayé rẹ máa ń wá ìmọ̀ràn láti bá ọ yanjú ìṣòro rẹ̀, ìyẹn ni pé kó o yanjú ìṣòro rẹ̀.","Ìgbà yẹn ni ìfẹ́ tó ní fún ìgbésí ayé rẹ máa ń wá ìmọ̀ràn láti bá ọ yanjú ìṣòro rẹ̀, ìyẹn ni pé kó o yanjú ìṣòro rẹ̀.",mt0xl_detox_synthetic,yo_synthetic_400
,èyí sì ni àbájáde,Eyi sì ni àbájáde,mt0xl_detox_synthetic,yo_synthetic_400
,Ẹ̀yà tó ti di ẹni tí kò tíì ṣe ohun tó ń jẹ́ ìwà ọ̀daràn yìí ló ti di èyí tó ti di ẹni tí kò tíì ṣe ohun tó ń jẹ́ ìwà ọ̀daràn.,Ẹnikẹni tó ti di ẹni tí kò tíì ṣe ohun tó ń jẹ́ ìwá ọ̀daràn yìí ló ti di èyí tó ti di ẹni tí kò tíì ṣe ohun tó ń jẹ́ ìwá ọ̀daràn.,mt0xl_detox_synthetic,yo_synthetic_400
,"O jẹ ẹlẹdẹ ẹ̀jẹ̀ àti ìtìjú, o jẹ́ ẹni burúkú, tí èmi bá sì jẹ́ ẹni tí wọ́n fi ẹ̀sùn kàn, màá rí i dájú pé o lo àádọ́rinléláàádọ́rin wákàtí nínú panti","O jẹ ẹni tí wọ́n fi ẹ̀sùn kàn, tí èmi bá sì jẹ́ ẹni tí wọ́n fi ẹ̀sùn kàn, maá rí i dájú pé o lo àádọ́rinléláàádọ́rin wákàtí nínú panti",mt0xl_detox_synthetic,yo_synthetic_400
,"Wọn kò fi ọmọbìnrin yìí hàn, ó lọ bá ""àwọn ọkùnrin jẹ́ ẹ̀yà ẹ̀gbin tí kò dára gan-an"" Martinez Messi Ààrẹ Arewa Usman Naomi Oyo Ipinle Miyetti Allah LINK","Wọn kò fi ọmọbìnrin yìí hàn, ó lọ bá ""àwọn ọkùnrin jẹ́ ẹyà tí kò dára gan-an"" Martinez Messi Ààrẹ Arewa Usman Naomi Oyo Ipinle Miyetti Allah LINK",mt0xl_detox_synthetic,yo_synthetic_400
,"Ọ̀nà tí mi ò fi nífẹ̀ẹ́ àwọn orin Yorùbá ehh, bó tilẹ̀ jẹ́ pé mi ò rí bí wọ́n ṣe ń sọ nǹkan","Ọ̀nà tí mi ò fi nífẹ̀ẹ́ àwọn orin Yorùbá ehh, bó tilẹ̀ jẹ́ pé mi ò rí bí wọ́n ṣe ń sọ nǹkan",mt0xl_detox_synthetic,yo_synthetic_400
,"""Àdàájọ́ náà fẹ́ kí Áfíríkà kúrò nínú eré náà.: : Àdàájọ́ yìí kì í ṣe ọmọlúwàbí! Ó ń pa Ìdárayá náà ní ìṣẹ́jú kọ̀ọ̀kan"".","Àdàájọ́ náà fẹ́ kí Áfíríkà kúrò nínú eré náà.: : Àdàájọ́ yìí kì í ṣe ọmọlúwábí! Ó ń pa Ìdárayá náà ní ìṣẹ́jú kọ̀ọ̀kan"".",mt0xl_detox_synthetic,yo_synthetic_400
,"Fulani Herdmens le gbe nibikibi ti wọn yan sọ pe Fulani Herdmens ti jẹ apaniyan fun diẹ sii ju ọdun mẹwa bayi. Bi awọn olugbe Kaduna ati North Central States. Wọn ṣẹṣẹ fa awọn ipaniyan wọn si apakan miiran ti Naijiria, idi ti aago itaniji ti n pe. Awọn ẹmi buburu LINK","Fulani Herdmens le gbe nibikibi ti wọn yan sọ pe Fulani Herdmens ti jẹ apaniyan fun diẹ sii ju ọdun mẹwa bayi. Bi awọn olugbe Kaduna ati North Central States. Wọn ṣẹṣẹ fa awọn ipaniyan wọn si apakan miiran ti Naijiria, idi ti aago itaniji ti n pe.",mt0xl_detox_synthetic,yo_synthetic_400
,"Joe Igbokwe jẹ onirọra ti o jẹ alaisan ati aṣiwere kan. nigbagbogbo n tan awọn aworan eke, o ko si ki wọn lo Camp Nou bi papa Uyo. bi Joe bi Lauretta.","Joe Igbokwe jẹ onirọra ti o jẹ alaisan ati aṣiwere. nigbagbogbo n tan awọn aworan eke, o ko si ki wọn lo Camp Nou bi papa Uyo. bi Joe bi Lauretta.",mt0xl_detox_synthetic,yo_synthetic_400
,"Ìdí nìyẹn tí ọkùnrin kan fi máa ń gba ẹ̀bùn rẹ̀ padà nígbà tí àjọṣe kan kò bá ṣeé ṣe, ohun tó máa ń tẹ̀ lé e táwọn obìnrin sábà máa ń sọ ni pé kí wọ́n gba ìbálòpọ̀ padà, nítorí pé ọ̀pọ̀ wọn ló máa ń ra nǹkan fún àwọn ọkùnrin wọn.","Ìdí nìyẹn tí ọkùnrin kan fi máa ń gba ẹ̀bùn rẹ̀ padà nígbà tí àjọṣe kan kò bá ṣeé ṣe, ohun tó máa ń tẹ̀ lé e táwọn obìnrin sábà máa ń sọ ni pé kí wọ́n gba ìbálòpọ̀ padà, nítorí pé ọ́pọ̀ wọn ló máa ń ra nǹkan fún àwọn ọkùnrin wọn.",mt0xl_detox_synthetic,yo_synthetic_400
,"TeamMiquel. Hahahaha u sharp.wen a padanu 8 n evribody wà bi hehehuhuhi n nw o wà 6 n d wer ah... refur stupid {""""""sunkin""""}",TeamMiquel. Hahaha u sharp.wen a padanu 8 n evribody wà bi hehehuhuhi n nw o wà 6 n d wer ah... refur stupid,mt0xl_detox_synthetic,yo_synthetic_400
,"Ah ahn!!! àwọn èèyàn mi àti àwọn àwòkẹ́kọ̀ọ́ tí wọ́n ń ṣe o! mo tún gbọ́ pé àwọn èèyàn ti tiwi máa ń pín àwọn aya wọn níyà pẹ̀lú àwọn àlejò, àwọn ibo èèyàn ni gbogbo àwọn ọ̀daràn àti àwọn ará àríwá kò kàwé. kí nìdí tá a fi ń fẹ́ láti fi àwọn àwòkẹ́kọ̀ọ́ tí kò dára yìí hàn ní orílẹ̀-èdè yìí lórí ìkànnì ìkànnì!? ♂️","Ah ahn!!! àwọn ènìyàn mi àti àwòkẹ́kọ̀ọ́ tí wọ́n ń ṣe o! mo tún gbọ́ pé àwọn ènìyàn ti tiwi máa ń pín àwọn aya wọn níyà pẹ̀lú àwọn àlejò, àwọn ibo ènìyàn ni gbogbo àwọn ará àríwá kò kàwé. kí nìdí tá a fi ń fẹ́ láti fi àwòkẹ́kọ̀ọ́ tí kò dára yìí hàn ní orílẹ̀-èdè yìí lórí ìkànnì ìkànnì!? ♂️",mt0xl_detox_synthetic,yo_synthetic_400
,"Àwọn obìnrin máa ń bára wọn jà , wọn ò sì máa ṣe ojúsàájú .","Àwọn obìnrin máa ń bára wọn jà, wọn ò sì máa ṣe ojúsàájú.",mt0xl_detox_synthetic,yo_synthetic_400
,àwọn ará gúúsù áfíríkà tí wọ́n jẹ́ alágàbàgebè ń wá àwọn ohun ìní tí wọ́n máa kó jọ.,àwọn ará gúúsù áfíríkà tí wọ́n jẹ́ alágàbàgebè ń wá àwọn ohun ìní tí wọ́n máa kó jọ.,mt0xl_detox_synthetic,yo_synthetic_400
,Mo máa ń ronú pé àwọn ọ̀mùgọ̀ APC mélòó ló ti fi ẹ̀tàn àti irọ́ ba ọpọlọ wọn jẹ́.,Mo máa ń ronú pé àwọn ọ̀mùgọ̀ APC mélòó ló ti fi ẹ̀tàn àti irọ́ ba ọpọlọ wọn jẹ́.,mt0xl_detox_synthetic,yo_synthetic_400
,: Hausa/Fulani D àwọn ajá ọdẹ fún Britain D'Shameless Slave Masters àwọn apànìyàn ará Áfíríkà https:...,Hausa/Fulani D awọn ajá ọdẹ fún Britain D'Shameless Slave Masters awọn apànìyàn ará Áfíríkà https:...,mt0xl_detox_synthetic,yo_synthetic_400
,Awon onímọ̀ nípa àwọn aṣẹ́wó ✌,Awon onímọ̀ nípa àwọn aṣẹ́wó ✌,mt0xl_detox_synthetic,yo_synthetic_400
,"O ò ní ṣe é fún àwọn obìnrin tí wọ́n ti hùwà ìkà láti mú kí àwọn ọkùnrin dára, àwọn ọkùnrin gbọ́dọ̀ máa bá àwọn ọkùnrin ẹlẹgbẹ́ wọn sọ̀rọ̀ kí wọ́n lè jẹ́ rere.","O o ní ṣe é fún àwọn obìnrin tí wọ́n ti hùwà ìkà láti mú kí awọn ọkùnrin dára, awọn ọkùnrin gbọ́dọ̀ máa bá awọn ọkùnrin ẹlẹgbẹ́ wọn sọ̀rọ̀ kí wọ́n lè jẹ́ rere.",mt0xl_detox_synthetic,yo_synthetic_400
,"Mo fẹ́ sọ fún yín pé kí ẹ sọ fún àwọn ará yín tí wọ́n jẹ́ Musulumi pé kí wọ́n ṣe ohun tí ẹ mọ́ jù lọ, kí ẹ sọ fún wọn pé kí wọ́n ṣe ohun tí ẹ mọ́ jù lọ, kí ẹ sọ fún wọn pé kí wọ́n ṣe ohun tí ẹ mọ́ jù lọ, kí ẹ sọ fún wọn pé kí wọ́n ṣe ohun tí ẹ mọ́ jù.","Mo fẹ́ sọ fún yín pé kí ẹ sọ fún àwọn ará yín tí wọ́n jẹ́ Musulumi pé kí wọ́n ṣe ohun tí ẹ mọ́ jù lọ, kí ẹ sọ fún wọn pé kí wọ́n ṣe ohun tí ẹ mọ́ jù lọ, kí ẹ sọ fún wọn pé kí wọ́n ṣe ohun tí ẹ mọ́ jù lọ.",mt0xl_detox_synthetic,yo_synthetic_400
,Èṣù Yoruba mi😁😁😁,Èṣù Yoruba mi😁😁😁,mt0xl_detox_synthetic,yo_synthetic_400
,Nigeria jẹ́ ìtìjú ńláǹlà a kò fi ẹ̀yìn wa tẹ̀lé àwọn ohun tí kò tó nǹkan àti ìwà búburú ń gba àfiyèsí lórí àwọn ìkànnì àjọlò.,Nigeria jẹ́ ìtìjú ńláǹlà a kò fi ẹ̀yìn wa tẹ̀lé àwọn ohun tí kò tó nǹkan àti ìwà búburú ń gba àfiyèsí lórí àwọn ìkànnì àjọlò.,mt0xl_detox_synthetic,yo_synthetic_400
,Tàbí pé àwọn méjèèjì méjèèjì ló ń ṣeré,Tàbí pé àwọn méjèèjì méjèjì ló ń ṣeré,mt0xl_detox_synthetic,yo_synthetic_400
,Mo kórìíra àwọn ẹlẹ́gbin Hollywood tí kò ṣeé ṣe,Mo kórìíra àwọn ẹlẹ́gbin Hollywood tí kò ṣeé ṣe,mt0xl_detox_synthetic,yo_synthetic_400
,"ìṣòro àwọn orílẹ̀-èdè àríwá ni àìlọ́kọ̀ọ́kọ̀ọ́, tí wọ́n ń dá àwọn ọmọ tí wọn ò lè pèsè fún, pàápàá àwọn ọmọ Almajirai tó pọ̀ gan-an.","ìṣòro àwọn orílẹ̀-èdè àríwá ni àìlọ́kọ̀ọ́kọ̀ọ́, tí wọ́n ń dá àwọn ọmọ tí wọn ò lè pèsè fún, pàápá àwọn ọmọ Almajirai tó pọ̀ gan-an.",mt0xl_detox_synthetic,yo_synthetic_400
,Àwòrán náà wà lórí ìkànnì GULDER ULTIMATE SEARCH.,Àwòrán náà wà lórí ìkànnì GULDER ULTIMATE SEARCH.,mt0xl_detox_synthetic,yo_synthetic_400
,O jẹ́ ètò tó dára tí a ronú jinlẹ̀ láti gbẹ̀san fún 'àwọn orí kokó tí kò ní gbọ́ ọ̀rọ̀ tí kò ní jẹ́ kí ìjọba rúbọ' àti pé ọrẹ tí a ṣe fún ọjọ́ Sunday lè ní í ṣe pẹ̀lú rẹ̀,O jẹ́ ètò tó dára tí a ronú jinlẹ̀ láti gbẹ̀san fún 'àwọn orí kokó tí kò ní gbọ́ ọ̀rọ̀ tí kò ní jẹ́ kí ìjọba rúbọ' àti pé ọrẹ tí a ṣe fún ọjọ́ Sunday lè ní í ṣe pẹ̀lú rẹ̀,mt0xl_detox_synthetic,yo_synthetic_400
,"A ti fi ọ̀pọ̀ ọmọ-ọ̀dọ́ kan sílẹ̀, ó sì dà bíi pé ó yàtọ̀ síra.","A ti fi ọ̀pọ̀ ọmọ-ọ̀dọ́ kan sílẹ̀, ó sì dà bíi pé ó yàtọ̀ síra.",mt0xl_detox_synthetic,yo_synthetic_400
,"ẹ̀sìn kristẹni ní áfíríkà kò yàtọ̀ sí bí ẹ ṣe ń ṣe sáwọn bàbá yín, bí ẹ bá jẹ́ kí ọ̀pọ̀ àwọn ọmọ orílẹ̀ - èdè tó ń gbé nílẹ̀ gúúsù áfíríkà máa fi ẹ̀rù ba ẹ̀yin ọmọ wọn.","ẹ̀sìn kristẹni ní áfíríkà kò yàtọ̀ sí bí ẹ ṣe ń ṣe sáwọn bàbá yín, bí ẹ bá jẹ́ kí ọ̀pọ̀ àwọn ọmọ orílẹ̀ - èdè tó ń gbé nílẹ̀ gúúsù áfíríkà máa fi ẹ̀rù ba ẹ̀yin ọmọ wọn.",mt0xl_detox_synthetic,yo_synthetic_400
,Mo wa lati North Hausa fullani nipa ẹya Emi ko ṣe yahoo yahoo Emi ko ṣe 419 Emi ko ṣe ijọsin pẹlu ẹbi mi Emi ko fipamọ Emi jẹ Almajiri Emi ko ṣe ifiranṣẹ mi lori twitter tabi facebook Mo ni PVC AND MO Firanṣẹ PMB Idan kaji haushi Kaci Uwarka ,Mo wa lati North Hausa fullani nipa ẹya Emi ko ṣe yahoo yahoo Emi ko ṣe 419 Emi ko ṣe ijọsin pẹlu ẹbi mi Emi ko fipamọ Emi jẹ Almajiri Emi ko ṣe ifiranṣẹ mi lori twitter tabi facebook Mo ni PVC AND MO Firanṣẹ PMB Idan kaji haushi Kaci Uwarka,mt0xl_detox_synthetic,yo_synthetic_400
,"E-almajiri, àwọn ọ̀pọ̀lọpọ̀ tí kò ní ojú.","E-almajiri, awọn ọ̀pọ̀lọpọ̀ tí kò ní ojú.",mt0xl_detox_synthetic,yo_synthetic_400
,"Obinrin ti n ṣe iyalẹnu ara rẹ nitori pe o &amp; apos; n Tobi han bi ọrẹ nikan. Ọna Tobi ti n ṣe ni ile ni idi ti o ko fi ṣiṣẹ pẹlu Alex - o jẹ ẹmi-ẹmi Yoruba, ti n fo lati obinrin kan si ekeji, awọn obinrin diẹ pupọ ni o le ṣakoso dat, paapaa awọn ti o ni ifojusi kekere. Ko fẹran CeeC tabi rara, o n gbe LINK rẹ","Obinrin ti n ṣe iyalẹnu ara rẹ nitori pe o &amp; apos; n Tobi han bi ọrẹ nikan. Ọna Tobi ti n ṣe ni ile ni idi ti o ko fi ṣe pẹlu Alex - o jẹ ẹmi-ẹmi Yoruba, ti n fo lati obinrin kan si ekeji, awọn obinrin diẹ pupọ ni o le ṣakoso dat, paapaa awọn ti o ni ifojusi kekere. Ko fẹran CeeC tabi rara, o n gbe LINK rẹ",mt0xl_detox_synthetic,yo_synthetic_400
,"O fẹ́ aya ilé, ṣùgbọ́n o kò fẹ́ ọmọbìnrin tó ń béèrè owó, arákùnrin ìwà òmùgọ̀ rẹ ń pariwo pé ọkùnrin kì í ṣe ilé ìtajà Kiko","O fẹ́ aya ilé, ṣùgbọ́n o kò fẹ́ ọmọbìnrin tó ń béèrè owó, arákùnrin ìwá òmùgọ̀ rẹ ń pariwo pé ọkùnrin kì í ṣe ilé ìtajà Kiko",mt0xl_detox_synthetic,yo_synthetic_400
,Bí àwọn Yorùbá kan ṣe ń gbé ìlú Lagos lọ́wọ́ wọn... ẹ lè sọ pé ibi tí wọ́n ń gbé yìí kì í ṣe ìlú kékeré kan ní London lol 😂... ìlú Lagos kì í ṣe ibi tí wọ́n ń gbé bí àwọn tó kù nínú orílẹ̀-èdè náà.,Bí àwọn Yorùbá kan ṣe ń gbé ìlú Lagos lọ́wọ́ wọn... ẹ lè sọ pé ibi tí wọ́n ń gbé yìí kì í ṣe ìlú kékeré kan ní London lol 😂... ìlú Lagos kì í ṣe ibi tí wọ́n ń gbé bí àwọn tó kù nínú orílẹ̀-èdè náà.,mt0xl_detox_synthetic,yo_synthetic_400
,"Bẹẹni, ọmọ ẹgbẹ́ mẹ́ta ni kí akọọlẹ gidi mi má bàa dáwọ́ dúró.. wo ojú rẹ bí ọmọ boko. Fulani ẹ̀sìn àwọn ọkùnrin protogee😂😂😂. Arabu ẹlẹ́tàn. ibi kan wà @obalende fún irú rẹ","Bẹẹni, ọmọ ẹgbẹ́ mẹ́ta ni kí akọọlẹ gidi mi má bàa dáwọ́ dúró.. wo ojú rẹ bí ọmọ boko. Arabu ẹ̀sìn àwọn ọkùnrin protogee😂😂😂. Arabu ẹlẹ́tàn. ibi kan wà @obalende fún irú rẹ",mt0xl_detox_synthetic,yo_synthetic_400
,"Tó bá jẹ́ pé SARS ti pa ìyàwó rẹ, ọmọ rẹ tàbí àbúrò rẹ, o ò ní máa tú àwọn ohun òmùgọ̀ yìí jáde.","Tó bá jẹ́ pé SARS ti pa ìyàwó rẹ, ọmọ rẹ tàbí àbúrò rẹ, o ó ní máa tú àwọn ohun òmùgọ̀ yìí jáde.",mt0xl_detox_synthetic,yo_synthetic_400
,"arákùnrin mi kí ni mo tún sọ, gbogbo ohun tó ń ṣẹlẹ̀ ní orílẹ̀ èdè yìí ń mú kí n rí i bí ẹni pé mo ń lá lá lá lálá. àwọn agbo ẹran Boko Haram àti Fulani rí ayọ̀ àti ìdùnnú púpọ̀ nínú pípa àwọn aláìmọ́mi-mẹ́nì-tó-mọ́nì-tó-mi-tó-mi-tó-mi-tó-mi-tó-mi-tó-mi-tó-mi-tó-mi-tó-mi-tó-mi-tó-mi-tó-mi-tó-mi-tó-mi-tó-mi-tó-mi-tó-mi-tó-mi-tó-mi-tó-mi-tó-mi-tó-mi-tó-mi-tó-mi-tó-mi-tó-mi-tó-mi-tó-mi-tó-mi-tó-mi-tó-mi-tó-mi-tó-mi-tó-mi-tó-mi-tó-mi-tó-mi-tó-tó-mi-tó-tó-mi-tó-tó-mi-tó-tó-tó-tó-mi-tó-tó-tó-tó-tó-mi-tó-tó-tó-tó-tó-tó-tó-mi-tó-tó-tó-tó-tó-tó-tó-tó-tó-mi-tó-tó-tó-tó-tó-tó-tó-tó-tó-tó-tó-tó-tó-tó-tó-tó-tó-tó-tó-tó-tó-tó-tó-tó-tó-tó-tó-tó-tó-tó-tó-tó-tó-tó-tó-tó-tó-tó-tó-tó-tó-tó-tó-tó-tó-tó-tó-tó-tó-tó-tó-tó-tó-tó-tó-tó-tó-tó-tó-tó-tó-tó-tó-tó-tó-tó-tó-tó-tó-tó-tó-tó-tó-tó-tó-tó-tó-tó-tó-tó-tó-tó-tó-tó-tó-tó-tó-tó-tó-tó-tó-tó-tó-tó-tó-tó-tó-tó-tó-tó-tó-tó-tó-tó-tó-tó-tó-tó-tó-tó-tó-tó-tó-tó-tó-tó-tó-tó-tó-tó-tó-tó-tó-tó-tó-tó-tó-tó-tó-tó-tó-tó-tó-tó-tó-tó-tó-tó-tó-tó-tó-tó-tó-tó-tó-tó-tó-tó-tó-tó-","arákùnrin mi kí ni mo tún sọ, gbogbo ohun tó ń ṣẹlẹ̀ ní orílẹ̀ èdè yìí ń mú kí n rí i bí ẹni pé mo ń lá lá lá lálá. àwọn agbo ẹran Boko Haram àti Fulani rí ayọ̀ àti ìdùnnú púpọ̀ nínú pípa àwọn aláìmọ́mi-mẹ́nì",mt0xl_detox_synthetic,yo_synthetic_400
,"Gbogbo ìgbà tí ìyá ará Amẹ́ríkà bá bínú, ó máa ń pe ọmọ rẹ̀ ní ""ọmọ àjèjì"" ...😀😁😂😂...ta ni àjèjì náà?","Gbogbo ìgbà tí ìyá ará Amẹ́ríkà bá bínú, ó máa ń pe ọmọ rẹ̀ ní ""ọmọ àjèjì""...😀😁😂😂...ta ni àjèjì náà?",mt0xl_detox_synthetic,yo_synthetic_400
,"""Mo gbàdúrà pé kí ẹ fi àpáta yín kún àpáta àpáta.",Mo gbàdúrà pé kí ẹ fi àpáta yín kún àpáta àpáta.,mt0xl_detox_synthetic,yo_synthetic_400
,Jọwọ ran Kristiani ati BIAFRA lọwọ lati da awọn iwa-ipa-ipa-ipa-ipa-ipa-ipa-ipa-ipa-ipa-ipa-ipa-ipa-ipa-ipa-ipa-ipa-ipa-ipa-ipa-ipa-ipa-ipa-ipa-ipa-ipa-ipa-ipa-ipa-ipa-ipa-ipa-ipa-ipa-ipa-ipa-ipa-ipa-ipa-ipa-ipa-ipa-ipa-ipa-ipa-ipa-ipa-ipa-ipa-ipa-ipa-ipa-ipa-ipa-ipa-ipa-ipa-ipa-ipa-ipa-ipa-ipa-ipa-ipa-ipa-ipa-ipa-ipa-ipa-ipa-ipa-ipa-ipa-ipa-ipa-ipa-ipa-ipa-ipa-ipa-ipa-ipa-ipa-ipa-ipa-ipa-ipa-ipa-ipa-ipa-ipa-ipa-ipa-ipa-ipa-ipa-ipa-ipa-ipa-ipa-ipa-ipa-ipa-ipa-ipa-ipa-ipa-ipa-ipa-ipa-ipa-ipa-ipa-ipa-ipa-ipa-ipa-ipa-ipa-ipa-ipa-ipa-ipa-ipa-ipa-ipa-ipa-ipa-ipa-ipa-ipa-ipa-ipa-ipa-ipa-ipa-ipa-ipa-ipa-ipa-ipa-ipa-ipa-ipa-ipa-ipa-ipa-ipa-ipa-ipa-ipa-ipa-ipa-ipa-ipa-ipa-ipa-ipa-ipa-ipa-ipa-ipa-ipa-ipa-ipa-ipa-ipa-ipa-ipa-ipa-ipa-ipa-ipa-ipa-ipa-ipa-ipa-ipa-ipa-ipa-ipa-ipa-ipa-ipa-ipa-ipa-ipa-ipa-ipa-ipa-ipa-ipa-ipa-ipa-ipa-ipa-ipa-ipa-ipa-ipa-ipa-ipa-ipa-ipa-ipa-ipa-ipa-ipa-ipa-ipa-ipa-ipa-ipa-ipa-ipa-ipa-ipa-ipa-ipa-ipa-ipa-ipa-ipa-ipa-ipa-ipa-ipa-ipa-ipa-ipa-ipa-ipa-ipa-ipa-ipa-ipa-ipa-ipa-ipa-ipa-ipa-ipa-ipa-ipa-ipa-ipa-ipa-ipa-ipa-ipa-ipa-ipa-ipa-ipa-ipa-ipa-ipa-ipa-ipa-ipa-ipa-ipa-ipa-ipa-ipa-ipa-ipa-ipa-ipa-ipa-ipa-ipa-ipa-ipa-ipa-ipa-ipa-ipa-ipa-ipa-ipa-ipa-ipa-ipa-ipa-ipa-ipa-ipa-ipa-ipa-ipa-ipa-,Jọwọ ran Kristiani ati BIAFRA lọwọ lati da awọn iwa-ipa-ipa-ipa-ipa-ipa-ipa-ipa-ipa-ipa-ipa-ipa-ipa-ipa-ipa-ipa-ipa-ipa-ipa-ipa-ipa-ipa-ipa-ipa-ipa-ipa-ipa-ipa-ipa-ipa-ipa-ipa-ipa-ipa-ipa-ipa-ipa-ipa-ipa-ipa-ipa-ipa-ipa-ipa-ipa-ipa-ipa-ipa-ipa-ipa-ipa-ipa-ipa-ipa-ipa-ipa-ipa-ipa-ipa-ipa-ipa-ipa-ipa-ipa-ipa-ipa-ipa-ipa-ipa-ipa-ipa-ipa-ipa-ipa-ipa-ipa-ipa-ipa-ipa-ipa-ipa-ipa-ipa-ipa-ipa-ipa-ipa-ipa-ipa-ipa-ipa-ipa-ipa-ipa-ipa-ipa-ipa-ipa-ipa-ipa-ipa-ipa-ipa-ipa-ipa-ipa-ipa-ipa-ipa-ipa-ipa-ipa-ipa-ipa-ipa-ipa-ipa-,mt0xl_detox_synthetic,yo_synthetic_400
,"àwọn ọlọ́pàá tó ń dáàbò bo àlàáfíà ni wọ́n, ìjì ń pa ẹni tí wọ́n bí nítorí pé kò mọ̀ ọ́n lára.","awọn ọlọ́pàá tó ń dáàbò bo àlàáfíà ni wọ́n, ìjì ń pa ẹni tí wọ́n bí nítorí pé kò mọ̀ ọ́n lára.",mt0xl_detox_synthetic,yo_synthetic_400
,Gbogbo nǹkan ló jẹ́ nípa ìṣèlú fún àwọn òkùnkùn àríwá yìí,Gbogbo nǹkan ló jẹ́ nípa ìṣèlú fún àwọn òkùnkùn àríwá yìí,mt0xl_detox_synthetic,yo_synthetic_400
,wọ́n mú ká gbà pé àwọn ará áfíríkà jẹ́ ọmọ ìran... àwọn ará éṣíà yìí wà ní ipò tó yàtọ̀ pátápátá... àwọn ni àwọn ọmọ ìran ìran ìran ìran.,wọ́n mú ká gbà pé àwọn ará áfíríkà jẹ́ ọmọ ìran... àwọn ará éṣíà yìí wà ní ipò tó yàtọ̀ pátápátá... àwọn ni àwọn ọmọ ìran ìran ìran.,mt0xl_detox_synthetic,yo_synthetic_400
,"kí ni ó jẹ́ ohun tí ẹ̀wù ìbálòpọ̀ náà ń ṣe... ẹ̀yin ọmọ mi, bí ẹ bá ń béèrè fún obìnrin kan tí ẹ sì ń náwó fún un bá jẹ́ ohun tó ṣe pàtàkì, ẹ lọ ra ẹ̀wù ìbálòpọ̀ kan tó tó ẹgbẹ̀rún méjìdínlógójì [800,000] [800,000] [800,000] [800,000] [800,000] [800,000] [800,000] [800,000] [800,000] [800,000] [800,000] [800,000] [800,000] [800] [100,000] [100] [100] [100] [100] [100] [100] [100] [100] [100] [100] [100] [100] [100] [100] [100] [100] [100] [100] [100] [100] [100] [100] [100] [100] [100] [100] [100] [100] [100] [100] [100] [100] [100] [100] [100] [100] [100] [100] [100] [100] [100] [100] [100] [100] [100] [100] [100] [100] [100] [100] [100] [100] [100] [100] [100] [100] [100] [100] [100] [100] [100] [100] [100] [100] [100] [100] [100] [100] [100] [100] [100] [100] [100] [100] [100] [100] [00 [100] [100] [100] [00 [100] [100] [00 [100] [100] [00 [100] [00 [100] [00 [00 [100] [00 [00 [100] [00 [00 [00] [00 [00] [00 [00] [00] [00 [00] [00] [00] [00] [00 [00] [00] [00] [00 [00] [00] [00] [00] [00] [00] [00] [00] [00] [00] [00] [00] [00 [00] [00] [00] [00] [00] [00] [00] [00] [00] [00] [00] [00 [00] [00] [00] [00] [00] [00] [00] [00] [00] [00] [00] [00] [00] [00] [00] [00] [00] [00] [00] [00] [00] [00","kí ni ó jẹ́ ohun tí ẹ̀wù ìbálòpọ̀ náà ń ṣe... ẹ̀yin ọmọ mi, bí ẹ bá ń béèrè fún obìnrin kan tí ẹ sì ń nawó fún un bá jẹ́ ohun tó ṣe pàtàkì, ẹ lọ ra ẹwù ìbálòpọ̀ kan tó tó ẹgbẹ̀rún méjìdínlógóji",mt0xl_detox_synthetic,yo_synthetic_400
,"Lol eniyan ti o buru pupọ, Mo sọ orilẹ-ede buh kini iyatọ, lakoko ti o ti n ṣe atilẹyin ibajẹ ni orilẹ-ede Tour ... Igbo ọkunrin","Lol eniyan ti o buru pupọ, Mo sọ orilẹ-ede buh kini iyatọ, lakoko ti o ti n ṣe atilẹyin ibajẹ ni orilẹ-ede Tour...",mt0xl_detox_synthetic,yo_synthetic_400
,"ẹ kíyè sára, àwọn ẹlẹ́tàn nílùú lọ́nà ìlú lọ́nà ìlú lọ́nà ìlú lọ́nà ìlú lọ́nà ìlú lọ́nà ìlú lọ́nà ìlú lọ́nà ìlú lọ́nà ìlú lọ́nà ìlú lọ́nà ìlú lọ́nà ìlú lọ́nà ìlú lọ́nà ìlú lọ́nà ìlú lọ́nà ìlú lọ́nà ìlú lọ́nà ìlú lọ́nà ìlú lọ́nà ìlú lọ́nà ìlú lọ́nà ìlú lọ́nà ìlú lọ́nà ìlú lọ́nà ìlú lọ́nà ìlú lọ́nà ìlú lọ́nà ìlú lọ́nà ìlú lọ́nà ìlú lọ́nà ìlú lọ́nà ìlú lọ́nà ìlú lọ́nà ìlú lọ́nà ìlú lọ́nà ìlú lọ́nà ìlú lọ́nà ìlú lọ́nà ìlú lọ́nà ìlú lọ́nà ìlú lọ́nà ìlú lọ́nà àdúgbò lọ́nà àdúgbò lọ́nà àdúgbò lọ́nà àdúgbò lọ́nà àdúgbò lọ́nà àdúgbò lọ́nà àdúgbò lọ́nà àdúgbò lọ́nà àdúgbò lọ́nà àdúgbò lọ́nà àdúgbò lọ́nà àdúgbò lọ́nà àdúgbò lọ́nà àdúgbò lọ́nà àdúgbò lọ́nà àdúgbò lọ́nà àdúgbò lọ́nà àdúgbò lọ́nà àdúgbò lọ́nà àdúgbò","ẹ kíyè sára, àwọn ẹlẹ́tàn nílùú lọ́nà ìlú lọ́nà ìlú lọ́nà ìlú lọ́nà ìlú lọ́nà ìlú lọ́nà ìlú lọ́nà ìlú lọ́nà ìlú lọ́nà ìlú lọ́nà ìlú lọ́nà ìlú lọ́nà ìlú lọ́nà ìlú lọ́nà ìlú lọ́nà ìlú lọ́nà ìlú lọ́nà ìlú lọ́nà ìlú lọ́nà ìlú lọ́nà ìlú lọ́nà ìlú lọ́nà ìlú lọ́nà ìlú lọ́nà ìlú lọ́nà ìlú lọ́nà ìlú lọ́nà ìlú lọ́nà ìlú lọ́nà ìlú ló",mt0xl_detox_synthetic,yo_synthetic_400
,Ọ̀daràn àjèjì,Ọ̀daràn àjèjì,mt0xl_detox_synthetic,yo_synthetic_400
,Mo kórìíra àwọn ọmọbìnrin tó ń sọ̀rọ̀ gan-an...,Mo kórìíra àwọn ọmọbìnrin tó ń sọ̀rọ̀ gan-an...,mt0xl_detox_synthetic,yo_synthetic_400
,"Èèyàn òmùgọ̀, ṣé o ń tú ẹ̀wù ẹ̀wù tó ń lóyún?","Ẹnikẹni òmùgọ̀, ṣé o ń tú ẹ̀wù ẹ̀wù tó ń lóyún?",mt0xl_detox_synthetic,yo_synthetic_400
,Àwọn èṣù Yorùbá ni wọ́n,Àwọn èṣù Yorùbá ni wọ́n,mt0xl_detox_synthetic,yo_synthetic_400
,"O kan wanna pa eniyan baba, nonsense guy! mejeeji awọn ọkunrin ati awọn girl yẹ ki o kú o🤣","O wanna pa eniyan baba, guy! mejeeji awọn ọkunrin ati awọn girl yẹ ki o kú o🤣",mt0xl_detox_synthetic,yo_synthetic_400
,Ṣé o ti rí i pé ó ti ṣe àdàkàdekè?,Ṣé o ti rí i pé ó ti ṣe àdàkàdekè?,mt0xl_detox_synthetic,yo_synthetic_400
,Àwọn ọmọbìnrin aláwọ̀ funfun tí wọ́n ń fi ẹ̀ṣẹ̀ ṣe àdàkàdekè 🏻,Àwọn ọmọbìnrin aláwọ̀ funfun tí wọ́n ń fi ẹ̀ṣẹ̀ ṣe àdàkàdekè 🏻,mt0xl_detox_synthetic,yo_synthetic_400
,Ewu Na nikan nibi dem dy ri o,Ewu Na nikan nibi dem dy ri o,mt0xl_detox_synthetic,yo_synthetic_400
,"lol, a ó yí gbogbo àwọn obìnrin wa padà sí àwọn àǹtí tí wọ́n ní ìdààmú ọkàn lórí twitter. lẹ́yìn náà gbogbo àgbègbè náà á kún fún àwọn aṣẹ́wó àti àwọn obìnrin tí kò ní nǹkan kan. ṣé iṣẹ́ àti iṣẹ́ kò ní sú Naija?","lol, a ó yí gbogbo awọn obìnrin wa padà sí awọn àǹtí tí wọ́n ní ìdààmú ọkàn lórí twitter. lẹ́yìn náà gbogbo àgbègbè náà á kún fún aṣẹ́wó àti awọn obìnrin tí kò ní nǹkan kan. ṣé iṣẹ́ àti iṣẹ́ kò ní sú Naija?",mt0xl_detox_synthetic,yo_synthetic_400
,"Kí ni àríyànjiyàn? Ọlọ́run fìyà jẹ́ wifi, ọ̀gá àti àwọn oníṣe mìíràn.","Kí ni àríyànjiyàn? Ọlọ́run fìyá jẹ́ wifi, ọ̀gá àti awọn oníṣe miiran.",mt0xl_detox_synthetic,yo_synthetic_400
,Ṣé bí àwọn Fulani ṣe máa ṣe lórí ilẹ̀ àwọn baba wa nìyẹn?,Ṣé bí awọn Fulani ṣe máa ṣe lórí ilẹ̀ awọn baba wa nìyẹn?,mt0xl_detox_synthetic,yo_synthetic_400
,Ọmọdékùnrin kan tó ti di ara ẹni òmùgọ̀ ni ẹ́,Ọmọdékùnrin kan tó ti di ara ẹni òmùgọ̀ ni ẹ́,mt0xl_detox_synthetic,yo_synthetic_400
,"kò ní ṣe irú nǹkan bẹ́ẹ̀ rí, ó máa ń ṣe nǹkan pẹ́, kò sì ní bìkítà, àmọ́ bí ó bá jẹ́ ọ̀kan lára àwọn Fulani, ó máa gbé ìgbésẹ̀.","kò ní ṣe irú nǹkan bẹ́ẹ̀ rí, ó máa ń ṣe nǹkan pẹ́, kò sì ní bìkítà, àmọ́ bí ó bá jẹ́ ọ̀kan lára àwọn Fulani, ó máa gbé ìgbésẹ̀.",mt0xl_detox_synthetic,yo_synthetic_400
,"Olùgbà tó gba ẹ̀bùn àkànṣe sọ fún ẹ pé, bí òun ṣe ń bá àwọn àdàkàdekè yìí lọ, tó ń jẹ́ àwọn òṣèré ni àṣeyọrí tó ṣe jù lọ gẹ́gẹ́ bí olùkọ́, gbogbo ẹ̀yin ló ń ṣe àríyànjiyàn nípa rẹ̀.","Olùgbà tó gba ẹ̀bùn àkànṣe sọ fún ẹ pé, bí o ṣe ń bá àwọn àdàkàdekè yìí lọ, tó ń jẹ́ àwọn òṣèré ni àṣeyọrí tó ṣe jù lọ gẹ́gẹ́ bí olùkọ́, gbogbo ẹ̀yin ló ń ṣe àríyànjiyàn nípa rẹ̀.",mt0xl_detox_synthetic,yo_synthetic_400
,"Yorubas rò pé àwọn hausas kò gbọ́n nígbà tí de hausa ń hùwà òmùgọ̀ sí àwọn yoruba, nígbà tó yá wọ́n sì wá gbọ́n sí wọn..... ní ti àpapọ̀, hausas ló gbọ́n ju yorubas lọ, yoruba ni ohun èlò tí kò ní nǹkan kan tí wọ́n ń sọ, tí wọ́n sì ń sọ̀rọ̀ lókè ọ̀run.","Yorubas rò pé àwọn hausas kò gbọ́n nígbà tí de hausa ń hùwà òmùgọ̀ sí àwọn yoruba, nígbà tó yá wọ́n sì wá gbọ́n sí wọn..... ní ti àpapọ̀, hausas ló gbọ́n ju Yorubas lọ, yoruba ni ohun èlò tí kò ní nǹkan kan tí wọ́n ń sọ, tí wọ́n sì ń sọ̀rọ̀ lókè ọ̀run.",mt0xl_detox_synthetic,yo_synthetic_400
,O jẹ́ òmùgọ̀ tí kì í wọ́n aṣọ aláwọ̀ ródò tí ojú rẹ̀ kì í ṣe àjèjì.,O jẹ́ òmùgọ̀ tí kì í wọ́n aṣọ aláwọ̀ ródò tí ojú rẹ̀ kì í ṣe àjèjì.,mt0xl_detox_synthetic,yo_synthetic_400
,"Jọwọ fi awọn ọmọbirin ila-oorun kun si gbogbogbo ur yii. ko ṣe pataki ẹya, gbadura nikan lati wa ọmọbirin ti o dara ti o jẹ otitọ BITCH😉","Jọwọ fi awọn ọmọbirin ila-oorun kun si gbogbogbo ur yii. ko ṣe pataki ẹya, gbadura nikan lati wa ọmọbirin ti o dara ti o jẹ otitọ😉",mt0xl_detox_synthetic,yo_synthetic_400
,"Dem Dey fi akara ṣe agbelebu fun ori rẹ , ri i ṣe n gbiyanju lati tẹ eto idii ti o buru ati ti o buru","Dem Dey fi akara ṣe agbelebu fun ori rẹ, ri i ṣe n gbiyanju lati tẹ eto idii ti o buru ati ti o buru",mt0xl_detox_synthetic,yo_synthetic_400
,Àwọn apaniyan Fulanis ló gbé inú ẹ̀dá ènìyàn fulani kan láti dáàbò bo...,Àwọn ènìyàn fulani ló gbé inú ẹ̀dá ènìyàn fulani kan láti dáabó bo...,mt0xl_detox_synthetic,yo_synthetic_400
,Àwọn ọmọ ìlú tó ní ìmọ̀ tó dára nìkan ló lè dá wa sílẹ̀ lọ́wọ́ ìdè àti ìnilára táwọn ọ̀daràn ń ṣe.,Àwọn ọmọ ìlú tó ní ìmọ̀ tó dára nìkan ló lè dá wa sílẹ̀ lọ́wọ́ ìdè àti ìnilára táwọn ọ̀daràn ń ṣe.,mt0xl_detox_synthetic,yo_synthetic_400
,Ṣé àwọn èèyàn lásán ló ń ṣe é? mo kábàámọ̀ pé o ní obìnrin tó máa ń tìtorí pé ó máa ń ṣe ẹ́ lábùkù.,Ṣé àwọn ènìyàn lásán ló ń ṣe é? mo kábáámọ̀ pé o ní obìnrin tó máa ń tìtorí pé ó máa ń ṣe ẹ́ lábùkù.,mt0xl_detox_synthetic,yo_synthetic_400
,"ẹ̀yin èèyàn ti ń mú wọn wá sí ìwé fún ọdún mélòó kan. ṣé àwọn ló ń darí yín àbí ẹ ń darí wọn? fún yín (ìjọba) láti rò pé ẹ lè ṣàkóso wa láìsí ìṣòro, nípa bẹ́ẹ̀... sísọ pé a jẹ́ onígbàgbọ́ ni apá tó máa ń bíni nínú ohun gbogbo!","ẹ̀yin èèyàn ti ń mú wọn wá sí ìwé fún ọdún mélòó kan. ṣé àwọn ló ń darí yín àbí ẹ ń darí wọn? fún yín (ìjọba) láti rò pé ẹ lè ṣàkóso wa láìsí ìṣòro, nípa bẹ́ẹ̀... sísọ pé a jẹ́ onígbàgbọ́ ni apá tó máa ń bíni nínú ohun gbogbo!",mt0xl_detox_synthetic,yo_synthetic_400
,"Mo rò pé ó yẹ kí àwọn èèyàn mọ ohun tí Photoshop túmọ̀ sí, àwọn èèyàn sì ti fọ́tòsọ̀ọ̀p, àwọn èèyàn sì ti fọ́tòsọ̀ọ̀p pẹ̀lú ẹ̀yìn àwọn ẹranko.","Mo rò pé ó yẹ kí awọn eniyan mọ ohun tí Photoshop túmọ̀ sí, awọn eniyan sì ti fọ́tòsọ̀ọ̀p, awọn eniyan sì ti fọ́tòsọ̀ọ̀p pẹ̀lú ẹ̀yìn awọn ẹranko.",mt0xl_detox_synthetic,yo_synthetic_400
,"O lè rò pé àwọn ò rí àwọn tó ń ṣòfò bí àwọn ọ̀daràn, tí kì í ṣe nítorí ìmọtara-ẹni-nìkan wọn.","O lè rò pé àwọn ò rí àwọn tó ń ṣófò bí àwọn ọ̀daràn, tí kì í ṣe nítorí ìmọtara-ẹni-nìkan wọn.",mt0xl_detox_synthetic,yo_synthetic_400
,O yoo kú akọkọ ati awọn iyokù yoo gbe lori .. Tani o fẹ ipaniyan? ani awọn Musulumi ko fẹ ipaniyan nitori awọn Musulumi tun ko wa kuro ninu awọn ti wọn ipaniyan iṣẹ. o si ṣii ẹnu rẹ waaaaaah ati sọrọ ni awọn gun. OKPONU!,O yoo kú akọkọ ati awọn iyokù yoo gbe lori.. Tani o fẹ ipaniyan? ani awọn Musulumi ko fẹ ipaniyan nitori awọn Musulumi tun ko wa kuro ninu awọn ti wọn ipaniyan iṣẹ. o si ṣii ẹnu rẹ waaaaaah ati sọrọ ni awọn gun. OKPONU!,mt0xl_detox_synthetic,yo_synthetic_400
,"Mi ò ní fi ẹ́ hàn rárá, mi ò sì ní ìdánilójú pé ò ń ṣe àdàkàdekè ọkùnrin","Mi o ní fi ẹ́ hàn rárá, mi o sì ní ìdánilójú pé o ń ṣe àdàkàdekè ọkùnrin",mt0xl_detox_synthetic,yo_synthetic_400
,àwọn ará àríwá yìí/àwọn ọkùnrin Fulani yìí jẹ́ àwọn ẹranko ẹhànnà títí kan Buhari fúnra rẹ̀. ó ṣe kedere látinú ìdáhùn wọn sí àwọn ìbéèrè pé wọ́n wà lẹ́yìn àwọn ìpànìyàn náà ní àṣírí,àwọn ará àríwá yìí/àwọn ọkùnrin Fulani yíí jẹ́ àwọn ẹhànnà títí kan Buhari fúnra rẹ̀. ó ṣe kedere látinú ìdáhùn wọn sí àwọn ìbéèrè pé wọ́n wà lẹ́yìn àwọn ìpànìyàn náà ní àṣírí,mt0xl_detox_synthetic,yo_synthetic_400
,Ìsìn Ìsáláámù wulẹ̀ jẹ́ ìsìn àlàáfíà💕💕bí mo kò mọ ìdí tí àwọn ará àríwá fi dà bí òmùgọ̀ àti òmùgọ̀!!! .A.W,Ìsìn Ìsáláámù wulẹ̀ jẹ́ ìsìn àlàáfíà💕💕bí mo kò mọ ìdí tí àwọn ará àríwá fi dà bí òmùgọ̀ àti òmùgọ̀!!!.A.W,mt0xl_detox_synthetic,yo_synthetic_400
,Ó ti bọ́ lọ́wọ́ ẹni tó ń hùwà ìkà sí i. Ìgbèrò àríwá yìí ti di àjèjì.,Ó ti bọ́ lọ́wọ́ ẹni tó ń hùwà ìkà sí i. Ìgbèrò àríwá yìí ti di àjèjì.,mt0xl_detox_synthetic,yo_synthetic_400
,Àwọn ọmọ Hausa àti Fulani ń jagun fún D ní ibi tí wọ́n ń pè ní British Zoo .,Àwọn ọmọ Hausa àti Fulani ń jagun fún D ní ibi tí wọ́n ń pè ní British Zoo.,mt0xl_detox_synthetic,yo_synthetic_400
,Ẹ máa tọ̀ mí lẹ́yìn .,Ẹ máa tò mí lẹ́yìn.,mt0xl_detox_synthetic,yo_synthetic_400
,"Ó dùn mí láti sọ èyí, ṣùgbọ́n wíwo ọkùnrin Yorùbá kan tí ó ń jẹ́ àlìkámà tí ó ń mú àlìkámà jẹ́ ohun ìríra gan-an","Ó dùn mí láti sọ èyí, ṣùgbọ́n wíwo ọkùnrin Yorùbá kan tí ó ń jẹ́ àlìkámà tí ó ń mú àlìkámà jẹ́ ohun ìríra gan-an",mt0xl_detox_synthetic,yo_synthetic_400
,Mo ti pàdánù oúnjẹ tí mo ń jẹ... báwo ni àwọn Mùsùlùmí ṣe lè jẹ́ aláǹkàkà?,Mo ti pàdánù oúnjẹ tí mo ń jẹ... báwo ni àwọn Mùsùlùmí ṣe lè jẹ́ aláǹkàkà?,mt0xl_detox_synthetic,yo_synthetic_400
,"Ẹ jẹ́ kí gbogbo ayé mọ̀ pé àwọn ọmọ ogun Bùhari àti àwọn jàǹdùkú rẹ̀, àwọn ọmọ ogun Fúláńì, jẹ́ ẹ̀jẹ̀ tí wọ́n ń mu èṣù.","Ẹ jẹ́ kí gbogbo ayé mọ̀ pé awọn ọmọ ogun Bùhari àti awọn jàǹdùkú rẹ̀, awọn ọmọ ogun Fúláńi, jẹ́ ẹ̀jẹ̀ tí wọ́n ń mu èṣù.",mt0xl_detox_synthetic,yo_synthetic_400
,"Óòòò, ọlọ́run mi...àgbẹni akàn...kí nìdí tí o fi ní láti ṣe àgbáyé ìwà òmùgọ̀ rẹ...ṣe ohun tó o ṣe ní Biafra láìtanni jẹ...kí o má ṣe tanni jẹ.","Óóòó, ọlọ́run mi...àgbẹni akàn...kí nìdí tí o fi ní láti ṣe àgbáyé ìwá òmùgọ̀ rẹ...ṣe ohun tó o ṣe ní Biafra láìtanni jẹ...kí o má ṣe tanni jẹ.",mt0xl_detox_synthetic,yo_synthetic_400
,"Ojú rẹ nìkan ló fi hàn mí bí ẹ ṣe burú tó àti bí ẹ ṣe ń fi ìsọdahoro ṣe nǹkan sí, ẹ ronú pìwà dà tàbí kí ẹ kú nítorí àwọn tó ń ṣe ẹ̀ṣẹ̀ yín, iná ọ̀run àpáàdì 🔥 ń dúró dè yín, ẹrú Fulani, ẹni tó pa bàbá yín kò lè nífẹ̀ẹ́ yín mọ́, ẹ jáwọ́ nínú dídi ẹ̀tàn ara yín àti ẹ̀gbọ́ yín","Ojú rẹ nìkan ló fi hàn mí bí ẹ ṣe burú tó àti bí ẹ ṣe ń fi ìsọdahoro ṣe nǹkan sí, ẹ ronú pìwá dà tàbí kí ẹ kú nítorí àwọn tó ń ṣe ẹ̀ṣẹ̀ yín, iná ọ̀run àpáàdì 🔥 ń dúró dè yín, ẹni tó pa bàbá yín kò lè nífẹ̀ẹ́ yín mọ́, ẹ jáwọ́ nínú dídi ẹ̀tàn ara yín àti ẹ̀gbọ́ yín",mt0xl_detox_synthetic,yo_synthetic_400
,": Dry joke"": :''') "": A girl sleeping pẹlu awọn oniwe-iṣakoso ti wa ni tun ṣe awọn oniwe-iṣakoso""""",": Dry joke"": :''') "": A girl sleeping pẹlu awọn oniwe-iṣakoso ti wa ni tun ṣe awọn oniwe-iṣakoso""""",mt0xl_detox_synthetic,yo_synthetic_400
,"Ẹ̀yin ará, ẹ̀rù kò bà yín, ohun tí ọ̀pọ̀ àwọn ará àríwá kàn ń ṣe ni ẹ̀sìn tí wọ́n ń ṣe, ẹ̀kọ́ tí kò ní láárí, báwo ni àwọn aláìmọ̀wé tó wà níbẹ̀ ṣe máa rí èyí nígbà tí wọ́n kórìíra ẹ̀kọ́ àwọn ará ìhà ìwọ̀ oòrùn ayé, wọn ò sì lè ṣe nǹkan kan tó burú nínú ayé yìí.","Ẹ̀yin ará, ẹ̀rù kò bà yín, ohun tí ọ̀pọ̀ àwọn ará àríwá kàn ń ṣe ni ẹ̀sìn tí wọ́n ń ṣe, ẹ̀kọ́ tí kò ní láárí, báwo ni àwọn aláìmọ̀wé tó wà níbẹ̀ ṣe máa rí èyí nígbà tí wọ́n kórìíra ẹ̀kọ́ àwọn ará ìhà oòrùn ayé, wọn ò sì lè ṣe nǹkan kan tó burú nínú ayé yìí.",mt0xl_detox_synthetic,yo_synthetic_400
,"p.h, abuja, ibadan, ìlú beini. àwọn ẹ̀yà,ogun,delta a mọ gbogbo ẹ̀yà náà. bí ó ti jẹ́ pé àwọn huasa/fulani ni wọ́n ń ṣe àdàkàdekè.","p.h, abuja, ibadan, ìlú beini. àwọn ẹ̀yà,ogun,delta a mọ gbogbo ẹ̀yà náà. bí ó ti jẹ́ pé àwọn huasa/fulani ni wọ́n ń ṣe àdàkàdekè.",mt0xl_detox_synthetic,yo_synthetic_400
,"Mugu! nígbà táwọn Mùsùlùmí bá fún àwọn oníṣọ́ọ̀ṣì láṣẹ láti mú àwọn èèyàn wá tàbí kí wọ́n yí wọn padà láti jọ́sìn Ọlọ́run wọn, kí nìdí tí ìwọ Kristẹni kò fi fún àwọn oníṣọ́ọ̀ṣì láṣẹ láti fi Ìhìn Rere sí CD kí ó lè dé àwọn èèyàn.","Mugu! nígbà táwọn Mùsùlùmí bá fún àwọn oníṣọ́ọ̀ṣí láṣẹ láti mú àwọn ènìyàn wá tàbí kí wọ́n yí wọn padà láti jọ́sìn Ọlọ́run wọn, kí nìdí tí iwọ Kristẹni kò fi fún àwọn oníṣọ́ọ̀ṣí láṣẹ láti fi Ìhìn Rere sí CD kí ó lè dé àwọn ènìyàn.",mt0xl_detox_synthetic,yo_synthetic_400
,Kí ni ìyàtọ̀ tó wà láàárín ìwọ àti àwọn alágbára ìsìn alágbára tí kò gbà pé àwọn aṣáájú ìsìn wọn ló wà lára ìṣòro náà?,Kí ni ìyàtọ̀ tó wà láàárín iwọ àti awọn alágbára ìsìn alágbára tí kò gbà pé aṣáájú ìsìn wọn ló wà lára ìṣòro náà?,mt0xl_detox_synthetic,yo_synthetic_400
,Bàbá rẹ òmùgọ̀.,Bàbá rẹ òmùgọ̀.,mt0xl_detox_synthetic,yo_synthetic_400
,Ó sàn kéèyàn kú gẹ́gẹ́ bí akọni nínú ìjà ìjọba àjùmọ̀lọ̀ ní Nàìjíríà ju kéèyàn máa gbé gẹ́gẹ́ bí òmùgọ̀ tó ti di ara ẹni tó ti kọ́ láìdáa bíi ti Itsai Sagey.,Ó sàn kéèyàn kú gẹ́gẹ́ bí akọni nínú ìjà ìjọba àjùmọ̀lọ̀ ní Nàìjíríà ju kéèyàn máa gbé gẹ́gẹ́ bí òmùgọ̀ tó ti di ara ẹni tó ti kọ́ láìdáa bíi ti Itsai Sagey.,mt0xl_detox_synthetic,yo_synthetic_400
,"O jẹ alagbara, paapaa ni akoko lile yii, o tun ni idunnu pe awọn Northerners ni awọn ti o jọba orilẹ-ede abi? ko wahala, bi una tabi wan ko ni oye Boko Haram ati awọn olè lọ tẹsiwaju lati dey de pẹlu una alainilara, idio","O jẹ alagbara, paapaa ni akoko lile yii, o tun ni idunnu pe awọn Northerners ni awọn ti o jọba orilẹ-ede abi? ko wahala, bi una tabi wan ko ni oye Boko Haram ati awọn olè lọ tẹsiwaju lati dey de pẹlu una alainilara, idio",mt0xl_detox_synthetic,yo_synthetic_400
,"Nítorí náà, àwọn olùṣọ́ àgùntàn Fulani tó ń pa àwọn èèyàn yìí yẹ kí wọ́n lọ sí Borno kí wọ́n sì kó àwọn ọmọ ogun Boko Haram jọ kí wọ́n lè dá àwọn arákùnrin wọn tó wà nígbèkùn sílẹ̀ dípò kí wọ́n ṣe àwọn aráàlú tí kò ní ẹ̀ṣẹ̀, tí wọ́n bá jí wọn gbé, tí wọ́n bá pa àwọn aráàlú tí kò ní ẹ̀ṣẹ̀ tí wọ́n sì ń pa run tí wọ́n sì ń gbé ìgbésí ayé wọn lọ́nà àlàáfíà.","Nítorí náà, àwọn olùṣọ́ àgùntàn Fulani tó ń pa àwọn èyàn yìí yẹ kí wọ́n lọ sí Borno kí wọ́n sì kó àwọn ọmọ ogun Boko Haram jọ kí wọ́n lè dá àwọn arákùnrin wọn tó wà nígbèkùn sílẹ̀ dípò kí wọ́n ṣe àwọn aráàlú tí kò ní ẹ̀ṣẹ̀, tí wọ́n bá jí wọn gbé, tí wọ́n bá pa àwọn aráàlú tí kò ní ẹ̀ṣẹ̀ tí wọ́n sì ń pa run tí wọ́n sì ń gbé ìgbésí ayé wọn lọ́nà àlàáfíà.",mt0xl_detox_synthetic,yo_synthetic_400
,Àwọn ọmọlẹ́yìn tí kò dára,Àwọn ọmọlẹ́yìn tí kò dára,mt0xl_detox_synthetic,yo_synthetic_400
,Daddy Freeze- Pupọ ninu awọn olorin Nollywood rẹ jẹ awọn aṣẹ́wó,Daddy Freeze- Pupọ ninu awọn olorin Nollywood rẹ jẹ awọn aṣẹ́wó,mt0xl_detox_synthetic,yo_synthetic_400
,"O ṣeun pe o yẹ ki o ṣe atunṣe rẹ ki o ma ṣe ba a lora , jọwọ dákẹ́ !!!! Awọn obinrin ati awọn ọkunrin n sọrọ ni gbogbo ibi lodi si iwa-ipa-ipa-ipa-ipa-ipa-ipa-ipa-ipa-ipa-ipa-ipa-ipa-ipa-ipa-ipa-ipa-ipa-ipa-ipa-ipa-ipa-ipa-ipa-ipa-ipa-ipa-ipa-ipa-ipa-ipa-ipa-ipa-ipa-ipa-ipa-ipa-ipa-ipa-ipa-ipa-ipa-ipa-ipa-ipa-ipa-ipa-ipa-ipa-ipa-ipa-ipa-ipa-ipa-ipa-ipa-ipa-ipa-ipa-ipa-ipa-ipa-ipa-ipa-ipa-ipa-ipa-ipa-ipa-ipa-ipa-ipa-ipa-ipa-ipa-ipa-ipa-ipa-ipa-ipa-ipa-ipa-ipa-ipa-ipa-ipa-ipa-ipa-ipa-ipa-ipa-ipa-ipa-ipa-ipa-ipa-ipa-ipa-ipa-ipa-ipa-ipa-ipa-ipa-ipa-ipa-ipa-ipa-ipa-ipa-ipa-ipa-ipa-ipa-ipa-ipa-ipa-ipa-ipa-ipa-ipa-ipa-ipa-ipa-ipa-ipa-ipa-ipa-ipa-ipa-ipa-ipa-ipa-ipa-ipa-ipa-ipa-ipa-ipa-ipa-ipa-ipa-ipa-ipa-ipa-ipa-ipa-ipa-ipa-ipa-ipa-ipa-ipa-ipa-ipa-ipa-ipa-ipa-ipa-ipa-ipa-ipa-ipa-ipa-ipa-ipa-ipa-ipa-ipa-ipa-ipa-ipa-ipa-ipa-ipa-ipa-ipa-ipa-ipa-ipa-ipa-ipa-ipa-ipa-ipa-ipa-ipa-ipa-ipa-ipa-ipa-ipa-ipa-ipa-ipa-ipa-ipa-ipa-ipa-ipa-ipa-ipa-ipa-ipa-ipa-ipa-ipa-ipa-ipa-ipa-ipa-ipa-ipa-ipa-ipa-ipa-ipa-ipa-ipa-ipa-ipa-ipa-ipa-ipa-ipa-ipa-ipa-ipa-ipa-ipa-ipa-ipa-ipa-ipa-ipa-ipa-ipa-ipa-ipa-ipa-ipa-ipa-ipa-ipa-ipa-ipa-ipa-ipa-ipa-ipa-ipa-ipa-ipa-ipa-ipa-ipa-ipa-ipa-ipa-ipa-ipa-ipa-ipa-ipa-ipa-ipa-ipa-ipa-ipa-ipa-ipa-ipa-ipa-ipa-ipa-ipa-ipa-ipa-ipa-","O ṣeun pe o yẹ ki o ṣe atunṣe rẹ ki o ma ṣe ba a lora, jọwọ dákẹ́!!!! Awọn obinrin ati awọn ọkunrin n sọrọ ni gbogbo ibi lodi si iwa-ipa-ipa-ipa-ipa-ipa-ipa-ipa-ipa-ipa-ipa-ipa-ipa-ipa-ipa-ipa-ipa-ipa-ipa-ipa-ipa-ipa-ipa-ipa-ipa-ipa-ipa-ipa-ipa-ipa-ipa-ipa-ipa-ipa-ipa-ipa-ipa-ipa-ipa-ipa-ipa-ipa-ipa-ipa-ipa-ipa-ipa-ipa-ipa-ipa-ipa-ipa-ipa-ipa-ipa-ipa-ipa-ipa-ipa-ipa-ipa-ipa-ipa-ipa-ipa-ipa-ipa-ipa-ipa-ipa-ipa-ipa-ipa-ipa-ipa-ipa-ipa-ipa-ipa-ipa-ipa-ipa-ipa-ipa-ipa-ipa-ipa-ipa-ipa-ipa-ipa-ipa-ipa-ipa",mt0xl_detox_synthetic,yo_synthetic_400
,Bí obìnrin tí ọkùnrin mìíràn yàtọ̀ sí ọkọ rẹ bá rí àyà rẹ àti ẹsẹ̀ rẹ. mo sọ òtítọ́ fún ọ; ìwọ ni aṣẹ́wó pátápátá. ronú pìwà dà!,Bí obìnrin tí ọkùnrin mííràn yàtọ̀ sí ọkọ rẹ bá rí àyá rẹ àti ẹsẹ̀ rẹ. mo sọ òtítọ́ fún ọ; iwọ ni aṣẹ́wó pátápátá. ronú pìwá dà!,mt0xl_detox_synthetic,yo_synthetic_400
,"Hmmmmmmm àwọn ará áfíríkà wà ní òde òní, ẹrú, ẹrù àtijọ́ tí kò dára, kò sí ohun tó dára fún un, jọ̀wọ́ 🙏🙏 tẹ̀ lé mi mo máa ń tẹ̀ lé ọ̀nà tó ń lọ","Hmmmmmmm awọn ará áfíríkà wà ní òde òní, ẹrú, ẹrù àtijọ́ tí kò dára, kò sí ohun tó dára fún un, jọ̀wọ́ 🙏🙏 tẹ̀ lé mi mo máa ń tẹ̀ lé ọ̀nà tó ń lọ",mt0xl_detox_synthetic,yo_synthetic_400
,Omo wo ọrọ ti ko wulo. Qurix gba awọn ìkọlù lori ìkọlù o nitori ti odun naa admission lile kú. Nobe ani bayi a dey wo kekere admission fun guusu kaduna??? bastard gba ero pe eniyan Bigot,Omo wo ọrọ ti ko wulo. Qurix gba awọn ìkọlù lori ìkọlù o nitori ti odun naa admission lile kú. Nobe ani bayi a dey wo kekere admission fun guusu kaduna??? o gba ero pe eniyan Bigot,mt0xl_detox_synthetic,yo_synthetic_400
,"Láti inú ìdáhùn tí mo rí látọ̀dọ̀ àwọn kan, ó ṣe kedere pé àwọn yóò lo gbogbo ọjọ́ ayé wọn ní kígbe ""Mo gbà á ní orúkọ Jésù"" máa dúró de owó ìyanu, àwọn ọ̀dọ́ ọmọ Nàìjíríà tó jẹ́ aláìníjàánu","Láti inú ìdáhùn tí mo rí látọ̀dọ̀ àwọn kan, ó ṣe kedere pé àwọn yóò lo gbogbo ọjọ́ ayé wọn ní kígbe ""Mo gbà á ní orúkọ Jésù"" máa dúró de owó ìyanu, àwọn ọmọ Nàìjíríà tó jẹ́ aláìníjàánu",mt0xl_detox_synthetic,yo_synthetic_400
,"Àwọn èèyàn máa ń ní ìbàjẹ́, wọ́n sì máa ń ní ìbàjẹ́.","Àwọn ènìyàn máa ń ní ìbàjẹ́, wọ́n sì máa ń ní ìbàjẹ́.",mt0xl_detox_synthetic,yo_synthetic_400
,"fún ọdún mélòó kan báyìí, àwọn olùṣọ́ àgùntàn Fulani tó ń pa àwọn àgbẹ̀ ní gúúsù ti ń pa àwọn àgbẹ̀ ní gúúsù, wọ́n ti pa àwọn ilẹ̀ àti àwọn irè oko run. àwọn aṣáájú àríwá ò sì sọ ohun tí wọ́n ń sọ. nígbà táwọn èèyàn bẹ̀rẹ̀ sí í bá àwọn olùṣọ́ àgùntàn tó ń gbéjà ko àwọn ẹran ọ̀sìn yìí jà, àríwá pinnu láti fòfin de àwọn ohun ọ̀gbìn oúnjẹ ní gúúsù.","Fún ọdún mélòó kan báyìí, àwọn olùṣọ́ àgùntàn Fulani tó ń pa àwọn àgbẹ̀ ní gúúsù ti ń pa àwọn ilẹ̀ àti àwọn irè oko run. àwọn aṣáájú àríwá ò sì sọ ohun tí wọ́n ń sọ. nígbà táwọn èèyàn bẹ̀rẹ̀ sí í bá àwọn olùṣọ́ àgùntàn tó ń gbéjà ko àwọn ẹran ọ̀sìn yìí jà, àríwá pinnu láti fòfin de àwọn ohun ọ̀gbìn oúnjẹ ní gúúsù.",mt0xl_detox_synthetic,yo_synthetic_400
,Ọ̀rọ̀ ṣì ń lọ lọ́kàn mi...,Ọ̀rọ̀ sì ń lọ lọ́kàn mi...,mt0xl_detox_synthetic,yo_synthetic_400
,Kò sí ìṣòro kankan fún àwọn obìnrin yìí ...,Kò sí ìṣòro kankan fún awọn obìnrin yìí...,mt0xl_detox_synthetic,yo_synthetic_400
,"Ojo meji sẹyin ni ijamba kan ṣẹlẹ, eniyan marun lo ku. ""Channel tv. "" O wa bi obinrin Yorùbá kan bi ọpọlọpọ eniyan ti ku, obinrin yeye sọ pe eniyan mẹrin nikan ni o ku pẹlu Aboki kan.😀😀😀😀😀.","Ojo meji sẹyin ni ijamba kan ṣẹlẹ, eniyan marun lo mu. ""Channel tv. "" O wa bi obinrin Yorùbá kan bi ọpọlọpọ eniyan ti mu, obinrin yeye sọ pe eniyan mẹrin nikan ni o mu pẹlu Aboki kan.",mt0xl_detox_synthetic,yo_synthetic_400
,Àwọn kan tó wà lábẹ́ ipò òṣì gidi ń gbọ́ pé àwọn ń gbèjà àwọn tó ń ṣàkóso ilẹ̀ ọba.,Àwọn tó wà lábẹ́ ipò òṣì gidi ń gbọ́ pé àwọn ń gbèjà àwọn tó ń ṣàkóso ilẹ́ ọba.,mt0xl_detox_synthetic,yo_synthetic_400
,Ayé yìí kì í ṣe ohun kan ju irọ́ ẹwà lọ,Ayé yìí kì í ṣe ohunkan ju irọ́ ẹwà lọ,mt0xl_detox_synthetic,yo_synthetic_400
,"Àwọn èèyàn tó ń ṣe ìkà ni àwọn ọmọ ogun ìjọba ìbílẹ̀ tó ń gbé ní Ìwọ̀ Oòrùn ayé, tí wọ́n fi àwọn ìfinilára tó ń mú kí nǹkan sú Írán, tí wọ́n sì ń retí pé kí àbájáde àbáyọ àgbáyé nípa ohun tó ń ṣẹlẹ̀ nídìí àgbáyé yìí kúnnú ayé.","Àwọn èèyàn tó ń ṣe ìkà ni àwọn ọmọ ogun ìjọba ìbílẹ̀ tó ń gbé ní Ìwọ̀ Oòrùn ayé, tí wọ́n fi àwọn ìfinilára tó ń mú kí nǹkan sú Írán, tí wọ́n sì ń retí pé kí àbájáde àbáyọ àgbáyé nípa ohun tó ń ṣẹlẹ̀ nídìí àgbáyé yìí kúnnú ayé.",mt0xl_detox_synthetic,yo_synthetic_400
,Olosho,Olosho,mt0xl_detox_synthetic,yo_synthetic_400
,"Àwọn ará Ásíà yóò fi ìgboyà sọ fún yín pé wọn kì í ṣe ẹ̀yàyàyà, àmọ́ àwọn ni ẹ̀yàyàyàyàyàyà tó léwu jù lọ tí mo ti rí.","Àwọn ará Ásíà yóò fi ìgboyà sọ fún yín pé wọn kì í ṣe ẹ̀yàyàyà, àmọ́ àwọn ni ẹ̀yàyàyàyàyàyà tó léwu jù lọ tí mo ti rí.",mt0xl_detox_synthetic,yo_synthetic_400
,"Nígbà tí àwọn baba rẹ ń jìyà, Nàìjíríà wà ní ìlera tó dáa, ìwọ sì ń jìyà, o jẹ́ àjèjì tó ní irun orí tó wúwo.","Nígbà tí awọn baba rẹ ń jìyà, Nàìjíríà wà ní ìlera tó dáa, iwọ sì ń jìyà, o jẹ́ àjèjì tó ní irun orí tó wúwo.",mt0xl_detox_synthetic,yo_synthetic_400
,"gbogbo yín ni ohun kan náà. àwọn olùbẹ̀ẹ́ fún ìṣọ̀kan tí kò lè jẹun ara wọn. àwọn kòkòrò tó gbẹ́kẹ̀ lé gúúsù níjíríà láti wà láàyè. ọdún 2023 ni àkókò tó ṣe pàtàkì jù lọ, a ó tún àtúnṣe ṣe tàbí a ó tú ká. a ti rẹ́ láti wà pẹ̀lú yín, ẹ̀yin ará àríwá. ẹ ṣe bíi ti àwọn ọkùnrin, ẹ lọ lọ.","Gbogbo yín ni ohun kanna. awọn olùbẹ̀ẹ́ fún ìṣọ̀kan tí kò lè jẹun ara wọn. awọn kòkòrò tó gbẹ́kẹ̀ lé gúúsù níjíríà láti wà láàyè. ọdún 2023 ni àkókò tó ṣe pàtàkì jù lọ, a ó tún àtúnse ṣe tàbí a ó tú ká. a ti rẹ́ láti wà pẹ̀lú yín, ará àríwá. ẹ ṣe bíi ti awọn ọkùnrin, ẹ lọ lọ.",mt0xl_detox_synthetic,yo_synthetic_400
,Àwọn àgbàlagbà àríwá tí kò mọ nǹkan kan,Àwọn àgbàlagbà àríwá tí kò mọ nǹkankan,mt0xl_detox_synthetic,yo_synthetic_400
,"O wá sọ̀rọ̀ nípa bí ẹ ṣe ń ṣe àdàkàdekè, bí ẹ ṣe ń ṣe àdàkàdekè.","O wá sọ̀rọ̀ nípa bí ẹ ṣe ń ṣe àdàkàdekè, bí ẹ ṣe ń ṣe àdàkàdekè.",mt0xl_detox_synthetic,yo_synthetic_400
,àwọn òǹkàwé tó ń ṣe àwọn nǹkan tó ń mú kí ìṣèlú máa gbòòrò sí i ló ń ṣe àwọn nǹkan tó ń mú kí ìṣèlú máa gbòòrò sí i.,àwọn òǹkàwé tó ń ṣe àwọn nǹkan tó ń mú kí ìṣèlú máa gbòòrò sí i ló ń ṣe àwọn nǹkan tó ń mú kí ìṣèlú máa gbòòrò sí i.,mt0xl_detox_synthetic,yo_synthetic_400
,"Àwọn ọmọ Uganda ti tẹ́ àwọn ọmọdé Soro Soke tí wọ́n ń pè ní ""Awọn tí kò ní ìtumọ̀"" lójú 😂😂😂 Ìjọba tí kò ní láárí yẹn ni wọ́n pè láti gbà wọ́n là.","Àwọn ọmọ Uganda ti tẹ́ àwọn ọmọdé Soro Soke tí wọ́n ń pè ní ""Awọn tí kò ní ìtumọ̀"" lójú 😂😂😂 Ìjọba tí kò ní láárí yẹn ni wọ́n pè láti gbà wọ́n lá.",mt0xl_detox_synthetic,yo_synthetic_400
,Láti rí àwọn èèyàn kan ní gúúsù ìwọ̀ oòrùn tí ń ṣọ̀wọ́n fún àwọn alátakò Fulani yìí kò ju pé ó ń ṣe ìtìjú lọ.,Láti rí àwọn èèyàn kan ní gúúsù ìwọ̀ oòrùn tí ń sọ̀wọ́n fún àwọn alátakó Fulani yìí kò ju pé ó ń ṣe ìtìjú lọ.,mt0xl_detox_synthetic,yo_synthetic_400
,"Mo kàn dà bíi pé mi ò lè lóye ìdí tí àwọn èèyàn bíi tìẹ fi fẹ́ kí wọ́n fi ẹ̀ṣẹ̀ wọn ṣe ẹrú láti ìran dé ìran, kí wọ́n sì dara pọ̀ mọ́ ọn láti mú un, baba. omo ale yorùbá epe((gún) baale aole ni ó ń ja-ja (ja) ọ. ọmọbìnrin tó dára, ọpọlọ tí kò dára.","Mo kàn dà bíi pé mi ò lè lóye ìdí tí àwọn èèyàn bíi tìẹ fi fẹ́ kí wọ́n fi ẹ̀ṣẹ̀ wọn ṣe ẹrú láti ìran dé ìran, kí wọ́n sì dara pọ̀ mọ́ ọn láti mú un, baba. omo ale yorùbá epe((gún) baale aole ni ó ń ja-ja (ja) ọ. ọmọbìnrin tó dára, ọpọlọ tí kò dára.",mt0xl_detox_synthetic,yo_synthetic_400
,"O ṣì wà níbí, ọmọ ọmọ ọmọ ńlá?","O nikan wà níbí, ọmọ ọmọ ńlá?",mt0xl_detox_synthetic,yo_synthetic_400
,"Gbogbo wa la máa ń ṣe àdàkàdekè, gbogbo wa la máa ń ṣe ohun tó dùn wá, àmọ́ ẹ jẹ́ kí ìbànújẹ́ yẹn jó.","Gbogbo wa la máa ń ṣe àdàkàdekè, gbogbo wa la máa ń ṣe ohun tó dùn wá, àmọ́ ẹ jẹ́ kí ìbànújẹ́ yẹn jó.",mt0xl_detox_synthetic,yo_synthetic_400
,"Ìgbéyàwó àwọn ọkùnrin tí wọ́n bá ń bára wọn lòpọ̀ jẹ́ ìbálòpọ̀, ibi tí wọ́n sì ń gbé ni Ọ̀run Àpáàdì. Ó jẹ́ ti sátánì àti ti kò sí ní ilẹ̀ Áfíríkà. Ó wulẹ̀ jẹ́ ti sátánì.","Ìgbéyàwó àwọn ọkùnrin tí wọ́n bá ń bára wọn lòpọ̀ jẹ́ ìbálòpọ̀, ibi tí wọ́n sì ń gbé ni Ọ̀run Àpáàdì. Ó jẹ́ ti sátánì àti ti kò sí ní ilẹ̀ Áfíríkà.",mt0xl_detox_synthetic,yo_synthetic_400
,"Shebi, àwọn ará gúúsù ni àwọn almajiris tí ń bẹ̀bẹ̀ ní gbogbo ibi ayé, tí wọ́n ń mú àwọn alábùwàdà kékeré jáde níbi gbogbo tí wọ́n ti lọ.","Shebi, awọn ará gúúsù ni awọn almajiris tí ń bẹ̀bẹ̀ ní gbogbo ibi ayé, tí wọ́n ń mú awọn alábùwàdà kékeré jáde níbi gbogbo tí wọ́n ti lọ.",mt0xl_detox_synthetic,yo_synthetic_400
,"Mo gbẹ́kẹ̀ lé àwọn èèyàn ní ìpínlẹ̀ yìí, wọn ò ní fara da irú ẹ̀rọ̀ yìí, wọn ò ní jẹ́ kí ẹ̀rù bà wọ́n, wọn ò ní jẹ́ kí ẹ̀rù bà wọ́n, wọn ò ní jẹ́ kí ẹ̀rù bà wọ́n, wọn ò ní jẹ́ kí ẹ̀rù bà wọ́n, wọn ò ní jẹ́ kí ẹ̀rù bà wọ́n, wọn ò ní jẹ́ kí ẹ̀rù bà wọ́n, wọn ò ní jẹ́ kí ẹ̀rù bà wọ́n.","Mo gbẹ́kẹ̀ lé àwọn ènìyàn ní ìpínlẹ̀ yìí, wọn ó ní fara da irú ẹ̀rọ̀ yìí, wọn ó ní jẹ́ kí ẹ̀rù bà wọ́n, wọn ó ní jẹ́ kí ẹ̀rù bà wọ́n, wọn ó ní jẹ́ kí ẹ̀rù bà wọ́n, wọn ó ní jẹ́ kí ẹ̀rù bà wọ́n, wọn ó ní jẹ́ kí ẹ̀rù bà wọ́n, wọn ó ní jẹ́ kí ẹ̀rù bà wọ́n, wọn ó ní jẹ́ kí ẹ̀rù bà wọ́n.",mt0xl_detox_synthetic,yo_synthetic_400
,"Ó yẹ kí ọkùnrin àti obìnrin máa rẹ́rìn-ín pa pọ̀, kò sì yẹ kí ọkùnrin máa rẹ́rìn-ín pa pọ̀ pẹ̀lú àwọn obìnrin yìí.","Ó yẹ kí ọkùnrin àti obìnrin máa rìn-ín pa pọ̀, kò sì yẹ kí ọkùnrin máa rìn-ín pa pọ̀ pẹ̀lú awọn obìnrin yìí.",mt0xl_detox_synthetic,yo_synthetic_400
,Wo bí àwọn olùṣọ́ àgùntàn fulani ṣe ń sọ̀rọ̀ nípa àwọn apániláyà,Wo bí awọn olùṣọ́ àgùntàn fulani ṣe ń sọ̀rọ̀ nípa awọn apániláyá,mt0xl_detox_synthetic,yo_synthetic_400
,"O ti rí owó tó o ń rí gbà nípa fífi àwọn ọmọ ogun Arewa BMC Gang abi mu, ìyẹn ni ohun tó o tún fẹ́ràn láti máa fi sínú ẹnu rẹ.","O ti rí owó tó o ń rí gbà nípa fífi àwọn ọmọ ogun Arewa BMC Gang abi mu, iyẹn ni ohun tó tún fẹ́ràn láti máa fi sínú ẹnu rẹ.",mt0xl_detox_synthetic,yo_synthetic_400
,Báwo ni ọkùnrin kan tó ń jẹ́ Hausa ṣe máa túmọ̀ èdè Gẹ̀ẹ́sì sí àwọn tó ní èdè náà? Ta ló yẹ kó sọ pé ìwà ìpániláyà dára?,Báwo ni ọkùnrin tó ń jẹ́ Hausa ṣe máa túmọ̀ èdè Gẹ̀ẹ́sì sí àwọn tó ní èdè náà? Ta ló yẹ kó sọ pé ìwà ìpániláyá dára?,mt0xl_detox_synthetic,yo_synthetic_400
,Mo rí àwọn òmùgọ̀ kan láti apá kan orílẹ̀-èdè tí kò ní nǹkan kan láti fi fúnni tí wọ́n ń wá ọ̀nà láti sọ gbogbo apá ibì kan di ibi tí kò dára.,Mo rí àwọn òmùgọ̀ kan láti apá kan orílẹ̀-èdè tí kò ní nǹkan kan láti fi fúnni tí wọ́n ń wá ọ̀nà láti sọ gbogbo apá ibì kan di ibi tí kò dára.,mt0xl_detox_synthetic,yo_synthetic_400
,"Wallahi ti o ba ti o bá a ṣe deede lesbian &amp; apos; s &amp; apos; &amp; apos; homosexuals 2 ẹranko dabi ẹlẹdẹ ki o si o r ko ni to 2 ẹranko, ani awọn ẹranko ko ni ifẹ 4 kanna ibalopo!","Wallahi ti o ba ti o bá a ṣe deede lesbian &amp; apos; s &amp; apos; &amp; apos; homosexuals 2 ẹranko dabi ẹlẹdẹ ki o si o r ko ni to 2 ẹranko, ani awọn ẹranko ko ni ifẹ 4 kanna ibalopo!",mt0xl_detox_synthetic,yo_synthetic_400
,"Hausas, àwọn tó ń pín àpò àjàrà fún orílẹ̀-èdè, àwọn tó ń ṣe ìpániláyà àti àwọn tó ń ṣe ẹrú fún àwọn èèyàn wọn","Hausas, awọn tó ń pín àpò àjàrà fún orílẹ̀-èdè, awọn tó ń ṣe ìpániláyá ati awọn tó ń ṣe ẹrú fún awọn ènìyàn wọn",mt0xl_detox_synthetic,yo_synthetic_400
,"Hey yi wa Edo arabinrin lọ pa wa laslas... gidigidi aibalẹ eniyan😂😂😂😂😂ṣe wa ko lọ gorimapa, Rachel n Diana ara .. Chia yi akoko ko ni seoning fun wa o .. Edo si aye!","Hey yi wa Edo arabinrin lọ pa wa laslas... gidigidi aibalẹ eniyan😂😂😂😂😂ṣe wa ko lọ gorimapa, Rachel n Diana ara.. Chia yi akoko ko ni seoning fun wa o.. Edo si aye!",mt0xl_detox_synthetic,yo_synthetic_400
,Ọ̀nà kan ṣoṣo láti ṣẹ́gun àwọn ẹṣin Trojans yìí láti inú ẹgbẹ́ òṣèlú Sahel àti fulani janjaweed wahabist ni pé kí wọ́n...,Ọ̀nà kan ṣoṣo láti jẹ́gun àwọn ẹṣin Trojans yìí láti inú ẹgbẹ́ òṣèlú Sahel àti fulani janjaweed wahabist ni pé kí wọ́n...,mt0xl_detox_synthetic,yo_synthetic_400
,Èyí túmọ̀ sí pé ọkùnrin yẹn kì í ṣe Abba Kyari.,Eyi túmọ̀ sí pé ọkùnrin yẹn kì í ṣe Abba Kyari.,mt0xl_detox_synthetic,yo_synthetic_400
,"O ò ní ní láti máa ronú nípa bóyá o jẹ́ òpùrọ́ tàbí kò ní jẹ́, o jẹ́ òǹrorò kan tó ń ṣeré bí àpáta.","O kò ní ní láti máa ronú nípa bóyá o jẹ́ òpùrọ́ tàbí kò ní jẹ́, o jẹ́ òǹrorò tó ń ṣeré bí àpáta.",mt0xl_detox_synthetic,yo_synthetic_400
,Ojú ẹ̀ ń rí mi gan-an 😭😂😭💔 Buhari yìí máa ń sọ̀rọ̀ nípa àwọn ará Hausa láti máa sọ̀rọ̀ nípa Tunde Bakara láti máa sọ̀rọ̀ nípa àwọn ará Nigeria láti máa sọ̀rọ̀ nípa àwọn ará Biafra LINK,Ojú ẹ̀ ń rí mi gan-an 😭😂😭💔 Buhari yìí máa ń sọ̀rọ̀ nípa àwọn ará Hausa láti máa sọ̀rọ̀ nípa Tunde Bakara láti máa sọ̀rọ̀ nípa àwọn ará Nigeria láti máa sọ̀rọ̀ nípa àwọn ará Biafra LINK,mt0xl_detox_synthetic,yo_synthetic_400
,"Ọ̀dọ́bìnrin tó rẹwà ló máa ń rí ẹ̀yìn ẹni tó ń ṣe ohun tí kò tọ́ sí i, tó sì ń mú kó lágbára.","Ọ̀dọ́bìnrin tó rẹwá ló máa ń rí ẹ̀yìn ẹni tó ń ṣe ohun tí kò tọ́ sí i, tó sì ń mú kó lágbára.",mt0xl_detox_synthetic,yo_synthetic_400
,"Ó sọ pé àwọn àpapọ̀ tó ń lọ sí àríwá láti lọ ṣèbò lè dúró lẹ́yìn tí wọ́n ti ń lọ ṣèbò, kí wọ́n sì gbádùn ohun tí wọ́n bá fẹ́ gbádùn, ó máa dára gan-an, ṣùgbọ́n àwọn èèyàn ń lò wọ́n fún ìbò.","Ó sọ pé àwọn àpapọ̀ tó ń lọ sí àríwá láti lọ sí èbò lè dúró lẹ́yìn tí wọ́n ti ń lọ sí èbò, kí wọ́n sì gbádùn ohun tí wọ́n bá fẹ́ gbádùn, ó máa dára gan-an, ṣùgbọ́n àwọn ènìyàn ń lò wọ́n fún ìbò.",mt0xl_detox_synthetic,yo_synthetic_400
,"Nígbà tí wọ́n bá ń bá àwọn èèyàn ṣọ̀rẹ́, àwọn ọmọkùnrin Yorùbá kò dára, àwọn ọmọkùnrin Igbo sì máa ń ṣe dáadáa títí di ìgbà tí wọ́n bá ń bára wọn ṣọ̀rẹ́   Ronke Tiamiyu tó jẹ́ ayaba ìgbàanì ló sọ ohun tó ń ṣẹlẹ̀.","Nígbà tí wọ́n bá ń bá àwọn èèyàn ṣọ́rẹ́, àwọn ọmọkùnrin Yorùbá kò dára, àwọn ọmọkùnrin Igbo sì máa ń ṣe dáadáa títí di ìgbà tí wọ́n bá ń bára wọn ṣọ́rẹ́ Ronke Tiamiyu tó jẹ́ ayaba ìgbàanì ló sọ ohun tó ń ṣẹlẹ̀.",mt0xl_detox_synthetic,yo_synthetic_400
,"Ó jẹ́ ọ̀lẹ́, ó sì ń ṣe ẹ̀gàn, ó jẹ́ ọmọ ọ̀lẹ́, ó sì jẹ́ èyí, ó sì jẹ́ èyí, àmọ́ ṣé o ti jáde pẹ̀lú rẹ̀?","Ó jẹ́ ọ̀lẹ́, ó sì ń ṣe ẹ̀gàn, ó jẹ́ ọmọ ọ̀lẹ́, ó sì jẹ́ èyí, ó sì jẹ́ èyí, àmọ́ ṣé o ti jáde pẹ̀lú rẹ̀?",mt0xl_detox_synthetic,yo_synthetic_400
,"Owó kò lè mú kí obìnrin kan dára, o kàn ń ṣe àgbèrè... o ní láti gbádùn ọ̀run rẹ lórí ilẹ̀ ayé o","Owó kò lè mú kí obìnrin kan dára, o kàn ń ṣe àgbèrè... o ní láti gbádùn ọ̀run rẹ lórí ilẹ̀ ayé o",mt0xl_detox_synthetic,yo_synthetic_400
,Ẹ̀sìn tí kò ní láárí,Ẹ̀sìn tí kò ní láárí,mt0xl_detox_synthetic,yo_synthetic_400
,"Ṣé o ti ba mi jẹ́... látìgbà tí o ti ń gbá Don mọ́ra, o ti rán mi lọ sílé.","Ṣé o ti ba mi jẹ́... látigbà tí o ti ń gbá Don, o ti rán mi lọ sílé.",mt0xl_detox_synthetic,yo_synthetic_400
,"ó dára kí ẹ kọ́ ara yín dáadáa, kì í ṣe àwọn òmùgọ̀ Almajiri yìí. ẹ mú àwọn ọmọ yín padà sí ilé ìwé pàápàá àwọn ọmọbìnrin. ẹ má ṣe fi àwọn ọmọ yín ṣègbéyàwó nígbà tí wọ́n bá wà lọ́mọ ọdún mẹ́wàá. ikú àwọn ọmọdé, ipò òṣì tó ń gbilẹ̀, ìpániláyà, ipò òṣì ni ohun tó máa ń wá sí mi lọ́kàn nígbà tí mo bá ronú nípa àwọn ọmọ ísírẹ́lì ní àríwá","ó dára kí ẹ kọ́ ara yín dáadáa, kì í ṣe àwọn òmùgọ̀ Almajiri yìí. ẹ mú àwọn ọmọ yín padà sí ilé ìwé pàápáá àwọn ọmọbìnrin. ẹ má ṣe fi àwọn ọmọ yín ṣègbéyàwó nígbà tí wọ́n bá wà lọ́mọ ọdún mẹ́wáá. ikú àwọn ọmọdé, ipò òṣì tó ń gbilẹ̀, ìpániláyá, ipò òṣì ni ohun tó máa ń wá sí mi lọ́kàn nígbà tí mo bá ronú nípa àwọn ọmọ ísírẹ́lì ní àríwá",mt0xl_detox_synthetic,yo_synthetic_400
,"Ní báyìí tí àwọn ọmọ ogun Fulani tó ń ṣekú pa yín wà ní gúúsù, tí wọ́n ń lépa àwọn ọmọdé aláìmọ́milọ́rùn, àwọn obìnrin, tí wọ́n sì ń jí àwọn míì lọ nítorí ìpakúpa.","Ní báyìí tí àwọn ọmọ ogun Fulani tó ń ṣekú pa yín wà ní gúúsù, tí wọ́n ń lépa àwọn ọmọdé aláìmọ́milọ́rùn, àwọn obìnrin, tí wọ́n sì ń jí àwọn míì lọ nítorí ìpakúpa.",mt0xl_detox_synthetic,yo_synthetic_400
,Owó owó owó ẹ̀yìn wo'losho,Owó owó owó ẹ̀yìn wo'losho,mt0xl_detox_synthetic,yo_synthetic_400
,Kó o mọ bí wàá ṣe kọ́ ọ̀rọ̀ tó dáa kí ọkùnrin kan tó lè sọ ọ́.,Kó o mọ bí wá ṣe kọ́ ọ̀rọ̀ tó dáa kí ọkùnrin kan tó lè sọ ọ́.,mt0xl_detox_synthetic,yo_synthetic_400
,"Ẹ̀gàn yìí tún tún ń ṣe eré ẹ̀bi, kí ló dé tí Jonathan ò fi ṣe é ní ìgbà yìí, ẹ̀yẹ ewúrẹ́ sàn ju Adesina lọ, nítorí pé ó ń ṣe àwọn Kristẹni àti àwọn Mùsùlùmí ní àfiyèsí sí ọ̀ràn yìí.","Ẹ̀gàn yìí tún tún ń ṣe eré ẹ̀bi, kí ló dé tí Jonathan ò fi ṣe é ní ìgbà yí, ẹ̀yẹ ewúrẹ́ sàn ju Adesina lọ, nítorí pé ó ń ṣe àwọn Kristẹni àti àwọn Mùsùlùmí ní àfiyèsí sí ọ̀ràn yí.",mt0xl_detox_synthetic,yo_synthetic_400
,O ṣe akiyesi pe awọn eniyan ti o ni imọran ti o ni imọran ti o ni imọran ti o ni imọran ti o ni imọran ti o ni imọran ti o ni imọran ti o ni imọran ti o ni imọran ti o ni imọran ti o ni imọran ti o ni imọran ti o ni imọran ti o ni imọran ti o ni imọran ti o ni imọran ti o ni imọran ti o ni imọran ti o ni imọran ti o ni imọran ti o ni imọran ti o ni imọran ti o ni imọran ti o ni imọran ti o ni imọran ti o ni imọran ti o ni imọran ti o ni imọran ti o ni imọran ti o ni imọran ti o ni imọran ti o ni imọran ti o ni imọran ti o ni imọran ti o ni imọran ti o ni imọran ti o ni imọran ti o ni imọran ti o ni imọran ti o ni imọran ti o ni imọran ti o ni imọran ti o ni imọran ti o ni imọran ti o ni imọran ti o ni imọran ti o ni imọran ti o ni imọran ti o ni imọran ti o ni imọran ti o ni imọran ti o ni imọran ti o ni imọran ti o ni imọran ti o ni imọran ti o ni imọran ti o ni imọran ti o ni imọran ti o ni imọran ti o ni imọran ti o ni imọran ti o ni imọran ti o ni imọran ti o ni imọran ti o ni imọran ti o ni imọran ti o ni imọran ti o ni imọran ti o ni imọran ti o ni imọran ti o ni imọran ti o ni imọran ti o ni imọran.,O ṣe akiyesi pe awọn eniyan ti o ni imọran ti o ni imọran ti o ni imọran ti o ni imọran ti o ni imọran ti o ni imọran ti o ni imọran ti o ni imọran ti o ni imọran ti o ni imọran ti o ni imọran ti o ni imọran ti o ni imọran ti o ni imọran ti o ni imọran ti o ni imọran ti o ni imọran ti o ni imọran ti o ni imọran ti o ni imọran ti o ni imọran ti o ni imọran ti o ni imọran ti o ni imọran ti o ni imọran ti o ni imọran ti o ni imọran ti o ni imọran ti o ni imọran ti o ni imọran ti o ni imọran ti o ni imọran ti o ni imọran ti o ni imọran ti o ni imọ,mt0xl_detox_synthetic,yo_synthetic_400
,"Ìdáhùn náà rọrùn gan - an. Ẹ ṣe tán láti ran àwọn ará Igbo lọ́wọ́ láti mú kí Biafra padà wá, kí àlàáfíà lè padà sí àgbègbè náà.","Ìdáhùn náà rọrùn gan - an. Ẹ ṣe tán láti ran àwọn ará Igbo lọ́wọ́ láti mú kí Biafra padà wá, kí àlàáfíà lè padà sí àgbègbè náà.",mt0xl_detox_synthetic,yo_synthetic_400
,"Àwọn ọmọ ìlú Lagos ni àwọn ọ̀daràn, àwọn Staphylococcuserus nìkan ni kòkòrò tó ń tà àwọn oògùn aṣẹ́wó sí àwọn aláìmọ̀.","Àwọn ọmọ ìlú Lagos ni àwọn ọ̀daràn, àwọn Staphylococcuserus nìkan ni kòkòrò tó ń tà àwọn oògùn aṣẹ́wó sí àwọn aláìmọ̀.",mt0xl_detox_synthetic,yo_synthetic_400
,"Àwọn ọkùnrin, obìnrin yín fẹ́ rí i pé ẹ kì í bẹ̀rù ẹ̀yin, ẹ̀yin sì ń ṣe ohun tó ń múni láṣẹ.","Àwọn ọkùnrin, obìnrin yín fẹ́ rí i pé ẹ kì í bẹ̀rù ẹ̀yin, ẹ̀yin sì ń ṣe ohun tó ń múni láṣẹ.",mt0xl_detox_synthetic,yo_synthetic_400
,Loolzs... ìwà rẹ ń rú ẹ́ lójú!,Loolzs... ìwá rẹ ń rú ẹ́ lójú!,mt0xl_detox_synthetic,yo_synthetic_400
,"Mo máa ń fi ìgbéraga sọ̀rọ̀ Hausa Fulani... tí mo bá gbọ́ tí ẹnì kan bá ń sọ Hausa yìí... mo búra pé màá máa dá ilé mi lẹ́kọ̀ọ́ láìní bá ẹnikẹ́ni ṣe nǹkan sí... mi ò ní òmùgọ̀, mi ò ní òmùgọ̀ tàbí òmùgọ̀... ẹ jẹ́ ká lọ LINK","Mo máa ń fi ìgbéraga sọ̀rọ̀ Hausa Fulani... tí mo bá gbọ́ tí ẹni kan bá ń sọ Hausa yìí... mo búra pé máa máa dá ilé mi lẹ́kọ̀ọ́ láìní bá ẹnikẹ́ni ṣe nǹkan sí... mi o ní òmùgọ̀, mi o ní òmùgọ̀ tàbí òmùgọ̀... ẹ jẹ́ ká lọ LINK",mt0xl_detox_synthetic,yo_synthetic_400
,"OBASANJO jẹ baba, ẹ̀mí ẹ̀mí ẹ̀mí ẹ̀mí ẹ̀mí ẹ̀mí ẹ̀mí ẹ̀mí ẹ̀mí ẹ̀mí ẹ̀mí ẹ̀mí ẹ̀mí ẹ̀mí ẹ̀mí ẹ̀mí ẹ̀mí ẹ̀mí ẹ̀mí ẹ̀mí ẹ̀mí ẹ̀mí ẹ̀mí ẹ̀mí ẹ̀mí ẹ̀mí ẹ̀mí ẹ̀mí ẹ̀mí ẹ̀mí ẹ̀mí ẹ̀mí ẹ̀mí ẹ̀mí ẹ̀mí ẹ̀mí ẹ̀mí ẹ̀mí ẹ̀mí ẹ̀mí ẹ̀mí ẹ̀mí ẹ̀mí ẹ̀mí ẹ̀mí ẹ̀mí ẹ̀mí ẹ̀mí ẹ̀mí ẹ̀mí ẹ̀mí ẹ̀mí ẹ̀mí ẹ̀mí ẹ̀mí ẹ̀mí ẹ̀mí ẹ̀mí ẹ̀mí ẹ̀mí ẹ̀mí ẹ̀mí ẹ̀mí ẹ̀mí ẹ̀mí ẹ̀mí ẹ̀mí ẹ̀mí ẹ̀mí ẹ̀mí ẹ̀mí ẹ̀mí ẹ̀mí ẹ̀mí ẹ̀mí ẹ̀mí ẹ̀mí ẹ̀mí ẹ̀mí ẹ̀mí ẹ̀mí ẹ̀mí ẹ̀mí ẹ̀mí ẹ̀mí ẹ̀mí ẹ̀mí ẹ̀mí ẹ̀mí ẹ̀mí ẹ̀mí ẹ̀mí ẹ̀mí ẹ̀mí ẹ̀mí ẹ̀mí ẹ̀mí ẹ̀mí ẹ̀mí ẹ̀mí ẹ̀mí ẹ̀mí ẹ̀mí ẹ̀mí ẹ̀mí ẹ̀mí ẹ̀mí ẹ̀mí ẹ̀mí ẹ̀mí ẹ̀mí ẹ̀mí ẹ̀mí ẹ̀mí ẹ̀mí ẹ̀mí ẹ̀mí ẹ̀mí ẹ̀mí ẹ̀mí ẹ̀mí ẹ̀mí ẹ̀mí ẹ̀mí ẹ̀mí ẹ̀mí ẹ̀mí ẹ̀mí ẹ̀mí ẹ̀mí ẹ̀mí ẹ̀mí ẹ̀mí ẹ̀mí ẹ̀mí ẹ̀mí ẹ̀mí ẹ̀mí ẹ̀mí ẹ̀mí ẹ̀mí ẹ̀mí ẹ̀mí ẹ̀mí ẹ̀mí ẹ̀mí ẹ̀mí ẹ̀mí ẹ̀mí ẹ̀mí ẹ̀mí ẹ̀mí ẹ̀mí ẹ̀mí ẹ̀mí ẹ̀mí ẹ̀mí ẹ̀mí ẹ̀mí ẹ̀mí ẹ̀mí ẹ̀mí ẹ̀mí ẹ̀mí ẹ̀mí ẹ̀mí ẹ̀mí ẹ̀mí ẹ̀mí ẹ̀mí ẹ̀mí ẹ̀mí ẹ̀mí ẹ̀mí ẹ̀mí ẹ̀mí ẹ̀mí ẹ̀mí ẹ̀mí ẹ̀mí ẹ̀mí ẹ̀mí ẹ̀mí ẹ̀mí ẹ̀mí ẹ̀mí ẹ̀mí ẹ̀mí ẹ̀mí ẹ̀mí ẹ̀mí ẹ̀mí ẹ̀mí ẹ̀mí ẹ̀mí ẹ̀mí ẹ̀mí","OBASANJO jẹ baba, ẹ̀mí ẹ̀mí ẹ̀mí ẹ̀mí ẹ̀mí ẹ̀mí ẹ̀mí ẹ̀mí ẹ̀mí ẹ̀mí ẹ̀mí ẹ̀mí ẹ̀mí ẹ̀mí ẹ̀mí ẹ̀mí ẹ̀mí ẹ̀mí ẹ̀mí ẹ̀mí ẹ̀mí ẹ̀mí ẹ̀mí ẹ̀mí ẹ̀mí ẹ̀mí ẹ̀mí ẹ̀mí ẹ̀mí ẹ̀mí ẹ̀mí ẹ̀mí ẹ̀mí ẹ̀mí ẹ̀mí ẹ̀mí ẹ̀mí ẹ̀mí ẹ̀mí ẹ̀mí ẹ̀mí ẹ̀mí ẹ̀mí ẹ̀mí ẹ̀mí ẹ̀mí ẹ̀mí ẹ̀mí ẹ̀mí ẹ̀mí ẹ̀mí ẹ̀mí ẹ̀mí ẹ̀mí ẹ̀mí ẹ̀mí ẹ̀mí ẹ̀mí ẹ̀mí ẹ̀mí ẹ̀mí ẹ̀",mt0xl_detox_synthetic,yo_synthetic_400
,"Ọkùnrin kan tí kò mọ ohun tó ń ṣe fún un ni , torí pé ó mọ̀ pé ó máa ń ṣe ohun tó wù ú","Ọkùnrin kan tí kò mọ ohun tó ń ṣe fún un ni, torí pé ó mọ̀ pé ó máa ń ṣe ohun tó wù ú",mt0xl_detox_synthetic,yo_synthetic_400
,"Àwọn Igbo àti Yoruba wọ̀nyẹn jẹ́ àárè ọkàn, wọ́n kórìíra wa nítorí pé a ń ṣàkóso orílẹ̀-èdè náà ","Àwọn Igbo àti Yoruba wọ̀nyẹn jẹ́ àárè ọkàn, wọ́n kórìíra wa nítorí pé a ń ṣàkóso orílẹ̀-èdè náà",mt0xl_detox_synthetic,yo_synthetic_400
,"Obinrin ọlọgbọ́n jù lọ ló máa ń di mumu nígbà tó bá ń ní ìfẹ́. """"""""","Obinrin ọlọgbọ́n jù lọ ló máa ń di mumu nígbà tó bá ń ní ìfẹ́. """"""""",mt0xl_detox_synthetic,yo_synthetic_400
,"Kò sídìí láti sọ ọ̀rọ̀ kan fáwọn ọlọ́gbọ́n, àwọn arìndìn ló nílò ìmọ̀ràn"".","Kò sídìí láti sọ ọ̀rọ̀ kan fáwọn ọlọ́gbọ́n, àwọn arìndìn ló nílò ìmọ̀ràn"".",mt0xl_detox_synthetic,yo_synthetic_400
,"Láìka gbogbo èyí sí, àwọn ará àríwá, lẹ́yìn tí wọ́n ti fún wọn ní $500, ṣì máa ta àwọn àbò wọn.","Láìka gbogbo èyí sí, àwọn ará àríwá, lẹ́yìn tí wọ́n ti fún wọn ní $500, ṣí máa ta àbó wọn.",mt0xl_detox_synthetic,yo_synthetic_400
,"Kò yà mí lẹ́nu, àwọn òmùgọ̀ ará àríwá yìí ló ń bá àwọn ará àríwá ṣọ̀rẹ́.","Kò yá mí lẹ́nu, àwọn òmùgọ̀ ará àríwá yìí ló ń bá àwọn ará àríwá sọ̀rẹ́.",mt0xl_detox_synthetic,yo_synthetic_400
,Kí ló yẹ kí n bínú sí? ṣé àwọn apániláyà ń pa àwọn ìbátan mi ní gúúsù? ṣé àwọn apániláyà ti pa gúúsù run fún ọdún mọ́kànlá? ṣé àwọn ilé ẹ̀kọ́ tó lé ní ọgọ́rùn-ún méje ló ti di èyí tí àwọn apániláyà ti pa ní gúúsù? lol 😂 o wulẹ̀ jẹ́ òmùgọ̀ tó kò kàwé dáadáa. o ò mọ̀ pé ogun náà jẹ́ fún ìwọ àti àwọn èèyàn rẹ̀?,Kí ló yẹ kí n bínú sí? ṣé àwọn apániláyà ń pa àwọn ìbátan mi ní gúúsù? ṣé àwọn ilé ẹ̀kọ́ tó lé ní ọgọ́rùn-ún méje ló ti di èyí tí àwọn apániláyà ti pa ní gúúsù? lol 😂 o wulẹ̀ jẹ́ òmùgọ̀ tó kò kàwé dáadáa. o ò mọ̀ pé ogun náà jẹ́ fún ìwọ àti àwọn ènìyàn rẹ̀?,mt0xl_detox_synthetic,yo_synthetic_400
,"Àìmọ́, ó ti di pé àwọn ọmọ ogun náà ti ń gbé nílùú náà, ó sì ti di pé àwọn ọmọ ogun náà ti ń gbé nílùú náà.","Àìmọ́, ó ti di pé àwọn ọmọ ogun náà ti ń gbé nílùú náà, ó sì ti di pé àwọn ọmọ ogun náà ti ń gbé nílùú náà.",mt0xl_detox_synthetic,yo_synthetic_400
,"O ṣeun fún ọ pé o fẹ́ràn Mali ju bó ṣe yẹ lọ, kí nìdí tí àwọn Fulanis fi ń pa àwọn èèyàn ní Nàìjíríà?","O ṣeun fún ọ pé o fẹ́ràn Mali ju bó ṣe yẹ lọ, kí nìdí tí awọn Fulanis fi ń pa àwọn ènìyàn ní Nàìjíríà?",mt0xl_detox_synthetic,yo_synthetic_400
,"ṣé Buhari ń bá ìwà ìbàjẹ́ jà? àwọn míì tó wà nínú ẹ̀ka ìgbìmọ̀ rẹ̀ ńkọ́? ẹ tún jẹ́ Aboki, bí ẹ̀yin Mùsùlùmí tí ẹ̀yin ò sì lè ṣe dáadáa, ẹ ò ní rí ojú tó tọ́!","ṣé Buhari ń bá ìwà ìbàjẹ́ jà? àwọn míì tó wà nínú ẹ̀ka ìgbìmọ̀ rẹ̀ ńkọ́? ẹ tún jẹ́ Aboki, bí ẹ̀yin Mùsùlùmí tí ẹ ò sì lè ṣe dáadáa, ẹ ò ní rí ojú tó tọ́!",mt0xl_detox_synthetic,yo_synthetic_400
,Àwọn tí ọmọbìnrin rere ń ràn lọ́wọ́,Àwọn tí ọmọbìnrin rere ń ràn lọ́wọ́,mt0xl_detox_synthetic,yo_synthetic_400
,"""Ìṣọ̀kan nípa lílo agbára ni ẹrú, sọ pé kò sí ẹrú òde òní, sọ pé kò sí ẹrú"".","Ìṣọ̀kan nípa lílo agbára ni ẹrú, sọ pé kò sí ẹrú òde òní, sọ pé kò sí ẹrú.",mt0xl_detox_synthetic,yo_synthetic_400
,Ó jẹ́ pé àwọn ẹranko tí kò ní èrò tó dáa ló ń gbé wa lọ sí àríwá.,Ó jẹ́ pé àwọn ẹranko tí kò ní èrò tó dáa ló ń gbé wa lọ sí àríwá.,mt0xl_detox_synthetic,yo_synthetic_400
,Ó dájú pé àwọn ará àríwá ní ojú rere lórílẹ̀-èdè yìí.,Ó dájú pé àwọn ará àríwá ní ojú rere lórílẹ̀-èdè yìí.,mt0xl_detox_synthetic,yo_synthetic_400
,"Ẹ̀yin Yorùbá, ẹ̀yin àti Fulani kórìíra òtítọ́, ẹ sì ń pa Nàìjíríà run.","Ẹ̀yin Yorùbá, ẹ̀yin àti Fulani kórìíra òtítọ́, ẹ sì ń pa Nàìjíríà run.",mt0xl_detox_synthetic,yo_synthetic_400
,"Mo rí i báyìí, bí mo bá sọ pé àwọn ará àríwá kórìíra àwọn ará gúúsù bí wọ́n ti ń kórìíra wa látìgbà tí àwọn ará gúúsù ti ń bẹ lọ, kò ní sí mọ́, ṣùgbọ́n a kàn ń wo yín bí ìgbà tí ẹ̀yin ajá ń bọ̀ ti ń bọ̀.","Mo rí i báyìí, bí mo bá sọ pé awọn ará àríwá kórìíra awọn ará gúúsù bí wọ́n ti ń kórìíra wa látigbà tí awọn ará gúúsù ti ń bẹ lọ, kò ní sí mọ́, ṣùgbọ́n a kàn ń wo yín bí ìgbà tí ẹ̀yin ajá ń bọ̀ ti ń bọ̀.",mt0xl_detox_synthetic,yo_synthetic_400
,Haha kwaran jẹ o too ge ooo.,Haha jẹ o too ge ooo.,mt0xl_detox_synthetic,yo_synthetic_400
,"àwọn igbos ló mú kí gbogbo ìwà àìlófin tó wáyé ní nàìjíríà, ilé iṣẹ́ tí wọ́n ń ṣe àwọn ọmọdé dé ibi tí wọ́n ti ń ta oògùn olóró, àwọn tó ń gbé ìbọn jáde.","àwọn igbos ló mú kí gbogbo ìwá àìlófin tó wáyé ní nàìjíríà, ilé iṣẹ́ tí wọ́n ń ṣe àwọn ọmọdé dé ibi tí wọ́n ti ń ta oògùn olóró, àwọn tó ń gbé ìbọn jáde.",mt0xl_detox_synthetic,yo_synthetic_400
,"Mo rò pé nítorí pé àwọn èèyàn ò kàwé, tí wọ́n sì ń gbé nílùú yẹn ni wọ́n fi rí Adamu Garba àti ọkùnrin kan tó ń jẹ́ Northern cockroach.","Mo rò pé nítorí pé àwọn ènìyàn kò kàwé, tí wọ́n sì ń gbé nílùú yẹn ni wọ́n fi rí Adamu Garba àti ọkùnrin kan tó ń jẹ́ Northern cockroach.",mt0xl_detox_synthetic,yo_synthetic_400
,Mi ò lè gbà pé àwọn èèyàn ṣì ń ṣubú sínú irú ìwà yìí.,Mi o lè gbà pé awọn ènìyàn nikan ń ṣe iyẹn.,mt0xl_detox_synthetic,yo_synthetic_400
,Àwọn olùṣọ́ àgùntàn ń fi èéfín pa àwọn kìnnìún mẹ́fà àti àwọn ẹyẹ ẹyẹ ẹyẹ ẹyẹ ẹyẹ ẹyẹ ẹyẹ ẹyẹ ẹyẹ ẹyẹ ẹyẹ ẹyẹ ẹyẹ ẹyẹ ẹyẹ ẹyẹ ẹyẹ ẹyẹ ẹyẹ ẹyẹ ẹyẹ ẹyẹ ẹyẹ ẹyẹ ẹyẹ ẹyẹ ẹyẹ ẹyẹ ẹyẹ ẹyẹ ẹyẹ ẹyẹ ẹyẹ ẹyẹ ẹyẹ ẹyẹ ẹyẹ ẹyẹ ẹyẹ ẹyẹ ẹyẹ ẹyẹ ẹyẹ ẹyẹ ẹyẹ ẹyẹ ẹyẹ ẹyẹ ẹyẹ ẹyẹ ẹyẹ ẹyẹ ẹyẹ ẹyẹ ẹyẹ ẹyẹ ẹyẹ ẹyẹ ẹyẹ ẹyẹ ẹyẹ ẹyẹ ẹyẹ ẹyẹ ẹyẹ ẹyẹ ẹyẹ ẹyẹ ẹyẹ ẹyẹ ẹyẹ ẹyẹ ẹyẹ ẹyẹ ẹyẹ ẹyẹ ẹyẹ ẹyẹ ẹyẹ ẹyẹ ẹyẹ ẹyẹ ẹyẹ ẹyẹ ẹyẹ ẹyẹ ẹyẹ ẹyẹ ẹyẹ ẹyẹ ẹyẹ ẹyẹ ẹyẹ ẹyẹ ẹyẹ ẹyẹ ẹyẹ ẹyẹ ẹyẹ ẹyẹ ẹyẹ ẹyẹ ẹyẹ ẹyẹ ẹyẹ ẹyẹ ẹyẹ ẹyẹ ẹyẹ ẹyẹ ẹyẹ ẹyẹ ẹyẹ ẹyẹ ẹyẹ ẹyẹ ẹyẹ ẹyẹ ẹyẹ ẹyẹ ẹyẹ ẹyẹ ẹyẹ ẹyẹ ẹyẹ ẹyẹ ẹyẹ ẹyẹ ẹyẹ ẹyẹ ẹyẹ ẹyẹ ẹyẹ ẹyẹ ẹyẹ ẹyẹ ẹyẹ ẹyẹ ẹyẹ ẹyẹ ẹyẹ ẹyẹ ẹyẹ ẹyẹ ẹyẹ ẹyẹ ẹyẹ ẹyẹ ẹyẹ ẹyẹ ẹyẹ ẹyẹ ẹyẹ ẹyẹ ẹyẹ ẹyẹ ẹyẹ ẹyẹ ẹyẹ ẹyẹ ẹyẹ ẹyẹ ẹyẹ ẹyẹ ẹyẹ ẹyẹ ẹyẹ ẹyẹ ẹyẹ ẹyẹ ẹyẹ ẹyẹ ẹyẹ ẹyẹ ẹyẹ ẹyẹ ẹyẹ ẹyẹ ẹyẹ ẹyẹ ẹyẹ ẹyẹ ẹyẹ ẹyẹ ẹyẹ ẹyẹ ẹyẹ ẹyẹ ẹyẹ ẹyẹ ẹyẹ ẹyẹ ẹyẹ ẹyẹ ẹyẹ ẹyẹ ẹyẹ ẹyẹ ẹyẹ ẹyẹ ẹyẹ ẹyẹ ẹyẹ ẹyẹ ẹyẹ ẹyẹ ẹyẹ ẹyẹ ẹyẹ ẹyẹ ẹyẹ ẹyẹ ẹyẹ ẹyẹ ẹyẹ ẹyẹ ẹyẹ ẹyẹ ẹyẹ ẹyẹ ẹyẹ ẹyẹ ẹyẹ ẹyẹ ẹyẹ ẹyẹ ẹyẹ ẹyẹ ẹyẹ ẹyẹ ẹyẹ ẹyẹ ẹyẹ ẹyẹ ẹyẹ ẹyẹ ẹyẹ ẹyẹ ẹyẹ ẹyẹ ẹyẹ ẹyẹ ẹyẹ ẹyẹ ẹyẹ ẹyẹ ẹyẹ ẹyẹ ẹyẹ ẹyẹ ẹyẹ ẹyẹ ẹyẹ ẹyẹ ẹyẹ ẹyẹ ẹyẹ ẹyẹ ẹyẹ ẹyẹ ẹyẹ ẹyẹ ẹyẹ ẹyẹ ẹyẹ ẹyẹ ẹyẹ ẹyẹ ẹyẹ ẹyẹ ẹyẹ ẹyẹ ẹyẹ ẹyẹ ẹyẹ ẹyẹ ẹyẹ ẹyẹ ẹyẹ ẹyẹ ẹyẹ ẹyẹ ẹyẹ ẹyẹ ẹyẹ ẹyẹ ẹyẹ ẹyẹ ẹ,Àwọn olùṣọ́ àgùntàn ń fi èéfín pa àwọn kìnnìún mẹ́fà àti àwọn ẹyẹ ẹyẹ ẹyẹ ẹyẹ ẹyẹ ẹyẹ ẹyẹ ẹyẹ ẹyẹ ẹyẹ ẹyẹ ẹyẹ ẹyẹ ẹyẹ ẹyẹ ẹyẹ ẹyẹ ẹyẹ ẹyẹ ẹyẹ ẹyẹ ẹyẹ ẹyẹ ẹyẹ ẹyẹ ẹyẹ ẹyẹ ẹyẹ ẹyẹ ẹyẹ ẹyẹ ẹyẹ ẹyẹ ẹyẹ ẹyẹ ẹyẹ ẹyẹ ẹyẹ ẹyẹ ẹyẹ ẹyẹ ẹyẹ ẹyẹ ẹyẹ ẹyẹ ẹyẹ ẹyẹ ẹyẹ ẹyẹ ẹyẹ ẹyẹ ẹyẹ ẹyẹ ẹyẹ,mt0xl_detox_synthetic,yo_synthetic_400
,Ọmọkùnrin kan tó ń ṣeré ìfòyemọ̀😂😂,Ọmọkùnrin kan tó ń ṣeré ìfòyemọ̀😂😂,mt0xl_detox_synthetic,yo_synthetic_400
,Mo nireti pe gbogbo wa ni oye pe APC jẹ ẹtan!!! a nilo lati wa pẹlu ẹgbẹ kan ti yoo fun awọn eniyan ni etí gbọ..... a ni ọjọ iwaju Nigeria ,Mo nireti pe gbogbo wa ni oye pe APC ko dara!!! a nilo lati wa pẹlu ẹgbẹ kan ti yoo fun awọn eniyan ni etí gbọ..... a ni ọjọ iwaju Nigeria,mt0xl_detox_synthetic,yo_synthetic_400
,kódà àwọn ìpínlẹ̀ ní nàìjíríà kò sí àdàkàdekè ńlá kan .. ẹ fojú inú wo bí àwọn ẹlẹ́gbin wọ̀nyí ṣe pe mi ni mo ra ìpínlẹ̀ 20k àti lẹ́yìn ọdún mẹ́tàlá àwọn òmùgọ̀ wọ̀nyí sọ pé ìpínlẹ̀ mi ti ṣubú sí i sí ìsàlẹ̀ 5 ọgọ́rùn-ún naira. kò ní rí bẹ́ẹ̀ lọ́nà rere pẹ̀lú àwọn òjòyè ilé-ifowopamọ yẹn. kò sí nǹkankan tó ń ṣe mí láṣeyọrí! ko ni da fun yin,kódà àwọn ìpínlẹ̀ ní nàìjíríà kò sí àdàkàdekè ńlá kan.. ẹ fojú inú wo bí awọn ènìyàn yí ṣe pe mi ni mo ra ìpínlẹ̀ 20k àti lẹ́yìn ọdún mẹ́tàlá awọn òmùgọ̀ yí sọ pé ìpínlẹ̀ mi ti ṣubú sí i sí ìsàlẹ̀ 5 ọgọ́rùn-ún naira. kò ní rí bẹ́ẹ̀ lọ́nà rere pẹ̀lú àwọn òjòyè ilé-ifowopamọ yẹn. kò sí nǹkankan tó ń ṣe mí láṣeyọrí! ko ni da fun yin,mt0xl_detox_synthetic,yo_synthetic_400
,Èèyàn tó ń ṣòfò,Ẹnikẹni tó ń sòfò,mt0xl_detox_synthetic,yo_synthetic_400
,"Àwọn èèyàn kan tí wọ́n ń ṣọ̀tá àwọn fulani ń pa àwọn èèyàn, àmọ́ wọn ò lè dáàbò bo ara wọn.","Àwọn èèyàn kan tí wọ́n ń ṣọ́tá àwọn fulani ń pa àwọn ènìyàn, àmọ́ wọn o lè dáabò bo ara wọn.",mt0xl_detox_synthetic,yo_synthetic_400
,Ó ń gbé Dan Jam Werey.,ó ń gbé Dan Jam Werey.,mt0xl_detox_synthetic,yo_synthetic_400
,Àwọn èṣù Yorùbá,Àwọn èṣù Yorùbá,mt0xl_detox_synthetic,yo_synthetic_400
,"Àwọn obìnrin kì í wulẹ̀ ṣe àdàkàdekè lásán, wọ́n tún burú ju ìyẹn lọ","Àwọn obìnrin kì í wulẹ̀ ṣe àdàkàdekè lásán, wọ́n tún burú ju iyẹn lọ",mt0xl_detox_synthetic,yo_synthetic_400
,"àwọn igbo jẹ́ agbéraga! má ṣe tan ara rẹ jẹ, wọ́n jẹ́ ẹ̀yà tó burú jù lọ nínú gbogbo ẹ̀yà 9ja, àwọn òbí ti kọ́ wọn láti bí wọn láti kórìíra ẹ̀yà mìíràn. wọn kì yóò rí ohun rere kankan nínú rẹ bí o kò bá jẹ́ igbo. má ṣe fipá mú ogun ìyè kan lọ́wọ́ ara rẹ. lọ sí ẹ̀gbọ́n mi obìnrin 💙💙","àwọn igbo jẹ́ agbéraga! má ṣe tan ara rẹ jẹ, wọ́n jẹ́ ẹ̀yà tó burú jù lọ nínú gbogbo ẹ̀yà 9ja, àwọn òbí ti kọ́ wọn láti bí wọn láti kórìíra ẹ̀yà mìíràn. wọn kì yóò rí ohun rere kankan nínú rẹ bí o kò bá jẹ́ igbo. má ṣe fipá mú ogun ìyè kan lọ́wọ́ ara rẹ. lọ sí ẹ̀gbọ́n mi obìnrin 💙💙",mt0xl_detox_synthetic,yo_synthetic_400
,Alágàbàgebè,Alágàbàgebè,mt0xl_detox_synthetic,yo_synthetic_400
,ṣé o máa ń ran àwọn Kristẹni tó ń lọ jọ́sìn tàbí tó ń gbàdúrà lọ́wọ́ láti pa ìjọba kan tó lè ṣàkóbá fún wọn?,ṣé o máa ń ran àwọn Kristẹni tó ń lọ jọ́sìn tàbí tó ń gbàdúrà lọ́wọ́ láti pa ìjọba kan tó lè ṣàkóbá fún wọn?,mt0xl_detox_synthetic,yo_synthetic_400
,Èmi náà ni Lilliputian ti fi ẹ̀tàn tan.,Èmi ni Lilliputian ti fi ẹ̀tàn tan.,mt0xl_detox_synthetic,yo_synthetic_400
,Ẹ lọ kúrò ní ojú ọ̀nà!,Ẹ lọ kúrò ní ojú ọ̀nà!,mt0xl_detox_synthetic,yo_synthetic_400
,"Ebinna, títí tí ìwọ yóò fi gé ọjọ́ iwájú Ur àti ti àwọn ọmọ Ur!","Ebinna, títí iwọ yóò fi gé iwájú rẹ àti ti awọn ọmọ rẹ!",mt0xl_detox_synthetic,yo_synthetic_400
,Ó yà mí lẹ́nu pé ọ̀pọ̀ àwọn obìnrin tó jẹ́ ọlọ́rọ̀ ní Nàìjíríà ló ṣì wà láìní ọkọ.,Ó yá mí lẹ́nu pé ọ́pọ̀ àwọn obìnrin tó jẹ́ ọlọ́rọ̀ ní Nàìjíríà ló sì wà láìní ọkọ.,mt0xl_detox_synthetic,yo_synthetic_400
,"mo fẹ́ràn àwọn ará Igbo, ṣùgbọ́n ìwà àwọn èèyàn yìí ti mú mi rẹ́wẹ̀sì ooo bí ó bá jẹ́ pé lóòótọ́ ni na Biafra dem bi. àwọn òmùgọ̀ yẹn nílò ìrànlọ́wọ́. mo kórìíra ohunkóhun bíáfírà. kódà ní àgbègbè mi mi mi, mi ò tíì fọwọ́ sowọ́ pọ̀ pẹ̀lú àwọn òmùgọ̀ yìí tí wọ́n ń pè ní Biafra.","mo fẹ́ràn àwọn ará Igbo, ṣùgbọ́n ìwá àwọn èyàn yìí ti mú mi rẹ́wẹ̀sì ooo bí ó bá jẹ́ pé lóótọ́ ni na Biafra dem bi. àwọn òmùgọ̀ yẹn nílò ìrànlọ́wọ́. mo kórìíra ohunkóhun bíáfírà. kódà ní àgbègbè mi mi mi, mi ò tíì fọwọ́ sowọ́ pọ̀ pẹ̀lú àwọn òmùgọ̀ yẹn tí wọ́n ń pè ní Biafra.",mt0xl_detox_synthetic,yo_synthetic_400
,Ọkùnrin yìí kò ní ọ̀rọ̀ tó dáa,Ọkùnrin yíí kò ní ọ̀rọ̀ tó dáa,mt0xl_detox_synthetic,yo_synthetic_400
,"àwọn ọmọ abẹ́rẹ́ àti àwọn apẹ́rùn ń fa ẹ̀jẹ̀ sínú ní nàìjíríà, àwọn kristẹni tó lé ní ẹgbẹ̀rún méjì lọ́nà ìkà ni wọ́n fi ṣe àgbákò àti ìpànìyàn, gbogbo wa la sì ń dákẹ́, títí kan àwọn bíṣọ́ọ̀bù wa","àwọn ọmọ abẹ́rẹ́ àti àwọn apẹ́rùn ń fa ẹ̀jẹ̀ sínú ní nàìjíríà, àwọn kristẹni tó lé ní ẹgbẹ̀rún méjì lọ́nà ìkà ni wọ́n fi ṣe àgbákò àti ìpànìyàn, gbogbo wa la sì ń dákẹ́, títí kan àwọn bíṣọ́ọ̀bù wa",mt0xl_detox_synthetic,yo_synthetic_400
,"Mo ní láti máa sọ ohun tí mo rò, àmọ́ obìnrin tí kò ní nǹkan kan tàbí tí kò ní nǹkan kan, ó máa ń mú kí èèyàn máà mọ nǹkan kan nípa rẹ̀, ó sì máa ń mú kí èèyàn máa hùwà bí ẹranko.","Mo ní láti máa sọ ohun tí mo rò, àmọ́ obìnrin tí kò ní nǹkan kan tàbí tí kò ní nǹkan kan, ó máa ń mú kí èèyàn máa mọ nǹkan kan nípa rẹ̀, ó sì máa ń mú kí èèyàn máa hùwà bí ẹranko.",mt0xl_detox_synthetic,yo_synthetic_400
,"Ọ̀gbẹ́ni Clown, ohun tó o fẹ́ jù lọ ni pé kó o máa ṣe eré ìnàjú kan ṣoṣo.","Ọ̀gbẹ́ni Clown, ohun tó o fẹ́ jù lọ ni pé kó o máa ṣe eré ìnàjú kan ṣoṣo.",mt0xl_detox_synthetic,yo_synthetic_400
,"Ó dùn mí gan-an, màmá.","ó dùn mí gan-an, mámá.",mt0xl_detox_synthetic,yo_synthetic_400
,"Pẹ̀lú gbogbo ìbọ̀wò, èyí ò dáa, kò sì bójú mu. Gbogbo àwọn Yorubas ni òmùgọ̀ nítorí pé kì í ṣe gbogbo wa ló ń ṣètìlẹ́yìn fún ẹni kan pàtó? nítorí pé a ní kí àwọn èèyàn wa ṣe ohun tó dára jù lọ? nítorí pé a pe onítọ̀hún ní alátakò, olè jíjà nítorí ohun tó jẹ́ ní kedere?","Pẹ̀lú gbogbo ìbọ̀wò, èyí ò dáa, kò sì bójú mu. Gbogbo àwọn Yorubas ni òmùgọ̀ nítorí pé kì í ṣe gbogbo wa ló ń ṣètìlẹ́yìn fún ẹni kan pàtó? nítorí pé a ní kí àwọn èèyàn wa ṣe ohun tó dára jù lọ?",mt0xl_detox_synthetic,yo_synthetic_400
,"àkọ́kọ́, ìwọ ni obìnrin tí ó ń ṣòfò, o yẹ kó o mọ bí o ṣe lè máa dáàbò bo ara rẹ (tó o máa ń ṣe ìhò nígbà tí oòrùn bá ń tàn) àwọn obìnrin bíi tìẹ jẹ́ onímọtara-ẹni-nìkan àti àwọn tó ń jẹ́ kí ẹ̀jẹ́ gluten pọ̀ jù. kejì, ọ̀rẹ́ rẹ kò ní ìdè, pàápàá jù lọ tó ń fẹ́ ṣègbéyàwó, o ní ọ̀tá bíi ọ̀rẹ́ rẹ","àkọ́kọ́, iwọ ni obìnrin tí ó ń ṣòfò, o yẹ kó o mọ bí o ṣe lè máa dáàbò bo ara rẹ (tó o máa ń ṣe ìhò nígbà tí oòrùn bá ń tàn) awọn obìnrin bíi tìẹ jẹ́ onímọtara-ẹni-nìkan àti awọn tó ń jẹ́ kí ẹ̀jẹ́ gluten pọ̀ jù. kejì, ọ̀rẹ́ rẹ kò ní ìdè, pàápáá jù lọ tó ń fẹ́ ṣègbéyàwó, o ní ọ̀tá bíi ọ̀rẹ́ rẹ",mt0xl_detox_synthetic,yo_synthetic_400
,"Hahahahahhaahahaha......Ikpeazu tí ẹ̀jẹ̀ Igbo ń ṣàn nínú ẹ̀jẹ̀ rẹ̀ jẹ́ ìtìjú, ó burú ju Ganduje Onye Hausa lọ! 🤣","Hahahahahhaahahaha......Ikpeazu tí ẹ̀jẹ̀ Igbo ń ṣàn nínú ẹ̀jẹ̀ rẹ̀ jẹ́ ìtìjú, ó burú ju Ganduje Onye Hausa lọ! 🤣",mt0xl_detox_synthetic,yo_synthetic_400
,"Ojú òmùgọ̀, wọn yóò rí i pé ó bófin mu nígbà tí wọ́n bá dá ara wọn lẹ́bi fún àgbèrè, panṣágà, ọmọdé, ìwà ìbàjẹ́ àti àwọn nǹkan mìíràn tí wọ́n ń ṣe lábẹ́ àbójútó wọn.","Ojú òmùgọ̀, wọn yóò rí i pé ó bófin mu nígbà tí wọ́n bá dá ara wọn lẹ́bi fún àgbèrè, panṣágá, ọmọdé, ìwá ìbàjẹ́ àti àwọn nǹkan mííràn tí wọ́n ń ṣe lábẹ́ àbójútó wọn.",mt0xl_detox_synthetic,yo_synthetic_400
,Obìnrin tí kò lágbára  ♂️ LINK,Obìnrin tí kò lágbára ♂️ LINK,mt0xl_detox_synthetic,yo_synthetic_400
,bí mo ṣe ń fi gbogbo nǹkan ṣe àbùkù sí i,bí mo ṣe ń fi gbogbo nǹkan ṣe àbùkù sí i,mt0xl_detox_synthetic,yo_synthetic_400
,"Ìpínlẹ̀ yín ni àgbègbè tí àwọn apániláyà ń gbé ní Nàìjíríà, ipò òṣì sì ń pa yín.","Ìpínlẹ̀ yín ni àgbégbè tí àwọn apániláyá ń gbé ní Nàìjíríà, ipò òṣì sì ń pa yín.",mt0xl_detox_synthetic,yo_synthetic_400
,"Mo máa ń rò pé àwọn èèyàn máa ń pe ọ ní obìnrin tó ti di ara ẹni tó ti di ara ẹni tó ti di ara ẹni tó ti di ara ẹni tó ti di ara ẹni tó ti di ara ẹni tó ti di ara ẹni tó ti di ara ẹni tó ti di ara ẹni tó ti di ara ẹni tó ti di ara ẹni tó ti di ara ẹni tó ti di ara ẹni tó ti di ara ẹni tó ti di ara ẹni tó ti di ara ẹni tó ti di ara ẹni tó ti di ara ẹni tó ti di ara ẹni tó ti di ara ẹni tó ti di ara ẹni tó ti di ara ẹni tó ti di ara ẹni tó ti di ara ẹni tó ti di ara ẹni tó ti di ara ẹni tó ti di ara ẹni tó ti di ara ẹni tó ti di ara ẹni tó ti ń ṣe àdàkàdekè, àmọ́ ó jọ pé ó ń ṣe bẹ́.",Mo máa ń rò pé awọn eniyan máa ń pe ọ ní obìnrin tó ti di ara ẹni tó ti di ara ẹni tó ti di ara ẹni tó ti di ara ẹni tó ti di ara ẹni tó ti di ara ẹni tó ti di ara ẹni tó ti di ara ẹni tó ti di ara ẹni tó ti di ara ẹni tó ti di ara ẹni tó ti di ara ẹni tó ti di ara ẹni tó ti di ara ẹni tó ti di ara ẹni tó ti di ara ẹni tó ti di ara ẹni tó ti di ara ẹni tó ti di ara ẹni tó ti di ara ẹni tó ti di ara ẹni tó ti di ara ẹni tó ti di ara ẹni tó ti di ara ẹni tó ti di ara ẹni tó ti di ara ẹni tó ti di ara ẹni tó ti di ara ẹni tó ti di ara ,mt0xl_detox_synthetic,yo_synthetic_400
,civilized eniyan ti gúúsù looting trailer kún fun northern ká onions ibi ti o wa ni idiots southern twitter influencers abi dem se un ẹnu ti ọkunrin kan ká iṣowo ur idiots eniyan ju paralyzed asopọ,civilized eniyan ti gúúsù looting trailer kún fun northern ká onions ibi ti o wa ni southern twitter influencers abi dem se un ẹnu ti ọkunrin kan ká iṣowo ur eniyan ju paralyzed asopọ,mt0xl_detox_synthetic,yo_synthetic_400
,"Lẹhin gbogbo ẹ, o ko gbadun awọn pussy fun ọdun mẹrin ki o si ohun ti o n lọ. awọn girl Dey asopọ pẹlu Igbo guy fun foonu ati awọn mumu Negga ko tilẹ mọ ohun ti n ṣẹlẹ. rẹ ko ni oye ti o ni idi ti awọn girl lọ","Lẹhin gbogbo ẹ, o ko dun fun ọdun mẹrin ki o si ohun ti o n lọ. awọn girl Dey asopọ pẹlu Igbo guy fun foonu ati awọn mumu Negga ko tilẹ mọ ohun ti n ṣẹlẹ. rẹ ko ni oye ti o ni idi ti awọn girl lọ.",mt0xl_detox_synthetic,yo_synthetic_400
,Mo máa ń ronú pé bóyá ni Femi Falana jẹ́ ẹni tó mọ́jú tó ń ṣe ohun tó burú jù lọ.,Mo máa ń ronú pé bóyá ni Femi Falana jẹ́ ẹni tó mọ́jú tó ń ṣe ohun tó burú jù lọ.,mt0xl_detox_synthetic,yo_synthetic_400
,"àwọn olùbẹ̀bẹ̀bẹ̀ tí kì í ṣe ọmọ ìbílẹ̀ Igbo bá jẹ́ ọ̀daràn, kí nìdí táwọn ọmọ ìbílẹ̀ Fulanis fi ń bẹ̀ wọn pé kí wọ́n dúró ní Nàìjíríà tí kò dára?","àwọn olùbẹ̀bẹ̀ tí kì í ṣe ọmọ ìbílẹ̀ Igbo bá jẹ́ ọ̀daràn, kí nìdí táwọn ọmọ ìbílẹ̀ Fulanis fi ń bẹ̀ wọn pé kí wọ́n dúró ní Nàìjíríà tí kò dára?",mt0xl_detox_synthetic,yo_synthetic_400
,Èṣù Yorùbá,Èṣù Yorùbá,mt0xl_detox_synthetic,yo_synthetic_400
,Àwọn ọmọbìnrin Nàìjíríà kì í ṣe nǹkan kan,Àwọn ọmọbìnrin Nàìjíríà kì í ṣe nǹkankan,mt0xl_detox_synthetic,yo_synthetic_400
,Ta ló sọ fún ìjọba Nàìjíríà pé àwọn ọmọ Fulan ni yóò máa tọ́jú àwọn màlúù? àwọn ọmọ Igbo náà lè ṣe bẹ́ẹ̀... àwa àti àwọn ọmọ Wawa ní Enugu mọ̀ pé àwọn ò ń ṣe àwọn òwò màlúù dáadáa.,Ta ló sọ fún ìjọba Nàìjíríà pé àwọn ọmọ Fulan ni yóò máa tọ́jú àwọn málúù? àwọn ọmọ Igbo náà lè ṣe bẹ́ẹ̀... àwa àti àwọn ọmọ Wawa ní Enugu mọ̀ pé àwọn ò ń ṣe àwọn òwò málúù dáadáa.,mt0xl_detox_synthetic,yo_synthetic_400
,"mo gbà pé kò sí ẹ̀yà kankan nínú ẹgbẹ́ APC, PDP, tàbí ẹnikẹ́ni mìíràn nínú ẹgbẹ́ olóṣèlú tó wà ní ìsọdá yìí tó lè mú wa lọ́wọ́. wọ́n ti kọ̀ láti darí nàíjíríà, wọ́n sì máa tẹ̀ lé e.","mo gbà pé kò sí ẹ̀yà kankan nínú ẹgbẹ́ APC, PDP, tàbí ẹnikẹ́ni miiran nínú ẹgbẹ́ olóṣèlú tó wà ní ìsọdá yìí tó lè mú wa lọ́wọ́. wọ́n ti kọ̀ láti darí nàíjíríà, wọ́n sì máa tẹ̀ lé e.",mt0xl_detox_synthetic,yo_synthetic_400
,"Fojú inú wo bí ọmọkùnrin kan ṣe máa sọ fún ọmọbìnrin kan pé, ""Ṣé o mọ̀ pé o ní ""àwọn èròjà tó ń jẹ́ kòkòrò?""","Fojú inú wo bí ọmọkùnrin kan ṣe máa sọ fún ọmọbìnrin kan pé, ""Ṣé o mọ̀ pé o ní ""àwọn èròjà tó ń jẹ́ kòkòrò?""",mt0xl_detox_synthetic,yo_synthetic_400
,"FFK ń hùwà ìkà sí Sayyadina Abubakar, Danfodio, Sardauna, Inuwa Wada àti ọ̀pọ̀ àwọn Mùsùlùmí...nítorí pé kò wúlò fún un, ó sì ń pe àwọn Hausa/Fulani ní ọ̀rẹ́","FFK ń hùwà ìkà sí Sayyadina Abubakar, Danfodio, Sardauna, Inuwa Wada àti ọ̀pọ̀ àwọn Mùsùlùmí...nítorí pé kò wúlò fún un, ó sì ń pe àwọn Hausa/Fulani ní ọ̀rẹ́",mt0xl_detox_synthetic,yo_synthetic_400
,"nígbà tí mo wà nídìí eré ìdárayá tí mo ń bá àwọn obìnrin ṣeré, mo rò pé bí mo ṣe ń bá àwọn obìnrin kan ṣeré ni kò ṣe rí, ó sì máa ń dà bíi pé mo ti ń bá àwọn obìnrin tó yẹ rìn báyìí, mo sì mọ̀ pé mo ti ń bá àwọn obìnrin tí kò yẹ rìn.","nígbà tí mo wà nídìí eré ìdárayá tí mo ń bá awọn obìnrin ṣeré, mo rò pé bí mo ṣe ń bá awọn obìnrin kan ṣeré ni kò ṣe rí, ó sì máa ń dà bíi pé mo ti ń bá awọn obìnrin tó yẹ rìn báyìí, mo sì mọ̀ pé mo ti ń bá awọn obìnrin tí kò yẹ rìn.",mt0xl_detox_synthetic,yo_synthetic_400
,Ìgbéyàwó àwọn ọkùnrin tí kì í ṣe ọkùnrin máa ń pa ìwà èèyàn run.,Ìgbéyàwó àwọn ọkùnrin tí kì í ṣe ọkùnrin máa ń pa ìwá ènìyàn run.,mt0xl_detox_synthetic,yo_synthetic_400
,"Hausa tabi Fulani, fulani ti ṣẹgun ọ, ọpọlọpọ awọn ile ni Gomina ati Awọn aṣofin, ọpọlọpọ awọn ile ni Emir? ti ọkunrin Hausa kan ti jọba lori Naijiria, o jẹ aibalẹ Fulani lo Igbagbọ́ lati tọju Hausa ni Bondage, eniyan le jẹ alagbeka, ṣugbọn idiju ti diẹ ninu awọn Hausas jẹ alaigbagbọ","Hausa tabi Fulani, fulani ti ṣẹgun ọ, ọpọlọpọ awọn ile ni Gomina ati Awọn aṣofin, ọpọlọpọ awọn ile ni Emir? ti ọkunrin Hausa kan ti jọba lori Naijiria, o jẹ aibalẹ Fulani lo Igbagbọ́ lati tọju Hausa ni Bondage, eniyan le jẹ alagbeka, ṣugbọn idiju ti diẹ ninu awọn Hausas jẹ alaigbagbọ",mt0xl_detox_synthetic,yo_synthetic_400
,Ẹ̀YÌN ÀWỌN ÀWỌN ÀWỌN ÀWỌN ÀWỌN ÀWỌN ÀWỌN ÀWỌN ÀWỌN ÀWỌN ÀWỌN ÀWỌN ÀWỌN ÀWỌN ÀWỌN ÀWỌN ÀWỌN ÀWỌN ÀWỌN ÀWỌN ÀWỌN ÀWỌN ÀWỌN ÀWỌN ÀWỌN ÀWỌN ÀWỌN ÀWỌN ÀWỌN ÀWỌN ÀWỌN ÀWỌN ÀWỌN ÀWỌN ÀWỌN ÀWỌN ÀWỌN ÀWỌN ÀWỌN ÀWỌN ÀWỌN ÀWỌN ÀWỌN ÀWỌN ÀWỌN ÀWỌN ÀWỌN ÀWỌN ÀWỌN ÀWỌN ÀWỌN ÀWỌN ÀWỌN ÀWỌN ÀWỌN ÀWỌN ÀWỌN ÀWỌN ÀWỌN ÀWỌN ÀWỌN ÀWỌN ÀWỌN ÀWỌN ÀWỌN ÀWỌN ÀWỌN ÀWỌN ÀWỌN ÀWỌN ÀWỌN ÀWỌN ÀWỌN ÀWỌN ÀWỌN ÀWỌN ÀWỌN ÀWỌN ÀWỌN ÀWỌN ÀWỌN ÀWỌN ÀWỌN ÀWỌN ÀWỌN ÀWỌN ÀWỌN ÀWỌN ÀWỌN ÀWỌN ÀWN ÀWỌN ÀWN ÀWỌN ÀWN ÀWỌN ÀWN ÀWỌN ÀWN ÀWN ÀWN ÀWN ÀWN ÀWỌN ÀWN ÀWN ÀWN ÀWN ÀWN ÀWN ÀWN ÀWN ÀWN ÀWN ÀWN ÀW,Ẹ̀YÌN ÀWỌN ÁWỌN ÁWỌN ÁWỌN ÁWỌN ÁWỌN ÁWỌN ÁWỌN ÁWỌN ÁWỌN ÁWỌN ÁWỌN ÁWỌN ÁWỌN ÁWỌN ÁWỌN ÁWỌN ÁWỌN ÁWỌN ÁWỌN ÁWỌN ÁWỌN ÁWỌN ÁWỌN ÁWỌN ÁWỌN ÁWỌN ÁWỌN ÁWỌN ÁWỌN ÁWỌN ÁWỌN ÁWỌN ÁWỌN ÁWỌN ÁWỌN ÁWỌN ÁWỌN ÁWỌN ÁWỌN ÁWỌN ÁWỌN ÁWỌN ÁWỌN ÁWỌN ÁWỌN ÁWỌN ÁWỌN ÁWỌN ÁWỌN ÁWỌN ÁWỌN ÁWỌN ÁWỌN ÁWỌN ÁWỌN ÁWỌN ÁWỌN ÁWỌN ÁWỌN ÁWỌN ÁWỌN Á,mt0xl_detox_synthetic,yo_synthetic_400
,Àwọn aṣòfin tí kò ní ojú àti òye,Àwọn aṣòfin tí kò ní ojú àti òye,mt0xl_detox_synthetic,yo_synthetic_400
,Bẹ́ẹ̀ ni mo lè bá Wella fuck,Bẹ́ẹ̀ ni mo lè bá Wella,mt0xl_detox_synthetic,yo_synthetic_400
,"Ẹ̀yin èèyàn kò lè ṣe nǹkan kan, bíi ti ìjọba yín.","Ẹ̀yin ènìyàn kò lè ṣe nǹkan kan, bíi ti ìjọba yín.",mt0xl_detox_synthetic,yo_synthetic_400
,Ẹgbẹ́ Ìjọ Ìsìn Àgbáyé (IMO) gbóríyìn fún ipò iwájú Nàìjíríà nínú ìjà sí ẹ̀tàn olè LINK lórí ìkànnì Trump Ilé Ẹjọ́ Gíga Jù Lọ Maguire Ìgbàgbọ́ Moses Biafra Ethiopia Romanian Shepherd Christian Idiots LINK,Ẹgbẹ́ Ìjọ Ìsìn Àgbáyé (IMO) gbóríyìn fún ipò iwájú Nàìjíríà nínú ìjà sí ẹ̀tàn olè LINK lórí ìkànnì Trump Ilé Ẹjọ́ Gíga Jù Lọ Maguire Ìgbàgbọ́ Moses Biafra Ethiopia Romanian Shepherd Christian LINK,mt0xl_detox_synthetic,yo_synthetic_400
,"Ojú ẹ̀ ń rí i pé àwọn ọmọ Igbo ń ṣe àdàkàdekè, wọ́n ń ṣe àdàkàdekè, wọ́n ń ṣe ìpalára fún àwọn èèyàn, wọ́n sì ń pa àwọn èèyàn jẹ nítorí pé wọ́n ń ṣe ohun tí kò yẹ.","Ojú rẹ̀ ń rí i pé awọn ọmọ Igbo ń ṣe àdàkàdekè, wọ́n ń ṣe àdàkàdekè, wọ́n sì ń pa awọn ènìyàn jẹ nítorí pé wọ́n ń ṣe ohun tí kò yẹ.",mt0xl_detox_synthetic,yo_synthetic_400
,"Mo mọ̀ pé ó jẹ́ ohun tó jẹ́ Kristẹni ju ohunkóhun mìíràn lọ. Má ṣe ṣàníyàn pé Ìsálómù yóò gba ipò rẹ lọ́nà tó yá jù lọ. Nígbà tí èyí bá ṣẹlẹ̀, o lè fi orí kókókókó rẹ gbóná lórí ògiri.","Mo mọ̀ pé ó jẹ́ ohun tó jẹ́ Kristẹni ju ohunkóhun mìíràn lọ. Má ṣe ṣàníyàn pé Ìsálómù yóò gba ipò rẹ lọ́nà tó yá jù lọ. Nígbà tí èyí bá ṣẹlẹ̀, o lè fi orí kókókó rẹ gbóná lórí ògiri.",mt0xl_detox_synthetic,yo_synthetic_400
,"O ti kà nípa ìgbésí ayé rẹ̀, ó ti parọ́ gan-an, ó sì ti rí àṣìṣe nínú ohun gbogbo tí kò bá sí nídìí rẹ̀, ó ti sọ pé òun ò mọ̀ pé Arbery ti pa ara òun, ó sì ti sọ fún George pé ó yẹ kí òun kú bíi ewúrẹ́ nítorí pé ó ti ní ìwà ọ̀daràn.","O ti kà nípa ìgbésí ayé rẹ̀, ó ti parọ́ gan-an, ó sì ti rí àṣìṣe nínú ohun gbogbo tí kò bá sí nídìí rẹ̀, ó ti sọ fún George pé ó yẹ kí óun kú bíi ewúrẹ́ nítorí pé ó ti ní ìwá ọ̀daràn.",mt0xl_detox_synthetic,yo_synthetic_400
,Sars kàn ń tẹ̀ lé àṣẹ ni. Ṣé ẹ lè fojú inú wo bí òmùgọ̀ yìí ṣe ń fi àbùkù sọ̀rọ̀?,Sars kàn ń tẹ̀ lé àṣẹ ni. Ṣé ẹ lè fojú inú wo bí òmùgọ̀ yìí ṣe ń fi àbùkù sọ̀rọ?,mt0xl_detox_synthetic,yo_synthetic_400
,"Ẹ máa bá a lọ láti máa gbé inú àwọn aláìmọye èèyàn yín, ẹ máa ń rẹ́rìn-ín, nígbà tí eré tí ẹ ń fi ránṣẹ́ ń mú káwọn èèyàn máa sunkún kí wọ́n sì máa retí pé ẹ máa rí i.","Ẹ máa bá a lọ láti máa gbé inú àwọn aláìmọye èèyàn yín, ẹ máa ń rẹ́rìn-ín, nígbà tí eré tí ẹ ń fi ránṣẹ́ ń mú káwọn èyàn máa sunkún kí wọ́n sì máa retí pé ẹ máa rí i.",mt0xl_detox_synthetic,yo_synthetic_400
,Mo ti ń ṣe ẹ̀jẹ́ àìgbekalẹ̀ báyìí. Mo ti ń bá ẹnikẹ́ni ṣeré.,Mo ti ń ṣe ẹ̀jẹ́ àìgbekalẹ̀ báyìí. Mo ti ń bá ẹnikẹ́ni ṣeré.,mt0xl_detox_synthetic,yo_synthetic_400
,Ìwọ náà jẹ́ ọ̀daràn láti ẹ̀ka òkun.,Ìwọ náà jẹ́ ọ̀daràn láti ẹ̀ka òkun.,mt0xl_detox_synthetic,yo_synthetic_400
,"Kò sí ohun tó lè ṣẹlẹ̀, kò sí ohun tó lè ṣẹlẹ̀.","Kò sí ohun tó lè ṣẹlẹ̀, kò sí ohun tó lè ṣẹlẹ̀.",mt0xl_detox_synthetic,yo_synthetic_400
,NÍJÉRÍÀ ÌGBÉSÍ ÌGBÉSÍ ÌGBÉSÍ ÌGBÉSÍ ÌGBÉSÍ ÌGBÉSÍ ÌGBÉSÍ ÌGBÉSÍ ÌGBÉSÍ ÌGBÉSÍ ÌGBÉSÍ ÌGBÉSÍ ÌGBÉSÍ ÌGBÉSÍ ÌGBÉSÍ ÌGBÉSÍ ÌGBÉSÍ ÌGBÉSÍ ÌGBÉSÍ ÌGBÉSÍ ÌGBÉSÍ ÌGBÉSÍ ÌGBÉSÍ ÌGBÉSÍ ÌGBÉSÍ ÌGBÉSÍ ÌGBÉSÍ ÌGBÉSÍ ÌGBÉSÍ ÌGBÉSÍ,NÍJÉRÍÀ ÌGBÉSÍ ÌGBÉSÍ ÌGBÉSÍ ÌGBÉSÍ ÌGBÉSÍ ÌGBÉSÍ ÌGBÉSÍ ÌGBÉSÍ ÌGBÉSÍ ÌGBÉSÍ ÌGBÉSÍ ÌGBÉSÍ ÌGBÉSÍ ÌGBÉSÍ ÌGBÉSÍ ÌGBÉSÍ ÌGBÉSÍ ÌGBÉSÍ ÌGBÉSÍ ÌGBÉSÍ ÌGBÉSÍ ÌGBÉSÍ ÌGBÉSÍ ÌGBÉSÍ ÌGBÉSÍ ÌGBÉSÍ ÌGBÉSÍ ÌGBÉSÍ ÌGBÉSÍ ÌGBÉSÍ ÌGBÉSÍ ÌGBÉSÍ ÌGBÉSÍ ÌGBÉSÍ ÌGBÉSÍ ÌGBÉSÍ ÌGBÉSÍ ÌGBÉSÍ ÌGBÉSÍ ÌGBÉSÍ ÌGBÉSÍ ÌGBÉSÍ ÌGBÉSÍ ÌGBÉSÍ ÌGBÉSÍ ÌGBÉSÍ ÌGBÉSÍ ÌGBÉSÍ ÌGBÉSÍ ÌGBÉS,mt0xl_detox_synthetic,yo_synthetic_400
,Àwọn Èèyàn Tí Kò Jẹ́ Èèyàn Tí Wọ́n Ń Rẹ̀ Láti Di Àràádọ́ta.,Àwọn Èèyàn Tí Kò Jẹ́ Èèyàn Tí Wọ́n Ń Rẹ̀ Láti Di Àràádọ́ta.,mt0xl_detox_synthetic,yo_synthetic_400
,"Nítorí pé ẹ kò sọ pé àwọn apániláyà fulani ń pa, tí wọ́n ń fipá báni lò pọ̀, tí wọ́n sì ń jí èèyàn gbé, nítorí náà, irọ́ ni, àbí?","Nítorí pé ẹ kò sọ pé awọn apániláyà fulani ń pa, tí wọ́n ń fipá báni lò pọ̀, tí wọ́n sì ń jí èyàn gbé, nítorí náà, irọ́ ni, àbí?",mt0xl_detox_synthetic,yo_synthetic_400
,"àwọn fulani ṣèlérí fún wọn pé àwọn á gba ipò alákòóso láyè, wọ́n sì gbà pé àwọn á gba àwọn apániláyà fulani lọ́wọ́ níbi tí wọ́n ti ń pa ọ̀rọ̀ àwọn igbos mó̀, torí pé ipò wọn kò tíì bà jẹ́. ẹ fojú inú wo bí àwọn ọkùnrin yìí ṣe ń ṣe gómìnà nígbà ogun bíáfírà. wọ́n á ti ta ojukwu fún àwọn fulani. àwọn ẹranko ní ìrísí ènìyàn.","àwọn fulani ṣèlérí fún wọn pé àwọn á gba ipò alákòóso láyè, wọ́n sì gbà pé àwọn á gba àwọn apániláyà fulani lọ́wọ́ níbi tí wọ́n ti ń pa ọ̀rọ̀ àwọn igbos mó̀, torí pé ipò wọn kò tíì bà jẹ́. ẹ fojú inú wo bí awọn ọkùnrin yìí ṣe ń ṣe gómìnà nígbà ogun bíáfírà. wọ́n á ti ta ojukwu fún awọn fulani. awọn ẹranko ní ìrísí ènìyàn.",mt0xl_detox_synthetic,yo_synthetic_400
,"Ó ti sú mi láti máa sọ pé ""Mo nílò ọkùnrin kan!""","Ó ti sú mi láti máa sọ pé ""Mo nílò ọkùnrin kan!""",mt0xl_detox_synthetic,yo_synthetic_400
,bíi àwọn olè ńlá ní àríwá rẹ.,bí awọn olé ńlá ní àríwá rẹ.,mt0xl_detox_synthetic,yo_synthetic_400
,Kí ló dé tí ohun tí a sọ yìí fi ń wà ní àlàfo nígbà tó yẹ kó wà nínú àpótí tí a fi ń fi ìbọn ṣòfò?,Kí ló dé tí ohun tí a sọ yìí fi ń wà ní àlàfo nígbà tó yẹ kó wá nínú àpótí tí a fi ń fi ìbọn ṣófò?,mt0xl_detox_synthetic,yo_synthetic_400
,"Ìwọ náà ló ní ìṣòro yìí, àkókò díẹ̀ sí i kí gbogbo ẹ̀yin èèyàn tó lè rí àwọn àrífín tó ń ṣòfò.","Ìwọ náà ló ní ìṣòro yìí, àkókò díẹ̀ sí i kí gbogbo ẹ̀yin èèyàn tó lè rí àrífín tó ń ṣófò.",mt0xl_detox_synthetic,yo_synthetic_400
,"O jẹ ẹlẹ́tàn o fi ẹgbẹ́ náà sílẹ̀ nítorí àbáwọ́ rẹ̀ tí kò dára, ìṣòro tí àwọn Mùsùlùmí ń ṣe kò wá sókè nígbà yẹn.","O jẹ ẹlẹ́tàn o fi ẹgbẹ́ náà sílẹ̀ nítorí àbáwọ́ rẹ̀ tí kò dára, awọn ibeere ti awọn Musulumi n ṣe kò wá sókè nígbà yẹn.",mt0xl_detox_synthetic,yo_synthetic_400
,Bí ẹni pé àwọn olùṣọ́ àgùntàn Fulani ló ń mú kí ìwà ọ̀daràn yìí wáyé ní àgbègbè tí mo wà ní Nàìjíríà.,Bí ẹni pé àwọn olùṣọ́ àgùntàn Fulani ló ń mú kí ìwá ọ̀daràn yìí wáyé ní àgbègbè tí mo wà ní Nàìjíríà.,mt0xl_detox_synthetic,yo_synthetic_400
,"Kì í ṣe àwọn olè tó ń kó àwọn nǹkan jọ, bí kò ṣe àwọn tó ní í ṣe pẹ̀lú òfin...","Kì í ṣe àwọn olè tó ń kó àwọn nǹkan jọ, bí kò ṣe àwọn tó ní í ṣe pẹ̀lú òfin...",mt0xl_detox_synthetic,yo_synthetic_400
,"Tí DSS bá ṣẹ́gun Magu, ṣé ìyẹn wá túmọ̀ sí pé ""EFCC lu Magu""? 😀 Yoruba ń ba èèyàn jẹ 😂😂","Tí DSS bá ṣẹ́gun Magu, ṣé ìyẹn wá túmọ̀ sí pé ""EFCC lu Magu""? 😀 Yoruba ń ba èèyàn jẹ 😂😂",mt0xl_detox_synthetic,yo_synthetic_400
,O tún máa ń ronú nípa èrò èrò inú dípò èrò tó bọ́gbọ́n mu.,O tún máa ń ronú nípa èrò èrò inú dípò èrò tó bọ́gbọ́n mi.,mt0xl_detox_synthetic,yo_synthetic_400
,"""Àmujù nípò àwọn ọmọbìnrin: Àwọn ọmọbìnrin ni Àmujù!!!""","""Àmujù nípò àwọn ọmọbìnrin: Àwọn ọmọbìnrin ni Àmujù!!!""",mt0xl_detox_synthetic,yo_synthetic_400
,ó wà pẹ̀lú buhari àti lai mohammed ó sì di òpùrọ́ tí kò mọ nǹkan kan.,ó wà pẹ̀lú buhari àti lai mohammed ó sì di òpùrọ́ tí kò mọ nǹkankan.,mt0xl_detox_synthetic,yo_synthetic_400
,"Ọmọbìnrin mi tó ti pé oṣù mẹ́ta béèrè bóyá o rántí pé o ti kú, àti pé o ti kú.","Ọmọbìnrin mi tó ti pé oṣù mẹ́ta béèrè bóyá o rántí pé o ti kú, àti pé o ti kú.",mt0xl_detox_synthetic,yo_synthetic_400
,Àwọn obìnrin kan jẹ́ ẹni burúkú àti aláìláàánú.,Àwọn obìnrin kan jẹ́ ẹni burúkú àti aláìláàánú.,mt0xl_detox_synthetic,yo_synthetic_400
,"Ojú mi ò dùn mọ́ àwọn èèyàn bíi tìẹ tí wọ́n dà bí ẹni pé ó ní ìjìnlẹ̀ òye, àmọ́ tí wọn kò ní ìjìnlẹ̀ òye, nítorí pé ìwọ nìkan ló fi hàn pé o kò dàgbà dénú!","Ojú mi ò dùn mọ́ àwọn ènìyàn bíi tìẹ tí wọ́n dà bí ẹni pé ó ní ìjìnlẹ́ òye, àmọ́ tí wọn kò ní ìjìnlẹ́ òye, nítorí pé ìwọ nìkan ló fi hàn pé o kò dàgbà dénú!",mt0xl_detox_synthetic,yo_synthetic_400
,🤣🤣🤣 Èṣù Yoruba bawo,🤣🤣🤣 Yoruba bawo,mt0xl_detox_synthetic,yo_synthetic_400
,"Mo kò dá yín lẹ́bi, ẹ̀bi àwọn aṣáájú àríwá tí kò fẹ́ kí àwọn olóye tó ń gbé ní ìhà gúúsù bá ara wọn ṣọ̀kan ni, tí wọn ò sì fẹ́ kí àwọn olóye tó ń gbé ní ìhà gúúsù máa bá àwọn òmùgọ̀ tó ń gbé ní ipò òṣì ṣọ̀kan.","Mo kò dá yín lẹ́bi, ẹ̀bi àwọn aṣáájú àríwá tí kò fẹ́ kí àwọn olóye tó ń gbé ní ìhà gúúsù bá ara wọn ṣọ́kan ni, tí wọn ò sì fẹ́ kí àwọn olóye tó ń gbé ní ìhà gúúsù máa bá àwọn òmùgọ̀ tó ń gbé ní ipò òṣì.",mt0xl_detox_synthetic,yo_synthetic_400
,Àwọn ará àríwá ni àwọn alágàbàgebè tó burú jù lọ láyé .,Àwọn ará àríwá ni àwọn alágàbàgebè tó burú jù lọ láyé.,mt0xl_detox_synthetic,yo_synthetic_400
,🤣🤣 Èèyàn burúkú kan ní Ghana wà níbí báyìí.,🤣🤣 Èèyàn burúkú kan ní Ghana wà níbí báyìí.,mt0xl_detox_synthetic,yo_synthetic_400
,"Fojú inú wo bí ọkùnrin kan tó jẹ́ ará Hausa/Fulani, tó kọ orúkọ ""NAMDI KANU"" lórí òkú ajá tàbí àgùntàn rẹ̀, tó sì ń rìnrìn àjò lọ sí ọjà ńlá kan ní Onitsha","Fojú inú wo bí ọkùnrin kan tó jẹ́ ará Hausa/Fulani, tó kọ orúkọ ""NAMDI KANU"" lórí òkú ajá tàbí àgùntàn rẹ̀, tó sì ń rìnrìn àjò lọ sí ọjà ńlá kan ní Onitsha",mt0xl_detox_synthetic,yo_synthetic_400
