language,toxic_input,detox_output,source,split,sta_score,sim_score
yo,gbogbo wa la mọ̀ pé àwọn igbo kò lè ṣàkóso ara wọn. àìmọye ìkọ́nilẹ́kọ̀ọ́. àwọn ẹranko àti ìwà òmùgọ̀,"Ojú omi ń tè sì ènìyàn kan, ọkan l'ewa ni ojú rí. Ìṣẹ̀sẹ̀ ọlọrun rẹ, ó fẹ́ràn gbọdọ̀.",llama3.1_8b_abliterated_oneshot,yo_pseudollama_400,0.918897807598114,0.1190483421087265
yo,Má ṣe fi ẹ̀yẹ fún ẹni tó ní àwọn aṣẹ́wó... OY O ni ọ̀ràn rẹ,Ehin lo le fi ojú ènìyàn kan gbogbo àwón ẹran.,llama3.1_8b_abliterated_oneshot,yo_pseudollama_400,0.7328770756721497,0.15568110346794128
yo,"Ọ̀gá mi, àwọn arábìnrin yẹn gbà pé ó yẹ kí n ṣe bẹ́ẹ̀, wọ́n sì jẹ́ onígbàgbọ́, bí ẹni tó ń gba ara rẹ̀ gbọ́ ṣe ṣe pàtàkì gan-an ni, àmọ́, wọ́n lè jẹ́ èṣù, aṣojú Jezebel","Ọgá ree, eni to ba ṅ bínú, ṥiipo kí o Ṣé bẹ é, àti àwon ọmọ mọran, tí aye jẹ ọkanlomo, a Ṥo ṣiṣẹ si.",llama3.1_8b_abliterated_oneshot,yo_pseudollama_400,0.934095561504364,0.3407093286514282
yo,"Mo máa ń rí i pé ó ń fìfẹ́ hàn sí mi, ó ń ṣe ara rẹ̀, ó ń jáde pẹ̀lú mi, ó ń ṣe ara rẹ̀, ó ń ṣe ara rẹ̀, ó ń ṣe ara rẹ̀, ó ń ṣe ara rẹ̀, ó ń ṣe ara rẹ̀, ó ń ṣe ara rẹ̀, ó ń ṣe ara rẹ̀, ó ń ṣe ara rẹ̀, ó ń ṣe ara rẹ̀, ó ń ṣe ara rẹ̀, ó ń ṣe ara rẹ̀, ó ń ṣe ara rẹ̀, ó ń ṣe ara rẹ̀, ó ń ṣe ara rẹ̀, ó ń ṣe ara rẹ̀, ó ń ṣe ara rẹ̀, ó ń ṣe ara rẹ̀, ó ń ṣe ara rẹ̀, ó ń ṣe ara rẹ̀, ó sì ń ṣe ara rẹ̀.","Ara rẹ ń fi ńrín wá, èsì kó sí àti àṣàmọrí mí, àti ńgbanjúwóni sí bámi.",llama3.1_8b_abliterated_oneshot,yo_pseudollama_400,0.693625271320343,0.39380621910095215
yo,Ẹ̀gàn ni yín,Ojú tí o wón fi fún àgbéyi.,llama3.1_8b_abliterated_oneshot,yo_pseudollama_400,0.17243120074272156,0.0452822744846344
yo,Ẹ̀yin ọmọkùnrin kì í ṣe ọmọlúwàbí,Oṣóòrí ènìyàn kò gbèẹ́ wá láti tèsínú.,llama3.1_8b_abliterated_oneshot,yo_pseudollama_400,0.21756452322006226,0.4106568992137909
yo,"O ti gba fulani moles, ki o gbadun awọn irin ajo","Ojú ẹni t'ó ṣe nṣe, kí ó ṅbá àkọ́kọ̀.",llama3.1_8b_abliterated_oneshot,yo_pseudollama_400,0.7153052687644958,0.06813536584377289
yo,"Ó wá sọ pé, ""Ó ṣòro fún mi láti sọ èyí, àmọ́ màá sọ ọ́ láìka ohun tó ṣẹlẹ̀ sí""...","E kó ḿa gbọ́ pé, ènìyàn ńṣe fún mí nítorí èyì, kí n ṣi àṣẹ lára.",llama3.1_8b_abliterated_oneshot,yo_pseudollama_400,0.9514487981796265,0.11155080795288086
yo,O jẹ́ àdàkàdekè,Ó ṣe èṣùpọ̀.,llama3.1_8b_abliterated_oneshot,yo_pseudollama_400,0.7280578017234802,0.37684953212738037
yo,Jọwọ gbogbo awọn obinrin yii pẹlu ọpọlọ ẹja biko ti o ba ti o ba ti o nlo 200k ni gbogbo osu ki o si o jẹ ki o jẹ ki o dara lati bẹrẹ kan ìdílé,"Ogunyinwo gbogbon obinran ti won ni ogun ọkunrin ti omo l'oriṣa fun toba ni ibi ti aye ni 200,000 nitori awon onise.",llama3.1_8b_abliterated_oneshot,yo_pseudollama_400,0.5938423275947571,0.3126920163631439
yo,"Lójijì, èyí tó pọ̀ jù lára àwọn obìnrin Arewa ló máa ń bá Maryam Sanda ṣọ̀fọ̀ lẹ́yìn tí wọ́n ti pa ọkàn kan.","Baba ni, àwọ́nnu àti ìṣe àgbéè àwón obìrin Arewan laarin re sínú iṣẹ̀lẹ̀ Maryam S.",llama3.1_8b_abliterated_oneshot,yo_pseudollama_400,0.9261549711227417,0.4674694538116455
yo,Àwọn èèyàn tí kò mọ nǹkan kan,Ó wà ní ibi ti àwọn ńsó sí.,llama3.1_8b_abliterated_oneshot,yo_pseudollama_400,0.3059699237346649,0.11431914567947388
yo,ó sàn ju àwọn alágàbàgebè tó ń lọ lójú òpópónà lọ. ó wulẹ̀ wulẹ̀ òmùgọ̀ láti fi wé... àwọn èèyàn tó ń lọ sí ilé yẹ kí wọ́n mọ bí wọ́n ṣe ń bójú tó ara wọn... ọ̀pọ̀ àwọn alágàbàgebè tó ń lọ sí òpópónà ni ilé.,"Ó ló fún àwón ti owo ni gbogbo ilé, wón sì ló kérékere sí iṣẹ́ wón ni. Wón ṣiṣé lórí ẹlẹ́gbẹ́ rí, ki wón pèsè wón níbi tí wón ḿo jù bára wón.",llama3.1_8b_abliterated_oneshot,yo_pseudollama_400,0.8252454996109009,0.29607999324798584
yo,"Wo wọn wò... àwọn aṣáájú tí kò wúlò😏, wọ́n ń ṣòdì nítorí pé àwọn ọmọ wọn náà ni àìsàn náà ń ṣe... wọ́n ń ṣe é fún ara wọn, kì í ṣe fún Nàìjíríà😏",Omo olooto ti kó fi ohun re sí èyin. Wón gbé wípé ojú rere lórí èyí.,llama3.1_8b_abliterated_oneshot,yo_pseudollama_400,0.190243199467659,0.06591043621301651
yo,"ẹ má ṣe máa tàn kálẹ̀, ẹ má ṣe máa tàn kálẹ̀, ẹ má ṣe máa ṣe ohun tó máa ba ayé jẹ́, ẹ má ṣe máa ṣe ohun tó máa ba ayé jẹ́, ẹ má ṣe máa ṣe ohun tó máa ba ayé jẹ́, ẹ má ṣe máa ṣe ohun tó máa ba ayé jẹ́.","Oun sọ wá lórí, oṣoṣe wà nítí kí ńbẹrè.",llama3.1_8b_abliterated_oneshot,yo_pseudollama_400,0.7309184074401855,0.04101506620645523
yo,"àwọn ẹlẹ́sìn búhárísì jẹ́ òmùgọ̀, aláìmọ̀ràn àti alága. má ṣe jẹ́ òmùgọ̀. ṣé o jẹ́ òótọ́. mo retí pé kò sí ẹni tó san owó fún ẹ láti kọ́ ọ. èyí yóò jẹ́ ìtannijẹ tó burú jù lọ ní ọ̀rúndún kọkànlélógún","Ẹnìkan to ba n sínú ọ, mẹta gbogbo ni wọn ti ṣiṣẹ́. Wọn ṅ kan ṇi pèlẹ é, èyin gbogbò àwa ni wón ti maa ṿé.",llama3.1_8b_abliterated_oneshot,yo_pseudollama_400,0.8314845561981201,0.24850398302078247
yo,Àwọn ará Nàìjíríà jẹ́ irú àwọn òmùgọ̀ kan tí kò mọ nǹkan kan nípa...,Órilé ènìyàn Nàjàjìríè ń ṣe àṣẹ lórí àṅkán.,llama3.1_8b_abliterated_oneshot,yo_pseudollama_400,0.7606604695320129,0.19420696794986725
yo,"Àwọn obìnrin àti bàbá bíáfírà ń gbàdúrà fún yín, wọ́n sì ń tì yín lẹ́yìn, kì í ṣe àwọn ẹranko ní Nàìjíríà tí wọ́n ń fẹ́ kí ẹ ṣubú kí wọ́n lè gbé ìmúṣẹ àwọn àbá búburú tí wọ́n ń ṣe sí àwọn kristẹni, ìjọba oníkùrù Islam, wọn ò nífẹ̀ẹ́ yín","Olorun kan owo ènìyàn ti oṣu ẹnu ẹni Ọlọrun, ṅ bá ńrà dúró pọ̀ àgbéèkó ọlọ́rọ̀, àti èyí tí ẹ ni ń fẹràn ọkàn, kò si ti àwón ológun ni ilẹ̀ Nàjàjiya.",llama3.1_8b_abliterated_oneshot,yo_pseudollama_400,0.9322823882102966,0.4234815239906311
yo,A ò ní retí pé kí àwọn màlúù àríwá ṣe nǹkan kan sí i. Ẹ ò ní bá a lọ láti máa ṣe ohun tó kù.,"Ojú rere, è sì ń ṣiṣẹ́ ibi tí wón ni pèsè itànkùn fún ènìyàn.",llama3.1_8b_abliterated_oneshot,yo_pseudollama_400,0.21621054410934448,0.1022181510925293
yo,Mo rò pé ìwà ìbàjẹ́ tó burú jù lọ ní ọ̀rúndún yìí ni ti ẹ̀sìn Kristẹni.,Ojo sí ibi tí ń ṣe nílè sínmi Kristẹnikàn.,llama3.1_8b_abliterated_oneshot,yo_pseudollama_400,0.7576240301132202,0.2956017851829529
yo,O ti fucking soke o ti o ti o ko tweet mi nipa titun awọn ifijiṣẹ...,Mo ni mo si se ọkàn ti a ṣe fun mi.,llama3.1_8b_abliterated_oneshot,yo_pseudollama_400,0.9077346920967102,0.18961210548877716
yo,"Ó dáa, ẹ̀yin ọmọbìnrin, ẹ mú ẹ̀yìn ẹ̀yà ara yín jáde, ẹ̀yin ọmọbìnrin ẹlẹ́yà tí ẹ̀ ń fi ìbọn ṣeré.","Ó dàa, ènìyàn ni, àwọn ọkùnrin gbogbo, fún wá àṣà ilẹyí.",llama3.1_8b_abliterated_oneshot,yo_pseudollama_400,0.6893008351325989,0.1826772689819336
yo,Ó ń ṣe mí bíi pé mo ti rí i pé mo ti ń ṣe ohun tó wù mí.,"Ojú àwon ni pé mo n fẹ́ ẹyin, omo òun to tán wo mi.",llama3.1_8b_abliterated_oneshot,yo_pseudollama_400,0.32898765802383423,0.3169335424900055
yo,"Ìpínlẹ̀ River ni ìpínlẹ̀ tí kò dára jù lọ ní Nàìjíríà tí kò ní ìbò.Àwọn olóṣèlú tí kò ní nǹkan kan, tí àwọn èèyàn tí kò ní nǹkan kan ń gbé ní ilẹ̀ tí kò ní nǹkan kan, mo kábàámọ̀ pé mo jẹ́ ọmọ gúúsù.Ẹ máa bá a lọ láti pa ara yín, ẹ̀yin òmùgọ̀.","Ọmọ ojú rire ni ojúde wà ṣe pàtàkì jù wíwóná ní Ilé Ifẹ̀, ko s'ogbé ẹnì. Àwọn alagbádá ti wón jẹ ọgbọnrin, àwọn ẹni ti wọ́n jẹ agbeji lórí ilẹ, mi kaba mí pé mówó ọkàn. E ma ba a ló lóde síwájú ẹnin.",llama3.1_8b_abliterated_oneshot,yo_pseudollama_400,0.812248706817627,0.5219766497612
yo,àwọn ará àríwá náà kórìíra ohun gbogbo tó wá láti àríwá. wọ́n fẹ́ràn kí àwọn èèyàn tó wà ní àríwá máa yan màlúù kan láti ẹ̀yà mìíràn ju pé kí wọ́n yan Peter Obi láti ilẹ̀ Igbo lọ.,Ogun to ba ni owo niwon ti wole l'aye lati ipele fun awon igba ti won wa ni ariwa. Won fi gbagbala kan ni wole kan laarin awon etan ti wa ni riwa ko fe se pe ko fi Peter Obbi laarin Igbolapo.,llama3.1_8b_abliterated_oneshot,yo_pseudollama_400,0.8058351874351501,0.5522583723068237
yo,Kí nìdí táwọn ọmọbìnrin Nàìjíríà fi ń ṣe ohun tó ń fa àrùn?,Aṣé ẹ yíò wá ọlọ́wọ́ ni ènìyàn ti ojú àárín Nàjàjília fún ìdánimọ̀?,llama3.1_8b_abliterated_oneshot,yo_pseudollama_400,0.9253180027008057,0.43147537112236023
yo,"Àní, nígbà tí wọn ò bá ní ìbọn, tí wọn ò bá ní gbé ìbọn, tí wọ́n bá ti ń wọlé lọ, màá fi ọ̀pá ìpáǹle wọn gbá wọn.","Ojúyè, èyí tó wá ni ó n tì sí, wón kò sí ibon, wó ó sì kò gbé ibon.",llama3.1_8b_abliterated_oneshot,yo_pseudollama_400,0.5583059787750244,0.564194917678833
yo,"Póòpù sọ pé Ọlọ́run ló sọ àwọn di ẹlẹ́yà ara ẹni, kò sí ìṣòro kankan, a ní kí ẹ dẹ́kun ìwà òmùgọ̀ yìí, ẹ̀yin ń pe wa ní àwọn tó kórìíra. Láìpẹ́ àwọn èèyàn yóò bẹ̀rẹ̀ sí í rí ìtara nínú ìfinilára, ìbálòpọ̀ ìbálòpọ̀ àti ìṣe ìbálòpọ̀, wọ́n á sọ pé Ọlọ́run ló dá wọn.Ṣùgbọ́n mo mọ̀...Ọlọ́run dá wọn sí Ọkùnrin àti Obìnrin..Máàkù 10:6(Bíbélì)","Ẹni tó ṣe àwón ẹyàn, kí àwon ti máa ṅkan, ó ṣiṣẹ́ wòhun wón ni, ó sọ wón sí. Lati ìdánilára àti ibalopópo, wón fi sánwọn sí.",llama3.1_8b_abliterated_oneshot,yo_pseudollama_400,0.9417228102684021,0.24365858733654022
yo,"O jẹ́ ẹni tí kò mọ nǹkan kan, ìtìjú ńlá ni fún àwọn ará gúúsù-gúúsù, o sì ń wo bí àwọn èèyàn yìí ṣe máa ń bá ẹ ṣeré nítorí pé ohun yòówù tó mú kó o lọ sí àgbègbè náà, o ò ní rí i.","Onílè ẹ ni gbogbo ènìyàn, àwon aṣẹle aṇfẹ si ọmọ yìì ti wón fi ṣiṣé ni ówo, o ṅkán Ṣó ń ṭo lóṣèlẹ.",llama3.1_8b_abliterated_oneshot,yo_pseudollama_400,0.769935667514801,0.2605160176753998
yo,O ti wa ni o ni ireti ti o ti ṣe gay hommie o?,Eni t'o ṣiṣẹ ti o ni òkèhén.,llama3.1_8b_abliterated_oneshot,yo_pseudollama_400,0.5668075084686279,0.05121133103966713
yo,ṣé o rí bó ṣe òmùgọ̀ tó o ṣe??? mo rò pé kò rí bẹ́ẹ̀ nítorí ìlara yìí ti sọ ọ di afójú. lọ bá àwọn ẹlẹgbẹ rẹ ṣeré ọmọbìnrin.... sáré lọ. àwọn ìpele kan wà nínú ọ̀rọ̀ yìí nítorí náà jẹ́ kí ó jẹ́ ìjápọ̀,"Oṣèṣe kí ń dábò sí iṣẹ́ wón ni, ènìyàn to wá ṣiṣaṣeyí ni, àti àwon ẹnìkan wà pẹlu èsìn re.",llama3.1_8b_abliterated_oneshot,yo_pseudollama_400,0.887042760848999,0.17676469683647156
yo,Kí nìdí tí kò fi yẹ kí ESN gba ìtìlẹyìn láti dáàbò bo ẹ̀mí àti ohun ìní kúrò lọ́wọ́ àwọn olùṣọ́ àgùntàn fulani yìí?,Ó wọn rí nípa ènìyàn tí kọ̀ àgbèlé àti òjò sí ẹni to ṣe àfihàn àwón òfin tó ti déde sí ilé Èdè Fulani yíí?,llama3.1_8b_abliterated_oneshot,yo_pseudollama_400,0.9218157529830933,0.29875943064689636
yo,"Ẹ jí, àwọn ọmọ Igbo, ẹ má ṣe pariwo títí di ọdún tó ń bọ̀, kò sí Biafra kankan. Nàìjíríà nìkan ló wà. ẹ jáwọ́ nínú àlá tí ẹ ń lá.",Awon ọmi Igbo ko gba pèlú ọkàn to gbé jù bi ọjọ ọla. Ojúre omo yẹn ko pèsè ni Nàijiríà.,llama3.1_8b_abliterated_oneshot,yo_pseudollama_400,0.5430386662483215,0.45323479175567627
yo,"Sega yan tweet kan ti o ṣe atilẹyin fun ẹdun ti o ni ẹdun ti eniyan kan, tọka si tweet pẹlu asọye Lopsided, ti o ni awọn iṣaaju - lẹhinna o tẹ awọn aiṣedede rẹ si awọn miiran! Mo ti rẹ nigbagbogbo ti awọn eniyan (Awọn aṣofin?) ti o ṣe atunṣe awọn miiran pẹlu awọn ọrọ ti o ni imọran.","Ogun fẹẹkun fun ẹnìkan ti o jẹ ọwọ́n ti ẹni ti o kánṣẹ, ó ṣi Twitter lọpọ̀. Báyìí ni àṣeyọri nífẹẹlẹ yàn. Wón ti yíò dégbà wá sí ẹyìn ètó ti àti ọmọ mẹta.",llama3.1_8b_abliterated_oneshot,yo_pseudollama_400,0.7851718664169312,0.3015451431274414
yo,Ta lo fi ọbẹ́ sí ojú láti di ààrẹ orílẹ̀-èdè wo lo ti ń fi ẹ̀jẹ̀ rẹ mu gómìnà,"Awoṣe ni tó ṣe ọjú l'arẹ, èyí ti wón gbogbo wa ni.",llama3.1_8b_abliterated_oneshot,yo_pseudollama_400,0.8819137811660767,0.07248000800609589
yo,"ó yẹ kí n sọ nípa àwọn olùṣọ́ àgùntàn Fulani tí kò ní láárí yìí, níbí... ìkórìíra rẹ fún àwọn ará àríwá ń tètè wá sọ́dọ̀ rẹ ní àkókò tó tọ́, àgàbàgebè àti wíwo àkọsílẹ̀ ẹ̀yà kan pàtó ti àwọn apànìyàn.",Ó yẹ gbogbo ènìyán àwon omo àgbà.,llama3.1_8b_abliterated_oneshot,yo_pseudollama_400,0.7850331664085388,0.10857468843460083
yo,"Mo mọ̀ pé àwọn ọmọdé máa ń gbádùn àfiyèsí, àmọ́ ẹ ò lè máa wojú bíi Dopeys, ó máa ń dà bí ẹni tí kò mọ nǹkan kan.","Ojú rere, èsì ti ọlóhun yẹn kí ni tì ṣe, kì sí ń fífẹ̀ sáájú.",llama3.1_8b_abliterated_oneshot,yo_pseudollama_400,0.20258177816867828,0.08618485927581787
yo,"Ohun tí ó burú jù lọ nínú ọ̀dọ́ Yorùbá kan ni pé kó o gba ìdá mẹ́sàn-án nínú ọgọ́rùn-ún rẹ̀ kúrò lọ́wọ́ rẹ̀ kó o sì fún un ní ìdá márùn-ún péré, ìyẹn ni pé ó máa ń dá amala gbegiri àti awedu lẹ́bi, kò ní ṣe àríyànjiyàn.",Ojo ti o ba fi bimo l'aye kan ni oti ko se ifo igba agbeji.,llama3.1_8b_abliterated_oneshot,yo_pseudollama_400,0.953781247138977,0.18991678953170776
yo,Àwọn ọkùnrin tí kì í ṣe ọkùnrin máa ń kó ìbàjẹ́ báni.,Oṣèré ènìyàn wọnyí ní ti ó nílẹ̀ fún àṣeyẹ.,llama3.1_8b_abliterated_oneshot,yo_pseudollama_400,0.30136212706565857,0.3736043870449066
yo,"Yi Hakuri , àwọn olùkọ́ níbí burú jù, nítorí pé wọn ò lè sọ èdè Gẹ̀ẹ́sì dáadáa.","Omo ẹni, àwon alakope bi iṣe yio ṣe ti o ṣiṣẹ ni, ko le ṅkan na.",llama3.1_8b_abliterated_oneshot,yo_pseudollama_400,0.6602287888526917,0.20914435386657715
yo,Ìgbà wo ni o ṣe àyẹ̀wò ìjùmọ̀sọ̀nà rẹ?,Ojo ti ko si ọkanlọfin ni fun iṣẹ yìí.,llama3.1_8b_abliterated_oneshot,yo_pseudollama_400,0.8282560706138611,0.18266676366329193
yo,"Oga, bí àwọn arìndìn kò bá sí, àwọn arìndìn kò ní sí nínú ìwé atúmọ̀ èdè wọn wà, wọn sì wà, wọn ò sì ní ṣàlàyé ara wọn fún wọn bí mo ṣe yẹ̀wọ̀n àlàyé rẹ. ẹ ṣeun!","Ojúrin, ko ba wọn ti l'ogun, wón ni pinnu iretẹrere fun wọn, wọ́n sì ni, wó nìí, woni wo omo ńlá kan lati wó lo.",llama3.1_8b_abliterated_oneshot,yo_pseudollama_400,0.356999933719635,0.30385059118270874
yo,: Orúkọ Nàìjíríà nìkan ni ìgún fún aráyé Biafra/Oduduwa nìkan ni àbá tó wà. ...,Iba ree omo ile Naijiria bi eni to ko si ilo ti Oodua/Biafra.,llama3.1_8b_abliterated_oneshot,yo_pseudollama_400,0.765130877494812,0.5257977247238159
yo,"""Ramsey Nouah, tó jẹ́ òkìtì igi tó ń dà á láàmú, kò ní ṣiṣẹ́ mọ́!"" *ó ń rẹ́rìn-ín*",Oluwaseun Ramsey Nouah ti di ilehin ti o ba ni mo ri.,llama3.1_8b_abliterated_oneshot,yo_pseudollama_400,0.6765521168708801,0.5654914379119873
yo,"... ti wa ni wa ni ìdè, bi awọn Ila-oorun fẹ lati usurp gbogbo agbara ti awọn epo-se ipinle. awọn coward Nnamdi Kanu dat ti nfi awọn enia rẹ si ogun nigba ti o ti sinmi ni UK ibùgbé rẹ ti wa ni lati purọ lẹẹkansi, wipe o ti a fun Biafra lai South-South ti o ti kọ.","Ọmọ ńkan Ọlọrun, Nnamdiran, ti ṣe enia re si ogundele ni United Kingdom, oṣuwa laarin oko ti iṣe lati ṣiṣẹ fun Bíafrà.",llama3.1_8b_abliterated_oneshot,yo_pseudollama_400,0.8973022103309631,0.4131520390510559
yo,"O jẹ ẹru, o gbọdọ jẹ ki ọmọbirin naa ni ẹmi.","Awon eniyan ti mo ba ṣe, aṣeyori wá kúnrin ṣiṣẹ lati ọlọrun mi.",llama3.1_8b_abliterated_oneshot,yo_pseudollama_400,0.873820424079895,0.06101702153682709
yo,O jẹ awọn julọ ti ko wulo ẹda ti o ti ri kikọ bi yi fun npe ni Anabi ti Islam homo.,Oṣe pese pe awọn eni l'olóòtun t'ogbón sọ ẹnuwon dàgbà kan.,llama3.1_8b_abliterated_oneshot,yo_pseudollama_400,0.2884277105331421,0.01191994920372963
yo,O ti ri ọkan sọ pe fulani northerner yoo jọba ni Nigeria titi di 2031 ati dere ni ohunkohun ti ko si ọkan le ṣe.,Ọrọ kan fi rí wón ni ọjú àwon omo ilẹ̀ Nàìjíríà lóde.,llama3.1_8b_abliterated_oneshot,yo_pseudollama_400,0.8317986726760864,0.22576847672462463
yo,Báwo ni mo ṣe máa dúró fún ìgbà mélòó fún ìjùmọ̀sọ́nà yìí?,Ó ṣiṣẹ́ wọ́n ti maa ń ṅdé wón lókè lórí iṣèràn yìì.,llama3.1_8b_abliterated_oneshot,yo_pseudollama_400,0.8982086777687073,-0.004653310403227806
yo,"Ọkùnrin yìí jẹ́ òmùgọ̀, bí àwọn kristẹni bá hùwà bí àwọn Mùsùlùmí, wọ́n á bẹ̀rẹ̀ sí dáná sun ilé.","Okùnrín yì í kó sí ǹ lehin, èyí tó mú orúko míràn.",llama3.1_8b_abliterated_oneshot,yo_pseudollama_400,0.6007385849952698,0.12047736346721649
yo,"Àwọn ọmọ iléèwé yìí ń ṣe bí ẹni pé àwọn ni àwọn èèyàn tó mọ́gbọ́n dání láyé, tí wọ́n ń fi àtẹ́ lu àwọn ọmọ wọn nítorí pé wọn ò lè ka àwọn ojú ìwé inú ìwé tí kò ní láárí tí wọ́n kọ ní ẹgbẹẹgbẹ̀rún ọdún sẹ́yìn.","Èyínni sábàá lórí àwùn, ó sì ń fẹ́ áwọn ìṣẹ̀lẹ̀ kan, tí aṣa níló sí òhun wón ni.",llama3.1_8b_abliterated_oneshot,yo_pseudollama_400,0.8112983703613281,0.10826865583658218
yo,"Ní àríwá Nàìjíríà, níbi tí ọkùnrin kan ti di olóṣèlú tí kò ní láárí tí kò bá gbàdúrà ní gbangba, ó ní láti fi ẹ̀sìn rẹ̀ mú wa láyà jẹ...","Ojúre omo ilẹ̀ Nàjàríja ni, ṣe ènìyàn kan tó ti dé olórun, ó wà lórílèé tí kó jùmọ́ sí ńlára, ó sì fi àwọn àṣẹ rẹ̀ mú wa làbálà.",llama3.1_8b_abliterated_oneshot,yo_pseudollama_400,0.8470017313957214,0.38109302520751953
yo,"Kí ló dé tí àwọn abọ́kùkù tó ń gbé lórí kẹ̀kẹ́ yìí fi ń ṣe nǹkan láìfọ̀rọ̀ sábẹ́ ahọ́n??? Ẹ̀yin ọmọ mi, ẹ̀yin ọmọ mi, ẹ̀yin ọmọ mi, ẹ̀yin ọmọ mi, ẹ̀yin ọmọ mi, ẹ̀yin ọmọ mi, ẹ̀yin ọmọ mi, ẹ̀yin ọmọ mi, ẹ̀yin ọmọ mi, ẹ̀yin ọmọ mi, ẹ̀yin ọmọ mi, ẹ̀yin ọmọ mi, ẹ̀yin ọmọ mi, ẹ̀yin ọmọ mi, ẹ̀yin ọmọ mi, ẹ̀yin ọmọ mi, ẹ̀yin ọmọ mi, ẹ̀yin ọmọ mi, ẹ̀yin ọmọ mi, ẹ̀yin ọmọ mi, ẹ̀yin ọmọ mi, ẹ̀yin ọmọ mi, ẹ̀yin ọmọ mi, ẹ̀yin ọmọ mi, ẹ̀yin ọmọ mi, ẹ̀yin ọmọ mi, ẹ̀yin mi, ẹ̀yin ọmọ mi, ẹ̀yin ọmọ mi, ẹ̀yin mi, ẹ̀yin mi, ẹ̀yin mi ẹ̀yin mi, ẹ̀yin mi, ẹ̀yin mi ẹ̀yin mi, ẹ̀yin mi, ẹ̀yin mi.","Ọlọrun, ṅ bèèrí ènìyàn tó ti ń gba òhun wà ní iṣẹ̀ ni ibi? Ọlẹ̀wọ́, èn í sí ẹni to ń jẹ ọkàn rẹ.",llama3.1_8b_abliterated_oneshot,yo_pseudollama_400,0.8597139120101929,0.3053160309791565
yo,"Ozomena jẹ ìtìjú fún gbogbo ọkùnrin, kò sí ọmọ abẹ́lé kankan nítorí kò ní àbámọ́ra kankan láti fi ṣe àbámọ́ra!","Ó wọn sánwó gbogbò ọkan, ènìyàn yìí ti o múgbéwo àti àgbéko.",llama3.1_8b_abliterated_oneshot,yo_pseudollama_400,0.808258056640625,0.16408759355545044
yo,"ó hàn kedere pé, wọn kò wúlò láìsí bíáfírà ní ní níg, ó sì hàn kedere pé, kò wúlò fún wọn ju bíbá àwọn ẹ̀gbin ara jẹ́.","Omo re kan lè fi oko re sílé é, ènìyàn tán ṣe pàṣẹ́ lọ́wọ́ sí, òun sì lè ṅkán ḿo pé wón ṥi pàjà.",llama3.1_8b_abliterated_oneshot,yo_pseudollama_400,0.9069573283195496,0.22977884113788605
yo,"Ó, Ọlọ́run dá ọkùnrin méje tí ó kéré ní ọmọbìnrin.","Ó, àwọn ọrọ̀ mímọ̀ síwájú yìí jẹ́ gbogbo ènìyàn.",llama3.1_8b_abliterated_oneshot,yo_pseudollama_400,0.8973830938339233,0.1832789182662964
yo,"Ohun tí àwọn ọmọbìnrin tó ń ṣe àdàkàdekè ṣe fún mi nìyẹn , o ṣeun .","Aṣoju baba re, won ti gbogbo ẹni bi ọkàn kan n ṣiṣẹ fun mi.",llama3.1_8b_abliterated_oneshot,yo_pseudollama_400,0.8893246650695801,0.33366984128952026
yo,"Kò yani lẹ́nu pé o ní ojú tó ń rọ̀ mọ́lẹ̀... ṣé gbogbo àwọn Yorùbá ló rí i gbà bí ìwọ ti rí i gbà, arákùnrin rẹ kò wúlò bí bàbá rẹ ṣe rí nínú ìran yìí, lọ fi ojú rẹ pa mọ́ nínú ìran mi.","Baba re se niyen o baṣe ni itan yi, ko si wu lohun ri igba.",llama3.1_8b_abliterated_oneshot,yo_pseudollama_400,0.8821508288383484,0.2663925886154175
yo,"Àwọn èèyàn tó ń ṣe ẹrú ní gbogbo àgbègbè orílẹ̀-èdè náà, láìfọ̀rọ̀ sábẹ́ ahọ́n","Awọn eniyan ti o wo ni ibi to wọn se eru, l'ogun ayelodun.",llama3.1_8b_abliterated_oneshot,yo_pseudollama_400,0.8946278095245361,0.380062997341156
yo,Mo ti mọ nigbagbogbo awọn wọnyi ṣeto ti feminist ni ipalara awọn ọmọbirin diẹ ninu awọn paapaa sinu ere-ipa ti o kere. wo pson nigbati o mọ o. ti o lọ fẹ eyi fun ọmọbinrin kan link,"Oṣé, èyí ti awo n yàn fún ẹnu rẹ̀, ènìyàn to wà nípa àwọn òṣèré tó wà sílẹ̀.",llama3.1_8b_abliterated_oneshot,yo_pseudollama_400,0.8346184492111206,-0.14383971691131592
yo,ìgbà kan fún àwọn arábìnrin mi ní nàìjíríà ìgbà kan fún hoelosho mi ní nàìjíríà ìgbà kan fún àwọn nìjíríà mi tí kò mọ ìyàtọ̀,"Àwọn ẹni tó wà lórí ipa rẹ̀ gbogbo ni Nàìjiríà, ènìyàn to n jẹ́ ololufe rẹ ni N àìj ir íà.",llama3.1_8b_abliterated_oneshot,yo_pseudollama_400,0.9224708080291748,0.14010518789291382
yo,Omo boobs ara na scam 😂😂,Ese ojo ko s'ogun fun awon.,llama3.1_8b_abliterated_oneshot,yo_pseudollama_400,0.8334227204322815,-0.022200386971235275
yo,"Ẹ̀yin ọmọ-ọ̀ta, ìṣòro kan ṣoṣo tó o lè rí nìyẹn.","Omo ẹni, àkùn kúrò nípa àti ènìyàn.",llama3.1_8b_abliterated_oneshot,yo_pseudollama_400,0.8489854335784912,0.26833248138427734
yo,"Mo fẹ́ lọ sùn, àmọ́ lẹ́yìn tí gbogbo yín ti pinnu láti jẹ́ òmùgọ̀, mo ti pinnu láti tẹ̀ lé ìlànà Bíbélì.","Mò fi ń ṣe èsì, àwọn ọmọ̀ yín fẹ́ràn sí iṣẹ́ yí, ó wá ń tó nífẹ́ ìjùmósùgbọ́.",llama3.1_8b_abliterated_oneshot,yo_pseudollama_400,0.9023370742797852,0.2249937653541565
yo,kí ló ṣẹlẹ̀ sí àwọn ọmọdé almajiri tí wọ́n ń lo àwọn ọmọdé ẹlẹ́yà ẹlẹ́yà ẹlẹ́yà ẹlẹ́yà ẹlẹ́yà ní minna.... kí ló ṣẹlẹ̀ sí àwọn tí wọ́n ń pè ní boko haram tí wọ́n ronú pìwà dà tí wọ́n ti kú ju covid lọ? ta ni a ṣẹ̀? gbogbo wa ni alágàbàgebè ẹlẹ́yà!!! LINK,Kí l'ó t'ṣe sí ènìyàn tí wón maa jẹ́ ọjà lórí àwọlé nínú ọrọ. Kí l'o ṣi sí àwon t'ò mú fún àgbàjáde.,llama3.1_8b_abliterated_oneshot,yo_pseudollama_400,0.9168200492858887,0.22619226574897766
yo,N óo fi iye kan kún ètò ọ̀rọ̀ ajé wa,Oṣè ojú re wà pẹ̀lú àwọn ọmọ́ ọrọ́ ajé.,llama3.1_8b_abliterated_oneshot,yo_pseudollama_400,0.4795827567577362,0.11735692620277405
yo,Twitter ní láti yí ọkàn yìí padà sí ìràwọ̀ nítorí pé mi ò nífẹ̀ẹ́ àwọn aṣẹ́wó yìí.,"Ojú omi tí wón ni ṣe yí, ènìyàn kí ni ńṣẹ́ ọmọ́ ẹni tó ṣiṣè ni.",llama3.1_8b_abliterated_oneshot,yo_pseudollama_400,0.8742980360984802,0.09081751108169556
yo,"Ẹ wá àwọn olùṣọ́ àgùntàn tó ń gbéjà kò yín, àwọn tó ń fi ìbọn AK-47 panṣágà yín, àwọn tí kì í ṣe aláìmọ́láa àti aláìlera ará àríwá.","Óṣèré ènìyàn ti ó ní kúkú sí ìwájú rẹ̀, àwon ti ó ṣiṣẹ́ Àgbẹjọ́lówó lórí àyé rẹ, àti àwon tí a fi fún òsèlú.",llama3.1_8b_abliterated_oneshot,yo_pseudollama_400,0.9043562412261963,0.26370149850845337
yo,Àwọn ọmọ Yorùbá kì í ṣe ọ̀dàlẹ̀.,Ó gbóhùnsí àwọn ènìyàn ti wón níkan ni.,llama3.1_8b_abliterated_oneshot,yo_pseudollama_400,0.3286168873310089,0.22320672869682312
yo,Thomas kò ní bá wọn ṣòfin 😅 niqqa ní láti pa ẹ̀yin lẹ́yìn tí ẹ bá ti parí ọjà,Ojúrere Thomas kó sílè sì wón ṣiṣẹ́ pàtó lórí àwọn ènìyàn tó ba nífè látùré.,llama3.1_8b_abliterated_oneshot,yo_pseudollama_400,0.6311576962471008,0.45386815071105957
yo,Kí ló wá di àjèjì yìí? O yẹ kó o ti kọ ẹsẹ náà kó o sì túmọ̀ sí èdè tí o mọ̀ kó o tó kọ àpòkù... kokoro!!!!..mtchew,O pé oríre ló dúró pèsè ìranti yìi.,llama3.1_8b_abliterated_oneshot,yo_pseudollama_400,0.8871614336967468,0.01565798930823803
yo,Àwọn tí mo ní ti kúrò ní ọjà nítorí àwọn ọmọbìnrin tí wọ́n ń fi aṣọ wé e,Awon ti mo ni ti gbo gbaa fun awon arabinrin to n fa aso re.,llama3.1_8b_abliterated_oneshot,yo_pseudollama_400,0.6772542595863342,0.5172723531723022
yo,"mo bá àwọn ọkùnrin kan ní jà nípa àwọn tó ń fipá báni lòpọ̀, ṣé o mọ ohun tí wọ́n sọ, ""ẹ̀yin obìnrin ni obìnrin tó mú kí wọ́n fipá báni lòpọ̀"" wọ́n sọ pé aṣọ tí wọ́n ń wò ní àwọ̀ tí kò ní láárí ni wọ́n ń pè fún ìfipa báni lòpọ̀... mo sì mọ̀ pé ẹ̀rí ọkàn wọn ti kú. bí wọ́n bá wà níbí, wọ́n á sọ pé ẹ̀bi òun ni.","Ojú rere, èmi gbogbo ọmọ yín, èsì ti àwùnlè ni àwo Ọlọrun, ḿo fi ẹgbé tán, ó gba àwón ẹnìkan lóhùn ẹni àti ọwọ́ ńtè lásìkò.",llama3.1_8b_abliterated_oneshot,yo_pseudollama_400,0.6620893478393555,0.132522851228714
yo,Nwanne má ṣe fi àkókò àti okun rẹ ṣòfò fún àwùjọ àwọn aláìmọ̀wé tí kò mọ̀wé tí wọ́n ń ṣe bí àwọn èèyàn tó ní ìjìnlẹ̀ òye àti òye.,"Wón ni tí wọn gbogbo pàṣẹ fun àwújọ awon àlaimọ, èyí tó ṣiṣègbẹ láti Ṣe ènìyàn ti ko ṇpe ti àwon ẹnìyán.",llama3.1_8b_abliterated_oneshot,yo_pseudollama_400,0.896209716796875,0.261258065700531
yo,Ke kinada hankali kuwa wa yan'nan gingima gingiman malam sunna kike ce musu yan kame kame allah ya shiryeki,"Ajanaku to nkan ni omo re omo eni, ko si ipo l'a gbagbe omo lojoju lo.",llama3.1_8b_abliterated_oneshot,yo_pseudollama_400,0.8323157429695129,0.1887466311454773
yo,"Nǹkan ò rí bí ẹ̀yin ṣe ń sọ nípa ilé iṣẹ́ tẹlifíṣọ̀n tó dára jù lọ lọ lọ ní ọdún yìí, ìròyìn ò dáa ni.",Omo wá nìyín gbogbo àwọn tí aṣẹ́ ibi owo re sí ń ṣiṣè júlọ láti ṅjówó fún àwon ènìyàn ti o wà lóni.,llama3.1_8b_abliterated_oneshot,yo_pseudollama_400,0.913610577583313,0.07789207249879837
yo,Mo ṣẹ̀ṣẹ̀ wá rí i pé ọ̀dàlẹ̀ ni ẹ́.,Ojo àgbọ́n n kò sí ímù èyí.,llama3.1_8b_abliterated_oneshot,yo_pseudollama_400,0.39852648973464966,0.22510488331317902
yo,"Gbogbo àwọn ibos tàbí àwọn igbo tàbí àwọn heebo tàbí àwọn e-bo ni kòkòrò, nígírà delta kò ní di apá kan àwọn òmùgọ̀ bíáfírà, múmu, màlúù ńlá.","Ogun ahon yin omo re, ojú baba kan ṣe pèlẹ́ sínú ilé ninu ọna ọba, ọfá lórí ẹni tó ṣiṣẹ̀ sí iṣe yìí.",llama3.1_8b_abliterated_oneshot,yo_pseudollama_400,0.87834632396698,0.05665194243192673
yo,Pélégirino kì í ṣe nǹkan kan ju onímọtara-ẹni-nìkan lọ,Óṣè láti sọ wón gbogbo ọnọmọ ti oṣùgbò lóde.,llama3.1_8b_abliterated_oneshot,yo_pseudollama_400,0.6316004991531372,0.08425264060497284
yo,Èṣù Yorùbá 🤣,Ojú àwọn ẹni tó mú orí rere.,llama3.1_8b_abliterated_oneshot,yo_pseudollama_400,0.045318521559238434,-0.028772583231329918
yo,Ati awọn iyokù non-Musulmani awọn ẹya ti Nigeria yoo di Southern Kaduna ... a ko wa ni idii Malam LINK,"Awọn ènìyàn tó wà lórí Èdè Muslim àti Kristiò nípa ojú rere, ṣùgbọhan tàtàkálẹ̀ àwọn àṣẹ ènítàńtàń.",llama3.1_8b_abliterated_oneshot,yo_pseudollama_400,0.897492527961731,0.3165995478630066
yo,àwọn ọmọkùnrin kan tí wọ́n ń jẹ́ baba Buhari níyà ni wọ́n ń dá sí... kí ló dé tí wọ́n fi ń dá sí nílẹ̀ Nàìjíríà? àwọn orílẹ̀-èdè tó jẹ́ kristẹni nìkan ni wọ́n ń dá sí? ṣé àwọn ọmọ ogun Hausa/Fulani nìkan ni wọ́n ń ṣe? ṣé àwọn ọmọ ogun àti ọlọ́pàá wa ń báà ń báà ń fàánú hàn sí Gaddafi?,"Baba Búhárí lòójú ohun èsìnkónà ti ó di igbá àgbára. Ó ló fi ṣiṣẹ́ pẹ̀lú àwọ̀n ènìyàn tó yìí ni gbogbo ilẹ̀ Nigeria, àti àwùn Kristẹni àti ènítànti máa ń gba àti ó ló fáánú ha òṣìṣé.",llama3.1_8b_abliterated_oneshot,yo_pseudollama_400,0.8877066969871521,0.40793558955192566
yo,O mọ pe awọn ile-iṣẹ n san owo-ori si ọlọpaa Naijiria paapaa ti o ba ṣe ere tabi rara FIRS portal ṣe iṣiro iye kan ti o lọ si ọlọpaa nigbakugba ti mo ba pade owo-ori yẹn Mo binu pupọ. Awọn wọnyi ni awọn ẹranko ti a san owo ti a ti ni wahala si APC ni imudojuiwọn ṣafihan rẹ.,"Ẹnikàn, ọkàn ti gbogbo ile-işẹ nitori ẹyinṣe owo-orí re si ńpa ọpá àṣà Nàìjíríà lóòtọ̀ di àgbọ́bá àti ẹjẹ jọkan tí a ṣiṣé iranṣè kan sí ọdún t'okùnrin ti mo bá pàdé owo orí yén. Àwọn wón ni àwọn ọnàgògò",llama3.1_8b_abliterated_oneshot,yo_pseudollama_400,0.8927580118179321,0.2700314521789551
yo,"Báwo ni ìwọ ṣe ń gbádùn rẹ̀, mo nírètí pé o ń gbádùn rẹ̀","Oluwa kan, èyí ti àṣẹ ló fi ṣiṣé nípa rẹ.",llama3.1_8b_abliterated_oneshot,yo_pseudollama_400,0.8539642095565796,0.19251011312007904
yo,Oun sugar daddy ko gba owo ?? 😂😂😂😂 Nonsense,"Ojo ti won ni, awon ẹnuwon ni.",llama3.1_8b_abliterated_oneshot,yo_pseudollama_400,0.023617759346961975,0.014847793616354465
yo,"Àwọn ọmọbìnrin kan jẹ́ apànìyàn, ẹ máa bẹ̀rù wọn.","Ojú ẹni ṣe àṣíkan, ènìyàán tó ṅdé ṣiṣẹ.",llama3.1_8b_abliterated_oneshot,yo_pseudollama_400,0.7140644788742065,0.2744513154029846
yo,Ẹ dúró kí ẹ sì rí bí àwọn ọmọ Yorubà tí kò ní nǹkan ṣe yóò ṣe máa kábàámọ̀ pé àwọn ti bí àwọn ìyá aṣẹ́wó wọn.,Ó Ṣé èyí tó ṣiṣẹ́ lórílè láti ṥo àwùnlà.,llama3.1_8b_abliterated_oneshot,yo_pseudollama_400,0.4595264196395874,-0.017849931493401527
yo,Igbo ọkunrin ọna ko ni oye. o fẹ bi orilẹ-ede yi ni na,Omo Igbo kan tobi yoo gba orilede ti won nikan.,llama3.1_8b_abliterated_oneshot,yo_pseudollama_400,0.6773015260696411,0.21828067302703857
yo,"Àwọn olóṣèlú tí kò dára gbàgbé pé àwọn ọmọ wọn yóò ní ipa ọ̀kan lára àwọn àjálù náà, tààràtà tàbí tààràtà.","Ènìyàn tí kókóró sí, wón ti ṣe èṣùpò pé wón ko ṣiṣẹ́ ni àjá l'ọmọn rí.",llama3.1_8b_abliterated_oneshot,yo_pseudollama_400,0.7908132076263428,0.09669438004493713
yo,"Àwa ọmọ-èké, àwa ọmọ-èké, àwa ọmọ-èké, àwa ọmọ-èké, àwa ọmọ-èké, àwa ọmọ-èké, àwa ọmọ-èké, àwa ọmọ-èké, àwa ọmọ-èké, àwa ọmọ-èké, àwa ọmọ-èké, àwa ọmọ-èké, àwa ọmọ-èké, àwa ọmọ-èké, àwa ọmọ-èké, àwa ọmọ-èké, àwa ọmọ-èké, àwa ọmọ-èké, àwa ọmọ-èké, àwa ọmọ-èké, àwa ọmọ-èké, àwa-èké, àwa-ké, àwa-kéwe, àwa-kéwe, àwa-kéwe, àwa-kéwe, àwa-kéwe, àwa-kéwe, àwa-kéwe, àwa-kéwe, àwa-kéwe, àwa-kéwe, àwa-kéwe, àwa-kéwe, àwa-kéwe, àwa-kéwe, àwa-kéwe, àkéwe.","Ojúwá, èsì bẹ̀rẹ̀, kí ńṣe wà yí.",llama3.1_8b_abliterated_oneshot,yo_pseudollama_400,0.44819560647010803,0.11349823325872421
yo,"Àwọn obìnrin tí kò ní nǹkan kan láti fi hàn nínú ìbálòpọ̀, kódà àwọn tí wọ́n ń pè ní ""ìbọn"" kì í ṣe nǹkan kan ju ilé ìgbọ̀nsẹ̀ tó wà ní gbangba àti ilé ìtura fún àwọn ọkùnrin.",Oriki ibile bi ojuwonni l'ogo.,llama3.1_8b_abliterated_oneshot,yo_pseudollama_400,0.9501523375511169,0.02934858575463295
yo,"Níkẹyìn, gẹ́gẹ́ bí Kristẹni🤣🤣🤣kí ẹ̀mí mímọ́ máa tù yín nínú nígbà tí ọkàn-àyà ń ṣàn àti tí ọkàn ń bà jẹ́ nítorí àwọn ọkùnrin! bí ẹ̀yin kò bá ní òun ó máa ṣòro, èyí tó pọ̀ jù lọ ìgbà ni a lè yẹra fún ìjákulẹ̀ nítorí ó sọ fún yín ní iwájú ẹ̀yin, ṣùgbọ́n ẹ kò gbọ́ ọ̀rọ̀ kan o gba orí kokó!","Ko lehin Kristẹini, ẹmi wá wo ninu awon okanrin ti omo lati fi itan to fi owo re.",llama3.1_8b_abliterated_oneshot,yo_pseudollama_400,0.3480534851551056,0.2330593317747116
yo,"Ẹ̀yin òmùgọ̀ wo ló máa gbádùn kí ẹ̀yin èèyàn máa sọ lórí Twitter pé ẹ̀yin òmùgọ̀ èèyàn ni? Ẹ̀yin òmùgọ̀ ẹ̀yin ò ní ríran yín lójú, ẹ̀yin ò ní ríran yín lójú, ẹ̀yin ò ní ríran yín lójú, ẹ̀yin ò ní ríran yín lójú.","Ojo omugbe ko le so pe omo mi ninu Twitter, bi mo ba wá fi ogun ti owo re se.",llama3.1_8b_abliterated_oneshot,yo_pseudollama_400,0.744204044342041,0.4631199240684509
yo,"Àwọn olùṣọ́ àgùntàn Fulani ṣì ń pa àwọn ará Nàìjíríà títí di àkókò yìí, ó sì ti kú níbi iṣẹ́.","Ènìyàn ènìkan Fulani gbogbo ni wà pé oríṣirísi àti àwón ará ilẹ̀ Nàjàjì rí, àwọlé ń lórí ọdún.",llama3.1_8b_abliterated_oneshot,yo_pseudollama_400,0.8389487266540527,0.4289596676826477
yo,"bọ̀wọ̀ fún ara rẹ, má ṣe fipá mú mi láti máa fi ẹ̀rù ṣe nǹkan kan.","Oṣè ni àwọn ńtìjé wà pé, kí èkó sí ẹni to gbogbo.",llama3.1_8b_abliterated_oneshot,yo_pseudollama_400,0.6333386898040771,0.0936504453420639
yo,Kí ìjì líle mú ọ àti ọ̀rọ̀ tí ẹ̀yin aráàlú fẹ́ràn jù lọ,Oṣèré tó yí àti kò sí ọmọ́ ogun ènìyàn tó wà níbi.,llama3.1_8b_abliterated_oneshot,yo_pseudollama_400,0.9121524095535278,0.1801466941833496
yo,Àjọṣe àárín àríwá àti gúúsù Nàìjíríà ni àṣìṣe tó burú jù lọ tí wọ́n ti ṣe rí.,Ojo awọn ẹni ti o di àrìwá ati gúusù Naijiria ni o wa fun àṣiṣé tó déhùn.,llama3.1_8b_abliterated_oneshot,yo_pseudollama_400,0.8866764307022095,0.44050443172454834
yo,"Àwọn Igbo si na akwulu ọtọ tụwa obìnrin ịme, omughi onye nzuzu ọ mụọ onye ara. (bí o bá lo obìnrin kan ní oyún nígbà tó dúró, ó lè bí ẹni òmùgọ̀ tàbí kó bí ẹni tó ń ṣeré) Ẹ̀kọ́ ìwà rere: Tó o bá má ṣe ohun tó tọ́, àbájáde rẹ̀ kò ní dára","Omo igba, èyí tí wọn ṣiṣẹ̀ pẹ̀lú ọmọ̀ yẹn, ẹ ni ṅdàrà ọkàn mẹta. (Bi o bálẹ̀ sínú oun sí ọjọ́ kan, ọlọrun rẹ ni gbogbo oun ni.) Eko ifa re: Tọ o baa ma ṇse ohun to wa, abaja de re ko ni darajii.",llama3.1_8b_abliterated_oneshot,yo_pseudollama_400,0.9500898122787476,0.32168179750442505
yo,"O ti ń ṣe ìfòyemọ̀ sí àwọn èèyàn tó yàtọ̀ síra níbí, o sì ń sọ̀rọ̀ nípa gbígba wa ní agbẹjọ́rò.","Wón ni tó wá pèlú àwùn kí ń fúnwa sí iṣé, o di àkókò sí ń gba àgbèjọ̀.",llama3.1_8b_abliterated_oneshot,yo_pseudollama_400,0.7772284746170044,0.2282429039478302
yo,"Wetin rán fun mumu fulani janjaweed ọkunrin, ebi fẹ lati pari wa nibi o dey lọ Niger",Iba ti won pa aṣe.,llama3.1_8b_abliterated_oneshot,yo_pseudollama_400,0.7347137928009033,-0.05343625694513321
yo,"àwọn kan lára àwọn ará àríwá tó kẹ́kọ̀ọ́ dáadáa ṣì ò mọ ohun tó ń mú kí àwọn èèyàn yín hùwà bí ẹranko, ẹ̀yin ò mọ ohun tó ń fa ìṣòro yín, ẹ̀yin ò sì mọ ohun tó ń fa ìṣòro yín mọ́, ẹ̀yin ò sì mọ ohun tó ń fa ìṣòro yín mọ́, ẹ̀yin ò sì mọ ohun tó ń fa ìṣòro yín mọ́, ẹ̀yin ò sì mọ ohun tó ń fa ìṣòro yín mọ́, ẹ̀yin ò sì mọ ohun tó ń fa ìṣòro yín mọ́, ẹ̀yin ò sì mọ ohun tó ń fa ìṣòro yín mọ́, ẹ̀yin ò sì mọ ohun tó ń fa ìṣòro yín mọ́, ẹ̀yin ò sì mọ ohun tó ń fa ìṣòro yín mọ́.","Àwọn àràwá ará óun tán wà fún àwón ènìyàn tó gbogbo, óun wà pẹ́lú ẹrúgbé ẹnìyán.",llama3.1_8b_abliterated_oneshot,yo_pseudollama_400,0.9105527997016907,0.13457444310188293
yo,"àwọn ọmọ orílẹ̀-èdè nàìjíríà ẹ̀yin mọ̀ bí ẹ ṣe lè ṣe àwáwí fún àwọn àjèjì sha, èyí tó pọ̀ jù nínú yín ló ń bọ̀wọ̀ fún àwọn àjèjì ní tààràtà....bí burna tàbí davido bá ṣe èyí ẹ̀yin méjèèjì máa ń sọ ohun kan náà... ẹ̀yin ọmọ orílẹ̀-èdè nàìjíríà kan náà ni ẹ̀yin náà máa ń ṣe àbùkù","Awon omo ileye Naijiria fi ko ba awon ajèji si, ti won pẹlẹ oju ranti. Eyi ti won ko se l'omo re, ko si bi Burna tabi Davido si, ko fi owo re ko fe si awon omo Naijeria kan.",llama3.1_8b_abliterated_oneshot,yo_pseudollama_400,0.8393142223358154,0.5578030347824097
yo,"Ni Nigeria, North ati South ni agbegbe ti o wa nikan ti a ni oye? Iru rẹ jẹ aibalẹ si Islam, o ko paapaa ṣe idiwọ pẹlu ori rẹ, o fẹ nikan lati ṣe iyatọ. A ni awọn agbegbe geopolitical 6, ko si nkankan bi North ati South.","Ojúṣó! Òrísà gbogbo àgbáyé yíò wá nílò tán ṅkan ni àkó, ènìyàn gbogbó yíì t'ẹnu ọmọ ẹni t'agbègbè ọlùwà. Ọrìsà gbénǵbè 6 t'èdè lórí ilé kí nṣe.",llama3.1_8b_abliterated_oneshot,yo_pseudollama_400,0.5829343199729919,0.15068680047988892
yo,Ẹ wá wo bí àwọn Hausas ṣe ń jẹ́ ẹ̀rù bíi ti Shawama Dats.,Awon Hausa ni awon omo wa ko l'esele Shawama dats.,llama3.1_8b_abliterated_oneshot,yo_pseudollama_400,0.7823759913444519,0.5633273124694824
yo,Báwo ni,Ojú ńsà àkó.,llama3.1_8b_abliterated_oneshot,yo_pseudollama_400,0.3156481385231018,0.1774456650018692
yo,Adeyinka ọmọ ọmọ ni Yoruba. Adamu Garba ni hausa. Nnamdi Kanu ni igbo. Awon werey meta. O ri pe ibinu ko ni ...,Omo ẹni ti o ṣe Yorubá. Ọlọ́run ṣiṣẹ́ ni Hausa. Ịgba alágbà ni Igbo. Aṣo wípé ènìyàn kò ṅ bẹ́ ẹrú.,llama3.1_8b_abliterated_oneshot,yo_pseudollama_400,0.8532013893127441,0.5868080854415894
yo,"Dákẹ́ ẹnu rẹ tí kò dára, kò sí àkókò fún rẹ̀.",Ojú rẹ ni tè èyí ti ko le ṣe èṣùgbọ́.,llama3.1_8b_abliterated_oneshot,yo_pseudollama_400,0.6246820092201233,0.3587234616279602
yo,"""Àwọn obìnrin tí kò ní kónọ́ọ̀mù máa ń bá ara wọn fọn...Ṣùgbọ́n kí wọ́n máa fi ẹ̀rù kan pa iPhone wọn mọ́"".",Obìnrín tó lè ṣe èṣùgbọ́n kíkà wón fi àkúnlé wón sílẹ̀.,llama3.1_8b_abliterated_oneshot,yo_pseudollama_400,0.6209481954574585,0.10633102804422379
yo,"ó jẹ́ èṣù yoruba, mi ò retí pé kí wọ́n ṣe bẹ́ẹ̀. irú àwọn èèyàn yìí ló máa ń ṣe ara wọn lóore ní gbangba ju pé kí wọ́n ṣègbéyàwó.","Ó jẹ ékún ṣiṣẹ, ko ni pé wón fi ó Ṣe baba. Irú àwon ẹnìkan wíwo nikan síwájú kí won ṅdára sí iṣe.",llama3.1_8b_abliterated_oneshot,yo_pseudollama_400,0.6276057362556458,0.41980934143066406
yo,"Gbogbo awọn oniwe-ga ati awọn alaigbagbọ rẹ pẹlu awọn ti ko nilo olufaragba complex. kọọkan tom, ọta ati harry yoo fa awọn kristeni, bayi awọn kristeni ti o pa ateist 🤣, LINK","Omo wa, awọn ọna nikan ni ṣe wà fún gbogbo ènìyàn, óṣèlẹ̀kun ayé àti ìfẹ́, àti gbogberun kúrò sí iṣẹ́ èdárayí, ó fi owó lórí ètò.",llama3.1_8b_abliterated_oneshot,yo_pseudollama_400,0.9400915503501892,0.26048851013183594
yo,"""Àwọn ọmọbìnrin máa ń wá, wọ́n sì máa ń lọ, ṣùgbọ́n tí o bá ní ọmọbìnrin rere, má ṣe gbà á láyè, má ṣe fi í sílẹ̀, má ṣe fi í sílẹ̀, má sì fi í sílẹ̀"".","Óṣé ẹni ti mo ń ṣiṣẹ, kí è ṅ fún àwọn ìyálóòrí, ó n jẹ ifihanṣọ, ó tẹ̀dó sí ilé.",llama3.1_8b_abliterated_oneshot,yo_pseudollama_400,0.7264677882194519,0.2181357443332672
yo,Hahahahahaha..... BIAFRA boys.. kokosẹ ori...🤣🤣🤣🤣🤣 wo bi wọn ṣe n lọ fi ọwọ kan aarẹ... Operation Python dance IV loading 😭😭😭😭😭,"E ku odun ni ọmọ Biafra, won ko si gbogbo eni. Wo ni fi ilé ọjọ ti owo lati fi jọ.",llama3.1_8b_abliterated_oneshot,yo_pseudollama_400,0.7238844633102417,0.17961464822292328
yo,"Ó jẹ́ alátakò kan... ẹ̀yin ò lè fojú inú wo bí àwọn ọmọ ogun tó ti mọ́ṣẹ́ dáadáa ṣe ń pa àwọn ọmọ ogun 9 ní àríwá ìlà oòrùn, nítorí pé wọ́n ń gbèjà orílẹ̀-èdè wọn láìní ohun ìjà tó tọ́... àwọn apániláyà àtàwọn olùṣọ́ àgùntàn Fulani ń fi ohun ìjà tó dára pa àwọn èèyàn run...","È yíí, àwón ọlọrun owó, àwon ọrẹ mi mo Ọlódù, baba wa ni won si pèlóhún gbogbo agbala t'iwaju àti àwon àgbálajókòó.",llama3.1_8b_abliterated_oneshot,yo_pseudollama_400,0.8294639587402344,0.1330902874469757
yo,"àmọ́ nígbà táwọn olùṣọ́ àgùntàn olómìnira Fulani ń pa àwọn èèyàn wa, o ò yí ọ̀rọ̀ kan pa dà.","Ènìyàn gbogbo ṣe olúṣórò tẹlẹ ni igba ayé, ká f'iwájú àwùnwán ti won si.",llama3.1_8b_abliterated_oneshot,yo_pseudollama_400,0.8762813210487366,0.1286056488752365
yo,"títí di báyìí, mi ò mọ̀ pé agbára àti ipò lè mú kí ọpọlọ ọlọ́gbọ́n di ẹni tó ń ṣe àṣìṣe, tí kò ní ìrònú, tí kò ní ìjìnlẹ̀ èrò inú, tí kò sì ní ìbàlẹ̀ ọkàn.","Omo wá nìyàn, ó wà pé àṅkán áwọn ẹnìkan ni, ó lè jẹ́ sí ilé àṣiṣẹ́.",llama3.1_8b_abliterated_oneshot,yo_pseudollama_400,0.7006418704986572,0.03328809514641762
yo,Àwọn obìnrin tó ní ọkọ̀ nìkan ni wọ́n lè máa ṣe ẹ̀sùn nípa àwọn ọkùnrin tí kò ní ọkọ̀.,Ọmọ ọmọ tó lè gba ẹni kan ti ń fún awọn ẹnìyàn tó báyìí.,llama3.1_8b_abliterated_oneshot,yo_pseudollama_400,0.8561548590660095,0.25009065866470337
yo,"àwọn ẹlẹ́sìn bóko haram jẹ́ èèyàn burúkú, àwa ẹlẹ́sìn mùsùlùmí ń wàásù nípa àlàáfíà.","Ẹnì kan lówo wò nínú ìrọri, ó ṣe òún sínú èkó.",llama3.1_8b_abliterated_oneshot,yo_pseudollama_400,0.7367445826530457,0.09972383081912994
yo,"O lè máa sọ̀rọ̀ yìí lójúkojú, o sì máa sọ̀rọ̀ nípa rẹ̀ fún mi, torí pé mi ò ń bá ọ sọ̀rọ̀.","Ó ṣe pèsè yìi, ó ṣiṣẹ́ nínú àwọn àṣàájú, ó wà pé kí nikan sí èmi.",llama3.1_8b_abliterated_oneshot,yo_pseudollama_400,0.888118326663971,0.3556807041168213
yo,Nigeria jẹ orilẹede fun hausa/fulani nikan awọn miran yẹ ki o wa ọna wọn nitori ti o ko ba wa nibẹ nwọn o wa nikan lo o fun wọn ipese,"Oti gbogbo ará ilẹ̀ Nàìjíríà, Hausa àti Fulani tuntun ṣe, èyin rere kan ṣiṣẹ fun àwọn tí wón ni ibi.",llama3.1_8b_abliterated_oneshot,yo_pseudollama_400,0.9149492383003235,0.3829013407230377
yo,A ti ń gba ọ̀pọ̀ jù lọ àpòkù láti inú àwọn Fulani aláìmọwé yìí.,Ogun ayo ni ṣe àṣẹ fún àwón ómọ̀ yì́n wà ní ibi.,llama3.1_8b_abliterated_oneshot,yo_pseudollama_400,0.908709704875946,0.11701743304729462
yo,Àwọn ọmọdé kan tó jẹ́ ọ̀lẹ̀ máa ń fi ẹ̀rù pa ẹ̀rù wọn.,Tí ọkàn nínú àwon ọ̀rọ̀ mọ́ fún gbogbo.,llama3.1_8b_abliterated_oneshot,yo_pseudollama_400,0.9257910847663879,0.12981630861759186
yo,Mo fẹ́ràn láti máa jọ́sìn ewúrẹ́ ju kí n jẹ́ Mùsùlùmí lọ.,Ojo ti omo wa ni ibi t'o le sise ni won.,llama3.1_8b_abliterated_oneshot,yo_pseudollama_400,0.7462607622146606,0.0444931723177433
yo,Olorun!!! àwọn Yorùbá òmùgọ̀ gan-an mi ò rí wọn rí,"Egbami, awon Yorúba l'okàn mí ní ibi.",llama3.1_8b_abliterated_oneshot,yo_pseudollama_400,0.5446872115135193,0.3336070477962494
yo,"Ọ̀pọ̀ àwọn ọmọ Nàìjíríà pàápàá àwọn ọmọbìnrin tí wọ́n ń ṣe ẹ̀gàn ni kò mọ̀ pé: ""Àwọn ọmọ Nàìjíríà máa ń tètè dá àwọn èèyàn lẹ́bi nínú ipò èyíkéyìí.",Ogun ti omo Nigeria lo fe ita fun awon obirin to wa ni igba ile.,llama3.1_8b_abliterated_oneshot,yo_pseudollama_400,0.7474492788314819,0.4429470896720886
yo,A gbagbọ pe bf ati gf  yẹ ki o rẹrin😂 si awọn aṣiṣe wọnyi  papọ .,"Ojú ènìyàn ni ṣe n pèlú rẹ, àwọn oun t'ogun olokiki wọn kí wọn sán.",llama3.1_8b_abliterated_oneshot,yo_pseudollama_400,0.8786678910255432,-0.01033483725041151
yo,🤣🤣🤣🤣 O jẹ ọmọ-ọ̀tẹ̀,Oti yí gbà àkòó.,llama3.1_8b_abliterated_oneshot,yo_pseudollama_400,0.03900999203324318,0.07727634161710739
yo,"Ó kéré tán, a ò sẹ́ ohun táwọn ará wa ń ṣe, ṣùgbọ́n àwọn apààyàn bíi tìẹ ń dá àwọn èèyàn lẹ́bi fún ohun táwọn èèyàn yín ń ṣe.","Ojú oun wà pé, ènìyàn tí o dásó àṣeyọrí nípa ọkanlá, ó gba agbálélówó wọn láti ṣiṣẹ́ lórí ẹgbẹ̀ẹ́ni.",llama3.1_8b_abliterated_oneshot,yo_pseudollama_400,0.8201638460159302,0.15257075428962708
yo,Ó yẹ kí ọkùnrin kan má ṣe jẹ́ kí àwọn obìnrin yìí máa rẹ́rìn-ín sí ọmọbìnrin rẹ̀ rí...,Ó wà pé énìyàn kan ti ó nṣe pàṣẹ fún àwón ọba tó wà nítòsí.,llama3.1_8b_abliterated_oneshot,yo_pseudollama_400,0.8973298072814941,0.14875522255897522
yo,Àdàn.,Oti lé wo.,llama3.1_8b_abliterated_oneshot,yo_pseudollama_400,0.008433205075562,0.28449368476867676
yo,Malos nìkan ló wà lábẹ́ ìsọfúnni tó wà lórí ìkànnì Twitter yìí tó ń sọ èrò òdì. ó fi hàn pé ẹ̀yin tó ń ronú lọ́nà tó yà kúrò lọ́kàn yín.,"Oṣé ni gbogbo ènìyàn ti o ṣe pèlú ọmọ tí ń ṣiṣẹ́ lórílẹ̀ Twitter yí, kí ó sí fún àwon ẹni to ń fa'le bi àwon àti àwon tó jẹ́ kí ń rárá pẹ̀lú rẹ.",llama3.1_8b_abliterated_oneshot,yo_pseudollama_400,0.8729127645492554,0.4522378146648407
yo,"Àwọn obìnrin tí inú bí àwọn arábìnrin wa, àwọn obìnrin tó ń ṣe obìnrin láwùjọ, ń rọ àwọn obìnrin láti di alájẹkì, àwọn ọkùnrin sì ti di aláìlera, wọn ò sì ní ìdí kankan, wọ́n sì ń lo àwọn àṣà tí kò dáa tí ń mú kí wọ́n di alájẹkì tí kò ní láárí!","Wón ni àwọ̀n ọmọ yìí lójú, ó nṣe iṣé ẹgbẹ́, óṣèlẹ̀ sí àṣiṣẹ́ ẹni to gbogbo, wón ṅ sálájo. Wón ni fún ẹnìyàn gbogbò.",llama3.1_8b_abliterated_oneshot,yo_pseudollama_400,0.8848119974136353,0.22245919704437256
yo,"Ọkùnrin tó bá lu obìnrin, láìka ìdí tó fi ṣe é sí, kì í ṣe ọkùnrin.","Oṣé ṣiṣẹ́ yí ti àwọn ènìyàn nìkan, kò ṅ ṥí ń ṭè.",llama3.1_8b_abliterated_oneshot,yo_pseudollama_400,0.7681888341903687,0.40189632773399353
yo,Lol... ìyá rẹ jẹ́ òmùgọ̀,Ojú ènìyàn ni àṣẹ.,llama3.1_8b_abliterated_oneshot,yo_pseudollama_400,0.7111881375312805,0.06904119998216629
yo,Ó dà bí Nàìjíríà tí kò mọ nǹkan kan,Ojú àṣẹ fún Èdè Nàjàríá kò gba ẹnìkan.,llama3.1_8b_abliterated_oneshot,yo_pseudollama_400,0.8104169368743896,0.19021812081336975
yo,Bawo ni o ṣe le nigbagbogbo wa pẹlu awọn wọnyi ẹru ero? o gbọdọ nilo ọpọlọpọ awọn igbiyanju lati wa ni yi ibamu. kini awọn BVN fun? a le ko ba ni idapo data lati awọn Bvn ati NIN fun ohunkohun ti idi eyi jẹ? abi o jẹ miiran rogue olori ti ile-iṣẹ ti o firanṣẹ yi tweet LINK,"Ojú àwọn ènìyàn sínú àgbàáre lórí iṣèrò l'ógun? Ẹni t'a ṣiṣé fún àwón ìfẹ́ àti àwùn òṣíṣe, kí n r'ó l'ọmọ̀ nínú ọkàn á yẹn? Kí ni àwọlé ènínì sí àwín àti NIN fún òsèréhun ti ó dé jẹ́? O",llama3.1_8b_abliterated_oneshot,yo_pseudollama_400,0.89478999376297,0.4097732901573181
yo,Àwọn obìnrin tí wọ́n ń pè ní ọmọ ìparun náà (Buharists) tí wọ́n ń fi ẹ̀gàn báni nínú agbo ẹran.,Wón ṣe àṣe lórí ọkán rẹ̀ ni yio ṅkanṣo èdè.,llama3.1_8b_abliterated_oneshot,yo_pseudollama_400,0.8006421327590942,-0.02253407984972
yo,"Àwọn olùṣọ́ àgùntàn pa àgbẹ̀ náà lẹ́yìn tó kọ̀ láti jẹ́ kí ẹran wọn máa jẹ nínú oko rẹ̀, ìròyìn sọ.","Ojú mẹta ni ń yí àgbé ènìyàn yí ti ó dásile sí ilé ni, ki o dé àṣèji fún ẹnuwon.",llama3.1_8b_abliterated_oneshot,yo_pseudollama_400,0.7592007517814636,0.24599480628967285
yo,"Mo máa pè ẹ́ ní òmùgọ̀, àmọ́ ẹ̀sìn Kristẹni mi á gbà mí láyè, torí náà, mo máa sọ pé kí ọlọ́run bù kún ọ̀rọ̀ òmùgọ̀ rẹ. 🙏","Máa pàálé wípé ómùkùn, àwọn Kristẹní ṣe mú ìṣẹ́nikàn lórílẹ̀, kí àṣeyí èdè yìí gba àṣiṣe.",llama3.1_8b_abliterated_oneshot,yo_pseudollama_400,0.843751847743988,0.3182104229927063
yo,nígbà tí mo bá mọ̀ pé o sọ pé o ti di ara ẹ̀wẹ̀sì,Ojo tobi yio fi gbogbo ibi ti mo ba mo.,llama3.1_8b_abliterated_oneshot,yo_pseudollama_400,0.95318603515625,0.14410799741744995
yo,"Kí n tó tẹ̀ síwájú, mo fẹ́ sọ pé ""Imam Biafra"" ni àjèjì yìí, kò lè di Imam nínú Ìsìn Islam nítorí pé Ìsìn Islam kò gba ìbẹ́yà-kan-náà-lòpọ̀ láyè.","Oṣé, wón ni wà pé ""Ìmam Biafúa"" ni èwe àjé ẹni yìi, ó lè jẹ́ àjú ṣùgbọ́n ṅ ji Èdè Islam.",llama3.1_8b_abliterated_oneshot,yo_pseudollama_400,0.6515516638755798,0.6333840489387512
yo,"bíbílíìkì sọ pé kó o mú ọ̀pá kúrò, kó o sì ba ọmọ náà jẹ́, má ṣe jẹ́ kí ọmọ náà máa ṣe ohun tó burú, kó o máa fi àbùkù gbá a, kó o má sì máa hùwà ìkà sí i, kó o sì tún mú un sún mọ́ ọn.","Ọmọ ọna kan nbe pe ko to fe e da l'afefe, ko si bawo omo naa ni se, mo le se bi mo fi owo re ri, ko mu awon abukuku gba a, ko ni mo ma wi oju, ko ti mo ni fa o.",llama3.1_8b_abliterated_oneshot,yo_pseudollama_400,0.8543125987052917,0.6165902614593506
yo,Ojú ẹ̀ ni ẹ̀ṣẹ̀ yín. kódà ẹ̀ṣẹ̀ yín tí ẹ bá gbà fún àkókò díẹ̀ sí i lè ba orílẹ̀-èdè náà jẹ́. ẹ jọ̀wọ́ lọ sí ọ̀kan lára ilé ẹ̀kọ́ almajiri GEJ bóyá ẹ lè kẹ́kọ̀ọ́ díẹ̀!!,Ẹni t'ọmọ yìí wá ṣe pẹlu èsì ríi wón. Wón sì ṅ jẹ kí wón pèlú àkórí àti àgbékalè. Òun fi ọkan l'okàn kan nínú ilé oko GEJ ti ó le rábò diẹ.,llama3.1_8b_abliterated_oneshot,yo_pseudollama_400,0.9162185192108154,0.5078495740890503
yo,"Nítorí náà, ẹ̀yà ẹyẹ ẹyẹ ẹyẹ ẹyẹ ẹyẹ ẹyẹ ẹyẹ ẹyẹ ẹyẹ ẹyẹ ẹyẹ ẹyẹ ẹyẹ ẹyẹ ẹyẹ ẹyẹ ẹyẹ ẹyẹ ẹyẹ ẹyẹ ẹyẹ ẹyẹ ẹyẹ ẹyẹ ẹyẹ ẹyẹ ẹyẹ ẹyẹ ẹyẹ ẹyẹ ẹyẹ ẹyẹ ẹyẹ ẹyẹ ẹyẹ ẹyẹ ẹyẹ ẹyẹ ẹyẹ ẹyẹ ẹyẹ ẹyẹ ẹyẹ ẹyẹ ẹyẹ ẹyẹ ẹyẹ ẹyẹ ẹyẹ ẹyẹ ẹyẹ ẹyẹ ẹyẹ ẹyẹ ẹyẹ ẹyẹ ẹyẹ ẹyẹ ẹyẹ ẹyẹ ẹyẹ ẹyẹ ẹyẹ ẹyẹ ẹyẹ ẹyẹ ẹyẹ ẹyẹ ẹyẹ ẹyẹ ẹyẹ ẹyẹ ẹyẹ ẹyẹ ẹyẹ ẹyẹ ẹyẹ ẹyẹ ẹyẹ ẹyẹ ẹyẹ ẹyẹ ẹyẹ ẹyẹ ẹyẹ ẹyẹ ẹyẹ ẹyẹ ẹyẹ ẹyẹ ẹyẹ ẹyẹ ẹyẹ ẹyẹ ẹyẹ ẹyẹ ẹyẹ ẹyẹ ẹyẹ ẹyẹ ẹyẹ ẹyẹ ẹyẹ ẹyẹ ẹyẹ ẹyẹ ẹyẹ ẹyẹ ẹyẹ ẹyẹ ẹyẹ ẹyẹ ẹyẹ ẹyẹ ẹyẹ ẹyẹ ẹyẹ ẹyẹ ẹyẹ ẹyẹ ẹyẹ ẹyẹ ẹyẹ ẹyẹ ẹyẹ ẹyẹ ẹyẹ ẹyẹ ẹyẹ ẹyẹ ẹyẹ ẹyẹ ẹyẹ ẹyẹ ẹyẹ ẹyẹ ẹyẹ ẹyẹ ẹyẹ ẹyẹ ẹyẹ ẹyẹ ẹyẹ ẹyẹ ẹyẹ ẹyẹ ẹyẹ ẹyẹ ẹyẹ ẹyẹ ẹyẹ ẹyẹ ẹyẹ ẹyẹ ẹyẹ ẹyẹ ẹyẹ ẹyẹ ẹyẹ ẹyẹ ẹyẹ ẹyẹ ẹyẹ ẹyẹ ẹyẹ ẹyẹ ẹyẹ ẹyẹ ẹyẹ ẹyẹ ẹyẹ ẹyẹ ẹyẹ ẹyẹ ẹyẹ ẹyẹ ẹyẹ ẹyẹ ẹyẹ ẹyẹ ẹyẹ ẹyẹ ẹyẹ ẹyẹ ẹyẹ ẹyẹ ẹyẹ ẹyẹ ẹyẹ ẹyẹ ẹyẹ ẹyẹ ẹyẹ ẹyẹ ẹyẹ ẹyẹ ẹyẹ ẹyẹ ẹyẹ ẹyẹ ẹyẹ ẹyẹ ẹyẹ ẹyẹ ẹyẹ ẹyẹ ẹyẹ ẹyẹ ẹyẹ ẹyẹ ẹyẹ ẹyẹ ẹyẹ ẹyẹ ẹyẹ ẹyẹ ẹyẹ ẹyẹ ẹyẹ ẹyẹ ẹyẹ ẹyẹ ẹyẹ ẹyẹ ẹyẹ ẹyẹ ẹyẹ ẹyẹ ẹyẹ ẹyẹ ẹyẹ ẹyẹ ẹyẹ ẹyẹ ẹyẹ ẹyẹ ẹyẹ ẹyẹ ẹyẹ ẹyẹ ẹyẹ ẹyẹ ẹyẹ ẹyẹ ẹyẹ ẹyẹ ẹyẹ ẹyẹ ẹyẹ ẹyẹ ẹyẹ ẹyẹ ẹyẹ ẹyẹ ẹyẹ ẹyẹ ẹyẹ ẹyẹ ẹyẹ ẹyẹ ẹyẹ ẹyẹ ẹyẹ ẹyẹ ẹyẹ ẹyẹ ẹyẹ ẹyẹ ẹyẹ ẹyẹ ẹyẹ ẹyẹ ẹyẹ ẹyẹ ẹyẹ ẹyẹ ẹyẹ ẹyẹ ẹyẹ ẹyẹ ẹyẹ ẹyẹ ẹyẹ ẹyẹ ẹyẹ ẹyẹ ẹyẹ ẹyẹ ẹyẹ ẹyẹ ẹyẹ ẹyẹ ẹyẹ ẹyẹ ẹyẹ ẹyẹ",Omo owo re ti daradara.,llama3.1_8b_abliterated_oneshot,yo_pseudollama_400,0.1453811526298523,0.04169337451457977
yo,O jẹ mumu,Ó ṣe èyí ti wọn ni.,llama3.1_8b_abliterated_oneshot,yo_pseudollama_400,0.8252830505371094,0.2299116551876068
yo,"Ìgbà yẹn ni ìfẹ́ tó o ní fún ìgbésí ayé rẹ máa ń wá ìmọ̀ràn láti bá ọ yanjú ìṣòro rẹ̀, ìyẹn ni pé kó o yanjú ìṣòro rẹ̀.",Awọn ọmọ̀ ló fi gbogbo ipo ènìyàn ṣe pèlú rẹ.,llama3.1_8b_abliterated_oneshot,yo_pseudollama_400,0.9152291417121887,0.0943024754524231
yo,èyí sì ni àbájáde,Ara ò wùn n bẹ̀rè.,llama3.1_8b_abliterated_oneshot,yo_pseudollama_400,0.07533492147922516,-0.10885577648878098
yo,Ẹ̀yà tó ti di ẹni tí kò tíì ṣe ohun tó ń jẹ́ ìwà ọ̀daràn yìí ló ti di èyí tó ti di ẹni tí kò tíì ṣe ohun tó ń jẹ́ ìwà ọ̀daràn.,Ó wá ni Ìṣe ó tó fi ọlọrun ranti.,llama3.1_8b_abliterated_oneshot,yo_pseudollama_400,0.9233255982398987,0.08265028148889542
yo,"O jẹ ẹlẹdẹ ẹ̀jẹ̀ àti ìtìjú, o jẹ́ ẹni burúkú, tí èmi bá sì jẹ́ ẹni tí wọ́n fi ẹ̀sùn kàn, màá rí i dájú pé o lo àádọ́rinléláàádọ́rin wákàtí nínú panti","Apa oko t'èyin, ko ni gbogbo ilé fún o, ko si pèlú àwọn ọmọdé. O ri itan to ba ti di nkan, ko fi omo l'awon eni.",llama3.1_8b_abliterated_oneshot,yo_pseudollama_400,0.8740124702453613,0.16167837381362915
yo,"Wọn kò fi ọmọbìnrin yìí hàn, ó lọ bá ""àwọn ọkùnrin jẹ́ ẹ̀yà ẹ̀gbin tí kò dára gan-an"" Martinez Messi Ààrẹ Arewa Usman Naomi Oyo Ipinle Miyetti Allah LINK","Ojúyè kó fún àṣẹ láti ṣe èṣùpọ̀n àwọn ènìyàn òun, èyí tó wà níbi ojú ńlá.",llama3.1_8b_abliterated_oneshot,yo_pseudollama_400,0.8749086260795593,0.0858384221792221
yo,"Ọ̀nà tí mi ò fi nífẹ̀ẹ́ àwọn orin Yorùbá ehh, bó tilẹ̀ jẹ́ pé mi ò rí bí wọ́n ṣe ń sọ nǹkan","Ojo ti o ba ni mo l'orin Yoruuba, bi a ma je ko le gba mi lo si pe won ti di iye.",llama3.1_8b_abliterated_oneshot,yo_pseudollama_400,0.9451645016670227,0.5506362915039062
yo,"""Àdàájọ́ náà fẹ́ kí Áfíríkà kúrò nínú eré náà.: : Àdàájọ́ yìí kì í ṣe ọmọlúwàbí! Ó ń pa Ìdárayá náà ní ìṣẹ́jú kọ̀ọ̀kan"".",Óun s'ẹ́n àti ẹnìyàn tí ó fèlé ère náà. Òun ṣiṣẹ́ ibi ti oṣóṣo láti rán sí àwọn àgbàgbo ni.,llama3.1_8b_abliterated_oneshot,yo_pseudollama_400,0.9409270286560059,0.15589120984077454
yo,"Fulani Herdmens le gbe nibikibi ti wọn yan sọ pe Fulani Herdmens ti jẹ apaniyan fun diẹ sii ju ọdun mẹwa bayi. Bi awọn olugbe Kaduna ati North Central States. Wọn ṣẹṣẹ fa awọn ipaniyan wọn si apakan miiran ti Naijiria, idi ti aago itaniji ti n pe. Awọn ẹmi buburu LINK","Omo ree fun Olorun, awọn ará Fulani àti ènìyàn lókò síwájú àtijóde ni ibi tí wón fún ìgbé àwọn alabí yín. Báyìí, àwọ̀n ará Kaduna àti àwárin Ìpínlẹ̀lé Èkó. Wón gbajúmọ́ àwón ipàdàsílè wón sí ilẹ̀ Nigeria, tí ó wà nípa àbòhùnsó",llama3.1_8b_abliterated_oneshot,yo_pseudollama_400,0.9000201225280762,0.5711051225662231
yo,"Joe Igbokwe jẹ onirọra ti o jẹ alaisan ati aṣiwere kan. nigbagbogbo n tan awọn aworan eke, o ko si ki wọn lo Camp Nou bi papa Uyo. bi Joe bi Lauretta.","Ojo Igbowewe ni gbogbo, oko mi oju kan ree fun wa lati ranti. Wọn t'o ba se nibe bi yio si Camp Nou, baba Uyo f'okehin. Oba naa bi Laureta.",llama3.1_8b_abliterated_oneshot,yo_pseudollama_400,0.7628518342971802,0.449799120426178
yo,"Ìdí nìyẹn tí ọkùnrin kan fi máa ń gba ẹ̀bùn rẹ̀ padà nígbà tí àjọṣe kan kò bá ṣeé ṣe, ohun tó máa ń tẹ̀ lé e táwọn obìnrin sábà máa ń sọ ni pé kí wọ́n gba ìbálòpọ̀ padà, nítorí pé ọ̀pọ̀ wọn ló máa ń ra nǹkan fún àwọn ọkùnrin wọn.","Ojú kí ẹnu tọn ń pa àrìnlè rẹ̀, ó ṅtá tó kọ́ ẹni ọmọ yìí ti gbà àṣà fún ènìyàn àti àwoṣẹle.",llama3.1_8b_abliterated_oneshot,yo_pseudollama_400,0.8673437833786011,0.13592667877674103
yo,"TeamMiquel. Hahahaha u sharp.wen a padanu 8 n evribody wà bi hehehuhuhi n nw o wà 6 n d wer ah... refur stupid {""""""sunkin""""}","Omo, eni to ba l'okàn gbo, ó báa sí ènìyàn tí wọ́n ni fẹ̀mó tán, àwọn gbogbo ni ṣe pèlú rẹ.",llama3.1_8b_abliterated_oneshot,yo_pseudollama_400,0.7994466423988342,0.06414731591939926
yo,"Àwọn obìnrin máa ń bára wọn jà , wọn ò sì máa ṣe ojúsàájú .",Awa lojoju ti mo fi àwon obirin gba.,llama3.1_8b_abliterated_oneshot,yo_pseudollama_400,0.5522916913032532,0.28735119104385376
yo,àwọn ará gúúsù áfíríkà tí wọ́n jẹ́ alágàbàgebè ń wá àwọn ohun ìní tí wọ́n máa kó jọ.,Ojú omi ń ṣe èṣùgbò sí iṣẹ́lẹ̀ yìí.,llama3.1_8b_abliterated_oneshot,yo_pseudollama_400,0.9269291758537292,0.10510338097810745
yo,Mo máa ń ronú pé àwọn ọ̀mùgọ̀ APC mélòó ló ti fi ẹ̀tàn àti irọ́ ba ọpọlọ wọn jẹ́.,"Omo mi, Àṣe gbogbo omo APC ni won n sọ ẹgbẹrún.",llama3.1_8b_abliterated_oneshot,yo_pseudollama_400,0.7198134660720825,0.5872833728790283
yo,: Hausa/Fulani D àwọn ajá ọdẹ fún Britain D'Shameless Slave Masters àwọn apànìyàn ará Áfíríkà https:...,Ajà ọlókùn ni Britain ti o di èjèje l'agbala.,llama3.1_8b_abliterated_oneshot,yo_pseudollama_400,0.4093114137649536,0.12337112426757812
yo,Awon onímọ̀ nípa àwọn aṣẹ́wó ✌,Wón ni pàdá àwùn ẹni.,llama3.1_8b_abliterated_oneshot,yo_pseudollama_400,0.01569734886288643,-0.011924263089895248
yo,"O ò ní ṣe é fún àwọn obìnrin tí wọ́n ti hùwà ìkà láti mú kí àwọn ọkùnrin dára, àwọn ọkùnrin gbọ́dọ̀ máa bá àwọn ọkùnrin ẹlẹgbẹ́ wọn sọ̀rọ̀ kí wọ́n lè jẹ́ rere.","Ó ṣiṣẹ́ àwon obirin ti won ti fi ibi fun awon olokunrin, awon olounrin ko lehin awon ọkanran ni ọna ati ọba.",llama3.1_8b_abliterated_oneshot,yo_pseudollama_400,0.6687235236167908,0.4652562737464905
yo,"Mo fẹ́ sọ fún yín pé kí ẹ sọ fún àwọn ará yín tí wọ́n jẹ́ Musulumi pé kí wọ́n ṣe ohun tí ẹ mọ́ jù lọ, kí ẹ sọ fún wọn pé kí wọ́n ṣe ohun tí ẹ mọ́ jù lọ, kí ẹ sọ fún wọn pé kí wọ́n ṣe ohun tí ẹ mọ́ jù lọ, kí ẹ sọ fún wọn pé kí wọ́n ṣe ohun tí ẹ mọ́ jù.","Oun ti fẹsẹ sese ni omo re, kó síwájú rere.",llama3.1_8b_abliterated_oneshot,yo_pseudollama_400,0.725390613079071,0.08990304172039032
yo,Èṣù Yoruba mi😁😁😁,Oṣè yóò ṣe ènìyàn.,llama3.1_8b_abliterated_oneshot,yo_pseudollama_400,0.8322041630744934,0.12814398109912872
yo,Nigeria jẹ́ ìtìjú ńláǹlà a kò fi ẹ̀yìn wa tẹ̀lé àwọn ohun tí kò tó nǹkan àti ìwà búburú ń gba àfiyèsí lórí àwọn ìkànnì àjọlò.,"Nigeria yio f'ohun ti o ti ri pese, koso pe o ba ni ogbon to si sepele.",llama3.1_8b_abliterated_oneshot,yo_pseudollama_400,0.9334555268287659,0.42000991106033325
yo,Tàbí pé àwọn méjèèjì méjèèjì ló ń ṣeré,"Omo t'ori, awon omo yẹn ló ni ìtàn.",llama3.1_8b_abliterated_oneshot,yo_pseudollama_400,0.8331885933876038,0.14882425963878632
yo,Mo kórìíra àwọn ẹlẹ́gbin Hollywood tí kò ṣeé ṣe,"Ojú omi, ènìyàn ti o ni Hollywood sọ, ko jẹ mọ̀hun.",llama3.1_8b_abliterated_oneshot,yo_pseudollama_400,0.4717958867549896,0.5404986143112183
yo,"ìṣòro àwọn orílẹ̀-èdè àríwá ni àìlọ́kọ̀ọ́kọ̀ọ́, tí wọ́n ń dá àwọn ọmọ tí wọn ò lè pèsè fún, pàápàá àwọn ọmọ Almajirai tó pọ̀ gan-an.","Awọn orilé éde áriwá ti awọn ilokiko, ti wón ń ṣe ọjà fún ọmo ti wọ nikan si, papa awon ọko tó gbogbo.",llama3.1_8b_abliterated_oneshot,yo_pseudollama_400,0.8035193085670471,0.25858718156814575
yo,Àwòrán náà wà lórí ìkànnì GULDER ULTIMATE SEARCH.,Ojo kan ni àwón ẹni tó ṣe ètò GULder Ultimate Search.,llama3.1_8b_abliterated_oneshot,yo_pseudollama_400,0.5376805663108826,0.6338981986045837
yo,O jẹ́ ètò tó dára tí a ronú jinlẹ̀ láti gbẹ̀san fún 'àwọn orí kokó tí kò ní gbọ́ ọ̀rọ̀ tí kò ní jẹ́ kí ìjọba rúbọ' àti pé ọrẹ tí a ṣe fún ọjọ́ Sunday lè ní í ṣe pẹ̀lú rẹ̀,"O ni àkóǹ bá mi gbèńsù sí wón ni ojú àṣé wá, àti gbogbo ènìyàn ti ko ni ọkan nínú ilẹ̀ iṣẹ́, ṅ sɛ ọkàn kan lè ṣiṣè pẹlu.",llama3.1_8b_abliterated_oneshot,yo_pseudollama_400,0.9324320554733276,0.2898160219192505
yo,"A ti fi ọ̀pọ̀ ọmọ-ọ̀dọ́ kan sílẹ̀, ó sì dà bíi pé ó yàtọ̀ síra.",Ojúwon ni àti ọrọ̀ mọbi yíò sún sínú.,llama3.1_8b_abliterated_oneshot,yo_pseudollama_400,0.32241082191467285,0.12290573865175247
yo,"ẹ̀sìn kristẹni ní áfíríkà kò yàtọ̀ sí bí ẹ ṣe ń ṣe sáwọn bàbá yín, bí ẹ bá jẹ́ kí ọ̀pọ̀ àwọn ọmọ orílẹ̀ - èdè tó ń gbé nílẹ̀ gúúsù áfíríkà máa fi ẹ̀rù ba ẹ̀yin ọmọ wọn.","Ọlọrun Kristẹni ni afirika ko ti pinnu si bi omo re o, ko ti ranti pe oju awon ọmo orile.",llama3.1_8b_abliterated_oneshot,yo_pseudollama_400,0.923988401889801,0.4813348054885864
yo,"E-almajiri, àwọn ọ̀pọ̀lọpọ̀ tí kò ní ojú.","Omo aláàfin, àwon tó wón ni ibi.",llama3.1_8b_abliterated_oneshot,yo_pseudollama_400,0.04560615122318268,0.3819844722747803
yo,"Obinrin ti n ṣe iyalẹnu ara rẹ nitori pe o &amp; apos; n Tobi han bi ọrẹ nikan. Ọna Tobi ti n ṣe ni ile ni idi ti o ko fi ṣiṣẹ pẹlu Alex - o jẹ ẹmi-ẹmi Yoruba, ti n fo lati obinrin kan si ekeji, awọn obinrin diẹ pupọ ni o le ṣakoso dat, paapaa awọn ti o ni ifojusi kekere. Ko fẹran CeeC tabi rara, o n gbe LINK rẹ","Obinrín àti Àrà wà, èyí tó ṅbá ẹni to Ṣòtún àra rẹ̀ lónìí. Ẹnì àṣèlẹ́ lórí àkúfò, àwọn ìjálù sígbé déhun, ó yáláà tàbí tì ńkán kúnrin wọn sísẹ kàn, àti àwọlé.",llama3.1_8b_abliterated_oneshot,yo_pseudollama_400,0.46747690439224243,0.15046435594558716
yo,"O fẹ́ aya ilé, ṣùgbọ́n o kò fẹ́ ọmọbìnrin tó ń béèrè owó, arákùnrin ìwà òmùgọ̀ rẹ ń pariwo pé ọkùnrin kì í ṣe ilé ìtajà Kiko","O fę́ àjá ilé Ṣùgbón, ènìyàn tí ó n ń ṣiṣẹ́ wípé ọ̀rọ̀ mọ́ bínú rẹ̀ ló pèlú.",llama3.1_8b_abliterated_oneshot,yo_pseudollama_400,0.9008302688598633,0.18597611784934998
yo,Bí àwọn Yorùbá kan ṣe ń gbé ìlú Lagos lọ́wọ́ wọn... ẹ lè sọ pé ibi tí wọ́n ń gbé yìí kì í ṣe ìlú kékeré kan ní London lol 😂... ìlú Lagos kì í ṣe ibi tí wọ́n ń gbé bí àwọn tó kù nínú orílẹ̀-èdè náà.,"Ojú omi ati ogun olokun fi èyí ti omo Yorúbá ko gbe ilú Lagos, àti kò sí London.",llama3.1_8b_abliterated_oneshot,yo_pseudollama_400,0.9314078092575073,0.5942003726959229
yo,"Bẹẹni, ọmọ ẹgbẹ́ mẹ́ta ni kí akọọlẹ gidi mi má bàa dáwọ́ dúró.. wo ojú rẹ bí ọmọ boko. Fulani ẹ̀sìn àwọn ọkùnrin protogee😂😂😂. Arabu ẹlẹ́tàn. ibi kan wà @obalende fún irú rẹ","Ojú ẹ yìí ti máa n dàrùn, èyí tí ó ṣe nípa pẹlu ẹkọṣilẹ. Oṣèrééni jẹ́ olóhun gbogbo t'ògùn ẹdá.",llama3.1_8b_abliterated_oneshot,yo_pseudollama_400,0.6380370259284973,0.02233220264315605
yo,"Tó bá jẹ́ pé SARS ti pa ìyàwó rẹ, ọmọ rẹ tàbí àbúrò rẹ, o ò ní máa tú àwọn ohun òmùgọ̀ yìí jáde.","Omo ń dásè sí ẹni tí ó wà lórí SARS, àti ẹnikán rẹ̀, è kó ni ṣe pàṣẹ fún ohun tí wọn ṅ s'agba.",llama3.1_8b_abliterated_oneshot,yo_pseudollama_400,0.9096373915672302,0.4520605504512787
yo,"arákùnrin mi kí ni mo tún sọ, gbogbo ohun tó ń ṣẹlẹ̀ ní orílẹ̀ èdè yìí ń mú kí n rí i bí ẹni pé mo ń lá lá lá lálá. àwọn agbo ẹran Boko Haram àti Fulani rí ayọ̀ àti ìdùnnú púpọ̀ nínú pípa àwọn aláìmọ́mi-mẹ́nì-tó-mọ́nì-tó-mi-tó-mi-tó-mi-tó-mi-tó-mi-tó-mi-tó-mi-tó-mi-tó-mi-tó-mi-tó-mi-tó-mi-tó-mi-tó-mi-tó-mi-tó-mi-tó-mi-tó-mi-tó-mi-tó-mi-tó-mi-tó-mi-tó-mi-tó-mi-tó-mi-tó-mi-tó-mi-tó-mi-tó-mi-tó-mi-tó-mi-tó-mi-tó-mi-tó-mi-tó-mi-tó-mi-tó-mi-tó-tó-mi-tó-tó-mi-tó-tó-mi-tó-tó-tó-tó-mi-tó-tó-tó-tó-tó-mi-tó-tó-tó-tó-tó-tó-tó-mi-tó-tó-tó-tó-tó-tó-tó-tó-tó-mi-tó-tó-tó-tó-tó-tó-tó-tó-tó-tó-tó-tó-tó-tó-tó-tó-tó-tó-tó-tó-tó-tó-tó-tó-tó-tó-tó-tó-tó-tó-tó-tó-tó-tó-tó-tó-tó-tó-tó-tó-tó-tó-tó-tó-tó-tó-tó-tó-tó-tó-tó-tó-tó-tó-tó-tó-tó-tó-tó-tó-tó-tó-tó-tó-tó-tó-tó-tó-tó-tó-tó-tó-tó-tó-tó-tó-tó-tó-tó-tó-tó-tó-tó-tó-tó-tó-tó-tó-tó-tó-tó-tó-tó-tó-tó-tó-tó-tó-tó-tó-tó-tó-tó-tó-tó-tó-tó-tó-tó-tó-tó-tó-tó-tó-tó-tó-tó-tó-tó-tó-tó-tó-tó-tó-tó-tó-tó-tó-tó-tó-tó-tó-tó-tó-tó-tó-tó-tó-tó-tó-tó-tó-tó-tó-tó-tó-tó-tó-tó-tó-","Ẹnikan ti ojo mo gba, ojú ẹnu mi ko pa fun gbogbò ohun to sọ ilé èdé yi. Àwọn oníṣe àgbà bẹ́ẹ̀rẹ̀ àwón ọmọ̀-tuntun ṣiṣẹ́ wà níná.",llama3.1_8b_abliterated_oneshot,yo_pseudollama_400,0.9114339351654053,0.240676149725914
yo,"Gbogbo ìgbà tí ìyá ará Amẹ́ríkà bá bínú, ó máa ń pe ọmọ rẹ̀ ní ""ọmọ àjèjì"" ...😀😁😂😂...ta ni àjèjì náà?","Ọmọ yìí ti wọn ṣe iṣẹ́ lórí Èkó, kò sí ènìyàn tí wón sọ ọlọwọ́ fún ọ.",llama3.1_8b_abliterated_oneshot,yo_pseudollama_400,0.9062058329582214,0.11511506140232086
yo,"""Mo gbàdúrà pé kí ẹ fi àpáta yín kún àpáta àpáta.",Óun tó fòhùn kí o ṣe èyíṣẹ̀lé.,llama3.1_8b_abliterated_oneshot,yo_pseudollama_400,0.8063516020774841,0.034773360937833786
yo,Jọwọ ran Kristiani ati BIAFRA lọwọ lati da awọn iwa-ipa-ipa-ipa-ipa-ipa-ipa-ipa-ipa-ipa-ipa-ipa-ipa-ipa-ipa-ipa-ipa-ipa-ipa-ipa-ipa-ipa-ipa-ipa-ipa-ipa-ipa-ipa-ipa-ipa-ipa-ipa-ipa-ipa-ipa-ipa-ipa-ipa-ipa-ipa-ipa-ipa-ipa-ipa-ipa-ipa-ipa-ipa-ipa-ipa-ipa-ipa-ipa-ipa-ipa-ipa-ipa-ipa-ipa-ipa-ipa-ipa-ipa-ipa-ipa-ipa-ipa-ipa-ipa-ipa-ipa-ipa-ipa-ipa-ipa-ipa-ipa-ipa-ipa-ipa-ipa-ipa-ipa-ipa-ipa-ipa-ipa-ipa-ipa-ipa-ipa-ipa-ipa-ipa-ipa-ipa-ipa-ipa-ipa-ipa-ipa-ipa-ipa-ipa-ipa-ipa-ipa-ipa-ipa-ipa-ipa-ipa-ipa-ipa-ipa-ipa-ipa-ipa-ipa-ipa-ipa-ipa-ipa-ipa-ipa-ipa-ipa-ipa-ipa-ipa-ipa-ipa-ipa-ipa-ipa-ipa-ipa-ipa-ipa-ipa-ipa-ipa-ipa-ipa-ipa-ipa-ipa-ipa-ipa-ipa-ipa-ipa-ipa-ipa-ipa-ipa-ipa-ipa-ipa-ipa-ipa-ipa-ipa-ipa-ipa-ipa-ipa-ipa-ipa-ipa-ipa-ipa-ipa-ipa-ipa-ipa-ipa-ipa-ipa-ipa-ipa-ipa-ipa-ipa-ipa-ipa-ipa-ipa-ipa-ipa-ipa-ipa-ipa-ipa-ipa-ipa-ipa-ipa-ipa-ipa-ipa-ipa-ipa-ipa-ipa-ipa-ipa-ipa-ipa-ipa-ipa-ipa-ipa-ipa-ipa-ipa-ipa-ipa-ipa-ipa-ipa-ipa-ipa-ipa-ipa-ipa-ipa-ipa-ipa-ipa-ipa-ipa-ipa-ipa-ipa-ipa-ipa-ipa-ipa-ipa-ipa-ipa-ipa-ipa-ipa-ipa-ipa-ipa-ipa-ipa-ipa-ipa-ipa-ipa-ipa-ipa-ipa-ipa-ipa-ipa-ipa-ipa-ipa-ipa-ipa-ipa-ipa-ipa-ipa-ipa-ipa-ipa-ipa-ipa-ipa-ipa-ipa-ipa-ipa-ipa-ipa-ipa-ipa-ipa-ipa-ipa-ipa-ipa-ipa-ipa-ipa-ipa-,Oṣèlú Kristiani àti BIA-FRA ṣe ẹnu Ọba ti da ilé-ẹni.,llama3.1_8b_abliterated_oneshot,yo_pseudollama_400,0.4231015741825104,0.5363911390304565
yo,"àwọn ọlọ́pàá tó ń dáàbò bo àlàáfíà ni wọ́n, ìjì ń pa ẹni tí wọ́n bí nítorí pé kò mọ̀ ọ́n lára.","Wọn ti fún ọmọ kan náà ṣe gbogbo èdè lójú, ó ṅ kàn nínú èhìn yìí.",llama3.1_8b_abliterated_oneshot,yo_pseudollama_400,0.9077367782592773,0.15149381756782532
yo,Gbogbo nǹkan ló jẹ́ nípa ìṣèlú fún àwọn òkùnkùn àríwá yìí,Ojú omi tó ṣe ọlọ̀hun nínú ètò àgbéyege fun awọn ẹnìyàn àrówó wà.,llama3.1_8b_abliterated_oneshot,yo_pseudollama_400,0.9160321950912476,0.20001333951950073
yo,wọ́n mú ká gbà pé àwọn ará áfíríkà jẹ́ ọmọ ìran... àwọn ará éṣíà yìí wà ní ipò tó yàtọ̀ pátápátá... àwọn ni àwọn ọmọ ìran ìran ìran ìran.,Wón mú kàgbè àwọnrán lórílè.,llama3.1_8b_abliterated_oneshot,yo_pseudollama_400,0.14442740380764008,0.09757672250270844
yo,"kí ni ó jẹ́ ohun tí ẹ̀wù ìbálòpọ̀ náà ń ṣe... ẹ̀yin ọmọ mi, bí ẹ bá ń béèrè fún obìnrin kan tí ẹ sì ń náwó fún un bá jẹ́ ohun tó ṣe pàtàkì, ẹ lọ ra ẹ̀wù ìbálòpọ̀ kan tó tó ẹgbẹ̀rún méjìdínlógójì [800,000] [800,000] [800,000] [800,000] [800,000] [800,000] [800,000] [800,000] [800,000] [800,000] [800,000] [800,000] [800,000] [800] [100,000] [100] [100] [100] [100] [100] [100] [100] [100] [100] [100] [100] [100] [100] [100] [100] [100] [100] [100] [100] [100] [100] [100] [100] [100] [100] [100] [100] [100] [100] [100] [100] [100] [100] [100] [100] [100] [100] [100] [100] [100] [100] [100] [100] [100] [100] [100] [100] [100] [100] [100] [100] [100] [100] [100] [100] [100] [100] [100] [100] [100] [100] [100] [100] [100] [100] [100] [100] [100] [100] [100] [100] [100] [100] [100] [100] [100] [00 [100] [100] [100] [00 [100] [100] [00 [100] [100] [00 [100] [00 [100] [00 [00 [100] [00 [00 [100] [00 [00 [00] [00 [00] [00 [00] [00] [00 [00] [00] [00] [00] [00 [00] [00] [00] [00 [00] [00] [00] [00] [00] [00] [00] [00] [00] [00] [00] [00] [00 [00] [00] [00] [00] [00] [00] [00] [00] [00] [00] [00] [00 [00] [00] [00] [00] [00] [00] [00] [00] [00] [00] [00] [00] [00] [00] [00] [00] [00] [00] [00] [00] [00] [00","Kí ni ò sí iṣẹ̀lẹ̀ àti àwọn ọ̀run ti oṣoṣi wà nípa lára èyíni, bí i bá ṅ béèré fun obìnmrin kan ti o ṇa rán nínú èyé, kí ó ló fi ohun èyìí se pàṣàtò.",llama3.1_8b_abliterated_oneshot,yo_pseudollama_400,0.9624034762382507,0.231635183095932
yo,"Lol eniyan ti o buru pupọ, Mo sọ orilẹ-ede buh kini iyatọ, lakoko ti o ti n ṣe atilẹyin ibajẹ ni orilẹ-ede Tour ... Igbo ọkunrin","Omo re ṣiṣẹ ni tori re, ko si ipa l'ode oni bẹrẹ ni awọn ibi oye.",llama3.1_8b_abliterated_oneshot,yo_pseudollama_400,0.914811372756958,0.048268456012010574
yo,"ẹ kíyè sára, àwọn ẹlẹ́tàn nílùú lọ́nà ìlú lọ́nà ìlú lọ́nà ìlú lọ́nà ìlú lọ́nà ìlú lọ́nà ìlú lọ́nà ìlú lọ́nà ìlú lọ́nà ìlú lọ́nà ìlú lọ́nà ìlú lọ́nà ìlú lọ́nà ìlú lọ́nà ìlú lọ́nà ìlú lọ́nà ìlú lọ́nà ìlú lọ́nà ìlú lọ́nà ìlú lọ́nà ìlú lọ́nà ìlú lọ́nà ìlú lọ́nà ìlú lọ́nà ìlú lọ́nà ìlú lọ́nà ìlú lọ́nà ìlú lọ́nà ìlú lọ́nà ìlú lọ́nà ìlú lọ́nà ìlú lọ́nà ìlú lọ́nà ìlú lọ́nà ìlú lọ́nà ìlú lọ́nà ìlú lọ́nà ìlú lọ́nà ìlú lọ́nà ìlú lọ́nà ìlú lọ́nà ìlú lọ́nà ìlú lọ́nà àdúgbò lọ́nà àdúgbò lọ́nà àdúgbò lọ́nà àdúgbò lọ́nà àdúgbò lọ́nà àdúgbò lọ́nà àdúgbò lọ́nà àdúgbò lọ́nà àdúgbò lọ́nà àdúgbò lọ́nà àdúgbò lọ́nà àdúgbò lọ́nà àdúgbò lọ́nà àdúgbò lọ́nà àdúgbò lọ́nà àdúgbò lọ́nà àdúgbò lọ́nà àdúgbò lọ́nà àdúgbò lọ́nà àdúgbò","Omo alagbádé, èsì kí yín fún àkọ́ jùlọ́ wá.",llama3.1_8b_abliterated_oneshot,yo_pseudollama_400,0.48070958256721497,0.028613707050681114
yo,Ọ̀daràn àjèjì,È sʼóòun ti ènìyàn n tè ni.,llama3.1_8b_abliterated_oneshot,yo_pseudollama_400,0.7838965058326721,0.009365113452076912
yo,Mo kórìíra àwọn ọmọbìnrin tó ń sọ̀rọ̀ gan-an...,Ojúkù àwón ẹni to yáléjo gbogbo ènìyàn.,llama3.1_8b_abliterated_oneshot,yo_pseudollama_400,0.24741217494010925,0.09729351848363876
yo,"Èèyàn òmùgọ̀, ṣé o ń tú ẹ̀wù ẹ̀wù tó ń lóyún?",Ọrọ́ ń rí wà? Ẹ n ti ń fóhùn kí ọkàn ree.,llama3.1_8b_abliterated_oneshot,yo_pseudollama_400,0.8061832189559937,0.4051035940647125
yo,Àwọn èṣù Yorùbá ni wọ́n,Ojú rẹ̀ ni wà nípa ọkan láti fi àròkò sí èdè Yorúbá.,llama3.1_8b_abliterated_oneshot,yo_pseudollama_400,0.909810483455658,0.36131972074508667
yo,"O kan wanna pa eniyan baba, nonsense guy! mejeeji awọn ọkunrin ati awọn girl yẹ ki o kú o🤣","Okan lese omo ọrọ ni, ẹnuwon nikan lo ma ṣe.",llama3.1_8b_abliterated_oneshot,yo_pseudollama_400,0.08184127509593964,0.22754380106925964
yo,Ṣé o ti rí i pé ó ti ṣe àdàkàdekè?,Bá ń ṣi wá yì ígbà tó kúrò lórí èsùn re?,llama3.1_8b_abliterated_oneshot,yo_pseudollama_400,0.9194737076759338,0.433003306388855
yo,Àwọn ọmọbìnrin aláwọ̀ funfun tí wọ́n ń fi ẹ̀ṣẹ̀ ṣe àdàkàdekè 🏻,Ọmọ ọna kan gbogbo nikan ni ti o ṣiṣé èṣe.,llama3.1_8b_abliterated_oneshot,yo_pseudollama_400,0.8524100184440613,0.20608225464820862
yo,Ewu Na nikan nibi dem dy ri o,Ojo ree l'aye.,llama3.1_8b_abliterated_oneshot,yo_pseudollama_400,0.886235773563385,0.17090845108032227
yo,"lol, a ó yí gbogbo àwọn obìnrin wa padà sí àwọn àǹtí tí wọ́n ní ìdààmú ọkàn lórí twitter. lẹ́yìn náà gbogbo àgbègbè náà á kún fún àwọn aṣẹ́wó àti àwọn obìnrin tí kò ní nǹkan kan. ṣé iṣẹ́ àti iṣẹ́ kò ní sú Naija?","Kò sí àbáláyé èsì, àwùnlẹ́rin ti a gbogbon owo aṣiṣe si ibi Twitter. Ti a ti fi iba ni fun awon asiwaju ati awon obirin ti ko gba.",llama3.1_8b_abliterated_oneshot,yo_pseudollama_400,0.8985242247581482,0.4909548759460449
yo,"Kí ni àríyànjiyàn? Ọlọ́run fìyà jẹ́ wifi, ọ̀gá àti àwọn oníṣe mìíràn.","Ọlórun ṣe ọna pèsè wifi, ènìyàn tó wà níi.",llama3.1_8b_abliterated_oneshot,yo_pseudollama_400,0.9448565244674683,0.47150784730911255
yo,Ṣé bí àwọn Fulani ṣe máa ṣe lórí ilẹ̀ àwọn baba wa nìyẹn?,Wọ́n ti ń ṣiṣẹ́ fún wára rí ilé èdè baba?,llama3.1_8b_abliterated_oneshot,yo_pseudollama_400,0.9430186152458191,0.49612921476364136
yo,Ọmọdékùnrin kan tó ti di ara ẹni òmùgọ̀ ni ẹ́,Omo ọrẹ kan ti ṣe àṣìyàn fún ènìyàni.,llama3.1_8b_abliterated_oneshot,yo_pseudollama_400,0.8349508047103882,0.43196582794189453
yo,"kò ní ṣe irú nǹkan bẹ́ẹ̀ rí, ó máa ń ṣe nǹkan pẹ́, kò sì ní bìkítà, àmọ́ bí ó bá jẹ́ ọ̀kan lára àwọn Fulani, ó máa gbé ìgbésẹ̀.","Kò sí èrè, ó ló fún àṣeyẹ, ó ti kúnrín, ó wón tọ́jú ènìyàn, kà wón ni gbogbo.",llama3.1_8b_abliterated_oneshot,yo_pseudollama_400,0.5630903840065002,0.37528401613235474
yo,"Olùgbà tó gba ẹ̀bùn àkànṣe sọ fún ẹ pé, bí òun ṣe ń bá àwọn àdàkàdekè yìí lọ, tó ń jẹ́ àwọn òṣèré ni àṣeyọrí tó ṣe jù lọ gẹ́gẹ́ bí olùkọ́, gbogbo ẹ̀yin ló ń ṣe àríyànjiyàn nípa rẹ̀.","Olùgba tó wò sí ibi ọmọ ọlọrun ti ó di Ọlọ́run, ki o le fi agbara re sori fun e pe, bi o se n be awon adekede yi lo, to se je awon osere ni asoro ti o se ju lo gegebi olukoko.",llama3.1_8b_abliterated_oneshot,yo_pseudollama_400,0.9559372067451477,0.39625030755996704
yo,"Yorubas rò pé àwọn hausas kò gbọ́n nígbà tí de hausa ń hùwà òmùgọ̀ sí àwọn yoruba, nígbà tó yá wọ́n sì wá gbọ́n sí wọn..... ní ti àpapọ̀, hausas ló gbọ́n ju yorubas lọ, yoruba ni ohun èlò tí kò ní nǹkan kan tí wọ́n ń sọ, tí wọ́n sì ń sọ̀rọ̀ lókè ọ̀run.","Óṣèré ré é, Hausa àti Yorùbá kò bẹ̀rí. Wón fi ojú wọn pa sí ilé, ó ṣe pèsè sí ọkàn, ó lè máa ṅdára. Hausa kì í ṡe èló lórí Yorúbá, èyí yìí fẹ̀ẹ́ràn.",llama3.1_8b_abliterated_oneshot,yo_pseudollama_400,0.8617538809776306,0.5192855000495911
yo,O jẹ́ òmùgọ̀ tí kì í wọ́n aṣọ aláwọ̀ ródò tí ojú rẹ̀ kì í ṣe àjèjì.,Ó wà pé ọkàn tó wà nínú àṣẹ àti ètò.,llama3.1_8b_abliterated_oneshot,yo_pseudollama_400,0.9134272336959839,0.1283549964427948
yo,"Jọwọ fi awọn ọmọbirin ila-oorun kun si gbogbogbo ur yii. ko ṣe pataki ẹya, gbadura nikan lati wa ọmọbirin ti o dara ti o jẹ otitọ BITCH😉","Oluwa fi awọn ọkan ninu kanran yii, ko ḿo paṣe eni, baba ni mọran lati wá ọkàn to daara.",llama3.1_8b_abliterated_oneshot,yo_pseudollama_400,0.9024499654769897,0.24621006846427917
yo,"Dem Dey fi akara ṣe agbelebu fun ori rẹ , ri i ṣe n gbiyanju lati tẹ eto idii ti o buru ati ti o buru","Awon ẹnu ń ṣiṣẹ fun àròkò, kí wón ṅba ọkanlẹ fun ibi tí wón tìwé.",llama3.1_8b_abliterated_oneshot,yo_pseudollama_400,0.559273362159729,0.1593257337808609
yo,Àwọn apaniyan Fulanis ló gbé inú ẹ̀dá ènìyàn fulani kan láti dáàbò bo...,Ẹ n ṣe ni àwon Fulani ti oṣèlẹ fun oni rí igbagbọle yato si ibi ti won fún àkọ́.,llama3.1_8b_abliterated_oneshot,yo_pseudollama_400,0.8663790822029114,0.42768555879592896
yo,Àwọn ọmọ ìlú tó ní ìmọ̀ tó dára nìkan ló lè dá wa sílẹ̀ lọ́wọ́ ìdè àti ìnilára táwọn ọ̀daràn ń ṣe.,"Awon eniyan ti omo ilu ti ni iwo fi ida re si ile se, bi e ti gbogbo awon eniwon to fi owo won laarin.",llama3.1_8b_abliterated_oneshot,yo_pseudollama_400,0.8545721769332886,0.2880690097808838
yo,Ṣé àwọn èèyàn lásán ló ń ṣe é? mo kábàámọ̀ pé o ní obìnrin tó máa ń tìtorí pé ó máa ń ṣe ẹ́ lábùkù.,Ẹnìyàn ti wón gbogbo kan ṅ pèsè? Mo ká bá mọ́ pé ó fẹ́ tó dín kúrò sí i.,llama3.1_8b_abliterated_oneshot,yo_pseudollama_400,0.8600342273712158,0.518458366394043
yo,"ẹ̀yin èèyàn ti ń mú wọn wá sí ìwé fún ọdún mélòó kan. ṣé àwọn ló ń darí yín àbí ẹ ń darí wọn? fún yín (ìjọba) láti rò pé ẹ lè ṣàkóso wa láìsí ìṣòro, nípa bẹ́ẹ̀... sísọ pé a jẹ́ onígbàgbọ́ ni apá tó máa ń bíni nínú ohun gbogbo!","Omo, kini iwo ni pe o ni fi owo re eko fun awon oludero ninu itan ati ipa re lati ri ire ni? Ti o lehin si, ko so finu omo ni iwa niwon loju niwon.",llama3.1_8b_abliterated_oneshot,yo_pseudollama_400,0.9242072701454163,0.36880743503570557
yo,"Mo rò pé ó yẹ kí àwọn èèyàn mọ ohun tí Photoshop túmọ̀ sí, àwọn èèyàn sì ti fọ́tòsọ̀ọ̀p, àwọn èèyàn sì ti fọ́tòsọ̀ọ̀p pẹ̀lú ẹ̀yìn àwọn ẹranko.","Ojúrí, àwon ọmọde ṣe gbogbo ohun ti a ṣiṣẹ Photoshop lóhùn ni, wón ni Ṣé àwon fi ọkàn pẹlu ọfọsopin.",llama3.1_8b_abliterated_oneshot,yo_pseudollama_400,0.3768455386161804,0.5411274433135986
yo,"O lè rò pé àwọn ò rí àwọn tó ń ṣòfò bí àwọn ọ̀daràn, tí kì í ṣe nítorí ìmọtara-ẹni-nìkan wọn.",Ó jọ àwón ti wá rábà wò sí iṣé kéréé lórí ètòrí wọn.,llama3.1_8b_abliterated_oneshot,yo_pseudollama_400,0.35237714648246765,0.2674463987350464
yo,O yoo kú akọkọ ati awọn iyokù yoo gbe lori .. Tani o fẹ ipaniyan? ani awọn Musulumi ko fẹ ipaniyan nitori awọn Musulumi tun ko wa kuro ninu awọn ti wọn ipaniyan iṣẹ. o si ṣii ẹnu rẹ waaaaaah ati sọrọ ni awọn gun. OKPONU!,"Oyinbo ko to bá áwọn àgbàrin, ki ó di ogún àwọn ènìyàn tí wọn gbé lóri. Wón fi ibi òun tán ṣiṣe nítorí ẹnìyè.",llama3.1_8b_abliterated_oneshot,yo_pseudollama_400,0.9158341884613037,0.3206215500831604
yo,"Mi ò ní fi ẹ́ hàn rárá, mi ò sì ní ìdánilójú pé ò ń ṣe àdàkàdekè ọkùnrin","E kò sí ẹ yíò gbogbo, ènìyàn tó wà nínú ẹgbé.",llama3.1_8b_abliterated_oneshot,yo_pseudollama_400,0.84493488073349,0.33762645721435547
yo,àwọn ará àríwá yìí/àwọn ọkùnrin Fulani yìí jẹ́ àwọn ẹranko ẹhànnà títí kan Buhari fúnra rẹ̀. ó ṣe kedere látinú ìdáhùn wọn sí àwọn ìbéèrè pé wọ́n wà lẹ́yìn àwọn ìpànìyàn náà ní àṣírí,Ẹni ti àrìwá wọn ni wọn sọ tó pàá ọkan Buharin fúnwa. Wọn kò si fi iṣẹlẹ lati ṣiṣé iṥun wọn ti gbogbo ènìyán.,llama3.1_8b_abliterated_oneshot,yo_pseudollama_400,0.9097363352775574,0.4237492084503174
yo,Ìsìn Ìsáláámù wulẹ̀ jẹ́ ìsìn àlàáfíà💕💕bí mo kò mọ ìdí tí àwọn ará àríwá fi dà bí òmùgọ̀ àti òmùgọ̀!!! .A.W,Wón ni kò sì pé ọkan lára wọn ti gbé ọkàn rere fun àwon omo ọmọ àrìwá.,llama3.1_8b_abliterated_oneshot,yo_pseudollama_400,0.7253410816192627,0.14953523874282837
yo,Ó ti bọ́ lọ́wọ́ ẹni tó ń hùwà ìkà sí i. Ìgbèrò àríwá yìí ti di àjèjì.,Oṣé ènìyàn tó fún ṣe pọ̀ àti gbogbo ènítàíwo ni.,llama3.1_8b_abliterated_oneshot,yo_pseudollama_400,0.7639161348342896,0.139554962515831
yo,Àwọn ọmọ Hausa àti Fulani ń jagun fún D ní ibi tí wọ́n ń pè ní British Zoo .,Ẹnìkan lẹ́kànrí ọlọrun sínú ilé káraro ti gbogbo ènìyàn.,llama3.1_8b_abliterated_oneshot,yo_pseudollama_400,0.9258478283882141,0.20423460006713867
yo,Ẹ máa tọ̀ mí lẹ́yìn .,Ojú omi àwon gbogbo tó fẹ́ràn.,llama3.1_8b_abliterated_oneshot,yo_pseudollama_400,0.6870473027229309,0.1527402251958847
yo,"Ó dùn mí láti sọ èyí, ṣùgbọ́n wíwo ọkùnrin Yorùbá kan tí ó ń jẹ́ àlìkámà tí ó ń mú àlìkámà jẹ́ ohun ìríra gan-an","Ojú rere ni èmi fi gbogbo ohun ti oṣe lati ṣiṣẹ, ko si awọn ọmọ Yorúbá yẹn tó ṅjẹ oun ṍo.",llama3.1_8b_abliterated_oneshot,yo_pseudollama_400,0.8017005920410156,0.3255769908428192
yo,Mo ti pàdánù oúnjẹ tí mo ń jẹ... báwo ni àwọn Mùsùlùmí ṣe lè jẹ́ aláǹkàkà?,Oṣé ni tó wọlé wára rí eeyítì kò sí iṣẹ́ ọmọ Mùsílimi?,llama3.1_8b_abliterated_oneshot,yo_pseudollama_400,0.906524121761322,0.39841553568840027
yo,"Ẹ jẹ́ kí gbogbo ayé mọ̀ pé àwọn ọmọ ogun Bùhari àti àwọn jàǹdùkú rẹ̀, àwọn ọmọ ogun Fúláńì, jẹ́ ẹ̀jẹ̀ tí wọ́n ń mu èṣù.",Àwon ọlóògbò ni ilé àwón àgbágbóhún tó ṣe àtàbìíràn.,llama3.1_8b_abliterated_oneshot,yo_pseudollama_400,0.5137068629264832,-0.009667076170444489
yo,"Óòòò, ọlọ́run mi...àgbẹni akàn...kí nìdí tí o fi ní láti ṣe àgbáyé ìwà òmùgọ̀ rẹ...ṣe ohun tó o ṣe ní Biafra láìtanni jẹ...kí o má ṣe tanni jẹ.","Omo alára, baba mi...kó èyí ti wọn yálé, kí ni gbogbo ojú re l'ohun ti o se nle.",llama3.1_8b_abliterated_oneshot,yo_pseudollama_400,0.7779507040977478,0.5089589357376099
yo,"Ojú rẹ nìkan ló fi hàn mí bí ẹ ṣe burú tó àti bí ẹ ṣe ń fi ìsọdahoro ṣe nǹkan sí, ẹ ronú pìwà dà tàbí kí ẹ kú nítorí àwọn tó ń ṣe ẹ̀ṣẹ̀ yín, iná ọ̀run àpáàdì 🔥 ń dúró dè yín, ẹrú Fulani, ẹni tó pa bàbá yín kò lè nífẹ̀ẹ́ yín mọ́, ẹ jáwọ́ nínú dídi ẹ̀tàn ara yín àti ẹ̀gbọ́ yín","Baba ni mo gbogbo ojú mi fẹ̀hin si, ko ti mo fi owo re ṣiṣé ẹnu, ki o wa Ṣi ọmọ yin, ki nitori awọn tẹnse yin.",llama3.1_8b_abliterated_oneshot,yo_pseudollama_400,0.9013696908950806,0.2939879894256592
yo,": Dry joke"": :''') "": A girl sleeping pẹlu awọn oniwe-iṣakoso ti wa ni tun ṣe awọn oniwe-iṣakoso""""",E ni wùn wà ninu ọmọ aláṣẹ tó nífún àkúkálè.,llama3.1_8b_abliterated_oneshot,yo_pseudollama_400,0.4276839792728424,-0.02997392788529396
yo,"Ẹ̀yin ará, ẹ̀rù kò bà yín, ohun tí ọ̀pọ̀ àwọn ará àríwá kàn ń ṣe ni ẹ̀sìn tí wọ́n ń ṣe, ẹ̀kọ́ tí kò ní láárí, báwo ni àwọn aláìmọ̀wé tó wà níbẹ̀ ṣe máa rí èyí nígbà tí wọ́n kórìíra ẹ̀kọ́ àwọn ará ìhà ìwọ̀ oòrùn ayé, wọn ò sì lè ṣe nǹkan kan tó burú nínú ayé yìí.","Ọmọ̀rìṣé, ọjà kò fún yín. Àwon àrìwá ṣiṣẹ́ ọkàn pàtàkì jùlọ̀, ko le ṅfẹ́ èyítí wón Ṣe. Eko kò gba, ó ṇlé wọlé, àti àwon alaimo to wa ni bi awon ti o ṿo mú ẹka àwon ará iwa iworo aye.",llama3.1_8b_abliterated_oneshot,yo_pseudollama_400,0.8328256607055664,0.5305470824241638
yo,"p.h, abuja, ibadan, ìlú beini. àwọn ẹ̀yà,ogun,delta a mọ gbogbo ẹ̀yà náà. bí ó ti jẹ́ pé àwọn huasa/fulani ni wọ́n ń ṣe àdàkàdekè.","Ojú baba, Abújá, Ìbádàn, ilé beiní. Àwọn èyà olokó sí ibi tó dé ọmọ́, ogún, Delta àti àwón èyàn wòhùn. Bí ó ti ṅ jẹ pé àṣeyó oun pẹlu àwán àti Fulání.",llama3.1_8b_abliterated_oneshot,yo_pseudollama_400,0.908521294593811,0.5789363384246826
yo,"Mugu! nígbà táwọn Mùsùlùmí bá fún àwọn oníṣọ́ọ̀ṣì láṣẹ láti mú àwọn èèyàn wá tàbí kí wọ́n yí wọn padà láti jọ́sìn Ọlọ́run wọn, kí nìdí tí ìwọ Kristẹni kò fi fún àwọn oníṣọ́ọ̀ṣì láṣẹ láti fi Ìhìn Rere sí CD kí ó lè dé àwọn èèyàn.","Àwon Musulumi bi omo re gbohin si, oun ti máa fi awon onisosoosi lati mo awon eniyan wa ati ki won pa da lati joso Onilowo won, ki o ni di ti ifo Kristiani ko fi fun awon omo sisun CD ki o le de awon ẹnian.",llama3.1_8b_abliterated_oneshot,yo_pseudollama_400,0.8861786723136902,0.6386657357215881
yo,Kí ni ìyàtọ̀ tó wà láàárín ìwọ àti àwọn alágbára ìsìn alágbára tí kò gbà pé àwọn aṣáájú ìsìn wọn ló wà lára ìṣòro náà?,"Awon ẹni ti o ṣe èṣùpá àti awọn ọmọ àgbà, kan naa nìyàn lára àwón aṣiṣo àti àsoro?",llama3.1_8b_abliterated_oneshot,yo_pseudollama_400,0.9189512729644775,0.4149351119995117
yo,Bàbá rẹ òmùgọ̀.,Ó jẹ́ kí wọn gbogbo.,llama3.1_8b_abliterated_oneshot,yo_pseudollama_400,0.6956550478935242,0.2990151345729828
yo,Ó sàn kéèyàn kú gẹ́gẹ́ bí akọni nínú ìjà ìjọba àjùmọ̀lọ̀ ní Nàìjíríà ju kéèyàn máa gbé gẹ́gẹ́ bí òmùgọ̀ tó ti di ara ẹni tó ti kọ́ láìdáa bíi ti Itsai Sagey.,"Ẹnìkan tó wọn kú lé yí sí ẹkúnrin kéréédé èdèwàrà níná ajọ́bá àjúmòlé lóní Nàijiría, ó lè gbe lé yín sí ọmúgò tó ṣe pàtó wípé àrà ẹnìkan tí o ṅkán bókunrin tí kó láì dásó.",llama3.1_8b_abliterated_oneshot,yo_pseudollama_400,0.7635760307312012,0.46132391691207886
yo,"O jẹ alagbara, paapaa ni akoko lile yii, o tun ni idunnu pe awọn Northerners ni awọn ti o jọba orilẹ-ede abi? ko wahala, bi una tabi wan ko ni oye Boko Haram ati awọn olè lọ tẹsiwaju lati dey de pẹlu una alainilara, idio","Ojú àgbà, báwo nìkàn kí ó sílẹ̀ nípa àṣẹ kan, ó tó ṣe ènìyàn tí wón fi ẹmu fún ipò orílè-èdè. Ko ṣiṣé, àti òṣìṣè, bẹ́ẹ̀ni, àṅkán náà nìtẹ́ sí ènífèrí tó wà láti rírí àṥínílé.",llama3.1_8b_abliterated_oneshot,yo_pseudollama_400,0.8950534462928772,0.26699090003967285
yo,"Nítorí náà, àwọn olùṣọ́ àgùntàn Fulani tó ń pa àwọn èèyàn yìí yẹ kí wọ́n lọ sí Borno kí wọ́n sì kó àwọn ọmọ ogun Boko Haram jọ kí wọ́n lè dá àwọn arákùnrin wọn tó wà nígbèkùn sílẹ̀ dípò kí wọ́n ṣe àwọn aráàlú tí kò ní ẹ̀ṣẹ̀, tí wọ́n bá jí wọn gbé, tí wọ́n bá pa àwọn aráàlú tí kò ní ẹ̀ṣẹ̀ tí wọ́n sì ń pa run tí wọ́n sì ń gbé ìgbésí ayé wọn lọ́nà àlàáfíà.","Èyí ti wà pẹlu ọkùnrín Fulani ti ko fi omo ogun Kọkómárán kúrò sí ilé-nísín, ó ṣi ọjú orí àti Ṣùgbọ́mọ̀ kú àwón ọ̀run tó ṅbẹ́.",llama3.1_8b_abliterated_oneshot,yo_pseudollama_400,0.8616817593574524,0.3766108751296997
yo,Àwọn ọmọlẹ́yìn tí kò dára,Ojú ti kéré wón nìwo.,llama3.1_8b_abliterated_oneshot,yo_pseudollama_400,0.023483838886022568,-0.010719288140535355
yo,Daddy Freeze- Pupọ ninu awọn olorin Nollywood rẹ jẹ awọn aṣẹ́wó,Ojúkùnrinní ń ṣe ìdánilẹ́nu fun àwon olórin Nollywood.,llama3.1_8b_abliterated_oneshot,yo_pseudollama_400,0.06653892248868942,0.4944058656692505
yo,"O ṣeun pe o yẹ ki o ṣe atunṣe rẹ ki o ma ṣe ba a lora , jọwọ dákẹ́ !!!! Awọn obinrin ati awọn ọkunrin n sọrọ ni gbogbo ibi lodi si iwa-ipa-ipa-ipa-ipa-ipa-ipa-ipa-ipa-ipa-ipa-ipa-ipa-ipa-ipa-ipa-ipa-ipa-ipa-ipa-ipa-ipa-ipa-ipa-ipa-ipa-ipa-ipa-ipa-ipa-ipa-ipa-ipa-ipa-ipa-ipa-ipa-ipa-ipa-ipa-ipa-ipa-ipa-ipa-ipa-ipa-ipa-ipa-ipa-ipa-ipa-ipa-ipa-ipa-ipa-ipa-ipa-ipa-ipa-ipa-ipa-ipa-ipa-ipa-ipa-ipa-ipa-ipa-ipa-ipa-ipa-ipa-ipa-ipa-ipa-ipa-ipa-ipa-ipa-ipa-ipa-ipa-ipa-ipa-ipa-ipa-ipa-ipa-ipa-ipa-ipa-ipa-ipa-ipa-ipa-ipa-ipa-ipa-ipa-ipa-ipa-ipa-ipa-ipa-ipa-ipa-ipa-ipa-ipa-ipa-ipa-ipa-ipa-ipa-ipa-ipa-ipa-ipa-ipa-ipa-ipa-ipa-ipa-ipa-ipa-ipa-ipa-ipa-ipa-ipa-ipa-ipa-ipa-ipa-ipa-ipa-ipa-ipa-ipa-ipa-ipa-ipa-ipa-ipa-ipa-ipa-ipa-ipa-ipa-ipa-ipa-ipa-ipa-ipa-ipa-ipa-ipa-ipa-ipa-ipa-ipa-ipa-ipa-ipa-ipa-ipa-ipa-ipa-ipa-ipa-ipa-ipa-ipa-ipa-ipa-ipa-ipa-ipa-ipa-ipa-ipa-ipa-ipa-ipa-ipa-ipa-ipa-ipa-ipa-ipa-ipa-ipa-ipa-ipa-ipa-ipa-ipa-ipa-ipa-ipa-ipa-ipa-ipa-ipa-ipa-ipa-ipa-ipa-ipa-ipa-ipa-ipa-ipa-ipa-ipa-ipa-ipa-ipa-ipa-ipa-ipa-ipa-ipa-ipa-ipa-ipa-ipa-ipa-ipa-ipa-ipa-ipa-ipa-ipa-ipa-ipa-ipa-ipa-ipa-ipa-ipa-ipa-ipa-ipa-ipa-ipa-ipa-ipa-ipa-ipa-ipa-ipa-ipa-ipa-ipa-ipa-ipa-ipa-ipa-ipa-ipa-ipa-ipa-ipa-ipa-ipa-ipa-ipa-ipa-ipa-ipa-ipa-ipa-ipa-ipa-ipa-ipa-ipa-ipa-","Ẹni, àwon ọmọ orílẹ-ède wá ti máa ṣiṣẹ atunshé re, bẹ́ṣì ó ṅfẹ láti Ṣe ba á lo oríṣirisi.",llama3.1_8b_abliterated_oneshot,yo_pseudollama_400,0.9390833377838135,0.08150088042020798
yo,Bí obìnrin tí ọkùnrin mìíràn yàtọ̀ sí ọkọ rẹ bá rí àyà rẹ àti ẹsẹ̀ rẹ. mo sọ òtítọ́ fún ọ; ìwọ ni aṣẹ́wó pátápátá. ronú pìwà dà!,"Ojúrí ko l'ogunrin ti o le ṣe iru ẹgbẹ jẹ ọkan l'oko re, ẹnì wọn ko si ọmọ; ènìyàn ti aṣiwo kán.",llama3.1_8b_abliterated_oneshot,yo_pseudollama_400,0.7786537408828735,0.3897058069705963
yo,"Hmmmmmmm àwọn ará áfíríkà wà ní òde òní, ẹrú, ẹrù àtijọ́ tí kò dára, kò sí ohun tó dára fún un, jọ̀wọ́ 🙏🙏 tẹ̀ lé mi mo máa ń tẹ̀ lé ọ̀nà tó ń lọ","Baba/béèni, èmi owo ree ni ó wo nìwon, ère ọlọrun ṣe oṣoṣe, ènìyàn ti ko gba e, ko si ohun ti yio mu fun wa, johun tete mi mo ma nte le omo na.",llama3.1_8b_abliterated_oneshot,yo_pseudollama_400,0.9524701833724976,0.40325263142585754
yo,Omo wo ọrọ ti ko wulo. Qurix gba awọn ìkọlù lori ìkọlù o nitori ti odun naa admission lile kú. Nobe ani bayi a dey wo kekere admission fun guusu kaduna??? bastard gba ero pe eniyan Bigot,Omo ọfẹ ko gbogbo. Eni to ṣe ìwé ló àkọ́kọ̀ rí sí iṣẹ̀dá pàtáko ti ojo tò fún owu. Nibe ki ṅbá ṣiṣe fun ọmọ ọkan.,llama3.1_8b_abliterated_oneshot,yo_pseudollama_400,0.942717969417572,0.2753765285015106
yo,"Láti inú ìdáhùn tí mo rí látọ̀dọ̀ àwọn kan, ó ṣe kedere pé àwọn yóò lo gbogbo ọjọ́ ayé wọn ní kígbe ""Mo gbà á ní orúkọ Jésù"" máa dúró de owó ìyanu, àwọn ọ̀dọ́ ọmọ Nàìjíríà tó jẹ́ aláìníjàánu","Ko lese ibi ti awon kan fi ri, ki o wo gba oruko Jesu, ko s'owo itan.",llama3.1_8b_abliterated_oneshot,yo_pseudollama_400,0.9559715390205383,0.3979494571685791
yo,"Àwọn èèyàn máa ń ní ìbàjẹ́, wọ́n sì máa ń ní ìbàjẹ́.","Ọmọ ogun àwon ti won nínú, ó ṣe ṅ t'òde.",llama3.1_8b_abliterated_oneshot,yo_pseudollama_400,0.8170874118804932,0.16814787685871124
yo,Ọ̀rọ̀ ṣì ń lọ lọ́kàn mi...,Ojú mi ó ṣi ń wà lókàn.,llama3.1_8b_abliterated_oneshot,yo_pseudollama_400,0.7807618379592896,0.6385046243667603
yo,Kò sí ìṣòro kankan fún àwọn obìnrin yìí ...,Ogun wo n be omo aye ti ó ṣe èṣùn.,llama3.1_8b_abliterated_oneshot,yo_pseudollama_400,0.8839526176452637,0.08301644772291183
yo,"Ojo meji sẹyin ni ijamba kan ṣẹlẹ, eniyan marun lo ku. ""Channel tv. "" O wa bi obinrin Yorùbá kan bi ọpọlọpọ eniyan ti ku, obinrin yeye sọ pe eniyan mẹrin nikan ni o ku pẹlu Aboki kan.😀😀😀😀😀.","Ojo mi je ka jaye ninu ibi toju, oni kuro si Channel TV. Aṣo gbogbo awọn ọmọ omo Yorúa, ko si fi ẹnigiyan lati mo pada.",llama3.1_8b_abliterated_oneshot,yo_pseudollama_400,0.756092369556427,0.2678203582763672
yo,Àwọn kan tó wà lábẹ́ ipò òṣì gidi ń gbọ́ pé àwọn ń gbèjà àwọn tó ń ṣàkóso ilẹ̀ ọba.,Ènìyàn tó nínú àgbéẹlẹ̀ ń bẹrí pé ènìwáán ni ń jẹ́ olùdásílẹ̀ ilẹ.,llama3.1_8b_abliterated_oneshot,yo_pseudollama_400,0.9553083181381226,0.5086334943771362
yo,Ayé yìí kì í ṣe ohun kan ju irọ́ ẹwà lọ,"Omo, èyí tí wón ṣiṣẹ ohun kàn nínú àgbènrin.",llama3.1_8b_abliterated_oneshot,yo_pseudollama_400,0.7453629374504089,0.10647998750209808
yo,"Àwọn èèyàn tó ń ṣe ìkà ni àwọn ọmọ ogun ìjọba ìbílẹ̀ tó ń gbé ní Ìwọ̀ Oòrùn ayé, tí wọ́n fi àwọn ìfinilára tó ń mú kí nǹkan sú Írán, tí wọ́n sì ń retí pé kí àbájáde àbáyọ àgbáyé nípa ohun tó ń ṣẹlẹ̀ nídìí àgbáyé yìí kúnnú ayé.","Awon ènìyàn ti o ṣiṣẹ́ ika ni awon ọ̀run wà wón gbé ni Ìwole Orún, wón fi ifin iranra t'ori kii kan si Ilé, w'on si ri pe ki abajade abiaye nipá ohun ti o si siselé ni agbayé yi.",llama3.1_8b_abliterated_oneshot,yo_pseudollama_400,0.9581423401832581,0.5509200692176819
yo,Olosho,E ka juba.,llama3.1_8b_abliterated_oneshot,yo_pseudollama_400,0.6572845578193665,0.21918971836566925
yo,"Àwọn ará Ásíà yóò fi ìgboyà sọ fún yín pé wọn kì í ṣe ẹ̀yàyàyà, àmọ́ àwọn ni ẹ̀yàyàyàyàyàyà tó léwu jù lọ tí mo ti rí.",Wón fi èsì àkó si pé wón kò gbogbo.,llama3.1_8b_abliterated_oneshot,yo_pseudollama_400,0.596119225025177,0.15620607137680054
yo,"Nígbà tí àwọn baba rẹ ń jìyà, Nàìjíríà wà ní ìlera tó dáa, ìwọ sì ń jìyà, o jẹ́ àjèjì tó ní irun orí tó wúwo.","Ojú omi yíò tó máa ń wúlò, Àwọn ènìyàn ti àwùnlába déhùn ni ibi ti Àpapọ̀ wa nì òde.",llama3.1_8b_abliterated_oneshot,yo_pseudollama_400,0.7264916896820068,0.21709860861301422
yo,"gbogbo yín ni ohun kan náà. àwọn olùbẹ̀ẹ́ fún ìṣọ̀kan tí kò lè jẹun ara wọn. àwọn kòkòrò tó gbẹ́kẹ̀ lé gúúsù níjíríà láti wà láàyè. ọdún 2023 ni àkókò tó ṣe pàtàkì jù lọ, a ó tún àtúnṣe ṣe tàbí a ó tú ká. a ti rẹ́ láti wà pẹ̀lú yín, ẹ̀yin ará àríwá. ẹ ṣe bíi ti àwọn ọkùnrin, ẹ lọ lọ.","Ojú àwùn yín o, ènìyàn to múra àwa ńfẹ dídára, èyin omo àgbà ti ko le ṣiṣẹ́ bẹ́ẹni, àwón ọmọ̀ nílẹ̀ s'ọsọ́, ó wo sí ibi tí aṣa wà, 2022/23 ni awọn àṣé àkòkó tó pa ṅkan, a ba ti ṛe àkọ́kọ̀ àṅ",llama3.1_8b_abliterated_oneshot,yo_pseudollama_400,0.3454910218715668,0.5458340644836426
yo,Àwọn àgbàlagbà àríwá tí kò mọ nǹkan kan,"Ojú ti ènìyàn ló wùnlè sí, ó tó dáhùn pé àti ńlá.",llama3.1_8b_abliterated_oneshot,yo_pseudollama_400,0.4437052309513092,-0.0034385379403829575
yo,"O wá sọ̀rọ̀ nípa bí ẹ ṣe ń ṣe àdàkàdekè, bí ẹ ṣe ń ṣe àdàkàdekè.","Awo ni ti wón fi èṣùn ń wà sí iye àgbéé, ó ṣiṣẹ́.",llama3.1_8b_abliterated_oneshot,yo_pseudollama_400,0.3984544277191162,0.2672594487667084
yo,àwọn òǹkàwé tó ń ṣe àwọn nǹkan tó ń mú kí ìṣèlú máa gbòòrò sí i ló ń ṣe àwọn nǹkan tó ń mú kí ìṣèlú máa gbòòrò sí i.,"Ẹni to ba ṣiṣẹ́ àwùn wá, ó ṅkán wón ní ilé èdè jẹ́kún.",llama3.1_8b_abliterated_oneshot,yo_pseudollama_400,0.9174405932426453,0.21429899334907532
yo,"Àwọn ọmọ Uganda ti tẹ́ àwọn ọmọdé Soro Soke tí wọ́n ń pè ní ""Awọn tí kò ní ìtumọ̀"" lójú 😂😂😂 Ìjọba tí kò ní láárí yẹn ni wọ́n pè láti gbà wọ́n là.",Wọn Ọmọ omo Uganda ti gbohin to n pa omode soro soke. Ojo ibi ti won fi gba won la.,llama3.1_8b_abliterated_oneshot,yo_pseudollama_400,0.7229900360107422,0.4575502872467041
yo,Láti rí àwọn èèyàn kan ní gúúsù ìwọ̀ oòrùn tí ń ṣọ̀wọ́n fún àwọn alátakò Fulani yìí kò ju pé ó ń ṣe ìtìjú lọ.,Èyin won ni ibi ti awon oniṣẹ́lẹ̀ ni ko si ipa fun awon Fulani yi.,llama3.1_8b_abliterated_oneshot,yo_pseudollama_400,0.6745496988296509,0.568395733833313
yo,"Mo kàn dà bíi pé mi ò lè lóye ìdí tí àwọn èèyàn bíi tìẹ fi fẹ́ kí wọ́n fi ẹ̀ṣẹ̀ wọn ṣe ẹrú láti ìran dé ìran, kí wọ́n sì dara pọ̀ mọ́ ọn láti mú un, baba. omo ale yorùbá epe((gún) baale aole ni ó ń ja-ja (ja) ọ. ọmọbìnrin tó dára, ọpọlọ tí kò dára.","Awo ni o ti kuku gbe omode ree fun awon alaye, ki o lehinwon fi ifi feso si won se eru laarin, ki won si daara mo nitori re, Baba.",llama3.1_8b_abliterated_oneshot,yo_pseudollama_400,0.8886240124702454,0.2916615605354309
yo,"O ṣì wà níbí, ọmọ ọmọ ọmọ ńlá?",Ẹ ni tí aṣe kò ló àbálé?,llama3.1_8b_abliterated_oneshot,yo_pseudollama_400,0.9029818177223206,0.40343087911605835
yo,"Gbogbo wa la máa ń ṣe àdàkàdekè, gbogbo wa la máa ń ṣe ohun tó dùn wá, àmọ́ ẹ jẹ́ kí ìbànújẹ́ yẹn jó.","Oṣèré mi o, è sán ni ìyáwa láti ṣiṣẹ̀ àdìjà, èsì ti o ṅ dín sí iṣé àgbọ́nrin, ó fẹ́ràn pẹ̀lú ènìyàn.",llama3.1_8b_abliterated_oneshot,yo_pseudollama_400,0.9112130999565125,0.17661091685295105
yo,"Ìgbéyàwó àwọn ọkùnrin tí wọ́n bá ń bára wọn lòpọ̀ jẹ́ ìbálòpọ̀, ibi tí wọ́n sì ń gbé ni Ọ̀run Àpáàdì. Ó jẹ́ ti sátánì àti ti kò sí ní ilẹ̀ Áfíríkà. Ó wulẹ̀ jẹ́ ti sátánì.","Àwon ará ènìyàn tó wà lára wón, wón fi hàn ohun to wón ṣe ni ojú orí ẹni, ó ṣiṣẹ́ pẹ̀lú orísun yìí. Wón kò gba àtúnṣe fún orísún Áfíkàrì.",llama3.1_8b_abliterated_oneshot,yo_pseudollama_400,0.9228762984275818,0.3614450693130493
yo,"Shebi, àwọn ará gúúsù ni àwọn almajiris tí ń bẹ̀bẹ̀ ní gbogbo ibi ayé, tí wọ́n ń mú àwọn alábùwàdà kékeré jáde níbi gbogbo tí wọ́n ti lọ.","Óun sì, ènìyàn òkèèrè tó báyìí jùlọ nì, wón ṣe àgbeyo kan pẹ̀lẹ́ ni ibi aye, wò n máa ṣiṣẹ́ lójú ọmọ ọba.",llama3.1_8b_abliterated_oneshot,yo_pseudollama_400,0.6477305293083191,0.3921036720275879
yo,"Mo gbẹ́kẹ̀ lé àwọn èèyàn ní ìpínlẹ̀ yìí, wọn ò ní fara da irú ẹ̀rọ̀ yìí, wọn ò ní jẹ́ kí ẹ̀rù bà wọ́n, wọn ò ní jẹ́ kí ẹ̀rù bà wọ́n, wọn ò ní jẹ́ kí ẹ̀rù bà wọ́n, wọn ò ní jẹ́ kí ẹ̀rù bà wọ́n, wọn ò ní jẹ́ kí ẹ̀rù bà wọ́n, wọn ò ní jẹ́ kí ẹ̀rù bà wọ́n, wọn ò ní jẹ́ kí ẹ̀rù bà wọ́n.","Ó ṣe pé àwön tí wón tó sìn ìwé yìín, wón kò ló fá ìdá ẹrọ yìi, wión kò bá ń fẹ́ ibi wón, wion kò ń jẹ kí éru wón.",llama3.1_8b_abliterated_oneshot,yo_pseudollama_400,0.7358555793762207,0.5287590622901917
yo,"Ó yẹ kí ọkùnrin àti obìnrin máa rẹ́rìn-ín pa pọ̀, kò sì yẹ kí ọkùnrin máa rẹ́rìn-ín pa pọ̀ pẹ̀lú àwọn obìnrin yìí.","Ó wà pé ènìyàn méjì ti ó mú òfin kan, àwa sí wón.",llama3.1_8b_abliterated_oneshot,yo_pseudollama_400,0.8481252789497375,0.2020513415336609
yo,Wo bí àwọn olùṣọ́ àgùntàn fulani ṣe ń sọ̀rọ̀ nípa àwọn apániláyà,Ó ṣiṣẹ́ èkúnrèsí sí wón nínú ìṣòró.,llama3.1_8b_abliterated_oneshot,yo_pseudollama_400,0.5999531149864197,-0.06347867101430893
yo,"O ti rí owó tó o ń rí gbà nípa fífi àwọn ọmọ ogun Arewa BMC Gang abi mu, ìyẹn ni ohun tó o tún fẹ́ràn láti máa fi sínú ẹnu rẹ.","Ee kò sí wón tó pèsè tó mú àwón ọkùnrin Arewá lópé ènìyàn, ó bá ṣe àwùnlè láti ṅ ṇkan ṃu.",llama3.1_8b_abliterated_oneshot,yo_pseudollama_400,0.672118067741394,0.10845208168029785
yo,Báwo ni ọkùnrin kan tó ń jẹ́ Hausa ṣe máa túmọ̀ èdè Gẹ̀ẹ́sì sí àwọn tó ní èdè náà? Ta ló yẹ kó sọ pé ìwà ìpániláyà dára?,Óṣè láti Ìjẹ̀bú tó fún ènìyàn kan ti wón ń gbogbo èdé ènítò sí ilé nípa èniti ó nì.,llama3.1_8b_abliterated_oneshot,yo_pseudollama_400,0.9278486371040344,0.29053282737731934
yo,Mo rí àwọn òmùgọ̀ kan láti apá kan orílẹ̀-èdè tí kò ní nǹkan kan láti fi fúnni tí wọ́n ń wá ọ̀nà láti sọ gbogbo apá ibì kan di ibi tí kò dára.,Mo rín ó lórí àgbéédé wón tó pèsè síbákanrí ènìyàn tó wà lásán átijùn sí àwon ibi ti kò mú kúrùkú.,llama3.1_8b_abliterated_oneshot,yo_pseudollama_400,0.3009706139564514,0.49574607610702515
yo,"Wallahi ti o ba ti o bá a ṣe deede lesbian &amp; apos; s &amp; apos; &amp; apos; homosexuals 2 ẹranko dabi ẹlẹdẹ ki o si o r ko ni to 2 ẹranko, ani awọn ẹranko ko ni ifẹ 4 kanna ibalopo!","Oluwa ni mo fi okunkunrin ati obinrin tó n pèéjú, ó wà pé ékùnrin àti èyín olori gbogbo.",llama3.1_8b_abliterated_oneshot,yo_pseudollama_400,0.5983361601829529,0.2877320647239685
yo,"Hausas, àwọn tó ń pín àpò àjàrà fún orílẹ̀-èdè, àwọn tó ń ṣe ìpániláyà àti àwọn tó ń ṣe ẹrú fún àwọn èèyàn wọn","Omo oba, àwon ti nse ọba fun awon ẹni, ti npe awon iṣẹle ati ti nfi ewe fun awọn ẹnì.",llama3.1_8b_abliterated_oneshot,yo_pseudollama_400,0.8788917064666748,0.45048999786376953
yo,"Hey yi wa Edo arabinrin lọ pa wa laslas... gidigidi aibalẹ eniyan😂😂😂😂😂ṣe wa ko lọ gorimapa, Rachel n Diana ara .. Chia yi akoko ko ni seoning fun wa o .. Edo si aye!","Oriki Edo, arabinrun l'ori re, awọn ẹniti ti a ṣe ko ṣiṣẹ gbohan fun wa.",llama3.1_8b_abliterated_oneshot,yo_pseudollama_400,0.7671352028846741,0.2542908191680908
yo,Ọ̀nà kan ṣoṣo láti ṣẹ́gun àwọn ẹṣin Trojans yìí láti inú ẹgbẹ́ òṣèlú Sahel àti fulani janjaweed wahabist ni pé kí wọ́n...,Awa lo mo pe owo re l'afọkanṣe lati se ifọrọ si awon ololofin ni ilẹ Afrika.,llama3.1_8b_abliterated_oneshot,yo_pseudollama_400,0.8403197526931763,0.19987677037715912
yo,Èyí túmọ̀ sí pé ọkùnrin yẹn kì í ṣe Abba Kyari.,Okè sì ń ṣiṣẹ́ l'óṣèlú yẹn.,llama3.1_8b_abliterated_oneshot,yo_pseudollama_400,0.7227768898010254,0.16069425642490387
yo,"O ò ní ní láti máa ronú nípa bóyá o jẹ́ òpùrọ́ tàbí kò ní jẹ́, o jẹ́ òǹrorò kan tó ń ṣeré bí àpáta.",Ènìyàn nára wá l'èrè tó gba óun rónú fún ipa re.,llama3.1_8b_abliterated_oneshot,yo_pseudollama_400,0.9528660774230957,0.14298886060714722
yo,Ojú ẹ̀ ń rí mi gan-an 😭😂😭💔 Buhari yìí máa ń sọ̀rọ̀ nípa àwọn ará Hausa láti máa sọ̀rọ̀ nípa Tunde Bakara láti máa sọ̀rọ̀ nípa àwọn ará Nigeria láti máa sọ̀rọ̀ nípa àwọn ará Biafra LINK,Ojó ẹṣè ṣe nínú ètò mi. Buharin naa ṣiṣẹ́ sí wà pé aṣoju àwon Hausa lórí àṣe Tunde Bakerá lóró àwon omo ilẹ̀ Nàìjíríà lórú àwon ọmọ Biafrá.,llama3.1_8b_abliterated_oneshot,yo_pseudollama_400,0.9073008894920349,0.575637936592102
yo,"Ọ̀dọ́bìnrin tó rẹwà ló máa ń rí ẹ̀yìn ẹni tó ń ṣe ohun tí kò tọ́ sí i, tó sì ń mú kó lágbára.","Oṣèré yíì ni ó fẹ́ràn pọjú, ó wón nífẹ́ sí àkókó.",llama3.1_8b_abliterated_oneshot,yo_pseudollama_400,0.3442813754081726,0.21727553009986877
yo,"Ó sọ pé àwọn àpapọ̀ tó ń lọ sí àríwá láti lọ ṣèbò lè dúró lẹ́yìn tí wọ́n ti ń lọ ṣèbò, kí wọ́n sì gbádùn ohun tí wọ́n bá fẹ́ gbádùn, ó máa dára gan-an, ṣùgbọ́n àwọn èèyàn ń lò wọ́n fún ìbò.","Wón ṅ jẹ́ ọkàn pàtó yíò ló ṥi pẹlu àwọlé, éyí tó ḏó sí nǹkan tó yìí, ḿáa dé déhún kan, ọmọ́ rí oṣé.",llama3.1_8b_abliterated_oneshot,yo_pseudollama_400,0.4386714994907379,0.07844498753547668
yo,"Nígbà tí wọ́n bá ń bá àwọn èèyàn ṣọ̀rẹ́, àwọn ọmọkùnrin Yorùbá kò dára, àwọn ọmọkùnrin Igbo sì máa ń ṣe dáadáa títí di ìgbà tí wọ́n bá ń bára wọn ṣọ̀rẹ́   Ronke Tiamiyu tó jẹ́ ayaba ìgbàanì ló sọ ohun tó ń ṣẹlẹ̀.","Ní gbà tí ẹgbónà rí, ọna àṣẹ ni wà pé ọ̀rọ̀ mọkúnrín láti ṥọ̀lé sí i.",llama3.1_8b_abliterated_oneshot,yo_pseudollama_400,0.3215674161911011,-0.03778085112571716
yo,"Ó jẹ́ ọ̀lẹ́, ó sì ń ṣe ẹ̀gàn, ó jẹ́ ọmọ ọ̀lẹ́, ó sì jẹ́ èyí, ó sì jẹ́ èyí, àmọ́ ṣé o ti jáde pẹ̀lú rẹ̀?","Ojú ń rí, ẹni tò ń lẹ, kí ń tẹ́rí, ènìyàn tó ṅdé.",llama3.1_8b_abliterated_oneshot,yo_pseudollama_400,0.7537333965301514,0.2882326543331146
yo,"Owó kò lè mú kí obìnrin kan dára, o kàn ń ṣe àgbèrè... o ní láti gbádùn ọ̀run rẹ lórí ilẹ̀ ayé o","Awon ènìyàn kan wón ní mú ẹni t'oba ń dàra, wón sínú iṣẹ́.",llama3.1_8b_abliterated_oneshot,yo_pseudollama_400,0.8778460025787354,0.1940082162618637
yo,Ẹ̀sìn tí kò ní láárí,"Ojú ẹ l'ọkàn, èyí ti wón fi òròhùn.",llama3.1_8b_abliterated_oneshot,yo_pseudollama_400,0.4450506269931793,-0.007878856733441353
yo,"Ṣé o ti ba mi jẹ́... látìgbà tí o ti ń gbá Don mọ́ra, o ti rán mi lọ sílé.",O ṣe ti èṣù oun soro mọ̀ pé ẹni ti o ti wón sínú.,llama3.1_8b_abliterated_oneshot,yo_pseudollama_400,0.8031458854675293,0.08201666176319122
yo,"Ní báyìí tí àwọn ọmọ ogun Fulani tó ń ṣekú pa yín wà ní gúúsù, tí wọ́n ń lépa àwọn ọmọdé aláìmọ́milọ́rùn, àwọn obìnrin, tí wọ́n sì ń jí àwọn míì lọ nítorí ìpakúpa.",Ó wà pẹ̀lú èyí ni ó ṣiṣẹ́ fún àwón ọna òṣèlé.,llama3.1_8b_abliterated_oneshot,yo_pseudollama_400,0.8480478525161743,0.03765789046883583
yo,Owó owó owó ẹ̀yìn wo'losho,Orí ènìyàn wà yíò sí àwon ọmọ.,llama3.1_8b_abliterated_oneshot,yo_pseudollama_400,0.791273832321167,0.06362568587064743
yo,Kó o mọ bí wàá ṣe kọ́ ọ̀rọ̀ tó dáa kí ọkùnrin kan tó lè sọ ọ́.,Ojú rere ni wón fi ṣiṣẹ lóóti ọmọ mi ti ko ṇlá àwọn ènìyàn.,llama3.1_8b_abliterated_oneshot,yo_pseudollama_400,0.6849640607833862,0.24686694145202637
yo,"Ẹ̀gàn yìí tún tún ń ṣe eré ẹ̀bi, kí ló dé tí Jonathan ò fi ṣe é ní ìgbà yìí, ẹ̀yẹ ewúrẹ́ sàn ju Adesina lọ, nítorí pé ó ń ṣe àwọn Kristẹni àti àwọn Mùsùlùmí ní àfiyèsí sí ọ̀ràn yìí.","Ó ṣiṣẹ́ ènìyàn ti ó ṥi gbogbo ènèè ni, wón ṅkàkùnrin ńfẹ, àwón Kristẹini àti Àmùsulimi, èdè ènínì.",llama3.1_8b_abliterated_oneshot,yo_pseudollama_400,0.8418919444084167,0.3344442844390869
yo,O ṣe akiyesi pe awọn eniyan ti o ni imọran ti o ni imọran ti o ni imọran ti o ni imọran ti o ni imọran ti o ni imọran ti o ni imọran ti o ni imọran ti o ni imọran ti o ni imọran ti o ni imọran ti o ni imọran ti o ni imọran ti o ni imọran ti o ni imọran ti o ni imọran ti o ni imọran ti o ni imọran ti o ni imọran ti o ni imọran ti o ni imọran ti o ni imọran ti o ni imọran ti o ni imọran ti o ni imọran ti o ni imọran ti o ni imọran ti o ni imọran ti o ni imọran ti o ni imọran ti o ni imọran ti o ni imọran ti o ni imọran ti o ni imọran ti o ni imọran ti o ni imọran ti o ni imọran ti o ni imọran ti o ni imọran ti o ni imọran ti o ni imọran ti o ni imọran ti o ni imọran ti o ni imọran ti o ni imọran ti o ni imọran ti o ni imọran ti o ni imọran ti o ni imọran ti o ni imọran ti o ni imọran ti o ni imọran ti o ni imọran ti o ni imọran ti o ni imọran ti o ni imọran ti o ni imọran ti o ni imọran ti o ni imọran ti o ni imọran ti o ni imọran ti o ni imọran ti o ni imọran ti o ni imọran ti o ni imọran ti o ni imọran ti o ni imọran ti o ni imọran ti o ni imọran ti o ni imọran ti o ni imọran ti o ni imọran ti o ni imọran.,"Ẹni aṣẹ t'ẹnu, baba ńlọwọ ohun ti ọmọran.",llama3.1_8b_abliterated_oneshot,yo_pseudollama_400,0.6772744059562683,-0.1668371707201004
yo,"Ìdáhùn náà rọrùn gan - an. Ẹ ṣe tán láti ran àwọn ará Igbo lọ́wọ́ láti mú kí Biafra padà wá, kí àlàáfíà lè padà sí àgbègbè náà.","Oṣé bẹ̀rì nípa àkúnlè tó ṅkan nṣo wá. Nítorí èyí, ẹ ni gbà ó lòhun wá sí iṣẹ́ yìí.",llama3.1_8b_abliterated_oneshot,yo_pseudollama_400,0.8078964948654175,0.11616923660039902
yo,"Àwọn ọmọ ìlú Lagos ni àwọn ọ̀daràn, àwọn Staphylococcuserus nìkan ni kòkòrò tó ń tà àwọn oògùn aṣẹ́wó sí àwọn aláìmọ̀.","Ènìyàn ti ó ṣe ètò ni Ìpínlẹ́ Ọ̀rọ̀ láti ọjọ́ àgbènrín, ènì yẹn sọ àwọ́n sí àròkù àti èdè fún àwón ọ̀rẹ.",llama3.1_8b_abliterated_oneshot,yo_pseudollama_400,0.9178226590156555,0.19875869154930115
yo,"Àwọn ọkùnrin, obìnrin yín fẹ́ rí i pé ẹ kì í bẹ̀rù ẹ̀yin, ẹ̀yin sì ń ṣe ohun tó ń múni láṣẹ.","Awọn ẹninrin, Ọbīnrín yín ṅ lòhun, èyin ṇ kúnlé lóni sí.",llama3.1_8b_abliterated_oneshot,yo_pseudollama_400,0.03926367685198784,0.3759351968765259
yo,Loolzs... ìwà rẹ ń rú ẹ́ lójú!,Ara òun ṣe èṣù nìyí?,llama3.1_8b_abliterated_oneshot,yo_pseudollama_400,0.9295737147331238,0.10863947868347168
yo,"Mo máa ń fi ìgbéraga sọ̀rọ̀ Hausa Fulani... tí mo bá gbọ́ tí ẹnì kan bá ń sọ Hausa yìí... mo búra pé màá máa dá ilé mi lẹ́kọ̀ọ́ láìní bá ẹnikẹ́ni ṣe nǹkan sí... mi ò ní òmùgọ̀, mi ò ní òmùgọ̀ tàbí òmùgọ̀... ẹ jẹ́ ká lọ LINK","Ojú àti ènìyàn méjèèjì, ṣiṣẹ́ ni yín ni?",llama3.1_8b_abliterated_oneshot,yo_pseudollama_400,0.9094592928886414,0.15320222079753876
yo,"OBASANJO jẹ baba, ẹ̀mí ẹ̀mí ẹ̀mí ẹ̀mí ẹ̀mí ẹ̀mí ẹ̀mí ẹ̀mí ẹ̀mí ẹ̀mí ẹ̀mí ẹ̀mí ẹ̀mí ẹ̀mí ẹ̀mí ẹ̀mí ẹ̀mí ẹ̀mí ẹ̀mí ẹ̀mí ẹ̀mí ẹ̀mí ẹ̀mí ẹ̀mí ẹ̀mí ẹ̀mí ẹ̀mí ẹ̀mí ẹ̀mí ẹ̀mí ẹ̀mí ẹ̀mí ẹ̀mí ẹ̀mí ẹ̀mí ẹ̀mí ẹ̀mí ẹ̀mí ẹ̀mí ẹ̀mí ẹ̀mí ẹ̀mí ẹ̀mí ẹ̀mí ẹ̀mí ẹ̀mí ẹ̀mí ẹ̀mí ẹ̀mí ẹ̀mí ẹ̀mí ẹ̀mí ẹ̀mí ẹ̀mí ẹ̀mí ẹ̀mí ẹ̀mí ẹ̀mí ẹ̀mí ẹ̀mí ẹ̀mí ẹ̀mí ẹ̀mí ẹ̀mí ẹ̀mí ẹ̀mí ẹ̀mí ẹ̀mí ẹ̀mí ẹ̀mí ẹ̀mí ẹ̀mí ẹ̀mí ẹ̀mí ẹ̀mí ẹ̀mí ẹ̀mí ẹ̀mí ẹ̀mí ẹ̀mí ẹ̀mí ẹ̀mí ẹ̀mí ẹ̀mí ẹ̀mí ẹ̀mí ẹ̀mí ẹ̀mí ẹ̀mí ẹ̀mí ẹ̀mí ẹ̀mí ẹ̀mí ẹ̀mí ẹ̀mí ẹ̀mí ẹ̀mí ẹ̀mí ẹ̀mí ẹ̀mí ẹ̀mí ẹ̀mí ẹ̀mí ẹ̀mí ẹ̀mí ẹ̀mí ẹ̀mí ẹ̀mí ẹ̀mí ẹ̀mí ẹ̀mí ẹ̀mí ẹ̀mí ẹ̀mí ẹ̀mí ẹ̀mí ẹ̀mí ẹ̀mí ẹ̀mí ẹ̀mí ẹ̀mí ẹ̀mí ẹ̀mí ẹ̀mí ẹ̀mí ẹ̀mí ẹ̀mí ẹ̀mí ẹ̀mí ẹ̀mí ẹ̀mí ẹ̀mí ẹ̀mí ẹ̀mí ẹ̀mí ẹ̀mí ẹ̀mí ẹ̀mí ẹ̀mí ẹ̀mí ẹ̀mí ẹ̀mí ẹ̀mí ẹ̀mí ẹ̀mí ẹ̀mí ẹ̀mí ẹ̀mí ẹ̀mí ẹ̀mí ẹ̀mí ẹ̀mí ẹ̀mí ẹ̀mí ẹ̀mí ẹ̀mí ẹ̀mí ẹ̀mí ẹ̀mí ẹ̀mí ẹ̀mí ẹ̀mí ẹ̀mí ẹ̀mí ẹ̀mí ẹ̀mí ẹ̀mí ẹ̀mí ẹ̀mí ẹ̀mí ẹ̀mí ẹ̀mí ẹ̀mí ẹ̀mí ẹ̀mí ẹ̀mí ẹ̀mí ẹ̀mí ẹ̀mí ẹ̀mí ẹ̀mí ẹ̀mí ẹ̀mí ẹ̀mí ẹ̀mí ẹ̀mí ẹ̀mí ẹ̀mí ẹ̀mí ẹ̀mí ẹ̀mí ẹ̀mí ẹ̀mí ẹ̀mí ẹ̀mí ẹ̀mí ẹ̀mí",Obásánjó ti gbogbo.,llama3.1_8b_abliterated_oneshot,yo_pseudollama_400,0.10634281486272812,0.09448931366205215
yo,"Ọkùnrin kan tí kò mọ ohun tó ń ṣe fún un ni , torí pé ó mọ̀ pé ó máa ń ṣe ohun tó wù ú","Awo nikan ti o fi ohun re to di iṣẹ fun e ni, ko se pe o maṣe.",llama3.1_8b_abliterated_oneshot,yo_pseudollama_400,0.6244136691093445,0.41568392515182495
yo,"Àwọn Igbo àti Yoruba wọ̀nyẹn jẹ́ àárè ọkàn, wọ́n kórìíra wa nítorí pé a ń ṣàkóso orílẹ̀-èdè náà ",Wọ́nn t'igbò àti òrìṣà Yorùbá nitori èdè yorùba.,llama3.1_8b_abliterated_oneshot,yo_pseudollama_400,0.8729458451271057,0.5647279620170593
yo,"Obinrin ọlọgbọ́n jù lọ ló máa ń di mumu nígbà tó bá ń ní ìfẹ́. """"""""","Ee fi owo re se oruko si èyí, ko le gbo mumi kan ni.",llama3.1_8b_abliterated_oneshot,yo_pseudollama_400,0.9443037509918213,-0.03888086602091789
yo,"Kò sídìí láti sọ ọ̀rọ̀ kan fáwọn ọlọ́gbọ́n, àwọn arìndìn ló nílò ìmọ̀ràn"".",Wón sọ àṣẹ láti ṣe àkó àwùjọ rí òṣèlú.,llama3.1_8b_abliterated_oneshot,yo_pseudollama_400,0.8069202899932861,0.15855222940444946
yo,"Láìka gbogbo èyí sí, àwọn ará àríwá, lẹ́yìn tí wọ́n ti fún wọn ní $500, ṣì máa ta àwọn àbò wọn.","Ojú Ọlọ́run tó wón n ṣiṣẹ, ẹni to wà lára ń lè jẹ́, kí wón ṅ dúró nípa $500.",llama3.1_8b_abliterated_oneshot,yo_pseudollama_400,0.9530960321426392,0.4800979495048523
yo,"Kò yà mí lẹ́nu, àwọn òmùgọ̀ ará àríwá yìí ló ń bá àwọn ará àríwá ṣọ̀rẹ́.","Oun kò sí wípé ènìyàn tí wón ni rí í, àwon ọlọ́run nínú ẹni ń gba àwon.",llama3.1_8b_abliterated_oneshot,yo_pseudollama_400,0.9186700582504272,0.23970645666122437
yo,"Àìmọ́, ó ti di pé àwọn ọmọ ogun náà ti ń gbé nílùú náà, ó sì ti di pé àwọn ọmọ ogun náà ti ń gbé nílùú náà.","Ṣe òhun ti o ṣe lẹhin ti wón wá sí ilé wọn, ó ṣi ti wó n kálède.",llama3.1_8b_abliterated_oneshot,yo_pseudollama_400,0.919636607170105,0.11087195575237274
yo,"O ṣeun fún ọ pé o fẹ́ràn Mali ju bó ṣe yẹ lọ, kí nìdí tí àwọn Fulanis fi ń pa àwọn èèyàn ní Nàìjíríà?",O ḿo fún wọn pé wọn fi ǹpa àwón ènìyàn ni Nàijiria.,llama3.1_8b_abliterated_oneshot,yo_pseudollama_400,0.9032938480377197,0.31947213411331177
yo,"ṣé Buhari ń bá ìwà ìbàjẹ́ jà? àwọn míì tó wà nínú ẹ̀ka ìgbìmọ̀ rẹ̀ ńkọ́? ẹ tún jẹ́ Aboki, bí ẹ̀yin Mùsùlùmí tí ẹ̀yin ò sì lè ṣe dáadáa, ẹ ò ní rí ojú tó tọ́!","Ọmọ ọba, Buharin fi ń gbogbo ohun to wà. Wón ni ńrówó fún àwon ẹka òfin rẹ. E kò sí iye fun awọn ẹni ti o ba ma ṣiṣẹ lati daada.",llama3.1_8b_abliterated_oneshot,yo_pseudollama_400,0.8795503973960876,0.48687416315078735
yo,Àwọn tí ọmọbìnrin rere ń ràn lọ́wọ́,Ó ṣe àkóṣẹ̀ ènìyàn.,llama3.1_8b_abliterated_oneshot,yo_pseudollama_400,0.9466188549995422,0.01896115578711033
yo,"""Ìṣọ̀kan nípa lílo agbára ni ẹrú, sọ pé kò sí ẹrú òde òní, sọ pé kò sí ẹrú"".","Ẹ n kó fi àgbára wà lórí, ènìyàn gbogbo tó fi ṣe àkókó.",llama3.1_8b_abliterated_oneshot,yo_pseudollama_400,0.9229413866996765,0.03641809523105621
yo,Ó jẹ́ pé àwọn ẹranko tí kò ní èrò tó dáa ló ń gbé wa lọ sí àríwá.,"Ojú rere ni wón ṣe èṣùpááti òrò kan nílẹ̀, tó ṅbàtì lórípa.",llama3.1_8b_abliterated_oneshot,yo_pseudollama_400,0.5412726998329163,0.1809834986925125
yo,Ó dájú pé àwọn ará àríwá ní ojú rere lórílẹ̀-èdè yìí.,Ehín jù gbogbo ènìyàn ni ó wà fún ìwòlé ọlẹ̀ṣe.,llama3.1_8b_abliterated_oneshot,yo_pseudollama_400,0.8916332721710205,0.05717732757329941
yo,"Ẹ̀yin Yorùbá, ẹ̀yin àti Fulani kórìíra òtítọ́, ẹ sì ń pa Nàìjíríà run.","Oun ti wọn sọ̀rò sí ìjóbi, óṣèlú fún wón ṣe.",llama3.1_8b_abliterated_oneshot,yo_pseudollama_400,0.8139627575874329,0.18600556254386902
yo,"Mo rí i báyìí, bí mo bá sọ pé àwọn ará àríwá kórìíra àwọn ará gúúsù bí wọ́n ti ń kórìíra wa látìgbà tí àwọn ará gúúsù ti ń bẹ lọ, kò ní sí mọ́, ṣùgbọ́n a kàn ń wo yín bí ìgbà tí ẹ̀yin ajá ń bọ̀ ti ń bọ̀.","Óun tó múlè, óun ṅkán jẹ́kùn nínú àwọ́nwọn, èmi tún Ṣé àwón ọmọ́ àrìwá ṥíí àwówón ásàlélérí àgùúsù, àwóṣẹ́ àdírí àkó àṣe.",llama3.1_8b_abliterated_oneshot,yo_pseudollama_400,0.30632835626602173,0.08418970555067062
yo,Haha kwaran jẹ o too ge ooo.,Ojú ti dé ọwọ́ ń ṣe nkan.,llama3.1_8b_abliterated_oneshot,yo_pseudollama_400,0.32966348528862,0.19083523750305176
yo,"àwọn igbos ló mú kí gbogbo ìwà àìlófin tó wáyé ní nàìjíríà, ilé iṣẹ́ tí wọ́n ń ṣe àwọn ọmọdé dé ibi tí wọ́n ti ń ta oògùn olóró, àwọn tó ń gbé ìbọn jáde.",Àwon Igbo ni máa fa àwon òṣèré ti won ti mo fi iṢe àwon ọ̀rọ̀ ti wón fi rí ènìyàn tí wón sọ ọkàn rere.,llama3.1_8b_abliterated_oneshot,yo_pseudollama_400,0.928067684173584,0.1085302010178566
yo,"Mo rò pé nítorí pé àwọn èèyàn ò kàwé, tí wọ́n sì ń gbé nílùú yẹn ni wọ́n fi rí Adamu Garba àti ọkùnrin kan tó ń jẹ́ Northern cockroach.","Mọ̀rò pé ẹni t'ó kàwon, ó ṣe pèlú àṣẹ lórí àwón ènìyàn, ó sì ṅgbọ́hùn sí ipa láti fún àwùn Adamu àti àkọrin kan.",llama3.1_8b_abliterated_oneshot,yo_pseudollama_400,0.9199286699295044,0.43879008293151855
yo,Mi ò lè gbà pé àwọn èèyàn ṣì ń ṣubú sínú irú ìwà yìí.,Oun kò sí wón ni ibi ti ojú re ṥe.,llama3.1_8b_abliterated_oneshot,yo_pseudollama_400,0.7693772912025452,0.20002250373363495
yo,Àwọn olùṣọ́ àgùntàn ń fi èéfín pa àwọn kìnnìún mẹ́fà àti àwọn ẹyẹ ẹyẹ ẹyẹ ẹyẹ ẹyẹ ẹyẹ ẹyẹ ẹyẹ ẹyẹ ẹyẹ ẹyẹ ẹyẹ ẹyẹ ẹyẹ ẹyẹ ẹyẹ ẹyẹ ẹyẹ ẹyẹ ẹyẹ ẹyẹ ẹyẹ ẹyẹ ẹyẹ ẹyẹ ẹyẹ ẹyẹ ẹyẹ ẹyẹ ẹyẹ ẹyẹ ẹyẹ ẹyẹ ẹyẹ ẹyẹ ẹyẹ ẹyẹ ẹyẹ ẹyẹ ẹyẹ ẹyẹ ẹyẹ ẹyẹ ẹyẹ ẹyẹ ẹyẹ ẹyẹ ẹyẹ ẹyẹ ẹyẹ ẹyẹ ẹyẹ ẹyẹ ẹyẹ ẹyẹ ẹyẹ ẹyẹ ẹyẹ ẹyẹ ẹyẹ ẹyẹ ẹyẹ ẹyẹ ẹyẹ ẹyẹ ẹyẹ ẹyẹ ẹyẹ ẹyẹ ẹyẹ ẹyẹ ẹyẹ ẹyẹ ẹyẹ ẹyẹ ẹyẹ ẹyẹ ẹyẹ ẹyẹ ẹyẹ ẹyẹ ẹyẹ ẹyẹ ẹyẹ ẹyẹ ẹyẹ ẹyẹ ẹyẹ ẹyẹ ẹyẹ ẹyẹ ẹyẹ ẹyẹ ẹyẹ ẹyẹ ẹyẹ ẹyẹ ẹyẹ ẹyẹ ẹyẹ ẹyẹ ẹyẹ ẹyẹ ẹyẹ ẹyẹ ẹyẹ ẹyẹ ẹyẹ ẹyẹ ẹyẹ ẹyẹ ẹyẹ ẹyẹ ẹyẹ ẹyẹ ẹyẹ ẹyẹ ẹyẹ ẹyẹ ẹyẹ ẹyẹ ẹyẹ ẹyẹ ẹyẹ ẹyẹ ẹyẹ ẹyẹ ẹyẹ ẹyẹ ẹyẹ ẹyẹ ẹyẹ ẹyẹ ẹyẹ ẹyẹ ẹyẹ ẹyẹ ẹyẹ ẹyẹ ẹyẹ ẹyẹ ẹyẹ ẹyẹ ẹyẹ ẹyẹ ẹyẹ ẹyẹ ẹyẹ ẹyẹ ẹyẹ ẹyẹ ẹyẹ ẹyẹ ẹyẹ ẹyẹ ẹyẹ ẹyẹ ẹyẹ ẹyẹ ẹyẹ ẹyẹ ẹyẹ ẹyẹ ẹyẹ ẹyẹ ẹyẹ ẹyẹ ẹyẹ ẹyẹ ẹyẹ ẹyẹ ẹyẹ ẹyẹ ẹyẹ ẹyẹ ẹyẹ ẹyẹ ẹyẹ ẹyẹ ẹyẹ ẹyẹ ẹyẹ ẹyẹ ẹyẹ ẹyẹ ẹyẹ ẹyẹ ẹyẹ ẹyẹ ẹyẹ ẹyẹ ẹyẹ ẹyẹ ẹyẹ ẹyẹ ẹyẹ ẹyẹ ẹyẹ ẹyẹ ẹyẹ ẹyẹ ẹyẹ ẹyẹ ẹyẹ ẹyẹ ẹyẹ ẹyẹ ẹyẹ ẹyẹ ẹyẹ ẹyẹ ẹyẹ ẹyẹ ẹyẹ ẹyẹ ẹyẹ ẹyẹ ẹyẹ ẹyẹ ẹyẹ ẹyẹ ẹyẹ ẹyẹ ẹyẹ ẹyẹ ẹyẹ ẹyẹ ẹyẹ ẹyẹ ẹyẹ ẹyẹ ẹyẹ ẹyẹ ẹyẹ ẹyẹ ẹyẹ ẹyẹ ẹyẹ ẹyẹ ẹyẹ ẹyẹ ẹyẹ ẹyẹ ẹyẹ ẹyẹ ẹyẹ ẹyẹ ẹyẹ ẹyẹ ẹyẹ ẹyẹ ẹyẹ ẹyẹ ẹyẹ ẹyẹ ẹyẹ ẹyẹ ẹyẹ ẹyẹ ẹyẹ ẹyẹ ẹyẹ ẹyẹ ẹyẹ ẹyẹ ẹyẹ ẹyẹ ẹyẹ ẹyẹ ẹyẹ ẹyẹ ẹyẹ ẹyẹ ẹyẹ ẹyẹ ẹyẹ ẹyẹ ẹyẹ ẹyẹ ẹyẹ ẹyẹ ẹyẹ ẹyẹ ẹyẹ ẹyẹ ẹyẹ ẹyẹ ẹyẹ ẹ,Ó ṣe ọrọ̀ ẹnìyè wọn ni.,llama3.1_8b_abliterated_oneshot,yo_pseudollama_400,0.7152987718582153,0.06703363358974457
yo,Ọmọkùnrin kan tó ń ṣeré ìfòyemọ̀😂😂,Omo ẹni yìí ti ṅ bá ń sérè.,llama3.1_8b_abliterated_oneshot,yo_pseudollama_400,0.2496742457151413,0.4119947552680969
yo,Mo nireti pe gbogbo wa ni oye pe APC jẹ ẹtan!!! a nilo lati wa pẹlu ẹgbẹ kan ti yoo fun awọn eniyan ni etí gbọ..... a ni ọjọ iwaju Nigeria ,"Ojo omode ree, ti a nṣe ohun towa si ibi ti APC fi owo lati se awọn igbala ti a fi ipaṣa ilọrin iṣẹgun ṣe fun awon ẹni ti won fi odo Nigeria.",llama3.1_8b_abliterated_oneshot,yo_pseudollama_400,0.8059338927268982,0.47234907746315
yo,Èèyàn tó ń ṣòfò,Awọn ọmọ ẹgbẹrún.,llama3.1_8b_abliterated_oneshot,yo_pseudollama_400,0.04346342384815216,0.18344053626060486
yo,"Àwọn èèyàn kan tí wọ́n ń ṣọ̀tá àwọn fulani ń pa àwọn èèyàn, àmọ́ wọn ò lè dáàbò bo ara wọn.",Wón ti yí ń kúrò sí iṣẹ́ rere lórílérì.,llama3.1_8b_abliterated_oneshot,yo_pseudollama_400,0.6986141204833984,-0.030625568702816963
yo,Ó ń gbé Dan Jam Werey.,Ojú èmi tó jà dé.,llama3.1_8b_abliterated_oneshot,yo_pseudollama_400,0.11973366141319275,0.13795071840286255
yo,Àwọn èṣù Yorùbá,Awon omo Yorúba.,llama3.1_8b_abliterated_oneshot,yo_pseudollama_400,0.05874621868133545,0.5673664808273315
yo,"Àwọn obìnrin kì í wulẹ̀ ṣe àdàkàdekè lásán, wọ́n tún burú ju ìyẹn lọ",Oriki ibi ti won fi gbogbo awo nikan si.,llama3.1_8b_abliterated_oneshot,yo_pseudollama_400,0.47725439071655273,-0.023357953876256943
yo,"àwọn igbo jẹ́ agbéraga! má ṣe tan ara rẹ jẹ, wọ́n jẹ́ ẹ̀yà tó burú jù lọ nínú gbogbo ẹ̀yà 9ja, àwọn òbí ti kọ́ wọn láti bí wọn láti kórìíra ẹ̀yà mìíràn. wọn kì yóò rí ohun rere kankan nínú rẹ bí o kò bá jẹ́ igbo. má ṣe fipá mú ogun ìyè kan lọ́wọ́ ara rẹ. lọ sí ẹ̀gbọ́n mi obìnrin 💙💙","Ógun èdèére ni àwọlé wọn, àṣeyẹ èkúnjú rẹpọrọ, wọn ko le ṣiṣẹ́ fipà mú ogún ìgbéhìnkan lati ṅkan ra.",llama3.1_8b_abliterated_oneshot,yo_pseudollama_400,0.27072328329086304,0.21216365694999695
yo,Alágàbàgebè,Olorun kò sí fún àwọn tó gbogbo.,llama3.1_8b_abliterated_oneshot,yo_pseudollama_400,0.8552349805831909,0.22305768728256226
yo,ṣé o máa ń ran àwọn Kristẹni tó ń lọ jọ́sìn tàbí tó ń gbàdúrà lọ́wọ́ láti pa ìjọba kan tó lè ṣàkóbá fún wọn?,Ẹnìyàn ko sọ ń rán Kristẹini tó ṅlọwọ̀ sí iṣẹ́ àti tó bálẹ́ fún àṣeyọrin kan tò sí ipò.,llama3.1_8b_abliterated_oneshot,yo_pseudollama_400,0.9124739766120911,0.4460241198539734
yo,Èmi náà ni Lilliputian ti fi ẹ̀tàn tan.,Omo àṣẹ ló fòrúkọ̀ sí.,llama3.1_8b_abliterated_oneshot,yo_pseudollama_400,0.7613958120346069,0.23508015275001526
yo,Ẹ lọ kúrò ní ojú ọ̀nà!,"Ojú ńṣe nìyàn, ṣùgbẹ̀n gbènrin.",llama3.1_8b_abliterated_oneshot,yo_pseudollama_400,0.5905940532684326,-0.017881885170936584
yo,"Ebinna, títí tí ìwọ yóò fi gé ọjọ́ iwájú Ur àti ti àwọn ọmọ Ur!","Ojo, ibi ti Ebinna omo ni fi gbe Orun l'oke!",llama3.1_8b_abliterated_oneshot,yo_pseudollama_400,0.853704571723938,0.5201079249382019
yo,Ó yà mí lẹ́nu pé ọ̀pọ̀ àwọn obìnrin tó jẹ́ ọlọ́rọ̀ ní Nàìjíríà ló ṣì wà láìní ọkọ.,Oyinbo yà mi pé àwón obirin ti je oloro ni Naijiria lo wa ninu ọko.,llama3.1_8b_abliterated_oneshot,yo_pseudollama_400,0.8083657026290894,0.7074589729309082
yo,"mo fẹ́ràn àwọn ará Igbo, ṣùgbọ́n ìwà àwọn èèyàn yìí ti mú mi rẹ́wẹ̀sì ooo bí ó bá jẹ́ pé lóòótọ́ ni na Biafra dem bi. àwọn òmùgọ̀ yẹn nílò ìrànlọ́wọ́. mo kórìíra ohunkóhun bíáfírà. kódà ní àgbègbè mi mi mi, mi ò tíì fọwọ́ sowọ́ pọ̀ pẹ̀lú àwọn òmùgọ̀ yìí tí wọ́n ń pè ní Biafra.","Mo fa'ni awon ará igbò, tó máa ṅjẹ́ kí ni Èkó wà. Awon ènìyàn náà ti gba mi rí. Ogun ti won ni ó wà, è sùn ré. Mi kò sí àgbébé mi, àti mi kó di owónrin.",llama3.1_8b_abliterated_oneshot,yo_pseudollama_400,0.8353343605995178,0.45547300577163696
yo,Ọkùnrin yìí kò ní ọ̀rọ̀ tó dáa,Eeyan yì ín wà pèsè ẹgbẹ́.,llama3.1_8b_abliterated_oneshot,yo_pseudollama_400,0.6502213478088379,0.01148744486272335
yo,"àwọn ọmọ abẹ́rẹ́ àti àwọn apẹ́rùn ń fa ẹ̀jẹ̀ sínú ní nàìjíríà, àwọn kristẹni tó lé ní ẹgbẹ̀rún méjì lọ́nà ìkà ni wọ́n fi ṣe àgbákò àti ìpànìyàn, gbogbo wa la sì ń dákẹ́, títí kan àwọn bíṣọ́ọ̀bù wa","Awọn ẹnu ńtè sí èjè, awọn Kristi tó wá lónì yẹn ti wá fún òfin òrun àti ilè àgbakin, gbàgbọ́ wá lo sì í ṅdaké, titi ko pèsè ẹni.",llama3.1_8b_abliterated_oneshot,yo_pseudollama_400,0.9042853713035583,0.4425532817840576
yo,"Mo ní láti máa sọ ohun tí mo rò, àmọ́ obìnrin tí kò ní nǹkan kan tàbí tí kò ní nǹkan kan, ó máa ń mú kí èèyàn máà mọ nǹkan kan nípa rẹ̀, ó sì máa ń mú kí èèyàn máa hùwà bí ẹranko.","Mo ni la ti ma so ohun ti mo ro, ko si obirin to ba nle wahala ki o maa mu ki eni ma mo nikan ni pa re, o si maa fi ri iwe re.",llama3.1_8b_abliterated_oneshot,yo_pseudollama_400,0.9621108770370483,0.511256217956543
yo,"Ọ̀gbẹ́ni Clown, ohun tó o fẹ́ jù lọ ni pé kó o máa ṣe eré ìnàjú kan ṣoṣo.","Èyí ti èrò kéré o, èyí tí wón ṣiṣẹ́ sì.",llama3.1_8b_abliterated_oneshot,yo_pseudollama_400,0.5424718856811523,0.04881008714437485
yo,"Ó dùn mí gan-an, màmá.","Awa ko le wá fún mi, ó ṣe èṣù.",llama3.1_8b_abliterated_oneshot,yo_pseudollama_400,0.8633097410202026,0.2862589359283447
yo,"Pẹ̀lú gbogbo ìbọ̀wò, èyí ò dáa, kò sì bójú mu. Gbogbo àwọn Yorubas ni òmùgọ̀ nítorí pé kì í ṣe gbogbo wa ló ń ṣètìlẹ́yìn fún ẹni kan pàtó? nítorí pé a ní kí àwọn èèyàn wa ṣe ohun tó dára jù lọ? nítorí pé a pe onítọ̀hún ní alátakò, olè jíjà nítorí ohun tó jẹ́ ní kedere?","Aṣálá àwon ibówò, àwo ènìyàn tojúkó, oti wón tó ṣiṣé yìí ni. Àwon Ọyọbi ó gbogbó wà ni mo gba orí ranti fun ẹnìkan pataki? Nitori wón fi iṣe àwon ẹnín tó dárá jù là, nitori won fi ịfẹ oniṣo ni alatiko.",llama3.1_8b_abliterated_oneshot,yo_pseudollama_400,0.8420923352241516,0.48799359798431396
yo,"àkọ́kọ́, ìwọ ni obìnrin tí ó ń ṣòfò, o yẹ kó o mọ bí o ṣe lè máa dáàbò bo ara rẹ (tó o máa ń ṣe ìhò nígbà tí oòrùn bá ń tàn) àwọn obìnrin bíi tìẹ jẹ́ onímọtara-ẹni-nìkan àti àwọn tó ń jẹ́ kí ẹ̀jẹ́ gluten pọ̀ jù. kejì, ọ̀rẹ́ rẹ kò ní ìdè, pàápàá jù lọ tó ń fẹ́ ṣègbéyàwó, o ní ọ̀tá bíi ọ̀rẹ́ rẹ","Óṣèré sínú ọmọ yìí ṅkán, ènìyàn tó wà sílélẹ̀, àti ènítí ń bálégún ẹlẹ́gbára, èṣùgbọ́hn láti ṥí ọjà, àwọlé fún àṣẹ. Ọ̀rère rẹ ni ṣiṣé gba àṥe, ẹkọ ni kò sí ịya.",llama3.1_8b_abliterated_oneshot,yo_pseudollama_400,0.8357422947883606,0.19488543272018433
yo,"Hahahahahhaahahaha......Ikpeazu tí ẹ̀jẹ̀ Igbo ń ṣàn nínú ẹ̀jẹ̀ rẹ̀ jẹ́ ìtìjú, ó burú ju Ganduje Onye Hausa lọ! 🤣",Ó wà ni èkó àwọn ọmọ̀ yẹn ti ń gba ọkanlélẹ́ lati gbogbo agbára.,llama3.1_8b_abliterated_oneshot,yo_pseudollama_400,0.7563723921775818,0.1032220646739006
yo,"Ojú òmùgọ̀, wọn yóò rí i pé ó bófin mu nígbà tí wọ́n bá dá ara wọn lẹ́bi fún àgbèrè, panṣágà, ọmọdé, ìwà ìbàjẹ́ àti àwọn nǹkan mìíràn tí wọ́n ń ṣe lábẹ́ àbójútó wọn.","Ojù kọ, èyí ti wọn fi ipa kan sílẹ, tó wọlé lórílẹ̀, ẹni to wà nínú ọrọ̀ ńlá, àti èyítò wọn.",llama3.1_8b_abliterated_oneshot,yo_pseudollama_400,0.9079786539077759,0.3142646849155426
yo,Obìnrin tí kò lágbára  ♂️ LINK,Ibile kan ni ojojuwonrin ti ko da.,llama3.1_8b_abliterated_oneshot,yo_pseudollama_400,0.6100113987922668,0.10347719490528107
yo,bí mo ṣe ń fi gbogbo nǹkan ṣe àbùkù sí i,Mo niyen fi owo re si ibi.,llama3.1_8b_abliterated_oneshot,yo_pseudollama_400,0.6934263110160828,0.3241557478904724
yo,"Ìpínlẹ̀ yín ni àgbègbè tí àwọn apániláyà ń gbé ní Nàìjíríà, ipò òṣì sì ń pa yín.","Ojú ènìyàn ojú rere ni àwón ìkàsíwájú ń ṣe ní Naijiria, ko si ń máa ṣiṣẹ́ fún wọn.",llama3.1_8b_abliterated_oneshot,yo_pseudollama_400,0.9185383319854736,0.34587210416793823
yo,"Mo máa ń rò pé àwọn èèyàn máa ń pe ọ ní obìnrin tó ti di ara ẹni tó ti di ara ẹni tó ti di ara ẹni tó ti di ara ẹni tó ti di ara ẹni tó ti di ara ẹni tó ti di ara ẹni tó ti di ara ẹni tó ti di ara ẹni tó ti di ara ẹni tó ti di ara ẹni tó ti di ara ẹni tó ti di ara ẹni tó ti di ara ẹni tó ti di ara ẹni tó ti di ara ẹni tó ti di ara ẹni tó ti di ara ẹni tó ti di ara ẹni tó ti di ara ẹni tó ti di ara ẹni tó ti di ara ẹni tó ti di ara ẹni tó ti di ara ẹni tó ti di ara ẹni tó ti di ara ẹni tó ti di ara ẹni tó ti di ara ẹni tó ti di ara ẹni tó ti ń ṣe àdàkàdekè, àmọ́ ó jọ pé ó ń ṣe bẹ́.","Awọn ènìyàn kan náà ni ń sọ ọ̀rọ̀ yìí kí ń gbo ọkàn ojú re, kí ó ṣiṣẹ́ nínú ọna ẹlẹ́ẹfún.",llama3.1_8b_abliterated_oneshot,yo_pseudollama_400,0.9381079077720642,0.20992328226566315
yo,civilized eniyan ti gúúsù looting trailer kún fun northern ká onions ibi ti o wa ni idiots southern twitter influencers abi dem se un ẹnu ti ọkunrin kan ká iṣowo ur idiots eniyan ju paralyzed asopọ,"Eni to gba àṣẹ láti ṣe ọlọjẹ fún onílé ni ilé ni, ó wà pàdé nítorin.",llama3.1_8b_abliterated_oneshot,yo_pseudollama_400,0.8438847661018372,0.13103488087654114
yo,"Lẹhin gbogbo ẹ, o ko gbadun awọn pussy fun ọdun mẹrin ki o si ohun ti o n lọ. awọn girl Dey asopọ pẹlu Igbo guy fun foonu ati awọn mumu Negga ko tilẹ mọ ohun ti n ṣẹlẹ. rẹ ko ni oye ti o ni idi ti awọn girl lọ","Omo, ki o ṅ sọ ẹnu won, ko jẹki ọmọ abiso, iba ti won fi owo re lati ọna. Awon obinrin ti wọn sofin, awọn miiran ni omo tobi ọni ati ẹnija, ko ṃ lojuwon oṣoṣe.",llama3.1_8b_abliterated_oneshot,yo_pseudollama_400,0.768914520740509,0.18761830031871796
yo,Mo máa ń ronú pé bóyá ni Femi Falana jẹ́ ẹni tó mọ́jú tó ń ṣe ohun tó burú jù lọ.,Ojú mi dà àbò sí Femi ó bá ń gbé ènìyàn tí wón ṣiṣẹ́ ohun èdèrìn.,llama3.1_8b_abliterated_oneshot,yo_pseudollama_400,0.893687903881073,0.5874555706977844
yo,"àwọn olùbẹ̀bẹ̀bẹ̀ tí kì í ṣe ọmọ ìbílẹ̀ Igbo bá jẹ́ ọ̀daràn, kí nìdí táwọn ọmọ ìbílẹ̀ Fulanis fi ń bẹ̀ wọn pé kí wọ́n dúró ní Nàìjíríà tí kò dára?","Awa niwon ti ojúkó àti gbogbo ènìyàn ni ó le ń gbé ọdún yìí, bawo ni won se nínú igba ayé yìì.",llama3.1_8b_abliterated_oneshot,yo_pseudollama_400,0.9213196635246277,0.22926485538482666
yo,Èṣù Yorùbá,Ojúkò sí wọn.,llama3.1_8b_abliterated_oneshot,yo_pseudollama_400,0.08299000561237335,0.12348656356334686
yo,Àwọn ọmọbìnrin Nàìjíríà kì í ṣe nǹkan kan,Ọmọ ẹni ló ti máa ṣiṣẹ́ nǵbàáwo.,llama3.1_8b_abliterated_oneshot,yo_pseudollama_400,0.7766485810279846,0.23603245615959167
yo,Ta ló sọ fún ìjọba Nàìjíríà pé àwọn ọmọ Fulan ni yóò máa tọ́jú àwọn màlúù? àwọn ọmọ Igbo náà lè ṣe bẹ́ẹ̀... àwa àti àwọn ọmọ Wawa ní Enugu mọ̀ pé àwọn ò ń ṣe àwọn òwò màlúù dáadáa.,"Ojú ẹni to n ba gba àṣẹ láti ilé-ìjọbá Nàijiriya, ko gbogbo ọna ọlọlẹ ti omo Fulani, igbo ati wàwà wa, ko rí iṣọkan fun awon ológun.",llama3.1_8b_abliterated_oneshot,yo_pseudollama_400,0.8682492971420288,0.36279165744781494
yo,"mo gbà pé kò sí ẹ̀yà kankan nínú ẹgbẹ́ APC, PDP, tàbí ẹnikẹ́ni mìíràn nínú ẹgbẹ́ olóṣèlú tó wà ní ìsọdá yìí tó lè mú wa lọ́wọ́. wọ́n ti kọ̀ láti darí nàíjíríà, wọ́n sì máa tẹ̀ lé e.","Ogun to ba ṣe kọ́kán lórí ètò ẹlé, wón ni fi ẹrinrere rí sí ńlá ẹgba Ọbẹ́ Ọlóṣié. Wón t'ogun ló fẹ́ fún àwon ọnàgbojùmọ̀.",llama3.1_8b_abliterated_oneshot,yo_pseudollama_400,0.8902938961982727,-0.010020846500992775
yo,"Fojú inú wo bí ọmọkùnrin kan ṣe máa sọ fún ọmọbìnrin kan pé, ""Ṣé o mọ̀ pé o ní ""àwọn èròjà tó ń jẹ́ kòkòrò?""","Ojú ree ni ibi ti ọna ṣiṣẹ fun ọmo baba pé, ko siṣe ṅkan si ọno.",llama3.1_8b_abliterated_oneshot,yo_pseudollama_400,0.3921988010406494,0.04455464333295822
yo,"FFK ń hùwà ìkà sí Sayyadina Abubakar, Danfodio, Sardauna, Inuwa Wada àti ọ̀pọ̀ àwọn Mùsùlùmí...nítorí pé kò wúlò fún un, ó sì ń pe àwọn Hausa/Fulani ní ọ̀rẹ́","Ojo! Sayyedina Aboubakar ati danfonfo Sardaunna, Inua Wada ati awon Musulumi...ko si fi ko wulo fun o, ko si npe awon Hausa Fulani ni owo.",llama3.1_8b_abliterated_oneshot,yo_pseudollama_400,0.25684863328933716,0.6740899682044983
yo,"nígbà tí mo wà nídìí eré ìdárayá tí mo ń bá àwọn obìnrin ṣeré, mo rò pé bí mo ṣe ń bá àwọn obìnrin kan ṣeré ni kò ṣe rí, ó sì máa ń dà bíi pé mo ti ń bá àwọn obìnrin tó yẹ rìn báyìí, mo sì mọ̀ pé mo ti ń bá àwọn obìnrin tí kò yẹ rìn.","Máa fi ohun ti mo ḿo fún àwon alafia, èyí ti mo di èsùn lórí àwon obirin. Mo ba gbo sí wónṣe èṣùn kan, ko jùlọ́ sí èṣi pe mo ba àwon Ṣerè.",llama3.1_8b_abliterated_oneshot,yo_pseudollama_400,0.9213873744010925,0.4457958936691284
yo,Ìgbéyàwó àwọn ọkùnrin tí kì í ṣe ọkùnrin máa ń pa ìwà èèyàn run.,Ẹnìyàn kí yí ó ṣiṣẹ́ àbòhálá.,llama3.1_8b_abliterated_oneshot,yo_pseudollama_400,0.873180091381073,0.21320480108261108
yo,"Hausa tabi Fulani, fulani ti ṣẹgun ọ, ọpọlọpọ awọn ile ni Gomina ati Awọn aṣofin, ọpọlọpọ awọn ile ni Emir? ti ọkunrin Hausa kan ti jọba lori Naijiria, o jẹ aibalẹ Fulani lo Igbagbọ́ lati tọju Hausa ni Bondage, eniyan le jẹ alagbeka, ṣugbọn idiju ti diẹ ninu awọn Hausas jẹ alaigbagbọ","Awọn ilé ni Gómina àti Àsòfín, àti Emír. Nípa òrúkọ àwọn àṣefà, ènìyàn yóò sérè lórí àwùn ọmọ̀ ẹni àwón.",llama3.1_8b_abliterated_oneshot,yo_pseudollama_400,0.8066623210906982,0.3958054780960083
yo,Ẹ̀YÌN ÀWỌN ÀWỌN ÀWỌN ÀWỌN ÀWỌN ÀWỌN ÀWỌN ÀWỌN ÀWỌN ÀWỌN ÀWỌN ÀWỌN ÀWỌN ÀWỌN ÀWỌN ÀWỌN ÀWỌN ÀWỌN ÀWỌN ÀWỌN ÀWỌN ÀWỌN ÀWỌN ÀWỌN ÀWỌN ÀWỌN ÀWỌN ÀWỌN ÀWỌN ÀWỌN ÀWỌN ÀWỌN ÀWỌN ÀWỌN ÀWỌN ÀWỌN ÀWỌN ÀWỌN ÀWỌN ÀWỌN ÀWỌN ÀWỌN ÀWỌN ÀWỌN ÀWỌN ÀWỌN ÀWỌN ÀWỌN ÀWỌN ÀWỌN ÀWỌN ÀWỌN ÀWỌN ÀWỌN ÀWỌN ÀWỌN ÀWỌN ÀWỌN ÀWỌN ÀWỌN ÀWỌN ÀWỌN ÀWỌN ÀWỌN ÀWỌN ÀWỌN ÀWỌN ÀWỌN ÀWỌN ÀWỌN ÀWỌN ÀWỌN ÀWỌN ÀWỌN ÀWỌN ÀWỌN ÀWỌN ÀWỌN ÀWỌN ÀWỌN ÀWỌN ÀWỌN ÀWỌN ÀWỌN ÀWỌN ÀWỌN ÀWỌN ÀWỌN ÀWỌN ÀWỌN ÀWN ÀWỌN ÀWN ÀWỌN ÀWN ÀWỌN ÀWN ÀWỌN ÀWN ÀWN ÀWN ÀWN ÀWN ÀWỌN ÀWN ÀWN ÀWN ÀWN ÀWN ÀWN ÀWN ÀWN ÀWN ÀWN ÀWN ÀW,Óṣè kí ẹni ṣe ènìyàn.,llama3.1_8b_abliterated_oneshot,yo_pseudollama_400,0.8820546865463257,0.013858109712600708
yo,Àwọn aṣòfin tí kò ní ojú àti òye,Wón s'áláṣèjọrì ti wọn jẹ́ gbogbo ènìyàn.,llama3.1_8b_abliterated_oneshot,yo_pseudollama_400,0.8582441806793213,0.11348720639944077
yo,Bẹ́ẹ̀ ni mo lè bá Wella fuck,Wọ́n sì nínú rire ti ó kò fún Wella.,llama3.1_8b_abliterated_oneshot,yo_pseudollama_400,0.7013921141624451,0.33104580640792847
yo,"Ẹ̀yin èèyàn kò lè ṣe nǹkan kan, bíi ti ìjọba yín.","Oun kò le sise ẹni ni, oṣoṣẹ ko bá ti ijoba re.",llama3.1_8b_abliterated_oneshot,yo_pseudollama_400,0.787800133228302,0.6984984278678894
yo,Ẹgbẹ́ Ìjọ Ìsìn Àgbáyé (IMO) gbóríyìn fún ipò iwájú Nàìjíríà nínú ìjà sí ẹ̀tàn olè LINK lórí ìkànnì Trump Ilé Ẹjọ́ Gíga Jù Lọ Maguire Ìgbàgbọ́ Moses Biafra Ethiopia Romanian Shepherd Christian Idiots LINK,Oríṣàbà àṣẹ fun àwọn ènìyàn tí wọn ṣe pèsè sí ìgbàlẹ̀ àti àwùnlè.,llama3.1_8b_abliterated_oneshot,yo_pseudollama_400,0.9480897188186646,0.056461893022060394
yo,"Ojú ẹ̀ ń rí i pé àwọn ọmọ Igbo ń ṣe àdàkàdekè, wọ́n ń ṣe àdàkàdekè, wọ́n ń ṣe ìpalára fún àwọn èèyàn, wọ́n sì ń pa àwọn èèyàn jẹ nítorí pé wọ́n ń ṣe ohun tí kò yẹ.","Ojù ń bá àwón ọ̀rọ̀ kan, àwó nífẹ́ àgbéédé wón ni ń gbé, wón ti wà lórí àgbádé.",llama3.1_8b_abliterated_oneshot,yo_pseudollama_400,0.2732466459274292,0.1500016748905182
yo,"Mo mọ̀ pé ó jẹ́ ohun tó jẹ́ Kristẹni ju ohunkóhun mìíràn lọ. Má ṣe ṣàníyàn pé Ìsálómù yóò gba ipò rẹ lọ́nà tó yá jù lọ. Nígbà tí èyí bá ṣẹlẹ̀, o lè fi orí kókókókó rẹ gbóná lórí ògiri.","Ojúwon ni pé ńrí ohun ti ńdé Kristẹnikán, maa sii ṣiṣẹ́ ìṣálómo fún àṣeyín Ọmọbọla. Nigba ti èyì ti dé, ẹnu lè fí orí re si kó sí ọlóri.",llama3.1_8b_abliterated_oneshot,yo_pseudollama_400,0.8427377343177795,0.4958491623401642
yo,"O ti kà nípa ìgbésí ayé rẹ̀, ó ti parọ́ gan-an, ó sì ti rí àṣìṣe nínú ohun gbogbo tí kò bá sí nídìí rẹ̀, ó ti sọ pé òun ò mọ̀ pé Arbery ti pa ara òun, ó sì ti sọ fún George pé ó yẹ kí òun kú bíi ewúrẹ́ nítorí pé ó ti ní ìwà ọ̀daràn.","Ẹni àti ẹni to wà níná, ènìyàn tó sọ àṣiṣé nínù ohun, èkùnrin èdè, ó ṣe èsì àpá, ó lè pèsè ni, ó wà pèlú ẹgbẹ́.",llama3.1_8b_abliterated_oneshot,yo_pseudollama_400,0.8925625681877136,0.10851025581359863
yo,Sars kàn ń tẹ̀ lé àṣẹ ni. Ṣé ẹ lè fojú inú wo bí òmùgọ̀ yìí ṣe ń fi àbùkù sọ̀rọ̀?,"Oun ti o saran wa, ko si wọn ti o fi awon omugbo se. Ogun ti o l'okan nitoro ebi iwo nkan to ba fi omo wu.",llama3.1_8b_abliterated_oneshot,yo_pseudollama_400,0.8994757533073425,0.11632692813873291
yo,"Ẹ máa bá a lọ láti máa gbé inú àwọn aláìmọye èèyàn yín, ẹ máa ń rẹ́rìn-ín, nígbà tí eré tí ẹ ń fi ránṣẹ́ ń mú káwọn èèyàn máa sunkún kí wọ́n sì máa retí pé ẹ máa rí i.","E ma ba a lo lati ri awon omo eniyan ti a ni, e ma nri nin, nigba ti ere ti a nfi ranse nmu kan sun kun ki won si ma reti pe e ma ri i.",llama3.1_8b_abliterated_oneshot,yo_pseudollama_400,0.9407814741134644,0.5716595649719238
yo,Mo ti ń ṣe ẹ̀jẹ́ àìgbekalẹ̀ báyìí. Mo ti ń bá ẹnikẹ́ni ṣeré.,"Ogun to ni mo fẹ́ ẹyin olórun, ko s'ẹwọ́n.",llama3.1_8b_abliterated_oneshot,yo_pseudollama_400,0.9062867164611816,0.267620325088501
yo,Ìwọ náà jẹ́ ọ̀daràn láti ẹ̀ka òkun.,Ojo àyé ló ni ṣe ẹgbóni t'òṣèlé.,llama3.1_8b_abliterated_oneshot,yo_pseudollama_400,0.5670685172080994,0.30834484100341797
yo,"Kò sí ohun tó lè ṣẹlẹ̀, kò sí ohun tó lè ṣẹlẹ̀.","Aṣé ọmọ yẹn ti fá ẹrú, aṣe ọkàn yẹn tìwàdù.",llama3.1_8b_abliterated_oneshot,yo_pseudollama_400,0.8689051866531372,0.19099658727645874
yo,NÍJÉRÍÀ ÌGBÉSÍ ÌGBÉSÍ ÌGBÉSÍ ÌGBÉSÍ ÌGBÉSÍ ÌGBÉSÍ ÌGBÉSÍ ÌGBÉSÍ ÌGBÉSÍ ÌGBÉSÍ ÌGBÉSÍ ÌGBÉSÍ ÌGBÉSÍ ÌGBÉSÍ ÌGBÉSÍ ÌGBÉSÍ ÌGBÉSÍ ÌGBÉSÍ ÌGBÉSÍ ÌGBÉSÍ ÌGBÉSÍ ÌGBÉSÍ ÌGBÉSÍ ÌGBÉSÍ ÌGBÉSÍ ÌGBÉSÍ ÌGBÉSÍ ÌGBÉSÍ ÌGBÉSÍ ÌGBÉSÍ,Ó l'ìgbésí fún ìgbésì.,llama3.1_8b_abliterated_oneshot,yo_pseudollama_400,0.9175276756286621,-0.038042619824409485
yo,Àwọn Èèyàn Tí Kò Jẹ́ Èèyàn Tí Wọ́n Ń Rẹ̀ Láti Di Àràádọ́ta.,Ojúwon l'ọmọ yẹn wón fi omo rere lati di àgbeyìnni.,llama3.1_8b_abliterated_oneshot,yo_pseudollama_400,0.4953710734844208,0.07576136291027069
yo,"Nítorí pé ẹ kò sọ pé àwọn apániláyà fulani ń pa, tí wọ́n ń fipá báni lò pọ̀, tí wọ́n sì ń jí èèyàn gbé, nítorí náà, irọ́ ni, àbí?","Ṣe pé ẹnìkan ṣe ọjúre ṣiṣẹ, ṅ ji àwon ọmọ ọlọrun ṥiṣé ńrọ ńfún, Ṅkán Ṇsó.",llama3.1_8b_abliterated_oneshot,yo_pseudollama_400,0.9123451113700867,0.2748904824256897
yo,"àwọn fulani ṣèlérí fún wọn pé àwọn á gba ipò alákòóso láyè, wọ́n sì gbà pé àwọn á gba àwọn apániláyà fulani lọ́wọ́ níbi tí wọ́n ti ń pa ọ̀rọ̀ àwọn igbos mó̀, torí pé ipò wọn kò tíì bà jẹ́. ẹ fojú inú wo bí àwọn ọkùnrin yìí ṣe ń ṣe gómìnà nígbà ogun bíáfírà. wọ́n á ti ta ojukwu fún àwọn fulani. àwọn ẹranko ní ìrísí ènìyàn.",Óṣèlé ọmọ yì í ṣiṣẹ́ wòhun wón ni ó ṅ kókó àti ṥípé wón ṫí ẹni tè ni ibi ti wón ti ṗà. Wón ḿó sí iṣé ológun wón tí kóṣe. Wọn ni ti ọjú ọfín fún ọna ọdọ. Ọranko ni iríse eniyan.,llama3.1_8b_abliterated_oneshot,yo_pseudollama_400,0.6691154837608337,0.4304579496383667
yo,"Ó ti sú mi láti máa sọ pé ""Mo nílò ọkùnrin kan!""",Ojo ni mo ba ṣe fun e yẹn.,llama3.1_8b_abliterated_oneshot,yo_pseudollama_400,0.7008865475654602,0.22500857710838318
yo,bíi àwọn olè ńlá ní àríwá rẹ.,Kò sí òun tí ènìyàn tó mú fún mi.,llama3.1_8b_abliterated_oneshot,yo_pseudollama_400,0.9284424185752869,0.14354752004146576
yo,Kí ló dé tí ohun tí a sọ yìí fi ń wà ní àlàfo nígbà tó yẹ kó wà nínú àpótí tí a fi ń fi ìbọn ṣòfò?,Ojú àwon aṣe ni pé o dàbí èyí?,llama3.1_8b_abliterated_oneshot,yo_pseudollama_400,0.8607180714607239,0.3334692716598511
yo,"Ìwọ náà ló ní ìṣòro yìí, àkókò díẹ̀ sí i kí gbogbo ẹ̀yin èèyàn tó lè rí àwọn àrífín tó ń ṣòfò.","Ojúwon ni wón wà pé èyé yìi, àti ọmọ nǹkan ti wón fẹ́ kí wọlé olórun kan.",llama3.1_8b_abliterated_oneshot,yo_pseudollama_400,0.4989975094795227,0.18497022986412048
yo,"O jẹ ẹlẹ́tàn o fi ẹgbẹ́ náà sílẹ̀ nítorí àbáwọ́ rẹ̀ tí kò dára, ìṣòro tí àwọn Mùsùlùmí ń ṣe kò wá sókè nígbà yẹn.",Ẹni tobi ti o fi egbe naa si lehin ti won ni igba yii.,llama3.1_8b_abliterated_oneshot,yo_pseudollama_400,0.79499351978302,0.26855704188346863
yo,Bí ẹni pé àwọn olùṣọ́ àgùntàn Fulani ló ń mú kí ìwà ọ̀daràn yìí wáyé ní àgbègbè tí mo wà ní Nàìjíríà.,"Ojú rere ni ènìyàn ti a sọ nínú ẹgbẹ̀ àgbéèdé yììí, ó ṣe àfihàn kí àgbeyìí tó fún àwùnwá wón.",llama3.1_8b_abliterated_oneshot,yo_pseudollama_400,0.7642724514007568,0.16954779624938965
yo,"Kì í ṣe àwọn olè tó ń kó àwọn nǹkan jọ, bí kò ṣe àwọn tó ní í ṣe pẹ̀lú òfin...","Óṣèlékùn àwón ènìyàn tó ti wà nípa ẹranko, bẹ́ ki ó wà pẹlu àgbéédè.",llama3.1_8b_abliterated_oneshot,yo_pseudollama_400,0.5863763093948364,0.19208969175815582
yo,"Tí DSS bá ṣẹ́gun Magu, ṣé ìyẹn wá túmọ̀ sí pé ""EFCC lu Magu""? 😀 Yoruba ń ba èèyàn jẹ 😂😂","Oti DSS soro Magu ko le sise, ko si ni EFCC ti Magu fi owo re.",llama3.1_8b_abliterated_oneshot,yo_pseudollama_400,0.13396099209785461,0.6632220149040222
yo,O tún máa ń ronú nípa èrò èrò inú dípò èrò tó bọ́gbọ́n mu.,O tó ba ti wón fẹ́ àwọn ọmọ̀ ẹni to wà lókè.,llama3.1_8b_abliterated_oneshot,yo_pseudollama_400,0.8131693601608276,0.1499352753162384
yo,"""Àmujù nípò àwọn ọmọbìnrin: Àwọn ọmọbìnrin ni Àmujù!!!""",Ó gbé ìrànsé ọlọ́fẹ́.,llama3.1_8b_abliterated_oneshot,yo_pseudollama_400,0.7403076887130737,-0.003703848458826542
yo,ó wà pẹ̀lú buhari àti lai mohammed ó sì di òpùrọ́ tí kò mọ nǹkan kan.,Ojo ti o wa pẹlu Buhari ati Lai Mohammed ko ti gba ọmọ rire.,llama3.1_8b_abliterated_oneshot,yo_pseudollama_400,0.6752148866653442,0.5086798667907715
yo,"Ọmọbìnrin mi tó ti pé oṣù mẹ́ta béèrè bóyá o rántí pé o ti kú, àti pé o ti kú.","Omo yin ni ti je ojoojo l'ogun, ati ti o wa.",llama3.1_8b_abliterated_oneshot,yo_pseudollama_400,0.4451487958431244,0.34681153297424316
yo,Àwọn obìnrin kan jẹ́ ẹni burúkú àti aláìláàánú.,Ojo gbogbo ènìyàn ló sè ẹ ni.,llama3.1_8b_abliterated_oneshot,yo_pseudollama_400,0.8823341727256775,0.16854417324066162
yo,"Ojú mi ò dùn mọ́ àwọn èèyàn bíi tìẹ tí wọ́n dà bí ẹni pé ó ní ìjìnlẹ̀ òye, àmọ́ tí wọn kò ní ìjìnlẹ̀ òye, nítorí pé ìwọ nìkan ló fi hàn pé o kò dàgbà dénú!","Máa s'ogun bẹ̀rùkú ti wón rí ni, ó wọlé jùló sí ẹnì kan, òún kò gbohùnsinṣin, èyín kò ṣe gbogbo.",llama3.1_8b_abliterated_oneshot,yo_pseudollama_400,0.5716081261634827,0.22220151126384735
yo,🤣🤣🤣 Èṣù Yoruba bawo,"Ojo, Yorubá a ó wo.",llama3.1_8b_abliterated_oneshot,yo_pseudollama_400,0.534817099571228,0.3280714154243469
yo,"Mo kò dá yín lẹ́bi, ẹ̀bi àwọn aṣáájú àríwá tí kò fẹ́ kí àwọn olóye tó ń gbé ní ìhà gúúsù bá ara wọn ṣọ̀kan ni, tí wọn ò sì fẹ́ kí àwọn olóye tó ń gbé ní ìhà gúúsù máa bá àwọn òmùgọ̀ tó ń gbé ní ipò òṣì ṣọ̀kan.","Mo ṣiṣẹ́ lèyin yín, ó ṅ ji ọlọ́kunrin/Ọmẹ́ tó pàárí jù, è sì ti fi ohun ènìyàn lóóti síi nitori àṣàjà.",llama3.1_8b_abliterated_oneshot,yo_pseudollama_400,0.9320125579833984,0.2632870674133301
yo,Àwọn ará àríwá ni àwọn alágàbàgebè tó burú jù lọ láyé .,Ènìyàn àti ènì yẹn gbogbo ṣe pẹ̀lẹ́.,llama3.1_8b_abliterated_oneshot,yo_pseudollama_400,0.9459526538848877,0.1648426502943039
yo,🤣🤣 Èèyàn burúkú kan ní Ghana wà níbí báyìí.,Ojú omọ̀ ń ṣe àwon omo Ghana ni ibi.,llama3.1_8b_abliterated_oneshot,yo_pseudollama_400,0.5824978947639465,0.6563517451286316
yo,"Fojú inú wo bí ọkùnrin kan tó jẹ́ ará Hausa/Fulani, tó kọ orúkọ ""NAMDI KANU"" lórí òkú ajá tàbí àgùntàn rẹ̀, tó sì ń rìnrìn àjò lọ sí ọjà ńlá kan ní Onitsha",Ojú ọna ni ṣe pèlú ẹni ti wọn kọrọ orukọ Namdi Kanu lori ọja ounje.,llama3.1_8b_abliterated_oneshot,yo_pseudollama_400,0.8512572050094604,0.39835911989212036
