language,language_name,toxic_input,detox_output,source,source_dataset,source_id,human_reviewed
am,Amharic,1/2 ውሻታም ነሽ ማለት ነው። በህይወት ዋጋ በደኖ፣ አርባጉጉ፣ ጉራፈርዳ፣ ቤንቺ ማጂ፣ መተከል፣ መንግስት ባመነው በድምሩ ከ5ሺ ያለነሱ ሰ,መንግስት እንኳን ባመነው ፡ በደኖ፣ አርባጉጉ፣ ጉራፈርዳ፣ ቤንቺ ማጂ፣ መተከል፣ በድምሩ ከ5ሺ ያለነሱ ህይወታቸውን ማጣታቸውን አልሰማሽም ?,MultiParaDetox,MultiParaDetox,,True
am,Amharic,Haha ቦቅቧቃ እና መሬትህን እስኪወረር ምን እየጠበቅ ነው,መሬቱ እስኪወሰድ መጠበቅ የለብህም,MultiParaDetox,MultiParaDetox,,True
am,Amharic,Lol ሰላማዊ ሰው እና ንብረት ማውደም ነው ላንተ ውለታ የታለ አንድ ሰው የያዙት ወይም የያዛችሁት ቱልቱላ ውጤቱን ታየዋለህ አገር አል,ሰላማዊ ሰው እና ንብረት ለይ አደጋ ማድራስ ነው ውለታ  የታለ አንድ ሰው  የያዛችሁት  ማውራት ምን ያደርጋል ውጤቱን ታየዋለህ,MultiParaDetox,MultiParaDetox,,True
am,Amharic,PMOEthiopia የህዝብን ደህንነት የማይጠብቅ ውሻ ነው,የህዝብን ደህንነት የማይጠብቅ እምነት የማይጣልበት ሰው ነው,MultiParaDetox,MultiParaDetox,,True
am,Amharic,Who is this? አንተ ደግሞ የማነህ ዘረጦ ፈሳም? ፈታኝ ወቅትስ የትኛው ነው? አማራውና መከላከያው ውጊያ ሜዳ ላይ ሲውል ይህ ሚድያ የት,አንተ ምን እያልክ ነው ? ፈታኝ ወቅትስ የትኛው ነው? አማራውና መከላከያው ውጊያ ሜዳ ላይ ሲውል ይህ ሚድያ የት,MultiParaDetox,MultiParaDetox,,True
am,Amharic,ሀሀሀሀሀ አሉላ እንግሊዘኛ መናገር ጀመረ እንዴ ? ምን አደከመው እዚሁ አሜሪካ ቁጭ ብለን በንግሊዝኛ የምናጥረግርጋትን ሼር አያደርግም እንዴ ? First Amen,አሉላ እንግሊዘኛ መናገር ጀመረ እንዴ ? ምን አደከመው እዚሁ አሜሪካ ቁጭ ብለን በንግሊዝኛ የምናወረዉን ኣያጋረም,MultiParaDetox,MultiParaDetox,,True
am,Amharic,ሀቅ ነው፣ ሰውየው አንድ ነገር ቢሆን ወይዘሮዋ በየቦታው እየዞሩ ትምህርት ቤት አይመርቁም ነበር፣ ግን ስዪም ተሾመ በፊት ወሬ እንለቡ የአገኝ ነበር አሁን ስለተከለከለ በግምት መቀባጠር ጀመረ።,ሰውየው ጋር ችግር ቢኖር ኖሮ እሷን እዚህ ት/ት ቤት ስታስመርቅ አናያትም ነበር፡፡ ስዩም ተሾመ አሁን የመረጃ እጥረት ያጋጠመው ይመስላል፡፡,MultiParaDetox,MultiParaDetox,,True
am,Amharic,ሁሉ ግጭት ፈጣሪ ከተደመሰሰ ዘንዳ፣ ካሁን በኃላ ግጭት ብኖር ተጠያቂው  ብቻ ነው??? ??,የግጭቱ ምንጭ  እርምጃ ከተወሰደበት በኃላ ግጭት ብኖር ተጠያቂው ማን ነው??? ??,MultiParaDetox,MultiParaDetox,,True
am,Amharic,ሁሉም ተስፋ የቆረጠ ቀን ከጃ-war የባሰ ሰይጣን መሆን አይከብደውም። ጥሩ መሆን እንጂ የሚከብደው.,ሁሉም የተበሳጨ ቀን ከጃ-war የባሰ ጥሩ-ያልሆነ ሰው መሆን አይከብደውም። ጥሩ መሆን እንጂ የሚከብደው.,MultiParaDetox,MultiParaDetox,,True
am,Amharic,ህዝቡን አይወክልም ተብሎ ተነስቷል። አይተ አዲሱ ለገሰ ድምጻቸው ጠፋሳ,ህዝቡን አይወክልም ተብሎ ተነስቷል። አቶ አዲሱ ለገሰ ምነው ድምጻቸው ጠፋ,MultiParaDetox,MultiParaDetox,,True
am,Amharic,ህግ ማክበር የማይፈልግን ካልቀጠህና በዚህም ካልተስማማህ አንተ ምን ትባላለህ ደደብ ዘረኛ ካልተባልህ::,ህግ ማክበር የማይፈልግን በህግ ካልጠየቅክ እና በዚህም ካልተስማማህ አንተ ምን ትባላለህ ወገንተኛ ካልተባልክ,MultiParaDetox,MultiParaDetox,,True
am,Amharic,ለ10 አመት ተይዟል አለከው እንዴ አንተኮ ቆሻሻ ነህ አታፍርም,ለ10 አመት ተይዟል ብለክ እንዴት ልታሳምነው ትሞክራለህ,MultiParaDetox,MultiParaDetox,,True
am,Amharic,ለነገሩ ደደብ ላይሰማ መለፍለፍ ትርፍ ነው እንጅ እነግርህ ነበር የዛፎቹ ቢጤ ነው እንዳንተ አይነቱ ጠማማ እንጨት ነው የሚቆርጣቸው,ነገሩን የምትረዳው ቢሆን እነግርህ ነበረ ፤ እንደዛፎቹ የተንጋደዱት ሌሎቹን ሊጎዱዋቸው ይችላሉ,MultiParaDetox,MultiParaDetox,,True
am,Amharic,መረጃው ካለህ ለምን አትለቀውም አንተ ቀዳዳ ወዲ ሸርሙጣ,መረጃው ካለህ ለምን አትለቀውም,MultiParaDetox,MultiParaDetox,,True
am,Amharic,መተማ የአማራ ገበሬ ነው ድንበር ሲያስከብር የኖረው በወያኔ ዘመን ሱዳኖቹን ጥርሳቸውን እያለ እስካሁን አለ። የወያኔ ባንዳዎች ለሱዳን አግዘው ገበሬውን ሲገሉ፣ ክልሉን ሊሸጡ መረባረ,መተማ የአማራ ገበሬ ነው ድንበር መስከበር ስራ ለይ ሲሰተፍ  ኖረዋል።   በወያኔ ዘመን ከሱዳኖቹን ጋር እየተከከበበ ረ እስካሁን አለ።,MultiParaDetox,MultiParaDetox,,True
am,Amharic,መከላከያ ተከቦ ማን ነበር የደረሰላት አሁንስ ከፊት ሆኖ እየሞተና እየተፍለመ ያለው ማነው ከሀዲው አለቀቃህ እብይ አህመድ ስሙን በአደባባይ ጥርቶ አምስግኖት ነበር,መከላከያ ተከቦ ማን ነበር የደረሰላት አሁንስ ከፊት ሆኖ እየሞተና እየተፍለመ ያለው ማነው በወቅቱ የበላይ አመራሮችም ይህን አመሰግነዋል,MultiParaDetox,MultiParaDetox,,True
am,Amharic,መፅሀፍ ማለት አንቺ ተጋድመሽ እንዳሮጌ እርግብ አልጋላይ የምታጎላጂጂበት ማለት ሳይሆን እንደ ትጉህ ንብ በንቃት እወቀት የሚመጠጥበት ነው።,መፅሀፍ ማለት አንቺ እንደ ነገሩ ጋደም ብለሽ  ዝምብሎ የሚነበብ ሳይሆን እንደ ትጉህ ንብ በንቃት እወቀት የሚመጠጥበት ነው።,MultiParaDetox,MultiParaDetox,,True
am,Amharic,ሙኒራ ቤቲን አትመጥንም ለማለት ፈልገሽ ነው:: ቤቲ ጀግና በዚች interview መደረግ አልነበረባትም:: ሙኒራ ደግሞ ዘረኛ ናት,ሙኒራ ቤቲ ጋር መቅረብ የሚገባት አልነበረባትም ለማለት ፈልገሽ ነው:: ቤቲ ጀግና በርሷ interview መደረግ አልነበረባትም:: ሙኒራ ደግሞ ወገንተኛ ናት,MultiParaDetox,MultiParaDetox,,True
am,Amharic,ማነህ አንተ ስዩም፣ አንድ ሰው ከሞተ አብይ ስልጣን እለቃለሁ ብሏል ስትል አልነበረም?? የጅማውን እልቂት አልሰማህም?? የሆንክ ቱልቱላ ነህ,የሰው ነፍስ የሚጠፋ ከሆነ ጠ/ሚሩ ስልጣን እለቃለሁ ብሏል ብለህ ነበር ፤ የጅማውስ የሰው ሕይወት መጥፋት ምን ሊባል ነው ?,MultiParaDetox,MultiParaDetox,,True
am,Amharic,ምቀኛ፣ቡዳ ፣ሸርሙጣ፣ ሰፋሪ እሚባል እድፍ እሚወረወርብን የኛን ስነ ልቦና ለመዝረፍ ነው። እንኳን ዛሬ፡ በምድረ ቅጥረኛ ኮተት ጥንት ሙሶሊኒ በ,ይህ ሁሉ ስድብ  እሚወረወርብን የኛን ስነ ልቦና ለመዝረፍ ነው። እንኳን ዛሬ፡ ድሮም አልሰራ,MultiParaDetox,MultiParaDetox,,True
am,Amharic,ምነው የሚሳሳት አፍህን ብትዘጋው ኖሮ ፡፡ ግን አልቻላችሁም ፣ አልቻላችሁም ፣ እናም አሁን ዋጋ ስትከፍሉ ነው ደደብ ደደብ። በአንተ ላይ ቁ,ምነው ወይ ዝም ብትል ፡፡ግን አልቻላችሁም ፤ በዚህም ዋጋ ልትከፍሉ ነው,MultiParaDetox,MultiParaDetox,,True
am,Amharic,ምን አደረግንህ ግን? ያለ አቅምህ እንጣጥ ብለህ ሂደህ እንዲህ የምታዋርደን? አንተንስ ይጠፍጥፉህ ለእኛ መትረፍህ ነውጂ። Ethiopia,ምን ሆነህ ነው ግን? ያለ አቅምህ ሂደህ እንዲህ እስከሚያደርጉህ ድረስ? አንተንስ አንድ ፊቱን ገብተህበታል ፤ለእኛ ጭምር ተረፍክ።,MultiParaDetox,MultiParaDetox,,True
am,Amharic,ምድረ ደነዝ ሁሉ ጭንቅላቱ ሲጠብ ጭንቅላት ያላቸውን ሰዎች መደብደብ ያው ዝቅተኛነታቸውን ያሳያል:: ይኸው ነው የነታከለ ኡማና ሽመልስ ማፊያ ማደራጀት::,መሰብ አይችሉም  ሰዎች መደብደብ ያው የበታችነት ስሜት እንደ ሚሰማቸው ያሳያል::,MultiParaDetox,MultiParaDetox,,True
am,Amharic,ሰው ላይ ጣትህን አትቀስር በ21 ክፍለዘመን ጦርነት ማወጅ ማለት ዝቅጠት ነው።በሀሳብ ነው የምንነጋገረው ለዛም ነው social media የምንጠቀመው አሊያ ከpol,ሰው ላይ መጠቆም አያስፈልግም ፡፡ በ21 ክፍለዘመን በጦርነት ሳይሆን በሀሳብ ነው የምንነጋገረው ፤ በ social media ጭምር,MultiParaDetox,MultiParaDetox,,True
am,Amharic,ሰው በላው አውሬ ጀነራል አብርሃ ወልደማርያም (ኳርተር) ለዘላለሙ አሸልቧል::,ጀነራል አብርሃ ወልደማርያም (ኳርተር) ህይወቱ አልፏል፡፡,MultiParaDetox,MultiParaDetox,,True
am,Amharic,ሰፋሪ እሱ ድሮም ነበረ ኮተትሽን ይዛሽ ጎጃም ማሄድ ትችያለሽ,እሱ ድሮም ነበረ እቃሽ ይዛሽ ሀገርሽ ማሄድ ትችያለሽ,MultiParaDetox,MultiParaDetox,,True
am,Amharic,ሴትኮ ሁሉም ነገር ናት ሰለዚህ የተሳደብክ ከመሰለህ ተሳስተሀል ውሻ ደግም ታማኝ ነው ያሳደገውን ያውቃል ይልቅ የአንተ ባዶ ጭንቅላት ገረመኝ እርሲ ሀምሐም በለት ለታይ,ሴትኮ ሁሉም ነገር ናት፡ ውሻ ደግም ታማኝ ነው ያሳደገውን ያውቃል ይልቅ የአንተ ነገር ገረመኝ,MultiParaDetox,MultiParaDetox,,True
am,Amharic,ስለማይገባው ለማይረዳ አይምሮው ድፍን ለሆነ ሰው ይሄ ሁላ አያስፈልግም ሰሉዬ ሀፍተይ መተው ብቻ ??,ለማይገባው ለማይረዳ ሰው ይሄ ሁላ አያስፈልግም ሰሉዬ ሀፍተይ መተው ብቻ ??,MultiParaDetox,MultiParaDetox,,True
am,Amharic,ሺ መጋረጃዎችን ብትጠቀም እውነትን አቀብራትም። ውሻ።,ብዙ ምክንያቶችን ብታስቀምጥም እውነት እውነት ናት።,MultiParaDetox,MultiParaDetox,,True
am,Amharic,ቀባጣሪ ቆሻሻ ለስልጣንና ለገንዘብ አይንሽ የታዉረ ቆሻሻ የኤርሚያስ ገሰ ታናሽ እህት መቸም እንዳንች አይነቱ ገልቱ በጭብጨባ የሚሰክር ሰው ቦታ የላትም,ለስልጣንና ለገንዘብ እይታሽ ተከልሎ ጥሩ ነገር የለሽም፡፡ ጥሩ ቦታም አይኖርሽም,MultiParaDetox,MultiParaDetox,,True
am,Amharic,ቀድሞ ነበር እንጂ መጥኖ መደቆስ አሁን ምን ያደርጋል ድስት ጥዶ ማልቀስ። ጉራ ብቻ  ለዚሁ ነበር ያ ሁላ ፉከራ ???,ቀድሞ ነበር እንጂ መጥኖ መደቆስ አሁን ምን ያደርጋል ድስት ጥዶ ማልቀስ። ወሬ ብቻ ምንም አያሰራም፡ ተግበር,MultiParaDetox,MultiParaDetox,,True
am,Amharic,ቅርሻታምስ እንተው ራስስህ ነህ ከአፍህ የሚወጣው ይሽታል አስተሳሰብህም እንደዛው ነው ባለጌ ነህ አሳዳጊ የበደለህ። እደግመዋለውአዎ ይህ ወንድሞቹን የበላ አውሬ ነው ።,የምትናገረው ነገር ሰውን የሚያስከፋ ነው ፤ ስርአት የለህም,MultiParaDetox,MultiParaDetox,,True
am,Amharic,ቆሻሻ ባንዳ ጊዜ የሰጠህ መስሎህ በአምኒስቲ ጭምብል ታቀረሻለህ አደል።የጊዜ ጉዳይ ነው.,በአምንስቲ በኩል በዚህ ጊዜ ይህን ማለትህ ትክክል አይደለም,MultiParaDetox,MultiParaDetox,,True
am,Amharic,በሁለት ቀን ልዩነት የተለያየ ነገር መናገሩ ልያስገርመን አይገባም.ከመሀይምነቱ የተነሳ በአንድ አረፍተ ነገር ላይ ሁሉት ተቃራኒ ነገሮችን ይናገራ . ጌታቸው ረዳ በTMH,በሁለት ቀን ልዩነት የተለያየ ነገር መናገሩ ልያስገርመን አይገባም.ከለመወቁ የተነሳ በአንድ አረፍተ ነገር ላይ ሁሉት ተቃራኒ ነገሮችን ይናገራ,MultiParaDetox,MultiParaDetox,,True
am,Amharic,በህል አለም ነው ያለሀው አቶ ሾርት ሚሞሪ የምታወራውን እንኮን ለሰው ለራስህም አትድገመው መቼስ ጅል አይሙት ኢሳያስ የአሽከር አሽከር,በህል አለም ያለህ ያህል ነው ነገሮችን የምትረሳወ ፤ የምታወራውን ለራስህም ባትደግመው ይሻላል፡፡,MultiParaDetox,MultiParaDetox,,True
am,Amharic,በመንጋዊ ስሜት ሆ  ማለት : ምን ይዞ እየመጣ እንደሆነ እያየነው ነው። ብቻ መጨረሻው ያሳምረው,በህብረት ና  በስሜት መውትጣት  : ምን ይዞ እየመጣ እንደሆነ እያየነው ነው። ብቻ መጨረሻው ያሳምረው,MultiParaDetox,MultiParaDetox,,True
am,Amharic,በመጀመሪያ ደደብ አንተ ነህ ሲቀጥል ደግሞ ምን አባህ አገባህ መች እንደከፈትኩት አርፈህ እዛዉ በለስህን ብላ ቀለዋጭ።,በመጀመሪያ አንተ ነህ ነገር የማይገባህ ሲቀጥል ደግሞ ምን  አገባህ መች እንደከፈትኩት,MultiParaDetox,MultiParaDetox,,True
am,Amharic,በኢትዮጵያን አባባል በጣም ደደብ እና ውሸታም ነህ።,በኢትዮጵያን አባባል መልካም ሰው አይደለኸም፡፡,MultiParaDetox,MultiParaDetox,,True
am,Amharic,በኢንሳ ውስጥ የሰዎችን ዶክመንት ሲበረብር ለኖረው ሰው ይህ ቀላል ነው። ማፈሪያ,በኢንሳ ውስጥ የሰዎችን ዶክመንት በመመርመር ልምድ ላለው ሰው ይህ ቀላል ነው።,MultiParaDetox,MultiParaDetox,,True
am,Amharic,በዳንኤል ብርሃኔ ቁንጥጫ እና ግልምጫ በእንክብካቤ ያደገዉ የበፊቱ የhorn affair አምደኛ እና ተላላኪ፤ የዘንድሮዉ ሁሉን አዋቂ ተንታኝ አቶ ስዩም ተሾመ ወጥ አረገጠም ወይ??,ከእነ ዳንኤል ብርሃኔ ጋር በፊት በ horn affair አምደኛ ፤ አሁን ላይ ደግሞ የተለያዩ ጉዳዮችን ተንታኝ አቶ ስዩም ተሾመ አልተሳሳተም ወይ??,MultiParaDetox,MultiParaDetox,,True
am,Amharic,በፍጹም። አንድ ነገር ልጠይቅህ አብይ አህድ ቡዙነገር ሲተነትን አፍ ያስከፍታል። እንዴት ነው ግን የዚህ ሁሉ ህዝብ እልቂት እንደሰው እማያስቆጣው? ማስቆም እንኳ ባይ,አንድ ነገር ልጠይቅህ አብይ አህድ ቡዙነገር ሲተነትን ቀላል የማይባል አድማጭ አለው። እንዴት ነው ግን የዚህ ሁሉ ህዝብ እልቂት እንደሰው እማያስቆጣው? ማስቆም እንኳ ባይ,MultiParaDetox,MultiParaDetox,,True
am,Amharic,ባለጌ ለመሆንሺ ምሰክር አያሻኝም ሰው ሰላልሆንሺ አሉ ብለሺ አወራሺ ማንም በሴትነቱ በሰውነቱ ይከበራል,ለስርአት ተገዢ እንዳልሆንሽ ተረድቼአለሁ፡፡ ማንም በሴትነቱ በሰውነቱ ይከበራል,MultiParaDetox,MultiParaDetox,,True
am,Amharic,ባንዳ የባንዳ ልጅ ቤተ መንግስት አስቀምጠህ ሴራህን እየጎነጎንህ በጎን የተለመደ ኢትዩጲያዊ ስብከትህን ትነዛለህ,ኢትዮያን የማይደግፉ ሰዎች ጋር እስከ ቤተ መንግስት ድረስ አብረህ እየሰራህ በሌላ በኩል ኢትዮጵያዊ ወግ ስታነሳ ሰው ብዙም ላያምንህ ይችላል,MultiParaDetox,MultiParaDetox,,True
am,Amharic,ቤቲ LTV ፈጣሪ ጎረቤትህን እንደራስህ ውደድ ይላል። የፖለቲካ ልዩነትም መብት ነው። ልዩነታችን በመከባበር ቢሆን ሀገራችን ዘላቂ ሰላም ታገኛለች። የጥላቻ ዘመቻ ግን ለራስሽም ለሀገርም አይጠቅምም።,ቤቲ LTV ፈጣሪ ጎረቤትህን እንደራስህ ውደድ ይላል። የፖለቲካ ልዩነትም መብት ነው። ልዩነታችን በመከባበር ቢሆን ሀገራችን ዘላቂ ሰላም ታገኛለች። ከዚህ ባለፈ ልዩነትን የሚያሰፉ ነገሮች ላይ ማተኮር ግን ለራስሽም ለሀገርም አይጠቅምም።,MultiParaDetox,MultiParaDetox,,True
am,Amharic,ብሌን ይሄ ሰው የአማራ ፍፁም ጠላት እንደሆነ ብዙ መረጃ አለኝ። He is just useless የምትወጅው ከሆነ ይቅርታ። ፕሮፌሰር አስራት ወልደየስን ያስያዘ እሱ ነ,ብሌን ይሄ ሰው ለአማራ ህዝብ ብዙ የሚጠቅም ሀሳብ እንሌለው በመረጃ ጭምር መናገር እችላለሁ፡ ከይቅርታ ጋር,MultiParaDetox,MultiParaDetox,,True
am,Amharic,ተይ ቢሏት የማትሰማ ደነዝ ነገር ናት: ጡዛ እየመጣች የምትለውን እንኩዋን ላይታ የማታውቅ ድንዙዝ ናት: ጭራሽ ለምን ታቅፏት አይዞርም ይቺን ጋለሞታ,ተይ ቢሏት የማትሰማ ልጅ ናት: ዝም ብላ እየመጣች የምትለውን እንኩዋን ላይታ የማታውቅ : ጭራሽ ለምን ታቅፏት አይዞርም,MultiParaDetox,MultiParaDetox,,True
am,Amharic,ታሟል የሚያውቅለት ዘመድ አጣ እንጂ ይኸን ደነዝ ማጥመቅ ሳይሆን አሰሮ 80ጊዜ መግረፍ ነበር,ችግሩን የሚረዳ  ዘመድ አጣ እንጂ እሱ በጤና ያለ አይመስለኝም,MultiParaDetox,MultiParaDetox,,True
am,Amharic,ታዲያ ለሱዳን ሲሆን እንደ ውሻ ጭራህን ቆልፈህ ቁጭ አልክ? የሚያግዝ የኢትዮጵያ ወታደር የሻቢያ ወታደር የሁሉም ክልሎች ልዩ ሀይል,ታዲያ ለሱዳን ሲሆን ለምን ዝም ማለት መረጥክ? የሚያግዝ የኢትዮጵያ ወታደር የኤርትራ ወታደር የሁሉም ክልሎች ልዩ ሀይል,MultiParaDetox,MultiParaDetox,,True
am,Amharic,ታዲያ አንተ ተጋሩ ፕጅ ላይ ምን ታደርጋለህ???,ታዲያ አንተ እዚህ ፕጅ ላይ ምን ታደርጋለህ???,MultiParaDetox,MultiParaDetox,,True
am,Amharic,ትንታኔ ዘጋኝ???? ፓለቲካዉንም እኮ እንደዚህ እየተነተናችሁ ነዉ አገሪቱን ዱቄት ያደረጋችሗት።,ትንታኔ ትጠላለህ???? ፓለቲካዉንም እኮ እንደዚህ እየተነተናችሁ ነዉ አገሪቱን እንዳይሆን ያደረጋችሗት።,MultiParaDetox,MultiParaDetox,,True
am,Amharic,አሁን በዚህ ሪፖርት ምኑ ነው ዋዜማን የወያኔ አፍ የሚያስብለው? የጠቅላዩን ስብከት ብቻ መስማት ለሚፈልግ ዋልታ፣ ፋና፣ ኢቢሲ . አሉ።,በዚህ ሪፖርት ውስጥ ዋዜማን እንደዚያ የሚያስብል  ነገር ያለ አይመስለኝም? የአንደ ወገን ሀሳብ ብቻ መስማት ለሚፈልጉ የመንግስ ሚዲያዎችን መስማት ይችላል፡፡,MultiParaDetox,MultiParaDetox,,True
am,Amharic,አሁን ይህ ምኑ ይነገራል?ምኑስ ይጠቅማል ኧረ ወዲያ? በተራ የሰፈር ጠብ እንኳ ሰው ይጠነቀቀቃል የምር አትውረድ,ይኸ ለመናገርም አይመችም፤ ጥቅምም የለውም፤ ክብርህን መጠበቅ ያለብህ አንተ ነህ,MultiParaDetox,MultiParaDetox,,True
am,Amharic,አምባገነን መሪ የተቃወሙትን ሁሉ ያስራል አለ ያገሬ ሰው አሽቃባጭ ።,አምባገነን መሪ የተቃወሙትን ሁሉ ያስራል አለ ያገሬ ሰው,MultiParaDetox,MultiParaDetox,,True
am,Amharic,አሳረረን እኮ እግዚአብሔር ይድፋው እሄ እርኩስ ደግሞ አይመረጥም,አስመረረን እኮ እግዚአብሔር ፍርዱን ይስጠው,MultiParaDetox,MultiParaDetox,,True
am,Amharic,አስቸኳይ በ ባቲ ከተማ ዛሬ ከቀኑ 10:00 ላይ ተመሳሳይ በህዝብ ላይ የ ፈንጂ(bomb)ጥቃት ሊፈፅሙ የተዘጋጁ አረመኔዎች በቁጥጥር ስር ዉለዋል,በ ባቲ ከተማ ዛሬ ከቀኑ 10:00 ላይ ተመሳሳይ በህዝብ ላይ ከፊተኛ ጥቃት ሊፈፅሙ የተዘጋጁ ሰዎች በቁጥጥር ስር ዉለዋል,MultiParaDetox,MultiParaDetox,,True
am,Amharic,አቤት ከተቀደዱ አይቀር እንደ አሉላ ነው። ምንድነው የሚያጨሰው በማርያም,አቤት አሉላ እንዴት ነው የሚያጋንነው ፡፡ ምንድነው እንዲህ የሚያናግረው,MultiParaDetox,MultiParaDetox,,True
am,Amharic,አብሮ መኖርን አውሪ ጥላቻን አትስበኪ የብዙሐን ሀገር ናት ኢትዮጵያ በጭንቅላት እደጊ,አብሮ መኖርን ነው ማውራት ያለብሽ የብዙሐን ሀገር ናት ኢትዮጵያ,MultiParaDetox,MultiParaDetox,,True
am,Amharic,አብይ አህመድ በሳሎን ውሻው ተመስገን ጥሩነህ በኩል ምስኪን የጎንደር ገበሬዎችን በስሜት እየገፋ እና በኃይል እያስገደደ : ዘመናዊ እና ከባድ,አብይ አህመድ በተመስገን ጥሩነህ በኩል የጎንደር ገበሬዎች ተጽኖ እይደረገበቸው ነው,MultiParaDetox,MultiParaDetox,,True
am,Amharic,አብይ አህመድ ጨካኝ ነው:: ከሱ ጋር ሲወዳደር መንግስቱ ኀ/ማርያም የመጨረሻ ሩህሩህ አይደለም እንዴ::?? ከአብይ አንፃር መንግስቱ ደግና ሰፍሳፋ ሆኖ ነው ያገኘነው:: አብይ ህፃና,ከ ጠ/ሚ አብይ አህመድ አንፃር ፡ መንግስቱ ኀ/ማርያም ሩህሩህ እና ደግ ሰው እንደሆነ ነው እኔ የምረዳው፡፡,MultiParaDetox,MultiParaDetox,,True
am,Amharic,አብይ እና ጀሌዎቹ ግን ሁሉም ሰው እንደነሱ ደደብ ይመስላቸዋል ልበል? ??,አብይ እና ደገፊዎቹ ግን ሁሉም ሰው እንደነሱ ይመስላቸዋል ልበል? ??,MultiParaDetox,MultiParaDetox,,True
am,Amharic,አንተ ምን አፍ አለህ ከዚህ በዋላ። ጠባብ ዘረኛ።,አንተ ምን ማለት ትችላህ ከዚህ በዋላ። ወገንተኛ ነህ,MultiParaDetox,MultiParaDetox,,True
am,Amharic,አንተ ሰውዬ አይንህም ልብህም ተሰውሮ እንዴት ትችለዋለህ? ያንተ ይለያል ደሞ ልቦና ይስጥህ ውይ ይቅርታ አይንህን ያብራልህ,አንተ ሰውዬ አይንህም አስተውል እንጅ? ያንተ ይለያል ደሞ ልቦና ይስጥህ ፡ አይንህንም ያብራልህ,MultiParaDetox,MultiParaDetox,,True
am,Amharic,አንተ ሽንታም መጀመሪያ አርፈህ አትቀመጥም ነካክተህ ስትኮረኮም እዬዬ አይሰራም። ከብት,መጀመሪያ ሌሎች አንተን እንዳይነኩህ፤ አንተም እነርሱን ማክበር ከዚያ ውጭ ያለው ነገር ተገቢነት የለውም,MultiParaDetox,MultiParaDetox,,True
am,Amharic,አንተ ነህ እንጂ ዲቃላ እሱስ አህመድ አሊ ሚባል አባት ነበረው በነገራችን ላይ እጅና እግራቹ አጥሯል አሁን የቀረው አልሞት ያለው ምላሳቹ ነ,እሱስ አህመድ አሊ ሚባል አባት ነበረው እንዳነተ አይደለም፡፡ በነገራችን ላይ አሁን ድጋፍ የምታገኙበት እድል ተመናመኗል፤ ምናልባት ከማውራት የዘለለ ምንም አታደርጉም,MultiParaDetox,MultiParaDetox,,True
am,Amharic,አንተ ውሸታም እንደውም ከገዳዮቹ አንዱ ሳትሆን አትቀርም አውሬ ነገር,የተናገርከው እውነት አይደለም  እንደውም በዚህ ነገር ውሥጥ ስላለመኖርህ ማረጋገጥ አይቻልም,MultiParaDetox,MultiParaDetox,,True
am,Amharic,አንተ ውሻ በቅርብ ሞትህ ያሳየኝ ጌይታየ አንተ ውሸታም ሳጥናኤል መቸም ሙተህም እንዱሰው አትከብርም ሲኦል ትገባታለህ እንጂ የንፁሀኑ ደም እሳት ሁኖ ካላነደደህ,ያንተን መጨረሻ ያሳየኝ ፤ ፈጣሪ ፍርዱን ይስጥ,MultiParaDetox,MultiParaDetox,,True
am,Amharic,አንተ የሸርሙጣ ልጅ ጠብቅ አንተም አብይም ዋጋችሁን ታኛላችሁ,አንድ ቀን አንተም አብይም ዋጋችሁን መክፈላችሁ አይቀርም,MultiParaDetox,MultiParaDetox,,True
am,Amharic,አንተ የጠንቃይ ልጁ ደም መጣጭ የምት ፈርድ የምታገኝበት ሩቅ ኣይደለም አንተ ዲቃላ,በሰዎች ላይ አትፍረድ ፤ እንዳይፈረድብህ,MultiParaDetox,MultiParaDetox,,True
am,Amharic,አንተን ነው ተንኮሉ። ቢኒያም ምንም አላረገም ??,አንተን ነው ማነህ። ቢኒያም ምንም አላረገም ??,MultiParaDetox,MultiParaDetox,,True
am,Amharic,አንቺ መተተኛ እዚህ ምን ታደርጊያለሽ? መጀመሪያ አንቺም መሪሽም መች እውነት ታውቃላችሁ,አንቺ ደግሞ እዚህ ምን ታደርጊያለሽ? መጀመሪያ አንቺም ሆነ መሪው መች እውነታውን ትናገላችሁ,MultiParaDetox,MultiParaDetox,,True
am,Amharic,አንች ሸሌ ምን አባሸ እየሰራሸ ነው የፍትህ ስራቱ እንደዚህ የተጨማለቀው,አንች አለሽ ተብሎ የፍትህ ስርአቱ እንደዚህ መሆኑ ይገርማል,MultiParaDetox,MultiParaDetox,,True
am,Amharic,አንድ ነገር ይገርመኛል ኑሮን ለማሸነፍ ነብሱን አሰይዞ በባህር አረብ ሀገር የገባውን ምሰኪን አሸባሪ ብሉ ሰቃዩንይሰቃይ ብሎ የፈረደበት የሀገር መሪ እንዴት ነው መሪ ይሆነኛል በየ,አንድ ነገር ይገርመኛል ኑሮን ለማሸነፍ ነብሱን አሰይዞ በባህር አረብ ሀገር የገባውን ምሰኪን አታስፈልግም ብሎ የረሳውን መሪ እንዴት ነው መሪ ይሆነኛል በየ,MultiParaDetox,MultiParaDetox,,True
am,Amharic,አንገትህ ድንጋይ ተሸክሞ መዞሩ ብቻ ነው የሚያሳዝነኝ። ሌላውስ እዳው ገብስ ነው። ቆማጣ,አንገትህ ምስል ተሸክሞ መዞሩ ብቻ ነው የሚያሳዝነኝ። ሌላውስ እዳው ገብስ ነው,MultiParaDetox,MultiParaDetox,,True
am,Amharic,አይ እስከሚቀጥለው ክሪስትማስ ይቆያል እንጂ ለምን ይነሳል ልበልህ? ዱቄታም??????,አይ እስከሚቀጥለው ክሪስትማስ ይቆያል እንጂ ለምን ይነሳል ልበልህ ?,MultiParaDetox,MultiParaDetox,,True
am,Amharic,አፈር ብይ አሮጊት አንቺ አሁን አምሮብሽ ነው እምታቀሳስሪው ባለጌ ካሃዲ የነዚህ እንባ ይፋረዳችሁ አቺም ብስብስ አሮጊ በዚህ እድሜሽ ወደ ቤተክርስትያን እንጂ,ከአንቺ ይኸ አይጠበቅም ነበር ፤ የነዚህ እንባ ይፋረዳችሁ ፤ አንቺም በዚህ እድሜሽ ወደ ቤተክርስትያን እንጂ,MultiParaDetox,MultiParaDetox,,True
am,Amharic,እረ ባካችሁ በልክ አድርጉት እኛ እናቃጥራለን እነሱ ንቀታቸው አይጣል ነው ጉራ ብቻ,እረ ባካችሁ በልክ አድርጉት እኛ እንለፈልፋለን እነሱ ምንም ትኩተረት ላይሰጡት ፤ ዝም ብሎ ራስን ከፍ ማድረግ ትርጉም የለውም,MultiParaDetox,MultiParaDetox,,True
am,Amharic,እረ ጌታቸው እግዚአብሔር በጣም እድል እየሰጠክ ልብህን ምናለ እንደ ፈርሆን ባታደነድነው??እስከ ዛሬ ለፈፀማችሁት በደል ጭፍጨፋ ሁሉ እግዚአብሔር ማሀሪ ይቅር ባይ ነ,እረ ጌታቸው እግዚአብሔር በጣም እድል እየሰጠክ ልብህን ምናለ ባታደነድነው??እስከ ዛሬ ለፈፀማችሁት በደል መሀሪው እግዚአብሄርን በንስሀ ብትጠይቁ,MultiParaDetox,MultiParaDetox,,True
am,Amharic,እቤተ መንግሥት ሲመለሱ ከባለ ቤትዋ ጋር አንደ ፎቶ ተነሱ ና ጠላት ደሰ አይበለውና ለአውሪው የምግብት።,ከቤተመንግስት ከባለ ቤትዎ ጋር አንድ ፎቶ ተነስተው ቢታይ,MultiParaDetox,MultiParaDetox,,True
am,Amharic,እነደግም ሰው መስለከኝ ለካ ሳር የሚበላ የሰው እሰሳ ነክ ካድሬ ጠላሁ,ጥሩ ሰው ትመስለኝ ነበረ ፤ ለመንግስት ሹም ጥሩ አመለካከት ላይኖረኝ ነው,MultiParaDetox,MultiParaDetox,,True
am,Amharic,እናንተ አይደላችሁም እንዴ እዚህ የደረሳችሁን ። አረ እፈር ዮሆንክ እስስት,እናንተ ናችሁ እዚህ ያደረሳችሁን ፡ በዚህ ልትኮራ አይገባም,MultiParaDetox,MultiParaDetox,,True
am,Amharic,እኔም አላስጨፈጨፈንም አላልኩም.ነገር ግን አንተ ፍሪኩን እንዳቆለጳጰስከው መልአክ አላረኩትም.ቢያቅርህም ዋጠው የመቀሌው,እኔም ችግር አልፈጠረም አላልኩም .ነገር ግን ያንውን አንተ እንዳሞገስከው አላረኩትም.ባይዋጥልህም ይኸው ነው,MultiParaDetox,MultiParaDetox,,True
am,Amharic,እንደ አንተ አይነቱን ከሀዲ ገጠመው ምን ያድርግ ብለህ ነው,አንተ በቃል ካልተገኘህ እሱ ምን ያድርግ ብለህ ነው,MultiParaDetox,MultiParaDetox,,True
am,Amharic,እንደውም ፓለቲካ ውስጥ ምን ትስራላችሁም ተብለናል ጠንክረን መማርና መስራት ይጠበቅብናል ለቅሶን ለለቅስኖች መተው አለብን  ሃሃሃ,ፓለቲካ ውስጥ ምንም አትሰሩም ተብለናል፡፡ጠንክረን መማርና መስራት ይጠበቅብናል ሌላውን ለሚመለከተው በመተው,MultiParaDetox,MultiParaDetox,,True
am,Amharic,እንዳንተ ለሆዱ አድሮ ኢትዮጵያን ለውጭ የሚዲያ ሀብታም የሚሸ ጥንብ የለም ጥንብ ብቻ።,እንዳንተ ራስወዳድ በመሆን የኢትዮጵያን ጉዳይ ለውጭ የሚዲያ ሀብታም አሳልፎ የሚሰጥ ሰው የለም,MultiParaDetox,MultiParaDetox,,True
am,Amharic,እንዳንተ አይነቱ ደደብ ቢያጠፋም ባያጠፋም በቀን አንዴ መመከር እበት,ለአንተ  በቀን አንዴ ምክር መስጠት ሳያስፈልግ አይቀርም,MultiParaDetox,MultiParaDetox,,True
am,Amharic,እዩት እሄን ጅል.አሁን በዚህ ሰአት ማምለክ ይሻላል ወይስ ስሙ ይቀየርልኝ ብሎ ማላዘን ??,እዩት እሄን ሰው.አሁን በዚህ ሰአት መቀበል ይሻላል ወይስ ስሙ ይቀየርልኝ ብሎ መጮህ ??,MultiParaDetox,MultiParaDetox,,True
am,Amharic,እያንዳንዱ የጦቢያ አምባሳደር ሚስቱ ልጆቹ የስጋ ዘመዶቹ ይዞ ወደ ቲዊተር ጦር ግንባር እንዲዘምት ቢደረግም የዲፕሎማሲ ድል ከየት ይገኝ:: እሪሪሪሪሪሪ ደመቀ መኮንን እሪሪሪሪሪሪ አብይ አህመድ,እያንዳንዱ የጦቢያ አምባሳደር ሚስቱ ልጆቹ የስጋ ዘመዶቹ ይዞ ቲዊት እንዲይደርግ ቢደረግም የዲፕሎማሲ ችግር መፍታት አልተቻለም,MultiParaDetox,MultiParaDetox,,True
am,Amharic,እጅግ ማፈሪያ የሆንከው አንተነህ ይልቅስ የማፈሪያ ስብስብ ደግሞ በጣም ሚያስቀኝ የዚህ የሚያረገው ግላቭ ነገር ነው ኮሮናን መከላከሉ ነው ኮሮና የሆነ ሰው እራስ ወዳድ፤ ህፃናት,ገራሚ የሆንከው አንተነህ ይልቅስ ደግሞ በጣም ሚያስቀኝ የዚህ የሚያረገው ግላቭ ነገር ነው ኮሮናን መከላከሉ ነው ፤ እራስ ወዳድ,MultiParaDetox,MultiParaDetox,,True
am,Amharic,ኦኦፕፕስስ የሆክ ለማኝ እከክሲጀመር መንግስትን ከአንድ ሌባ ማፊያ ቡድን ታወዳድራለህ???? ለነገሩ አይፈረድብህም የልመና ስነልቦና ነው ያለህ ለማኝ ለአብይ ትዊት አንበሳ,መጀመሪየዉኑ መንግስትን ከአንድ አነስተኛ ቡድን ጋር ማወዳደርህ ትክክል አይደለም፡፡,MultiParaDetox,MultiParaDetox,,True
am,Amharic,ከህዝቡ ጀርባ ሆነህ እንደ ውሻ ከምትጮህ እንደ ጀግናው መከላከያ ዘራዊት ፊት አውራር ሆነህ ለምን አትፋለምም ደነስ ሁላ,ከኋላ ሆነህ ሀሳብ ብቻ ከምትሰጥ ከመከላከያ ሰራዊት ጎን መሰለፍና ማገዝ ይቻላል,MultiParaDetox,MultiParaDetox,,True
am,Amharic,ከማነው አሁን ሚታገለው? ከወንድሙ? ወጣ ብሎ ጠላት አጥቅቶ ያቃል? መንደር ውስጥ ማንን ለማጥቃት? ቱልቱላ ብቻ,ከማነው አሁን ሚታገለው?  ከራስ ወንድም ጋር መታገል ምንም  ትርጉምና ውጤት የለውም፡፡,MultiParaDetox,MultiParaDetox,,True
am,Amharic,ከተወሰኑ ዓመታት በፊት ጨካኝ ተች ነበርኩ ምክንያታዊም አልነበርኩም ከዚያ የመንግስት ሰራተኛ ሆንኩ አገሪቱን ዞሬ አየሁ ማህበረሰቡን ቀርቤ አደመጥኩ ችግራችን ቀላ,ከተወሰኑ ዓመታት በፊት ብርቱ ተች ነበርኩ ምክንያታዊም አልነበርኩም ከዚያ የመንግስት ሰራተኛ ሆንኩ አገሪቱን ዞሬ አየሁ ማህበረሰቡን ቀርቤ አደመጥኩ,MultiParaDetox,MultiParaDetox,,True
am,Amharic,ከናንተ እንካን ጥሩ አንጠብቅም ግን ሰው ከሆንክ ትንሽ ሰብኣዊነት ካለህ ድምጽ እንካን ባትሆነን አፍህ,ካንተ ብዙ ባልጠብቅም ቢያንስ በሰብአዊነት ድምፅ እንኳን መሆን ባትችል ተቃውሞ አያስፈልግም,MultiParaDetox,MultiParaDetox,,True
am,Amharic,ከአብይ አህመድ ከሚባል አውሬ ጋር ተባባሪ ስለሆንሽ አንድ ቀን ትጠየቂያለሽ። እንዴት ህሊናሽ ፈቀደልሽ? ባይበላስ ቢቀር?,ከእርሱ ጋር ተባብረሽ  በመስራትሽ  አንድ ቀን ተጠያቂ ልትሆኝ እንደምትችይ ማወቅ አለብሽ ፡፡,MultiParaDetox,MultiParaDetox,,True
am,Amharic,ከፊትህ እየተጨፈጨፉ ላሉት መጀመርያ መቼ ጮህክ አንተ አስመሳይ ሰለፊ? አክራሪነትን ለማስፋፋት የታሪክ ሪቪዥን ለማድረግ ውስጥ ለውስጥ እንደምትሰሩ ስለምናውቅ በነገሥታ,ከፊትህ እየተጎዱ ላሉት መጀመርያ መቼ ጮህክ ? የረሳችሁን ሀሰብ ለማስፋፋት  ውስጥ ለውስጥ እንደምትሰሩ እነውቃለን,MultiParaDetox,MultiParaDetox,,True
am,Amharic,ክልል መፈንቅለ መንግስት ይደረጋል? መረጃችሁን አስተካክሉ:: የሴራ ዜና ከጠሚ ቢሮ እየተቀበላችሁ ህዝብ አታምታቱ,ክልል መፈንቅለ መንግስት ሊያደርግ ይችላል? መረጃችሁን አስተካክሉ:: ሌላ ዜና ከተሰሰተ ምንጭ እየተቀበላችሁ ህዝብ አታሳስቱ,MultiParaDetox,MultiParaDetox,,True
am,Amharic,ክፉ ሰው ቤተሰብን የሚያፈርስ ሰይጣን ብቻ ነው።,ቤተሰብን የሚያፈርስ ጥሩ ያልሆነ ሰው ብቻ ነው።,MultiParaDetox,MultiParaDetox,,True
am,Amharic,ኮተታም አሁን አተ ሰዉ ነህ ጭቅላትህ ሆድህ ነዉ ኤርሚያስን ለመተቸት ሞራል የለህም የአበበ ገላዉ የዉሸት ማስረጃ ማን ይሰማዋል,አንተ ራስ ወዳድ ነህ፤ ኤርምያስን የሚያስተችህ ነገር የለም፤ የአበበ ገላው ያልተረጋገጠ ማስረጃ መን ይቀበለዋል,MultiParaDetox,MultiParaDetox,,True
am,Amharic,ወንጀሎች እንደልባቸው የሚፈነጩባት አገር ማየት ኣንፈልግም መንግሥት አደብ ያስገዛልን ነው ያልከው ??? ኢትዮጵያ ውስጥ ከአብይ በላይ ወንጀለኛ የለም,ወንጀሎች እንደልባቸው የሚፈነጩባት አገር ማየት ኣንፈልግም መንግሥት አደብ ያስገዛልን ።,MultiParaDetox,MultiParaDetox,,True
am,Amharic,ውሾች የማንም ወሮበሎች ከገደሉ መንግሥት ነው ማለት ምን ማለት ነው አንተም ተጨመር ደደብ።,ሌሎች በፈፀሙት ጥቃት መንግሥትን መውቀሰ አይገባም::,MultiParaDetox,MultiParaDetox,,True
am,Amharic,ዛሬ የኛ ሰፈር መብራት ሃይል ብራች የምሽት ተረኛ ሰራተኛው ህፃን ልጁን ይዞ ነው መሰለኝ ስራ የሄደው ፣ መብራቱን ብልጭ ድርግም እያረገው ነው።,ዛሬ የኛ ሰፈር መብራት  ብልጭ ድርግም ሲል ህፃን ልጅ እያበራና እያጠፋ የሚጫወትበት ነው የሚመስለው፡፡,MultiParaDetox,MultiParaDetox,,True
am,Amharic,የሆንህ የታሪክ አተላና ገገማ ነህ  በጣም ነው የምታናድደን ኩበት,ነገሮች ቶሎ የሚገቡህ ጥሩ ሰው አደለህም ፤ ታናድዳለህ,MultiParaDetox,MultiParaDetox,,True
am,Amharic,የሰይጣን ሁሉ ሰይጣን፣ የኢትዮጵያ ትልቁ ነቀርሳ በመጨረሻ ታነቃለ።????,የኢትዮጵያ ትልቁ ችግር በመጨረሻ ተቀረፈ።????,MultiParaDetox,MultiParaDetox,,True
am,Amharic,የቀን ጅብስ አንደ አንቺ አይነቶቹ ናቸው፣ ስው የሚይርዱት ፣ ስው የሚያቃጥሉት እና የሚጭፍሩት መደመር እና መቀነስ ተማሪ ቡዳ,የመልካም አስትደደር ችግር ያለባቸው እንደ አንቺ አይነቶቹ ናቸው፣ ለሰው አዘኒታ የሌላቸው,MultiParaDetox,MultiParaDetox,,True
am,Amharic,የት አባቱ ይደርሳል ይሄ የድንጋይ ዘመን ፋራ:: ብሎክ በማድረግ ማሳፈር ነው:: መልስ አያስፈልግም,የትም አይደርስም ፣ ነገር ቶሎ የማይገባው ብሎክ ማድረግ እንጂ መልስ መስጠት አያስፈልግም,MultiParaDetox,MultiParaDetox,,True
am,Amharic,የነሱ ነገር ከባድ ነው እጃቸው እግራቸው እረዝም ነው እሱ ድሮም የነሱው ነበር አሁንም የነሱ ነው ስለዚህ ኢትዮጵያበከሀድነት ልትፈርጀው ይገባል አስመሳይ ሰ,የነሱ እጃቸውም እግራቸውም እረጅም ነው እሱ ድሮም አሁንም የነሱ ነው ፤ ኢትዮጵያ እሱን ለሀገሩ ታማኝ ባለመሆን ልትጠይቀው ትችላለች፡፡,MultiParaDetox,MultiParaDetox,,True
am,Amharic,የኔ ብቻ የተዘጋ መስሎኝ ሁላችንንም ነው እንዴ የሞከረን አብሽሮ ሌላ አካውንት በርግደን እንቃወመዋለን የዲቃላልጅሞኝክንፈልግ,የኔ ብቻ የተዘጋ መስሎኝ ሁላችንንም ነው እንዴ የተዘጋው አብሽሮ ሌላ አካውንት ከፍተን እንተቀማለን,MultiParaDetox,MultiParaDetox,,True
am,Amharic,የኢትዮጲያን ስደተኞች በስር እየተሰቃዩ በሳውድ እናተ ግን ደልቷችሁ ሽርርር ትላላችሁ ይገርማን በመቶ ሺ እሚቆጠር ኢትዮጲያዊያን እርቃናቼውን በብርድ በሙቀት በም,የኢትዮጲያን ስደተኞች በስር እየተሰቃዩ በሳውድ በመቶ ሺ እሚቆጠር ኢትዮጲያዊያን እየተጉዱ እናንተ ግን በሳውድ ይህን በማያሳይ ሆኔታ ነው የታያችሁት፡፡,MultiParaDetox,MultiParaDetox,,True
am,Amharic,የኦሮሞ መብት እንዲነካ ማንም አይፈልግምና የኢትዮጵያ ህዝብ በሙሉ ኦነግ ይሆናል,የኦሮሞ መብት እንዲነካ ማንም አይፈልግም  ፤ የኢትዮጵያ ህዝብ በሙሉ ግን ሌላ ማንነት ሊሰጠው አይገባም ፡፡,MultiParaDetox,MultiParaDetox,,True
am,Amharic,የጅል ክርክሩ ውስጥ ኮ ሌላ ስም ፕሮፖስ በማድረግ ራስህን መዶል ብቻ ሳይሆን ዙሩንም አከረርከው - ሰላም ሚንስትር ስታይል conflict resolution,ክርክሩ ውስጥ ኮ ሌላ ስም ፕሮፖስ በማድረግ ራስህን ማስገባት ብቻ ሳይሆን ዙሩንም አከረርከው - ሰላም ሚንስትር ስታይል,MultiParaDetox,MultiParaDetox,,True
am,Amharic,የፍርድ ጊዜ አይደርስ መስሏት ትደነፋች ከፋፈልኩ ብላ ልቧ ዉልቅ ብሏል፤ገመድ አፍ ነገር,የፍርድ ጊዜ አይደርስ መስሏት ትቆጣለች,MultiParaDetox,MultiParaDetox,,True
am,Amharic,ይሄ ሰውየ ምርኮኛ ብቻ ነው ወይ?? በMig - 23 ብዙ ሰላማዊ ሰው ሆን ተብሎ ተደብድቦ ተገለዎል ቆስለዋል . ስለዚ ወንጀለኛም ጭምር የመ,ይሄ ሰውየ ምርኮኛ ብቻ ነው ወይ?? በMig - 23 ብዙ ሰላማዊ ሰው ሆን ተብሎ ጉዳት ደርሶባቸዋል. በዚህ ውስጥ እሱ የለበትም?,MultiParaDetox,MultiParaDetox,,True
am,Amharic,ይሄን ሁላ ነገር በእንግሊዝኛ ስላልተናገረችው እና ሰብሰብ ብለን እንደምንጠላት ማወቄን ስነግራችሁ በደስታ ነው።,ይሄን ሁላ ነገር በእንግሊዝኛ ስላልተናገረችው እና ሰብሰብ ብለን እርሰዋን እንደማንወዳት መረዳቴን ልነግራችሁ እችላለሁ,MultiParaDetox,MultiParaDetox,,True
am,Amharic,ይህ ላንተና ለአስመሳይ ካድሬ ብቻ የሚሰራ ፕሮፖጋዳ ነው፡፡,ይህ ላንተና ለዳገፈዎቹ  ብቻ የሚሰራ ወሬ ነው፡፡,MultiParaDetox,MultiParaDetox,,True
am,Amharic,ይድረስ ለ ዘረኛው ዲቃላ  . መስሎህ እንጅ ነገ ሌላ ቀን ነው ።,ተራጋጋ መስሎህ እንጅ ነገ ሌላ ቀን ነው ።,MultiParaDetox,MultiParaDetox,,True
am,Amharic,ደግነት በሌላ ሰው ወይም የወል ንብረት ላይ : ለዛውም ሳያስፈቅዱ ይሸክካል ::,ደግነት በሌላ ሰው ወይም የወል ንብረት ላይ : ለዚያውም ሳያስፈቅዱ ትክክል አይደለም ::,MultiParaDetox,MultiParaDetox,,True
am,Amharic,ዲሞ ክራሲ ሳይገባህ ከኔ ቀድመህ እንደምትሞት 1001 እርግጠኛ ነኝ  የእንጨት ሽበት ሁላ,እኔ ዲሞክራሲን  ለመረዳት ከአንተ ወደ ሁላ እቀራለሁ ብዬ አላስብም,MultiParaDetox,MultiParaDetox,,True
am,Amharic,ጀዛብ ስውር ኣእምሮ ፎእ እኔ ምልክ ግን ኣንተ የ7ፍንጃል የጠንቛይ ልጅ እጅህን ከትግራይ ህዝብ አንሳ ኣንተ ዲቃላ የኣብነ ሻርዕ ጅላክ እሽኣላህ እግዚኣብሔር ይድፋክ,በትግራይ ህዝብ ላይ ተገቢ ያልሆኑ ነገሮችን ከመፈጸም ብተቆጠብ የተሻለ ነው፡፡,MultiParaDetox,MultiParaDetox,,True
am,Amharic,ጅል ሁሉ ቀነኒሳ ሆቴል ያረፈው ሮጦ ለማምለጥ ነው ???,ትገርማላችሁ ቀነኒሳ ሆቴል ያረፈው ሮጦ ለማምለጥ ነው ???,MultiParaDetox,MultiParaDetox,,True
am,Amharic,ገና ከአንከሊስ ትክትክ የልጅነት ልምሻ እና መንጋጋ ቆልፍ ሳያመልጡ ፖለቲካው ውስጥ ገቡ?,ከመችው አደገው ነው ወደ  ፖለቲካው ውስጥ የገቡት?,MultiParaDetox,MultiParaDetox,,True
am,Amharic,ጥሎብሽ እኔ መስማት ሴራ መስሎ ታይቶሽ ነበራ ????,የእኔ መስማት ለነገር መስሎ ታይቶሽ ነበር መሰለኝ????,MultiParaDetox,MultiParaDetox,,True
am,Amharic,ጥምብ ካድሬ መቸ ይሆን ህዝብ መረጣቸው የምትለው? ፊሽካ ተነፋ,የምትገርም የመንግስት አገልጋይ  መቸ ይሆን ህዝብ መረጣቸው የምትለው?,MultiParaDetox,MultiParaDetox,,True
ar,Arabic,أحقر جريدة شفتها بهذا الوجود,أسوأ جريدة شفتها بهذا الوجود,MultiParaDetox,MultiParaDetox,,True
ar,Arabic,أزمة الوفيات الناجمة عن شبائه الأفيون هي نتيجة مباشرة لسياسة الحظر الغبية والفاسدة.,أزمة الموت بالأفكار هي نتيجة مباشرة لسياسة الحظر الفاسدة.,MultiParaDetox,MultiParaDetox,,True
ar,Arabic,"أعان الله امرأة أنجبت ذكرا ف فرحت واستبشرت فيه خيرا ف أصبح مع مرور الزمن قردوغان فخاب املها "" احسن الله عزائك يا خالة""","أعان الله امرأة أنجبت ذكرا ف فرحت واستبشرت فيه خيرا ف أصبح مع مرور الزمن أردوغان فخاب املها "" احسن الله عزائك يا خالة""",MultiParaDetox,MultiParaDetox,,True
ar,Arabic,أقرباء ميامي و هافانا الصغار مجانين بما يكفي ليفعلوا هذا,إن أقرباء ميامي أي أهل مكة وهافانا الصغير أي أهل مكة يستطيعون ذلك أي جزاءه.,MultiParaDetox,MultiParaDetox,,True
ar,Arabic,أنا أمريكي قوقازي، وهؤلاء الأغبياء ذوي الرؤوس المدببة الذين يواجهون تحديات معرفية لا يمثلونني بأي حال من الأحوال.,أنا أمريكي قوقازي، وهؤلاء الأشخاص الذين يواجهون تحديات معرفية لا يمثلونني بأي حال من الأحوال.,MultiParaDetox,MultiParaDetox,,True
ar,Arabic,أنا لله وإنا إليه راجعون ولا حولا ولا قوة الا بالله. زهرة شبابنا تقتل بدم بارد وبايدى اقزام كنا نحسبهم وطنيين!,أنا لله وإنا إليه راجعون ولا حولا ولا قوة الا بالله. زهرة شبابنا تقتل بدم بارد وبايدى ناس كنا نحسبهم وطنيين!,MultiParaDetox,MultiParaDetox,,True
ar,Arabic,أنت واحد مليء بالكراهية ياصديقي!,أنت صديق لا يحب الآخرين,MultiParaDetox,MultiParaDetox,,True
ar,Arabic,أوه، انها موافقة zuker، نحن غبيون جدا لنصدقك على أية حال.,أوه، انها موافقة zuker، نحن غبيون جدا للن نصدقك على أية حال.,MultiParaDetox,MultiParaDetox,,True
ar,Arabic,إذا جاء أي من الأطفال الذين لا يحترمون الديمقراطية، فسيكون ذلك هجرة غبية,إذا أتى أي من الأطفال الذين لا يحترمون الديمقراطية، فإنه سيكون استنزاف سيئ.,MultiParaDetox,MultiParaDetox,,True
ar,Arabic,إذاً، ميركوسكي وسوليفان كانوا حثالة لسنوات.,إذاً، ميركوسكي وسوليفان كانوا غير جيدين لسنوات.,MultiParaDetox,MultiParaDetox,,True
ar,Arabic,إنهم يحاولون أن يجعلوك تتغوط في بنطالك كل مرة تسمع أسمهم,انهم يحاولون اخافتك في كل مرة تسمع اسمهم,MultiParaDetox,MultiParaDetox,,True
ar,Arabic,ابتلشنه كل ساقط ولاقط قام يفتي ويتكلم عن المجتمع وعن الناس اذا بيئتك وصخه لاتعمم على الناس,ابتلشنه كل شخص قام يفتي ويتكلم عن المجتمع وعن الناس اذا بيئتك سيئة لاتعمم على الناس,MultiParaDetox,MultiParaDetox,,True
ar,Arabic,اجل الاشكال هذه تفوز يلعن ابوك يازمن وابوك يافساد 😡,اجل الاشكال هذه تفوز ما شاءالله على هيك ازمن وابوك يافساد 😡,MultiParaDetox,MultiParaDetox,,True
ar,Arabic,اجل النجار يسجل علينا الله يلعن امك فريق,اجل النجار يسجل عليناق,MultiParaDetox,MultiParaDetox,,True
ar,Arabic,احصل على فكرة قبل أن تقدم تعليقات غبية.,احصل على فكرة قبل أن تقدم تعليقات غير مطلعة.,MultiParaDetox,MultiParaDetox,,True
ar,Arabic,استغفر الله ربي واتوب اليك 💔 وين ترحون من الله يل السياسين الا لعنة الله عليكم 💔 💔,استغفر الله ربي واتوب اليك 💔 وين ترحون من الله يل السياسين الا حسبي الله عليكم 💔 💔,MultiParaDetox,MultiParaDetox,,True
ar,Arabic,اشرف وانزه من ابوك يا ابن سته وستين زنوه,اشرف وانزه من ابوك يا ابن سته وستين محترم,MultiParaDetox,MultiParaDetox,,True
ar,Arabic,اصلا غبي اذا يبقى بعد هاي الكارثة .,اصلا ساذج اذا يبقى بعد هاي الكارثة .,MultiParaDetox,MultiParaDetox,,True
ar,Arabic,"اضحك مع خرافات الرافضة 😂🤣 قال الخميني: "" سَببُ مُلوحَة مِياه البحرِ هُو بكاء الأسماكِ على مقتلِ الحسين.! 📚|[بحر الأنوار(ص: ١٢٥)]","اضحك مع خرافات الشيعة😂🤣 قال الخميني: "" سَببُ مُلوحَة مِياه البحرِ هُو بكاء الأسماكِ على مقتلِ الحسين.! 📚|[بحر الأنوار(ص: ١٢٥)]",MultiParaDetox,MultiParaDetox,,True
ar,Arabic,اعوذ بالله من قناه العربيه والقائمون عليها يريدون ان يظهروا الناس كلهم كفار كماهو حالهم,اعوذ بالله من قناه العربيه والقائمون عليها يريدون ان يظهروا الناس كلهم كفار,MultiParaDetox,MultiParaDetox,,True
ar,Arabic,افهم تراك تعتبر زنجي بينهم,افهم تراك تعتبر أسمر بينهم,MultiParaDetox,MultiParaDetox,,True
ar,Arabic,اقسم بالله الهلال ما عمره بيتعلم تطقطق عند المرمى يا قحاب,اقسم بالله الهلال ما عمره بيتعلم تطقطق عند المرمى,MultiParaDetox,MultiParaDetox,,True
ar,Arabic,اقسم بالله تعبتنا ياميسي يلعن امك ما اقواك ياخي 💙 💙,اقسم بالله تعبتنا ياميسي ما اقواك ياخي 💙 💙,MultiParaDetox,MultiParaDetox,,True
ar,Arabic,اقول لا تحتك بالاصفر الكبير الاتحاد لوحدة كبير والبقية جنبه اقزام,اقول لا تحتك بالاصفر الكبير الاتحاد لوحدة كبير والبقية جنبه صغار,MultiParaDetox,MultiParaDetox,,True
ar,Arabic,الدكتور بيقولي بلاش عصبية مش عارف اني بتعامل مع منايك تربية زرايب,الدكتور بيقولي بلاش عصبية مش عارف اني بتعامل مع ناس بدون تربية,MultiParaDetox,MultiParaDetox,,True
ar,Arabic,الرجاء تضمين كل الحماقات التي يفلت منها الحزب الديموقراطي أيضاً.,الرجاء تضمين كل الأمور التي يفلت منها الحزب الديموقراطي أيضاً.,MultiParaDetox,MultiParaDetox,,True
ar,Arabic,السبب الوحيد لهذا الغباء هو أنها على أرضها الفيدرالية,السبب الوحيد الذي يسمح بحدوث هذا هو أنها أرض فيدرالية,MultiParaDetox,MultiParaDetox,,True
ar,Arabic,السيسى خطط البحر المتوسط بالكامل علشان يوقف قردوغان على حدوده,السيسى خطط البحر المتوسط بالكامل علشان يوقف أردوغان على حدوده,MultiParaDetox,MultiParaDetox,,True
ar,Arabic,العراقيين ديبينون شكد همة انانيين من خلال رفضهم لقانون يحمي العائلة كلها مو بس البنية وشكد تفكيرهم متخلف ومحدود!!,العراقيين ديبينون شكد همة انانيين من خلال رفضهم لقانون يحمي العائلة كلها مو بس البنية وشكد تفكيرهم ضيق ومحدود!!,MultiParaDetox,MultiParaDetox,,True
ar,Arabic,اللعنة اعتقدت أن هذا التعليق كان ضجيجا عاديا,ظننت أن هذا التعليق هو الضجيج المعتاد,MultiParaDetox,MultiParaDetox,,True
ar,Arabic,اللعنة، ربما نقوم بنسف ذلك حقًا خلال أسبوع.,ربما نقوم بنسف ذلك حقًا خلال أسبوع.,MultiParaDetox,MultiParaDetox,,True
ar,Arabic,الله ابدع بالدوري تأخذ افضل لاعب علطول وعندنا اي لاعب يبدع قالو دوري هبايل ههههههههههههههههههههه…,الله ابدع بالدوري تأخذ افضل لاعب علطول وعندنا اي لاعب يبدع قالو دوري مبتدئين ههههههههههههههههههههه…,MultiParaDetox,MultiParaDetox,,True
ar,Arabic,الله يلعن ابوك حكم اقسم بالله واضح الفاول جعلك تتمنى الموت ولا تشوفه,يا لك من حكم اقسم بالله واضح الفاول جعلك تتمنى الموت ولا تشوفه,MultiParaDetox,MultiParaDetox,,True
ar,Arabic,اللهم عليك بالفاسدين الظالمين الملاعين اللهم عليك بكل وزير فاسد لعنة الله عليكم,اللهم عليك بالفاسدين الظالمين اللهم عليك بكل وزير فاسد,MultiParaDetox,MultiParaDetox,,True
ar,Arabic,الناس ينشرون لماذا لا يفعل الملاعين هذا وذاك، مزعج.,الناس ينشرون لماذا لا يفعل بعضهم هذا وذاك، مزعج.,MultiParaDetox,MultiParaDetox,,True
ar,Arabic,انا حرفيا بكيت لمن قالت لي رفيف سالفتها طيب دموعي راحت على الفاضي يلعن ابوك مايضحك انك تاخذين,انا حرفيا بكيت لمن قالت لي رفيف سالفتها طيب دموعي راحت على الفاضي، حرام عليك مايضحك انك تاخذين,MultiParaDetox,MultiParaDetox,,True
ar,Arabic,انا ليش احب الاتحاد قد كذا يلعن ابوك فريق,انا ليش احب الاتحاد قد كذا ما شاءالله على هيك فريق,MultiParaDetox,MultiParaDetox,,True
ar,Arabic,انت احول فريقك داج ..بلاش مجامله وتطبيل على الحكم,انت مش شايف فريقك داج ..بلاش مجامله وتطبيل على الحكم,MultiParaDetox,MultiParaDetox,,True
ar,Arabic,انت مثل عمك قردوغان يتكلم بالاسلام ويسمح بالدعارة ويسمح للمثلين بممارسة الرذيلة ويتاجر مع اس…,انت مثل عمك أردوغان يتكلم بالاسلام ويسمح بالدعارة ويسمح للمثلين بممارسة الرذيلة ويتاجر مع اس…,MultiParaDetox,MultiParaDetox,,True
ar,Arabic,اول مرة اشوف قمر على هيئة بشر 🤦 🏻‍♂️ ❤ ️,اول مرة اشوف قمر على هيئة بشر,MultiParaDetox,MultiParaDetox,,True
ar,Arabic,اي والله هو غبي اخاف يشله السيل بقوله ينتبه 🥵,اي والله اخاف يشله السيل بقوله ينتبه 🥵,MultiParaDetox,MultiParaDetox,,True
ar,Arabic,بس ملزم بكل اتفاقيات قردوغان,بس ملزم بكل اتفاقيات أردوغان,MultiParaDetox,MultiParaDetox,,True
ar,Arabic,بعض الأغبياء وضعوا ذلك لحجب الحرب,بعض الناس وضعوا ذلك لحجب الحرب.,MultiParaDetox,MultiParaDetox,,True
ar,Arabic,بوجود الڤار الغى الهدف اقسم بالله كذا كفاااايه يلعن امك من حكم,بوجود الڤار الغى الهدف اقسم بالله كذا كفاااايه با حكم,MultiParaDetox,MultiParaDetox,,True
ar,Arabic,بوجود الڤار الغى الهدف اقسم بالله كذا كفاايه يلعن امك من حكم,بوجود الڤار الغى الهدف اقسم بالله كذا كفاايه حرام عليك يا حكم,MultiParaDetox,MultiParaDetox,,True
ar,Arabic,بيكيه ماعليه ياعمري صح انك شوي غبي بس عادي اهم شيء اشوفك ياعمري,بيكيه ماعليه ياعمري صح انك مو ذكي بس عادي اهم شيء اشوفك ياعمري,MultiParaDetox,MultiParaDetox,,True
ar,Arabic,تبغى تعيش في إسرائيل روح انقلع الله يلعن أمك,تبغى تعيش في إسرائيل روح ما حدا مانعك,MultiParaDetox,MultiParaDetox,,True
ar,Arabic,تخيل تقطع وريدك في بانيو الحمام عشان سوسو قالت عليك يا دبة وهههههههه,تخيل تقطع وريدك في بانيو الحمام عشان سوسو قالت عليك يا سمينة وهههههههه,MultiParaDetox,MultiParaDetox,,True
ar,Arabic,ترامب هو كومة قمامة.,ترامب هو شخص سيء جدًا.,MultiParaDetox,MultiParaDetox,,True
ar,Arabic,تعبت من أكاذيبك الخسيسة,تعبت من أكاذيبك,MultiParaDetox,MultiParaDetox,,True
ar,Arabic,تقتلوا النساء وتسجنونه وتقولوا انكم يمنيون لعنة الله عليكم يا متوردين,تقتلوا النساء وتسجنونه وتقولوا انكم يمنيون,MultiParaDetox,MultiParaDetox,,True
ar,Arabic,جاء رجل الى حكيم ساله كيف اصبح غنيا؟ فكان رد الحكيم ان رماه بجزمة سكتشر وقال الله يلعن ابوك انا لو اعرف كان ماصرت,جاء رجل الى حكيم ساله كيف اصبح غنيا؟ فكان رد الحكيم ان رماه بجزمة سكتشر وقال انا لو اعرف كان ماصرت,MultiParaDetox,MultiParaDetox,,True
ar,Arabic,جماعة السلطة عم تحكي عن شغب وتكسير بالمظاهرة اليوم، شغب وتكسير أكبر من إنفجار ٤ آب يا شراميط؟ سؤال بس 🤷‍♂️,جماعة السلطة عم تحكي عن شغب وتكسير بالمظاهرة اليوم، شغب وتكسير أكبر من إنفجار ٤ آب؟ سؤال بس 🤷‍♂️,MultiParaDetox,MultiParaDetox,,True
ar,Arabic,حاجتك تغريد يا سمج والله العالم قرفتك,حاجتك تغريد والله العالم قرفتك,MultiParaDetox,MultiParaDetox,,True
ar,Arabic,حد يقع في نفس الغلط مرتين؟ انت اهبل يابني؟ *وانا رايح عن الغلط البيت*,حد يقع في نفس الغلط مرتين؟ انت ما تفكر يابني؟ *وانا رايح عن الغلط البيت*,MultiParaDetox,MultiParaDetox,,True
ar,Arabic,خلصوا الناس مالقيت الا فلسطيزي تتناقش معه 🤔,خلصوا الناس مالقيت الا فلسطيني تتناقش معه 🤔,MultiParaDetox,MultiParaDetox,,True
ar,Arabic,ربما يجب عليك العودة إلى السجن، يا جبان.,ربما يجب عليك العودة إلى السجن.,MultiParaDetox,MultiParaDetox,,True
ar,Arabic,ردوا مصريات الناس يا عكاريت وشوفوا كيف الميلاد بيصير مجيد والعام الجديد بيصير سعيد، لعنة الله عليكم وع,ردوا مصريات الناس وشوفوا كيف الميلاد بيصير مجيد والعام الجديد بيصير سعيد،,MultiParaDetox,MultiParaDetox,,True
ar,Arabic,سافر إلى أماريلو من ألاسكا ليجعل من نفسه حمارا .,سافر إلى أماريلو من ألاسكا و تقدم ليتخذ قرارات سيئة,MultiParaDetox,MultiParaDetox,,True
ar,Arabic,ستيفن كوك لة بصيرة ورؤية ثاقبة في الشرق الأوسط علشانة لايطيق قردوغان 😂,ستيفن كوك لة بصيرة ورؤية ثاقبة في الشرق الأوسط علشانة لايطيق أردوغان 😂,MultiParaDetox,MultiParaDetox,,True
ar,Arabic,سمها الغباء النهائي.,سمها سذاجة.,MultiParaDetox,MultiParaDetox,,True
ar,Arabic,شهالروج اللي داهنه فيه براطمها استغفرالله بس زيديه ماعليها شرهه,شهالروج اللي داهنه فيه شفاهها استغفرالله بس من أتباع الزيدية ماعليها شر,MultiParaDetox,MultiParaDetox,,True
ar,Arabic,صدقا، الثرثرة تبدو غبية حقا.,ليس من الحكمة أن تتصلي بصراحة,MultiParaDetox,MultiParaDetox,,True
ar,Arabic,ضاعت فلوسك يا دبه ببلاش,ضاعت فلوسك ببلاش,MultiParaDetox,MultiParaDetox,,True
ar,Arabic,طب ايه واحنا رحنا فين يا شراميط,طب ايه واحنا رحنا فين,MultiParaDetox,MultiParaDetox,,True
ar,Arabic,عالا فكرا خوش كيدا عالا ماوقيع الوزاره ، ، فيه حاقا تهيماك صاخصيا ايا وزارا ؟ ال خارقيا يا حمار,عالا فكرا خوش كيدا عالا ماوقيع الوزاره ، ، فيه حاقا تهيماك صاخصيا ايا وزارا ؟ ال خارقيا,MultiParaDetox,MultiParaDetox,,True
ar,Arabic,غير صحيح لان قردوغان في ورطه,غير صحيح لان أردوغان في ورطه,MultiParaDetox,MultiParaDetox,,True
ar,Arabic,فقط الناس الأغبياء سيعتقدون ذلك,الناس الغير حكيمين سيعتقدون ذلك,MultiParaDetox,MultiParaDetox,,True
ar,Arabic,قردوغان 🐒 لم يتدخل في ليبيا او سوريا وقطر لحمايتهم او الخفاظ على مواردهم فهذا حال كل بلد يتدخل فيه هذ…,أردوغان لم يتدخل في ليبيا او سوريا وقطر لحمايتهم او الخفاظ على مواردهم فهذا حال كل بلد يتدخل فيه هذ…,MultiParaDetox,MultiParaDetox,,True
ar,Arabic,كسم يوفينتوس ياخي فريق كله شراميط,ايه يوفينتوس ياخي فريق كله فاشلين,MultiParaDetox,MultiParaDetox,,True
ar,Arabic,كفايه تقديس للاعبين القدامى والله كانو عبط درجه اولى,كفايه تقديس للاعبين القدامى والله كانو مبتدئين درجه اولى,MultiParaDetox,MultiParaDetox,,True
ar,Arabic,كل من صوت لها في يوم من الأيام يجب أن يحرم من حقوقه وأن يخصى .,كل من صوت لها في يوم من الأيام يجب أن يعاقب .,MultiParaDetox,MultiParaDetox,,True
ar,Arabic,كلهم اولاد قحبه تكالبو على فلسطين والاسلام بشكل خاص,كلهم تكالبو على فلسطين والاسلام بشكل خاص,MultiParaDetox,MultiParaDetox,,True
ar,Arabic,كيف هذي فاول الله يلعن امك حكم,كيف هذي فاول يا حكم,MultiParaDetox,MultiParaDetox,,True
ar,Arabic,كيفيك يا زنجي — انت عارف كم الساعه هسا؟,كيفيك يا اسمر — انت عارف كم الساعه هسا؟,MultiParaDetox,MultiParaDetox,,True
ar,Arabic,لأنك انسان مخنوث لو انت رجال ما تذكر العار لكن خذ لك رد شافي وتحياتي لما تقعون رجال وتعتمدو,لأنك انسان غير سوي لو انت رجال ما تذكر العار لكن خذ لك رد شافي وتحياتي لما تقعون رجال وتعتمدو,MultiParaDetox,MultiParaDetox,,True
ar,Arabic,لا أريد عناقا من قزم صغير مخيف مثلك,لا، أنا لست بحاجة إلى عناق منك,MultiParaDetox,MultiParaDetox,,True
ar,Arabic,لا يهمني قواعدك اللعينة .,لا يهمني قواعدك.,MultiParaDetox,MultiParaDetox,,True
ar,Arabic,لبنان مش محتاجه دعم من شراميط من أمثالكم كفو اذاكم عنها فقط لاغير,لبنان مش محتاجه دعم من أمثالكم كفو اذاكم عنها فقط لاغير,MultiParaDetox,MultiParaDetox,,True
ar,Arabic,لست بحاجة إلى إيذاء عائلاتهم أكثر من ذلك من خلال نشر تعليقات حكمية جاهلة.,ليس عليك أن تؤذي عائلاتهم أكثر بالتعليق على قرارات حكمية,MultiParaDetox,MultiParaDetox,,True
ar,Arabic,لعنة الله عليكم بعتم الأرض والعرض لليهود كيف ستقفون أمام الله,حسبي الله بعتم الأرض والعرض لليهود كيف ستقفون أمام الله,MultiParaDetox,MultiParaDetox,,True
ar,Arabic,لعنة الله عليكم، تعتبروننا محتلين، و ترذدوننا ان نحارب من اجل حريتكم؟ ازيدك من البيت شعرا يا غدار,تعتبروننا محتلين، و ترذدوننا ان نحارب من اجل حريتكم؟ ازيدك من البيت شعرا يا,MultiParaDetox,MultiParaDetox,,True
ar,Arabic,للاسف لدينا في الخليج بعض من الكتاب والدكاتره والمحللين كالبغال والجحاش ينهق ويهرف بما لايعرف,للاسف لدينا في الخليج بعض من الكتاب والدكاتره والمحللين جهلة لا يفقهون ماذا يقولون,MultiParaDetox,MultiParaDetox,,True
ar,Arabic,لورين، عملية تفكيرك سخيفة.,لورين، عملية تفكيرك ضعيفة.,MultiParaDetox,MultiParaDetox,,True
ar,Arabic,لويس الآن يرتدي قبعة صغيرة على رأسه السمين,لويس الآن يرتدي قبعة صغيرة على رأسه,MultiParaDetox,MultiParaDetox,,True
ar,Arabic,ليس لديك الصدق ولا النضج للاعتراف بأنك قلت شيئا غبيا.,ليس لديك الصدق ولا النضج لتعترف بأنك قلت شيئا خاطئا,MultiParaDetox,MultiParaDetox,,True
ar,Arabic,ليش انتو تجننولاوماحد يقول سلمو الرواتب سلموهن يا منايك,ليش انتو تجننولاوماحد يقول سلمو الرواتب سلموهن,MultiParaDetox,MultiParaDetox,,True
ar,Arabic,ليه الستات بقى أغلبهم شراميط دي بقي حبيبتي,ليه الستات بقى أغلبهم ساقطات دي بقي حبيبتي,MultiParaDetox,MultiParaDetox,,True
ar,Arabic,ما استغربت لمن عرفت ان الي مسوي المقطع فلسطيزي لأن واضح فيه الحقد والحسد والدلاخة وبعده عن الدين وم…,ما استغربت لمن عرفت ان الي مسوي المقطع فلسطيني لأن واضح فيه الحقد والحسد والدلاخة وبعده عن الدين وم…,MultiParaDetox,MultiParaDetox,,True
ar,Arabic,ما رأيك في تيلرسون عندما يطلق على رئيسه لفظ أحمق ?,ما رأيك بإهانة تيلرسون لرئيسه؟,MultiParaDetox,MultiParaDetox,,True
ar,Arabic,متسولون اصحاب فتن هؤلاء يبيعون ارضهم وشرفهم وضمائرهم بأي ثمن لعنة الله عليكم,متسولون اصحاب فتن هؤلاء يبيعون ارضهم وشرفهم وضمائرهم بأي ثمن,MultiParaDetox,MultiParaDetox,,True
ar,Arabic,مستحيه تقول انها دبه وتفطر بروست,مستحيه تقول انها مليانة وتفطر بروست,MultiParaDetox,MultiParaDetox,,True
ar,Arabic,مش باقي خسارة، مش باقي حداد بقا، غضب الناس رح يفترسكم يا شراميط,مش باقي خسارة، مش باقي حداد بقا، غضب الناس رح يفترسكم,MultiParaDetox,MultiParaDetox,,True
ar,Arabic,مشاهير الفلس ينصحون مجتمع كاامل هزلت ورب الكعبة يلعن ابو السوشل ميديا اللي خلت هذي العينات لها صو,مشاهير الفلس ينصحون مجتمع كاامل هزلت ورب الكعبة حسبي الله على السوشل ميديا اللي خلت هذي العينات لها صو,MultiParaDetox,MultiParaDetox,,True
ar,Arabic,مع اني متحمسة اشوفه اقرع ولابس عسكري ومدعوس تحت الشمس,مع اني متحمسة اشوفه حالق ولابس عسكري و تحت الشمس,MultiParaDetox,MultiParaDetox,,True
ar,Arabic,مع ذلك، شخص جاهل مثلك يتجاهل الواقع.,مع ذلك، شخص بريء مثلك ربما يتجاهل الواقع.,MultiParaDetox,MultiParaDetox,,True
ar,Arabic,مفش منه كلام هذا ياما قلنا شكلك دبه ومصرش شي يصير بلوك بعدها,مفش منه كلام هذا ياما قلنا شكلك سمينة ومصرش شي يصير بلوك بعدها,MultiParaDetox,MultiParaDetox,,True
ar,Arabic,من السهل رؤية هؤلاء الأغبياء العنصريين.,من السهل التعرف على تلك الأفراد.,MultiParaDetox,MultiParaDetox,,True
ar,Arabic,نحن ملزمون بالتعامل مع هذا التافه الصغير لسنوات إضافية تقريبًا.,نحن ملزمون بالتعامل مع هذا الشخص لسنوات إضافية تقريبًا.,MultiParaDetox,MultiParaDetox,,True
ar,Arabic,نحن نلحق الضرر بجميع طبقات مياهنا الجوفية، يا حمقى.,نحن نلحق الضرر بجميع طبقات مياهنا الجوفية، يا رفاق.,MultiParaDetox,MultiParaDetox,,True
ar,Arabic,نحن وقعنا ضحية بين ايديكم انت وبقية الاحزاب القذرة لعنة الله عليكم,نحن وقعنا ضحية بين ايديكم انت وبقية الاحزاب حسبي الله عليكم,MultiParaDetox,MultiParaDetox,,True
ar,Arabic,هئ يؤبر عضامي قولة الشاميات.. يسكتلياه هو وانا أكمل نومي هههههه بس المشكلة إنو موو هون يا دبة 🐼😭💔,هئ يؤبر عضامي قولة الشاميات.. يسكتلياه هو وانا أكمل نومي هههههه بس المشكلة إنو موو هون,MultiParaDetox,MultiParaDetox,,True
ar,Arabic,هذا الرجل يعرف كيف يقتل الشيوعيين مثل لا أحد آخر!,هذا الرجل يعرف كيف يتعامل مع الشيوعيين مثل لا أحد آخر!,MultiParaDetox,MultiParaDetox,,True
ar,Arabic,هذا خارجي تكفيري. ويأتون بآثار مكذوبه ويتركون الاحاديث الصِحاح التي يفهمها البل…,هذا يكفر الناس . ويأتون بآثار مكذوبه ويتركون الاحاديث الصِحاح التي يفهمها البل…,MultiParaDetox,MultiParaDetox,,True
ar,Arabic,هذول شراميط اعطينا اخبار الفقراء والايتام والعجزهه,هذول فاسدين اعطينا اخبار الفقراء والايتام والعجزهه,MultiParaDetox,MultiParaDetox,,True
ar,Arabic,وأنت ذكي مثل شخص لديه فم كبير وعقل صغير وطفولي.,وأنت طفل صغير وذكي,MultiParaDetox,MultiParaDetox,,True
ar,Arabic,وإلى أن تتعامل الحركة النسوية مع الإسلام وكيفية معاملته للمرأة، فإن الحركة برمتها ستكون مهزلة كاملة!,الحركة النسائية ليست حركة جيدة,MultiParaDetox,MultiParaDetox,,True
ar,Arabic,والوادي هو حفرة للخاسرين حيث يلعب الكثيرون بنصف حزمة من البطاقات.,والوادي مكان للأشخاص الذين يلعبون بنصف حزمة من البطاقات.,MultiParaDetox,MultiParaDetox,,True
ar,Arabic,وجمهورنا مبسوط يقولك البريكان مو مطلوب منه يسجل لعنة الله عليكم 😭,وجمهورنا مبسوط يقولك البريكان مو مطلوب منه يسجل 😭,MultiParaDetox,MultiParaDetox,,True
ar,Arabic,وعمها يقول اخوك ممرض و محافظ عن صلاته م رح يكون متحرش و تغريدات عمها تفشللل تفكيره مره متخلف لدرجه…,وعمها يقول اخوك ممرض و محافظ عن صلاته م رح يكون متحرش و تغريدات عمها تفشللل تفكيره مره ساذج لدرجه…,MultiParaDetox,MultiParaDetox,,True
ar,Arabic,وقفي صياح لا ادعس على رقبتك,وقفي صياح لا أزعل منك,MultiParaDetox,MultiParaDetox,,True
ar,Arabic,وماذا قدم في مشوار البطولة يا عبقرينوا سوي مباراة واحده كانت هزيمة وحيدة يا جحش ؟ ولكني ساحترمك,وماذا قدم في مشوار البطولة يا عبقرينوا سوي مباراة واحده كانت هزيمة وحيدة؟ ولكني ساحترمك,MultiParaDetox,MultiParaDetox,,True
ar,Arabic,ومع ذلك فقد دعمتم المهرج طوال الوقت الذي كان فيه أحد كبار الوزراء في الحكومة.,رغم ذلك كنت تدعمه طوال الوقت كان واحدا من كبار الوزراء,MultiParaDetox,MultiParaDetox,,True
ar,Arabic,وهو قطعة قمامة عديمة القيمة ينبغي أن يزال من منصبه في أقرب وقت ممكن.,وينبغي أن يعزل من منصبه في أقرب وقت ممكن.,MultiParaDetox,MultiParaDetox,,True
ar,Arabic,يا إلهي، لقد ذهبت حتى الآن، إنه أمر سخيف !,أومج، أنت حتى الآن ذهبت أنها ليست جيدة!,MultiParaDetox,MultiParaDetox,,True
ar,Arabic,ياخوك نمزح بس انت لحجي,ياخوك نمزح بس انت بسيط,MultiParaDetox,MultiParaDetox,,True
ar,Arabic,ياربي دخلك ؟ كس اختك واخت هيك ثورة,ياربي دخلك ؟ لهيك ثورة,MultiParaDetox,MultiParaDetox,,True
ar,Arabic,ياكلب مسوي نفسك غني يلعن امك ترا مو عيب اذا كان الواحد فقير الله يرزق من يشاء,مسوي نفسك غني ترا مو عيب اذا كان الواحد فقير الله يرزق من يشاء,MultiParaDetox,MultiParaDetox,,True
ar,Arabic,يبدو أن قرار زوبيل لا يهم هذا الجاهل.,يبدو أن قرار زوبيل لا يهم هذا الشخص.,MultiParaDetox,MultiParaDetox,,True
ar,Arabic,يعني حياة المواطنين رخيصه عنكم .. ما يهمك من مات ع قد ما يهمك تثبت انك صح .. لعنة الله عليكم ولعنة الله ع السياسه والسياسيين,يعني حياة المواطنين رخيصه عنكم .. ما يهمك من مات ع قد ما يهمك تثبت انك صح .. مافي خير في السياسه والسياسيين,MultiParaDetox,MultiParaDetox,,True
ar,Arabic,يلعن امك انت وشعرك يارب حضور,يرحم امك انت وشعرك يارب حضور,MultiParaDetox,MultiParaDetox,,True
ar,Arabic,٣ مليون زنجي يقومون ب تشي تشي,٣ مليون إفريقي يقومون ب تشي تشي,MultiParaDetox,MultiParaDetox,,True
de,German,#Grüne und #FDP kriechen #Merkel doch jetzt schon in den Arsch damit sie nur schnell an die Macht kommen #CDU,#Grüne und #FDP wollen #Merkel doch jetzt schon gefallen damit sie nur schnell an die Macht kommen #CDU,MultiParaDetox,MultiParaDetox,,True
de,German,#HETZERIN 💩@USER_0💩 ⛔ #GEBLOCKT ! ⛔ WEG ist diese KRANKE deutschen - feindliche Person ! ⚠,#HETZERIN @USER_0 ⛔ #GEBLOCKT ! ⛔ WEG ist diese deutschen - feindliche Person ! ⚠,MultiParaDetox,MultiParaDetox,,True
de,German,#Lindner steckt heute Abend schon seinen Kopf in den Arsch von #Merkel widerlich #FDP,#Lindner schmeichelt sich heute Abend schon wieder bei #Merkel ein #FDP,MultiParaDetox,MultiParaDetox,,True
de,German,#Rosenmontag in Mainz und Nordafrikadüsseldorf abgesagt. Hat aber nichts mit #rapefugees zu tun.,#Rosenmontag in Mainz und Nordafrikadüsseldorf abgesagt. Hat aber nichts mit Geflüchteten zu tun.,MultiParaDetox,MultiParaDetox,,True
de,German,#Sexuallkunde für #Flüchtlinge und #Migranten ... #Mama #Merkel bringt #Asylanten das ficken bei ... #Vergewaltigungen funktionieren bereits,#Sexuallkunde für #Flüchtlinge und #Migranten ... #Mama #Merkel bietet #Asylbewerbern Aufklärungsunterricht an  ... #Vergewaltigungen funktionieren bereits,MultiParaDetox,MultiParaDetox,,True
de,German,...ihre Statements entsprechen ihrem Aussehen...häßlich..!!,...ihre Statements entsprechen ihrem Aussehen..!!,MultiParaDetox,MultiParaDetox,,True
de,German,...sie wird diese 4jahre noch absitzen und den befällt sie der Alzheimer..... Und wenn doch nicht dann auch egal...wir sind trotzdem am Arsch,...sie wird diese 4jahre noch absitzen und den befällt sie der Alzheimer..... Und wenn doch nicht dann auch egal...wir sind trotzdem in Schwierigkeiten,MultiParaDetox,MultiParaDetox,,True
de,German,..du Suffschädel.....wir tolerieren bereits weitaus schlimmeres... !!,.....wir tolerieren bereits weitaus schlimmeres... !!,MultiParaDetox,MultiParaDetox,,True
de,German,.@USER_0 Ich warte auf dem Moment das diese dummdeutschen das begreifen und diese Volksverräterin zur Verantwortung zieht!!!,.@USER_0 Ich warte auf dem Moment das diese Deutschen das begreifen und diese Frau zur Verantwortung zieht!!!,MultiParaDetox,MultiParaDetox,,True
de,German,"@USER_0de @USER_0 In der Türkei, das Maul nicht riskieren und hier frech werden! Typisch Türke!","@USER_0de @USER_0 In der Türkei, nichts riskieren und hier frech werden! Typisch!",MultiParaDetox,MultiParaDetox,,True
de,German,@USER_0de @USER_0 Mit dummen Türken diskutiere ich nicht! Basta!,@USER_0de @USER_0 Mit naiven Türken diskutiere ich nicht! Basta!,MultiParaDetox,MultiParaDetox,,True
de,German,"@USER_15 @USER_12 @USER_10 @USER_0 @USER_7 @USER_5 @USER_16 @USER_17 @USER_9 @USER_2 @USER_11 @USER_1 @USER_4 @USER_6 @USER_3 @USER_8 @USER_13 @USER_14 Es ist zum Kotzen, seit Tagen!","@USER_15 @USER_12 @USER_10 @USER_0 @USER_7 @USER_5 @USER_16 @USER_17 @USER_9 @USER_2 @USER_11 @USER_1 @USER_4 @USER_6 @USER_3 @USER_8 @USER_13 @USER_14 Es ist frustrierend, seit Tagen!",MultiParaDetox,MultiParaDetox,,True
de,German,AUF DAS DER FUROR TEUTONICUS ERWACHT !zurhöllemitmerkel !,AUF DAS DER FUROR TEUTONICUS ERWACHT !wegmitmerkel !,MultiParaDetox,MultiParaDetox,,True
de,German,"Abgefuckte Hühnerscheisse. Aber klar, dass jemand aus der Scheinheiligsten Partei Deutschlands so denkt. SPD - SCHMAROTZER, PÄDOPHILE und DENUNZIANTEN.. Wer hat uns verraten....","Aber klar, dass jemand aus dieser Partei so denkt. SPD.. Wer hat uns verraten....",MultiParaDetox,MultiParaDetox,,True
de,German,"Ach ja stimmt, Eure bekloppte Religion...","Ach ja stimmt, Eure Religion...",MultiParaDetox,MultiParaDetox,,True
de,German,Also diesem Schweinepriester Lauterbach glaube ich keinen Cent....aber seiner Exfrau darf man getrost zuhören...seine Vita entspricht dem SPD-Standard...😃😃😃,Also diesem Lauterbach glaube ich keinen Cent....aber seiner Exfrau darf man getrost zuhören...seine Vita entspricht dem SPD-Standard...😃😃😃,MultiParaDetox,MultiParaDetox,,True
de,German,Also wenn die Türken bei euch so kacke sind kann ich auch nix machen 😂,Also wenn die Türken bei euch so drauf sind kann ich auch nix machen 😂,MultiParaDetox,MultiParaDetox,,True
de,German,"Alternative: Frauen bekommen von alleine ihren Hintern hoch und geben nicht immerzu Männern die Schuld, wenn ihnen irgendetwas nicht passt.","Alternative: Frauen schaffen es, sich aufzuraffen und geben nicht den Männern die Schuld, wenn ihnen irgendetwas nicht passt.",MultiParaDetox,MultiParaDetox,,True
de,German,Asylantenflut bringt eben nur negatives für Deutschland. Drum Asylanenstop und Rückführung der Mehrzahl.,Asylbewerberflut bringt eben nur negatives für Deutschland. Drum Asylbewerberstop und Rückführung der Mehrzahl.,MultiParaDetox,MultiParaDetox,,True
de,German,Auch ein Merkel Vasall der das sagen muss was diese Volksverräterin vorgibt!!! Lügenpresse!!!,Auch ein Merkel Anhänger der das sagen muss was diese Frau vorgibt!!! unehrliche Presse!!!,MultiParaDetox,MultiParaDetox,,True
de,German,Bei einer psycho Sekte von freiwillig zu sprechen ist mutig.,Bei einer Sekte von freiwillig zu sprechen ist mutig.,MultiParaDetox,MultiParaDetox,,True
de,German,Das Publikum klatscht für jeden scheiss sind wohl gekauft,Das Publikum klatscht für jede Kleinigkeit sind wohl gekauft,MultiParaDetox,MultiParaDetox,,True
de,German,"Das ist eine Moslem-Schlampe , die es hoffentlich noch bereuen wird .Ich habe kein Mitleid nur Schadenfreude!","Das ist eine Muslima, die es hoffentlich noch bereuen wird .Ich habe kein Mitleid nur Schadenfreude!",MultiParaDetox,MultiParaDetox,,True
de,German,"Das ist mir scheiss-egal Hauptsache sie scheiden aus ,bin 60er Fan!!!!!!!!!","Das ist miregal Hauptsache sie scheiden aus ,bin 60er Fan!!!!!!!!!",MultiParaDetox,MultiParaDetox,,True
de,German,Das meiste geht eh wieder für die Asylanten drauf 🤮,Das meiste geht eh wieder für die Asylbewerber drauf,MultiParaDetox,MultiParaDetox,,True
de,German,"Das sind doch überwiegend junge Männer, die uns überrennen wollen.. Die illegalen Invasoren brauchen Arbeit - in Arbeitslagern - fair.","Das sind doch überwiegend junge Männer, die zu uns kommen wollen.. Die Einwanderer ohne Papiere brauchen Arbeit.",MultiParaDetox,MultiParaDetox,,True
de,German,Der Gscheidschmatzer macht mich richtig wütend! Fährt mit seinem Porsche rum und reißt seine Klappe auf...ich glaubs nicht!,Der Besserwisser macht mich richtig wütend! Fährt mit seinem Porsche rum und reißt seinen Mund auf...ich glaubs nicht!,MultiParaDetox,MultiParaDetox,,True
de,German,Der IS eroberte in 100ten Städten auch die Ämter mit Mio Pässen u. verblödete Beamte wundern sich über Zig Identitäten von Krimigranten 😂😂😂,Der IS eroberte in 100ten Städten auch die Ämter mit Mio Pässen u. Beamte wundern sich über Zig Identitäten von Immigranten 😂😂😂,MultiParaDetox,MultiParaDetox,,True
de,German,"Der Weitertransport von ""Schiffbrüchigen"" nach Europa ist ein. Verbrechen an den Italienern, die dann dafür zahlen müssen. Sauerei.","Der Weitertransport von ""Schiffbrüchigen"" nach Europa ist ein. Verbrechen an den Italienern, die dann dafür zahlen müssen.",MultiParaDetox,MultiParaDetox,,True
de,German,Deutschland das Land der drei Geschlechter der Duckmäuser und ja Sager der Toleranz Fanatiker. Das Land der Verblödung.,Deutschland das Land der drei Geschlechter der Angepassten und ja Sager der Toleranz Fanatiker.,MultiParaDetox,MultiParaDetox,,True
de,German,Die 42. Volksverarsche fürs dumm Wahl-„Volk“,Die 42. Irreführung fürs Wahl-„Volk“,MultiParaDetox,MultiParaDetox,,True
de,German,"Die Bevölkerung Europas wird ""weggezüchtet"" werden, wie einst die Neandertaler und hirnlose ""Prolle"" merken`s nicht einmal 😂😂😂","Die Bevölkerung Europas wird ""weggezüchtet"" werden, wie einst die Neandertaler und einige Personen merken`s nicht einmal 😂😂😂",MultiParaDetox,MultiParaDetox,,True
de,German,Die Dummheit und Deutschfeindlichkeit eines Maas ist nicht mehr akzeptabel!. Dieser Kriminologe Pfeifersollte wohl vorher auf Drogen getestet werden!,Die Naivität und Deutschfeindlichkeit eines Maas ist nicht mehr akzeptabel!. Dieser Kriminologe Pfeifersollte wohl vorher auf Drogen getestet werden!,MultiParaDetox,MultiParaDetox,,True
de,German,"Die Mehrzahl=Asylschmarotzer, Verbrecher, Terroristen, Feiglinge","Die Mehrzahl=Asylsuchende, Verbrecher, Terroristen",MultiParaDetox,MultiParaDetox,,True
de,German,Die Politiker und Merkels Vasallen die Lügenpresse und Medienlandschaft sprachen doch von Zehntausenden Teilnehmern? Bestimmt Navi kaputt 😂😂,Die Politiker und Merkels Anhänger die Presse und Medienlandschaft sprachen doch von Zehntausenden Teilnehmern? Bestimmt Navi kaputt 😂😂,MultiParaDetox,MultiParaDetox,,True
de,German,Die einzige Frage ist: Lassen sich die #Österreicher wieder von der #Kern-#Kurz-affinen #MSM-#Lügenbande verarschen oder nicht?,Die einzige Frage ist: Lassen sich die #Österreicher wieder von der #Kern-#Kurz-affinen #MSM-#bande hinters Licht führen oder nicht?,MultiParaDetox,MultiParaDetox,,True
de,German,Die einzigen Nazis dir mir auffallen sind die öffentlich-rechtlichen mit ihrer Hetzpropaganda  gegen Trump und morgen sind es dann die Juden,Die einzigen Nazis dir mir auffallen sind die öffentlich-rechtlichen mit ihrer Propaganda gegen Trump und morgen sind es dann die Juden,MultiParaDetox,MultiParaDetox,,True
de,German,"Die meisten Schiffbrüchigen sind doch keine Flüchtlinge, sondern. rücksichtslose Invasoren. Wann begreift Ihr politischen Hohlköpfe das?","Die meisten Schiffbrüchigen sind doch keine Flüchtlinge, sondern. rücksichtslose Einwanderer. Wann begreift Ihr Politiker das?",MultiParaDetox,MultiParaDetox,,True
de,German,Die wievielte Generation Türken scheint hier auf der Straße zu sein ca.die 4te das Wespen Nest,Die wievielte Generation Türken scheint hier auf der Straße zu sein ca.die 4te,MultiParaDetox,MultiParaDetox,,True
de,German,"Diese ganze #metoo Kampagne einfach zum kotzen. Wie viele Männer werden von Frauen unterdrückt, misshandelt und missbraucht. Darüber spricht Mann nicht, aus Scham.","Diese ganze #metoo Kampagne einfach schlecht. Wie viele Männer werden von Frauen unterdrückt, misshandelt und missbraucht. Darüber spricht Mann nicht, aus Scham.",MultiParaDetox,MultiParaDetox,,True
de,German,Dieser Hank ist wirklich ein Honk.,Dieser Hank ist wirklich komisch.,MultiParaDetox,MultiParaDetox,,True
de,German,Du meinst zwitter und zwitter ist kein Geschlecht sondern eine Behinderung die man von geburt aus leider hat,Du meinst intersexuell und intersexuell ist kein Geschlecht sondern eine biologische Variation die man von geburt aus leider hat,MultiParaDetox,MultiParaDetox,,True
de,German,"Ein System der Zersetzung, ein System der Lemminge der USA,ein System von Sklaven!","Ein System der Zersetzung, ein System der Anhänger der USA,ein System von Unterstützern!",MultiParaDetox,MultiParaDetox,,True
de,German,"Ein schmieriger Sozi,ein Faschist der extremen Linken,ein Antideutsches Subjekt!","Ein Sozialist,ein Anhänger der extremen Linken,ein Antideutsches Subjekt!",MultiParaDetox,MultiParaDetox,,True
de,German,Endlich wurde dem Linken Anarchisten-Pack eine auf die Fresse gehauen!🤛,Endlich wurde den Linken Anarchisten ein Denkzettel verpasst!,MultiParaDetox,MultiParaDetox,,True
de,German,Es gibt deutsche Weiber die sind geil drauf...deswegen wählen sie SPDund Grünen..!,Es gibt deutsche Frauen denen das gefällt...deswegen wählen sie SPDund Grünen..!,MultiParaDetox,MultiParaDetox,,True
de,German,Es wäre sehr sinnvoll die Aktionen und Verflechtungen der Linken Antifantenbrut zu prüfen und zu Dokumentieren,Es wäre sehr sinnvoll die Aktionen und Verflechtungen der Linken Antifa zu prüfen und zu Dokumentieren,MultiParaDetox,MultiParaDetox,,True
de,German,"Facebook ist verkommen zu einem Medium, dass nur noch die Darmbewohner der abgefuckten Altparteien und die sogenannte Religion der Steinzeitzombies vertritt.","Facebook ist verkommen zu einem Medium, dass nur noch die Mitglieder der Altparteien und eine bestimmte Religion  vertritt.",MultiParaDetox,MultiParaDetox,,True
de,German,"Frage mich schon seit Jahren, wieviel Stoff jemand intus haben muß, um solche deutschfeindlichen Idioten zu wählen?!","Frage mich schon seit Jahren, wieviel Stoff jemand intus haben muß, um solche deutschfeindlichen Personen zu wählen?!",MultiParaDetox,MultiParaDetox,,True
de,German,Frau #Böttinger meine Meinung dazu ist sie sollten uns mit ihrem Pferdegebiss nicht weiter belästigen #WDR,Frau #Böttinger meine Meinung dazu ist sie sollten uns mit ihrer Meinung nicht weiter belästigen #WDR,MultiParaDetox,MultiParaDetox,,True
de,German,"Frauen u Christen bekommen Extraunterkünfte, um sie vor den #Asylanten zu schützen.U wer schützt die Deutschen wenn die rausgekommen?","Frauen u Christen bekommen Extraunterkünfte, um sie vor den #Asylbewerbern zu schützen.U wer schützt die Deutschen wenn die rausgekommen?",MultiParaDetox,MultiParaDetox,,True
de,German,"Für dumm verkaufte und befundene DORFDEPPEN die auch glauben das Heiko Maas ein Demokrat ist !! Land halt,da dauerts!","Für dumm verkaufte und befundene DORFBEWOHNER die auch glauben das Heiko Maas ein Demokrat ist !! Land halt,da dauerts!",MultiParaDetox,MultiParaDetox,,True
de,German,"Für mich ist der morgige Tag ein Tag der ""Größten Deutschen Schweinerei"" seit 1945, eine riesen Mogelpackung bekloppter Politiker🤢","Für mich ist der morgige Tag ein Tag der ""Größten Deutschen Schweinerei"" seit 1945, eine riesen Mogelpackung Politiker",MultiParaDetox,MultiParaDetox,,True
de,German,Georg Restle treibt immer noch sein Unwesen gespickt mit Hetze u Fake News gegen die AFD in d ARD dieser Schweinejournalist gehört entsorgt,Georg Restle treibt immer noch sein Unwesen gespickt mit Nachrichten u Fake News gegen die AFD in d ARD dieser Journalist gehört gekündigt,MultiParaDetox,MultiParaDetox,,True
de,German,"Grüner Scheiss ,wer sitzt hat keine Rechte mehr!","Grüne ,wer sitzt hat keine Rechte mehr!",MultiParaDetox,MultiParaDetox,,True
de,German,Hab gerade in Brüssel angerufen. Ist wie mit Denyz in der Türkei. Keiner will den Spast zurück :-),Hab gerade in Brüssel angerufen. Ist wie mit Denyz in der Türkei. Keiner will ihn zurück :-),MultiParaDetox,MultiParaDetox,,True
de,German,"Hallo Freunde ""Absurdistan"" hat mich wieder. Gerade mit `nem Geschenk für Murksel aus PL zurück. Ein Kopftuch für die Zweitfrau des Sultans😜","Hallo Freunde ""Absurdistan"" hat mich wieder. Gerade mit `nem Geschenk für Merkel aus PL zurück. Ein Kopftuch für die Zweitfrau des Sultans😜",MultiParaDetox,MultiParaDetox,,True
de,German,Hatte Yücel am Ende doch recht..?...ich bleibe bei meiner Aussage: 80% der deutsche sind verblödete Schwachsinnige... Ihnen ist 🇩🇪egal...!!,Hatte Yücel am Ende doch recht..?...ich bleibe bei meiner Aussage: 80% der deutsche sind ungebildete Leute... Ihnen ist 🇩🇪egal...!!,MultiParaDetox,MultiParaDetox,,True
de,German,Hier sind schon ein paar richtig dumme Menschen unterwegs..... Gegen wenn oder was habt ihr eigentlich vor der AfD gehetzt und gestänkert?. Ich pubertierende Pickelplantagen...,Hier sind schon ein paar richtig naive Menschen unterwegs..... Gegen wenn oder was habt ihr eigentlich vor der AfD gehetzt und gestänkert?.,MultiParaDetox,MultiParaDetox,,True
de,German,"Ich fordere eine ""Forschungsgruppe islamistischer Mob""","Ich fordere eine ""Forschungsgruppe islamistischer Banden""",MultiParaDetox,MultiParaDetox,,True
de,German,"Ich habe bis heute nicht verstanden, was an Dunkelhäutigen in schwarzen Burkas mit dunkler “Kultur“ BUNT sein soll... #Islamisierung","#maischberger Fratscher für Migranten als InvestitioIch habe bis heute nicht verstanden, was an Schwarzen in schwarzen Burkas mit dunkler “Kultur“ BUNT sein soll... #Islamisierung",MultiParaDetox,MultiParaDetox,,True
de,German,Ich lass mir mein Land nicht von einer Horde Nafris und Antifaschisten nehmen deswegen bin ich #AFD wähler,Ich lass mir mein Land nicht von Norfafrikanern und Antifaschisten nehmen deswegen bin ich #AFD wähler,MultiParaDetox,MultiParaDetox,,True
de,German,Ich möchte ihn mal..für ne kurze Zeit....aber dieser Bayer ist wirklich ein Waschlappen,Ich möchte ihn mal..für ne kurze Zeit....aber dieser Bayer ist wirklich eher passiv,MultiParaDetox,MultiParaDetox,,True
de,German,Ich scheisse auf die SPD !!!,Die SPD ist mir egal!!!,MultiParaDetox,MultiParaDetox,,True
de,German,"Ihr Grünen-Würstel, haltet Euch raus aus Dingen, von denen Ihr. nichts versteht. Geht Fahrräder putzen, anstatt über die Nato. zu reden.","Ihr Grünen, haltet Euch raus aus Dingen, von denen Ihr. nichts versteht. Geht Fahrräder putzen, anstatt über die Nato. zu reden.",MultiParaDetox,MultiParaDetox,,True
de,German,Ihr Mauermörder wisst überhaupt nicht was Demokratie bedeutet 🖕,Ihr wisst überhaupt nicht was Demokratie bedeutet,MultiParaDetox,MultiParaDetox,,True
de,German,In dem Schwarz Grün regierden Hessen werden jetzt 8 zusätzliche Psychologen nur für die Jugendlichen Invasoren eingestellt. Jetzt AFD wählen,In dem Schwarz Grün regierden Hessen werden jetzt 8 zusätzliche Psychologen nur für die Jugendlichen Einwanderer eingestellt. Jetzt AFD wählen,MultiParaDetox,MultiParaDetox,,True
de,German,"Ist doch wahr, denn dieses dicke Etwas bekommt kaum zwei zusammenhängenden Sätze heraus und von sinnvoll rede ich garnicht erst 😜","Ist doch wahr, ich finde dieser Person fällt es manchmal schwer zwei zusammenhängenden Sätze zu sagen und sinnvoll finde ich sie auch nicht",MultiParaDetox,MultiParaDetox,,True
de,German,"Ja @USER_0? Pst, auch für dich nochmals, die Grenzen waren seit dem Schengen Abkommen offen, also was willst du bezwecken mit Staatsgrenzen schützen Gebrabbel?","Ja @USER_0? Pst, auch für dich nochmals, die Grenzen waren seit dem Schengen Abkommen offen, also was willst du bezwecken mit Staatsgrenzen schützen Gerede??",MultiParaDetox,MultiParaDetox,,True
de,German,Ja die schauen auch abgemagert aus...speziell das fette Altmaier-Etwas....,Ja die schauen auch abgemagert aus...speziell der kräftige Altmaier...,MultiParaDetox,MultiParaDetox,,True
de,German,Jakarta nur Drecks Islamisten !!! sie wollen Christen verfolgen ....!!!,Jakarta nur Islamisten !!! sie wollen Christen verfolgen ....!!!,MultiParaDetox,MultiParaDetox,,True
de,German,Jetzt warte ich nur noch darauf bis sich der Grüne Anal Ritter Volker Beck zu Wort meldet. Aber der Pudert sich gerade die Nase. :-),Jetzt warte ich nur noch darauf bis sich der Grüne Volker Beck zu Wort meldet. Aber der Pudert sich gerade die Nase. :-),MultiParaDetox,MultiParaDetox,,True
de,German,Kein Land möchte diese Schmarotzer haben. In Deutschland leben sie wie im Paradies und beschweren sich noch. Haut endlich ab und belastet nicht länger unser Sozialsystem.,Kein Land möchte diese Leute haben. In Deutschland leben sie wie im Paradies und beschweren sich noch. Haut endlich ab und belastet nicht länger unser Sozialsystem.,MultiParaDetox,MultiParaDetox,,True
de,German,"Keine Unterhaltung, liebe Poetin, eher billige Wahlwerbung, weich klopfen der Wahlschafshirne 😜","Keine Unterhaltung, liebe Poetin, eher billige Wahlwerbung, weich klopfen die Wähler 😜",MultiParaDetox,MultiParaDetox,,True
de,German,"Kern, pinkle dem Herrn Kurz nicht ans Bein. Du bist. abgewählt und unerwünscht. Also, halt´s Maul.","Kern, stelle den Herrn Kurz nicht an den Pranger. Du bist. abgewählt und unerwünscht. Also, sei leise.",MultiParaDetox,MultiParaDetox,,True
de,German,"Kinderfickende, schächtende #rapefugees! Wer Kinder-, Frauen-, oder Tierrechte verteidigt, darf nicht #gruene #spd oder #cdu wählen! #ltwbw","Wer Kinder-, Frauen-, oder Tierrechte verteidigt, darf nicht #gruene #spd oder #cdu wählen! #ltwbw",MultiParaDetox,MultiParaDetox,,True
de,German,"Klar doch alles rechte böse Nazis. Was wissen die heute von damals? Fragt eure Omas, Mütter. Nicht was Hetzmedien verbreiten.","Klar doch alles rechte böse Nazis. Was wissen die heute von damals? Fragt eure Omas, Mütter. Nicht was Medien verbreiten.",MultiParaDetox,MultiParaDetox,,True
de,German,Koalitionsverhandlungen um Merkel sind für mich ein widerliches Schauspiel von Schwachmaten > ein Gerangel um Posten für BILDdungsbürger 🤢,Koalitionsverhandlungen um Merkel sind für mich ein Schauspiel > ein Gerangel um Posten für BILDdungsbürger 🤢,MultiParaDetox,MultiParaDetox,,True
de,German,MEIN GOTT ! WAS HAT DIE SED-TRULLA MIT HILFE VON LINKEN U-BOOTEN AUS DEUTSCHLAND GEMACHT !?!? DAS DAS DAS DURFTE !!,MEIN GOTT ! WAS HAT DIE SED-FRAU MIT HILFE VON LINKEN U-BOOTEN AUS DEUTSCHLAND GEMACHT !?!? DAS DAS DAS DURFTE !!,MultiParaDetox,MultiParaDetox,,True
de,German,Merkel und Konsorten haben durch die SED gut gelernt. Der Abschaum ist und bleibt oben.,Merkel und Konsorten haben durch die SED gut gelernt. Sie sind und bleibt oben.,MultiParaDetox,MultiParaDetox,,True
de,German,Merkels Dumm -Deutschen kann man alles erzählen!!,Merkels Deutschen kann man alles erzählen!!,MultiParaDetox,MultiParaDetox,,True
de,German,"Na die Alte fliegt ja sehr gerne um die Welt. Man sollte jede Passagierliste nach Der durchsuchen, und Bilder machen wenn man sie im Flieger erwischt.🤮🤮🤮","Na die Frau fliegt ja sehr gerne um die Welt. Man sollte jede Passagierliste nach Der durchsuchen, und Bilder machen wenn man sie im Flieger erwischt.🤮🤮🤮",MultiParaDetox,MultiParaDetox,,True
de,German,Nazi Lügenpresse und Merkel Vasallen hetzen weiter gegen Trump!!,Presse und Merkel Unterstützer hetzen weiter gegen Trump!!,MultiParaDetox,MultiParaDetox,,True
de,German,Prost Heike (Wat hat der Kerl für`n geiles Höschen (vorne gelb und hinten braun 😂😂😂) ich fasse es nicht 😂😂😂,Prost Heike (Wat hat der Kerl für`n schönes Höschen (vorne gelb und hinten braun 😂😂😂) ich fasse es nicht 😂😂😂,MultiParaDetox,MultiParaDetox,,True
de,German,"Prostituierte kann sich nicht mal ein Hartz IV leisten, Asylanten sucht euch Wichsvorlageni n Pornos!",Prostituierte kann sich nicht mal ein Hartz IV leisten,MultiParaDetox,MultiParaDetox,,True
de,German,Quatsch! Es gibt keine Fachktäfte aus dem Ausland! Außer in Kriminellen und Vergewaltiger-Bereich! Grüne Dummheit!,Quatsch! Es gibt keine Fachktäfte aus dem Ausland! Außer in Kriminellen Bereich!,MultiParaDetox,MultiParaDetox,,True
de,German,"RAUS MIT DIESEN IRREN AUS DEM BUNDESTAG, sollen ihre Konfettischwulenparaden woanders feiern, am besten in Türkei bei Özdingens !","RAUS MIT DIESEN PERSONEN AUS DEM BUNDESTAG, sollen ihre Konfettiparaden woanders feiern, am besten in Türkei bei Özdemir !",MultiParaDetox,MultiParaDetox,,True
de,German,"Sehe mir den Film an da ich ein dickes Fell habe. Aber eines ist Fakt. Wäre der Deutsche Islamisten, mein Kind würde ich ihn eigenhändig erschlagen.","Sehe mir den Film an da ich ein dickes Fell habe. Aber eines ist Fakt. Wäre der Deutsche Islamisten, mein Kind würde ich mich eigenhändig darum kümmern.",MultiParaDetox,MultiParaDetox,,True
de,German,"So tief sind wir gesunken! Ein Merkel-Speichellecker mit dem IQ einer gewissen Fatima Roth, eine Null (außer im Tonnengewicht) als Finanzminister!","So tief sind wir gesunken! Ein Merkel-Unterstützer mit dem IQ einer gewissen Fatima Roth, eine Null (außer im Tonnengewicht) als Finanzminister!",MultiParaDetox,MultiParaDetox,,True
de,German,Sogar künstl. Intelligenz erkennt dem Dämon Merker!,Sogar künstl. Intelligenz erkennt den Einfluss Merkels!,MultiParaDetox,MultiParaDetox,,True
de,German,Stellt Lügenpresse eigentl schon Überlegungen in München an zur Nacktbadesaison an der Isar und Flüchtlinge Primaten? HAHAHAHA #rapefugees,Stellt die Presse eigentl schon Überlegungen in München an zur Nacktbadesaison an der Isar und Flüchtlinge? HAHAHAHA,MultiParaDetox,MultiParaDetox,,True
de,German,"Streit um Flüchtlings-Obergrenze - So könnten CDU und CSU ihr Gesicht wahren 😜 Wenn eine hässliche Fratze gemeint ist, geht`s 😜",Streit um Flüchtlings-Obergrenze - So könnten CDU und CSU ihr Gesicht wahren 😜,MultiParaDetox,MultiParaDetox,,True
de,German,"Trump ist nicht eingeknickt und schon gar nicht vor diesen dummen Politikern, Lügenpresse und Nazimedien in Deutschland!!","Trump ist nicht eingeknickt und schon gar nicht vor diesen Politikern, Presse und Medien in Deutschland!!",MultiParaDetox,MultiParaDetox,,True
de,German,Und wieder wird mit einem #falseflag (giftgaseinsatz) ein Terrorakt gegen Syrien durch USA gestartet.. Bei dem Wahnsinnigen Trump droht WW3,Und wieder wird mit einem #falseflag (giftgaseinsatz) ein Terrorakt gegen Syrien durch USA gestartet.. Bei dem Trump droht WW3,MultiParaDetox,MultiParaDetox,,True
de,German,Unsere Politiker sind zu blöd einen Terroristen auszuweisen weil er keinen Pass hat!!!,Unsere Politiker sind nicht schlau genug einen Terroristen auszuweisen weil er keinen Pass hat!!!,MultiParaDetox,MultiParaDetox,,True
de,German,Verdammt die Olle Merkel tritt wieder an !!!,die Merkel tritt wieder an !!!,MultiParaDetox,MultiParaDetox,,True
de,German,Von Gauland wurde verlangt das er sich wegen ˋentsorgen‘ entschuldigen sollte.... Würde das von der Kröte auch verlangt..?,Von Gauland wurde verlangt das er sich wegen ˋentsorgen‘ entschuldigen sollte.... Würde das von der Person auch verlangt..?,MultiParaDetox,MultiParaDetox,,True
de,German,Warum muss ein AFD Vogel dabei sein?,Warum muss einer von der AFD dabei sein?,MultiParaDetox,MultiParaDetox,,True
de,German,Was erwarten Sie von Rothschild Sklaven die ihre Seele dem Satan verkauf haben!,Was erwarten Sie von Rothschild Anhängern die ihre Interessen anderen überlassen!,MultiParaDetox,MultiParaDetox,,True
de,German,Was für ein Volltrottel ...der hat den Gürtel nicht lange und von wegen für Deutschland Boxen...😂😂,Was für ein Typ ...der hat den Gürtel nicht lange und von wegen für Deutschland Boxen...😂😂,MultiParaDetox,MultiParaDetox,,True
de,German,"Was habe ich mit dem Faschisten Erdogan zu tun? Und Dein Beileid kannst Du Dir hinschieben, wo die Sonne nie scheint.",Was habe ich mit dem Faschisten Erdogan zu tun? Und Dein Beileid kannst Du vergessen!,MultiParaDetox,MultiParaDetox,,True
de,German,Was ist den das fette etwas da ..?,Was ist den das da ..?,MultiParaDetox,MultiParaDetox,,True
de,German,Was ist dieser tarek leitner nur für ein fehlgeleiteter hurensohn? #orf #konfrontationen,Was ist dieser tarek leitner nur für ein Mensch? #orf #konfrontationen,MultiParaDetox,MultiParaDetox,,True
de,German,Welch ein Schwachsinn - überlegt die Wahlergebnisse obwohl sie äußerst selten eine Bühne bekommen ihr Träumer,Welch ein Quatsch - überlegt die Wahlergebnisse obwohl sie äußerst selten eine Bühne bekommen ihr Träumer,MultiParaDetox,MultiParaDetox,,True
de,German,"Wenn Merkel Klitschko feiert,wird es gefährlich. Die Sklavin Obamas feiert einen neuen Sklaven.","Wenn Merkel Klitschko feiert,wird es gefährlich.",MultiParaDetox,MultiParaDetox,,True
de,German,Wer die Grünen wählt ist entweder dumm oder ein Hurensohn,Wer die Grünen wählt ist entweder uninformiert oder naiv,MultiParaDetox,MultiParaDetox,,True
de,German,Wer will ein Hering So Dumm wie die Göring🤯,Wer will ein Hering So schlau wie die Göring🤯,MultiParaDetox,MultiParaDetox,,True
de,German,Wo werden diese Clowns nur gezüchtet und wie entsteht solch eine Gesinnung ...?,Wo kommen diese Leute nur her und wie entsteht solch eine Gesinnung ...?,MultiParaDetox,MultiParaDetox,,True
de,German,Währen es Türken die Flughäfen und Parteizentralen besetzen währe die Empörung groß! Ihr Heuchler,Währen es Türken die Flughäfen und Parteizentralen besetzen währe die Empörung groß!,MultiParaDetox,MultiParaDetox,,True
de,German,Younower zu werden ist der finale schritt um ein Hurensohn zu werden,Younower zu werden ist der finale schritt um unsympathisch zu werden,MultiParaDetox,MultiParaDetox,,True
de,German,auch heute wieder nur drittklassige #Laiendarsteller in einem extrem beschissenen #Tatort #ARD,auch heute wieder nur drittklassige #Laiendarsteller in einem schlechten #Tatort #ARD,MultiParaDetox,MultiParaDetox,,True
de,German,der Dummschwätzer Herr #Dobrindt gehört nicht in die #Bundesregierung sondern ins Irrenhaus #CDU #CSU,der Herr #Dobrindt gehört nicht in die #Bundesregierung sondern braucht eine Psychotherapie #CDU #CSU,MultiParaDetox,MultiParaDetox,,True
de,German,der strunzdumme #Verstappen und sollte lieber Seifenkisten mit Wohnwagen fahren mehr kann er ohnehin nicht #F1sky,der #Verstappen und sollte lieber Seifenkisten mit Wohnwagen fahren mehr kann er ohnehin nicht #F1sky,MultiParaDetox,MultiParaDetox,,True
de,German,haha sucht man schon Ausreden für die völlig Dumme Berichterstattung der letzten Wochen...?,haha sucht man schon Ausreden für die Berichterstattung der letzten Wochen...?,MultiParaDetox,MultiParaDetox,,True
de,German,"ich glaube nicht, das die Mehrheit der Bevölkerung dumm ist oder kommen nur Dumme zu Ihren Auftritten ?","ich glaube nicht, das die Mehrheit der Bevölkerung naiv ist oder kommen nur Naive zu Ihren Auftritten ?",MultiParaDetox,MultiParaDetox,,True
de,German,idiotischer Kommentar. Aufm Supermannheft gepennt?,schlechter Kommentar. Aufm Supermannheft gepennt?,MultiParaDetox,MultiParaDetox,,True
de,German,ist eine Körperverletzung! Sorry diese Frau ist einfach Dumm!,ist eine Körperverletzung! Sorry diese Frau ist einfach nicht schlau!,MultiParaDetox,MultiParaDetox,,True
de,German,"n-tv: ""Startschwierigkeiten bei Antiterror-Übung"" > Ich: ""Wenn Dilettanten unter Flintenuschis ""Obhut""  schon Krieg spielen!"" 😂😂😂","n-tv: ""Startschwierigkeiten bei Antiterror-Übung"" > Ich: ""Wenn Dilettanten unter Von der Leyens ""Obhut"" schon Krieg spielen!"" 😂😂😂",MultiParaDetox,MultiParaDetox,,True
de,German,warum lädt man eine derart strunzdumme Frau #Demirkan bei #Maischberger ein #ARD,warum lädt man Frau #Demirkan bei #Maischberger ein #ARD,MultiParaDetox,MultiParaDetox,,True
de,German,weil es Ihre Meinung ist - 😂😂wie Blöd muss man sein 🙈🙈🙈,weil es Ihre Meinung ist - 😂😂,MultiParaDetox,MultiParaDetox,,True
de,German,welches Meth nimmt eigentlich @USER_0? Ihre Haut sieht ja fürchterlich aus und dann das ständige blinzeln #furchtbar #maischberger,was nimmt eigentlich @USER_0? Ihre Haut sieht ja nicht gut aus und dann das ständige blinzeln #maischberger,MultiParaDetox,MultiParaDetox,,True
de,German,"😂😂😂 Phantomschmerz (fehlende Eier) und Machtgeilheit zwangen heute erneut den ""Bayern-Horsti"" ohne Vaseline  in den Ar*** der Kanzlerette 😜","😂😂😂 Phantomschmerz und Machtgier zwangen heute erneut den ""Bayern-Horsti"" sich bei der Kanzlerin einzuschmeicheln 😜",MultiParaDetox,MultiParaDetox,,True
en,English,"* well shit , cunt shot himself .","*well, he shot himself.",MultiParaDetox,MultiParaDetox,,True
en,English,ANI There are some whiners butt-hurt about comments you made.,There are some individuals who are upset about the comments you made.,MultiParaDetox,MultiParaDetox,,True
en,English,And how can you justify a moronic 2 day block?,And how can you justify a 2 day block?,MultiParaDetox,MultiParaDetox,,True
en,English,"Are all professors of rhetoric pompous, self-centered assholes?",Are all professors of rhetoric look arrogant and self-centered?,MultiParaDetox,MultiParaDetox,,True
en,English,Bullshit William Penn used the phrase too.,William Penn used the phrase too.,MultiParaDetox,MultiParaDetox,,True
en,English,Check this out dumb Mexican.,Check this Mexican out.,MultiParaDetox,MultiParaDetox,,True
en,English,DIGIT are you suggesting that should be enough to keep these uppity blacks satisfied ?,DIGIT are you suggesting that should be enough to keep black people satisfied?,MultiParaDetox,MultiParaDetox,,True
en,English,"DIGIT year olds can be little shits too , doesn t mean you fight them .","DIGIT one-year-olds can be intolerable too, it doesn't mean you fight them.",MultiParaDetox,MultiParaDetox,,True
en,English,"Fuck you Roger Swivel, talk.","Dear Roger Swivel, let's talk.",MultiParaDetox,MultiParaDetox,,True
en,English,"Go fuck yourself, because I can't see you getting any action.","Go away, because I can't see you getting any action.",MultiParaDetox,MultiParaDetox,,True
en,English,Gogo Dodo is a rogue admin that has sex with his father,Gogo Dodo is an admin that has close relationships with his father,MultiParaDetox,MultiParaDetox,,True
en,English,Hard to be constructive when the other party behaves like a godking thug.,Hard to be constructive when the other party behaves really bad.,MultiParaDetox,MultiParaDetox,,True
en,English,"I am in awe of your template usage, true fucking hero you are, you twinkle-queen","I am in awe of your template usage, true hero you are.",MultiParaDetox,MultiParaDetox,,True
en,English,"I guess so will you if you revert again, bitch.",I guess so will you if you revert again.,MultiParaDetox,MultiParaDetox,,True
en,English,I have no interest in this stupid pedia.,I have no interest in this wikipedia.,MultiParaDetox,MultiParaDetox,,True
en,English,"I see nothing wrong with calling an asshole ""asshole"".","I see nothing wrong with calling bad people ""bad"".",MultiParaDetox,MultiParaDetox,,True
en,English,"I've come across Mokele before, he is a power hungry little bully.","I've come across Mokele before, he is a power hungry person.",MultiParaDetox,MultiParaDetox,,True
en,English,"In addition, I see no sock puppet, jackass.","In addition, I see no sock puppet.",MultiParaDetox,MultiParaDetox,,True
en,English,My page should be protected first so that worthless scum like you can't keep vandalizing it.,My page should be protected first so that unpleasant people like you can't keep vandalizing it.,MultiParaDetox,MultiParaDetox,,True
en,English,Nazi Sean Hoyland vandalized these pages.,Sean Hoyland vandalized these pages.,MultiParaDetox,MultiParaDetox,,True
en,English,New Zealanders are a pack of cunts. They need to get a mention.,New Zealanders are the people that need to get a mention.,MultiParaDetox,MultiParaDetox,,True
en,English,"Next time, I will force you to eat your own shit.","Next time, I will force you to do bad things.",MultiParaDetox,MultiParaDetox,,True
en,English,Probably because NO ONE GIVES A FUCK ABOUT MISS UPTON.,Probably because no one really cares about Miss Upton.,MultiParaDetox,MultiParaDetox,,True
en,English,STOP REVERTING MY EDITS YOU CUNT,Stop reverting my edits.,MultiParaDetox,MultiParaDetox,,True
en,English,"See all the many Google links, titled"" Wikipedia sucks.""","See all the many Google links, titled"" Wikipedia is bad.""",MultiParaDetox,MultiParaDetox,,True
en,English,"Stop defending neo-Nazis, you fuck",Stop defending neo-Nazis,MultiParaDetox,MultiParaDetox,,True
en,English,THIS SCHOOL DISTRICT SUCKS i know cause i go there,This school district is unsatifactory i know cause i go there,MultiParaDetox,MultiParaDetox,,True
en,English,"Target You are now a valid target, you nasty little shit!","Target You are now a valid target, you rude person!",MultiParaDetox,MultiParaDetox,,True
en,English,The problem was some idiot made ridiculous edits to the infobox.,The problem was some person made careless edits to the infobox.,MultiParaDetox,MultiParaDetox,,True
en,English,There's a better answer to the question: the people that made the anime fucked up.,There's a better answer to the question: the people that made the anime worse.,MultiParaDetox,MultiParaDetox,,True
en,English,This album is not a fucking Post-Grunge album.,This album is not a Post-Grunge album.,MultiParaDetox,MultiParaDetox,,True
en,English,WARNING: THIS FAG SUPPORTS HITLER,Warning: this person supports Hitler.,MultiParaDetox,MultiParaDetox,,True
en,English,What the hell is with everybody making Etna articles?,Why everybody is making Etna articles?,MultiParaDetox,MultiParaDetox,,True
en,English,You are a pompous fool.,You are a pretentious person.,MultiParaDetox,MultiParaDetox,,True
en,English,"You're not being helpful, either, tiny-dick.","You're not being helpful, either.",MultiParaDetox,MultiParaDetox,,True
en,English,Your blocks do not deter me I may be blocked but you are still an asshole.,Your blocks do not deter me I may be blocked but you are still an unpleasant person.,MultiParaDetox,MultiParaDetox,,True
en,English,at least one party gives a crap about humans after birth .,at leas one party pays attention about humans after birth.,MultiParaDetox,MultiParaDetox,,True
en,English,because its fucking reposted so much .,Because it has been reposted very often.,MultiParaDetox,MultiParaDetox,,True
en,English,can we just keep dog shit out of this ? .,Can we just keep bad stuff out of this?,MultiParaDetox,MultiParaDetox,,True
en,English,dont be a dick and add stupid and clear vandalism to articles .,Do not be like that and add clear vandalism to the article.,MultiParaDetox,MultiParaDetox,,True
en,English,dont give us that crap about out of towners coming here and dropping bucketsey either .,dont give us that story about out of towners coming here and dropping bucketsey either,MultiParaDetox,MultiParaDetox,,True
en,English,dont have time for these assholes .,dont have time for these guys,MultiParaDetox,MultiParaDetox,,True
en,English,everybody is such a fucking pussy .,Everybody is acting cowardly.,MultiParaDetox,MultiParaDetox,,True
en,English,"fuck minimum security , put him in real prison .",Put him in real prison,MultiParaDetox,MultiParaDetox,,True
en,English,fuck off - it is international airspace,it is international airspace,MultiParaDetox,MultiParaDetox,,True
en,English,"fuck them and all their pussy , shitty , fucking rules .",Away with them and I refuse to live by their rules,MultiParaDetox,MultiParaDetox,,True
en,English,fuck this scumbag piece of shit and all his political cohorts .,I disagree with him and his political cohorts.,MultiParaDetox,MultiParaDetox,,True
en,English,"gawd , you are one massively ignorant fellow .",How can you be so ignorant ?,MultiParaDetox,MultiParaDetox,,True
en,English,get this ldiot out of there .,get this fellow out of there .,MultiParaDetox,MultiParaDetox,,True
en,English,glad to see they were allowed to fuck up the santa barbara coast .,Glad to see they were alllowed to destroy the santa Barbara coast,MultiParaDetox,MultiParaDetox,,True
en,English,"good damn , that show kicks so much ass .","good god , that show is very nice",MultiParaDetox,MultiParaDetox,,True
en,English,gt obama is a lying sack of shit .,gt Obama is not always right.,MultiParaDetox,MultiParaDetox,,True
en,English,"haha okay i m a sick fuck to find that entertaining , i ll see myself out .","haha okay i m weird to find that entertaining , i ll see myself out .",MultiParaDetox,MultiParaDetox,,True
en,English,he hasn t done shit for palestine .,He doesn't do anything for Palestine.,MultiParaDetox,MultiParaDetox,,True
en,English,he is very arrogant unfortunately im hoping to stab him to death soon .,he is very arrogant unfortunately,MultiParaDetox,MultiParaDetox,,True
en,English,hey why the fuck is it so hard to get an article on here?,"Hey, why is it so hard to get an article on here?",MultiParaDetox,MultiParaDetox,,True
en,English,"hiya frank , you know someone called fuck then ? .","hiya frank , you know someone called then ? .",MultiParaDetox,MultiParaDetox,,True
en,English,holy shit i thought that was a joke .,I thought it was a joke!!,MultiParaDetox,MultiParaDetox,,True
en,English,holy shit that article was filled with ads .,"God, that article was filled with ads .",MultiParaDetox,MultiParaDetox,,True
en,English,"holy shit yeah , forgot about that one .",Just forget about that one,MultiParaDetox,MultiParaDetox,,True
en,English,how about fuck whiny cunts who buy seats knowing others will recline around them and then bitch about it .,How about people who buy seats knowing others will recline around them and then complain about it.,MultiParaDetox,MultiParaDetox,,True
en,English,"i 'm ready to actually do something to make this shit stop , but what can i do ?","I am ready to do something to make this stop, but what can i do?",MultiParaDetox,MultiParaDetox,,True
en,English,i d love to live there if it weren t for the fucking california cost of living .,i d love to live there if it weren t for california cost of living .,MultiParaDetox,MultiParaDetox,,True
en,English,"i go there for work every few months , and i can assure you it fucking sucks .","i go there for work everh few months , and i can assire you it's not pleasant .",MultiParaDetox,MultiParaDetox,,True
en,English,"i m australian myself , but i don t say mate or cunt all the time .","I am an Australian, but I don't say profanity words all the time.",MultiParaDetox,MultiParaDetox,,True
en,English,i m not trying to be a dick but i didn t think it was a cure for anything .,I didn't think it was a cure for anything.,MultiParaDetox,MultiParaDetox,,True
en,English,"i never knew they were rich , just silly tourists with loud aloha shirts .","i never knew they were rich , just  tourists with loud aloha shirts .",MultiParaDetox,MultiParaDetox,,True
en,English,i wish people would shut the fuck up about big money in politics .,I wish people would keep quiet about big money in politics.,MultiParaDetox,MultiParaDetox,,True
en,English,ibrahim is kind of a dick lately .,Ibrahim has been kind of mean lately,MultiParaDetox,MultiParaDetox,,True
en,English,if you think a town in texas would cover this kind of shit up you 're insane .,If you think a town in texas would cover something like this up you are wrong,MultiParaDetox,MultiParaDetox,,True
en,English,in other news op is a fucking retard .,In other news op is slow.,MultiParaDetox,MultiParaDetox,,True
en,English,"instead of trying to make a difference , ye old witch was more interested in making a statement .","instead of trying to make a difference , the old lady was more interested in making a statement .",MultiParaDetox,MultiParaDetox,,True
en,English,it 's just dumb fucking luck .,it 's just luck .,MultiParaDetox,MultiParaDetox,,True
en,English,it sure as fuck had nothing to do with anything i said .,it had nothing to do with anything i said .,MultiParaDetox,MultiParaDetox,,True
en,English,it tastes like shit and i 've never even seen it available outside of five - star restaurants .,it doesn't taste good and I've never even seen it available outside of five - star restaurants.,MultiParaDetox,MultiParaDetox,,True
en,English,it was clear from the first fucking sentence of the article .,It was clear by the very first sentence of the article.,MultiParaDetox,MultiParaDetox,,True
en,English,its one of those you don t know what your saying so i m correcting you cunts .,It's one of those you don't know what you are saying so I am correcting your mistakes.,MultiParaDetox,MultiParaDetox,,True
en,English,"jesus christ , that 's incredibly fucked up .",jesus christ . that's incredibly bad,MultiParaDetox,MultiParaDetox,,True
en,English,looks like the not fucking around crew is making decisions now .,Look like the crew is making decisions now.,MultiParaDetox,MultiParaDetox,,True
en,English,making and distributing cp is fucked .,Making and distributing cp is not good,MultiParaDetox,MultiParaDetox,,True
en,English,minorities bitch and moan when the police uphold the law .,Minorities don't like when the police uphold the law,MultiParaDetox,MultiParaDetox,,True
en,English,never trust anything the repugs try to shove down your throat .,Never trust anything you're forcefully told,MultiParaDetox,MultiParaDetox,,True
en,English,no self - respecting australian or new zealand would read such hateful shit .,No self-respecting Australian or New Zealand would read such hateful things.,MultiParaDetox,MultiParaDetox,,True
en,English,"not the rich and the government , but the people will be in shit street .","not the rich and the government , but the people will be in bad street.",MultiParaDetox,MultiParaDetox,,True
en,English,not to be confused with the legal firm bull shit associates .,not to be confused with the legal firm associates.,MultiParaDetox,MultiParaDetox,,True
en,English,or just go with this cunt en .,Or just go with this bad person then,MultiParaDetox,MultiParaDetox,,True
en,English,queer ur gay i hope u read this,I hope you read this.,MultiParaDetox,MultiParaDetox,,True
en,English,republicans and democrats are the right and left cheeks of the same ass .,Republicans and democrats are in the same League,MultiParaDetox,MultiParaDetox,,True
en,English,selective censorship and non reporting of factual and correct statements he makes of other leaders idiotic decisions !,Selective censorship and non reporting of factual and correct statements he makes of other leaders bad decisions,MultiParaDetox,MultiParaDetox,,True
en,English,"shit looked like a music video with synced audio , and footage editing .","looked like a music video with synced audio , and footage editing .",MultiParaDetox,MultiParaDetox,,True
en,English,"strong fiscal management , my ass , steve o .",I don't think it's strong fiscal management.,MultiParaDetox,MultiParaDetox,,True
en,English,that s fucking murder in my book and they let parents off for that shit all of the time .,that is murder in my book and they let parents off for that all the time .,MultiParaDetox,MultiParaDetox,,True
en,English,that s some pretty shit logic .,That's some pretty bad logic.,MultiParaDetox,MultiParaDetox,,True
en,English,"that said , i hope they get a great attorney and sue the shit out of the cops .","that said , i hope they get a great attorney and sue the cops .",MultiParaDetox,MultiParaDetox,,True
en,English,that scum is smiling in court !,That bad person is smiling in court,MultiParaDetox,MultiParaDetox,,True
en,English,that stupid water pipe is just a fatal accident waiting to happen .,that dangerous water pipe is just a fatal accident waiting to happen .,MultiParaDetox,MultiParaDetox,,True
en,English,the guy was fucking shot ! .,The guy was shot,MultiParaDetox,MultiParaDetox,,True
en,English,"the woman s a bitch , but the man s a psychopath .","the woman is not good, but the man is not normal.",MultiParaDetox,MultiParaDetox,,True
en,English,"then all of a sudden i see her , shes now got the big phony tits and everything .","All of a sudden i see her, she is all grown up.",MultiParaDetox,MultiParaDetox,,True
en,English,they are smart for rejecting our shitty ass corn .,They are smart for rejectinf our corn.,MultiParaDetox,MultiParaDetox,,True
en,English,they are two faced fucks .,they are two faced.,MultiParaDetox,MultiParaDetox,,True
en,English,they deal with them and then they think everyone in society is a shit stain .,they deal with them and then they think everyone in society is a bad person.,MultiParaDetox,MultiParaDetox,,True
en,English,they ll say and do anything to cover their asses won t they ? .,they'll do anything to cover their mistakes won't they,MultiParaDetox,MultiParaDetox,,True
en,English,they weren t suicide bombing for shits and giggles certainly .,suicide bombings are carried out for reasons,MultiParaDetox,MultiParaDetox,,True
en,English,this is a fuckingtzu tactic for shits sake .,that's a bad tactic,MultiParaDetox,MultiParaDetox,,True
en,English,"this is a special needs child with autism , not some angry little shit with no self control .","This child has autism, not behavioral issues",MultiParaDetox,MultiParaDetox,,True
en,English,this shit has gone full circle from parody .,This has gone full circle from parody,MultiParaDetox,MultiParaDetox,,True
en,English,time to wage war and blow shit up .,Time to wage war and change somethings,MultiParaDetox,MultiParaDetox,,True
en,English,"top ten most relevant "" are you fucking sorry ""","Top ten most relevant "" are you sorry?""",MultiParaDetox,MultiParaDetox,,True
en,English,"turkey could invade , and russia wouldn 't be able to do shit about that either .",Turkey could invade and Russia wouldn't be able to do anything about it,MultiParaDetox,MultiParaDetox,,True
en,English,"unless you are harvesting and grinding your own beans , you are fucked .","Unless you are harvesting and grinding your own beams , you are at risk.",MultiParaDetox,MultiParaDetox,,True
en,English,we don t need to consider shit !,We don't need to consider anything,MultiParaDetox,MultiParaDetox,,True
en,English,"well , dunno about him being an asshole , but he was definitely a fucking moron .","well , dunno about him being not nice , but he was definitely not smart",MultiParaDetox,MultiParaDetox,,True
en,English,what the fuck is wrong with you ?,what is wrong with you?,MultiParaDetox,MultiParaDetox,,True
en,English,what the hell question are you talking about ?,what is the question are you talking about?,MultiParaDetox,MultiParaDetox,,True
en,English,why do you guys do this shit out west ?,Why do you guys do this out of west?,MultiParaDetox,MultiParaDetox,,True
en,English,why not drop health insurance companies all together and get the government to stop hospitals from fucking price gouging ?,why not drop health insurance companies all together and get the government to stop hospitals from price gouging,MultiParaDetox,MultiParaDetox,,True
en,English,"yeah , americans with quadruple citizenship so they have where to go in case shit gets serious anywhere else .","Yeah , Americans with quadruple citizenship so they have where to go in case things gets serious anywhere else .",MultiParaDetox,MultiParaDetox,,True
en,English,yo buddy why are you saying mean shit to me ?,"Hey buddy, why are you saying mean things to me?",MultiParaDetox,MultiParaDetox,,True
en,English,you are liable to break something and touch shit you shouldnt touch .,you are liable to break something and touch stuff you shouldn't touch.,MultiParaDetox,MultiParaDetox,,True
en,English,you see that kid talking to me i hate him he never leaves me alone.,"you see that kid talking to me i don't really like him, because he never leaves me alone.",MultiParaDetox,MultiParaDetox,,True
en,English,"you ve got to be fucking kidding me , right ? .",Are you kidding me?,MultiParaDetox,MultiParaDetox,,True
es,Spanish,#VivaElCineEspañol porque me gusta y por patriotismo. A ver si os enteráis pedazo de fachas.,#VivaElCineEspañol porque me gusta y por patriotismo. A ver si os enteráis,MultiParaDetox,MultiParaDetox,,True
es,Spanish,#YoSoyAnonymousUE basta de absurda represión victimista por parte del Estado Fascista,#YoSoyAnonymousUE basta de absurda represión victimista por parte del Estado,MultiParaDetox,MultiParaDetox,,True
es,Spanish,",, pin pon , todos los rojos delincuentes en sus ejercicio  ..","pin pon , todos los rojos en sus ejercicio",MultiParaDetox,MultiParaDetox,,True
es,Spanish,"6 años ha tardado en mostrarse el tarado mental más grande, bravo 👏","6 años ha tardado en mostrarse el personaje más grande, bravo 👏",MultiParaDetox,MultiParaDetox,,True
es,Spanish,: #ModeloPodemos Ser comunistas y joder España  #LaHoraAzulPP278,: #Modelpodemos ser comunistas y vencer a España  # LaHoraAzulPP278,MultiParaDetox,MultiParaDetox,,True
es,Spanish,@ promosquevienen no se vayan de viaje de egresados con upgrade xq son la peor verga que hay:)),@ promosquevienen no se vayan de viaje de egresados con upgrade xq son la peor que hay:)),MultiParaDetox,MultiParaDetox,,True
es,Spanish,"A los machistas no les da miedo el feminismo, (muy machos ellos). Simplemente lo desprecian,.¡Imbéciles!.","A los machistas no les da miedo el feminismo, (muy machos ellos). Simplemente lo desprecian",MultiParaDetox,MultiParaDetox,,True
es,Spanish,"A saber cuantos imbéciles recibieron dinero y sin hacer una mala película siquiera.""","A saber cuantos recibieron dinero y sin hacer una mala película siquiera.""",MultiParaDetox,MultiParaDetox,,True
es,Spanish,"A su vez que no es lo mismo ser cristiano que catolico , pero tu eres CATETA.",A su vez que no es lo mismo ser cristiano que catolico.,MultiParaDetox,MultiParaDetox,,True
es,Spanish,"Ah, porque se va y viene la hija puta. Están haciendo el subnormal apagando y encendiendo","Ah, porque esta hija va y viene. Hacen algo anormal, se apagan y se encienden.",MultiParaDetox,MultiParaDetox,,True
es,Spanish,Ahora me leo la secta que seguro que amplian información,Voy a leer el artículo para obtener más información.,MultiParaDetox,MultiParaDetox,,True
es,Spanish,"Ahora pides asilo político HDP, ahora las escorias oficialistas pidiendo asilo que tal.","Ahora pides asilo político HDP, ahora las oficialistas pidiendo asilo que tal.",MultiParaDetox,MultiParaDetox,,True
es,Spanish,"Ahí ahí, protegiendo a tus niños. A los mejores. ¿A cuantos tienes metidos en casa?","Ahí estás, protegiendo a tus hijos. A los más destacados. ¿Cuántos tienes en casa?",MultiParaDetox,MultiParaDetox,,True
es,Spanish,Aprende el significado de mayoría parlamentaria subnormal,Aprende el significado de mayoría parlamentaria,MultiParaDetox,MultiParaDetox,,True
es,Spanish,"Aquí Piatti que no metía un puto gol y en el Español, lleva ya unos cuantos, mamón. ☹️","Aquí Piatti que no metía un gol y en el Español, lleva ya unos cuantos",MultiParaDetox,MultiParaDetox,,True
es,Spanish,Aquí va una canción para todos y cada uno de los putos fascistas del PP… Fuck You de Lily Allen,Aquí tenéis una canción para todos y cada uno de los PP... You de Lily Allen,MultiParaDetox,MultiParaDetox,,True
es,Spanish,"Así actúa la propaganda de la izquierda, como cualquier rancia dictadura","Así actúa la propaganda de la izquierda, como cualquier dictadura",MultiParaDetox,MultiParaDetox,,True
es,Spanish,Blocs y a otra cosa No le des publicidad al monguer,Blocs y a otra cosa No le des publicidad,MultiParaDetox,MultiParaDetox,,True
es,Spanish,"Buah yo no me haría nunca un twitter, eso está lleno de rojos de mierda.","Yo no me haría nunca un twitter, eso está lleno de rojos.",MultiParaDetox,MultiParaDetox,,True
es,Spanish,Como les gusta el afeitado en seco a esta gente.,A algunas personas les gusta el afeitado en seco.,MultiParaDetox,MultiParaDetox,,True
es,Spanish,Como para no votar a Vox. Hijos de puta 300.000 con la que se nos vien encima.,como para no votar a Vox. 300.000 con la que se nos viene encima,MultiParaDetox,MultiParaDetox,,True
es,Spanish,Como puede ser un icono feminista una facha como ella?? 👀 estamos locos o qué?,¿Cómo puede ser ella un ícono feminista?,MultiParaDetox,MultiParaDetox,,True
es,Spanish,"Con Mokus y Fajardo, hay estos políticos de mierda",Con Mockus y Fajardo hay estos políticos,MultiParaDetox,MultiParaDetox,,True
es,Spanish,"Costumbres tercermundistas que disfrutamos ya en Europa gracias a nuestros políticos progres, disfruten lo votado.","Costumbre de países en desarrollo que ya disfrutamos en Europa, gracias a los políticos simpatizantes, disfruten el logro",MultiParaDetox,MultiParaDetox,,True
es,Spanish,Cuánto facha de mierda en una mención voy a vomitar,Cuanta apariencia en una mención voy a vomitar,MultiParaDetox,MultiParaDetox,,True
es,Spanish,Dios mi madre es subnormal en serio,Dios mi madre está mal en serio.,MultiParaDetox,MultiParaDetox,,True
es,Spanish,Disney se está riendo en vuestra puta cara,Disney se está riendo de ustedes,MultiParaDetox,MultiParaDetox,,True
es,Spanish,"E si non eres un periodista decente deberías cambiar de profesión, subnormal.",E si non eres un periodista decente deberías cambiar de profesión.,MultiParaDetox,MultiParaDetox,,True
es,Spanish,ESPAÑA CORRUPPCIÓN Derecha PP fascista franquista gobernando con 30% en España no entiende porqué Cataluña quiere Independencia y República.,ESPAÑA un partido de derecha CORRUPTO que gobierna con el 30% en España no entiende por qué Cataluña quiere la Independencia y la República.,MultiParaDetox,MultiParaDetox,,True
es,Spanish,"ESTA NOCHE, MANDA MI POLLA (un primo suyo)",Esta noche manda mi primo,MultiParaDetox,MultiParaDetox,,True
es,Spanish,El dia que morais todos los fachas podre palmarla tranquilo ...,"El día en que desaparezcan todos los extremistas, podré vivir en paz...",MultiParaDetox,MultiParaDetox,,True
es,Spanish,El tonto de FC. ¿Con el PP no se podía abortar?,La persona de FC. ¿Con el PP no se podía abortar?,MultiParaDetox,MultiParaDetox,,True
es,Spanish,Empiezo a sospechar que los traperos quieren competir con los youtubers para ver que grupo es más subnormal.,Empiezo a sospechar que los traperos quieren competir con los youtubers para ver que grupo es el peor.,MultiParaDetox,MultiParaDetox,,True
es,Spanish,"En ESPAÑA tenemos un Gobierno PSOE-UP, asi que simplemente estamos DISFRUTANDO LO VOTADO.","En España, contamos con un Gobierno PSOE-UP, así que simplemente estamos experimentando las consecuencias de lo votado.",MultiParaDetox,MultiParaDetox,,True
es,Spanish,Es asombroso el nivel de estupidez-robotización del adoctrinamiento progre.,Resultado: Es sorprendente el nivel de robotización en el adoctrinamiento progresista.,MultiParaDetox,MultiParaDetox,,True
es,Spanish,Esos comunistas nazis judeo musulmanes creyéndose los reyes de la física,Esa gente creyéndose los reyes de la física.,MultiParaDetox,MultiParaDetox,,True
es,Spanish,"Estaba tan bien durmiendo hasta q vino roco a despertarme, enano de mierda😒",Estaba tan bien durmiendo hasta q vino roco a despertarme 😒,MultiParaDetox,MultiParaDetox,,True
es,Spanish,"Este cabron está peor que los 1,200 que están por llegar",Es peor que los 1.200 que aún están por venir,MultiParaDetox,MultiParaDetox,,True
es,Spanish,Este wifi boliguayo de mierda,Este mal wifi boliviano,MultiParaDetox,MultiParaDetox,,True
es,Spanish,"Estos fascistas de la oposición venezolana, y sus achichincles en España, tienen la suerte de que no somos como ellos.",Estas personas de la oposición venezolana y sus cómplices en España tienen la suerte de que no somos como ellos.,MultiParaDetox,MultiParaDetox,,True
es,Spanish,"Gobierno de mierda""",Gobierno ineficiente,MultiParaDetox,MultiParaDetox,,True
es,Spanish,Gran puta estos chinos de mierda vinieron a arruinar mi año 😭,Estos chinos vinieron a arruinar mi año,MultiParaDetox,MultiParaDetox,,True
es,Spanish,"Hable como Hernández, ya sabemos que podes hablar mierda en ese canal, NARCO ¿Seguridad?","Hable como Hernandez, ya sabemos que podes hablar mal de ese canal. ¿Seguridad?",MultiParaDetox,MultiParaDetox,,True
es,Spanish,Hay gente dándose cuenta de que Hamilton es imbécil en pleno 2020.,Hay personas que entienden que Hamilton no es el mejor a mediados de 2020.,MultiParaDetox,MultiParaDetox,,True
es,Spanish,"Hostia, como la quimioterapia, nos hace daño, pero si aguantamos lo suficiente, podemos vencer al cáncer.","Como la quimioterapia, nos hace daño, pero si aguantamos lo suficiente, podemos vencer al cáncer.",MultiParaDetox,MultiParaDetox,,True
es,Spanish,Hoy prefieren el arbitraje manual. La mano negra del puto alemán ladrón.,Hoy prefieren el arbitraje manual,MultiParaDetox,MultiParaDetox,,True
es,Spanish,JAJAJAJAJJA Hostia puta que bueno JAJAJAJAJAJA,JAJAJAJAJJA wow que bueno JAJAJAJAJAJA,MultiParaDetox,MultiParaDetox,,True
es,Spanish,"La jueza archiva la paliza de los trozos de mierda fascistas a Lagarder, porque la  no entregó la denuncia",La jueza archiva el problema de los fascistas a Lagarder porque no  entregó la denuncia,MultiParaDetox,MultiParaDetox,,True
es,Spanish,La justificación pedorra JAJAJAJ mejor no te defiendas 🤣🤣,"Que mala justificación ,mejor no te defiendas",MultiParaDetox,MultiParaDetox,,True
es,Spanish,La patada JAJAJAJAJA MUERE SUBNORMAL  😂😂😂😂,La patada JAJAJAJAJA 😂😂😂😂,MultiParaDetox,MultiParaDetox,,True
es,Spanish,La puta que frustración .,que frustración .,MultiParaDetox,MultiParaDetox,,True
es,Spanish,"Lagarder ya era un puto subnormal, solo que hoy quiere que quede patente.","Lagarder ya era una mala persona, solo que hoy quiere que quede patente.",MultiParaDetox,MultiParaDetox,,True
es,Spanish,"Llegó la racista maleducada, odias mi castellano al igual que a España y los españoles, supremacista arruinada y avergonzada","Llego la persona sin respeto hacia los demas, no le gusta mi forma de hablar igual que España y los españoles, que vergüenza",MultiParaDetox,MultiParaDetox,,True
es,Spanish,"Lo mejor, es que ya lo tenemos aquí y tenemos que mantenerlo en la cárcel, gracias","Lo positivo es que ya lo tenemos aquí y debemos asegurarnos de mantenerlo en la cárcel, muchas gracias",MultiParaDetox,MultiParaDetox,,True
es,Spanish,"Lo que Cuba hace, como siempre, es propaganda mentirosa para que descerebrados como Nuñez repitan como loros.","Lo que Cuba está haciendo, como siempre, es propaganda para que gente como Núñez repita.",MultiParaDetox,MultiParaDetox,,True
es,Spanish,"Lo veo bien, deja cada uno varias pensiones pagadas y se va a su pais.","Lo considero aceptable, siempre y cuando cada uno deje varias pensiones pagadas antes de regresar a su país.",MultiParaDetox,MultiParaDetox,,True
es,Spanish,Los Reyes Magos JAJAJAJAJAJAJAJAJAJAJAJAJA  Puto retrasado #TierradeNadie10,Los Reyes Magos JAJAJAJAJAJAJAJAJAJAJAJAJA  #TierradeNadie10,MultiParaDetox,MultiParaDetox,,True
es,Spanish,"Los halagos y buenos modales siempre hacen bien, menos a los izquierdistas de la cultura del odio.","Los halagos y buenos modales siempre hacen bien, menos a los izquierdas de la cultura del odio.",MultiParaDetox,MultiParaDetox,,True
es,Spanish,Los mas valientes. Haz que pase!,"Los más valientes. Por favor, asegúrate de que avance",MultiParaDetox,MultiParaDetox,,True
es,Spanish,Los mejores los más preparados para cortar cabezas,Los mejores los más preparados para realizar el trabajo,MultiParaDetox,MultiParaDetox,,True
es,Spanish,Los mierdas de ABC haciéndole campaña al Fracking.,ABC promociona el fracking.,MultiParaDetox,MultiParaDetox,,True
es,Spanish,"Los políticos lo toleran todo lo que no va contra ellos, baste fijarse en Iglesias, con su casoplón.","Los políticos toleran todo lo que no les afecta directamente, basta con observar a Iglesias y su gran casa.",MultiParaDetox,MultiParaDetox,,True
es,Spanish,Manda cojones que nos meta gol el subnormal de Paco Alcácer....,Nos mete gol Paco alcacer,MultiParaDetox,MultiParaDetox,,True
es,Spanish,"Mano, puto subnormal, dos veces te lo he tenio que repetir","Mano, dos veces te lo he tenio que repetir",MultiParaDetox,MultiParaDetox,,True
es,Spanish,Muchas veces en sus carceles sobornan a gente y viven como reyes.,En muchas ocasiones en sus cárceles sobornan a personas y viven con lujos.,MultiParaDetox,MultiParaDetox,,True
es,Spanish,"No a los politicos de mierda, nunca mas.","No a los politicos, nunca mas.",MultiParaDetox,MultiParaDetox,,True
es,Spanish,No creo que haya en el mundo alguien que me dé más asco y sea más subnormal que Dani Rovira.,No soporto a Dani Rovira,MultiParaDetox,MultiParaDetox,,True
es,Spanish,No te acerques que me tiznas le dijo la sarten al cazo... 😂 Los más fascistas de la izquierda,No te acerques que me tiznas le dijo la sarten al cazo...,MultiParaDetox,MultiParaDetox,,True
es,Spanish,Otro españolazo fascista coaccionando al pueblo catalán secesionista.,Otro españolazo coaccionando al pueblo catalán secesionista.,MultiParaDetox,MultiParaDetox,,True
es,Spanish,"Para el podemitariado y los lobotomizados del noreste español, Cristina Pardo también es facha.","Para los de izquierdas del noreste español, Cristina Pardo también es de extrema derecha",MultiParaDetox,MultiParaDetox,,True
es,Spanish,Pero el calentamiento global son COSAS DE HIPPIES Y PERROFLAUTAS,Pero el calentamiento global son COSAS DE HIPPIES,MultiParaDetox,MultiParaDetox,,True
es,Spanish,"Pinche gobierno de mierda, no ayudan pero como estorban HDSPM.","gobierno, no ayudan pero como estorban HDSPM.",MultiParaDetox,MultiParaDetox,,True
es,Spanish,Pobre tarado que no sabes lo que dices .... pobre tarado,no sabes lo que dices,MultiParaDetox,MultiParaDetox,,True
es,Spanish,Por 'Crush' os referís a putas chonis?,¿Por 'Crush' te refieres a una bella dama?,MultiParaDetox,MultiParaDetox,,True
es,Spanish,Por encima de la libertad de expresión está la libertad de callarse para no decir gilipolleces sin sentido,Por encima de la libertad de expresión está la libertad de permanecer en silencio para no decir cosas sin sentido,MultiParaDetox,MultiParaDetox,,True
es,Spanish,"Potencialmente Sánchez es el que más daño puede hacer, primer psicopata que llega a ser presidente en España.","Potencialmente Sánchez es el que más daño puede hacer, primer persona que llega a ser presidente en España.",MultiParaDetox,MultiParaDetox,,True
es,Spanish,"Pues a mi me recuerda tus diversas lesiones graves y me descojono, subnormal. Acabado.","Bueno, me recuerda tus diversas lesiones graves y me enfado.",MultiParaDetox,MultiParaDetox,,True
es,Spanish,"Pues súbete tu a repararlo, maricón",Pues súbete tu a repararlo,MultiParaDetox,MultiParaDetox,,True
es,Spanish,"Pues un héroe el que se bebió el zumo, de no haberlo hecho este estaría vendiendo corbatas por los bares","Realmente fue un acto heróico de quien se bebió el zumo. De no haberlo hecho, es probable que esa persona estuviera vendiendo corbatas en los bares",MultiParaDetox,MultiParaDetox,,True
es,Spanish,Puto perroflautas que man rayao el mercedes,que man rayao el mercedes,MultiParaDetox,MultiParaDetox,,True
es,Spanish,"Que alguien se lo impida, que todavía les quedan pensiones por pagar.","Que alguien intervenga para detenerlo, aúin tiene pnesiones pendientes por pagar",MultiParaDetox,MultiParaDetox,,True
es,Spanish,Que arrechera esta economía de mierda,Que pena esta economía tan débil,MultiParaDetox,MultiParaDetox,,True
es,Spanish,"Que asco da la gente homófoba, COMENTO. — MUCHO ASCO",No soporta la gente homófoba,MultiParaDetox,MultiParaDetox,,True
es,Spanish,SALVEMOS A ESE ANIMAL DE LAS GARRAS ASESINAS Y FASCISTAS YA,SALVEMOS A ESE ANIMAL DE LAS GARRAS  YA,MultiParaDetox,MultiParaDetox,,True
es,Spanish,"Si controlan mucho porque son dictadores, si no controlan son pelotudos.","Si controlan mucho porque son dictadores, si no controlan están haciendo cosas mal",MultiParaDetox,MultiParaDetox,,True
es,Spanish,"Si ese magrebi hubiera estado en su pais, podriamos haber evitado ese hecho.","Si ese individuo de origen magrebí hubiera estado en su país, podríamos haber evitado ese incidente.",MultiParaDetox,MultiParaDetox,,True
es,Spanish,"Si los ladrones y golpistas de izquierda no le hubieran hecho tanto daño a Chile, probablemente todo sería mejor.","Si la izquierda no hubiera hecho tanto daño a Chile, probablemente las cosas habrían sido mejores.",MultiParaDetox,MultiParaDetox,,True
es,Spanish,"Si, esa es la que os gusta a los fachas. Menos mal que sois cuatro gatos.","Si, esa es la que os gusta a ellos Menos mal que sois cuatro gatos.",MultiParaDetox,MultiParaDetox,,True
es,Spanish,Sigue existiendo mucha basura en España que limpiar y no solo en lo politico.,Sigue existiendo mucha cosas en España que limpiar y no solo en lo politico.,MultiParaDetox,MultiParaDetox,,True
es,Spanish,"Son los mismos miserables de siempre, porque sera que siempre votan negativo a este tipo de noticias.......",Siempre son los mismos individuos desagradables; ¿por qué será que siempre votan negativo en este tipo de noticias?,MultiParaDetox,MultiParaDetox,,True
es,Spanish,"Son nuestros niños... ah no, que uno tiene 41 años. Da igual, son nuestros jóvenes.","Son nuestros jóvenes, aunque uno tenga 41 años.",MultiParaDetox,MultiParaDetox,,True
es,Spanish,"Soy bioquímico y estoy trabajando para el Gobierno de Navarra... ánimo, puto subnormal.",Soy bioquímico y estoy trabajando para el Gobierno de Navarra...,MultiParaDetox,MultiParaDetox,,True
es,Spanish,Supongo que Perro le dará asilo en la Moncloa,Supongo que el presidente le dara asilo en la Moncloa,MultiParaDetox,MultiParaDetox,,True
es,Spanish,Tanto que hablan de Pinochet y los gringos y estos hijueputas son iguales o peores.,Tanto que hablan de Pinochet y los gringos y estos son iguales o peores.,MultiParaDetox,MultiParaDetox,,True
es,Spanish,"Te lo llama hasta tu cuñado. Pero no sufras, ¿quién no tiene un mongolo en la familia?","te lo llama hasta tu cuñado. pero tranquilo, ¿quien no tiene a una persona de capacidades diferentes en la familia?",MultiParaDetox,MultiParaDetox,,True
es,Spanish,"Totalmente de acuerdo con la diputada, a esos cáfres asquerosos que no los vayan a dejar devolver a Bogotá.",Estoy totalmente de acuerdo con el diputado que no les permitirá regresar a Bogotá.,MultiParaDetox,MultiParaDetox,,True
es,Spanish,"Tranquilízate tú, ya que se supone que eres analista deportivo, no comediante o payaso, aunque a veces parezca lo contrario.","Tómelo con calma, ya que debe ser un analista deportivo, no un comediante, aunque a veces puede parecer lo contrario.",MultiParaDetox,MultiParaDetox,,True
es,Spanish,"Tu lo que eres es subnormal, punto.",Lo que eres no está bien y punto.,MultiParaDetox,MultiParaDetox,,True
es,Spanish,Un caracol inválido es más rápido que esta internet de mierda,Un caracol inválido es más rápido que esta internet,MultiParaDetox,MultiParaDetox,,True
es,Spanish,Venga silenciame ya verás tú cuánto me preocupo SUBNORMAL,Vengan a silenciarme ya verán cuánto me preocupo,MultiParaDetox,MultiParaDetox,,True
es,Spanish,Ya te he respondido subnormal,Ya te respondí,MultiParaDetox,MultiParaDetox,,True
es,Spanish,"Yo me quiero escapar también, dan paguita al llegar?",¿Ofrecen algún tipo de apoyo al llegar?,MultiParaDetox,MultiParaDetox,,True
es,Spanish,"a la mierda directamente, OKUPAS en el gobierno.",OKUPAS en el gobierno.,MultiParaDetox,MultiParaDetox,,True
es,Spanish,a ti no catalán cabron jajaja! Esta champions es vuestra y del bayer xd,a ti no catalán jajaja! Esta champions es vuestra y del bayer xd,MultiParaDetox,MultiParaDetox,,True
es,Spanish,"a ver eso se elige, no es natural... Vas a arder en el infierno por sodomita.","eso se elige, no es natural",MultiParaDetox,MultiParaDetox,,True
es,Spanish,deja de tirarte abajo hija d re mil puta,deja de tirarte abajo,MultiParaDetox,MultiParaDetox,,True
es,Spanish,"ese tío no es un delicuente, en su cultura mayormente está admitido, lo que es, es un hijo de puta","Ese tio no ev un delincuente, es su cultura mayormente esta admitido",MultiParaDetox,MultiParaDetox,,True
es,Spanish,"fijate, todo tiene su lado bueno, hasta el puto coronabicho","Fíjate, todo tiene su lado bueno.",MultiParaDetox,MultiParaDetox,,True
es,Spanish,hijo de puta subnormal cabeza de polla gilipollas mental zoquete,hombre malo,MultiParaDetox,MultiParaDetox,,True
es,Spanish,imagina y todo fue por entrar con una maleta en un museo. Putos nazis,imagina y todo fue por entrar con una maleta en un museo.,MultiParaDetox,MultiParaDetox,,True
es,Spanish,jaja eso es mejor que ser maricon o comunista,jaja eso es mejor que ser comunista,MultiParaDetox,MultiParaDetox,,True
es,Spanish,"los Salesianos de San Francisco de Sales, Los Marianistas y los fascistas vecinos del San Cirano nos ablandaron en exceso.","los Salesianos de San Francisco de Sales, Los Marianistas y los vecinos del San Cirano nos ablandaron en exceso.",MultiParaDetox,MultiParaDetox,,True
es,Spanish,no te sale bien el catalán prueba en francés... chupala hijo puta 😂😂😂,No te sale bien el catalan prueba en francés,MultiParaDetox,MultiParaDetox,,True
es,Spanish,por desgracia aún no entregan Goyas por el simple hecho de ser subnormal. Deberían empezar,por desgracia aún no entregan Goyas,MultiParaDetox,MultiParaDetox,,True
es,Spanish,qué bonito es ver a fachas rabiar dios me ahogo,qué bonito es ver a fachas rabiar dios,MultiParaDetox,MultiParaDetox,,True
es,Spanish,son sus costumbres y hay que respetarlas..,Son tradiciones que merecen ser respetados,MultiParaDetox,MultiParaDetox,,True
es,Spanish,tu respuesta dice que no crees que el catalán tendría que ser de obligatorio entendimiento. Eres un puto…,Su respuesta afirma que no cree que el catalán deba ser una lengua obligatoria para ser comprendido.,MultiParaDetox,MultiParaDetox,,True
es,Spanish,ya esta el subnormal de luis enrique jodiendome apuestas sin poner a suarez,ya esta luis enrique arruinandome apuestas sin poner a suarez,MultiParaDetox,MultiParaDetox,,True
es,Spanish,ya ves además a los policías nazis que tendrá esa en el whatsapp… como para creerse algo.,ya ves además a los policías que tendrá esa en el whatsapp… como para creerse algo.,MultiParaDetox,MultiParaDetox,,True
es,Spanish,¡Ese es mi Trump! 🇺🇸Que vean la galamierda los giligoyas y rojeras de los veinte duros ¡A mamarla!,¡Este es mi Trump! 🇺🇸Que los Giligoi y los pelirrojos del sólido veinte vean este horror.,MultiParaDetox,MultiParaDetox,,True
es,Spanish,¿Y este subnormal quién es?,"Y este hombre extraño, ¿quién es?",MultiParaDetox,MultiParaDetox,,True
es,Spanish,🚨🚨 Los okupas causan graves disturbios en Santiago y el alcalde 'podemita' les respalda ➡️  ASQUEROSO,🚨🚨 Los okupas causan graves disturbios en Santiago y el alcalde 'podemita' les respalda ➡️,MultiParaDetox,MultiParaDetox,,True
hi,Hindi,<number> रंडी के चक्कर में पूरी कॉम बदनाम नहीं होनी चाहिए,<number> बुरी औरतें के चक्कर में पूरी कॉम बदनाम नहीं होनी चाहिए,MultiParaDetox,MultiParaDetox,,True
hi,Hindi,अगर नुकसान नही है तो फिर तुम भड़वों की तरह रंडी रोना क्यों रो रहे हो ?,अगर नुकसान नही है तो फिर तुम तमाशा क्यों कर रहे हो ?,MultiParaDetox,MultiParaDetox,,True
hi,Hindi,अगर ये लक्षण महसूस हो रहे हैं तो तुरंत मोदी_भक्ति छोड़ दो चुतियो,अगर ये लक्षण महसूस हो रहे हैं तो तुरंत मोदी_भक्ति छोड़ दो,MultiParaDetox,MultiParaDetox,,True
hi,Hindi,अब पेपर दे भोसड़ी के,अब पेपर दो,MultiParaDetox,MultiParaDetox,,True
hi,Hindi,"अब बकरिबाज कि चर्चा कर रहा है, गन्दगी ढूंढना कि आदत है!","अब उस बेकार आदमी कि चर्चा कर रहा है, गन्दगी ढूंढना कि आदत है!",MultiParaDetox,MultiParaDetox,,True
hi,Hindi,अबे कुत्तों के पिल्लो जब बिहार में बच्चे मर रहे थे तो तुम सूआर  बन कर गू खा रहे थे?,अबे जब बिहार में बच्चे मर रहे थे तो तुम कहाँ थे?,MultiParaDetox,MultiParaDetox,,True
hi,Hindi,अबे हरामी जिन्ना की औलाद तू अपने किसी मोहल्ले में हिंदुस्तान बाले से पूछ लें मोदी ने क्या किया,तू अपने किसी मोहल्ले में हिंदुस्तान बाले से पूछ लें मोदी ने क्या किया,MultiParaDetox,MultiParaDetox,,True
hi,Hindi,"अभिनेत्री ने अभिनय हराम बता फिल्में छोड़ीं। तो क्या सायरा,  शबाना,  सलमान,  शाहरुख , अमीर, आदि हरामी हैं ?","अभिनेत्री ने अभिनय हराम बता फिल्में छोड़ीं। तो क्या सायरा,  शबाना,  सलमान,  शाहरुख , अमीर, आदि गलत काम कर रहे हैं ?",MultiParaDetox,MultiParaDetox,,True
hi,Hindi,अरे पागल जूठा रोज लाईट बंद रखता हें भड्वा,अरे जूठा रोज लाईट बंद रखता हें,MultiParaDetox,MultiParaDetox,,True
hi,Hindi,अरे मादरचोद इसपे क्या कहना है तेरा?,इसपे क्या कहना है तेरा?,MultiParaDetox,MultiParaDetox,,True
hi,Hindi,"अरे हरामी, कम से कम <number> ने हमला किया!",कम से कम <number> ने हमला किया!,MultiParaDetox,MultiParaDetox,,True
hi,Hindi,"आज कल तो रेप आम बात हो गई ऐसा लगता है, साले हरामी पर कड़ी लगाम लगाना जरूरी है ।","आज कल तो रेप आम बात हो गई ऐसा लगता है, बुरे लोगों पर कड़ी लगाम लगाना जरूरी है ।",MultiParaDetox,MultiParaDetox,,True
hi,Hindi,आपने सिर्फ सत्ता की लालच में नफरत और हिंसा को पनपाया है। अब ड्रामेबाजी क्यों पलटु कुमार?,आपने सिर्फ सत्ता की लालच में नफरत और हिंसा को क्यों पनपाया है?,MultiParaDetox,MultiParaDetox,,True
hi,Hindi,इतना दोगला पन कहा से लाते हो लुच्चो ?,इतना चाटुकारिता कहा से लाते हो?,MultiParaDetox,MultiParaDetox,,True
hi,Hindi,इन हरामी को सबक सिखाने का इससे अच्छा मौका नहीं मिलेगा ..,इन बुरे लोगों को सबक सिखाने का इससे अच्छा मौका नहीं मिलेगा ..,MultiParaDetox,MultiParaDetox,,True
hi,Hindi,इनकी सेलेरी पहुंच जायेगी घर पर और गरीब जनता फिर से वही रंडी रोना शुरू कर देगी कि विकास नही हुआ |,इनकी सेलेरी पहुंच जायेगी घर पर और गरीब जनता फिर से वही रोना शुरू कर देगी कि विकास नही हुआ |,MultiParaDetox,MultiParaDetox,,True
hi,Hindi,इलेक्शन से पहले महापंडित बनता था,इलेक्शन से पहले वह बहुत ज्ञानी बनता था,MultiParaDetox,MultiParaDetox,,True
hi,Hindi,इस कमीने भूषण को तो सेना के हवाले कर देना चाहिए,इस भूषण को तो सेना के हवाले कर देना चाहिए,MultiParaDetox,MultiParaDetox,,True
hi,Hindi,इस बारे मे ना तो हरामी मीडिया ने मुंह खोला और ना ही सरकार द्वारा कोई ठोस कदम उठाया गया !,इस बारे मे ना तो मीडिया ने मुंह खोला और ना ही सरकार द्वारा कोई ठोस कदम उठाया गया !,MultiParaDetox,MultiParaDetox,,True
hi,Hindi,इस मादरचोद की करतूत को इतना सेंड करो जो की  पकडा जाये ।,इसकी खराब करतूत को इतना सेंड करो जो की  पकडा जाये ।,MultiParaDetox,MultiParaDetox,,True
hi,Hindi,इस मादरचोद को किसी मानसिक रोगी के डॉक्टर को दिखाओ,इस को किसी मानसिक रोगी के डॉक्टर को दिखाओ,MultiParaDetox,MultiParaDetox,,True
hi,Hindi,इस सुअर के बच्चे ने बहुत ही आपत्ती जनक भाषा का इस्तमाल किया है।,इस बेकार आदमी ने बहुत ही आपत्ती जनक भाषा का इस्तमाल किया है।,MultiParaDetox,MultiParaDetox,,True
hi,Hindi,इसकी तो बॉलिंग के समय गांड फाड़ेंगे,इसको तो बॉलिंग के समय दिखा देंगे,MultiParaDetox,MultiParaDetox,,True
hi,Hindi,"इसके पिछवाडे मे खूटा ठोकना पडेगा, इसको अच्छी वाते समझ में नहीं आती है ।","इस पर रोक लगानी पड़ेगी, इसको अच्छी वाते समझ में नहीं आती है ।",MultiParaDetox,MultiParaDetox,,True
hi,Hindi,उनमें एक ये टोटिचोर शामिल है !!!,उनमें एक ये बेकार आदमी शामिल है !!!,MultiParaDetox,MultiParaDetox,,True
hi,Hindi,एक बार अपनी पे आ गए ना भेनचोद तो अच्छा नहीं होगा,एक बार अपनी पे आ गए ना तो अच्छा नहीं होगा,MultiParaDetox,MultiParaDetox,,True
hi,Hindi,एड्रेस पर भोसड़ी के भेज रहा हू,एड्रेस पर तेरे भेज रहा हू,MultiParaDetox,MultiParaDetox,,True
hi,Hindi,ऐसे भड़वा लोगो से मु से बात नहीं होनी चाहिए इनसे हाथ और पैरो से बात होनी चाहिए,ऐसे लोगो से मु से बात नहीं होनी चाहिए इनसे हाथ और पैरो से बात होनी चाहिए,MultiParaDetox,MultiParaDetox,,True
hi,Hindi,ओए कानिये इतने जल्दी में ट्वीट क्यों कर देते हो?,ओए इतने जल्दी में ट्वीट क्यों कर देते हो?,MultiParaDetox,MultiParaDetox,,True
hi,Hindi,ओर कोई नहीं सिर्फ़ तुझ जैसे कुत्ते पूछ रहे हैं भैनचोद,ओर कोई नहीं सिर्फ़ तुझ जैसे लोग ही पूछ रहे हैं,MultiParaDetox,MultiParaDetox,,True
hi,Hindi,औकात समझ आ गई बे ? बाप बाप होता है ।,स्तर समझ आ गया बे ? बाप बाप होता है ।,MultiParaDetox,MultiParaDetox,,True
hi,Hindi,कन्हैया कुमार को इतने वोट तो मिलने ही चाहिए थे जितने शेहला_राशिद के बैग से कनडोम मिले थे.,कन्हैया कुमार को थोड़े अधिक वोट मिलने चाहिए थे |,MultiParaDetox,MultiParaDetox,,True
hi,Hindi,"कभी तो अपने कॉम की गंदगी को साफ करो, हलाला, तहर्रूष, मुताह",कभी तो अपने कॉम की गंदगी को साफ करो,MultiParaDetox,MultiParaDetox,,True
hi,Hindi,कहां था बे भोसडीके! तुझे पोलीस ढुंढ रही है।,कहां था बे ! तुझे पोलीस ढुंढ रही है।,MultiParaDetox,MultiParaDetox,,True
hi,Hindi,कहां से लाते है आखिर ये इतना दोगलापन?,कहां से लाते है आखिर ये इतना चापलूस व्यवहार ?,MultiParaDetox,MultiParaDetox,,True
hi,Hindi,किया होता तो तू ही रंडी जोर जोर से हंगामा मचाती,किया होता तो तू ही जोर जोर से चिल्लाती,MultiParaDetox,MultiParaDetox,,True
hi,Hindi,किसी बहन के लौड़े की अवाज नही निकली,किसी की भी अवाज नही निकली,MultiParaDetox,MultiParaDetox,,True
hi,Hindi,"किसी से धक्का मुक्की तो करो, ये सूखा सूखा मैच मजा नहीं आ रहा है मादरचोद!","किसी से धक्का मुक्की तो करो, ये सूखा सूखा मैच मजा नहीं आ रहा है!",MultiParaDetox,MultiParaDetox,,True
hi,Hindi,कीचड़ उकालने वाला नीच किस मुंह से श्रद्धांजलि दे रहा है?,कीचड़ उकालने वाला यह इंसान क्यों श्रद्धांजलि दे रहा है?,MultiParaDetox,MultiParaDetox,,True
hi,Hindi,कुत्ते के पत्ते के साथ तेरी धुलाई होगी भोसडीके |,तुम्हारी बहुत बुरी पिटाई होगी |,MultiParaDetox,MultiParaDetox,,True
hi,Hindi,केजरीवाल हरामी सुअर भड़वा है | ऐसा मेरे मोहल्ले वाले लोग कह रहे थे ||,केजरीवाल अच्छा आदमी नहीं है | ऐसा मेरे मोहल्ले वाले लोग कह रहे थे ||,MultiParaDetox,MultiParaDetox,,True
hi,Hindi,"कोई हरामि कुछ भी करे कोई मतलब नही, बस कोई हमारी बहन बेटियो की इज्जत से न खेले","कोई कुछ भी करे कोई मतलब नही, बस कोई हमारी बहन बेटियो की इज्जत से न खेले",MultiParaDetox,MultiParaDetox,,True
hi,Hindi,कोठे की पैदाइस साला दल्ला भड़वा आजम,अच्छा आदमी नहीं है आजम,MultiParaDetox,MultiParaDetox,,True
hi,Hindi,क्यों जनता को भटका रहा है.. कमीने,क्यों जनता को भटका रहा है..,MultiParaDetox,MultiParaDetox,,True
hi,Hindi,"क्यों, मुकाबला करने में गांड फटती है क्या?","क्यों, मुकाबला करने में डर लगता है क्या?",MultiParaDetox,MultiParaDetox,,True
hi,Hindi,क्योंकि ऐसा बोलने वाले सड़क छाप सच्चे नहीं होते...,क्योंकि ऐसा बोलने वाले सच्चे नहीं होते...,MultiParaDetox,MultiParaDetox,,True
hi,Hindi,क्योंकि मादरचोद ऐसे ही लोग सोचते है ये मेरा क्या बिगड़ लेगा ?,क्योंकि ऐसे ही लोग सोचते है ये मेरा क्या बिगड़ लेगा ?,MultiParaDetox,MultiParaDetox,,True
hi,Hindi,"चमक तेरी आंखों में कबूतर से कम नहीं, बाप तेरा भरवा और तू किसी रंडी की भड़वे से कम नहीं..","चमक तेरी आंखों में कबूतर से कम नहीं, तुम्हारा बाप और तुम इंसान अच्छे नहीं..",MultiParaDetox,MultiParaDetox,,True
hi,Hindi,चला है लोडा एक्सपर्ट बनने...,चला है एक्सपर्ट बनने...,MultiParaDetox,MultiParaDetox,,True
hi,Hindi,जिधर देखो इशक़ के बिमार बैठे है  हज़ारो मर गयें लाखो तैयार है कमीने,जिधर देखो इशक़ के बिमार बैठे है हज़ारो मर गयें लाखो तैयार है,MultiParaDetox,MultiParaDetox,,True
hi,Hindi,जिसको मेरे शब्द खराब लगे उसकी मा का भोसड़ा,जिसको मेरे शब्द खराब लगे वो भाड़ में जाए,MultiParaDetox,MultiParaDetox,,True
hi,Hindi,"झोंपड़ी के, कुछ दिन पहले तक तो तू उस के लिये छाती पीट रहा था।",कुछ दिन पहले तक तो तू उस के लिये मातम मना रहा था।,MultiParaDetox,MultiParaDetox,,True
hi,Hindi,तुझे तो तेरी औकात जनता ने दिखा दी |,तुझे तो तेरा स्तर जनता ने दिखा दिया |,MultiParaDetox,MultiParaDetox,,True
hi,Hindi,तुम जैसे दलाल तो चिल्ला रहे है अब दुसरो को बोलने की क्या जरुरत ?,तुम जैसे चापलूस तो चिल्ला रहे है अब दुसरो को बोलने की क्या जरुरत ?,MultiParaDetox,MultiParaDetox,,True
hi,Hindi,तुम्हारे जेसे दल्ले का तो कहना ही क्या,तुम्हारे जेसे चापलूस लोगों का तो कहना ही क्या,MultiParaDetox,MultiParaDetox,,True
hi,Hindi,तू कहा अपना झोपड़ा मरवा रही है मादरचोद कूत्ती ?,तू अब कहां अपनी इज्जत से खिलवाड़ करवा रही है ?,MultiParaDetox,MultiParaDetox,,True
hi,Hindi,तू क्या अपूर्वानन्द का दलाल है अपूर्वानन्द कितने साल का है जो आजादी के पहले का बता रहा है,तू क्या अपूर्वानन्द की चापलूसी करता है अपूर्वानन्द कितने साल का है जो आजादी के पहले का बता रहा है,MultiParaDetox,MultiParaDetox,,True
hi,Hindi,तेरा लौंडा  बहुत  बैट लेकर  घूमता  और  सरकारी  अफसर को  पीटता है ।,तेरा लौंडा सरकारी अफसर के बारे में कुछ भी बोलता है |,MultiParaDetox,MultiParaDetox,,True
hi,Hindi,"दे दीजिए पैरोल, लाइए बलात्कारी को बाहर और सभी बहन बेटियों को जेल में डाल दीजिए।","इस बलात्कारी को पैरोल देकर, सभी बहन बेटियों को असुरक्षित मत कीजिए |",MultiParaDetox,MultiParaDetox,,True
hi,Hindi,देख भड़वा कलूटे    इसपे तेरा मूत वाला मुह नही खुलेगा,इसपे तेरा मुह नही खुलेगा,MultiParaDetox,MultiParaDetox,,True
hi,Hindi,देखिए आज की रिपोर्ट अमीश भड़वा से,देखिए आज की रिपोर्ट बेकार अमीश से,MultiParaDetox,MultiParaDetox,,True
hi,Hindi,दोनों एक नंबर के हरामि हो,दोनों एक नंबर के बेकार आदमी हो,MultiParaDetox,MultiParaDetox,,True
hi,Hindi,धोनी से ज्यादा तो हार्दिक गांड़ फाड़ देता है..    अगला मैच हार्दिक खेलेगा,धोनी से ज्यादा अच्छा तो हार्दिक खेलता है..   अगला मैच हार्दिक खेलेगा,MultiParaDetox,MultiParaDetox,,True
hi,Hindi,"नमक हरामी की हद पार हुई, सुधर जाओ  सुवरों","धोखा देने की सीमा ही पार हुई, सुधर जाओ धोखेबाजों",MultiParaDetox,MultiParaDetox,,True
hi,Hindi,पकिस्तान वाले ट्विस्टर पे मैच फिक्स वाला रन्डी रोना कर रहे हैं,पकिस्तान वाले ट्विस्टर पे मैच फिक्स का तमाशा खड़ा कर रहे हैं,MultiParaDetox,MultiParaDetox,,True
hi,Hindi,पत्रकारों को ज़बरदस्ती मूत पिलाने की ज़रूरत ही नहीं |,पत्रकारों से जबरदस्ती कोई काम करवाने की जरूरत नहीं |,MultiParaDetox,MultiParaDetox,,True
hi,Hindi,पिछवाड़े में दम होता तो भागता नहीं हरामखोर,लड़ने की हिम्मत होती तो भागता नहीं धोखेबाज,MultiParaDetox,MultiParaDetox,,True
hi,Hindi,बस हिन्दु मुसलमान कराओ और अपनी रोटी सेको। तेरे जैसा नीच आदमी इस संसार मे कही नही मिलेगा।,बस हिन्दु मुसलमान कराओ और अपनी रोटी सेको। तेरे जैसा आदमी इस संसार मे कही नही मिलेगा।,MultiParaDetox,MultiParaDetox,,True
hi,Hindi,बहनचोद कमीने काले मूह के तेरी गांड में खुजली क्यू नहि हो रही,तुम इसके विरोध में क्यू नहि हो रही,MultiParaDetox,MultiParaDetox,,True
hi,Hindi,बात नेहरू की तो उसने इतने गड्ढे किये इस देश में की भेनचोद आज तक नहीं भरे जा रहे समझ गया चरसी,बात नेहरू की तो उसने इतने गड्ढे किये इस देश में की आज तक नहीं भरे जा रहे समझ गया,MultiParaDetox,MultiParaDetox,,True
hi,Hindi,बाद में फिर तू पूछेगी यह क्या कर दिया?? रंडी,बाद में फिर तू पूछेगी यह क्या कर दिया??,MultiParaDetox,MultiParaDetox,,True
hi,Hindi,भड़वा गिरी की मूर्ति श्री केजरीवाल जी,गलत कामों की मूर्ति श्री केजरीवाल जी,MultiParaDetox,MultiParaDetox,,True
hi,Hindi,भड़वा निकाल दे अपने दिमाग से हरा सौच।,निकाल दे अपने दिमाग से हरा सौच।,MultiParaDetox,MultiParaDetox,,True
hi,Hindi,"भड्वा, तल्वे चातु, कुत्ते से भी बडा कुत्ता देखना हो तो तुजे देख लेना चाहिये",अगर इस्से भी खराब इंसान देखना है तो तुम्हें देखना चाहिए,MultiParaDetox,MultiParaDetox,,True
hi,Hindi,"भाई साहब ये कोई ताजुब की बात नही है यहाँ पर बहुत सारे कमीने, मकार, नमकहराम, दलाल, फरेबी, देशद्रोही है",भाई साहब ये कोई ताजुब की बात नही है यहाँ पर बहुत सारे बुरे लोग हैं,MultiParaDetox,MultiParaDetox,,True
hi,Hindi,भेनचोद इसकी तरह इसकी कस्मे भी झूठी,इसकी तरह इसकी कस्मे भी झूठी है,MultiParaDetox,MultiParaDetox,,True
hi,Hindi,भेनचोद की औलाद एक बाप की औलाद है तो सामने से आकर हमला कर,हिम्मत है तो सामने से आकर हमला करो,MultiParaDetox,MultiParaDetox,,True
hi,Hindi,भेनचोद देश के जवानों का सम्मान ना करें उसको सम्मान देने की जरुरत नहीं,जो भी देश के जवानों का सम्मान ना करें उसको सम्मान देने की जरुरत नहीं,MultiParaDetox,MultiParaDetox,,True
hi,Hindi,भेनचोद ये क्या चूतियापा हो रहा है?,ये क्या फालतू का काम हो रहा है?,MultiParaDetox,MultiParaDetox,,True
hi,Hindi,भेनचोद...  समझ नही आ रहा केस किस खुशी में चल रहा है.,समझ नही आ रहा केस किस खुशी में चल रहा है.,MultiParaDetox,MultiParaDetox,,True
hi,Hindi,भोंसड़ी के तेरे पिछवाड़े में कांग्रेस का पंजा पड़ेगा तो समझ मे आएगा,जब कांग्रेस जीतेगी तभी तुझे समझ मे आएगा,MultiParaDetox,MultiParaDetox,,True
hi,Hindi,भोसडिके इंटरनेशनल रिपोर्ट की खबर तुरन्त आ जाती है,इंटरनेशनल रिपोर्ट की खबर तुरन्त आ जाती है,MultiParaDetox,MultiParaDetox,,True
hi,Hindi,भोसडी बालो तुम ही अपनी बहनो को भेजते हो चुदबाने इन लिव-इन रिलेशनशिप के नाम पर,तुम ही अपनी बहनो को लिव-इन रिलेशनशिप में रहने की इजाजत देते हो,MultiParaDetox,MultiParaDetox,,True
hi,Hindi,भोसडीके ये अफवाह नही सत्य है। सारे का हिस्सा खा रहे हो तुम लोग,ये अफवाह नही सत्य है। सारे का हिस्सा खा रहे हो तुम लोग,MultiParaDetox,MultiParaDetox,,True
hi,Hindi,"मुंबई हुई पानी-पानी, सिस्टम की आंखों में सूखा भेनचोद पानी?","मुंबई हुई पानी-पानी, सिस्टम की आंखों में सूखा पानी?",MultiParaDetox,MultiParaDetox,,True
hi,Hindi,मूर्खो! ये घर में बैठकर कमेंट में किसी को गाली देना कौन सी बहादुरी है?,ये घर में बैठकर कमेंट में किसी को गाली देना कौन सी बहादुरी है?,MultiParaDetox,MultiParaDetox,,True
hi,Hindi,में उस समय सुन नही पाया था। हाँ हा हा हां ह क्योंकि उस समय मे बकचोदी में व्यस्त था,में उस समय सुन नही पाया था। हाँ हा हा हां ह क्योंकि उस समय मे बेकार की बातों में व्यस्त था,MultiParaDetox,MultiParaDetox,,True
hi,Hindi,मैं बहुत कद्र करते थे सिंधु को लेकिन ये तो नकारा है।,मैं बहुत कद्र करते थे सिंधु को लेकिन ये तो कुछ काम का नहीं है ।,MultiParaDetox,MultiParaDetox,,True
hi,Hindi,मैं समस्त जौनपुर वालो से आग्रह करता हु की ऐसे नाली के कीड़ों को समाज से बाहर करो जो हमारे जौनपुर का नाम खराब करते है।,मैं समस्त जौनपुर वालो से आग्रह करता हु की ऐसे लोगों को बाहर करो जो हमारे जौनपुर का नाम खराब करते है।,MultiParaDetox,MultiParaDetox,,True
hi,Hindi,"मैंने तुझे ट्वीट करके बुलाया नही, अपने मर्जी से मरवाने आ गया!","मैंने तुझे ट्वीट करके बुलाया नही, अपने मर्जी से शर्मसार होने आ गया!",MultiParaDetox,MultiParaDetox,,True
hi,Hindi,यह काला सूअर भी तो 10 जनपद का टॉयलेट साफ करने वाला है,यह भी तो 10 जनपद का टॉयलेट साफ करने वाला है,MultiParaDetox,MultiParaDetox,,True
hi,Hindi,यह हैं लोकतंत्र का कानून? थू,यह हैं लोकतंत्र का कानून?,MultiParaDetox,MultiParaDetox,,True
hi,Hindi,यही  साले हरामखोर डॉक्टर पहले चुप थे !,यही डॉक्टर पहले चुप थे !,MultiParaDetox,MultiParaDetox,,True
hi,Hindi,यही एक आखरी रास्ता हो सकता है बाकी सूअर की औलाद किसी की नहीं होगी |,यही एक आखरी रास्ता हो सकता है बाकी बेकार लोग किसी के नहीं होंगे |,MultiParaDetox,MultiParaDetox,,True
hi,Hindi,यही हाल ईस कमीने का है।,यही हाल है इस बुरे आदमी का |,MultiParaDetox,MultiParaDetox,,True
hi,Hindi,ये दिखा रही कि देखो हमारी गाँड आसानी से मर सकती है पर जैसे ही तुम मारने को आओगे हम गाँड उचका देंगे,ये दिखा रही कि देखो हम आसानी से पकड़े जा सकते हैं पर जैसे ही तुम आओगे हम भाग जाएंगे,MultiParaDetox,MultiParaDetox,,True
hi,Hindi,ये ममता भेन के लवडी तेरे गांड मे दम है तो बंगाल के बाहर एक छोटासा भी नमुना दीखादे,ये ममता तेरे मे दम है तो बंगाल के बाहर एक छोटासा भी नमुना दीखा दे,MultiParaDetox,MultiParaDetox,,True
hi,Hindi,ये साले रंडी रोना रोते रहते हैं।। आज और आने वाले समय की बात करो ।,यह बेकार का रोना-धोना करते रहते हैं | | आज और आने वाले समय की बात करो ।,MultiParaDetox,MultiParaDetox,,True
hi,Hindi,ये सूअरिआ यहां हिन्दुओं को बदनाम कर रही है पत्रकारिता के नाम पर कलंक है ये,ये यहां हिन्दुओं को बदनाम कर रही है पत्रकारिता के नाम पर,MultiParaDetox,MultiParaDetox,,True
hi,Hindi,ये स्टाम्प में पीछे ज़रा सा पिल्ला अपनी खूब माँ चुदवा रहा है आज,ये स्टाम्प में पीछे अच्छा नहीं खेल रहा है आज,MultiParaDetox,MultiParaDetox,,True
hi,Hindi,ये हैं महासभा की राष्ट्रीय महासचिव जो राष्ट्रपिता पर गोली चला रहीं हैं!,ये हैं महासभा की राष्ट्रीय महासचिव जो राष्ट्रपिता को कुछ भी बोल रहीं हैं!,MultiParaDetox,MultiParaDetox,,True
hi,Hindi,ये हैं सुअर के पिल्ले हरामी कालापानी भेजिये हराम की औलादो को..,ये हैं बेकार लोग कड़ी कार्रवाई करिए इन बेकार लोगों पर ..,MultiParaDetox,MultiParaDetox,,True
hi,Hindi,"लण्ड, सच्चे पत्रकार  बनने की कोशिश कर वर्ना अपने आपसे घीन आने लगेगी",सच्चे पत्रकार  बनने की कोशिश कर वर्ना अपने आपसे शर्म आने लगेगी,MultiParaDetox,MultiParaDetox,,True
hi,Hindi,वहां का मुख्यमंत्री भडवा है ।,वहां का मुख्यमंत्री अच्छा नहीं है |,MultiParaDetox,MultiParaDetox,,True
hi,Hindi,वाह भेनचोद वाह ...एक आदमी को नीचे गिराने के लिए कितने लोग लगे हुए हैं ...,वाह भाई वाह  ... एक आदमी को नीचा गिराने के लिए कितने लोग हैं,MultiParaDetox,MultiParaDetox,,True
hi,Hindi,वीडियो मे एक रंडी का बच्चा कविता सुना रहा है।,वीडियो मे एक बुरा आदमी कविता सुना रहा है।,MultiParaDetox,MultiParaDetox,,True
hi,Hindi,वो चोर झूठा बेमान दुष्ट नीच कमीना हत्यारा नफ़रत व हिंसा फ़ैलाने वाली बीमारी है,वो आदमी नफरत वह हिंसा फैलाने वाली बीमारी है,MultiParaDetox,MultiParaDetox,,True
hi,Hindi,वो भी तेरी तरह कमीने ही है तुझसे हाथ नहि मिलाएँगे,वो भी तेरी तरह ही है तुझसे हाथ नहि मिलाएँगे,MultiParaDetox,MultiParaDetox,,True
hi,Hindi,सरदाना जी थोड़ा कम जहर उगला करो।,सरदाना जी थोड़ा कम नफरत फैलाया करो,MultiParaDetox,MultiParaDetox,,True
hi,Hindi,सहन की भी एक सीमा होती है. बहुत हुई तुम जेसओ को इज्जत. मादरचोद भेनचोद रंडी की औलाद,सहन की भी एक सीमा होती है. बहुत हुई तुम जेसओ को इज्जत.,MultiParaDetox,MultiParaDetox,,True
hi,Hindi,साला गीदड़ धमकी देता है लेना देना कुछ है नहीं..,वह डरपोक इंसान धमकी देता है लेना देना कुछ है नहीं..,MultiParaDetox,MultiParaDetox,,True
hi,Hindi,साले की शक्ल ही सूअर जैसी लग रही है। जैसा काम वैसी शक्ल ।,उसकी शक्ल ही बेकार सी लग रही है | जैसा काम वैसी शक्ल ।,MultiParaDetox,MultiParaDetox,,True
hi,Hindi,साले पिछले बारी बोला था कांग्रेस से गठबंधन की बात भी करू तो बेटा मर जाये,वह पिछले बारी बोला था कांग्रेस से गठबंधन की बात भी करू तो बेटा मर जाये,MultiParaDetox,MultiParaDetox,,True
hi,Hindi,सुवर अब तो बदल जाओ भोसडीका,अब तो बदल जाओ अपनी बुरी आदतों से,MultiParaDetox,MultiParaDetox,,True
hi,Hindi,सुवर कहि के इनकी भी बहन बेटियो के साथ नहीं होंना चाहिए यह सब,बेकार आदमी इनकी भी बहन बेटियो के साथ नहीं होंना चाहिए यह सब,MultiParaDetox,MultiParaDetox,,True
hi,Hindi,सूअर की तरह बच्चे पैदा कर लेते हैं उनके लिए खाने को भी इंतजाम करना पड़ता है,इतने सारे बच्चे पैदा कर लेते हैं उनके लिए खाने को भी इंतजाम करना पड़ता है,MultiParaDetox,MultiParaDetox,,True
hi,Hindi,सूअर के पिछवाड़े मे और बाथरुम मे अपनी बेटी को ढूंढ रहा है,अपनी बेटी को हर जगह ढूंढ रहा है,MultiParaDetox,MultiParaDetox,,True
hi,Hindi,हम इंसानो के पूर्वज तो बंदर थे बाकी इस कुत्ते को इसके पता होंगे,हम इंसानो के पूर्वज तो बंदर थे बाकी इस्के इसको पता होंगे,MultiParaDetox,MultiParaDetox,,True
hi,Hindi,हम मादरचोद हैं क्या कर सकते है,हम डरपोक हैं हम क्या कर सकते है,MultiParaDetox,MultiParaDetox,,True
hi,Hindi,हमारे टुकड़ों पर पलने वाले सूअर नमक हराम भडवे,हमारे टुकड़ों पर पलने वाले धोखेबाज,MultiParaDetox,MultiParaDetox,,True
hi,Hindi,हरामखोर हरामी को भगाओ अपने डिवेट से।।,इसे भगाओ अपने डिवेट से।,MultiParaDetox,MultiParaDetox,,True
hi,Hindi,हरामी भोसड़ीके बिजली चोर हो तुम,बुरे इंसान बिजली चोर हो तुम,MultiParaDetox,MultiParaDetox,,True
uk,Ukrainian,"' бля, ти пам''ятаєш, шо мені було потім?) я мацала так пити)'","'ти пам''ятаєш, шо мені було потім?) я мацала так пити)'",MultiParaDetox,MultiParaDetox,,True
uk,Ukrainian,'Збери п''ятьох мудакуватих клієнтів за день та отримай одне ввічливе приємне сонечко у подарунок!','Збери п''ятьох клієнтів за день та отримай одне ввічливе приємне сонечко у подарунок!',MultiParaDetox,MultiParaDetox,,True
uk,Ukrainian,"'П''яний друг каже: "" ніколи не трахай дівчат з економічного...""'","'П''яний друг каже: "" ніколи займайся сексом с дівчатами з економічного...""'",MultiParaDetox,MultiParaDetox,,True
uk,Ukrainian,"'Перед тим, як щось затвітити, запитай у себе: ''А може всім похую на то?'', і пам''ятай, що відповідь завжди ''Так''.'","'Перед тим, як щось затвітити, запитай у себе: ''А може всім байдуже на то?'', і пам''ятай, що відповідь завжди ''Так''.'",MultiParaDetox,MultiParaDetox,,True
uk,Ukrainian,"'Рубрика ""Всім похуй на ті всраті діалоги"":Итс соу світ вен після п''янки всі звітують, що дома.'","'Рубрика ""Всім начхати  на ті всраті діалоги"":Итс соу світ вен після п''янки всі звітують, що дома.'",MultiParaDetox,MultiParaDetox,,True
uk,Ukrainian,"(Ну або які в нас там ще є елітарні мудаки, яким власна елітарність без тупоголових донецьких недостатньо елітарна)","(Ну або які в нас там ще є елітарні хлопці, яким власна елітарність без хлопці донецьких недостатньо елітарна)",MultiParaDetox,MultiParaDetox,,True
uk,Ukrainian,"-ЦЕ ТИ МЕНЕ ЩА ЖИРНИМ ОБІЗВАЛА, ТА?!","-ЦЕ ТИ МЕНЕ ЩА ТОВСТИМ ОБІЗВАЛА, ТА?!",MultiParaDetox,MultiParaDetox,,True
uk,Ukrainian,"[городити хуйню про грамотність жахливо неграмотними і українською, і російською мовами: вишенька на тортику цієї феєрії]","[городити дурницю про грамотність жахливо неграмотними і українською, і російською мовами: вишенька на тортику цієї феєрії]",MultiParaDetox,MultiParaDetox,,True
uk,Ukrainian,"Є частинка щастя в хорі народу на концерті Жадана і Собак, який співає:Чотири роки сука без Кобзона!","Є частинка щастя в хорі народу на концерті Жадана і Собак, який співає:Чотири роки без Кобзона!",MultiParaDetox,MultiParaDetox,,True
uk,Ukrainian,"Інші просто долбайоби, бо я теж не шарю, за що ціна така.","я теж не шарю, за що ціна така.",MultiParaDetox,MultiParaDetox,,True
uk,Ukrainian,"Їй випав Овен і бля, мій папа овен.",Їй випав Овен і мій папа овен.,MultiParaDetox,MultiParaDetox,,True
uk,Ukrainian,"А варто лиш почути тупу наркоманську фігню, ржу як коняка.","А варто лиш почути всяку наркоманську фігню, ржу як коняка.",MultiParaDetox,MultiParaDetox,,True
uk,Ukrainian,А от гнила людина...люди мають можливість митися...,А от така людина...люди мають можливість митися...,MultiParaDetox,MultiParaDetox,,True
uk,Ukrainian,"А ф-зми є різні - я за той, який цю парадигму відправить нахуй","А ф-зми є різні - я за той, який цю парадигму відправить далеко",MultiParaDetox,MultiParaDetox,,True
uk,Ukrainian,"А я блять що, а я собі така ахуєнна, ніколи не падаю духом.","А я що, а я собі така шикарна, ніколи не падаю духом.",MultiParaDetox,MultiParaDetox,,True
uk,Ukrainian,"Ааааа, ну нахуя ставити це на порозі??????","Ааааа, ну для чого ставити це на порозі??????",MultiParaDetox,MultiParaDetox,,True
uk,Ukrainian,Антикорупціонєр – це коли в жопу за $ дає.,Антикорупціонєр – це коли продаєтся за гроші.,MultiParaDetox,MultiParaDetox,,True
uk,Ukrainian,"Ахахах бляя, уявив собі це",Ахахах уявив собі це,MultiParaDetox,MultiParaDetox,,True
uk,Ukrainian,"Ахахах, єбать, добре, шо не поступав туди#КНЕУ_топчік","Ахахах добре, шо не поступав туди#КНЕУ_топчік",MultiParaDetox,MultiParaDetox,,True
uk,Ukrainian,Бля ця херея ще й двигається,ця штука й двигається,MultiParaDetox,MultiParaDetox,,True
uk,Ukrainian,Блядь та ну ви знущаєтесь?,та ну ви знущаєтесь?,MultiParaDetox,MultiParaDetox,,True
uk,Ukrainian,"Блядь, сука, вибішує нахуй ця хуйня.",чорт вибішує ця річ.,MultiParaDetox,MultiParaDetox,,True
uk,Ukrainian,"Блядь, у мене відчуття, що я ревную геть усіх.","у мене відчуття, що я ревную геть усіх.",MultiParaDetox,MultiParaDetox,,True
uk,Ukrainian,"Блять, я ненавиджу своє їбуче тіло, сам факт свого існування.","Я ненавиджу своє тіло, сам факт свого існування.",MultiParaDetox,MultiParaDetox,,True
uk,Ukrainian,"Блять, я що весь час телік носив з собою і робив хуйню?",я що весь час телік носив з собою і робив казна-що?,MultiParaDetox,MultiParaDetox,,True
uk,Ukrainian,"Бо пити його разом з алко дуже хуйова ідея, перевірено","Бо пити його разом з алко дуже погана ідея, перевірено",MultiParaDetox,MultiParaDetox,,True
uk,Ukrainian,"В коментарях автор пояснює, що їздив дивитися, як тубільці пиздяться між собою, про “both sides” і “more neutral approach”, охуєнно","'В коментарях автор пояснює, що їздив дивитися, як тубільці б''ються між собою, про “both sides” і “more neutral approach”, прекрасно'",MultiParaDetox,MultiParaDetox,,True
uk,Ukrainian,"В чому ваша, сука, проблема?","В чому ваша, проблема?",MultiParaDetox,MultiParaDetox,,True
uk,Ukrainian,"Вам шо, феміністка хуй відгризла?","Вам що, феміністка дорогу перейшла",MultiParaDetox,MultiParaDetox,,True
uk,Ukrainian,Вангую прапори новоросій чи іншого роду провокативні хуйні на трибунах,Вангую прапори новоросій чи іншого роду провокативні речі на трибунах,MultiParaDetox,MultiParaDetox,,True
uk,Ukrainian,"Ви хоч раз слухали хуйню, яку він несе?",Ви хоч раз слухали що він каже?,MultiParaDetox,MultiParaDetox,,True
uk,Ukrainian,Вобщєм псіхану і піду на вокзал зустріну їїІ паєбать,Вобщєм псіхану і піду на вокзал зустріну їїІ все одно,MultiParaDetox,MultiParaDetox,,True
uk,Ukrainian,"Воно настільки убоге, що навіть я, яка давно відверто називає Фреймут бляддю, не маю що сказати.","Воно на стільки просте, що навіть я, яка давно відверто називає Фреймут поганою, не маю що сказати",MultiParaDetox,MultiParaDetox,,True
uk,Ukrainian,"Все блять, привіт пенсіонерський відпочинок: сходила в замок, погуляла набережною, випила, тепер наступні дві доби хочу просто проспати в номері.","привіт пенсіонерський відпочинок: сходила в замок, погуляла набережною, випила, тепер наступні дві доби хочу просто проспати в номері.",MultiParaDetox,MultiParaDetox,,True
uk,Ukrainian,"Всесвіт вчить мене забивати хуй на тих, хто забиває його на мене, а я ніяк не вивчу урок...","Всесвіт вчить мене забивати на тих, хто забиває на мене, а я ніяк не вивчу урок...",MultiParaDetox,MultiParaDetox,,True
uk,Ukrainian,"Дивлюсь на відповіді голосувань і бля, who the fuck так погано мене знає?","Дивлюсь на відповіді голосувань і, хто так погано мене знає?",MultiParaDetox,MultiParaDetox,,True
uk,Ukrainian,Дуже хочу написати щось дуже розумне  але хуй його знає що...,Дуже хочу написати щось дуже розумне  але хто його знає що...,MultiParaDetox,MultiParaDetox,,True
uk,Ukrainian,"Завжди хотіла бути коханкою, а не дружиною, бо їх просто трахають і все.","Завжди хотіла бути коханкою, а не дружиною, бо з ними просто злягаються і все.",MultiParaDetox,MultiParaDetox,,True
uk,Ukrainian,"Залякані люди, збайдужілі своїм страхом...","Залякані люди, збайдужілі своїм страхом...",MultiParaDetox,MultiParaDetox,,True
uk,Ukrainian,"Зараз,бляха-муха,закурю....грьобаний футбол,тримай себе в руках,Міла!","Зараз закурю... поганий футбол, тримай себе в руках, Міла",MultiParaDetox,MultiParaDetox,,True
uk,Ukrainian,"Заходжу я в твітор, а тут Лєщєнко пиздить.","Заходжу я в твітор, а тут Лєщєнко каже.",MultiParaDetox,MultiParaDetox,,True
uk,Ukrainian,"Здається, мене люблять 2 дівчини.ото нєхуй було писати шопопало","Здається, мене люблять 2 дівчини.ото не варто було писати шопопало",MultiParaDetox,MultiParaDetox,,True
uk,Ukrainian,"КекНу типу пиздиті ніачом то і в житті не важкоНо я колись теж напастой мовчав, тому шарю тебе","КекНу типу бреше ніачом то і в житті не важкоНо я колись теж напастой мовчав, тому шарю тебе",MultiParaDetox,MultiParaDetox,,True
uk,Ukrainian,Кидає фотку в платті і каже - диви яка в мене тут жопа!,'Кидає фотку в платті і каже - диви яка в мене тут п''ята точка!',MultiParaDetox,MultiParaDetox,,True
uk,Ukrainian,Коли ти дуже жостко підйобуєш Настю,Коли ти дуже жостко глузуєшь над Настєю,MultiParaDetox,MultiParaDetox,,True
uk,Ukrainian,"Луччє я здохну єбучім ноунеймом, чем праслявлюсь і мене стануть показувати по гівнотв","Луччє я був ноунеймом, чем праслявлюсь і мене стануть показувати по тв",MultiParaDetox,MultiParaDetox,,True
uk,Ukrainian,"Люди кажуть, що всім похуй на них.","Люди кажуть, що всім всеодно на них.",MultiParaDetox,MultiParaDetox,,True
uk,Ukrainian,"Люди, котрі юзають мільйон смайлів, без зайвих слів ідуть нахуй.","Люди, котрі юзають мільйон смайлів, без зайвих слів ідуть далеко",MultiParaDetox,MultiParaDetox,,True
uk,Ukrainian,Мау хай йдуть в жопу,Мау хай йдутьу куди подалі,MultiParaDetox,MultiParaDetox,,True
uk,Ukrainian,"Мене зараз закидають гнилими хуями, але Скарлет Йохансон","Мене зараз закидають тухлими помідорами, але Скарлет Йохансон",MultiParaDetox,MultiParaDetox,,True
uk,Ukrainian,"Мені дохуя французької, а єбав, бо усний:з","Мені багато французької, а манав, бо усний",MultiParaDetox,MultiParaDetox,,True
uk,Ukrainian,"Можу допомогти, все рівно хуйї штурхаю","Можу допомогти, все рівно нічим не займаюсь",MultiParaDetox,MultiParaDetox,,True
uk,Ukrainian,"На вулиці теплинь, пташечки літають, спідметал хуярить в навушниках.","На вулиці теплинь, пташечки літають, спідметал грає в навушниках.",MultiParaDetox,MultiParaDetox,,True
uk,Ukrainian,"На запах яблучних млинчиків прибіг сусід: ""бля, тебе нарешті хтось візьме заміж і забере звідси к чортовій матері?""","На запах яблучних млинчиків прибіг сусід: "", тебе нарешті хтось візьме заміж і забере звідси?""",MultiParaDetox,MultiParaDetox,,True
uk,Ukrainian,Нахара ти включила бізнес аккаунт в інста якщо ти школоло і тебе фоловлять тільки твої однокласники блять..,Навіщо ти включила бізнес аккаунт в інста якщо ти школярка і тебе фоловлять тільки твої однокласники..,MultiParaDetox,MultiParaDetox,,True
uk,Ukrainian,"Нахуй ти палиш, ну бля","нащо ти палиш, ну блин",MultiParaDetox,MultiParaDetox,,True
uk,Ukrainian,Нахуя я це вчу блять?,навiщо я це вчу?,MultiParaDetox,MultiParaDetox,,True
uk,Ukrainian,Не розумію чим я заслужила цю хуйову карму останнім часом,Не розумiю чим я заслужила цю карму останнiм часом,MultiParaDetox,MultiParaDetox,,True
uk,Ukrainian,"Ну блять, давайте вже про імпотенцію та рак, так нецікаво.","Ну, давайте вже про імпотенцію та рак, так нецікаво.",MultiParaDetox,MultiParaDetox,,True
uk,Ukrainian,"Ну бляха, як воно звучить","Ну блін, як воно звучить",MultiParaDetox,MultiParaDetox,,True
uk,Ukrainian,Ну вот сучка прямо як у мене),Ну вот прямо як у мене),MultiParaDetox,MultiParaDetox,,True
uk,Ukrainian,"Нікому, блять, навіть пожалітися не можна!",Нікому навіть пожалітися не можна!,MultiParaDetox,MultiParaDetox,,True
uk,Ukrainian,Один раз побув долбайобом і на все життя ним залишився.,Один раз побув поганим чоловіком і на все життя ним залишився.,MultiParaDetox,MultiParaDetox,,True
uk,Ukrainian,"От би монетизувати своє почуття сорому за хуйню, котру роблять інші.",От би монетизувати своє почуття сорому за те шо роблять інші.,MultiParaDetox,MultiParaDetox,,True
uk,Ukrainian,"Отак не встиг зафоловити людину, як вона почала писати хуйню.","Отак не встиг зафоловити людину, як вона почала писати нісенітницю.",MultiParaDetox,MultiParaDetox,,True
uk,Ukrainian,"Очевидно, бог чистоти приготував, щоб пиздити мене, бо не прибираю.","Очевидно, бог чистоти приготував, щоб покарати мене, бо не прибираю.",MultiParaDetox,MultiParaDetox,,True
uk,Ukrainian,Пісня про сесію:зззНа відміну від–Ну його на хуй :з,Пісня про сесію:зззНа відміну від–так ну його :з,MultiParaDetox,MultiParaDetox,,True
uk,Ukrainian,"Розхуячила палець, намагаючись розбити варене яйце кістяшками.","поранивши палець, намагаючись розбити варене яйце кістяшками.",MultiParaDetox,MultiParaDetox,,True
uk,Ukrainian,"Сука, йобаний твіттер - капуста підгоріла ._.",Через твіттер  капуста підгоріла ._.,MultiParaDetox,MultiParaDetox,,True
uk,Ukrainian,"Сука, який же ж ахуєнний деньТреба мені частіше вихідні брати","Боже, який же чудовий день Треба мені частіше вихідні брати",MultiParaDetox,MultiParaDetox,,True
uk,Ukrainian,"Сьогодні у нас, блядь, челендж розбуди Юляну?!","Сьогодні у нас, челендж розбуди Юляну?!",MultiParaDetox,MultiParaDetox,,True
uk,Ukrainian,"Та блять, боже, дай мені вже вмерти.","Та  боже, дай мені вже вмерти.",MultiParaDetox,MultiParaDetox,,True
uk,Ukrainian,"Та нахуй ти мені впав, скотина ти така)))",Та навіщо ти мені потрібен,MultiParaDetox,MultiParaDetox,,True
uk,Ukrainian,"Та ну сука лізуть і лізуть, є взагалі якісь межі цього шапіто???","Та ну лізуть і лізуть, є взагалі якісь межі цього шапіто???",MultiParaDetox,MultiParaDetox,,True
uk,Ukrainian,"Тварини нас не люблять, йопт",Тварини нас не люблять,MultiParaDetox,MultiParaDetox,,True
uk,Ukrainian,"Ти сукан, бухаєш без нас з",'ти п''єш без нас',MultiParaDetox,MultiParaDetox,,True
uk,Ukrainian,Тинка ходи на Jazz fest і вино післяЖінку свою веди блять.,Тинка ходи на Jazz fest і вино післяЖінку свою веди.,MultiParaDetox,MultiParaDetox,,True
uk,Ukrainian,То це ясно і їбанутим.,То це ясно і божевільним.,MultiParaDetox,MultiParaDetox,,True
uk,Ukrainian,"Треба було відос знімати, блять.",Треба було відео знімати,MultiParaDetox,MultiParaDetox,,True
uk,Ukrainian,Хахахах зато ви всі такі ахуєнно правильні що Господь Бог сикається від вас,Хахахах зато ви всі такі правильні що Господь Бог цурається  вас,MultiParaDetox,MultiParaDetox,,True
uk,Ukrainian,"Хеппі бьоздей, щось ніхуя не хеппі.","Хеппі бьоздей, щось зовсім не хеппі.",MultiParaDetox,MultiParaDetox,,True
uk,Ukrainian,"Хочеш все встигнути? канєха даааа, проспи всьо нахуй:З","Хочеш все встигнути? канєха даааа, проспи всьо нафіг:З",MultiParaDetox,MultiParaDetox,,True
uk,Ukrainian,"Хочеш їсти - їж, хочеш пити - пий, хочеш трахатися - ну, буває.","Хочеш їсти - їж, хочеш пити - пий, хочеш сексу - ну, буває.",MultiParaDetox,MultiParaDetox,,True
uk,Ukrainian,"Хочу постити депресивну хуйню в інст, але там забагато знайомих","Хочу постити депресивну дурниці в інст, але там забагато знайомих",MultiParaDetox,MultiParaDetox,,True
uk,Ukrainian,"Хтіли ""паставіть падножку Порошєнка"", а вийшло дати в жопу тіко.","Хтіли ""паставіть падножку Порошєнка"", а вийшло наоборот тільки.",MultiParaDetox,MultiParaDetox,,True
uk,Ukrainian,Хєрак нада шось придумати годне хєрак похуй і так зайде,Бамс нада шось придумати годне бамс добре і так зайде,MultiParaDetox,MultiParaDetox,,True
uk,Ukrainian,"Це все сука Путін своє клімактічєскоє оружіє запустив, щоб нас зі світу зжити.","Це все Путін своє клімактічєскоє оружіє запустив, щоб нас зі світу зжити.",MultiParaDetox,MultiParaDetox,,True
uk,Ukrainian,"Чоловіки, хлопці - яйця, блять, в руки і до Києва!","Чоловіки, хлопці - опануйте себе і до Києва!",MultiParaDetox,MultiParaDetox,,True
uk,Ukrainian,"Шо за хуйня? - сказав я, уважно підбираючи слова.","Шо за нісенітниця? - сказав я, уважно підбираючи слова.",MultiParaDetox,MultiParaDetox,,True
uk,Ukrainian,"Шоб я не робила, все якось через жопу.","Шоб я не робила, всё якось через останнє місце",MultiParaDetox,MultiParaDetox,,True
uk,Ukrainian,Щоб то ще такого спизданути в стрічку?,Щоб то ще такого сказанути в стрічку?,MultiParaDetox,MultiParaDetox,,True
uk,Ukrainian,Я ж не залупа якась,Я ж не поганаа якась,MultiParaDetox,MultiParaDetox,,True
uk,Ukrainian,Я можу придумувати їбануті програми для СТБ.,Я можу придумувати дивні програми для СТБ.,MultiParaDetox,MultiParaDetox,,True
uk,Ukrainian,Я і щас нахуй здався?,Я і щас навіщо здався?,MultiParaDetox,MultiParaDetox,,True
uk,Ukrainian,Як добре що така хуйня властива лише монархіям,Як добре що таке безглуздя властиве лише монархіям,MultiParaDetox,MultiParaDetox,,True
uk,Ukrainian,"Як перестати хотіти трахнути все, що рухається?",Як перестати хотіти все що рухається,MultiParaDetox,MultiParaDetox,,True
uk,Ukrainian,Яка була курва матиТака ж курва дочка!,Яка була мати така ж і дочка,MultiParaDetox,MultiParaDetox,,True
uk,Ukrainian,"але спочатку то було не все одно, знач ти намагався не класти хуй, а це вже шось","але спочатку то було не все одно, знач ти намагався щось робити, а це вже шось",MultiParaDetox,MultiParaDetox,,True
uk,Ukrainian,"бля, не писать йому тоді, чи шо","не писать йому тоді, чи шо",MultiParaDetox,MultiParaDetox,,True
uk,Ukrainian,"бля, це ж твіт лів",це ж твіт лів,MultiParaDetox,MultiParaDetox,,True
uk,Ukrainian,"блять, ну чому, коли я пишу саме такі твіти, ти тут?","ну чому, коли я пишу саме такі твіти, ти тут?",MultiParaDetox,MultiParaDetox,,True
uk,Ukrainian,"бляха, вгамуйте хтось тимошенко. уже блювати від її коників хочеться.",заспокойте хтось тимошенко. не можу вже від її коникiв.,MultiParaDetox,MultiParaDetox,,True
uk,Ukrainian,виступав колись перед дітьми - їм похуй. ти для них лох без айфона.,виступав колись перед дітьми - їм байдуже. ти для них ніхто без айфона.,MultiParaDetox,MultiParaDetox,,True
uk,Ukrainian,"гегель такий мілаш,коли пише про абстрактне мислення, і таке мудло, коли товкмачить про право і державу.","гегель такий мілаш,коли пише про абстрактне мислення, і такий чудний, коли товкмачить про право і державу.",MultiParaDetox,MultiParaDetox,,True
uk,Ukrainian,"жопа, к слову – на 2 з мінусом і без наколок.","'п''ята точка, к слову – на 2 з мінусом і без наколок.'",MultiParaDetox,MultiParaDetox,,True
uk,Ukrainian,"зайди на фб, молю! кончений вк не дає нічого зробити! це все хуйло всране","Зайди на фб, молю вк не дає нічого зробити, це все чоловік поганий",MultiParaDetox,MultiParaDetox,,True
uk,Ukrainian,каре і срібло у хуйовій якості,каре і срібло у жахливой якості,MultiParaDetox,MultiParaDetox,,True
uk,Ukrainian,"не звертай уваги. мудаків мільйон, ти одна.)","не звертай уваги. таких мільйон, ти одна.)",MultiParaDetox,MultiParaDetox,,True
uk,Ukrainian,"не можу, в мене, сука, над головою свердлять, а я намагаюсь працювати","не можу, в мене над головою свердлять, а я намагаюсь працювати",MultiParaDetox,MultiParaDetox,,True
uk,Ukrainian,"не плєд хуйня, а ти хуйня","Не плед фігня,а ти",MultiParaDetox,MultiParaDetox,,True
uk,Ukrainian,"ну бля, я не вірю","ну, я не вірю",MultiParaDetox,MultiParaDetox,,True
uk,Ukrainian,"ні, це дає тобі право посилати їх нахуй!","ні, це дає тобі право посилати їх",MultiParaDetox,MultiParaDetox,,True
uk,Ukrainian,"ой бля, що за думки в голові",ой що за думки в голові,MultiParaDetox,MultiParaDetox,,True
uk,Ukrainian,сука я йду презіки купувати бо ну нах,я йду презики купувати про всяк випадок,MultiParaDetox,MultiParaDetox,,True
uk,Ukrainian,"та блять, нема зворотніх плацкартів на коли мені треба в обозрімом будущєм",Нема зворотніх плацкартні на коли мені треба в обозрімом будущєм,MultiParaDetox,MultiParaDetox,,True
uk,Ukrainian,"ти підписав собі вирок, сука",ти підписав собі вирок,MultiParaDetox,MultiParaDetox,,True
uk,Ukrainian,"то не росіяни, то сука італійці! боже ЯК Я НЕ ЛЮБЛЮ ІТАЛІЙЦІВ!!!","то не росіяни, то італійці! боже ЯК Я НЕ ЛЮБЛЮ ІТАЛІЙЦІВ!!!",MultiParaDetox,MultiParaDetox,,True
uk,Ukrainian,тобто блядь? тобі більше 25?!,тобто? тобі більше 25?!,MultiParaDetox,MultiParaDetox,,True
uk,Ukrainian,"тому, кстатє, спайк лі получив каннську гілочку, а кокотюха получив хуй на патичку, і так йому і нада.","тому, кстатє, спайк лі получив каннську гілочку, а кокотюха нічого не получив, і так йому і нада.",MultiParaDetox,MultiParaDetox,,True
uk,Ukrainian,"це коли карент муд від ""мудак""","це коли карент муд від ""поганий""",MultiParaDetox,MultiParaDetox,,True
uk,Ukrainian,"імхо - жахлива хуйня. красіво, більш-менш непогана бойовка, загалом - хуйня.","імхо - жахливо. красіво, більш-менш непогана бойовка, загалом - жах",MultiParaDetox,MultiParaDetox,,True
uk,Ukrainian,– Я что лох налогі платіть?,– Я что хворий налогі платіть?,MultiParaDetox,MultiParaDetox,,True
xh,isiXhosa,uthetha umsunu kwedini! URL,Uthetha izinto ezingaqondakaliyo apha!,afrihate_human_reviewed,AfriHate,dev_isixhosa_00007,True
xh,isiXhosa,"ayika zalwa inkazana enondixelela mandithini nge mali yam ,tyini thiza #lrt","Inkazana, nceda ungandixeleli ukuba ndithini ngemali yam #lrt",afrihate_human_reviewed,AfriHate,dev_isixhosa_00045,True
xh,isiXhosa,"ayika zalwa inkazana enondixelela mandithini nge mali yam ,tyini thiza #lrt",Akufuneki ukuba inkazana indixelele ndenze ntoni ngemali yam #lrt,afrihate_human_reviewed,AfriHate,dev_isixhosa_00045,True
xh,isiXhosa,"ayika zalwa inkazana enondixelela mandithini nge mali yam ,tyini thiza #lrt",Andiyithandi le nto; umntu undixelela ukuba ndenzeni ngemali yam. #lrt,afrihate_human_reviewed,AfriHate,dev_isixhosa_00045,True
xh,isiXhosa,"@username ahhh kodwa lol @username uzizwele rt @username : @username msebenzi womchamo, futsek nalowo msebenzi wakhe","@username ahhh kodwa lol @username uzizwele rt @username : @username umsebenzi ongafanelekanga, nceda shintsha lowo msebenzi wakhe",afrihate_human_reviewed,AfriHate,dev_isixhosa_00102,True
xh,isiXhosa,ngumnqundu lo ref. wenza incanca kanyoko wakhe ngok. ngumsunu qha ke! 👹,Lo ref ubukeka enecala; wenza izinto ezikhetha umntu wakhe. Akulunganga oko.,afrihate_human_reviewed,AfriHate,dev_isixhosa_00128,True
xh,isiXhosa,akujwayeleki ukubona isidudla somjitha whos not balling! gci.,akujwayeleki ukubona umntu othanda ukuzibonakalisa ongaphumeleli.,afrihate_human_reviewed,AfriHate,dev_isixhosa_00172,True
xh,isiXhosa,@username #ukhozifmtop20 #ripmphomadonsela aw solikhumbula ixoki bakithi kwazekwabuhlungu engukuzwayo imsebenzi yakhe soze yashabalala @username luhamba phambili,"#ukhozifmtop20 #ripmphomadonsela Siyakukhumbula; kuyabuhlungu, kodwa imisebenzi yakhe ayisoze yashabalala. Luhamba phambili",afrihate_human_reviewed,AfriHate,dev_isixhosa_00229,True
xh,isiXhosa,"khona @username ndileli ndihleka phezolo, coz i came across tweets zakho uthuka esinye isidenge esikuqhela kakubi.","khona @username, ndihlekile izolo kuba ndawabona tweets zakho apho uthuka omnye umntu.",afrihate_human_reviewed,AfriHate,dev_isixhosa_00245,True
xh,isiXhosa,"futsek dlala nabangani bakho obuya msuthu notshakhuma uyeke ukusijwayela kabi , URL","Hamba udlale nabahlobo bakho obuya msuthu notshakhuma, uyeke ukusiphatha kakubi, URL",afrihate_human_reviewed,AfriHate,dev_isixhosa_00276,True
xh,isiXhosa,kwasho esinye isidenge sathi bayazala abanye omama,kwasho omnye umntu sathi bayazala abanye omama,afrihate_human_reviewed,AfriHate,dev_isixhosa_00301,True
xh,isiXhosa,“uthetha umsunu” 😭😭😭😭😭😭😭😭😂😂😂😂😂😂😂😂😂,“uthetha into engacacanga” 😭😭😭😭😭😭😭😭😂😂😂😂😂😂😂😂😂,afrihate_human_reviewed,AfriHate,dev_isixhosa_00302,True
xh,isiXhosa,"@username banganya kum. i don’t know how, but andinokwenziwa inkwenkwe olu hlobo mna.","@username bayandiphazamisa. Andazi ukuba njani, kodwa andinakunyanzeliswa ukuba ndibe yinkwenkwe enjalo.",afrihate_human_reviewed,AfriHate,dev_isixhosa_00319,True
xh,isiXhosa,kunuka ibhentse apha 😳😳😳😳😷,Kunuka apha kwibhentshi 😳😳😳😳😷,afrihate_human_reviewed,AfriHate,dev_isixhosa_00438,True
xh,isiXhosa,kunuka ibhentse apha 😳😳😳😳😷,Ibhentshi linuka apha 😳😳😳😳😷,afrihate_human_reviewed,AfriHate,dev_isixhosa_00438,True
xh,isiXhosa,ndinxila ikaka kodwa. 😂,ndiyacasukile kodwa. 😂,afrihate_human_reviewed,AfriHate,dev_isixhosa_00442,True
xh,isiXhosa,@username yiyo lento niqhuba ikaka😂,@username yiyo lento niqhuba kabi😂,afrihate_human_reviewed,AfriHate,dev_isixhosa_00456,True
xh,isiXhosa,@username yiyo lento niqhuba ikaka😂,@username yiyo lento niqhuba 😂,afrihate_human_reviewed,AfriHate,dev_isixhosa_00456,True
xh,isiXhosa,yes ngawafaka amacici nami but ngokuhamba kwesikhath ngawayeka! angisayizwisisi nje kwelova namacici! ivele injubaqa izalifaka ekhaleni,"Ndazifaka nam amacici, kodwa ngokuhamba kwexesha ndawayeka. Andisaziqondi kakuhle indlela abantu abathanda ngayo amacici; bazifaka nje ezindlebeni.",afrihate_human_reviewed,AfriHate,dev_isixhosa_00532,True
xh,isiXhosa,bayayinxila ikaka aba mama 😂😂,Bayayinxila kakhulu aba mama 😂😂,afrihate_human_reviewed,AfriHate,test_isixhosa_00047,True
xh,isiXhosa,"ek'seni kanje seni thetha ikaka, chill lutho lay'khaya.","ek'seni kanje seni thetha into engalunganga, phumla, akukho nto ekhaya.",afrihate_human_reviewed,AfriHate,test_isixhosa_00123,True
xh,isiXhosa,"ek'seni kanje seni thetha ikaka, chill lutho lay'khaya.","ek'seni kanje seni thetha izinto, chill lutho lay'khaya.",afrihate_human_reviewed,AfriHate,test_isixhosa_00123,True
xh,isiXhosa,"ek'seni kanje seni thetha ikaka, chill lutho lay'khaya.","Ekuseni kanje uthetha izinto ezingacacanga, phumla, akukho nto ekhaya.",afrihate_human_reviewed,AfriHate,test_isixhosa_00123,True
xh,isiXhosa,"lo miss mnisi is not confused, she's both iqili and ixoki.  udinga ibhande nje khona ezoqonda.",Lo Miss Mnisi akadideki; uxela izinto ezingachanekanga kwaye udinga ingxoxo ukuze achaze.,afrihate_human_reviewed,AfriHate,test_isixhosa_00129,True
xh,isiXhosa,"lo miss mnisi is not confused, she's both iqili and ixoki.  udinga ibhande nje khona ezoqonda.",Lo Miss Mnisi akadidekile; ubonakala enobuqili kwaye engathembekanga. Udinga ingxoxo nje ukuze aze aqonde.,afrihate_human_reviewed,AfriHate,test_isixhosa_00129,True
xh,isiXhosa,that time mhlambe nomlomo wakhe uyanuka URL,Ngelo xesha mhlambe umlomo wakhe wayenuka.,afrihate_human_reviewed,AfriHate,test_isixhosa_00210,True
xh,isiXhosa,"kufuneka ndiqeshe isibhanxa for that, ngumsebenzi. URL","kufuneka ndiqeshe umntu for that, ngumsebenzi. URL",afrihate_human_reviewed,AfriHate,test_isixhosa_00217,True
xh,isiXhosa,"@USER yiyo lento enqwakuza ukanye,ihagu itya itriffle","@USER yiyo lento enqwakuza ukanye, umntu uyitya itriffle",afrihate_human_reviewed,AfriHate,test_isixhosa_00392,True
xh,isiXhosa,"@USER yiyo lento enqwakuza ukanye,ihagu itya itriffle",Yiyo lento endixhalabisayo kancinci; uziphatha kakubi xa etya itriffle.,afrihate_human_reviewed,AfriHate,test_isixhosa_00392,True
xh,isiXhosa,@username ulibona njani ? nditsho ihule elo,ulibona njani? nditsho olo mntu uziphatha kakubi,afrihate_human_reviewed,AfriHate,test_isixhosa_00403,True
xh,isiXhosa,oomarhosha kulena iweather bayaxoka bazonxiba iblukwe ezinde. ayizobakhona ingeniso tu.,"oomarhosha kule iweather batsho izinto, bazonxiba ibhulukwe ezinde. ayizobakhona ingeniso tu.",afrihate_human_reviewed,AfriHate,test_isixhosa_00439,True
xh,isiXhosa,ndinxila ikaka kodwa.  wow!,ndinxila kakhulu kodwa. wow!,afrihate_human_reviewed,AfriHate,test_isixhosa_00458,True
xh,isiXhosa,ndinxila ikaka kodwa.  wow!,ndinxile kakhulu kodwa. wow!,afrihate_human_reviewed,AfriHate,test_isixhosa_00458,True
xh,isiXhosa,"@username umthakathi nje lo, ibhodlela lakho limnyama ngath umuthi, izinto ezenziwa abantu mabevala impumelelo yakho","@username kubonakala ngathi kukho umthakathi; ibhodlela lakho limnyama ngathi ngumuthi, izinto abantu abazenzayo zinokuvimba impumelelo yakho",afrihate_human_reviewed,AfriHate,test_isixhosa_00476,True
xh,isiXhosa,"@username umthakathi nje lo, ibhodlela lakho limnyama ngath umuthi, izinto ezenziwa abantu mabevala impumelelo yakho","@username kukho into engaqhelekanga, ibhodlela lakho limnyama ngathi umuthi, izinto ezenziwa ngabantu zingavimba impumelelo yakho",afrihate_human_reviewed,AfriHate,test_isixhosa_00476,True
xh,isiXhosa,yilonto abanye bethetha ikaka 🤔 URL,yilonto abanye bethetha izinto ezingachanekanga 🤔 URL,afrihate_human_reviewed,AfriHate,train_isixhosa_00001,True
xh,isiXhosa,nifundisa abantwana benu ikaka then nibuthethelele obubhanxa nibenzayo ugqiba kwenu. but each to their own i guess.,"Nifundisa abantwana benu izinto ezimbi, emva koko nizithethelela ukuziphatha okungafanelekanga enikwenzayo. Kodwa ugqiba kwenu, ndicinga.",afrihate_human_reviewed,AfriHate,train_isixhosa_00015,True
xh,isiXhosa,oh madoda umthakathi wezindaba @username,"oh madoda, ungumntu owenza iindaba @username",afrihate_human_reviewed,AfriHate,train_isixhosa_00067,True
xh,isiXhosa,oh madoda umthakathi wezindaba @username,oh madoda umdlali wezindaba @username,afrihate_human_reviewed,AfriHate,train_isixhosa_00067,True
xh,isiXhosa,unontsikelelo igqwirha elamgqibayo listrongo... URL,Umlingo owayesebenzisana naye ngoku usejele.,afrihate_human_reviewed,AfriHate,train_isixhosa_00069,True
xh,isiXhosa,@USER ndonqena nothukisa ngezinye ilwimi ngoba nditsho kubekanye uba futsek then umntu amise ubucopo bakhe.,"@USER ndonqena nothukisa ngezinye ilwimi ngoba nditsho kubekanye ""suka apha"" emva koko umntu amise izenzo zakhe.",afrihate_human_reviewed,AfriHate,train_isixhosa_00071,True
xh,isiXhosa,alitshisi lunuka ikaka ecape town..,Kunuka kabi eCape Town.,afrihate_human_reviewed,AfriHate,train_isixhosa_00248,True
xh,isiXhosa,"@USER wathi kimi ""msunu kanyoko"" azange ngikholwe. URL","@USER wathi kimi ""amagama angalunganga"" azange ngikholwe. URL",afrihate_human_reviewed,AfriHate,train_isixhosa_00335,True
xh,isiXhosa,@username umsunu lo abawenzayo manje,@username into abayenzayo manje ayilunganga.,afrihate_human_reviewed,AfriHate,train_isixhosa_00360,True
xh,isiXhosa,iphixiphixi lomjita liyohlezi liziveza....🤞🏿 some of us see them early! abanye benu bazo bona l8 ....,Iphixiphixi lomjita liyohlezi liziveza....🤞🏿 abanye bethu bayalibona ekuqaleni; abanye benu baza balibona kamva....,afrihate_human_reviewed,AfriHate,train_isixhosa_00388,True
xh,isiXhosa,iphixiphixi lomjita liyohlezi liziveza....🤞🏿 some of us see them early! abanye benu bazo bona l8 ....,"iphixiphixi lomjita liyohlezi liziveza....🤞🏿 abanye bethu bayazibona ekuqaleni, abanye benu bazibona kamva....",afrihate_human_reviewed,AfriHate,train_isixhosa_00388,True
xh,isiXhosa,iphixiphixi lomjita liyohlezi liziveza....🤞🏿 some of us see them early! abanye benu bazo bona l8 ....,Iphixiphixi lomjita liyohlala liziveza... abanye bethu bayalibona ekuqaleni; abanye benu baza kulibona kamva.,afrihate_human_reviewed,AfriHate,train_isixhosa_00388,True
xh,isiXhosa,@USER unxilile kwedini utsho bangxathu apha😂😂😂 URL,@USER unxilile kwedini utsho banengxaki apha😂😂😂 URL,afrihate_human_reviewed,AfriHate,train_isixhosa_00403,True
xh,isiXhosa,xa ndicinga indlela endizomkhaba ngayo umntu ondiqhela ikaka ndive ndibena masikizi,xa ndicinga indlela endiza kumphendula ngayo umntu ondiqhela kakhulu ndive ndixhalabile,afrihate_human_reviewed,AfriHate,train_isixhosa_00524,True
xh,isiXhosa,Uyandikhathaza manje.,Mandiphumle kancinci.,afrihate_human_reviewed,AfriHate,train_isixhosa_00598,True
xh,isiXhosa,kukho iqhalo elithi ihule lilala kwibedi ngebedi,kukho iqhalo elithi umntu ulala kwibhedi ngebhedi,afrihate_human_reviewed,AfriHate,train_isixhosa_00721,True
xh,isiXhosa,kukho iqhalo elithi ihule lilala kwibedi ngebedi,kukho iqhalo elithi umntu ulala nabantu abaninzi,afrihate_human_reviewed,AfriHate,train_isixhosa_00721,True
xh,isiXhosa,@username sundenza ikaka yomntu ndizobuza ngokustanelwa kwakho 🤦🏿‍♂️🤦🏿‍♂️,"@username uyandenza ndibe nexhala, ndizobuza malunga nokuziphatha kwakho 🤦🏿‍♂️🤦🏿‍♂️",afrihate_human_reviewed,AfriHate,train_isixhosa_00791,True
xh,isiXhosa,iyayidlala ikaka ibafanabafana qa,Iyadlala nabafana qha.,afrihate_human_reviewed,AfriHate,train_isixhosa_00884,True
xh,isiXhosa,@username but nawe uyishlama mgodoyi,kodwa nawe uyaziphatha gqitha,afrihate_human_reviewed,AfriHate,train_isixhosa_01064,True
xh,isiXhosa,@username okanye uvele ukhabe isibhanxa enye nenye zayibona mva... 🤷🏾‍♂️,"@username okanye uvele uthathe isibhanxa enye nenye, zayibona mva... 🤷🏾‍♂️",afrihate_human_reviewed,AfriHate,train_isixhosa_01145,True
xh,isiXhosa,yaynxiba ikaka losisi😭😭😭,yaynxiba ingubo losisi😭😭😭,afrihate_human_reviewed,AfriHate,train_isixhosa_01147,True
xh,isiXhosa,qala uvale lo toki wakho unukayo wena URL,"Okokuqala, nciphisa izinto ozithethayo ngeli xesha.",afrihate_human_reviewed,AfriHate,train_isixhosa_01203,True
xh,isiXhosa,"@USER igqwirha elenze lepizza liselitsha, lenza umatric sana. wow!","@USER umpheki owenze le pizza intsha, wenze into emangalisayo kakhulu. wow!",afrihate_human_reviewed,AfriHate,train_isixhosa_01206,True
xh,isiXhosa,ubusowubuzile kula cherry yakho okanye uqhela thina ikaka? URL,ubusowubuzile kula cherry yakho okanye uqhela thina nje?,afrihate_human_reviewed,AfriHate,train_isixhosa_01248,True
xh,isiXhosa,ubusowubuzile kula cherry yakho okanye uqhela thina ikaka? URL,Ngaba uxakekile nge-cherry yakho okanye uqhelile kuthi?,afrihate_human_reviewed,AfriHate,train_isixhosa_01248,True
xh,isiXhosa,"@USER news wizard, loo nto ayinangqiqo kwaye bubudenge obukhulu🖐️😅🖐️🤣",@USER umntu omtsha ofuna ukufunda okungakumbi 🖐️😅🖐️🤣,afrihate_human_reviewed,AfriHate,train_isixhosa_01260,True
xh,isiXhosa,@username umthakathi wendaba 🖐️😅🖐️🤣,@username uthanda iindaba 🖐️😅🖐️🤣,afrihate_human_reviewed,AfriHate,train_isixhosa_01260,True
xh,isiXhosa,umuntu makasho early ukuthi unomntwana ngingathi mangishaya i video call kuvunduke igundwane lakho ngabo   🐁: shamponani mayume,umuntu makasho early ukuthi unomntwana; ngingathi ngishaya i-video call ukuze wazi.,afrihate_human_reviewed,AfriHate,train_isixhosa_01330,True
xh,isiXhosa,@USER kunyuka masende akho!,Uyakhula udlule kwixesha lokuxhomekeka kwabanye.,afrihate_human_reviewed,AfriHate,train_isixhosa_01376,True
xh,isiXhosa,yoooo he is isidenge why did he tell you about our culture anyway akufanele ndithethe ngento zase suthwini URL,yoooo he seems confused why did he tell you about our culture anyway akufanele ndithethe ngento zase suthwini URL,afrihate_human_reviewed,AfriHate,train_isixhosa_01407,True
xh,isiXhosa,yoooo he is isidenge why did he tell you about our culture anyway akufanele ndithethe ngento zase suthwini URL,yoooo he is confused why did he tell you about our culture anyway akufanele ndithethe ngento zase suthwini URL,afrihate_human_reviewed,AfriHate,train_isixhosa_01407,True
xh,isiXhosa,yoooo he is isidenge why did he tell you about our culture anyway akufanele ndithethe ngento zase suthwini URL,yoooo he acted inappropriately why did he tell you about our culture anyway akufanele ndithethe ngezinto zethu URL,afrihate_human_reviewed,AfriHate,train_isixhosa_01407,True
xh,isiXhosa,@username you see and ngapha uyanuka,@username you see and ngapha kunzima,afrihate_human_reviewed,AfriHate,train_isixhosa_01475,True
xh,isiXhosa,"kubetha u10 ngoku, kunini ndisithi ndizofunda, inene igqwirha elindibulalayo inoba lihamba nomthandazo phakathi, soze uve!","kubetha u10 ngoku, kunini ndisithi ndizofunda, inene umntu endixhalabisayo noba ehamba nomthandazo phakathi, soze uve!",afrihate_human_reviewed,AfriHate,train_isixhosa_01521,True
xh,isiXhosa,"kubetha u10 ngoku, kunini ndisithi ndizofunda, inene igqwirha elindibulalayo inoba lihamba nomthandazo phakathi, soze uve!","kubetha u10 ngoku, kunini ndisithi ndizofunda, inene umntu endicinga ukuba unokundilimaza noba ehamba nomthandazo phakathi, andazi ukuba uza kuyiva!",afrihate_human_reviewed,AfriHate,train_isixhosa_01521,True
xh,isiXhosa,@username futsek indaba yakhe,@username nceda musa ukungenelela kwindaba yakhe,afrihate_human_reviewed,AfriHate,train_isixhosa_01708,True
xh,isiXhosa,akumnandi emthatha namhlanje kunuka umsunu😭😭,"Akumnandi namhlanje, kunuka kakubi 😭😭",afrihate_human_reviewed,AfriHate,train_isixhosa_01823,True
xh,isiXhosa,@USER ngumntu naye bekutheni kuze ati#futsek? to be a deputy prsdnt does not means mele ucwanywe entloko,"@USER ngumntu naye, bekutheni kuze ati 'futsek'? Ukuba ungumsekeli kamongameli akutsho ukuba unelungelo lokuziphatha kakubi.",afrihate_human_reviewed,AfriHate,train_isixhosa_01847,True
xh,isiXhosa,"@USER 🙆🏾‍♂️ bathumele kum ke, khe ndiphoxe isibhanxa","@USER 🙆🏾‍♂️ bathumele kum ke, khe ndiphendule",afrihate_human_reviewed,AfriHate,train_isixhosa_01855,True
xh,isiXhosa,"@username ai cha, umthakathi ngempela bafo URL","Ai cha, kukho into engaqhelekanga ngaloo mntu, bafo",afrihate_human_reviewed,AfriHate,train_isixhosa_01996,True
xh,isiXhosa,"@username ai cha, umthakathi ngempela bafo URL","@username ai cha, kukho into engaqondakaliyo ngaye, bafo URL",afrihate_human_reviewed,AfriHate,train_isixhosa_01996,True
xh,isiXhosa,ndiqhelwa ikaka hay nje kancinci.,ndiqhelwa kancinci nje.,afrihate_human_reviewed,AfriHate,train_isixhosa_02059,True
xh,isiXhosa,ndiqhelwa ikaka hay nje kancinci.,ndiqhelwa into embi nje kancinci.,afrihate_human_reviewed,AfriHate,train_isixhosa_02059,True
xh,isiXhosa,bethuna xa ningayazi into nibovele nithule endaweni ba nithethe ikaka.,Nithule xa ningayazi into endaweni yokuthetha izinto ezingachanekanga.,afrihate_human_reviewed,AfriHate,train_isixhosa_02267,True
xh,isiXhosa,#100thingsifindannoying is umthakathi especially lo othakatha engazi uzotholani,"#100thingsifindannoying abantu abenza umthakathi, ngakumbi abo abangazi ukuba baya kufumana ntoni",afrihate_human_reviewed,AfriHate,train_isixhosa_02302,True
xh,isiXhosa,#100thingsifindannoying is umthakathi especially lo othakatha engazi uzotholani,"#100thingsifindannoying yinkolelo kumthakathi, ngakumbi abantu abenza umthakathi abangachaziyo ukuba baza kwenza ntoni",afrihate_human_reviewed,AfriHate,train_isixhosa_02302,True
xh,isiXhosa,#highschoolfacts 1)isela 2)isifebe sakhona 3)3 best friends 4)amajitha ahlala eneat 5)ilo ohlala efunda bt akawatholi ama marks aphezulu,#highschoolfacts 1) umntu othanda ukusela 2) kukho umntu onobudlelwane obuninzi 3) abahlobo abathathu abasondeleyo 4) amakhwenkwe ahlala edla 5) umntu ohlala efunda kodwa akafumani amanqaku aphezulu,afrihate_human_reviewed,AfriHate,train_isixhosa_02415,True
xh,isiXhosa,yena uyangisiza kodwa uyanuka ☹,yena uyangisiza kodwa unephunga ☹,afrihate_human_reviewed,AfriHate,train_isixhosa_02430,True
xh,isiXhosa,Ambalwa amabele amafutshane kwisidlo esonwabileyo.,Unokuziva udiniwe okanye uxinzelelo.,original_human_parallel,original_human_annotated,,True
xh,isiXhosa,Andifuni ukuba kwizihlangu zakho ngoku.,Andisithandi isikhundla sakho.,original_human_parallel,original_human_annotated,,True
xh,isiXhosa,Awunakuthenjwa.,Awuxhomekekanga.,original_human_parallel,original_human_annotated,,True
xh,isiXhosa,Awungekhe ugalele amanzi kwi-boot enemiyalelo yesithende.,Lo msebenzi unokuba ngumngeni kuwe.,original_human_parallel,original_human_annotated,,True
xh,isiXhosa,Awusoze uyibone ezayo.,Ndiza kunxibelelana neenjongo zam.,original_human_parallel,original_human_annotated,,True
xh,isiXhosa,Ingaba uhlala ungenanto?,Kubonakala ngathi unengxaki yokuqonda oku.,original_human_parallel,original_human_annotated,,True
xh,isiXhosa,Ingqondo yakho yefashoni ayinangqondo.,Unengqondo yengqondo.,original_human_parallel,original_human_annotated,,True
xh,isiXhosa,Izenzo zakho ziya kuba nemiphumo.,Izenzo zakho ziya kuba nemiphumo emihle.,original_human_parallel,original_human_annotated,,True
xh,isiXhosa,Lo mbala awukwenzi nto kuwe.,Lo mbala awunakuba lolona khetho lufanelekileyo kuwe.,original_human_parallel,original_human_annotated,,True
xh,isiXhosa,Ndikhe ndabona amatye abuhlungu.,Wonke umntu unamandla okufunda nokukhula.,original_human_parallel,original_human_annotated,,True
xh,isiXhosa,Ndinemibhoxo yekofu ngobuntu obungaphezulu kunye nobukrelekrele.,Ndiyayixabisa imbono yakho eyodwa.,original_human_parallel,original_human_annotated,,True
xh,isiXhosa,"Ndinqumle, kwaye uya kuzisola.",Ndiyakubongoza ukuba uqwalasele kwakhona iziphumo zakho ngezizenzo.,original_human_parallel,original_human_annotated,,True
xh,isiXhosa,Ndiza kubophula ubuso bakho.,Ndidinga ukuwubonisa umsindo wam.,original_human_parallel,original_human_annotated,,True
xh,isiXhosa,Ndiza kukubeka endaweni yakho.,Ndiza kuqinisekisa igunya lam.,original_human_parallel,original_human_annotated,,True
xh,isiXhosa,Ndiza kukufumana.,Andiyi kuyivumela le nto ingadlikisi.,original_human_parallel,original_human_annotated,,True
xh,isiXhosa,Ndiza kukuthatha i-peg okanye ezimbini.,Ndiza kulungisa indlela oziphethe ngayo.,original_human_parallel,original_human_annotated,,True
xh,isiXhosa,Ndiza kukutshabalalisa.,Ndiza kwenza yonke into esemandleni am ukukhusela umdla wam.,original_human_parallel,original_human_annotated,,True
xh,isiXhosa,Ndiza kukwenza okungazalwanga.,Ndifuna ukuba sifumane isisombululo esisebenza kuye wonke umntu.,original_human_parallel,original_human_annotated,,True
xh,isiXhosa,Ndiza kukwenza ukuba ube ufile.,Ndibuhlungu ngale meko.,original_human_parallel,original_human_annotated,,True
xh,isiXhosa,Ndiza kukwenza ukubandezeleka.,Andifuni ukuba nabani na abe neengxaki.,original_human_parallel,original_human_annotated,,True
xh,isiXhosa,Ndiza kukwenza uzisole ngale.,Ndiyathemba ukuba uya kucamngca ngeziphumo zezenzo zakho.,original_human_parallel,original_human_annotated,,True
xh,isiXhosa,Ndiza kukwenza uzisole ngemini owazalwa ngayo.,Ndilusizi kakhulu ngeli thuba seziganeko.,original_human_parallel,original_human_annotated,,True
xh,isiXhosa,Ndiza kuphelisa le nto.,Ndifuna ukuzisa esi sigqibo esaneleyo.,original_human_parallel,original_human_annotated,,True
xh,isiXhosa,Ndiza kutshabalalisa igama lakho.,Ndixhalabile ngomonakalo kuwo onke amaqela abandakanyekayo.,original_human_parallel,original_human_annotated,,True
xh,isiXhosa,Ndiza kutshabalalisa ukuthembeka kwakho.,Ndixhalabile ngefuthe kwigama lakho.,original_human_parallel,original_human_annotated,,True
xh,isiXhosa,Ndiza kuwe.,Ndilandela zonke iindlela zokusombulula lo mbandela.,original_human_parallel,original_human_annotated,,True
xh,isiXhosa,Ndiza kwenza ubomi bakho bube lusizi.,Andonwababga yindlela ondiphethe ngayo.,original_human_parallel,original_human_annotated,,True
xh,isiXhosa,Ndiza kwenza umzekelo wakho.,Ndifuna ukuqinisekisa ukuba le nto iphinde yenzeke.,original_human_parallel,original_human_annotated,,True
xh,isiXhosa,Ndizakuvala.,Ndicela ukuba uyeke ukuphazamisa.,original_human_parallel,original_human_annotated,,True
xh,isiXhosa,Ubungqina bokuba indaleko ingahamba umva.,Abantu bafunda kwaye baphuhlise ngamanqanaba ahlukeneyo.,original_human_parallel,original_human_annotated,,True
xh,isiXhosa,Udlala umdlalo oyingozi.,Ndixhalabile ngomngcipheko obandakanyekayo.,original_human_parallel,original_human_annotated,,True
xh,isiXhosa,Uhamba ngendlela.,Ubonakala ngathi uyathandabuza ukuba ume.,original_human_parallel,original_human_annotated,,True
xh,isiXhosa,Ujongeka ngathi awukalalanga ngeentsuku.,Ujongeka ngathi ufuna ukuphumla.,original_human_parallel,original_human_annotated,,True
xh,isiXhosa,Ujongeka ngathi ulele kwilahleko.,Ujongeka ngathi ungasebenzisa ukuphumla.,original_human_parallel,original_human_annotated,,True
xh,isiXhosa,Ujongeka ngathi yiyo i-Cat etsaliwe.,Awubonakali ngathi uziva ungcono.,original_human_parallel,original_human_annotated,,True
xh,isiXhosa,Ujongeka rhabaxa.,Ubonakala udiniwe.,original_human_parallel,original_human_annotated,,True
xh,isiXhosa,Ukhethe njengokukhanya njenge-lletbulb etshisiweyo.,Unendlela ekhethekileyo yokuzichaza.,original_human_parallel,original_human_annotated,,True
xh,isiXhosa,Ukungasebenzi.,Awukwazi ukutshintsha.,original_human_parallel,original_human_annotated,,True
xh,isiXhosa,Ukungathobeki kwakho akuyi kohlwaywa.,Ukungathobeli kwakho kuya kulungiswa.,original_human_parallel,original_human_annotated,,True
xh,isiXhosa,Ulibele ukuba ungumntu ongenangqondo nje?,Ulibele ukuba ungumntu ongena lwazi?,original_human_parallel,original_human_annotated,,True
xh,isiXhosa,Undityhala kumda.,Undisondeza kumda wam.,original_human_parallel,original_human_annotated,,True
xh,isiXhosa,Unembonakalo ekhethekileyo kakhulu.,Unesitayile somntu ngamnye.,original_human_parallel,original_human_annotated,,True
xh,isiXhosa,Unetyhefu.,Ukuziphatha kwakho kuyingozi.,original_human_parallel,original_human_annotated,,True
xh,isiXhosa,Ungumntu ongasemva.,Uvelise ukuthembana kwam.,original_human_parallel,original_human_annotated,,True
xh,isiXhosa,Ungumxhaphazi.,Indlela oziphethe ngayo iyandoyikisa.,original_human_parallel,original_human_annotated,,True
xh,isiXhosa,Unobuso obungalibalekiyo ... kuzo zonke izizathu eziphosakeleyo.,Uvele kakhulu.,original_human_parallel,original_human_annotated,,True
xh,isiXhosa,Unovelwano.,Ndixhalabele impilo yakho.,original_human_parallel,original_human_annotated,,True
xh,isiXhosa,Unyathela umkhenkce omncinci.,Izenzo zakho ziyingozi.,original_human_parallel,original_human_annotated,,True
xh,isiXhosa,Uya kufunda intsingiselo yentlungu.,Andinqweneli ukuba nabani na afumane iintlungu.,original_human_parallel,original_human_annotated,,True
xh,isiXhosa,Uya kuhlawula into oyenzileyo.,Uyakujongana neziphumo zalento uyenzileyo.,original_human_parallel,original_human_annotated,,True
xh,isiXhosa,Uya kuhlawula ixabiso.,Kukho iimpembelelo zemali kwezi zenzo.,original_human_parallel,original_human_annotated,,True
xh,isiXhosa,Uya kuzisola ngale ntsasa.,Unokuziva ngokwahlukileyo ngale nto kamva.,original_human_parallel,original_human_annotated,,True
xh,isiXhosa,Uya kuzisola ngeemeko zokuzalwa kwakho.,"Ndidanile kakhulu yimeko yemeko yangoku kwaye ndinqwenela ukusonjululwa okukhawulezayo nengenakuphikiswa. Ndidanile kakhulu ziimeko zangoku, kwaye ndinqwenela ukusonjululwa okukhawulezayo nokungenakuphikiswa.",original_human_parallel,original_human_annotated,,True
xh,isiXhosa,Uyakufumana into ekufaneleyo.,Uxanduva lokuphendula lubalulekile.,original_human_parallel,original_human_annotated,,True
xh,isiXhosa,Uyintlungu.,Ubangela ubunzima.,original_human_parallel,original_human_annotated,,True
xh,isiXhosa,Uyiphoxile.,Ndandilindelwe kakhulu.,original_human_parallel,original_human_annotated,,True
xh,isiXhosa,Uza kuzisola.,Ndifuna ukuqhubela phambili kwicala elifanelekileyo.,original_human_parallel,original_human_annotated,,True
xh,isiXhosa,"Yhu, uthetha izinto ezisisenxibo nje!","Ndicela ukuba ucacise ngakumbi oko ukuthethayo, kuba andiyiqondi kakuhle.",original_human_parallel,original_human_annotated,,True
xh,isiXhosa,Zilungiselele okona kubi.,Ndilindele imiphumo emibi.,original_human_parallel,original_human_annotated,,True
yo,Yorùbá,"""@username oro werey...oro ofo""",@username oro ti ko da lori...oro ti ko ni itumo,afrihate_human_reviewed,AfriHate,dev_yoruba_00171,True
yo,Yorùbá,"""set awon omo buruku #unilag #madeinlagos""",set awon omo #unilag #madeinlagos,afrihate_human_reviewed,AfriHate,dev_yoruba_00183,True
yo,Yorùbá,"""set awon omo buruku #unilag #madeinlagos""",set awon eniyan ti iwa won ko daa #unilag #madeinlagos,afrihate_human_reviewed,AfriHate,dev_yoruba_00183,True
yo,Yorùbá,èyí ti já irọ́ àwọn òǹpìtàn èké tí ó sọ pé òkèèrè ni a ti mú owó ẹyọ wọ ilẹ̀ adúláwọ̀,èyí ti já irọ́ àwọn òǹpìtàn kan tí ó sọ pé òkèèrè ni a ti mú owó ẹyọ wọ ilẹ̀ adúláwọ̀,afrihate_human_reviewed,AfriHate,dev_yoruba_00240,True
yo,Yorùbá,"""oloshi ni ac milan, score to make it 1-1 weere tun lo concede""","ac milan nilo lati dara sii, score to make it 1-1 won tun lo concede",afrihate_human_reviewed,AfriHate,dev_yoruba_00272,True
yo,Yorùbá,"""maṣe dibo fun awọn ole. eniyan ti o kan le gba owo lati ijoba lati ṣiṣe owo ebi. jọwọ maṣe dibo fun ole URL",maṣe dibo fun awọn oniwa ibaje. eniyan ti o kan le gba owo lati ijoba lati ṣiṣe owo ebi. jọwọ maṣe dibo fun oniwa ibaje URL,afrihate_human_reviewed,AfriHate,dev_yoruba_00275,True
yo,Yorùbá,"""maṣe dibo fun awọn ole. eniyan ti o kan le gba owo lati ijoba lati ṣiṣe owo ebi. jọwọ maṣe dibo fun ole URL",mase dibo fun awon eni ti n se iwa ibaje. eniyan ti o kan le gba owo lati ijoba fun inawo ebi. jowo mase dibo fun awon eni ti n se iwa ibaje URL,afrihate_human_reviewed,AfriHate,dev_yoruba_00275,True
yo,Yorùbá,"""maṣe dibo fun awọn ole. eniyan ti o kan le gba owo lati ijoba lati ṣiṣe owo ebi. jọwọ maṣe dibo fun ole URL",maṣe dibo fun awọn ti n lo owo ijoba ni ona aito. eniyan ti o kan le gba owo lati ijoba lati ṣiṣe owo ebi. jọwọ maṣe dibo fun iru eniyan bee,afrihate_human_reviewed,AfriHate,dev_yoruba_00275,True
yo,Yorùbá,"""@username man utd je ìkíni olule, o je ìkejì olule, o jẹ iketa olule, o jẹ ekerin olule, emi lo kan, e mi iya yi kan #mcimun""","@username Man Utd ti padanu lẹ́ẹ̀kan, o ti padanu lẹ́ẹ̀mejì, o ti padanu lẹ́ẹ̀mẹ́ta, o ti padanu lẹ́ẹ̀rin, emi lo kan, ìyà yìí kan mi #mcimun",afrihate_human_reviewed,AfriHate,dev_yoruba_00306,True
yo,Yorùbá,"""odaran ni bobo yí sa URL",Bobo yìí ní ọ̀ràn òfin sa,afrihate_human_reviewed,AfriHate,dev_yoruba_00348,True
yo,Yorùbá,"""omo ale ni eleyi o URL",Iwa ti eleyi n hu ko daa o,afrihate_human_reviewed,AfriHate,dev_yoruba_00369,True
yo,Yorùbá,"""omo ale ni eleyi o URL",Iwa eni yii ko dara o URL,afrihate_human_reviewed,AfriHate,dev_yoruba_00369,True
yo,Yorùbá,"""eranko like proper eranko lo mo elomi ninu yin""",Ìwa díẹ̀ nínú yín nílò ìtúnṣe gangan.,afrihate_human_reviewed,AfriHate,dev_yoruba_00374,True
yo,Yorùbá,"""eranko like proper eranko lo mo elomi ninu yin""",Díẹ̀ ninu yín nílò kí ìwà yín dara síi gan-an.,afrihate_human_reviewed,AfriHate,dev_yoruba_00374,True
yo,Yorùbá,wọ́n gba wèrèe àṣàa aláṣà ó burú jáì torí wọn ò gba wèrèe àṣà ti wọn,"Wọ́n gba àṣà aláṣà, ó burú jáì torí wọn ò gba àṣà tiwọn.",afrihate_human_reviewed,AfriHate,dev_yoruba_00474,True
yo,Yorùbá,Alaye shut up.. Olofooo,"Alaye, jowo dake.. O n soro pupo.",afrihate_human_reviewed,AfriHate,dev_yoruba_00489,True
yo,Yorùbá,"""@USER ori eleyi to buru bayi o""",ero eleyi nilo itunse die bayi o,afrihate_human_reviewed,AfriHate,dev_yoruba_00516,True
yo,Yorùbá,"""@USER ori eleyi to buru bayi o""",Èrò eléyìí kò dáa báyìí o,afrihate_human_reviewed,AfriHate,dev_yoruba_00516,True
yo,Yorùbá,"""@USER ori eleyi to buru bayi o""",@USER Ipo yii kii ṣe ohun ti a nireti.,afrihate_human_reviewed,AfriHate,dev_yoruba_00516,True
yo,Yorùbá,"""oloshi ni parrot yi oooo""",parrot yi ko dara oooo,afrihate_human_reviewed,AfriHate,dev_yoruba_00552,True
yo,Yorùbá,"""oloshi ni parrot yi oooo""",parrot yi nilo lati dara sii oooo,afrihate_human_reviewed,AfriHate,dev_yoruba_00552,True
yo,Yorùbá,ọmọdé kékeré ni ọjọ́ orí rẹ̀ ò lè ju ọdún mẹ́wàá sí méjìà lọ wèrè ni mo rí i lẹ́bàáa títì ńgbàa mo rè é ra sèré mo kó àánú rẹ̀,ọmọdé kékeré ni ọjọ́ orí rẹ̀ ò lè ju ọdún mẹ́wàá sí méjìà lọ aláìlera ọkàn ni mo rí i lẹ́bàáa títì ńgbàa mo rè é ra sèré mo kó àánú rẹ̀,afrihate_human_reviewed,AfriHate,dev_yoruba_00714,True
yo,Yorùbá,"""@username ani omo ale ni gbogbo yin  awon omo ako ti le ta  children of perdition""","@username ani gbogbo yín nílò ìtúnṣe, ẹ nílò láti kọ́ ẹ̀kọ́ síi.",afrihate_human_reviewed,AfriHate,dev_yoruba_00724,True
yo,Yorùbá,"""oniranu omo lo poju ninu yin 😎😎😎😎""",iwa buburu lo poju ninu yin 😎😎😎😎,afrihate_human_reviewed,AfriHate,test_yoruba_00023,True
yo,Yorùbá,"""oniranu omo lo poju ninu yin 😎😎😎😎""",iwa ti ko daa lo poju ninu yin 😎😎😎😎,afrihate_human_reviewed,AfriHate,test_yoruba_00023,True
yo,Yorùbá,"""oniranu omo lo poju ninu yin 😎😎😎😎""",omo ti ko ni iwa rere lo poju ninu yin 😎😎😎😎,afrihate_human_reviewed,AfriHate,test_yoruba_00023,True
yo,Yorùbá,"""oniranu omo lo poju ninu yin 😎😎😎😎""",iwa ti ko dara lo poju ninu yin 😎😎😎😎,afrihate_human_reviewed,AfriHate,test_yoruba_00023,True
yo,Yorùbá,"""oniranu omo lo poju ninu yin 😎😎😎😎""",awon ti iwa won ko dara lo poju ninu yin 😎😎😎😎,afrihate_human_reviewed,AfriHate,test_yoruba_00023,True
yo,Yorùbá,"""@username oloriburuku ni bàbá rẹ̀""",Bàbá rẹ̀ lè dara síi.,afrihate_human_reviewed,AfriHate,test_yoruba_00071,True
yo,Yorùbá,"""@username oloriburuku ni bàbá rẹ̀""",@username Ìṣe bàbá rẹ̀ kò dáa.,afrihate_human_reviewed,AfriHate,test_yoruba_00071,True
yo,Yorùbá,Ori e loburu,Ìrònú rẹ nílò ìtúnṣe díẹ̀.,afrihate_human_reviewed,AfriHate,test_yoruba_00101,True
yo,Yorùbá,"""orí ẹ dàrú dànù URL",O dà bí ẹni pé o ní ìdàrú díẹ̀ URL,afrihate_human_reviewed,AfriHate,test_yoruba_00386,True
yo,Yorùbá,"""ólófó lò binù òlògò""",Ẹni tí ó pàdánù ló bínú ológo.,afrihate_human_reviewed,AfriHate,test_yoruba_00472,True
yo,Yorùbá,"""ólófó lò binù òlògò""",Ẹni tó ní òfó ló bínú ològò,afrihate_human_reviewed,AfriHate,test_yoruba_00472,True
yo,Yorùbá,"""ólófó lò binù òlògò""",Enìyàn aláìsùúrù ló bínú sí ẹni aláìmọ̀kan.,afrihate_human_reviewed,AfriHate,test_yoruba_00472,True
yo,Yorùbá,"""@username gbogbo yin ti yawerey 😂😂""",@username gbogbo yin nílò lati ronu dáadáa 😂😂,afrihate_human_reviewed,AfriHate,test_yoruba_00494,True
yo,Yorùbá,bótilẹ̀jẹ́pé ọ̀fọ́nọ̀n ajẹlójú onílé ti jẹ ìwée wọ́n rò pé wèrè ni mo fẹ́rànan ìtàn inúu rẹ̀ mọ̀nàkàì adebayofaletiodigba yoruba,"Bó tilẹ̀ jẹ́ pé onílé ajẹlójú rò pé mi ò pé, mo fẹ́ràn ìtàn inú ìwé Adebayo Faleti ní Yorùbá.",afrihate_human_reviewed,AfriHate,test_yoruba_00737,True
yo,Yorùbá,ìròrìakéwì ọ̀pọ̀ sùúrù níí mú ọlọ́gbọ́n dà bíi òmùgọ̀ ọjọ́ ẹni tí a rẹ́ jẹ títí bíi ẹran súnsun ba fẹ jàjà kọ ìwọ̀sí nii di alágídíagbèraga ẹ̀dá ènìyàn  jcmcayodeji sodiq olalekan  yorùbá ewi poet,ìròrìakéwì ọ̀pọ̀ sùúrù níí mú ọlọ́gbọ́n dà bí ẹni pé kò ní ìmọ̀ ọjọ́ ẹni tí a rẹ́ jẹ títí bíi ẹran súnsun bá fẹ́ jàjà kọ ìwọ̀sí níí di ìwà alágídí àti ìgbéraga nínú ẹ̀dá ènìyàn  jcmcayodeji sodiq olalekan  yorùbá ewi poet,afrihate_human_reviewed,AfriHate,train_yoruba_00070,True
yo,Yorùbá,"""@username awon weyrey fé fí edekede bà ti wá jé... obirin eleyii yawerey gaan""",@username awon kan fé fí edekede bà ti wá jé... obirin eleyii kò ronu dáadáa,afrihate_human_reviewed,AfriHate,train_yoruba_00131,True
yo,Yorùbá,"""ko de ni wa ragba fún e to fi handle werey tweet radarada yii URL",Ko de ni wa agba fun e to fi handle yii tweet oro ti ko peye yii,afrihate_human_reviewed,AfriHate,train_yoruba_00189,True
yo,Yorùbá,"""ko de ni wa ragba fún e to fi handle werey tweet radarada yii URL",ko de ni wa ragba fun e to fi handle aibamu tweet ko peye yii URL,afrihate_human_reviewed,AfriHate,train_yoruba_00189,True
yo,Yorùbá,"""omo ale lo ma gbe iya é wa sori twitter fun drags!""",ko bo ye ki o gbe iya e wa sori twitter fun drags!,afrihate_human_reviewed,AfriHate,train_yoruba_00193,True
yo,Yorùbá,"""omo ale lo ma gbe iya é wa sori twitter fun drags!""",Ko daa ki o gbe iya re wa sori twitter fun drags!,afrihate_human_reviewed,AfriHate,train_yoruba_00193,True
yo,Yorùbá,"""@username ori e loburu eleribu jati jati""",@username ìṣesi rẹ̀ nílò ìtúnṣe púpọ̀.,afrihate_human_reviewed,AfriHate,train_yoruba_00207,True
yo,Yorùbá,bó jẹ́ ọmọdé ló ń perí mi níbi ògúlùtu máà wó lù wọ́n lọ àgbà ló ń perí mi níbi ògíri àlàpà kó máà wó lù wọ́n lọ,"bó jẹ́ ọmọdé ló ń perí mi níbi ògúlùtu, máa kìlọ̀ fún wọn; àgbà ló ń perí mi níbi ògíri àlàpà, máa kìlọ̀ fún wọn",afrihate_human_reviewed,AfriHate,train_yoruba_00654,True
yo,Yorùbá,"""@username oponu jati jati""",@username o nilo lati ko eko sii,afrihate_human_reviewed,AfriHate,train_yoruba_00796,True
yo,Yorùbá,wèrè ni rt òǹpìtàn ọ̀jọ̀gbọ́n ifácitì ní pé ènìyàn dúdú ò ní ìtàn kankan kí òyìnbó,Kò tọ́ ni rt òǹpìtàn ọ̀jọ̀gbọ́n ifácitì ní pé ènìyàn dúdú ò ní ìtàn kankan kí òyìnbó,afrihate_human_reviewed,AfriHate,train_yoruba_00809,True
yo,Yorùbá,wèrè ni rt òǹpìtàn ọ̀jọ̀gbọ́n ifácitì ní pé ènìyàn dúdú ò ní ìtàn kankan kí òyìnbó,aṣiṣe ni rt òǹpìtàn ọ̀jọ̀gbọ́n ifácitì ní pé ènìyàn dúdú ò ní ìtàn kankan kí òyìnbó,afrihate_human_reviewed,AfriHate,train_yoruba_00809,True
yo,Yorùbá,"""@username ómò ale jati jati ni won""",@username ẹni tí ó nílò ìtúnṣe ni wọ́n,afrihate_human_reviewed,AfriHate,train_yoruba_00884,True
yo,Yorùbá,"""@username ómò ale jati jati ni won""",@username ìwà wọn kò dáa rárá.,afrihate_human_reviewed,AfriHate,train_yoruba_00884,True
yo,Yorùbá,"""@username ómò ale jati jati ni won""",@username Ìwà wọn nílò ìtúnṣe díẹ̀.,afrihate_human_reviewed,AfriHate,train_yoruba_00884,True
yo,Yorùbá,"""@username awon eleyi buru""",@username awon eleyi le dara sii,afrihate_human_reviewed,AfriHate,train_yoruba_00949,True
yo,Yorùbá,"""@username awon eleyi buru""",@username awon eleyi nilo itunse,afrihate_human_reviewed,AfriHate,train_yoruba_00949,True
yo,Yorùbá,"""ori gbogbo yin ti daru""",Èrò gbogbo yín nílò ìtúnṣe díẹ̀.,afrihate_human_reviewed,AfriHate,train_yoruba_00960,True
yo,Yorùbá,"""ori gbogbo yin ti daru""",Ìrònú gbogbo yín nílò ìtúnṣe.,afrihate_human_reviewed,AfriHate,train_yoruba_00960,True
yo,Yorùbá,"""werey po gan ni aiye yi sha URL",Ọ̀pọ̀ ènìyàn tí ń hùwà àìtọ́ pò gan ní ayé yìí sha,afrihate_human_reviewed,AfriHate,train_yoruba_00963,True
yo,Yorùbá,"""werey po gan ni aiye yi sha URL",iwa buburu po gan ni aiye yi sha,afrihate_human_reviewed,AfriHate,train_yoruba_00963,True
yo,Yorùbá,"Chinedu, Ori e ti daru.","Chinedu, ìrònú rẹ̀ nílò ìtúnṣe díẹ̀.",afrihate_human_reviewed,AfriHate,train_yoruba_01131,True
yo,Yorùbá,"""@username they're oloriburuku gbogbo 😂😂😂""",@username Gbogbo won nilo lati dara sii 😂😂😂,afrihate_human_reviewed,AfriHate,train_yoruba_01159,True
yo,Yorùbá,olórí burúkú àti ọmọ àlè ni ò fẹ́ràn an ìgbélárugẹ ohun tirẹ̀ bójúbójú ni àwọn ọ̀gá lò tiwa n tiwa ni kókó já araà rẹ,Olórí tí kò dara ni ò fẹ́ràn ìgbélárugẹ ohun tirẹ̀ bójúbójú ni àwọn ọ̀gá lò tiwa n tiwa ni kókó já ara rẹ̀,afrihate_human_reviewed,AfriHate,train_yoruba_01280,True
yo,Yorùbá,"""eleribu ni won jor URL",Ìṣe wọn kò dáa jor URL,afrihate_human_reviewed,AfriHate,train_yoruba_01386,True
yo,Yorùbá,"""eleribu ni won jor URL",Won nilo lati ko eko sii URL,afrihate_human_reviewed,AfriHate,train_yoruba_01386,True
yo,Yorùbá,"""ole nla ree. awon eleyi gangan ni won pe ni hide-out 😂😂😂 URL",a fura pe ole nla ni yii. awon eleyi gangan ni won pe ni hide-out URL,afrihate_human_reviewed,AfriHate,train_yoruba_01427,True
yo,Yorùbá,"""shórà fùn àwòn bòbò mayowa✌🏽yèn  òlòríbùrùkù níwón🤣wòn dò shíò òbò😎""","shórà fùn àwọn bobo Mayowa yẹn; ìwa wọn kò dáa, wọn máa ń ṣe àìtó",afrihate_human_reviewed,AfriHate,train_yoruba_01570,True
yo,Yorùbá,Agbero governor!,Governor tí kò ní ìwà!,afrihate_human_reviewed,AfriHate,train_yoruba_01592,True
yo,Yorùbá,"""o da bi wipe ori man u ti buru, ewo ni 4-2-3-1 oshi shey kò sí formation ìmí mo ni, ti eba loose next match, epe le ma gba""","o da bi wipe ise Man U ko dara, ewo ni 4-2-3-1 yi, shey ko si formation miiran mo ni, ti e ba loose next match, egan le wa",afrihate_human_reviewed,AfriHate,train_yoruba_01594,True
yo,Yorùbá,"""olofo ma ni eleyi keee 🤣🤣🤣 URL",alarinkaroyin ni eleyi keee 🤣🤣🤣,afrihate_human_reviewed,AfriHate,train_yoruba_01650,True
yo,Yorùbá,"""olofo ma ni eleyi keee 🤣🤣🤣 URL",Eleyi nilo lati dara sii keee 🤣🤣🤣,afrihate_human_reviewed,AfriHate,train_yoruba_01650,True
yo,Yorùbá,"""awon oloshi oniro 😂 URL URL",awon ti ko so otito 😂 URL URL,afrihate_human_reviewed,AfriHate,train_yoruba_01675,True
yo,Yorùbá,"""@USER oriwon ti buru se!!""",@USER Ìrònú rẹ nílò ìtúnṣe díẹ̀!!,afrihate_human_reviewed,AfriHate,train_yoruba_01744,True
yo,Yorùbá,"""@USER oriwon ti buru se!!""",@USER ìronú wọn ti kò dára ṣe!!,afrihate_human_reviewed,AfriHate,train_yoruba_01744,True
yo,Yorùbá,"""@USER oriwon ti buru se!!""",@USER Ìrònú wọn ti nílò ìtúnṣe!!,afrihate_human_reviewed,AfriHate,train_yoruba_01744,True
yo,Yorùbá,"""@USER 'o se lekini olule, o se lekeji olule, igba to se lori eleketa totun lule, o sunkun lori television'.""","""o se lekini, o se lekeji, igba to se lori eleketa tuntun ko saseyori, o sunkun lori television.""",afrihate_human_reviewed,AfriHate,train_yoruba_01754,True
yo,Yorùbá,"""eleribu ni eleyi o URL",Eleyi nilo lati dara sii o URL,afrihate_human_reviewed,AfriHate,train_yoruba_01816,True
yo,Yorùbá,"""ẹranko ẹhànnà ní àwọn ẹlòmíì.""",ìwa ẹhànnà ní àwọn ẹlòmíì.,afrihate_human_reviewed,AfriHate,train_yoruba_01824,True
yo,Yorùbá,"""ẹranko ẹhànnà ní àwọn ẹlòmíì.""",Ìwa ẹ̀hànná ní àwọn ẹlòmíì.,afrihate_human_reviewed,AfriHate,train_yoruba_01824,True
yo,Yorùbá,"Omo jatijati, rederede",Ìwa rẹ̀ nílò ìtúnṣe díẹ̀.,afrihate_human_reviewed,AfriHate,train_yoruba_01912,True
yo,Yorùbá,"Omo jatijati, rederede",Ìwà rẹ̀ lè dara síi.,afrihate_human_reviewed,AfriHate,train_yoruba_01912,True
yo,Yorùbá,"""@username ma gbade bo seko. apc ti lule""","""@username, má ṣe yọ ara rẹ lẹ́nu láti padà wá; APC ní àwọn nǹkan láti ṣàtúnṣe.""",afrihate_human_reviewed,AfriHate,train_yoruba_02086,True
yo,Yorùbá,"""@username lmao olodo ni e""",@username e nilo lati ko eko sii,afrihate_human_reviewed,AfriHate,train_yoruba_02358,True
yo,Yorùbá,"""@username lmao olodo ni e""",@username o nílò láti kọ́ ẹ̀kọ́ síi,afrihate_human_reviewed,AfriHate,train_yoruba_02358,True
yo,Yorùbá,"""@username oni sorire,oloburuku,irandinran e lon bawi oloshi omo ale.""","@username oni sorire, e lo n bawi, iwa yin nilo itunse.",afrihate_human_reviewed,AfriHate,train_yoruba_02399,True
yo,Yorùbá,"""@USER but why do you people used to do like olóriburúkú like this? you'll start typing in english then pari ẹ̀ with èdè keèdè. nonsense ni gbogbo iyẹn now""",@USER but why do you people used to do like béẹ̀ like this? you'll start typing in english then pari ẹ̀ with èdè mìíràn. kò dára ni gbogbo iyẹn now,afrihate_human_reviewed,AfriHate,train_yoruba_02525,True
yo,Yorùbá,"""433k, ole gbewiri omo jatijati""","433k, o jale, ìwa yìí kò tọ́.",afrihate_human_reviewed,AfriHate,train_yoruba_02564,True
yo,Yorùbá,ọ̀pọ̀ sùúrù níí mú ọlọ́gbọ́n dà bíi òmùgọ̀ ọjọ́ ẹni tí a rẹ́ jẹ títí bíi ẹran súnsun ba fẹ jàjà kọ ìwọ̀sí nii di alágídí agbèraga ẹ̀dá ènìyàn jcmcayodeji sodiq olalekan,"ọ̀pọ̀ sùúrù níí mú ọlọ́gbọ́n dà bíi òmùgọ̀; ọjọ́ ẹni tí a rẹ́ jẹ títí bíi ẹran súnsun bá fẹ́ jàjà kọ ìwọ̀sí, níí dà bí ẹni tí ó nira láti gba ìmọ̀ràn jcmcayodeji sodiq olalekan",afrihate_human_reviewed,AfriHate,train_yoruba_02634,True
yo,Yorùbá,"""@username ori baba re loburu. iwo werey jatijati""",Iwa baba re ko daa. Iwo nilo lati tun iwa re se.,afrihate_human_reviewed,AfriHate,train_yoruba_02726,True
yo,Yorùbá,"""@username ori baba re loburu. iwo werey jatijati""",@username ise baba re ko daa. Iwa re nilo atunse gidigidi,afrihate_human_reviewed,AfriHate,train_yoruba_02726,True
yo,Yorùbá,"""eranko ni bobo yen. 😂 URL",ihuwasi bobo yen ko daa. 😂 URL,afrihate_human_reviewed,AfriHate,train_yoruba_02791,True
yo,Yorùbá,"""eranko ni bobo yen. 😂 URL",Bobo yen nilo lati dara sii. 😂 URL,afrihate_human_reviewed,AfriHate,train_yoruba_02791,True
yo,Yorùbá,"""eranko ni bobo yen. 😂 URL",Ìwa bobo yẹn nílò ìtúnṣe. 😂,afrihate_human_reviewed,AfriHate,train_yoruba_02791,True
yo,Yorùbá,"""@username agba radarada,  agba ti o to ile.""","@username agba tí ó nílò ìtúnṣe, agba tí ó lè dara síi ní ilé.",afrihate_human_reviewed,AfriHate,train_yoruba_02917,True
yo,Yorùbá,"""@username agba radarada,  agba ti o to ile.""","@username agba ti nilo lati dara sii, agba ti o to ile.",afrihate_human_reviewed,AfriHate,train_yoruba_02917,True
yo,Yorùbá,Awon Clown gbogbo.,Gbogbo won nilo lati dara sii.,afrihate_human_reviewed,AfriHate,train_yoruba_02920,True
yo,Yorùbá,Awon Clown gbogbo.,Gbogbo wọn nílò láti dara síi.,afrihate_human_reviewed,AfriHate,train_yoruba_02920,True
yo,Yorùbá,Awon Clown gbogbo.,Gbogbo wọn nílò ìtúnṣe díẹ̀.,afrihate_human_reviewed,AfriHate,train_yoruba_02920,True
yo,Yorùbá,alákọrí oníjìbìtì kan tún fẹ́ jí àwọn olóore lówó nípasẹ̀ ọ̀rọ̀ yìí njẹ́ ẹ ò ríi pé ẹ̀dá míràn kanlẹ̀ ya ìkà aláìbìkítà ni,Ẹni tí ń tan èèyàn jẹ tún ti ń gbìyànjú láti tan àwọn onínúure jẹ; ṣé o ò rí i pé àwọn èèyàn kan burú?,afrihate_human_reviewed,AfriHate,train_yoruba_03020,True
yo,Yorùbá,alákọrí oníjìbìtì kan tún fẹ́ jí àwọn olóore lówó nípasẹ̀ ọ̀rọ̀ yìí njẹ́ ẹ ò ríi pé ẹ̀dá míràn kanlẹ̀ ya ìkà aláìbìkítà ni,oníjìbìtì kan tún fẹ́ jí àwọn olóore lówó nípasẹ̀ ọ̀rọ̀ yìí njẹ́ ẹ ò ríi pé ẹ̀dá míràn kanlẹ̀ ya aláìbìkítà ni,afrihate_human_reviewed,AfriHate,train_yoruba_03020,True
yo,Yorùbá,alákọrí oníjìbìtì kan tún fẹ́ jí àwọn olóore lówó nípasẹ̀ ọ̀rọ̀ yìí njẹ́ ẹ ò ríi pé ẹ̀dá míràn kanlẹ̀ ya ìkà aláìbìkítà ni,Ẹnikan tún fẹ́ jí àwọn olóore lówó nípasẹ̀ ọ̀rọ̀ yìí; njẹ́ ẹ ò ríi pé ìwà aláìbìkítà ni?,afrihate_human_reviewed,AfriHate,train_yoruba_03020,True
yo,Yorùbá,Ahhh... O kuku gbo ede Yoruba... O ti lule,Ahhh... O gbo ede Yoruba... Ko lo bi o ti fe,afrihate_human_reviewed,AfriHate,train_yoruba_03071,True
yo,Yorùbá,Ahhh... O kuku gbo ede Yoruba... O ti lule,Ahhh... O kuku gbo ede Yoruba... O nilo imulo sii,afrihate_human_reviewed,AfriHate,train_yoruba_03071,True
yo,Yorùbá,ìwọ tí wọ́n pè ní tí o sì ń jẹ́ o ní láti lọ wẹ orí ẹ aboajá ló ń jẹ́ bẹ́ẹ̀ ọ̀rọ̀ èébú sì ni lo wo ibi tí ti ṣẹ̀ wá,"Ìwọ nílò láti ronu síi; o ń lo ọ̀rọ̀ èébú, wo ibi tí ìṣòro ti ṣẹ̀lẹ̀ wá.",afrihate_human_reviewed,AfriHate,train_yoruba_03174,True
yo,Yorùbá,"""awon oloshi lo po ju lori app yii men....👌""",awon to nilo lati dara si lo po ju lori app yii men....👌,afrihate_human_reviewed,AfriHate,train_yoruba_03253,True
yo,Yorùbá,"""awon oloshi lo po ju lori app yii men....👌""",awon eniyan ti ko ni iwa rere lo po ju lori app yii men....👌,afrihate_human_reviewed,AfriHate,train_yoruba_03253,True
yo,Yorùbá,"""@username omo ale jati jati...kini buruku rounroun,enu bi age aluwala.""","@username iwa re ko daa rara...kini yii gangan, enu re nilo itunse.",afrihate_human_reviewed,AfriHate,train_yoruba_03255,True
yo,Yorùbá,"""gbé sénlé ko soro soké werey #endsars #endpolicebrutality""",gbé sénlé ko soro soké #endsars #endpolicebrutality,afrihate_human_reviewed,AfriHate,train_yoruba_03325,True
yo,Yorùbá,no àwọn òmùgọ̀ tí wọn ró pé àwọn gbọ́n,no àwọn tí kò tíì ní ìmọ̀ tí wọn rò pé wọn gbọ́n,afrihate_human_reviewed,AfriHate,train_yoruba_03376,True
yo,Yorùbá,no àwọn òmùgọ̀ tí wọn ró pé àwọn gbọ́n,no àwọn tí wọn nílò láti kọ́ ẹ̀kọ́ síi tí wọn ro pé wọn gbọ́n,afrihate_human_reviewed,AfriHate,train_yoruba_03376,True
yo,Yorùbá,no àwọn òmùgọ̀ tí wọn ró pé àwọn gbọ́n,no àwọn tí kò tíì ní ìmọ̀ tó tí wọ́n rò pé wọ́n gbọ́n,afrihate_human_reviewed,AfriHate,train_yoruba_03376,True
yo,Yorùbá,"""olofo lo n binu ologo. #k1liveinconcert #k1llveinconcert URL",Eni ti ko tii se aseyori lo n binu ologo. #k1liveinconcert #k1llveinconcert URL,afrihate_human_reviewed,AfriHate,train_yoruba_03404,True
yo,Yorùbá,A kò ní fi ọ síbẹ̀ mọ́,A ó fi ọ síbẹ̀ bí o bá ṣiṣẹ́ dáadáa,original_human_parallel,original_human_annotated,,True
yo,Yorùbá,Ayé rẹ yóò padà jẹ́ àdánù.,Ìgbésí-ayé rẹ lè ni àbájáde miiran,original_human_parallel,original_human_annotated,,True
yo,Yorùbá,Iwọ jẹ́ aláìwúlò,O ní agbára àti oye tó yẹ kí o lo,original_human_parallel,original_human_annotated,,True
yo,Yorùbá,Iwọ jẹ́ ẹni tí kò ní ìrètí,Iwọ le ni ìrètí bi o ba ṣiṣẹ́ láti mú un ṣẹ,original_human_parallel,original_human_annotated,,True
yo,Yorùbá,Iwọ kò mọ̀ nǹkan kan,O nílò láti kọ́ ẹ̀kọ́ síi,original_human_parallel,original_human_annotated,,True
yo,Yorùbá,Iwọ ń ṣe ohun asán,Ohun tí o ń ṣe nílò ìtúnṣe kí ó lè ní àbájáde tó dáa,original_human_parallel,original_human_annotated,,True
yo,Yorùbá,Kò sí ìdí tí ẹnikẹ́ni fi máa fẹ́ ọ,Ó lè nira fún àwọn míìràn láti lóye rẹ,original_human_parallel,original_human_annotated,,True
yo,Yorùbá,Kò sí ìrètí fún ọ,Ìrètí wà fún ọ bí o bá ṣiṣẹ́ takuntakun,original_human_parallel,original_human_annotated,,True
yo,Yorùbá,Mo fẹ́ kí o jìyà fún ohun tí o ṣe.,Mo fẹ́ kí a tẹ̀lé ìlànà lori ọ̀ràn yìí,original_human_parallel,original_human_annotated,,True
yo,Yorùbá,Máa bà  aye ẹ jẹ́.,Jọ̀wọ́ yan ìbánisọ̀rọ̀ aláfiyà kí o lè ṣètúnṣe,original_human_parallel,original_human_annotated,,True
yo,Yorùbá,Máa bà orúkọ rẹ jẹ́.,Ìṣe yìí lè ba orúkọ rẹ jẹ́,original_human_parallel,original_human_annotated,,True
yo,Yorùbá,Máa fi ọ ṣe àpẹẹrẹ fún gbogbo ènìyàn.,A ó fi ìṣẹ̀lẹ̀ yìí ṣe àpẹẹrẹ,original_human_parallel,original_human_annotated,,True
yo,Yorùbá,Máa fi ọ ṣe àpẹẹrẹ fún gbogbo ènìyàn.,A ó lo ìṣẹ̀lẹ̀ yìí gẹ́gẹ́ bí àpẹẹrẹ,original_human_parallel,original_human_annotated,,True
yo,Yorùbá,Máa fọ ojú ẹ,Mo bínú gan-an sí ohun tí o ṣe,original_human_parallel,original_human_annotated,,True
yo,Yorùbá,Máa jẹ́ kí gba esan iwa rẹ.,Mọ̀ pé ìṣe yi ní àbájáde; jọ̀wọ́ ṣe bó ṣe yẹ,original_human_parallel,original_human_annotated,,True
yo,Yorùbá,Máa jẹ́ kí o jìyà ju ohun tí o lè rò lọ.,Abájáde lè ju ireti lọ bí o ṣe ṣàkóso èyí,original_human_parallel,original_human_annotated,,True
yo,Yorùbá,Máa jẹ́ kí o jìyà lórí ohun tí o kò rò.,Abájáde na lè ju ohun tí o rò lọ,original_human_parallel,original_human_annotated,,True
yo,Yorùbá,Máa jẹ́ kí o jìyà lórí ohun tí o kò rò.,Abájáde nkan lè tóbi ju bó ṣe rò lọ,original_human_parallel,original_human_annotated,,True
yo,Yorùbá,Máa jẹ́ kí o ní ìfarapa,Ìṣe yìí lè ní àbájáde; jọwọ yí ìwà padà,original_human_parallel,original_human_annotated,,True
yo,Yorùbá,Máa jẹ́ kí o ní ìfarapa.,Máa fi hàn pé o ṣe ohun ti ko dara,original_human_parallel,original_human_annotated,,True
yo,Yorùbá,Máa yí ọ̀nà rẹ kúro,Maa mu gbogbo rẹ ṣẹ pẹ̀lú ìtọ́nisọ́nà,original_human_parallel,original_human_annotated,,True
yo,Yorùbá,O jẹ alagidi lasan,Ìhùwàsí yìí kò dára; jọ̀wọ́ ṣe àtúnṣe,original_human_parallel,original_human_annotated,,True
yo,Yorùbá,O jẹ́ aláìlera pátápátá,Ìlera rẹ nilo àtúnṣe,original_human_parallel,original_human_annotated,,True
yo,Yorùbá,O jẹ́ aláìṣètó,Ìṣe rẹ nílò àtúnṣe tó dáa,original_human_parallel,original_human_annotated,,True
yo,Yorùbá,O jẹ́ asán,Ìṣe rẹ ní àǹfààní lati dara síi.,original_human_parallel,original_human_annotated,,True
yo,Yorùbá,O jẹ́ ẹni tí kò yẹ láti gbà àṣẹ,Ìṣe rẹ lè dara síi kí ó yẹ fún àṣẹ,original_human_parallel,original_human_annotated,,True
yo,Yorùbá,O máa parẹ́ bíi asán,"Bí o kò bá ṣàkííyésí, ó lè ṣòro láti ṣàṣeyọrí",original_human_parallel,original_human_annotated,,True
yo,Yorùbá,O n sọrọ bi alagabagebe,Ọ̀rọ̀ rẹ yìí ko yémi; jọ̀wọ́ sọ̀ ko yémi,original_human_parallel,original_human_annotated,,True
yo,Yorùbá,"O n ṣe bi ẹni pe o gbọn, ṣugbọn onigberaga ni ẹ",Ìfarahàn ọgbọ́n rẹ kò tẹ́milọ́rùn,original_human_parallel,original_human_annotated,,True
yo,Yorùbá,O useless gan,Ìṣe rẹ lè ní ipa rere pẹ̀lú àtúnṣe,original_human_parallel,original_human_annotated,,True
yo,Yorùbá,Ohun tí o ṣe kò ní ìtumọ̀,Ohun tí o ṣe lè ní ìtumọ̀ tó dájú bí a bá fi ṣàtúnṣe,original_human_parallel,original_human_annotated,,True
yo,Yorùbá,Àṣà yìí burú,Àṣà yìí lè dáa pẹ̀lú àtúnṣe,original_human_parallel,original_human_annotated,,True
yo,Yorùbá,Èrò rẹ̀ kùnà patapata,Èrò rẹ̀ nílò àtúnṣe kí ó lè wúlò dáadáa,original_human_parallel,original_human_annotated,,True
yo,Yorùbá,Ìbáṣepọ̀ yìí burú,Ìbáṣepọ̀ yìí nílò àtúnṣe,original_human_parallel,original_human_annotated,,True
yo,Yorùbá,Ìdáhùn rẹ̀ burú,Ìdáhùn rẹ̀ nílò ìtúnṣe díẹ̀,original_human_parallel,original_human_annotated,,True
yo,Yorùbá,Ìmúlò rẹ̀ kò pé,Ìmúlò rẹ̀ nílò àfikún díẹ̀,original_human_parallel,original_human_annotated,,True
yo,Yorùbá,Ìmọ̀ràn rẹ̀ kò pé,Ìmọ̀ràn rẹ̀ nílò àfikún síi,original_human_parallel,original_human_annotated,,True
yo,Yorùbá,Ìròyìn náà kò ní ètò,Ìròyìn náà nílò àfihàn àlàyé síi,original_human_parallel,original_human_annotated,,True
yo,Yorùbá,Ìsọ̀kan rẹ̀ ko dára,Ìsọ̀kan rẹ̀ nílò àfikún síi,original_human_parallel,original_human_annotated,,True
yo,Yorùbá,Ìwádìí rẹ̀ kò péye,Ìwádìí rẹ̀ nílò ìfọkànsìn síi,original_human_parallel,original_human_annotated,,True
yo,Yorùbá,Ìwọ jẹ́ aṣiwèrè,O nílò àkíyésì tó dáa,original_human_parallel,original_human_annotated,,True
yo,Yorùbá,Ìwọ yóò banujẹ lórí èyí ní òwúrọ̀.,Ìtúpalẹ̀ nigbamii lè fi hàn pé ìpinnu kò tọ́,original_human_parallel,original_human_annotated,,True
yo,Yorùbá,Ìwọ yóò banujẹ pé o pàdé mi.,"Ọ̀rọ̀ yìí lè fa ìyàgò, jọ̀wọ́ je kí ìpàdé wa jẹ́ aláfià",original_human_parallel,original_human_annotated,,True
yo,Yorùbá,Ìwọ yóò banujẹ pé o wà láyé.,Ọ̀rọ̀ nípa ìgbésí-ayé yóò jẹ ní ìbòwò,original_human_parallel,original_human_annotated,,True
yo,Yorùbá,Ìwọ yóò banujẹ pé o wà láyé.,Ọ̀rọ̀ nípa ìgbésí-ayé yìí yóò nilo àlàyé,original_human_parallel,original_human_annotated,,True
yo,Yorùbá,Ìwọ yóò banujẹ pé o ṣe èyí.,Ìṣe yìí lèní àbájáde,original_human_parallel,original_human_annotated,,True
yo,Yorùbá,Ìwọ yóò dojú kọ ìbínú mi pátápátá.,Ìjíròrò yóò wáyé ní ìlànà to yẹ,original_human_parallel,original_human_annotated,,True
yo,Yorùbá,"Ìwọ yóò gba ohun tí o tọ́ sí, pẹ̀lú àfikún.",Ìyọ̀ǹda lè ní àfikún,original_human_parallel,original_human_annotated,,True
yo,Yorùbá,Ìwọ yóò mọ̀ ìbínú mi.,Ìdáhùn mi yóò hàn,original_human_parallel,original_human_annotated,,True
yo,Yorùbá,Ìwọ ò mọ ohun tí o ṣe,Ìṣe rẹ nilo lati farahàn sí,original_human_parallel,original_human_annotated,,True
yo,Yorùbá,Ìwọ ò ní àbájáde rere,Ìṣe rẹ lè ní àbájáde rere pẹ̀lú àmójútó,original_human_parallel,original_human_annotated,,True
yo,Yorùbá,Ó jẹ́ ẹni tí kò ní ìmọ̀,Ó nílò àfikún ìmọ̀,original_human_parallel,original_human_annotated,,True
yo,Yorùbá,Ó kún fún ìdààmú,Mo ṣàkííyèsí pé ọ̀nà rẹ̀ nilo atúnṣe,original_human_parallel,original_human_annotated,,True
yo,Yorùbá,Ẹ̀rù rẹ̀ ń bà mí,Ìhùwàsí rẹ̀ ń fa ìṣòro fún ìbáṣepọ̀ wa,original_human_parallel,original_human_annotated,,True
yo,Yorùbá,Ẹ̀sùn náà ò dá lórí òtítọ́,Ẹ̀sùn náà nílò ẹ̀rí tó dá lórí òtítọ́,original_human_parallel,original_human_annotated,,True
yo,Yorùbá,Ọgbọn rẹ jẹ asan,Ìfarahàn ọgbọ́n rẹ dà bí ìgbéraga,original_human_parallel,original_human_annotated,,True
yo,Yorùbá,Ọmọ yìí jẹ́ aláṣejù,Ìhùwàsí ọmọ yìí kò dára tó,original_human_parallel,original_human_annotated,,True
yo,Yorùbá,Ọrẹ irọ rẹ ko bamilara mu.,Ìwà rẹ̀ yìí kò bójú mu; jọwọ ṣàtúnṣe,original_human_parallel,original_human_annotated,,True
