language,language_name,toxic_input,detox_output,source,source_dataset,source_id,human_reviewed
am,Amharic,1/2 ውሻታም ነሽ ማለት ነው። በህይወት ዋጋ በደኖ፣ አርባጉጉ፣ ጉራፈርዳ፣ ቤንቺ ማጂ፣ መተከል፣ መንግስት ባመነው በድምሩ ከ5ሺ ያለነሱ ሰ,መንግስት እንኳን ባመነው ፡ በደኖ፣ አርባጉጉ፣ ጉራፈርዳ፣ ቤንቺ ማጂ፣ መተከል፣ በድምሩ ከ5ሺ ያለነሱ ህይወታቸውን ማጣታቸውን አልሰማሽም ?,MultiParaDetox,MultiParaDetox,,True
am,Amharic,?? ኧረ ኡኡኡኡኡኡኡኡ አንች ክፉ ገመናዬን ገመናዬን ሌላ ነገር ነው የሚመስለው ??,ኧረ አንቺ ምን እያልሽ ነው ፤ የውስጥ ጉዳዬን ፤ ለሌላ ሰው እኮ ሌላ ነገር ነው የሚመስለው ??,MultiParaDetox,MultiParaDetox,,True
am,Amharic,?? የሱ ነገር አንደ ውሻ አብይን ነክሶ እኝኝኝኝኝኝኝኝኝ ማለት ብቻ ሆኗል። በዚህ ከቀጠለ መገርጀፉ ነው።,የሱ ነገር አብይን ዝምብሎ መቃወም ብቻ ሆኖል :: በዚህ ከቀጠለ ያለእድሜው ነው የሚያረጀው።,MultiParaDetox,MultiParaDetox,,True
am,Amharic,Are u this much ደነዝ? ኤኒወይስ ህዝቦችም ይላል:: ምነው ዲቃላ ነኝ አልክ ግን ከርሳም,እንዴት ነው ይኸ ያልገባህ? ኤኒወይስ ህዝቦችም ይላል:: ምነው ሁለተኛ ሰው ነኝም አልክሳ,MultiParaDetox,MultiParaDetox,,True
am,Amharic,Dani ለግዜው በህይወት አለን ለማለት ከተደበቀበት ምሽግ ፎቶውን ልኳል::,አለን የሚል መልእክት ለማስተላለፍ ታስቦ ይመስላል፤ ፎቶ ተልኳል፡፡,MultiParaDetox,MultiParaDetox,,True
am,Amharic,Egotistic ብሬንለስ ደደብ ብቻ ነው አገሩን ሚመራው,ለራሱ ብቻ የሚያስብ ነው  አገሩን የሚመራው,MultiParaDetox,MultiParaDetox,,True
am,Amharic,Ethiopia ብሩ ኣብይ ስለሆነ ሳይሆን የኢትዮጵያ ጠ/ሚኒስትር ስለነበረ ነው የተሰጠው ፤ ስለዚ ዓቃቤ ህግም ሊጠይቅ ግድ ይላል ። ካልሆነ ግን በስሙ Official ሌብነት ተብሎ,ብሩ የተሰጠው የኢትዮጵያ ጠ/ሚኒስትር ስለነበረ ነው  ፤ ስለዚ ዓቃቤ ህግም ይህን መጠየቅ ይችላል ።,MultiParaDetox,MultiParaDetox,,True
am,Amharic,Good for nothing . ኤርሚያስ እንኳን ባለቤት የሌለው ከንቱ ሰው በሚል አነስተኛ መጣጥፍ ቢዘጋጅለት መልካም ነው እላለሁ። ያኛውን ተወው.በቃሬዛ ከኤርፖ,ኤርሚያስ እንኳን ይህን የሚመጥን አነስተኛ መጣጥፍ ቢዘጋጅለት መልካም ነው እላለሁ። ያኛውን ተወው,MultiParaDetox,MultiParaDetox,,True
am,Amharic,Haha ቦቅቧቃ እና መሬትህን እስኪወረር ምን እየጠበቅ ነው,መሬቱ እስኪወሰድ መጠበቅ የለብህም,MultiParaDetox,MultiParaDetox,,True
am,Amharic,No more Ethiopian Trust Fund የሰብዓዊ መብትን አክብሮ ለሚያስከብር እንጂ ከህወሃት ብሶ ወገኖቻችንን እየፈጃ ተገዳደሉ እያለ ለሚሞዳሞድ አምባገነን ድንቡሎ አይ,No more Ethiopian Trust Fund የሰብዓዊ መብትን አክብሮ ለሚያስከብር እንጂ ለሌላ ቦታ የለንም,MultiParaDetox,MultiParaDetox,,True
am,Amharic,PMOEthiopia የህዝብን ደህንነት የማይጠብቅ ውሻ ነው,የህዝብን ደህንነት የማይጠብቅ እምነት የማይጣልበት ሰው ነው,MultiParaDetox,MultiParaDetox,,True
am,Amharic,TPLF ከስልጣን የወረደው እኮ በቄሮ ድንጋይ ነው ።ንፍጣሟ,የቀድም መንግስት ከስልጣን የወረደው እኮ በህዝብ ነው።,MultiParaDetox,MultiParaDetox,,True
am,Amharic,ሀሀሀሀሀ አሉላ እንግሊዘኛ መናገር ጀመረ እንዴ ? ምን አደከመው እዚሁ አሜሪካ ቁጭ ብለን በንግሊዝኛ የምናጥረግርጋትን ሼር አያደርግም እንዴ ? First Amen,አሉላ እንግሊዘኛ መናገር ጀመረ እንዴ ? ምን አደከመው እዚሁ አሜሪካ ቁጭ ብለን በንግሊዝኛ የምናወረዉን ኣያጋረም,MultiParaDetox,MultiParaDetox,,True
am,Amharic,ሀቅ ነው፣ ሰውየው አንድ ነገር ቢሆን ወይዘሮዋ በየቦታው እየዞሩ ትምህርት ቤት አይመርቁም ነበር፣ ግን ስዪም ተሾመ በፊት ወሬ እንለቡ የአገኝ ነበር አሁን ስለተከለከለ በግምት መቀባጠር ጀመረ።,ሰውየው ጋር ችግር ቢኖር ኖሮ እሷን እዚህ ት/ት ቤት ስታስመርቅ አናያትም ነበር፡፡ ስዩም ተሾመ አሁን የመረጃ እጥረት ያጋጠመው ይመስላል፡፡,MultiParaDetox,MultiParaDetox,,True
am,Amharic,ሀገርና መሪን መለየት እማ ይችል መሀይም ሁላ መንግስት በመጣ በሄደ ቁጥር ኢትዮጵያ ይፍረስ ይላል ሀገር ማንም ይሂድ ይምጣ ዘላለም ምትኖር ናት።,ሀገርና መሪን ለይተን ማየት መቻል ፡፡ የትኛውም መንግስት ቢመጣና ቢሄድ ኢትዮጵያ እንደ ሀገር ለዘላለም ምትኖር ናት።,MultiParaDetox,MultiParaDetox,,True
am,Amharic,ሁሉ ግጭት ፈጣሪ ከተደመሰሰ ዘንዳ፣ ካሁን በኃላ ግጭት ብኖር ተጠያቂው  ብቻ ነው??? ??,የግጭቱ ምንጭ  እርምጃ ከተወሰደበት በኃላ ግጭት ብኖር ተጠያቂው ማን ነው??? ??,MultiParaDetox,MultiParaDetox,,True
am,Amharic,ሁሉም ተስፋ የቆረጠ ቀን ከጃ-war የባሰ ሰይጣን መሆን አይከብደውም። ጥሩ መሆን እንጂ የሚከብደው.,ሁሉም የተበሳጨ ቀን ከጃ-war የባሰ ጥሩ-ያልሆነ ሰው መሆን አይከብደውም። ጥሩ መሆን እንጂ የሚከብደው.,MultiParaDetox,MultiParaDetox,,True
am,Amharic,ሂድና ስገድለት ለዚ ውሻ ሰባኪ መሪ መባል ራሱ ማይገባው በሽተኛ ራስ ወዳድ መጥፎ ሰው። የሱ ውሾች አብራቹት ትቀበራላቹ ወራዶች,ሄደህ በእምነትህ እጅ ልትነሳው ትችላለህ፡፡ ለእኔ ግን ጥሩ መሪ ነው ብዬ አላስብም፡፡,MultiParaDetox,MultiParaDetox,,True
am,Amharic,ሃሃሃሃሃ.አይዱ ዲሉዥናል ይሉናል። የዲሉዢኑ ባለቤት ማን እንደሆነ በማያዳግም ሁኔታ ለመመስከር ከዘመን በላይ ማንን ምስክር እንጥራ እንግዲህ? ማየት ነው። :,የዲሉዢኑ ባለቤት ማን እንደሆነ ለመመስከር ከዘመን በላይ ማንን ምስክር እንጥራ እንግዲህ? ማየት ነው። :,MultiParaDetox,MultiParaDetox,,True
am,Amharic,ህግ ማክበር የማይፈልግን ካልቀጠህና በዚህም ካልተስማማህ አንተ ምን ትባላለህ ደደብ ዘረኛ ካልተባልህ::,ህግ ማክበር የማይፈልግን በህግ ካልጠየቅክ እና በዚህም ካልተስማማህ አንተ ምን ትባላለህ ወገንተኛ ካልተባልክ,MultiParaDetox,MultiParaDetox,,True
am,Amharic,ለ10 አመት ተይዟል አለከው እንዴ አንተኮ ቆሻሻ ነህ አታፍርም,ለ10 አመት ተይዟል ብለክ እንዴት ልታሳምነው ትሞክራለህ,MultiParaDetox,MultiParaDetox,,True
am,Amharic,ለነገሩ ደደብ ላይሰማ መለፍለፍ ትርፍ ነው እንጅ እነግርህ ነበር የዛፎቹ ቢጤ ነው እንዳንተ አይነቱ ጠማማ እንጨት ነው የሚቆርጣቸው,ነገሩን የምትረዳው ቢሆን እነግርህ ነበረ ፤ እንደዛፎቹ የተንጋደዱት ሌሎቹን ሊጎዱዋቸው ይችላሉ,MultiParaDetox,MultiParaDetox,,True
am,Amharic,ለአማራ ህዝብ ከፕ/ር አስራት ቀጥሎ በማይተናነስ ብ/ጀ አሳምነው አለኝታ እንደነበሩ መታወስ አለበት:: ተተኪው ዘረኛ የአብይ መንግስት አማራን የማዳከም ተልዕኮ ሲፈጽም በዝምታ መታይት አይገባውም::,ለአማራ ህዝብ ከፕ/ር አስራት ቀጥሎ በማይተናነስ ብ/ጀ አሳምነው አለኝታ እንደነበሩ መታወስ አለበት:: ተተኪው ትውልድ አማራን የማዳከም ስራ የሚሰሩትን  በዝምታ መየት አይገባውም::,MultiParaDetox,MultiParaDetox,,True
am,Amharic,ለውሸት የተፈጠርክ በሽተኛ በዚህ ዓይነት ሰውን ማደናገር የማትችልበት ጊዜ ደርሰሃል ሁሉ ነገርህ አስመሳይ ውሸታም ከስምህ ጀምረህ ፎርጅድ የሆንክ,የምትናገረው የሚታመን ነገር አይደለም፤  በዚህ አይነት ነገር ሰው ሊቀበልህ የማይችልበት ደረጃ ደርሷል,MultiParaDetox,MultiParaDetox,,True
am,Amharic,ሌባ እሁንም ነገር ለማባባስ አፋቸው ይከፍታሉ የደደብ ስራ ነው ይተናገረው እሱ ብሎ ደግም አሳፋሪ,አሁንም ነገርን ከማባባስ አልተቆጠቡም ፤ የማይጠበቅ ነገር ነው የተናገረው,MultiParaDetox,MultiParaDetox,,True
am,Amharic,ልታዝንለት ይገባል የሰው ልጅን የከፍታ ማማ እና የውርደትን ጥግ በዚህ ሰውዬ ውስጥ አነሁ ግን እኛስ እንማርበት ይሆን?,ልታዝንለት ይገባል የሰው ልጅን የከፍታ ማማ እና የዝቅታ ጥግ በዚህ ሰውዬ ውስጥ አየሁ ግን እኛስ እንማርበት ይሆን?,MultiParaDetox,MultiParaDetox,,True
am,Amharic,ልደቱ እንኳን ታሰረ ነዉ የምለዉ ከዚህ በኋላ ንቅናቄ እና ግንባር አያስፈልግም via,ልደቱ  ወደ መረፊያ ቤት ተወሰደ:: ከዚህ በኋላ ንቅናቄ እና ግንባር አያስፈልግም ተብሎ,MultiParaDetox,MultiParaDetox,,True
am,Amharic,ሐሳቡን ማሸነፍ ሲያቅታቸው አሳቢን ለማጥፋት ተነሱ፣አእምሮ ሲጎድላቸው ባለአእምሮውን ለማጨናገፍ ቆረጡ፣ ሀገር ወደ ዘመነ አብርሆት ስትጓዝ እነሱ ተቃራኒውን መረጡ፣,ሐሳቡን ማሸነፍ ሲያቅታቸው አሳቢን ለማደናቀፍ ተንቀሳቀሱ ፤ ሀገር ወደ ዘመነ አብርሆት ስትጓዝ እነሱ ተቃራኒውን መረጡ፣,MultiParaDetox,MultiParaDetox,,True
am,Amharic,መሀይም። በአማርኛ እየተበጠረቁ አማርኛ አታውሩ።??,በአማርኛ እያወሩ አማርኛ አታውሩ ??,MultiParaDetox,MultiParaDetox,,True
am,Amharic,መሐል አገር ያለን ሰዎች፣ ከዚህ ጅል ሰውዬ ጋር እየተጃጃልን ነው። ጦርነቱ ገና ተጀመረ እንጂ አላለቀም።,መሐል አገር ያለን ሰዎች፣ ከዚህ ሰው ጋር እየተሸዋወድን ያለ ነው የሚመስለኝ። ጦርነቱ እንደሁ ገና መጀመሩ ነው,MultiParaDetox,MultiParaDetox,,True
am,Amharic,መሐል ያልገባቺው እንደ ካሚሩናዊው ዳኛ በግለቱ ኮላፕስ አረገላሁ ብላ ነው።,መሐል ያልገባቺው እንደ ካሚሩናዊው ዳኛ በሙቀቱ ልወድቅ እችላለሁ ብላ ነው።,MultiParaDetox,MultiParaDetox,,True
am,Amharic,መረጃው ካለህ ለምን አትለቀውም አንተ ቀዳዳ ወዲ ሸርሙጣ,መረጃው ካለህ ለምን አትለቀውም,MultiParaDetox,MultiParaDetox,,True
am,Amharic,መስሪያ ቤት ስለ ኔዮ ሊብራሊዝም ሰይጣንነት ስንት እንዳላስተማሩን ??,መስሪያ ቤት ስለ ኔዮ ሊብራሊዝም መጥፎነት ስንት እንዳላስተማሩን ??,MultiParaDetox,MultiParaDetox,,True
am,Amharic,መተማ የአማራ ገበሬ ነው ድንበር ሲያስከብር የኖረው በወያኔ ዘመን ሱዳኖቹን ጥርሳቸውን እያለ እስካሁን አለ። የወያኔ ባንዳዎች ለሱዳን አግዘው ገበሬውን ሲገሉ፣ ክልሉን ሊሸጡ መረባረ,መተማ የአማራ ገበሬ ነው ድንበር መስከበር ስራ ለይ ሲሰተፍ  ኖረዋል።   በወያኔ ዘመን ከሱዳኖቹን ጋር እየተከከበበ ረ እስካሁን አለ።,MultiParaDetox,MultiParaDetox,,True
am,Amharic,መቼም የካድሬ ልማድ ጨርሶ አይልቀም - ስንት ተለቆበት ይሆን እንዲህ ጭራውን የሚቆላው? I wonder?,መቼም የፖለቲካ ሹም ልማድ ጨርሶ አይልቀም - ምን ተደርጎለት ይሆን እንዲህ የሚሽቆጠቆጠው?,MultiParaDetox,MultiParaDetox,,True
am,Amharic,መንግስቱን/ደርግን እንደ reference/benchmark መጠቀም መቼ ነው የተጀመረው?ከተጀመረስ ለሷ ብቻ ለምን ይሰራል?እንደውም ስለአባቷ ሰው በላነት ሳይሆን ለምን አትደግፈውም ይቺ,መንግስቱን እንደ reference/benchmark መጠቀም መቼ ነው የተጀመረው?ከተጀመረስ ለሷ ብቻ ለምን ይሰራል? ከፈለገች ለምን በደንብ አትደግፈውም,MultiParaDetox,MultiParaDetox,,True
am,Amharic,መከላከያ ተከቦ ማን ነበር የደረሰላት አሁንስ ከፊት ሆኖ እየሞተና እየተፍለመ ያለው ማነው ከሀዲው አለቀቃህ እብይ አህመድ ስሙን በአደባባይ ጥርቶ አምስግኖት ነበር,መከላከያ ተከቦ ማን ነበር የደረሰላት አሁንስ ከፊት ሆኖ እየሞተና እየተፍለመ ያለው ማነው በወቅቱ የበላይ አመራሮችም ይህን አመሰግነዋል,MultiParaDetox,MultiParaDetox,,True
am,Amharic,መድፍ ይሁን ሪችት ያስተኮስከው ሰውዬ ግን የቀን ጅብ ነህ። በዚህ ጩኸት ሳቢያ በጊዮን በኩል መጠነኛ መገፋፋት ተፈጥሮ ነበረ። ሰው እንዳልተጎዳ ተሰወፋ አደርጋለሁ።,የተተኮሰው ርችትም ይሁን መድፍ አግባብነት የለውም፡፡ በዚህ ጩኸት ሳቢያ በጊዮን በኩል መጠነኛ መገፋፋት ተፈጥሮ ነበረ። ሰው እንዳልተጎዳ ተሰወፋ አደርጋለሁ።,MultiParaDetox,MultiParaDetox,,True
am,Amharic,መጀመሪያ አሜን የተጻፈው ነገር ጥሩ ነው። ግን 100 እርግጠኛ ነኝ እጆችሽ ያቃጠለሽ ነው ክርስትና ብለሽ የጻፍሽው ለምን ቢባል አንቺ አንድዋ ሰይጣን ስለሆንሽ ።??,መጀመሪያ አሜን የተጻፈው ነገር ጥሩ ነው። አንቺ ስለ ክርስትና  የጻፍሽው  ግን ትክክል አይደለም፡፡,MultiParaDetox,MultiParaDetox,,True
am,Amharic,መጋዣ ነገር ነህ አንተ ምን አለብህ ፊትህ ከደለበ ሆድህም ካልጎደለ ሰው ቢታረድ ቢራብ ቢሰደድ ወገንህ አደለ ምን ትሆናለህ አንተ,የሰዎችን ችግርና መከራ  እንደራስህ  ማየትን መልመድ አለብህ,MultiParaDetox,MultiParaDetox,,True
am,Amharic,መጨረሻዬን አሳምረው አለች አያቴ፡፡አለሁ አልሞትኩም ለማለት ፎቶ ይለቃል፡፡ቆይ አሁንም ይህ ደደብ ጭንቅላቱ ፎቶ ሲነሳ ሸራተን ሆቴል እና ዱባይ እየተዝናና ያለ እየ,መኖሩን ለማሳየት ፎቶ ይለቃል፡፡ መጨረሻው ግን የሚያምር አይመስልም,MultiParaDetox,MultiParaDetox,,True
am,Amharic,ሙኒራ ቤቲን አትመጥንም ለማለት ፈልገሽ ነው:: ቤቲ ጀግና በዚች interview መደረግ አልነበረባትም:: ሙኒራ ደግሞ ዘረኛ ናት,ሙኒራ ቤቲ ጋር መቅረብ የሚገባት አልነበረባትም ለማለት ፈልገሽ ነው:: ቤቲ ጀግና በርሷ interview መደረግ አልነበረባትም:: ሙኒራ ደግሞ ወገንተኛ ናት,MultiParaDetox,MultiParaDetox,,True
am,Amharic,ማኅበረ ቅዱሳን እንቅልፍ ነሳህ አይደል? ወያኔም በጊዜው አልቻለውም። መሰረቱ አለት ነው አሸዋ አይደለም።,ማኅበረ ቅዱሳን አሳሰበህ አይደል? ህወሀትም በጊዜው አልቻለውም። መሰረቱ አለት ነው አሸዋ አይደለም።,MultiParaDetox,MultiParaDetox,,True
am,Amharic,ማነህ አንተ ስዩም፣ አንድ ሰው ከሞተ አብይ ስልጣን እለቃለሁ ብሏል ስትል አልነበረም?? የጅማውን እልቂት አልሰማህም?? የሆንክ ቱልቱላ ነህ,የሰው ነፍስ የሚጠፋ ከሆነ ጠ/ሚሩ ስልጣን እለቃለሁ ብሏል ብለህ ነበር ፤ የጅማውስ የሰው ሕይወት መጥፋት ምን ሊባል ነው ?,MultiParaDetox,MultiParaDetox,,True
am,Amharic,ማፈሪያ ነህ ከምግባራቸ ስለሚናገር ነዋ እንዳንተ አይነት ሰዎችን መፅሀፉም ስለሚል 4.,ምግባራቸው ስለሚናገር ነዋ ስለ እናንተ ደግሞ መፅሀፉም ስለሚል 4.,MultiParaDetox,MultiParaDetox,,True
am,Amharic,ምቀኛ፣ቡዳ ፣ሸርሙጣ፣ ሰፋሪ እሚባል እድፍ እሚወረወርብን የኛን ስነ ልቦና ለመዝረፍ ነው። እንኳን ዛሬ፡ በምድረ ቅጥረኛ ኮተት ጥንት ሙሶሊኒ በ,ይህ ሁሉ ስድብ  እሚወረወርብን የኛን ስነ ልቦና ለመዝረፍ ነው። እንኳን ዛሬ፡ ድሮም አልሰራ,MultiParaDetox,MultiParaDetox,,True
am,Amharic,ምን ላርግ ብለሽ ነው። ይሄን ሰውዬ ስሙን እንኳን መስማት ያንገሸግሸኛል.????,ምን ላርግ ብለሽ ነው,MultiParaDetox,MultiParaDetox,,True
am,Amharic,ምን ቀረብኝ ብለህ ነው???የውሻ የድመት እና የእባብ ጥብስ ነው እኮ ይቀረብህ ብቻ ከአማረህ መከልከል የለበትም ባይ ነኝ የሚመለከተው ሁሉ ክትትል ማድረግ ይኖርበታል,ከማይበሉ እንሰሳት ተሰርቶ የሚቀርብ ጥብስ ቢቀርብህስ ?,MultiParaDetox,MultiParaDetox,,True
am,Amharic,ምን እገባሽ እዚያው የአረብ ባርነትሽ ይቀብርሻል ባንዳን ተጠቅመው ነው የሚቀብሩት ይሆም እውነት የማይቀር ነው::,ይኸ አንቺን አይመለከትም እዚያው አረብ ሀገር ስራሽን ስሪ,MultiParaDetox,MultiParaDetox,,True
am,Amharic,ምድነው ችግርህ? ?? ህይወታቸውን እየግበሩ በየቦታው እየረገፉ ያሉ አንድ አለን የምንለው መከታችን መከላከያ ነው። ስንት ምታወራው የውሻ ወሬ እያለ ስለመከላ,ከመከላከያ ጎን ለመቆም ምንም ችግር ሊኖርብን አይችልም፡፡ ህይወታቸውን እየግበሩ በየቦታው እየረገፉ ያሉ አንድ አለን የምንለው መከታችን መከላከያ ነው።,MultiParaDetox,MultiParaDetox,,True
am,Amharic,ሰማ አንተ ደደብ ሰው መተከልን እንዳስጨረስክ አትቀርም ዋጋህን እሰጣሀለሁ,አንተ እማታስብ  መተከልን እንዲህ እንዳመስካት አትቀርም  ዋጋ ትከፍላለህ,MultiParaDetox,MultiParaDetox,,True
am,Amharic,ሰው ላይ ጣትህን አትቀስር በ21 ክፍለዘመን ጦርነት ማወጅ ማለት ዝቅጠት ነው።በሀሳብ ነው የምንነጋገረው ለዛም ነው social media የምንጠቀመው አሊያ ከpol,ሰው ላይ መጠቆም አያስፈልግም ፡፡ በ21 ክፍለዘመን በጦርነት ሳይሆን በሀሳብ ነው የምንነጋገረው ፤ በ social media ጭምር,MultiParaDetox,MultiParaDetox,,True
am,Amharic,ሰው በላው አውሬ ጀነራል አብርሃ ወልደማርያም (ኳርተር) ለዘላለሙ አሸልቧል::,ጀነራል አብርሃ ወልደማርያም (ኳርተር) ህይወቱ አልፏል፡፡,MultiParaDetox,MultiParaDetox,,True
am,Amharic,ሰው ጥራ ቢሉት ራሱ መጣ አሉ በፈጠረህ  ወይም  አንድ ቀን እውነት አውርተው ያውቃሉ? እኔ ነፍስ ካወኩ ጊዜ አንስቶ ፋ,ሰው ጥራ ቢሉት ..አሉ እኔ እስከማውቀው እውነቱን ሲናገሩ ሰምቼ አላውቅም,MultiParaDetox,MultiParaDetox,,True
am,Amharic,ሰይጣን እባክህን ይህንን ኃጢአተኛ ይቅር በለው ፣ እሱ የሚናገረውን አያውቅም,እባክህን ይህንን ምስኪን ይቅር በለው ፣ ባለማወቅ ነው የተናገረው,MultiParaDetox,MultiParaDetox,,True
am,Amharic,ሰይጣንም ለአመሉ ከመፀሐፍ ቅዱስ ይጠቅሳል። ኃይማኖቱን ተወውና ፖለቲካውን በወጉ ያዘው። ጌታ የቀየር ተላላኪ ባሪያ ምን አፍ አለኝ ብሎ ያወራል? መጀመሪያ ከተ,ምን ለአመሉ ከመፀሐፍ ቅዱስ ይጠቅሳል .. ኃይማኖቱን ተወውና ፖለቲካውን በደንብ ያዘው። አሁን ምን አፍ አለኝ ብሎ ያወራል?,MultiParaDetox,MultiParaDetox,,True
am,Amharic,ሲፈርስ ለምን ማስቆም አልቻለም አላልኩም ግን ሀውልቱ ወደ ቦታው አለመመለሱ ግን የሱ ፍላጎት ነው . ሰሞኑንማ የጤና ያርግልህ ????,ሲፈርስ ለምን ማስቆም አልቻለም አላልኩም ግን ሀውልቱ ወደ ቦታው አለመመለሱ ግን የሱ ፍላጎት ነው,MultiParaDetox,MultiParaDetox,,True
am,Amharic,ሳዳምን ከአይጥ ጉድጓድ አውጥተው ካስፈረዱበት አንዱ ነኝ አንተንም አገኝሃለሁ አንተ ውሻ የውሻ ልጅ,ሳዳምን ከአይጥ ጉድጓድ አውጥተው ካስፈረዱበት አንዱ ነኝ የጊዜ ጉደይ ነው,MultiParaDetox,MultiParaDetox,,True
am,Amharic,ሴትኮ ሁሉም ነገር ናት ሰለዚህ የተሳደብክ ከመሰለህ ተሳስተሀል ውሻ ደግም ታማኝ ነው ያሳደገውን ያውቃል ይልቅ የአንተ ባዶ ጭንቅላት ገረመኝ እርሲ ሀምሐም በለት ለታይ,ሴትኮ ሁሉም ነገር ናት፡ ውሻ ደግም ታማኝ ነው ያሳደገውን ያውቃል ይልቅ የአንተ ነገር ገረመኝ,MultiParaDetox,MultiParaDetox,,True
am,Amharic,ስለማይገባው ለማይረዳ አይምሮው ድፍን ለሆነ ሰው ይሄ ሁላ አያስፈልግም ሰሉዬ ሀፍተይ መተው ብቻ ??,ለማይገባው ለማይረዳ ሰው ይሄ ሁላ አያስፈልግም ሰሉዬ ሀፍተይ መተው ብቻ ??,MultiParaDetox,MultiParaDetox,,True
am,Amharic,ስዩም ተሾመ እና ናትናኤል መኮንን በልጅነታቸው ያመለጣቸው ክትባት መኖሩ ተረጋግጧል,ስዩም ተሾመ እና ናትናኤል መኮንን በልጅነታቸው ያመለጣቸው ክትባት ይኖር ይሆን እንዴ,MultiParaDetox,MultiParaDetox,,True
am,Amharic,ስዩም ተሾመ ዝም ብሎ የሚለፈልፍ ነበር የመሰለኝ:: ደመቀ የሚሉት ፈዛዛ ግን ባለጌውን ጎትቶ ቤኒሻንጉል ይዞት ሲሄድ ሳይ ነው አሀ ያልኩት:: ተራ ጀግና,ስዩም ተሾመ ያለ ማስረጃ የሚናገር ነበር የመሰለኝ:: አቶ ደመቀ ግን ሰውዬውን ቤኒሻንጉል ይዞት ሲሄድ ሳይ ነው አሀ ያልኩት::,MultiParaDetox,MultiParaDetox,,True
am,Amharic,ስዩም አለቆቹ የሚወዱትን ይወዳል፣ የሚጠሉትን ይጠላል። እሱ የሚናገረው በሙሉ አለቆቹ ሹክ ያሉትን ነው። ከመስመር ወጣ ካለ ደግሞ አምቡላንስ ልከው እንደሚሆን ያደርጋሉ።,ስዩም አለቆቹ የሚወዱትን ይወዳል፣ የሚጠሉትን ይጠላል። እሱ የሚናገረው በሙሉ አለቆቹ የነገሩትን ነው።,MultiParaDetox,MultiParaDetox,,True
am,Amharic,ሺ መጋረጃዎችን ብትጠቀም እውነትን አቀብራትም። ውሻ።,ብዙ ምክንያቶችን ብታስቀምጥም እውነት እውነት ናት።,MultiParaDetox,MultiParaDetox,,True
am,Amharic,ቀበሌን ቀበሌ ቆማጣን ቆማጣ ስተለው ለምንድን ነው የሚከፋው?? ደሞ ከባድ የቀበሌ ዋጋ ምንድን ነው?? ዘይት መስረቅ ነው,ነገሮችን በስማቸው መጥራት ለምንድነው ቅሬታ የሚፈጥረው፤ ከባድ የሆነው የቀበሌ ዋጋስ ምንድነው ;,MultiParaDetox,MultiParaDetox,,True
am,Amharic,ቀድሞ ነበር እንጂ መጥኖ መደቆስ አሁን ምን ያደርጋል ድስት ጥዶ ማልቀስ። ጉራ ብቻ  ለዚሁ ነበር ያ ሁላ ፉከራ ???,ቀድሞ ነበር እንጂ መጥኖ መደቆስ አሁን ምን ያደርጋል ድስት ጥዶ ማልቀስ። ወሬ ብቻ ምንም አያሰራም፡ ተግበር,MultiParaDetox,MultiParaDetox,,True
am,Amharic,ቅርሻታምስ እንተው ራስስህ ነህ ከአፍህ የሚወጣው ይሽታል አስተሳሰብህም እንደዛው ነው ባለጌ ነህ አሳዳጊ የበደለህ። እደግመዋለውአዎ ይህ ወንድሞቹን የበላ አውሬ ነው ።,የምትናገረው ነገር ሰውን የሚያስከፋ ነው ፤ ስርአት የለህም,MultiParaDetox,MultiParaDetox,,True
am,Amharic,ቆሻሻ ባንዳ ጊዜ የሰጠህ መስሎህ በአምኒስቲ ጭምብል ታቀረሻለህ አደል።የጊዜ ጉዳይ ነው.,በአምንስቲ በኩል በዚህ ጊዜ ይህን ማለትህ ትክክል አይደለም,MultiParaDetox,MultiParaDetox,,True
am,Amharic,በህል አለም ነው ያለሀው አቶ ሾርት ሚሞሪ የምታወራውን እንኮን ለሰው ለራስህም አትድገመው መቼስ ጅል አይሙት ኢሳያስ የአሽከር አሽከር,በህል አለም ያለህ ያህል ነው ነገሮችን የምትረሳወ ፤ የምታወራውን ለራስህም ባትደግመው ይሻላል፡፡,MultiParaDetox,MultiParaDetox,,True
am,Amharic,በመንጋዊ ስሜት ሆ  ማለት : ምን ይዞ እየመጣ እንደሆነ እያየነው ነው። ብቻ መጨረሻው ያሳምረው,በህብረት ና  በስሜት መውትጣት  : ምን ይዞ እየመጣ እንደሆነ እያየነው ነው። ብቻ መጨረሻው ያሳምረው,MultiParaDetox,MultiParaDetox,,True
am,Amharic,በመጀመሪያ ወንደኛ አዳሬ የሚባል ቃል የለም ሲቀጥል ደግሞ በጣም የቅናት አስመሰለብህ ያጣ ለማኝ ተሳድቦ ይሄዳል አለ ያገሬ ሰው ።,በመጀመሪያ እንደዚህ የሚባል ቃል የለም ሲቀጥል ደግሞ ጥሩ ካልሆነ የቅናት መንፈስ ውስጥ የሆንክ ነው ያስመሰለብህ,MultiParaDetox,MultiParaDetox,,True
am,Amharic,በመጀመሪያ ደደብ አንተ ነህ ሲቀጥል ደግሞ ምን አባህ አገባህ መች እንደከፈትኩት አርፈህ እዛዉ በለስህን ብላ ቀለዋጭ።,በመጀመሪያ አንተ ነህ ነገር የማይገባህ ሲቀጥል ደግሞ ምን  አገባህ መች እንደከፈትኩት,MultiParaDetox,MultiParaDetox,,True
am,Amharic,በትግራይ ክልል ስለተፈጠረው የማህበራዊ ቀውስ ትንፍሽ የማይል፣ በአንፃሩ ስለማዳጋስካር የረሃብ ክስተት ትንታኔና ዲስኩር የሚሰጥ ብሔራዊ ቴሌቭዥን ያለን አሳዛኝ ህዝቦች እኮ ነን EBC ማፈሪያ_ሚዲያ,የእኛ ቴሌቪዥን በትግራይ ክልል ስለተፈጠረው የማህበራዊ ቀውስ ምንም ሳይል ፣ በአንፃሩ ስለማዳጋስካር የረሃብ ክስተት ጥልቅ ትንታኔ  ሲሰጥ ሲታይ እንደ ሀገር ያሳዝናል ፡፡,MultiParaDetox,MultiParaDetox,,True
am,Amharic,በአንዴ ካድሽኝ? ለነገሩ የመጀመሪያሽ አይደለም ??,በአንዴ ድጋፍሽን አነሳሽ? ለነገሩ የመጀመሪያሽ አይደለም ??,MultiParaDetox,MultiParaDetox,,True
am,Amharic,በኢንሳ ውስጥ የሰዎችን ዶክመንት ሲበረብር ለኖረው ሰው ይህ ቀላል ነው። ማፈሪያ,በኢንሳ ውስጥ የሰዎችን ዶክመንት በመመርመር ልምድ ላለው ሰው ይህ ቀላል ነው።,MultiParaDetox,MultiParaDetox,,True
am,Amharic,በዘራህዉ ልክ ማጨድህ አይቀርም የጊዜ ጉዳይ እንጅ,በጊዜ ሂደት ማንም ለሰራው በደል መልሱን ማግኘቱ አይቀርም,MultiParaDetox,MultiParaDetox,,True
am,Amharic,በደንብ ስለማውቃት ነው፡፡ ጥሩ የሆነ የፅሁፍ ችሎታ ስላላት አሁን ያበደው አናኒ ሶሪ የሚባል ገልቱ መፅሔት (ስሙን ለጊዜው ዘንግቼዋለው) ላይ ይ,በደንብ ስለማውቃት ነው፡፡ ጥሩ የሆነ የፅሁፍ ችሎታ ስላላት አሁን በደህና የአእምሮ ጤንነት ሁኔታ ላይ በማይገኘው  አናኒ ሶሪ የሚባል መፅሔት (ስሙን ለጊዜው ዘንግቼዋለው) ላይ ይ,MultiParaDetox,MultiParaDetox,,True
am,Amharic,በዳንኤል ብርሃኔ ቁንጥጫ እና ግልምጫ በእንክብካቤ ያደገዉ የበፊቱ የhorn affair አምደኛ እና ተላላኪ፤ የዘንድሮዉ ሁሉን አዋቂ ተንታኝ አቶ ስዩም ተሾመ ወጥ አረገጠም ወይ??,ከእነ ዳንኤል ብርሃኔ ጋር በፊት በ horn affair አምደኛ ፤ አሁን ላይ ደግሞ የተለያዩ ጉዳዮችን ተንታኝ አቶ ስዩም ተሾመ አልተሳሳተም ወይ??,MultiParaDetox,MultiParaDetox,,True
am,Amharic,በጣም የማዝነው ያንተ ድክትርና ለዚህች ወልዳ ላሣደገችህ ሀገር ይህ ከሆነ አንተ የመጨረሻ ደደብ ወራዳ ሠው ነህ,ለዚህች ወልዳ ላሣደገችህ እና ላስተማረች ሀገር ካንተ የሚጠበቀው ይኸ አይደለም፡፡,MultiParaDetox,MultiParaDetox,,True
am,Amharic,በፍጹም። አንድ ነገር ልጠይቅህ አብይ አህድ ቡዙነገር ሲተነትን አፍ ያስከፍታል። እንዴት ነው ግን የዚህ ሁሉ ህዝብ እልቂት እንደሰው እማያስቆጣው? ማስቆም እንኳ ባይ,አንድ ነገር ልጠይቅህ አብይ አህድ ቡዙነገር ሲተነትን ቀላል የማይባል አድማጭ አለው። እንዴት ነው ግን የዚህ ሁሉ ህዝብ እልቂት እንደሰው እማያስቆጣው? ማስቆም እንኳ ባይ,MultiParaDetox,MultiParaDetox,,True
am,Amharic,ባለጌ ለመሆንሺ ምሰክር አያሻኝም ሰው ሰላልሆንሺ አሉ ብለሺ አወራሺ ማንም በሴትነቱ በሰውነቱ ይከበራል,ለስርአት ተገዢ እንዳልሆንሽ ተረድቼአለሁ፡፡ ማንም በሴትነቱ በሰውነቱ ይከበራል,MultiParaDetox,MultiParaDetox,,True
am,Amharic,ባለጌ ነሽ ወይም ነህ መሰዳደብ ጉብዝና አይደለም  የቋንቋ ችግር ከሌለብሽ ወይ ከሌለብህ ትክክል ነው ያለው።ዘርንም መርጦ ማዘን ዘረኝነ,ስርአት ካለህ/ካለሽ ፀያፍ ቃልን መለዋወጥ ጉብዝና አይደለም የቋንቋ ችግር ከሌለብሽ ወይ ከሌለብህ ትክክል ነው ያለው።,MultiParaDetox,MultiParaDetox,,True
am,Amharic,ባንዳ የባንዳ ልጅ ቤተ መንግስት አስቀምጠህ ሴራህን እየጎነጎንህ በጎን የተለመደ ኢትዩጲያዊ ስብከትህን ትነዛለህ,ኢትዮያን የማይደግፉ ሰዎች ጋር እስከ ቤተ መንግስት ድረስ አብረህ እየሰራህ በሌላ በኩል ኢትዮጵያዊ ወግ ስታነሳ ሰው ብዙም ላያምንህ ይችላል,MultiParaDetox,MultiParaDetox,,True
am,Amharic,ባንዳ? አሉላ ከኤርትራ ሰራዊት ጋር ሆኖ ኢትዮጵያውያንን እየገደለ ነው እንዴ? አላወኩም ነበር።,አሉላ ከኤርትራ ሰራዊት ጋር ሆኖ ኢትዮጵያውያንን እያጎደ ነው እንዴ? አላወኩም ነበር።,MultiParaDetox,MultiParaDetox,,True
am,Amharic,ቤተሰብዎ እየደማ ነው ፡፡ በሁሉም ድርጊቶችዎ ይቆጫሉ እናም ለዘላለም ይሰቃያሉ።,ቤተሰብዎ ችግር ውስጥ ወድቁዋል ፡፡ በድርጊቶችዎም ሊፀፀቱና ለረጅም ጊዜም ሊጎዱ ይችላሉ።,MultiParaDetox,MultiParaDetox,,True
am,Amharic,ቤቲ LTV ፈጣሪ ጎረቤትህን እንደራስህ ውደድ ይላል። የፖለቲካ ልዩነትም መብት ነው። ልዩነታችን በመከባበር ቢሆን ሀገራችን ዘላቂ ሰላም ታገኛለች። የጥላቻ ዘመቻ ግን ለራስሽም ለሀገርም አይጠቅምም።,ቤቲ LTV ፈጣሪ ጎረቤትህን እንደራስህ ውደድ ይላል። የፖለቲካ ልዩነትም መብት ነው። ልዩነታችን በመከባበር ቢሆን ሀገራችን ዘላቂ ሰላም ታገኛለች። ከዚህ ባለፈ ልዩነትን የሚያሰፉ ነገሮች ላይ ማተኮር ግን ለራስሽም ለሀገርም አይጠቅምም።,MultiParaDetox,MultiParaDetox,,True
am,Amharic,ብሌን ይሄ ሰው የአማራ ፍፁም ጠላት እንደሆነ ብዙ መረጃ አለኝ። He is just useless የምትወጅው ከሆነ ይቅርታ። ፕሮፌሰር አስራት ወልደየስን ያስያዘ እሱ ነ,ብሌን ይሄ ሰው ለአማራ ህዝብ ብዙ የሚጠቅም ሀሳብ እንሌለው በመረጃ ጭምር መናገር እችላለሁ፡ ከይቅርታ ጋር,MultiParaDetox,MultiParaDetox,,True
am,Amharic,ብዙም አትፈንጥዝ ጋሽ ሄኖክን በሀሣብ ሞግተው የዛሬ አስፈራሪ የነገ ፈሪ ይሆናል,ብዙም መደሰት ሳያሰፈልግ ጋሽ ሄኖክን በሀሣብ መሞገቱ የተሻለ ነው፡፡ ነገ ነገሮች በዚሁ ላይቀጥሉ ይችላሉ፡፡,MultiParaDetox,MultiParaDetox,,True
am,Amharic,ተላላኪ እኮ ሁሌም ደሰተኛ ነው፡፡ ደብሪፅ ቢመጣም ደስተኛ እንደምትሆን እርግጠኛ ነኝ፡፡,ነገሮችን በራሱ የማያደርግ ሰው ሁሌም ደሰተኛ ነው፡፡ ደብሪፅዮን ቢመጣም ደስተኛ እንደምትሆን እርግጠኛ ነኝ፡፡,MultiParaDetox,MultiParaDetox,,True
am,Amharic,ተባረክ ለትርጉሙ ማስጠንቀቂያ መሰጠቷ ተገቢ ነው አሳማው ዲና ሙፊቲህ አፍንጫ ከተነካ ምን ቀረ እኛ ደግሞ አንገታቸውን እንቆርጠዋለን እያለ ጉራው አሰቸገረን በነካ,ተባረክ ለትርጉሙ ማስጠንቀቂያ መሰጠቷ ተገቢ ነው  ዲና ሙፊቲህ አካባቢም ከተነካካ ሌላ ምንም አይቀርም,MultiParaDetox,MultiParaDetox,,True
am,Amharic,ቱልቱላ ከፍታን የሚገለፀው በስራ እንጂ በወሬ አይደለም ሙሉ ከተማ እያቃጠልክ ፣የሰው ልጅ በምታስተዳድረው ክልል ዘቅዝቀህ እየሰቀልከ ፣ሰው ቆጥቦ የሰራው,ከፍታን የሚገለፀው በስራ እንጂ በወሬ አይደለም ከተማው እንዳልነበረ እየሆነ ፣የሰው ልጅ በምታስተዳድረው ክልል ከሰው ክብር ውጭ እየተደረገ ፣ሰው ቆጥቦ የሰራው,MultiParaDetox,MultiParaDetox,,True
am,Amharic,ታምራት ነገራ ፅንፈኞችን ከላይ እስከታች ሰብስበህ ሁለት ሰንበት ፀበልና ስልጠና ስጥልን ።,ታምራት ነገራ አክራሪዎችን  ከላይ እስከታች ሰብስበህ ሁለት ሰንበት ጥሩ ምክርና ስልጠና ስጥልን ።,MultiParaDetox,MultiParaDetox,,True
am,Amharic,ታሟል የሚያውቅለት ዘመድ አጣ እንጂ ይኸን ደነዝ ማጥመቅ ሳይሆን አሰሮ 80ጊዜ መግረፍ ነበር,ችግሩን የሚረዳ  ዘመድ አጣ እንጂ እሱ በጤና ያለ አይመስለኝም,MultiParaDetox,MultiParaDetox,,True
am,Amharic,ታዲያ ለሱዳን ሲሆን እንደ ውሻ ጭራህን ቆልፈህ ቁጭ አልክ? የሚያግዝ የኢትዮጵያ ወታደር የሻቢያ ወታደር የሁሉም ክልሎች ልዩ ሀይል,ታዲያ ለሱዳን ሲሆን ለምን ዝም ማለት መረጥክ? የሚያግዝ የኢትዮጵያ ወታደር የኤርትራ ወታደር የሁሉም ክልሎች ልዩ ሀይል,MultiParaDetox,MultiParaDetox,,True
am,Amharic,ታዲያ አንተ ተጋሩ ፕጅ ላይ ምን ታደርጋለህ???,ታዲያ አንተ እዚህ ፕጅ ላይ ምን ታደርጋለህ???,MultiParaDetox,MultiParaDetox,,True
am,Amharic,ትንታኔ ዘጋኝ???? ፓለቲካዉንም እኮ እንደዚህ እየተነተናችሁ ነዉ አገሪቱን ዱቄት ያደረጋችሗት።,ትንታኔ ትጠላለህ???? ፓለቲካዉንም እኮ እንደዚህ እየተነተናችሁ ነዉ አገሪቱን እንዳይሆን ያደረጋችሗት።,MultiParaDetox,MultiParaDetox,,True
am,Amharic,ትግላቹ ገደል ገባ አውሮፓ አሜሪካ አረብ አገር ሆነሽ ነው ምትታገይ ገልቱ,ውጭ ሆኖ የሚደረግ ትግል ውጤታማ አይሆንም፡፡,MultiParaDetox,MultiParaDetox,,True
am,Amharic,ችግር ውስጥ ነን ብዬ ከማንም ኢንጌጅ አላደርግም ሰሞኑን ታውቃለህ መቼስ። ቀን ይቅርታ ሲጠይቅ ውሎ ማታ ልገንጠል ይላል? ነውር አይደለም?,ችግር ውስጥ እንዳለን ባላስብ ይሻላል፡፡ ሰሞኑን ደግሞ ቀን ላይ በጥሩ የይቅርታ መንፈስ ውሉ ማታ ላይ ስለመለያየት ያወራሉ፡፡,MultiParaDetox,MultiParaDetox,,True
am,Amharic,ነቀዝ ካንተ ሆድ ምን ተርፎ ነው መንገድ የሚሰራው በእርዳታ? አጋሰስ,ከእለታዊ ፍጆታህ ምን ተርፎ ነው መንገድ የሚሰራው በእርዳታ?,MultiParaDetox,MultiParaDetox,,True
am,Amharic,አሁን በዚህ ሪፖርት ምኑ ነው ዋዜማን የወያኔ አፍ የሚያስብለው? የጠቅላዩን ስብከት ብቻ መስማት ለሚፈልግ ዋልታ፣ ፋና፣ ኢቢሲ . አሉ።,በዚህ ሪፖርት ውስጥ ዋዜማን እንደዚያ የሚያስብል  ነገር ያለ አይመስለኝም? የአንደ ወገን ሀሳብ ብቻ መስማት ለሚፈልጉ የመንግስ ሚዲያዎችን መስማት ይችላል፡፡,MultiParaDetox,MultiParaDetox,,True
am,Amharic,አሁን እስክንድር እና ልደቱ አብረው ለንፅፅር ሚቀርቡ ናቸው? በጨለማው ዘመን አስፈሪውን ወያኔ በብእር ያንበረከከ ያውም አፍንጫቸው ስር ልደቱ ወያኔ ተደምስሶ እንደራደ,አሁን እስክንድር እና ልደቱ አብረው ለንፅፅር ሚቀርቡ ናቸው? በጨለማው ዘመን አስፈሪውን ወያኔ በብእር ያንበረከከ,MultiParaDetox,MultiParaDetox,,True
am,Amharic,አሁን ይህ ምኑ ይነገራል?ምኑስ ይጠቅማል ኧረ ወዲያ? በተራ የሰፈር ጠብ እንኳ ሰው ይጠነቀቀቃል የምር አትውረድ,ይኸ ለመናገርም አይመችም፤ ጥቅምም የለውም፤ ክብርህን መጠበቅ ያለብህ አንተ ነህ,MultiParaDetox,MultiParaDetox,,True
am,Amharic,አሁን ጥያቄው ሰውየው ተይዞ ቂሊንጦ ሲገባ የሻማ ነው ወይስ የሮኬት ነው ሚጠየቀው የሚለው ነው,ሰውየው በህግ ጥላ ስር ውሎ ወደ አስር ቤት ቢገባ እንደሌሎች እስረኞች የደንቡ ነው የሚጠየቀው ወይስ ከዚያ በላይ መሆን አለበት,MultiParaDetox,MultiParaDetox,,True
am,Amharic,አሁንም አንደበተ ጎደሎ ተሆኛለሽ እንዴ። በራስሽ ሰውነት የማዘዝ መብቱ የአንቺ ቢሆንም ከኢትዮጵያዊነት ባህል በመዝለልሽ ነው አስተያየት የተነገረሽ ጭራሽ ቡራ ከዮ ትያለሽ ማፈሪያ ነሽ??,አሁንም አንደበተ እንደሌለው ተሆኛለሽ እንዴ። በራስሽ ሰውነት የማዘዝ መብቱ የአንቺ ቢሆንም ከኢትዮጵያዊነት ባህል በመዝለልሽ ነው አስተያየት የተነገረሽ መቆጣት የለብሽም,MultiParaDetox,MultiParaDetox,,True
am,Amharic,አማራ ክልል የሚሰበሰበው ባለስልጣን ለምን ይሆን ተላላኪና ንክ የሆነው። አበረ የሚሉት የፓሊስ ኮሚሽነር የቀረው እኮ ክላሽ ይዞ ስቲዲዮ ውስጥ አሳምነው ገዳይ ብሎ መሸለል ነው። ስንት ከብት አለ።,አማራ ክልል ውስጥ ያሉ የመንግስት ሹሞች ችግር ያለባቸው ነው የሚመስለኝ፡፡ የፓሊስ ኮሚሽነሩ ስቲዲዮ ውስጥ  መሸለል የሚቃጣው ነወ የሚመስለው።,MultiParaDetox,MultiParaDetox,,True
am,Amharic,አምባገነን መሪ የተቃወሙትን ሁሉ ያስራል አለ ያገሬ ሰው አሽቃባጭ ።,አምባገነን መሪ የተቃወሙትን ሁሉ ያስራል አለ ያገሬ ሰው,MultiParaDetox,MultiParaDetox,,True
am,Amharic,አሳፋሪ፡ አሳዛኝ፡ የአውሬ ተግባር  ዶክተር አብይ ደህና መሆናቸው መልካሙ ዜና ነው፡፡ እግዚአብሔር ሆይ እርዳን,አሳፋሪ፡ አሳዛኝ፡ የጨካኞች ተግባር ዶክተር አብይ ደህና መሆናቸው መልካሙ ዜና ነው፡፡ እግዚአብሔር ሆይ እርዳን,MultiParaDetox,MultiParaDetox,,True
am,Amharic,አስመሳይ ህዝብ ሲታረድ በእሳት ሲቃጠል ሲፈናቀል መግለጫ ያልሰጠህ እንኳን አደረሳችሁ አይዋጥልንም,ህዝብ ያ ሁሉ መከራና መፈናቀል ሲደርስበት መግለጫ ያልሰጠህ እንኩዋን አደረሳችሁ መቼም ከልብህ እንደማይሆን እንረዳለን,MultiParaDetox,MultiParaDetox,,True
am,Amharic,አስመሳይ አብይ አሕመድ ትግራይ ለመርዳት እቅድ ኑሮህ አያቅም።,አብይ አሕመድ ትግራይ ለመርዳት ያሰበ አይመስለኝም,MultiParaDetox,MultiParaDetox,,True
am,Amharic,አስቸኳይ በ ባቲ ከተማ ዛሬ ከቀኑ 10:00 ላይ ተመሳሳይ በህዝብ ላይ የ ፈንጂ(bomb)ጥቃት ሊፈፅሙ የተዘጋጁ አረመኔዎች በቁጥጥር ስር ዉለዋል,በ ባቲ ከተማ ዛሬ ከቀኑ 10:00 ላይ ተመሳሳይ በህዝብ ላይ ከፊተኛ ጥቃት ሊፈፅሙ የተዘጋጁ ሰዎች በቁጥጥር ስር ዉለዋል,MultiParaDetox,MultiParaDetox,,True
am,Amharic,አስግረው እንደ አሳ፣ እንደ ውሻ እሰረው፤ ብሎ ለቆረጠ አሻራው ለጠፋ፣ ያለኔ ላለ ሰው፤ ቃል የለኝም እኔ መከራው ይምከረው።,መጠፎ ስራ የሰራና በሌላው ላይ የሚመኝ ዞሮ በራሱ ላይ ችግሩ መምጣቱ አይቀርም,MultiParaDetox,MultiParaDetox,,True
am,Amharic,አቤት ከተቀደዱ አይቀር እንደ አሉላ ነው። ምንድነው የሚያጨሰው በማርያም,አቤት አሉላ እንዴት ነው የሚያጋንነው ፡፡ ምንድነው እንዲህ የሚያናግረው,MultiParaDetox,MultiParaDetox,,True
am,Amharic,አቤትትት??? የሰፈር ሰዎች ሁሉ ተማረሩ ቤታቸውን ዘግተው ምሳ ሰሩ:: . For that ሆዳም friend.,አቤትትት??? የሰፈር ሰዎች ሁሉ ተማረሩ ቤታቸውን ዘግተው ምሳ ሰሩ::,MultiParaDetox,MultiParaDetox,,True
am,Amharic,አብን ውስጤ ነው ብለሽ ነው የዘለልሽው ?? ቀዳዳ አስመሳይ.,የአብን  ደጋፊ ነኝ ብለሽ ነው የዘለልሽው፤ ከልብሽ አይመስልም,MultiParaDetox,MultiParaDetox,,True
am,Amharic,አብይ ነበልባል የሆነውን የማይጠፋ ፍም እሳት ኢትዮጵያዊነቴ ላይ: ጋዝ ጨመረበት እንጂ: ያው እሳት እሳት ነው?? የፓርላማውሎ Ethioጵia,ውስጤ ያለውን ትልቅ የሀገር መውደድ ስሜት ፤ አብይ የበለጠ አነሳሳው,MultiParaDetox,MultiParaDetox,,True
am,Amharic,አብይ አህመድ በሳሎን ውሻው ተመስገን ጥሩነህ በኩል ምስኪን የጎንደር ገበሬዎችን በስሜት እየገፋ እና በኃይል እያስገደደ : ዘመናዊ እና ከባድ,አብይ አህመድ በተመስገን ጥሩነህ በኩል የጎንደር ገበሬዎች ተጽኖ እይደረገበቸው ነው,MultiParaDetox,MultiParaDetox,,True
am,Amharic,አብይ አህመድ ጨካኝ ነው:: ከሱ ጋር ሲወዳደር መንግስቱ ኀ/ማርያም የመጨረሻ ሩህሩህ አይደለም እንዴ::?? ከአብይ አንፃር መንግስቱ ደግና ሰፍሳፋ ሆኖ ነው ያገኘነው:: አብይ ህፃና,ከ ጠ/ሚ አብይ አህመድ አንፃር ፡ መንግስቱ ኀ/ማርያም ሩህሩህ እና ደግ ሰው እንደሆነ ነው እኔ የምረዳው፡፡,MultiParaDetox,MultiParaDetox,,True
am,Amharic,አብይ እና ጀሌዎቹ ግን ሁሉም ሰው እንደነሱ ደደብ ይመስላቸዋል ልበል? ??,አብይ እና ደገፊዎቹ ግን ሁሉም ሰው እንደነሱ ይመስላቸዋል ልበል? ??,MultiParaDetox,MultiParaDetox,,True
am,Amharic,አታሽቃብጪ መሀል ሰፋሪ በሁለት ጥይት ነው ሚመታው??,ወዲያ ወዲህ አትበይ ፡ መወላወል ሁላ ላይ ራስን ይጎዳል፡፡,MultiParaDetox,MultiParaDetox,,True
am,Amharic,አትቀባጥር። አንተ ስትዘርፍ ስለኖርክ ሰው ሁሉ ሌባ አይምሰልህ።,ብዙ አትናገር እስቲ። አንተ የሰው ንብረትን ስትጠቀም ስለቆየህ ሰው ሁሉ እንዳንተ አይምሰልህ።,MultiParaDetox,MultiParaDetox,,True
am,Amharic,አቶ በቀለ ጃዋርን አንተ ነህ ለዚህ ያደረስከኝ ብሎት በማረሚያ ቤት ዓይንና ናጫ ሆነዋል የሚባለው እውነት ይሆን?,አቶ በቀለ ጃዋርን አንተ ነህ ለዚህ ያደረስከኝ ብሎት በማረሚያ ቤት መነጋገር አቁመዋል የሚባለው እውነት ይሆን?,MultiParaDetox,MultiParaDetox,,True
am,Amharic,አንተ ማመን ካልፈለግክ ምንም ቢሉህ ማመን አትፈልግም። እህትህ ተደፊሪያለሁ ካለችህ አንተ ማን ነህ አይ ውሸትሽ ነው,አንተ ማመን ካልፈለግክ ምንም ቢሉህ ማመን አትፈልግም። እህትህ ጥቃት ደርሶብኛል ካለችህ አንተ እንዴት ነው ውሸትሽ ነው,MultiParaDetox,MultiParaDetox,,True
am,Amharic,አንተ ሰውዬ አይንህም ልብህም ተሰውሮ እንዴት ትችለዋለህ? ያንተ ይለያል ደሞ ልቦና ይስጥህ ውይ ይቅርታ አይንህን ያብራልህ,አንተ ሰውዬ አይንህም አስተውል እንጅ? ያንተ ይለያል ደሞ ልቦና ይስጥህ ፡ አይንህንም ያብራልህ,MultiParaDetox,MultiParaDetox,,True
am,Amharic,አንተ ሽንታም መጀመሪያ አርፈህ አትቀመጥም ነካክተህ ስትኮረኮም እዬዬ አይሰራም። ከብት,መጀመሪያ ሌሎች አንተን እንዳይነኩህ፤ አንተም እነርሱን ማክበር ከዚያ ውጭ ያለው ነገር ተገቢነት የለውም,MultiParaDetox,MultiParaDetox,,True
am,Amharic,አንተ በጄት ቦንብ እየላክላቸው እነሱ ፍቅር ይላኩልህ እንዴ? ጅል ቢጤ ነህ ልበል?,አንተ  እየሰራህ ያለኸው ስራ የእነሱን ህልውና አደጋ ውስጥ የሚጥል ሆኖ ሳለ ከእነሱ ፍቅር መጠበቅ አትችልም፡፡,MultiParaDetox,MultiParaDetox,,True
am,Amharic,አንተ ነህ እንጂ ዲቃላ እሱስ አህመድ አሊ ሚባል አባት ነበረው በነገራችን ላይ እጅና እግራቹ አጥሯል አሁን የቀረው አልሞት ያለው ምላሳቹ ነ,እሱስ አህመድ አሊ ሚባል አባት ነበረው እንዳነተ አይደለም፡፡ በነገራችን ላይ አሁን ድጋፍ የምታገኙበት እድል ተመናመኗል፤ ምናልባት ከማውራት የዘለለ ምንም አታደርጉም,MultiParaDetox,MultiParaDetox,,True
am,Amharic,አንተ ውሻ እግዚአብሔር ግፍህን በቤትህ ያሳጭድህ።,እግዚአብሄር ፍርዱን ይስጥህ,MultiParaDetox,MultiParaDetox,,True
am,Amharic,አንተ ውታፍ ነቃይ የትላንቱን ዲቤት አየህው አንገትን የሚያስደፋ እንዳንተ አይነቱን በቁሙ የሚቀብር ነው ከአብን ጋር ወደፊት ደደብ ዲቃላ,የትላንቱን ክርክር አየህው በጣም ጠንካራና የምትሉትን ያሳጣ ነበር,MultiParaDetox,MultiParaDetox,,True
am,Amharic,አንተ የሰው አተላ መቼም ቢሆን ኢትዮጵያ ላንተ አይነቱ ነጭ ነጫጭባ ዝቅ ብላ አታቅም ድሮም አሳማ ቆሻሻ ይወዳል፣ ነጭ አሳማ/The,ኢትዮጵያ በታሪኳ ለፈረንጅ ዝቅ ብላ አታቅም,MultiParaDetox,MultiParaDetox,,True
am,Amharic,አንተ የጠንቃይ ልጁ ደም መጣጭ የምት ፈርድ የምታገኝበት ሩቅ ኣይደለም አንተ ዲቃላ,በሰዎች ላይ አትፍረድ ፤ እንዳይፈረድብህ,MultiParaDetox,MultiParaDetox,,True
am,Amharic,አንተ ደንቆሮ የሸርሙጣ ልጅ አህያ ቦዶ ጭንቅላት ዘረኛ የሴት ልጅ አቅምህን እውቅ እንዳ አንተ አይነቱ ተላላኪ ነው አገራችን እንዳትረጋጋ ያደረጋት ቆሻሻ,አቅምህን ብታውቅ ደህና ነው ፤ እናንተ ናችሁ ባንድ በኩል ሀገሪቱ እንዳትረጋጋ ያደረጋችኋት,MultiParaDetox,MultiParaDetox,,True
am,Amharic,አንተ ደንቆሮ የጠንቋይ ልጅ ጠላታችን እንደሆንክ ኣስተምረን እንነቃቸዋለን።,ወደጅ እንደልሆንን ኣስተምረን እንነቃቸዋለን።,MultiParaDetox,MultiParaDetox,,True
am,Amharic,አንተ ደደብ ጀግንነት ሲቪል ሰው በማጥቃት ነው እንዴ አንተ ማትረባ አጋሰስ,ጀግንነት ሲቪል ሰው ማጥቃት አድርገህ  ነው እንዴ የምታየው ?,MultiParaDetox,MultiParaDetox,,True
am,Amharic,አንተ ዶማ የሚያሳዝነው ሌላ የትግራይና የሀገራችን ትውልድ ለናንተ ዐይነቱ ውሻ ብሎ መሞቱና አካሉን ማጣቱ ነው የሚያሳዝነው።,የሚያሳዝነው ሌላ የትግራይና የሀገራችን ትውልድ ለጥቂቶቸ ተብሎ መሞቱና አካሉን ማጣቱ ነው የሚያሳዝነው።,MultiParaDetox,MultiParaDetox,,True
am,Amharic,አንተ ግም እና የገለማህ ነህ ከትግራይ ታቦቱን ተመኝተህ ህዝብና መሬቱን ካድክ ድሮም ባንዳ ብህሪው ነው,የትግራይ ታቦትን እየተመኙ ፤ ህዝብና መሬቱን መርሳት ትክክል አይደለም፡፡,MultiParaDetox,MultiParaDetox,,True
am,Amharic,አንተ ጓሮ መሆን አለበት። አኛ የሰው አንፈልግም የራሳችንንም አንሰጥም,ከአንተ በኩል ሊሆን ይችላል። አኛ የሰው አንፈልግም የራሳችንንም አንሰጥም,MultiParaDetox,MultiParaDetox,,True
am,Amharic,አንተም ስብሃት ጋር በቅርቡ ትቀላቀላለህ አንተ ፈሪ,አንተም ስብሃት ጋር በቅርቡ ትቀላቀላለህ,MultiParaDetox,MultiParaDetox,,True
am,Amharic,አንተም እኮ ወያኔ በሚከፍልክ መጠን ነበር ኮምፒውተር ስር ተወሽቀህ የምትፅፈው ልቡማ ቢኖርህ ሄደህ ጓዶችህኖ ትረዳ ነበር ገና እያንዳንዷ ተለቅማ ትገባታለች ከሀዲ,አንተም  በሚከፈልህ መጠን ነበር በ ኮምፒውተር  ተጥቅመህ ስትጽፍ የነበረው,MultiParaDetox,MultiParaDetox,,True
am,Amharic,አንተስ የማን ዶንቆሮ ነህ መሃይም. የመናገር መብቴን ተጠቅሜ እንደተናገርኩ አላረፍሽውም.የሆንክ ጥጃ ፊት??,አንተስ የምለውን አትረዳም?   የመናገር መብቴን ተጠቅሜ እንደተናገርኩ አልገባህም,MultiParaDetox,MultiParaDetox,,True
am,Amharic,አንተን አይነቱን ስግብግብ ጨካኝ ጥልቁ ላይ መጣል ጨምሮ ቋጥኝ,አንተ ራስ ወዳድ ነህ የስራህን ማግኘትህ አይቀርም,MultiParaDetox,MultiParaDetox,,True
am,Amharic,አንተን የተቀበለ ሰይጣንም ቢሆን ካስተዳደረ የሰው ሰቀቀን የሰው ሀዘንና ለቅሶ ምንም አይመስልህም በሆነው ነገር አይዘኑ ሁሉ ነው እያልክ ያለኸው?,አንተን የተቀበለ ማንም ቢሆን ካስተዳደረ በሰው ምንም አይነት  ችግር ቢመጣ በሆነው ነገር ሁሉ አይዘኑ እያልክ ያለህ ነው የሚመስለው,MultiParaDetox,MultiParaDetox,,True
am,Amharic,አንቺ መተተኛ እዚህ ምን ታደርጊያለሽ? መጀመሪያ አንቺም መሪሽም መች እውነት ታውቃላችሁ,አንቺ ደግሞ እዚህ ምን ታደርጊያለሽ? መጀመሪያ አንቺም ሆነ መሪው መች እውነታውን ትናገላችሁ,MultiParaDetox,MultiParaDetox,,True
am,Amharic,አንቺ የውሻ ልጅ የሚሰረቅ ያለው በኢትዮጽያ ስም የተመዘገበ የሕዝብ ንብረት ነው። መሀይም,አንቺ የሚሰረቅ ያለው በኢትዮጽያ ስም የተመዘገበ የሕዝብ ንብረት ነው -አልገባሽም እንዴ,MultiParaDetox,MultiParaDetox,,True
am,Amharic,አንቺ ደደብ ስለ ሃገርሽ የምታስቢ ከሆነ ወሬሽን ከምትነፊ አንድ የዳቦ ለተራበው የትግራይ ምስኪኑ ህዝብ ብትረጅው ይሻላል,ስለ ሃገርሽ የምታስቢ ከሆነ ሌላ ነገር ትተሽ  አንድ የዳቦ ለተራበው የትግራይ ምስኪኑ ህዝብ ብትረጅው ይሻላል,MultiParaDetox,MultiParaDetox,,True
am,Amharic,አንቺ ገረድ : ሸታታ አንችን ብሎ ፀሓፊ  መጀመሪያ ንፅህናሽን ጠብቂ : ውዳቂ ።,አንችን ብሎ ፀሓፊ መጀመሪያ እራስሽን ጠብቂ :,MultiParaDetox,MultiParaDetox,,True
am,Amharic,አንች ሸሌ ምን አባሸ እየሰራሸ ነው የፍትህ ስራቱ እንደዚህ የተጨማለቀው,አንች አለሽ ተብሎ የፍትህ ስርአቱ እንደዚህ መሆኑ ይገርማል,MultiParaDetox,MultiParaDetox,,True
am,Amharic,አንች ዲቃላ ሞናሊዛ ላይ የደረሰው ግፍ ባንቺ እና በልጆችሽ ፤በእህትሽ ፤ቤተሰቦችሽ ይድረስሽ ቢያንስ አንቺ ሴት ነሽ ቆሻሻ።,በሞናሊዛ ላይ የደረሰው ግፍ ባንቺ እና ቤተሰቦችሽ ቢደርስስ,MultiParaDetox,MultiParaDetox,,True
am,Amharic,አንድ ነገር ይገርመኛል ኑሮን ለማሸነፍ ነብሱን አሰይዞ በባህር አረብ ሀገር የገባውን ምሰኪን አሸባሪ ብሉ ሰቃዩንይሰቃይ ብሎ የፈረደበት የሀገር መሪ እንዴት ነው መሪ ይሆነኛል በየ,አንድ ነገር ይገርመኛል ኑሮን ለማሸነፍ ነብሱን አሰይዞ በባህር አረብ ሀገር የገባውን ምሰኪን አታስፈልግም ብሎ የረሳውን መሪ እንዴት ነው መሪ ይሆነኛል በየ,MultiParaDetox,MultiParaDetox,,True
am,Amharic,አንገትህ ድንጋይ ተሸክሞ መዞሩ ብቻ ነው የሚያሳዝነኝ። ሌላውስ እዳው ገብስ ነው። ቆማጣ,አንገትህ ምስል ተሸክሞ መዞሩ ብቻ ነው የሚያሳዝነኝ። ሌላውስ እዳው ገብስ ነው,MultiParaDetox,MultiParaDetox,,True
am,Amharic,አዎ:አንመሰክራለን። ምን ታረገዋለህ:እነ ቴዲ : ሀጫሉ: አሰጌ: እያሉ:ምድረ :የወያኔ:አጫፋሪ:ቤተ መንግስት: ግብዣ:ተጠራ። ይገርማል። Ethiopia,አዎ:አንመሰክራለን። ምን ታረገዋለህ:እነ ቴዲ : ሀጫሉ: አሰጌ: እያሉ:ሁሉም:ደገፊ :ቤተ መንግስት: ግብዣ:ተጠራ።  Ethiopia,MultiParaDetox,MultiParaDetox,,True
am,Amharic,አይ አንተ አህያ ሜዳ ላይ ምን እየተሰራ እነዳለ በደንብ ስለምታቅ ለግዜው ዝምህ ሸፈጥ ስራ,አይ አንተ ሜዳ ላይ ምን እየተሰራ እነዳለ በደንብ ስለምታቅ ለግዜው በድብቅ የራስህን ስራ,MultiParaDetox,MultiParaDetox,,True
am,Amharic,አይ እስከሚቀጥለው ክሪስትማስ ይቆያል እንጂ ለምን ይነሳል ልበልህ? ዱቄታም??????,አይ እስከሚቀጥለው ክሪስትማስ ይቆያል እንጂ ለምን ይነሳል ልበልህ ?,MultiParaDetox,MultiParaDetox,,True
am,Amharic,አዲስ ስድብ አመንጪ እንጂ አዲስ ሃሳብ አመንጪ አይደለክም:: በደም የጨቀይህ ውሸታም አስመሳይ ሰው ነህ::,አዲስ ፀያፍ ቃል አመንጪ እንጂ አዲስ ሃሳብ አመንጪ አይደለክም:: በሰው ነፍስ ጉዳይ እጅህ ያለበት ሰው ነህ፡፡,MultiParaDetox,MultiParaDetox,,True
am,Amharic,አገር ወዳድ ለመምሰል ነው እንዴ?ምክንያቱም ምን አይነት ዘረኛ አንደሆንሽ በደንብ እናውቅሻለህ ስለዚህ አትላላጪ።እንደዛ ባይሆን ኖሮ አንቺ በሰራሽው ወንጀል,አገር ወዳድ ነሽ እንዴ?ምክንያቱም ምን አይነት ሰው አንደሆንሽ በደንብ እናውቅሻለህ ስለዚህ ብዙ አታዊሪ።እንደዛ ባይሆን ኖሮ አንቺ በሰራሽው ስራ,MultiParaDetox,MultiParaDetox,,True
am,Amharic,አጭሰህ ነው የፃፍከው ??ሰው በላ አውሬዎች ደሞ,ምን ሆነህ  ነው ይህን የፃፍከው ?,MultiParaDetox,MultiParaDetox,,True
am,Amharic,አፈር ብይ አሮጊት አንቺ አሁን አምሮብሽ ነው እምታቀሳስሪው ባለጌ ካሃዲ የነዚህ እንባ ይፋረዳችሁ አቺም ብስብስ አሮጊ በዚህ እድሜሽ ወደ ቤተክርስትያን እንጂ,ከአንቺ ይኸ አይጠበቅም ነበር ፤ የነዚህ እንባ ይፋረዳችሁ ፤ አንቺም በዚህ እድሜሽ ወደ ቤተክርስትያን እንጂ,MultiParaDetox,MultiParaDetox,,True
am,Amharic,ኡዝቤኪስታን እና ታጃኪስታን የሉበትም። ጉራ ብቻ። ምርኮኛ,ኡዝቤኪስታን እና ታጃኪስታን የሉበትም። ምንድነው ብዙ ብዙ ማውራት,MultiParaDetox,MultiParaDetox,,True
am,Amharic,ኢትዮጵያ የምታሳዝነኝ እንደ አንተ አይነት ደነዝ መግለጫ ሲሰጥ አንተ ድዳም,ኢትዮጵያ የምታሳዝነኝ እንደ አንተ አይነት ሰው  መግለጫ ሲሰጥ,MultiParaDetox,MultiParaDetox,,True
am,Amharic,ኢትዮጵያን ሶሪያ የሚያደርጋት የአብይ አድሎኛ እና ሴረኛ አገዛዝ እንጅ አሜሪካ ያላት አቋም አይደለም።,ኢትዮጵያን ሶሪያ የሚያደርጋት የመንግስት አገዛዝ እንጅ አሜሪካ ያላት አቋም አይደለም።,MultiParaDetox,MultiParaDetox,,True
am,Amharic,ኢትዮጵያዊ መልክ ይዞ የአገሩን መፍረስ የሚመኝ ስይጣን ማለት ይህ ነው። ማፈሪያ,ኢትዮጵያዊ መልክ ይዞ የአገሩን መፍረስ የሚመኝ ኢትዮጵያዊ ነው ለማለት ይከብዳል። አሳዛኝ,MultiParaDetox,MultiParaDetox,,True
am,Amharic,ኣንተ ተላላኪ ዉሸታም ሁሉም ነገር ለዓለም ገና እናሳዉቃለን ዉሸታም ከሃዲ,አንተ የሰራሀውን ሁሉም ነገር ለዓለም ገና እናሳዉቃለን,MultiParaDetox,MultiParaDetox,,True
am,Amharic,ኣንቺ ሰው በላ አውሬ ነሽ ረጅም ግዜም ኣትራመጅም,አንቺ ጥሩ ሰው አይደለሽም፤ ረጅም መንገድ  የምትሄጂ አይመስልም,MultiParaDetox,MultiParaDetox,,True
am,Amharic,ኣየ ኣንተ ደደብ ሽንታም አገር መቐጠል የሚጭለው በፍቅር ዕንጂ በመፎከር ህፃናት በምግደል ሰለማውያን ኣዛውንት በኣየር በመደብደብ ኣይደለም። ካኣሁን,አየህ አገር መቀጠል የሚችለው በፍቅር ዕንጂ በመፎከር ህፃናት እና ሰለማውያን ኣዛውንት ላይ ጥቃት በመፈፀም አይደለም,MultiParaDetox,MultiParaDetox,,True
am,Amharic,ኤጭ ዘረኛ ሆንክ አንተም ግን አልታወቀህም መሰለኝ,አንተም ወገንተኛ ሆንክ መሰለኝ ግን አልታወቀህም መሰለኝ,MultiParaDetox,MultiParaDetox,,True
am,Amharic,እሚያናድደኝ እየተሰራበትን ያለውን ሴራ አለማወቁ ነው። ፍትህ_ለ_ዞላ ??,እሚያናድደኝ እየተሰራበትን ያለውን ድብቅ ስራ አለማወቁ ነው። ፍትህ_ለ_ዞላ ??,MultiParaDetox,MultiParaDetox,,True
am,Amharic,እረ ባካችሁ በልክ አድርጉት እኛ እናቃጥራለን እነሱ ንቀታቸው አይጣል ነው ጉራ ብቻ,እረ ባካችሁ በልክ አድርጉት እኛ እንለፈልፋለን እነሱ ምንም ትኩተረት ላይሰጡት ፤ ዝም ብሎ ራስን ከፍ ማድረግ ትርጉም የለውም,MultiParaDetox,MultiParaDetox,,True
am,Amharic,እረ እህቶቼ በዙ ሰዎች.?? ይቺ ፉንጋ እንኳን እንደ ወንድሜ እኮ ነው የማይህ ትበለኝ ??,እረ እህቶቼ በዙ ሰዎች.?? ይቺም እንደ ወንድሜ እኮ ነው የማይህ ትበለኝ ??,MultiParaDetox,MultiParaDetox,,True
am,Amharic,እረ ያገሬ ፊደል ያልቆጠረ ባለገር ይግደለኝ ተምረናል ሚሉት በቃ ምርጥ ጅል ሄነው,ከተማረው እኮ ፊደል ያልቆጠረው ያገሬ ሰው እየተሻለ ነው,MultiParaDetox,MultiParaDetox,,True
am,Amharic,እረ ጌታቸው እግዚአብሔር በጣም እድል እየሰጠክ ልብህን ምናለ እንደ ፈርሆን ባታደነድነው??እስከ ዛሬ ለፈፀማችሁት በደል ጭፍጨፋ ሁሉ እግዚአብሔር ማሀሪ ይቅር ባይ ነ,እረ ጌታቸው እግዚአብሔር በጣም እድል እየሰጠክ ልብህን ምናለ ባታደነድነው??እስከ ዛሬ ለፈፀማችሁት በደል መሀሪው እግዚአብሄርን በንስሀ ብትጠይቁ,MultiParaDetox,MultiParaDetox,,True
am,Amharic,እራሱ ዛሬ ጠዋት ያየናትን ቀምሶ እንደማያወራ በምን እርግጠኛ መሆን ይቻላል???,የተለመደውን ነገር ቀምሶ እንደማያወራ በምን እርግጠኛ መሆን ይቻላል???,MultiParaDetox,MultiParaDetox,,True
am,Amharic,እርስዎ እና ዘረኛ መሪዎ በዝግታ እና በህመም ይሞታሉ,እርስዎ እና ከፋፋይ መሪዎ ብዙም ድምፅ ሳይሰማ ይሸኛሉ,MultiParaDetox,MultiParaDetox,,True
am,Amharic,እርግጠኛ ነኝ ክሊፑን ያየ ያለቅሳል ያዝናል:: ታዲያ ኢትዮጲያውያንን እንዲህ እንደ እስስት የሚያለዋውጠንንና በተመሳሳይ ሰዓት በእ/ብሔርም በሰይጣንም የምናምን ፍጡር,እርግጠኛ ነኝ ክሊፑን ያየ ያለቅሳል ያዝናል:: ታዲያ ኢትዮጲያውያንን እንዲህ እንድንለዋወጥ የሚያደርገንና በተመሳሳይ ሰአት የእ/ብሄርም ፣ የእ/ብሄር ያልሆነውም የምናምን እስኪመስል,MultiParaDetox,MultiParaDetox,,True
am,Amharic,እሱን የፈጠረች ያልታደለች እናት አረመኔ ሰው ትፍጠር ??,ልበ ደንዳና የሆነ ሰው የእሱ ወላጅ መሆንም ያሳዝናል,MultiParaDetox,MultiParaDetox,,True
am,Amharic,እሱን ያ አብይ ተይቀው ዝም ብለህ አትዘባርቅ ። አንተ እስኪ ተዋጋ ከዛ ሌላውን ቦቅቧቃ ትላለህ,እሱን የሚመለከታቸውን መጠየቅ ይቻላል፤ በግምት ግን አትናገር፡፡ መጀመሪያ አንተ ታገል እና ሌላው ኋላ ይደርሳል፡፡,MultiParaDetox,MultiParaDetox,,True
am,Amharic,እስክንድር ነፃነትን ፈለገ እንጅ ስልጣንን መቼ ፈለገ። ማፈሪያ ይሄ እንኳን የማይገባው ስንት የስልጣን ጥማተኛ ሲንቀዠቀዥ እያየን ነው።,እስክንድር ነፃነትን ፈለገ እንጅ ስልጣንን መቼ ፈለገ። ይሄ እንኳን የማይገባው ስንት ስልጣን የሚፈልግ አለ,MultiParaDetox,MultiParaDetox,,True
am,Amharic,እሾህ እንዳንተ መርዘኛ ሰው አይቼ አላውቅም። ለምን አትተወንም ግን? የገረፉህ፣ ያሰሩህ፣ ያንገላቱህ ወያኔዎች አልነበሩም? እነሱ ሲደመሰሱ ብትችል ድንጋይ ባቀበልክ። ለ,እንዳንተ ልክ ያልሆነ ሰው አይቼ አላውቅም። ለምን አትተወንም ግን? ተጽኖ ሲያደርሱብህ የነበሩ ሰዎች አሁን የሉም ? እነሱ ከስልጣን ሲነሱ ብትችል ድንጋይ ባቀበልክ።,MultiParaDetox,MultiParaDetox,,True
am,Amharic,እቤተ መንግሥት ሲመለሱ ከባለ ቤትዋ ጋር አንደ ፎቶ ተነሱ ና ጠላት ደሰ አይበለውና ለአውሪው የምግብት።,ከቤተመንግስት ከባለ ቤትዎ ጋር አንድ ፎቶ ተነስተው ቢታይ,MultiParaDetox,MultiParaDetox,,True
am,Amharic,እነደግም ሰው መስለከኝ ለካ ሳር የሚበላ የሰው እሰሳ ነክ ካድሬ ጠላሁ,ጥሩ ሰው ትመስለኝ ነበረ ፤ ለመንግስት ሹም ጥሩ አመለካከት ላይኖረኝ ነው,MultiParaDetox,MultiParaDetox,,True
am,Amharic,እና አሜሪካ የኝ ዜጋ ናት ወይም ነበርች ገናለገና በ ዶላር ሲከፈልህ አሜሪካ ዘመድህ መሰለችህ,እና አሜሪካ የኝ ዜጋ ናት ወይም ነበርች ፤ ክፍያ በዶላር ስለተፈጸመልህ አሜሪካን በዚህ ደረጃ ማቅረብ,MultiParaDetox,MultiParaDetox,,True
am,Amharic,እናትህ አንተ ጋድሚያ ተነስ ልትበቅል ነው እንዴ ስትል እንደመስማት Blessing የለም ??,እናትህ አንተ ተነስ እንጂ  ልትበቅል ነው እንዴ ስትል እንደመስማት Blessing የለም ??,MultiParaDetox,MultiParaDetox,,True
am,Amharic,እናንተ አይደላችሁም እንዴ እዚህ የደረሳችሁን ። አረ እፈር ዮሆንክ እስስት,እናንተ ናችሁ እዚህ ያደረሳችሁን ፡ በዚህ ልትኮራ አይገባም,MultiParaDetox,MultiParaDetox,,True
am,Amharic,እኔ ቀልድ ያልኩት እነ ጃዋር ዋና አስጨፍጫፊዎች ሆነዉ የሰብዓዊነት ተቆርቋሪ መስለዉ መታየታቸዉን ነዉ እንጂ ትግራይ,እኔ ተገቢ አይደለም ያልኩት እነርሱ ከነበራቸው ተሳትፎ አንፃር አሁን የሰብኣዊነት ተቆርቆሪ ሆነው መቅረባቸውን ነው,MultiParaDetox,MultiParaDetox,,True
am,Amharic,እኔ አልተረዳሁም ምንድነው የምትቀባጥረው? ማን አንተን የብዙሀኑ ህዝብ ተወካይ አደረገህ? ወሬኛ ብሄርተኛ በቃ ዘራፍ ለማለት ትንቀዠቀዣላችሁ.,እኔ አልተረዳሁም ምንድነው እያልክ ያለኸው? ማን አንተን የብዙሀኑ ህዝብ ተወካይ አደረገህ? በቃ ዘራፍ ለማለት ትቸኩላላችሁ.,MultiParaDetox,MultiParaDetox,,True
am,Amharic,እኔ እምልክ ዱክትርናህን በመሀይምነት ነው ኣ የተቀበልከው ስላንተ ቦለቲካ ሳይሆን የእናቱን ጡት መጥባት ስላልቻለው,ትምህርትህ የአመለካከት ብስለትህ ማሳያ ሊሆን ይገባዋል,MultiParaDetox,MultiParaDetox,,True
am,Amharic,እኔ እያሰብኩ ያለሁት እንደ መንጌ ሽሉክ ብለህ እንዳታመልጥብን ብቻ ነው::,አንዳንድ ጊዜ እንደመንጌ ድንገት ተነስተህ ልትሄድ እንደምትችል አስባለሁ,MultiParaDetox,MultiParaDetox,,True
am,Amharic,እኔም አላስጨፈጨፈንም አላልኩም.ነገር ግን አንተ ፍሪኩን እንዳቆለጳጰስከው መልአክ አላረኩትም.ቢያቅርህም ዋጠው የመቀሌው,እኔም ችግር አልፈጠረም አላልኩም .ነገር ግን ያንውን አንተ እንዳሞገስከው አላረኩትም.ባይዋጥልህም ይኸው ነው,MultiParaDetox,MultiParaDetox,,True
am,Amharic,እኔን ጨምሮ ሰዉ ሽመልስን ማየት አይፈልግም ግን ለዓይናችን የበዛው እሱ ነው,እኔን ጨምሮ ሰዉ ሽመልስን ማየት አይፈልግም ግን በብዛት የሚታየው ደግሞ እሱ ነው,MultiParaDetox,MultiParaDetox,,True
am,Amharic,እንስሳ ልልህ ፈልጌ በጣም ጠቃሚ እንስሳት አሉ እና ስሙ ይበዛብሃል።ቆሻሻም ልልህ ነበር ቆሻሻም ሪሳይክል ተደርጎ ለመልካም ይውላል።በቃ ህሊና ቢስ የሆንክ ሰይጣን በ,ልሰድብህ ፈልጌ በጣም ጠቃሚ ስድብ አጣሁ  እና ሁሉም ይበዛብሃል።።በቃ ህሊና ቢስ  አትሁን,MultiParaDetox,MultiParaDetox,,True
am,Amharic,እንደ አንተ አይነቱን ከሀዲ ገጠመው ምን ያድርግ ብለህ ነው,አንተ በቃል ካልተገኘህ እሱ ምን ያድርግ ብለህ ነው,MultiParaDetox,MultiParaDetox,,True
am,Amharic,እንደ አንተ አይነቶች ናቸዉ ሀገራችንን እያመሱ ያሉት ደንቆሮች መሀይሞች ጭንቅላታቸው የተመረዘ የጠበበ አንተ ስለሀገር,እናንተ ናችሁ ሀገራችንን እንዲህ ችግር ላይ የምትጥሏት ፤ አርቃችሁ አታስቡ፣ በጎውን ሀሳብ አታመጡ,MultiParaDetox,MultiParaDetox,,True
am,Amharic,እንደ አንቺ አይነት ገልቱ አያሳጣን። Stup d ላለምሰል ከፈለግሽ ግራ ገብቶሽ ግራ የማጋባት ሥራ አቁሚ።,እንደ አንቺ አይነት ሰው አያሳጣን። ጥሩ ሰው ከሆንሽ ያልገባሽ ነገር ውስጥ አትግቢ ይቅርብሽ።,MultiParaDetox,MultiParaDetox,,True
am,Amharic,እንደውም ፓለቲካ ውስጥ ምን ትስራላችሁም ተብለናል ጠንክረን መማርና መስራት ይጠበቅብናል ለቅሶን ለለቅስኖች መተው አለብን  ሃሃሃ,ፓለቲካ ውስጥ ምንም አትሰሩም ተብለናል፡፡ጠንክረን መማርና መስራት ይጠበቅብናል ሌላውን ለሚመለከተው በመተው,MultiParaDetox,MultiParaDetox,,True
am,Amharic,እንዳንተ ለሆዱ አድሮ ኢትዮጵያን ለውጭ የሚዲያ ሀብታም የሚሸ ጥንብ የለም ጥንብ ብቻ።,እንዳንተ ራስወዳድ በመሆን የኢትዮጵያን ጉዳይ ለውጭ የሚዲያ ሀብታም አሳልፎ የሚሰጥ ሰው የለም,MultiParaDetox,MultiParaDetox,,True
am,Amharic,እንዳንተ አይነቱ ደደብ ቢያጠፋም ባያጠፋም በቀን አንዴ መመከር እበት,ለአንተ  በቀን አንዴ ምክር መስጠት ሳያስፈልግ አይቀርም,MultiParaDetox,MultiParaDetox,,True
am,Amharic,እውነት ካለህ እኮ ምንም ኣግዙኝ እርዱኝ ማለት አያስፈልግም:: እዉነት ራሱ ይመሰክራል እና ነው:: ለእንዳንተ ዉሸት ቀለቡ ግን ዕዉነትም ሲነግሩት ኣይዋጥለጥም,እውነት ካለህ እኮ ምንም ሌላ ተጨማሪ እርዳታ መጠየቅ አያስፈልግም:: እዉነት ራሱ ይመሰክራል እና ነው:: በእውነት የማታምን ከሆነ ግን እውነትም ቢነግሩህ ላይዋጥልህ ይችላል፡፡,MultiParaDetox,MultiParaDetox,,True
am,Amharic,እውነት ጋዜጠኛ ብትሆን መሳሪያ ለጥፋ ለምን እንደዛተች ትጠይቅ ነበር ይቅርታ ለምን እንዳልጠየቀች ትጠይቅ ነበር,እውነት ጋዜጠኛ ብትሆን ለምን እንደዛተች ና ለደረገችው ነገር ይቅርታ ለምን እንዳልጠየቀች ትጠይቅ ነበር,MultiParaDetox,MultiParaDetox,,True
am,Amharic,እዚያው እየተላላክ ዳቦህን ብላ። ምነው ሠፊ ነው ካልክ ሀገር ቤት ሂደህ የወትሮ ሥራህን አልሰራህ ታዲያ?,እዚያው ሆነህ ኑሮህን መቀጠል ይቻላል። ሠፊ ነው ካልክ ደግሞ ሀገር ቤት ሂደህ የወትሮ ሥራህን መስራት,MultiParaDetox,MultiParaDetox,,True
am,Amharic,እየህ አንተ የፕሮፖጋንዳ ሰለባ ነህ የፕሮፖጋንዳ ሰለባ ለመሆን ደሞ እንዳንተ ደደብ እና ደንቆሮ መሆን ብቻ ነው ሚጠበቅብህ ለማንኛውም ጀግኖ,አንተ ባለማስተዋልህ የፕሮፓጋንዳ መጠቀሚያ ሆነሀል፡፡,MultiParaDetox,MultiParaDetox,,True
am,Amharic,እዩት እሄን ጅል.አሁን በዚህ ሰአት ማምለክ ይሻላል ወይስ ስሙ ይቀየርልኝ ብሎ ማላዘን ??,እዩት እሄን ሰው.አሁን በዚህ ሰአት መቀበል ይሻላል ወይስ ስሙ ይቀየርልኝ ብሎ መጮህ ??,MultiParaDetox,MultiParaDetox,,True
am,Amharic,እያንዳንዱ የጦቢያ አምባሳደር ሚስቱ ልጆቹ የስጋ ዘመዶቹ ይዞ ወደ ቲዊተር ጦር ግንባር እንዲዘምት ቢደረግም የዲፕሎማሲ ድል ከየት ይገኝ:: እሪሪሪሪሪሪ ደመቀ መኮንን እሪሪሪሪሪሪ አብይ አህመድ,እያንዳንዱ የጦቢያ አምባሳደር ሚስቱ ልጆቹ የስጋ ዘመዶቹ ይዞ ቲዊት እንዲይደርግ ቢደረግም የዲፕሎማሲ ችግር መፍታት አልተቻለም,MultiParaDetox,MultiParaDetox,,True
am,Amharic,ከሀዲ ሌባ የእናት ጡት ነካሽ ዘረኛ የአንተ ድረጅት የጨፈጨው ሳይታይህ አሁን እሪ ትላለህ አምላክ የእጅህን ይሰጠሀል።ኢትዮጲያ እንደ አንተ አይነቱን ርኩስ አትፈልግም,የአንተ ድረጅት የፈጠረዉ ችግር ሳይታይህ ቀርቶ ነው አሁን እንዲህ የምትለው፡ አምላክ ፍርዱን ይስጥ,MultiParaDetox,MultiParaDetox,,True
am,Amharic,ከህዝቡ ጀርባ ሆነህ እንደ ውሻ ከምትጮህ እንደ ጀግናው መከላከያ ዘራዊት ፊት አውራር ሆነህ ለምን አትፋለምም ደነስ ሁላ,ከኋላ ሆነህ ሀሳብ ብቻ ከምትሰጥ ከመከላከያ ሰራዊት ጎን መሰለፍና ማገዝ ይቻላል,MultiParaDetox,MultiParaDetox,,True
am,Amharic,ከተወሰኑ ዓመታት በፊት ጨካኝ ተች ነበርኩ ምክንያታዊም አልነበርኩም ከዚያ የመንግስት ሰራተኛ ሆንኩ አገሪቱን ዞሬ አየሁ ማህበረሰቡን ቀርቤ አደመጥኩ ችግራችን ቀላ,ከተወሰኑ ዓመታት በፊት ብርቱ ተች ነበርኩ ምክንያታዊም አልነበርኩም ከዚያ የመንግስት ሰራተኛ ሆንኩ አገሪቱን ዞሬ አየሁ ማህበረሰቡን ቀርቤ አደመጥኩ,MultiParaDetox,MultiParaDetox,,True
am,Amharic,ከቲክ ጋር ወሲብ መፈጸም እፈልጋለሁ ፡፡ እኔ ለትንሽ ጊዜ ከቲክ ጋር ወሲባዊ ግንኙነት ማድረግ ፈልጌ ነበር እናም ለዓለም የምናገርበት ጊዜ ደርሷል ፡፡ የእሱ ጠባብ ት,ከቲክ ጋር የፍቅር ግንኙንት እንዲኖራኝ  እፈልጋለሁ ፡፡ እኔ ለትንሽ ጊዜ ከቲክ ጋርየፍቅር ግንኙንት እንዲኖራኝ ማድረግ ፈልጌ ነበር እናም ለዓለም የምናገርበት ጊዜ ደርሷል ፡፡,MultiParaDetox,MultiParaDetox,,True
am,Amharic,ከታላቅ ወንድሜ ጆ ባይደን እንዲሁም ከእህቴ ካሚላ ኣሪስ ውጤታማ የስልክ ውይይት ኣድርገናል።ባካየድነው ህግ የማስከበር ሂደት ድጋፋቸው ችረውናል ይል ይሆናል እኮ ያቱልቱላ መሽረፈት።,ከታላቅ ወንድሜ ጆ ባይደን እንዲሁም ከእህቴ ካሚላ ኣሪስ ውጤታማ የስልክ ውይይት ኣድርገናል።ባካሄድነው ህግ የማስከበር ሂደት ድጋፋቸው ችረውናል ይል ይሆናል እኮ ያ ሰውዬ,MultiParaDetox,MultiParaDetox,,True
am,Amharic,ከነዚህ አውሬዎች ጋር የሚኖር አንድነት የለም:: እጣፈንታችን በእጃችን ነው::,ከነዚህ ሰዎች  ጋር የሚኖር አንድነት የለም:: እጣፈንታችን በእጃችን ነው::,MultiParaDetox,MultiParaDetox,,True
am,Amharic,ከናንተ እንካን ጥሩ አንጠብቅም ግን ሰው ከሆንክ ትንሽ ሰብኣዊነት ካለህ ድምጽ እንካን ባትሆነን አፍህ,ካንተ ብዙ ባልጠብቅም ቢያንስ በሰብአዊነት ድምፅ እንኳን መሆን ባትችል ተቃውሞ አያስፈልግም,MultiParaDetox,MultiParaDetox,,True
am,Amharic,ከዋነኞቹ የትግሬ ነቀዝ ፋሺስቶች አንዱ የሆነው ጄኔራል አብርሃ ወልደማርያም ሞቷል ይህ የትግራይ አውሬ መጠን የለሽ ገንዘብ ቢያካብትም በካንሰር ተለክፎ ሲሞት ሰዓረ እና ገዛኢ ከሚባ,ከዋነኞቹ የትግሬ በለስልጣን መሀከል  አንዱ የሆነው ጄኔራል አብርሃ ወልደማርያም ሞቷል ይህ የትግራይ በለስልጣን መጠን የለሽ ገንዘብ ቢያካብትም በካንሰር ተለክፎ ነው የምተው,MultiParaDetox,MultiParaDetox,,True
am,Amharic,ከዚህ ቀደም ወያኔ ኢንተርኔት ዘግቷል ብለው እሪ ይሉ የነበሩ ቅራቅንቦዎች አሁን ከሀገር አይበልጥም ጥርቅም ይበል። ይሉናል።,ከዚህ ቀደም  ኢንተርኔት በመዘጋቱ የተከፉ ሰዎች  አሁን ከሀገር አይበልጥም ይሉናል።,MultiParaDetox,MultiParaDetox,,True
am,Amharic,ኪኪኪኪኪ አፈር ብሉ እድሜ ልካቹ የሰው ልጅ ሃዘን ደስታ የምትፈጥሩ እርር በል አንተ ወደል አህያ,እድሜ ልካቹ የሰው ልጅ ሃዘን ደስታ የምትፈጥሩ,MultiParaDetox,MultiParaDetox,,True
am,Amharic,ክቡር ጠ/ሚ የአማራን ፋኖና የአማራ ሚሊሻን እንዲሁም የልዩ ሀይሉን ውለታ ወዴት ጥለኸው ነው ?,ክቡር ጠ/ሚ የአማራን ፋኖና የአማራ ሚሊሻን እንዲሁም የልዩ ሀይሉን ውለታ እንዴት ልትመልሰው ነው ?,MultiParaDetox,MultiParaDetox,,True
am,Amharic,ክፉ ሰው ቤተሰብን የሚያፈርስ ሰይጣን ብቻ ነው።,ቤተሰብን የሚያፈርስ ጥሩ ያልሆነ ሰው ብቻ ነው።,MultiParaDetox,MultiParaDetox,,True
am,Amharic,ኮሽ? ምን ዓይነት ርካሽ ስብዕና ነው ያለህ? የኔ ወንድም እህት ጭፍጨፋ . የእናቶቼ ለቅሶ ላንተ ከሆነ ኮሽ . ደህና ቀንህን ጠ,ኮሽ? እንዴት ነው ነገሩን የምታቀለው አንተ ፡ ወንድመና እህቶቻችን በሞት እያጣን እናቶቻችን እያለቀሱ እኮ ነው !,MultiParaDetox,MultiParaDetox,,True
am,Amharic,ኮተታም አሁን አተ ሰዉ ነህ ጭቅላትህ ሆድህ ነዉ ኤርሚያስን ለመተቸት ሞራል የለህም የአበበ ገላዉ የዉሸት ማስረጃ ማን ይሰማዋል,አንተ ራስ ወዳድ ነህ፤ ኤርምያስን የሚያስተችህ ነገር የለም፤ የአበበ ገላው ያልተረጋገጠ ማስረጃ መን ይቀበለዋል,MultiParaDetox,MultiParaDetox,,True
am,Amharic,ወንድ የሆነማ ቆሞ ይሸናል። ደግሞ ለሰነፍ ቆሞ ሊሸና ያምረዋል እንዴ? ያው እንደ ለመደው ቁጭ ብሎ ይሽና እንጂ። ወሬ አያብዛ ጀግንነት በስራ እንጂ መች በቀረርቶ በፉከራ ሆነና።,ጀግንነት በስራ ይገለጻል እንጂ በወሬ ሊሆን አይችልም ፡፡,MultiParaDetox,MultiParaDetox,,True
am,Amharic,ወንድ የሴት ምንትስ እና ጡት ብቻ ነው የሚያየው ብለሽ ደመደምሽው በቃ? ነገ ደሞ ወንዶች የውጭ እንጂ የውስጥ ውበት አያዩም ብለሽ ለቅሶ ደቅ ትያለሽ,አንድ ጊዜ ወንድ የሴት ምንትስ እና ጡት ብቻ ነው የሚያየው ትያለሽ ሌላ ጊዜ ደሞ ወንዶች የውጭ እንጂ የውስጥ ውበት አያዩም ትያለሽ,MultiParaDetox,MultiParaDetox,,True
am,Amharic,ወንጀል አሰራር እንደ ምግብ ስራ አይደል እንዴ አቀላጥፈህ ምታሰተምር,በህግ የተከለከለንም ነገር  እንደ ምግብ ስራ ቀለል አርገህ ነው እኮ የምታስተምረው,MultiParaDetox,MultiParaDetox,,True
am,Amharic,የHighschool ዳይሬክተራችንን ሚስቱ 12 ሲሆን ከጨብሲ ቤት እንዴት እያብጠለጠለች ትወስደው እንደነበረ አይረሳኝም ??,የHighschool ዳይሬክተራችንን ብዙ ሚስቶች የበበሩት  ሲሆን አንዷ ከመዝናኛ ቤት እንዴት እያብጠለጠለች ትወስደው እንደነበረ አይረሳኝም ??,MultiParaDetox,MultiParaDetox,,True
am,Amharic,የሄ ተረት ተረት ለማያውቅ ጅል ሄደህ ንገረው የኢትዮጵያ ፖለቲክስ በደምብ ኣውቀዋለው:: ያልኩህን ብቻ ኣትርሳ::,የሄ ተረት ተረት ለማያውቅ ሰው ሄደህ ንገረው የኢትዮጵያ ፖለቲክስ በደምብ ኣውቀዋለው:: ያልኩህን ብቻ ኣትርሳ::,MultiParaDetox,MultiParaDetox,,True
am,Amharic,የሆንህ የታሪክ አተላና ገገማ ነህ  በጣም ነው የምታናድደን ኩበት,ነገሮች ቶሎ የሚገቡህ ጥሩ ሰው አደለህም ፤ ታናድዳለህ,MultiParaDetox,MultiParaDetox,,True
am,Amharic,የሚሰድበኝና የሚያዋርደኝ መሪ ናፈቀኝ እያለ ይመስላል ፖርቱጋላዊው ዴኮ,በክፉ የሚናገረኝ እና ክብር የማይሰጠኝ መሪ ናፈቀኝ እያለ ይመስላል ፖርቱጋላዊው ዴኮ,MultiParaDetox,MultiParaDetox,,True
am,Amharic,የሚያሳዝነው እናንተ በሰለጠነው አለም የምትኖሩ ደንቆሮዎች ይሄንን ሰው ሲበላ ፎቶ አንስታችሁ መለጠፋችሁ ነው:: ቢበላስ የትግራይን ባህ,የሚያሳዝነው እናንተ በሰለጠነው አለም የምትኖሩ ሰዎች ይሄንን ሰው እንዲህ ሲያደርግ ፎቶ አንስታችሁ መለጠፋችሁ ነው::,MultiParaDetox,MultiParaDetox,,True
am,Amharic,የራሷ እያረረ የሰው ታማስላለች ለመሆኑ በየትኛው ሙራልህ ለ ቻይና happy የሚል መልዕክት ማስተላለፍ የፈለከው ?,ከእኛ ነባራዊ ሁንታ ጋር የማይጣጣምን ነገር፤ ለ ቻይና happy የሚል መልዕክት ለምን ማስተላለፍ እንደፈለክ አልገባኝም,MultiParaDetox,MultiParaDetox,,True
am,Amharic,የሰይጣን ሁሉ ሰይጣን፣ የኢትዮጵያ ትልቁ ነቀርሳ በመጨረሻ ታነቃለ።????,የኢትዮጵያ ትልቁ ችግር በመጨረሻ ተቀረፈ።????,MultiParaDetox,MultiParaDetox,,True
am,Amharic,የቀን ጅብስ አንደ አንቺ አይነቶቹ ናቸው፣ ስው የሚይርዱት ፣ ስው የሚያቃጥሉት እና የሚጭፍሩት መደመር እና መቀነስ ተማሪ ቡዳ,የመልካም አስትደደር ችግር ያለባቸው እንደ አንቺ አይነቶቹ ናቸው፣ ለሰው አዘኒታ የሌላቸው,MultiParaDetox,MultiParaDetox,,True
am,Amharic,የቱ ነው ቀላል ከሱዳን ማምጣት ወይንስ አገር ቤት ያለውን electricity network bank etc መክፈት ይሄ ደንቆሮ የትግራይ ህዝብ እደ ሌሎቹ መስሎት ነው,የቱ ነው ቀላል ከሱዳን ማምጣት ወይንስ አገር ቤት ያለውን electricity network bank etc መክፈት ፤ የትግራይ ህዝብ ይህን ይረዳል፡፡,MultiParaDetox,MultiParaDetox,,True
am,Amharic,የት ሆነሽ ነው ግን እንደዚህ ምትፎክሪው? እንደወንዶቹ በረሃ ገብተሽ ቢሆን ይህን የምትዪው አንቺ ባለ አላማ ነሽ የምትይዉን ሁሉ አምንሻለው,ይህን የምትይው የት ሆነሽ ነው ?  ይህን የምትዪው ከበረሀው ከሆነ ባለ አላማ መሆንሽን አምንሻለሁ፡፡,MultiParaDetox,MultiParaDetox,,True
am,Amharic,የት ነው ያለው አሁን ይሄ የውሻ ልጅ? ልጆች ሚስትስ አለው ወይ?,የት ነው ያለው አሁን ይሄ ሰው? ቤተሰብስ አለው?,MultiParaDetox,MultiParaDetox,,True
am,Amharic,የት አባቱ ይደርሳል ይሄ የድንጋይ ዘመን ፋራ:: ብሎክ በማድረግ ማሳፈር ነው:: መልስ አያስፈልግም,የትም አይደርስም ፣ ነገር ቶሎ የማይገባው ብሎክ ማድረግ እንጂ መልስ መስጠት አያስፈልግም,MultiParaDetox,MultiParaDetox,,True
am,Amharic,የነሱ ነገር ከባድ ነው እጃቸው እግራቸው እረዝም ነው እሱ ድሮም የነሱው ነበር አሁንም የነሱ ነው ስለዚህ ኢትዮጵያበከሀድነት ልትፈርጀው ይገባል አስመሳይ ሰ,የነሱ እጃቸውም እግራቸውም እረጅም ነው እሱ ድሮም አሁንም የነሱ ነው ፤ ኢትዮጵያ እሱን ለሀገሩ ታማኝ ባለመሆን ልትጠይቀው ትችላለች፡፡,MultiParaDetox,MultiParaDetox,,True
am,Amharic,የኔ ብቻ የተዘጋ መስሎኝ ሁላችንንም ነው እንዴ የሞከረን አብሽሮ ሌላ አካውንት በርግደን እንቃወመዋለን የዲቃላልጅሞኝክንፈልግ,የኔ ብቻ የተዘጋ መስሎኝ ሁላችንንም ነው እንዴ የተዘጋው አብሽሮ ሌላ አካውንት ከፍተን እንተቀማለን,MultiParaDetox,MultiParaDetox,,True
am,Amharic,የኔ ደንቆሮ ሁለት ሳምንት ሆቴል ውስጥ ሳይሆን ጉድጓድ እና ጫካ ውስጥ ነወ የነበሩት እንኳን ልብሳቸው እነሱም ሊቀደዱ ይችላሉ,ሁለት ሳምንት ሆቴል ውስጥ ሳይሆን ጉድጓድ እና ጫካ ውስጥ ነው የነበሩት እንኳን ልብሳቸው እነሱም ሊጎዱ ይችላሉ,MultiParaDetox,MultiParaDetox,,True
am,Amharic,የአለም ጤና ድርጅት ዳይሬክተር ስለ ጎጠኝነት ሴራ እያሤርህ በመሆኑ በጣም አፍረንብሃል።,የአለም ጤና ድርጅት ዳይሬክተር በሰራሀው ስራ ደስተኛ አይደለንም,MultiParaDetox,MultiParaDetox,,True
am,Amharic,የአገር ሉዐላዊነት የሚያስጋህ አትመስልም? አስመሳይ,የአገር ሉዐላዊነት የሚያስጋህ አትመስልም?,MultiParaDetox,MultiParaDetox,,True
am,Amharic,የኢትዮጲያን ስደተኞች በስር እየተሰቃዩ በሳውድ እናተ ግን ደልቷችሁ ሽርርር ትላላችሁ ይገርማን በመቶ ሺ እሚቆጠር ኢትዮጲያዊያን እርቃናቼውን በብርድ በሙቀት በም,የኢትዮጲያን ስደተኞች በስር እየተሰቃዩ በሳውድ በመቶ ሺ እሚቆጠር ኢትዮጲያዊያን እየተጉዱ እናንተ ግን በሳውድ ይህን በማያሳይ ሆኔታ ነው የታያችሁት፡፡,MultiParaDetox,MultiParaDetox,,True
am,Amharic,የኢትዮጵያ ሕዝብ ማወቅ ያለበት ታላቅ ሴራ ሀገር ወዳዱንና ባለ integrity ጄ/ል ሰዓረ መኮንን የገደለውና እንዴትስ ሊገደሉ እንደቻሉ ማወቅ አለበት:: ኢትዮጵያ ሀገሬ ሞ,የኢትዮጵያ ሕዝብ ማወቅ ያለበት ትልቅ ጉዳይ ሀገር ወዳዱንና ባለ integrity ጄ/ል ሰዓረ መኮንን የገደለውና እንዴትስ ሊገደሉ እንደቻሉ ማወቅ አለበት:: ኢትዮጵያ ሀገሬ ሞ,MultiParaDetox,MultiParaDetox,,True
am,Amharic,የኦሮሞ መብት እንዲነካ ማንም አይፈልግምና የኢትዮጵያ ህዝብ በሙሉ ኦነግ ይሆናል,የኦሮሞ መብት እንዲነካ ማንም አይፈልግም  ፤ የኢትዮጵያ ህዝብ በሙሉ ግን ሌላ ማንነት ሊሰጠው አይገባም ፡፡,MultiParaDetox,MultiParaDetox,,True
am,Amharic,የውጭ ካመንግ አለጀዚራ እውነቱ ዘግቦዋል እየው አንተ ምትፈልገው የተጋሩ ሬሳ ቆጣሪ ከሆነ አይሆንህም አትየው ምክንያቱም አልጀዚራ ያሉት ጦርነት የተካሄደበት ሃገር እራሱ አይመስልም ነው ያሉት,አለጀዚራ እውነቱ ዘግቦዋል እየው አንተ ምትፈልገው አለውቅም፡  ከልሆነም  አትየው ምክንያቱም አልጀዚራ ያሉት ጦርነት የተካሄደበት ሃገር እራሱ አይመስልም ነው ያሉት,MultiParaDetox,MultiParaDetox,,True
am,Amharic,የዚህ ሰውዬ የጅልነት ደረጃ በየጊዜው እያደገ ነው፣ እሱም በርትቶ እየሰራበት ነው፣ ቀጥል ቀጥል። ሚኪ ማይኮ ቢሰራው አይገርመኝም ነበር በዚህ እድሜው ይጃጃጃላል እንዴ።,የእርሱ ብስለት ከጊዜ ወደ ጊዜ ከእድሜው ጋር እንደሚጠበቀው አብሮ የሚሄድ እየሆነልኝ አይደለም፡፡,MultiParaDetox,MultiParaDetox,,True
am,Amharic,የዚህ ስውዬ ችግር እኮ ሁለመናው በውሽት የተገነባ ስብእና ያለው መሆኑ ነው አንድም የሚለው ነገር አይታመንም ውሽት እንደ ፖለቲካ መሳሪያ ይጠቀማል,የዚህ ሰውዬ ችግር እኮ አብዝቶ ከእውነት የራቀ ነገር መናገሩ ነው ፤ የሚለውን ነገር ሁለ ለማመን ይከብዳል ይኸንንም እንደ ፖለቲካ መሳሪያ ነው የሚጠቀምበት፡፡,MultiParaDetox,MultiParaDetox,,True
am,Amharic,የደርግ ልጅ ደርጋዊነትን ስትሰብክ.ምን ታድርግ? ሕግ የሚባል ነገር እንዳለ ያ አረመኔ አባቷ አላስተማራትማ,የደርግ ልጅ ደርጋዊነትን ስትሰብክ.ምን ታድርግ? ሕግ የሚባል ነገር እንዳለ  አባቷ አላስተማራትማ,MultiParaDetox,MultiParaDetox,,True
am,Amharic,የጀግናው ጄነራል አሳምነው ጽጌ የቀብር ስነ ስርዓት  ጀግና አይሞትም  ሞት በምላሳቸው ለሚደልሉን ባንዳዎች,የጀግናው ጄነራል አሳምነው ጽጌ የቀብር ስነ ስርዓት ጀግና አይሞትም ሞት በአፋቸው ስለሚያወሩት ሰዎች,MultiParaDetox,MultiParaDetox,,True
am,Amharic,የጅል ክርክሩ ውስጥ ኮ ሌላ ስም ፕሮፖስ በማድረግ ራስህን መዶል ብቻ ሳይሆን ዙሩንም አከረርከው - ሰላም ሚንስትር ስታይል conflict resolution,ክርክሩ ውስጥ ኮ ሌላ ስም ፕሮፖስ በማድረግ ራስህን ማስገባት ብቻ ሳይሆን ዙሩንም አከረርከው - ሰላም ሚንስትር ስታይል,MultiParaDetox,MultiParaDetox,,True
am,Amharic,የፍርድ ጊዜ አይደርስ መስሏት ትደነፋች ከፋፈልኩ ብላ ልቧ ዉልቅ ብሏል፤ገመድ አፍ ነገር,የፍርድ ጊዜ አይደርስ መስሏት ትቆጣለች,MultiParaDetox,MultiParaDetox,,True
am,Amharic,ያንን አዲሱ GMO Chicken ነገር ንቀን ትተነው ነበር፤ ምን ዋጋ አለው ባለጌ እጭቤዎች መለዮ ለብሰው እና ታጥቀው ከኋላችን ከች አሉ። Backstabbing fucks,ያንን  ነገር ንቀን ትተነው ነበር፤ ኋላ ላይ ሌሎች ማንነታቸውን ቀያይረው  እና ተደራጅተው መጡ,MultiParaDetox,MultiParaDetox,,True
am,Amharic,ይሄ ሰውየ ምርኮኛ ብቻ ነው ወይ?? በMig - 23 ብዙ ሰላማዊ ሰው ሆን ተብሎ ተደብድቦ ተገለዎል ቆስለዋል . ስለዚ ወንጀለኛም ጭምር የመ,ይሄ ሰውየ ምርኮኛ ብቻ ነው ወይ?? በMig - 23 ብዙ ሰላማዊ ሰው ሆን ተብሎ ጉዳት ደርሶባቸዋል. በዚህ ውስጥ እሱ የለበትም?,MultiParaDetox,MultiParaDetox,,True
am,Amharic,ይሄ ሰውዬ ከዕውቀት ነፃ ነው ጭንቅላት በጥላቻ ተሞላ ሰይጣን ሽንታም ነገር ነው,ይሄ ሰው ተገቢውን ግንዛቤ ያለውና ከወገንተኝነት የራቀ አይደለም,MultiParaDetox,MultiParaDetox,,True
am,Amharic,ይሄ በህዝብ ሲያዝ ፖሊስ ነኝ ፖሊስ ነኝ እያለ ሢለምን የነበረው ሲቪል መስሎ ቦምብ ለመጣል ሢያደባ የታየዘና እውነትም ፖሊስ ሆኖ ተገኝቷል ያውም ዋና ኤኒስፔክተር -,ይሄ በህዝብ ሲያዝ ፖሊስ ነኝ ሲል የነበረ ሌላ ጊዜ ሲቪል መስሎ አደጋ ሊያደርስ ሲንቀሳቀስ ተገኝቶ ፖሊስ ሆኖም ተገኝቷል,MultiParaDetox,MultiParaDetox,,True
am,Amharic,ይሄ ባለጌ ምን ማለቱነው ነጭ ለብሶ መከላከያ ውስጥ የገባው?,ይሄ ሰው ምን ማለቱነው ነጭ ለብሶ መከላከያ ውስጥ የገባው?,MultiParaDetox,MultiParaDetox,,True
am,Amharic,ይሄ የደደብ የተሳዳቢ ቦታ አይደለም ቦታህን ፈልግ:: እኛ ለሚሰማ ለሚጠይቅ ለሚያነብ ብቻ ነው ቦታ ያለን::,እዚህ ቦታ እኛ ስድብን አንቀበልም  :: ማወቅ ያለብህ እኛ ለሚሰማ ለሚጠይቅ ለሚያነብ ብቻ ነው ቦታ ያለን::,MultiParaDetox,MultiParaDetox,,True
am,Amharic,ይሄ ዲቃላ እንዴት ያለ አይነዉጣ ወቶልታል ባካቹ፡ ከነ ግብራበሮችህ ይድፋህ።,ይሄ ሰው እንዴት ያለ ደፋር ሆኗል ባካቹ፡,MultiParaDetox,MultiParaDetox,,True
am,Amharic,ይሄም አንድ ማሳያ ነው አብይ (እስስት) ከትግራይ ህዝብ እና ከንብረቱ በላይ ለታንክ ያለው ፍቅር ከፍተኛ ነው። በተያያዘ ዜና ???? የትግራይ እናቶች ህፃናት እንባ ሲያ,ይሄም አንድ ማሳያ ነው አብይ  ለትግራይ ህዝብ እና ለንብረቱ  ያለው ፍቅር ከፍተኛ ነው። በተያያዘ ዜና ???? የትግራይ እናቶች ህፃናት,MultiParaDetox,MultiParaDetox,,True
am,Amharic,ይሄን ሁላ ነገር በእንግሊዝኛ ስላልተናገረችው እና ሰብሰብ ብለን እንደምንጠላት ማወቄን ስነግራችሁ በደስታ ነው።,ይሄን ሁላ ነገር በእንግሊዝኛ ስላልተናገረችው እና ሰብሰብ ብለን እርሰዋን እንደማንወዳት መረዳቴን ልነግራችሁ እችላለሁ,MultiParaDetox,MultiParaDetox,,True
am,Amharic,ይሄንንም እንዳላረገውና የሙከራ ስርጭት እንዳላካሂድብህ,ይሄንንም ጭምር የሙከራ ስርጭት እናድርግብህ እንዴ,MultiParaDetox,MultiParaDetox,,True
am,Amharic,ይህ ላንተና ለአስመሳይ ካድሬ ብቻ የሚሰራ ፕሮፖጋዳ ነው፡፡,ይህ ላንተና ለዳገፈዎቹ  ብቻ የሚሰራ ወሬ ነው፡፡,MultiParaDetox,MultiParaDetox,,True
am,Amharic,ይህ ሰውየ ማለት ያ አበበ ግላውን ባልዋለበት ሲወነጅል የነበረው ነው አይደል?,እሱ ማለት ያ አበበ ግላውን ባልሰራው ስራ ስሙን ሲጠራ  የነበረው ነው አይደል?,MultiParaDetox,MultiParaDetox,,True
am,Amharic,ይድረስ ለ ዘረኛው ዲቃላ  . መስሎህ እንጅ ነገ ሌላ ቀን ነው ።,ተራጋጋ መስሎህ እንጅ ነገ ሌላ ቀን ነው ።,MultiParaDetox,MultiParaDetox,,True
am,Amharic,ደህና ቤተሰብ ያለው ጉራጌ ጓደኛ አትይዥም . አመዳም የኔ አይነቱ ጋር ከምትዳረቂ,ደህና ቤተሰብ ያለው ጉራጌ ጓደኛ አትይዥም . እንደእኔ አይነቱ ድሀ ጋር ከምትዳረቂ,MultiParaDetox,MultiParaDetox,,True
am,Amharic,ደነዝ። ሁሉም እንደናንተ በገንዘብ የሚገዛ ይመስላችኋል,ሁሉም እናንተ እንደምታስቡት በገንዘብ የሚታለል ይመስላችኋል,MultiParaDetox,MultiParaDetox,,True
am,Amharic,ደንቆሮ በክት የበከትህ ገረድ የስሙኒ ልጅ አንተ ከማንም ጋ ልትከራከር አትችልም ሆድ እስካፉ በክት ስለሆንህ,አንተ ከማንም ጋ ልትከራከር አትችልም ራስ ወዳድ ስለሆንክ,MultiParaDetox,MultiParaDetox,,True
am,Amharic,ደንቆሮ አንተ ገባህ አልገባህ ምን አገባን ለምን ገደል አትገባ,ለአንተ ቢገባህም የሚለወጥ ነገር ያለ አይመስለንም,MultiParaDetox,MultiParaDetox,,True
am,Amharic,ደደብ ነህ አግዚዮ ቅርጽ የታሪክ መሰረት ነው ታሪክ የሌለው ሕዝብ የማንነት ቀውስ ውስጥ ይገባል ልክ አንዳንተ በጥ,ቅርስ የታሪክ መሰረት ነው ታሪክ የሌለው ሕዝብ የማንነት ቀውስ ውስጥ ይገባል ልክ አንዳንተ - ይኸን መረዳት እንዴት ያቅተሀል,MultiParaDetox,MultiParaDetox,,True
am,Amharic,ደግነት በሌላ ሰው ወይም የወል ንብረት ላይ : ለዛውም ሳያስፈቅዱ ይሸክካል ::,ደግነት በሌላ ሰው ወይም የወል ንብረት ላይ : ለዚያውም ሳያስፈቅዱ ትክክል አይደለም ::,MultiParaDetox,MultiParaDetox,,True
am,Amharic,ዲሞ ክራሲ ሳይገባህ ከኔ ቀድመህ እንደምትሞት 1001 እርግጠኛ ነኝ  የእንጨት ሽበት ሁላ,እኔ ዲሞክራሲን  ለመረዳት ከአንተ ወደ ሁላ እቀራለሁ ብዬ አላስብም,MultiParaDetox,MultiParaDetox,,True
am,Amharic,ድሮም ጉራ ብቻ ሆና ነው እንጂ እዚሁ ብትቀመጥ ኖሮ፣ ይሄ ሁላ አይደርስባትን ነበር።,ድሮም ሰዉ የሚላትን አልሰማ ብላ ነው እንጂ እዚሁ ብትቀመጥ ኖሮ፣ ይሄ ሁላ አይደርስባትን ነበር።,MultiParaDetox,MultiParaDetox,,True
am,Amharic,ጀዛብ ስውር ኣእምሮ ፎእ እኔ ምልክ ግን ኣንተ የ7ፍንጃል የጠንቛይ ልጅ እጅህን ከትግራይ ህዝብ አንሳ ኣንተ ዲቃላ የኣብነ ሻርዕ ጅላክ እሽኣላህ እግዚኣብሔር ይድፋክ,በትግራይ ህዝብ ላይ ተገቢ ያልሆኑ ነገሮችን ከመፈጸም ብተቆጠብ የተሻለ ነው፡፡,MultiParaDetox,MultiParaDetox,,True
am,Amharic,ጅል ሁሉ ቀነኒሳ ሆቴል ያረፈው ሮጦ ለማምለጥ ነው ???,ትገርማላችሁ ቀነኒሳ ሆቴል ያረፈው ሮጦ ለማምለጥ ነው ???,MultiParaDetox,MultiParaDetox,,True
am,Amharic,ገልቱዬ ስንቴ ነው ሚሞቱት ግን? መሞታቸውን የዛሬ ወርም አርድተኘን ነበር ??,እሳቸው ስንቴ ነው ሞቱ ብለህ የምትነግረን ?,MultiParaDetox,MultiParaDetox,,True
am,Amharic,ገና ከአንከሊስ ትክትክ የልጅነት ልምሻ እና መንጋጋ ቆልፍ ሳያመልጡ ፖለቲካው ውስጥ ገቡ?,ከመችው አደገው ነው ወደ  ፖለቲካው ውስጥ የገቡት?,MultiParaDetox,MultiParaDetox,,True
am,Amharic,ገደል ግባ አንተ የህውሃት ሽንት ጨርቅ አጣቢ ድጋሚ 100ግዜ ነው ምነግርህ ግደል ግባ ሄደህ ለማያቅህ ታጠን,ዘወር በል ከዚህ የፈለከውን መሆን ትችላለህ አንተ የህዋሀት ደጋፊ,MultiParaDetox,MultiParaDetox,,True
am,Amharic,ግም 0 የሽግግር መንግስት ማለት ምን ማለት እንደሆነ ብታውቀው እንደዚህ አትለፋደድም ነበር ግም 0 ጌታህ የቦንገር ልጅ አብይ ያሻግረናል ታከለ ያሻግረና,የሽግግር መንግስት ማለት ምን ማለት እንደሆነ ብታውቀው እንደዚህ አትልም ነበር ፣ አለቃህ የቦንገር ልጅ አብይ ያሻግረናል ታከለ ያሻግረና,MultiParaDetox,MultiParaDetox,,True
am,Amharic,ግም ምንህ ጎንህ ተነካ ዱዝ የመቋወም መብት የመናገር መብት ስራውን የማጋለጥ መብት አለምአቀፍ ህግ የሰጠኝ ምን አገባህ ደነዝ ስለራስህ ተናገር እምቦጭ,የመቋወም መብት የመናገር መብት ስራውን የማጋለጥ መብት አለምአቀፍ ህግ የሰጠኝ አነተ ምን አገባህ,MultiParaDetox,MultiParaDetox,,True
am,Amharic,ጥሎብሽ እኔ መስማት ሴራ መስሎ ታይቶሽ ነበራ ????,የእኔ መስማት ለነገር መስሎ ታይቶሽ ነበር መሰለኝ????,MultiParaDetox,MultiParaDetox,,True
am,Amharic,ጥምብ ካድሬ መቸ ይሆን ህዝብ መረጣቸው የምትለው? ፊሽካ ተነፋ,የምትገርም የመንግስት አገልጋይ  መቸ ይሆን ህዝብ መረጣቸው የምትለው?,MultiParaDetox,MultiParaDetox,,True
am,Amharic,ጦርነት ሲያልቅ ነው የሚታወቀው ።ከዛ በፊት ግን ሙሉ ሠው ለመሆን ሞክር ።ፈጣሪ ይርዳክ,ጦርነት ሲያልቅ ነው የሚታወቀው ።ከዛ በፊት ግን አንተ በሰብአዊነት የሚደረገውንና የሚታሰበውን አድርግ ።,MultiParaDetox,MultiParaDetox,,True
am,Amharic,ፈሪዎች ናቸው እንደእንሱ ፈሪ የለም ቲኒሽ ቂጣቸውን በጥይት መውጋት ነው ያንን ነው የለመዱት,ፍርሀት አለባቸው፤ ትንሽ እርምጃ መወሰድ አለበት ያንን ነው የለመዱት,MultiParaDetox,MultiParaDetox,,True
am,Amharic,ፌስ ቡክ ላይ ሴተኛ አዳሪ ይመስል ፎቶውን ሲለጥፍ የከረመ ሰው ገዳይና መሰሪው አብይን መደገፉ ባይገርምም አንተን የኢትዮጵያ ጠላት አድርጎ መሳሉ ሊያስገርምህ አይገባም  አብይ መሰሪ ገዳይ ነው,ፌስ ቡክ ላይ ተራ ፎቶዎችን የሚለጥፍ  ሰው ጠ/ሚሩን  መደገፉ  እና አንተን ጥሩ እንዳልሆነ ሰው ማቅረቡ  ሊያስገርምህ አይገባም,MultiParaDetox,MultiParaDetox,,True
am,Amharic,ፍርዱ በተመደበው ጊዜ ይደረጋል ፡፡ ደነዝዝ መሆን ትዕግስትህን አቁም,ፍርዱ በተመደበው ጊዜ ይደረጋል,MultiParaDetox,MultiParaDetox,,True
am,Amharic,ፍርፋሪ ጣይ ብቶንማ አፈር በልተህ ነበር።እከክ ነገር ነህ አንተን ብሎ ተሳዳቢ ደደብ።,ለትንሽ ነው ከአደጋ ያመለጥከው፤ ትርፍ ቃል መናገርም ከአንተ አይጠበቅም፡፡,MultiParaDetox,MultiParaDetox,,True
am,Amharic,ፕሮፋይልህ ላይ ያሉትን ሸርሙጦች አንሳ ከዚያ በኳላ ታወራለህ አንተ ጅላጅል,ፕሮፋይልህ ላይ ያሉትን  አንሳ ከዚያ በኳላ ታወራለህ,MultiParaDetox,MultiParaDetox,,True
ar,Arabic,#الهلال حارس قزم ولاعب وسط قلب دفاع أما أن لهذا العبث ان يتوقف مايحدث في الهلال يتطلب تدخل اعضاء الشرف لإنقاذ ا…,#الهلال حارس هاوي ولاعب وسط قلب دفاع أما أن لهذا العبث ان يتوقف مايحدث في الهلال يتطلب تدخل اعضاء الشرف لإنقاذ ا…,MultiParaDetox,MultiParaDetox,,True
ar,Arabic,آمل أن يجدوهم ويشنقوهم عاليا,آمل أن يجدوهم ويضعوهم في العدالة,MultiParaDetox,MultiParaDetox,,True
ar,Arabic,أتمنى ان كل متخلف يمسك جوال حقه يعرف ايش قاعد يشوف او ايش قاعد يكتب…,أتمنى ان كل واحد يمسك جوال حقه يعرف ايش قاعد يشوف او ايش قاعد يكتب…,MultiParaDetox,MultiParaDetox,,True
ar,Arabic,أحقر جريدة شفتها بهذا الوجود,أسوأ جريدة شفتها بهذا الوجود,MultiParaDetox,MultiParaDetox,,True
ar,Arabic,أخوي ناصر الاخوان والراعي الرسمي لهم (قردوغان) أصبحوا مكشوفين وتناقضهم أصبح كالشمس في كبد ا…,أخوي ناصر الاخوان والراعي الرسمي لهم (أردوغان) أصبحوا مكشوفين وتناقضهم أصبح كالشمس في كبد ا…,MultiParaDetox,MultiParaDetox,,True
ar,Arabic,أريدكم جميعاً لنفسي، أيتها العاهرة.,أريدكم جميعا لنفسي,MultiParaDetox,MultiParaDetox,,True
ar,Arabic,أزمة الوفيات الناجمة عن شبائه الأفيون هي نتيجة مباشرة لسياسة الحظر الغبية والفاسدة.,أزمة الموت بالأفكار هي نتيجة مباشرة لسياسة الحظر الفاسدة.,MultiParaDetox,MultiParaDetox,,True
ar,Arabic,"أعان الله امرأة أنجبت ذكرا ف فرحت واستبشرت فيه خيرا ف أصبح مع مرور الزمن قردوغان فخاب املها "" احسن الله عزائك يا خالة""","أعان الله امرأة أنجبت ذكرا ف فرحت واستبشرت فيه خيرا ف أصبح مع مرور الزمن أردوغان فخاب املها "" احسن الله عزائك يا خالة""",MultiParaDetox,MultiParaDetox,,True
ar,Arabic,أقرباء ميامي و هافانا الصغار مجانين بما يكفي ليفعلوا هذا,إن أقرباء ميامي أي أهل مكة وهافانا الصغير أي أهل مكة يستطيعون ذلك أي جزاءه.,MultiParaDetox,MultiParaDetox,,True
ar,Arabic,أكثر برهانا على أن الليبرالية قد تكون اضطرابا عقليا,المزيد من البرهان على أن الليبرالية قد تكون مشكلة,MultiParaDetox,MultiParaDetox,,True
ar,Arabic,ألبرت أراكلين: لا يمكنني معرفة إذا كان منشورك ساخراً أو غبياً.,ألبرت أراكلين: لا يمكنني معرفة إذا كان منشورك ساخراً أو غير مدروس.,MultiParaDetox,MultiParaDetox,,True
ar,Arabic,أنا أمريكي قوقازي، وهؤلاء الأغبياء ذوي الرؤوس المدببة الذين يواجهون تحديات معرفية لا يمثلونني بأي حال من الأحوال.,أنا أمريكي قوقازي، وهؤلاء الأشخاص الذين يواجهون تحديات معرفية لا يمثلونني بأي حال من الأحوال.,MultiParaDetox,MultiParaDetox,,True
ar,Arabic,أنا لله وإنا إليه راجعون ولا حولا ولا قوة الا بالله. زهرة شبابنا تقتل بدم بارد وبايدى اقزام كنا نحسبهم وطنيين!,أنا لله وإنا إليه راجعون ولا حولا ولا قوة الا بالله. زهرة شبابنا تقتل بدم بارد وبايدى ناس كنا نحسبهم وطنيين!,MultiParaDetox,MultiParaDetox,,True
ar,Arabic,أنا متأكد من أن بعضهم متحيز سياسيًا، وبعضها يغطي مؤخرته ويتظاهر بأنه لا يوجد شيء خاطئ.,أنا متأكد من أن بعضهم متحيز سياسيًا، ويتظاهر بأنه لا يوجد شيء خاطئ.,MultiParaDetox,MultiParaDetox,,True
ar,Arabic,أنت شخص غبي معادي لأمريكا إذا لم تستطع أن ترى ما يحدث هنا.,أنت شخص معادي لأمريكا إذا لم تستطع أن ترى ما يحدث هنا.,MultiParaDetox,MultiParaDetox,,True
ar,Arabic,أنت مختل عقلبا ؟,أليس لديك عقل؟,MultiParaDetox,MultiParaDetox,,True
ar,Arabic,أنت واحد مليء بالكراهية ياصديقي!,أنت صديق لا يحب الآخرين,MultiParaDetox,MultiParaDetox,,True
ar,Arabic,أنصار درامب المزريون يعتقدون أن أي شخص ليس أبيضاً هو بالتأكيد غير قانوني.,أنصار درامب يعتقدون أن أي شخص ليس أبيضاً هو بالتأكيد غير قانوني.,MultiParaDetox,MultiParaDetox,,True
ar,Arabic,أهؤلاء الأثرياء الساقطين، ماذا نفعل الآن، نفرض عليهم ضرائب؟,أهؤلاء الأثرياء، ماذا نفعل الآن، نفرض عليهم ضرائب؟,MultiParaDetox,MultiParaDetox,,True
ar,Arabic,أوقفوا التغطية واجعلهم يتعفنون .,من فضلكم أوقفوا التغطية,MultiParaDetox,MultiParaDetox,,True
ar,Arabic,أوه، انها موافقة zuker، نحن غبيون جدا لنصدقك على أية حال.,أوه، انها موافقة zuker، نحن غبيون جدا للن نصدقك على أية حال.,MultiParaDetox,MultiParaDetox,,True
ar,Arabic,أوه، شيء آخر، عندما يتعلق الأمر بالحياة قبل التاريخ، يا رفاق انتم أغبياء!,أوه، شيء آخر، عندما يتعلق الأمر بالحياة قبل التاريخ، يا رفاق ليستم أذكياء .,MultiParaDetox,MultiParaDetox,,True
ar,Arabic,أي شخص غبي سيكون قادراً على فهم ذلك.,أي شخص سيكون قادراً على فهم ذلك.,MultiParaDetox,MultiParaDetox,,True
ar,Arabic,إجمع مالاً بقدر ما تستطيع ، لا تكن غبي مِثل أبيك ، فإن كل شيء سهل بالمال يا بُني,إجمع مالاً بقدر ما تستطيع ، لا تكن مِثل أبيك ، فإن كل شيء سهل بالمال يا بُني,MultiParaDetox,MultiParaDetox,,True
ar,Arabic,إذا جاء أي من الأطفال الذين لا يحترمون الديمقراطية، فسيكون ذلك هجرة غبية,إذا أتى أي من الأطفال الذين لا يحترمون الديمقراطية، فإنه سيكون استنزاف سيئ.,MultiParaDetox,MultiParaDetox,,True
ar,Arabic,إذاً، من الأحمق الآن؟,إذاً، من الشخص غير المطلع الآن؟,MultiParaDetox,MultiParaDetox,,True
ar,Arabic,إذاً، ميركوسكي وسوليفان كانوا حثالة لسنوات.,إذاً، ميركوسكي وسوليفان كانوا غير جيدين لسنوات.,MultiParaDetox,MultiParaDetox,,True
ar,Arabic,إن أكثر الناس لا يكترثون بما يظن هؤلاء الأغبياء النرجسيون .,إن أكثر الناس لا يبالون بما يظن هؤلاء النرجسيون .,MultiParaDetox,MultiParaDetox,,True
ar,Arabic,إنه أسوأ عمدة حظينا به على الإطلاق!,إنه العمدة غير المناسب على الإطلاق!,MultiParaDetox,MultiParaDetox,,True
ar,Arabic,إنه يعمل مع روسيا للقضاء على أمريكا والمهرجين مثلك جاهلين جدا ليلاحظوا ذلك,إنه يعمل مع روسيا للقضاء على أمريكا وأنت لم تلاحظ,MultiParaDetox,MultiParaDetox,,True
ar,Arabic,إنهم يحاولون أن يجعلوك تتغوط في بنطالك كل مرة تسمع أسمهم,انهم يحاولون اخافتك في كل مرة تسمع اسمهم,MultiParaDetox,MultiParaDetox,,True
ar,Arabic,إني أقرأ ببطيء عن حرب فيتنام أاللعينة .,أقرأ، ببطء، mcmasters إهمال الواجب حول حرب فيتنام.,MultiParaDetox,MultiParaDetox,,True
ar,Arabic,ابتلشنه كل ساقط ولاقط قام يفتي ويتكلم عن المجتمع وعن الناس اذا بيئتك وصخه لاتعمم على الناس,ابتلشنه كل شخص قام يفتي ويتكلم عن المجتمع وعن الناس اذا بيئتك سيئة لاتعمم على الناس,MultiParaDetox,MultiParaDetox,,True
ar,Arabic,اثنين من المجانين يحاولون إظهار من حصل على الشيء الأكبر!,شخصان غير مناسبين يحاولان إظهار من هو الأفضل,MultiParaDetox,MultiParaDetox,,True
ar,Arabic,اجل الاشكال هذه تفوز يلعن ابوك يازمن وابوك يافساد 😡,اجل الاشكال هذه تفوز ما شاءالله على هيك ازمن وابوك يافساد 😡,MultiParaDetox,MultiParaDetox,,True
ar,Arabic,احصل على فكرة قبل أن تقدم تعليقات غبية.,احصل على فكرة قبل أن تقدم تعليقات غير مطلعة.,MultiParaDetox,MultiParaDetox,,True
ar,Arabic,احمد ربك انا اصحى من النوم المطر يخلص الله يلعنك 💔,احمد ربك انا اصحى من النوم المطر يخلص الله عليك 💔,MultiParaDetox,MultiParaDetox,,True
ar,Arabic,اذا انت سمين ونحفت بشر امك لان محد بيفرح لك غيرها اما انّا ترى والله محد مهتم,اذا انت نحفت بشر امك لان محد بيفرح لك غيرها اما انّا ترى والله محد مهتم,MultiParaDetox,MultiParaDetox,,True
ar,Arabic,استغفر الله ربي واتوب اليك 💔 وين ترحون من الله يل السياسين الا لعنة الله عليكم 💔 💔,استغفر الله ربي واتوب اليك 💔 وين ترحون من الله يل السياسين الا حسبي الله عليكم 💔 💔,MultiParaDetox,MultiParaDetox,,True
ar,Arabic,استمتع بكونك جبانا على ما أظن,استمتع بكونك رجلا سيئا على ما أظن,MultiParaDetox,MultiParaDetox,,True
ar,Arabic,اسمه إرهابي الكره المصريه يا شراميط,اسمه إرهابي الكره المصريه يا فشلة,MultiParaDetox,MultiParaDetox,,True
ar,Arabic,اشرف وانزه من ابوك يا ابن سته وستين زنوه,اشرف وانزه من ابوك يا ابن سته وستين محترم,MultiParaDetox,MultiParaDetox,,True
ar,Arabic,اشوف بوكاكو بعده كين ثم ليفا لانه بدوري هبايل,اشوف بوكاكو بعده كين ثم ليفا لانه بدوري مبتدئين,MultiParaDetox,MultiParaDetox,,True
ar,Arabic,اصلا غبي اذا يبقى بعد هاي الكارثة .,اصلا ساذج اذا يبقى بعد هاي الكارثة .,MultiParaDetox,MultiParaDetox,,True
ar,Arabic,اعوذ بالله من قناه العربيه والقائمون عليها يريدون ان يظهروا الناس كلهم كفار كماهو حالهم,اعوذ بالله من قناه العربيه والقائمون عليها يريدون ان يظهروا الناس كلهم كفار,MultiParaDetox,MultiParaDetox,,True
ar,Arabic,افضل تعليق شفته للمقطع كلام دبه 💔,افضل تعليق شفته للمقطع كلام واحدة سمينة💔,MultiParaDetox,MultiParaDetox,,True
ar,Arabic,افهم تراك تعتبر زنجي بينهم,افهم تراك تعتبر أسمر بينهم,MultiParaDetox,MultiParaDetox,,True
ar,Arabic,اقول لا تحتك بالاصفر الكبير الاتحاد لوحدة كبير والبقية جنبه اقزام,اقول لا تحتك بالاصفر الكبير الاتحاد لوحدة كبير والبقية جنبه صغار,MultiParaDetox,MultiParaDetox,,True
ar,Arabic,الإعلام اللبناني بدّو يروقها شوي كمان... مش إذا واحد سب وعبّر عن غضبو يعملولو درس بالأخلاق.. ايري فيكون وبالكبير يا شراميط,الإعلام اللبناني بدّو يروقها شوي كمان... مش إذا واحد سب وعبّر عن غضبو يعملولو درس بالأخلاق..,MultiParaDetox,MultiParaDetox,,True
ar,Arabic,الاغتصاب هو اعتداء جنسي بواسطة أي جنس، بغض النظر عن وجود قضيب أو عدمه!,الاغتصاب هو اعتداء جنسي بواسطة أي جنس!,MultiParaDetox,MultiParaDetox,,True
ar,Arabic,البايرن يقسو على المتهالك برشلونه بخماسية مع الرأفة،، مدرب جحش وادارة مفلسة تقود اعظم نادي بالعالم،، ثلثا لاعبي برشلونه وجب عليهم الرحيل،،!,البايرن يقسو على المتهالك برشلونه بخماسية مع الرأفة،، مدرب سيء وادارة مفلسة تقود اعظم نادي بالعالم،، ثلثا لاعبي برشلونه وجب عليهم الرحيل،،!,MultiParaDetox,MultiParaDetox,,True
ar,Arabic,الخسيس متحسف ع التداول والبقاء فوق ٨٦١٤ وده يرجع يتأكد منها قبل نهاية الجلسه والمزاد ويشاور عليها يمسكها ولا يشرمها 😎,متحسف ع التداول والبقاء فوق ٨٦١٤ وده يرجع يتأكد منها قبل نهاية الجلسه والمزاد ويشاور عليها يمسكها ولا يشرمها 😎,MultiParaDetox,MultiParaDetox,,True
ar,Arabic,الدكتور بيقولي بلاش عصبية مش عارف اني بتعامل مع منايك تربية زرايب,الدكتور بيقولي بلاش عصبية مش عارف اني بتعامل مع ناس بدون تربية,MultiParaDetox,MultiParaDetox,,True
ar,Arabic,الرجاء تضمين كل الحماقات التي يفلت منها الحزب الديموقراطي أيضاً.,الرجاء تضمين كل الأمور التي يفلت منها الحزب الديموقراطي أيضاً.,MultiParaDetox,MultiParaDetox,,True
ar,Arabic,الرجال افعال لا اقوال .حددنا الخط الاحمر وتركنا الكلام لقردوغان.من يتفق مع روسيا هو ا…,الرجال افعال لا اقوال .حددنا الخط الاحمر وتركنا الكلام لأردوغان.من يتفق مع روسيا هو ا…,MultiParaDetox,MultiParaDetox,,True
ar,Arabic,السبب الوحيد لهذا الغباء هو أنها على أرضها الفيدرالية,السبب الوحيد الذي يسمح بحدوث هذا هو أنها أرض فيدرالية,MultiParaDetox,MultiParaDetox,,True
ar,Arabic,السيسى خطط البحر المتوسط بالكامل علشان يوقف قردوغان على حدوده,السيسى خطط البحر المتوسط بالكامل علشان يوقف أردوغان على حدوده,MultiParaDetox,MultiParaDetox,,True
ar,Arabic,الصراحة اذا ما عجبك الله يلعن امك,الصراحة اذا ما عجبك الله يرحم امك,MultiParaDetox,MultiParaDetox,,True
ar,Arabic,العار والله عليكم انتم يااتباع المجوس المكان يمنى والموجودين يمنيين والمفتولين يمنيين والقت…,العار والله عليكم انتم يااتباع الإيرانيين المكان يمنى والموجودين يمنيين والمفتولين يمنيين والقت…,MultiParaDetox,MultiParaDetox,,True
ar,Arabic,العراقيين ديبينون شكد همة انانيين من خلال رفضهم لقانون يحمي العائلة كلها مو بس البنية وشكد تفكيرهم متخلف ومحدود!!,العراقيين ديبينون شكد همة انانيين من خلال رفضهم لقانون يحمي العائلة كلها مو بس البنية وشكد تفكيرهم ضيق ومحدود!!,MultiParaDetox,MultiParaDetox,,True
ar,Arabic,الفقراء هم أغبياء مقرفين لا يستحقون الرعاية الصحية أبداً، أليس كذلك؟,الفقراء لا يستحقون الحصول على الرعاية الصحية,MultiParaDetox,MultiParaDetox,,True
ar,Arabic,اللعنة اعتقدت أن هذا التعليق كان ضجيجا عاديا,ظننت أن هذا التعليق هو الضجيج المعتاد,MultiParaDetox,MultiParaDetox,,True
ar,Arabic,اللعنة، ربما نقوم بنسف ذلك حقًا خلال أسبوع.,ربما نقوم بنسف ذلك حقًا خلال أسبوع.,MultiParaDetox,MultiParaDetox,,True
ar,Arabic,الله يسعدك شوفي الواتس لا ادعسك,الله يسعدك شوفي الواتس,MultiParaDetox,MultiParaDetox,,True
ar,Arabic,الله يلعن ابوك حكم اقسم بالله واضح الفاول جعلك تتمنى الموت ولا تشوفه,يا لك من حكم اقسم بالله واضح الفاول جعلك تتمنى الموت ولا تشوفه,MultiParaDetox,MultiParaDetox,,True
ar,Arabic,الله يلعن ابوك قعدت اقرا قلت الولد بيسدح لهم الحين تغريدتين يجاوب,قعدت اقرا قلت الولد بيسدح لهم الحين تغريدتين يجاوب,MultiParaDetox,MultiParaDetox,,True
ar,Arabic,الله يلعن امك حكم !!!!!!,احكم !!!!!!,MultiParaDetox,MultiParaDetox,,True
ar,Arabic,اللهم إنا نعوذ بك من الخبث و الخبائث ما بقى غير هالاشكال تملي علينا اوامرها لعنة الله عليكم,اللهم إنا نعوذ بك من الخبث و الخبائث ما بقى غير هالاشكال تملي علينا اوامرها حسبي الله عليكم,MultiParaDetox,MultiParaDetox,,True
ar,Arabic,اللهم عليك بالفاسدين الظالمين الملاعين اللهم عليك بكل وزير فاسد لعنة الله عليكم,اللهم عليك بالفاسدين الظالمين اللهم عليك بكل وزير فاسد,MultiParaDetox,MultiParaDetox,,True
ar,Arabic,اللي بيقول انت ليه مركز في كلام الناس ، يلعن ابوك ، انت متعرفش حاجة شوفت الحتة دي 😂,اللي بيقول انت ليه مركز في كلام الناس ، انت متعرفش حاجة شوفت الحتة دي 😂,MultiParaDetox,MultiParaDetox,,True
ar,Arabic,اللي يسب القصيم كمنطقه عشان هالبزارين ابن زنوه,اللي يسب القصيم كمنطقه عشان هالبزارين مو محترم,MultiParaDetox,MultiParaDetox,,True
ar,Arabic,الناخبون الأغبياء حقا هنا كيف يمكن تفسير جاستن ترودو على أنه رئيس وزراء ؟,الناخبون غير المناسبين حقا هنا كيف يمكن تفسير القاضي ترودو على أنه رئيس الوزراء؟,MultiParaDetox,MultiParaDetox,,True
ar,Arabic,الناس ينشرون لماذا لا يفعل الملاعين هذا وذاك، مزعج.,الناس ينشرون لماذا لا يفعل بعضهم هذا وذاك، مزعج.,MultiParaDetox,MultiParaDetox,,True
ar,Arabic,الي متي سيظل العالم صامت على إجرام قردوغان في ليبيا,الي متي سيظل العالم صامت على أعمال أردوغان في ليبيا,MultiParaDetox,MultiParaDetox,,True
ar,Arabic,ان الثورة تولد من رحم الأحزان يا منايك,ان الثورة تولد من رحم الأحزان يا عالم,MultiParaDetox,MultiParaDetox,,True
ar,Arabic,انا اقدر اقول انك لحجية,انا اقدر اقول انك بسيطة,MultiParaDetox,MultiParaDetox,,True
ar,Arabic,انا حرفيا بكيت لمن قالت لي رفيف سالفتها طيب دموعي راحت على الفاضي يلعن ابوك مايضحك انك تاخذين,انا حرفيا بكيت لمن قالت لي رفيف سالفتها طيب دموعي راحت على الفاضي، حرام عليك مايضحك انك تاخذين,MultiParaDetox,MultiParaDetox,,True
ar,Arabic,انت احول فريقك داج ..بلاش مجامله وتطبيل على الحكم,انت مش شايف فريقك داج ..بلاش مجامله وتطبيل على الحكم,MultiParaDetox,MultiParaDetox,,True
ar,Arabic,انت لحقت درست الاتفاقيه وقست حق مصر اد ايه ولا قردوغان عيطلك . خليك فى حالك.,انت لحقت درست الاتفاقيه وقست حق مصر اد ايه ولا أردوغان عيطلك . خليك فى حالك.,MultiParaDetox,MultiParaDetox,,True
ar,Arabic,انت مثل عمك قردوغان يتكلم بالاسلام ويسمح بالدعارة ويسمح للمثلين بممارسة الرذيلة ويتاجر مع اس…,انت مثل عمك أردوغان يتكلم بالاسلام ويسمح بالدعارة ويسمح للمثلين بممارسة الرذيلة ويتاجر مع اس…,MultiParaDetox,MultiParaDetox,,True
ar,Arabic,انتبهي ل كلامك حبيبي لا اجي ادعسك انا,انتبهي ل كلامك حبيبي لا اجي أعلمك انا,MultiParaDetox,MultiParaDetox,,True
ar,Arabic,انها وعاء من الروث، وأنت تعرف ذلك .,هذا لا معنى له، كما تعلمون,MultiParaDetox,MultiParaDetox,,True
ar,Arabic,اول مرة اشوف قمر على هيئة بشر 🤦 🏻‍♂️ ❤ ️,اول مرة اشوف قمر على هيئة بشر,MultiParaDetox,MultiParaDetox,,True
ar,Arabic,اي والله هو غبي اخاف يشله السيل بقوله ينتبه 🥵,اي والله اخاف يشله السيل بقوله ينتبه 🥵,MultiParaDetox,MultiParaDetox,,True
ar,Arabic,ببساطة، الأشخاص مثلك يعتبرون من الحيوانات .,ببساطة، الأشخاص مثلك يعتبرون من الساذجين .,MultiParaDetox,MultiParaDetox,,True
ar,Arabic,بدون ذكر الأغبياء مثل بيلوسي,الناس مثل بيلوسي ليسوا جيدين,MultiParaDetox,MultiParaDetox,,True
ar,Arabic,بس اذا كان زنجي لا تزوجه القبائل لعدم تكافوء النسب,بس اذا كان إفريقي لا تزوجه القبائل لعدم تكافوء النسب,MultiParaDetox,MultiParaDetox,,True
ar,Arabic,بس مش كل البنات شراميط زيها كدا,بس مش كل البنات زيها كدا,MultiParaDetox,MultiParaDetox,,True
ar,Arabic,بس ملزم بكل اتفاقيات قردوغان,بس ملزم بكل اتفاقيات أردوغان,MultiParaDetox,MultiParaDetox,,True
ar,Arabic,بس يا حمار هو انت بتعالج مجانا كله بمصاري,بس هو انت بتعالج مجانا كله بمصاري,MultiParaDetox,MultiParaDetox,,True
ar,Arabic,بعض الأغبياء لم يعودوا يؤمنون بالسيادة الوطنية,بعض الناس لم يعودوا يؤمنون بالسيادة الوطنية,MultiParaDetox,MultiParaDetox,,True
ar,Arabic,بعض الأغبياء وضعوا ذلك لحجب الحرب,بعض الناس وضعوا ذلك لحجب الحرب.,MultiParaDetox,MultiParaDetox,,True
ar,Arabic,بعض الروائح النتنة لا يمكن التخلص منها .,بعض الروائح لا يمكن التخلص منها .,MultiParaDetox,MultiParaDetox,,True
ar,Arabic,بعيدا عن التنمر والتشمت لاكن شفت البيتموجي حق افنان وكانت دبة !! شلون تجي تتكلم ع الرشيقة هذاي😅,بعيدا عن التنمر والتشمت لاكن شفت البيتموجي حق افنان وكانت سمينة!! شلون تجي تتكلم ع الرشيقة هذاي😅,MultiParaDetox,MultiParaDetox,,True
ar,Arabic,بوجود الڤار الغى الهدف اقسم بالله كذا كفاااايه يلعن امك من حكم,بوجود الڤار الغى الهدف اقسم بالله كذا كفاااايه با حكم,MultiParaDetox,MultiParaDetox,,True
ar,Arabic,بوجود الڤار الغى الهدف اقسم بالله كذا كفاايه يلعن امك من حكم,بوجود الڤار الغى الهدف اقسم بالله كذا كفاايه حرام عليك يا حكم,MultiParaDetox,MultiParaDetox,,True
ar,Arabic,بيكيه ماعليه ياعمري صح انك شوي غبي بس عادي اهم شيء اشوفك ياعمري,بيكيه ماعليه ياعمري صح انك مو ذكي بس عادي اهم شيء اشوفك ياعمري,MultiParaDetox,MultiParaDetox,,True
ar,Arabic,تأكدوا هل لاعب كرة قدم والا كرة قدم أمريكية.. لأنهم يجون اقزام زي هذا,تأكدوا هل لاعب كرة قدم والا كرة قدم أمريكية.. لأنهم يجون قصار زي هذا,MultiParaDetox,MultiParaDetox,,True
ar,Arabic,تخيل تقطع وريدك في بانيو الحمام عشان سوسو قالت عليك يا دبة وهههههههه,تخيل تقطع وريدك في بانيو الحمام عشان سوسو قالت عليك يا سمينة وهههههههه,MultiParaDetox,MultiParaDetox,,True
ar,Arabic,تدخل تبغي تشوف كلام الناس وكيف بكو من الفرحه والمواقف تشوف فواتير وشحاذه ونصب الا لعنة الله عليكم,تدخل تبغي تشوف كلام الناس وكيف بكو من الفرحه والمواقف تشوف فواتير وشحاذه ونصب,MultiParaDetox,MultiParaDetox,,True
ar,Arabic,تدورون الاتنشن من طيز الحمار الله يلعنكم,تدورون الاتنشن من أي مكان,MultiParaDetox,MultiParaDetox,,True
ar,Arabic,ترا العرش حقي بأوفرواتش انهدم وطاح وأنتي السبب عطيتك الشعلة وطفيتيها المفروض ترجعين لي عرشي يلعن أبوك,ترا العرش حقي بأوفرواتش انهدم وطاح وأنتي السبب عطيتك الشعلة وطفيتيها المفروض ترجعين لي عرشي يرحم أبوك,MultiParaDetox,MultiParaDetox,,True
ar,Arabic,ترامب كاذب ومجنون.,ترامب ليس صادق.,MultiParaDetox,MultiParaDetox,,True
ar,Arabic,تركتني عشاني قلتلها انتي دبه بمزح!!,تركتني عشاني قلتلها انتي سمينة بمزح!!,MultiParaDetox,MultiParaDetox,,True
ar,Arabic,تعبت من أكاذيبك الخسيسة,تعبت من أكاذيبك,MultiParaDetox,MultiParaDetox,,True
ar,Arabic,تقتلوا القتيل وتمشوا بجنازته عليكم لعنة الله,تقتلوا القتيل وتمشوا بجنازته,MultiParaDetox,MultiParaDetox,,True
ar,Arabic,تقتلوا النساء وتسجنونه وتقولوا انكم يمنيون لعنة الله عليكم يا متوردين,تقتلوا النساء وتسجنونه وتقولوا انكم يمنيون,MultiParaDetox,MultiParaDetox,,True
ar,Arabic,ثلاثة أرباع الناخبين الذين لم يصوتوا لهؤلاء الأغبياء؟,ثلاثة أرباع الناخبين الذين لم يصوتوا لهؤلاء الأشخاص؟,MultiParaDetox,MultiParaDetox,,True
ar,Arabic,جاء رجل الى حكيم ساله كيف اصبح غنيا؟ فكان رد الحكيم ان رماه بجزمة سكتشر وقال الله يلعن ابوك انا لو اعرف كان ماصرت,جاء رجل الى حكيم ساله كيف اصبح غنيا؟ فكان رد الحكيم ان رماه بجزمة سكتشر وقال انا لو اعرف كان ماصرت,MultiParaDetox,MultiParaDetox,,True
ar,Arabic,جماعة السلطة عم تحكي عن شغب وتكسير بالمظاهرة اليوم، شغب وتكسير أكبر من إنفجار ٤ آب يا شراميط؟ سؤال بس 🤷‍♂️,جماعة السلطة عم تحكي عن شغب وتكسير بالمظاهرة اليوم، شغب وتكسير أكبر من إنفجار ٤ آب؟ سؤال بس 🤷‍♂️,MultiParaDetox,MultiParaDetox,,True
ar,Arabic,جونز هو مهرج متبجح يعتقد انه يمكن شراء أي شيء يريد، بما في ذلك الشعبية.,جونز يعتقد أنه يستطيع شراء أي شيء يريده، بما في ذلك الشعبية.,MultiParaDetox,MultiParaDetox,,True
ar,Arabic,جيد، لا تدع الباب يضربك في مؤخرتك بينما تترك هذه المحادثة يا سيد,جيد، لا تدع الباب يضربك بينما تترك هذه المحادثة يا سيد,MultiParaDetox,MultiParaDetox,,True
ar,Arabic,حان الوقت لتغيير مستوى تحملنا لهذه القمامة.,حان الوقت لتغيير مستوى تحملنا لهذه المواد.,MultiParaDetox,MultiParaDetox,,True
ar,Arabic,حان الوقت لهؤلاء المهرجين للتقاعد.,حان الوقت لهؤلاء المنفذين للتقاعد.,MultiParaDetox,MultiParaDetox,,True
ar,Arabic,حبيبي ،،، الله حسيبك ... اذا باعوا ارضهم كان هم اغنى اغنياء العالم يا متخلف ... ايش يج…,حبيبي ،،، الله حسيبك ... اذا باعوا ارضهم كان هم اغنى اغنياء العالم ... ايش يج…,MultiParaDetox,MultiParaDetox,,True
ar,Arabic,حد يقع في نفس الغلط مرتين؟ انت اهبل يابني؟ *وانا رايح عن الغلط البيت*,حد يقع في نفس الغلط مرتين؟ انت ما تفكر يابني؟ *وانا رايح عن الغلط البيت*,MultiParaDetox,MultiParaDetox,,True
ar,Arabic,حقائق ديوثية مداعبة الحلمات تثير الشهوة عند بالمئة من الرجال,حقائق علمية مداعبة الحلمات تثير الشهوة عند بالمئة من الرجال,MultiParaDetox,MultiParaDetox,,True
ar,Arabic,حقيقة انتي وامثالك قحاب لان مافيه احد يدافع عنها,حقيقة انتي وامثالك سلبيين لان مافيه احد يدافع عنها,MultiParaDetox,MultiParaDetox,,True
ar,Arabic,خرج سارق آخر لا فائدة له من المجتمع.,خرج شخص آخر لا فائدة له من المجتمع.,MultiParaDetox,MultiParaDetox,,True
ar,Arabic,دانتو شوية بنات شراميط اقسم بالله ي كلاب الفولو ي عرر,دانتو شوية بنات اقسم بالله ي بتوع الفول,MultiParaDetox,MultiParaDetox,,True
ar,Arabic,دس السم في العسل عليكم لعنة الله,دس السم في العسل,MultiParaDetox,MultiParaDetox,,True
ar,Arabic,دعه يستمر في هذا النهج حتى يكون لديه حبل كافٍ ليشنق نفسه.,دعه يستمر في هذا النهج حتى يكون لديه ما يكفي ليظهر نتائج أفعاله.,MultiParaDetox,MultiParaDetox,,True
ar,Arabic,دعونا نستورد اللاجئين السوريين إلى ألمانيا أولاً.,دعونا نجلب اللاجئين السوريين إلى ألمانيا أولاً.,MultiParaDetox,MultiParaDetox,,True
ar,Arabic,دوري هبايل ثالث هدافين الابطال التاريخي وش يتميز عنه لوكاكو,دوري مبتدئين ثالث هدافين الابطال التاريخي وش يتميز عنه لوكاكو,MultiParaDetox,MultiParaDetox,,True
ar,Arabic,دي قلة ادب جديدة ولا شنو ؟؟ لعنة الله عليكم اجمعين ما تسوقون بهكذا افكار وأساليب تخدم اجندة بنو علمان واشباه الرجال ..,دي قلة ادب جديدة ولا شنو ؟؟ ما تسوقون بهكذا افكار وأساليب تخدم اجندة بنو علمان واشباه الرجال ..,MultiParaDetox,MultiParaDetox,,True
ar,Arabic,ديانج.....سوليه......قفشه ومهزومين 1/0 سويسري متخلف امه كانت بتبيع زبدة في لوزان,ديانج.....سوليه......قفشه ومهزومين 1/0 سويسري امه كانت بتبيع زبدة في لوزان,MultiParaDetox,MultiParaDetox,,True
ar,Arabic,ربما يجب عليك العودة إلى السجن، يا جبان.,ربما يجب عليك العودة إلى السجن.,MultiParaDetox,MultiParaDetox,,True
ar,Arabic,روح كس اختك لا ترجع مرة تانية,روح لا ترجع مرة تانية,MultiParaDetox,MultiParaDetox,,True
ar,Arabic,سبحان الله كأنك تتكلم عن نفسك فيه احد ما أحتل مصر يابهيمه وشارع الهرم يشه…,سبحان الله كأنك تتكلم عن نفسك فيه احد ما أحتل مصر وشارع الهرم يشه…,MultiParaDetox,MultiParaDetox,,True
ar,Arabic,ستيفن كوك لة بصيرة ورؤية ثاقبة في الشرق الأوسط علشانة لايطيق قردوغان 😂,ستيفن كوك لة بصيرة ورؤية ثاقبة في الشرق الأوسط علشانة لايطيق أردوغان 😂,MultiParaDetox,MultiParaDetox,,True
ar,Arabic,سويت لاختي بطاقت تخرج وتعبت عليها وبالاخير قالت لحجيه م ابيها وراحت تسوي لنفسها اوكي حبي الله ياخدك😢😢💓💓,سويت لاختي بطاقت تخرج وتعبت عليها وبالاخير قالت م ابيها وراحت تسوي لنفسها اوكي حبي😢😢💓💓,MultiParaDetox,MultiParaDetox,,True
ar,Arabic,شفت كيف انك متخلف وقاعد تبرر لمغتصب؟,شفت كيف انك غافل وقاعد تبرر لمغتصب؟,MultiParaDetox,MultiParaDetox,,True
ar,Arabic,شوفي لا تخليني ادعسك الحين,شوفي لا تخليني أزعلك الحين,MultiParaDetox,MultiParaDetox,,True
ar,Arabic,شويه شراميط بيتحدفوا علينا يعم 😂 💔,شويه ناس بيتحدفوا علينا يعم 😂 💔,MultiParaDetox,MultiParaDetox,,True
ar,Arabic,صباح الخير أي سلام يا جحش ؟,صباح الخير أي سلام؟,MultiParaDetox,MultiParaDetox,,True
ar,Arabic,طيب لحجيه ليش ضايفني عندك,طيب ليش ضايفني عندك,MultiParaDetox,MultiParaDetox,,True
ar,Arabic,عاش حياة فارغة وبائسة .,عاش حياة فارغة ومثيرة للشفقة.,MultiParaDetox,MultiParaDetox,,True
ar,Arabic,عبدالرحمن الغامدي ورقته الرابحه وعمار الدحيم اساسي اهبط يلعن ابوك نادي 🤣,عبدالرحمن الغامدي ورقته الرابحه وعمار الدحيم اساسي اهبط 🤣,MultiParaDetox,MultiParaDetox,,True
ar,Arabic,عد إلى هنا يا كسول ياشيوعي!,عد إلى هنا يا كسول بامن تؤيد الشيوعية!,MultiParaDetox,MultiParaDetox,,True
ar,Arabic,على الاقل بس يأدون يا شراميط تصويتنا مايروح عالفاضي,على الاقل بس يأدون يا ناس تصويتنا مايروح عالفاضي,MultiParaDetox,MultiParaDetox,,True
ar,Arabic,عليكم لعنة الله وغضبه وسخطه يا اعداء الله ورسوله اللهم ارينا فيهم عجائب قدرتك عاجلا غير آجل اللهم طهر,حسبي الله عليكم يا اعداء الله ورسوله اللهم ارينا فيهم عجائب قدرتك عاجلا غير آجل اللهم طهر,MultiParaDetox,MultiParaDetox,,True
ar,Arabic,عمكم ترامب يلي ضربه يا خولات و ليس انتم 🤣 🤣,عمكم ترامب يلي ضربه و ليس انتم 🤣 🤣,MultiParaDetox,MultiParaDetox,,True
ar,Arabic,عن جد عم تحكي يا وئام يا جحش صاير كمان خبير بالمتفجرات انت عن جد ضايع حقك حتا يلي متحالف معن ما عامليلك…,عن جد عم تحكي يا وئام صاير كمان خبير بالمتفجرات انت عن جد ضايع حقك حتا يلي متحالف معن ما عامليلك…,MultiParaDetox,MultiParaDetox,,True
ar,Arabic,عيب تقارن دوري هبلان بجنه كره القدم,عيب تقارن دوري مبتدئين بجنه كره القدم,MultiParaDetox,MultiParaDetox,,True
ar,Arabic,غير صحيح لان قردوغان في ورطه,غير صحيح لان أردوغان في ورطه,MultiParaDetox,MultiParaDetox,,True
ar,Arabic,قردوغان دخل غازيا فمن مهد له الطريق,أردوغان دخل غازيا فمن مهد له الطريق,MultiParaDetox,MultiParaDetox,,True
ar,Arabic,قردوغان عاوز يحط رجله في منطقه بتاعتنا اللي اكتشفناه في البحر الابيض المتوسط بأي طريقة بس حب يجرب القوة لقى جيشنا…,أردوغان عاوز يحط رجله في منطقه بتاعتنا اللي اكتشفناه في البحر الابيض المتوسط بأي طريقة بس حب يجرب القوة لقى جيشنا…,MultiParaDetox,MultiParaDetox,,True
ar,Arabic,قردوغان 🐒 لم يتدخل في ليبيا او سوريا وقطر لحمايتهم او الخفاظ على مواردهم فهذا حال كل بلد يتدخل فيه هذ…,أردوغان لم يتدخل في ليبيا او سوريا وقطر لحمايتهم او الخفاظ على مواردهم فهذا حال كل بلد يتدخل فيه هذ…,MultiParaDetox,MultiParaDetox,,True
ar,Arabic,قزم وانتهى النقااش معك الى الأبد,انتهى النقااش معك الى الأبد,MultiParaDetox,MultiParaDetox,,True
ar,Arabic,قسم بالله اغبى قرار تحكيمي شفته بحياتي يلعن ابوك ياكلب,قسم بالله اغبى قرار تحكيمي شفته بحياتي,MultiParaDetox,MultiParaDetox,,True
ar,Arabic,قطر اختلفت مع كل المحيط العربي لأنو تحالفت مع حليفك الخامنئي ، حليف حليفك يعني حليفك كيف سياستكن يا شياطين ما بعرف,قطر اختلفت مع كل المحيط العربي لأنو تحالفت مع حليفك الخامنئي ، حليف حليفك يعني حليفك كيف سياستكن ما بعرف,MultiParaDetox,MultiParaDetox,,True
ar,Arabic,قطر سحبت مليارين غصب عن خشم بلحه,قطر سحبت مليارين غصب عن السيسي,MultiParaDetox,MultiParaDetox,,True
ar,Arabic,كان هاربر عظيم مقارنة مع هذا المهرج.,هاربر كانت رائعة بالمقارنة معه,MultiParaDetox,MultiParaDetox,,True
ar,Arabic,كس امكم مافيه احد يجاوبني,مافيه احد يجاوبني,MultiParaDetox,MultiParaDetox,,True
ar,Arabic,كسم يوفينتوس ياخي فريق كله شراميط,ايه يوفينتوس ياخي فريق كله فاشلين,MultiParaDetox,MultiParaDetox,,True
ar,Arabic,كل صحباتي شراميط وما ينطاقون ابد مع ذلك احبهم,كل صحباتي ما ينطاقون ابد مع ذلك احبهم,MultiParaDetox,MultiParaDetox,,True
ar,Arabic,كل من صوت لها في يوم من الأيام يجب أن يحرم من حقوقه وأن يخصى .,كل من صوت لها في يوم من الأيام يجب أن يعاقب .,MultiParaDetox,MultiParaDetox,,True
ar,Arabic,كلكم شراميط بس على مستويات,كلكم فاشلين بس على مستويات,MultiParaDetox,MultiParaDetox,,True
ar,Arabic,كلهم اولاد قحبه تكالبو على فلسطين والاسلام بشكل خاص,كلهم تكالبو على فلسطين والاسلام بشكل خاص,MultiParaDetox,MultiParaDetox,,True
ar,Arabic,كلي خرا شراميط ما بيستردوا شي حتى شرفهم,اسكتي ما بيستردوا شي حتى شرفهم,MultiParaDetox,MultiParaDetox,,True
ar,Arabic,كم فلسطيزي بياكل من خيرات السعودية اللي مش عاجبك علاقاتها الدولية؟,كم فلسطيني بياكل من خيرات السعودية اللي مش عاجبك علاقاتها الدولية؟,MultiParaDetox,MultiParaDetox,,True
ar,Arabic,كن كاذبًا ومحتالًا واحصل على مكافأة (أدرج صورة مولروني).,كن غير صادق واحصل على مكافأة (أدرج صورة مولروني).,MultiParaDetox,MultiParaDetox,,True
ar,Arabic,كيفيك يا زنجي — انت عارف كم الساعه هسا؟,كيفيك يا اسمر — انت عارف كم الساعه هسا؟,MultiParaDetox,MultiParaDetox,,True
ar,Arabic,كييف بلنتي ذي يلعن امك ياحكمم,كييف بلنتي ذي يرحم امك ياحكمم,MultiParaDetox,MultiParaDetox,,True
ar,Arabic,لأنك انسان مخنوث لو انت رجال ما تذكر العار لكن خذ لك رد شافي وتحياتي لما تقعون رجال وتعتمدو,لأنك انسان غير سوي لو انت رجال ما تذكر العار لكن خذ لك رد شافي وتحياتي لما تقعون رجال وتعتمدو,MultiParaDetox,MultiParaDetox,,True
ar,Arabic,لئيم، بخيل، وقح، ضيق الأفق، ناقص اللياقة.,غير لطيف، غير سخي، وقح، ضيق الأفق، ناقص اللياقة.,MultiParaDetox,MultiParaDetox,,True
ar,Arabic,لا أريد عناقا من قزم صغير مخيف مثلك,لا، أنا لست بحاجة إلى عناق منك,MultiParaDetox,MultiParaDetox,,True
ar,Arabic,لا اثبات هذا شخص غبي وما يمثلنا,لا اثبات هذا شخص ما يمثلنا,MultiParaDetox,MultiParaDetox,,True
ar,Arabic,لا انا جد جايه ادعسك,لا انا جد جايه عشان أعلمك,MultiParaDetox,MultiParaDetox,,True
ar,Arabic,لا بد أن يكون لك أعداء آخرون الآن أسدي لنفسك معروفا واغرب عن وجهي,يجب أن يكون لديك بعض الأعداء الآخرين، الآن تفعل لنفسك معروفا وتذهب.,MultiParaDetox,MultiParaDetox,,True
ar,Arabic,لا تثق ابدا في اخونجي دخل سياسة,لا تثق ابدا في شيخ دخل سياسة,MultiParaDetox,MultiParaDetox,,True
ar,Arabic,لا تعتب عليه هيدا اسمه ابو صرماي,لا تعتب عليه هيدا اسمه ابو فلان,MultiParaDetox,MultiParaDetox,,True
ar,Arabic,لا لا لا الحكم ده غبي اوي كده ليه,لا لا لا الحكم ده جاهل اوي كده ليه,MultiParaDetox,MultiParaDetox,,True
ar,Arabic,لا يحتاج العالم الحر إلى غبائك .,إن العالمين أي أهل مكة لا يحتاجون في الآخرة إلى جهلكم بكفركم.,MultiParaDetox,MultiParaDetox,,True
ar,Arabic,لا يمكن استبداله إلا بتوافق آخر على رأي مات قبل أن يولد,والاستعاضة عن ذلك بتوافق آخر في الآراء.,MultiParaDetox,MultiParaDetox,,True
ar,Arabic,لا يهمني قواعدك اللعينة .,لا يهمني قواعدك.,MultiParaDetox,MultiParaDetox,,True
ar,Arabic,لا يوجد زعيم بالعالم يستخف بالشعوب العربيه مثل اردوغان. ياقردغان بدلاً من ان تسحب سفيرك بالامارات لماذا لاتسحب سفير…,لا يوجد زعيم بالعالم يستخف بالشعوب العربيه مثل اردوغان. ياأردغان بدلاً من ان تسحب سفيرك بالامارات لماذا لاتسحب سفير…,MultiParaDetox,MultiParaDetox,,True
ar,Arabic,لعنة الله ع طبقتنا السياسية الفاسدة والفاشلة هيدا من اهمالكن وفسادكن يا منايك,حسبي الله ع طبقتنا السياسية الفاسدة والفاشلة هيدا من اهمالكن وفسادكن,MultiParaDetox,MultiParaDetox,,True
ar,Arabic,لعنة الله عليكم بعتم الأرض والعرض لليهود كيف ستقفون أمام الله,حسبي الله بعتم الأرض والعرض لليهود كيف ستقفون أمام الله,MultiParaDetox,MultiParaDetox,,True
ar,Arabic,لعنة الله عليكم دامك تنشرون الاخبار الكاذبه والرعب بين الناس,حسبي الله دامك تنشرون الاخبار الكاذبه والرعب بين الناس,MultiParaDetox,MultiParaDetox,,True
ar,Arabic,للاسف لدينا في الخليج بعض من الكتاب والدكاتره والمحللين كالبغال والجحاش ينهق ويهرف بما لايعرف,للاسف لدينا في الخليج بعض من الكتاب والدكاتره والمحللين جهلة لا يفقهون ماذا يقولون,MultiParaDetox,MultiParaDetox,,True
ar,Arabic,للجميع أصعب مهمه بحياتي اسكر سحاب فستان وحده دبه والمشكله تهدد ياويلك لو انقطع يامسلمه اتقي الله.,للجميع أصعب مهمه بحياتي اسكر سحاب فستان وحده سمينة والمشكله تهدد ياويلك لو انقطع يامسلمه اتقي الله.,MultiParaDetox,MultiParaDetox,,True
ar,Arabic,لماذا يهتم الكنديون بالهوكي في حين أن فرقهم كلها خاسرة؟,لماذا يهتم الكنديون بالهوكي في حين أن فرقهم ك ليست الأفضل؟,MultiParaDetox,MultiParaDetox,,True
ar,Arabic,لن يشاهدوا هذا الهراء أبدا مرة أخرى.,لن نرغب في مشاهدة ذلك مجددا أبدا,MultiParaDetox,MultiParaDetox,,True
ar,Arabic,لهذا السبب تخليت عن التدريس بسبب المتخلفين أمثالك,لهذا تخليت عن التدريس بسبب شخص مثلك,MultiParaDetox,MultiParaDetox,,True
ar,Arabic,ليبيا وتركيا يد وحدة وموتو بغيظكم يا مصاروة يامتهزئين من اتيوبيا وباذن الله العلم اللليبي ح يرفع فوق…,ليبيا وتركيا يد وحدة وموتو بغيظكم يا مصريين يا متهزئين من اتيوبيا وباذن الله العلم اللليبي ح يرفع فوق…,MultiParaDetox,MultiParaDetox,,True
ar,Arabic,ليس لديك الصدق ولا النضج للاعتراف بأنك قلت شيئا غبيا.,ليس لديك الصدق ولا النضج لتعترف بأنك قلت شيئا خاطئا,MultiParaDetox,MultiParaDetox,,True
ar,Arabic,ليش انتو تجننولاوماحد يقول سلمو الرواتب سلموهن يا منايك,ليش انتو تجننولاوماحد يقول سلمو الرواتب سلموهن,MultiParaDetox,MultiParaDetox,,True
ar,Arabic,ليش بتنطرب وبتسكر لمن بتجيب سيرة الحذاء يا زلمي مع إن كل واحد بفش خلقو ع ذوقو حسب مفهومو ثقافتو وعقلو…,ليش بتنطرب وبتسكر لمن بتجيب سيرة هذا الشخص يا زلمي مع إن كل واحد بفش خلقو ع ذوقو حسب مفهومو ثقافتو وعقلو…,MultiParaDetox,MultiParaDetox,,True
ar,Arabic,ليفا ممكن بس ايمبابي؟؟😂😂 عشان سجل هاتريك في برشلونة وكم هدف في هبايل فرنسا!,ليفا ممكن بس ايمبابي؟؟😂😂 عشان سجل هاتريك في برشلونة وكم هدف في مبتدئين فرنسا!,MultiParaDetox,MultiParaDetox,,True
ar,Arabic,ليه الستات بقى أغلبهم شراميط دي بقي حبيبتي,ليه الستات بقى أغلبهم ساقطات دي بقي حبيبتي,MultiParaDetox,MultiParaDetox,,True
ar,Arabic,ليه انت ما عندك حمام؟ او بعدك بتعملها تحت الشجرة وبتمسح بالحجرة؟! لما قلت عنك غبي عنجد ما غل…,ليه انت ما عندك حمام؟ او بعدك بتعملها تحت الشجرة وبتمسح بالحجرة؟! لما قلت عنك ساذج عنجد ما غل…,MultiParaDetox,MultiParaDetox,,True
ar,Arabic,ما ترجع لو كنت مارق من صوب البور مش كان احسن,كس اختك ما ترجع لو كنت مارق من صوب البور مش كان احسن,MultiParaDetox,MultiParaDetox,,True
ar,Arabic,ما حدا احسن من حدا كلهن منايك وولاد قحبة 🙏,ما حدا احسن من حدا 🙏,MultiParaDetox,MultiParaDetox,,True
ar,Arabic,ما رأيك في تيلرسون عندما يطلق على رئيسه لفظ أحمق ?,ما رأيك بإهانة تيلرسون لرئيسه؟,MultiParaDetox,MultiParaDetox,,True
ar,Arabic,ما سمعنا جعاركم مبارح على القصف الإسرائيلي يلي اغتصب سماء سوريا ، نباح و عويل جيش ابو شحاطة وصل لقبرص,ما سمعنا صوتكم مبارح على القصف الإسرائيلي يلي اغتصب سماء سوريا ، عويل الجيش وصل لقبرص,MultiParaDetox,MultiParaDetox,,True
ar,Arabic,ما قصرت .. تطور الامر .. لعنة الله عليكم,ما قصرت .. تطور الامر ..,MultiParaDetox,MultiParaDetox,,True
ar,Arabic,مائة ألف شخص دفعوا المال لمشاهدة هذه القمامة.,مائة ألف شخص دفعوا المال لمشاهدة هذا المحتوى,MultiParaDetox,MultiParaDetox,,True
ar,Arabic,ماشي يا اقرع مقبوله منك,ماشي مقبوله منك,MultiParaDetox,MultiParaDetox,,True
ar,Arabic,متخلف ذا يحب يثير الجدل على ولا شي,غير مدرك ذا يحب يثير الجدل على ولا شي,MultiParaDetox,MultiParaDetox,,True
ar,Arabic,متسولون اصحاب فتن هؤلاء يبيعون ارضهم وشرفهم وضمائرهم بأي ثمن لعنة الله عليكم,متسولون اصحاب فتن هؤلاء يبيعون ارضهم وشرفهم وضمائرهم بأي ثمن,MultiParaDetox,MultiParaDetox,,True
ar,Arabic,مدرب غبي مو عارف يوظف اللاعبين,مدرب ساذج مو عارف يوظف اللاعبين,MultiParaDetox,MultiParaDetox,,True
ar,Arabic,مدري مين جاب سيرة اليهود. يمكن لأنك غبي تعتقد إني تكلمت عن اليهود. ويمك…,مدري مين جاب سيرة اليهود. يمكن تعتقد إني تكلمت عن اليهود. ويمك…,MultiParaDetox,MultiParaDetox,,True
ar,Arabic,مرة أخرى، المزيد من الألعاب الليبرالية الغبية.,مرة أخرى، المزيد من الألعاب الليبرالية السخيفة.,MultiParaDetox,MultiParaDetox,,True
ar,Arabic,مستحيل الشعب الفلسطيني كذا انت لاتمثل الشعب الفلسطيني يا حمار,مستحيل الشعب الفلسطيني كذا انت لاتمثل الشعب الفلسطيني,MultiParaDetox,MultiParaDetox,,True
ar,Arabic,مش اي حد يقولك بحبك يبقي بيحبك فعلا متبقاش غبي.,مش اي حد يقولك بحبك يبقي بيحبك فعلا متبقاش سطحي.,MultiParaDetox,MultiParaDetox,,True
ar,Arabic,مصيرنا ندعسكم في كل مكان ولو كانت مواجه مباشره لاعطيناكم دروس…,صيرنا نغلبكم في كل مكان ولو كانت مواجه مباشره لاعطيناكم دروس…,MultiParaDetox,MultiParaDetox,,True
ar,Arabic,مضحك جداً أمر بعض الوافدين ومن ضمنهم مصاروة ! يعايرون بلادنا بعلاقات صداقتها المتينة مع أميركا وهم يحلمون بالسفر,مضحك جداً أمر بعض الوافدين ومن ضمنهم مصريين! يعايرون بلادنا بعلاقات صداقتها المتينة مع أميركا وهم يحلمون بالسفر,MultiParaDetox,MultiParaDetox,,True
ar,Arabic,مع الاسف حتى كتلنا السياسيه مسترخصه دماء العراقيين حتى مع الارهابيين مساومات لعنة الله عليكم,مع الاسف حتى كتلنا السياسيه مسترخصه دماء العراقيين حتى مع الارهابيين مساومات,MultiParaDetox,MultiParaDetox,,True
ar,Arabic,مع اني متحمسة اشوفه اقرع ولابس عسكري ومدعوس تحت الشمس,مع اني متحمسة اشوفه حالق ولابس عسكري و تحت الشمس,MultiParaDetox,MultiParaDetox,,True
ar,Arabic,مع ذلك، شخص جاهل مثلك يتجاهل الواقع.,مع ذلك، شخص بريء مثلك ربما يتجاهل الواقع.,MultiParaDetox,MultiParaDetox,,True
ar,Arabic,معلش سامحنا،احنا شراميط بنعمل افراح مختلطة من زمان,معلش سامحنا،احنا بنعمل افراح مختلطة من زمان,MultiParaDetox,MultiParaDetox,,True
ar,Arabic,معناتي يقولون مانتي دبه ليه تروحين 😐.,معناتي يقولون مانتي مليانة ليه تروحين 😐.,MultiParaDetox,MultiParaDetox,,True
ar,Arabic,مفش منه كلام هذا ياما قلنا شكلك دبه ومصرش شي يصير بلوك بعدها,مفش منه كلام هذا ياما قلنا شكلك سمينة ومصرش شي يصير بلوك بعدها,MultiParaDetox,MultiParaDetox,,True
ar,Arabic,من السهل رؤية هؤلاء الأغبياء العنصريين.,من السهل التعرف على تلك الأفراد.,MultiParaDetox,MultiParaDetox,,True
ar,Arabic,من المعلقين المصريين متسولين وهلافيت وولاد شراميط,من المعلقين المصريين متسولين ومش نافعين,MultiParaDetox,MultiParaDetox,,True
ar,Arabic,من اليوم ورايح معد في نصايح الحساب كله هبد طلعت حتى لو قلت نصيحه تضحكون لعنة الله عليكم,من اليوم ورايح معد في نصايح الحساب كله هبد طلعت حتى لو قلت نصيحه تضحكون لكم الله,MultiParaDetox,MultiParaDetox,,True
ar,Arabic,من قال لك ايها المغفل ان الصحراويين لا يشبهوننا، من اين اتى المرابطون؟؟ الصحراء كانت ارضا خ…,من قال لك ايها الرجل ان الصحراويين لا يشبهوننا، من اين اتى المرابطون؟؟ الصحراء كانت ارضا خ…,MultiParaDetox,MultiParaDetox,,True
ar,Arabic,مهما اختلفت مع الاحداث والايام والناس ف #رابعه ف دا مش يديلك الحق انك ترضي باللي حصل ف اليوم دا إلا انك انسان متخلف…,مهما اختلفت مع الاحداث والايام والناس ف #رابعه ف دا مش يديلك الحق انك ترضي باللي حصل ف اليوم دا إلا انك انسان ساذج…,MultiParaDetox,MultiParaDetox,,True
ar,Arabic,نحن قوم خاسرون ومفسدون .,نحن بلد من الناس غير الموهوبين.,MultiParaDetox,MultiParaDetox,,True
ar,Arabic,نحن وقعنا ضحية بين ايديكم انت وبقية الاحزاب القذرة لعنة الله عليكم,نحن وقعنا ضحية بين ايديكم انت وبقية الاحزاب حسبي الله عليكم,MultiParaDetox,MultiParaDetox,,True
ar,Arabic,نصرة الله مع نصرة الحق يا جحش وليس لبيوت الدعاره والشذوذ الجنسي,نصرة الله مع نصرة الحق وليس لبيوت الدعاره والشذوذ الجنسي,MultiParaDetox,MultiParaDetox,,True
ar,Arabic,نهني الأطفال والابرياء على مقتل هالمجرم الخسيس كفو يا ترامب 💪,نهني الأطفال والابرياء على مقتل هالمجرم كفو يا ترامب 💪,MultiParaDetox,MultiParaDetox,,True
ar,Arabic,هؤلاء هم جزء من فئة المسلمين الذين هم إرهابيون متطرفون.,هؤلاء هم جزء من فئة المسلمين الذين هم متطرفون.,MultiParaDetox,MultiParaDetox,,True
ar,Arabic,هئ يؤبر عضامي قولة الشاميات.. يسكتلياه هو وانا أكمل نومي هههههه بس المشكلة إنو موو هون يا دبة 🐼😭💔,هئ يؤبر عضامي قولة الشاميات.. يسكتلياه هو وانا أكمل نومي هههههه بس المشكلة إنو موو هون,MultiParaDetox,MultiParaDetox,,True
ar,Arabic,هبلة و مش فاهمة شو عم بتحكي,مش فاهمة شو عم بتحكي,MultiParaDetox,MultiParaDetox,,True
ar,Arabic,هده الاخبار نشرا البارح كاتعاودو تنشروها لعنة الله عليكم,هده الاخبار نشرا البارح كاتعاودو تنشروها,MultiParaDetox,MultiParaDetox,,True
ar,Arabic,هذا أطول مني ب ٤٦ سنتمتر وأنا أشوف اللي أقصر مني ب ١٠ سنتمتر قزم أجل هذا وش يشوفني🙄,هذا أطول مني ب ٤٦ سنتمتر وأنا أشوف اللي أقصر مني ب ١٠ سنتمتر قصير أجل هذا وش يشوفني🙄,MultiParaDetox,MultiParaDetox,,True
ar,Arabic,هذا الرجل يعرف كيف يقتل الشيوعيين مثل لا أحد آخر!,هذا الرجل يعرف كيف يتعامل مع الشيوعيين مثل لا أحد آخر!,MultiParaDetox,MultiParaDetox,,True
ar,Arabic,هذا السلام الذي يتغنى يه المطبعون لعنة الله عليكم ابد الدهر,هذا السلام الذي يتغنى يه المطبعون,MultiParaDetox,MultiParaDetox,,True
ar,Arabic,هذا السلام اللي تتكلمون عنه ؟ لعنة الله عليكم يا خونة,هذا السلام اللي تتكلمون عنه ؟ حسبي الله عليكم,MultiParaDetox,MultiParaDetox,,True
ar,Arabic,هذا خارجي تكفيري. ويأتون بآثار مكذوبه ويتركون الاحاديث الصِحاح التي يفهمها البل…,هذا يكفر الناس . ويأتون بآثار مكذوبه ويتركون الاحاديث الصِحاح التي يفهمها البل…,MultiParaDetox,MultiParaDetox,,True
ar,Arabic,هذا كل مايهمكم لعنة الله عليكم جميعا البلاد تغرق وأنتم مشغولين بمواقع التواصل,هذا كل مايهمكم البلاد تغرق وأنتم مشغولين بمواقع التواصل,MultiParaDetox,MultiParaDetox,,True
ar,Arabic,هذا هو الخراء الذي يضحكون عليه بسبب بساطته.,هذا هو الذي يضحكون عليه بسبب بساطته.,MultiParaDetox,MultiParaDetox,,True
ar,Arabic,هذا واحد قليل بحقه الحذاء,هذا واحد قليل بحقه الشتيمة,MultiParaDetox,MultiParaDetox,,True
ar,Arabic,هذا يجب أن يكون أغبى وأفسد طريقة للمنافقة في تاريخ البشرية,يجب أن تكون هذه الطريقة الأكثر فسادا للمزايدة في تاريخ البشرية,MultiParaDetox,MultiParaDetox,,True
ar,Arabic,هذه ليست سياسة، هذه ليست سوى ثور مغرور للجماهير الجاهلة.,هذه ليست سياسة,MultiParaDetox,MultiParaDetox,,True
ar,Arabic,هل قرأت المقال على الإطلاق، أم أنك مجرد واحد آخر من عملاء غوبتا الغوغائين .,هل قرأت المقال على الإطلاق، أم لا؟,MultiParaDetox,MultiParaDetox,,True
ar,Arabic,هناك ثلاثة أنواع من الأكاذيب: الأكاذيب، الأكاذيب الملعونة، والإحصائيات.,هناك ثلاثة أنواع من الأكاذيب: الأكاذيب، الأكاذيب، والإحصائيات.,MultiParaDetox,MultiParaDetox,,True
ar,Arabic,ههه واضح مين اللي يبيع ارضه ومين اللي يدافع عن ارضه وحررها من المجوس,ههه واضح مين اللي يبيع ارضه ومين اللي يدافع عن ارضه وحررها من الإيرانيين,MultiParaDetox,MultiParaDetox,,True
ar,Arabic,ههههه ٧٠سنه والاموال والتسليح يرسل لحكومة فلس وياسر عرفات يرفض اي صلح لحتى ماقال له حسني مبارك وقع يا…,ههههه ٧٠سنه والاموال والتسليح يرسل لحكومة فلسطين وياسر عرفات يرفض اي صلح لحتى ماقال له حسني مبارك وقع يا…,MultiParaDetox,MultiParaDetox,,True
ar,Arabic,هههههه وانا بقول حل يانجس انت مو قد النقاش ولا السجال تتكلم وتتهم قيادتي وانت ما انت إلا…,هههههه وانا بقول حل يا رجل انت مو قد النقاش ولا السجال تتكلم وتتهم قيادتي وانت ما انت إلا…,MultiParaDetox,MultiParaDetox,,True
ar,Arabic,ههههههه كول هوا وزحط من هون,ههههههه أسكت وزحط من هون,MultiParaDetox,MultiParaDetox,,True
ar,Arabic,هو الاسماعيلى ده فريق متخلف يعنى ولا ايه يعنى ماهو عادى لو المصرى راح الماتش وعداكم كلكم ما تولعوا يعنى ماهو خايف ع…,هو الاسماعيلى ده فريق مبتدئ يعنى ولا ايه يعنى ماهو عادى لو المصرى راح الماتش وعداكم كلكم ما تولعوا يعنى ماهو خايف ع…,MultiParaDetox,MultiParaDetox,,True
ar,Arabic,هو السلام بتاعكم خاص بالصهاينة فقط لعنة الله عليكم وعلى سلامكم,هو السلام بتاعكم خاص بالصهاينة فقط ، يا له من سلام,MultiParaDetox,MultiParaDetox,,True
ar,Arabic,هو كدا عرف يربي فعلا شراميط اخر زمن,هو كدا عرف يربي فعلا فاشلين اخر زمن,MultiParaDetox,MultiParaDetox,,True
ar,Arabic,هي قزمة وأنا قزم شنو بنجيب غير الأقزام شوف لي وحدة طولها يكون ٣ متر وعشرين سنتيمتر،، 🥺,هي قصيرة وأنا أقصر شنو بنجيب غير أولاد قصار شوف لي وحدة طولها يكون ٣ متر وعشرين سنتيمتر،، 🥺,MultiParaDetox,MultiParaDetox,,True
ar,Arabic,هي كانت سليطة جدا على المنصة!,كانت غير لائقة على منصة الشهود.,MultiParaDetox,MultiParaDetox,,True
ar,Arabic,هيا شوف بنفس الوقت اللي كهرمان قال لسنجار مابغا القصر الهطف ناره سلمت القصر لابوها الا لعنة الله عليكم,هيا شوف بنفس الوقت اللي كهرمان قال لسنجار مابغا القصر الهطف ناره سلمت القصر لابوها,MultiParaDetox,MultiParaDetox,,True
ar,Arabic,وأنت ذكي مثل شخص لديه فم كبير وعقل صغير وطفولي.,وأنت طفل صغير وذكي,MultiParaDetox,MultiParaDetox,,True
ar,Arabic,وإلى أن تتعامل الحركة النسوية مع الإسلام وكيفية معاملته للمرأة، فإن الحركة برمتها ستكون مهزلة كاملة!,الحركة النسائية ليست حركة جيدة,MultiParaDetox,MultiParaDetox,,True
ar,Arabic,والله يا استاذ صلاح انك تستنقص من مكانتك لما ترد على أمثال هذا الواضح من حسابه انه تكفيري ومشبوه,والله يا استاذ صلاح انك تستنقص من مكانتك لما ترد على أمثال هذا الواضح من حسابه انه متشدد مثير للقلق,MultiParaDetox,MultiParaDetox,,True
ar,Arabic,والواحد بعترض ليه وهو مبسوط من شراميط عيلته,والواحد بعترض ليه وهو مبسوط من فاشلين عيلته,MultiParaDetox,MultiParaDetox,,True
ar,Arabic,وانتم ماذا فعلت عمائمكم يا أحفاد المجوس,وانتم ماذا فعلت عمائمكم يا أحفاد الشيعة,MultiParaDetox,MultiParaDetox,,True
ar,Arabic,وعمها يقول اخوك ممرض و محافظ عن صلاته م رح يكون متحرش و تغريدات عمها تفشللل تفكيره مره متخلف لدرجه…,وعمها يقول اخوك ممرض و محافظ عن صلاته م رح يكون متحرش و تغريدات عمها تفشللل تفكيره مره ساذج لدرجه…,MultiParaDetox,MultiParaDetox,,True
ar,Arabic,وفي سياقٍ آخر الصعايدة احلى واحسن ناس بالعالم,وفي سياقٍ آخر المصريين احلى واحسن ناس بالعالم,MultiParaDetox,MultiParaDetox,,True
ar,Arabic,وقفي صياح لا ادعس على رقبتك,وقفي صياح لا أزعل منك,MultiParaDetox,MultiParaDetox,,True
ar,Arabic,ولا صلعت من كثر ماتحلف ان زيت السلطان يزين الشعر 😂😂 على العموم لو زنجي كسرها بنقول له اللحم والعظم لا تبقي لنا شي,ولا صلعت من كثر ماتحلف ان زيت السلطان يزين الشعر 😂😂 على العموم لو آخر كسرها بنقول له اللحم والعظم لا تبقي لنا شي,MultiParaDetox,MultiParaDetox,,True
ar,Arabic,وماذا قدم في مشوار البطولة يا عبقرينوا سوي مباراة واحده كانت هزيمة وحيدة يا جحش ؟ ولكني ساحترمك,وماذا قدم في مشوار البطولة يا عبقرينوا سوي مباراة واحده كانت هزيمة وحيدة؟ ولكني ساحترمك,MultiParaDetox,MultiParaDetox,,True
ar,Arabic,ومع ذلك فقد دعمتم المهرج طوال الوقت الذي كان فيه أحد كبار الوزراء في الحكومة.,رغم ذلك كنت تدعمه طوال الوقت كان واحدا من كبار الوزراء,MultiParaDetox,MultiParaDetox,,True
ar,Arabic,ومع ذلك، أعتقد أن هذا هو هوية غبية .,ومع ذلك، أعتقد أن هذا هو هوية غير ذكية.,MultiParaDetox,MultiParaDetox,,True
ar,Arabic,وهل الشريف يسمع لكلام شراميط من هي اليسا,وهل الشريف يسمع لكلام ساقطات من هي اليسا,MultiParaDetox,MultiParaDetox,,True
ar,Arabic,وهو قطعة قمامة عديمة القيمة ينبغي أن يزال من منصبه في أقرب وقت ممكن.,وينبغي أن يعزل من منصبه في أقرب وقت ممكن.,MultiParaDetox,MultiParaDetox,,True
ar,Arabic,يا بقرة واحنا فين رحنا؟,واحنا وين رحنا؟,MultiParaDetox,MultiParaDetox,,True
ar,Arabic,يا له من مهرج عديم الفائدة هذا الرجل,هذا الرجل لا يساعد كثيرا,MultiParaDetox,MultiParaDetox,,True
ar,Arabic,يا متخلف الهدايه بيد الله يمكن ربي يهديهم باخر لحظه…,الهدايه بيد الله يمكن ربي يهديهم باخر لحظه…,MultiParaDetox,MultiParaDetox,,True
ar,Arabic,ياحسوفه تربية امك وابوك — الله يلعن امك وابوك 😂 😂,ياحسوفه تربية امك وابوك -😂 😂,MultiParaDetox,MultiParaDetox,,True
ar,Arabic,ياخوك نمزح بس انت لحجي,ياخوك نمزح بس انت بسيط,MultiParaDetox,MultiParaDetox,,True
ar,Arabic,ياخوي المدرب متخلف المفروض ملعب نوح الموسى مع فيجسا وفي الأمام مارين مارتيتا فتوحي ورأس الحربة السوم…,ياخوي المدرب ساذج المفروض ملعب نوح الموسى مع فيجسا وفي الأمام مارين مارتيتا فتوحي ورأس الحربة السوم…,MultiParaDetox,MultiParaDetox,,True
ar,Arabic,ياربي دخلك ؟ كس اختك واخت هيك ثورة,ياربي دخلك ؟ لهيك ثورة,MultiParaDetox,MultiParaDetox,,True
ar,Arabic,ياصاحب الحساب تراك مصختها واضح انك تبي تسوي اثارة جدل بين الشعب الفلسطيني و الشعب السعودي اركد لا احطهه فيك,ياصاحب الحساب تراك زودتها واضح انك تبي تسوي اثارة جدل بين الشعب الفلسطيني و الشعب السعودي اركد,MultiParaDetox,MultiParaDetox,,True
ar,Arabic,ياكلب مسوي نفسك غني يلعن امك ترا مو عيب اذا كان الواحد فقير الله يرزق من يشاء,مسوي نفسك غني ترا مو عيب اذا كان الواحد فقير الله يرزق من يشاء,MultiParaDetox,MultiParaDetox,,True
ar,Arabic,يالييييييييل نادي متخلف ادفعوله ال٥ مليون وفكوا امنا لازم كل موسم قبل مباراه الهلال تخربونهااااا,يالييييييييل نادي مبتدئ ادفعوله ال٥ مليون وفكوا امنا لازم كل موسم قبل مباراه الهلال تخربونهااااا,MultiParaDetox,MultiParaDetox,,True
ar,Arabic,يبدو أن قرار زوبيل لا يهم هذا الجاهل.,يبدو أن قرار زوبيل لا يهم هذا الشخص.,MultiParaDetox,MultiParaDetox,,True
ar,Arabic,يبدو أنه يزدهر على هذه الأشياء وكثيرا ما يجعل وسائل الإعلام تبدو مثل الحمقى.,يبدو أنه يزدهر على هذه الأمور وغالبًا ما يجعل وسائل الإعلام تبدو غير حكيمة.,MultiParaDetox,MultiParaDetox,,True
ar,Arabic,يحمار انت والحبتور كنتو مجتمعين في باريس قبل سنه في فندق الريتس ممكن تحكيلي كم دفعلك؟؟,انت والحبتور كنتو مجتمعين في باريس قبل سنه في فندق الريتس ممكن تحكيلي كم دفعلك؟؟,MultiParaDetox,MultiParaDetox,,True
ar,Arabic,يختار الثاني عشان ما محد يقول عنه قزم,يختار الثاني عشان ما محد يقول عنه قصير,MultiParaDetox,MultiParaDetox,,True
ar,Arabic,يرجع نسبة للنبي محمد صلئ الله عليه وسلم من وين من اي اتجاه بلاش كذب يا اولاد الكلب,يرجع نسبة للنبي محمد صلئ الله عليه وسلم من وين من اي اتجاه بلاش كذب يا ناس,MultiParaDetox,MultiParaDetox,,True
ar,Arabic,يلعن امك انت وشعرك يارب حضور,يرحم امك انت وشعرك يارب حضور,MultiParaDetox,MultiParaDetox,,True
ar,Arabic,٣ مليون زنجي يقومون ب تشي تشي,٣ مليون إفريقي يقومون ب تشي تشي,MultiParaDetox,MultiParaDetox,,True
de,German,#Bayern sollte eine Unabhängigkeitswahl wie die Katalonen machen.. Wir brauchen keine sexy linksversiffte Regierung in #Bayern,#Bayern sollte eine Unabhängigkeitswahl wie die Katalonen machen.. Wir brauchen keine linke Regierung in #Bayern,MultiParaDetox,MultiParaDetox,,True
de,German,#Diesel-#Fahrverbote: Wie vorhergesagt nimmt ihnen das #Globalisten-#Dreckspack jetzt leistbare #Mobilität &amp; zerstört dt. Schlüsselindustrie,#Diesel-#Fahrverbote: Wie vorhergesagt nimmt ihnen das #Globalisten-Gruppe jetzt leistbare #Mobilität & zerstört dt. Schlüsselindustrie,MultiParaDetox,MultiParaDetox,,True
de,German,#FakeNews: Jetzt die übliche #Hetze der #MSM-Journaille gegen die #FPÖ in der #ZIB2 #orfsg17,#FakeNews: Jetzt die üblichen kritischen Berichte der #MSM-Journaille gegen die #FPÖ in der #ZIB2 #orfsg17,MultiParaDetox,MultiParaDetox,,True
de,German,#HETZERIN 💩@USER_0💩 ⛔ #GEBLOCKT ! ⛔ WEG ist diese KRANKE deutschen - feindliche Person ! ⚠,#HETZERIN @USER_0 ⛔ #GEBLOCKT ! ⛔ WEG ist diese deutschen - feindliche Person ! ⚠,MultiParaDetox,MultiParaDetox,,True
de,German,"#LandderVollidioten #geisteskrank - ""Kampf gg #Trump"" (gg #Putin sowieso) Deutsches #Regime im Größenwahn ....","""Kampf gg #Trump"" (gg #Putin sowieso) Deutsches #Regime im Größenwahn ....",MultiParaDetox,MultiParaDetox,,True
de,German,#Myanmar #Islamisierung: Aber irgendwie muss das globale #Dreckspack wohl von seiner krachenden Niederlage in #Syrien ablenken,#Myanmar #Islamisierung: Aber irgendwie muss die globale Gemeinschaft wohl von seiner krachenden Niederlage in #Syrien ablenken,MultiParaDetox,MultiParaDetox,,True
de,German,#Sexuallkunde für #Flüchtlinge und #Migranten ... #Mama #Merkel bringt #Asylanten das ficken bei ... #Vergewaltigungen funktionieren bereits,#Sexuallkunde für #Flüchtlinge und #Migranten ... #Mama #Merkel bietet #Asylbewerbern Aufklärungsunterricht an  ... #Vergewaltigungen funktionieren bereits,MultiParaDetox,MultiParaDetox,,True
de,German,#Straeter ist einfach nur noch Strunz langweilig,#Straeter ist einfach nur noch langweilig,MultiParaDetox,MultiParaDetox,,True
de,German,"... unfassbar!!!! Man muss es einfach einmal so sagen: Liebe Verantwortliche, das Zeug, welches ihr ständig raucht, das ist einfach Scheisse!","... unfassbar!!!! Man muss es einfach einmal so sagen: Liebe Verantwortliche, ihr macht wirklich schlechte Arbeit!",MultiParaDetox,MultiParaDetox,,True
de,German,...sie wird diese 4jahre noch absitzen und den befällt sie der Alzheimer..... Und wenn doch nicht dann auch egal...wir sind trotzdem am Arsch,...sie wird diese 4jahre noch absitzen und den befällt sie der Alzheimer..... Und wenn doch nicht dann auch egal...wir sind trotzdem in Schwierigkeiten,MultiParaDetox,MultiParaDetox,,True
de,German,..du Suffschädel.....wir tolerieren bereits weitaus schlimmeres... !!,.....wir tolerieren bereits weitaus schlimmeres... !!,MultiParaDetox,MultiParaDetox,,True
de,German,.@USER_0 Ich warte auf dem Moment das diese dummdeutschen das begreifen und diese Volksverräterin zur Verantwortung zieht!!!,.@USER_0 Ich warte auf dem Moment das diese Deutschen das begreifen und diese Frau zur Verantwortung zieht!!!,MultiParaDetox,MultiParaDetox,,True
de,German,"1. Mit ihr euch meine ich diese ganzen intoleranten voll mit hasserfüllten versagern ..2 . ich will mich nicht nach euren wünschen und Vorstellungen integrieren , punkt aus !","1. Mit ihr euch meine ich diese ganzen intoleranten voll mit hasserfüllten Menschen ..2 . ich will mich nicht nach euren wünschen und Vorstellungen integrieren , punkt aus !",MultiParaDetox,MultiParaDetox,,True
de,German,100% der AfD scheißt auf die Menschenrechte,100% der AfD sind die Menschenrechte egal,MultiParaDetox,MultiParaDetox,,True
de,German,11jahre für das Schwein ist schon ok...alles besser als Bewährung...,11jahre für den Mann ist schon ok...alles besser als Bewährung...,MultiParaDetox,MultiParaDetox,,True
de,German,@USER_0_Hoffenheim @USER_0 Mit besseren Kommentatoren Pinkeln gehen aber das Urinal nicht treffen,@USER_0_Hoffenheim @USER_0 Mit besseren Kommentatoren das Ziel verfehlen,MultiParaDetox,MultiParaDetox,,True
de,German,"@USER_0de @USER_0 In der Türkei, das Maul nicht riskieren und hier frech werden! Typisch Türke!","@USER_0de @USER_0 In der Türkei, nichts riskieren und hier frech werden! Typisch!",MultiParaDetox,MultiParaDetox,,True
de,German,@USER_1: @USER_2 @USER_0 Was für ein dummer Tweet!. Von diesen Typen kritisiert werden ist eine Ehre!. Die Rotfaschisten zittern!,@USER_1: @USER_2 @USER_0 Was für ein unüberlegter Tweet!. Von diesen Typen kritisiert werden ist eine Ehre!. Die Roten zittern!,MultiParaDetox,MultiParaDetox,,True
de,German,AUF DAS DER FUROR TEUTONICUS ERWACHT !zurhöllemitmerkel !,AUF DAS DER FUROR TEUTONICUS ERWACHT !wegmitmerkel !,MultiParaDetox,MultiParaDetox,,True
de,German,"Ach du Scheisse, wer mit Nahles in die Zukunft geht kann auch gleich den Stegner dazu packen 😂😂😂😂😂😂😂😂😂😂😂😂😂😂😂😂","Ach du grüne Neune, wer mit Nahles in die Zukunft geht kann auch gleich den Stegner dazu packen 😂😂😂😂😂😂😂😂😂😂😂😂😂😂😂😂",MultiParaDetox,MultiParaDetox,,True
de,German,"Ach ja stimmt, Eure bekloppte Religion...","Ach ja stimmt, Eure Religion...",MultiParaDetox,MultiParaDetox,,True
de,German,"Alternative: Frauen bekommen von alleine ihren Hintern hoch und geben nicht immerzu Männern die Schuld, wenn ihnen irgendetwas nicht passt.","Alternative: Frauen schaffen es, sich aufzuraffen und geben nicht den Männern die Schuld, wenn ihnen irgendetwas nicht passt.",MultiParaDetox,MultiParaDetox,,True
de,German,"An Merkel, Gauck, Flintenuschi &amp; Co: ""Wer Krieg predigt, ist des Teufels Feldprediger"" (altes Deutsches Sprichwort) 😜","An Merkel, Gauck, Von der Leyen & Co: ""Wer Krieg predigt, ist des Teufels Feldprediger"" (altes Deutsches Sprichwort) 😜",MultiParaDetox,MultiParaDetox,,True
de,German,An alle Pferde Hunde Katzen Kühe usw....ihr seid voll im Arsch...!,An alle Pferde Hunde Katzen Kühe usw....ihr seid voll in der Klemme...!,MultiParaDetox,MultiParaDetox,,True
de,German,Auch ein Merkel Vasall der das sagen muss was diese Volksverräterin vorgibt!!! Lügenpresse!!!,Auch ein Merkel Anhänger der das sagen muss was diese Frau vorgibt!!! unehrliche Presse!!!,MultiParaDetox,MultiParaDetox,,True
de,German,Auf die Bewährung schei.......ss ich!,Die Bewährung ist mir egal!,MultiParaDetox,MultiParaDetox,,True
de,German,"Behörden WARTEN auf mehrere Morde, von diesem Abschaum!","Behörden WARTEN auf mehrere Morde, von diesen Leuten!",MultiParaDetox,MultiParaDetox,,True
de,German,Bei diesen Kölner Staatsoberhäupter sind die Kölner verloren...oder verständlicher:...voll im Arsch..!!,Bei diesen Kölner Staatsoberhäupter sind die Kölner verloren...!!,MultiParaDetox,MultiParaDetox,,True
de,German,Bei einer psycho Sekte von freiwillig zu sprechen ist mutig.,Bei einer Sekte von freiwillig zu sprechen ist mutig.,MultiParaDetox,MultiParaDetox,,True
de,German,Bin 1947 geboren und habe mit diesem ganzen Scheiß nichts am Hut! Basta!,Bin 1947 geboren und habe mit diesem ganzen Kram nichts am Hut! Basta!,MultiParaDetox,MultiParaDetox,,True
de,German,"Da diese Meldung von den Vasallen Merkels kommt, würde ich sagen das diese Meldung der Tagesschau gelogen ist!! Lügenpresse und Lügen Medien","Da diese Meldung von den Unterstützern Merkels kommt, würde ich sagen das diese Meldung der Tagesschau gelogen ist!! Unehrliche Presse und lügende Medien",MultiParaDetox,MultiParaDetox,,True
de,German,"Das Fette Schwein @USER_0 Gabriel Redet wieder auf ,alles vor der Wahl 2017 😂😂😂😂😂","@USER_0 Gabriel Redet wieder auf ,alles vor der Wahl 2017 😂😂😂😂😂",MultiParaDetox,MultiParaDetox,,True
de,German,"Das Pflaster müsste über sein dummes Maul reichen,😷","Das Pflaster müsste über seinen Mund reichen,😷",MultiParaDetox,MultiParaDetox,,True
de,German,Das Video ist gesperrt - aus urheberrechtlichen Gründen - durch die Lügenpresse.,Das Video ist gesperrt - aus urheberrechtlichen Gründen - durch die Presse.,MultiParaDetox,MultiParaDetox,,True
de,German,Das darf man bei den Grünen Kinderfi....n nicht so eng sehen! 😎,Das darf man bei den Grünen nicht so eng sehen! 😎,MultiParaDetox,MultiParaDetox,,True
de,German,"Das einzige was @USER_1 bereut bedauert, dass er erwischt wurde.. Dieser Pädophile gehört eindeutig entsorgt...samt seiner Grünen Brut!!","Das einzige was @USER_1 bereut bedauert, dass er erwischt wurde.. Dieser Pädophile gehört eindeutig abgewählt...samt seiner Grünen Brut!!",MultiParaDetox,MultiParaDetox,,True
de,German,Das haben wir dem kleinen Wicht zu verdanken...😃,Das haben wir dieser kleinen Person zu verdanken...😃,MultiParaDetox,MultiParaDetox,,True
de,German,Das ist die Folge wenn Schwachmaten wie Laschet und Konsorten Politik machen! 😨 👎,Das ist die Folge wenn Leute wie Laschet und Konsorten Politik machen! 😨 👎,MultiParaDetox,MultiParaDetox,,True
de,German,Das ist ein Spinner der Türken hasst,Das ist eine Person die Türken nicht mag,MultiParaDetox,MultiParaDetox,,True
de,German,"Das ist eine Moslem-Schlampe , die es hoffentlich noch bereuen wird .Ich habe kein Mitleid nur Schadenfreude!","Das ist eine Muslima, die es hoffentlich noch bereuen wird .Ich habe kein Mitleid nur Schadenfreude!",MultiParaDetox,MultiParaDetox,,True
de,German,"Das ist mir scheiss-egal Hauptsache sie scheiden aus ,bin 60er Fan!!!!!!!!!","Das ist miregal Hauptsache sie scheiden aus ,bin 60er Fan!!!!!!!!!",MultiParaDetox,MultiParaDetox,,True
de,German,Das meiste geht eh wieder für die Asylanten drauf 🤮,Das meiste geht eh wieder für die Asylbewerber drauf,MultiParaDetox,MultiParaDetox,,True
de,German,"Das sind doch alles masturbierende Pickelplatagen, keine Ahnung von Etwas...deswegen werden sie bestimmt Berufspolitiker..😃😃","Das sind doch alles Anfänger, keine Ahnung von Etwas...deswegen werden sie bestimmt Berufspolitiker..😃😃",MultiParaDetox,MultiParaDetox,,True
de,German,"Das sind doch überwiegend junge Männer, die uns überrennen wollen.. Die illegalen Invasoren brauchen Arbeit - in Arbeitslagern - fair.","Das sind doch überwiegend junge Männer, die zu uns kommen wollen.. Die Einwanderer ohne Papiere brauchen Arbeit.",MultiParaDetox,MultiParaDetox,,True
de,German,Das wird nie aufhören...die fucking Gutmenschen würden ihr eigenes opfern um diesen Völkerwahn aufrechtzuerhalten,Das wird nie aufhören...die Gutmenschen würden ihr eigenes opfern um diesen Völkerwahn aufrechtzuerhalten,MultiParaDetox,MultiParaDetox,,True
de,German,Der Auftritt der AfD ist richtig gut....absolut verständliche nachvollziehbare Politik..... Es wird Zeit die Sesselschnarcher abzuservieren ...!,Der Auftritt der AfD ist richtig gut....absolut verständliche nachvollziehbare Politik..... Es wird Zeit die alteingesessenen Politiker abzuservieren ...!,MultiParaDetox,MultiParaDetox,,True
de,German,Der Fettsack soll mal besser den Kopf zu machen.,Der Mann soll mal besser den Kopf zu machen.,MultiParaDetox,MultiParaDetox,,True
de,German,Der Gscheidschmatzer macht mich richtig wütend! Fährt mit seinem Porsche rum und reißt seine Klappe auf...ich glaubs nicht!,Der Besserwisser macht mich richtig wütend! Fährt mit seinem Porsche rum und reißt seinen Mund auf...ich glaubs nicht!,MultiParaDetox,MultiParaDetox,,True
de,German,Der IS eroberte in 100ten Städten auch die Ämter mit Mio Pässen u. verblödete Beamte wundern sich über Zig Identitäten von Krimigranten 😂😂😂,Der IS eroberte in 100ten Städten auch die Ämter mit Mio Pässen u. Beamte wundern sich über Zig Identitäten von Immigranten 😂😂😂,MultiParaDetox,MultiParaDetox,,True
de,German,Der Papst würde auch den Arsch des Teufels küssen wenn es ihm nützt,Der Papst würde auch alles tun wenn es ihm nützt,MultiParaDetox,MultiParaDetox,,True
de,German,Der Steinmaier redet nur Scheisse !!!! Gerade auf NTv,Der Steinmaier redet nur Unsinn !!!! Gerade auf NTv,MultiParaDetox,MultiParaDetox,,True
de,German,Der Wechsel auf neue Modelle lässt die alten Diesel nicht. verschwinden. Das ist ein saudummer Vorschlag. Die Schiffe. versauen die Luft mehr,Der Wechsel auf neue Modelle lässt die alten Diesel nicht. verschwinden. Das ist kein guter Vorschlag. Die Schiffe. belasten die Luft mehr,MultiParaDetox,MultiParaDetox,,True
de,German,"Der Weitertransport von ""Schiffbrüchigen"" nach Europa ist ein. Verbrechen an den Italienern, die dann dafür zahlen müssen. Sauerei.","Der Weitertransport von ""Schiffbrüchigen"" nach Europa ist ein. Verbrechen an den Italienern, die dann dafür zahlen müssen.",MultiParaDetox,MultiParaDetox,,True
de,German,Der dumme Deutsche hat gewählt er läuft freiwillig zur Schlachtbank.. Armes dummes Deutschland.,Der Deutsche hat gewählt er läuft freiwillig zur Schlachtbank.. Armes Deutschland.,MultiParaDetox,MultiParaDetox,,True
de,German,Deutschland das Land der drei Geschlechter der Duckmäuser und ja Sager der Toleranz Fanatiker. Das Land der Verblödung.,Deutschland das Land der drei Geschlechter der Angepassten und ja Sager der Toleranz Fanatiker.,MultiParaDetox,MultiParaDetox,,True
de,German,Die 42. Volksverarsche fürs dumm Wahl-„Volk“,Die 42. Irreführung fürs Wahl-„Volk“,MultiParaDetox,MultiParaDetox,,True
de,German,"Die Bevölkerung Europas wird ""weggezüchtet"" werden, wie einst die Neandertaler und hirnlose ""Prolle"" merken`s nicht einmal 😂😂😂","Die Bevölkerung Europas wird ""weggezüchtet"" werden, wie einst die Neandertaler und einige Personen merken`s nicht einmal 😂😂😂",MultiParaDetox,MultiParaDetox,,True
de,German,Die Drecks-SPD mit ihren Aussenministern scheisst aufs Grundgesetzt und ganz besonders auf Art. 6 GG,Der SPD mit ihren Aussenministern ist das Grundgesetzt egal und ganz besonders Art. 6 GG,MultiParaDetox,MultiParaDetox,,True
de,German,"Die Laien-Ministerin kann zwar nicht mehr ""werfen"", aber sie erzeugt bei. mir Geilheit: ""den Umschalter zu nutzen.""","Die Laien-Ministerin kann zwar nicht mehr ""werfen"", aber sie erzeugt bei. mir Interesse: ""den Umschalter zu nutzen.""",MultiParaDetox,MultiParaDetox,,True
de,German,"Die Mehrzahl=Asylschmarotzer, Verbrecher, Terroristen, Feiglinge","Die Mehrzahl=Asylsuchende, Verbrecher, Terroristen",MultiParaDetox,MultiParaDetox,,True
de,German,Die Politiker und Merkels Vasallen die Lügenpresse und Medienlandschaft sprachen doch von Zehntausenden Teilnehmern? Bestimmt Navi kaputt 😂😂,Die Politiker und Merkels Anhänger die Presse und Medienlandschaft sprachen doch von Zehntausenden Teilnehmern? Bestimmt Navi kaputt 😂😂,MultiParaDetox,MultiParaDetox,,True
de,German,Die Randalierer von Hamburg müssen den entstandenen Schaden ersetzen und. notfalls in Arbeitslagern abarbeiten.,Die Randalierer von Hamburg müssen den entstandenen Schaden ersetzen und. notfalls in Sozialstunden abarbeiten.,MultiParaDetox,MultiParaDetox,,True
de,German,"Die Zersetzung,die Vernichtung der Kultur,der Abschaum,hat immer nur einen Ursprung!","Die Zersetzung,die Vernichtung der Kultur,hat immer nur einen Ursprung!",MultiParaDetox,MultiParaDetox,,True
de,German,Die deutsche Lügenpresse und Nazi Medien sind nur noch zum kotzen 🤢 schlimmer als Göbbels eben alle samt Vasallen Merkels!!,"Die deutsche Presse und Medien sind nur noch schlecht, eben alle samt Unterstützer Merkels!!",MultiParaDetox,MultiParaDetox,,True
de,German,Die einzige Frage ist: Lassen sich die #Österreicher wieder von der #Kern-#Kurz-affinen #MSM-#Lügenbande verarschen oder nicht?,Die einzige Frage ist: Lassen sich die #Österreicher wieder von der #Kern-#Kurz-affinen #MSM-#bande hinters Licht führen oder nicht?,MultiParaDetox,MultiParaDetox,,True
de,German,Die einzigen Nazis dir mir auffallen sind die öffentlich-rechtlichen mit ihrer Hetzpropaganda  gegen Trump und morgen sind es dann die Juden,Die einzigen Nazis dir mir auffallen sind die öffentlich-rechtlichen mit ihrer Propaganda gegen Trump und morgen sind es dann die Juden,MultiParaDetox,MultiParaDetox,,True
de,German,"Die ganze Welt schüttelt den Kopf oder lacht uns aus und dieses dumme Weib, Merkel, macht fleißig weiter !","Die ganze Welt schüttelt den Kopf oder lacht uns aus und diese Frau, Merkel, macht fleißig weiter !",MultiParaDetox,MultiParaDetox,,True
de,German,Die haben noch einen Arsch in der Hose.,Die haben noch Mumm.,MultiParaDetox,MultiParaDetox,,True
de,German,"Die liebt Wahlkampf, andere lieben ihre Familien. Zum kotzen, was die SPD alles tut, um an der Macht zu kleben.","Die liebt Wahlkampf, andere lieben ihre Familien. Erstaunlich, was die SPD alles tut, um an der Macht zu bleiben.",MultiParaDetox,MultiParaDetox,,True
de,German,Die meisten Deutschen misstrauen Merkel!. Warum schreibt dieses Vasallenpack der deutschen Lügenpresse nicht mal darüber!!!!,Die meisten Deutschen misstrauen Merkel!. Warum schreibt die Presse nicht mal darüber!!!!,MultiParaDetox,MultiParaDetox,,True
de,German,Die wievielte Generation Türken scheint hier auf der Straße zu sein ca.die 4te das Wespen Nest,Die wievielte Generation Türken scheint hier auf der Straße zu sein ca.die 4te,MultiParaDetox,MultiParaDetox,,True
de,German,Die öffentlich-rechtlichen sind Merkels Vasallen und unterstehen der Zensur Merkels!! Die Lügenpresse ebenfalls so wie SAT1 und RTL,Die öffentlich-rechtlichen sind Merkels Anhänger und unterstehen der Zensur Merkels!! Die Presse ebenfalls so wie SAT1 und RTL,MultiParaDetox,MultiParaDetox,,True
de,German,Die.linken können tun was sie wollen dieses pack,Die.linken können tun was sie wollen,MultiParaDetox,MultiParaDetox,,True
de,German,"Diese ganze #metoo Kampagne einfach zum kotzen. Wie viele Männer werden von Frauen unterdrückt, misshandelt und missbraucht. Darüber spricht Mann nicht, aus Scham.","Diese ganze #metoo Kampagne einfach schlecht. Wie viele Männer werden von Frauen unterdrückt, misshandelt und missbraucht. Darüber spricht Mann nicht, aus Scham.",MultiParaDetox,MultiParaDetox,,True
de,German,Dieser Hank ist wirklich ein Honk.,Dieser Hank ist wirklich komisch.,MultiParaDetox,MultiParaDetox,,True
de,German,"Dieses ""Propaganda-TV"" ist nicht mehr mit anzusehen 🤢 Hoffentlich tritt Trump den politisch Verantwortlichen gehörig in den Arsch, Murksel!","Dieses ""Propaganda-TV"" ist nicht mehr mit anzusehen 🤢 Hoffentlich weckt Trump die politisch Verantwortlichen endlich auf, Merkel!",MultiParaDetox,MultiParaDetox,,True
de,German,Du meinst zwitter und zwitter ist kein Geschlecht sondern eine Behinderung die man von geburt aus leider hat,Du meinst intersexuell und intersexuell ist kein Geschlecht sondern eine biologische Variation die man von geburt aus leider hat,MultiParaDetox,MultiParaDetox,,True
de,German,"Du weißt, dass du #geistesgestört bist, wenn deine größte Sorge ist von #linke n Clowns ""#Rassist"" od. ""#islamophob"" genannt zu werden","Du weißt, dass du #verwirrt bist, wenn deine größte Sorge ist von #linken ""#Rassist"" od. ""#islamophob"" genannt zu werden",MultiParaDetox,MultiParaDetox,,True
de,German,"Dummes Gelaber wegen Abschiebung in unsichere Staaten. Berlin, Manchester. und Nizza liegen auch in unsicheren Staaten. Also keine Hemmungen.","Unnötiges Gespräch wegen Abschiebung in unsichere Staaten. Berlin, Manchester. und Nizza liegen auch in unsicheren Staaten. Also keine Hemmungen.",MultiParaDetox,MultiParaDetox,,True
de,German,"Dummes Gelaber, Kern. Kurz stellt sich nicht gegen die Italiener. Er. will nur 200.000 Invasoren nicht nach Österreich einreisen lassen.","Unsinnige Aussage, Kern. Kurz stellt sich nicht gegen die Italiener. Er. will nur 200.000 Einwanderer nicht nach Österreich einreisen lassen.",MultiParaDetox,MultiParaDetox,,True
de,German,Dummes Geschwätz. Er sitzt alle Dumnscheätzer aus. Zu Recht,Dummes Geschwätz. Er sitzt alle mit anderer Meinung aus. Zu Recht,MultiParaDetox,MultiParaDetox,,True
de,German,Düsseldorf ist nicht die einzige dumme Stadt...und mit dem Messerstecher habe ich mehr Mitleid als mit dem Möchtegernbürgermeister...!!,Düsseldorf ist nicht die einzige Stadt mit diesen Herausforderungen...und mit dem Täter habe ich mehr Mitleid als mit dem Bürgermeister...!!,MultiParaDetox,MultiParaDetox,,True
de,German,ES WIRD SICH NIEMALS WAS ÄNDERN ;AUF DIESER wELT ;WENN NICHT DIE ELITÄREN AUSGELÖSCHT WERDEN !!! Die uns nur versklaven !!!,ES WIRD SICH NIEMALS WAS ÄNDERN ;AUF DIESER wELT ;WENN NICHT DIE ELITÄREN ABGESCHAFFT WERDEN !!! Die uns nur unterdrücken !!!,MultiParaDetox,MultiParaDetox,,True
de,German,Eben ein Beisp. mehr für die kranken Hirne von Politikern. Dieser geistige Schwachsinn auch unserer Politiker wird sich leider bitter rächen,Eben ein Beisp. mehr für die Gedankenwelt von Politikern. Diese Denkweise auch unserer Politiker wird sich leider bitter rächen,MultiParaDetox,MultiParaDetox,,True
de,German,"Ein System der Zersetzung, ein System der Lemminge der USA,ein System von Sklaven!","Ein System der Zersetzung, ein System der Anhänger der USA,ein System von Unterstützern!",MultiParaDetox,MultiParaDetox,,True
de,German,"Ein krimineller, perverser Dummkopf, der bald endlich schlechte deutsche Geschichte ist!","Ein krimineller Mann, der bald endlich schlechte deutsche Geschichte ist!",MultiParaDetox,MultiParaDetox,,True
de,German,"Ekelhafter gehts kaum, wie sich diese CDU-Schwachmaten selbst beweihräuchern u feiern u das vor dem Hintergrund des tief gespaltenen Landes🤢","Unverständlicher gehts kaum, wie sich diese CDU-Politiker selbst beweihräuchern u feiern u das vor dem Hintergrund des tief gespaltenen Landes🤢",MultiParaDetox,MultiParaDetox,,True
de,German,Endlich wurde dem Linken Anarchisten-Pack eine auf die Fresse gehauen!🤛,Endlich wurde den Linken Anarchisten ein Denkzettel verpasst!,MultiParaDetox,MultiParaDetox,,True
de,German,"Endlich, Trump streicht dem CIA die Gelder, die seit 1945 für weltweite Kriege sorgten - logisch, dass Merkel und Flintenuschi jaulen 💩","Endlich, Trump streicht dem CIA die Gelder, die seit 1945 für weltweite Kriege sorgten - logisch, dass Merkel und Von der Leyen jaulen",MultiParaDetox,MultiParaDetox,,True
de,German,"Es gibt auch Rentner die darauf angewiesen sind ,die den Cent 2-3mal umdrehen müssen bevor er ausgegeben wird ,anders ist es mit den Asylanten,die haben freie Fahrt!","Es gibt auch Rentner die darauf angewiesen sind ,die den Cent 2-3mal umdrehen müssen bevor er ausgegeben wird ,anders ist es mit den Asylbewerber,die haben freie Fahrt!",MultiParaDetox,MultiParaDetox,,True
de,German,Es gibt deutsche Weiber die sind geil drauf...deswegen wählen sie SPDund Grünen..!,Es gibt deutsche Frauen denen das gefällt...deswegen wählen sie SPDund Grünen..!,MultiParaDetox,MultiParaDetox,,True
de,German,Es gäbe eine Lösung...wir sollten als Verstärkung die Maghreb-Polizei holen. Nichts fürchten die kleinen Schmarotzer mehr..!,Es gäbe eine Lösung...wir sollten als Verstärkung die Maghreb-Polizei holen. Nichts fürchten diese Personen mehr..!,MultiParaDetox,MultiParaDetox,,True
de,German,"Es ist unglaublich dieses Politische Pack posaunt in die Welt hinaus es können 220.000 plus die, d zusätzlich kommen in unser Land strömen","Es ist unglaublich diese Politiker posaunen in die Welt hinaus es können 220.000 plus die, d zusätzlich kommen in unser Land strömen",MultiParaDetox,MultiParaDetox,,True
de,German,"Es kotzt mich an und bringt mich selbst zum kotzen, wenn Özdemir, oder wie immer der geschrieben wird, von PATRIOTISMUS redet oder sich über DEMOKRATIE ausläßt!","Es ärgert mich, wenn Özdemir, oder wie immer der geschrieben wird, von PATRIOTISMUS redet oder sich über DEMOKRATIE ausläßt!",MultiParaDetox,MultiParaDetox,,True
de,German,"Es wird Zeit,den Pfaffen zu zeigen,wer sie sind! Ein Verein der Gescheiterten und Weltfremden!","Es wird Zeit,den Geistlichen zu zeigen,wer sie sind! Ein Verein der Gescheiterten und Weltfremden!",MultiParaDetox,MultiParaDetox,,True
de,German,"FDP..bisher immer unbedeutend, wirklichen Schaden konnten sie nie anrichten..bis jetzt.. Lindner?.noch eine größere Pfeife als Westerwelle..!","FDP..bisher immer unbedeutend, wirklichen Schaden konnten sie nie anrichten..bis jetzt.. Lindner?.noch schlimmer als Westerwelle..!",MultiParaDetox,MultiParaDetox,,True
de,German,"Facebook ist verkommen zu einem Medium, dass nur noch die Darmbewohner der abgefuckten Altparteien und die sogenannte Religion der Steinzeitzombies vertritt.","Facebook ist verkommen zu einem Medium, dass nur noch die Mitglieder der Altparteien und eine bestimmte Religion  vertritt.",MultiParaDetox,MultiParaDetox,,True
de,German,"Frage mich schon seit Jahren, wieviel Stoff jemand intus haben muß, um solche deutschfeindlichen Idioten zu wählen?!","Frage mich schon seit Jahren, wieviel Stoff jemand intus haben muß, um solche deutschfeindlichen Personen zu wählen?!",MultiParaDetox,MultiParaDetox,,True
de,German,Frau #Böttinger meine Meinung dazu ist sie sollten uns mit ihrem Pferdegebiss nicht weiter belästigen #WDR,Frau #Böttinger meine Meinung dazu ist sie sollten uns mit ihrer Meinung nicht weiter belästigen #WDR,MultiParaDetox,MultiParaDetox,,True
de,German,"Frau Kerestan hat frisch und gut argumentiert. Herr Weinberg ist ein Betonkopf, der nur rückwärtsgewandt zu blicken scheint.",Frau Kerestan hat frisch und gut argumentiert. Herr Weinberg schneint nur rückwärtsgewandt zu blicken.,MultiParaDetox,MultiParaDetox,,True
de,German,"Frauen u Christen bekommen Extraunterkünfte, um sie vor den #Asylanten zu schützen.U wer schützt die Deutschen wenn die rausgekommen?","Frauen u Christen bekommen Extraunterkünfte, um sie vor den #Asylbewerbern zu schützen.U wer schützt die Deutschen wenn die rausgekommen?",MultiParaDetox,MultiParaDetox,,True
de,German,"Für dumm verkaufte und befundene DORFDEPPEN die auch glauben das Heiko Maas ein Demokrat ist !! Land halt,da dauerts!","Für dumm verkaufte und befundene DORFBEWOHNER die auch glauben das Heiko Maas ein Demokrat ist !! Land halt,da dauerts!",MultiParaDetox,MultiParaDetox,,True
de,German,"Für mich ist der morgige Tag ein Tag der ""Größten Deutschen Schweinerei"" seit 1945, eine riesen Mogelpackung bekloppter Politiker🤢","Für mich ist der morgige Tag ein Tag der ""Größten Deutschen Schweinerei"" seit 1945, eine riesen Mogelpackung Politiker",MultiParaDetox,MultiParaDetox,,True
de,German,"Gabriel, was bist Du für ein scheinheiliger Außerrandundband-Minister.. Verkaufst Deine Demokratie an das Sultanat. Raus mit Dir.","Gabriel, was bist Du für ein unaufrichtiger Außerrandundband-Minister.. Verkaufst Deine Demokratie an das Sultanat.",MultiParaDetox,MultiParaDetox,,True
de,German,Georg Restle treibt immer noch sein Unwesen gespickt mit Hetze u Fake News gegen die AFD in d ARD dieser Schweinejournalist gehört entsorgt,Georg Restle treibt immer noch sein Unwesen gespickt mit Nachrichten u Fake News gegen die AFD in d ARD dieser Journalist gehört gekündigt,MultiParaDetox,MultiParaDetox,,True
de,German,Gesicht???? Was für ein Gesicht. Der hat nicht einmal einen Hals. Bei uns heißt so etwas Wutzekopp.,Gesicht???? Was für ein Gesicht. Der hat nicht einmal einen Hals.,MultiParaDetox,MultiParaDetox,,True
de,German,"Gibt es überhaupt so viele Dreckslöcher in Deutschland, wenn die LINKEN sich bald verdrücken müßen ??","Gibt es überhaupt so viele Rückzugsorte in Deutschland, wenn die LINKEN sich bald verdrücken müßen ??",MultiParaDetox,MultiParaDetox,,True
de,German,"Grüner Scheiss ,wer sitzt hat keine Rechte mehr!","Grüne ,wer sitzt hat keine Rechte mehr!",MultiParaDetox,MultiParaDetox,,True
de,German,"Gute Nacht, Ihr Lieben da draußen und träumt schön von Murksel und ihrem Kurzschwanzdackel Luschet 😜","Gute Nacht, Ihr Lieben da draußen und träumt schön von Merkel und ihrem Kollegen Laschet 😜",MultiParaDetox,MultiParaDetox,,True
de,German,"Habe einige Male für ihn dolmetschen müssen - frag` mich besser nicht. Und wenn er Merkel sieht, kriegt er `nen Stän*** 😜","Habe einige Male für ihn dolmetschen müssen - fragmich besser nicht. Und wenn er Merkel sieht, freut er sich",MultiParaDetox,MultiParaDetox,,True
de,German,Haben wir bei der Schwuchtel auch schon vermutet....,Haben wir bei dem Typ auch schon vermutet....,MultiParaDetox,MultiParaDetox,,True
de,German,Haha das waren welche am Flughafen typische Grünen Wähler. Bis aufs Mark blöde,Haha das waren welche am Flughafen typische Grünen Wähler.,MultiParaDetox,MultiParaDetox,,True
de,German,"Hahaha vllt gönn ich mir das ma. Aber diese asiaten sind einfach freaks, das is nich menschlich","Hahaha vllt gönn ich mir das ma. Aber diese asiaten sind einfach unglaublich, fast übermenschlich",MultiParaDetox,MultiParaDetox,,True
de,German,"Hallo Freunde ""Absurdistan"" hat mich wieder. Gerade mit `nem Geschenk für Murksel aus PL zurück. Ein Kopftuch für die Zweitfrau des Sultans😜","Hallo Freunde ""Absurdistan"" hat mich wieder. Gerade mit `nem Geschenk für Merkel aus PL zurück. Ein Kopftuch für die Zweitfrau des Sultans😜",MultiParaDetox,MultiParaDetox,,True
de,German,"Hallo, war einige Tage in PL, bin gerade zurück u. muss erst all die positiven Eindrücke verarbeiten😜Horsti u. Murksel, ein Thema in PL 😂😂😂","Hallo, war einige Tage in PL, bin gerade zurück u. muss erst all die positiven Eindrücke verarbeiten😜Horsti u. Merkel, ein Thema in PL 😂😂😂",MultiParaDetox,MultiParaDetox,,True
de,German,Hast ja Recht. Erdogan und Merkel gehen mir beide mit ihrer Selbstherrlichkeit am Arsch vorbei. Egomanen sind beide,Hast ja Recht. Erdogan und Merkel mit ihrer Selbstherrlichkeit sind mir beide egal. Egozentrisch sind beide,MultiParaDetox,MultiParaDetox,,True
de,German,Hatte Yücel am Ende doch recht..?...ich bleibe bei meiner Aussage: 80% der deutsche sind verblödete Schwachsinnige... Ihnen ist 🇩🇪egal...!!,Hatte Yücel am Ende doch recht..?...ich bleibe bei meiner Aussage: 80% der deutsche sind ungebildete Leute... Ihnen ist 🇩🇪egal...!!,MultiParaDetox,MultiParaDetox,,True
de,German,"Helmut Schmidt hatte allein mehr Verstand, als die gesamte Berliner Muschpoke zusammen 😜","Helmut Schmidt hatte allein mehr Verstand, als die gesamte Berliner Bevölkerung zusammen 😜",MultiParaDetox,MultiParaDetox,,True
de,German,Hey Charr...du bist kein guter Boxer...im Ami-Land haut dich jeder Sparingspartner wech du Pfeife...!. @USER_1,Hey Charr...du bist kein guter Boxer...in Amerika haut dich jeder Sparingspartner weg...!. @USER_1,MultiParaDetox,MultiParaDetox,,True
de,German,Hier haben einige Politiker richtige abgesahnt..... Und der Oberguru Maschmayer macht jetzt einen auf Fernsehstar...und produziert seiner alten b-Movies. 😃😃,Hier haben einige Politiker richtige abgesahnt..... Und der Maschmayer macht jetzt einen auf Fernsehstar...und produziert seiner alten b-Movies. 😃😃,MultiParaDetox,MultiParaDetox,,True
de,German,Hier sind schon ein paar richtig dumme Menschen unterwegs..... Gegen wenn oder was habt ihr eigentlich vor der AfD gehetzt und gestänkert?. Ich pubertierende Pickelplantagen...,Hier sind schon ein paar richtig naive Menschen unterwegs..... Gegen wenn oder was habt ihr eigentlich vor der AfD gehetzt und gestänkert?.,MultiParaDetox,MultiParaDetox,,True
de,German,"Hinweis: Wer wegen Nadalnys angeblicher Vergiftung nun Nordstream Gas ablehnt ,muss wegen dem tatsächlich getöteten Kashoggi auf das Saudi Öl verzichten Ihr Heuchler. #staatsTV","Hinweis: Wer wegen Nadalnys angeblicher Vergiftung nun Nordstream Gas ablehnt ,muss wegen dem tatsächlich getöteten Kashoggi auf das Saudi Öl verzichten. #staatsTV",MultiParaDetox,MultiParaDetox,,True
de,German,"Huuuuuuuuuu, geht doch, Murksel entglitten in Washington sämtliche Gesichtszüge. Sogar ihre ""Mäulchenfalten"" verschwanden 😂😂😂","Huuuuuuuuuu, geht doch, Merkel entglitten in Washington sämtliche Gesichtszüge. Sogar ihre ""Mundfalten"" verschwanden 😂😂😂",MultiParaDetox,MultiParaDetox,,True
de,German,"Ich bemerke in unseren Medien eine Strategie, die FDP gleich der AfD, zum Abschuss freizugeben.","Ich bemerke in unseren Medien eine Strategie, die FDP gleich der AfD, zu kritisieren.",MultiParaDetox,MultiParaDetox,,True
de,German,"Ich brauche einen Blog, glaube ich, 140 Zeichen sind zu wenig. Get rid of #Islam #Muslims #rapefugees","Ich brauche einen Blog, glaube ich, 140 Zeichen sind zu wenig. Weg mit #Islam #Muslims",MultiParaDetox,MultiParaDetox,,True
de,German,Ich finde er ist einfach ein unlustiger Spasst,Ich finde er ist einfach nciht lustig,MultiParaDetox,MultiParaDetox,,True
de,German,"Ich fordere eine ""Forschungsgruppe islamistischer Mob""","Ich fordere eine ""Forschungsgruppe islamistischer Banden""",MultiParaDetox,MultiParaDetox,,True
de,German,"Ich habe bis heute nicht verstanden, was an Dunkelhäutigen in schwarzen Burkas mit dunkler “Kultur“ BUNT sein soll... #Islamisierung","#maischberger Fratscher für Migranten als InvestitioIch habe bis heute nicht verstanden, was an Schwarzen in schwarzen Burkas mit dunkler “Kultur“ BUNT sein soll... #Islamisierung",MultiParaDetox,MultiParaDetox,,True
de,German,Ich kann diese scheisse mit diesen drecksmigranten einfach nicht mehr ertragen....wenn ich nur schon kanacken sehen wird gruselig....verfluchte Scheisser ..!,Ich kann das mit diesen migranten einfach nicht mehr ertragen....wenn ich nur schon welche sehe wird gruselig....,MultiParaDetox,MultiParaDetox,,True
de,German,Ich kann diesen Bullshit nicht mehr hören...die dummen 🇩🇪haben sich entschieden.... Die sollen weiterhin in ihrer Scheißprovinz bleiben,Ich kann diesen Bullshit nicht mehr hören...die 🇩🇪haben sich entschieden.... Die sollen weiterhin in ihrer Provinz bleiben,MultiParaDetox,MultiParaDetox,,True
de,German,Ich kritisiere insbesondere das scheinheilige Verhalten aller Mitglieder des Bundestags.,Ich kritisiere insbesondere das Verhalten aller Mitglieder des Bundestags.,MultiParaDetox,MultiParaDetox,,True
de,German,Ich möchte ihn mal..für ne kurze Zeit....aber dieser Bayer ist wirklich ein Waschlappen,Ich möchte ihn mal..für ne kurze Zeit....aber dieser Bayer ist wirklich eher passiv,MultiParaDetox,MultiParaDetox,,True
de,German,Ich scheisse auf die SPD !!!,Die SPD ist mir egal!!!,MultiParaDetox,MultiParaDetox,,True
de,German,Ich will nicht das es Kriminellen Flüchtlingen Deserteuren und Feiglingen hier besser geht..erst recht nicht dem Afrika-Pack. Und weder bin ich Rassist noch ein Nazi noch xenophob....!,Ich will nicht das es Kriminellen Flüchtlingen und Deserteuren hier besser geht..erst recht nicht Menschen aus Afrika. Und weder bin ich Rassist noch ein Nazi noch xenophob....!,MultiParaDetox,MultiParaDetox,,True
de,German,Ich würde Grüne mit einem Geschwür am Arsch der Welt bezeichnen. Ist aber meine persönliche Meinung. Ein Geschwür kann einen Körper zerstören oder ein ganzes Land.,Ich würde Grüne mit einem Geschwür der Welt bezeichnen. Ist aber meine persönliche Meinung. Ein Geschwür kann einen Körper zerstören oder ein ganzes Land.,MultiParaDetox,MultiParaDetox,,True
de,German,In Kindergärten neben den Kindern? wäre ja noch schöner. Zittern soll dieses Asylantenpack in Zelten abseits der Zivilisation,In Kindergärten neben den Kindern? wäre ja noch schöner.,MultiParaDetox,MultiParaDetox,,True
de,German,"In Polen sagte man mir heute, da erhielt doch ein Arschloch einen Preis dafür, weil er sein Heimatland Polen in Brüssel verklagen wollte 💩🤢","In Polen sagte man mir heute, da erhielt doch ein Typ einen Preis dafür, weil er sein Heimatland Polen in Brüssel verklagen wollte 🤢",MultiParaDetox,MultiParaDetox,,True
de,German,In dem Schwarz Grün regierden Hessen werden jetzt 8 zusätzliche Psychologen nur für die Jugendlichen Invasoren eingestellt. Jetzt AFD wählen,In dem Schwarz Grün regierden Hessen werden jetzt 8 zusätzliche Psychologen nur für die Jugendlichen Einwanderer eingestellt. Jetzt AFD wählen,MultiParaDetox,MultiParaDetox,,True
de,German,In einer nicht #PoliticalCorrectness-geistesgestörten Welt würden sie dem #Invasoren-#Abschaum die Scheiße aus dem Hirn prügeln,In einer nicht #PoliticalCorrectness-gestörten Welt würden sie den neuankämmlingen die Flausen austreiben,MultiParaDetox,MultiParaDetox,,True
de,German,"In solchen Situationen zeigt sich echtes Herz (Empathie)  und Charakter (Hilfe, die nicht in der Zeitung steht) im Gegensatz zu heuchlerischem Gutmenschentum","In solchen Situationen zeigt sich echtes Herz (Empathie) und Charakter (Hilfe, die nicht in der Zeitung steht) im Gegensatz zu inszeniertem Gutmenschentum",MultiParaDetox,MultiParaDetox,,True
de,German,"Insgesamt sitzen da nur dumme Leute. angefangen beim Moderator, der ist noch dümmer. Der muss stehen","Insgesamt sitzen da nur komische Leute. angefangen beim Moderator, der ist am schlimmsten. Der muss stehen",MultiParaDetox,MultiParaDetox,,True
de,German,Irgendwie beruhigend das es woanders noch schwachsinnigere Politik gibt als bei den deutschen...,Irgendwie beruhigend das es woanders noch unverständlichere Politik gibt als bei den deutschen...,MultiParaDetox,MultiParaDetox,,True
de,German,"JETZT REDET DER PFAFFE ,, Im LARVE''","JETZT REDET DER GEISTLICHE ,, Im LARVE''",MultiParaDetox,MultiParaDetox,,True
de,German,"Ja @USER_0? Pst, auch für dich nochmals, die Grenzen waren seit dem Schengen Abkommen offen, also was willst du bezwecken mit Staatsgrenzen schützen Gebrabbel?","Ja @USER_0? Pst, auch für dich nochmals, die Grenzen waren seit dem Schengen Abkommen offen, also was willst du bezwecken mit Staatsgrenzen schützen Gerede??",MultiParaDetox,MultiParaDetox,,True
de,German,Ja die schauen auch abgemagert aus...speziell das fette Altmaier-Etwas....,Ja die schauen auch abgemagert aus...speziell der kräftige Altmaier...,MultiParaDetox,MultiParaDetox,,True
de,German,"Ja schnell alle Bäume weg, 5G Handys kaufen und Bürgermeister den Sack lutschen du kleine Profesora","Ja schnell alle Bäume weg, 5G Handys kaufen und Bürgermeister schmeicheln Profesora",MultiParaDetox,MultiParaDetox,,True
de,German,Jakarta nur Drecks Islamisten !!! sie wollen Christen verfolgen ....!!!,Jakarta nur Islamisten !!! sie wollen Christen verfolgen ....!!!,MultiParaDetox,MultiParaDetox,,True
de,German,"Jeder der mit Gabriel und Steinmeier paktiert hat bei mir verschissen. SPD - SCHMAROTZER, PÄDOPHILE UND DENUNZIANTEN !!!",Jeder der mit Gabriel und Steinmeier paktiert ist bei mir unten durch.,MultiParaDetox,MultiParaDetox,,True
de,German,Jetzt warte ich nur noch darauf bis sich der Grüne Anal Ritter Volker Beck zu Wort meldet. Aber der Pudert sich gerade die Nase. :-),Jetzt warte ich nur noch darauf bis sich der Grüne Volker Beck zu Wort meldet. Aber der Pudert sich gerade die Nase. :-),MultiParaDetox,MultiParaDetox,,True
de,German,"Juhu, der Bayer ohne Eier will wieder einmal alles nach der Wahl richten 😂😂😂 ich pinkel mir vor Lachen gleich ein 😂😂😂","Juhu, der Bayer will wieder einmal alles nach der Wahl richten 😂 ich finde das sehr lustig 😂😂😂",MultiParaDetox,MultiParaDetox,,True
de,German,"Kann bleiben wo sie ist, dumme Nuss🖕",Kann bleiben wo sie ist,MultiParaDetox,MultiParaDetox,,True
de,German,"Kern, pinkle dem Herrn Kurz nicht ans Bein. Du bist. abgewählt und unerwünscht. Also, halt´s Maul.","Kern, stelle den Herrn Kurz nicht an den Pranger. Du bist. abgewählt und unerwünscht. Also, sei leise.",MultiParaDetox,MultiParaDetox,,True
de,German,"Kinderfickende, schächtende #rapefugees! Wer Kinder-, Frauen-, oder Tierrechte verteidigt, darf nicht #gruene #spd oder #cdu wählen! #ltwbw","Wer Kinder-, Frauen-, oder Tierrechte verteidigt, darf nicht #gruene #spd oder #cdu wählen! #ltwbw",MultiParaDetox,MultiParaDetox,,True
de,German,Klar doch . Die Schlimmsten im Lande sind die Rechten.die Moslems aber die Bedaerungswürdigen denen um JEDEN Preis geholfen werden muß.💩💩💩💩,Klar doch . Die Schlimmsten im Lande sind die Rechten.die Moslems aber die Bedaerungswürdigen denen um JEDEN Preis geholfen werden muß.,MultiParaDetox,MultiParaDetox,,True
de,German,"Klar doch alles rechte böse Nazis. Was wissen die heute von damals? Fragt eure Omas, Mütter. Nicht was Hetzmedien verbreiten.","Klar doch alles rechte böse Nazis. Was wissen die heute von damals? Fragt eure Omas, Mütter. Nicht was Medien verbreiten.",MultiParaDetox,MultiParaDetox,,True
de,German,Koalitionsverhandlungen um Merkel sind für mich ein widerliches Schauspiel von Schwachmaten > ein Gerangel um Posten für BILDdungsbürger 🤢,Koalitionsverhandlungen um Merkel sind für mich ein Schauspiel > ein Gerangel um Posten für BILDdungsbürger 🤢,MultiParaDetox,MultiParaDetox,,True
de,German,Kotz deine Propaganda wo anders aus. Hier bist du falsch.,Werde deine Propaganda wo anders los. Hier bist du falsch.,MultiParaDetox,MultiParaDetox,,True
de,German,Kurz lasst dich nicht von der Trulla aufs Glatteis führen!,Kurz lasst dich nicht von der Frau aufs Glatteis führen!,MultiParaDetox,MultiParaDetox,,True
de,German,Laßt doch verdammt noch mal das NS Regime aus dem Spiel. Es war damals viel besser für das Volk als ihr euch vorstelle,Laßt doch mal das NS Regime aus dem Spiel. Es war damals viel besser für das Volk als ihr euch vorstelle,MultiParaDetox,MultiParaDetox,,True
de,German,"Lieber bezahlter Diener Putins, als Speichellecker einer korrumpierten deutschen Politik 😜","Lieber bezahlter Diener Putins, als einer korrumpierten deutschen Politik folgen😜",MultiParaDetox,MultiParaDetox,,True
de,German,MEIN GOTT ! WAS HAT DIE SED-TRULLA MIT HILFE VON LINKEN U-BOOTEN AUS DEUTSCHLAND GEMACHT !?!? DAS DAS DAS DURFTE !!,MEIN GOTT ! WAS HAT DIE SED-FRAU MIT HILFE VON LINKEN U-BOOTEN AUS DEUTSCHLAND GEMACHT !?!? DAS DAS DAS DURFTE !!,MultiParaDetox,MultiParaDetox,,True
de,German,"Mannheim, Multikulti versiffte Stadt. Klein Istambul und Rumänen/ Bulgaren ☠🖕","Mannheim, Multikulti Stadt. Klein Istambul und Rumänen/ Bulgaren",MultiParaDetox,MultiParaDetox,,True
de,German,"Mannheim, weltoffen und kunterbunt. Und strunzdumme Multikultiliebhaber. Verblödete halt","Mannheim, weltoffen und kunterbunt. Und Multikultiliebhaber.",MultiParaDetox,MultiParaDetox,,True
de,German,"Mensch, Kauder müsste sich doch bepissen vor lachen, wenn er über diese Lüge nachdenkt 😂😂😂","Mensch, Kauder müsste sich doch kaum halten können vor lachen, wenn er über diese Lüge nachdenkt 😂😂😂",MultiParaDetox,MultiParaDetox,,True
de,German,"Merkel schaffte es, sich bis an die Seite der FDJ-Führung der DDR zu schleimen, um diese später zu verraten. Heute macht sie es auch so 😜","Merkel schaffte es, sich bis an die Seite der FDJ-Führung der DDR zu schmeicheln, um sich später abzuwenden. Heute macht sie es auch so 😜",MultiParaDetox,MultiParaDetox,,True
de,German,Merkel und Konsorten haben durch die SED gut gelernt. Der Abschaum ist und bleibt oben.,Merkel und Konsorten haben durch die SED gut gelernt. Sie sind und bleibt oben.,MultiParaDetox,MultiParaDetox,,True
de,German,"Merkel: ""Die Bürger haben keine Lust auf Zuständigkeitsdebatten"" ??? Eben ein verlogenes Miststück mit ausreichender Denunziantenerfahrung😜","Merkel: ""Die Bürger haben keine Lust auf Zuständigkeitsdebatten"" ??? Eben eine Politikerin mit ausreichender rethorischer Erfahrung 😜",MultiParaDetox,MultiParaDetox,,True
de,German,Merkels Vasallen melden sich zu Wort!. Herr Gersemann ist ein Vasall Merkels und seine Kommentare werden von Merkel vorgegeben!!!,Merkels Unterstützer melden sich zu Wort!. Herr Gersemann ist ein Anhänger Merkels und seine Kommentare werden von Merkel vorgegeben!!!,MultiParaDetox,MultiParaDetox,,True
de,German,"Mimimi ,,, und was machen unsere politisch-korrekten #safespace-Krieger dann im Ernstfall? Sich in die Hosen sch...?","Mimimi ,,, und was machen unsere politisch-korrekten #safespace-Krieger dann im Ernstfall? Angst bekommen?",MultiParaDetox,MultiParaDetox,,True
de,German,"Mir reicht, dass ich diesen Feigling aus Rostock 1989/90 kenne. Er wurde ins ""Licht"" geschoben, dieser Gauckler 😜","Mir reicht, dass ich diesen Mensch aus Rostock 1989/90 kenne. Er wurde ins ""Licht"" geschoben, dieser Gauck 😜",MultiParaDetox,MultiParaDetox,,True
de,German,"Mit Europa im Zentrum meinen die Polit🤡 wohl die verrottete, korrupte #EU","Mit Europa im Zentrum meinen die Politiker wohl die alte, korrupte #EU",MultiParaDetox,MultiParaDetox,,True
de,German,"Mittlerweile haben unsere Medien das Niveau des ""ND"" und TV vor 1989 in d. DDR. Kein Wunder bei der Lehrmeisterin, als ehem. AgitProperin 😜","Gerade auf N-TV ""Die neuen Waffen des Terrors"" mitbekommen !! RAUS MIT MOSLEMS, dann KEIN Terror! ☠️😡☠️",MultiParaDetox,MultiParaDetox,,True
de,German,"Moin, moin, seid Ihr alle noch gesund und munter bei all dem geistigen Dünnpfiff im ""Merkel-Propagandaschrott"" ???😜","Moin, moin, seid Ihr alle noch gesund und munter bei all dem geistigen Quatsch in der ""Merkel-Propaganda"" ???😜",MultiParaDetox,MultiParaDetox,,True
de,German,"Nein, MAN USS regulieren, weil dieMieten sonst in dieHöhe steigen. Bauen bedeutet nicht, dass die Mieten sinken. Da werden wir massiv verarscht.","Nein, MAN USS regulieren, weil dieMieten sonst in dieHöhe steigen. Bauen bedeutet nicht, dass die Mieten sinken. Da werden wir hinters Licht geführt.",MultiParaDetox,MultiParaDetox,,True
de,German,"Netanjahu wirft Gabriel Instinktlosigkeit vor. Tatsächlich ist Gabriel. ein völliger Versager, der einen Abgeschobenenposten bekleidet.","Netanjahu wirft Gabriel Instinktlosigkeit vor. Tatsächlich ist Gabriel. ein Mann, der einen Abgeschobenenposten bekleidet.",MultiParaDetox,MultiParaDetox,,True
de,German,"Nix abgeschoben....13jahre sind zwar zu wenig, aber für die Gitterstäbe bezahlen wir gerne.. Danach die Ratte entsorgten..!!","Nix abgeschoben....13jahre sind zwar zu wenig, aber für die Gitterstäbe bezahlen wir gerne.",MultiParaDetox,MultiParaDetox,,True
de,German,Ob von Merkel oder Schulz? Wir Deutsche wollen und können dieses Dummgelaber der Pest (Merkel) und Cholera (Schulz) nicht mehr hören!,Ob von Merkel oder Schulz? Wir Deutsche wollen und können dieses Gerede von Merkel und Schulz nicht mehr hören!,MultiParaDetox,MultiParaDetox,,True
de,German,"Obergrenze 😂😂😂 Hoffentlich haben es die Bayern endlich begriffen, dass man ihren ""Eierlosen"" und seinen Haufen lieber nicht gewählt hätte 😜","Obergrenze 😂😂😂 Hoffentlich haben es die Bayern endlich begriffen, dass man ihren Politiker und seinen Haufen lieber nicht gewählt hätte 😜",MultiParaDetox,MultiParaDetox,,True
de,German,Oje Lindner....die gleiche Pfeife wie einst Westerwelle..!!,Oje Lindner....hat Ähnlichkeit mit Westerwelle..!!,MultiParaDetox,MultiParaDetox,,True
de,German,Politiker von CDU CSU SPD sind eine große Gefahr für unser Land sie Posaunen in die Welt das DE 220.000 Invasoren aufnimmt + Familiennachzug,Politiker von CDU CSU SPD sind eine große Gefahr für unser Land sie Posaunen in die Welt das DE 220.000 Einwanderer aufnimmt + Familiennachzug,MultiParaDetox,MultiParaDetox,,True
de,German,Prost Heike (Wat hat der Kerl für`n geiles Höschen (vorne gelb und hinten braun 😂😂😂) ich fasse es nicht 😂😂😂,Prost Heike (Wat hat der Kerl für`n schönes Höschen (vorne gelb und hinten braun 😂😂😂) ich fasse es nicht 😂😂😂,MultiParaDetox,MultiParaDetox,,True
de,German,"Prostituierte kann sich nicht mal ein Hartz IV leisten, Asylanten sucht euch Wichsvorlageni n Pornos!",Prostituierte kann sich nicht mal ein Hartz IV leisten,MultiParaDetox,MultiParaDetox,,True
de,German,Quatsch! Das ist die deutschfeindliche Schuld von ihnen und ihrer Kanzlerin des Grauens!,Quatsch! Das ist die deutschfeindliche Schuld von ihnen und ihrer Kanzlerin!,MultiParaDetox,MultiParaDetox,,True
de,German,Quatsch! Es gibt keine Fachktäfte aus dem Ausland! Außer in Kriminellen und Vergewaltiger-Bereich! Grüne Dummheit!,Quatsch! Es gibt keine Fachktäfte aus dem Ausland! Außer in Kriminellen Bereich!,MultiParaDetox,MultiParaDetox,,True
de,German,"RAUS MIT DIESEN IRREN AUS DEM BUNDESTAG, sollen ihre Konfettischwulenparaden woanders feiern, am besten in Türkei bei Özdingens !","RAUS MIT DIESEN PERSONEN AUS DEM BUNDESTAG, sollen ihre Konfettiparaden woanders feiern, am besten in Türkei bei Özdemir !",MultiParaDetox,MultiParaDetox,,True
de,German,Ralle du alter Mülleimer lebst ja immer noch...dachte das zeitliche hat dich gesegnet.... Bist halt eine zähe Unkrautwurzel,Ralle du lebst ja immer noch...dachte das zeitliche hat dich gesegnet.... Bist halt eine zähe Persönlichkeit,MultiParaDetox,MultiParaDetox,,True
de,German,"Scheiß Emanzipation . Ich will reine ,sittliche deutsche Mütter, wie einst vor den 68ern.","Ich mag die Emanzipation nicht . Ich will reine ,sittliche deutsche Mütter, wie einst vor den 68ern.",MultiParaDetox,MultiParaDetox,,True
de,German,"Schon der Vater,der als protestantischer Pfaffe freiwillig in die DDR ging,um den Bolschewismus zu huldigen.Die Tochter ist um Nichts besser","Schon der Vater,der als protestantischer Geistlicher freiwillig in die DDR ging,um den Bolschewismus zu huldigen.Die Tochter ist um Nichts besser",MultiParaDetox,MultiParaDetox,,True
de,German,Schon ein Wahnsinn....obwohl nichtmal 1/3 der Bevölkerung sie gewählt hat darf sie trotzdem weiter regieren.. Ist zum kotzen!,Schon ein Wahnsinn....obwohl nichtmal 1/3 der Bevölkerung sie gewählt hat darf sie trotzdem weiter regieren..,MultiParaDetox,MultiParaDetox,,True
de,German,"Schon mal Gesehen. Asiaten sind brutal, gewissenlos, gottlos.",Schon mal Gesehen. Asiaten sind hart.,MultiParaDetox,MultiParaDetox,,True
de,German,"Schreibt besser mal über die Asylanten Verbrechen ,dass wird bei euch totgeschwiegen!","Schreibt besser mal über die Asylbewerber Verbrechen ,dass wird bei euch totgeschwiegen!",MultiParaDetox,MultiParaDetox,,True
de,German,"Schäuble zur Lage in der Türkei: ""Das erinnert mich daran, wie es in der DDR war"" Was weiß dieser Vollpfosten von der DDR 🤢","Schäuble zur Lage in der Türkei: ""Das erinnert mich daran, wie es in der DDR war"" Was weiß dieser Mensch von der DDR 🤢",MultiParaDetox,MultiParaDetox,,True
de,German,"Seit wenigen Stunden zurück in Deutschland, was für eine lächerliche, manipulierte und verlogene Parteienlandschaft um Murksels Thron.","Seit wenigen Stunden zurück in Deutschland, was für eine nicht ernstzunehmende, manipulierte und unehrliche Parteienlandschaft um Merkels Thron.",MultiParaDetox,MultiParaDetox,,True
de,German,"Sie können gelassen auf jeden Polit-Idioten warten, der auch einen Krieg nur in Erwägung zieht 😜","Sie können gelassen auf jeden Politiker warten, der auch einen Krieg nur in Erwägung zieht 😜",MultiParaDetox,MultiParaDetox,,True
de,German,So dumm wie Gutmenschen halt sind!,So schlau wie Gutmenschen halt sind!,MultiParaDetox,MultiParaDetox,,True
de,German,So ein Bullshit..... Du denkst es geht nicht dümmer?....dann kennst die SPDler nicht...😂😂,So ein Quatsch..... Du denkst es geht nicht schlimmer?....dann kennst die SPDler nicht...😂😂,MultiParaDetox,MultiParaDetox,,True
de,German,So ein Mist....die Unfähigsten aller zusammen bekleiden egal welche Ministerien...blödes dummes Deutschland was hast du nur angestellt...😡😡,So ein Mist....die Unfähigsten aller zusammen bekleiden egal welche Ministerien... Deutschland was hast du nur angestellt...😡😡,MultiParaDetox,MultiParaDetox,,True
de,German,"So sieht es in einem Land aus welches vor der Verblödung steht...ich hasse dumme Menschen, erst recht wenn es meine eigenen Landsleute sind...furchtbar","So sieht es in einem Land aus, welches vor einer Herausforderung steht...ich mag keine uninformierten Menschen, erst recht wenn es meine eigenen Landsleute sind...enttäuschend",MultiParaDetox,MultiParaDetox,,True
de,German,So sind sie halt unsere Politschmarotzer....Lindner allerdings eine noch größere Pfeife als Westerwelle..,So sind sie halt unsere Politiker....Lindner allerdings noch schlimmer als Westerwelle..,MultiParaDetox,MultiParaDetox,,True
de,German,Sogar künstl. Intelligenz erkennt dem Dämon Merker!,Sogar künstl. Intelligenz erkennt den Einfluss Merkels!,MultiParaDetox,MultiParaDetox,,True
de,German,Sollen sie doch ihre sieben Sachen packen und Erdowahn direkt in der Türkei unterstützen! 🤑🖕👎,Sollen sie doch ihre sieben Sachen packen und Erdogan direkt in der Türkei unterstützen!,MultiParaDetox,MultiParaDetox,,True
de,German,Sry aber Preetz hat nicht viel beizutragen. Er MUSS der Politik in den Hintern kriechen damit sein Verein Zuschauer ins Stadion bekommt. Er ist abhängig von der Politik.,"Entschuldigung, aber Preetz scheint nicht viel beizutragen. Er ist auf gute Beziehungen zur Politik angewiesen, um sicherzustellen, dass sein Verein Zuschauer ins Stadion bekommt. Er ist abhängig von der Politik.",MultiParaDetox,MultiParaDetox,,True
de,German,Stellt Lügenpresse eigentl schon Überlegungen in München an zur Nacktbadesaison an der Isar und Flüchtlinge Primaten? HAHAHAHA #rapefugees,Stellt die Presse eigentl schon Überlegungen in München an zur Nacktbadesaison an der Isar und Flüchtlinge? HAHAHAHA,MultiParaDetox,MultiParaDetox,,True
de,German,"Stil der SPD seit Noske den ""Bluthund"" spielen durfte > diese Verräter am Volk","Stil der SPD seit Noske den ""Bluthund"" spielen durfte > diese konträre Haltung zum Volk",MultiParaDetox,MultiParaDetox,,True
de,German,"Stimmt, die BRD geht mir auch am ARSCH vorbei. DEUTSCHLAND gillt es gegen POLITVERBRECHER,wie Merkel,Schulz,u.MAAS zu schützen !!","Stimmt, die BRD ist mir auch egal. DEUTSCHLAND gillt es gegen Personen,wie Merkel,Schulz,u.MAAS zu schützen !!",MultiParaDetox,MultiParaDetox,,True
de,German,"Streit um Flüchtlings-Obergrenze - So könnten CDU und CSU ihr Gesicht wahren 😜 Wenn eine hässliche Fratze gemeint ist, geht`s 😜",Streit um Flüchtlings-Obergrenze - So könnten CDU und CSU ihr Gesicht wahren 😜,MultiParaDetox,MultiParaDetox,,True
de,German,Templer werden heute als Religiöse Spinner verurteilt. Das Gegenteil ist der Fall. Die Kirche hat uns missbraucht. Ein König verraten.,Templer werden heute als übermäßig Religiöse verurteilt. Das Gegenteil ist der Fall. Die Kirche hat uns missbraucht. Ein König verraten.,MultiParaDetox,MultiParaDetox,,True
de,German,Todenhöfer ist ein verlogener linker Islamlobbyist.  Leider sehr einflussreich,Todenhöfer ist ein unehrlicher linker Islamlobbyist. Leider sehr einflussreich,MultiParaDetox,MultiParaDetox,,True
de,German,Total bekloppt. Weibliche Opfer sind die Einzigen die ernst genommen werden.,Total verrückt. Weibliche Opfer sind die Einzigen die ernst genommen werden.,MultiParaDetox,MultiParaDetox,,True
de,German,"Trump - sprich Tramp. Wenn die Laien-Ministerin über Trump labert,. bleibt mir nur : "" Lass den Trampel quaken"". Zu mehr taugt sie nicht.","Trump - sprich Tramp. Wenn die Laien-Ministerin über Trump labert,. bleibt mir nur : "" Lass den Trampel quaken"". Zu mehr ist sie meiner Meinung nach nicht geeignet.",MultiParaDetox,MultiParaDetox,,True
de,German,"Trump ist nicht eingeknickt und schon gar nicht vor diesen dummen Politikern, Lügenpresse und Nazimedien in Deutschland!!","Trump ist nicht eingeknickt und schon gar nicht vor diesen Politikern, Presse und Medien in Deutschland!!",MultiParaDetox,MultiParaDetox,,True
de,German,"Träume und Wünsche...leider. Jamaika-Scheisse wird durchgesetzt....dafür sorgen schon die Lauch-Scheisser. Die bleiben klebend sitzend...der Troll Joschka hat’s Ihnen vorgemacht, die Warze Roth hat’s perfektioniert ..!","Träume und Wünsche...leider. Jamaika-Koalition wird durchgesetzt....dafür sorgen schon die Unterstützer|LBR| Die bleiben sitzen...der Joschka hat’s Ihnen vorgemacht, die Roth hat’s perfektioniert ..!",MultiParaDetox,MultiParaDetox,,True
de,German,"Tusk wird in Polen als derjenige wahrgenommen, der Merkel in den Ar*** kriecht, war sich seiner ""Sache"" sicher u. verlor d. Wahl","Tusk wird in Polen als derjenige wahrgenommen, der Merkel gefallen will, war sich seiner ""Sache"" sicher u. verlor d. Wahl",MultiParaDetox,MultiParaDetox,,True
de,German,"UND DER DUSSELIGE GAUCK DENKT ER WÄRE WIEDER IN DER DDR UND LÄßT SICH HONECKERmäßig ALIMENTIEREN, GUTEN MORGEN-DEUTSCHLAND-??","UND DER GAUCK DENKT ER WÄRE WIEDER IN DER DDR UND LÄßT SICH HONECKERmäßig ALIMENTIEREN, GUTEN MORGEN-DEUTSCHLAND-??",MultiParaDetox,MultiParaDetox,,True
de,German,Und N24 geht mir auch aufs Arschloch heute morgen // Über Trump--er klage das Medien unehrlich sind!!?!?soll er mal nach🇩🇪kommen !!!!,Und N24 geht mir auch auf die Nerven heute morgen // Über Trump--er klage das Medien unehrlich sind!!?!?soll er mal nach🇩🇪kommen !!!!,MultiParaDetox,MultiParaDetox,,True
de,German,"Und da ich kein kleines Mädchen bin, so wie Du offenbar, kann ich eine solche Meinung ab.","Und da ich nicht so sensibel bin, so wie Du offenbar, kann ich eine solche Meinung ab.",MultiParaDetox,MultiParaDetox,,True
de,German,Und wieder wird mit einem #falseflag (giftgaseinsatz) ein Terrorakt gegen Syrien durch USA gestartet.. Bei dem Wahnsinnigen Trump droht WW3,Und wieder wird mit einem #falseflag (giftgaseinsatz) ein Terrorakt gegen Syrien durch USA gestartet.. Bei dem Trump droht WW3,MultiParaDetox,MultiParaDetox,,True
de,German,Ursprünglich (gestern) ging es um FEMA-Camps - wir sind keinen Schritt weiter. Da platzt einem der Arsch - sorry.,Ursprünglich (gestern) ging es um FEMA-Camps - wir sind keinen Schritt weiter. Das ist so frustrierend.,MultiParaDetox,MultiParaDetox,,True
de,German,Verdammt die Olle Merkel tritt wieder an !!!,die Merkel tritt wieder an !!!,MultiParaDetox,MultiParaDetox,,True
de,German,Verhaftungen von Vergewaltigern als Erfolg zu verkaufen ist das Aufmerksamkeitswinseln einer armseligen Behörde. #Polizei #Köln #Rapefugees,Verhaftungen von Vergewaltigern als Erfolg zu verkaufen ist das Aufmerksamkeitswinseln einer armseligen Behörde. #Polizei #Köln,MultiParaDetox,MultiParaDetox,,True
de,German,Von Gauland wurde verlangt das er sich wegen ˋentsorgen‘ entschuldigen sollte.... Würde das von der Kröte auch verlangt..?,Von Gauland wurde verlangt das er sich wegen ˋentsorgen‘ entschuldigen sollte.... Würde das von der Person auch verlangt..?,MultiParaDetox,MultiParaDetox,,True
de,German,Von wegen übertriebener Polizeigewalt. Die Polizei muss in Zukunft. viel härter vorgehen. Aus Maul hauen und dann verhaften.,Von wegen übertriebener Polizeigewalt. Die Polizei muss in Zukunft. viel härter vorgehen. Hart durchgreifen und dann verhaften.,MultiParaDetox,MultiParaDetox,,True
de,German,"WANN ENTSORGT DEUTSCHLAND ENDLICH SEINE VOLKSMÖRDER ??A.Merkel,H.Maas,K.Göring E.,Paket Grüne,D. Nuhr,C. Ehring,M. Schulz als bevorz.Beisp.!","WANN WIRD DEUTSCHLAND ENDLICH SEINE VOLKSMÖRDER LOS ??A.Merkel,H.Maas,K.Göring E.,Paket Grüne,D. Nuhr,C. Ehring,M. Schulz als bevorz.Beisp.!",MultiParaDetox,MultiParaDetox,,True
de,German,Warum muss ein AFD Vogel dabei sein?,Warum muss einer von der AFD dabei sein?,MultiParaDetox,MultiParaDetox,,True
de,German,Was erwarten Sie von Rothschild Sklaven die ihre Seele dem Satan verkauf haben!,Was erwarten Sie von Rothschild Anhängern die ihre Interessen anderen überlassen!,MultiParaDetox,MultiParaDetox,,True
de,German,"Was für Bullshit. Wenn er mit Wissen und Unterstützung von Merkel gehandelt hat, dann ist das ein Skandal der gesamten Bundesregierung!","Was für Unsinn. Wenn er mit Wissen und Unterstützung von Merkel gehandelt hat, dann ist das ein Skandal der gesamten Bundesregierung!",MultiParaDetox,MultiParaDetox,,True
de,German,Was für ein Volltrottel ...der hat den Gürtel nicht lange und von wegen für Deutschland Boxen...😂😂,Was für ein Typ ...der hat den Gürtel nicht lange und von wegen für Deutschland Boxen...😂😂,MultiParaDetox,MultiParaDetox,,True
de,German,Was für eine ekelhafte Person....der alte..!!,Was für eine unangenehme Person....der alte Mann..!!,MultiParaDetox,MultiParaDetox,,True
de,German,Was für eine hohle Type....😂😂,Was für ein Type....😂😂,MultiParaDetox,MultiParaDetox,,True
de,German,Was ist den das fette etwas da ..?,Was ist den das da ..?,MultiParaDetox,MultiParaDetox,,True
de,German,"Wegen Pussys wie dir, gibt es in 🇩🇪keinen ernstzunehmenden Widerstand.","Wegen Menschen wie dir, gibt es in 🇩🇪keinen ernstzunehmenden Widerstand.",MultiParaDetox,MultiParaDetox,,True
de,German,"Weil der LINKE SCHEIß das alles darf,hetzen,denunzieren,verleumden,kahanen,lügen,betrügen,Menschen attackieren und bald auch schießen.☠️😡☠️","Weil die LINKE das alles darf,aufbringen,melden,verleumden,lügen,betrügen,Menschen attackieren und bald auch schießen.☠️😡☠️",MultiParaDetox,MultiParaDetox,,True
de,German,Weit und breit kein Neger.,Weit und breit kein Schwarzer.,MultiParaDetox,MultiParaDetox,,True
de,German,Welch ein Schwachsinn - überlegt die Wahlergebnisse obwohl sie äußerst selten eine Bühne bekommen ihr Träumer,Welch ein Quatsch - überlegt die Wahlergebnisse obwohl sie äußerst selten eine Bühne bekommen ihr Träumer,MultiParaDetox,MultiParaDetox,,True
de,German,Wen Interessiert schon was der kleine Wicht ruft. Jerusalem ist die Hauptstadt Israels. Basta.,Wen Interessiert schon was er ruft. Jerusalem ist die Hauptstadt Israels. Basta.,MultiParaDetox,MultiParaDetox,,True
de,German,"Wenn Merkel Klitschko feiert,wird es gefährlich. Die Sklavin Obamas feiert einen neuen Sklaven.","Wenn Merkel Klitschko feiert,wird es gefährlich.",MultiParaDetox,MultiParaDetox,,True
de,German,"Wenn die Hälfte der Moslime den Handschlag verweigert, hilft nur. ein Tritt in den Arsch, der sie zurückschickt nach Afrika.","Wenn die Hälfte der Moslime den Handschlag verweigert, hilft nur. jemand, der sie zurückschickt nach Afrika.",MultiParaDetox,MultiParaDetox,,True
de,German,Wer die Grünen wählt ist entweder dumm oder ein Hurensohn,Wer die Grünen wählt ist entweder uninformiert oder naiv,MultiParaDetox,MultiParaDetox,,True
de,German,Wer so redet gehört sich Verdroschen,Wer so redet sollte liebr leise sein,MultiParaDetox,MultiParaDetox,,True
de,German,Wer will ein Hering So Dumm wie die Göring🤯,Wer will ein Hering So schlau wie die Göring🤯,MultiParaDetox,MultiParaDetox,,True
de,German,"Widerlich, dieser Schmidt. Ohne Rücksicht auf die Bienen. Dieses. Stück Gewissenlosigkeit muss abgewählt und davongejagt werden.","Ärgerlich, dieser Schmidt. Ohne Rücksicht auf die Bienen. Diese Person muss abgewählt werden.",MultiParaDetox,MultiParaDetox,,True
de,German,Wie blöd können die Niedersachsen doch sein ???,Wie naiv können die Niedersachsen doch sein ???,MultiParaDetox,MultiParaDetox,,True
de,German,Wie dämlich sind Sie eigentlich? Sie sollten ihre Allgemeinbildung vervollständigen und Objektivität walten lassen. 🤢,Wie uninformiert sind Sie eigentlich? Sie sollten ihre Allgemeinbildung vervollständigen und Objektivität walten lassen. 🤢,MultiParaDetox,MultiParaDetox,,True
de,German,Wie gehabt bei Illner Grüner + zwei Journalisten ein CDU u die Rot Grün versiffte Gesine Schwan ZDF versucht Grüne hochzupuschen. AFD wählen,Wie gehabt bei Illner Grüner + zwei Journalisten ein CDU u die Rot Grüne Gesine Schwan ZDF versucht Grüne hochzupuschen. AFD wählen,MultiParaDetox,MultiParaDetox,,True
de,German,"Wie im alten Rom, Brot und Spiele hält das Volk Dumm!!!","Wie im alten Rom, Brot und Spiele hält das Volk ruhig!!!",MultiParaDetox,MultiParaDetox,,True
de,German,Wo werden diese Clowns nur gezüchtet und wie entsteht solch eine Gesinnung ...?,Wo kommen diese Leute nur her und wie entsteht solch eine Gesinnung ...?,MultiParaDetox,MultiParaDetox,,True
de,German,Währen es Türken die Flughäfen und Parteizentralen besetzen währe die Empörung groß! Ihr Heuchler,Währen es Türken die Flughäfen und Parteizentralen besetzen währe die Empörung groß!,MultiParaDetox,MultiParaDetox,,True
de,German,Würde das jemand recherchieren...dann käme bestimmt raus das der Flüchtling-Spako nicht einsitzt...!,Würde das jemand recherchieren...dann käme bestimmt raus das der Flüchtling nicht einsitzt...!,MultiParaDetox,MultiParaDetox,,True
de,German,Younower zu werden ist der finale schritt um ein Hurensohn zu werden,Younower zu werden ist der finale schritt um unsympathisch zu werden,MultiParaDetox,MultiParaDetox,,True
de,German,auch heute wieder nur drittklassige #Laiendarsteller in einem extrem beschissenen #Tatort #ARD,auch heute wieder nur drittklassige #Laiendarsteller in einem schlechten #Tatort #ARD,MultiParaDetox,MultiParaDetox,,True
de,German,da ist sie ja wieder die Moderatorin der @USER_0 mit der alten schwarzen Schmodder Hose und den fettigen Haaren #WDR,da ist sie ja wieder die Moderatorin der @USER_0 mit der alten schwarzen Hose und den fettigen Haaren #WDR,MultiParaDetox,MultiParaDetox,,True
de,German,das hätte ich der #FDP nicht zugetraut alle Achtung! nur die #Grünen kriechen allen in den Arsch,das hätte ich der #FDP nicht zugetraut alle Achtung! nur die #Grünen schmeicheln sich bei allen ein,MultiParaDetox,MultiParaDetox,,True
de,German,der Dummschwätzer Herr #Dobrindt gehört nicht in die #Bundesregierung sondern ins Irrenhaus #CDU #CSU,der Herr #Dobrindt gehört nicht in die #Bundesregierung sondern braucht eine Psychotherapie #CDU #CSU,MultiParaDetox,MultiParaDetox,,True
de,German,der strunzdumme #Verstappen und sollte lieber Seifenkisten mit Wohnwagen fahren mehr kann er ohnehin nicht #F1sky,der #Verstappen und sollte lieber Seifenkisten mit Wohnwagen fahren mehr kann er ohnehin nicht #F1sky,MultiParaDetox,MultiParaDetox,,True
de,German,dieser Holtmann scheint ein Grüner-Bastard zu sein! #BerichtAusBerlin,dieser Holtmann scheint ein Grüner-Anhänger zu sein! #BerichtAusBerlin,MultiParaDetox,MultiParaDetox,,True
de,German,ekelhaft Claudia Roth wieder im Fernsehen sehen zu müssen #Bundestag,Ich finde es schlimm Claudia Roth wieder im Fernsehen sehen zu müssen #Bundestag,MultiParaDetox,MultiParaDetox,,True
de,German,"finde ich gut würde ich auch, aber nicht wenn man mich nötigen will. Freiwillig ok ,aber ich brauche keine Sesselfurzer die über meine Organe bestimmen","finde ich gut würde ich auch, aber nicht wenn man mich nötigen will. Freiwillig ok ,aber ich brauche keine Personen die über meine Organe bestimmen",MultiParaDetox,MultiParaDetox,,True
de,German,"gibts diese Woche einen Wettbewerb zwischen #maischberger und #lanz, wer die Gast*in mit der hässlichten Fresse hat?","gibts diese Woche einen Wettbewerb zwischen #maischberger und #lanz, wer die Gast*in mit dem auffälligsten Gesichthat?",MultiParaDetox,MultiParaDetox,,True
de,German,haha sucht man schon Ausreden für die völlig Dumme Berichterstattung der letzten Wochen...?,haha sucht man schon Ausreden für die Berichterstattung der letzten Wochen...?,MultiParaDetox,MultiParaDetox,,True
de,German,hören Sie ihren Gören zu ? verkehrte Welt.,hören Sie ihren Kindern zu ? verkehrte Welt.,MultiParaDetox,MultiParaDetox,,True
de,German,ich finde gut dass #Trump #Jerusalem als Hauptstadt anerkennt nun bekommen die #Israelis erst richtig auf die Fresse,ich finde gut dass #Trump #Jerusalem als Hauptstadt anerkennt nun bekommen die #Israelis erst richtig Probleme,MultiParaDetox,MultiParaDetox,,True
de,German,idiotischer Kommentar. Aufm Supermannheft gepennt?,schlechter Kommentar. Aufm Supermannheft gepennt?,MultiParaDetox,MultiParaDetox,,True
de,German,ist eine Körperverletzung! Sorry diese Frau ist einfach Dumm!,ist eine Körperverletzung! Sorry diese Frau ist einfach nicht schlau!,MultiParaDetox,MultiParaDetox,,True
de,German,jedes Tier erlöst man ungefragt von seinem Leid. Mündige Menschen lässt man elendig verrecken.,jedes Tier erlöst man ungefragt von seinem Leid. Mündige Menschen lässt man einfach sterben.,MultiParaDetox,MultiParaDetox,,True
de,German,"n-tv: ""Murksel ein Profi im Umgang mit schwierigen Partnern"" 😂😂😂 Ein Profi, wie eine Mecklenburger Kuh die Rückenschwimmen lernt, meine ich😜","n-tv: ""Merkel ein Profi im Umgang mit schwierigen Partnern"" 😂😂😂 Ein Profi, wie eine Mecklenburger Kuh die Rückenschwimmen lernt, meine ich😜",MultiParaDetox,MultiParaDetox,,True
de,German,"n-tv: ""Startschwierigkeiten bei Antiterror-Übung"" > Ich: ""Wenn Dilettanten unter Flintenuschis ""Obhut""  schon Krieg spielen!"" 😂😂😂","n-tv: ""Startschwierigkeiten bei Antiterror-Übung"" > Ich: ""Wenn Dilettanten unter Von der Leyens ""Obhut"" schon Krieg spielen!"" 😂😂😂",MultiParaDetox,MultiParaDetox,,True
de,German,scheiß asiaten kommen nach europa klauen uns das gefühl reich zu sein,asiaten kommen nach europa klauen uns das gefühl reich zu sein,MultiParaDetox,MultiParaDetox,,True
de,German,sehr gefährlich wenn Regenbogenhirne intoleranten Kriminellen die Grenzen öffnen!! Die schlimmste Gewaltwelle erleben aus dieser Richtung.,sehr gefährlich wenn tolerante Menschen intoleranten Kriminellen die Grenzen öffnen!! Die schlimmste Gewaltwelle erleben aus dieser Richtung.,MultiParaDetox,MultiParaDetox,,True
de,German,stimmt. Die Russen hatten wenigstens diese Ossis unter Kontrolle,stimmt. Die Russen hatten wenigstens die DDR unter Kontrolle,MultiParaDetox,MultiParaDetox,,True
de,German,und was hat der Gabriel damals Versprochen ? Verlogen ist das Pack.Nie wieder SPD,und was hat der Gabriel damals Versprochen ? Verlogen sind sie.Nie wieder SPD,MultiParaDetox,MultiParaDetox,,True
de,German,von der Leyen sollte endlich entsorgt werden! #RausAusDemKabinett #illner,von der Leyen sollte endlich ersetzt werden! #RausAusDemKabinett #illner,MultiParaDetox,MultiParaDetox,,True
de,German,"von einem Turkmenen sexuell missbraucht, x-mal minderjährige Mädchen von #rapefugees sexuell belästigt. #Kiel 2016! #islam #sophienhof [2/2]","von einem Turkmenen sexuell missbraucht, x-mal minderjährige Mädchen von Geflüchteten sexuell belästigt. #Kiel 2016! #islam #sophienhof [2/2]",MultiParaDetox,MultiParaDetox,,True
de,German,warum lädt man eine derart strunzdumme Frau #Demirkan bei #Maischberger ein #ARD,warum lädt man Frau #Demirkan bei #Maischberger ein #ARD,MultiParaDetox,MultiParaDetox,,True
de,German,warum muss ich mir in der @USER_0 einen deutschen Jammerlappen anhören #WDR,warum muss ich mir in der @USER_0 einen jammernden Deutschen anhören #WDR,MultiParaDetox,MultiParaDetox,,True
de,German,weil es Ihre Meinung ist - 😂😂wie Blöd muss man sein 🙈🙈🙈,weil es Ihre Meinung ist - 😂😂,MultiParaDetox,MultiParaDetox,,True
de,German,wenn der #Bundespräsident mit seinem dummen Geschwätz auf die #SPD zielt sollte er bedenken dass 80% der deutschen die SPD nicht wollen,wenn der #Bundespräsident mit seinen Aussagen auf die #SPD zielt sollte er bedenken dass 80% der deutschen die SPD nicht wollen,MultiParaDetox,MultiParaDetox,,True
de,German,wie kann man nur derart strunzdumme Moderatoren wie bei #taff auf #ProSieben beschäftigen,wie kann man nur solche Moderatoren wie bei #taff auf #ProSieben beschäftigen,MultiParaDetox,MultiParaDetox,,True
de,German,Öffentlich-rechtlichen Nazi Medien und Merkel Vasallen setzten ihre Hetzkampagne gegen den Präsidenten der Vereinigten Staaten fort!!,Öffentlich-rechtlichen Medien und Merkel Anhängern setzten ihre Kampagne gegen den Präsidenten der Vereinigten Staaten fort!!,MultiParaDetox,MultiParaDetox,,True
de,German,"Über 87% der Deutschen Wähler die eine Altpartei wählten, sind für mich strohdumm!!!","Über 87% der Deutschen Wähler die eine Altpartei wählten, sind für mich ungebildet!!!",MultiParaDetox,MultiParaDetox,,True
de,German,"😂😂😂 Phantomschmerz (fehlende Eier) und Machtgeilheit zwangen heute erneut den ""Bayern-Horsti"" ohne Vaseline  in den Ar*** der Kanzlerette 😜","😂😂😂 Phantomschmerz und Machtgier zwangen heute erneut den ""Bayern-Horsti"" sich bei der Kanzlerin einzuschmeicheln 😜",MultiParaDetox,MultiParaDetox,,True
en,English,"(Damn it, I forgot to log in. -Brab)","(Oops, I forgot to log in. -Brab)",MultiParaDetox,MultiParaDetox,,True
en,English,. No repsonse just carry on destroying the wiki project you miserable half person,"No response, just carry on destroying the wiki project.",MultiParaDetox,MultiParaDetox,,True
en,English,. or the loud ass one - thousand ton beast roaring towards you howling its horn .,or the loud  one - thousand ton beast roaring towards you howling its horn .,MultiParaDetox,MultiParaDetox,,True
en,English,3 . you don 't fuck with a mommas boy,you don 't joke with a mommas boy,MultiParaDetox,MultiParaDetox,,True
en,English,ANI There are some whiners butt-hurt about comments you made.,There are some individuals who are upset about the comments you made.,MultiParaDetox,MultiParaDetox,,True
en,English,"Also, I have the fucking rights to advertise my youtube.com videos","Also, I have the right to advertise my youtube.com videos",MultiParaDetox,MultiParaDetox,,True
en,English,"And I believe you're being an arse, but hey, I cope","And I believe you're being an unpleasant person, but I will cope.",MultiParaDetox,MultiParaDetox,,True
en,English,And how can you justify a moronic 2 day block?,And how can you justify a 2 day block?,MultiParaDetox,MultiParaDetox,,True
en,English,And tell your admin friends to fuck off.,And tell your admin friendst to stay away.,MultiParaDetox,MultiParaDetox,,True
en,English,And why the fuck should i care?,And why should I care?,MultiParaDetox,MultiParaDetox,,True
en,English,"Are u there dick, wars back on!!!!",Are u there? The war is back on!,MultiParaDetox,MultiParaDetox,,True
en,English,Bin Laden and his 19 so-called hijackers were patsies.,Bin Laden and his 19 so-called hijackers were not the smartest people.,MultiParaDetox,MultiParaDetox,,True
en,English,Bullshit William Penn used the phrase too.,William Penn used the phrase too.,MultiParaDetox,MultiParaDetox,,True
en,English,Check this out dumb Mexican.,Check this Mexican out.,MultiParaDetox,MultiParaDetox,,True
en,English,DIGIT are you suggesting that should be enough to keep these uppity blacks satisfied ?,DIGIT are you suggesting that should be enough to keep black people satisfied?,MultiParaDetox,MultiParaDetox,,True
en,English,"DIGIT year olds can be little shits too , doesn t mean you fight them .","DIGIT one-year-olds can be intolerable too, it doesn't mean you fight them.",MultiParaDetox,MultiParaDetox,,True
en,English,Do you have to be such a dick to him?,Do you have to be such rude to him?,MultiParaDetox,MultiParaDetox,,True
en,English,FUCK Why hasn't anyone included this information yet?,Why hasn't anyone included this information yet?,MultiParaDetox,MultiParaDetox,,True
en,English,"Fuck you Roger Swivel, talk.","Dear Roger Swivel, let's talk.",MultiParaDetox,MultiParaDetox,,True
en,English,Gogo Dodo is a rogue admin that has sex with his father,Gogo Dodo is an admin that has close relationships with his father,MultiParaDetox,MultiParaDetox,,True
en,English,HELLO HOW DO I GET SOMEBODY TO FIX SHIT AROUND HERE?,"Hello, how do I get someone to fix problems around here?",MultiParaDetox,MultiParaDetox,,True
en,English,"HEY CRETIN, LOOK UP YOUR HISTORY!","Hey, sir, look up your history.",MultiParaDetox,MultiParaDetox,,True
en,English,Hard to be constructive when the other party behaves like a godking thug.,Hard to be constructive when the other party behaves really bad.,MultiParaDetox,MultiParaDetox,,True
en,English,"Hello, my name is anon, don't fuck with 4chan.","Hello, my name is anon, don't confront with 4chan.",MultiParaDetox,MultiParaDetox,,True
en,English,"How about YOU and AR stop pissing me off with your bullshit, and LISTEN TO ME FOR ONCE? -","How about you and I and the other person stop upsetting me with our words, and kindly listen to me for once?",MultiParaDetox,MultiParaDetox,,True
en,English,How about you fuck off and don't stalk my edits?,How about you leave me alone and don't stalk my edits?,MultiParaDetox,MultiParaDetox,,True
en,English,"How could the capital of Israel not be part of Israel, you fucking brainwashed Arab dumbass.",How could the capital of Israel not be part of Israel?,MultiParaDetox,MultiParaDetox,,True
en,English,"I am in awe of your template usage, true fucking hero you are, you twinkle-queen","I am in awe of your template usage, true hero you are.",MultiParaDetox,MultiParaDetox,,True
en,English,I can change my IP at will asshole.,I can change my IP at will.,MultiParaDetox,MultiParaDetox,,True
en,English,I have no interest in this stupid pedia.,I have no interest in this wikipedia.,MultiParaDetox,MultiParaDetox,,True
en,English,"I just watched this guy on TED, and he is fucking epic.","I just watched this guy on TED, and he is really epic.",MultiParaDetox,MultiParaDetox,,True
en,English,"I mind my language when i'm working with real people, not an ignorant dumbass!","I mind my language when i'm working with real people, not an ignorant people!",MultiParaDetox,MultiParaDetox,,True
en,English,"I see nothing wrong with calling an asshole ""asshole"".","I see nothing wrong with calling bad people ""bad"".",MultiParaDetox,MultiParaDetox,,True
en,English,"I was quoting you, you dumb bastard.",I was quoting you.,MultiParaDetox,MultiParaDetox,,True
en,English,I'll Ignore you for now and your everyday idiotic anime likings and stop attacking you.,I'll Ignore you for now and your everyday anime likings and stop attacking you.,MultiParaDetox,MultiParaDetox,,True
en,English,I'll bet 80% of what she did was rubbish,I'll bet 80% of what she did was not useful,MultiParaDetox,MultiParaDetox,,True
en,English,"In addition, I see no sock puppet, jackass.","In addition, I see no sock puppet.",MultiParaDetox,MultiParaDetox,,True
en,English,"In case you forgot, I was here way before the hardrock-idiot started his stupid webbased forum.","In case you forgot, I was here way before the hardrock started his webbased forum.",MultiParaDetox,MultiParaDetox,,True
en,English,Liars burn in Hell without Salvation.,Liars will face consequences without Salvation.,MultiParaDetox,MultiParaDetox,,True
en,English,My page should be protected first so that worthless scum like you can't keep vandalizing it.,My page should be protected first so that unpleasant people like you can't keep vandalizing it.,MultiParaDetox,MultiParaDetox,,True
en,English,"Oh, that was my dumbass mistake.","Oh, that was my mistake.",MultiParaDetox,MultiParaDetox,,True
en,English,Only a moron would think so.,Only a not clever person would think so.,MultiParaDetox,MultiParaDetox,,True
en,English,Probably because NO ONE GIVES A FUCK ABOUT MISS UPTON.,Probably because no one really cares about Miss Upton.,MultiParaDetox,MultiParaDetox,,True
en,English,Queen Mary Mrs Windsor's granny was a bitch.,Queen Mary Windsor's grandmother was not a pleasant person.,MultiParaDetox,MultiParaDetox,,True
en,English,Rubbish. I do not support your crappy encyclopedia and that's that.,I do not support your encyclopedia and that's that.,MultiParaDetox,MultiParaDetox,,True
en,English,STOP REVERTING MY EDITS YOU CUNT,Stop reverting my edits.,MultiParaDetox,MultiParaDetox,,True
en,English,STOP SENDING ME STUPID MESSAGES. I AM FIXING A MISTAKE IN THE ARTICLE.,Stop sending me messages. I am fixing a mistake in the article.,MultiParaDetox,MultiParaDetox,,True
en,English,"See all the many Google links, titled"" Wikipedia sucks.""","See all the many Google links, titled"" Wikipedia is bad.""",MultiParaDetox,MultiParaDetox,,True
en,English,Shut your mouth and stop talking. good boy,Can you please stop talking? Thanks.,MultiParaDetox,MultiParaDetox,,True
en,English,Stay the fuck off my page,"Stay away of my page, please",MultiParaDetox,MultiParaDetox,,True
en,English,"Stop Vandalizing Wikipedia, jerk!",Stop Vandalizing Wikipedia!,MultiParaDetox,MultiParaDetox,,True
en,English,"Stop defending neo-Nazis, you fuck",Stop defending neo-Nazis,MultiParaDetox,MultiParaDetox,,True
en,English,THIS MAN SHOULD BE SHOT FOR WAR CRIMES AND MURDER,This man should be punished severely for war crimes and murder,MultiParaDetox,MultiParaDetox,,True
en,English,THIS SCHOOL DISTRICT SUCKS i know cause i go there,This school district is unsatifactory i know cause i go there,MultiParaDetox,MultiParaDetox,,True
en,English,"Target You are now a valid target, you nasty little shit!","Target You are now a valid target, you rude person!",MultiParaDetox,MultiParaDetox,,True
en,English,Tell me how big your boobs are and I'll stop.,Tell me about yourself and I'll stop.,MultiParaDetox,MultiParaDetox,,True
en,English,That had more content and was going to be an article until you deleted it again dumbass.,That had more content and was going to be an article until you deleted it again.,MultiParaDetox,MultiParaDetox,,True
en,English,That's really fucking stupid (no wonder I can never remember) !!,That's really inconvenient (no wonder I can never remember) !!,MultiParaDetox,MultiParaDetox,,True
en,English,That's what you get for being a faggot,That's what you get for being an unpleasant person.,MultiParaDetox,MultiParaDetox,,True
en,English,Then start quoting the damn cover instead of a message board!,Then please start quoting the cover instead of a message board.,MultiParaDetox,MultiParaDetox,,True
en,English,They're more than welcome to take their brain dead asses back to their shithole country.,They're more than welcome to take themselves back to their country.,MultiParaDetox,MultiParaDetox,,True
en,English,This site is rubbish and is possibly slanderous.,This site is not of high quality and is possibly slanderous.,MultiParaDetox,MultiParaDetox,,True
en,English,WARNING: THIS FAG SUPPORTS HITLER,Warning: this person supports Hitler.,MultiParaDetox,MultiParaDetox,,True
en,English,"WHAT A FAGGOT, I'M GLAD HE'S DEAD!!!","What a person, I'm glad that he passed away.",MultiParaDetox,MultiParaDetox,,True
en,English,What the fuck do you want at my talk page.,What do you want at my talk page?,MultiParaDetox,MultiParaDetox,,True
en,English,What the hell is with everybody making Etna articles?,Why everybody is making Etna articles?,MultiParaDetox,MultiParaDetox,,True
en,English,You are a pompous fool.,You are a pretentious person.,MultiParaDetox,MultiParaDetox,,True
en,English,You are an idiot and you can't block anyone.,You can't block anyone.,MultiParaDetox,MultiParaDetox,,True
en,English,You people are posting the WRONG results so its MY problem jackass,You people are posting the wrong results so its my problem.,MultiParaDetox,MultiParaDetox,,True
en,English,You're being a first-class dick. Focus on how to edit this article properly.,You're being a first-class unpleasant person. Focus on how to edit this article properly.,MultiParaDetox,MultiParaDetox,,True
en,English,Your blocks do not deter me I may be blocked but you are still an asshole.,Your blocks do not deter me I may be blocked but you are still an unpleasant person.,MultiParaDetox,MultiParaDetox,,True
en,English,"actually no , i hate looking for shit .","actually no , i hate looking for things.",MultiParaDetox,MultiParaDetox,,True
en,English,anarchy is basically a philosophy for dumb teenagers and marxism is about dead .,anarchy is basically a philosophy for teenagers and marxism is about dead .,MultiParaDetox,MultiParaDetox,,True
en,English,"and because the government need this land , fuck people who live there , right ? .","and because the government need this land, the people who live there don't matter, right?",MultiParaDetox,MultiParaDetox,,True
en,English,and dumdums actually throw money at these clowns ?,Someone gives money on them?,MultiParaDetox,MultiParaDetox,,True
en,English,"and go on saddam execution talk page, before you stink up the place.","And please go on Saddam execution talk page, before you do anything else.",MultiParaDetox,MultiParaDetox,,True
en,English,and some people fucking buy that .,And some people believe that.,MultiParaDetox,MultiParaDetox,,True
en,English,and ya can 't draw fucking cartoons .,and you can't draw cartoons,MultiParaDetox,MultiParaDetox,,True
en,English,another piece of useless manufactured junk !,another piece of manufactured stuff !,MultiParaDetox,MultiParaDetox,,True
en,English,"anyone can edit it , it is very retarded .","anyone can edit it , it is very simple .",MultiParaDetox,MultiParaDetox,,True
en,English,as a member of the lafayette community why the fuck does it matter what his political standing is !,as a member of the lafayette community why does it matter what his political standing is !,MultiParaDetox,MultiParaDetox,,True
en,English,assad leaves and it will be a total shit show in syria .,Assad leaves and Syria will be in a mess.,MultiParaDetox,MultiParaDetox,,True
en,English,assad must be shitting his pants in fear .,Assad must be afraid,MultiParaDetox,MultiParaDetox,,True
en,English,at least one party gives a crap about humans after birth .,at leas one party pays attention about humans after birth.,MultiParaDetox,MultiParaDetox,,True
en,English,because israeli rabbis never say fucked up shit .,Because israeli rabbis never say wrong stuff,MultiParaDetox,MultiParaDetox,,True
en,English,bloated crap that comes out of these other .,Bloated nonsense that comes out of these other,MultiParaDetox,MultiParaDetox,,True
en,English,boeing is behaving exactly like any greedy bully would .,Boeing is behaving unfairly,MultiParaDetox,MultiParaDetox,,True
en,English,but mostly that middle of the street shit .,but mostly issues of middle of the street,MultiParaDetox,MultiParaDetox,,True
en,English,"by the way , sorry about that stupid edit .","by the way, sorry about that bad edit.",MultiParaDetox,MultiParaDetox,,True
en,English,call me on my stupidity ?,call me on my ignorance?,MultiParaDetox,MultiParaDetox,,True
en,English,"call me stupid , but it seems the page was not moved so much as copied .","call me illogical, but it seema the page was not moved so much as copied.",MultiParaDetox,MultiParaDetox,,True
en,English,can t people just leave cuba alone so it can get it s feet under itself for number fuckin minutes ? .,Can people just leave Cuba to itself so it can get its feet under itself for number minutes?,MultiParaDetox,MultiParaDetox,,True
en,English,can we just keep dog shit out of this ? .,Can we just keep bad stuff out of this?,MultiParaDetox,MultiParaDetox,,True
en,English,cant you lazy bums do anything ?,Can't you do anything?,MultiParaDetox,MultiParaDetox,,True
en,English,colin kaepernick is an idiot .,colin kaepernick is not good man,MultiParaDetox,MultiParaDetox,,True
en,English,"collins , is an idiot , but we didnt need this article to establish that fact .",Colin is not so intelligent but we didn't need this article to establish this fact.,MultiParaDetox,MultiParaDetox,,True
en,English,"could ve fooled me , all governments are corrupt as fuck .",All governments are corrupt,MultiParaDetox,MultiParaDetox,,True
en,English,"crimea voted for secession and russia accepted and annexed crimea , what fucking crisis ! ! ! !",crimea voted for secession and russia accepted and annexed crimea,MultiParaDetox,MultiParaDetox,,True
en,English,do people really think everyone is too dumb to recognize this double standard ?,Do people really think everyone does not recognize this double standard.,MultiParaDetox,MultiParaDetox,,True
en,English,dont be a dick and add stupid and clear vandalism to articles .,Do not be like that and add clear vandalism to the article.,MultiParaDetox,MultiParaDetox,,True
en,English,dont cut off your nose to spite your face .,Don't annoy me,MultiParaDetox,MultiParaDetox,,True
en,English,dont give us that crap about out of towners coming here and dropping bucketsey either .,dont give us that story about out of towners coming here and dropping bucketsey either,MultiParaDetox,MultiParaDetox,,True
en,English,dont have time for these assholes .,dont have time for these guys,MultiParaDetox,MultiParaDetox,,True
en,English,dont try to spook me you dick!,Don't try to spook me!,MultiParaDetox,MultiParaDetox,,True
en,English,fuck alcohol and anyone who drives while drinking the stuff .,Alcohol and everyone else who drinks and drives.,MultiParaDetox,MultiParaDetox,,True
en,English,fuck ever doing that again .,Dont do that again,MultiParaDetox,MultiParaDetox,,True
en,English,"fuck me , even afghanistan has number .",even afghanistan has a number.,MultiParaDetox,MultiParaDetox,,True
en,English,"fuck minimum security , put him in real prison .",Put him in real prison,MultiParaDetox,MultiParaDetox,,True
en,English,fuck off - it is international airspace,it is international airspace,MultiParaDetox,MultiParaDetox,,True
en,English,fuck red light cameras and the money grubbing cities that use them .,I don’t like red light cameras and the cities that use them.,MultiParaDetox,MultiParaDetox,,True
en,English,fuck this scumbag piece of shit and all his political cohorts .,I disagree with him and his political cohorts.,MultiParaDetox,MultiParaDetox,,True
en,English,fuck you Funny how a wikipedia article i tried to create is now an actual article.,Funny how a wikipedia article i tried to create is now an actual article.,MultiParaDetox,MultiParaDetox,,True
en,English,fucking cunt of a person .,A bad person.,MultiParaDetox,MultiParaDetox,,True
en,English,"gawd , you are one massively ignorant fellow .",How can you be so ignorant ?,MultiParaDetox,MultiParaDetox,,True
en,English,get this ldiot out of there .,get this fellow out of there .,MultiParaDetox,MultiParaDetox,,True
en,English,glad to see they were allowed to fuck up the santa barbara coast .,Glad to see they were alllowed to destroy the santa Barbara coast,MultiParaDetox,MultiParaDetox,,True
en,English,good thing i never supported those ass clowns .,good thing i never supported those,MultiParaDetox,MultiParaDetox,,True
en,English,gt obama is a lying sack of shit .,gt Obama is not always right.,MultiParaDetox,MultiParaDetox,,True
en,English,gt thats really sad because what they really need to do is fuck off and mind their own business .,gt that's really sad because what they really need to do is mind their own business .,MultiParaDetox,MultiParaDetox,,True
en,English,"haha okay i m a sick fuck to find that entertaining , i ll see myself out .","haha okay i m weird to find that entertaining , i ll see myself out .",MultiParaDetox,MultiParaDetox,,True
en,English,harper needs to get the fuck out of office .,Harper needs to get out of office,MultiParaDetox,MultiParaDetox,,True
en,English,harper was nothing but incompetent and corrupt .,Harper was incompentent and unfair,MultiParaDetox,MultiParaDetox,,True
en,English,he hasn t done shit for palestine .,He doesn't do anything for Palestine.,MultiParaDetox,MultiParaDetox,,True
en,English,he is not that stupid .,he is not that foolish.,MultiParaDetox,MultiParaDetox,,True
en,English,he is very arrogant unfortunately im hoping to stab him to death soon .,he is very arrogant unfortunately,MultiParaDetox,MultiParaDetox,,True
en,English,"hey , idiot , i said ill be more careful not to remove content .",Hey I said I'll be more careful not to remove content,MultiParaDetox,MultiParaDetox,,True
en,English,hey look at this shit vandalism!,"Hey, a look at this vandalism!",MultiParaDetox,MultiParaDetox,,True
en,English,hey man keep that shit to yourself .,Hey man keep that to yourself,MultiParaDetox,MultiParaDetox,,True
en,English,hey why the fuck is it so hard to get an article on here?,"Hey, why is it so hard to get an article on here?",MultiParaDetox,MultiParaDetox,,True
en,English,his pay check from taxpayers because a bunch of idiot bureaucrats keeps adding zeros every time they open their mouths .,his pay check from taxpayers because a bunch of bureaucrats keeps adding zeros every time they open their mounths,MultiParaDetox,MultiParaDetox,,True
en,English,"hiya frank , you know someone called fuck then ? .","hiya frank , you know someone called then ? .",MultiParaDetox,MultiParaDetox,,True
en,English,"holy shit , just finished the season and it is so good but so * dark * , especially at the end .","Oh goodness, just finished the season and it is so good but so *dark*, especially at the end",MultiParaDetox,MultiParaDetox,,True
en,English,"holy shit , what is wrong with you ? .","Hey, what is wrong with you?",MultiParaDetox,MultiParaDetox,,True
en,English,holy shit i thought that was a joke .,I thought it was a joke!!,MultiParaDetox,MultiParaDetox,,True
en,English,holy shit that article was filled with ads .,"God, that article was filled with ads .",MultiParaDetox,MultiParaDetox,,True
en,English,honestly hope that cockeyed fuck steps out from his keyboard and gets absolutely destroyed .,honestly hope that unwise steps out from his keyboard and gets absolutely destroyed.,MultiParaDetox,MultiParaDetox,,True
en,English,how about fuck whiny cunts who buy seats knowing others will recline around them and then bitch about it .,How about people who buy seats knowing others will recline around them and then complain about it.,MultiParaDetox,MultiParaDetox,,True
en,English,"how else could it have become , with bribery being legal and shit ? .","How else could it have become, with bribery being legal?",MultiParaDetox,MultiParaDetox,,True
en,English,how the fuck are they getting to outer space ?,How are they getting to outer space?,MultiParaDetox,MultiParaDetox,,True
en,English,"i 'm ready to actually do something to make this shit stop , but what can i do ?","I am ready to do something to make this stop, but what can i do?",MultiParaDetox,MultiParaDetox,,True
en,English,"i cannot help thinking if they wanted my opinion on shit , they could just ask .","I can't help thinking if they wanted my opinion on something, they could just ask.",MultiParaDetox,MultiParaDetox,,True
en,English,i cant believe we are even discussing crap like this .,i can't believe we are even discussing thing like this,MultiParaDetox,MultiParaDetox,,True
en,English,i couldn t even tell what the fuck it s saying .,I couldn't even tell what it was saying.,MultiParaDetox,MultiParaDetox,,True
en,English,i d love to live there if it weren t for the fucking california cost of living .,i d love to live there if it weren t for california cost of living .,MultiParaDetox,MultiParaDetox,,True
en,English,i don t give a fuck where you are going .,i don't care about where you are going,MultiParaDetox,MultiParaDetox,,True
en,English,i fuckin knew they were punking us .,i knew they were punking us .,MultiParaDetox,MultiParaDetox,,True
en,English,i have made the changes lets not let something this stupid happen again,i have made the changes lets not let something this bad happen again,MultiParaDetox,MultiParaDetox,,True
en,English,i just re watched letters from iwo jima this weekend and that was some brutal shit .,I just re watched letters from iwi jima this weekend and that was brutal,MultiParaDetox,MultiParaDetox,,True
en,English,i live with my mom and im a gay fag that lives in england,i live with my mom and im a gay person that lives in england,MultiParaDetox,MultiParaDetox,,True
en,English,"i m australian myself , but i don t say mate or cunt all the time .","I am an Australian, but I don't say profanity words all the time.",MultiParaDetox,MultiParaDetox,,True
en,English,i m just glad he doesn t actually believe in this shit .,I am just glad he doesn't actually believe in this nonsense,MultiParaDetox,MultiParaDetox,,True
en,English,i m not trying to be a dick but i didn t think it was a cure for anything .,I didn't think it was a cure for anything.,MultiParaDetox,MultiParaDetox,,True
en,English,"i never knew they were rich , just silly tourists with loud aloha shirts .","i never knew they were rich , just  tourists with loud aloha shirts .",MultiParaDetox,MultiParaDetox,,True
en,English,i never uttered or wrote that crap .,I have not uttered or wrote that thing,MultiParaDetox,MultiParaDetox,,True
en,English,"i thought world leader just picked random shit to do , thank you for informing us ! .","I thought world leader just picked a random things to do ,thank you for informing us!.",MultiParaDetox,MultiParaDetox,,True
en,English,i was a fucking dumbass kid though .,I was a weak kid though,MultiParaDetox,MultiParaDetox,,True
en,English,i wish people would shut the fuck up about big money in politics .,I wish people would keep quiet about big money in politics.,MultiParaDetox,MultiParaDetox,,True
en,English,ibrahim is kind of a dick lately .,Ibrahim has been kind of mean lately,MultiParaDetox,MultiParaDetox,,True
en,English,"if you continue being a jackass , you will be blocked from editing wikipedia .","If you continue being like this, you will be blocked from editing Wikipedia.",MultiParaDetox,MultiParaDetox,,True
en,English,if you find yourself using your religion to deny rights to women you 're a piece of shit .,If you find yourself using your religion to deny rights to women you are a mean person,MultiParaDetox,MultiParaDetox,,True
en,English,"if you still think you re not living in a police state , wake the fuck up .","If you still think you're not living in a police state, wake up.",MultiParaDetox,MultiParaDetox,,True
en,English,if you think a town in texas would cover this kind of shit up you re insane .,If you think a town in Texas would cover these things your wrong.,MultiParaDetox,MultiParaDetox,,True
en,English,impeachment of trump is a really dumb idea .,impeachment of trump is a really bad idea .,MultiParaDetox,MultiParaDetox,,True
en,English,in other news op is a fucking retard .,In other news op is slow.,MultiParaDetox,MultiParaDetox,,True
en,English,"in the end , he was just a dick .","in the end , he was just unpleasant.",MultiParaDetox,MultiParaDetox,,True
en,English,"instead of trying to make a difference , ye old witch was more interested in making a statement .","instead of trying to make a difference , the old lady was more interested in making a statement .",MultiParaDetox,MultiParaDetox,,True
en,English,it s actually a great idea if you want to keep nuts out and get shit done .,it is actually a great deal if you want to get things done,MultiParaDetox,MultiParaDetox,,True
en,English,"it s like fucking jurassic park , but much fluffier ! .","it s like jurassic park , but much fluffier !",MultiParaDetox,MultiParaDetox,,True
en,English,it s refreshing to see someone who is so fucking smart and edgy .,it's refreshing to see someone who is so smart and edgy .,MultiParaDetox,MultiParaDetox,,True
en,English,it sucks that youre an awful person .,It hurts that you have a bad character,MultiParaDetox,MultiParaDetox,,True
en,English,it sure as fuck had nothing to do with anything i said .,it had nothing to do with anything i said .,MultiParaDetox,MultiParaDetox,,True
en,English,it would be fucking illegal as shit to straight up kill someone .,It would be illegal to commit homicide.,MultiParaDetox,MultiParaDetox,,True
en,English,its my talk page. keep the bitching off it. thanks.,It is my talk page. Stay away from it. Thanks.,MultiParaDetox,MultiParaDetox,,True
en,English,jesus . i was having a nice sunday afternoon and then i read that shit ?,"Jesus, i was having a nice sunday afternoon and then i read that article?",MultiParaDetox,MultiParaDetox,,True
en,English,"jesus christ , that 's incredibly fucked up .",jesus christ . that's incredibly bad,MultiParaDetox,MultiParaDetox,,True
en,English,just the shit they get are worth hundreds of thousands if not millions of dollars .,just the things they get are worth hundreds of thousands if not millions of dollars .,MultiParaDetox,MultiParaDetox,,True
en,English,keep your filthy paws off wikipedias articles unless you have something worthwhile to contribute .,Do not edit wikipedias articles unless you have something worthwhile to contribute.,MultiParaDetox,MultiParaDetox,,True
en,English,"kid , you should be watching the crap they call cartoons now made for your generation .","kid , you should be watching the cartoons now made for your generation .",MultiParaDetox,MultiParaDetox,,True
en,English,let 's have them do all the tough shit men are forced to do .,let's have them do all the tough things men are forced to do.,MultiParaDetox,MultiParaDetox,,True
en,English,let darwinism take its course so that the least stupid shall inherit the earth .,Let darwinism take its course so that the more knowledgeable can inherit the earth,MultiParaDetox,MultiParaDetox,,True
en,English,lgbt whine and bitch all the way to the courts to have the twice declined decision overturned .,the lgbt community complained all the way to the courts to have the twice declined decision overturned .,MultiParaDetox,MultiParaDetox,,True
en,English,likes to eat shit It's true and he told me himself!,"likes to eat bad food, that's true and he told me himself!",MultiParaDetox,MultiParaDetox,,True
en,English,looks like the not fucking around crew is making decisions now .,Look like the crew is making decisions now.,MultiParaDetox,MultiParaDetox,,True
en,English,"lucky you , maybe now you think youre somebody , huh , fool ?","lucky you , maybe now you think you're somebody , huh ,  ?",MultiParaDetox,MultiParaDetox,,True
en,English,making and distributing cp is fucked .,Making and distributing cp is not good,MultiParaDetox,MultiParaDetox,,True
en,English,military can be very stupid too .,Military can make a mistake.,MultiParaDetox,MultiParaDetox,,True
en,English,minorities bitch and moan when the police uphold the law .,Minorities don't like when the police uphold the law,MultiParaDetox,MultiParaDetox,,True
en,English,my comment was more a diatribe about how there should be more outrage at home for this shit .,My comment was more a ranting about how there should be more outrage at home for these things,MultiParaDetox,MultiParaDetox,,True
en,English,my wife still gives me shit for it .,My wife still berates me for it.,MultiParaDetox,MultiParaDetox,,True
en,English,never trust anything the repugs try to shove down your throat .,Never trust anything you're forcefully told,MultiParaDetox,MultiParaDetox,,True
en,English,no self - respecting australian or new zealand would read such hateful shit .,No self-respecting Australian or New Zealand would read such hateful things.,MultiParaDetox,MultiParaDetox,,True
en,English,"no shit , lockheed or raytheon or boeing or you name it employs half his districts employees .","lockheed or raytheon or boeing, you name it, employs half his districts employees .",MultiParaDetox,MultiParaDetox,,True
en,English,"not even from brainless , hypocritical marxist pigs .",not even from marxist people.,MultiParaDetox,MultiParaDetox,,True
en,English,"not just a biologist , a fucking virologist ! .","not just a biologist , also a virologist",MultiParaDetox,MultiParaDetox,,True
en,English,not to be confused with the legal firm bull shit associates .,not to be confused with the legal firm associates.,MultiParaDetox,MultiParaDetox,,True
en,English,now that is just a fucking dumb thing to say .,now that is just a useless thing to say.,MultiParaDetox,MultiParaDetox,,True
en,English,only boneheads would buy into this stuff from the msm .,Only people with no knowledge of it would buy into this stuff from msm.,MultiParaDetox,MultiParaDetox,,True
en,English,or just go with this cunt en .,Or just go with this bad person then,MultiParaDetox,MultiParaDetox,,True
en,English,p. s. i do own all of those pictures bitch .,i own all those pictures.,MultiParaDetox,MultiParaDetox,,True
en,English,people don t even wash their damn hands after taking a shit .,people don't even wash their hands after going to the toilet.,MultiParaDetox,MultiParaDetox,,True
en,English,people making moronic jokes Have no right to edit.,The people making bad jokes should not have a right to edit.,MultiParaDetox,MultiParaDetox,,True
en,English,"piss me off , fuckin jerk , get on my nerves .",get on my nerves,MultiParaDetox,MultiParaDetox,,True
en,English,"ps, congradulations on recieving the bitch star, you definatly deserve it ryan.","Congratulations on receiving the award, you definetly deserve it, Ryan.",MultiParaDetox,MultiParaDetox,,True
en,English,randy johnson is a troll .,Randy Johnson leaves mean comments in social media platforms.,MultiParaDetox,MultiParaDetox,,True
en,English,republicans and democrats are the right and left cheeks of the same ass .,Republicans and democrats are in the same League,MultiParaDetox,MultiParaDetox,,True
en,English,"sell your ships , find a new job , get the fuck out of the number th century , thanks .","sell your ships , find a new job , get out of the number th century , thanks .",MultiParaDetox,MultiParaDetox,,True
en,English,"seriously , at least number people are dead leave aside your point scoring and generally just fuck off .","seriously, at least number people are dead so just keep quiet",MultiParaDetox,MultiParaDetox,,True
en,English,"shit , they even do it in their own country .",They do it with their own country.,MultiParaDetox,MultiParaDetox,,True
en,English,shit just got real upload .,Things just got real upload,MultiParaDetox,MultiParaDetox,,True
en,English,"shit looked like a music video with synced audio , and footage editing .","looked like a music video with synced audio , and footage editing .",MultiParaDetox,MultiParaDetox,,True
en,English,sit on your ass at home and don t vote at your peril .,Relax at home and do not vote at your own risk,MultiParaDetox,MultiParaDetox,,True
en,English,"so i would really like it if people could stop acting like that 's why he got shot , it fucking isn 't .","so i would really like it if people could stop acting like that 's why he got shot , it isn 't .",MultiParaDetox,MultiParaDetox,,True
en,English,so is torture why should they give a shit ? .,Is torture the reason why they care?,MultiParaDetox,MultiParaDetox,,True
en,English,so they don 't give a flying fuck about long term effects .,So they don't care about long term effects,MultiParaDetox,MultiParaDetox,,True
en,English,"strong fiscal management , my ass , steve o .",I don't think it's strong fiscal management.,MultiParaDetox,MultiParaDetox,,True
en,English,that guy used to be a real dick .,That guy used to be a mean person,MultiParaDetox,MultiParaDetox,,True
en,English,that ignorant failure isnt qualified for any public office .,he is not qualified for any public office.,MultiParaDetox,MultiParaDetox,,True
en,English,that man is the biggest piece of shit in ny s recent history .,that man is the biggest issue in ny's recent history.,MultiParaDetox,MultiParaDetox,,True
en,English,that s some pretty shit logic .,That's some pretty bad logic.,MultiParaDetox,MultiParaDetox,,True
en,English,"that said , i hope they get a great attorney and sue the shit out of the cops .","that said , i hope they get a great attorney and sue the cops .",MultiParaDetox,MultiParaDetox,,True
en,English,that scum is smiling in court !,That bad person is smiling in court,MultiParaDetox,MultiParaDetox,,True
en,English,that things that we use everyday aren't correct. wikipedia blows cock and so do you.,"That things that we use everyday aren't correct. Wikipedia lacks credibility, and the same goes for you.",MultiParaDetox,MultiParaDetox,,True
en,English,thats an asinine racist comment .,thats a racist comment .,MultiParaDetox,MultiParaDetox,,True
en,English,"thats just stupid , how can i be blocked for stating a fact .","That doesn't make any sense, how can I be blocked for stating a fact",MultiParaDetox,MultiParaDetox,,True
en,English,"the "" joke "" that canada 's military is a joke is extremely played out , shit 's not funny .","the "" joke "" that canada 's military is a joke is extremely played out  and it's not funny.",MultiParaDetox,MultiParaDetox,,True
en,English,the germans today are the same blind brainless followtheleader sheep they were inand throughout their history .,The germans today are the same they were in and throughout their history,MultiParaDetox,MultiParaDetox,,True
en,English,the guy was a sick fuck .,the guy was a mess.,MultiParaDetox,MultiParaDetox,,True
en,English,the object is to waste peoples time deconstructing your foolish effusions .,the object is to waste peoples time deconstructing your effusions .,MultiParaDetox,MultiParaDetox,,True
en,English,the point is that either choice was shit .,both choices were bad,MultiParaDetox,MultiParaDetox,,True
en,English,the really sad fucking part is they tried this story before in number maannews .,the really sad part is that they tried this story before in the maannews.,MultiParaDetox,MultiParaDetox,,True
en,English,"then all of a sudden i see her , shes now got the big phony tits and everything .","All of a sudden i see her, she is all grown up.",MultiParaDetox,MultiParaDetox,,True
en,English,then drench the fucking thing with bbq sauce !,Please drench the meat with bbq sauce,MultiParaDetox,MultiParaDetox,,True
en,English,these idiots are bound and determined to start a civil war !,these people are bound and determined to start a civil war!,MultiParaDetox,MultiParaDetox,,True
en,English,they are always puffing him up and blowing smoke up his butt and aggrandizing him and his fewaccomplishments .,the are always puffing him up and blowing smoke on him and aggrandizing him and his few accomplishments.,MultiParaDetox,MultiParaDetox,,True
en,English,they are two faced fucks .,they are two faced.,MultiParaDetox,MultiParaDetox,,True
en,English,they deal with them and then they think everyone in society is a shit stain .,they deal with them and then they think everyone in society is a bad person.,MultiParaDetox,MultiParaDetox,,True
en,English,they don t give a shit about terrorism .,They don’t care about terrorism at all.,MultiParaDetox,MultiParaDetox,,True
en,English,they ll say and do anything to cover their asses won t they ? .,they'll do anything to cover their mistakes won't they,MultiParaDetox,MultiParaDetox,,True
en,English,they must have been pretty stupid to get caught in today environment .,They must have been incompetent to get caught in today environment.,MultiParaDetox,MultiParaDetox,,True
en,English,"they should have fled , i feel that these guys are fucked , who turns themselves in to an angry mob ? .","They should have escaped, i feel that these are are done, who turns themselves in to an angry mob",MultiParaDetox,MultiParaDetox,,True
en,English,they were most likely bought out by the fucking koch brothers .,They might have been bought out by koch brothers,MultiParaDetox,MultiParaDetox,,True
en,English,this administrations shit stinks as bad as the last ! .,The administration is similarly incompetent like the former.,MultiParaDetox,MultiParaDetox,,True
en,English,this article so many of the comments suck .,The comments section of the article isn't good.,MultiParaDetox,MultiParaDetox,,True
en,English,this deadly behavior is why abusive police in the 60s were referred to as pigs .,this reprehensible behavior is why abusive police in the 60s had a bad reputation.,MultiParaDetox,MultiParaDetox,,True
en,English,this is a fuckingtzu tactic for shits sake .,that's a bad tactic,MultiParaDetox,MultiParaDetox,,True
en,English,"this is a special needs child with autism , not some angry little shit with no self control .","This child has autism, not behavioral issues",MultiParaDetox,MultiParaDetox,,True
en,English,"this is ridiculous , all pain meds should be otc","This is not good , all pain meds should be otc",MultiParaDetox,MultiParaDetox,,True
en,English,this is some clockwork orange level shit .,this is some clockwork orange level thing,MultiParaDetox,MultiParaDetox,,True
en,English,this piece of human garbage should rot in jail .,this criminal should be in jail,MultiParaDetox,MultiParaDetox,,True
en,English,those things are complete and utter pieces of shit .,Those things are meaningless,MultiParaDetox,MultiParaDetox,,True
en,English,"throwing his ass in jail is the best thing possible , since it protects others from his willful drunk driving .","Being sent to jail is the best thing possible, since it protects others from willful drunk driving.",MultiParaDetox,MultiParaDetox,,True
en,English,time to wage war and blow shit up .,Time to wage war and change somethings,MultiParaDetox,MultiParaDetox,,True
en,English,"top ten most relevant "" are you fucking sorry ""","Top ten most relevant "" are you sorry?""",MultiParaDetox,MultiParaDetox,,True
en,English,"turkey could invade , and russia wouldn 't be able to do shit about that either .",Turkey could invade and Russia wouldn't be able to do anything about it,MultiParaDetox,MultiParaDetox,,True
en,English,"unless you are harvesting and grinding your own beans , you are fucked .","Unless you are harvesting and grinding your own beams , you are at risk.",MultiParaDetox,MultiParaDetox,,True
en,English,"we 're not fucking worlds leaders in this bitch , all you 'll get is speculation .","We 're not worlds leaders, all you 'll get is speculation .",MultiParaDetox,MultiParaDetox,,True
en,English,we don t need to consider shit !,We don't need to consider anything,MultiParaDetox,MultiParaDetox,,True
en,English,we dont need no stinking nevertrumpers up in here !,We do not need people against Trump here!,MultiParaDetox,MultiParaDetox,,True
en,English,"we shouldn t be shitting on his good name , and saying what he should , and shouldn t have done .",we should not desecrate his name instead we should have done better.,MultiParaDetox,MultiParaDetox,,True
en,English,"well , dunno about him being an asshole , but he was definitely a fucking moron .","well , dunno about him being not nice , but he was definitely not smart",MultiParaDetox,MultiParaDetox,,True
en,English,"well , there ya go , miss cunt .","Here you go, miss.",MultiParaDetox,MultiParaDetox,,True
en,English,west is the spoiled shit .,west is bad.,MultiParaDetox,MultiParaDetox,,True
en,English,weve got one clown in the wh .,Weve got one man in the wh,MultiParaDetox,MultiParaDetox,,True
en,English,what a bunch of sick lies !,What a bunch of lies,MultiParaDetox,MultiParaDetox,,True
en,English,what a fucking idiot you are .,you are naïve,MultiParaDetox,MultiParaDetox,,True
en,English,what the fuck is wrong with you ?,what is wrong with you?,MultiParaDetox,MultiParaDetox,,True
en,English,what the hell question are you talking about ?,what is the question are you talking about?,MultiParaDetox,MultiParaDetox,,True
en,English,who really gives a crap about this ?,Who really care about this?,MultiParaDetox,MultiParaDetox,,True
en,English,who the fuck is pushing diversity on you ? .,who is pushing diversity on you ? .,MultiParaDetox,MultiParaDetox,,True
en,English,who the hell do you feminists think you are anyway ?,Who do these feminists think they are anyway?,MultiParaDetox,MultiParaDetox,,True
en,English,why do you guys do this shit out west ?,Why do you guys do this out of west?,MultiParaDetox,MultiParaDetox,,True
en,English,why not drop health insurance companies all together and get the government to stop hospitals from fucking price gouging ?,why not drop health insurance companies all together and get the government to stop hospitals from price gouging,MultiParaDetox,MultiParaDetox,,True
en,English,why should i give a fuck !,Why do I have to worry?,MultiParaDetox,MultiParaDetox,,True
en,English,"yea , who the fuck is government to be involved my my your kids education ? .","yes, who is the government to be involved in my education of my children? .",MultiParaDetox,MultiParaDetox,,True
en,English,"yeah , americans with quadruple citizenship so they have where to go in case shit gets serious anywhere else .","Yeah , Americans with quadruple citizenship so they have where to go in case things gets serious anywhere else .",MultiParaDetox,MultiParaDetox,,True
en,English,yet fifa doesn t give two fucks .,yet fifa doesn't care.,MultiParaDetox,MultiParaDetox,,True
en,English,yo buddy why are you saying mean shit to me ?,"Hey buddy, why are you saying mean things to me?",MultiParaDetox,MultiParaDetox,,True
en,English,you are liable to break something and touch shit you shouldnt touch .,you are liable to break something and touch stuff you shouldn't touch.,MultiParaDetox,MultiParaDetox,,True
en,English,you bunch of asshats pushing your agenda instead of being neutrel .,You are all just pushing on your agenda instead of being neutral,MultiParaDetox,MultiParaDetox,,True
en,English,you see that kid talking to me i hate him he never leaves me alone.,"you see that kid talking to me i don't really like him, because he never leaves me alone.",MultiParaDetox,MultiParaDetox,,True
es,Spanish,"#Lista Allanamientos, persecución y exilio: la aberración de #ANC contra diputados  `""","# Lista de invasiones, persecuciones y expulsiones: # ANC contra diputados `""",MultiParaDetox,MultiParaDetox,,True
es,Spanish,#VivaElCineEspañol porque me gusta y por patriotismo. A ver si os enteráis pedazo de fachas.,#VivaElCineEspañol porque me gusta y por patriotismo. A ver si os enteráis,MultiParaDetox,MultiParaDetox,,True
es,Spanish,#YoSoyAnonymousUE basta de absurda represión victimista por parte del Estado Fascista,#YoSoyAnonymousUE basta de absurda represión victimista por parte del Estado,MultiParaDetox,MultiParaDetox,,True
es,Spanish,",, pin pon , todos los rojos delincuentes en sus ejercicio  ..","pin pon , todos los rojos en sus ejercicio",MultiParaDetox,MultiParaDetox,,True
es,Spanish,"- Porque se que es la única forma que me visiten todos los fines de semana, borrachos malparidos",- Porque se que es la única forma que me visiten todos los fines de semana.,MultiParaDetox,MultiParaDetox,,True
es,Spanish,-Una directiva fracasa deportivamente -Unos monguers los votan para que sigan mandando -Los monguers se sorprenden d q fracasen #estapasando,"Una directiva desilusiona deportivamente, unos monguers los votan para que sigan mandando, los monguers se sorprenden de que no sea un éxito #estapasando",MultiParaDetox,MultiParaDetox,,True
es,Spanish,"6 años ha tardado en mostrarse el tarado mental más grande, bravo 👏","6 años ha tardado en mostrarse el personaje más grande, bravo 👏",MultiParaDetox,MultiParaDetox,,True
es,Spanish,@ promosquevienen no se vayan de viaje de egresados con upgrade xq son la peor verga que hay:)),@ promosquevienen no se vayan de viaje de egresados con upgrade xq son la peor que hay:)),MultiParaDetox,MultiParaDetox,,True
es,Spanish,A Emery se la devuelven por subnormal. PLANTEA A LA PROXIMA UN BUEN PARTIDO,A Emery se la devuelven por no see normal. PLANTEA A LA PROXIMA UN BUEN PARTIDO,MultiParaDetox,MultiParaDetox,,True
es,Spanish,"A los machistas no les da miedo el feminismo, (muy machos ellos). Simplemente lo desprecian,.¡Imbéciles!.","A los machistas no les da miedo el feminismo, (muy machos ellos). Simplemente lo desprecian",MultiParaDetox,MultiParaDetox,,True
es,Spanish,"A saber cuantos imbéciles recibieron dinero y sin hacer una mala película siquiera.""","A saber cuantos recibieron dinero y sin hacer una mala película siquiera.""",MultiParaDetox,MultiParaDetox,,True
es,Spanish,"A su vez que no es lo mismo ser cristiano que catolico , pero tu eres CATETA.",A su vez que no es lo mismo ser cristiano que catolico.,MultiParaDetox,MultiParaDetox,,True
es,Spanish,"Acojonante lo de la progresía, pagamos una barbaridad por alojar escoria mejor con unos servicios que ya quisieran nuestros mayores","Pagamos una barbaridad por alojar gente, mejor con unos servicios que ya quisieran nuestros mayores",MultiParaDetox,MultiParaDetox,,True
es,Spanish,"Ah, porque se va y viene la hija puta. Están haciendo el subnormal apagando y encendiendo","Ah, porque esta hija va y viene. Hacen algo anormal, se apagan y se encienden.",MultiParaDetox,MultiParaDetox,,True
es,Spanish,Ahora me leo la secta que seguro que amplian información,Voy a leer el artículo para obtener más información.,MultiParaDetox,MultiParaDetox,,True
es,Spanish,"Ahora pides asilo político HDP, ahora las escorias oficialistas pidiendo asilo que tal.","Ahora pides asilo político HDP, ahora las oficialistas pidiendo asilo que tal.",MultiParaDetox,MultiParaDetox,,True
es,Spanish,Ahora un nazi en RTVE #lahoraespinosadelosmonteros,Ahora este hombre en RTVE #lahoraespinosadelosmonteros,MultiParaDetox,MultiParaDetox,,True
es,Spanish,"Ahí ahí, protegiendo a tus niños. A los mejores. ¿A cuantos tienes metidos en casa?","Ahí estás, protegiendo a tus hijos. A los más destacados. ¿Cuántos tienes en casa?",MultiParaDetox,MultiParaDetox,,True
es,Spanish,Antes me como un whopper que decir algo bueno del subnormal ese,Antes me como un Whopper porque decir algo de él,MultiParaDetox,MultiParaDetox,,True
es,Spanish,Aprende el significado de mayoría parlamentaria subnormal,Aprende el significado de mayoría parlamentaria,MultiParaDetox,MultiParaDetox,,True
es,Spanish,"Aquí Piatti que no metía un puto gol y en el Español, lleva ya unos cuantos, mamón. ☹️","Aquí Piatti que no metía un gol y en el Español, lleva ya unos cuantos",MultiParaDetox,MultiParaDetox,,True
es,Spanish,Aquí va una canción para todos y cada uno de los putos fascistas del PP… Fuck You de Lily Allen,Aquí tenéis una canción para todos y cada uno de los PP... You de Lily Allen,MultiParaDetox,MultiParaDetox,,True
es,Spanish,Asumen tu género por tu apariencia física. Son unos fascistas transfobos y homófobos.,Asumen tu género por tu apariencia física.,MultiParaDetox,MultiParaDetox,,True
es,Spanish,"Así actúa la propaganda de la izquierda, como cualquier rancia dictadura","Así actúa la propaganda de la izquierda, como cualquier dictadura",MultiParaDetox,MultiParaDetox,,True
es,Spanish,"Basta ya hijos de las mil putas. Estáis agotando a la Afición, lo único digno que queda en el club.","Basta ya. Estáis agotando a la Afición, lo único digno que queda en el club.",MultiParaDetox,MultiParaDetox,,True
es,Spanish,Blocs y a otra cosa No le des publicidad al monguer,Blocs y a otra cosa No le des publicidad,MultiParaDetox,MultiParaDetox,,True
es,Spanish,"Buah yo no me haría nunca un twitter, eso está lleno de rojos de mierda.","Yo no me haría nunca un twitter, eso está lleno de rojos.",MultiParaDetox,MultiParaDetox,,True
es,Spanish,Buena gente acogemos en nuestro país. Traen lo mejorcito de la cultura de su país.,"Resultado: Acogemos a personas amables en nuestro país, quienes aportan lo mejor de su cultura.",MultiParaDetox,MultiParaDetox,,True
es,Spanish,"Cada vez, la situación del país está en la mierda la de mierdísima #FreddyGuevaraTeCAGASTE","Cada vez, la situación del país está en mala",MultiParaDetox,MultiParaDetox,,True
es,Spanish,Celebrando mas feliz una victoria del Barsa que una del Sevilla... Este subnormal no me representa como sevillista,Celebrando mas feliz una victoria del Barsa que una del Sevilla... No me representa como sevillista,MultiParaDetox,MultiParaDetox,,True
es,Spanish,"Charnego mañana salgo para ir a trabajar,  cosa que tu no sabes lo que es...","mañana salgo para ir a trabajar,  cosa que tu no sabes lo que es...",MultiParaDetox,MultiParaDetox,,True
es,Spanish,"Cogiendo el testigo de su colega,el mongolo Roncero. Vaya paga que tienes,carajaula",Cogiendo el testigo de su colegaRoncero. Vaya paga que tienes,MultiParaDetox,MultiParaDetox,,True
es,Spanish,Como les gusta el afeitado en seco a esta gente.,A algunas personas les gusta el afeitado en seco.,MultiParaDetox,MultiParaDetox,,True
es,Spanish,Como para no votar a Vox. Hijos de puta 300.000 con la que se nos vien encima.,como para no votar a Vox. 300.000 con la que se nos viene encima,MultiParaDetox,MultiParaDetox,,True
es,Spanish,"Con Mokus y Fajardo, hay estos políticos de mierda",Con Mockus y Fajardo hay estos políticos,MultiParaDetox,MultiParaDetox,,True
es,Spanish,Con el Zumo no se juega.,No se juega con el zumo.,MultiParaDetox,MultiParaDetox,,True
es,Spanish,Conclusión: Er Benni era un cabrón facha que ayudó a Trum,Conclusión: Er Benny fue un tipo rudo que ayudó a Trump.,MultiParaDetox,MultiParaDetox,,True
es,Spanish,Conclusión: pura mierda de paranormal....,Conclusión: pura de paranormal.,MultiParaDetox,MultiParaDetox,,True
es,Spanish,"Cortocircuito buenrrollista, pobres inmigrantes vs chica atacada sexualmente.","Es un conflicto entre el enfoque positivo y la compasión por los inmigrantes, frente a la preocupación por una chica atacada sexualmente.",MultiParaDetox,MultiParaDetox,,True
es,Spanish,Cosas que me regala mi encargado marica diciéndome que es el minion de las BOLLERAS:,Cosas que me regala mi encargado diciéndome que es el minion de las BOLLERAS:,MultiParaDetox,MultiParaDetox,,True
es,Spanish,Creo que deberían explotar este país de mierda,Creo que deberían hacer algo con este país.,MultiParaDetox,MultiParaDetox,,True
es,Spanish,Cuando alguien intenta manipular de manera tan burda lo que provoca es asco. Miratelo.,Cuando alguien intenta manipular de manera tan vil lo que provoca es pena.,MultiParaDetox,MultiParaDetox,,True
es,Spanish,Cuánto facha de mierda en una mención voy a vomitar,Cuanta apariencia en una mención voy a vomitar,MultiParaDetox,MultiParaDetox,,True
es,Spanish,Cómo estará el país para que ni los moros quieran estar,como estará el pais para que no quieran estar,MultiParaDetox,MultiParaDetox,,True
es,Spanish,Daros prisa. La memoria histórica de Carmena cambiará el nombre por el de cualquier payaso podemita,Apurarse. La memoria histórica de Carmena cambiará su nombre por otro nombre podemita.,MultiParaDetox,MultiParaDetox,,True
es,Spanish,"Debería darte vergüenza ofender las creencias de otras persona, intolerante fascista.",Debería darte vergüenza ofender las creencias de otras persona.,MultiParaDetox,MultiParaDetox,,True
es,Spanish,Dios mi madre es subnormal en serio,Dios mi madre está mal en serio.,MultiParaDetox,MultiParaDetox,,True
es,Spanish,Disney se está riendo en vuestra puta cara,Disney se está riendo de ustedes,MultiParaDetox,MultiParaDetox,,True
es,Spanish,"Donde esta el venezolano de mierda, donde",Dónde está el venezolano,MultiParaDetox,MultiParaDetox,,True
es,Spanish,"E si non eres un periodista decente deberías cambiar de profesión, subnormal.",E si non eres un periodista decente deberías cambiar de profesión.,MultiParaDetox,MultiParaDetox,,True
es,Spanish,ESPAÑA CORRUPPCIÓN Derecha PP fascista franquista gobernando con 30% en España no entiende porqué Cataluña quiere Independencia y República.,ESPAÑA un partido de derecha CORRUPTO que gobierna con el 30% en España no entiende por qué Cataluña quiere la Independencia y la República.,MultiParaDetox,MultiParaDetox,,True
es,Spanish,"ESTA NOCHE, MANDA MI POLLA (un primo suyo)",Esta noche manda mi primo,MultiParaDetox,MultiParaDetox,,True
es,Spanish,"El chepas acaba de solucionar el problema de la inmigración, ahora vendrán los de Vox a tocar los huevos...","El chepas acaba de solucionar el problema de la inmigración, ahora vendrán los de Vox a tocar molestar...",MultiParaDetox,MultiParaDetox,,True
es,Spanish,El dia que morais todos los fachas podre palmarla tranquilo ...,"El día en que desaparezcan todos los extremistas, podré vivir en paz...",MultiParaDetox,MultiParaDetox,,True
es,Spanish,"El gobierno de mierda, debería dejar de hablar hueás contra toda evidencia.","El gobierno, debería dejar de hablar hueás contra toda evidencia.",MultiParaDetox,MultiParaDetox,,True
es,Spanish,"El homófobo #obispo de #Cordoba recomienda rezar más en vacaciones [y follar menos, claro].  vía",El  #obispo de #Cordoba recomienda rezar más en vacaciones .  vía,MultiParaDetox,MultiParaDetox,,True
es,Spanish,El tonto de FC. ¿Con el PP no se podía abortar?,La persona de FC. ¿Con el PP no se podía abortar?,MultiParaDetox,MultiParaDetox,,True
es,Spanish,Empiezo a sospechar que los traperos quieren competir con los youtubers para ver que grupo es más subnormal.,Empiezo a sospechar que los traperos quieren competir con los youtubers para ver que grupo es el peor.,MultiParaDetox,MultiParaDetox,,True
es,Spanish,"En 2013 Dalas ya se sabía que era retrasado, que cojones?!",En el 2013 salas ya se sabía que era más lento,MultiParaDetox,MultiParaDetox,,True
es,Spanish,"En España los invasores tienen más derechos que los españoles, pura mierda trae Ebrard y López.","En España tienen más derechos que los españoles, esto lo aportan Ebrard y López.",MultiParaDetox,MultiParaDetox,,True
es,Spanish,En el fondo me alegro por el subnormal de Emery.,En el fondo me alegro por Emery.,MultiParaDetox,MultiParaDetox,,True
es,Spanish,Eres tarado o que pasa  #hackmeseb,No entiendes o qué te pasa #hackmeseb,MultiParaDetox,MultiParaDetox,,True
es,Spanish,"Es su cultura y hay que respetarla. Un abrazo desde Ronda, Málaga.","Es importante respetar su cultura. Un saludo desde Ronda, Málaga.",MultiParaDetox,MultiParaDetox,,True
es,Spanish,Esa fascista JAMAS sera presi de !😂😂😂,Una mala persona jamas sera presi de,MultiParaDetox,MultiParaDetox,,True
es,Spanish,Esos comunistas nazis judeo musulmanes creyéndose los reyes de la física,Esa gente creyéndose los reyes de la física.,MultiParaDetox,MultiParaDetox,,True
es,Spanish,Esperando reacciones de los perroflautas de #podemos,Esperando reacciones de que podemos,MultiParaDetox,MultiParaDetox,,True
es,Spanish,"Estaba tan bien durmiendo hasta q vino roco a despertarme, enano de mierda😒",Estaba tan bien durmiendo hasta q vino roco a despertarme 😒,MultiParaDetox,MultiParaDetox,,True
es,Spanish,Estas elecciones les van a venir de perlas a los fachas de VOX.,Estas elecciones les van a venir de perlas a los  de VOX.,MultiParaDetox,MultiParaDetox,,True
es,Spanish,"Este cabron está peor que los 1,200 que están por llegar",Es peor que los 1.200 que aún están por venir,MultiParaDetox,MultiParaDetox,,True
es,Spanish,Este es el maricón de Aida?,Este es el de Aida?,MultiParaDetox,MultiParaDetox,,True
es,Spanish,Este país se va a la mierda,nada puede salvar a este país,MultiParaDetox,MultiParaDetox,,True
es,Spanish,"Este va para casa de que politicucho? ya esta adjudicado, o se lo rifan?",¿Esto va para la casa de qué político?,MultiParaDetox,MultiParaDetox,,True
es,Spanish,Este wifi boliguayo de mierda,Este mal wifi boliviano,MultiParaDetox,MultiParaDetox,,True
es,Spanish,Esto para un pedazo de retrasado como tu:,Esto para ti:,MultiParaDetox,MultiParaDetox,,True
es,Spanish,"Estos fascistas de la oposición venezolana, y sus achichincles en España, tienen la suerte de que no somos como ellos.",Estas personas de la oposición venezolana y sus cómplices en España tienen la suerte de que no somos como ellos.,MultiParaDetox,MultiParaDetox,,True
es,Spanish,Está claro que el lobby proxeneta está bien organizado 👿👿,Está claro que su lobby está bien organizado 👿  👿,MultiParaDetox,MultiParaDetox,,True
es,Spanish,"Estás enfermo y no quieres ver.

Cada uno que arregle los problemas de su casa, aquí ya tenemos bastantes.","Tienes un problema y no quieres ver. 
Cada uno que arregle los problemas de su casa, aquí ya tenemos bastantes.",MultiParaDetox,MultiParaDetox,,True
es,Spanish,Excepto si te lo envenenan con mierdas,Excepto si lo envenenan con cosas,MultiParaDetox,MultiParaDetox,,True
es,Spanish,Expulsado #Guillermo Un mamarracho Herrera 💩,Expulsado #Guillermo,MultiParaDetox,MultiParaDetox,,True
es,Spanish,Ghostt subnormal se nota a la legua que eres tú el ... — Mira como llora el puto bizco,Ghostt  se nota a la legua que eres tú el ... — Mira como llora,MultiParaDetox,MultiParaDetox,,True
es,Spanish,Gran puta estos chinos de mierda vinieron a arruinar mi año 😭,Estos chinos vinieron a arruinar mi año,MultiParaDetox,MultiParaDetox,,True
es,Spanish,"Habla español, catalán de mierda 😋",Habla español,MultiParaDetox,MultiParaDetox,,True
es,Spanish,"Hable como Hernández, ya sabemos que podes hablar mierda en ese canal, NARCO ¿Seguridad?","Hable como Hernandez, ya sabemos que podes hablar mal de ese canal. ¿Seguridad?",MultiParaDetox,MultiParaDetox,,True
es,Spanish,Hacete cargo forro de mierda,Asumir la responsabilidad,MultiParaDetox,MultiParaDetox,,True
es,Spanish,Hay gente dándose cuenta de que Hamilton es imbécil en pleno 2020.,Hay personas que entienden que Hamilton no es el mejor a mediados de 2020.,MultiParaDetox,MultiParaDetox,,True
es,Spanish,Hay un puto subnormal pitando en mi calle todo el puto rato,Hay alguien silbando en mi calle todo el tiempo.,MultiParaDetox,MultiParaDetox,,True
es,Spanish,"Haz que pase ya Pedro por Dios, porque a mí se me está haciendo eterno.","Por favor, que Pedro llegue pronto, porque para mí esto está tomando una eternidad",MultiParaDetox,MultiParaDetox,,True
es,Spanish,"He puesto ""culo"" maemia, además de pequeño, mongolo. 😭","He puesto  maemia, además de pequeño, mongolo. 😭",MultiParaDetox,MultiParaDetox,,True
es,Spanish,"Hostia, como la quimioterapia, nos hace daño, pero si aguantamos lo suficiente, podemos vencer al cáncer.","Como la quimioterapia, nos hace daño, pero si aguantamos lo suficiente, podemos vencer al cáncer.",MultiParaDetox,MultiParaDetox,,True
es,Spanish,Hoy prefieren el arbitraje manual. La mano negra del puto alemán ladrón.,Hoy prefieren el arbitraje manual,MultiParaDetox,MultiParaDetox,,True
es,Spanish,"Israelitas, chinos, moros, culés... así estaba el Bernabéu ese día, que daba entre pena y asco.","Israelitas, chinos, moros,... así estaba el Bernabéu ese día, que daba entre pena y asco.",MultiParaDetox,MultiParaDetox,,True
es,Spanish,JAJAJAJAJJA Hostia puta que bueno JAJAJAJAJAJA,JAJAJAJAJJA wow que bueno JAJAJAJAJAJA,MultiParaDetox,MultiParaDetox,,True
es,Spanish,JAJAJAJAJJAJA que vas a eclipsar tú y el otro subnormal xd,Jajajajaja qué vas a eclipse tú y el otro xd,MultiParaDetox,MultiParaDetox,,True
es,Spanish,Jajaja..  Que simpatico el charnego.. Te vamos a votar a ti membrillo.,Jajaja..  Que simpatico.. Te vamos a votar a ti,MultiParaDetox,MultiParaDetox,,True
es,Spanish,"Jajajajaja turco, subnormal, cuñado e español madremía.... PLENOOOO","Jajajajaja turco, cuñado e español madremía.... PLENOOOO",MultiParaDetox,MultiParaDetox,,True
es,Spanish,Jajajajajaja que Martin de mierda,Jajajajaja que Martin,MultiParaDetox,MultiParaDetox,,True
es,Spanish,Jueves con J de mierda,Jueves con j,MultiParaDetox,MultiParaDetox,,True
es,Spanish,"La democracia española y la interpretación libre de sus leyes en manos de fascistas. 6D, nada que celebrar.","La democracia española y la libre interpretación de sus leyes en manos de dictadores. 6D, nada que celebrar.",MultiParaDetox,MultiParaDetox,,True
es,Spanish,La derechona sale a dar una vuelta por Barcelona.  vía,La derecha sale a dar una vuelta por Barcelona. Via,MultiParaDetox,MultiParaDetox,,True
es,Spanish,La esposa no solo hacia lofts sin licencia sino que ni siquiera tenía la carrera de arquitectura. Detalles sin importancia.,"La esposa no solo construía lofts sin licencia, sino que ni siquiera tenía formación en arquitectura. Son detalles sin importancia.",MultiParaDetox,MultiParaDetox,,True
es,Spanish,"La historia reconocerá que fue el más pelele , inepto e hijo de puta presidente de la historia .",La historia reconocerá que fue el más inepto e hijo  presidente de la historia,MultiParaDetox,MultiParaDetox,,True
es,Spanish,"La jueza archiva la paliza de los trozos de mierda fascistas a Lagarder, porque la  no entregó la denuncia",La jueza archiva el problema de los fascistas a Lagarder porque no  entregó la denuncia,MultiParaDetox,MultiParaDetox,,True
es,Spanish,La justificación pedorra JAJAJAJ mejor no te defiendas 🤣🤣,"Que mala justificación ,mejor no te defiendas",MultiParaDetox,MultiParaDetox,,True
es,Spanish,La mitad catalana borrega independentista sigue creyéndose sus mentiras.,La mitad catalana independentista sigue creyéndose sus mentiras,MultiParaDetox,MultiParaDetox,,True
es,Spanish,La última mamarrachada de EA es tremenda.,La última payasada de EA es tremenda.,MultiParaDetox,MultiParaDetox,,True
es,Spanish,"Lagarder ya era un puto subnormal, solo que hoy quiere que quede patente.","Lagarder ya era una mala persona, solo que hoy quiere que quede patente.",MultiParaDetox,MultiParaDetox,,True
es,Spanish,Le han dado por lo que habrá robado antes y por lo que robará cuando salga del hospital.,Recibió una lección por lo que robó y robará en un futuro,MultiParaDetox,MultiParaDetox,,True
es,Spanish,"Le pega 16 tiros y le grita ""No te muevas"", menudo subnormal.","Le dispara 16 veces y le grita ""No te muevas"", que individuo",MultiParaDetox,MultiParaDetox,,True
es,Spanish,"Lee mongolo, lee. Deja de dar pena","Lee hombre, lee. Deja de dar pena.",MultiParaDetox,MultiParaDetox,,True
es,Spanish,"Llévenlos a prisión, y una vez paguen la condena enviarlos a su país por deportación.","Llévenlos a prisión y, después de cumplir la condena, procedan con su deportación a su país.",MultiParaDetox,MultiParaDetox,,True
es,Spanish,Lo hipócritas que son algunos con el tema de ladder no tiene tamaño AJAJAJ Vaya hipócritas de mierda ;),Lo hipócritas que son algunos con el tema de ladder no tiene tamaño AJAJAJ,MultiParaDetox,MultiParaDetox,,True
es,Spanish,"Lo mejor, es que ya lo tenemos aquí y tenemos que mantenerlo en la cárcel, gracias","Lo positivo es que ya lo tenemos aquí y debemos asegurarnos de mantenerlo en la cárcel, muchas gracias",MultiParaDetox,MultiParaDetox,,True
es,Spanish,"Lo que Cuba hace, como siempre, es propaganda mentirosa para que descerebrados como Nuñez repitan como loros.","Lo que Cuba está haciendo, como siempre, es propaganda para que gente como Núñez repita.",MultiParaDetox,MultiParaDetox,,True
es,Spanish,Lo que está claro es que tú sigues siendo un operador político totalmente parcializado. Asco,Lo que está claro es que tú sigues siendo un operador político totalmente parcializado.,MultiParaDetox,MultiParaDetox,,True
es,Spanish,"Lo trataré con el trato maricon, penca, discriminatorio como trató a varios de mis compañeros 😒 VIEJO CULIAO.",Lo trataré  como trató a varios de mis compañeros,MultiParaDetox,MultiParaDetox,,True
es,Spanish,Los Reyes Magos JAJAJAJAJAJAJAJAJAJAJAJAJA  Puto retrasado #TierradeNadie10,Los Reyes Magos JAJAJAJAJAJAJAJAJAJAJAJAJA  #TierradeNadie10,MultiParaDetox,MultiParaDetox,,True
es,Spanish,Los canis del 2000 y posteriores son aún más gilipollas que los anteriores.,Los canis del 2000 y posteriores son aún más malos que los anteriores.,MultiParaDetox,MultiParaDetox,,True
es,Spanish,"Los de ahora son un infierno político y social, ocasionados por políticos fanáticos","Los de ahora son un infierno político y social, ocasionados por políticos",MultiParaDetox,MultiParaDetox,,True
es,Spanish,"Los halagos y buenos modales siempre hacen bien, menos a los izquierdistas de la cultura del odio.","Los halagos y buenos modales siempre hacen bien, menos a los izquierdas de la cultura del odio.",MultiParaDetox,MultiParaDetox,,True
es,Spanish,Los mas valientes. Haz que pase!,"Los más valientes. Por favor, asegúrate de que avance",MultiParaDetox,MultiParaDetox,,True
es,Spanish,Los mejores los más preparados para cortar cabezas,Los mejores los más preparados para realizar el trabajo,MultiParaDetox,MultiParaDetox,,True
es,Spanish,"Los mejores, los más valientes y preparados.","Los mejores, los más valientes y preparados",MultiParaDetox,MultiParaDetox,,True
es,Spanish,Luego si empiezan a aparecer los cadáveres de esta basura alguien se echara las manos a la cabeza.,Luego si empiezan a aparecer los cadáveres alguien se echara las manos a la cabeza,MultiParaDetox,MultiParaDetox,,True
es,Spanish,ME JUEGAS PUTO RETO O COMO VA LA COSA PUTO RETRASADO,Me juegas al reto o cómo va la cosa,MultiParaDetox,MultiParaDetox,,True
es,Spanish,Manda cojones que nos meta gol el subnormal de Paco Alcácer....,Nos mete gol Paco alcacer,MultiParaDetox,MultiParaDetox,,True
es,Spanish,"Marhuenda, ese gilipollas que dice que es catalán solo cuando pretende dañar a todos los catalanes, llama...","Maruenda, este que dice ser Catalán solo cuando pretende hacer daño a todos los catalanes, llama...",MultiParaDetox,MultiParaDetox,,True
es,Spanish,Me acojona ver a la derecha rancia pidiendo #BoicotALosGoya Más incultura seguirá formando fascistas como ellos... ➕Cine ➖Toros #Españistán,Me asusta ver a la derecha pidiendo #BoicotALosGoya Más incultura seguirá formando gente de derechas como ellos... ➕Cine ➖Toros #Españistán,MultiParaDetox,MultiParaDetox,,True
es,Spanish,Me confirman por aquí que mi padre es subnormal.,Me confirman por aquí que mi padre está loco.,MultiParaDetox,MultiParaDetox,,True
es,Spanish,"Me gustaría saber lo que tú harías, si te llegará a pasar a ti. Eres el típico charlatán de feria.",Me gustaría saber qué harías si te sucediera a ti. A veces pareces muy persuasivo en tus argumentos.,MultiParaDetox,MultiParaDetox,,True
es,Spanish,Me rio de ti jajajajajajjaja fascista a la cueva,Me rio de ti jajajajajajjaja,MultiParaDetox,MultiParaDetox,,True
es,Spanish,"Mejor obedecer a Soros que ser como VOX , el lacayo de Vladimir Putin","Es preferible seguir las indicaciones de Soros que adoptar posturas similares a VOX, que es considerado un aliado de Vladimir Putin.",MultiParaDetox,MultiParaDetox,,True
es,Spanish,"Mejores Autopistas?, Ese mancito Gómez dónde vive?, Seguro es un sureñito Petrista 😕🤘","Mejores Autopistas?, Ese Gómez dónde vive?, Seguro es un sureñito Petrista 😕🤘",MultiParaDetox,MultiParaDetox,,True
es,Spanish,Menudo baño te están dando pequeño dictador! 👏👏👏👏👏👏👏,Menudo baño te están dando,MultiParaDetox,MultiParaDetox,,True
es,Spanish,"Mientras tanto, la gente matandose a currar como cabrones para vivir en una puta colmena","Mientras tanto, la gente trabaja arduamente para vivir en espacios muy reducidos.",MultiParaDetox,MultiParaDetox,,True
es,Spanish,Mire la saga de 50 sombras de Grey...casi todo eran.lectoras...les va el.morbillo no lo.nieguen,Miren la saga de 50 sombras de Grey.. casi todo eran lectoras... le encanta,MultiParaDetox,MultiParaDetox,,True
es,Spanish,Muchas veces en sus carceles sobornan a gente y viven como reyes.,En muchas ocasiones en sus cárceles sobornan a personas y viven con lujos.,MultiParaDetox,MultiParaDetox,,True
es,Spanish,"Muy despreciados,siiii,pero todos vestidos de alta costura española o extranjera como la derechona burguesa verdad,…","todos vestidos de alta costura española o extranjera como la burguesa verdad,…",MultiParaDetox,MultiParaDetox,,True
es,Spanish,Ni caso a los gilipollas como el  es un fascista de mierda,"Ni caso a un tipo como él, es un extrema derecha",MultiParaDetox,MultiParaDetox,,True
es,Spanish,"No busquéis más, ya tenemos al tonto del hilo.","No busqueis mas, aqui esta quien faltaba",MultiParaDetox,MultiParaDetox,,True
es,Spanish,No he leído a una sola mujer quejarse de twitt solo a los de siempre....los machirulos fachas ...que asquito,No he leído a una sola mujer quejarse de twitt,MultiParaDetox,MultiParaDetox,,True
es,Spanish,"No pasa nada, él es el mas preparado y el mas valiente que ya lo decia la abuela Carmena.","No hay problema, él es el más preparado y valiente, como lo afirmaba la abuela Carmena.",MultiParaDetox,MultiParaDetox,,True
es,Spanish,No se puede tener peor gusto diseñando camisetas pa una peña  Que verguenza maricon,No se puede tener peor gusto diseñando camisetas pa una peña  Que vergüenza.,MultiParaDetox,MultiParaDetox,,True
es,Spanish,"No se si me seguirá alguien católico, si es así, siento que seas tan ignorante.","No sé si algún católico me seguirá, si es así, lamento que tengas tanta experiencia.",MultiParaDetox,MultiParaDetox,,True
es,Spanish,No te acerques que me tiznas le dijo la sarten al cazo... 😂 Los más fascistas de la izquierda,No te acerques que me tiznas le dijo la sarten al cazo...,MultiParaDetox,MultiParaDetox,,True
es,Spanish,"No, lo que parece de ese siglo es su puta bazofia de programa.","No, lo que parece de ese siglo es su asqueroso programa",MultiParaDetox,MultiParaDetox,,True
es,Spanish,Nunca sean así de mierdas.,Nunca sean así  de malos,MultiParaDetox,MultiParaDetox,,True
es,Spanish,"Ojalá no salga por ahí algún juez de esos pendientes de joder todo a poner su demanda, asquerosos oportunistas 🖕👎",Ojalá no salga por ahí algún juez de esos pendientes de joder todo a poner su demanda,MultiParaDetox,MultiParaDetox,,True
es,Spanish,"Olé sus huevos morenos (los del periodista). Si hablas de expulsar del pais a alguien, porque omites la nacionalidad.","si hablas de expulsar a alguien de el pais, porque omites la nacionalidad",MultiParaDetox,MultiParaDetox,,True
es,Spanish,"Origen patológico , delincuencial , usurpante , ilegal resultado delicuncial usurpante y patológico","Origen patológico, ilegal resultado delicuncial usurpante y patológico",MultiParaDetox,MultiParaDetox,,True
es,Spanish,Otro españolazo fascista coaccionando al pueblo catalán secesionista.,Otro españolazo coaccionando al pueblo catalán secesionista.,MultiParaDetox,MultiParaDetox,,True
es,Spanish,PAMBISITOS dejen de responder a subnormales de mierda como éste.,PAMBISITOS dejen de responder a personas  como éste.,MultiParaDetox,MultiParaDetox,,True
es,Spanish,Paco llegado este punto nos da igual con tal de olvidarnos del PP y su estado fascista,Llegado a este punto es igual con tal de olvidarnos del PP y su estado,MultiParaDetox,MultiParaDetox,,True
es,Spanish,"Para el podemitariado y los lobotomizados del noreste español, Cristina Pardo también es facha.","Para los de izquierdas del noreste español, Cristina Pardo también es de extrema derecha",MultiParaDetox,MultiParaDetox,,True
es,Spanish,Pero el calentamiento global son COSAS DE HIPPIES Y PERROFLAUTAS,Pero el calentamiento global son COSAS DE HIPPIES,MultiParaDetox,MultiParaDetox,,True
es,Spanish,"Pero que lo haga el gobierno y saqué pasta, vamos gilipollas, que os podéis forrar","Que el gobierno lo gestione y obtenga beneficios, es decir, que aprovechen la oportunidad.",MultiParaDetox,MultiParaDetox,,True
es,Spanish,Pero que mierda estas hablando subnormal de los cojones MAMAAAAAAAA GORDOOOOOOOO.,Pero que estás hablando,MultiParaDetox,MultiParaDetox,,True
es,Spanish,Pero que pedazo de retrasada,Pero qué tipo de persona.,MultiParaDetox,MultiParaDetox,,True
es,Spanish,Pero siguen estando ahí y recibiendo subvenciones de la ilesia y del estado FASCISTA,Siguen estando ahí y recibiendo subvenciónes,MultiParaDetox,MultiParaDetox,,True
es,Spanish,Pero sois periodistas o idiotas? Aún estando en catalán pone Franquismo!,Son periodistas o qué aún estando en catalán ponen franquismo,MultiParaDetox,MultiParaDetox,,True
es,Spanish,"Pinche gobierno de mierda, no ayudan pero como estorban HDSPM.","gobierno, no ayudan pero como estorban HDSPM.",MultiParaDetox,MultiParaDetox,,True
es,Spanish,Pobre tarado que no sabes lo que dices .... pobre tarado,no sabes lo que dices,MultiParaDetox,MultiParaDetox,,True
es,Spanish,Por 'Crush' os referís a putas chonis?,¿Por 'Crush' te refieres a una bella dama?,MultiParaDetox,MultiParaDetox,,True
es,Spanish,"Por cierto, donde anda metido el gusano comunista ese?",¿Adónde fue ese Comunista?,MultiParaDetox,MultiParaDetox,,True
es,Spanish,Por que chingado los de Facebook tuvieron que hacer otra app para poder contestar mensajes 😡,Por que los de Facebook tuvieron que hacer otra app para poder contestar mensajes,MultiParaDetox,MultiParaDetox,,True
es,Spanish,Porque usted es un hombre de bien y con valores. Esos otros son alimañas y 0,Porque usted es un hombre de bien y con valores. Esos otros no lo son,MultiParaDetox,MultiParaDetox,,True
es,Spanish,"Potencialmente Sánchez es el que más daño puede hacer, primer psicopata que llega a ser presidente en España.","Potencialmente Sánchez es el que más daño puede hacer, primer persona que llega a ser presidente en España.",MultiParaDetox,MultiParaDetox,,True
es,Spanish,"Pues a mi me recuerda tus diversas lesiones graves y me descojono, subnormal. Acabado.","Bueno, me recuerda tus diversas lesiones graves y me enfado.",MultiParaDetox,MultiParaDetox,,True
es,Spanish,Pues puede trabajar de carnicero para pagar pensiones,Entonces podría trabajar como carnicero para cubrir las pensiones.,MultiParaDetox,MultiParaDetox,,True
es,Spanish,"Pues si es así, que zorras que sois.","Bueno, si es así, ¿qué clase de gente eres.",MultiParaDetox,MultiParaDetox,,True
es,Spanish,"Pues un héroe el que se bebió el zumo, de no haberlo hecho este estaría vendiendo corbatas por los bares","Realmente fue un acto heróico de quien se bebió el zumo. De no haberlo hecho, es probable que esa persona estuviera vendiendo corbatas en los bares",MultiParaDetox,MultiParaDetox,,True
es,Spanish,Pura supervivencia. Me pones en riesgo? Te mato.,Esto es pura supervivencia. ¿Me pones en riesgo? Será mejor que no lo hagas.,MultiParaDetox,MultiParaDetox,,True
es,Spanish,Puto perroflautas que man rayao el mercedes,que man rayao el mercedes,MultiParaDetox,MultiParaDetox,,True
es,Spanish,"Que algún shur se ofrezca a llevarlos gratis, no vaya a ser que el precio sea un impedimento para nadie","Sería genial que algún compañero se ofreciera a llevarlos de forma gratuita, para que el precio no sea un impedimento para nadie.",MultiParaDetox,MultiParaDetox,,True
es,Spanish,Que analogía rebuscada y de mierda,Qué analogía confusa,MultiParaDetox,MultiParaDetox,,True
es,Spanish,Que arrechera esta economía de mierda,Que pena esta economía tan débil,MultiParaDetox,MultiParaDetox,,True
es,Spanish,"Que bronca cuando estás jugando al FIFA y ponen pausa para responder los msj, que trolo man",Qué frustración cuando estás jugando al FIFA y ponen pausa para responder los msj,MultiParaDetox,MultiParaDetox,,True
es,Spanish,Que manera de perder la cabeza por un zumo.,Resultado: Perder la calma por un zumo es exagerado.,MultiParaDetox,MultiParaDetox,,True
es,Spanish,Que red social de mierda,Qué mala red social,MultiParaDetox,MultiParaDetox,,True
es,Spanish,"Queremos más dominicanos y más moros, Sánchez trae más.!!!!","Queremos más inmigrantes, Sánchez trae más!",MultiParaDetox,MultiParaDetox,,True
es,Spanish,Quien putas es Juan Sebastián?,"Vamos, ¿quién es Juan Sebastián?",MultiParaDetox,MultiParaDetox,,True
es,Spanish,Quien putas está RT esa mierda ?,Quien está RT esto?,MultiParaDetox,MultiParaDetox,,True
es,Spanish,Quién es este subnormal y por qué ha soltado semejante subnormalez?,Quién es él y por qué ha soltado semejante palabra,MultiParaDetox,MultiParaDetox,,True
es,Spanish,"Quién te querría besar a ti, mongolo.",Quien te querria besar a ti,MultiParaDetox,MultiParaDetox,,True
es,Spanish,"Qué bien. Hay que ver con los ingenieros, doctores y demás cracks que nos llegan...","Es impresionante ver a los ingenieros, doctores y otros expertos que llegan a nuestro país.",MultiParaDetox,MultiParaDetox,,True
es,Spanish,Qué mierda esa zozobra previa a los recortes de personal.,Qué zozobra previa a los recortes de personal.,MultiParaDetox,MultiParaDetox,,True
es,Spanish,Qué peste a culé esta pillando la afición madridista...,Qué peste esta pillando la afición madridista...,MultiParaDetox,MultiParaDetox,,True
es,Spanish,SALVEMOS A ESE ANIMAL DE LAS GARRAS ASESINAS Y FASCISTAS YA,SALVEMOS A ESE ANIMAL DE LAS GARRAS  YA,MultiParaDetox,MultiParaDetox,,True
es,Spanish,Seguro que era de pera-piña. Es el único por el que yo mataría.,Es posible que fuera de pera-piña. Es el único por el que haría algo así.,MultiParaDetox,MultiParaDetox,,True
es,Spanish,"Si controlan mucho porque son dictadores, si no controlan son pelotudos.","Si controlan mucho porque son dictadores, si no controlan están haciendo cosas mal",MultiParaDetox,MultiParaDetox,,True
es,Spanish,"Si ese magrebi hubiera estado en su pais, podriamos haber evitado ese hecho.","Si ese individuo de origen magrebí hubiera estado en su país, podríamos haber evitado ese incidente.",MultiParaDetox,MultiParaDetox,,True
es,Spanish,Si fuese verdad se lo estaría pagando el gobierno y les darían una paga para que no tengan problemas económicos.,"Si eso fuera cierto, el gobierno les proporcionaría ayuda económica para evitar problemas financieros.",MultiParaDetox,MultiParaDetox,,True
es,Spanish,"Si, esa es la que os gusta a los fachas. Menos mal que sois cuatro gatos.","Si, esa es la que os gusta a ellos Menos mal que sois cuatro gatos.",MultiParaDetox,MultiParaDetox,,True
es,Spanish,Sigue existiendo mucha basura en España que limpiar y no solo en lo politico.,Sigue existiendo mucha cosas en España que limpiar y no solo en lo politico.,MultiParaDetox,MultiParaDetox,,True
es,Spanish,Sin duda y durante los próximos meses con un email solucionan si no les llega,"Sin duda, en los próximos meses se solucionará con un correo electrónico, si es que no reciben la información.",MultiParaDetox,MultiParaDetox,,True
es,Spanish,"Solo la fe, el dogmatismo y la estupidez te pueden hacer votar a un elemento como este #SanchezVeteATuCasa","Solo la fe, el dogmatismo y falta del sentido común te pueden hacer votar a un elemento como este #SanchezVeteATuCasa",MultiParaDetox,MultiParaDetox,,True
es,Spanish,"Solo vienen los mejores, los más valientes","Solo llegan los mejores, los más valientes.",MultiParaDetox,MultiParaDetox,,True
es,Spanish,"Son los mejores. Paguita, alquiler y seguridad social ya. Rasistas","Son los mejores. Paguita, alquiler y seguridad social ya.",MultiParaDetox,MultiParaDetox,,True
es,Spanish,"Son los mismos miserables de siempre, porque sera que siempre votan negativo a este tipo de noticias.......",Siempre son los mismos individuos desagradables; ¿por qué será que siempre votan negativo en este tipo de noticias?,MultiParaDetox,MultiParaDetox,,True
es,Spanish,Son sus costumbres y hay que respetarlas,Cada grupo tiene sus propias tradiciones y es importante respetarlas,MultiParaDetox,MultiParaDetox,,True
es,Spanish,"Soy bioquímico y estoy trabajando para el Gobierno de Navarra... ánimo, puto subnormal.",Soy bioquímico y estoy trabajando para el Gobierno de Navarra...,MultiParaDetox,MultiParaDetox,,True
es,Spanish,Supongo que el subnormal de  estará llorando porque Benzemierda no ha sido titular y Cristiano ha marcado.,Supongo que él estará llorando porque be Benzema no ha sido titular y Cristiano ha marcado,MultiParaDetox,MultiParaDetox,,True
es,Spanish,Tanto que hablan de Pinochet y los gringos y estos hijueputas son iguales o peores.,Tanto que hablan de Pinochet y los gringos y estos son iguales o peores.,MultiParaDetox,MultiParaDetox,,True
es,Spanish,Tantos les cuesta entender simios de mierda,Tantos les cuesta entender,MultiParaDetox,MultiParaDetox,,True
es,Spanish,Te das cuenta la panda de retrasados que se han puesto a soltar espumarajos?,Te das cuenta qué ridiculous se han puesto a soltar espumajaros.,MultiParaDetox,MultiParaDetox,,True
es,Spanish,"Te gustan los niños,fascista de mierda?",Te gustan los niños?,MultiParaDetox,MultiParaDetox,,True
es,Spanish,Trump provocando como un macarra de pacotilla   vía,Trump provocando,MultiParaDetox,MultiParaDetox,,True
es,Spanish,"Tu eres subnormal, no refinado, no confundas términos.",Tú no eres refinado no confundas términos,MultiParaDetox,MultiParaDetox,,True
es,Spanish,"Tu lo que eres es subnormal, punto.",Lo que eres no está bien y punto.,MultiParaDetox,MultiParaDetox,,True
es,Spanish,Tu también Matt Reeves y tus putas ideas pendejas,Tu también Matt Reeves y tus ideas,MultiParaDetox,MultiParaDetox,,True
es,Spanish,Tú debes de ser un facha costalero del PPodrido.,Debes ser un comerciante costero.,MultiParaDetox,MultiParaDetox,,True
es,Spanish,Un Catalan a clasificado al Barça  Cabroooooonnn,Un Catalan a clasificado al Barça,MultiParaDetox,MultiParaDetox,,True
es,Spanish,Un caracol inválido es más rápido que esta internet de mierda,Un caracol inválido es más rápido que esta internet,MultiParaDetox,MultiParaDetox,,True
es,Spanish,"Una paguita para ese hombre, que se ve con ganas de integrarse y aceptar nuestras reglas/costumbres.","Sería apropiado proporcionar alguna ayuda económica a ese hombre, parece estar dispuesto a integrarse y aceptar nuestras reglas y costumbres.",MultiParaDetox,MultiParaDetox,,True
es,Spanish,Ve na cuando habla Mazzoleni que puta,Ve na cuando habla Mazzoleni,MultiParaDetox,MultiParaDetox,,True
es,Spanish,Venga silenciame ya verás tú cuánto me preocupo SUBNORMAL,Vengan a silenciarme ya verán cuánto me preocupo,MultiParaDetox,MultiParaDetox,,True
es,Spanish,"Viene a currar como el que mas, se le ve","Viene a trabajar como cualquier otro, se nota.",MultiParaDetox,MultiParaDetox,,True
es,Spanish,"Y a mí qué me importa lo que tú ""notes"", facha?","Y a mí qué me importa lo que tú ""notes""?",MultiParaDetox,MultiParaDetox,,True
es,Spanish,Y además te apellidas Castillo. Hay que ser un charnego retrasado encima..,Y además te apellidas Castillo.,MultiParaDetox,MultiParaDetox,,True
es,Spanish,"Y como siempre los nacotes sin educación diciendo groserías, son los que están en contra de este gran gobierno respetable.","Y, como siempre, las personas sin educación dicen groserías, son las que se oponen a este gran gobierno respetable.",MultiParaDetox,MultiParaDetox,,True
es,Spanish,Y deportar a la escoria es parte de las leyes. Si para ti eso es justicia medieval haztelo mirar.,Y deportar a los ilegales es parte de las leyes. Si para ti eso es justicia medieval revisalo.,MultiParaDetox,MultiParaDetox,,True
es,Spanish,"Y lo bien que les va siendo fachas, que no es gratis","Y lo bien que les va siendo conservadores, que no es gratis",MultiParaDetox,MultiParaDetox,,True
es,Spanish,"Y lo dice un mongolo que se está forrando en la ""democrática"" Catar, para el parné no tiene problemas democráticos","Y lo dice uno que se está forrando en la ""democrática"" Catar, para el parné no tiene problemas democráticos",MultiParaDetox,MultiParaDetox,,True
es,Spanish,Y los otros haciéndose los traumados cuando no dudarían en hacer eso mismo,"Y los demás actuando como si estuvieran afectados, cuando en realidad no dudarían en hacer lo mismo",MultiParaDetox,MultiParaDetox,,True
es,Spanish,"Y una mierda. Vox dice fuera a la inmigración ilegal que comete delitos, y de ahí no pasa.","Vox aboga por poner fin a la inmigración ilegal asociada con delitos, pero eso es todo.",MultiParaDetox,MultiParaDetox,,True
es,Spanish,Ya decía yo que veía menos moros,Ya me había dado cuenta que veía menos personas de origen magrebí,MultiParaDetox,MultiParaDetox,,True
es,Spanish,Ya empecé con la depresión de mierda,ya comencé con la depresión,MultiParaDetox,MultiParaDetox,,True
es,Spanish,Ya empiezan los sinvergüenzas..  No faltes al respeto Rumano de mierda..,"Los sinvergüenzas están empezando ... No seas irrespetuoso, rumana ...",MultiParaDetox,MultiParaDetox,,True
es,Spanish,Ya te he respondido subnormal,Ya te respondí,MultiParaDetox,MultiParaDetox,,True
es,Spanish,"Ya venís en manada a quejaros, anda a tomarte una mArandina.","Ya venís en manada a quejaros, anda a tomarte una mandarina.",MultiParaDetox,MultiParaDetox,,True
es,Spanish,"Yo lo se, los mismos fascistas corruptos ladrones que estan acabando con la Civilización en la Tierra","Yo lo se, los mismos que estan acabando con la Civilización en la Tierra",MultiParaDetox,MultiParaDetox,,True
es,Spanish,"Yo me quiero escapar también, dan paguita al llegar?",¿Ofrecen algún tipo de apoyo al llegar?,MultiParaDetox,MultiParaDetox,,True
es,Spanish,Yo quería ser main puta pero listisima para lo que se viene,Yo quería estar listisima para lo que se viene.,MultiParaDetox,MultiParaDetox,,True
es,Spanish,Yo soy así puto moro,Yo soy así,MultiParaDetox,MultiParaDetox,,True
es,Spanish,"a la mierda directamente, OKUPAS en el gobierno.",OKUPAS en el gobierno.,MultiParaDetox,MultiParaDetox,,True
es,Spanish,"a ver eso se elige, no es natural... Vas a arder en el infierno por sodomita.","eso se elige, no es natural",MultiParaDetox,MultiParaDetox,,True
es,Spanish,ahora ser liberal es de retrasado? pues eres un poco hipocrita y tonto amigo,"Se considera ahora que ser liberal es poco común? Me parece que hay un contraste entre tus opiniones y acciones, amigo",MultiParaDetox,MultiParaDetox,,True
es,Spanish,"al guadalquivir primooo! Sigue insultando por internet, que eres un gitano falso.",Al guadalquivir primo sigue haciendo comentarios ofensivos por internet,MultiParaDetox,MultiParaDetox,,True
es,Spanish,"callate ya, subnormal, admite el PARTIDAZO como todos los madridistas, no que por rabia digais que ha sido robo, penosa.","admite el PARTIDAZO como todos los madridistas, no que por rabia digais que ha sido robo",MultiParaDetox,MultiParaDetox,,True
es,Spanish,da cobertura a terroristas de #Venezuela La deriva fascista del  y sus medios es muy preocupante. #ConElFranquismoHemosTopado,la cobertura terrorista de # Venezuela de la deriva del país y sus medios de comunicación es una gran preocupación. #Conelfranquismo,MultiParaDetox,MultiParaDetox,,True
es,Spanish,deja de tirarte abajo hija d re mil puta,deja de tirarte abajo,MultiParaDetox,MultiParaDetox,,True
es,Spanish,el Partido Socialista de Andalucía son una banda de delincuentes y chorizos,el Partido Socialista de Andalucía no son honrados,MultiParaDetox,MultiParaDetox,,True
es,Spanish,"es que no lo eres, es decir, qué más da ser hetero, el problema está en ser retrasado xd","es que no lo eres, es decir, qué más da ser hetero, el problema no entender las cosas",MultiParaDetox,MultiParaDetox,,True
es,Spanish,"ese tío no es un delicuente, en su cultura mayormente está admitido, lo que es, es un hijo de puta","Ese tio no ev un delincuente, es su cultura mayormente esta admitido",MultiParaDetox,MultiParaDetox,,True
es,Spanish,eso que llamas político del  no es un político es un ¨miserable profesional¨..,"Lo que usted llama político no es un político, es un profesional”.",MultiParaDetox,MultiParaDetox,,True
es,Spanish,"este chico es subnormal, confirmed","este chico es un personaje, confirmed.",MultiParaDetox,MultiParaDetox,,True
es,Spanish,gummy cuando te pones subnormal eres un tocacojones,"Gummy, cuando te comportas de manera inapropiada, te vuelves una molestia.",MultiParaDetox,MultiParaDetox,,True
es,Spanish,"ha habido 6, no 5, 6.... Guti Guti Maricoooon, Maricoooon Maricoooooooon","ha habido 6, no 5, 6.... !!!!!!!!!",MultiParaDetox,MultiParaDetox,,True
es,Spanish,hay que ser hp para robar un zumo en alta mar.,Hay que ser inconciente para robar un zumo en alta mar,MultiParaDetox,MultiParaDetox,,True
es,Spanish,hijo de puta subnormal cabeza de polla gilipollas mental zoquete,hombre malo,MultiParaDetox,MultiParaDetox,,True
es,Spanish,imagina y todo fue por entrar con una maleta en un museo. Putos nazis,imagina y todo fue por entrar con una maleta en un museo.,MultiParaDetox,MultiParaDetox,,True
es,Spanish,"lo que es curioso es que todos los imbeciles que llevan bandera podemita demuestra ser imbecil,con nota","Lo qué es curioso es que todos los qué lleven bandera podemita demuestra cadecer de razonamiento, con nota",MultiParaDetox,MultiParaDetox,,True
es,Spanish,"los Salesianos de San Francisco de Sales, Los Marianistas y los fascistas vecinos del San Cirano nos ablandaron en exceso.","los Salesianos de San Francisco de Sales, Los Marianistas y los vecinos del San Cirano nos ablandaron en exceso.",MultiParaDetox,MultiParaDetox,,True
es,Spanish,"lástima que sea un fascista, un machista, un subnormal y odie Catalunya","Es lamentable que esta persona sea partidaria del fascismo, el machismo y muestre un desprecio hacia Cataluña.",MultiParaDetox,MultiParaDetox,,True
es,Spanish,"me parto eh jaja es que vaya subnormal enserio, esta sobrevaloradisimo este actor.","enserio, esta sobrevaloradisimo este actor.",MultiParaDetox,MultiParaDetox,,True
es,Spanish,menudos fachas xDDDDDDDDD HIJOS DE PUTA,menudos fachas xDDDDDDDDD,MultiParaDetox,MultiParaDetox,,True
es,Spanish,no podia esperar a llegar a tierra para ponerse manos a la. obra,No podía esperar a llegar a tierra para comenzar a trabajar.,MultiParaDetox,MultiParaDetox,,True
es,Spanish,no soy del Celta subnormal. Ves como eres retrasado...,no soy del Celta.Ves como no entiendes,MultiParaDetox,MultiParaDetox,,True
es,Spanish,"pero este tio es un puto subnormal, o que le pasa?","Pero conoces a este tipo, ¿qué le pasa?",MultiParaDetox,MultiParaDetox,,True
es,Spanish,por favor dejad en paz a mi amiga la subnormal de mierda,Dejen de molestar a mi amiga,MultiParaDetox,MultiParaDetox,,True
es,Spanish,porque no tenéis a un subnormal por entrenador.,porque no tenéis a un loco por entrenador.,MultiParaDetox,MultiParaDetox,,True
es,Spanish,pues con lo puto retrasado que eres podría ser,en tu estado es posible,MultiParaDetox,MultiParaDetox,,True
es,Spanish,pues hazme los deberes furcia barata,"Bueno, haz mi tarea.",MultiParaDetox,MultiParaDetox,,True
es,Spanish,pues mucho  no entiendo pq llamarlo asi cuando la palabra no es ofensiva  putos progres,Pues mucho no entiendo pq llamarlo asi cuando la palabra no es ofensiva,MultiParaDetox,MultiParaDetox,,True
es,Spanish,"que asco de gente dios, que busquen el significado de hembrismo y de feminismo y luego hablan","Que terrible gente dios, que busquen el significado de hembrismo y de feminismo y luego hablan",MultiParaDetox,MultiParaDetox,,True
es,Spanish,"se tiene q ser subnormal profundo, pero como dice  este es la nueva manera de hacer periodismo. Pues ala","Le tiene que estar pasando algo, pero, como se dice, este es la nueva manera de hacer periodismo.",MultiParaDetox,MultiParaDetox,,True
es,Spanish,solo 4? maldito hijo de puta fascista,solo son 4?,MultiParaDetox,MultiParaDetox,,True
es,Spanish,son sus costumbres y hay que respetarlas..,Son tradiciones que merecen ser respetados,MultiParaDetox,MultiParaDetox,,True
es,Spanish,te has equivocado de captura subnormal,te has equivocado de captura,MultiParaDetox,MultiParaDetox,,True
es,Spanish,"tienen cojones pero huyen para que otros les REGALEN LA VIDA, un poco contradictorio no?","Resultado: Tienen valentía, pero buscan que otros les brinden la vida. ¿No es un tanto contradictorio?",MultiParaDetox,MultiParaDetox,,True
es,Spanish,tu respuesta dice que no crees que el catalán tendría que ser de obligatorio entendimiento. Eres un puto…,Su respuesta afirma que no cree que el catalán deba ser una lengua obligatoria para ser comprendido.,MultiParaDetox,MultiParaDetox,,True
es,Spanish,"ufff eso es como construir puertas lógicas con legos; se puede, pero estás haciendo el imbécil.","ufff eso es como construir puertas lógicas con legos; se puede, pero estás haciendo algo qué no tiene sentido.",MultiParaDetox,MultiParaDetox,,True
es,Spanish,y encima esqe eres mu puta,Y encima es que eres mía,MultiParaDetox,MultiParaDetox,,True
es,Spanish,y snk ultima temp pronto   pd rachel puta zorra la traicion no se perdona,ps rachel la traición no se perdona,MultiParaDetox,MultiParaDetox,,True
es,Spanish,ya me han venido los 4 fachas de turno a tocarme los cojones,Ya me han venido las 4 de turno a molestarme,MultiParaDetox,MultiParaDetox,,True
es,Spanish,ya ves además a los policías nazis que tendrá esa en el whatsapp… como para creerse algo.,ya ves además a los policías que tendrá esa en el whatsapp… como para creerse algo.,MultiParaDetox,MultiParaDetox,,True
es,Spanish,¡Es que hay zumos y zumos!,Es que hay una gran variedad de zumos.,MultiParaDetox,MultiParaDetox,,True
es,Spanish,¿A qué puta perra hora suben el link de #HTGAWM?,¿A qué hora cargan el enlace a #HTGAWM?,MultiParaDetox,MultiParaDetox,,True
es,Spanish,¿Y este subnormal quién es?,"Y este hombre extraño, ¿quién es?",MultiParaDetox,MultiParaDetox,,True
es,Spanish,¿a que sigues los pasos del poeta maricon?,¿a que sigues los pasos del poeta?,MultiParaDetox,MultiParaDetox,,True
es,Spanish,"Árbitro de mierda, Conmebol de mierda.","Ni buen árbitro, ni buena Conmebol.",MultiParaDetox,MultiParaDetox,,True
hi,Hindi,<number> रंडी के चक्कर में पूरी कॉम बदनाम नहीं होनी चाहिए,<number> बुरी औरतें के चक्कर में पूरी कॉम बदनाम नहीं होनी चाहिए,MultiParaDetox,MultiParaDetox,,True
hi,Hindi,अगर नुकसान नही है तो फिर तुम भड़वों की तरह रंडी रोना क्यों रो रहे हो ?,अगर नुकसान नही है तो फिर तुम तमाशा क्यों कर रहे हो ?,MultiParaDetox,MultiParaDetox,,True
hi,Hindi,"अगर ये भडवा गिरी है तो जो जसोदाबेन के साथ हो रहा है वो दलाली, भडवा गिरी  और अन्याय तीनों है जो आपके यहां हो रहा है","अगर ये गलत है तो जो जसोदाबेन के साथ हो रहा है वो पक्षपात, गलत और अन्याय तीनों है जो आपके यहां हो रहा है",MultiParaDetox,MultiParaDetox,,True
hi,Hindi,अगर ये लक्षण महसूस हो रहे हैं तो तुरंत मोदी_भक्ति छोड़ दो चुतियो,अगर ये लक्षण महसूस हो रहे हैं तो तुरंत मोदी_भक्ति छोड़ दो,MultiParaDetox,MultiParaDetox,,True
hi,Hindi,अगर ये सच है तो ये भड़वा गद्दार जेल के अंदर क्यों नही ?,अगर ये सच है तो ये गद्दार जेल के अंदर क्यों नही ?,MultiParaDetox,MultiParaDetox,,True
hi,Hindi,"अच्छा,,और कौन कौन है मादरचोद नीच??? अब जरा शब्दों को सुधारने की जरूरत है शायद,,","अच्छा,,और कौन कौन है बुरा??? अब जरा शब्दों को सुधारने की जरूरत है शायद,,",MultiParaDetox,MultiParaDetox,,True
hi,Hindi,अनुभव सिन्हा तेरा बाप लगता हे इसलिए तुझे उसकी फिल्म अच्छी लगती है ?,अनुभव सिन्हा तेरा क्या लगता है ? तुझे उसकी फिल्म अच्छी लगती है ?,MultiParaDetox,MultiParaDetox,,True
hi,Hindi,अब इसपे कोई न्यूज चैनल और दलाल एंकर आपत्ति भी नही जताएंगे ?,अब इसपे कोई न्यूज चैनल और पक्षपात एंकर आपत्ति भी नही जताएंगे ?,MultiParaDetox,MultiParaDetox,,True
hi,Hindi,अब तो भेनचोद बेइज्जती को भी शर्म आ रही हो गई |,अब तो बेइज्जती को भी शर्म आ रही हो गई |,MultiParaDetox,MultiParaDetox,,True
hi,Hindi,अब तो ये भी हरामी बनते जा रहे हैं,अब तो ये भी बुरे आदमी बनते जा रहे हैं,MultiParaDetox,MultiParaDetox,,True
hi,Hindi,अब पेपर दे भोसड़ी के,अब पेपर दो,MultiParaDetox,MultiParaDetox,,True
hi,Hindi,"अब बकरिबाज कि चर्चा कर रहा है, गन्दगी ढूंढना कि आदत है!","अब उस बेकार आदमी कि चर्चा कर रहा है, गन्दगी ढूंढना कि आदत है!",MultiParaDetox,MultiParaDetox,,True
hi,Hindi,अब बोल रहा है इक सील भी नहीं हुआ चुप भड़वे भेनचोद,अब बोल रहा है इक सील भी नहीं हुआ,MultiParaDetox,MultiParaDetox,,True
hi,Hindi,अब रण्डी रोना कर दिए होते भड़वों तुम लोग,अब बेकार का तमाशा कर दिए होते तुम लोग,MultiParaDetox,MultiParaDetox,,True
hi,Hindi,अबे कुत्तों के पिल्लो जब बिहार में बच्चे मर रहे थे तो तुम सूआर  बन कर गू खा रहे थे?,अबे जब बिहार में बच्चे मर रहे थे तो तुम कहाँ थे?,MultiParaDetox,MultiParaDetox,,True
hi,Hindi,अबे तो चूतिये पुलिस तो कथित राष्ट्रवादियों की है न ??,अबे बेवकूफ पुलिस तो कथित राष्ट्रवादियों की है न ??,MultiParaDetox,MultiParaDetox,,True
hi,Hindi,अबे दर हरामी केजरी सरकार के हाथ मैं नही होता अरेस्ट करना,अबे केजरी सरकार के हाथ मैं नही होता अरेस्ट करना,MultiParaDetox,MultiParaDetox,,True
hi,Hindi,"अबे दलाल भड़वा, जो जबरन बुलवा के मार रहा है उसपर बोल बे गाँडू ।","अबे पक्षपाती बुरे आदमी, जो जबरन बुलवा के मार रहा है उसपर बोल बे।",MultiParaDetox,MultiParaDetox,,True
hi,Hindi,"अबे फर्जी इंसान, तेरे गान्ड के नीचे भड़वे उत्पात मचा रहे , उसपर जबान खोल..","अबे फर्जी इंसान, तेरे पीछे बुरे लोग उत्पाद मचा रहे, उसपर जबान खोलो ..",MultiParaDetox,MultiParaDetox,,True
hi,Hindi,अबे भोसडीवाले जिसकी रंडी की तुम लोग दलाली खाते हो उससे कभी पूछो की पैसा कहाँ से उसके पास आया है।,उस भ्रष्ट औरत से कभी पूछो की पैसा कहाँ से उसके पास आया है।,MultiParaDetox,MultiParaDetox,,True
hi,Hindi,अबे सुअर की औलाद कौन सा चश्मा पहन रखा है?,अबे कौन सा चश्मा पहन रखा है?,MultiParaDetox,MultiParaDetox,,True
hi,Hindi,अबे हरामी जिन्ना की औलाद तू अपने किसी मोहल्ले में हिंदुस्तान बाले से पूछ लें मोदी ने क्या किया,तू अपने किसी मोहल्ले में हिंदुस्तान बाले से पूछ लें मोदी ने क्या किया,MultiParaDetox,MultiParaDetox,,True
hi,Hindi,अब्दुल रज्जाक खान को जी न्यूज  वाले क्यो  बुलाते है ऐ मादरचोद,अब्दुल रज्जाक खान को जी न्यूज  वाले क्यो  बुलाते है,MultiParaDetox,MultiParaDetox,,True
hi,Hindi,"अभिनेत्री ने अभिनय हराम बता फिल्में छोड़ीं। तो क्या सायरा,  शबाना,  सलमान,  शाहरुख , अमीर, आदि हरामी हैं ?","अभिनेत्री ने अभिनय हराम बता फिल्में छोड़ीं। तो क्या सायरा,  शबाना,  सलमान,  शाहरुख , अमीर, आदि गलत काम कर रहे हैं ?",MultiParaDetox,MultiParaDetox,,True
hi,Hindi,अभी सूअर <number> महीने में दिल्ली में विधानसभा चुनाव है,अभी <number> महीने में दिल्ली में विधानसभा चुनाव है,MultiParaDetox,MultiParaDetox,,True
hi,Hindi,अरे देखो देखो कौन भोंकी ओ हेलो तू तेरी उंगलियों का उपयोग ट्वीट करने में नहीं कही और ही चला,तू तेरी उंगलियों का उपयोग ट्वीट करने में नहीं कही और ही चला,MultiParaDetox,MultiParaDetox,,True
hi,Hindi,अरे पागल लिष्ट क्या भेजेगा तुमसे साल भर में मेरा कुछ न हो सका,अरे तुम क्या भेजोगे तुमसे साल भर में मेरा कुछ न हो सका,MultiParaDetox,MultiParaDetox,,True
hi,Hindi,"अरे भेनचोद चुतीया तु केरेक्टर की बात कर रहा है,","बुरी सोच वाला आदमी तु केरेक्टर की बात कर रहा है,",MultiParaDetox,MultiParaDetox,,True
hi,Hindi,अरे मादरचोद इसपे क्या कहना है तेरा?,इसपे क्या कहना है तेरा?,MultiParaDetox,MultiParaDetox,,True
hi,Hindi,"अरे हरामी, कम से कम <number> ने हमला किया!",कम से कम <number> ने हमला किया!,MultiParaDetox,MultiParaDetox,,True
hi,Hindi,आ गए भोसडीके दल्ले भकचोदी लेकर।,आ गए बेकार की बात लेकर।,MultiParaDetox,MultiParaDetox,,True
hi,Hindi,"आ गया भडवा नीच आदमी, राजनीति करने ।","जिसको राजनीति नहीं आती है, आ गया वह राजनीति करने |",MultiParaDetox,MultiParaDetox,,True
hi,Hindi,आगे कुछ लिखने की ज़रूरत नहीं है भोसड़ीके।,आगे कुछ लिखने की ज़रूरत नहीं है।,MultiParaDetox,MultiParaDetox,,True
hi,Hindi,"आज कल तो रेप आम बात हो गई ऐसा लगता है, साले हरामी पर कड़ी लगाम लगाना जरूरी है ।","आज कल तो रेप आम बात हो गई ऐसा लगता है, बुरे लोगों पर कड़ी लगाम लगाना जरूरी है ।",MultiParaDetox,MultiParaDetox,,True
hi,Hindi,आज हमारे देश ने इतना अच्छा काम किया है तुम उस पर सवाल उठा रहे हो? चूतिया कम दिमाग वाले |,आज हमारे देश ने इतना अच्छा काम किया है तुम उस पर सवाल उठा रहे हो? कम दिमाग वाले |,MultiParaDetox,MultiParaDetox,,True
hi,Hindi,आजकल फेसबुक पे बहुत बकचोदी देखरा हूँ |,आजकल फेसबुक पर बहुत बकवास देखरा हूँ |,MultiParaDetox,MultiParaDetox,,True
hi,Hindi,आपने सिर्फ सत्ता की लालच में नफरत और हिंसा को पनपाया है। अब ड्रामेबाजी क्यों पलटु कुमार?,आपने सिर्फ सत्ता की लालच में नफरत और हिंसा को क्यों पनपाया है?,MultiParaDetox,MultiParaDetox,,True
hi,Hindi,आबे तू तो बात मत कर भोसडीके.,आबे तू तो बात मत कर,MultiParaDetox,MultiParaDetox,,True
hi,Hindi,इतना दोगला पन कहा से लाते हो लुच्चो ?,इतना चाटुकारिता कहा से लाते हो?,MultiParaDetox,MultiParaDetox,,True
hi,Hindi,इतना सब कुछ होने के बाद भी मैं पूरे भरोसे से कह रहा हूँ ये दलाल दलाली करते रहेंगे।,इतना सब कुछ होने के बाद भी मैं पूरे भरोसे से कह रहा हूँ ये बुरे काम नहीं रोकेंगे |,MultiParaDetox,MultiParaDetox,,True
hi,Hindi,"इन जैसे चमार, सुअर का प्रमोशन करके मै इन्हें फेसबुक से ट्विटर पर ले आई हूं।",इन जैसे बुरे लोगों का प्रमोशन करके मै इन्हें फेसबुक से ट्विटर पर ले आई हूं।,MultiParaDetox,MultiParaDetox,,True
hi,Hindi,इन हरामी को सबक सिखाने का इससे अच्छा मौका नहीं मिलेगा ..,इन बुरे लोगों को सबक सिखाने का इससे अच्छा मौका नहीं मिलेगा ..,MultiParaDetox,MultiParaDetox,,True
hi,Hindi,इनकी सेलेरी पहुंच जायेगी घर पर और गरीब जनता फिर से वही रंडी रोना शुरू कर देगी कि विकास नही हुआ |,इनकी सेलेरी पहुंच जायेगी घर पर और गरीब जनता फिर से वही रोना शुरू कर देगी कि विकास नही हुआ |,MultiParaDetox,MultiParaDetox,,True
hi,Hindi,इस कमीने भूषण को तो सेना के हवाले कर देना चाहिए,इस भूषण को तो सेना के हवाले कर देना चाहिए,MultiParaDetox,MultiParaDetox,,True
hi,Hindi,इस बारे मे ना तो हरामी मीडिया ने मुंह खोला और ना ही सरकार द्वारा कोई ठोस कदम उठाया गया !,इस बारे मे ना तो मीडिया ने मुंह खोला और ना ही सरकार द्वारा कोई ठोस कदम उठाया गया !,MultiParaDetox,MultiParaDetox,,True
hi,Hindi,इस मधरजात को इतना मारो की दुबारा खुद की बहन को भी देखने मे इसके पसीने छुटे हरामी साला।,इसको ऐसा सबक सिखाओ कि किसी दूसरी औरत को कभी गंदी नजर से ना देखे |,MultiParaDetox,MultiParaDetox,,True
hi,Hindi,इस मादरचोद की करतूत को इतना सेंड करो जो की  पकडा जाये ।,इसकी खराब करतूत को इतना सेंड करो जो की  पकडा जाये ।,MultiParaDetox,MultiParaDetox,,True
hi,Hindi,इस मादरचोद को किसी मानसिक रोगी के डॉक्टर को दिखाओ,इस को किसी मानसिक रोगी के डॉक्टर को दिखाओ,MultiParaDetox,MultiParaDetox,,True
hi,Hindi,इस सूअर को कोई भी ग़लत काम नजर नहीं आता।,इस बुरे इंसान को कोई भी ग़लत काम नजर नहीं आता।,MultiParaDetox,MultiParaDetox,,True
hi,Hindi,इस हरामखोर कुत्ते  भेनचोद के साथ क्या सुलूक किया जाना चाहिए?? इसको फाड़ कर सुअरों को खिला देना चाहिए??,इसके साथ क्या सुलूक किया जाना चाहिए??,MultiParaDetox,MultiParaDetox,,True
hi,Hindi,इसकी जाँच होनी चाहिए | इसके पीछे देश के टुकड़े-टूकडे करने वाली हरामी की शक्तियों तो नहीं  हैं |,इसकी जाँच होनी चाहिए | इसके पीछे देश को बर्बाद करने वाले बुरे लोगों की शक्तियों तो नहीं हैं |,MultiParaDetox,MultiParaDetox,,True
hi,Hindi,इसे तो इसकी करतूत के लिए सरेआम बीच सड़क पर डाल कर जूतों से पीटते हुए बाल मूंड व मुँह काला करना चाहिए,इसे तो इसकी करतूत के लिए कार्रवाई होनी चाहिए और सख्त से सख्त सजा मिलनी चाहिए ।,MultiParaDetox,MultiParaDetox,,True
hi,Hindi,उनकी गांड में गोली मारो।।,उनपर सख्त से सख्त कार्रवाई करवाओ ।।,MultiParaDetox,MultiParaDetox,,True
hi,Hindi,उनमें एक ये टोटिचोर शामिल है !!!,उनमें एक ये बेकार आदमी शामिल है !!!,MultiParaDetox,MultiParaDetox,,True
hi,Hindi,"एक जैसा न समझ सबको, ओर तू गांड लेके बीच मे न आ","एक जैसा न समझ सबको, ओर तू बीच मे न आ",MultiParaDetox,MultiParaDetox,,True
hi,Hindi,एक बार अपनी पे आ गए ना भेनचोद तो अच्छा नहीं होगा,एक बार अपनी पे आ गए ना तो अच्छा नहीं होगा,MultiParaDetox,MultiParaDetox,,True
hi,Hindi,एक हरामी का पीला वैसे आशीष खेतान अभी क्या कर रहा है तेरे साथ।,वैसे आशीष खेतान अभी क्या कर रहा है तेरे साथ।,MultiParaDetox,MultiParaDetox,,True
hi,Hindi,एड्रेस पर भोसड़ी के भेज रहा हू,एड्रेस पर तेरे भेज रहा हू,MultiParaDetox,MultiParaDetox,,True
hi,Hindi,"ऐसे नीच, घटिया, दुष्ट, असुर, राक्षस, मनोवृति के व्यक्ति की जगह केवल पागलखाना",ऐसे बुरे व्यक्ति की जगह केवल पागलखाना,MultiParaDetox,MultiParaDetox,,True
hi,Hindi,ऐसे भड़वा लोगो से मु से बात नहीं होनी चाहिए इनसे हाथ और पैरो से बात होनी चाहिए,ऐसे लोगो से मु से बात नहीं होनी चाहिए इनसे हाथ और पैरो से बात होनी चाहिए,MultiParaDetox,MultiParaDetox,,True
hi,Hindi,ओए कानिये इतने जल्दी में ट्वीट क्यों कर देते हो?,ओए इतने जल्दी में ट्वीट क्यों कर देते हो?,MultiParaDetox,MultiParaDetox,,True
hi,Hindi,और उसी खरीदे हुए फ्लैट के बालकनी से नीचे प्लास्टिक की बोतल फेकेंगे भोसडीके...,और उसी खरीदे हुए फ्लैट के बालकनी से नीचे प्लास्टिक की बोतल फेकेंगे...,MultiParaDetox,MultiParaDetox,,True
hi,Hindi,और भेनचोद बड़ी बड़ी बकचोदी कर रहा है ||,और बड़ी बड़ी बातें फेंक रहा है ||,MultiParaDetox,MultiParaDetox,,True
hi,Hindi,और ये रोहित ने घुसेड़ा पहला छक्का गांड में..,और ये रोहित ने मारा पहला जबरदस्त छक्का..,MultiParaDetox,MultiParaDetox,,True
hi,Hindi,कन्हैया कुमार का सूपड़ा साफ होने से दिल खुश हो गया।।  साले कुत्ते सूअर की औलाद !!,कन्हैया कुमार का सूपड़ा साफ होने से दिल खुश हो गया।। वह अच्छा आदमी नहीं है !!,MultiParaDetox,MultiParaDetox,,True
hi,Hindi,कन्हैया कुमार को इतने वोट तो मिलने ही चाहिए थे जितने शेहला_राशिद के बैग से कनडोम मिले थे.,कन्हैया कुमार को थोड़े अधिक वोट मिलने चाहिए थे |,MultiParaDetox,MultiParaDetox,,True
hi,Hindi,"कभी तो अपने कॉम की गंदगी को साफ करो, हलाला, तहर्रूष, मुताह",कभी तो अपने कॉम की गंदगी को साफ करो,MultiParaDetox,MultiParaDetox,,True
hi,Hindi,कमीना कातिल को चौराहे पर खड़ा करके गोली मार देनी चाहिये |,इस कत्ल के आरोपित पर कड़ी से कड़ी कार्रवाई करनी चाहिये |,MultiParaDetox,MultiParaDetox,,True
hi,Hindi,कल इंडिया हारी नहीं थी तेरे बाप पाकिस्तान को बाहर करने के लिए जान बूझकर हारी थी,कल इंडिया हारी नहीं थी पाकिस्तान को बाहर करने के लिए जान बूझकर हारी थी,MultiParaDetox,MultiParaDetox,,True
hi,Hindi,"कल तक तो आवाजें उठ रही थी बलात्कारियों के लिए फाँसी का कानून बने! आज पेरोल दी जाने लगी ? वाह री राजनीति वाह!,,",कल तक तो आवाजें उठ रही थी बलात्कारियों के लिए फाँसी का कानून बने! राजनीति का अब क्या कहें आज पेरोल दी जाने लगी?,MultiParaDetox,MultiParaDetox,,True
hi,Hindi,कल रिटायर होगा तो सब यही लोग थैंक यू धोनी वाले ट्वीट पर रंडी रोना करेंगे,कल रिटायर होगा तो सब यही लोग थैंक यू धोनी वाले ट्वीट पर तमाशा मचाएंगे,MultiParaDetox,MultiParaDetox,,True
hi,Hindi,कश्मीर को मिलाया भारत में आज ही अमिश भड़वा की तरफ से खुशखबरी !?,कश्मीर को मिलाया भारत में आज ही अमिश की तरफ से खुशखबरी !?,MultiParaDetox,MultiParaDetox,,True
hi,Hindi,कहां था बे भोसडीके! तुझे पोलीस ढुंढ रही है।,कहां था बे ! तुझे पोलीस ढुंढ रही है।,MultiParaDetox,MultiParaDetox,,True
hi,Hindi,कहां से लाते है आखिर ये इतना दोगलापन?,कहां से लाते है आखिर ये इतना चापलूस व्यवहार ?,MultiParaDetox,MultiParaDetox,,True
hi,Hindi,कही जाके अब तो डूब मर भड़वे !!,कही जाके अब तो डूब मर !!,MultiParaDetox,MultiParaDetox,,True
hi,Hindi,"कायदे से आज थाला को बैटिंग का मौका नही मिलना चाहिए वरना थाला गाँड कूट देगा, इंडिया की",कायदे से आज थाला को बैटिंग का मौका नही मिलना चाहिए वरना थाला इंडिया को हरवा देगा,MultiParaDetox,MultiParaDetox,,True
hi,Hindi,किया होता तो तू ही रंडी जोर जोर से हंगामा मचाती,किया होता तो तू ही जोर जोर से चिल्लाती,MultiParaDetox,MultiParaDetox,,True
hi,Hindi,किसी ने सही कहा कि जब गीदड़ की मौत आती है तो गाँव की तरफ दोड़ कर जाता है।,किसी ने सही कहा कि जब किसी डरपोक की मौत आती है तो गाँव की तरफ दोड़ कर जाता है।,MultiParaDetox,MultiParaDetox,,True
hi,Hindi,किसी बहन के लौड़े की अवाज नही निकली,किसी की भी अवाज नही निकली,MultiParaDetox,MultiParaDetox,,True
hi,Hindi,"किसी से धक्का मुक्की तो करो, ये सूखा सूखा मैच मजा नहीं आ रहा है मादरचोद!","किसी से धक्का मुक्की तो करो, ये सूखा सूखा मैच मजा नहीं आ रहा है!",MultiParaDetox,MultiParaDetox,,True
hi,Hindi,कीचड़ उकालने वाला नीच किस मुंह से श्रद्धांजलि दे रहा है?,कीचड़ उकालने वाला यह इंसान क्यों श्रद्धांजलि दे रहा है?,MultiParaDetox,MultiParaDetox,,True
hi,Hindi,कुछ तो करलेना भोसडीके,कुछ तो करलेना,MultiParaDetox,MultiParaDetox,,True
hi,Hindi,कुछ दिन से चर्चित मुद्दे  ये है दलाल मीडिया के मुद्दे,कुछ दिन से चर्चित मुद्दे  ये है चापलूस मीडिया के मुद्दे,MultiParaDetox,MultiParaDetox,,True
hi,Hindi,कुछ लोग तो अपने बायो मे फाउंडर तो ऎसे लिखेंगे कि जैसे कोई बड़ी सी कंपनी खोल रखी है. हट भेनचोद.,कुछ लोग तो अपने बायो मे फाउंडर तो ऎसे लिखेंगे कि जैसे कोई बड़ी सी कंपनी खोल रखी है.,MultiParaDetox,MultiParaDetox,,True
hi,Hindi,कुत्ते के पत्ते के साथ तेरी धुलाई होगी भोसडीके |,तुम्हारी बहुत बुरी पिटाई होगी |,MultiParaDetox,MultiParaDetox,,True
hi,Hindi,केजरीवाल चोर तबरेज़ अंसारी के परिवार को पैसा और नौकरी दे रहा हैं।,केजरीवाल तबरेज़ अंसारी के परिवार को पैसा और नौकरी दे रहा हैं।,MultiParaDetox,MultiParaDetox,,True
hi,Hindi,केजरीवाल हरामी सुअर भड़वा है | ऐसा मेरे मोहल्ले वाले लोग कह रहे थे ||,केजरीवाल अच्छा आदमी नहीं है | ऐसा मेरे मोहल्ले वाले लोग कह रहे थे ||,MultiParaDetox,MultiParaDetox,,True
hi,Hindi,केला कहाँ मिल रहा है आज कल सुअर ?,केला कहाँ मिल रहा है आज कल ?,MultiParaDetox,MultiParaDetox,,True
hi,Hindi,कोई बॉल छोड़ रहा है कोई डक कर रहा है वो भी <number> ओवर में... वाह मादरचोद,कोई बॉल छोड़ रहा है कोई डक कर रहा है वो भी <number> ओवर में... वाह,MultiParaDetox,MultiParaDetox,,True
hi,Hindi,कोठे की पैदाइस साला दल्ला भड़वा आजम,अच्छा आदमी नहीं है आजम,MultiParaDetox,MultiParaDetox,,True
hi,Hindi,कोलकाता में डॉक्टर की पिटाई हुई तो मादरचोद मुम्बई में डॉक्टर हड़ताल पर गए !,कोलकाता में डॉक्टर की पिटाई हुई तो मुम्बई में डॉक्टर हड़ताल पर गए !,MultiParaDetox,MultiParaDetox,,True
hi,Hindi,"क्या गांधीजी भी मरते वक़्त ""भेनचोद ने गान मार ली"" बोले थे?",क्या गांधी जी भी मारते वक़्त कुछ बोले थे ?,MultiParaDetox,MultiParaDetox,,True
hi,Hindi,क्यों करते हैं ऐसी नीच हरकत।,क्यों करते हैं ऐसी बुरी हरकत।,MultiParaDetox,MultiParaDetox,,True
hi,Hindi,क्यों जनता को भटका रहा है.. कमीने,क्यों जनता को भटका रहा है..,MultiParaDetox,MultiParaDetox,,True
hi,Hindi,"क्यों, मुकाबला करने में गांड फटती है क्या?","क्यों, मुकाबला करने में डर लगता है क्या?",MultiParaDetox,MultiParaDetox,,True
hi,Hindi,क्योंकि मादरचोद ऐसे ही लोग सोचते है ये मेरा क्या बिगड़ लेगा ?,क्योंकि ऐसे ही लोग सोचते है ये मेरा क्या बिगड़ लेगा ?,MultiParaDetox,MultiParaDetox,,True
hi,Hindi,क्योंकि हरामी की फ़िल्म देखने के लिए अक्ल की जरूरत नहीं पड़ती ....,क्योंकि उसकी फिल्म देखने के लिए अक्ल की जरूरत नहीं पड़ती ....,MultiParaDetox,MultiParaDetox,,True
hi,Hindi,खुद का खून जला जला कर ये एनामिक होने को पूरी तरह से ततपर दिखते है,बात बात पर गुस्सा होने को पूरी तरह से ततपर दिखते है,MultiParaDetox,MultiParaDetox,,True
hi,Hindi,खैर दीदी आपसे नही हो पाएगा अपने मालिक की गलतियां तलचट्टो का कहाँ दिखाई देती है?,खैर दीदी आपसे नहीं हो पाएगा अपने मालिक में गलती आप कैसे निकाल पाएंगे बिना निष्पक्ष हुए ?,MultiParaDetox,MultiParaDetox,,True
hi,Hindi,गंडवे अपनी गांड खोल कर पूरा लुंड घुसावाने को तैयार  हो गए थे..,वह पूरी तरह से अपनी हार मान गए थे ..,MultiParaDetox,MultiParaDetox,,True
hi,Hindi,गांड़ में मिर्ची क्यों लगती है।,तेरी इतना जलती क्यों है |,MultiParaDetox,MultiParaDetox,,True
hi,Hindi,गेंडे की औलाद   भड़वे-दलाल   देशद्रोही-गद्दार   हरामखोर कमीने   और कुछ बाकी रह गया हैं तो आप खुद समझ जाईए,सारी गालियां उसको दे दी  और कुछ बाकी रह गया हैं तो आप खुद समझ जाईए,MultiParaDetox,MultiParaDetox,,True
hi,Hindi,घर से बाहर आकर उन सांपो को सबक नही सिखा सकते?,घर से बाहर आकर उन को सबक नही सिखा सकते?,MultiParaDetox,MultiParaDetox,,True
hi,Hindi,घुटनों के बल आ जाएंगे साले सुअर की औलाद।,घुटनों के बल आ जाएंगे सारे बुरे लोग।,MultiParaDetox,MultiParaDetox,,True
hi,Hindi,"चमक तेरी आंखों में कबूतर से कम नहीं, बाप तेरा भरवा और तू किसी रंडी की भड़वे से कम नहीं..","चमक तेरी आंखों में कबूतर से कम नहीं, तुम्हारा बाप और तुम इंसान अच्छे नहीं..",MultiParaDetox,MultiParaDetox,,True
hi,Hindi,चुप मादरचोद मेरी बाइक तुमने तोड़ी,चुप कर अब मेरी बाइक तुमने तोड़ी,MultiParaDetox,MultiParaDetox,,True
hi,Hindi,जब गांड लगी फटने तो पूरा इलाका इनकी सुरक्षा में है ।,जब यह डर रहे हैं तो पूरा इलाका इनकी सुरक्षा में है ।,MultiParaDetox,MultiParaDetox,,True
hi,Hindi,जब बात किसी को बदनाम करने की होती है तो कुछ लोग कुत्ते से भी ज्यादा तेज भोंकते हैं,जब बात किसी को बदनाम करने की होती है तो कुछ लोग बहुत तेजी दिखाते हैं,MultiParaDetox,MultiParaDetox,,True
hi,Hindi,ज़रा सुनिए कुछ लोगों का स्तर कितना गिरा हुआ है। हरामी नीच,ज़रा सुनिए कुछ लोगों का स्तर कितना गिरा हुआ है।,MultiParaDetox,MultiParaDetox,,True
hi,Hindi,जिगर चाहिए   जो तुम जैसी फ़टु सुअर की औलादो के पास नही है,जिगर चाहिए जो तुम्हारे पास नहीं है,MultiParaDetox,MultiParaDetox,,True
hi,Hindi,जिधर देखो इशक़ के बिमार बैठे है  हज़ारो मर गयें लाखो तैयार है कमीने,जिधर देखो इशक़ के बिमार बैठे है हज़ारो मर गयें लाखो तैयार है,MultiParaDetox,MultiParaDetox,,True
hi,Hindi,"जिस किसी भी दिन फॉर्ब्स गिरे हुये नीच, जलील, कमीने पत्रकारों की लिस्ट बनायेगा. तू टॉप पर आएगा",जिस किसी भी दिन फॉर्ब्स बुरे पत्रकारों की लिस्ट बनायेगा. तू टॉप पर आएगा,MultiParaDetox,MultiParaDetox,,True
hi,Hindi,जिसका भला माँ का दूध पीने से नही हुआ वो बाप का लुंड चाट कर क्या उखाड़ लेगा ।,जिसका भला माँ की परवरिश से नही हुआ वो बाप से क्या सुधरेगा |,MultiParaDetox,MultiParaDetox,,True
hi,Hindi,जिसका मालिक  एक लौड़े संघी भाजपाई  है,जिसका मालिक  एक भाजपाई  है,MultiParaDetox,MultiParaDetox,,True
hi,Hindi,जिसको मेरे शब्द खराब लगे उसकी मा का भोसड़ा,जिसको मेरे शब्द खराब लगे वो भाड़ में जाए,MultiParaDetox,MultiParaDetox,,True
hi,Hindi,जिसने तुम हरामियों को पनाह दी उसने भुगता,जिसने तुम को पनाह दी उसने भुगता,MultiParaDetox,MultiParaDetox,,True
hi,Hindi,"झोंपड़ी के, कुछ दिन पहले तक तो तू उस के लिये छाती पीट रहा था।",कुछ दिन पहले तक तो तू उस के लिये मातम मना रहा था।,MultiParaDetox,MultiParaDetox,,True
hi,Hindi,टीवी पे देखते ही सूखी टट्टी याद आ जाती है,टीवी पर देखते ही कब्ज याद आ जाती है,MultiParaDetox,MultiParaDetox,,True
hi,Hindi,"ढोंगी से भी एक कदम आगे , गट्टर की पैदाइश",तुम तो ढोंग रचने वाले से भी एक कदम आगे हो,MultiParaDetox,MultiParaDetox,,True
hi,Hindi,तब कोई रंडी की औकात नहीं जो कमेंट करे।,तब किसी की औकात नहीं जो कमेंट करे।,MultiParaDetox,MultiParaDetox,,True
hi,Hindi,तब ये संस्कार क्या चादर मोड़ने गए थे ?,तब ये  संस्कार कहां चले गए थे ?,MultiParaDetox,MultiParaDetox,,True
hi,Hindi,तभी तु पैदा हुआ रंडि के पिल्ले,तभी तु पैदा हुआ बेकार इंसान,MultiParaDetox,MultiParaDetox,,True
hi,Hindi,ताकि तुम इस तरह पैसे उडाओ. भोसड़ीकी बाप का पैसा है क्या ?,ताकि तुम इस तरह पैसे उडाओ. तुम्हारे बाप का पैसा है क्या ?,MultiParaDetox,MultiParaDetox,,True
hi,Hindi,तु बीजेपी के गलती का इंतजार ऐसा करता है  जैसे कि रंडी को ग्राहक का हो |,तू बीजेपी के गलती का इंतजार बहुत बेसब्री से करता है ।,MultiParaDetox,MultiParaDetox,,True
hi,Hindi,तुझे तो तेरी औकात जनता ने दिखा दी |,तुझे तो तेरा स्तर जनता ने दिखा दिया |,MultiParaDetox,MultiParaDetox,,True
hi,Hindi,तुम अब विनाश काले विपरीत बुद्धि हो,तुम्हारी सोच अब खराब हो गई है,MultiParaDetox,MultiParaDetox,,True
hi,Hindi,तुम को संस्कृत से विरोध है तो कान में लूंड़  ठूस  लो ।,तुमको संस्कृत से विरोध है तो अपने कान बंद कर लो |,MultiParaDetox,MultiParaDetox,,True
hi,Hindi,तुम भोसडीके इधर हो मैंने कहा कहा नही ढूंडा,तुम इधर हो मैंने कहा कहा नही ढूंडा,MultiParaDetox,MultiParaDetox,,True
hi,Hindi,तुम लोग सालों नंगे कर के मारे जाओगे सुवर की औलाद,तुम लोगों का अंजाम अच्छा नहीं होगा,MultiParaDetox,MultiParaDetox,,True
hi,Hindi,तुम लोगों को क़ायदे से जूते पड़ने चाहिए ..,तुम लोगों को कायदे से मार पड़नी चाहिए ..,MultiParaDetox,MultiParaDetox,,True
hi,Hindi,तुम सुअर भर तमीज़ से नहीं रह सकते।,तुम थोड़ी भी तमीज़ से नहीं रह सकते।,MultiParaDetox,MultiParaDetox,,True
hi,Hindi,तुम्हारे साथ सारे विपक्षी भड़वा डांस कर रहे होते।,तुम्हारे साथ सारे विपक्षी बेकार की बातें कर रहे होते |,MultiParaDetox,MultiParaDetox,,True
hi,Hindi,तू ऐसे ही नालियों में भटकना,तू ऐसे ही इधर-उधर भटकते रहना,MultiParaDetox,MultiParaDetox,,True
hi,Hindi,तू कहा अपना झोपड़ा मरवा रही है मादरचोद कूत्ती ?,तू अब कहां अपनी इज्जत से खिलवाड़ करवा रही है ?,MultiParaDetox,MultiParaDetox,,True
hi,Hindi,तू क्या अपूर्वानन्द का दलाल है अपूर्वानन्द कितने साल का है जो आजादी के पहले का बता रहा है,तू क्या अपूर्वानन्द की चापलूसी करता है अपूर्वानन्द कितने साल का है जो आजादी के पहले का बता रहा है,MultiParaDetox,MultiParaDetox,,True
hi,Hindi,तू ग़ज़िआबाद आया तो तेरी गांड में गधे का लंड दे दूंगा लैट्रिन,तू ग़ज़िआबाद आया तो तुझे अच्छा सबक सिखाएंगे,MultiParaDetox,MultiParaDetox,,True
hi,Hindi,तू जेएनयू में झांठ नहीं उखाड़ता भोसडीके,तू जेएनयू में कुछ नहीं कर पाता समझे,MultiParaDetox,MultiParaDetox,,True
hi,Hindi,"तू नही सुधरेगा तू कमीना का कमीना ही रहेगा , चूतिया।",तू नहीं सुधरेगा वैसा का वैसा ही रह जाएगा |,MultiParaDetox,MultiParaDetox,,True
hi,Hindi,तू सही से पढ़ लिया कर रंडि साली,तुम सही से पढ़ लिया करो,MultiParaDetox,MultiParaDetox,,True
hi,Hindi,तेरी मां का भोसड़ा जिस धोनी के नाम पर उछल रहा है ना उस धोनी को दादा ने बनाया तीन नम्बर पर बैटिंग करवा कर,जिस धोनी के नाम पर उछल रहे हो ना उस धोनी को दादा ने बनाया तीन नम्बर पर बैटिंग करवा कर,MultiParaDetox,MultiParaDetox,,True
hi,Hindi,तेरे गांड के गलिचे ना बना दिये तो बोलना,तेरी कुटाई ना कर दी तो बोलना,MultiParaDetox,MultiParaDetox,,True
hi,Hindi,तेरे गांड मारके गोपाल नाम नही रख दिया तो बोलना|,तेरी कुटाई गोपाल नाम नही रख दिया तो बोलना|,MultiParaDetox,MultiParaDetox,,True
hi,Hindi,तेरे जैसे चूतिये नेताओ को चौराहे पर जूते मारने चाहिए ।,तेरे जैसे कामचोर नेताओ पर सख्त कार्रवाई होनी चाहिए |,MultiParaDetox,MultiParaDetox,,True
hi,Hindi,तेरे मुह में अब बवासीर हो गया होगा |,तुम कुछ भी बोल नहीं पा रहे होगे |,MultiParaDetox,MultiParaDetox,,True
hi,Hindi,तो अच्छा होगा कि तुम अपनी हद मे रहो. बेटीचोद,अच्छा होगा कि तुम अपनी हद मे रहो,MultiParaDetox,MultiParaDetox,,True
hi,Hindi,दम हैं गाँड मैं यह काम करने की?,दम हैं यह काम करने की?,MultiParaDetox,MultiParaDetox,,True
hi,Hindi,दलाल मीडिया दूसरों के टुकड़े पर अपना ईमान बेचने वाली दलाल मीडिया,पक्षपात मीडिया अब ईमानदार नहीं रही मीडिया,MultiParaDetox,MultiParaDetox,,True
hi,Hindi,"दलाल, भडवा भाग रे भाग !!","बुरे, पक्षपाती भाग रे भाग !!",MultiParaDetox,MultiParaDetox,,True
hi,Hindi,"दे दीजिए पैरोल, लाइए बलात्कारी को बाहर और सभी बहन बेटियों को जेल में डाल दीजिए।","इस बलात्कारी को पैरोल देकर, सभी बहन बेटियों को असुरक्षित मत कीजिए |",MultiParaDetox,MultiParaDetox,,True
hi,Hindi,देख भड़वा कलूटे    इसपे तेरा मूत वाला मुह नही खुलेगा,इसपे तेरा मुह नही खुलेगा,MultiParaDetox,MultiParaDetox,,True
hi,Hindi,देख भोसडीके अपुण सेलिब्रिटी है अभी,देख अपुण सेलिब्रिटी है अभी,MultiParaDetox,MultiParaDetox,,True
hi,Hindi,देखिए आज की रिपोर्ट अमीश भड़वा से,देखिए आज की रिपोर्ट बेकार अमीश से,MultiParaDetox,MultiParaDetox,,True
hi,Hindi,दो चार को शूट करो ये हरामी लोग अपने आप चिल्लाना बन्द कर देंगें।,दो चार पर कड़ी कार्रवाई करो ये बुरे लोग अपने आप चिल्लाना बन्द कर देंगें।,MultiParaDetox,MultiParaDetox,,True
hi,Hindi,दोनों एक नंबर के हरामि हो,दोनों एक नंबर के बेकार आदमी हो,MultiParaDetox,MultiParaDetox,,True
hi,Hindi,धिक्कार है ऐसे व्यक्ति पर,लानत है ऐसे व्यक्ति पर,MultiParaDetox,MultiParaDetox,,True
hi,Hindi,धोनी से ज्यादा तो हार्दिक गांड़ फाड़ देता है..    अगला मैच हार्दिक खेलेगा,धोनी से ज्यादा अच्छा तो हार्दिक खेलता है..   अगला मैच हार्दिक खेलेगा,MultiParaDetox,MultiParaDetox,,True
hi,Hindi,पकिस्तान वाले ट्विस्टर पे मैच फिक्स वाला रन्डी रोना कर रहे हैं,पकिस्तान वाले ट्विस्टर पे मैच फिक्स का तमाशा खड़ा कर रहे हैं,MultiParaDetox,MultiParaDetox,,True
hi,Hindi,पत्रकारों को ज़बरदस्ती मूत पिलाने की ज़रूरत ही नहीं |,पत्रकारों से जबरदस्ती कोई काम करवाने की जरूरत नहीं |,MultiParaDetox,MultiParaDetox,,True
hi,Hindi,पन्नी फुक्का है क्या तब से कुछ भी बोला जा रहा है भोसड़ी के,क्या खाकर आया है तब से कुछ भी बोला जा रहा है,MultiParaDetox,MultiParaDetox,,True
hi,Hindi,पहले गोरो को हराया   फिर हरमखोरों बांग्लादेश को हराया,पहले गोरो को हराया फिर बांग्लादेश को हराया,MultiParaDetox,MultiParaDetox,,True
hi,Hindi,पिछवाड़ा चाटने वाला को <number> लाख देता है भड़वा |,चापलूसी करने वाला को <number> लाख देता है यह भ्रष्ट आदमी |,MultiParaDetox,MultiParaDetox,,True
hi,Hindi,पैदाइस सुअर औलाद यह क्या काम कर रहा है ?,पैदाइशी बुरे आदमी यह क्या काम कर रहा है ?,MultiParaDetox,MultiParaDetox,,True
hi,Hindi,पोस्टर बनाने बाले कि बेटी मादरचोद मेरे पास ही चुदेगी लौड़े,पोस्टर बनाने वाले पर सख्त से सख्त कार्रवाई होनी चाहिए,MultiParaDetox,MultiParaDetox,,True
hi,Hindi,फिर लग जाते हो किसी की भी भड़वा गिरी करने,फिर लग जाते हो किसी की भी चाटुकारिता करने,MultiParaDetox,MultiParaDetox,,True
hi,Hindi,"बच्चा अपने दोस्त से - सीघ नहीं होती लोमड़ी के, और बताओ कैसे हो खोपड़ी के?",बच्चा अपने दोस्त से - और बताओ कैसे हो?,MultiParaDetox,MultiParaDetox,,True
hi,Hindi,बहनचोद कमीने काले मूह के तेरी गांड में खुजली क्यू नहि हो रही,तुम इसके विरोध में क्यू नहि हो रही,MultiParaDetox,MultiParaDetox,,True
hi,Hindi,बात ऐसे चोद रहा है जैसे ज्ञानी का जीजा है |,बात ऐसे बोल रहा है जैसे बहुत बड़ा ज्ञानी है |,MultiParaDetox,MultiParaDetox,,True
hi,Hindi,बात नेहरू की तो उसने इतने गड्ढे किये इस देश में की भेनचोद आज तक नहीं भरे जा रहे समझ गया चरसी,बात नेहरू की तो उसने इतने गड्ढे किये इस देश में की आज तक नहीं भरे जा रहे समझ गया,MultiParaDetox,MultiParaDetox,,True
hi,Hindi,बिना बारूद की मिसाइल साले भड़वे,बिना किसी दम के बड़ी-बड़ी बातें करने वाले,MultiParaDetox,MultiParaDetox,,True
hi,Hindi,बेटा ये ऑरेंज है ना कि भगवा। समझे भड़वा।,बेटा ये ऑरेंज है ना कि भगवा। समझे।,MultiParaDetox,MultiParaDetox,,True
hi,Hindi,भड़वा निकाल दे अपने दिमाग से हरा सौच।,निकाल दे अपने दिमाग से हरा सौच।,MultiParaDetox,MultiParaDetox,,True
hi,Hindi,भड़वे तुम से तो ये जानवर भी समझदार है,तुम से तो ये जानवर भी समझदार है,MultiParaDetox,MultiParaDetox,,True
hi,Hindi,"भड्वा, तल्वे चातु, कुत्ते से भी बडा कुत्ता देखना हो तो तुजे देख लेना चाहिये",अगर इस्से भी खराब इंसान देखना है तो तुम्हें देखना चाहिए,MultiParaDetox,MultiParaDetox,,True
hi,Hindi,"भाई साहब ये कोई ताजुब की बात नही है यहाँ पर बहुत सारे कमीने, मकार, नमकहराम, दलाल, फरेबी, देशद्रोही है",भाई साहब ये कोई ताजुब की बात नही है यहाँ पर बहुत सारे बुरे लोग हैं,MultiParaDetox,MultiParaDetox,,True
hi,Hindi,भाजपा लेटी हुई है और पत्रकार अपने-अपने हिसाब से दूध पी रहे हैं ।,पत्रकार अपने-अपने हिसाब से भाजपा की चाटुकारिकता कर रहे हैं ।,MultiParaDetox,MultiParaDetox,,True
hi,Hindi,भेनचोद इसकी तरह इसकी कस्मे भी झूठी,इसकी तरह इसकी कस्मे भी झूठी है,MultiParaDetox,MultiParaDetox,,True
hi,Hindi,भेनचोद की औलाद एक बाप की औलाद है तो सामने से आकर हमला कर,हिम्मत है तो सामने से आकर हमला करो,MultiParaDetox,MultiParaDetox,,True
hi,Hindi,भेनचोद देख इस को लोग मिलकर बेरहमी से पीट रहे है  !!,देख इस को लोग मिलकर बेरहमी से पीट रहे है !!,MultiParaDetox,MultiParaDetox,,True
hi,Hindi,भेनचोद देश के जवानों का सम्मान ना करें उसको सम्मान देने की जरुरत नहीं,जो भी देश के जवानों का सम्मान ना करें उसको सम्मान देने की जरुरत नहीं,MultiParaDetox,MultiParaDetox,,True
hi,Hindi,भेनचोद ये क्या चूतियापा हो रहा है?,ये क्या फालतू का काम हो रहा है?,MultiParaDetox,MultiParaDetox,,True
hi,Hindi,"भेनचोद, हम क्या माँ चुदाने इतनी मेहनत करके टेक्स भरते है..",हम क्या हद से ज्यादा परेशान होने के लिए इतनी मेहनत करके टेक्स भरते है..,MultiParaDetox,MultiParaDetox,,True
hi,Hindi,भेनचोद...  समझ नही आ रहा केस किस खुशी में चल रहा है.,समझ नही आ रहा केस किस खुशी में चल रहा है.,MultiParaDetox,MultiParaDetox,,True
hi,Hindi,भैनचोद 4g के नाम पे अच्छा चुतिया काटते है,4g के नाम पे अच्छा बेवकूफ बनाते है,MultiParaDetox,MultiParaDetox,,True
hi,Hindi,"भैया ब्लॉक कर दिया मैंने तो इस नीच को,",भैया ब्लॉक कर दिया मैंने तो इस बेकर इंसान को,MultiParaDetox,MultiParaDetox,,True
hi,Hindi,"भोसड़ी के कटुवे मादरचोद, जो सच है वही तो सुदर्शन न्यूज दिखाता है।",जो सच है वही तो सुदर्शन न्यूज दिखाता है।,MultiParaDetox,MultiParaDetox,,True
hi,Hindi,भोसड़ी के तू अच्छा नहीं नाच रहा है ।,तू अच्छा नहीं नाच रहा है ।,MultiParaDetox,MultiParaDetox,,True
hi,Hindi,भोसड़ी के नाम के आगे चौकीदार लगाने से कुछ नहीं होगा !,नाम के आगे चौकीदार लगाने से कुछ नहीं होगा !,MultiParaDetox,MultiParaDetox,,True
hi,Hindi,भोसड़ी वाले तुम लोग जो है शांति बचाने वाले बन जाते हो,तुम लोग जो है शांति बचाने वाले बन जाते हो,MultiParaDetox,MultiParaDetox,,True
hi,Hindi,भोसड़ीके अगर अभी कुछ नहीं किया तो वोट मांगने मत आना।,अगर अभी कुछ नहीं किया तो वोट मांगने मत आना।,MultiParaDetox,MultiParaDetox,,True
hi,Hindi,भोसडिके इंटरनेशनल रिपोर्ट की खबर तुरन्त आ जाती है,इंटरनेशनल रिपोर्ट की खबर तुरन्त आ जाती है,MultiParaDetox,MultiParaDetox,,True
hi,Hindi,भोसडी बालो तुम ही अपनी बहनो को भेजते हो चुदबाने इन लिव-इन रिलेशनशिप के नाम पर,तुम ही अपनी बहनो को लिव-इन रिलेशनशिप में रहने की इजाजत देते हो,MultiParaDetox,MultiParaDetox,,True
hi,Hindi,भोसडीके ऑनलाइन ट्रांसफर कर दे पूरा पैसा और चिल कर..,ऑनलाइन ट्रांसफर कर दे पूरा पैसा और चिल कर..,MultiParaDetox,MultiParaDetox,,True
hi,Hindi,"भोसडीके, एक शब्द भी नहीं बोला गया आत्म मुग्ध बौने।",एक शब्द भी नहीं बोला गया आत्म मुग्ध इंसान।,MultiParaDetox,MultiParaDetox,,True
hi,Hindi,मरने दो इन हरामी लड़कियों को,मरने दो इन बुरी लड़कियों को,MultiParaDetox,MultiParaDetox,,True
hi,Hindi,मादर चोदो समाचार दिखाना जैसे हुआ वैसे,समाचार दिखाना जैसे हुआ वैसे,MultiParaDetox,MultiParaDetox,,True
hi,Hindi,"मादरचोद इसने कांग्रेस को कहा से कहा पहुँचा दिया,","इसने कांग्रेस को कहा से कहा पहुँचा दिया,",MultiParaDetox,MultiParaDetox,,True
hi,Hindi,मादरचोद उधर नेटवर्क का प्रॉब्लम है तो गांड मराने सिम कार्ड इश्यू करते हो उस एरिया में?,उधर नेटवर्क का प्रॉब्लम है तो सिम कार्ड क्यों इश्यू करते हो उस एरिया में?,MultiParaDetox,MultiParaDetox,,True
hi,Hindi,मादरचोद दिल्ली सरकार की स्कूल की चर्चा करते हुए उस मुद्दे पर टिक नही पाया,वह दिल्ली सरकार की स्कूल की चर्चा करते हुए उस मुद्दे पर टिक नही पाया,MultiParaDetox,MultiParaDetox,,True
hi,Hindi,मादरचोद हम नेपाल चले जाएं ?,हम नेपाल चले जाएं ?,MultiParaDetox,MultiParaDetox,,True
hi,Hindi,"मादरचोद, मां के लोड़े, लड़ पाते नहीं हो","बातें तो बड़ी करते हो, लड़ पाते नहीं हो",MultiParaDetox,MultiParaDetox,,True
hi,Hindi,मादरजात राजनेताओं और भड़वा पत्रकारों के मुंह से उफ्फ तक नहीं निकलता,राजनेताओं और पत्रकारों के मुंह से उफ्फ तक नहीं निकलता,MultiParaDetox,MultiParaDetox,,True
hi,Hindi,मीडिया चूड़ियाँ तोड़ कर विधवा हो चुकी होती।,मीडिया बिल्कुल ही चुप हो चुकी होती।,MultiParaDetox,MultiParaDetox,,True
hi,Hindi,मीडिया तो है मादरचोद लेकिन प्रशासन क्या कर रही थी?,मीडिया को तो छोड़ो लेकिन प्रशासन क्या कर रही थी?,MultiParaDetox,MultiParaDetox,,True
hi,Hindi,मीडिया में NDA के राज्यसभा में बहुमत के करीब पहुंचने का दावा हवा-हवाई है।,मीडिया में NDA के राज्यसभा में बहुमत के करीब पहुंचने का दावा मैं कोई दम नहीं है |,MultiParaDetox,MultiParaDetox,,True
hi,Hindi,"मुझे नीच पर सफाई  देने की जरूरत नहीं, बदलेगी सरकार","मुझे सफाई देने की जरूरत नहीं, बदलेगी सरकार",MultiParaDetox,MultiParaDetox,,True
hi,Hindi,मूर्खो! ये घर में बैठकर कमेंट में किसी को गाली देना कौन सी बहादुरी है?,ये घर में बैठकर कमेंट में किसी को गाली देना कौन सी बहादुरी है?,MultiParaDetox,MultiParaDetox,,True
hi,Hindi,में उस समय सुन नही पाया था। हाँ हा हा हां ह क्योंकि उस समय मे बकचोदी में व्यस्त था,में उस समय सुन नही पाया था। हाँ हा हा हां ह क्योंकि उस समय मे बेकार की बातों में व्यस्त था,MultiParaDetox,MultiParaDetox,,True
hi,Hindi,मैच फिनिश कर देना चाहिए    गांड पे हाथ रख कर बैठ नहीं जाना चाहिए,मैच फिनिश कर देना चाहिए  ज्यादा देर नहीं करनी चाहिए,MultiParaDetox,MultiParaDetox,,True
hi,Hindi,यह काला सूअर भी तो 10 जनपद का टॉयलेट साफ करने वाला है,यह भी तो 10 जनपद का टॉयलेट साफ करने वाला है,MultiParaDetox,MultiParaDetox,,True
hi,Hindi,यह है मादरचोद कॉंग्रेस की राजनीति  इन मादर चोदो कांग्रेसियों  ने इतना गंद फैलाया है,यह है कॉंग्रेस की राजनीति इन कांग्रेसियों ने इतना रायता फैलाया है,MultiParaDetox,MultiParaDetox,,True
hi,Hindi,यह हैं लोकतंत्र का कानून? थू,यह हैं लोकतंत्र का कानून?,MultiParaDetox,MultiParaDetox,,True
hi,Hindi,यहाँ भोसडीके हम चार लौंडे बैठ के मैच देख रहे,यहाँ हम चार लौंडे बैठ के मैच देख रहे,MultiParaDetox,MultiParaDetox,,True
hi,Hindi,यहां ट्वीटर पे बकैती करने से अच्छा है उन हिजड़ो को पकड़ो और उनकी गांड में गोली मारो।।,यहां ट्विटर पर बकैती करने से अच्छा है उनको पकड़ो और उन पर कार्रवाई करवाओ ||,MultiParaDetox,MultiParaDetox,,True
hi,Hindi,यहां भडवा की गांड जल रही है।,यहां उसकी जल रही है।,MultiParaDetox,MultiParaDetox,,True
hi,Hindi,यही  साले हरामखोर डॉक्टर पहले चुप थे !,यही डॉक्टर पहले चुप थे !,MultiParaDetox,MultiParaDetox,,True
hi,Hindi,यही एक आखरी रास्ता हो सकता है बाकी सूअर की औलाद किसी की नहीं होगी |,यही एक आखरी रास्ता हो सकता है बाकी बेकार लोग किसी के नहीं होंगे |,MultiParaDetox,MultiParaDetox,,True
hi,Hindi,"ये आप हम जानते हैं, भेनचोद मूर्ख लोग जानते हैं क्या?","ये आप हम जानते हैं, मूर्ख लोग जानते हैं क्या?",MultiParaDetox,MultiParaDetox,,True
hi,Hindi,ये कमीने दुःख देने के लिए ही पैदा होते है ||,ये बुरे लोग दुःख देने के लिए ही पैदा होते है ||,MultiParaDetox,MultiParaDetox,,True
hi,Hindi,ये तुम्हारे समझ के बाहर है तुम रंडी रोओ इधर मत घुसो।,ये तुम्हारे समझ के बाहर है तुम बेकार के बहाने करो इधर मत घुसो।,MultiParaDetox,MultiParaDetox,,True
hi,Hindi,ये दिखा रही कि देखो हमारी गाँड आसानी से मर सकती है पर जैसे ही तुम मारने को आओगे हम गाँड उचका देंगे,ये दिखा रही कि देखो हम आसानी से पकड़े जा सकते हैं पर जैसे ही तुम आओगे हम भाग जाएंगे,MultiParaDetox,MultiParaDetox,,True
hi,Hindi,ये देखकर मुझे तेरी मेहरबानिया फिल्म के सुंदर गांड की याद आ गई |,ये देखकर मुझे तेरी मेहरबानिया फिल्म के सुंदर हीरोइन की याद आ गई ।,MultiParaDetox,MultiParaDetox,,True
hi,Hindi,ये बचपन नहीं जवानी है सड़े लूँड,ये बचपन नहीं जवानी है,MultiParaDetox,MultiParaDetox,,True
hi,Hindi,ये भड़वा सरकार आखिर क्या करना चाहती है ।।।।,ये सरकार आखिर क्या करना चाहती है ।।।।,MultiParaDetox,MultiParaDetox,,True
hi,Hindi,ये भोसड़ी वाले अपनी माँ बहनो के नही होते || तो दुशरो के कैसे होंगे |,ये बेकार लोग अपनी माँ बहनो के नही होते || तो दुशरो के कैसे होंगे |,MultiParaDetox,MultiParaDetox,,True
hi,Hindi,ये रंडी कांग्रेस की बड़ी दुश्मनों में से एक,ये कांग्रेस की बड़ी दुश्मनों में से एक,MultiParaDetox,MultiParaDetox,,True
hi,Hindi,ये साले रंडी रोना रोते रहते हैं।। आज और आने वाले समय की बात करो ।,यह बेकार का रोना-धोना करते रहते हैं | | आज और आने वाले समय की बात करो ।,MultiParaDetox,MultiParaDetox,,True
hi,Hindi,ये सूअरिआ यहां हिन्दुओं को बदनाम कर रही है पत्रकारिता के नाम पर कलंक है ये,ये यहां हिन्दुओं को बदनाम कर रही है पत्रकारिता के नाम पर,MultiParaDetox,MultiParaDetox,,True
hi,Hindi,ये स्टाम्प में पीछे ज़रा सा पिल्ला अपनी खूब माँ चुदवा रहा है आज,ये स्टाम्प में पीछे अच्छा नहीं खेल रहा है आज,MultiParaDetox,MultiParaDetox,,True
hi,Hindi,ये हराम का पिल्ला हरामखोर हरामी है जिस का खाता है उसी में ये हरामखोर छेद करता है।।,ये धोखेबाज जिस का खाता है उसी के साथ धोखा करता है।।,MultiParaDetox,MultiParaDetox,,True
hi,Hindi,ये हराम की खाने वाले पुलिस वाले जो गुनहगार उसको तो पकड़ नही पाती,ये भ्रष्ट पुलिस वाले जो गुनहगार उसको तो पकड़ नही पाती,MultiParaDetox,MultiParaDetox,,True
hi,Hindi,ये हरामखोरो को पता नही है ?,ये धोखेबाजों को पता नही है ?,MultiParaDetox,MultiParaDetox,,True
hi,Hindi,ये हरामी अपनी हरकतों से बाज नही आ रहे है,ये बुरे लोग अपनी हरकतों से बाज नही आ रहे है,MultiParaDetox,MultiParaDetox,,True
hi,Hindi,ये हरामी अभी भी जनमतसंग्रह करवाना चाहता है,ये बुरे आदमी अभी भी जनमतसंग्रह करवाना चाहता है,MultiParaDetox,MultiParaDetox,,True
hi,Hindi,ये हैं महासभा की राष्ट्रीय महासचिव जो राष्ट्रपिता पर गोली चला रहीं हैं!,ये हैं महासभा की राष्ट्रीय महासचिव जो राष्ट्रपिता को कुछ भी बोल रहीं हैं!,MultiParaDetox,MultiParaDetox,,True
hi,Hindi,ये हैं सुअर के पिल्ले हरामी कालापानी भेजिये हराम की औलादो को..,ये हैं बेकार लोग कड़ी कार्रवाई करिए इन बेकार लोगों पर ..,MultiParaDetox,MultiParaDetox,,True
hi,Hindi,रंडि के पैदाइस कुछ नहि बोलेगे ?,यह लोग कुछ नहि बोलेगे ?,MultiParaDetox,MultiParaDetox,,True
hi,Hindi,रंडी रोना शुरू कर दे धोनी आज धागा खोल देगा ।,शिकायत करना शुरू कर दो धोनी आज धागा खोल देगा ।,MultiParaDetox,MultiParaDetox,,True
hi,Hindi,रंडी सॉरी फिर तुम कहोगे गलत भाषा बोली,सॉरी फिर तुम कहोगे गलत भाषा बोली,MultiParaDetox,MultiParaDetox,,True
hi,Hindi,"राजनीति में एक आतंकी नेता आ गई हैं, कभी शहीद का अपमान कर रही तो क़भी राष्ट्रपिता की हत्यारे का सर्मथन","राजनीति में एक बुरी नेता आ गई हैं, कभी शहीद का अपमान कर रही तो क़भी राष्ट्रपिता की हत्यारे का सर्मथन",MultiParaDetox,MultiParaDetox,,True
hi,Hindi,रात को भेनचोद दारु के साथ मिक्सिंग में राखी सावंत के वीडियोस देख के ये हालत हुई है इसकी...,रात को दारू के साथ अश्लील वीडियोस देख के ये हालत हुई है इसकी...,MultiParaDetox,MultiParaDetox,,True
hi,Hindi,रोज़ कौन भेनचोद लाउडस्पीकर पर रैप करता है ?,रोज़ कौन लाउडस्पीकर पर रैप करता है ?,MultiParaDetox,MultiParaDetox,,True
hi,Hindi,लगता सारे बुद्धजीवी पप्पू मूत्र पी के सो गए,लगता सारे बुद्धजीवी अपने की सोचने की शक्ति खो चुके है,MultiParaDetox,MultiParaDetox,,True
hi,Hindi,"लण्ड, सच्चे पत्रकार  बनने की कोशिश कर वर्ना अपने आपसे घीन आने लगेगी",सच्चे पत्रकार  बनने की कोशिश कर वर्ना अपने आपसे शर्म आने लगेगी,MultiParaDetox,MultiParaDetox,,True
hi,Hindi,लन्ड के झाँट बलात्कारीयो और हत्यारा के समर्थन मे तुम सब रैली निकालते हो,बलात्कारीयो और हत्यारा के समर्थन मे तुम सब रैली निकालते हो,MultiParaDetox,MultiParaDetox,,True
hi,Hindi,वाह भेनचोद वाह ...एक आदमी को नीचे गिराने के लिए कितने लोग लगे हुए हैं ...,वाह भाई वाह  ... एक आदमी को नीचा गिराने के लिए कितने लोग हैं,MultiParaDetox,MultiParaDetox,,True
hi,Hindi,वाह सूअर के नाजायज़ पिल्ले इतना जल्दी पलट गए| वाह क्या भाई चारे अमन शांति का पाठ पढ़ा रहा है |,वाह इतना जल्दी पलट गए | वाह क्या भाई चारे अमन शांति का पाठ पढ़ा रहा है |,MultiParaDetox,MultiParaDetox,,True
hi,Hindi,वो चोर झूठा बेमान दुष्ट नीच कमीना हत्यारा नफ़रत व हिंसा फ़ैलाने वाली बीमारी है,वो आदमी नफरत वह हिंसा फैलाने वाली बीमारी है,MultiParaDetox,MultiParaDetox,,True
hi,Hindi,"सचाई ज़रूरी है, लेकिन तुमसे उमीद क्या करूँ नीच","सचाई ज़रूरी है, लेकिन तुमसे उमीद क्या करूँ",MultiParaDetox,MultiParaDetox,,True
hi,Hindi,सबसे बड़े हरामि तुम पत्रकार हो,सबसे बड़े बुरे तुम पत्रकार हो,MultiParaDetox,MultiParaDetox,,True
hi,Hindi,सबूत के लिए इनकी गाँड से गु खीरोंच देगा फावड़े से,इनसे सबूत निकलवाने के लिए कुछ भी करेगा,MultiParaDetox,MultiParaDetox,,True
hi,Hindi,समझा जरा रे सुअर हमको भी,समझा जरा हमको भी,MultiParaDetox,MultiParaDetox,,True
hi,Hindi,समस्या तुम जैसे मादरचोद ढोंगी पुजारी है।,समस्या तुम जैसे ढोंगी पुजारी है।,MultiParaDetox,MultiParaDetox,,True
hi,Hindi,सरदाना जी थोड़ा कम जहर उगला करो।,सरदाना जी थोड़ा कम नफरत फैलाया करो,MultiParaDetox,MultiParaDetox,,True
hi,Hindi,साला दल्ला वोट के कुछ भी कर सकता है |,वह वोट के कुछ भी कर सकता है |,MultiParaDetox,MultiParaDetox,,True
hi,Hindi,साला बल्ला तो बिल्कुल चलता ही नहीं है इसका मादरचोद,बल्ला तो बिल्कुल चलता ही नहीं है इसका,MultiParaDetox,MultiParaDetox,,True
hi,Hindi,साली चुतीया औरत नाम लेने से डरती है रंडी कही की ||,वह डरपोक औरत नाम लेने से डरती है ||,MultiParaDetox,MultiParaDetox,,True
hi,Hindi,साली रंडी इतना ज्ञान छोड़ रही है  |,यह बेकार औरत इतना ज्ञान दे रही है |,MultiParaDetox,MultiParaDetox,,True
hi,Hindi,साले तुम जेसे लोग कुत्तेपन की हद्द पार कर चुके हो,तुम जेसे लोग  बर्दाश्त की हद पार कर दी है,MultiParaDetox,MultiParaDetox,,True
hi,Hindi,साले पिछले बारी बोला था कांग्रेस से गठबंधन की बात भी करू तो बेटा मर जाये,वह पिछले बारी बोला था कांग्रेस से गठबंधन की बात भी करू तो बेटा मर जाये,MultiParaDetox,MultiParaDetox,,True
hi,Hindi,साले रंडी की औलाद चुप हो जा,बुरे आदमी चुप हो जा,MultiParaDetox,MultiParaDetox,,True
hi,Hindi,सालो को जेल में डाल तो क्या रे बिकाऊ दलाल पत्रकार,ऐसे बिकाऊ चापलूस  पत्रकार को जेल में डाल दो,MultiParaDetox,MultiParaDetox,,True
hi,Hindi,सिंगार के लिए सामान कहां से लेकर आएंगे भेनचोद,सिंगार के लिए सामान कहां से लेकर आएंगे,MultiParaDetox,MultiParaDetox,,True
hi,Hindi,सूअर की तरह बच्चे पैदा कर लेते हैं उनके लिए खाने को भी इंतजाम करना पड़ता है,इतने सारे बच्चे पैदा कर लेते हैं उनके लिए खाने को भी इंतजाम करना पड़ता है,MultiParaDetox,MultiParaDetox,,True
hi,Hindi,सूअर के पिछवाड़े मे और बाथरुम मे अपनी बेटी को ढूंढ रहा है,अपनी बेटी को हर जगह ढूंढ रहा है,MultiParaDetox,MultiParaDetox,,True
hi,Hindi,सूअर लोग अपना अस्तित्व बचाने में लगे हैं।।,बुरे लोग अपने अस्तित्व को बचाने में लगे हैं |,MultiParaDetox,MultiParaDetox,,True
hi,Hindi,सोचिये ऐसी नीच सोच के इस व्यक्ति ने भोली-भाली जनता को कितनी बेरहमी से लूटा-खसोटा होगा |,सोचिये ऐसी खराब सोच के इस व्यक्ति ने भोली-भाली जनता को कितनी बेरहमी से लूटा होगा |,MultiParaDetox,MultiParaDetox,,True
hi,Hindi,"सोजा  भैनचोद, हर कोई नया नया चुटकुला करता रेहता हे","सोजा, हर कोई नया नया चुटकुला करता रेहता हे",MultiParaDetox,MultiParaDetox,,True
hi,Hindi,हम मादरचोद हैं क्या कर सकते है,हम डरपोक हैं हम क्या कर सकते है,MultiParaDetox,MultiParaDetox,,True
hi,Hindi,"हम लात मारकर भगाते हैं, चल भाग सुअर","हम बेइज्जत करके भगाते हैं, चल भाग",MultiParaDetox,MultiParaDetox,,True
hi,Hindi,हमारे टुकड़ों पर पलने वाले सूअर नमक हराम भडवे,हमारे टुकड़ों पर पलने वाले धोखेबाज,MultiParaDetox,MultiParaDetox,,True
hi,Hindi,हमारे देश तो ऐसे ही कह के लेंगे भेनचोद!,हमारे देश तो ऐसे ही कह के लेंगे!,MultiParaDetox,MultiParaDetox,,True
hi,Hindi,हर चैनल पर रंडी रोना मचा रखा था।,हर चैनल का माहौल खराब कर रखा था |,MultiParaDetox,MultiParaDetox,,True
hi,Hindi,हरामखोर हरामी को भगाओ अपने डिवेट से।।,इसे भगाओ अपने डिवेट से।,MultiParaDetox,MultiParaDetox,,True
hi,Hindi,हरामी उन के खिलाफ आवाज भी न उठाए?,उन के खिलाफ आवाज भी न उठाए?,MultiParaDetox,MultiParaDetox,,True
hi,Hindi,हरामी की औलाद है तू तो हराम का ही कमायेगा।,बुरा इंसान है तू तो हराम का ही कमायेगा।,MultiParaDetox,MultiParaDetox,,True
hi,Hindi,हरामी पत्रकारिता कर दलाली नहीं |,पत्रकारिता निष्पक्षता के साथ कर |,MultiParaDetox,MultiParaDetox,,True
hi,Hindi,हरामी बेहिचक दलाली भी करनी है ?,बुरे आदमी बेहिचक पक्षपात भी करनी है ?,MultiParaDetox,MultiParaDetox,,True
hi,Hindi,हरामी भाग गया मैदान छोड़ कर,वाह भाग गया मैदान छोड़ कर,MultiParaDetox,MultiParaDetox,,True
hi,Hindi,हरामी भोसड़ीके बिजली चोर हो तुम,बुरे इंसान बिजली चोर हो तुम,MultiParaDetox,MultiParaDetox,,True
hi,Hindi,हलाला की पैदाइश सूअर की औलाद तू चुप कर,बुरे व्यवहार के आदमी तू चुप कर,MultiParaDetox,MultiParaDetox,,True
uk,Ukrainian,"""Приватбанк - професійно шлемо нахуй""Подзвони їм.",Приватбанк - професійно шлемо Подзвони їм.,MultiParaDetox,MultiParaDetox,,True
uk,Ukrainian,"' бля, ти пам''ятаєш, шо мені було потім?) я мацала так пити)'","'ти пам''ятаєш, шо мені було потім?) я мацала так пити)'",MultiParaDetox,MultiParaDetox,,True
uk,Ukrainian,"' відчуваю себе говнарем, бо знаю цю пісню напам''ять'","'відчуваю себе дивно, бо знаю цю пісню напам''ять'",MultiParaDetox,MultiParaDetox,,True
uk,Ukrainian,"'Але не можу, бо то блять сім''я.'","'Але не можу, бо то сім''я.'",MultiParaDetox,MultiParaDetox,,True
uk,Ukrainian,'Збери п''ятьох мудакуватих клієнтів за день та отримай одне ввічливе приємне сонечко у подарунок!','Збери п''ятьох клієнтів за день та отримай одне ввічливе приємне сонечко у подарунок!',MultiParaDetox,MultiParaDetox,,True
uk,Ukrainian,"'Навіть не знаю, то дар чи прокляття моє вміння НІХУЯ НЕ ЗАБУВАТИ От якого, мозок, ти так підручники не запам''ятовував'","'Навіть не знаю, то дар чи прокляття моє вміння НІЧОГО НЕ ЗАБУВАТИ От якого, мозок, ти так підручники не запам''ятовував'",MultiParaDetox,MultiParaDetox,,True
uk,Ukrainian,"'Напиши тій людині ''Йди на хуй''Порада Ендрю, на любі випадкижиття'","'Напиши тій людині ''йди звідси''Порада Ендрю, на любі випадкижиття'",MultiParaDetox,MultiParaDetox,,True
uk,Ukrainian,"'П''яний друг каже: "" ніколи не трахай дівчат з економічного...""'","'П''яний друг каже: "" ніколи займайся сексом с дівчатами з економічного...""'",MultiParaDetox,MultiParaDetox,,True
uk,Ukrainian,"'Перед тим, як щось затвітити, запитай у себе: ''А може всім похую на то?'', і пам''ятай, що відповідь завжди ''Так''.'","'Перед тим, як щось затвітити, запитай у себе: ''А може всім байдуже на то?'', і пам''ятай, що відповідь завжди ''Так''.'",MultiParaDetox,MultiParaDetox,,True
uk,Ukrainian,"'Рубрика ""Всім похуй на ті всраті діалоги"":Итс соу світ вен після п''янки всі звітують, що дома.'","'Рубрика ""Всім начхати  на ті всраті діалоги"":Итс соу світ вен після п''янки всі звітують, що дома.'",MultiParaDetox,MultiParaDetox,,True
uk,Ukrainian,"'Хочу вирубити одну кончену сучку на роботі, але я не б''ю старших.'","'Злить одна людина на роботі, але я не б''ю старших'",MultiParaDetox,MultiParaDetox,,True
uk,Ukrainian,"'щойно бачила дівчину в сукні і в чоботахне в''язаних, а звичайних, осінніх, блять, чоботах'","'щойно бачила дівчину в сукні і в чоботахне в''язаних, а звичайних, осінніх, чоботах'",MultiParaDetox,MultiParaDetox,,True
uk,Ukrainian,"(Як я вже хочу приїхати, пизда просто, а ще два тижні).","(Як я вже хочу приїхати, а ще два тижні).",MultiParaDetox,MultiParaDetox,,True
uk,Ukrainian,"(Якшо якась сука, знову, не зіллє інфу)","(Якшо якась людина, знову, не зіллє інфу)",MultiParaDetox,MultiParaDetox,,True
uk,Ukrainian,- Ти бухаєш водяру і забиваєш на все болт!,'- Ти п''єш горілку і перестаєш на все реагувати',MultiParaDetox,MultiParaDetox,,True
uk,Ukrainian,"-Ну как обичьно, нахуй))))Кежуал конверсейшнс віз  )))))","-------- Ну як завжди, Кежуал конверсейшнс віз)))))",MultiParaDetox,MultiParaDetox,,True
uk,Ukrainian,"-ЦЕ ТИ МЕНЕ ЩА ЖИРНИМ ОБІЗВАЛА, ТА?!","-ЦЕ ТИ МЕНЕ ЩА ТОВСТИМ ОБІЗВАЛА, ТА?!",MultiParaDetox,MultiParaDetox,,True
uk,Ukrainian,"«Подивіться, яка я бідося, жалійте мене блять!».","«Подивіться, яка я бідося, жалійте мене!».",MultiParaDetox,MultiParaDetox,,True
uk,Ukrainian,"Є така хуйня, коли ти хочеш не побачити людину, а щоб людина побачила тебе.","Є така річ, коли ти хочеш не побачити людину, а щоб людина побачила тебе.",MultiParaDetox,MultiParaDetox,,True
uk,Ukrainian,"І бля, їхала сюди - то мала роботу.","І, їхала сюди - то мала роботу.",MultiParaDetox,MultiParaDetox,,True
uk,Ukrainian,"І блять, навколо якісь діти і вони хочу бухати і вони про це пишуть.",Навколо якісь діти і вони хочу напиватися і вони про це пишуть.,MultiParaDetox,MultiParaDetox,,True
uk,Ukrainian,І позбавляти нахуй субсидій/фіндопомоги від держави.,I позбавляти субсидій/фіндопомоги від держави.,MultiParaDetox,MultiParaDetox,,True
uk,Ukrainian,І щоб не було ще ліпше: нахуй порвані джінси,І щоб не було ще ліпше: порвані джінси,MultiParaDetox,MultiParaDetox,,True
uk,Ukrainian,Ідіть нахуй зі своїми блядськими стереотипами.,Відчепіться зі своїми стереотипами.,MultiParaDetox,MultiParaDetox,,True
uk,Ukrainian,Іноді ой як хочеться повиривати патли всім цих шлюхам!,Іноді ой як хочеться повиривати волосся всім цих жінкам легкої поведінки!,MultiParaDetox,MultiParaDetox,,True
uk,Ukrainian,"Інші просто долбайоби, бо я теж не шарю, за що ціна така.","я теж не шарю, за що ціна така.",MultiParaDetox,MultiParaDetox,,True
uk,Ukrainian,"Їбати блядєй тра від тих починаючи, що гальмують законодавчі процеси, кінчаючи судами к хуям, схоже у повному складі.","Карати  тра від тих починаючи, що гальмують законодавчі процеси, кінчаючи судами, схоже у повному складі.",MultiParaDetox,MultiParaDetox,,True
uk,Ukrainian,"А варто лиш почути тупу наркоманську фігню, ржу як коняка.","А варто лиш почути всяку наркоманську фігню, ржу як коняка.",MultiParaDetox,MultiParaDetox,,True
uk,Ukrainian,"А нахуя він, є від нього щось, окрім шкоди?","А навіщо він, є від нього щось, окрім шкоди?",MultiParaDetox,MultiParaDetox,,True
uk,Ukrainian,А от гнила людина...люди мають можливість митися...,А от така людина...люди мають можливість митися...,MultiParaDetox,MultiParaDetox,,True
uk,Ukrainian,"А при Януковичі ти, хуй, так само робив?",А при Януковичі ти так само робив?,MultiParaDetox,MultiParaDetox,,True
uk,Ukrainian,А ти блядь не бачиш скільки разів?!,А ти не бачиш скільки разів?!,MultiParaDetox,MultiParaDetox,,True
uk,Ukrainian,"А ф-зми є різні - я за той, який цю парадигму відправить нахуй","А ф-зми є різні - я за той, який цю парадигму відправить далеко",MultiParaDetox,MultiParaDetox,,True
uk,Ukrainian,"А чи не мразь ти, Дмитро?","чи не редиска ти, Дмитро?",MultiParaDetox,MultiParaDetox,,True
uk,Ukrainian,"Аби, бляді, крові не зробили, аля ""тітушки вночі напалі на 12 рєдут"".;(","Аби крові не зробили, аля ""тітушки вночі напалі на 12 рєдут"".;(",MultiParaDetox,MultiParaDetox,,True
uk,Ukrainian,Але це ж ТИИИ бля ігнориш Це обідно.,Але це ж ТИИИ ігнориш Це обідно.,MultiParaDetox,MultiParaDetox,,True
uk,Ukrainian,Антикорупціонєр – це коли в жопу за $ дає.,Антикорупціонєр – це коли продаєтся за гроші.,MultiParaDetox,MultiParaDetox,,True
uk,Ukrainian,"Апятьдвадцатьпять, курва)) ну але так уж бить, мені не звикати)",'А п''ять двадцять п''ять)) ну не так вже бити мене не звикати)',MultiParaDetox,MultiParaDetox,,True
uk,Ukrainian,"Ахахах бляя, уявив собі це",Ахахах уявив собі це,MultiParaDetox,MultiParaDetox,,True
uk,Ukrainian,"Ахахах, єбать, добре, шо не поступав туди#КНЕУ_топчік","Ахахах добре, шо не поступав туди#КНЕУ_топчік",MultiParaDetox,MultiParaDetox,,True
uk,Ukrainian,"Бандіти, написав в бложик, про те як мусарку вогнеметами озброїли.","Бандіти, написав в бложик, про те як поліцейських вогнеметами озброїли.",MultiParaDetox,MultiParaDetox,,True
uk,Ukrainian,Батюшка сказав шо митрополит-це наш пастир до Спасіння а митрополітен-це якась хуйня з рельсами яка веде у Теремки,Батюшка сказав шо митрополит це наш пастир до спасіння а метрополітен це якась штука з рельсами яка веде у теремки,MultiParaDetox,MultiParaDetox,,True
uk,Ukrainian,Бля ця херея ще й двигається,ця штука й двигається,MultiParaDetox,MultiParaDetox,,True
uk,Ukrainian,"Бля, мене той сімл бісить.",Мене той сімл бісить.,MultiParaDetox,MultiParaDetox,,True
uk,Ukrainian,"Блядь, сука, вибішує нахуй ця хуйня.",чорт вибішує ця річ.,MultiParaDetox,MultiParaDetox,,True
uk,Ukrainian,"Блядь, то кімнати в сусідньому гуртожитку...",то кімнати в сусідньому гуртожитку...,MultiParaDetox,MultiParaDetox,,True
uk,Ukrainian,"Блядь, у мене відчуття, що я ревную геть усіх.","у мене відчуття, що я ревную геть усіх.",MultiParaDetox,MultiParaDetox,,True
uk,Ukrainian,"Блять, я ненавиджу своє їбуче тіло, сам факт свого існування.","Я ненавиджу своє тіло, сам факт свого існування.",MultiParaDetox,MultiParaDetox,,True
uk,Ukrainian,"Блять, я що весь час телік носив з собою і робив хуйню?",я що весь час телік носив з собою і робив казна-що?,MultiParaDetox,MultiParaDetox,,True
uk,Ukrainian,"Бляха, нахєра ми це зробили?",навіщо ми це зробили?,MultiParaDetox,MultiParaDetox,,True
uk,Ukrainian,Бо вам то не подобається.та блять.,Бо вам то не подобається.та блін.,MultiParaDetox,MultiParaDetox,,True
uk,Ukrainian,"Бо пити його разом з алко дуже хуйова ідея, перевірено","Бо пити його разом з алко дуже погана ідея, перевірено",MultiParaDetox,MultiParaDetox,,True
uk,Ukrainian,"Боже блять, нарешті хтось про CCR сказав.","Боже, нарешті хтось про ССR сказав",MultiParaDetox,MultiParaDetox,,True
uk,Ukrainian,"Буває, читаєш шось і думаєш про себе ""Ну що за хуйня?","Буває, читаєш шось і думаєш про себе ""Ну що за нісенітниця?",MultiParaDetox,MultiParaDetox,,True
uk,Ukrainian,Бути тупим уїбаном саме по собі не є поганою рисою.,Бути поганою людиною саме по собі не є поганою рисою.,MultiParaDetox,MultiParaDetox,,True
uk,Ukrainian,В коридорі готелю вже годину голосно пиздять люди.,В коридорі готелю вже годину голосно тараторять люди.,MultiParaDetox,MultiParaDetox,,True
uk,Ukrainian,"В чому ваша, сука, проблема?","В чому ваша, проблема?",MultiParaDetox,MultiParaDetox,,True
uk,Ukrainian,"Вам шо, феміністка хуй відгризла?","Вам що, феміністка дорогу перейшла",MultiParaDetox,MultiParaDetox,,True
uk,Ukrainian,Вангую прапори новоросій чи іншого роду провокативні хуйні на трибунах,Вангую прапори новоросій чи іншого роду провокативні речі на трибунах,MultiParaDetox,MultiParaDetox,,True
uk,Ukrainian,"Ваулюдина, угуДякую за настрій, бляха","Ваулюдина, угуДякую за настрій",MultiParaDetox,MultiParaDetox,,True
uk,Ukrainian,"Ви заїбали підміняти поняття, люмпенота.",Ви набридли підміняти поняття,MultiParaDetox,MultiParaDetox,,True
uk,Ukrainian,"Ви хоч раз слухали хуйню, яку він несе?",Ви хоч раз слухали що він каже?,MultiParaDetox,MultiParaDetox,,True
uk,Ukrainian,"Ви, блять, за пару годин і не згадаєте кому це писали, нащо цей цирк?","Ви за пару годин і не згадаєте кому це писали, нащо цей цирк?",MultiParaDetox,MultiParaDetox,,True
uk,Ukrainian,"Вкотре переконуюсь, шо я думаю піздою, а не мозком, блять","Ще раз переконуюсь, що я думаю чимось, а не мозком",MultiParaDetox,MultiParaDetox,,True
uk,Ukrainian,Вміння кормити хуями арт спільноту,Вміння дурити арт спільноту,MultiParaDetox,MultiParaDetox,,True
uk,Ukrainian,Вобщєм псіхану і піду на вокзал зустріну їїІ паєбать,Вобщєм псіхану і піду на вокзал зустріну їїІ все одно,MultiParaDetox,MultiParaDetox,,True
uk,Ukrainian,"Воно настільки убоге, що навіть я, яка давно відверто називає Фреймут бляддю, не маю що сказати.","Воно на стільки просте, що навіть я, яка давно відверто називає Фреймут поганою, не маю що сказати",MultiParaDetox,MultiParaDetox,,True
uk,Ukrainian,"Все блять, привіт пенсіонерський відпочинок: сходила в замок, погуляла набережною, випила, тепер наступні дві доби хочу просто проспати в номері.","привіт пенсіонерський відпочинок: сходила в замок, погуляла набережною, випила, тепер наступні дві доби хочу просто проспати в номері.",MultiParaDetox,MultiParaDetox,,True
uk,Ukrainian,"Все одно він мудак, бо не пише)","Все одно він негідник, бо не пише",MultiParaDetox,MultiParaDetox,,True
uk,Ukrainian,"Всесвіт вчить мене забивати хуй на тих, хто забиває його на мене, а я ніяк не вивчу урок...","Всесвіт вчить мене забивати на тих, хто забиває на мене, а я ніяк не вивчу урок...",MultiParaDetox,MultiParaDetox,,True
uk,Ukrainian,"Всі бляха такі таємничі, шо піздєц.",Всі такі таємничі,MultiParaDetox,MultiParaDetox,,True
uk,Ukrainian,Всі збиратимутися та дрочитимуть на твої фоточки.,Всі збиратимутися та вонанувати на твої фоточки.,MultiParaDetox,MultiParaDetox,,True
uk,Ukrainian,"Відчуття, ніби все тіло ногами пиздили.","Відчуття, ніби все тіло ногами били",MultiParaDetox,MultiParaDetox,,True
uk,Ukrainian,Він вміє срати мимо лотка і гарантовано не допускати олігархічного беззаконня.,Він вміє гадити мимо лотка і гарантовано не допускати олігархічного беззаконня.,MultiParaDetox,MultiParaDetox,,True
uk,Ukrainian,"Він потім думає, ну і в пизду не дуже то і хотілось їсти.","Він потім думає, ну і не дуже то і хотілось їсти.",MultiParaDetox,MultiParaDetox,,True
uk,Ukrainian,Гоголь хоче всіх волонтерів фул-тайм і щоб всі фоткали афіші (шо за хуйня з афішами?) і набрали 300 людей (!).,Гоголь хоче всіх волонтерів фул-тайм і щоб всі фоткали афіші (шо за маячня афішами?) і набрали 300 людей (!).,MultiParaDetox,MultiParaDetox,,True
uk,Ukrainian,"Давно на землю спустився демон, який захотів змучити людство та придумав він, блять, переїзди.","Давно на землю спустився демон, який захотів змучити людство та придумав він переїзди.",MultiParaDetox,MultiParaDetox,,True
uk,Ukrainian,Де вона зараз – хуй знає,Де вона зараз – ніхто не знає,MultiParaDetox,MultiParaDetox,,True
uk,Ukrainian,"Де гарантія, шо цей підор не натворить хуйні і після смерті?","Де гарантія, шо цей людина  не натворить дурість і після смерті?",MultiParaDetox,MultiParaDetox,,True
uk,Ukrainian,Дивна срань відбувається в моєму житті.,Дивні події відбуваються в моєму житті,MultiParaDetox,MultiParaDetox,,True
uk,Ukrainian,"Для всіх хто вважає, що я, блять, забагато матюкаюся наступна цитата:","Для всіх хто вважає, що я забагато матюкаюся наступна цитата:",MultiParaDetox,MultiParaDetox,,True
uk,Ukrainian,"До деяких людей не виникає інших питань, окрім ""Ти блять уже родився таким мудаком?"".","До деяких людей не виникає інших питань, окрім ""Ти уже родився таким?"".",MultiParaDetox,MultiParaDetox,,True
uk,Ukrainian,Дуже хочу написати щось дуже розумне  але хуй його знає що...,Дуже хочу написати щось дуже розумне  але хто його знає що...,MultiParaDetox,MultiParaDetox,,True
uk,Ukrainian,"Дякую всім, хто тримав кулаки, але співбесіда нє удалась і мене послали нахєр.","Дякую всім, хто підтримував мене, але співбесіда пройшла погано",MultiParaDetox,MultiParaDetox,,True
uk,Ukrainian,"Життя хуйня, ми безмежно самотні, тому піду пекти піцу.","Життя фігня, ми безмежно самотні, тому піду пекти піцу.",MultiParaDetox,MultiParaDetox,,True
uk,Ukrainian,"Завжди хотіла бути коханкою, а не дружиною, бо їх просто трахають і все.","Завжди хотіла бути коханкою, а не дружиною, бо з ними просто злягаються і все.",MultiParaDetox,MultiParaDetox,,True
uk,Ukrainian,"Зараз,бляха-муха,закурю....грьобаний футбол,тримай себе в руках,Міла!","Зараз закурю... поганий футбол, тримай себе в руках, Міла",MultiParaDetox,MultiParaDetox,,True
uk,Ukrainian,"Заходжу я в твітор, а тут Лєщєнко пиздить.","Заходжу я в твітор, а тут Лєщєнко каже.",MultiParaDetox,MultiParaDetox,,True
uk,Ukrainian,"Здатність говорити - це просто найнепотрібніша хуйня, дана мені.","Здатність говорити - це просто найнепотрібніша рiч, дана мені.",MultiParaDetox,MultiParaDetox,,True
uk,Ukrainian,Здається когось вже пора впиздити.,Здається комусь вже пора надавати.,MultiParaDetox,MultiParaDetox,,True
uk,Ukrainian,Йди на хуй під силу,Йди геть під силу,MultiParaDetox,MultiParaDetox,,True
uk,Ukrainian,Йобана тупа мразота зіпсувала мені рейтинг на роботі.,Одна не добра людина зіпсувала мені рейтинг на роботі.,MultiParaDetox,MultiParaDetox,,True
uk,Ukrainian,"КекНу типу пиздиті ніачом то і в житті не важкоНо я колись теж напастой мовчав, тому шарю тебе","КекНу типу бреше ніачом то і в житті не важкоНо я колись теж напастой мовчав, тому шарю тебе",MultiParaDetox,MultiParaDetox,,True
uk,Ukrainian,"Кидайте цю милоту будь якому руснявому гівну, що почне патякати за те як на Сколєнії жить харашо.","Кидайте цю милоту будь якому російському , що почне говорити за те як на Сколєнії жить харашо.",MultiParaDetox,MultiParaDetox,,True
uk,Ukrainian,Кидає фотку в платті і каже - диви яка в мене тут жопа!,'Кидає фотку в платті і каже - диви яка в мене тут п''ята точка!',MultiParaDetox,MultiParaDetox,,True
uk,Ukrainian,Коли наїбала самого Бога Долею.,Коли надурила самого Бога Долею.,MultiParaDetox,MultiParaDetox,,True
uk,Ukrainian,Коли ти дуже жостко підйобуєш Настю,Коли ти дуже жостко глузуєшь над Настєю,MultiParaDetox,MultiParaDetox,,True
uk,Ukrainian,Кольорова печать на звичайному папері 10 гривень блятьІдіть нахуй,Кольорова печать на звичайному папері 10 гривень Ідіть,MultiParaDetox,MultiParaDetox,,True
uk,Ukrainian,"Краще здохнути, ніж визнати, що всрався.","Краще померти, ніж визнати, що помилився.",MultiParaDetox,MultiParaDetox,,True
uk,Ukrainian,Краще так ніж твітити дохуя всьякого шлаку,Краще так ніж твітити багато всякої непотрібної інформації,MultiParaDetox,MultiParaDetox,,True
uk,Ukrainian,"Люди кажуть, що всім похуй на них.","Люди кажуть, що всім всеодно на них.",MultiParaDetox,MultiParaDetox,,True
uk,Ukrainian,"Лєна, краще мене кашею годуй, ніж піздюка.","Лєна, краще мене кашею годуй, ніж того хлопця.",MultiParaDetox,MultiParaDetox,,True
uk,Ukrainian,"Лєра, вітаю, ти похерила найбільш невибагливу рослину.","Лєра, вітаю, ти испортила найбільш невибагливу рослину.",MultiParaDetox,MultiParaDetox,,True
uk,Ukrainian,Мандєц блядьЧо ж так смєшно з цього?,Чого ж так смішно з цього?,MultiParaDetox,MultiParaDetox,,True
uk,Ukrainian,Мау хай йдуть в жопу,Мау хай йдутьу куди подалі,MultiParaDetox,MultiParaDetox,,True
uk,Ukrainian,"Мене зараз закидають гнилими хуями, але Скарлет Йохансон","Мене зараз закидають тухлими помідорами, але Скарлет Йохансон",MultiParaDetox,MultiParaDetox,,True
uk,Ukrainian,"Мені дохуя французької, а єбав, бо усний:з","Мені багато французької, а манав, бо усний",MultiParaDetox,MultiParaDetox,,True
uk,Ukrainian,Можна я перестану буть такою як я є ало мені має буть похуй а чьото не похуй,Можна я перестану буть такою як я є ало мені має буть байдуже а чьото не байдуже,MultiParaDetox,MultiParaDetox,,True
uk,Ukrainian,"Можу допомогти, все рівно хуйї штурхаю","Можу допомогти, все рівно нічим не займаюсь",MultiParaDetox,MultiParaDetox,,True
uk,Ukrainian,Моє побажання на 2014-ий: хай би всі мудаки залишились в 2013-му.,Моє побажання на 2014-ий: хай би всі погані люди залишились в 2013-му.,MultiParaDetox,MultiParaDetox,,True
uk,Ukrainian,Мужик що проходив мимо зацінив мою сраку.,Мужик що проходив мимо зацінив мою попу.,MultiParaDetox,MultiParaDetox,,True
uk,Ukrainian,"Мій ентузіазм підриває погане самопочуття, чорт.",Мій ентузіазм підриває погане самопочуття,MultiParaDetox,MultiParaDetox,,True
uk,Ukrainian,На Вашу візову заяву в Консульстві положили хуй і дуже довго сміялися,На Вашу візову заяву в Консульстві забули і дуже довго сміялися,MultiParaDetox,MultiParaDetox,,True
uk,Ukrainian,"На запах яблучних млинчиків прибіг сусід: ""бля, тебе нарешті хтось візьме заміж і забере звідси к чортовій матері?""","На запах яблучних млинчиків прибіг сусід: "", тебе нарешті хтось візьме заміж і забере звідси?""",MultiParaDetox,MultiParaDetox,,True
uk,Ukrainian,На кожен пездець є свій похуй.,На кожен капець є своє все одно.,MultiParaDetox,MultiParaDetox,,True
uk,Ukrainian,На колір та смак товариш не всякДля когось і Хакслі - хуйовий автор,На колір та смак товариш не всяк для когось і хакслі- поганий автор,MultiParaDetox,MultiParaDetox,,True
uk,Ukrainian,"Навчись сам собі готувати, мудак","Навчись сам собі готувати, хлопець",MultiParaDetox,MultiParaDetox,,True
uk,Ukrainian,Надіюсь вся ця хуйня котра весь тиждень вставала між нами і одесою не була ужасающим попередженням мірозданія,Сподіваюся вся ця ситуація яка весь тиждень вставала між нами і Одесою не була жахливим попередженням світобудови,MultiParaDetox,MultiParaDetox,,True
uk,Ukrainian,"Нахуй ти палиш, ну бля","нащо ти палиш, ну блин",MultiParaDetox,MultiParaDetox,,True
uk,Ukrainian,Нахуя я це вчу блять?,навiщо я це вчу?,MultiParaDetox,MultiParaDetox,,True
uk,Ukrainian,"Не блядство, а «високий рівень соціосексуальної орієнтації»","Не розпуста, а «високий рівень соціосексуальної орієнтації»",MultiParaDetox,MultiParaDetox,,True
uk,Ukrainian,Не дадуть людям спокійно пизди еее бороти корупцію!11,Не дадуть людям спокійно розгону её бороти корупцію,MultiParaDetox,MultiParaDetox,,True
uk,Ukrainian,Не розумію чим я заслужила цю хуйову карму останнім часом,Не розумiю чим я заслужила цю карму останнiм часом,MultiParaDetox,MultiParaDetox,,True
uk,Ukrainian,Нема онлайн - трахає шлюх.,Нема онлайн,MultiParaDetox,MultiParaDetox,,True
uk,Ukrainian,Нехуй мені розповідати за бєдних лікарів & призваніє.,Не треба мені розповідати за бєдних лікарів & призваніє.,MultiParaDetox,MultiParaDetox,,True
uk,Ukrainian,Новий говнотєрцєц - директор Россотруднічєства Воробйов.,Новий тєрцєц - директор Россотруднічєства Воробйов.,MultiParaDetox,MultiParaDetox,,True
uk,Ukrainian,"Ну блять, давайте вже про імпотенцію та рак, так нецікаво.","Ну, давайте вже про імпотенцію та рак, так нецікаво.",MultiParaDetox,MultiParaDetox,,True
uk,Ukrainian,"Ну бляха, як воно звучить","Ну блін, як воно звучить",MultiParaDetox,MultiParaDetox,,True
uk,Ukrainian,Ну вас нахєр з вашою політикою.,Ну вас з вашою політикою.,MultiParaDetox,MultiParaDetox,,True
uk,Ukrainian,Ну вот сучка прямо як у мене),Ну вот прямо як у мене),MultiParaDetox,MultiParaDetox,,True
uk,Ukrainian,"Ну нахуй, мудаки і є мудаки","Ну, погані і є погані",MultiParaDetox,MultiParaDetox,,True
uk,Ukrainian,Ну окЯ хуйова людина по факту і всьо,Ну окЯ погана людина по факту і всьо,MultiParaDetox,MultiParaDetox,,True
uk,Ukrainian,Ну чьо Михасику не отримаєш ти того що ти блядь хочеш...,Ну чьо Михасику не отримаєш ти того що ти хочеш...,MultiParaDetox,MultiParaDetox,,True
uk,Ukrainian,Ну і де блять то #покращення?,Ну і де ж то покращення,MultiParaDetox,MultiParaDetox,,True
uk,Ukrainian,Ну і йти до сраки,Ну і йти  далеко,MultiParaDetox,MultiParaDetox,,True
uk,Ukrainian,Ну і хуй з тим брезентом),Ну його з тим брезентом),MultiParaDetox,MultiParaDetox,,True
uk,Ukrainian,НєБо у вас хуйовий гуртожиток,НєБо у вас  поганий гуртожиток,MultiParaDetox,MultiParaDetox,,True
uk,Ukrainian,"Ні, та хуйня на однокласниках залишалась)","Ні, та  на однокласниках залишалась)",MultiParaDetox,MultiParaDetox,,True
uk,Ukrainian,"Нікому, блять, навіть пожалітися не можна!",Нікому навіть пожалітися не можна!,MultiParaDetox,MultiParaDetox,,True
uk,Ukrainian,Ніхуя блять з неї нікуди не їде.,Нічого з неї нікуди не їде,MultiParaDetox,MultiParaDetox,,True
uk,Ukrainian,"Нічого осбливого, просто новий пляж в Тернополі*АХУЄТЬ БЛЯТЬ*","Нічого осбливого, просто новий пляж в Тернополі*НЕЙМОВIРНО*",MultiParaDetox,MultiParaDetox,,True
uk,Ukrainian,"Одного разу зробивши хуйню, ти раз-у-раз думаєш над черговою.","Одного разу зробивши фiгню, ти раз-у-раз думаєш над черговою.",MultiParaDetox,MultiParaDetox,,True
uk,Ukrainian,"От би монетизувати своє почуття сорому за хуйню, котру роблять інші.",От би монетизувати своє почуття сорому за те шо роблять інші.,MultiParaDetox,MultiParaDetox,,True
uk,Ukrainian,"От нахуя мене зайобувати з самого ранку, а???","Ось навіщо мене діставати з самого ранку, а???",MultiParaDetox,MultiParaDetox,,True
uk,Ukrainian,"Отак не встиг зафоловити людину, як вона почала писати хуйню.","Отак не встиг зафоловити людину, як вона почала писати нісенітницю.",MultiParaDetox,MultiParaDetox,,True
uk,Ukrainian,"Отримала нині міні-інфаркт, бо думала, що він мені нахуй дзеркало знесе.","Отримала нині міні-інфаркт, бо думала, що він мені  дзеркало знесе.",MultiParaDetox,MultiParaDetox,,True
uk,Ukrainian,"Ох ти ж блін, я й не бачила, шо вже так пізно.","я й не бачила, шо вже так пізно.",MultiParaDetox,MultiParaDetox,,True
uk,Ukrainian,"Ох ці баби, котрі всерйоз думають, що комусь не похуй на все, що відбувається в їхньому житті.","Ох ці жінки, котрі всерйоз думають, що комусь не байдуже на все, що відбувається в їхньому житті.",MultiParaDetox,MultiParaDetox,,True
uk,Ukrainian,"Охуєнні мапи Польщі, мої улюблені про туризм, найбільш небезпечних тварин і ландшафт.","Крутi мапи Польщі, мої улюблені про туризм, найбільш небезпечних тварин і ландшафт.",MultiParaDetox,MultiParaDetox,,True
uk,Ukrainian,"Очевидно, бог чистоти приготував, щоб пиздити мене, бо не прибираю.","Очевидно, бог чистоти приготував, щоб покарати мене, бо не прибираю.",MultiParaDetox,MultiParaDetox,,True
uk,Ukrainian,"Очікуєш на щось гідне, а в результаті отримуєш типову хуйню","Очікуєш на щось гідне, а в результаті отримуєш щось погане",MultiParaDetox,MultiParaDetox,,True
uk,Ukrainian,Плач піздюків - це ідеальна зброя.,Плач детей - це ідеальна зброя.,MultiParaDetox,MultiParaDetox,,True
uk,Ukrainian,"Подзвонили всі возможні родичі, сусіди стукаюсь блять, шось таскають там я єбу, брат 100500 раз зайшов в комнату ну блеееет","Подзвонили всі возможні родичі, сусіди стукаюсь, щось таскають там , брат 100500 раз зайшов в кімнату",MultiParaDetox,MultiParaDetox,,True
uk,Ukrainian,"Пора слухати величну симфонію *Ну його нахуй*, а завершувати увертюрою *Пєздєц* до симфонії *Життя*.","Пора слухати величну симфонію *Ну його в баню*, а завершувати увертюрою *капець* до симфонії *Життя*",MultiParaDetox,MultiParaDetox,,True
uk,Ukrainian,Почуваю себе тупим дебілом :(,Почуваю себе тупим :(,MultiParaDetox,MultiParaDetox,,True
uk,Ukrainian,"Прогулянка обіцяє бути цікавою після фрази: ""Хочеш покажу глиняну пизду??)""","Прогулянка обіцяє бути цікавою після фрази: ""Хочеш покажу глиняну геніталію??)""",MultiParaDetox,MultiParaDetox,,True
uk,Ukrainian,"Підйоб, над яким не гріх поплакати.","Жарт, над яким не гріх поплакати.",MultiParaDetox,MultiParaDetox,,True
uk,Ukrainian,"Підйом, курво, Arbeit macht frei","Підйом, Arbeit macht frei",MultiParaDetox,MultiParaDetox,,True
uk,Ukrainian,Пісня про сесію:зззНа відміну від–Ну його на хуй :з,Пісня про сесію:зззНа відміну від–так ну його :з,MultiParaDetox,MultiParaDetox,,True
uk,Ukrainian,"Ранок почався з мамчиних нарікань на Укргазбанк:— бляцький Укргаз, уроди...— и тебе хорошего дня","Ранок почався з мамчиних нарікань на укргазбанк-поганий укргаз, негарні- и тебе хорошего дня",MultiParaDetox,MultiParaDetox,,True
uk,Ukrainian,"Розхуячила палець, намагаючись розбити варене яйце кістяшками.","поранивши палець, намагаючись розбити варене яйце кістяшками.",MultiParaDetox,MultiParaDetox,,True
uk,Ukrainian,Саме тому збирай манатки і пиздуй до них,Саме тому збирай  речі і йди до них,MultiParaDetox,MultiParaDetox,,True
uk,Ukrainian,"Сміх сміхом, а пизда горіхои","Сміх сміхом, а попа горіхом",MultiParaDetox,MultiParaDetox,,True
uk,Ukrainian,"Сука, йобаний твіттер - капуста підгоріла ._.",Через твіттер  капуста підгоріла ._.,MultiParaDetox,MultiParaDetox,,True
uk,Ukrainian,"Сука, я ніхуя не встигну перекласти ці йобані тексти за 2 дні.",я нічого не встигну перекласти ці тексти за 2 дні.,MultiParaDetox,MultiParaDetox,,True
uk,Ukrainian,"Сука, який же ж ахуєнний деньТреба мені частіше вихідні брати","Боже, який же чудовий день Треба мені частіше вихідні брати",MultiParaDetox,MultiParaDetox,,True
uk,Ukrainian,Схуялі ти пишеш твіти з моєю картинкою?,навіщо ти пишеш твіти з моєю картинкою?,MultiParaDetox,MultiParaDetox,,True
uk,Ukrainian,"Сьогодні у нас, блядь, челендж розбуди Юляну?!","Сьогодні у нас, челендж розбуди Юляну?!",MultiParaDetox,MultiParaDetox,,True
uk,Ukrainian,Та блять тисніть свої тупі кнопки!,Та  тисніть вже свої кнопки!,MultiParaDetox,MultiParaDetox,,True
uk,Ukrainian,Та задовбали вже своїми піКардами.,Та дістали вже своїми піКардами.,MultiParaDetox,MultiParaDetox,,True
uk,Ukrainian,"Та нахуй ти мені впав, скотина ти така)))",Та навіщо ти мені потрібен,MultiParaDetox,MultiParaDetox,,True
uk,Ukrainian,"Та нахєр блядь то всьо, всі сука сцять бути відповідальним і накатати ту заяву до ректора.","Та навищо то всьо, всі боятся бути відповідальним і накатати ту заяву до ректора.",MultiParaDetox,MultiParaDetox,,True
uk,Ukrainian,"Та ну нахуй, це ж там підписувати бумажку треба, лінь.","Та ну нє, це ж там підписувати бумажку треба, лінь.",MultiParaDetox,MultiParaDetox,,True
uk,Ukrainian,"Та ну сука лізуть і лізуть, є взагалі якісь межі цього шапіто???","Та ну лізуть і лізуть, є взагалі якісь межі цього шапіто???",MultiParaDetox,MultiParaDetox,,True
uk,Ukrainian,Та сукк пиздую з сльозами на очах,Та іду з сльозами на очах,MultiParaDetox,MultiParaDetox,,True
uk,Ukrainian,Так хочеться простого людського щоб до крові відпиздили по дупі.,"Так хочеться простого людського, щоб дуже побили по попі.",MultiParaDetox,MultiParaDetox,,True
uk,Ukrainian,"Так, сука, не здумай тільки стригтись","Так, не здумай тільки стригтись",MultiParaDetox,MultiParaDetox,,True
uk,Ukrainian,"Таке враження, шо в росії не вміють норм трахатись.","Таке враження, шо в росії не вміють норм кохатися.",MultiParaDetox,MultiParaDetox,,True
uk,Ukrainian,"Тварини нас не люблять, йопт",Тварини нас не люблять,MultiParaDetox,MultiParaDetox,,True
uk,Ukrainian,Ти пизда як зміниласьДо того ти була ще терпимоюА зараз на кожному кроці хочеться тобі вєбати,Ти сильно як зміниласьДо того ти була ще терпимоюА зараз на кожному кроці хочеться тебе вдарити,MultiParaDetox,MultiParaDetox,,True
uk,Ukrainian,"Ти чо, ахурмєл так базаріть, дядя?","Ти чо взагалi так казати, дядя?",MultiParaDetox,MultiParaDetox,,True
uk,Ukrainian,"Ти шо, коронне ""не трахай мізки"" до всього застосовують","Ти шо, коронне ""не насилуй мізки"" до всього застосовують",MultiParaDetox,MultiParaDetox,,True
uk,Ukrainian,Тинка ходи на Jazz fest і вино післяЖінку свою веди блять.,Тинка ходи на Jazz fest і вино післяЖінку свою веди.,MultiParaDetox,MultiParaDetox,,True
uk,Ukrainian,"То блять роби щось, жінко.","То роби щось, жінко",MultiParaDetox,MultiParaDetox,,True
uk,Ukrainian,Толстой блядь воістіну великий фікрайтер,Толстой воістіну великий фікрайтер,MultiParaDetox,MultiParaDetox,,True
uk,Ukrainian,Тому доводиться вмикати режим хитрожопість.,Тому доводиться вмикати режим хитрощів.,MultiParaDetox,MultiParaDetox,,True
uk,Ukrainian,Точно не мої їбануті сусіди.,Точно не моi сусiди.,MultiParaDetox,MultiParaDetox,,True
uk,Ukrainian,"Треба було відос знімати, блять.",Треба було відео знімати,MultiParaDetox,MultiParaDetox,,True
uk,Ukrainian,"Тільки підпишешся на якусь цікаву людину, а вона одразу перестає твітити, знаходить собі мужика, товстіє чи починає постити хуйню.","Тільки підпишешся на якусь цікаву людину, а вона одразу перестає твітити, знаходить собі мужика, товстіє чи починає постити нісенітницю.",MultiParaDetox,MultiParaDetox,,True
uk,Ukrainian,"Тільки раптом що, це їсти треба, а не на пизду намазувати","Тільки раптом що це їсти треба, а не намазувати кудись",MultiParaDetox,MultiParaDetox,,True
uk,Ukrainian,"Хеппі бьоздей, щось ніхуя не хеппі.","Хеппі бьоздей, щось зовсім не хеппі.",MultiParaDetox,MultiParaDetox,,True
uk,Ukrainian,Хороші спогади - це та ще хуйня.,Хороші спогади - це та ще штука.,MultiParaDetox,MultiParaDetox,,True
uk,Ukrainian,"Хотіла б бути твоєю сестрою, щоб завжди мати можливість тебе трахати.","Хотіла б бути твоєю сестрою, щоб завжди мати можливість тебе кохати.",MultiParaDetox,MultiParaDetox,,True
uk,Ukrainian,"Хоча насправді похуй, просто не було чим, а його щітка й справді чистить в важкодоступних місцях.","Хоча насправді байдуже, просто не було чим, а його щітка й справді чистить в важкодоступних місцях.",MultiParaDetox,MultiParaDetox,,True
uk,Ukrainian,"Хочеш бути потрібним @ усім на тебе похуй @ люди дивуються ""А шо ж це ти такий злий?"".","Хочеш бути потрібним @ усім на тебе байдуже@ люди дивуються ""А шо ж це ти такий злий?""",MultiParaDetox,MultiParaDetox,,True
uk,Ukrainian,"Хочеш все встигнути? канєха даааа, проспи всьо нахуй:З","Хочеш все встигнути? канєха даааа, проспи всьо нафіг:З",MultiParaDetox,MultiParaDetox,,True
uk,Ukrainian,"Хочу постити депресивну хуйню в інст, але там забагато знайомих","Хочу постити депресивну дурниці в інст, але там забагато знайомих",MultiParaDetox,MultiParaDetox,,True
uk,Ukrainian,"Хтіли ""паставіть падножку Порошєнка"", а вийшло дати в жопу тіко.","Хтіли ""паставіть падножку Порошєнка"", а вийшло наоборот тільки.",MultiParaDetox,MultiParaDetox,,True
uk,Ukrainian,"Хуй там, хіба шо поблажку і замість вовчиці - Ніно","Ні, хіба шо поблажку і замість вовчиці - Ніно",MultiParaDetox,MultiParaDetox,,True
uk,Ukrainian,Хєрак нада шось придумати годне хєрак похуй і так зайде,Бамс нада шось придумати годне бамс добре і так зайде,MultiParaDetox,MultiParaDetox,,True
uk,Ukrainian,"Це ж наче така хуєта, але від неї паскудно до смерті.","Це ж наче таке, але від неї паскудно до смерті.",MultiParaDetox,MultiParaDetox,,True
uk,Ukrainian,"Це не лєві) а тітка, яка сама ніхуя толком не прожила.","Це не лєві) а тітка, яка сама нічого толком не прожила.",MultiParaDetox,MultiParaDetox,,True
uk,Ukrainian,Цей блядський кондиціонер - гомофоб!,Цей кондиціонер - гомофоб!,MultiParaDetox,MultiParaDetox,,True
uk,Ukrainian,"Ця спека думає, шо змусить мене вдіти майку з шортами, але хуй там пєл.","Ця спека думає, шо змусить мене вдіти майку з шортами, але ні вже.",MultiParaDetox,MultiParaDetox,,True
uk,Ukrainian,"Чемпіоном він хоче бути, ага, бля.","Чемпіоном він хоче бути, ага",MultiParaDetox,MultiParaDetox,,True
uk,Ukrainian,"Шо за хуйня? - сказав я, уважно підбираючи слова.","Шо за нісенітниця? - сказав я, уважно підбираючи слова.",MultiParaDetox,MultiParaDetox,,True
uk,Ukrainian,"Шоб я не робила, все якось через жопу.","Шоб я не робила, всё якось через останнє місце",MultiParaDetox,MultiParaDetox,,True
uk,Ukrainian,"Щас роздінусь і піду голою, і похуй.","Щас роздінусь і піду голою, і всеодно.",MultiParaDetox,MultiParaDetox,,True
uk,Ukrainian,Що блять за расистський твіттер сьогодні,Що  за расистський твіттер сьогодн,MultiParaDetox,MultiParaDetox,,True
uk,Ukrainian,Що це за акція хворих органів оптом блять?,Що це за акція хворих органів оптом?,MultiParaDetox,MultiParaDetox,,True
uk,Ukrainian,"Я блять третій день в хаті, а звалити звідси хочеться ВЖЕ І НЕГАЙНО.","Я третій день в хаті, а втікти  звідси хочеться ВЖЕ І НЕГАЙНО.",MultiParaDetox,MultiParaDetox,,True
uk,Ukrainian,Я ж не залупа якась,Я ж не поганаа якась,MultiParaDetox,MultiParaDetox,,True
uk,Ukrainian,"Я зара вшарила, що я дуже долбайоб.","Я зара вшарила, що я дуже не розумна.",MultiParaDetox,MultiParaDetox,,True
uk,Ukrainian,Я можу придумувати їбануті програми для СТБ.,Я можу придумувати дивні програми для СТБ.,MultiParaDetox,MultiParaDetox,,True
uk,Ukrainian,Я можу їбанути по попі))))...,Я можу шльопнути по попі))))...,MultiParaDetox,MultiParaDetox,,True
uk,Ukrainian,"Я не зла, але скоро буду бити вікна так припаркованим мудакам","Я не зла, але скоро буду бити вікна так припаркованим",MultiParaDetox,MultiParaDetox,,True
uk,Ukrainian,"Я не я, якщо не пошлю на хуй","Я не я, якщо не пошлю в баню",MultiParaDetox,MultiParaDetox,,True
uk,Ukrainian,"Я просто маленька дівчинка, котра хоче тортик, обіймів і хуярити ворогів наточеною сокирою.","Я просто маленька дівчинка, котра хоче тортик, обіймів і  покарати ворогів.",MultiParaDetox,MultiParaDetox,,True
uk,Ukrainian,"Я хуй його знає, одного мене вже прикачала та кроватка-бук у стрічці?","Я а хто його знає, одного мене вже прикачала та кроватка-бук у стрічці?",MultiParaDetox,MultiParaDetox,,True
uk,Ukrainian,Я і щас нахуй здався?,Я і щас навіщо здався?,MultiParaDetox,MultiParaDetox,,True
uk,Ukrainian,"Я: Рєбзь, може суші візьмем?","Я: Рєбзь, може суші візьмем?",MultiParaDetox,MultiParaDetox,,True
uk,Ukrainian,"Як воно, схоже  бляді на ваші ""незаангажовані"" опитування?","Як воно, схоже на ваші ""незаангажовані"" опитування?",MultiParaDetox,MultiParaDetox,,True
uk,Ukrainian,"Як перестати хотіти трахнути все, що рухається?",Як перестати хотіти все що рухається,MultiParaDetox,MultiParaDetox,,True
uk,Ukrainian,Яка була курва матиТака ж курва дочка!,Яка була мати така ж і дочка,MultiParaDetox,MultiParaDetox,,True
uk,Ukrainian,"Яка різниця, хто ти за дипломом, якщо по життю ти хуй.","яка різниця хто ти за дипломом,  якщо ти не хороша людина",MultiParaDetox,MultiParaDetox,,True
uk,Ukrainian,Якого хуя мене тьотьою назвали?,Чому мене тьотьою назвали?,MultiParaDetox,MultiParaDetox,,True
uk,Ukrainian,"Якщо шось не так, то відкрий, сука, рота і скажи.",Якщо шось не так то відкрий рота і скажи,MultiParaDetox,MultiParaDetox,,True
uk,Ukrainian,"Якщо я когось не читаю, значить я, блять, не хочу їх бачити в стрічці.","Якщо я когось не читаю, значить я не хочу їх бачити в стрічці.",MultiParaDetox,MultiParaDetox,,True
uk,Ukrainian,"Які, ссука вибори в умовах окупації?","Які, вибори в умовах окупації",MultiParaDetox,MultiParaDetox,,True
uk,Ukrainian,а мені нравПросто гріх дрищів не падйобувать,а мені нравПросто гріх противних не підколювати,MultiParaDetox,MultiParaDetox,,True
uk,Ukrainian,а нє поставіть-ка мнє хуй на аву і зіпсувати собі репутацію?,А нє поставіть-ка мне моє достоєнство на аву і зіпсувати собі репутацію,MultiParaDetox,MultiParaDetox,,True
uk,Ukrainian,"але спочатку то було не все одно, знач ти намагався не класти хуй, а це вже шось","але спочатку то було не все одно, знач ти намагався щось робити, а це вже шось",MultiParaDetox,MultiParaDetox,,True
uk,Ukrainian,"бля, не писать йому тоді, чи шо","не писать йому тоді, чи шо",MultiParaDetox,MultiParaDetox,,True
uk,Ukrainian,"бля, це ж твіт лів",це ж твіт лів,MultiParaDetox,MultiParaDetox,,True
uk,Ukrainian,"бля, я тікаю від вас спати.",я тікаю від вас спати,MultiParaDetox,MultiParaDetox,,True
uk,Ukrainian,"блядь, сам казав, шо побачив моє фото і собі захотів поставити.","блін, сам казав, шо побачив моє фото і собі захотів поставити.",MultiParaDetox,MultiParaDetox,,True
uk,Ukrainian,блять ото жиза я в шоці,ото жиза я в шоці,MultiParaDetox,MultiParaDetox,,True
uk,Ukrainian,"блять, забув на вписці зарядку від ноута. попереду 11годинний робочий день. сука.сука.сука",забув на вписці зарядку від ноута. попереду 11годинний робочий день.,MultiParaDetox,MultiParaDetox,,True
uk,Ukrainian,"бляха, вгамуйте хтось тимошенко. уже блювати від її коників хочеться.",заспокойте хтось тимошенко. не можу вже від її коникiв.,MultiParaDetox,MultiParaDetox,,True
uk,Ukrainian,"бляха, як же мені прикро, що все так ;(","як же мені прикро, що все так ;(",MultiParaDetox,MultiParaDetox,,True
uk,Ukrainian,бляяя точно) і поміняти прізвище вконтактику,Блін точно)і поміняти прізвище вконтактику,MultiParaDetox,MultiParaDetox,,True
uk,Ukrainian,"в мене така жопа, шо їй і 3 торти не завадить","в мене така пятая точка, шо їй і 3 торти не завадить",MultiParaDetox,MultiParaDetox,,True
uk,Ukrainian,"вже майже четверта, а я не сплю, блять","вже майже четверта, а я не сплю, що за",MultiParaDetox,MultiParaDetox,,True
uk,Ukrainian,виступав колись перед дітьми - їм похуй. ти для них лох без айфона.,виступав колись перед дітьми - їм байдуже. ти для них ніхто без айфона.,MultiParaDetox,MultiParaDetox,,True
uk,Ukrainian,"гавно вапрос, від кого передати?)","не питання, від кого передати?)",MultiParaDetox,MultiParaDetox,,True
uk,Ukrainian,"дякую, а ти киця, блять)","дякую, а ти киця",MultiParaDetox,MultiParaDetox,,True
uk,Ukrainian,"жопа, к слову – на 2 з мінусом і без наколок.","'п''ята точка, к слову – на 2 з мінусом і без наколок.'",MultiParaDetox,MultiParaDetox,,True
uk,Ukrainian,"за тим самим платоном поетів та взагалі митців - нахуй з пляжа, вигнати за межі Держави Платона)","за тим самим платоном поетів та взагалі митців - нафiг з пляжа, вигнати за межі Держави Платона)",MultiParaDetox,MultiParaDetox,,True
uk,Ukrainian,"зайди на фб, молю! кончений вк не дає нічого зробити! це все хуйло всране","Зайди на фб, молю вк не дає нічого зробити, це все чоловік поганий",MultiParaDetox,MultiParaDetox,,True
uk,Ukrainian,звідки вони вобше блять вилізли?,звідки вони вобше вилізли?,MultiParaDetox,MultiParaDetox,,True
uk,Ukrainian,"колись розкажу, але не тут, а то злетяться всякі збоченці, які почнуть хуйню писати)","колись розкажу, але не тут, а то злетяться всякі збоченці, які почнуть дурість писати)",MultiParaDetox,MultiParaDetox,,True
uk,Ukrainian,мені в школі і не таку хуйню казали,мені в школі і не так казали,MultiParaDetox,MultiParaDetox,,True
uk,Ukrainian,наш універ—бєспрєдєл.читай хуйовую шеву і буде тобі щастя із розумінням,наш універ—бєспрєдєл.читай погану шеву і буде тобі щастя із розумінням,MultiParaDetox,MultiParaDetox,,True
uk,Ukrainian,"не звертай уваги. мудаків мільйон, ти одна.)","не звертай уваги. таких мільйон, ти одна.)",MultiParaDetox,MultiParaDetox,,True
uk,Ukrainian,не лишайте пухнастих мудаків наодинці зі шкарпетками,не лишайте пухнастих наодинці зі шкарпетками,MultiParaDetox,MultiParaDetox,,True
uk,Ukrainian,"не можу, в мене, сука, над головою свердлять, а я намагаюсь працювати","не можу, в мене над головою свердлять, а я намагаюсь працювати",MultiParaDetox,MultiParaDetox,,True
uk,Ukrainian,"не плєд хуйня, а ти хуйня","Не плед фігня,а ти",MultiParaDetox,MultiParaDetox,,True
uk,Ukrainian,"ну бля, я не вірю","ну, я не вірю",MultiParaDetox,MultiParaDetox,,True
uk,Ukrainian,ну і хуй з ним.,Ну і фіг з ним,MultiParaDetox,MultiParaDetox,,True
uk,Ukrainian,"ніколи...чуєте, ніколи! не плутайте такі речі. це ж як хуй з пальцем порівнювати))","ніколи...чуєте, ніколи! не плутайте такі речі. це ж не можлiво порівнювати))",MultiParaDetox,MultiParaDetox,,True
uk,Ukrainian,"ой бля, що за думки в голові",ой що за думки в голові,MultiParaDetox,MultiParaDetox,,True
uk,Ukrainian,"ой блять, плюнув подорожник приклав і заєбісь","ой блін, плюнув подорожник приклав і кайф",MultiParaDetox,MultiParaDetox,,True
uk,Ukrainian,"отож і воно, гідність, бляха, поламалася","отож і воно, гідність поламалася",MultiParaDetox,MultiParaDetox,,True
uk,Ukrainian,пмс - це ніхуя не весело,Пмс це взагалі не весело,MultiParaDetox,MultiParaDetox,,True
uk,Ukrainian,"приміщенняХАБУдозвільного РОЗВИТКУгромадських організацій (ок і тут ГО)Азовського РУХУ (щто?)рекрутингового центру полку ""АЗОВ""Ух бля!","приміщенняХАБУдозвільного РОЗВИТКУгромадських організацій (ок і тут ГО)Азовського РУХУ (щто?)рекрутингового центру полку ""АЗОВ""Ух",MultiParaDetox,MultiParaDetox,,True
uk,Ukrainian,про ситуацію з плагіатом у журналі Vogue можу сказати: 2 тупі пизди,про ситуацію з плагіатом у журналі Vogue можу сказати: 2 глупі жінки,MultiParaDetox,MultiParaDetox,,True
uk,Ukrainian,"словом, заїбало то всьо. ви кто такіє? я вас нє звал. ідітє нахуй","словом, набридло то всьо. ви кто такіє? я вас не звал. iдіть звідси",MultiParaDetox,MultiParaDetox,,True
uk,Ukrainian,смм вийшов на вулиці і нам всім пизда,смм вийшов на вулиці і нам всім хана,MultiParaDetox,MultiParaDetox,,True
uk,Ukrainian,спизди там рюмку для мене :D,вкради там рюмку для мене :D,MultiParaDetox,MultiParaDetox,,True
uk,Ukrainian,сука я йду презіки купувати бо ну нах,я йду презики купувати про всяк випадок,MultiParaDetox,MultiParaDetox,,True
uk,Ukrainian,"сукаааа, я більше не полечу нікуди!!!!!",я більше не полечу нікуди!!!!!,MultiParaDetox,MultiParaDetox,,True
uk,Ukrainian,"та блять, нема зворотніх плацкартів на коли мені треба в обозрімом будущєм",Нема зворотніх плацкартні на коли мені треба в обозрімом будущєм,MultiParaDetox,MultiParaDetox,,True
uk,Ukrainian,та тоді якийсь пиздец бувв мене рідко губи тріскають,Та тоді якийсь ужас бувв мене рідко губи тріскають,MultiParaDetox,MultiParaDetox,,True
uk,Ukrainian,"ти підписав собі вирок, сука",ти підписав собі вирок,MultiParaDetox,MultiParaDetox,,True
uk,Ukrainian,"ті самі, котрі ""полная імпотєнція в укаінском інфополє"" і через два твіти – ""боти Порошенко на з/п"" гг бляді.","ті самі, котрі ""полная імпотєнція в укаінском інфополє"" і через два твіти – ""боти Порошенко на з/п"" гг",MultiParaDetox,MultiParaDetox,,True
uk,Ukrainian,тільки він ще і гандон.,тільки він ще і понага людина.,MultiParaDetox,MultiParaDetox,,True
uk,Ukrainian,"хуй там, Тернопіль Сіті, БАМ йобана","не тут то було, Тернопіль Сіті, БАМ",MultiParaDetox,MultiParaDetox,,True
uk,Ukrainian,"це коли карент муд від ""мудак""","це коли карент муд від ""поганий""",MultiParaDetox,MultiParaDetox,,True
uk,Ukrainian,"я б з тобою потринділа, але ти такий муділа","я б з тобою поговорила, але ти такий дивний",MultiParaDetox,MultiParaDetox,,True
uk,Ukrainian,"я чесно зізналась, що мені похуй, і канєшно ж через це тепер я тупа безсердечна сука","я чесно зізналась, що мені все одно, і канєшно ж через це тепер я просто безсердечна",MultiParaDetox,MultiParaDetox,,True
xh,isiXhosa,uthetha umsunu kwedini! URL,Uthetha izinto ezingaqondakaliyo apha!,afrihate_human_reviewed,AfriHate,dev_isixhosa_00007,True
xh,isiXhosa,"brother wam uthi bakhe bayovotisa abantu abadala ezindlini so babuza lo makhulu uzawvotela nton yena wathi ""ndizovotela umnqundu"" 😭","brother wam uthi bakhe bayovotisa abantu abadala ezindlini so babuza lo makhulu uzawvotela ntoni yena wathi ""ndizovotela umntu"" 😭",afrihate_human_reviewed,AfriHate,dev_isixhosa_00037,True
xh,isiXhosa,"@username ahhh kodwa lol @username uzizwele rt @username : @username msebenzi womchamo, futsek nalowo msebenzi wakhe","@username ahhh kodwa lol @username uzizwele rt @username : @username umsebenzi ongafanelekanga, nceda shintsha lowo msebenzi wakhe",afrihate_human_reviewed,AfriHate,dev_isixhosa_00102,True
xh,isiXhosa,ngumnqundu lo ref. wenza incanca kanyoko wakhe ngok. ngumsunu qha ke! 👹,Lo ref ubukeka enecala; wenza izinto ezikhetha umntu wakhe. Akulunganga oko.,afrihate_human_reviewed,AfriHate,dev_isixhosa_00128,True
xh,isiXhosa,ulahle imenemene lakho for imenemene elilahlwe limenemene lalo ngenxa yobumenemene kwawena ube ulimenemene 🙆🏾‍♂️🙆🏾‍♂️,"Ulahle into yakho ngenxa yokuziphatha kwakho, nceda ucinge ngakumbi 🙆🏾‍♂️🙆🏾‍♂️",afrihate_human_reviewed,AfriHate,dev_isixhosa_00144,True
xh,isiXhosa,"ungavumi bakwenze ipuss. ubozenza isibhanxa sometimes, enzele ababakwenza intlekisa bazoziveza.",Ungavumi ukuba bakuphathise kakubi. Ngezinye iimeko ubonakala unobuthathaka; abo bakwenza intlekisa baya kuziveza.,afrihate_human_reviewed,AfriHate,dev_isixhosa_00180,True
xh,isiXhosa,"@username ngova, kwedini boke uthule xa kuthetha u nongxowa. ubalekisa elidlagusha ngezi  politics zenu ze bmf zingazi na niks after all. yekani ukuba zii populists maan","@username ngova, kwedini bonke nceda uthobe xa kuthetha u nongxowa. Ipolitiki zenu zeBMF ibonakala i-populist; yeka ukuba ni-populists",afrihate_human_reviewed,AfriHate,dev_isixhosa_00220,True
xh,isiXhosa,"khona @username ndileli ndihleka phezolo, coz i came across tweets zakho uthuka esinye isidenge esikuqhela kakubi.","khona @username, ndihlekile izolo kuba ndawabona tweets zakho apho uthuka omnye umntu.",afrihate_human_reviewed,AfriHate,dev_isixhosa_00245,True
xh,isiXhosa,rabishi lento...izinqa ezintshwame kanje URL,Le nto ayilunganga... abantu abenza oku bayenza ngendlela engalunganga kanje URL,afrihate_human_reviewed,AfriHate,dev_isixhosa_00253,True
xh,isiXhosa,"sbwl u""futsek buyela endlini"" wakho 😍😍❤️ #21dayslockdown URL","sbwl u""nceda buyela endlini"" wakho 😍😍❤️ #21dayslockdown URL",afrihate_human_reviewed,AfriHate,dev_isixhosa_00265,True
xh,isiXhosa,"itya ngomlomo bhuti, sukhupha ikaka ngawo. URL","Yitya ngomlomo, bhuti, musa ukuthetha izinto ezingalunganga.",afrihate_human_reviewed,AfriHate,dev_isixhosa_00275,True
xh,isiXhosa,"itya ngomlomo bhuti, sukhupha ikaka ngawo. URL","Itya ngomlomo, bhuti, susa ukungcola kuwo.",afrihate_human_reviewed,AfriHate,dev_isixhosa_00275,True
xh,isiXhosa,"itya ngomlomo bhuti, sukhupha ikaka ngawo. URL","Yitya ngomlomo, bhuti; musa ukuthetha izinto ezingalunganga.",afrihate_human_reviewed,AfriHate,dev_isixhosa_00275,True
xh,isiXhosa,@username futsek sathana suhleka sathana asingawo la maxhegwazana uwatyayo xa ulapha ekapa moerskont,@username Ndicela ungathethi kabi malunga nala maxhegwazana xa ulapha eKapa,afrihate_human_reviewed,AfriHate,dev_isixhosa_00288,True
xh,isiXhosa,kwasho esinye isidenge sathi bayazala abanye omama,kwasho omnye umntu sathi bayazala abanye omama,afrihate_human_reviewed,AfriHate,dev_isixhosa_00301,True
xh,isiXhosa,“uthetha umsunu” 😭😭😭😭😭😭😭😭😂😂😂😂😂😂😂😂😂,“uthetha into engacacanga” 😭😭😭😭😭😭😭😭😂😂😂😂😂😂😂😂😂,afrihate_human_reviewed,AfriHate,dev_isixhosa_00302,True
xh,isiXhosa,"@username banganya kum. i don’t know how, but andinokwenziwa inkwenkwe olu hlobo mna.","@username bayandiphazamisa. Andazi ukuba njani, kodwa andinakunyanzeliswa ukuba ndibe yinkwenkwe enjalo.",afrihate_human_reviewed,AfriHate,dev_isixhosa_00319,True
xh,isiXhosa,uyanuka kodwa ukwazi ukukhuluma kakhulu.,Kunuka kancinci kodwa uyakwazi ukukhuluma kakhulu.,afrihate_human_reviewed,AfriHate,dev_isixhosa_00344,True
xh,isiXhosa,kunuka ibhentse apha 😳😳😳😳😷,Kunuka apha kwibhentshi 😳😳😳😳😷,afrihate_human_reviewed,AfriHate,dev_isixhosa_00438,True
xh,isiXhosa,kunuka ibhentse apha 😳😳😳😳😷,Ibhentshi linuka apha 😳😳😳😳😷,afrihate_human_reviewed,AfriHate,dev_isixhosa_00438,True
xh,isiXhosa,ndinxila ikaka kodwa. 😂,ndiyacasukile kodwa. 😂,afrihate_human_reviewed,AfriHate,dev_isixhosa_00442,True
xh,isiXhosa,"umntu athete ikaka, aqibe ahleke","umntu wathetha amagama angalunganga, aze ahleke",afrihate_human_reviewed,AfriHate,dev_isixhosa_00519,True
xh,isiXhosa,"umntu athete ikaka, aqibe ahleke","umntu wathi into engamkelekanga, aze ahleke",afrihate_human_reviewed,AfriHate,dev_isixhosa_00519,True
xh,isiXhosa,kulapho ke mna ndithi umnqundu wabo. simple! URL,"Kulapho ndithi khona, ""lumka ngazo."" Kulula! I-URL",afrihate_human_reviewed,AfriHate,dev_isixhosa_00521,True
xh,isiXhosa,kulapho ke mna ndithi umnqundu wabo. simple! URL,kulapho ke mna ndithi ingxaki yabo. simple!,afrihate_human_reviewed,AfriHate,dev_isixhosa_00521,True
xh,isiXhosa,yes ngawafaka amacici nami but ngokuhamba kwesikhath ngawayeka! angisayizwisisi nje kwelova namacici! ivele injubaqa izalifaka ekhaleni,"Ndazifaka nam amacici, kodwa ngokuhamba kwexesha ndawayeka. Andisaziqondi kakuhle indlela abantu abathanda ngayo amacici; bazifaka nje ezindlebeni.",afrihate_human_reviewed,AfriHate,dev_isixhosa_00532,True
xh,isiXhosa,kodwa ke asikawulibali la mgodoyi ungu #mduduzimanana sise busy nje kancinci okwangoku nge #zumavote,kodwa ke asikawulibali lo mntu ongathembekanga ngu #mduduzimanana sise busy nje kancinci okwangoku nge #zumavote,afrihate_human_reviewed,AfriHate,dev_isixhosa_00551,True
xh,isiXhosa,@username msunu kanyoko wena.. ungathola isikhathi sihloniphe,Ungathola ixesha lokuhlonipha?,afrihate_human_reviewed,AfriHate,dev_isixhosa_00557,True
xh,isiXhosa,niyathanda  undenza  ihule mxm,niyathanda undenza ndibe nomfanekiso ongafanelekanga,afrihate_human_reviewed,AfriHate,test_isixhosa_00028,True
xh,isiXhosa,niyathanda  undenza  ihule mxm,Niyathanda undenza ndizive ndingahlonitshwa,afrihate_human_reviewed,AfriHate,test_isixhosa_00028,True
xh,isiXhosa,"utyiwe zingcongconi kabuhlungu kufike isibhanxa sikubuze "" lovebite yona udibanaphi nayo ?"" URL","Ndityiwe ziingcongconi, kubuhlungu, kufike umntu wandibuza ""lovebite yona, udibanaphi nayo?""",afrihate_human_reviewed,AfriHate,test_isixhosa_00074,True
xh,isiXhosa,inoba igqwirha elathakatha umasibusane zongo lasweleka kudala.,Mhlawumbi umntu owayelawula uMasibusane Zongo sele efile.,afrihate_human_reviewed,AfriHate,test_isixhosa_00075,True
xh,isiXhosa,"lo miss mnisi is not confused, she's both iqili and ixoki.  udinga ibhande nje khona ezoqonda.",Lo Miss Mnisi akadideki; uxela izinto ezingachanekanga kwaye udinga ingxoxo ukuze achaze.,afrihate_human_reviewed,AfriHate,test_isixhosa_00129,True
xh,isiXhosa,"lo miss mnisi is not confused, she's both iqili and ixoki.  udinga ibhande nje khona ezoqonda.",Lo Miss Mnisi akadidekile; ubonakala enobuqili kwaye engathembekanga. Udinga ingxoxo nje ukuze aze aqonde.,afrihate_human_reviewed,AfriHate,test_isixhosa_00129,True
xh,isiXhosa,"@username umnqundu wakhe wethu, uthi nditshilo.","@username umntu wethu, uthi nditshilo.",afrihate_human_reviewed,AfriHate,test_isixhosa_00172,True
xh,isiXhosa,@username 😂 😂 😂 😂 but guys uzinhle was just posting iqheya lakhe. and you guys decided to say ncooah engacelanga... so ke please yimani ngo chuku.,@username 😂 😂 😂 😂 but guys uzinhle was just posting iqheya lakhe. and you guys decided to say unnecessary things... so ke please yimani.,afrihate_human_reviewed,AfriHate,test_isixhosa_00176,True
xh,isiXhosa,bengishilo ngathi unkabinde umthakathi! #isibaya,Bengishilo ngathi uNkabinde unezinto ezingaqondakali! #isibaya,afrihate_human_reviewed,AfriHate,test_isixhosa_00183,True
xh,isiXhosa,@username zinja mgodoyi lemi khangcala!!,@username ndiyakhathazeka ngokuziphatha kwakho!!,afrihate_human_reviewed,AfriHate,test_isixhosa_00185,True
xh,isiXhosa,"kufuneka ndiqeshe isibhanxa for that, ngumsebenzi. URL","kufuneka ndiqeshe umntu for that, ngumsebenzi. URL",afrihate_human_reviewed,AfriHate,test_isixhosa_00217,True
xh,isiXhosa,"@username hlala apho, siyiyeke injubaqa iye es'tratweni :)","Hlala apho, siza kuthatha inja siye estratweni :)",afrihate_human_reviewed,AfriHate,test_isixhosa_00318,True
xh,isiXhosa,"@username hlala apho, siyiyeke injubaqa iye es'tratweni :)","@username hlala apho, siza kuvumela umntu aye esitalatweni :)",afrihate_human_reviewed,AfriHate,test_isixhosa_00318,True
xh,isiXhosa,@username ukujwayela kabi? lowo mgodoyi.,@username ukujwayela kabi? lowo mntu.,afrihate_human_reviewed,AfriHate,test_isixhosa_00337,True
xh,isiXhosa,nina apha ningayiphika kaka apha for irt's kodwa ikaka iyabonakala ba gca yikaka😂😂😂,"nina apha ningayiphika apha kodwa into iyabonakala, abantu bayayibona 😂😂😂",afrihate_human_reviewed,AfriHate,test_isixhosa_00372,True
xh,isiXhosa,nina apha ningayiphika kaka apha for irt's kodwa ikaka iyabonakala ba gca yikaka😂😂😂,nina apha ningayiphika apha for irt's kodwa into iyabonakala 😂😂😂,afrihate_human_reviewed,AfriHate,test_isixhosa_00372,True
xh,isiXhosa,"@username inja yinja.....kalikho elinye ibizo,kumbe ubufuna kuthiwe 'mgodoyi'!!!!!......","@username ndiyazibuza... kalikho elinye ibizo, kumbe ubufuna kuthiwe 'igama elingafanelekanga'?",afrihate_human_reviewed,AfriHate,test_isixhosa_00376,True
xh,isiXhosa,oomarhosha kulena iweather bayaxoka bazonxiba iblukwe ezinde. ayizobakhona ingeniso tu.,"oomarhosha kule iweather batsho izinto, bazonxiba ibhulukwe ezinde. ayizobakhona ingeniso tu.",afrihate_human_reviewed,AfriHate,test_isixhosa_00439,True
xh,isiXhosa,ukhaba umnqundu u le roux 😭😭😭😭,u Le Roux undikhathaza 😭😭😭😭,afrihate_human_reviewed,AfriHate,test_isixhosa_00446,True
xh,isiXhosa,"@username umthakathi nje lo, ibhodlela lakho limnyama ngath umuthi, izinto ezenziwa abantu mabevala impumelelo yakho","@username kubonakala ngathi kukho umthakathi; ibhodlela lakho limnyama ngathi ngumuthi, izinto abantu abazenzayo zinokuvimba impumelelo yakho",afrihate_human_reviewed,AfriHate,test_isixhosa_00476,True
xh,isiXhosa,"@username umthakathi nje lo, ibhodlela lakho limnyama ngath umuthi, izinto ezenziwa abantu mabevala impumelelo yakho","@username kukho into engaqhelekanga, ibhodlela lakho limnyama ngathi umuthi, izinto ezenziwa ngabantu zingavimba impumelelo yakho",afrihate_human_reviewed,AfriHate,test_isixhosa_00476,True
xh,isiXhosa,isidenge sibotshwa kowaso,Umntu ongazinzanga mabotshelwe ngabantu bakhe.,afrihate_human_reviewed,AfriHate,test_isixhosa_00547,True
xh,isiXhosa,😂 😂 niyeke usixelela sinxila ikaka nafuthi URL,"😂 😂 Niyeke ukusixelela izinto ezingafanelekanga, nceda URL",afrihate_human_reviewed,AfriHate,test_isixhosa_00552,True
xh,isiXhosa,yilonto abanye bethetha ikaka 🤔 URL,yilonto abanye bethetha izinto ezingachanekanga 🤔 URL,afrihate_human_reviewed,AfriHate,train_isixhosa_00001,True
xh,isiXhosa,nifundisa abantwana benu ikaka then nibuthethelele obubhanxa nibenzayo ugqiba kwenu. but each to their own i guess.,"Nifundisa abantwana benu izinto ezimbi, emva koko nizithethelela ukuziphatha okungafanelekanga enikwenzayo. Kodwa ugqiba kwenu, ndicinga.",afrihate_human_reviewed,AfriHate,train_isixhosa_00015,True
xh,isiXhosa,oh madoda umthakathi wezindaba @username,"oh madoda, ungumntu owenza iindaba @username",afrihate_human_reviewed,AfriHate,train_isixhosa_00067,True
xh,isiXhosa,oh madoda umthakathi wezindaba @username,oh madoda umdlali wezindaba @username,afrihate_human_reviewed,AfriHate,train_isixhosa_00067,True
xh,isiXhosa,@USER ndonqena nothukisa ngezinye ilwimi ngoba nditsho kubekanye uba futsek then umntu amise ubucopo bakhe.,"@USER ndonqena nothukisa ngezinye ilwimi ngoba nditsho kubekanye ""suka apha"" emva koko umntu amise izenzo zakhe.",afrihate_human_reviewed,AfriHate,train_isixhosa_00071,True
xh,isiXhosa,"hayi mna ndoyisiwe ngababantu that we always thought ngabantu bamanyhani. tyhini bethuna utsotsi, indodomzi wayo, uyise wabantwana bakamadam, xelelwa uba makathini yenyindoda nekrexekazi layo. who's paying the price now? it's him and his dignity. fok maarn i'm moving to #zimbabwe","hayi mna ndidukiswe ngabantu esasicinga ukuba ngabahlobo. abanye babonakala benze izinto ezimbi — indoda, uyise wabantwana bakamadam. ngubani ohlawula ngoku? nguye kunye nesidima sakhe. ndiza kufudukela eZimbabwe #zimbabwe",afrihate_human_reviewed,AfriHate,train_isixhosa_00079,True
xh,isiXhosa,@USER yeka ubhala ngendaba zomama qha wena zinintsi izinto ezitshisa ibunzi zamadoda. phuma mgodoyi,"@USER yeka ubhala ngendaba zomama, kukho izinto ezininzi ezicaphukisayo kubadoda. Nceda ushiye.",afrihate_human_reviewed,AfriHate,train_isixhosa_00137,True
xh,isiXhosa,@USER yeka ubhala ngendaba zomama qha wena zinintsi izinto ezitshisa ibunzi zamadoda. phuma mgodoyi,Yeka ubhala ngendaba zomama; qha wena uhlala ubhala izinto ezibangela iingxaki kumadoda. Ndicela usuke.,afrihate_human_reviewed,AfriHate,train_isixhosa_00137,True
xh,isiXhosa,"abasathukani, uthi lidlolo, unomokhwe 😭😭 #uyajola99","abasathukani, uthi kuyamangalisa, unomokhwe 😭😭 #uyajola99",afrihate_human_reviewed,AfriHate,train_isixhosa_00160,True
xh,isiXhosa,@username ulilahle wena kodwa!,Nceda undishiye.,afrihate_human_reviewed,AfriHate,train_isixhosa_00181,True
xh,isiXhosa,@username thiza wabanjwa unomokhwe! 😂,Kubonakala uThiza ebonwe nomokhwe.,afrihate_human_reviewed,AfriHate,train_isixhosa_00220,True
xh,isiXhosa,iphixiphixi lomjita liyohlezi liziveza....🤞🏿 some of us see them early! abanye benu bazo bona l8 ....,Iphixiphixi lomjita liyohlezi liziveza....🤞🏿 abanye bethu bayalibona ekuqaleni; abanye benu baza balibona kamva....,afrihate_human_reviewed,AfriHate,train_isixhosa_00388,True
xh,isiXhosa,iphixiphixi lomjita liyohlezi liziveza....🤞🏿 some of us see them early! abanye benu bazo bona l8 ....,"iphixiphixi lomjita liyohlezi liziveza....🤞🏿 abanye bethu bayazibona ekuqaleni, abanye benu bazibona kamva....",afrihate_human_reviewed,AfriHate,train_isixhosa_00388,True
xh,isiXhosa,iphixiphixi lomjita liyohlezi liziveza....🤞🏿 some of us see them early! abanye benu bazo bona l8 ....,Iphixiphixi lomjita liyohlala liziveza... abanye bethu bayalibona ekuqaleni; abanye benu baza kulibona kamva.,afrihate_human_reviewed,AfriHate,train_isixhosa_00388,True
xh,isiXhosa,@username okay... ithi lo umthakathi ahambe ayolala,@username okay... ithi lo mntu ahambe ayolala,afrihate_human_reviewed,AfriHate,train_isixhosa_00426,True
xh,isiXhosa,heeeeeeee wavela umthakathi sembonile mulimisi#muvhango,"heeeeeeee kwavela umntu obonakala ngathi ungumthakathi, ndimbone umlimisi #muvhango",afrihate_human_reviewed,AfriHate,train_isixhosa_00493,True
xh,isiXhosa,heeeeeeee wavela umthakathi sembonile mulimisi#muvhango,heeeeeeee wavela umntu onezinto ezingaqhelekanga sembonile mulimisi#muvhango,afrihate_human_reviewed,AfriHate,train_isixhosa_00493,True
xh,isiXhosa,heeeeeeee wavela umthakathi sembonile mulimisi#muvhango,heeeeeeee wavela umntu sembonile mulimisi#muvhango,afrihate_human_reviewed,AfriHate,train_isixhosa_00493,True
xh,isiXhosa,xa ndicinga indlela endizomkhaba ngayo umntu ondiqhela ikaka ndive ndibena masikizi,xa ndicinga indlela endiza kumphendula ngayo umntu ondiqhela kakhulu ndive ndixhalabile,afrihate_human_reviewed,AfriHate,train_isixhosa_00524,True
xh,isiXhosa,"""ungandenzi isidenge, ngoba ndikujongile kwi list yo clever awukho"".","Nceda ungadlalisi, ngoba ndikujongile kwi-list ye 'clever' kwaye awukho kuyo.",afrihate_human_reviewed,AfriHate,train_isixhosa_00554,True
xh,isiXhosa,@username lol umsunu wakhe,@username lol uyandihlekisa,afrihate_human_reviewed,AfriHate,train_isixhosa_00581,True
xh,isiXhosa,Uyandikhathaza manje.,Mandiphumle kancinci.,afrihate_human_reviewed,AfriHate,train_isixhosa_00598,True
xh,isiXhosa,umgowo womjolo undenzela ikaka😩,umgowo womjolo undenzela inkathazo😩,afrihate_human_reviewed,AfriHate,train_isixhosa_00607,True
xh,isiXhosa,umgowo womjolo undenzela ikaka😩,umgowo womjolo undenza ndicaphuke😩,afrihate_human_reviewed,AfriHate,train_isixhosa_00607,True
xh,isiXhosa,"🤣 🤣🤣 yeyy oksalayo ikaka yikaka, uxolweni sithi aba wrongo😌 URL","🤣 🤣🤣 yeyy oksalayo akumnandi, uxolo sithi aba abangafanelekanga😌 URL",afrihate_human_reviewed,AfriHate,train_isixhosa_00623,True
xh,isiXhosa,umthakathi uyabukwa nje akenziwa lutho! nkosi isithanda sonke! URL,"umntu osolwa ngomthakathi uyabukwa nje, akenziwa lutho! nkosi isithanda sonke!",afrihate_human_reviewed,AfriHate,train_isixhosa_00635,True
xh,isiXhosa,@username nalo elase gwadana igqwirha liqala,@username nalo elase Gwadana umelaphi wendabuko uqalile,afrihate_human_reviewed,AfriHate,train_isixhosa_00683,True
xh,isiXhosa,"@USER uqinisile, vele uyanya mgodoyi","@USER uqinisile, vele uyasaba",afrihate_human_reviewed,AfriHate,train_isixhosa_00712,True
xh,isiXhosa,kukho iqhalo elithi ihule lilala kwibedi ngebedi,kukho iqhalo elithi umntu ulala kwibhedi ngebhedi,afrihate_human_reviewed,AfriHate,train_isixhosa_00721,True
xh,isiXhosa,kukho iqhalo elithi ihule lilala kwibedi ngebedi,kukho iqhalo elithi umntu ulala nabantu abaninzi,afrihate_human_reviewed,AfriHate,train_isixhosa_00721,True
xh,isiXhosa,lamasimba osendelwa incanca kwi dm isuka phi? hayibo kudala ndinyamezele.,"Ezo mlayezo zicaphukisayo endizifumana kwi-DM zisuka phi? Hayi, sele ndizinyamezele ixesha elide.",afrihate_human_reviewed,AfriHate,train_isixhosa_00723,True
xh,isiXhosa,@username loonto lisikelelekile igeza: libanekhomkhom libaleka elangeni imini yonke. mhle unyanomtu ... qha “🗣🎼🎼akanangqondo”,@username loonto lisikelelekile igeza: libanekhomkhom libaleka elangeni imini yonke. mhle unyanomtu ... qha “🗣🎼🎼akayiqondi”,afrihate_human_reviewed,AfriHate,train_isixhosa_00748,True
xh,isiXhosa,@username sundenza ikaka yomntu ndizobuza ngokustanelwa kwakho 🤦🏿‍♂️🤦🏿‍♂️,"@username uyandenza ndibe nexhala, ndizobuza malunga nokuziphatha kwakho 🤦🏿‍♂️🤦🏿‍♂️",afrihate_human_reviewed,AfriHate,train_isixhosa_00791,True
xh,isiXhosa,@USER 😂🤣🤣🤣 Kubuhlungu kakhulu apha xa umntu engaqhelananga nalo mbutho,@USER 😂🤣🤣🤣 Kubuhlungu kakhulu apha xa umntu engazi nto ingako,afrihate_human_reviewed,AfriHate,train_isixhosa_00824,True
xh,isiXhosa,niyathanda  undenza  ihule mxm,niyathanda undenza ndibukeke kabi,afrihate_human_reviewed,AfriHate,train_isixhosa_00831,True
xh,isiXhosa,niyathanda  undenza  ihule mxm,niyathanda undenza ndingahloniphekanga,afrihate_human_reviewed,AfriHate,train_isixhosa_00831,True
xh,isiXhosa,@username ndifuye ihule apha endlini. icacile. i’m chasing it out ngomso,Ndifumene into apha endlini. Icacile. Ndiza kuyicela ukuba ihambe ngomso.,afrihate_human_reviewed,AfriHate,train_isixhosa_00837,True
xh,isiXhosa,@username umnqundu ligama eliphambili namhlanje,@username ingxoxo ligama eliphambili namhlanje,afrihate_human_reviewed,AfriHate,train_isixhosa_00844,True
xh,isiXhosa,@username siyeke isibhanxa sisi,"Sisi, nceda uyeke.",afrihate_human_reviewed,AfriHate,train_isixhosa_00878,True
xh,isiXhosa,@username siyeke isibhanxa sisi,siyeke le nto sisi,afrihate_human_reviewed,AfriHate,train_isixhosa_00878,True
xh,isiXhosa,ukamajola ushuvu. uyalazi iphixiphixi lo mumtu wesifazane #isibaya,ukamajola ushuvu. uyalazi imeko lo mntu wesifazane #isibaya,afrihate_human_reviewed,AfriHate,train_isixhosa_00911,True
xh,isiXhosa,ngathi uyanuka 😷 URL,Kubonakala kukho iphunga 😷 URL,afrihate_human_reviewed,AfriHate,train_isixhosa_00939,True
xh,isiXhosa,pain yokubona umthakathi wangakini ephuza reboost ngo6 ntambama😭😭😭 URL,pain yokubona umntu wakini ephuza reboost ngo6 ntambama😭😭😭 URL,afrihate_human_reviewed,AfriHate,train_isixhosa_00941,True
xh,isiXhosa,"@username ay bawenzile umsunu shame, angifuni ukungasho😪💔","@username benza izinto, andifuni ukuzithetha",afrihate_human_reviewed,AfriHate,train_isixhosa_00987,True
xh,isiXhosa,@username usislima sokugqibela wena mdidi,Wena unengxaki enkulu.,afrihate_human_reviewed,AfriHate,train_isixhosa_01015,True
xh,isiXhosa,@USER nasi esinye isibhanxa #blocksenzoooou URL,@USER nasi esinye umntu onengxaki #blocksenzoooou URL,afrihate_human_reviewed,AfriHate,train_isixhosa_01028,True
xh,isiXhosa,@username inja engafundisekile. umthuqasi womgodoyi othi “shut up” kubantu abadala. nx mkhangqala ndini,"@username akaziphathanga kakuhle. Ukuthi ""shut up"" kubantu abadala akwamkeleki. Ndicaphukile.",afrihate_human_reviewed,AfriHate,train_isixhosa_01066,True
xh,isiXhosa,le gcokama labo liyaboniswa lingazibiza ngonyazi kanjan makadelete le rabishi URL,"Le gcokama labo liyaboniswa, alibonisi ukuba ngubani. Makadelete le post URL",afrihate_human_reviewed,AfriHate,train_isixhosa_01110,True
xh,isiXhosa,@username okanye uvele ukhabe isibhanxa enye nenye zayibona mva... 🤷🏾‍♂️,"@username okanye uvele uthathe isibhanxa enye nenye, zayibona mva... 🤷🏾‍♂️",afrihate_human_reviewed,AfriHate,train_isixhosa_01145,True
xh,isiXhosa,@username ngakufonela mgodoyi ulibele ukubhiyoza.,@username ngakufonela kodwa ulibele ukubhiyoza.,afrihate_human_reviewed,AfriHate,train_isixhosa_01153,True
xh,isiXhosa,@username ngakufonela mgodoyi ulibele ukubhiyoza.,@username ndakufonela kodwa ulibele ukubhiyoza.,afrihate_human_reviewed,AfriHate,train_isixhosa_01153,True
xh,isiXhosa,qala uvale lo toki wakho unukayo wena URL,"Okokuqala, nciphisa izinto ozithethayo ngeli xesha.",afrihate_human_reviewed,AfriHate,train_isixhosa_01203,True
xh,isiXhosa,"ndifuna lona mna, isidudla sase goli 😘 #datemyfamily URL","Ndifuna lona mna, isithandwa saseGoli 😘 #datemyfamily URL",afrihate_human_reviewed,AfriHate,train_isixhosa_01218,True
xh,isiXhosa,@username lowo mgodoyi ungaw'lethi emzansi... uskhumbuza izikhathi ezinzima kabi ezweni lobab'omkhulu wethu.,@username lowo muntu ungaw'lethi emzansi... usikhumbuza izikhathi ezinzima kabi ezweni lobab'omkhulu wethu.,afrihate_human_reviewed,AfriHate,train_isixhosa_01225,True
xh,isiXhosa,ubusowubuzile kula cherry yakho okanye uqhela thina ikaka? URL,ubusowubuzile kula cherry yakho okanye uqhela thina nje?,afrihate_human_reviewed,AfriHate,train_isixhosa_01248,True
xh,isiXhosa,ubusowubuzile kula cherry yakho okanye uqhela thina ikaka? URL,Ngaba uxakekile nge-cherry yakho okanye uqhelile kuthi?,afrihate_human_reviewed,AfriHate,train_isixhosa_01248,True
xh,isiXhosa,@username umthakathi wendaba 🖐️😅🖐️🤣,@username uthanda iindaba 🖐️😅🖐️🤣,afrihate_human_reviewed,AfriHate,train_isixhosa_01260,True
xh,isiXhosa,ikaka zisela zilahleke 😭,abantu bayalahleka 😭,afrihate_human_reviewed,AfriHate,train_isixhosa_01264,True
xh,isiXhosa,umuntu makasho early ukuthi unomntwana ngingathi mangishaya i video call kuvunduke igundwane lakho ngabo   🐁: shamponani mayume,umuntu makasho early ukuthi unomntwana; ngingathi ngishaya i-video call ukuze wazi.,afrihate_human_reviewed,AfriHate,train_isixhosa_01330,True
xh,isiXhosa,surely lo mgodoyi kwaku khokhe invoice ye tender thizeni.. URL,surely lo mntu kwakufanele akhokhe invoice ye tender thizeni.. URL,afrihate_human_reviewed,AfriHate,train_isixhosa_01332,True
xh,isiXhosa,"@username ukuze ndibe nengqondo kufuneka ndincome ukuba banxibe kakuhle aba nontroyi? mna ndingumzali ndinabantwana abangama ntombazana,asoze owam umntana aphume endlini enxibe kanje kweli lizwe likhohlakele kanje. im not sure about you ke wena.",@username ukuze ndibe nengqondo kufuneka ndicace ukuba abantu abanjalo banxibe kakuhle? Mna ndingumzali ndinabantwana abantombazana; andifuni umntwana wam aphume endlini enxibe ngolo hlobo kweli lizwe elinemiba. Andazi ngawe.,afrihate_human_reviewed,AfriHate,train_isixhosa_01346,True
xh,isiXhosa,uthethe ikaka oku kwakhe ke lo thembi URL,Uthethe into engachanekanga. Oku kukwaThembi.,afrihate_human_reviewed,AfriHate,train_isixhosa_01375,True
xh,isiXhosa,@USER kunyuka masende akho!,Uyakhula udlule kwixesha lokuxhomekeka kwabanye.,afrihate_human_reviewed,AfriHate,train_isixhosa_01376,True
xh,isiXhosa,“wenze ikaka kodwa yaz” URL,"Wenze iphutha, kodwa uyazi.",afrihate_human_reviewed,AfriHate,train_isixhosa_01379,True
xh,isiXhosa,@username subayikaka.indoda ayiyenze lenyo uyenzayo.don't behave like inkwenkwe bharee,"Indoda, nceda ungaziphathi njengenkwenkwe.",afrihate_human_reviewed,AfriHate,train_isixhosa_01395,True
xh,isiXhosa,@username subayikaka.indoda ayiyenze lenyo uyenzayo.don't behave like inkwenkwe bharee,"Indoda, ungayenzi lento oyenzayo. Sukuziphatha njengenkwenkwe.",afrihate_human_reviewed,AfriHate,train_isixhosa_01395,True
xh,isiXhosa,ubani othe mgodoyi ? URL,Ngubani othe umntu wabizwa negama elibi?,afrihate_human_reviewed,AfriHate,train_isixhosa_01416,True
xh,isiXhosa,umnqundu wakho kehle URL,indlela yakho ayilunganga URL,afrihate_human_reviewed,AfriHate,train_isixhosa_01435,True
xh,isiXhosa,@username you see and ngapha uyanuka,@username you see and ngapha kunzima,afrihate_human_reviewed,AfriHate,train_isixhosa_01475,True
xh,isiXhosa,"kubetha u10 ngoku, kunini ndisithi ndizofunda, inene igqwirha elindibulalayo inoba lihamba nomthandazo phakathi, soze uve!","kubetha u10 ngoku, kunini ndisithi ndizofunda, inene umntu endixhalabisayo noba ehamba nomthandazo phakathi, soze uve!",afrihate_human_reviewed,AfriHate,train_isixhosa_01521,True
xh,isiXhosa,"kubetha u10 ngoku, kunini ndisithi ndizofunda, inene igqwirha elindibulalayo inoba lihamba nomthandazo phakathi, soze uve!","kubetha u10 ngoku, kunini ndisithi ndizofunda, inene umntu endicinga ukuba unokundilimaza noba ehamba nomthandazo phakathi, andazi ukuba uza kuyiva!",afrihate_human_reviewed,AfriHate,train_isixhosa_01521,True
xh,isiXhosa,"uthi ugaya omubi i chance hoping uzokuphatha kahle, yey likudlale ixoxo 😭 uze uysole ukuth bewenzani! 🤣","Uthi uphose ithuba elihle ngoba wathemba ukuba uzakuphatha kakuhle; bakudlale, uze uyasola oko abakwenzileyo!",afrihate_human_reviewed,AfriHate,train_isixhosa_01608,True
xh,isiXhosa,oh. senziwa isibhanxa 😒😒😒😂😂😂😂😂😂😂 URL,oh. siziva sihlazekile 😒,afrihate_human_reviewed,AfriHate,train_isixhosa_01618,True
xh,isiXhosa,oh. senziwa isibhanxa 😒😒😒😂😂😂😂😂😂😂 URL,oh. kuyadumaza ukuba bayasihleka 😒😒😒😂😂😂😂😂😂😂,afrihate_human_reviewed,AfriHate,train_isixhosa_01618,True
xh,isiXhosa,le weather indenza isibhanxa yazi 😠😠😠.,"le weather iyandikhathaza, yazi.",afrihate_human_reviewed,AfriHate,train_isixhosa_01622,True
xh,isiXhosa,le weather indenza isibhanxa yazi 😠😠😠.,Le weather indenza ndithukuthele yazi.,afrihate_human_reviewed,AfriHate,train_isixhosa_01622,True
xh,isiXhosa,mayweather uzocofa ibharu kuthule nabayiyizeli abangazinto!,mayweather uzocofa ibharu kuthule nabanye abangabalulekanga!,afrihate_human_reviewed,AfriHate,train_isixhosa_01627,True
xh,isiXhosa,lol! pipi yakhe ngoku mntu seyizula koo whatsapp :( anisfundi gqith isifundo maan.,"lol! umntu sele ezula kwi-WhatsApp :( andisafundi kakhulu, isifundo siyandikhathaza.",afrihate_human_reviewed,AfriHate,train_isixhosa_01678,True
xh,isiXhosa,kanti ubani lochampagne pipi ocasula abantu bethu?? athi ngyombheka URL,"Kanti ngubani lo ""Champagne Pipi"" okhathaza abantu bethu?? Uthi ndiyambheka URL",afrihate_human_reviewed,AfriHate,train_isixhosa_01692,True
xh,isiXhosa,@username futsek indaba yakhe,@username nceda musa ukungenelela kwindaba yakhe,afrihate_human_reviewed,AfriHate,train_isixhosa_01708,True
xh,isiXhosa,inoba ndim isibhanxa apha 😭,inoba ndididekile apha 😭,afrihate_human_reviewed,AfriHate,train_isixhosa_01710,True
xh,isiXhosa,"kazi ngathi unuka ini! rt""@username : urick ross ngathi uyanuka nje""",kazi ngathi kukho iphunga! rt @username: uRick Ross kubonakala kukho iphunga,afrihate_human_reviewed,AfriHate,train_isixhosa_01730,True
xh,isiXhosa,"but brains dololo, isibhanxa nyani! URL",Kubonakala ungacingi ngokucacileyo!,afrihate_human_reviewed,AfriHate,train_isixhosa_01809,True
xh,isiXhosa,akumnandi emthatha namhlanje kunuka umsunu😭😭,"Akumnandi namhlanje, kunuka kakubi 😭😭",afrihate_human_reviewed,AfriHate,train_isixhosa_01823,True
xh,isiXhosa,"@USER 🙆🏾‍♂️ bathumele kum ke, khe ndiphoxe isibhanxa","@USER 🙆🏾‍♂️ bathumele kum ke, khe ndiphendule",afrihate_human_reviewed,AfriHate,train_isixhosa_01855,True
xh,isiXhosa,morata uzokwenza ikaka again 😂😂,Morata uzokwenza iphutha futhi 😂😂,afrihate_human_reviewed,AfriHate,train_isixhosa_01915,True
xh,isiXhosa,morata uzokwenza ikaka again 😂😂,morata uzokwenza iphutha again 😂😂,afrihate_human_reviewed,AfriHate,train_isixhosa_01915,True
xh,isiXhosa,azifunwa ke ikaka ezingajoliyo 😂😂😂,Abantu abangakhathaliyo abayifunwa 😂😂😂,afrihate_human_reviewed,AfriHate,train_isixhosa_01948,True
xh,isiXhosa,azifunwa ke ikaka ezingajoliyo 😂😂😂,Azifunwa ke abantu abangajoliyo 😂😂😂,afrihate_human_reviewed,AfriHate,train_isixhosa_01948,True
xh,isiXhosa,azifunwa ke ikaka ezingajoliyo 😂😂😂,azifunwa ke abantu ezingajoliyo 😂😂😂,afrihate_human_reviewed,AfriHate,train_isixhosa_01948,True
xh,isiXhosa,lp: izingane zoma - isifebe sendoda. #ingomabusuku,lp: izingane zoma - umuntu ongaziphathi kahle. #ingomabusuku,afrihate_human_reviewed,AfriHate,train_isixhosa_01995,True
xh,isiXhosa,"@username ai cha, umthakathi ngempela bafo URL","Ai cha, kukho into engaqhelekanga ngaloo mntu, bafo",afrihate_human_reviewed,AfriHate,train_isixhosa_01996,True
xh,isiXhosa,"@username ai cha, umthakathi ngempela bafo URL","@username ai cha, kukho into engaqondakaliyo ngaye, bafo URL",afrihate_human_reviewed,AfriHate,train_isixhosa_01996,True
xh,isiXhosa,🙏mayibanjwe injakazi engenambheko izodibana nontaga bayo pha etrongweni. URL,"🙏Makaphathwe ngokomthetho umntu ongenambeko, aze adibane nontanga yakhe etrongweni.",afrihate_human_reviewed,AfriHate,train_isixhosa_02068,True
xh,isiXhosa,🙏mayibanjwe injakazi engenambheko izodibana nontaga bayo pha etrongweni. URL,🙏mabanjwe umntu onetyala aze adibane nomahluleli wakhe etrongweni. URL,afrihate_human_reviewed,AfriHate,train_isixhosa_02068,True
xh,isiXhosa,ubutywala buyakwazi ukwenza ubembi... kutsho isibhanxa endingasazi nosazi.,ubutywala buyakwazi ukwenza umntu aziphathe kakubi... kutsho umntu endingamazi okanye ongaziwayo,afrihate_human_reviewed,AfriHate,train_isixhosa_02109,True
xh,isiXhosa,ubutywala buyakwazi ukwenza ubembi... kutsho isibhanxa endingasazi nosazi.,Ubutywala bunokwenza umntu abe mbi... kuya kubonakala nakwabo endingamaziyo nabaziyo.,afrihate_human_reviewed,AfriHate,train_isixhosa_02109,True
xh,isiXhosa,ubutywala buyakwazi ukwenza ubembi... kutsho isibhanxa endingasazi nosazi.,Ubutywala bunokwenza umntu enze izinto ezimbi... njengomntu ophuzileyo endingamazi.,afrihate_human_reviewed,AfriHate,train_isixhosa_02109,True
xh,isiXhosa,@username ugcwele ikaka lo... URL,@username ugcwele amanga lo... URL,afrihate_human_reviewed,AfriHate,train_isixhosa_02143,True
xh,isiXhosa,"indaba isamile nangoku, ungathethi ikaka xa uthetha nami. URL",Umba usamile; thetha nam ngendlela efanelekileyo xa uthetha nam.,afrihate_human_reviewed,AfriHate,train_isixhosa_02184,True
xh,isiXhosa,@username #muvhango uyandidika zenja ngcono ngathi wayethandana no ndalamo kodwa yayiyi force marriedge futsek .,"@username #muvhango iyandicaphukisa, kungcono ukuba wayethandana noNdlamo kodwa yayiyi forced marriage.",afrihate_human_reviewed,AfriHate,train_isixhosa_02194,True
xh,isiXhosa,nomarussia indoda enothando kodwa isidenge. 😂😂😂😂,nomarussia indoda enothando kodwa iye yenza izinto ezingaqondakaliyo. 😂😂😂😂,afrihate_human_reviewed,AfriHate,train_isixhosa_02206,True
xh,isiXhosa,nomarussia indoda enothando kodwa isidenge. 😂😂😂😂,nomarussia indoda enothando kodwa ayiziphathi ngobulumko. 😂😂😂😂,afrihate_human_reviewed,AfriHate,train_isixhosa_02206,True
xh,isiXhosa,ngumthetho wabo banje. kaloku kuyatyiswana ingulowo ufuna inqatha. zizinyolu nyolu zifuze abaphathi usukela ku mongameli URL,"Ngumthetho wabo banje. Kaloku kuyatyiswana, lowo ufuna inqatha. Abantu abangafanelekanga ukuba ngabaphathi, kusukela kumongameli URL",afrihate_human_reviewed,AfriHate,train_isixhosa_02207,True
xh,isiXhosa,bethuna xa ningayazi into nibovele nithule endaweni ba nithethe ikaka.,Nithule xa ningayazi into endaweni yokuthetha izinto ezingachanekanga.,afrihate_human_reviewed,AfriHate,train_isixhosa_02267,True
xh,isiXhosa,iyancitha ke into yokuthethelela itshomi elimenemene. uzihlaze wena ebantwini kodwa uthelela imenemene. umane usothuka 💔,Ayilunganga ke into yokuthethelela itshomi elimenemene. Ubonakala kakubi phambi kwabantu kodwa uthelela imenemene. Umane usothuka 💔,afrihate_human_reviewed,AfriHate,train_isixhosa_02275,True
xh,isiXhosa,#100thingsifindannoying is umthakathi especially lo othakatha engazi uzotholani,"#100thingsifindannoying abantu abenza umthakathi, ngakumbi abo abangazi ukuba baya kufumana ntoni",afrihate_human_reviewed,AfriHate,train_isixhosa_02302,True
xh,isiXhosa,#100thingsifindannoying is umthakathi especially lo othakatha engazi uzotholani,"#100thingsifindannoying yinkolelo kumthakathi, ngakumbi abantu abenza umthakathi abangachaziyo ukuba baza kwenza ntoni",afrihate_human_reviewed,AfriHate,train_isixhosa_02302,True
xh,isiXhosa,umamelele ukuthetha ikaka wena ngamazinyo amabi URL,"Nceda yeka ukuthetha amagama angafanelekanga, wena.",afrihate_human_reviewed,AfriHate,train_isixhosa_02361,True
xh,isiXhosa,@USER yambona kodwa umuntu ka zee? igeza!,"@USER yambona, kodwa ngaba lo ngumntu kaZee? Nceda ahlambuke.",afrihate_human_reviewed,AfriHate,train_isixhosa_02364,True
xh,isiXhosa,"nalo umnqundu uyagqitha, masiqine URL","nalo lo mntu uyagqitha, masiqine URL",afrihate_human_reviewed,AfriHate,train_isixhosa_02380,True
xh,isiXhosa,mangsemotweni yakho udriver ikaka kdamuka utshwala😩,Emotweni yakho udriver unuka utshwala😩,afrihate_human_reviewed,AfriHate,train_isixhosa_02385,True
xh,isiXhosa,uyayinxila ikaka 😂 URL,Uyaphoxa kakhulu 😂 URL,afrihate_human_reviewed,AfriHate,train_isixhosa_02411,True
xh,isiXhosa,#highschoolfacts 1)isela 2)isifebe sakhona 3)3 best friends 4)amajitha ahlala eneat 5)ilo ohlala efunda bt akawatholi ama marks aphezulu,#highschoolfacts 1) umntu othanda ukusela 2) kukho umntu onobudlelwane obuninzi 3) abahlobo abathathu abasondeleyo 4) amakhwenkwe ahlala edla 5) umntu ohlala efunda kodwa akafumani amanqaku aphezulu,afrihate_human_reviewed,AfriHate,train_isixhosa_02415,True
xh,isiXhosa,yena uyangisiza kodwa uyanuka ☹,yena uyangisiza kodwa unephunga ☹,afrihate_human_reviewed,AfriHate,train_isixhosa_02430,True
xh,isiXhosa,@username siqhele over yilonto imenemene silibona lipha kude,@username siqhele over yilonto incinane silibona lipha kude,afrihate_human_reviewed,AfriHate,train_isixhosa_02447,True
xh,isiXhosa,@username tyhi!?!?!? ogqiba azoveza isidenge asitshatileyo apha... banjani na aba bantu?,@username tyhi!?!?!? abantu abangashadanga apha bayabonisa ukuziphatha okungafanelekanga... banjani na aba bantu?,afrihate_human_reviewed,AfriHate,train_isixhosa_02475,True
xh,isiXhosa,@username tyhi!?!?!? ogqiba azoveza isidenge asitshatileyo apha... banjani na aba bantu?,@username tyhi!?!?!? ogqiba azoveza ukuziphatha okungaqondakaliyo apha... banjani na aba bantu?,afrihate_human_reviewed,AfriHate,train_isixhosa_02475,True
xh,isiXhosa,uyasazi isidenge? nguwe tamkhulu URL,uyazi ukuba udidekile? nguwe tamkhulu URL,afrihate_human_reviewed,AfriHate,train_isixhosa_02494,True
xh,isiXhosa,uyasazi isidenge? nguwe tamkhulu URL,Uyayazi ukuziphatha okungaqhelekanga? Nguwe.,afrihate_human_reviewed,AfriHate,train_isixhosa_02494,True
xh,isiXhosa,@username ligxothiwe igqwirha eli ubuthetha ngalo izolo 🤣 URL,@username ligxothiwe lowo umntu owawuthetha ngaye izolo 🤣 URL,afrihate_human_reviewed,AfriHate,train_isixhosa_02512,True
xh,isiXhosa,"hawu ""@username : isifebe size ngomlalo.""","hawu ""@username : umntu size ngomlalo.""",afrihate_human_reviewed,AfriHate,train_isixhosa_02526,True
xh,isiXhosa,ngathi le promo gig ye covid-19 bayinike isibhanxa,ngathi le promo gig ye covid-19 bayenza ngokugqithisileyo,afrihate_human_reviewed,AfriHate,train_isixhosa_02534,True
xh,isiXhosa,"as soon as athi ""futsek"" you know kuzoba lit 😂😂. oko u @username wathukwa efika nje eclassini.","as soon as athi ""hayi"" you know kuzoba lit 😂😂. oko u @username wathukwa efika nje eclassini.",afrihate_human_reviewed,AfriHate,train_isixhosa_02543,True
xh,isiXhosa,@USER iphixiphixi le friend,Lo mhlobo undikhathaza.,afrihate_human_reviewed,AfriHate,train_isixhosa_02548,True
xh,isiXhosa,@USER iphixiphixi le friend,Le friend iyacasula.,afrihate_human_reviewed,AfriHate,train_isixhosa_02548,True
xh,isiXhosa,@USER iphixiphixi le friend,Le friend iyandikhathaza,afrihate_human_reviewed,AfriHate,train_isixhosa_02548,True
xh,isiXhosa,@username xa uzakuloqa inkukuma ingathi ngosowulele ngoku 🙃 URL,"@username xa uza kuthetha into engalunganga, kubonakala ngathi usesulelekile ngoku 🙃 URL",afrihate_human_reviewed,AfriHate,train_isixhosa_02575,True
xh,isiXhosa,"@username isidenge nguwe. theni ungatsho kwezinye iipresenters phaya ethivini uba mazifunde iilwimi zethu? why luyanda? khawusimele. khawuqale ngaba baxakwa nakubiza amagama ethu enkobe kuqala, kodwa bazalelwe emzantsi #nyannyan","@username andiyiqondi into oyithethayo. Ungatsho kwezinye iipresenters phaya ethelevishini ukuba mazifunde iilwimi zethu? Kutheni luyanda olo phazamo? Ndicela ume — qala ngokuba baxakekile xa bechaza amagama ethu, nangona bezalelwe emzantsi. #nyannyan",afrihate_human_reviewed,AfriHate,train_isixhosa_02619,True
xh,isiXhosa,uyanuka phu ! URL,Unuka kancinci.,afrihate_human_reviewed,AfriHate,train_isixhosa_02646,True
xh,isiXhosa,uyanuka phu ! URL,"Kukho ivumba, phu!",afrihate_human_reviewed,AfriHate,train_isixhosa_02646,True
xh,isiXhosa,Akukho isixhobo esibukhali kwi-shed.,Awunakho ukuba namava amaninzi ngale nto njengabanye.,original_human_parallel,original_human_annotated,,True
xh,isiXhosa,Andifuni ukuba kwizihlangu zakho ngoku.,Andisithandi isikhundla sakho.,original_human_parallel,original_human_annotated,,True
xh,isiXhosa,Andizukuphumla ndide ndiphinde ndiziphindezelele.,Ndiza kulandela isisombululo sokuzimisela okungagungqiyo.,original_human_parallel,original_human_annotated,,True
xh,isiXhosa,Awukho umbono omuhle.,Unembonakalo eyahlukileyo.,original_human_parallel,original_human_annotated,,True
xh,isiXhosa,Awunayo indlela yokuziphatha.,Andivumelani nezenzo zakho.,original_human_parallel,original_human_annotated,,True
xh,isiXhosa,Awungekhe ugalele amanzi kwi-boot enemiyalelo yesithende.,Lo msebenzi unokuba ngumngeni kuwe.,original_human_parallel,original_human_annotated,,True
xh,isiXhosa,Awunokwazi ukuba kubetha ntoni.,Ndiza kukwenza indawo yam icace.,original_human_parallel,original_human_annotated,,True
xh,isiXhosa,Awunyanisekanga.,Andiziva ndinokuthembela kuwe.,original_human_parallel,original_human_annotated,,True
xh,isiXhosa,"Hamba uyokufa wedwa, asinamdla ngawe!","Ungasifaki kulongxaki yakho, asinamdla ngawe!",original_human_parallel,original_human_annotated,,True
xh,isiXhosa,Imbuyiselo iya kukhawuleza.,Ndiza kufuna okusesikweni ngokukhawuleza.,original_human_parallel,original_human_annotated,,True
xh,isiXhosa,Ingaba uhlala ungenanto?,Kubonakala ngathi unengxaki yokuqonda oku.,original_human_parallel,original_human_annotated,,True
xh,isiXhosa,Ingqondo yakho yefashoni ayinangqondo.,Unengqondo yengqondo.,original_human_parallel,original_human_annotated,,True
xh,isiXhosa,Inkangeleko yakho lixesha.,Unembonakalo eyahlukileyo.,original_human_parallel,original_human_annotated,,True
xh,isiXhosa,Izenzo zakho ziya kuba nemiphumo.,Izenzo zakho ziya kuba nemiphumo emihle.,original_human_parallel,original_human_annotated,,True
xh,isiXhosa,Kufana nokuthetha nodonga lwezitena kunye nawe.,Ndinengxaki yokunxibelelana kakuhle nawe.,original_human_parallel,original_human_annotated,,True
xh,isiXhosa,Kwenzeka ntoni ebusweni bakho?,Ingaba ulungile?,original_human_parallel,original_human_annotated,,True
xh,isiXhosa,Le iya kuba yimpazamo yokugqibela owakha wayenza.,Ndiyathemba ukuba oku kusebenza njengamava okufunda.,original_human_parallel,original_human_annotated,,True
xh,isiXhosa,Lo mbala awukwenzi nto kuwe.,Lo mbala awunakuba lolona khetho lufanelekileyo kuwe.,original_human_parallel,original_human_annotated,,True
xh,isiXhosa,Ndinemibhoxo yekofu ngobuntu obungaphezulu kunye nobukrelekrele.,Ndiyayixabisa imbono yakho eyodwa.,original_human_parallel,original_human_annotated,,True
xh,isiXhosa,"Ndinqumle, kwaye uya kuzisola.",Ndiyakubongoza ukuba uqwalasele kwakhona iziphumo zakho ngezizenzo.,original_human_parallel,original_human_annotated,,True
xh,isiXhosa,Ndiza kukonakalisa.,Ndiza kukhusela igama lam.,original_human_parallel,original_human_annotated,,True
xh,isiXhosa,Ndiza kukubeka endaweni yakho.,Ndiza kuqinisekisa igunya lam.,original_human_parallel,original_human_annotated,,True
xh,isiXhosa,Ndiza kukufundisa isifundo.,Ndifuna ufunde kule meko.,original_human_parallel,original_human_annotated,,True
xh,isiXhosa,Ndiza kukuthatha i-peg okanye ezimbini.,Ndiza kulungisa indlela oziphethe ngayo.,original_human_parallel,original_human_annotated,,True
xh,isiXhosa,Ndiza kukutshabalalisa.,Ndiza kwenza yonke into esemandleni am ukukhusela umdla wam.,original_human_parallel,original_human_annotated,,True
xh,isiXhosa,Ndiza kukwenza uhlawule.,Ndizimisele ukufuna imbuyekezo.,original_human_parallel,original_human_annotated,,True
xh,isiXhosa,Ndiza kukwenza ukuba ubandezeleke iziphumo ongakwaziyo nokuzicinga.,Ndifuna ukuqinisekisa iziphumo ezifanelekileyo nezilinganayo.,original_human_parallel,original_human_annotated,,True
xh,isiXhosa,Ndiza kukwenza ukuba ubendezeleke iziphumo ongakwaziyo nokucinga.,Ndifuna ukuqinisekisa ukuba iziphumo zinhle.,original_human_parallel,original_human_annotated,,True
xh,isiXhosa,Ndiza kukwenza ukuba ucele.,Ndifuna ukuba sifumane isisombululo esigcina isidima sakho kumntu wonke.,original_human_parallel,original_human_annotated,,True
xh,isiXhosa,Ndiza kukwenza ukuba ungakhange udibane nam.,Ndiyazisola ukusebenzisana kwethu.,original_human_parallel,original_human_annotated,,True
xh,isiXhosa,Ndiza kukwenza ukuba uve ubunzima obukhulu.,Ndiyathemba ukuba isisombululo esinciphisa ingozi.,original_human_parallel,original_human_annotated,,True
xh,isiXhosa,Ndiza kukwenza ukubandezeleka.,Andifuni ukuba nabani na abe neengxaki.,original_human_parallel,original_human_annotated,,True
xh,isiXhosa,Ndiza kukwenza umnikelo awukwazi ukwala.,Ndiza kuzisa isindululo esinyanzelekileyo.,original_human_parallel,original_human_annotated,,True
xh,isiXhosa,Ndiza kukwenza uzisole ngale.,Ndiyathemba ukuba uya kucamngca ngeziphumo zezenzo zakho.,original_human_parallel,original_human_annotated,,True
xh,isiXhosa,Ndiza kukwenza uzisole ngemini owazalwa ngayo.,Ndilusizi kakhulu ngeli thuba seziganeko.,original_human_parallel,original_human_annotated,,True
xh,isiXhosa,Ndiza kukwenza uzisole ngesi sigqibo.,Andivumelani nesi sigqibo.,original_human_parallel,original_human_annotated,,True
xh,isiXhosa,Ndiza kukwenzela umzekelo kwabanye.,Ndifuna ukuseka izikhokelo ezicacileyo.,original_human_parallel,original_human_annotated,,True
xh,isiXhosa,Ndiza kuphelisa le nto.,Ndifuna ukuzisa esi sigqibo esaneleyo.,original_human_parallel,original_human_annotated,,True
xh,isiXhosa,Ndiza kuqinisekisa ukuba awusoze uyilibale le nto.,Ndifuna ukuqinisekisa ukuba oku kushiya umbono oqinisekileyo.,original_human_parallel,original_human_annotated,,True
xh,isiXhosa,Ndiza kuqinisekisa ukuba ungaze ulibale lo mhlazo.,Ndiyathemba ukuba singafunda kwaye sikhule kule nto.,original_human_parallel,original_human_annotated,,True
xh,isiXhosa,Ndiza kutshabalalisa ukuthembeka kwakho.,Ndixhalabile ngefuthe kwigama lakho.,original_human_parallel,original_human_annotated,,True
xh,isiXhosa,Ndiza kuwe.,Ndilandela zonke iindlela zokusombulula lo mbandela.,original_human_parallel,original_human_annotated,,True
xh,isiXhosa,Ndiza kwenza ubomi bakho bube lusizi.,Andonwababga yindlela ondiphethe ngayo.,original_human_parallel,original_human_annotated,,True
xh,isiXhosa,Ndiza kwenza ubomi bakho bube sisihogo esiphilayo.,Ndifuna ukukuphucula le meko.,original_human_parallel,original_human_annotated,,True
xh,isiXhosa,Ndiza kwenza ukuba ubhatale kalishumi ngaphezulu.,Ndiza kufuna umonakalo obalulekileyo.,original_human_parallel,original_human_annotated,,True
xh,isiXhosa,Ndiza kwenza ukubakho okuqhubekayo kokubakho.,Ndizimisele ukufumana indlela eya phambili eqinisekisa ukuba impilo-ntle yabo bonke ababandakanyekayo kwaye bathintela ukonakala okungaphezulu.,original_human_parallel,original_human_annotated,,True
xh,isiXhosa,Ndiza kwenza umzekelo wakho.,Ndifuna ukuqinisekisa ukuba le nto iphinde yenzeke.,original_human_parallel,original_human_annotated,,True
xh,isiXhosa,Ndizakufumana nawe.,Ndiyakholelwa kwisigqibo esifanelekileyo.,original_human_parallel,original_human_annotated,,True
xh,isiXhosa,Ndizakuvala.,Ndicela ukuba uyeke ukuphazamisa.,original_human_parallel,original_human_annotated,,True
xh,isiXhosa,Ndizokuphulukana nomonde wam nawe.,Ndizakuphelelwa lelixesha ndinalo nawe.,original_human_parallel,original_human_annotated,,True
xh,isiXhosa,Ndizokuyeka amandla am aphelele kuwe.,Ndifumana uxinizelelo olukhulu kwaye ndifuna isisombululo esikhawulezileyo nesilinganayo.,original_human_parallel,original_human_annotated,,True
xh,isiXhosa,Ngaba awukhe ucinge ngaphambi kokuba uthethe?,Kunokuba luncedo ukuqwalasela ifuthe lamagama akho.,original_human_parallel,original_human_annotated,,True
xh,isiXhosa,Ngaba ingqondo yakho yenziwe ziziponji?,Ingaba uziva ungaphilanga?,original_human_parallel,original_human_annotated,,True
xh,isiXhosa,Ngaba uwile ngaphandle komthi wobudenge wabetha onke amasebe ngasendleleni?,Ndiyathemba ukuba uyalunga.,original_human_parallel,original_human_annotated,,True
xh,isiXhosa,Ngaba wazalwa kwindlela enkulu? Kulapho uninzi lweengozi lwenzeka khona.,Ndixhalabile kukhuseleko lwakho.,original_human_parallel,original_human_annotated,,True
xh,isiXhosa,Ngokucacileyo awuzange umphambukeli ngumphezulu wengqondo.,Unazo ezinye iimpawu ezixabisekileyo.,original_human_parallel,original_human_annotated,,True
xh,isiXhosa,U-DUMBER kune-geknob.,Unendlela eyahlukileyo yokujonga izinto.,original_human_parallel,original_human_annotated,,True
xh,isiXhosa,Ubomi bakho buya kuphulukana.,Le meko iye yanda ukuya kwinqanaba elinzima.,original_human_parallel,original_human_annotated,,True
xh,isiXhosa,Ubonakala ngathi awukasiboni isipili kwiminyaka.,Mhlawumbi i-hairtyle eyahlukileyo iya kukulungela.,original_human_parallel,original_human_annotated,,True
xh,isiXhosa,Ubonakala ngathi ungochukunyiswe yinkawu engaboniyo.,Isimbo sakho ngokuqinisekileyo sivakalisa.,original_human_parallel,original_human_annotated,,True
xh,isiXhosa,Ubungqina bokuba indaleko ingahamba umva.,Abantu bafunda kwaye baphuhlise ngamanqanaba ahlukeneyo.,original_human_parallel,original_human_annotated,,True
xh,isiXhosa,Udlala umdlalo oyingozi.,Ndixhalabile ngomngcipheko obandakanyekayo.,original_human_parallel,original_human_annotated,,True
xh,isiXhosa,Ujongeka ngathi awukalalanga ngeentsuku.,Ujongeka ngathi ufuna ukuphumla.,original_human_parallel,original_human_annotated,,True
xh,isiXhosa,Ujongeka ngathi ngumdaka oshushu.,Kubonakala ngathi uhamba kakhulu.,original_human_parallel,original_human_annotated,,True
xh,isiXhosa,Ujongeka ngathi udlule kwi-blender.,Ujongeka ngathi unexesha elinzima.,original_human_parallel,original_human_annotated,,True
xh,isiXhosa,Ujongeka ngathi ulele kwilahleko.,Ujongeka ngathi ungasebenzisa ukuphumla.,original_human_parallel,original_human_annotated,,True
xh,isiXhosa,Ujongeka ngathi yifoto.,Unakho ukujonga konke okusemandleni akho.,original_human_parallel,original_human_annotated,,True
xh,isiXhosa,Ujongeka ngathi yiyo i-Cat etsaliwe.,Awubonakali ngathi uziva ungcono.,original_human_parallel,original_human_annotated,,True
xh,isiXhosa,Ujongeka rhabaxa.,Ubonakala udiniwe.,original_human_parallel,original_human_annotated,,True
xh,isiXhosa,Ujongene nelinye.,Awungqinelani kumazwi nakwizenzo zakho.,original_human_parallel,original_human_annotated,,True
xh,isiXhosa,Ukhethe njengokukhanya njenge-lletbulb etshisiweyo.,Unendlela ekhethekileyo yokuzichaza.,original_human_parallel,original_human_annotated,,True
xh,isiXhosa,Ukungasebenzi.,Awukwazi ukutshintsha.,original_human_parallel,original_human_annotated,,True
xh,isiXhosa,Ukungathobeki kwakho akuyi kohlwaywa.,Ukungathobeli kwakho kuya kulungiswa.,original_human_parallel,original_human_annotated,,True
xh,isiXhosa,Ukwi-ice emkhenkceni kunye nam.,Ndilahlekelwe ngumonde.,original_human_parallel,original_human_annotated,,True
xh,isiXhosa,Ulihlazo.,Ndiphoxekile kwihambo yakho.,original_human_parallel,original_human_annotated,,True
xh,isiXhosa,Umsindo wam uya kuba phezu kwakho.,Umsindo wam uyamqaphela.,original_human_parallel,original_human_annotated,,True
xh,isiXhosa,Undityhala kumda.,Undisondeza kumda wam.,original_human_parallel,original_human_annotated,,True
xh,isiXhosa,Unembonakalo ekhethekileyo kakhulu.,Unesitayile somntu ngamnye.,original_human_parallel,original_human_annotated,,True
xh,isiXhosa,Unetyhefu.,Ukuziphatha kwakho kuyingozi.,original_human_parallel,original_human_annotated,,True
xh,isiXhosa,Ungqengqa.,Indlela oziphethe ngayo iyacaphukisa.,original_human_parallel,original_human_annotated,,True
xh,isiXhosa,UnguKumkanikazi weDrama / inkosi.,Uthanda ukuphuphuma.,original_human_parallel,original_human_annotated,,True
xh,isiXhosa,Ungumgangatho weparasite.,Izenzo zakho ziyingozi kwabanye.,original_human_parallel,original_human_annotated,,True
xh,isiXhosa,Ungumntu ongasemva.,Uvelise ukuthembana kwam.,original_human_parallel,original_human_annotated,,True
xh,isiXhosa,Ungumntu owoyikekayo.,Ndixhalabele indlela oziphethe ngayo.,original_human_parallel,original_human_annotated,,True
xh,isiXhosa,Ungumntu we-sandwich enye yepikniki.,Uzisa umbono ohlukileyo.,original_human_parallel,original_human_annotated,,True
xh,isiXhosa,Unobukrelekrele begolide.,Wonke umntu unamandla ahlukeneyo.,original_human_parallel,original_human_annotated,,True
xh,isiXhosa,Unobuso kuphela umama onokuthanda.,Unenkangeleko eyahlukileyo.,original_human_parallel,original_human_annotated,,True
xh,isiXhosa,Unxibe ubumnyama?,Ingubo yakho ngokuqinisekileyo yahlukile.,original_human_parallel,original_human_annotated,,True
xh,isiXhosa,Unyathela umkhenkce omncinci.,Izenzo zakho ziyingozi.,original_human_parallel,original_human_annotated,,True
xh,isiXhosa,Uphila ubungqina bokuba ukungazi kubalulekile.,Wonke umntu unolwazi kunye namava abo.,original_human_parallel,original_human_annotated,,True
xh,isiXhosa,Usayine nje iwaranti yakho.,Ubunzulu bemeko kukubona kakhulu.,original_human_parallel,original_human_annotated,,True
xh,isiXhosa,Usebenza kwi-frequency engezantsi.,Kubonakala ngathi sinezitayile zonxibelelwano ezahlukeneyo.,original_human_parallel,original_human_annotated,,True
xh,isiXhosa,Usisizathu esilahlekileyo.,Imeko inzima.,original_human_parallel,original_human_annotated,,True
xh,isiXhosa,Utywine ikamva lakho.,Ukukhetha kwakho kukhokelele kwimeko enzima.,original_human_parallel,original_human_annotated,,True
xh,isiXhosa,Uwele umgca ongafanelekanga ukuba ungawuwela.,Ukrwada umda.,original_human_parallel,original_human_annotated,,True
xh,isiXhosa,Uya kubandezeleka iziphumo zezenzo zakho.,Izenzo zinezinto ezihlaziyiweyo.,original_human_parallel,original_human_annotated,,True
xh,isiXhosa,"Uya kufumana into eza kuwe, emva koko.",Ndiyakholelwa uyakufumana iziphumo ezikulinganayo.,original_human_parallel,original_human_annotated,,True
xh,isiXhosa,"Uya kufumana into eza kuwe, kwaye imbi.",Ndiyakholelwa kubulungisa.,original_human_parallel,original_human_annotated,,True
xh,isiXhosa,"Uya kufumana into oyifaneleyo, ulishumi.",Ndiyakholelwa ngokulinganayo.,original_human_parallel,original_human_annotated,,True
xh,isiXhosa,Uya kufunda intsingiselo yentlungu.,Andinqweneli ukuba nabani na afumane iintlungu.,original_human_parallel,original_human_annotated,,True
xh,isiXhosa,Uya kuhlawula into oyenzileyo.,Uyakujongana neziphumo zalento uyenzileyo.,original_human_parallel,original_human_annotated,,True
xh,isiXhosa,Uya kuhlawula ixabiso.,Kukho iimpembelelo zemali kwezi zenzo.,original_human_parallel,original_human_annotated,,True
xh,isiXhosa,Uya kujongana neziphumo zokuphumelela kwakho.,Ukungahloniphi kwakho akuyi kuhamba ungabi nazityhakala.,original_human_parallel,original_human_annotated,,True
xh,isiXhosa,Uya kujongana nobushushu bam obugcweleyo.,Andikholiswa kakhulu kwaye ndifune ukulungiswa kwangoko.,original_human_parallel,original_human_annotated,,True
xh,isiXhosa,Uya kuphulukana nayo yonke into oyithandayo.,Ndiyathemba ukuba isisombululo esinciphisa ukonakaliswa kwawo onke amaqela abandakanyekayo.,original_human_parallel,original_human_annotated,,True
xh,isiXhosa,Uya kuphulukana nayo yonke into.,Ndifuna ukufumana isisombululo esinciphisa ilahleko.,original_human_parallel,original_human_annotated,,True
xh,isiXhosa,Uya kuwuva umsindo wam.,Andikholiswa kakhulu.,original_human_parallel,original_human_annotated,,True
xh,isiXhosa,Uya kuzisola ngemini owazalwa ngayo.,Ndidanile kakhulu.,original_human_parallel,original_human_annotated,,True
xh,isiXhosa,Uya kuzisola ngokundila.,Ndiya kuphoxeka ukuba uwele umda ekuvunyelwene ngawo.,original_human_parallel,original_human_annotated,,True
xh,isiXhosa,Uya kuzisola owakhe waqalisa oku.,Ndinqwenela ukuba sifumane isisombululo esinoxolo ngakumbi.,original_human_parallel,original_human_annotated,,True
xh,isiXhosa,Uya kwenzakala.,Ndikhathazekile ukuba umntu uya kukwenzakala.,original_human_parallel,original_human_annotated,,True
xh,isiXhosa,Uyahla.,Ndiyakholelwa ukuba sinokufumana indlela ebhetele.,original_human_parallel,original_human_annotated,,True
xh,isiXhosa,Uyakufumana into ekufaneleyo.,Uxanduva lokuphendula lubalulekile.,original_human_parallel,original_human_annotated,,True
xh,isiXhosa,Uyinkathazo.,Uyaphazamisa.,original_human_parallel,original_human_annotated,,True
xh,isiXhosa,Uyintlungu.,Ubangela ubunzima.,original_human_parallel,original_human_annotated,,True
xh,isiXhosa,Uyintsapho leyo.,Kubonakala ngathi usebenzisa abanye.,original_human_parallel,original_human_annotated,,True
xh,isiXhosa,Uyinyoka.,Awunyanisekanga.,original_human_parallel,original_human_annotated,,True
xh,isiXhosa,Uyiphoxile.,Ndandilindelwe kakhulu.,original_human_parallel,original_human_annotated,,True
xh,isiXhosa,Uza kuzisola.,Ndifuna ukuqhubela phambili kwicala elifanelekileyo.,original_human_parallel,original_human_annotated,,True
xh,isiXhosa,Uzingca.,Izenzo zakho zibonakala zibeka phambili iimfuno zakho.,original_human_parallel,original_human_annotated,,True
xh,isiXhosa,Uziphosile nomntu ongalunganga.,Undikhathazile kakhulu.,original_human_parallel,original_human_annotated,,True
xh,isiXhosa,Wenza imeko enyanzelekileyo yokhetho lwendalo.,Ndiyayihlonipha imbono yakho.,original_human_parallel,original_human_annotated,,True
xh,isiXhosa,Wenze nje utshaba olunamandla.,Uyenzile i-rift.,original_human_parallel,original_human_annotated,,True
xh,isiXhosa,Zilungiselele okona kubi.,Ndilindele imiphumo emibi.,original_human_parallel,original_human_annotated,,True
xh,isiXhosa,isidenge,ukuqonda kwakho kufuna ukuphuculwa,original_human_parallel,original_human_annotated,,True
xh,isiXhosa,umfana ophambeneyo,indlela yakho imbi kakhulu,original_human_parallel,original_human_annotated,,True
yo,Yorùbá,"""@username eleyi ma ti ya were""",@username eleyi ma ti koja aala,afrihate_human_reviewed,AfriHate,dev_yoruba_00037,True
yo,Yorùbá,Mi ò gbádùn ohun aláìlérè yẹn rárá.,"I truly enjoy it—the way it is, I really enjoy it.",afrihate_human_reviewed,AfriHate,dev_yoruba_00069,True
yo,Yorùbá,bẹ́ ẹ bá wá rí ọ̀kọlà ẹ má mà mà bu ẹ má pè é lójú ẹlẹ́gba ẹ má fi rẹ́ẹ̀rín àṣà ilẹ̀ẹ wa ìgbaanì ló ńgbé lárugẹ,"Bí ẹ bá rí ẹni tó ní ilà lórí, ẹ má bu ú, ẹ má pè é ní orúkọ ìnira, ẹ má fi í rẹ́rìn; àṣà ilẹ̀ wa ìgbàànì ló ń gbé lárugẹ.",afrihate_human_reviewed,AfriHate,dev_yoruba_00071,True
yo,Yorùbá,"""obìnrin yà werey gidi gan....""",obìnrin ń hùwà àìtọ̀ gidi gan....,afrihate_human_reviewed,AfriHate,dev_yoruba_00128,True
yo,Yorùbá,"""obìnrin yà werey gidi gan....""",obìnrin hùwà tí kò tọ́ gidi gan....,afrihate_human_reviewed,AfriHate,dev_yoruba_00128,True
yo,Yorùbá,àṣẹ̀hìnwá àṣẹ̀hìnbọ̀ arábìnrin àgbèrè nì kó ẹ̀jọ́ ó rò ó fi yé mi wípé ọkọ ò fowó oúnjẹ sílẹ̀ ni òhun fi gbégbáa ọ̀dọ́kọ,àṣẹ̀hìnwá àṣẹ̀hìnbọ̀ arábìnrin náà nì kó ẹ̀jọ́ ó rò ó fi yé mi wípé ọkọ ò fowó oúnjẹ sílẹ̀ ni òhun fi lọ bá ọkùnrin mìíràn,afrihate_human_reviewed,AfriHate,dev_yoruba_00153,True
yo,Yorùbá,àṣẹ̀hìnwá àṣẹ̀hìnbọ̀ arábìnrin àgbèrè nì kó ẹ̀jọ́ ó rò ó fi yé mi wípé ọkọ ò fowó oúnjẹ sílẹ̀ ni òhun fi gbégbáa ọ̀dọ́kọ,àṣẹ̀hìnwá àṣẹ̀hìnbọ̀ arábìnrin náà ni kó ẹ̀jọ́ ó rò ó fi yé mi wípé ọkọ ò fowó oúnjẹ sílẹ̀ ni òhun fi lọ bẹ̀rẹ̀ owó ọ̀dọ́ ọkùnrin,afrihate_human_reviewed,AfriHate,dev_yoruba_00153,True
yo,Yorùbá,"""@username oro werey...oro ofo""",@username oro ti ko da lori...oro ti ko ni itumo,afrihate_human_reviewed,AfriHate,dev_yoruba_00171,True
yo,Yorùbá,"""set awon omo buruku #unilag #madeinlagos""",set awon omo #unilag #madeinlagos,afrihate_human_reviewed,AfriHate,dev_yoruba_00183,True
yo,Yorùbá,"""set awon omo buruku #unilag #madeinlagos""",set awon eniyan ti iwa won ko daa #unilag #madeinlagos,afrihate_human_reviewed,AfriHate,dev_yoruba_00183,True
yo,Yorùbá,ó fi omi abíyá nu wèrè lójú,ó fi omi abíyá nu aláìlera ọpọlọ lójú,afrihate_human_reviewed,AfriHate,dev_yoruba_00202,True
yo,Yorùbá,"""oloshi ni ac milan, score to make it 1-1 weere tun lo concede""","ac milan nilo lati dara sii, score to make it 1-1 won tun lo concede",afrihate_human_reviewed,AfriHate,dev_yoruba_00272,True
yo,Yorùbá,"""odaran ni bobo yí sa URL",Bobo yìí ní ọ̀ràn òfin sa,afrihate_human_reviewed,AfriHate,dev_yoruba_00348,True
yo,Yorùbá,"""omo ale ni eleyi o URL",Iwa ti eleyi n hu ko daa o,afrihate_human_reviewed,AfriHate,dev_yoruba_00369,True
yo,Yorùbá,"""omo ale ni eleyi o URL",Iwa eni yii ko dara o URL,afrihate_human_reviewed,AfriHate,dev_yoruba_00369,True
yo,Yorùbá,"""eranko like proper eranko lo mo elomi ninu yin""",Ìwa díẹ̀ nínú yín nílò ìtúnṣe gangan.,afrihate_human_reviewed,AfriHate,dev_yoruba_00374,True
yo,Yorùbá,"""eranko like proper eranko lo mo elomi ninu yin""",Díẹ̀ ninu yín nílò kí ìwà yín dara síi gan-an.,afrihate_human_reviewed,AfriHate,dev_yoruba_00374,True
yo,Yorùbá,"""werey la pe keee ko ki n tan lara omo’ba koma ku dansaki😂 URL",aláìlera la pe keee ko ki n tan lara omo’ba koma ku dansaki😂 URL,afrihate_human_reviewed,AfriHate,dev_yoruba_00384,True
yo,Yorùbá,Alaye shut up.. Olofooo,"Alaye, jowo dake.. O n soro pupo.",afrihate_human_reviewed,AfriHate,dev_yoruba_00489,True
yo,Yorùbá,"""@USER ori eleyi to buru bayi o""",ero eleyi nilo itunse die bayi o,afrihate_human_reviewed,AfriHate,dev_yoruba_00516,True
yo,Yorùbá,"""@USER ori eleyi to buru bayi o""",Èrò eléyìí kò dáa báyìí o,afrihate_human_reviewed,AfriHate,dev_yoruba_00516,True
yo,Yorùbá,"""@USER ori eleyi to buru bayi o""",@USER Ipo yii kii ṣe ohun ti a nireti.,afrihate_human_reviewed,AfriHate,dev_yoruba_00516,True
yo,Yorùbá,"""oloshi ni parrot yi oooo""",parrot yi ko dara oooo,afrihate_human_reviewed,AfriHate,dev_yoruba_00552,True
yo,Yorùbá,"""oloshi ni parrot yi oooo""",parrot yi nilo lati dara sii oooo,afrihate_human_reviewed,AfriHate,dev_yoruba_00552,True
yo,Yorùbá,"""@username eyan @username 😂  awon olodo 😋😋😋😋""",@username eyan @username 😂  awon ti nilo lati ko eko sii 😋😋😋😋,afrihate_human_reviewed,AfriHate,dev_yoruba_00638,True
yo,Yorùbá,"""@username awon iran baba e ni omo ale, o de ni kure… iwo oloriburuku omo iran kiran, adojutini omo lawujo… o ni sorire !""",@username Ìwa rẹ̀ kò dáa… ìwọ ń hùwà adojútini ní awujọ… ṣe àtúnṣe.,afrihate_human_reviewed,AfriHate,dev_yoruba_00644,True
yo,Yorùbá,"""oloriburuku ni gbogbo yin😂😂😂 URL",gbogbo yin nilo lati dara sii😂😂😂 URL,afrihate_human_reviewed,AfriHate,dev_yoruba_00707,True
yo,Yorùbá,ọmọdé kékeré ni ọjọ́ orí rẹ̀ ò lè ju ọdún mẹ́wàá sí méjìà lọ wèrè ni mo rí i lẹ́bàáa títì ńgbàa mo rè é ra sèré mo kó àánú rẹ̀,ọmọdé kékeré ni ọjọ́ orí rẹ̀ ò lè ju ọdún mẹ́wàá sí méjìà lọ aláìlera ọkàn ni mo rí i lẹ́bàáa títì ńgbàa mo rè é ra sèré mo kó àánú rẹ̀,afrihate_human_reviewed,AfriHate,dev_yoruba_00714,True
yo,Yorùbá,"""@username ani omo ale ni gbogbo yin  awon omo ako ti le ta  children of perdition""","@username ani gbogbo yín nílò ìtúnṣe, ẹ nílò láti kọ́ ẹ̀kọ́ síi.",afrihate_human_reviewed,AfriHate,dev_yoruba_00724,True
yo,Yorùbá,"""oniranu omo lo poju ninu yin 😎😎😎😎""",iwa buburu lo poju ninu yin 😎😎😎😎,afrihate_human_reviewed,AfriHate,test_yoruba_00023,True
yo,Yorùbá,"""oniranu omo lo poju ninu yin 😎😎😎😎""",iwa ti ko daa lo poju ninu yin 😎😎😎😎,afrihate_human_reviewed,AfriHate,test_yoruba_00023,True
yo,Yorùbá,"""oniranu omo lo poju ninu yin 😎😎😎😎""",omo ti ko ni iwa rere lo poju ninu yin 😎😎😎😎,afrihate_human_reviewed,AfriHate,test_yoruba_00023,True
yo,Yorùbá,"""oniranu omo lo poju ninu yin 😎😎😎😎""",iwa ti ko dara lo poju ninu yin 😎😎😎😎,afrihate_human_reviewed,AfriHate,test_yoruba_00023,True
yo,Yorùbá,"""oniranu omo lo poju ninu yin 😎😎😎😎""",awon ti iwa won ko dara lo poju ninu yin 😎😎😎😎,afrihate_human_reviewed,AfriHate,test_yoruba_00023,True
yo,Yorùbá,"""@username oloriburuku ni bàbá rẹ̀""",Bàbá rẹ̀ lè dara síi.,afrihate_human_reviewed,AfriHate,test_yoruba_00071,True
yo,Yorùbá,"""@username oloriburuku ni bàbá rẹ̀""",@username Ìṣe bàbá rẹ̀ kò dáa.,afrihate_human_reviewed,AfriHate,test_yoruba_00071,True
yo,Yorùbá,"""@USER okan oni bale.. oloriburuku ashewo.""",@USER jẹ́ kí ọkàn rẹ balẹ.. ìwà rẹ nílò ìtúnṣe.,afrihate_human_reviewed,AfriHate,test_yoruba_00155,True
yo,Yorùbá,"""@USER okan oni bale.. oloriburuku ashewo.""",@USER okan re nilo ki o bale.. iwa re nilo itunse.,afrihate_human_reviewed,AfriHate,test_yoruba_00155,True
yo,Yorùbá,"""@USER okan oni bale.. oloriburuku ashewo.""",@USER okan oni bale.. iwa re nilo atunse.,afrihate_human_reviewed,AfriHate,test_yoruba_00155,True
yo,Yorùbá,"""@username sense ke? ori eleyi ti daru seriously.""","@username Se eyi ni itumo? Ero re ti daru die, seriously.",afrihate_human_reviewed,AfriHate,test_yoruba_00196,True
yo,Yorùbá,"""gbabe olofo lon binu ologo! URL",gbabe eni ti ko tii saseyori lon binu ologo! URL,afrihate_human_reviewed,AfriHate,test_yoruba_00244,True
yo,Yorùbá,"""dami oloribuku omo jati jati !!!! #loveisland""","dami, iwa re nilo atunse!!!! #loveisland",afrihate_human_reviewed,AfriHate,test_yoruba_00265,True
yo,Yorùbá,ọgbọ́n inú ọlọ́gbọ́n ni ọlọ́gbọ́n fi ńjẹun aṣièrè èèyàn kò mọ ìmọ̀ràn araa rẹ̀ẹ́ gbà a díá fún ọ̀rúnmìlà,ọgbọ́n inú ọlọ́gbọ́n ni ọlọ́gbọ́n fi ńjẹun ènìyàn tí kò ní ọgbọ́n kò mọ ìmọ̀ràn araa rẹ̀ẹ́ gbà a díá fún ọ̀rúnmìlà,afrihate_human_reviewed,AfriHate,test_yoruba_00274,True
yo,Yorùbá,ọgbọ́n inú ọlọ́gbọ́n ni ọlọ́gbọ́n fi ńjẹun aṣièrè èèyàn kò mọ ìmọ̀ràn araa rẹ̀ẹ́ gbà a díá fún ọ̀rúnmìlà,"ọgbọ́n inú ọlọ́gbọ́n ni ọlọ́gbọ́n fi ńjẹun, ẹni tí kò ní ìmòye kò mọ ìmọ̀ràn araa rẹ̀ẹ́ gbà a díá fún ọ̀rúnmìlà",afrihate_human_reviewed,AfriHate,test_yoruba_00274,True
yo,Yorùbá,toò ẹ máà jẹ́ káwọn èwe yín di olódo ràbàtà nílé ìwé ẹ yá a máa fún wọn láwùsá jẹ kí wọ́n ba lè mọ̀wé bíi kòfẹ́sọ̀,toò ẹ máà jẹ́ káwọn èwe yín di aláìlera nílé ìwé ẹ yá a máa fún wọn láwùsá jẹ kí wọ́n ba lè mọ̀wé bíi kòfẹ́sọ̀,afrihate_human_reviewed,AfriHate,test_yoruba_00323,True
yo,Yorùbá,toò ẹ máà jẹ́ káwọn èwe yín di olódo ràbàtà nílé ìwé ẹ yá a máa fún wọn láwùsá jẹ kí wọ́n ba lè mọ̀wé bíi kòfẹ́sọ̀,toò ẹ máà jẹ́ káwọn èwe yín ní ìṣòro nílé ìwé ẹ yá a máa fún wọn láwùsá jẹ kí wọ́n ba lè mọ̀wé bíi kòfẹ́sọ̀,afrihate_human_reviewed,AfriHate,test_yoruba_00323,True
yo,Yorùbá,Ori gbogboyin ti daru,Ori gbogbo yin nilo itunse die.,afrihate_human_reviewed,AfriHate,test_yoruba_00382,True
yo,Yorùbá,"""orí ẹ dàrú dànù URL",O dà bí ẹni pé o ní ìdàrú díẹ̀ URL,afrihate_human_reviewed,AfriHate,test_yoruba_00386,True
yo,Yorùbá,"""ólófó lò binù òlògò""",Ẹni tí ó pàdánù ló bínú ológo.,afrihate_human_reviewed,AfriHate,test_yoruba_00472,True
yo,Yorùbá,"""ólófó lò binù òlògò""",Ẹni tó ní òfó ló bínú ològò,afrihate_human_reviewed,AfriHate,test_yoruba_00472,True
yo,Yorùbá,"""ólófó lò binù òlògò""",Enìyàn aláìsùúrù ló bínú sí ẹni aláìmọ̀kan.,afrihate_human_reviewed,AfriHate,test_yoruba_00472,True
yo,Yorùbá,"""@username gbogbo yin ti yawerey 😂😂""",@username gbogbo yin nílò lati ronu dáadáa 😂😂,afrihate_human_reviewed,AfriHate,test_yoruba_00494,True
yo,Yorùbá,"""@username ori e buru, omo ale jati-jati. 😆😄""",@username ironu re nilo atunse; iwa re le dara sii. 😆😄,afrihate_human_reviewed,AfriHate,test_yoruba_00498,True
yo,Yorùbá,"""eleribu ni bobo yí. omo burúkú ni wọn wá. 🤣🤣🤣 URL",Ẹni tí ó nílò ìtúnṣe ni bobo yí. Ìwà wọn ní àǹfààní láti dara síi. 🤣🤣🤣 URL,afrihate_human_reviewed,AfriHate,test_yoruba_00552,True
yo,Yorùbá,"""awon òlé bùrúkú URL",awon òlé kò dára,afrihate_human_reviewed,AfriHate,test_yoruba_00562,True
yo,Yorùbá,"""@username oloriburuku ni eyin mejeji""",@username Iwa eyin mejeji nilo itunse,afrihate_human_reviewed,AfriHate,test_yoruba_00613,True
yo,Yorùbá,"""@USER o n dun e ni wa to gbon ode oshi. ko ni fa fun àwọn to ni e,. o de ni jere iwo gann o no gbadun omo irankiran. afofun gbemu oponu""",@USER O n dun e pe awon to gbon wa. Kii fa fun awon to nifee re. Iwo funra re kii jere. Ma se gbadun iwa irankiran.,afrihate_human_reviewed,AfriHate,test_yoruba_00682,True
yo,Yorùbá,"""@username awon baba nla baba e ni oloriburuku""",@username awon baba nla baba e ni eni ti ko ni iwa rere,afrihate_human_reviewed,AfriHate,train_yoruba_00040,True
yo,Yorùbá,ẹnìkan ní irú ìyẹn ò lè ṣiṣẹ́ lékòó wèrè pọ̀ lékòó àwa tá a gbádùn ibẹ̀ ò ju díẹ̀,ẹnìkan ní irú ìyẹn ò lè ṣiṣẹ́ lékòó ìṣòro pọ̀ lékòó àwa tá a gbádùn ibẹ̀ ò ju díẹ̀,afrihate_human_reviewed,AfriHate,train_yoruba_00045,True
yo,Yorùbá,ẹnìkan ní irú ìyẹn ò lè ṣiṣẹ́ lékòó wèrè pọ̀ lékòó àwa tá a gbádùn ibẹ̀ ò ju díẹ̀,ẹnìkan ní irú ìyẹn ò lè ṣiṣẹ́ lékòó; ìwà búburú pọ̀ lékòó; àwa tá a gbádùn ibẹ̀ ò ju díẹ̀,afrihate_human_reviewed,AfriHate,train_yoruba_00045,True
yo,Yorùbá,ìròrìakéwì ọ̀pọ̀ sùúrù níí mú ọlọ́gbọ́n dà bíi òmùgọ̀ ọjọ́ ẹni tí a rẹ́ jẹ títí bíi ẹran súnsun ba fẹ jàjà kọ ìwọ̀sí nii di alágídíagbèraga ẹ̀dá ènìyàn  jcmcayodeji sodiq olalekan  yorùbá ewi poet,ìròrìakéwì ọ̀pọ̀ sùúrù níí mú ọlọ́gbọ́n dà bí ẹni pé kò ní ìmọ̀ ọjọ́ ẹni tí a rẹ́ jẹ títí bíi ẹran súnsun bá fẹ́ jàjà kọ ìwọ̀sí níí di ìwà alágídí àti ìgbéraga nínú ẹ̀dá ènìyàn  jcmcayodeji sodiq olalekan  yorùbá ewi poet,afrihate_human_reviewed,AfriHate,train_yoruba_00070,True
yo,Yorùbá,"""@username awon weyrey fé fí edekede bà ti wá jé... obirin eleyii yawerey gaan""",@username awon kan fé fí edekede bà ti wá jé... obirin eleyii kò ronu dáadáa,afrihate_human_reviewed,AfriHate,train_yoruba_00131,True
yo,Yorùbá,"""ko de ni wa ragba fún e to fi handle werey tweet radarada yii URL",Ko de ni wa agba fun e to fi handle yii tweet oro ti ko peye yii,afrihate_human_reviewed,AfriHate,train_yoruba_00189,True
yo,Yorùbá,"""ko de ni wa ragba fún e to fi handle werey tweet radarada yii URL",ko de ni wa ragba fun e to fi handle aibamu tweet ko peye yii URL,afrihate_human_reviewed,AfriHate,train_yoruba_00189,True
yo,Yorùbá,"""tanla takus alatarodo ti oun gbe in amuloko.. omo ale jati jati URL",Alátàròdò tí ó ń gbé ní Amuloko... ìwà rẹ nílò ìtúnṣe.,afrihate_human_reviewed,AfriHate,train_yoruba_00206,True
yo,Yorùbá,"""@username oloriburuku gidi ni bobo daniel yi.""",@username bobo Daniel yi ní ìwà tí kò dáa.,afrihate_human_reviewed,AfriHate,train_yoruba_00262,True
yo,Yorùbá,nánínánínání ohun a ní là ń nání mọ́ ya ọmọ àlè tí ń fọwọ́ òsì júwe ilée bàbáa rẹ̀,nánínánínání ohun a ní là ń nání mọ́ ya ẹni tí ń fọwọ́ òsì júwe ilée bàbáa rẹ̀,afrihate_human_reviewed,AfriHate,train_yoruba_00278,True
yo,Yorùbá,nánínánínání ohun a ní là ń nání mọ́ ya ọmọ àlè tí ń fọwọ́ òsì júwe ilée bàbáa rẹ̀,nánínánínání ohun a ní là ń nání mọ́ ya ọmọ tí ń fọwọ́ òsì júwe ilée bàbáa rẹ̀,afrihate_human_reviewed,AfriHate,train_yoruba_00278,True
yo,Yorùbá,"""@username level oribu òfo wo nìyẹn?""","""@username level àṣìṣe wo nìyẹn?""",afrihate_human_reviewed,AfriHate,train_yoruba_00383,True
yo,Yorùbá,"""@username level oribu òfo wo nìyẹn?""",@username level aṣiṣe wo nìyẹn?,afrihate_human_reviewed,AfriHate,train_yoruba_00383,True
yo,Yorùbá,"""@username level oribu òfo wo nìyẹn?""",@username level tí kò dáa wo nìyẹn?,afrihate_human_reviewed,AfriHate,train_yoruba_00383,True
yo,Yorùbá,"""@username awon oloshi oniro ofo""",@username e n so iro; e nilo lati dara sii.,afrihate_human_reviewed,AfriHate,train_yoruba_00498,True
yo,Yorùbá,"""@USER oh sorry, aunty se olodo niyin ni ma? 🏃🏼‍♂️🏃🏼‍♂️🏃🏼‍♂️""","@USER oh sorry, aunty se e nilo lati ko eko sii ni, ma 🏃🏼‍♂️🏃🏼‍♂️🏃🏼‍♂️",afrihate_human_reviewed,AfriHate,train_yoruba_00555,True
yo,Yorùbá,"""@username oh sorry, aunty se olodo niyin ni ma? 🏃🏼‍♂️🏃🏼‍♂️🏃🏼‍♂️""","oh sorry, aunty, ṣe ẹ nílò láti kọ́ ẹ̀kọ́ síi ni, ma? 🏃🏼‍♂️🏃🏼‍♂️🏃🏼‍♂️",afrihate_human_reviewed,AfriHate,train_yoruba_00555,True
yo,Yorùbá,"""dem say oniranu ni eyin noh 😂😂#rebuildilorinreputation URL",dem say eyin nilo itunse noh #rebuildilorinreputation URL,afrihate_human_reviewed,AfriHate,train_yoruba_00567,True
yo,Yorùbá,"""dem say oniranu ni eyin noh 😂😂#rebuildilorinreputation URL",dem say eyin nilo lati dara sii noh #rebuildilorinreputation URL,afrihate_human_reviewed,AfriHate,train_yoruba_00567,True
yo,Yorùbá,bó jẹ́ ọmọdé ló ń perí mi níbi ògúlùtu máà wó lù wọ́n lọ àgbà ló ń perí mi níbi ògíri àlàpà kó máà wó lù wọ́n lọ,"bó jẹ́ ọmọdé ló ń perí mi níbi ògúlùtu, máa kìlọ̀ fún wọn; àgbà ló ń perí mi níbi ògíri àlàpà, máa kìlọ̀ fún wọn",afrihate_human_reviewed,AfriHate,train_yoruba_00654,True
yo,Yorùbá,"""eranko ni bobo krunic yii 😡😡😡 #chelseamilan""",Bobo Krunic yii nílò lati dara síi 😡😡😡 #chelseamilan,afrihate_human_reviewed,AfriHate,train_yoruba_00658,True
yo,Yorùbá,"""@USER oloriburuku ni bobo yen sha""",@USER bobo yen nilo lati dara sii sha,afrihate_human_reviewed,AfriHate,train_yoruba_00671,True
yo,Yorùbá,ló ń jẹ́ kí ẹrù u wèrè ó pọ̀ ẹn ẹn bẹ́ẹ̀ ni o àìlèmójúkúrò ló ń mú kí ẹrù u wèrè ó pọ̀,"Ó ń jẹ́ kí ẹ̀rù àìlera ọpọlọ pọ̀, ẹn ẹn bẹ́ẹ̀ ni o, àìlèmójúkúrò ló ń mú kí ẹ̀rù àìlera ọpọlọ pọ̀.",afrihate_human_reviewed,AfriHate,train_yoruba_00737,True
yo,Yorùbá,"""@username ti ori arteta o ba fe buru ko ma start omo yii""","@username Bi Arteta ba fe se ipinnu to daa, ko ma start omo yii",afrihate_human_reviewed,AfriHate,train_yoruba_00741,True
yo,Yorùbá,"""@username oponu jati jati""",@username o nilo lati ko eko sii,afrihate_human_reviewed,AfriHate,train_yoruba_00796,True
yo,Yorùbá,wèrè ni rt òǹpìtàn ọ̀jọ̀gbọ́n ifácitì ní pé ènìyàn dúdú ò ní ìtàn kankan kí òyìnbó,Kò tọ́ ni rt òǹpìtàn ọ̀jọ̀gbọ́n ifácitì ní pé ènìyàn dúdú ò ní ìtàn kankan kí òyìnbó,afrihate_human_reviewed,AfriHate,train_yoruba_00809,True
yo,Yorùbá,wèrè ni rt òǹpìtàn ọ̀jọ̀gbọ́n ifácitì ní pé ènìyàn dúdú ò ní ìtàn kankan kí òyìnbó,aṣiṣe ni rt òǹpìtàn ọ̀jọ̀gbọ́n ifácitì ní pé ènìyàn dúdú ò ní ìtàn kankan kí òyìnbó,afrihate_human_reviewed,AfriHate,train_yoruba_00809,True
yo,Yorùbá,"""awon obinrin yi buru shaa awon kini buruku yii""","Ihuwasi awon obinrin yi ko dara shaa, awon ihuwasi buruku yii.",afrihate_human_reviewed,AfriHate,train_yoruba_00878,True
yo,Yorùbá,ahhhhhh oloseluuuuuu ki lo wa de ede wa so dokita jonathan di obo eri nkan bayi,ahhhhhh oloseluuuuuu ki lo wa de ede wa so dokita jonathan di eni ti a n se egan eri nkan bayi,afrihate_human_reviewed,AfriHate,train_yoruba_00907,True
yo,Yorùbá,"""@username awon eleyi buru""",@username awon eleyi le dara sii,afrihate_human_reviewed,AfriHate,train_yoruba_00949,True
yo,Yorùbá,"""@username awon eleyi buru""",@username awon eleyi nilo itunse,afrihate_human_reviewed,AfriHate,train_yoruba_00949,True
yo,Yorùbá,"""oti gbagbe ni !!! omo ale lasan URL",oti gbagbe ni !!! iwa re nilo itunse die URL,afrihate_human_reviewed,AfriHate,train_yoruba_00958,True
yo,Yorùbá,"""ori gbogbo yin ti daru""",Èrò gbogbo yín nílò ìtúnṣe díẹ̀.,afrihate_human_reviewed,AfriHate,train_yoruba_00960,True
yo,Yorùbá,"""ori gbogbo yin ti daru""",Ìrònú gbogbo yín nílò ìtúnṣe.,afrihate_human_reviewed,AfriHate,train_yoruba_00960,True
yo,Yorùbá,"""@username do you even know what pandora business is all about?. awe ma argue mọ jare. ọrọ radarada lo n tweet. ti wọn ba ti sọ ootọ ọrọ fún e next time ko yee jiyàn. you see now, obinrin wa n lecture e. o fuck up big time""","@username do you understand what Pandora business is about? Jọwọ má ṣe jiyàn mọ́. Ọ̀rọ̀ tí kò pé ló ń tweet. Tí wọ́n bá sọ òtítọ́ ọ̀rọ̀ fún ẹ, next time má ṣe jiyàn. You see now, obìnrin ń kọ́ ẹ. O ṣe aṣiṣe tóbi gan-an.",afrihate_human_reviewed,AfriHate,train_yoruba_00976,True
yo,Yorùbá,ǹ jẹ́ tí gbọ́ sọ pé ẹṣin inú ìwé lásánlàsàn ni yín ṣé lòótọ́ ni òkóbó ni yín,Njẹ́ mo ti gbọ́ pé ẹṣin inú ìwé lásánlàsàn ni yín; ṣe òótọ́ ni pé ẹ ní àìlera ọkùnrin?,afrihate_human_reviewed,AfriHate,train_yoruba_01020,True
yo,Yorùbá,ǹ jẹ́ tí gbọ́ sọ pé ẹṣin inú ìwé lásánlàsàn ni yín ṣé lòótọ́ ni òkóbó ni yín,"ǹ jẹ́ tí gbọ́ sọ pé ẹṣin inú ìwé lásánlàsàn ni yín, ṣé lòótọ́ ni pé ẹ ní aìlera ọkùnrin?",afrihate_human_reviewed,AfriHate,train_yoruba_01020,True
yo,Yorùbá,"""weyrey lo poju ninu gbogbo yin. 🤌🏾 URL",Iwa aito lo poju ninu gbogbo yin. 🤌🏾 URL,afrihate_human_reviewed,AfriHate,train_yoruba_01042,True
yo,Yorùbá,"""weyrey lo poju ninu gbogbo yin. 🤌🏾 URL",Asise lo poju ninu gbogbo yin. 🤌🏾,afrihate_human_reviewed,AfriHate,train_yoruba_01042,True
yo,Yorùbá,"""oloriburuku ni é, aburo oloshi URL","Ìwà rẹ̀ nílò ìtúnṣe, àbúrò URL",afrihate_human_reviewed,AfriHate,train_yoruba_01101,True
yo,Yorùbá,"""oloriburuku ni é, aburo oloshi URL","Ìwà rẹ̀ nílò ìtúnṣe, abúrò.",afrihate_human_reviewed,AfriHate,train_yoruba_01101,True
yo,Yorùbá,"""oloriburuku ni é, aburo oloshi URL","Ìwọ nílò lati dara síi, abúrò.",afrihate_human_reviewed,AfriHate,train_yoruba_01101,True
yo,Yorùbá,"Chinedu, Ori e ti daru.","Chinedu, ìrònú rẹ̀ nílò ìtúnṣe díẹ̀.",afrihate_human_reviewed,AfriHate,train_yoruba_01131,True
yo,Yorùbá,"""@username they're oloriburuku gbogbo 😂😂😂""",@username Gbogbo won nilo lati dara sii 😂😂😂,afrihate_human_reviewed,AfriHate,train_yoruba_01159,True
yo,Yorùbá,"""@username ọmọ alè jatijati é.... onibaje oshi""",@username Ìwa rẹ̀ ní àǹfààní láti dára síi.,afrihate_human_reviewed,AfriHate,train_yoruba_01180,True
yo,Yorùbá,hmmmm oro agba ku oro rt asíwín ìká aṣiwèrè ìlúká wọ́n dáríjọ wọ́n ní àwọn ń ṣọ̀rẹ́,"hmmmm oro agba ku oro rt ìṣe wọn kò dáa, wọ́n dáríjọ wọ́n ní àwọn ń ṣọ̀rẹ́",afrihate_human_reviewed,AfriHate,train_yoruba_01223,True
yo,Yorùbá,tó bá wá jẹ́ ọkọ ìyá yìí ló yá ní wèrè gẹ́gẹ́ bí ara àdúgbò ṣe ti lérò a jẹ́ wípé lóòótọ́ nǹkan ń bẹ,"Tó bá wá jẹ́ ọkọ ìyá yìí ní ìṣòro ìlera ọpọlọ gẹ́gẹ́ bí ara àdúgbò ṣe ti rò, a jẹ́ wípé lóòótọ́ nǹkan ń bẹ.",afrihate_human_reviewed,AfriHate,train_yoruba_01225,True
yo,Yorùbá,tó bá wá jẹ́ ọkọ ìyá yìí ló yá ní wèrè gẹ́gẹ́ bí ara àdúgbò ṣe ti lérò a jẹ́ wípé lóòótọ́ nǹkan ń bẹ,tó bá wá jẹ́ ọkọ ìyá yìí ló yá ní ìṣòro ìlera ọpọlọ gẹ́gẹ́ bí ara àdúgbò ṣe ti lérò a jẹ́ wípé lóòótọ́ nǹkan ń bẹ,afrihate_human_reviewed,AfriHate,train_yoruba_01225,True
yo,Yorùbá,"""gbogbo yin ti ya werey URL",Gbogbo yín nílò láti ronú dáadáa.,afrihate_human_reviewed,AfriHate,train_yoruba_01273,True
yo,Yorùbá,"""gbogbo yin ti ya werey URL",gbogbo yin ti se asise,afrihate_human_reviewed,AfriHate,train_yoruba_01273,True
yo,Yorùbá,"""gbogbo yin ti ya werey URL",gbogbo yin ti huwa buburu,afrihate_human_reviewed,AfriHate,train_yoruba_01273,True
yo,Yorùbá,"""@USER in a normal country @USER oyeki wonti fi eyin e ti agba. ole oloriburuku!""",@USER in a normal country @USER o ye ki won ti se igbese lodi si e. Ise re dabi iwa ole.,afrihate_human_reviewed,AfriHate,train_yoruba_01292,True
yo,Yorùbá,"""@USER abi now. awon eranko jati jati""",@USER abi now. awon eniyan naa nilo lati dara sii,afrihate_human_reviewed,AfriHate,train_yoruba_01417,True
yo,Yorùbá,"""@USER abi now. awon eranko jati jati""",@USER abi now. awon eniyan nilo lati dara sii,afrihate_human_reviewed,AfriHate,train_yoruba_01417,True
yo,Yorùbá,"""@USER abi now. awon eranko jati jati""",@USER abi now. awon eniyan ti iwa won ko daa,afrihate_human_reviewed,AfriHate,train_yoruba_01417,True
yo,Yorùbá,"""ole nla ree. awon eleyi gangan ni won pe ni hide-out 😂😂😂 URL",a fura pe ole nla ni yii. awon eleyi gangan ni won pe ni hide-out URL,afrihate_human_reviewed,AfriHate,train_yoruba_01427,True
yo,Yorùbá,"""@username oloriburuku ni awon to ni e … ole ni awon ebi e""",@username àwọn tó ní ẹ kò dáa … àwọn ẹbí ẹ ní ìwà tí kò bófin mu,afrihate_human_reviewed,AfriHate,train_yoruba_01474,True
yo,Yorùbá,"""@username oloriburuku ni awon to ni e … ole ni awon ebi e""",@username awon to ni e nilo ki won dara sii … awon ebi e nilo ki won je olooto sii,afrihate_human_reviewed,AfriHate,train_yoruba_01474,True
yo,Yorùbá,gbogbo ẹni ń da ilẹ̀ kiri àdúgbò onídọ̀tí tí n dọ̀tíi èkó ẹ̀yin lọ́ ń bá wí o,"Gbogbo ẹni tí ń da ilẹ̀ kiri àdúgbò, tí ń dọ̀tí Èkó, ẹ̀yin ni a ń bá wí o.",afrihate_human_reviewed,AfriHate,train_yoruba_01519,True
yo,Yorùbá,gbogbo ẹni ń da ilẹ̀ kiri àdúgbò onídọ̀tí tí n dọ̀tíi èkó ẹ̀yin lọ́ ń bá wí o,"gbogbo ẹni tí ń da ilẹ̀ kiri ní àdúgbò tí ń dọ̀tí èkó, ẹ̀yin ló ń bá wí o",afrihate_human_reviewed,AfriHate,train_yoruba_01519,True
yo,Yorùbá,gbogbo ẹni ń da ilẹ̀ kiri àdúgbò onídọ̀tí tí n dọ̀tíi èkó ẹ̀yin lọ́ ń bá wí o,"Gbogbo ẹni tí ń da ìdọ̀tí kiri ní àdúgbò, tí ń dọ̀tí Èkó, ẹ̀yin ni mo ń bá wí o.",afrihate_human_reviewed,AfriHate,train_yoruba_01519,True
yo,Yorùbá,"""shórà fùn àwòn bòbò mayowa✌🏽yèn  òlòríbùrùkù níwón🤣wòn dò shíò òbò😎""","shórà fùn àwọn bobo Mayowa yẹn; ìwa wọn kò dáa, wọn máa ń ṣe àìtó",afrihate_human_reviewed,AfriHate,train_yoruba_01570,True
yo,Yorùbá,Agbero governor!,Governor tí kò ní ìwà!,afrihate_human_reviewed,AfriHate,train_yoruba_01592,True
yo,Yorùbá,"""o da bi wipe ori man u ti buru, ewo ni 4-2-3-1 oshi shey kò sí formation ìmí mo ni, ti eba loose next match, epe le ma gba""","o da bi wipe ise Man U ko dara, ewo ni 4-2-3-1 yi, shey ko si formation miiran mo ni, ti e ba loose next match, egan le wa",afrihate_human_reviewed,AfriHate,train_yoruba_01594,True
yo,Yorùbá,"""@username olodo rabata oju eja lo man je 😂😂😂""",@username O nílò lati kọ́ ẹ̀kọ́ síi; àbájáde rẹ kì í dáa.,afrihate_human_reviewed,AfriHate,train_yoruba_01608,True
yo,Yorùbá,"""@username olodo rabata oju eja lo man je 😂😂😂""",@username o nilo lati ko eko sii.,afrihate_human_reviewed,AfriHate,train_yoruba_01608,True
yo,Yorùbá,"""@username ọmọ alè 😂""",@username ìwà rẹ nílò ìtúnṣe díẹ̀ 😂,afrihate_human_reviewed,AfriHate,train_yoruba_01615,True
yo,Yorùbá,"""olofo ma ni eleyi keee 🤣🤣🤣 URL",alarinkaroyin ni eleyi keee 🤣🤣🤣,afrihate_human_reviewed,AfriHate,train_yoruba_01650,True
yo,Yorùbá,"""olofo ma ni eleyi keee 🤣🤣🤣 URL",Eleyi nilo lati dara sii keee 🤣🤣🤣,afrihate_human_reviewed,AfriHate,train_yoruba_01650,True
yo,Yorùbá,"""awon oloshi oniro 😂 URL URL",awon ti ko so otito 😂 URL URL,afrihate_human_reviewed,AfriHate,train_yoruba_01675,True
yo,Yorùbá,"""@USER oriwon ti buru se!!""",@USER Ìrònú rẹ nílò ìtúnṣe díẹ̀!!,afrihate_human_reviewed,AfriHate,train_yoruba_01744,True
yo,Yorùbá,"""@USER oriwon ti buru se!!""",@USER ìronú wọn ti kò dára ṣe!!,afrihate_human_reviewed,AfriHate,train_yoruba_01744,True
yo,Yorùbá,"""@USER oriwon ti buru se!!""",@USER Ìrònú wọn ti nílò ìtúnṣe!!,afrihate_human_reviewed,AfriHate,train_yoruba_01744,True
yo,Yorùbá,"""@USER 'o se lekini olule, o se lekeji olule, igba to se lori eleketa totun lule, o sunkun lori television'.""","""o se lekini, o se lekeji, igba to se lori eleketa tuntun ko saseyori, o sunkun lori television.""",afrihate_human_reviewed,AfriHate,train_yoruba_01754,True
yo,Yorùbá,"""@username awon eyan shey wa ya olodo bayi""",@username awon eyan shey wa ya nilo lati ko eko sii bayi,afrihate_human_reviewed,AfriHate,train_yoruba_01805,True
yo,Yorùbá,"""eleribu ni eleyi o URL",Eleyi nilo lati dara sii o URL,afrihate_human_reviewed,AfriHate,train_yoruba_01816,True
yo,Yorùbá,"""ẹranko ẹhànnà ní àwọn ẹlòmíì.""",ìwa ẹhànnà ní àwọn ẹlòmíì.,afrihate_human_reviewed,AfriHate,train_yoruba_01824,True
yo,Yorùbá,"""ẹranko ẹhànnà ní àwọn ẹlòmíì.""",Ìwa ẹ̀hànná ní àwọn ẹlòmíì.,afrihate_human_reviewed,AfriHate,train_yoruba_01824,True
yo,Yorùbá,"""oloshi làwọn eleyi oo URL",Ise awon eleyi ko daa oo URL,afrihate_human_reviewed,AfriHate,train_yoruba_01827,True
yo,Yorùbá,"""oloshi làwọn eleyi oo URL",Àwọn eleyii nílò láti kọ́ ẹ̀kọ́ síi oo URL,afrihate_human_reviewed,AfriHate,train_yoruba_01827,True
yo,Yorùbá,"""oloriburuku ni bobo e sha... bobo e ti ya werey ooh 😀😀😀😀 URL",Iwa bobo e ko dara sha... bobo e ti n huwa ajeji ooh 😀😀😀😀 URL,afrihate_human_reviewed,AfriHate,train_yoruba_01882,True
yo,Yorùbá,"""@username oloriburuku nie se ..ode ma shofo tomo tomo ni""",@username ise ti o se ko daa.. ma se iwa tomotomo mo,afrihate_human_reviewed,AfriHate,train_yoruba_02074,True
yo,Yorùbá,"""@username ma gbade bo seko. apc ti lule""","""@username, má ṣe yọ ara rẹ lẹ́nu láti padà wá; APC ní àwọn nǹkan láti ṣàtúnṣe.""",afrihate_human_reviewed,AfriHate,train_yoruba_02086,True
yo,Yorùbá,"""@USER wa se orire fun reply yi,oloriburuku gidi ni.""","@USER wa se orire fun reply yi, iwa re nilo itunse.",afrihate_human_reviewed,AfriHate,train_yoruba_02129,True
yo,Yorùbá,"""@username wa se orire fun reply yi,oloriburuku gidi ni.""","@username wa se orire fun reply yi, idahun re nilo itunse die.",afrihate_human_reviewed,AfriHate,train_yoruba_02129,True
yo,Yorùbá,"""@username wa se orire fun reply yi,oloriburuku gidi ni.""","@username wa se orire fun reply yi, o nilo lati dara sii.",afrihate_human_reviewed,AfriHate,train_yoruba_02129,True
yo,Yorùbá,"""@username wa se orire fun reply yi,oloriburuku gidi ni.""","@username wa se orire fun reply yi, iwa re nilo lati dara sii.",afrihate_human_reviewed,AfriHate,train_yoruba_02129,True
yo,Yorùbá,"""@username olórí burúkú ọmọ àlè wa so'kun ni oo""",@username wa so'kun ni oo,afrihate_human_reviewed,AfriHate,train_yoruba_02140,True
yo,Yorùbá,"""@username oloriburuku lawon tobi eee   omo-ale jatijati""",@username Àwọn tó tọ́ ọ dàgbà nílò láti máa hùwà dáadáa.,afrihate_human_reviewed,AfriHate,train_yoruba_02254,True
yo,Yorùbá,"""omo àlè jatijati ni ẹ o URL",Ìwa yín kò dáa o.,afrihate_human_reviewed,AfriHate,train_yoruba_02334,True
yo,Yorùbá,"""omo àlè jatijati ni ẹ o URL",Ìwa yín nílò ìtúnṣe díẹ̀.,afrihate_human_reviewed,AfriHate,train_yoruba_02334,True
yo,Yorùbá,"""omo àlè jatijati ni ẹ o URL",Ìwa yín nílò ìtúnṣe gidigidi ni o URL,afrihate_human_reviewed,AfriHate,train_yoruba_02334,True
yo,Yorùbá,"""oko tidun mo werey lobo...omo ale URL",oko tidun mo eni yen lobo...iwa re nilo atunse URL,afrihate_human_reviewed,AfriHate,train_yoruba_02347,True
yo,Yorùbá,"""(inside dugbe market, man drags me by the hand)   “alaye e wọlé kẹ bawa mu one or two”  “aje a wa. e fi ọwọ mi silẹ”  (keeps dragging me)  “ẹ fimile nau”  (drops my hand angrily)   “ewo wa lariwo? se were leleyi ni? tun wa gba ibi next time. olóṣì”  “ori yin lo buru”""","(inside dugbe market, man drags me by the hand) “alaye e wọlé kẹ bawa mu one or two” “aje a wa. e fi ọwọ mi silẹ” (keeps dragging me) “ẹ fimile nau” (drops my hand angrily) “kí ló dé tí o fi ń pariwo? ṣe ìṣòro ni? má tún wa gba ibí next time.” “ìṣe yín kò dáa”",afrihate_human_reviewed,AfriHate,train_yoruba_02391,True
yo,Yorùbá,"""@username oni sorire,oloburuku,irandinran e lon bawi oloshi omo ale.""","@username oni sorire, e lo n bawi, iwa yin nilo itunse.",afrihate_human_reviewed,AfriHate,train_yoruba_02399,True
yo,Yorùbá,"""@username awọn were jatijati""",@username awọn ń ṣe aṣiṣe gan-an,afrihate_human_reviewed,AfriHate,train_yoruba_02400,True
yo,Yorùbá,"""@username eti ya wèrèy""",@username Ìwa rẹ nílò ìtúnṣe díẹ̀.,afrihate_human_reviewed,AfriHate,train_yoruba_02552,True
yo,Yorùbá,"""@username eti ya wèrèy""",@username ìṣe rẹ̀ nílò ìtúnṣe.,afrihate_human_reviewed,AfriHate,train_yoruba_02552,True
yo,Yorùbá,"""433k, ole gbewiri omo jatijati""","433k, o jale, ìwa yìí kò tọ́.",afrihate_human_reviewed,AfriHate,train_yoruba_02564,True
yo,Yorùbá,oní mílìkì ò ṣiwèrè,oní mílìkì o nílò láti ronú dáadáa,afrihate_human_reviewed,AfriHate,train_yoruba_02786,True
yo,Yorùbá,"""eranko ni bobo yen. 😂 URL",ihuwasi bobo yen ko daa. 😂 URL,afrihate_human_reviewed,AfriHate,train_yoruba_02791,True
yo,Yorùbá,"""eranko ni bobo yen. 😂 URL",Bobo yen nilo lati dara sii. 😂 URL,afrihate_human_reviewed,AfriHate,train_yoruba_02791,True
yo,Yorùbá,"""eranko ni bobo yen. 😂 URL",Ìwa bobo yẹn nílò ìtúnṣe. 😂,afrihate_human_reviewed,AfriHate,train_yoruba_02791,True
yo,Yorùbá,ẹbọ ní ńpa ẹlẹ́bọasasi ni npa alasasi,"ẹbọ ní ń fa ìpalára sí ẹlẹ́bọ, asasi ní ń fa ìpalára sí alasasi",afrihate_human_reviewed,AfriHate,train_yoruba_02813,True
yo,Yorùbá,"""@username agba radarada,  agba ti o to ile.""","@username agba tí ó nílò ìtúnṣe, agba tí ó lè dara síi ní ilé.",afrihate_human_reviewed,AfriHate,train_yoruba_02917,True
yo,Yorùbá,"""@username agba radarada,  agba ti o to ile.""","@username agba ti nilo lati dara sii, agba ti o to ile.",afrihate_human_reviewed,AfriHate,train_yoruba_02917,True
yo,Yorùbá,Awon Clown gbogbo.,Gbogbo won nilo lati dara sii.,afrihate_human_reviewed,AfriHate,train_yoruba_02920,True
yo,Yorùbá,Awon Clown gbogbo.,Gbogbo wọn nílò láti dara síi.,afrihate_human_reviewed,AfriHate,train_yoruba_02920,True
yo,Yorùbá,Awon Clown gbogbo.,Gbogbo wọn nílò ìtúnṣe díẹ̀.,afrihate_human_reviewed,AfriHate,train_yoruba_02920,True
yo,Yorùbá,alákọrí oníjìbìtì kan tún fẹ́ jí àwọn olóore lówó nípasẹ̀ ọ̀rọ̀ yìí njẹ́ ẹ ò ríi pé ẹ̀dá míràn kanlẹ̀ ya ìkà aláìbìkítà ni,Ẹni tí ń tan èèyàn jẹ tún ti ń gbìyànjú láti tan àwọn onínúure jẹ; ṣé o ò rí i pé àwọn èèyàn kan burú?,afrihate_human_reviewed,AfriHate,train_yoruba_03020,True
yo,Yorùbá,alákọrí oníjìbìtì kan tún fẹ́ jí àwọn olóore lówó nípasẹ̀ ọ̀rọ̀ yìí njẹ́ ẹ ò ríi pé ẹ̀dá míràn kanlẹ̀ ya ìkà aláìbìkítà ni,oníjìbìtì kan tún fẹ́ jí àwọn olóore lówó nípasẹ̀ ọ̀rọ̀ yìí njẹ́ ẹ ò ríi pé ẹ̀dá míràn kanlẹ̀ ya aláìbìkítà ni,afrihate_human_reviewed,AfriHate,train_yoruba_03020,True
yo,Yorùbá,alákọrí oníjìbìtì kan tún fẹ́ jí àwọn olóore lówó nípasẹ̀ ọ̀rọ̀ yìí njẹ́ ẹ ò ríi pé ẹ̀dá míràn kanlẹ̀ ya ìkà aláìbìkítà ni,Ẹnikan tún fẹ́ jí àwọn olóore lówó nípasẹ̀ ọ̀rọ̀ yìí; njẹ́ ẹ ò ríi pé ìwà aláìbìkítà ni?,afrihate_human_reviewed,AfriHate,train_yoruba_03020,True
yo,Yorùbá,"""to all whom it may concern, ori yin ti daru😡""","to all whom it may concern, ẹ̀rò yín nílò ìtúnṣe díẹ̀",afrihate_human_reviewed,AfriHate,train_yoruba_03067,True
yo,Yorùbá,"""to all whom it may concern, ori yin ti daru😡""","to all whom it may concern, ẹ̀rò yín ní àǹfààní láti dara síi",afrihate_human_reviewed,AfriHate,train_yoruba_03067,True
yo,Yorùbá,"""to all whom it may concern, ori yin ti daru😡""","to all whom it may concern, ẹ nílò lati ronu dáadáa",afrihate_human_reviewed,AfriHate,train_yoruba_03067,True
yo,Yorùbá,Ahhh... O kuku gbo ede Yoruba... O ti lule,Ahhh... O gbo ede Yoruba... Ko lo bi o ti fe,afrihate_human_reviewed,AfriHate,train_yoruba_03071,True
yo,Yorùbá,Ahhh... O kuku gbo ede Yoruba... O ti lule,Ahhh... O kuku gbo ede Yoruba... O nilo imulo sii,afrihate_human_reviewed,AfriHate,train_yoruba_03071,True
yo,Yorùbá,jẹjẹ ni wọn gbé ẹbọ sí oríta  ọmààlè kan dẹ lọ fi ẹsẹ da nù ọjọ o tọjọ alákọrí di ẹrù àgbéká o ní ìyáálé ìyá òun ló ń ṣe òun àti arindin tó ní àwọn wo ni wọn n pè láyé àti afọ́nú tó ní kínni ń bá àwọn ọ̀jọ̀gbọ́n lẹ́rù wọ̀ọ̀ ni kòtò pẹ̀lú òwú aláǹtakùn,"jẹjẹ ni wọn gbé ẹbọ sí oríta, ẹnikan dẹ lọ fi ẹsẹ da nù; ọjọ o tọjọ, alákọrí di ẹrù àgbéká; o ní ìyáálé ìyá òun ló ń ṣe òun, àti ẹni tí kò ní ọgbọ́n tó ní “àwọn wo ni wọn n pè láyé?” àti ẹni tí kò lè sọ̀rọ̀ dáadáa tó ní “kínní ń bá àwọn ọ̀jọ̀gbọ́n lẹ́rù?” wọ̀ọ̀ ni kòtò pẹ̀lú òwú aláǹtakùn.",afrihate_human_reviewed,AfriHate,train_yoruba_03095,True
yo,Yorùbá,"""awon oloshi lo po ju lori app yii men....👌""",awon to nilo lati dara si lo po ju lori app yii men....👌,afrihate_human_reviewed,AfriHate,train_yoruba_03253,True
yo,Yorùbá,"""awon oloshi lo po ju lori app yii men....👌""",awon eniyan ti ko ni iwa rere lo po ju lori app yii men....👌,afrihate_human_reviewed,AfriHate,train_yoruba_03253,True
yo,Yorùbá,"""@username omo ale jati jati...kini buruku rounroun,enu bi age aluwala.""","@username iwa re ko daa rara...kini yii gangan, enu re nilo itunse.",afrihate_human_reviewed,AfriHate,train_yoruba_03255,True
yo,Yorùbá,"""imole ati egbe pdp ma lule ni osun ni ojo saturday 😆😆😆😆""",imole ati egbe pdp maa padanu ni osun ni ojo saturday,afrihate_human_reviewed,AfriHate,train_yoruba_03319,True
yo,Yorùbá,"""gbé sénlé ko soro soké werey #endsars #endpolicebrutality""",gbé sénlé ko soro soké #endsars #endpolicebrutality,afrihate_human_reviewed,AfriHate,train_yoruba_03325,True
yo,Yorùbá,no àwọn òmùgọ̀ tí wọn ró pé àwọn gbọ́n,no àwọn tí kò tíì ní ìmọ̀ tí wọn rò pé wọn gbọ́n,afrihate_human_reviewed,AfriHate,train_yoruba_03376,True
yo,Yorùbá,no àwọn òmùgọ̀ tí wọn ró pé àwọn gbọ́n,no àwọn tí wọn nílò láti kọ́ ẹ̀kọ́ síi tí wọn ro pé wọn gbọ́n,afrihate_human_reviewed,AfriHate,train_yoruba_03376,True
yo,Yorùbá,no àwọn òmùgọ̀ tí wọn ró pé àwọn gbọ́n,no àwọn tí kò tíì ní ìmọ̀ tó tí wọ́n rò pé wọ́n gbọ́n,afrihate_human_reviewed,AfriHate,train_yoruba_03376,True
yo,Yorùbá,"""@username koni dafu iya baba e... omoale jati jati""",@username ìwà rẹ nílò ìtúnṣe díẹ̀.,afrihate_human_reviewed,AfriHate,train_yoruba_03388,True
yo,Yorùbá,"""olofo lo n binu ologo. #k1liveinconcert #k1llveinconcert URL",Eni ti ko tii se aseyori lo n binu ologo. #k1liveinconcert #k1llveinconcert URL,afrihate_human_reviewed,AfriHate,train_yoruba_03404,True
yo,Yorùbá,ìdílé oníṣekúṣe oníṣìnà aláṣẹ́wó ni ka ìdílé obìnrin tí ìlù eré alẹ́ ọjọ́ ìgbeyàwó rẹ̀ bá ti ya ká tó ṣeré,ìdílé tí ìwà wọn nílò ìtúnṣe ni ka ìdílé obìnrin tí ìlù eré alẹ́ ọjọ́ ìgbeyàwó rẹ̀ bá ti ya ká tó ṣeré,afrihate_human_reviewed,AfriHate,train_yoruba_03427,True
yo,Yorùbá,ìdílé oníṣekúṣe oníṣìnà aláṣẹ́wó ni ka ìdílé obìnrin tí ìlù eré alẹ́ ọjọ́ ìgbeyàwó rẹ̀ bá ti ya ká tó ṣeré,ìdílé tí kò bójú tó ìwà rere ni ka ìdílé obìnrin tí ìlù eré alẹ́ ọjọ́ ìgbeyàwó rẹ̀ bá ti ya ká tó ṣeré,afrihate_human_reviewed,AfriHate,train_yoruba_03427,True
yo,Yorùbá,A kò ní fi ọ síbẹ̀ mọ́,A ó fi ọ síbẹ̀ bí o bá ṣiṣẹ́ dáadáa,original_human_parallel,original_human_annotated,,True
yo,Yorùbá,Idiot ni ẹ,Ìṣe rẹ lè ni àbájáde rere pẹ̀lú ìrànwón,original_human_parallel,original_human_annotated,,True
yo,Yorùbá,Inudidun rẹ jẹ iro o tun ṣàárẹ̀,Ìfihàn ayọ̀ yìí kò yege; jọ̀wọ́ ṣàtúnṣe,original_human_parallel,original_human_annotated,,True
yo,Yorùbá,Iwa rere rẹ jẹ asan.,ìwà rẹ yìí kò bójú mu; jọ̀wọ́ ṣètúnṣe,original_human_parallel,original_human_annotated,,True
yo,Yorùbá,Iwọ jẹ́ aláìwúlò,O ní agbára àti oye tó yẹ kí o lo,original_human_parallel,original_human_annotated,,True
yo,Yorùbá,Iwọ jẹ́ ẹni tí kò ní ìrètí,Iwọ le ni ìrètí bi o ba ṣiṣẹ́ láti mú un ṣẹ,original_human_parallel,original_human_annotated,,True
yo,Yorùbá,Iwọ jẹ́ ẹ̀rù fún wa,Ìṣe rẹ̀ lè ṣiṣẹ́ pọ̀ bi o ba mú un dara,original_human_parallel,original_human_annotated,,True
yo,Yorùbá,Iwọ kò mọ̀ nǹkan kan,O nílò láti kọ́ ẹ̀kọ́ síi,original_human_parallel,original_human_annotated,,True
yo,Yorùbá,Iwọ kò ní mọ ohun tó kọlu rẹ.,Àbájáde lè wà fun ìwà yíì; jọ̀wọ́ ṣe atunṣe,original_human_parallel,original_human_annotated,,True
yo,Yorùbá,Iwọ yóò gba esan ohun tí o ṣe,Iwa yìí leni àbájáde; jọ̀wọ́ ronú kí o yi wa padà.,original_human_parallel,original_human_annotated,,True
yo,Yorùbá,Iwọ yóò rí ohun tó tọ́ sí ọ.,Ìṣe rẹ yìí yo ní àbájáde; jọ̀wọ́ yan ọ̀nà tó dara,original_human_parallel,original_human_annotated,,True
yo,Yorùbá,Kò sí ìrètí fún ọ,Ìrètí wà fún ọ bí o bá ṣiṣẹ́ takuntakun,original_human_parallel,original_human_annotated,,True
yo,Yorùbá,Mi ò ní sinmi títí tí mo fi ma gbà èsan mi.,Mo nílò ìdáhùn kedere sí ọ̀ràn yìí,original_human_parallel,original_human_annotated,,True
yo,Yorùbá,Mo bínú gidigidi nípa àbùkù yìí.,Ìṣẹ̀lẹ̀ yìí kò bójú mu sí mi,original_human_parallel,original_human_annotated,,True
yo,Yorùbá,Mo fẹ́ kí o jìyà fún ohun tí o ṣe.,Mo fẹ́ kí a tẹ̀lé ìlànà lori ọ̀ràn yìí,original_human_parallel,original_human_annotated,,True
yo,Yorùbá,Má ṣe hùwà bí ẹni tó mọ ohun gbogbo,Jọ̀wọ́ jẹ́ ká fi àyè fun ìmọ̀ tuntun,original_human_parallel,original_human_annotated,,True
yo,Yorùbá,Máa bá e ja títí di òpin.,Ìdájọ́ yìí lè tẹ̀lé ìlànà títí di òpin,original_human_parallel,original_human_annotated,,True
yo,Yorùbá,Máa bá ẹ jẹ́.,N kò ní gbàgbé ohun tó ṣẹ̀lẹ̀,original_human_parallel,original_human_annotated,,True
yo,Yorùbá,Máa fi ọ ṣe àpẹẹrẹ fún gbogbo ènìyàn.,A ó fi ìṣẹ̀lẹ̀ yìí ṣe àpẹẹrẹ,original_human_parallel,original_human_annotated,,True
yo,Yorùbá,Máa fi ọ ṣe àpẹẹrẹ fún gbogbo ènìyàn.,A ó lo ìṣẹ̀lẹ̀ yìí gẹ́gẹ́ bí àpẹẹrẹ,original_human_parallel,original_human_annotated,,True
yo,Yorùbá,Máa fi ọ ṣe àpẹẹrẹ.,Ṣàlàyé ìṣe rẹ kedere ní ìbọ̀wọ̀,original_human_parallel,original_human_annotated,,True
yo,Yorùbá,Máa fọ ojú ẹ,Mo bínú gan-an sí ohun tí o ṣe,original_human_parallel,original_human_annotated,,True
yo,Yorùbá,Máa gba ẹ́rin yìí kúrò lenu rẹ.,Jọ̀wọ́ má ṣe ṣe ẹ̀gàn; sọ̀rọ̀ ní kíkún,original_human_parallel,original_human_annotated,,True
yo,Yorùbá,Máa jẹ́ kí ayé rẹ dà rú.,Ọ̀nà yìí lè nira; jọ̀wọ́ jẹ́ ká yan ìlànà míràn tó rọrùn,original_human_parallel,original_human_annotated,,True
yo,Yorùbá,Máa jẹ́ kí ayé rẹ dà rú.,Màá tẹ̀lé ìṣètò tó mú ìrìnàjò rọrùn,original_human_parallel,original_human_annotated,,True
yo,Yorùbá,Máa jẹ́ kí ayé rẹ ṣòro láti gbé.,Ìgbésí-ayé rẹ lè dín kún bí o kò bá ṣe atunṣe,original_human_parallel,original_human_annotated,,True
yo,Yorùbá,Máa jẹ́ kí o banuje pe o wà láyé.,Kò yẹ kí a sọ ọ̀rọ̀ tó le ba ìlera ọkàn jẹ,original_human_parallel,original_human_annotated,,True
yo,Yorùbá,Máa jẹ́ kí o banujẹ ìpinnu yìí.,Ìpinnu yìí lè yọrí sí abájáde mìíràn,original_human_parallel,original_human_annotated,,True
yo,Yorùbá,Máa jẹ́ kí o bínú gan-an.,ìwà rẹ yìí ko bójúmu to,original_human_parallel,original_human_annotated,,True
yo,Yorùbá,Máa jẹ́ kí o jìyà ju ohun tí o lè rò lọ.,Abájáde lè ju ireti lọ bí o ṣe ṣàkóso èyí,original_human_parallel,original_human_annotated,,True
yo,Yorùbá,Máa jẹ́ kí o jìyà lórí ohun tí o kò rò.,Abájáde na lè ju ohun tí o rò lọ,original_human_parallel,original_human_annotated,,True
yo,Yorùbá,Máa jẹ́ kí o jìyà lórí ohun tí o kò rò.,Abájáde nkan lè tóbi ju bó ṣe rò lọ,original_human_parallel,original_human_annotated,,True
yo,Yorùbá,Máa jẹ́ kí o ní ìfarapa,Ìṣe yìí lè ní àbájáde; jọwọ yí ìwà padà,original_human_parallel,original_human_annotated,,True
yo,Yorùbá,Máa jẹ́ kí o ní ìfarapa.,Máa fi hàn pé o ṣe ohun ti ko dara,original_human_parallel,original_human_annotated,,True
yo,Yorùbá,Máa jẹ́ kí o ṣàníyàn lórí ìṣe rẹ.,Mo fẹ́ kí o mọ́ bí iṣẹ́ rẹ ní ipa tó lágbára,original_human_parallel,original_human_annotated,,True
yo,Yorùbá,Máa kọ́ ẹ ní ẹ̀kọ́.,O nílò láti kọ́ ẹ̀kọ́ láti inú ìṣẹ̀lẹ̀ yìí,original_human_parallel,original_human_annotated,,True
yo,Yorùbá,Máa mú ẹnu rẹ.,Jọ̀wọ́ sọ̀rọ̀ ní ìwònba,original_human_parallel,original_human_annotated,,True
yo,Yorùbá,Máa sọ ọ di ẹni aláìgbọràn.,A ó ṣàlàyé ìlànà kedere,original_human_parallel,original_human_annotated,,True
yo,Yorùbá,Máa sọ ọ di ẹni ti kò a o fẹ́ rí,A ó yàn ìlànà tó peye fun ọ,original_human_parallel,original_human_annotated,,True
yo,Yorùbá,Máa yí ọ̀nà rẹ kúro,Maa mu gbogbo rẹ ṣẹ pẹ̀lú ìtọ́nisọ́nà,original_human_parallel,original_human_annotated,,True
yo,Yorùbá,O crazy,Ìwà rẹ nílò àtúnṣe àti àmójútó,original_human_parallel,original_human_annotated,,True
yo,Yorùbá,O dájú pé ìṣe rẹ̀ kò ní dára,"Bí o bá ṣiṣẹ́ pẹ̀lú òye, ìṣe rẹ̀ lè dára",original_human_parallel,original_human_annotated,,True
yo,Yorùbá,O jẹ aláìwúlò àti ènìyàn ọ̀lọ́nkànlílẹ̀,Ìṣe rẹ yìí kò munadoko; jọ̀wọ́ ṣe ní ọ̀nà tó yẹ,original_human_parallel,original_human_annotated,,True
yo,Yorùbá,O jẹ onírò alágàbàgẹ̀bẹ̀,Ọ̀rọ̀ yìí kò yémi; jọ̀wọ́ ṣàlàyé ní kedere,original_human_parallel,original_human_annotated,,True
yo,Yorùbá,O jẹ oníwà-buburu ẹ̀dá ti o n yọ gbogbo eniyan lẹnu.,Ìhùwàsí rẹ yìí ń yà míì lẹ́nu; jọ̀wọ́ yi ìwà padà,original_human_parallel,original_human_annotated,,True
yo,Yorùbá,O jẹ́ aláìlera ní ọpọlọ,Ìmọ̀ rẹ lè tẹ̀síwájú pẹ̀lú ìmúlò,original_human_parallel,original_human_annotated,,True
yo,Yorùbá,O jẹ́ aláìlera pátápátá,Ìlera rẹ nilo àtúnṣe,original_human_parallel,original_human_annotated,,True
yo,Yorùbá,O jẹ́ aláìṣètó,Ìṣe rẹ nílò àtúnṣe tó dáa,original_human_parallel,original_human_annotated,,True
yo,Yorùbá,O jẹ́ olè,Ìṣe rẹ ní nílò àtúnṣe,original_human_parallel,original_human_annotated,,True
yo,Yorùbá,O jẹ́ ẹni tí kò yẹ láti gbà àṣẹ,Ìṣe rẹ lè dara síi kí ó yẹ fún àṣẹ,original_human_parallel,original_human_annotated,,True
yo,Yorùbá,O kùn fún àìlera,Ìlera rẹ lè dara síi,original_human_parallel,original_human_annotated,,True
yo,Yorùbá,O máa gba ohun tí o tọ́ sí ọ,A ó ṣe àfihàn ohun tó tọ́ sí ọ,original_human_parallel,original_human_annotated,,True
yo,Yorùbá,O n sọrọ bi alagabagebe,Ọ̀rọ̀ rẹ yìí ko yémi; jọ̀wọ́ sọ̀ ko yémi,original_human_parallel,original_human_annotated,,True
yo,Yorùbá,"O n ṣe bi ẹni pe o gbọn, ṣugbọn onigberaga ni ẹ",Ìfarahàn ọgbọ́n rẹ kò tẹ́milọ́rùn,original_human_parallel,original_human_annotated,,True
yo,Yorùbá,O stupid gan,Ìṣe rẹ lè dara síi pẹ̀lú àmójútó,original_human_parallel,original_human_annotated,,True
yo,Yorùbá,O ti fa ìbànújẹ bá mi.,Ìṣẹ̀lẹ̀ yìí kò bójú mu,original_human_parallel,original_human_annotated,,True
yo,Yorùbá,O ti kọjá ààlà tí kò yẹ.,Ìṣe yìí kọja ààlà,original_human_parallel,original_human_annotated,,True
yo,Yorùbá,O useless gan,Ìṣe rẹ lè ní ipa rere pẹ̀lú àtúnṣe,original_human_parallel,original_human_annotated,,True
yo,Yorùbá,O ń hùwà bí alágàbàgebẹ̀ nígbà gbogbo,Ìhùwàsí rẹ yìí kò bójúmu tó; jọ̀wọ́ ṣe àtúnṣe,original_human_parallel,original_human_annotated,,True
yo,Yorùbá,O ń ní mí lara pẹ̀lú ẹ̀rín àsán yẹn,Ìfarahàn rẹ yìí kò tọ́,original_human_parallel,original_human_annotated,,True
yo,Yorùbá,"O ń rìn mí lara, àti pé wahalà rẹ pọ̀ jù",Ìhùwàsí yìí ko bójúmu tó; jọ̀wọ́ mu ìbáṣepọ̀ wa rọrùn,original_human_parallel,original_human_annotated,,True
yo,Yorùbá,"O ń ṣe bí ẹni pé o dára, ṣùgbọ́n irọ ni",Ìhùwàsí rẹ yìí kò bójúmu tó,original_human_parallel,original_human_annotated,,True
yo,Yorùbá,"O ń ṣe bí ẹni pé o jẹ onínúúre, ṣùgbọ́n alágàbàgẹ̀bẹ̀ ni ẹ́",Ìfarahàn ìnù-rere yìí kò yege; jọ̀wọ́ ṣe àtúnṣe,original_human_parallel,original_human_annotated,,True
yo,Yorùbá,O ń ṣeré pẹ̀lú iná.,Ewu wà nínú ìṣe yìí,original_human_parallel,original_human_annotated,,True
yo,Yorùbá,O ń ṣeré pẹ̀lú ìná.,ìhùwàsí rẹ yìí kò tẹ́milórùn,original_human_parallel,original_human_annotated,,True
yo,Yorùbá,O ṣe bí ẹni tí kò ní ìlera,Ìlera rẹ nilo àtúnṣe,original_human_parallel,original_human_annotated,,True
yo,Yorùbá,Ohun tí o ṣe kò ní ìtumọ̀,Ohun tí o ṣe lè ní ìtumọ̀ tó dájú bí a bá fi ṣàtúnṣe,original_human_parallel,original_human_annotated,,True
yo,Yorùbá,Àṣà yìí burú,Àṣà yìí lè dáa pẹ̀lú àtúnṣe,original_human_parallel,original_human_annotated,,True
yo,Yorùbá,Èrò rẹ̀ kùnà patapata,Èrò rẹ̀ nílò àtúnṣe kí ó lè wúlò dáadáa,original_human_parallel,original_human_annotated,,True
yo,Yorùbá,Ìbéèrè rẹ̀ kò yẹ,Ìbéèrè rẹ̀ nílò àtúnṣe díẹ̀,original_human_parallel,original_human_annotated,,True
yo,Yorùbá,Ìdí ọ̀rọ̀ rẹ̀ ò dájú,Ìdí ọ̀rọ̀ rẹ̀ nílò àlàyé díẹ̀,original_human_parallel,original_human_annotated,,True
yo,Yorùbá,Ìhùwàsí rẹ̀ burú gan-an,Ìhùwàsí rẹ̀ nílò ìmúlò àtúnṣe,original_human_parallel,original_human_annotated,,True
yo,Yorùbá,Ìjìnlẹ̀ ẹ̀kọ́ rẹ̀ kéré,Ẹ̀kọ́ rẹ̀ nílò ìfọkànsìn síi,original_human_parallel,original_human_annotated,,True
yo,Yorùbá,Ìjìnlẹ̀ ẹ̀kọ́ rẹ̀ kéré,Ìjìnlẹ̀ ẹ̀kọ́ rẹ̀ nílò ìfọkànsìn síi,original_human_parallel,original_human_annotated,,True
yo,Yorùbá,Ìkànsí rẹ̀ kì í dáa,Ìkànsí rẹ̀ nílò ìmúṣeyọrí síi,original_human_parallel,original_human_annotated,,True
yo,Yorùbá,Ìmúlò rẹ̀ kò bófin m,Ìmúlò rẹ̀ nílò àtúnṣe kí ó lè bófin mu,original_human_parallel,original_human_annotated,,True
yo,Yorùbá,Ìmúlò rẹ̀ kò pé,Ìmúlò rẹ̀ nílò àfikún díẹ̀,original_human_parallel,original_human_annotated,,True
yo,Yorùbá,Ìmọ̀ rẹ̀ kéré gan-an,Ìmọ̀ rẹ̀ nilo ìtẹ̀síwájú síi,original_human_parallel,original_human_annotated,,True
yo,Yorùbá,Ìmọ̀ rẹ̀ kéré púpọ̀,Ìmọ̀ rẹ̀ nílò ìmúlò síi,original_human_parallel,original_human_annotated,,True
yo,Yorùbá,Ìmọ̀ rẹ̀ ò pé,Ìmọ̀ rẹ̀ nílò ìtẹ̀síwájú síi,original_human_parallel,original_human_annotated,,True
yo,Yorùbá,Ìmọ̀ràn rẹ̀ kò pé,Ìmọ̀ràn rẹ̀ nílò àfikún síi,original_human_parallel,original_human_annotated,,True
yo,Yorùbá,Ìnù-rere ìrò rẹ jẹ́ ohun irira,Ìfihàn ìnù-rere yìí kò ṣàfihàn òótọ́,original_human_parallel,original_human_annotated,,True
yo,Yorùbá,Ìpinnu rẹ̀ burú.,Ìpinnu rẹ̀ nílò ìtúnṣe díẹ̀,original_human_parallel,original_human_annotated,,True
yo,Yorùbá,Ìpinnu rẹ̀ kéré,Ìpinnu rẹ̀ nílò ìgbéga díẹ̀,original_human_parallel,original_human_annotated,,True
yo,Yorùbá,Ìpinnu rẹ̀ ò ní ṣiṣẹ́,Bí o ronú ìpinnu rẹ̀ lè ṣiṣẹ́ dáadáa,original_human_parallel,original_human_annotated,,True
yo,Yorùbá,Ìpò yìí jẹ́ àjálù.,Ìpò yìí kò bójú mu,original_human_parallel,original_human_annotated,,True
yo,Yorùbá,Ìròyìn náà burú,Ìròyìn náà nilo ìmúlò tó dáa,original_human_parallel,original_human_annotated,,True
yo,Yorùbá,Ìròyìn náà kò ní ètò,Ìròyìn náà nílò àfihàn àlàyé síi,original_human_parallel,original_human_annotated,,True
yo,Yorùbá,Ìsọ̀kan rẹ̀ ko dára,Ìsọ̀kan rẹ̀ nílò àfikún síi,original_human_parallel,original_human_annotated,,True
yo,Yorùbá,Ìsọ̀kan rẹ̀ kéré,Ìsọ̀kan rẹ̀ nílò ìgbéga díẹ̀,original_human_parallel,original_human_annotated,,True
yo,Yorùbá,Ìtọ́sọ́nà rẹ̀ kùnà,Ìtọ́sọ́nà rẹ̀ nílò àfikún díẹ̀,original_human_parallel,original_human_annotated,,True
yo,Yorùbá,Ìwọ jẹ́ aláìlera,Ìwọ ní àwọn àìlera,original_human_parallel,original_human_annotated,,True
yo,Yorùbá,Ìwọ jẹ́ aláìmọ̀,Ìwọ nílò lati kọ́ ẹ̀kọ́ síi,original_human_parallel,original_human_annotated,,True
yo,Yorùbá,Ìwọ jẹ́ asán,Ìwọ ní àǹfààní lati ṣe àtúnṣe sí ìwà rẹ,original_human_parallel,original_human_annotated,,True
yo,Yorùbá,Ìwọ jẹ́ aṣiwèrè,O nílò àkíyésì tó dáa,original_human_parallel,original_human_annotated,,True
yo,Yorùbá,Ìwọ jẹ́ olóríburúkú,Ìṣe rẹ nilo àtúnṣe pẹ̀lú ìmúlò,original_human_parallel,original_human_annotated,,True
yo,Yorùbá,Ìwọ jẹ́ ẹni tí kò yẹ,Ìṣe rẹ ní àǹfààní lati dára si,original_human_parallel,original_human_annotated,,True
yo,Yorùbá,Ìwọ jẹ́ ẹni tí kò yẹ,Ìwọ ní àǹfààní lati ṣe àtúnṣe sí ìwà rẹ,original_human_parallel,original_human_annotated,,True
yo,Yorùbá,Ìwọ kò ní iwá.,ìwà rẹ nílò atunṣe,original_human_parallel,original_human_annotated,,True
yo,Yorùbá,Ìwọ yio ṣòfò.,Ìṣe yìí le ma ní èso rere; jọ̀wọ́ yí ọ̀nà padà,original_human_parallel,original_human_annotated,,True
yo,Yorùbá,Ìwọ yóò banujẹ lórí èyí ní òwúrọ̀.,Ìtúpalẹ̀ nigbamii lè fi hàn pé ìpinnu kò tọ́,original_human_parallel,original_human_annotated,,True
yo,Yorùbá,Ìwọ yóò banujẹ pé o bẹ̀rẹ̀ èyí.,Ronú  lori ìpinnu yìí kò to dáwọ́ le,original_human_parallel,original_human_annotated,,True
yo,Yorùbá,Ìwọ yóò banujẹ pé o pàdé mi.,"Ọ̀rọ̀ yìí lè fa ìyàgò, jọ̀wọ́ je kí ìpàdé wa jẹ́ aláfià",original_human_parallel,original_human_annotated,,True
yo,Yorùbá,Ìwọ yóò banujẹ pé o wà láyé.,Ọ̀rọ̀ nípa ìgbésí-ayé yóò jẹ ní ìbòwò,original_human_parallel,original_human_annotated,,True
yo,Yorùbá,Ìwọ yóò banujẹ pé o wà láyé.,Ọ̀rọ̀ nípa ìgbésí-ayé yìí yóò nilo àlàyé,original_human_parallel,original_human_annotated,,True
yo,Yorùbá,Ìwọ yóò banujẹ.,Ìṣẹ̀lẹ̀ yìí lè fa ìbànújẹ́; jọ̀wọ́ ronú kí o ṣe ìtúnṣe tó tọ́,original_human_parallel,original_human_annotated,,True
yo,Yorùbá,Ìwọ yóò dojú kọ ìbínú mi.,Ìbánisọ̀rọ̀ yóò wáyé ní ìbòwò,original_human_parallel,original_human_annotated,,True
yo,Yorùbá,"Ìwọ yóò gba ohun tí o tọ́ sí ọ, pẹ̀lú àrùn.","O máa gba ohun tó tọ́ sí ọ, láì ni àìlera",original_human_parallel,original_human_annotated,,True
yo,Yorùbá,"Ìwọ yóò gba ohun tí o tọ́ sí, pẹ̀lú àfikún.",Ìyọ̀ǹda lè ní àfikún,original_human_parallel,original_human_annotated,,True
yo,Yorùbá,Ìwọ yóò gba ohun tí o tọ́ sí.,Jọ̀wọ́ tẹ̀lé ìlànà nínú ìṣe rẹ,original_human_parallel,original_human_annotated,,True
yo,Yorùbá,Ìwọ yóò mọ̀ ìbínú mi.,Ìdáhùn mi yóò hàn,original_human_parallel,original_human_annotated,,True
yo,Yorùbá,Ìwọ yóò sọ gbogbo nkan nù.,Ohun tí o ní lè dín kù,original_human_parallel,original_human_annotated,,True
yo,Yorùbá,Ìwọ ò mọ ohun tí o ṣe,Ìṣe rẹ nilo lati farahàn sí,original_human_parallel,original_human_annotated,,True
yo,Yorùbá,Ìwọ ò ní àbájáde rere,Ìṣe rẹ lè ní àbájáde rere pẹ̀lú àmójútó,original_human_parallel,original_human_annotated,,True
yo,Yorùbá,Ìṣe rẹ̀ jẹ́ kí gbogbo ohun baje,Ìṣe rẹ̀ lè wúlò bi o ba mu dara síi,original_human_parallel,original_human_annotated,,True
yo,Yorùbá,Ìṣe rẹ̀ kò péye,Ìṣe rẹ̀ nílò àtúnṣe díẹ̀,original_human_parallel,original_human_annotated,,True
yo,Yorùbá,Ìṣe rẹ̀ kù díẹ̀,Ìṣe rẹ̀ nílò àfikún síi,original_human_parallel,original_human_annotated,,True
yo,Yorùbá,Ìṣètò rẹ̀ kò pé,Ìṣètò rẹ̀ nílò ìmúle síi,original_human_parallel,original_human_annotated,,True
yo,Yorùbá,Ó jẹ́ ẹni tí kò ní ìmọ̀,Ó nílò àfikún ìmọ̀,original_human_parallel,original_human_annotated,,True
yo,Yorùbá,Ó kún fún ìdààmú,Mo ṣàkííyèsí pé ọ̀nà rẹ̀ nilo atúnṣe,original_human_parallel,original_human_annotated,,True
yo,Yorùbá,Ẹ̀rù rẹ̀ ń bà mí,Ìhùwàsí rẹ̀ ń fa ìṣòro fún ìbáṣepọ̀ wa,original_human_parallel,original_human_annotated,,True
yo,Yorùbá,Ọgbọn rẹ jẹ asan,Ìfarahàn ọgbọ́n rẹ dà bí ìgbéraga,original_human_parallel,original_human_annotated,,True
yo,Yorùbá,Ọmọ yìí ṣọ̀kanjúwà,hùwàsí ọmọ yìí kò tọ́; ó yẹ kí ó ṣàtúnṣe.,original_human_parallel,original_human_annotated,,True
yo,Yorùbá,Ọrẹ irọ rẹ ko bamilara mu.,Ìwà rẹ̀ yìí kò bójú mu; jọwọ ṣàtúnṣe,original_human_parallel,original_human_annotated,,True
yo,Yorùbá,Ọ̀rọ̀ rẹ kò ní ìtànkálẹ̀,Ọ̀rọ̀ rẹ nílò àlàyé,original_human_parallel,original_human_annotated,,True
yo,Yorùbá,Ọ̀rọ̀ rẹ̀ kún fún àlùfànṣá,Ọ̀rọ̀ rẹ̀ nílò ìmúlò díẹ̀ kí ó lè dáa jù báyìí lọ,original_human_parallel,original_human_annotated,,True
