direction_type,side,layer,pooling,seed,lang_a,lang_b,cosine,pair_type
mean_diff,decoder,4,pooled_mean_all,42,am,ar,0.7971465587615967,nonafrican-nonafrican
mean_diff,decoder,4,pooled_mean_all,42,am,de,0.8151823282241821,nonafrican-nonafrican
mean_diff,decoder,4,pooled_mean_all,42,am,en,0.7128859162330627,nonafrican-nonafrican
mean_diff,decoder,4,pooled_mean_all,42,am,es,0.8418239951133728,nonafrican-nonafrican
mean_diff,decoder,4,pooled_mean_all,42,am,hi,0.8793450593948364,nonafrican-nonafrican
mean_diff,decoder,4,pooled_mean_all,42,am,uk,0.7749370336532593,nonafrican-nonafrican
mean_diff,decoder,4,pooled_mean_all,42,am,xh,0.5727905035018921,cross-group
mean_diff,decoder,4,pooled_mean_all,42,am,yo,0.6369670629501343,cross-group
mean_diff,decoder,4,pooled_mean_all,42,ar,de,0.8057100772857666,nonafrican-nonafrican
mean_diff,decoder,4,pooled_mean_all,42,ar,en,0.7766710519790649,nonafrican-nonafrican
mean_diff,decoder,4,pooled_mean_all,42,ar,es,0.8497293591499329,nonafrican-nonafrican
mean_diff,decoder,4,pooled_mean_all,42,ar,hi,0.7792325615882874,nonafrican-nonafrican
mean_diff,decoder,4,pooled_mean_all,42,ar,uk,0.79807448387146,nonafrican-nonafrican
mean_diff,decoder,4,pooled_mean_all,42,ar,xh,0.43147969245910645,cross-group
mean_diff,decoder,4,pooled_mean_all,42,ar,yo,0.4301053583621979,cross-group
mean_diff,decoder,4,pooled_mean_all,42,de,en,0.796608567237854,nonafrican-nonafrican
mean_diff,decoder,4,pooled_mean_all,42,de,es,0.8753734230995178,nonafrican-nonafrican
mean_diff,decoder,4,pooled_mean_all,42,de,hi,0.8225305080413818,nonafrican-nonafrican
mean_diff,decoder,4,pooled_mean_all,42,de,uk,0.8144768476486206,nonafrican-nonafrican
mean_diff,decoder,4,pooled_mean_all,42,de,xh,0.4687996804714203,cross-group
mean_diff,decoder,4,pooled_mean_all,42,de,yo,0.44947314262390137,cross-group
mean_diff,decoder,4,pooled_mean_all,42,en,es,0.8476758003234863,nonafrican-nonafrican
mean_diff,decoder,4,pooled_mean_all,42,en,hi,0.6821027398109436,nonafrican-nonafrican
mean_diff,decoder,4,pooled_mean_all,42,en,uk,0.7235298156738281,nonafrican-nonafrican
mean_diff,decoder,4,pooled_mean_all,42,en,xh,0.35134607553482056,cross-group
mean_diff,decoder,4,pooled_mean_all,42,en,yo,0.3069887161254883,cross-group
mean_diff,decoder,4,pooled_mean_all,42,es,hi,0.8300413489341736,nonafrican-nonafrican
mean_diff,decoder,4,pooled_mean_all,42,es,uk,0.828647255897522,nonafrican-nonafrican
mean_diff,decoder,4,pooled_mean_all,42,es,xh,0.5084152221679688,cross-group
mean_diff,decoder,4,pooled_mean_all,42,es,yo,0.4698846638202667,cross-group
mean_diff,decoder,4,pooled_mean_all,42,hi,uk,0.7896289825439453,nonafrican-nonafrican
mean_diff,decoder,4,pooled_mean_all,42,hi,xh,0.5272842645645142,cross-group
mean_diff,decoder,4,pooled_mean_all,42,hi,yo,0.5575626492500305,cross-group
mean_diff,decoder,4,pooled_mean_all,42,uk,xh,0.39286553859710693,cross-group
mean_diff,decoder,4,pooled_mean_all,42,uk,yo,0.4003085494041443,cross-group
mean_diff,decoder,4,pooled_mean_all,42,xh,yo,0.7181676030158997,african-african
mean_diff,decoder,4,pooled_mean_all,1337,am,ar,0.8089047074317932,nonafrican-nonafrican
mean_diff,decoder,4,pooled_mean_all,1337,am,de,0.8192029595375061,nonafrican-nonafrican
mean_diff,decoder,4,pooled_mean_all,1337,am,en,0.7058753967285156,nonafrican-nonafrican
mean_diff,decoder,4,pooled_mean_all,1337,am,es,0.8308131694793701,nonafrican-nonafrican
mean_diff,decoder,4,pooled_mean_all,1337,am,hi,0.8772485256195068,nonafrican-nonafrican
mean_diff,decoder,4,pooled_mean_all,1337,am,uk,0.7682412266731262,nonafrican-nonafrican
mean_diff,decoder,4,pooled_mean_all,1337,am,xh,0.6021266579627991,cross-group
mean_diff,decoder,4,pooled_mean_all,1337,am,yo,0.6565397381782532,cross-group
mean_diff,decoder,4,pooled_mean_all,1337,ar,de,0.8163731694221497,nonafrican-nonafrican
mean_diff,decoder,4,pooled_mean_all,1337,ar,en,0.764317512512207,nonafrican-nonafrican
mean_diff,decoder,4,pooled_mean_all,1337,ar,es,0.8494187593460083,nonafrican-nonafrican
mean_diff,decoder,4,pooled_mean_all,1337,ar,hi,0.7988225221633911,nonafrican-nonafrican
mean_diff,decoder,4,pooled_mean_all,1337,ar,uk,0.7983816862106323,nonafrican-nonafrican
mean_diff,decoder,4,pooled_mean_all,1337,ar,xh,0.45695868134498596,cross-group
mean_diff,decoder,4,pooled_mean_all,1337,ar,yo,0.4552621841430664,cross-group
mean_diff,decoder,4,pooled_mean_all,1337,de,en,0.799879789352417,nonafrican-nonafrican
mean_diff,decoder,4,pooled_mean_all,1337,de,es,0.8788820505142212,nonafrican-nonafrican
mean_diff,decoder,4,pooled_mean_all,1337,de,hi,0.8421739935874939,nonafrican-nonafrican
mean_diff,decoder,4,pooled_mean_all,1337,de,uk,0.8163974285125732,nonafrican-nonafrican
mean_diff,decoder,4,pooled_mean_all,1337,de,xh,0.4684680104255676,cross-group
mean_diff,decoder,4,pooled_mean_all,1337,de,yo,0.46963241696357727,cross-group
mean_diff,decoder,4,pooled_mean_all,1337,en,es,0.8430971503257751,nonafrican-nonafrican
mean_diff,decoder,4,pooled_mean_all,1337,en,hi,0.6892426013946533,nonafrican-nonafrican
mean_diff,decoder,4,pooled_mean_all,1337,en,uk,0.7304812073707581,nonafrican-nonafrican
mean_diff,decoder,4,pooled_mean_all,1337,en,xh,0.35802751779556274,cross-group
mean_diff,decoder,4,pooled_mean_all,1337,en,yo,0.3076121211051941,cross-group
mean_diff,decoder,4,pooled_mean_all,1337,es,hi,0.8212906718254089,nonafrican-nonafrican
mean_diff,decoder,4,pooled_mean_all,1337,es,uk,0.8334223031997681,nonafrican-nonafrican
mean_diff,decoder,4,pooled_mean_all,1337,es,xh,0.4973464608192444,cross-group
mean_diff,decoder,4,pooled_mean_all,1337,es,yo,0.4649212062358856,cross-group
mean_diff,decoder,4,pooled_mean_all,1337,hi,uk,0.7801942825317383,nonafrican-nonafrican
mean_diff,decoder,4,pooled_mean_all,1337,hi,xh,0.5396335124969482,cross-group
mean_diff,decoder,4,pooled_mean_all,1337,hi,yo,0.5677740573883057,cross-group
mean_diff,decoder,4,pooled_mean_all,1337,uk,xh,0.40473490953445435,cross-group
mean_diff,decoder,4,pooled_mean_all,1337,uk,yo,0.40274691581726074,cross-group
mean_diff,decoder,4,pooled_mean_all,1337,xh,yo,0.7271120548248291,african-african
mean_diff,decoder,4,pooled_mean_all,2024,am,ar,0.7951266169548035,nonafrican-nonafrican
mean_diff,decoder,4,pooled_mean_all,2024,am,de,0.7964821457862854,nonafrican-nonafrican
mean_diff,decoder,4,pooled_mean_all,2024,am,en,0.6934289932250977,nonafrican-nonafrican
mean_diff,decoder,4,pooled_mean_all,2024,am,es,0.8372367024421692,nonafrican-nonafrican
mean_diff,decoder,4,pooled_mean_all,2024,am,hi,0.8687885403633118,nonafrican-nonafrican
mean_diff,decoder,4,pooled_mean_all,2024,am,uk,0.7618049383163452,nonafrican-nonafrican
mean_diff,decoder,4,pooled_mean_all,2024,am,xh,0.6002116203308105,cross-group
mean_diff,decoder,4,pooled_mean_all,2024,am,yo,0.6286617517471313,cross-group
mean_diff,decoder,4,pooled_mean_all,2024,ar,de,0.7830435037612915,nonafrican-nonafrican
mean_diff,decoder,4,pooled_mean_all,2024,ar,en,0.7420098781585693,nonafrican-nonafrican
mean_diff,decoder,4,pooled_mean_all,2024,ar,es,0.8377376794815063,nonafrican-nonafrican
mean_diff,decoder,4,pooled_mean_all,2024,ar,hi,0.7661199569702148,nonafrican-nonafrican
mean_diff,decoder,4,pooled_mean_all,2024,ar,uk,0.7739951610565186,nonafrican-nonafrican
mean_diff,decoder,4,pooled_mean_all,2024,ar,xh,0.47921299934387207,cross-group
mean_diff,decoder,4,pooled_mean_all,2024,ar,yo,0.4297967255115509,cross-group
mean_diff,decoder,4,pooled_mean_all,2024,de,en,0.7748363018035889,nonafrican-nonafrican
mean_diff,decoder,4,pooled_mean_all,2024,de,es,0.8593752980232239,nonafrican-nonafrican
mean_diff,decoder,4,pooled_mean_all,2024,de,hi,0.8029654026031494,nonafrican-nonafrican
mean_diff,decoder,4,pooled_mean_all,2024,de,uk,0.792726457118988,nonafrican-nonafrican
mean_diff,decoder,4,pooled_mean_all,2024,de,xh,0.48153460025787354,cross-group
mean_diff,decoder,4,pooled_mean_all,2024,de,yo,0.42464107275009155,cross-group
mean_diff,decoder,4,pooled_mean_all,2024,en,es,0.8301534652709961,nonafrican-nonafrican
mean_diff,decoder,4,pooled_mean_all,2024,en,hi,0.6570980548858643,nonafrican-nonafrican
mean_diff,decoder,4,pooled_mean_all,2024,en,uk,0.7049763202667236,nonafrican-nonafrican
mean_diff,decoder,4,pooled_mean_all,2024,en,xh,0.3604641556739807,cross-group
mean_diff,decoder,4,pooled_mean_all,2024,en,yo,0.276700884103775,cross-group
mean_diff,decoder,4,pooled_mean_all,2024,es,hi,0.8129781484603882,nonafrican-nonafrican
mean_diff,decoder,4,pooled_mean_all,2024,es,uk,0.8179960250854492,nonafrican-nonafrican
mean_diff,decoder,4,pooled_mean_all,2024,es,xh,0.534892201423645,cross-group
mean_diff,decoder,4,pooled_mean_all,2024,es,yo,0.46676474809646606,cross-group
mean_diff,decoder,4,pooled_mean_all,2024,hi,uk,0.7626205086708069,nonafrican-nonafrican
mean_diff,decoder,4,pooled_mean_all,2024,hi,xh,0.5552486181259155,cross-group
mean_diff,decoder,4,pooled_mean_all,2024,hi,yo,0.5437655448913574,cross-group
mean_diff,decoder,4,pooled_mean_all,2024,uk,xh,0.43067073822021484,cross-group
mean_diff,decoder,4,pooled_mean_all,2024,uk,yo,0.39279767870903015,cross-group
mean_diff,decoder,4,pooled_mean_all,2024,xh,yo,0.7346480488777161,african-african
mean_diff,decoder,4,pooled_mean_content,42,am,ar,0.8059663772583008,nonafrican-nonafrican
mean_diff,decoder,4,pooled_mean_content,42,am,de,0.8201024532318115,nonafrican-nonafrican
mean_diff,decoder,4,pooled_mean_content,42,am,en,0.7200229167938232,nonafrican-nonafrican
mean_diff,decoder,4,pooled_mean_content,42,am,es,0.8511991500854492,nonafrican-nonafrican
mean_diff,decoder,4,pooled_mean_content,42,am,hi,0.8789732456207275,nonafrican-nonafrican
mean_diff,decoder,4,pooled_mean_content,42,am,uk,0.7805832624435425,nonafrican-nonafrican
mean_diff,decoder,4,pooled_mean_content,42,am,xh,0.5884994268417358,cross-group
mean_diff,decoder,4,pooled_mean_content,42,am,yo,0.6793357133865356,cross-group
mean_diff,decoder,4,pooled_mean_content,42,ar,de,0.798837423324585,nonafrican-nonafrican
mean_diff,decoder,4,pooled_mean_content,42,ar,en,0.7468339204788208,nonafrican-nonafrican
mean_diff,decoder,4,pooled_mean_content,42,ar,es,0.8389323949813843,nonafrican-nonafrican
mean_diff,decoder,4,pooled_mean_content,42,ar,hi,0.7808727622032166,nonafrican-nonafrican
mean_diff,decoder,4,pooled_mean_content,42,ar,uk,0.7854700088500977,nonafrican-nonafrican
mean_diff,decoder,4,pooled_mean_content,42,ar,xh,0.5009046196937561,cross-group
mean_diff,decoder,4,pooled_mean_content,42,ar,yo,0.5346410274505615,cross-group
mean_diff,decoder,4,pooled_mean_content,42,de,en,0.7812272906303406,nonafrican-nonafrican
mean_diff,decoder,4,pooled_mean_content,42,de,es,0.8705460429191589,nonafrican-nonafrican
mean_diff,decoder,4,pooled_mean_content,42,de,hi,0.8218609690666199,nonafrican-nonafrican
mean_diff,decoder,4,pooled_mean_content,42,de,uk,0.8041796684265137,nonafrican-nonafrican
mean_diff,decoder,4,pooled_mean_content,42,de,xh,0.5299316644668579,cross-group
mean_diff,decoder,4,pooled_mean_content,42,de,yo,0.5360979437828064,cross-group
mean_diff,decoder,4,pooled_mean_content,42,en,es,0.8271253108978271,nonafrican-nonafrican
mean_diff,decoder,4,pooled_mean_content,42,en,hi,0.6873229742050171,nonafrican-nonafrican
mean_diff,decoder,4,pooled_mean_content,42,en,uk,0.6897813081741333,nonafrican-nonafrican
mean_diff,decoder,4,pooled_mean_content,42,en,xh,0.4690670967102051,cross-group
mean_diff,decoder,4,pooled_mean_content,42,en,yo,0.460114061832428,cross-group
mean_diff,decoder,4,pooled_mean_content,42,es,hi,0.8346050977706909,nonafrican-nonafrican
mean_diff,decoder,4,pooled_mean_content,42,es,uk,0.8154422044754028,nonafrican-nonafrican
mean_diff,decoder,4,pooled_mean_content,42,es,xh,0.5942500829696655,cross-group
mean_diff,decoder,4,pooled_mean_content,42,es,yo,0.58614182472229,cross-group
mean_diff,decoder,4,pooled_mean_content,42,hi,uk,0.7910704016685486,nonafrican-nonafrican
mean_diff,decoder,4,pooled_mean_content,42,hi,xh,0.557811975479126,cross-group
mean_diff,decoder,4,pooled_mean_content,42,hi,yo,0.6164537668228149,cross-group
mean_diff,decoder,4,pooled_mean_content,42,uk,xh,0.4640538692474365,cross-group
mean_diff,decoder,4,pooled_mean_content,42,uk,yo,0.49882978200912476,cross-group
mean_diff,decoder,4,pooled_mean_content,42,xh,yo,0.6957948207855225,african-african
mean_diff,decoder,4,pooled_mean_content,1337,am,ar,0.8158799409866333,nonafrican-nonafrican
mean_diff,decoder,4,pooled_mean_content,1337,am,de,0.8239110708236694,nonafrican-nonafrican
mean_diff,decoder,4,pooled_mean_content,1337,am,en,0.7158027291297913,nonafrican-nonafrican
mean_diff,decoder,4,pooled_mean_content,1337,am,es,0.8405805230140686,nonafrican-nonafrican
mean_diff,decoder,4,pooled_mean_content,1337,am,hi,0.8774605393409729,nonafrican-nonafrican
mean_diff,decoder,4,pooled_mean_content,1337,am,uk,0.7725502252578735,nonafrican-nonafrican
mean_diff,decoder,4,pooled_mean_content,1337,am,xh,0.6170487403869629,cross-group
mean_diff,decoder,4,pooled_mean_content,1337,am,yo,0.7118130326271057,cross-group
mean_diff,decoder,4,pooled_mean_content,1337,ar,de,0.8084722757339478,nonafrican-nonafrican
mean_diff,decoder,4,pooled_mean_content,1337,ar,en,0.7354234457015991,nonafrican-nonafrican
mean_diff,decoder,4,pooled_mean_content,1337,ar,es,0.8390673398971558,nonafrican-nonafrican
mean_diff,decoder,4,pooled_mean_content,1337,ar,hi,0.7955564260482788,nonafrican-nonafrican
mean_diff,decoder,4,pooled_mean_content,1337,ar,uk,0.7867618799209595,nonafrican-nonafrican
mean_diff,decoder,4,pooled_mean_content,1337,ar,xh,0.5162707567214966,cross-group
mean_diff,decoder,4,pooled_mean_content,1337,ar,yo,0.5598200559616089,cross-group
mean_diff,decoder,4,pooled_mean_content,1337,de,en,0.7830972671508789,nonafrican-nonafrican
mean_diff,decoder,4,pooled_mean_content,1337,de,es,0.8728443384170532,nonafrican-nonafrican
mean_diff,decoder,4,pooled_mean_content,1337,de,hi,0.8415351510047913,nonafrican-nonafrican
mean_diff,decoder,4,pooled_mean_content,1337,de,uk,0.8061907291412354,nonafrican-nonafrican
mean_diff,decoder,4,pooled_mean_content,1337,de,xh,0.5265384316444397,cross-group
mean_diff,decoder,4,pooled_mean_content,1337,de,yo,0.5674145221710205,cross-group
mean_diff,decoder,4,pooled_mean_content,1337,en,es,0.820569634437561,nonafrican-nonafrican
mean_diff,decoder,4,pooled_mean_content,1337,en,hi,0.6935111880302429,nonafrican-nonafrican
mean_diff,decoder,4,pooled_mean_content,1337,en,uk,0.7022597789764404,nonafrican-nonafrican
mean_diff,decoder,4,pooled_mean_content,1337,en,xh,0.47456076741218567,cross-group
mean_diff,decoder,4,pooled_mean_content,1337,en,yo,0.4663119912147522,cross-group
mean_diff,decoder,4,pooled_mean_content,1337,es,hi,0.8240910768508911,nonafrican-nonafrican
mean_diff,decoder,4,pooled_mean_content,1337,es,uk,0.8217028379440308,nonafrican-nonafrican
mean_diff,decoder,4,pooled_mean_content,1337,es,xh,0.581913948059082,cross-group
mean_diff,decoder,4,pooled_mean_content,1337,es,yo,0.5932180881500244,cross-group
mean_diff,decoder,4,pooled_mean_content,1337,hi,uk,0.777642011642456,nonafrican-nonafrican
mean_diff,decoder,4,pooled_mean_content,1337,hi,xh,0.5711723566055298,cross-group
mean_diff,decoder,4,pooled_mean_content,1337,hi,yo,0.6389402747154236,cross-group
mean_diff,decoder,4,pooled_mean_content,1337,uk,xh,0.46627306938171387,cross-group
mean_diff,decoder,4,pooled_mean_content,1337,uk,yo,0.5042101144790649,cross-group
mean_diff,decoder,4,pooled_mean_content,1337,xh,yo,0.7047481536865234,african-african
mean_diff,decoder,4,pooled_mean_content,2024,am,ar,0.8025927543640137,nonafrican-nonafrican
mean_diff,decoder,4,pooled_mean_content,2024,am,de,0.803858757019043,nonafrican-nonafrican
mean_diff,decoder,4,pooled_mean_content,2024,am,en,0.7040246725082397,nonafrican-nonafrican
mean_diff,decoder,4,pooled_mean_content,2024,am,es,0.846011757850647,nonafrican-nonafrican
mean_diff,decoder,4,pooled_mean_content,2024,am,hi,0.8681183457374573,nonafrican-nonafrican
mean_diff,decoder,4,pooled_mean_content,2024,am,uk,0.7646156549453735,nonafrican-nonafrican
mean_diff,decoder,4,pooled_mean_content,2024,am,xh,0.6183788180351257,cross-group
mean_diff,decoder,4,pooled_mean_content,2024,am,yo,0.6815396547317505,cross-group
mean_diff,decoder,4,pooled_mean_content,2024,ar,de,0.777428388595581,nonafrican-nonafrican
mean_diff,decoder,4,pooled_mean_content,2024,ar,en,0.7085126638412476,nonafrican-nonafrican
mean_diff,decoder,4,pooled_mean_content,2024,ar,es,0.8265292644500732,nonafrican-nonafrican
mean_diff,decoder,4,pooled_mean_content,2024,ar,hi,0.763524055480957,nonafrican-nonafrican
mean_diff,decoder,4,pooled_mean_content,2024,ar,uk,0.758493185043335,nonafrican-nonafrican
mean_diff,decoder,4,pooled_mean_content,2024,ar,xh,0.5444679260253906,cross-group
mean_diff,decoder,4,pooled_mean_content,2024,ar,yo,0.5347728729248047,cross-group
mean_diff,decoder,4,pooled_mean_content,2024,de,en,0.7538557052612305,nonafrican-nonafrican
mean_diff,decoder,4,pooled_mean_content,2024,de,es,0.8532325625419617,nonafrican-nonafrican
mean_diff,decoder,4,pooled_mean_content,2024,de,hi,0.8019174933433533,nonafrican-nonafrican
mean_diff,decoder,4,pooled_mean_content,2024,de,uk,0.7795826196670532,nonafrican-nonafrican
mean_diff,decoder,4,pooled_mean_content,2024,de,xh,0.5419586896896362,cross-group
mean_diff,decoder,4,pooled_mean_content,2024,de,yo,0.5173735022544861,cross-group
mean_diff,decoder,4,pooled_mean_content,2024,en,es,0.8089804649353027,nonafrican-nonafrican
mean_diff,decoder,4,pooled_mean_content,2024,en,hi,0.663072943687439,nonafrican-nonafrican
mean_diff,decoder,4,pooled_mean_content,2024,en,uk,0.6715636253356934,nonafrican-nonafrican
mean_diff,decoder,4,pooled_mean_content,2024,en,xh,0.48481518030166626,cross-group
mean_diff,decoder,4,pooled_mean_content,2024,en,yo,0.4403737783432007,cross-group
mean_diff,decoder,4,pooled_mean_content,2024,es,hi,0.8156842589378357,nonafrican-nonafrican
mean_diff,decoder,4,pooled_mean_content,2024,es,uk,0.8034487962722778,nonafrican-nonafrican
mean_diff,decoder,4,pooled_mean_content,2024,es,xh,0.6202754974365234,cross-group
mean_diff,decoder,4,pooled_mean_content,2024,es,yo,0.5912545919418335,cross-group
mean_diff,decoder,4,pooled_mean_content,2024,hi,uk,0.7611618041992188,nonafrican-nonafrican
mean_diff,decoder,4,pooled_mean_content,2024,hi,xh,0.5894189476966858,cross-group
mean_diff,decoder,4,pooled_mean_content,2024,hi,yo,0.6108649969100952,cross-group
mean_diff,decoder,4,pooled_mean_content,2024,uk,xh,0.5010082721710205,cross-group
mean_diff,decoder,4,pooled_mean_content,2024,uk,yo,0.49682319164276123,cross-group
mean_diff,decoder,4,pooled_mean_content,2024,xh,yo,0.7144055366516113,african-african
mean_diff,decoder,6,pooled_mean_all,42,am,ar,0.817693829536438,nonafrican-nonafrican
mean_diff,decoder,6,pooled_mean_all,42,am,de,0.8382885456085205,nonafrican-nonafrican
mean_diff,decoder,6,pooled_mean_all,42,am,en,0.6592064499855042,nonafrican-nonafrican
mean_diff,decoder,6,pooled_mean_all,42,am,es,0.8088420629501343,nonafrican-nonafrican
mean_diff,decoder,6,pooled_mean_all,42,am,hi,0.8892884254455566,nonafrican-nonafrican
mean_diff,decoder,6,pooled_mean_all,42,am,uk,0.8040993213653564,nonafrican-nonafrican
mean_diff,decoder,6,pooled_mean_all,42,am,xh,0.6516386270523071,cross-group
mean_diff,decoder,6,pooled_mean_all,42,am,yo,0.7650502920150757,cross-group
mean_diff,decoder,6,pooled_mean_all,42,ar,de,0.8423823714256287,nonafrican-nonafrican
mean_diff,decoder,6,pooled_mean_all,42,ar,en,0.7591960430145264,nonafrican-nonafrican
mean_diff,decoder,6,pooled_mean_all,42,ar,es,0.854043185710907,nonafrican-nonafrican
mean_diff,decoder,6,pooled_mean_all,42,ar,hi,0.8133597373962402,nonafrican-nonafrican
mean_diff,decoder,6,pooled_mean_all,42,ar,uk,0.8147314786911011,nonafrican-nonafrican
mean_diff,decoder,6,pooled_mean_all,42,ar,xh,0.5562493205070496,cross-group
mean_diff,decoder,6,pooled_mean_all,42,ar,yo,0.590168297290802,cross-group
mean_diff,decoder,6,pooled_mean_all,42,de,en,0.7799532413482666,nonafrican-nonafrican
mean_diff,decoder,6,pooled_mean_all,42,de,es,0.8726935386657715,nonafrican-nonafrican
mean_diff,decoder,6,pooled_mean_all,42,de,hi,0.8412832617759705,nonafrican-nonafrican
mean_diff,decoder,6,pooled_mean_all,42,de,uk,0.8440806269645691,nonafrican-nonafrican
mean_diff,decoder,6,pooled_mean_all,42,de,xh,0.5698297023773193,cross-group
mean_diff,decoder,6,pooled_mean_all,42,de,yo,0.6195191740989685,cross-group
mean_diff,decoder,6,pooled_mean_all,42,en,es,0.8357405662536621,nonafrican-nonafrican
mean_diff,decoder,6,pooled_mean_all,42,en,hi,0.6643372178077698,nonafrican-nonafrican
mean_diff,decoder,6,pooled_mean_all,42,en,uk,0.7130565643310547,nonafrican-nonafrican
mean_diff,decoder,6,pooled_mean_all,42,en,xh,0.4299624562263489,cross-group
mean_diff,decoder,6,pooled_mean_all,42,en,yo,0.41757917404174805,cross-group
mean_diff,decoder,6,pooled_mean_all,42,es,hi,0.8213506937026978,nonafrican-nonafrican
mean_diff,decoder,6,pooled_mean_all,42,es,uk,0.8333631157875061,nonafrican-nonafrican
mean_diff,decoder,6,pooled_mean_all,42,es,xh,0.5799421072006226,cross-group
mean_diff,decoder,6,pooled_mean_all,42,es,yo,0.5857352018356323,cross-group
mean_diff,decoder,6,pooled_mean_all,42,hi,uk,0.826763391494751,nonafrican-nonafrican
mean_diff,decoder,6,pooled_mean_all,42,hi,xh,0.6024985313415527,cross-group
mean_diff,decoder,6,pooled_mean_all,42,hi,yo,0.6825799345970154,cross-group
mean_diff,decoder,6,pooled_mean_all,42,uk,xh,0.5231044888496399,cross-group
mean_diff,decoder,6,pooled_mean_all,42,uk,yo,0.576802134513855,cross-group
mean_diff,decoder,6,pooled_mean_all,42,xh,yo,0.7471320629119873,african-african
mean_diff,decoder,6,pooled_mean_all,1337,am,ar,0.827279806137085,nonafrican-nonafrican
mean_diff,decoder,6,pooled_mean_all,1337,am,de,0.8461534976959229,nonafrican-nonafrican
mean_diff,decoder,6,pooled_mean_all,1337,am,en,0.6538629531860352,nonafrican-nonafrican
mean_diff,decoder,6,pooled_mean_all,1337,am,es,0.799644410610199,nonafrican-nonafrican
mean_diff,decoder,6,pooled_mean_all,1337,am,hi,0.8902758359909058,nonafrican-nonafrican
mean_diff,decoder,6,pooled_mean_all,1337,am,uk,0.7910439968109131,nonafrican-nonafrican
mean_diff,decoder,6,pooled_mean_all,1337,am,xh,0.6586300134658813,cross-group
mean_diff,decoder,6,pooled_mean_all,1337,am,yo,0.7661474943161011,cross-group
mean_diff,decoder,6,pooled_mean_all,1337,ar,de,0.8495345115661621,nonafrican-nonafrican
mean_diff,decoder,6,pooled_mean_all,1337,ar,en,0.7455980777740479,nonafrican-nonafrican
mean_diff,decoder,6,pooled_mean_all,1337,ar,es,0.8477693200111389,nonafrican-nonafrican
mean_diff,decoder,6,pooled_mean_all,1337,ar,hi,0.8309911489486694,nonafrican-nonafrican
mean_diff,decoder,6,pooled_mean_all,1337,ar,uk,0.808646559715271,nonafrican-nonafrican
mean_diff,decoder,6,pooled_mean_all,1337,ar,xh,0.5611107349395752,cross-group
mean_diff,decoder,6,pooled_mean_all,1337,ar,yo,0.5882464647293091,cross-group
mean_diff,decoder,6,pooled_mean_all,1337,de,en,0.7702103853225708,nonafrican-nonafrican
mean_diff,decoder,6,pooled_mean_all,1337,de,es,0.8685991764068604,nonafrican-nonafrican
mean_diff,decoder,6,pooled_mean_all,1337,de,hi,0.8572514057159424,nonafrican-nonafrican
mean_diff,decoder,6,pooled_mean_all,1337,de,uk,0.8402668237686157,nonafrican-nonafrican
mean_diff,decoder,6,pooled_mean_all,1337,de,xh,0.556830883026123,cross-group
mean_diff,decoder,6,pooled_mean_all,1337,de,yo,0.6212872266769409,cross-group
mean_diff,decoder,6,pooled_mean_all,1337,en,es,0.8313004970550537,nonafrican-nonafrican
mean_diff,decoder,6,pooled_mean_all,1337,en,hi,0.6681236028671265,nonafrican-nonafrican
mean_diff,decoder,6,pooled_mean_all,1337,en,uk,0.7198605537414551,nonafrican-nonafrican
mean_diff,decoder,6,pooled_mean_all,1337,en,xh,0.41091614961624146,cross-group
mean_diff,decoder,6,pooled_mean_all,1337,en,yo,0.40304362773895264,cross-group
mean_diff,decoder,6,pooled_mean_all,1337,es,hi,0.8106106519699097,nonafrican-nonafrican
mean_diff,decoder,6,pooled_mean_all,1337,es,uk,0.8341802954673767,nonafrican-nonafrican
mean_diff,decoder,6,pooled_mean_all,1337,es,xh,0.5472623109817505,cross-group
mean_diff,decoder,6,pooled_mean_all,1337,es,yo,0.5561412572860718,cross-group
mean_diff,decoder,6,pooled_mean_all,1337,hi,uk,0.8134345412254333,nonafrican-nonafrican
mean_diff,decoder,6,pooled_mean_all,1337,hi,xh,0.5993842482566833,cross-group
mean_diff,decoder,6,pooled_mean_all,1337,hi,yo,0.6789581775665283,cross-group
mean_diff,decoder,6,pooled_mean_all,1337,uk,xh,0.5003281831741333,cross-group
mean_diff,decoder,6,pooled_mean_all,1337,uk,yo,0.541963517665863,cross-group
mean_diff,decoder,6,pooled_mean_all,1337,xh,yo,0.7388948798179626,african-african
mean_diff,decoder,6,pooled_mean_all,2024,am,ar,0.8260577917098999,nonafrican-nonafrican
mean_diff,decoder,6,pooled_mean_all,2024,am,de,0.8439376950263977,nonafrican-nonafrican
mean_diff,decoder,6,pooled_mean_all,2024,am,en,0.6684956550598145,nonafrican-nonafrican
mean_diff,decoder,6,pooled_mean_all,2024,am,es,0.8205736875534058,nonafrican-nonafrican
mean_diff,decoder,6,pooled_mean_all,2024,am,hi,0.8859661221504211,nonafrican-nonafrican
mean_diff,decoder,6,pooled_mean_all,2024,am,uk,0.7948771715164185,nonafrican-nonafrican
mean_diff,decoder,6,pooled_mean_all,2024,am,xh,0.6520462036132812,cross-group
mean_diff,decoder,6,pooled_mean_all,2024,am,yo,0.754030704498291,cross-group
mean_diff,decoder,6,pooled_mean_all,2024,ar,de,0.8325455784797668,nonafrican-nonafrican
mean_diff,decoder,6,pooled_mean_all,2024,ar,en,0.7514816522598267,nonafrican-nonafrican
mean_diff,decoder,6,pooled_mean_all,2024,ar,es,0.8510210514068604,nonafrican-nonafrican
mean_diff,decoder,6,pooled_mean_all,2024,ar,hi,0.8109809756278992,nonafrican-nonafrican
mean_diff,decoder,6,pooled_mean_all,2024,ar,uk,0.7986853718757629,nonafrican-nonafrican
mean_diff,decoder,6,pooled_mean_all,2024,ar,xh,0.5744738578796387,cross-group
mean_diff,decoder,6,pooled_mean_all,2024,ar,yo,0.5855628848075867,cross-group
mean_diff,decoder,6,pooled_mean_all,2024,de,en,0.7754191160202026,nonafrican-nonafrican
mean_diff,decoder,6,pooled_mean_all,2024,de,es,0.8693233728408813,nonafrican-nonafrican
mean_diff,decoder,6,pooled_mean_all,2024,de,hi,0.8359986543655396,nonafrican-nonafrican
mean_diff,decoder,6,pooled_mean_all,2024,de,uk,0.831255316734314,nonafrican-nonafrican
mean_diff,decoder,6,pooled_mean_all,2024,de,xh,0.5689850449562073,cross-group
mean_diff,decoder,6,pooled_mean_all,2024,de,yo,0.6011911034584045,cross-group
mean_diff,decoder,6,pooled_mean_all,2024,en,es,0.8381963968276978,nonafrican-nonafrican
mean_diff,decoder,6,pooled_mean_all,2024,en,hi,0.6669787764549255,nonafrican-nonafrican
mean_diff,decoder,6,pooled_mean_all,2024,en,uk,0.7187209725379944,nonafrican-nonafrican
mean_diff,decoder,6,pooled_mean_all,2024,en,xh,0.4451161324977875,cross-group
mean_diff,decoder,6,pooled_mean_all,2024,en,yo,0.4188362956047058,cross-group
mean_diff,decoder,6,pooled_mean_all,2024,es,hi,0.8178287744522095,nonafrican-nonafrican
mean_diff,decoder,6,pooled_mean_all,2024,es,uk,0.8338059186935425,nonafrican-nonafrican
mean_diff,decoder,6,pooled_mean_all,2024,es,xh,0.5884560346603394,cross-group
mean_diff,decoder,6,pooled_mean_all,2024,es,yo,0.5882076621055603,cross-group
mean_diff,decoder,6,pooled_mean_all,2024,hi,uk,0.8074655532836914,nonafrican-nonafrican
mean_diff,decoder,6,pooled_mean_all,2024,hi,xh,0.6130950450897217,cross-group
mean_diff,decoder,6,pooled_mean_all,2024,hi,yo,0.6676807999610901,cross-group
mean_diff,decoder,6,pooled_mean_all,2024,uk,xh,0.5173711776733398,cross-group
mean_diff,decoder,6,pooled_mean_all,2024,uk,yo,0.5507532954216003,cross-group
mean_diff,decoder,6,pooled_mean_all,2024,xh,yo,0.757552981376648,african-african
mean_diff,decoder,6,pooled_mean_content,42,am,ar,0.8224633932113647,nonafrican-nonafrican
mean_diff,decoder,6,pooled_mean_content,42,am,de,0.8379570245742798,nonafrican-nonafrican
mean_diff,decoder,6,pooled_mean_content,42,am,en,0.6686612367630005,nonafrican-nonafrican
mean_diff,decoder,6,pooled_mean_content,42,am,es,0.8159011602401733,nonafrican-nonafrican
mean_diff,decoder,6,pooled_mean_content,42,am,hi,0.8861608505249023,nonafrican-nonafrican
mean_diff,decoder,6,pooled_mean_content,42,am,uk,0.8062846660614014,nonafrican-nonafrican
mean_diff,decoder,6,pooled_mean_content,42,am,xh,0.6626633405685425,cross-group
mean_diff,decoder,6,pooled_mean_content,42,am,yo,0.7923883199691772,cross-group
mean_diff,decoder,6,pooled_mean_content,42,ar,de,0.8316452503204346,nonafrican-nonafrican
mean_diff,decoder,6,pooled_mean_content,42,ar,en,0.7328852415084839,nonafrican-nonafrican
mean_diff,decoder,6,pooled_mean_content,42,ar,es,0.8414734601974487,nonafrican-nonafrican
mean_diff,decoder,6,pooled_mean_content,42,ar,hi,0.8100038766860962,nonafrican-nonafrican
mean_diff,decoder,6,pooled_mean_content,42,ar,uk,0.7995949983596802,nonafrican-nonafrican
mean_diff,decoder,6,pooled_mean_content,42,ar,xh,0.6066381931304932,cross-group
mean_diff,decoder,6,pooled_mean_content,42,ar,yo,0.6627177596092224,cross-group
mean_diff,decoder,6,pooled_mean_content,42,de,en,0.765146017074585,nonafrican-nonafrican
mean_diff,decoder,6,pooled_mean_content,42,de,es,0.8653473854064941,nonafrican-nonafrican
mean_diff,decoder,6,pooled_mean_content,42,de,hi,0.8384580612182617,nonafrican-nonafrican
mean_diff,decoder,6,pooled_mean_content,42,de,uk,0.8339307308197021,nonafrican-nonafrican
mean_diff,decoder,6,pooled_mean_content,42,de,xh,0.6082024574279785,cross-group
mean_diff,decoder,6,pooled_mean_content,42,de,yo,0.674332857131958,cross-group
mean_diff,decoder,6,pooled_mean_content,42,en,es,0.8182992339134216,nonafrican-nonafrican
mean_diff,decoder,6,pooled_mean_content,42,en,hi,0.6645379662513733,nonafrican-nonafrican
mean_diff,decoder,6,pooled_mean_content,42,en,uk,0.6858543753623962,nonafrican-nonafrican
mean_diff,decoder,6,pooled_mean_content,42,en,xh,0.5124936103820801,cross-group
mean_diff,decoder,6,pooled_mean_content,42,en,yo,0.5177871584892273,cross-group
mean_diff,decoder,6,pooled_mean_content,42,es,hi,0.8208205699920654,nonafrican-nonafrican
mean_diff,decoder,6,pooled_mean_content,42,es,uk,0.8193289041519165,nonafrican-nonafrican
mean_diff,decoder,6,pooled_mean_content,42,es,xh,0.6387310028076172,cross-group
mean_diff,decoder,6,pooled_mean_content,42,es,yo,0.6620439291000366,cross-group
mean_diff,decoder,6,pooled_mean_content,42,hi,uk,0.8237130641937256,nonafrican-nonafrican
mean_diff,decoder,6,pooled_mean_content,42,hi,xh,0.6234877109527588,cross-group
mean_diff,decoder,6,pooled_mean_content,42,hi,yo,0.718798041343689,cross-group
mean_diff,decoder,6,pooled_mean_content,42,uk,xh,0.5748316049575806,cross-group
mean_diff,decoder,6,pooled_mean_content,42,uk,yo,0.6466642618179321,cross-group
mean_diff,decoder,6,pooled_mean_content,42,xh,yo,0.7386151552200317,african-african
mean_diff,decoder,6,pooled_mean_content,1337,am,ar,0.8318160176277161,nonafrican-nonafrican
mean_diff,decoder,6,pooled_mean_content,1337,am,de,0.8474822044372559,nonafrican-nonafrican
mean_diff,decoder,6,pooled_mean_content,1337,am,en,0.6611663103103638,nonafrican-nonafrican
mean_diff,decoder,6,pooled_mean_content,1337,am,es,0.8094610571861267,nonafrican-nonafrican
mean_diff,decoder,6,pooled_mean_content,1337,am,hi,0.8870714902877808,nonafrican-nonafrican
mean_diff,decoder,6,pooled_mean_content,1337,am,uk,0.7931369543075562,nonafrican-nonafrican
mean_diff,decoder,6,pooled_mean_content,1337,am,xh,0.6753219366073608,cross-group
mean_diff,decoder,6,pooled_mean_content,1337,am,yo,0.7997413873672485,cross-group
mean_diff,decoder,6,pooled_mean_content,1337,ar,de,0.8384981751441956,nonafrican-nonafrican
mean_diff,decoder,6,pooled_mean_content,1337,ar,en,0.7180426120758057,nonafrican-nonafrican
mean_diff,decoder,6,pooled_mean_content,1337,ar,es,0.8358477354049683,nonafrican-nonafrican
mean_diff,decoder,6,pooled_mean_content,1337,ar,hi,0.8271341919898987,nonafrican-nonafrican
mean_diff,decoder,6,pooled_mean_content,1337,ar,uk,0.7937210202217102,nonafrican-nonafrican
mean_diff,decoder,6,pooled_mean_content,1337,ar,xh,0.6152070760726929,cross-group
mean_diff,decoder,6,pooled_mean_content,1337,ar,yo,0.6632075309753418,cross-group
mean_diff,decoder,6,pooled_mean_content,1337,de,en,0.7512092590332031,nonafrican-nonafrican
mean_diff,decoder,6,pooled_mean_content,1337,de,es,0.8600696921348572,nonafrican-nonafrican
mean_diff,decoder,6,pooled_mean_content,1337,de,hi,0.8548362255096436,nonafrican-nonafrican
mean_diff,decoder,6,pooled_mean_content,1337,de,uk,0.8298830986022949,nonafrican-nonafrican
mean_diff,decoder,6,pooled_mean_content,1337,de,xh,0.6043403744697571,cross-group
mean_diff,decoder,6,pooled_mean_content,1337,de,yo,0.6849062442779541,cross-group
mean_diff,decoder,6,pooled_mean_content,1337,en,es,0.8082432746887207,nonafrican-nonafrican
mean_diff,decoder,6,pooled_mean_content,1337,en,hi,0.6671817898750305,nonafrican-nonafrican
mean_diff,decoder,6,pooled_mean_content,1337,en,uk,0.6915733814239502,nonafrican-nonafrican
mean_diff,decoder,6,pooled_mean_content,1337,en,xh,0.4973719120025635,cross-group
mean_diff,decoder,6,pooled_mean_content,1337,en,yo,0.5064064860343933,cross-group
mean_diff,decoder,6,pooled_mean_content,1337,es,hi,0.810046911239624,nonafrican-nonafrican
mean_diff,decoder,6,pooled_mean_content,1337,es,uk,0.8200706243515015,nonafrican-nonafrican
mean_diff,decoder,6,pooled_mean_content,1337,es,xh,0.6148077249526978,cross-group
mean_diff,decoder,6,pooled_mean_content,1337,es,yo,0.6427289247512817,cross-group
mean_diff,decoder,6,pooled_mean_content,1337,hi,uk,0.8087159395217896,nonafrican-nonafrican
mean_diff,decoder,6,pooled_mean_content,1337,hi,xh,0.6257328987121582,cross-group
mean_diff,decoder,6,pooled_mean_content,1337,hi,yo,0.7204856872558594,cross-group
mean_diff,decoder,6,pooled_mean_content,1337,uk,xh,0.5560500025749207,cross-group
mean_diff,decoder,6,pooled_mean_content,1337,uk,yo,0.6150219440460205,cross-group
mean_diff,decoder,6,pooled_mean_content,1337,xh,yo,0.7304002642631531,african-african
mean_diff,decoder,6,pooled_mean_content,2024,am,ar,0.8311009407043457,nonafrican-nonafrican
mean_diff,decoder,6,pooled_mean_content,2024,am,de,0.845748245716095,nonafrican-nonafrican
mean_diff,decoder,6,pooled_mean_content,2024,am,en,0.6761581897735596,nonafrican-nonafrican
mean_diff,decoder,6,pooled_mean_content,2024,am,es,0.8279461860656738,nonafrican-nonafrican
mean_diff,decoder,6,pooled_mean_content,2024,am,hi,0.8830726146697998,nonafrican-nonafrican
mean_diff,decoder,6,pooled_mean_content,2024,am,uk,0.7978600859642029,nonafrican-nonafrican
mean_diff,decoder,6,pooled_mean_content,2024,am,xh,0.6636806130409241,cross-group
mean_diff,decoder,6,pooled_mean_content,2024,am,yo,0.7906280755996704,cross-group
mean_diff,decoder,6,pooled_mean_content,2024,ar,de,0.8217401504516602,nonafrican-nonafrican
mean_diff,decoder,6,pooled_mean_content,2024,ar,en,0.7210776209831238,nonafrican-nonafrican
mean_diff,decoder,6,pooled_mean_content,2024,ar,es,0.8378708362579346,nonafrican-nonafrican
mean_diff,decoder,6,pooled_mean_content,2024,ar,hi,0.8061318397521973,nonafrican-nonafrican
mean_diff,decoder,6,pooled_mean_content,2024,ar,uk,0.7817372679710388,nonafrican-nonafrican
mean_diff,decoder,6,pooled_mean_content,2024,ar,xh,0.6228128671646118,cross-group
mean_diff,decoder,6,pooled_mean_content,2024,ar,yo,0.664271354675293,cross-group
mean_diff,decoder,6,pooled_mean_content,2024,de,en,0.7555360198020935,nonafrican-nonafrican
mean_diff,decoder,6,pooled_mean_content,2024,de,es,0.8591760396957397,nonafrican-nonafrican
mean_diff,decoder,6,pooled_mean_content,2024,de,hi,0.8337011933326721,nonafrican-nonafrican
mean_diff,decoder,6,pooled_mean_content,2024,de,uk,0.8199278116226196,nonafrican-nonafrican
mean_diff,decoder,6,pooled_mean_content,2024,de,xh,0.6095554232597351,cross-group
mean_diff,decoder,6,pooled_mean_content,2024,de,yo,0.6670962572097778,cross-group
mean_diff,decoder,6,pooled_mean_content,2024,en,es,0.8183945417404175,nonafrican-nonafrican
mean_diff,decoder,6,pooled_mean_content,2024,en,hi,0.6664369106292725,nonafrican-nonafrican
mean_diff,decoder,6,pooled_mean_content,2024,en,uk,0.6893662810325623,nonafrican-nonafrican
mean_diff,decoder,6,pooled_mean_content,2024,en,xh,0.534149169921875,cross-group
mean_diff,decoder,6,pooled_mean_content,2024,en,yo,0.5294432640075684,cross-group
mean_diff,decoder,6,pooled_mean_content,2024,es,hi,0.8169347047805786,nonafrican-nonafrican
mean_diff,decoder,6,pooled_mean_content,2024,es,uk,0.8185741305351257,nonafrican-nonafrican
mean_diff,decoder,6,pooled_mean_content,2024,es,xh,0.6518577933311462,cross-group
mean_diff,decoder,6,pooled_mean_content,2024,es,yo,0.6766610741615295,cross-group
mean_diff,decoder,6,pooled_mean_content,2024,hi,uk,0.803838849067688,nonafrican-nonafrican
mean_diff,decoder,6,pooled_mean_content,2024,hi,xh,0.6350399255752563,cross-group
mean_diff,decoder,6,pooled_mean_content,2024,hi,yo,0.7108215093612671,cross-group
mean_diff,decoder,6,pooled_mean_content,2024,uk,xh,0.5711451768875122,cross-group
mean_diff,decoder,6,pooled_mean_content,2024,uk,yo,0.6292028427124023,cross-group
mean_diff,decoder,6,pooled_mean_content,2024,xh,yo,0.7478125095367432,african-african
mean_diff,decoder,8,pooled_mean_all,42,am,ar,0.8012847900390625,nonafrican-nonafrican
mean_diff,decoder,8,pooled_mean_all,42,am,de,0.7806305885314941,nonafrican-nonafrican
mean_diff,decoder,8,pooled_mean_all,42,am,en,0.5889390110969543,nonafrican-nonafrican
mean_diff,decoder,8,pooled_mean_all,42,am,es,0.7324652671813965,nonafrican-nonafrican
mean_diff,decoder,8,pooled_mean_all,42,am,hi,0.8622422814369202,nonafrican-nonafrican
mean_diff,decoder,8,pooled_mean_all,42,am,uk,0.7708950638771057,nonafrican-nonafrican
mean_diff,decoder,8,pooled_mean_all,42,am,xh,0.4563230574131012,cross-group
mean_diff,decoder,8,pooled_mean_all,42,am,yo,0.6582704782485962,cross-group
mean_diff,decoder,8,pooled_mean_all,42,ar,de,0.7892882823944092,nonafrican-nonafrican
mean_diff,decoder,8,pooled_mean_all,42,ar,en,0.6894913911819458,nonafrican-nonafrican
mean_diff,decoder,8,pooled_mean_all,42,ar,es,0.7721621990203857,nonafrican-nonafrican
mean_diff,decoder,8,pooled_mean_all,42,ar,hi,0.7609674334526062,nonafrican-nonafrican
mean_diff,decoder,8,pooled_mean_all,42,ar,uk,0.7823053598403931,nonafrican-nonafrican
mean_diff,decoder,8,pooled_mean_all,42,ar,xh,0.37952327728271484,cross-group
mean_diff,decoder,8,pooled_mean_all,42,ar,yo,0.5158385038375854,cross-group
mean_diff,decoder,8,pooled_mean_all,42,de,en,0.6944193840026855,nonafrican-nonafrican
mean_diff,decoder,8,pooled_mean_all,42,de,es,0.7662206292152405,nonafrican-nonafrican
mean_diff,decoder,8,pooled_mean_all,42,de,hi,0.7746521830558777,nonafrican-nonafrican
mean_diff,decoder,8,pooled_mean_all,42,de,uk,0.7749782800674438,nonafrican-nonafrican
mean_diff,decoder,8,pooled_mean_all,42,de,xh,0.36843788623809814,cross-group
mean_diff,decoder,8,pooled_mean_all,42,de,yo,0.4923273026943207,cross-group
mean_diff,decoder,8,pooled_mean_all,42,en,es,0.7276711463928223,nonafrican-nonafrican
mean_diff,decoder,8,pooled_mean_all,42,en,hi,0.5811760425567627,nonafrican-nonafrican
mean_diff,decoder,8,pooled_mean_all,42,en,uk,0.6274914741516113,nonafrican-nonafrican
mean_diff,decoder,8,pooled_mean_all,42,en,xh,0.25121188163757324,cross-group
mean_diff,decoder,8,pooled_mean_all,42,en,yo,0.3280172348022461,cross-group
mean_diff,decoder,8,pooled_mean_all,42,es,hi,0.7367873191833496,nonafrican-nonafrican
mean_diff,decoder,8,pooled_mean_all,42,es,uk,0.7420830726623535,nonafrican-nonafrican
mean_diff,decoder,8,pooled_mean_all,42,es,xh,0.3699979782104492,cross-group
mean_diff,decoder,8,pooled_mean_all,42,es,yo,0.4641055762767792,cross-group
mean_diff,decoder,8,pooled_mean_all,42,hi,uk,0.7696561813354492,nonafrican-nonafrican
mean_diff,decoder,8,pooled_mean_all,42,hi,xh,0.44268494844436646,cross-group
mean_diff,decoder,8,pooled_mean_all,42,hi,yo,0.5885841846466064,cross-group
mean_diff,decoder,8,pooled_mean_all,42,uk,xh,0.37528476119041443,cross-group
mean_diff,decoder,8,pooled_mean_all,42,uk,yo,0.5225384831428528,cross-group
mean_diff,decoder,8,pooled_mean_all,42,xh,yo,0.5304683446884155,african-african
mean_diff,decoder,8,pooled_mean_all,1337,am,ar,0.8142665028572083,nonafrican-nonafrican
mean_diff,decoder,8,pooled_mean_all,1337,am,de,0.7890884876251221,nonafrican-nonafrican
mean_diff,decoder,8,pooled_mean_all,1337,am,en,0.5808601379394531,nonafrican-nonafrican
mean_diff,decoder,8,pooled_mean_all,1337,am,es,0.715753436088562,nonafrican-nonafrican
mean_diff,decoder,8,pooled_mean_all,1337,am,hi,0.8630197048187256,nonafrican-nonafrican
mean_diff,decoder,8,pooled_mean_all,1337,am,uk,0.7582805156707764,nonafrican-nonafrican
mean_diff,decoder,8,pooled_mean_all,1337,am,xh,0.4519268274307251,cross-group
mean_diff,decoder,8,pooled_mean_all,1337,am,yo,0.6414198875427246,cross-group
mean_diff,decoder,8,pooled_mean_all,1337,ar,de,0.7954014539718628,nonafrican-nonafrican
mean_diff,decoder,8,pooled_mean_all,1337,ar,en,0.6741135120391846,nonafrican-nonafrican
mean_diff,decoder,8,pooled_mean_all,1337,ar,es,0.756547212600708,nonafrican-nonafrican
mean_diff,decoder,8,pooled_mean_all,1337,ar,hi,0.7761248350143433,nonafrican-nonafrican
mean_diff,decoder,8,pooled_mean_all,1337,ar,uk,0.7780759930610657,nonafrican-nonafrican
mean_diff,decoder,8,pooled_mean_all,1337,ar,xh,0.379954993724823,cross-group
mean_diff,decoder,8,pooled_mean_all,1337,ar,yo,0.5044851303100586,cross-group
mean_diff,decoder,8,pooled_mean_all,1337,de,en,0.6748180389404297,nonafrican-nonafrican
mean_diff,decoder,8,pooled_mean_all,1337,de,es,0.7438127994537354,nonafrican-nonafrican
mean_diff,decoder,8,pooled_mean_all,1337,de,hi,0.7906342148780823,nonafrican-nonafrican
mean_diff,decoder,8,pooled_mean_all,1337,de,uk,0.7718369960784912,nonafrican-nonafrican
mean_diff,decoder,8,pooled_mean_all,1337,de,xh,0.36129119992256165,cross-group
mean_diff,decoder,8,pooled_mean_all,1337,de,yo,0.46960920095443726,cross-group
mean_diff,decoder,8,pooled_mean_all,1337,en,es,0.7191956043243408,nonafrican-nonafrican
mean_diff,decoder,8,pooled_mean_all,1337,en,hi,0.573491096496582,nonafrican-nonafrican
mean_diff,decoder,8,pooled_mean_all,1337,en,uk,0.6203025579452515,nonafrican-nonafrican
mean_diff,decoder,8,pooled_mean_all,1337,en,xh,0.22361476719379425,cross-group
mean_diff,decoder,8,pooled_mean_all,1337,en,yo,0.30115586519241333,cross-group
mean_diff,decoder,8,pooled_mean_all,1337,es,hi,0.7215150594711304,nonafrican-nonafrican
mean_diff,decoder,8,pooled_mean_all,1337,es,uk,0.7391805052757263,nonafrican-nonafrican
mean_diff,decoder,8,pooled_mean_all,1337,es,xh,0.3472748398780823,cross-group
mean_diff,decoder,8,pooled_mean_all,1337,es,yo,0.4294223189353943,cross-group
mean_diff,decoder,8,pooled_mean_all,1337,hi,uk,0.7572181820869446,nonafrican-nonafrican
mean_diff,decoder,8,pooled_mean_all,1337,hi,xh,0.42920494079589844,cross-group
mean_diff,decoder,8,pooled_mean_all,1337,hi,yo,0.5650003552436829,cross-group
mean_diff,decoder,8,pooled_mean_all,1337,uk,xh,0.36157888174057007,cross-group
mean_diff,decoder,8,pooled_mean_all,1337,uk,yo,0.48134979605674744,cross-group
mean_diff,decoder,8,pooled_mean_all,1337,xh,yo,0.48847100138664246,african-african
mean_diff,decoder,8,pooled_mean_all,2024,am,ar,0.8102015256881714,nonafrican-nonafrican
mean_diff,decoder,8,pooled_mean_all,2024,am,de,0.7755792737007141,nonafrican-nonafrican
mean_diff,decoder,8,pooled_mean_all,2024,am,en,0.5965266227722168,nonafrican-nonafrican
mean_diff,decoder,8,pooled_mean_all,2024,am,es,0.739788293838501,nonafrican-nonafrican
mean_diff,decoder,8,pooled_mean_all,2024,am,hi,0.8567413091659546,nonafrican-nonafrican
mean_diff,decoder,8,pooled_mean_all,2024,am,uk,0.7584552764892578,nonafrican-nonafrican
mean_diff,decoder,8,pooled_mean_all,2024,am,xh,0.4439251124858856,cross-group
mean_diff,decoder,8,pooled_mean_all,2024,am,yo,0.6192609667778015,cross-group
mean_diff,decoder,8,pooled_mean_all,2024,ar,de,0.776492178440094,nonafrican-nonafrican
mean_diff,decoder,8,pooled_mean_all,2024,ar,en,0.6952115893363953,nonafrican-nonafrican
mean_diff,decoder,8,pooled_mean_all,2024,ar,es,0.772587239742279,nonafrican-nonafrican
mean_diff,decoder,8,pooled_mean_all,2024,ar,hi,0.7540690898895264,nonafrican-nonafrican
mean_diff,decoder,8,pooled_mean_all,2024,ar,uk,0.7682160139083862,nonafrican-nonafrican
mean_diff,decoder,8,pooled_mean_all,2024,ar,xh,0.38179486989974976,cross-group
mean_diff,decoder,8,pooled_mean_all,2024,ar,yo,0.49364230036735535,cross-group
mean_diff,decoder,8,pooled_mean_all,2024,de,en,0.6902123093605042,nonafrican-nonafrican
mean_diff,decoder,8,pooled_mean_all,2024,de,es,0.7651801705360413,nonafrican-nonafrican
mean_diff,decoder,8,pooled_mean_all,2024,de,hi,0.7611417174339294,nonafrican-nonafrican
mean_diff,decoder,8,pooled_mean_all,2024,de,uk,0.7620578408241272,nonafrican-nonafrican
mean_diff,decoder,8,pooled_mean_all,2024,de,xh,0.3595128655433655,cross-group
mean_diff,decoder,8,pooled_mean_all,2024,de,yo,0.43492308259010315,cross-group
mean_diff,decoder,8,pooled_mean_all,2024,en,es,0.7319735288619995,nonafrican-nonafrican
mean_diff,decoder,8,pooled_mean_all,2024,en,hi,0.5784809589385986,nonafrican-nonafrican
mean_diff,decoder,8,pooled_mean_all,2024,en,uk,0.6255792379379272,nonafrican-nonafrican
mean_diff,decoder,8,pooled_mean_all,2024,en,xh,0.24099907279014587,cross-group
mean_diff,decoder,8,pooled_mean_all,2024,en,yo,0.314408540725708,cross-group
mean_diff,decoder,8,pooled_mean_all,2024,es,hi,0.7372021675109863,nonafrican-nonafrican
mean_diff,decoder,8,pooled_mean_all,2024,es,uk,0.7475937008857727,nonafrican-nonafrican
mean_diff,decoder,8,pooled_mean_all,2024,es,xh,0.367642343044281,cross-group
mean_diff,decoder,8,pooled_mean_all,2024,es,yo,0.44060543179512024,cross-group
mean_diff,decoder,8,pooled_mean_all,2024,hi,uk,0.7481878995895386,nonafrican-nonafrican
mean_diff,decoder,8,pooled_mean_all,2024,hi,xh,0.4402821958065033,cross-group
mean_diff,decoder,8,pooled_mean_all,2024,hi,yo,0.5502670407295227,cross-group
mean_diff,decoder,8,pooled_mean_all,2024,uk,xh,0.3675934672355652,cross-group
mean_diff,decoder,8,pooled_mean_all,2024,uk,yo,0.47309571504592896,cross-group
mean_diff,decoder,8,pooled_mean_all,2024,xh,yo,0.5015056133270264,african-african
mean_diff,decoder,8,pooled_mean_content,42,am,ar,0.7904713153839111,nonafrican-nonafrican
mean_diff,decoder,8,pooled_mean_content,42,am,de,0.7682127952575684,nonafrican-nonafrican
mean_diff,decoder,8,pooled_mean_content,42,am,en,0.5620949268341064,nonafrican-nonafrican
mean_diff,decoder,8,pooled_mean_content,42,am,es,0.708665132522583,nonafrican-nonafrican
mean_diff,decoder,8,pooled_mean_content,42,am,hi,0.85335373878479,nonafrican-nonafrican
mean_diff,decoder,8,pooled_mean_content,42,am,uk,0.7481650114059448,nonafrican-nonafrican
mean_diff,decoder,8,pooled_mean_content,42,am,xh,0.492936372756958,cross-group
mean_diff,decoder,8,pooled_mean_content,42,am,yo,0.7202210426330566,cross-group
mean_diff,decoder,8,pooled_mean_content,42,ar,de,0.7557198405265808,nonafrican-nonafrican
mean_diff,decoder,8,pooled_mean_content,42,ar,en,0.6247736215591431,nonafrican-nonafrican
mean_diff,decoder,8,pooled_mean_content,42,ar,es,0.724657416343689,nonafrican-nonafrican
mean_diff,decoder,8,pooled_mean_content,42,ar,hi,0.7429434657096863,nonafrican-nonafrican
mean_diff,decoder,8,pooled_mean_content,42,ar,uk,0.7460014224052429,nonafrican-nonafrican
mean_diff,decoder,8,pooled_mean_content,42,ar,xh,0.4583001434803009,cross-group
mean_diff,decoder,8,pooled_mean_content,42,ar,yo,0.6234689950942993,cross-group
mean_diff,decoder,8,pooled_mean_content,42,de,en,0.6460007429122925,nonafrican-nonafrican
mean_diff,decoder,8,pooled_mean_content,42,de,es,0.7210373878479004,nonafrican-nonafrican
mean_diff,decoder,8,pooled_mean_content,42,de,hi,0.7606046199798584,nonafrican-nonafrican
mean_diff,decoder,8,pooled_mean_content,42,de,uk,0.7353280782699585,nonafrican-nonafrican
mean_diff,decoder,8,pooled_mean_content,42,de,xh,0.4273378849029541,cross-group
mean_diff,decoder,8,pooled_mean_content,42,de,yo,0.5803101062774658,cross-group
mean_diff,decoder,8,pooled_mean_content,42,en,es,0.6640243530273438,nonafrican-nonafrican
mean_diff,decoder,8,pooled_mean_content,42,en,hi,0.5546978712081909,nonafrican-nonafrican
mean_diff,decoder,8,pooled_mean_content,42,en,uk,0.563815712928772,nonafrican-nonafrican
mean_diff,decoder,8,pooled_mean_content,42,en,xh,0.34010404348373413,cross-group
mean_diff,decoder,8,pooled_mean_content,42,en,yo,0.4449429512023926,cross-group
mean_diff,decoder,8,pooled_mean_content,42,es,hi,0.7127574682235718,nonafrican-nonafrican
mean_diff,decoder,8,pooled_mean_content,42,es,uk,0.6972275972366333,nonafrican-nonafrican
mean_diff,decoder,8,pooled_mean_content,42,es,xh,0.44769853353500366,cross-group
mean_diff,decoder,8,pooled_mean_content,42,es,yo,0.5611250400543213,cross-group
mean_diff,decoder,8,pooled_mean_content,42,hi,uk,0.7461614012718201,nonafrican-nonafrican
mean_diff,decoder,8,pooled_mean_content,42,hi,xh,0.4861130118370056,cross-group
mean_diff,decoder,8,pooled_mean_content,42,hi,yo,0.6510331034660339,cross-group
mean_diff,decoder,8,pooled_mean_content,42,uk,xh,0.43856123089790344,cross-group
mean_diff,decoder,8,pooled_mean_content,42,uk,yo,0.6037026643753052,cross-group
mean_diff,decoder,8,pooled_mean_content,42,xh,yo,0.5213216543197632,african-african
mean_diff,decoder,8,pooled_mean_content,1337,am,ar,0.8049553632736206,nonafrican-nonafrican
mean_diff,decoder,8,pooled_mean_content,1337,am,de,0.7785511612892151,nonafrican-nonafrican
mean_diff,decoder,8,pooled_mean_content,1337,am,en,0.5568346381187439,nonafrican-nonafrican
mean_diff,decoder,8,pooled_mean_content,1337,am,es,0.6916182041168213,nonafrican-nonafrican
mean_diff,decoder,8,pooled_mean_content,1337,am,hi,0.853403627872467,nonafrican-nonafrican
mean_diff,decoder,8,pooled_mean_content,1337,am,uk,0.7336649894714355,nonafrican-nonafrican
mean_diff,decoder,8,pooled_mean_content,1337,am,xh,0.49376875162124634,cross-group
mean_diff,decoder,8,pooled_mean_content,1337,am,yo,0.710423469543457,cross-group
mean_diff,decoder,8,pooled_mean_content,1337,ar,de,0.7626056671142578,nonafrican-nonafrican
mean_diff,decoder,8,pooled_mean_content,1337,ar,en,0.6107232570648193,nonafrican-nonafrican
mean_diff,decoder,8,pooled_mean_content,1337,ar,es,0.7076210379600525,nonafrican-nonafrican
mean_diff,decoder,8,pooled_mean_content,1337,ar,hi,0.7597655057907104,nonafrican-nonafrican
mean_diff,decoder,8,pooled_mean_content,1337,ar,uk,0.7434619665145874,nonafrican-nonafrican
mean_diff,decoder,8,pooled_mean_content,1337,ar,xh,0.45907434821128845,cross-group
mean_diff,decoder,8,pooled_mean_content,1337,ar,yo,0.6153123378753662,cross-group
mean_diff,decoder,8,pooled_mean_content,1337,de,en,0.6241004467010498,nonafrican-nonafrican
mean_diff,decoder,8,pooled_mean_content,1337,de,es,0.6941425204277039,nonafrican-nonafrican
mean_diff,decoder,8,pooled_mean_content,1337,de,hi,0.7777099609375,nonafrican-nonafrican
mean_diff,decoder,8,pooled_mean_content,1337,de,uk,0.731584906578064,nonafrican-nonafrican
mean_diff,decoder,8,pooled_mean_content,1337,de,xh,0.4269031286239624,cross-group
mean_diff,decoder,8,pooled_mean_content,1337,de,yo,0.5660555362701416,cross-group
mean_diff,decoder,8,pooled_mean_content,1337,en,es,0.6483672857284546,nonafrican-nonafrican
mean_diff,decoder,8,pooled_mean_content,1337,en,hi,0.5484232902526855,nonafrican-nonafrican
mean_diff,decoder,8,pooled_mean_content,1337,en,uk,0.5552555918693542,nonafrican-nonafrican
mean_diff,decoder,8,pooled_mean_content,1337,en,xh,0.3154370188713074,cross-group
mean_diff,decoder,8,pooled_mean_content,1337,en,yo,0.4284284710884094,cross-group
mean_diff,decoder,8,pooled_mean_content,1337,es,hi,0.6977360248565674,nonafrican-nonafrican
mean_diff,decoder,8,pooled_mean_content,1337,es,uk,0.6956541538238525,nonafrican-nonafrican
mean_diff,decoder,8,pooled_mean_content,1337,es,xh,0.42904791235923767,cross-group
mean_diff,decoder,8,pooled_mean_content,1337,es,yo,0.5333265066146851,cross-group
mean_diff,decoder,8,pooled_mean_content,1337,hi,uk,0.7327494621276855,nonafrican-nonafrican
mean_diff,decoder,8,pooled_mean_content,1337,hi,xh,0.47649964690208435,cross-group
mean_diff,decoder,8,pooled_mean_content,1337,hi,yo,0.6316694021224976,cross-group
mean_diff,decoder,8,pooled_mean_content,1337,uk,xh,0.42322614789009094,cross-group
mean_diff,decoder,8,pooled_mean_content,1337,uk,yo,0.5626617670059204,cross-group
mean_diff,decoder,8,pooled_mean_content,1337,xh,yo,0.47889143228530884,african-african
mean_diff,decoder,8,pooled_mean_content,2024,am,ar,0.8032652735710144,nonafrican-nonafrican
mean_diff,decoder,8,pooled_mean_content,2024,am,de,0.764481782913208,nonafrican-nonafrican
mean_diff,decoder,8,pooled_mean_content,2024,am,en,0.578240692615509,nonafrican-nonafrican
mean_diff,decoder,8,pooled_mean_content,2024,am,es,0.7173994779586792,nonafrican-nonafrican
mean_diff,decoder,8,pooled_mean_content,2024,am,hi,0.8467174172401428,nonafrican-nonafrican
mean_diff,decoder,8,pooled_mean_content,2024,am,uk,0.737305760383606,nonafrican-nonafrican
mean_diff,decoder,8,pooled_mean_content,2024,am,xh,0.4841160476207733,cross-group
mean_diff,decoder,8,pooled_mean_content,2024,am,yo,0.6876738667488098,cross-group
mean_diff,decoder,8,pooled_mean_content,2024,ar,de,0.7410343885421753,nonafrican-nonafrican
mean_diff,decoder,8,pooled_mean_content,2024,ar,en,0.6333655118942261,nonafrican-nonafrican
mean_diff,decoder,8,pooled_mean_content,2024,ar,es,0.7250593900680542,nonafrican-nonafrican
mean_diff,decoder,8,pooled_mean_content,2024,ar,hi,0.7369340062141418,nonafrican-nonafrican
mean_diff,decoder,8,pooled_mean_content,2024,ar,uk,0.7300832867622375,nonafrican-nonafrican
mean_diff,decoder,8,pooled_mean_content,2024,ar,xh,0.46489736437797546,cross-group
mean_diff,decoder,8,pooled_mean_content,2024,ar,yo,0.6059403419494629,cross-group
mean_diff,decoder,8,pooled_mean_content,2024,de,en,0.64108806848526,nonafrican-nonafrican
mean_diff,decoder,8,pooled_mean_content,2024,de,es,0.7164649963378906,nonafrican-nonafrican
mean_diff,decoder,8,pooled_mean_content,2024,de,hi,0.7469208240509033,nonafrican-nonafrican
mean_diff,decoder,8,pooled_mean_content,2024,de,uk,0.7208359837532043,nonafrican-nonafrican
mean_diff,decoder,8,pooled_mean_content,2024,de,xh,0.4271017909049988,cross-group
mean_diff,decoder,8,pooled_mean_content,2024,de,yo,0.5347917079925537,cross-group
mean_diff,decoder,8,pooled_mean_content,2024,en,es,0.6679930686950684,nonafrican-nonafrican
mean_diff,decoder,8,pooled_mean_content,2024,en,hi,0.556795597076416,nonafrican-nonafrican
mean_diff,decoder,8,pooled_mean_content,2024,en,uk,0.5613749027252197,nonafrican-nonafrican
mean_diff,decoder,8,pooled_mean_content,2024,en,xh,0.3398530185222626,cross-group
mean_diff,decoder,8,pooled_mean_content,2024,en,yo,0.4464048445224762,cross-group
mean_diff,decoder,8,pooled_mean_content,2024,es,hi,0.7136907577514648,nonafrican-nonafrican
mean_diff,decoder,8,pooled_mean_content,2024,es,uk,0.7024838924407959,nonafrican-nonafrican
mean_diff,decoder,8,pooled_mean_content,2024,es,xh,0.45130497217178345,cross-group
mean_diff,decoder,8,pooled_mean_content,2024,es,yo,0.5390859842300415,cross-group
mean_diff,decoder,8,pooled_mean_content,2024,hi,uk,0.7250542640686035,nonafrican-nonafrican
mean_diff,decoder,8,pooled_mean_content,2024,hi,xh,0.487013041973114,cross-group
mean_diff,decoder,8,pooled_mean_content,2024,hi,yo,0.6134739518165588,cross-group
mean_diff,decoder,8,pooled_mean_content,2024,uk,xh,0.4352940022945404,cross-group
mean_diff,decoder,8,pooled_mean_content,2024,uk,yo,0.5556772947311401,cross-group
mean_diff,decoder,8,pooled_mean_content,2024,xh,yo,0.48522841930389404,african-african
mean_diff,encoder,4,pooled_mean_all,42,am,ar,0.8382323384284973,nonafrican-nonafrican
mean_diff,encoder,4,pooled_mean_all,42,am,de,0.7905505299568176,nonafrican-nonafrican
mean_diff,encoder,4,pooled_mean_all,42,am,en,0.29783377051353455,nonafrican-nonafrican
mean_diff,encoder,4,pooled_mean_all,42,am,es,0.7167866230010986,nonafrican-nonafrican
mean_diff,encoder,4,pooled_mean_all,42,am,hi,0.670773983001709,nonafrican-nonafrican
mean_diff,encoder,4,pooled_mean_all,42,am,uk,0.6632577180862427,nonafrican-nonafrican
mean_diff,encoder,4,pooled_mean_all,42,am,xh,-0.6897979974746704,cross-group
mean_diff,encoder,4,pooled_mean_all,42,am,yo,-0.7859157919883728,cross-group
mean_diff,encoder,4,pooled_mean_all,42,ar,de,0.8830806016921997,nonafrican-nonafrican
mean_diff,encoder,4,pooled_mean_all,42,ar,en,0.3669673800468445,nonafrican-nonafrican
mean_diff,encoder,4,pooled_mean_all,42,ar,es,0.8155698776245117,nonafrican-nonafrican
mean_diff,encoder,4,pooled_mean_all,42,ar,hi,0.6912524700164795,nonafrican-nonafrican
mean_diff,encoder,4,pooled_mean_all,42,ar,uk,0.7233004570007324,nonafrican-nonafrican
mean_diff,encoder,4,pooled_mean_all,42,ar,xh,-0.8775272965431213,cross-group
mean_diff,encoder,4,pooled_mean_all,42,ar,yo,-0.8866638541221619,cross-group
mean_diff,encoder,4,pooled_mean_all,42,de,en,0.030412103980779648,nonafrican-nonafrican
mean_diff,encoder,4,pooled_mean_all,42,de,es,0.9376143217086792,nonafrican-nonafrican
mean_diff,encoder,4,pooled_mean_all,42,de,hi,0.8765515089035034,nonafrican-nonafrican
mean_diff,encoder,4,pooled_mean_all,42,de,uk,0.8963991403579712,nonafrican-nonafrican
mean_diff,encoder,4,pooled_mean_all,42,de,xh,-0.8853854537010193,cross-group
mean_diff,encoder,4,pooled_mean_all,42,de,yo,-0.7785466909408569,cross-group
mean_diff,encoder,4,pooled_mean_all,42,en,es,-0.15760283172130585,nonafrican-nonafrican
mean_diff,encoder,4,pooled_mean_all,42,en,hi,-0.34071362018585205,nonafrican-nonafrican
mean_diff,encoder,4,pooled_mean_all,42,en,uk,-0.3142262101173401,nonafrican-nonafrican
mean_diff,encoder,4,pooled_mean_all,42,en,xh,-0.10550335049629211,cross-group
mean_diff,encoder,4,pooled_mean_all,42,en,yo,-0.43002843856811523,cross-group
mean_diff,encoder,4,pooled_mean_all,42,es,hi,0.927478551864624,nonafrican-nonafrican
mean_diff,encoder,4,pooled_mean_all,42,es,uk,0.9602373838424683,nonafrican-nonafrican
mean_diff,encoder,4,pooled_mean_all,42,es,xh,-0.8725453615188599,cross-group
mean_diff,encoder,4,pooled_mean_all,42,es,yo,-0.7009481191635132,cross-group
mean_diff,encoder,4,pooled_mean_all,42,hi,uk,0.9532829523086548,nonafrican-nonafrican
mean_diff,encoder,4,pooled_mean_all,42,hi,xh,-0.7582359910011292,cross-group
mean_diff,encoder,4,pooled_mean_all,42,hi,yo,-0.5708908438682556,cross-group
mean_diff,encoder,4,pooled_mean_all,42,uk,xh,-0.8155007362365723,cross-group
mean_diff,encoder,4,pooled_mean_all,42,uk,yo,-0.6001331806182861,cross-group
mean_diff,encoder,4,pooled_mean_all,42,xh,yo,0.7985205054283142,african-african
mean_diff,encoder,4,pooled_mean_all,1337,am,ar,0.8226540088653564,nonafrican-nonafrican
mean_diff,encoder,4,pooled_mean_all,1337,am,de,0.7602736353874207,nonafrican-nonafrican
mean_diff,encoder,4,pooled_mean_all,1337,am,en,0.2746591866016388,nonafrican-nonafrican
mean_diff,encoder,4,pooled_mean_all,1337,am,es,0.6847462058067322,nonafrican-nonafrican
mean_diff,encoder,4,pooled_mean_all,1337,am,hi,0.6617934703826904,nonafrican-nonafrican
mean_diff,encoder,4,pooled_mean_all,1337,am,uk,0.6410685777664185,nonafrican-nonafrican
mean_diff,encoder,4,pooled_mean_all,1337,am,xh,-0.6397562026977539,cross-group
mean_diff,encoder,4,pooled_mean_all,1337,am,yo,-0.7614861130714417,cross-group
mean_diff,encoder,4,pooled_mean_all,1337,ar,de,0.8675768375396729,nonafrican-nonafrican
mean_diff,encoder,4,pooled_mean_all,1337,ar,en,0.3327823281288147,nonafrican-nonafrican
mean_diff,encoder,4,pooled_mean_all,1337,ar,es,0.8117533326148987,nonafrican-nonafrican
mean_diff,encoder,4,pooled_mean_all,1337,ar,hi,0.7165610790252686,nonafrican-nonafrican
mean_diff,encoder,4,pooled_mean_all,1337,ar,uk,0.7385043501853943,nonafrican-nonafrican
mean_diff,encoder,4,pooled_mean_all,1337,ar,xh,-0.8621232509613037,cross-group
mean_diff,encoder,4,pooled_mean_all,1337,ar,yo,-0.9143716096878052,cross-group
mean_diff,encoder,4,pooled_mean_all,1337,de,en,-0.02799394726753235,nonafrican-nonafrican
mean_diff,encoder,4,pooled_mean_all,1337,de,es,0.9384244084358215,nonafrican-nonafrican
mean_diff,encoder,4,pooled_mean_all,1337,de,hi,0.8947937488555908,nonafrican-nonafrican
mean_diff,encoder,4,pooled_mean_all,1337,de,uk,0.9053149223327637,nonafrican-nonafrican
mean_diff,encoder,4,pooled_mean_all,1337,de,xh,-0.8734228610992432,cross-group
mean_diff,encoder,4,pooled_mean_all,1337,de,yo,-0.7991014719009399,cross-group
mean_diff,encoder,4,pooled_mean_all,1337,en,es,-0.1914171278476715,nonafrican-nonafrican
mean_diff,encoder,4,pooled_mean_all,1337,en,hi,-0.3452303409576416,nonafrican-nonafrican
mean_diff,encoder,4,pooled_mean_all,1337,en,uk,-0.32755833864212036,nonafrican-nonafrican
mean_diff,encoder,4,pooled_mean_all,1337,en,xh,-0.04592651128768921,cross-group
mean_diff,encoder,4,pooled_mean_all,1337,en,yo,-0.3818969130516052,cross-group
mean_diff,encoder,4,pooled_mean_all,1337,es,hi,0.9351136684417725,nonafrican-nonafrican
mean_diff,encoder,4,pooled_mean_all,1337,es,uk,0.9645213484764099,nonafrican-nonafrican
mean_diff,encoder,4,pooled_mean_all,1337,es,xh,-0.8789649605751038,cross-group
mean_diff,encoder,4,pooled_mean_all,1337,es,yo,-0.7424585819244385,cross-group
mean_diff,encoder,4,pooled_mean_all,1337,hi,uk,0.9510794878005981,nonafrican-nonafrican
mean_diff,encoder,4,pooled_mean_all,1337,hi,xh,-0.7861039638519287,cross-group
mean_diff,encoder,4,pooled_mean_all,1337,hi,yo,-0.6362507343292236,cross-group
mean_diff,encoder,4,pooled_mean_all,1337,uk,xh,-0.8301583528518677,cross-group
mean_diff,encoder,4,pooled_mean_all,1337,uk,yo,-0.6553394794464111,cross-group
mean_diff,encoder,4,pooled_mean_all,1337,xh,yo,0.8354709148406982,african-african
mean_diff,encoder,4,pooled_mean_all,2024,am,ar,0.740615963935852,nonafrican-nonafrican
mean_diff,encoder,4,pooled_mean_all,2024,am,de,0.6826865673065186,nonafrican-nonafrican
mean_diff,encoder,4,pooled_mean_all,2024,am,en,0.14129123091697693,nonafrican-nonafrican
mean_diff,encoder,4,pooled_mean_all,2024,am,es,0.5929323434829712,nonafrican-nonafrican
mean_diff,encoder,4,pooled_mean_all,2024,am,hi,0.5538750290870667,nonafrican-nonafrican
mean_diff,encoder,4,pooled_mean_all,2024,am,uk,0.5462071895599365,nonafrican-nonafrican
mean_diff,encoder,4,pooled_mean_all,2024,am,xh,-0.5252289772033691,cross-group
mean_diff,encoder,4,pooled_mean_all,2024,am,yo,-0.6918770670890808,cross-group
mean_diff,encoder,4,pooled_mean_all,2024,ar,de,0.8519024848937988,nonafrican-nonafrican
mean_diff,encoder,4,pooled_mean_all,2024,ar,en,0.13950663805007935,nonafrican-nonafrican
mean_diff,encoder,4,pooled_mean_all,2024,ar,es,0.8002870678901672,nonafrican-nonafrican
mean_diff,encoder,4,pooled_mean_all,2024,ar,hi,0.5256521701812744,nonafrican-nonafrican
mean_diff,encoder,4,pooled_mean_all,2024,ar,uk,0.6948168277740479,nonafrican-nonafrican
mean_diff,encoder,4,pooled_mean_all,2024,ar,xh,-0.841556966304779,cross-group
mean_diff,encoder,4,pooled_mean_all,2024,ar,yo,-0.8456728458404541,cross-group
mean_diff,encoder,4,pooled_mean_all,2024,de,en,-0.261250376701355,nonafrican-nonafrican
mean_diff,encoder,4,pooled_mean_all,2024,de,es,0.9424803256988525,nonafrican-nonafrican
mean_diff,encoder,4,pooled_mean_all,2024,de,hi,0.7907618284225464,nonafrican-nonafrican
mean_diff,encoder,4,pooled_mean_all,2024,de,uk,0.9018259048461914,nonafrican-nonafrican
mean_diff,encoder,4,pooled_mean_all,2024,de,xh,-0.8781683444976807,cross-group
mean_diff,encoder,4,pooled_mean_all,2024,de,yo,-0.7292177081108093,cross-group
mean_diff,encoder,4,pooled_mean_all,2024,en,es,-0.38802969455718994,nonafrican-nonafrican
mean_diff,encoder,4,pooled_mean_all,2024,en,hi,-0.6122781038284302,nonafrican-nonafrican
mean_diff,encoder,4,pooled_mean_all,2024,en,uk,-0.547257661819458,nonafrican-nonafrican
mean_diff,encoder,4,pooled_mean_all,2024,en,xh,0.2062458097934723,cross-group
mean_diff,encoder,4,pooled_mean_all,2024,en,yo,-0.21762678027153015,cross-group
mean_diff,encoder,4,pooled_mean_all,2024,es,hi,0.8114161491394043,nonafrican-nonafrican
mean_diff,encoder,4,pooled_mean_all,2024,es,uk,0.9499754309654236,nonafrican-nonafrican
mean_diff,encoder,4,pooled_mean_all,2024,es,xh,-0.8851083517074585,cross-group
mean_diff,encoder,4,pooled_mean_all,2024,es,yo,-0.660176157951355,cross-group
mean_diff,encoder,4,pooled_mean_all,2024,hi,uk,0.8697952032089233,nonafrican-nonafrican
mean_diff,encoder,4,pooled_mean_all,2024,hi,xh,-0.6059520244598389,cross-group
mean_diff,encoder,4,pooled_mean_all,2024,hi,yo,-0.39572253823280334,cross-group
mean_diff,encoder,4,pooled_mean_all,2024,uk,xh,-0.8228069543838501,cross-group
mean_diff,encoder,4,pooled_mean_all,2024,uk,yo,-0.5503048300743103,cross-group
mean_diff,encoder,4,pooled_mean_all,2024,xh,yo,0.7501365542411804,african-african
mean_diff,encoder,4,pooled_mean_content,42,am,ar,0.506749153137207,nonafrican-nonafrican
mean_diff,encoder,4,pooled_mean_content,42,am,de,0.3983227610588074,nonafrican-nonafrican
mean_diff,encoder,4,pooled_mean_content,42,am,en,0.5092750191688538,nonafrican-nonafrican
mean_diff,encoder,4,pooled_mean_content,42,am,es,-0.04057147353887558,nonafrican-nonafrican
mean_diff,encoder,4,pooled_mean_content,42,am,hi,-0.02100159041583538,nonafrican-nonafrican
mean_diff,encoder,4,pooled_mean_content,42,am,uk,-0.14971736073493958,nonafrican-nonafrican
mean_diff,encoder,4,pooled_mean_content,42,am,xh,0.07409859448671341,cross-group
mean_diff,encoder,4,pooled_mean_content,42,am,yo,-0.3800145089626312,cross-group
mean_diff,encoder,4,pooled_mean_content,42,ar,de,0.4131176471710205,nonafrican-nonafrican
mean_diff,encoder,4,pooled_mean_content,42,ar,en,0.3112104833126068,nonafrican-nonafrican
mean_diff,encoder,4,pooled_mean_content,42,ar,es,0.46141108870506287,nonafrican-nonafrican
mean_diff,encoder,4,pooled_mean_content,42,ar,hi,0.13005515933036804,nonafrican-nonafrican
mean_diff,encoder,4,pooled_mean_content,42,ar,uk,0.10713781416416168,nonafrican-nonafrican
mean_diff,encoder,4,pooled_mean_content,42,ar,xh,0.27626723051071167,cross-group
mean_diff,encoder,4,pooled_mean_content,42,ar,yo,-0.7675374746322632,cross-group
mean_diff,encoder,4,pooled_mean_content,42,de,en,-0.05928055942058563,nonafrican-nonafrican
mean_diff,encoder,4,pooled_mean_content,42,de,es,0.45573827624320984,nonafrican-nonafrican
mean_diff,encoder,4,pooled_mean_content,42,de,hi,0.47025805711746216,nonafrican-nonafrican
mean_diff,encoder,4,pooled_mean_content,42,de,uk,0.39514613151550293,nonafrican-nonafrican
mean_diff,encoder,4,pooled_mean_content,42,de,xh,0.0470106266438961,cross-group
mean_diff,encoder,4,pooled_mean_content,42,de,yo,-0.2710971236228943,cross-group
mean_diff,encoder,4,pooled_mean_content,42,en,es,-0.5835825204849243,nonafrican-nonafrican
mean_diff,encoder,4,pooled_mean_content,42,en,hi,-0.7550260424613953,nonafrican-nonafrican
mean_diff,encoder,4,pooled_mean_content,42,en,uk,-0.8249231576919556,nonafrican-nonafrican
mean_diff,encoder,4,pooled_mean_content,42,en,xh,-0.003904661163687706,cross-group
mean_diff,encoder,4,pooled_mean_content,42,en,yo,-0.25448840856552124,cross-group
mean_diff,encoder,4,pooled_mean_content,42,es,hi,0.7677890062332153,nonafrican-nonafrican
mean_diff,encoder,4,pooled_mean_content,42,es,uk,0.8278568983078003,nonafrican-nonafrican
mean_diff,encoder,4,pooled_mean_content,42,es,xh,0.27515649795532227,cross-group
mean_diff,encoder,4,pooled_mean_content,42,es,yo,-0.4113472104072571,cross-group
mean_diff,encoder,4,pooled_mean_content,42,hi,uk,0.8815486431121826,nonafrican-nonafrican
mean_diff,encoder,4,pooled_mean_content,42,hi,xh,0.17168322205543518,cross-group
mean_diff,encoder,4,pooled_mean_content,42,hi,yo,-0.08068812638521194,cross-group
mean_diff,encoder,4,pooled_mean_content,42,uk,xh,0.16238263249397278,cross-group
mean_diff,encoder,4,pooled_mean_content,42,uk,yo,-0.06343206018209457,cross-group
mean_diff,encoder,4,pooled_mean_content,42,xh,yo,-0.254812628030777,african-african
mean_diff,encoder,4,pooled_mean_content,1337,am,ar,0.5382956862449646,nonafrican-nonafrican
mean_diff,encoder,4,pooled_mean_content,1337,am,de,0.45762455463409424,nonafrican-nonafrican
mean_diff,encoder,4,pooled_mean_content,1337,am,en,0.5521625876426697,nonafrican-nonafrican
mean_diff,encoder,4,pooled_mean_content,1337,am,es,-0.19094166159629822,nonafrican-nonafrican
mean_diff,encoder,4,pooled_mean_content,1337,am,hi,-0.08660992234945297,nonafrican-nonafrican
mean_diff,encoder,4,pooled_mean_content,1337,am,uk,-0.23377490043640137,nonafrican-nonafrican
mean_diff,encoder,4,pooled_mean_content,1337,am,xh,0.0026688501238822937,cross-group
mean_diff,encoder,4,pooled_mean_content,1337,am,yo,-0.18222501873970032,cross-group
mean_diff,encoder,4,pooled_mean_content,1337,ar,de,0.30116623640060425,nonafrican-nonafrican
mean_diff,encoder,4,pooled_mean_content,1337,ar,en,0.44010335206985474,nonafrican-nonafrican
mean_diff,encoder,4,pooled_mean_content,1337,ar,es,0.24083852767944336,nonafrican-nonafrican
mean_diff,encoder,4,pooled_mean_content,1337,ar,hi,0.035327427089214325,nonafrican-nonafrican
mean_diff,encoder,4,pooled_mean_content,1337,ar,uk,-0.061384301632642746,nonafrican-nonafrican
mean_diff,encoder,4,pooled_mean_content,1337,ar,xh,0.24174104630947113,cross-group
mean_diff,encoder,4,pooled_mean_content,1337,ar,yo,-0.6931750774383545,cross-group
mean_diff,encoder,4,pooled_mean_content,1337,de,en,0.025604667142033577,nonafrican-nonafrican
mean_diff,encoder,4,pooled_mean_content,1337,de,es,0.25890377163887024,nonafrican-nonafrican
mean_diff,encoder,4,pooled_mean_content,1337,de,hi,0.36672598123550415,nonafrican-nonafrican
mean_diff,encoder,4,pooled_mean_content,1337,de,uk,0.2691280245780945,nonafrican-nonafrican
mean_diff,encoder,4,pooled_mean_content,1337,de,xh,-0.07697735726833344,cross-group
mean_diff,encoder,4,pooled_mean_content,1337,de,yo,-0.06064574047923088,cross-group
mean_diff,encoder,4,pooled_mean_content,1337,en,es,-0.6294147968292236,nonafrican-nonafrican
mean_diff,encoder,4,pooled_mean_content,1337,en,hi,-0.7544698715209961,nonafrican-nonafrican
mean_diff,encoder,4,pooled_mean_content,1337,en,uk,-0.8352532982826233,nonafrican-nonafrican
mean_diff,encoder,4,pooled_mean_content,1337,en,xh,0.0016687167808413506,cross-group
mean_diff,encoder,4,pooled_mean_content,1337,en,yo,-0.21301355957984924,cross-group
mean_diff,encoder,4,pooled_mean_content,1337,es,hi,0.7803720235824585,nonafrican-nonafrican
mean_diff,encoder,4,pooled_mean_content,1337,es,uk,0.8243968486785889,nonafrican-nonafrican
mean_diff,encoder,4,pooled_mean_content,1337,es,xh,0.26756972074508667,cross-group
mean_diff,encoder,4,pooled_mean_content,1337,es,yo,-0.3823468089103699,cross-group
mean_diff,encoder,4,pooled_mean_content,1337,hi,uk,0.8637524843215942,nonafrican-nonafrican
mean_diff,encoder,4,pooled_mean_content,1337,hi,xh,0.12875261902809143,cross-group
mean_diff,encoder,4,pooled_mean_content,1337,hi,yo,-0.09159515798091888,cross-group
mean_diff,encoder,4,pooled_mean_content,1337,uk,xh,0.12911692261695862,cross-group
mean_diff,encoder,4,pooled_mean_content,1337,uk,yo,-0.028232784941792488,cross-group
mean_diff,encoder,4,pooled_mean_content,1337,xh,yo,-0.25773322582244873,african-african
mean_diff,encoder,4,pooled_mean_content,2024,am,ar,0.5332250595092773,nonafrican-nonafrican
mean_diff,encoder,4,pooled_mean_content,2024,am,de,0.3766130208969116,nonafrican-nonafrican
mean_diff,encoder,4,pooled_mean_content,2024,am,en,0.5844805240631104,nonafrican-nonafrican
mean_diff,encoder,4,pooled_mean_content,2024,am,es,-0.23080052435398102,nonafrican-nonafrican
mean_diff,encoder,4,pooled_mean_content,2024,am,hi,0.18671847879886627,nonafrican-nonafrican
mean_diff,encoder,4,pooled_mean_content,2024,am,uk,-0.2332710325717926,nonafrican-nonafrican
mean_diff,encoder,4,pooled_mean_content,2024,am,xh,0.023946987465023994,cross-group
mean_diff,encoder,4,pooled_mean_content,2024,am,yo,-0.3189549446105957,cross-group
mean_diff,encoder,4,pooled_mean_content,2024,ar,de,0.31900644302368164,nonafrican-nonafrican
mean_diff,encoder,4,pooled_mean_content,2024,ar,en,0.4513653516769409,nonafrican-nonafrican
mean_diff,encoder,4,pooled_mean_content,2024,ar,es,0.17604497075080872,nonafrican-nonafrican
mean_diff,encoder,4,pooled_mean_content,2024,ar,hi,-0.03040187433362007,nonafrican-nonafrican
mean_diff,encoder,4,pooled_mean_content,2024,ar,uk,-0.1383066177368164,nonafrican-nonafrican
mean_diff,encoder,4,pooled_mean_content,2024,ar,xh,0.12155953794717789,cross-group
mean_diff,encoder,4,pooled_mean_content,2024,ar,yo,-0.6227017641067505,cross-group
mean_diff,encoder,4,pooled_mean_content,2024,de,en,-0.15112021565437317,nonafrican-nonafrican
mean_diff,encoder,4,pooled_mean_content,2024,de,es,0.45232921838760376,nonafrican-nonafrican
mean_diff,encoder,4,pooled_mean_content,2024,de,hi,0.6315181255340576,nonafrican-nonafrican
mean_diff,encoder,4,pooled_mean_content,2024,de,uk,0.4766900837421417,nonafrican-nonafrican
mean_diff,encoder,4,pooled_mean_content,2024,de,xh,-0.16990530490875244,cross-group
mean_diff,encoder,4,pooled_mean_content,2024,de,yo,-0.1887514591217041,cross-group
mean_diff,encoder,4,pooled_mean_content,2024,en,es,-0.6464136838912964,nonafrican-nonafrican
mean_diff,encoder,4,pooled_mean_content,2024,en,hi,-0.5239478945732117,nonafrican-nonafrican
mean_diff,encoder,4,pooled_mean_content,2024,en,uk,-0.8339251279830933,nonafrican-nonafrican
mean_diff,encoder,4,pooled_mean_content,2024,en,xh,0.16112765669822693,cross-group
mean_diff,encoder,4,pooled_mean_content,2024,en,yo,-0.31610584259033203,cross-group
mean_diff,encoder,4,pooled_mean_content,2024,es,hi,0.4961910843849182,nonafrican-nonafrican
mean_diff,encoder,4,pooled_mean_content,2024,es,uk,0.7809828519821167,nonafrican-nonafrican
mean_diff,encoder,4,pooled_mean_content,2024,es,xh,-0.004818137735128403,cross-group
mean_diff,encoder,4,pooled_mean_content,2024,es,yo,-0.1623617708683014,cross-group
mean_diff,encoder,4,pooled_mean_content,2024,hi,uk,0.7124460935592651,nonafrican-nonafrican
mean_diff,encoder,4,pooled_mean_content,2024,hi,xh,-0.13873474299907684,cross-group
mean_diff,encoder,4,pooled_mean_content,2024,hi,yo,0.12290234863758087,cross-group
mean_diff,encoder,4,pooled_mean_content,2024,uk,xh,-0.09036911278963089,cross-group
mean_diff,encoder,4,pooled_mean_content,2024,uk,yo,0.15288344025611877,cross-group
mean_diff,encoder,4,pooled_mean_content,2024,xh,yo,0.009036095812916756,african-african
mean_diff,encoder,6,pooled_mean_all,42,am,ar,0.8014271259307861,nonafrican-nonafrican
mean_diff,encoder,6,pooled_mean_all,42,am,de,0.7555383443832397,nonafrican-nonafrican
mean_diff,encoder,6,pooled_mean_all,42,am,en,0.36312663555145264,nonafrican-nonafrican
mean_diff,encoder,6,pooled_mean_all,42,am,es,0.6830182671546936,nonafrican-nonafrican
mean_diff,encoder,6,pooled_mean_all,42,am,hi,0.6740542054176331,nonafrican-nonafrican
mean_diff,encoder,6,pooled_mean_all,42,am,uk,0.6325634717941284,nonafrican-nonafrican
mean_diff,encoder,6,pooled_mean_all,42,am,xh,-0.5856305360794067,cross-group
mean_diff,encoder,6,pooled_mean_all,42,am,yo,-0.6874766945838928,cross-group
mean_diff,encoder,6,pooled_mean_all,42,ar,de,0.8726605176925659,nonafrican-nonafrican
mean_diff,encoder,6,pooled_mean_all,42,ar,en,0.42984408140182495,nonafrican-nonafrican
mean_diff,encoder,6,pooled_mean_all,42,ar,es,0.818368673324585,nonafrican-nonafrican
mean_diff,encoder,6,pooled_mean_all,42,ar,hi,0.6958889961242676,nonafrican-nonafrican
mean_diff,encoder,6,pooled_mean_all,42,ar,uk,0.7325037717819214,nonafrican-nonafrican
mean_diff,encoder,6,pooled_mean_all,42,ar,xh,-0.8289320468902588,cross-group
mean_diff,encoder,6,pooled_mean_all,42,ar,yo,-0.8509891033172607,cross-group
mean_diff,encoder,6,pooled_mean_all,42,de,en,0.15408451855182648,nonafrican-nonafrican
mean_diff,encoder,6,pooled_mean_all,42,de,es,0.9208623170852661,nonafrican-nonafrican
mean_diff,encoder,6,pooled_mean_all,42,de,hi,0.8397971391677856,nonafrican-nonafrican
mean_diff,encoder,6,pooled_mean_all,42,de,uk,0.8730071783065796,nonafrican-nonafrican
mean_diff,encoder,6,pooled_mean_all,42,de,xh,-0.8086202144622803,cross-group
mean_diff,encoder,6,pooled_mean_all,42,de,yo,-0.7410991787910461,cross-group
mean_diff,encoder,6,pooled_mean_all,42,en,es,-0.03187498822808266,nonafrican-nonafrican
mean_diff,encoder,6,pooled_mean_all,42,en,hi,-0.22271260619163513,nonafrican-nonafrican
mean_diff,encoder,6,pooled_mean_all,42,en,uk,-0.20521514117717743,nonafrican-nonafrican
mean_diff,encoder,6,pooled_mean_all,42,en,xh,-0.15937645733356476,cross-group
mean_diff,encoder,6,pooled_mean_all,42,en,yo,-0.46614816784858704,cross-group
mean_diff,encoder,6,pooled_mean_all,42,es,hi,0.8809258937835693,nonafrican-nonafrican
mean_diff,encoder,6,pooled_mean_all,42,es,uk,0.9409594535827637,nonafrican-nonafrican
mean_diff,encoder,6,pooled_mean_all,42,es,xh,-0.8198531866073608,cross-group
mean_diff,encoder,6,pooled_mean_all,42,es,yo,-0.6835283637046814,cross-group
mean_diff,encoder,6,pooled_mean_all,42,hi,uk,0.9155422449111938,nonafrican-nonafrican
mean_diff,encoder,6,pooled_mean_all,42,hi,xh,-0.6890838146209717,cross-group
mean_diff,encoder,6,pooled_mean_all,42,hi,yo,-0.5584920048713684,cross-group
mean_diff,encoder,6,pooled_mean_all,42,uk,xh,-0.7691696882247925,cross-group
mean_diff,encoder,6,pooled_mean_all,42,uk,yo,-0.5873686075210571,cross-group
mean_diff,encoder,6,pooled_mean_all,42,xh,yo,0.7602624297142029,african-african
mean_diff,encoder,6,pooled_mean_all,1337,am,ar,0.796565055847168,nonafrican-nonafrican
mean_diff,encoder,6,pooled_mean_all,1337,am,de,0.7326291799545288,nonafrican-nonafrican
mean_diff,encoder,6,pooled_mean_all,1337,am,en,0.34609588980674744,nonafrican-nonafrican
mean_diff,encoder,6,pooled_mean_all,1337,am,es,0.655516505241394,nonafrican-nonafrican
mean_diff,encoder,6,pooled_mean_all,1337,am,hi,0.6664648056030273,nonafrican-nonafrican
mean_diff,encoder,6,pooled_mean_all,1337,am,uk,0.6017395257949829,nonafrican-nonafrican
mean_diff,encoder,6,pooled_mean_all,1337,am,xh,-0.5380195379257202,cross-group
mean_diff,encoder,6,pooled_mean_all,1337,am,yo,-0.6693914532661438,cross-group
mean_diff,encoder,6,pooled_mean_all,1337,ar,de,0.8473126888275146,nonafrican-nonafrican
mean_diff,encoder,6,pooled_mean_all,1337,ar,en,0.41031867265701294,nonafrican-nonafrican
mean_diff,encoder,6,pooled_mean_all,1337,ar,es,0.8034278154373169,nonafrican-nonafrican
mean_diff,encoder,6,pooled_mean_all,1337,ar,hi,0.7161421775817871,nonafrican-nonafrican
mean_diff,encoder,6,pooled_mean_all,1337,ar,uk,0.7334569692611694,nonafrican-nonafrican
mean_diff,encoder,6,pooled_mean_all,1337,ar,xh,-0.8075337409973145,cross-group
mean_diff,encoder,6,pooled_mean_all,1337,ar,yo,-0.8777681589126587,cross-group
mean_diff,encoder,6,pooled_mean_all,1337,de,en,0.10097064077854156,nonafrican-nonafrican
mean_diff,encoder,6,pooled_mean_all,1337,de,es,0.9147045612335205,nonafrican-nonafrican
mean_diff,encoder,6,pooled_mean_all,1337,de,hi,0.8600195646286011,nonafrican-nonafrican
mean_diff,encoder,6,pooled_mean_all,1337,de,uk,0.8714762926101685,nonafrican-nonafrican
mean_diff,encoder,6,pooled_mean_all,1337,de,xh,-0.7856496572494507,cross-group
mean_diff,encoder,6,pooled_mean_all,1337,de,yo,-0.7574668526649475,cross-group
mean_diff,encoder,6,pooled_mean_all,1337,en,es,-0.06313401460647583,nonafrican-nonafrican
mean_diff,encoder,6,pooled_mean_all,1337,en,hi,-0.22245346009731293,nonafrican-nonafrican
mean_diff,encoder,6,pooled_mean_all,1337,en,uk,-0.2226487547159195,nonafrican-nonafrican
mean_diff,encoder,6,pooled_mean_all,1337,en,xh,-0.1011299416422844,cross-group
mean_diff,encoder,6,pooled_mean_all,1337,en,yo,-0.43365946412086487,cross-group
mean_diff,encoder,6,pooled_mean_all,1337,es,hi,0.8939759731292725,nonafrican-nonafrican
mean_diff,encoder,6,pooled_mean_all,1337,es,uk,0.946354866027832,nonafrican-nonafrican
mean_diff,encoder,6,pooled_mean_all,1337,es,xh,-0.8209291696548462,cross-group
mean_diff,encoder,6,pooled_mean_all,1337,es,yo,-0.7152634859085083,cross-group
mean_diff,encoder,6,pooled_mean_all,1337,hi,uk,0.9147540330886841,nonafrican-nonafrican
mean_diff,encoder,6,pooled_mean_all,1337,hi,xh,-0.714351236820221,cross-group
mean_diff,encoder,6,pooled_mean_all,1337,hi,yo,-0.6218828558921814,cross-group
mean_diff,encoder,6,pooled_mean_all,1337,uk,xh,-0.7841500043869019,cross-group
mean_diff,encoder,6,pooled_mean_all,1337,uk,yo,-0.6375152468681335,cross-group
mean_diff,encoder,6,pooled_mean_all,1337,xh,yo,0.7981157302856445,african-african
mean_diff,encoder,6,pooled_mean_all,2024,am,ar,0.7221691012382507,nonafrican-nonafrican
mean_diff,encoder,6,pooled_mean_all,2024,am,de,0.6636868715286255,nonafrican-nonafrican
mean_diff,encoder,6,pooled_mean_all,2024,am,en,0.20811182260513306,nonafrican-nonafrican
mean_diff,encoder,6,pooled_mean_all,2024,am,es,0.5918665528297424,nonafrican-nonafrican
mean_diff,encoder,6,pooled_mean_all,2024,am,hi,0.6074416637420654,nonafrican-nonafrican
mean_diff,encoder,6,pooled_mean_all,2024,am,uk,0.5302473902702332,nonafrican-nonafrican
mean_diff,encoder,6,pooled_mean_all,2024,am,xh,-0.43064555525779724,cross-group
mean_diff,encoder,6,pooled_mean_all,2024,am,yo,-0.5882848501205444,cross-group
mean_diff,encoder,6,pooled_mean_all,2024,ar,de,0.8378919959068298,nonafrican-nonafrican
mean_diff,encoder,6,pooled_mean_all,2024,ar,en,0.2065328061580658,nonafrican-nonafrican
mean_diff,encoder,6,pooled_mean_all,2024,ar,es,0.7968338131904602,nonafrican-nonafrican
mean_diff,encoder,6,pooled_mean_all,2024,ar,hi,0.5446994304656982,nonafrican-nonafrican
mean_diff,encoder,6,pooled_mean_all,2024,ar,uk,0.6938210725784302,nonafrican-nonafrican
mean_diff,encoder,6,pooled_mean_all,2024,ar,xh,-0.7799701690673828,cross-group
mean_diff,encoder,6,pooled_mean_all,2024,ar,yo,-0.7851343154907227,cross-group
mean_diff,encoder,6,pooled_mean_all,2024,de,en,-0.1316346973180771,nonafrican-nonafrican
mean_diff,encoder,6,pooled_mean_all,2024,de,es,0.9241302013397217,nonafrican-nonafrican
mean_diff,encoder,6,pooled_mean_all,2024,de,hi,0.7421060800552368,nonafrican-nonafrican
mean_diff,encoder,6,pooled_mean_all,2024,de,uk,0.8716824054718018,nonafrican-nonafrican
mean_diff,encoder,6,pooled_mean_all,2024,de,xh,-0.7890021800994873,cross-group
mean_diff,encoder,6,pooled_mean_all,2024,de,yo,-0.6799622178077698,cross-group
mean_diff,encoder,6,pooled_mean_all,2024,en,es,-0.26408278942108154,nonafrican-nonafrican
mean_diff,encoder,6,pooled_mean_all,2024,en,hi,-0.4670754373073578,nonafrican-nonafrican
mean_diff,encoder,6,pooled_mean_all,2024,en,uk,-0.43995147943496704,nonafrican-nonafrican
mean_diff,encoder,6,pooled_mean_all,2024,en,xh,0.155126690864563,cross-group
mean_diff,encoder,6,pooled_mean_all,2024,en,yo,-0.2681887149810791,cross-group
mean_diff,encoder,6,pooled_mean_all,2024,es,hi,0.7461022138595581,nonafrican-nonafrican
mean_diff,encoder,6,pooled_mean_all,2024,es,uk,0.929658055305481,nonafrican-nonafrican
mean_diff,encoder,6,pooled_mean_all,2024,es,xh,-0.8116909861564636,cross-group
mean_diff,encoder,6,pooled_mean_all,2024,es,yo,-0.625033438205719,cross-group
mean_diff,encoder,6,pooled_mean_all,2024,hi,uk,0.7953883409500122,nonafrican-nonafrican
mean_diff,encoder,6,pooled_mean_all,2024,hi,xh,-0.4985172748565674,cross-group
mean_diff,encoder,6,pooled_mean_all,2024,hi,yo,-0.3866924047470093,cross-group
mean_diff,encoder,6,pooled_mean_all,2024,uk,xh,-0.7476300001144409,cross-group
mean_diff,encoder,6,pooled_mean_all,2024,uk,yo,-0.5119577646255493,cross-group
mean_diff,encoder,6,pooled_mean_all,2024,xh,yo,0.6819311380386353,african-african
mean_diff,encoder,6,pooled_mean_content,42,am,ar,0.5644415020942688,nonafrican-nonafrican
mean_diff,encoder,6,pooled_mean_content,42,am,de,0.518897294998169,nonafrican-nonafrican
mean_diff,encoder,6,pooled_mean_content,42,am,en,0.4350762963294983,nonafrican-nonafrican
mean_diff,encoder,6,pooled_mean_content,42,am,es,0.19402803480625153,nonafrican-nonafrican
mean_diff,encoder,6,pooled_mean_content,42,am,hi,0.24763168394565582,nonafrican-nonafrican
mean_diff,encoder,6,pooled_mean_content,42,am,uk,0.08039866387844086,nonafrican-nonafrican
mean_diff,encoder,6,pooled_mean_content,42,am,xh,0.0850524753332138,cross-group
mean_diff,encoder,6,pooled_mean_content,42,am,yo,-0.33401185274124146,cross-group
mean_diff,encoder,6,pooled_mean_content,42,ar,de,0.5451803207397461,nonafrican-nonafrican
mean_diff,encoder,6,pooled_mean_content,42,ar,en,0.3001555800437927,nonafrican-nonafrican
mean_diff,encoder,6,pooled_mean_content,42,ar,es,0.5854072570800781,nonafrican-nonafrican
mean_diff,encoder,6,pooled_mean_content,42,ar,hi,0.30191516876220703,nonafrican-nonafrican
mean_diff,encoder,6,pooled_mean_content,42,ar,uk,0.28633445501327515,nonafrican-nonafrican
mean_diff,encoder,6,pooled_mean_content,42,ar,xh,0.1381068378686905,cross-group
mean_diff,encoder,6,pooled_mean_content,42,ar,yo,-0.6893554329872131,cross-group
mean_diff,encoder,6,pooled_mean_content,42,de,en,0.06773258745670319,nonafrican-nonafrican
mean_diff,encoder,6,pooled_mean_content,42,de,es,0.5639528036117554,nonafrican-nonafrican
mean_diff,encoder,6,pooled_mean_content,42,de,hi,0.515665590763092,nonafrican-nonafrican
mean_diff,encoder,6,pooled_mean_content,42,de,uk,0.484514057636261,nonafrican-nonafrican
mean_diff,encoder,6,pooled_mean_content,42,de,xh,0.03619450330734253,cross-group
mean_diff,encoder,6,pooled_mean_content,42,de,yo,-0.2766401171684265,cross-group
mean_diff,encoder,6,pooled_mean_content,42,en,es,-0.41726207733154297,nonafrican-nonafrican
mean_diff,encoder,6,pooled_mean_content,42,en,hi,-0.5965224504470825,nonafrican-nonafrican
mean_diff,encoder,6,pooled_mean_content,42,en,uk,-0.6908882856369019,nonafrican-nonafrican
mean_diff,encoder,6,pooled_mean_content,42,en,xh,-0.009381309151649475,cross-group
mean_diff,encoder,6,pooled_mean_content,42,en,yo,-0.22504836320877075,cross-group
mean_diff,encoder,6,pooled_mean_content,42,es,hi,0.7131065130233765,nonafrican-nonafrican
mean_diff,encoder,6,pooled_mean_content,42,es,uk,0.813200831413269,nonafrican-nonafrican
mean_diff,encoder,6,pooled_mean_content,42,es,xh,0.18183864653110504,cross-group
mean_diff,encoder,6,pooled_mean_content,42,es,yo,-0.45695024728775024,cross-group
mean_diff,encoder,6,pooled_mean_content,42,hi,uk,0.8263089656829834,nonafrican-nonafrican
mean_diff,encoder,6,pooled_mean_content,42,hi,xh,0.17618530988693237,cross-group
mean_diff,encoder,6,pooled_mean_content,42,hi,yo,-0.16751380264759064,cross-group
mean_diff,encoder,6,pooled_mean_content,42,uk,xh,0.1526658535003662,cross-group
mean_diff,encoder,6,pooled_mean_content,42,uk,yo,-0.1419510692358017,cross-group
mean_diff,encoder,6,pooled_mean_content,42,xh,yo,-0.17096349596977234,african-african
mean_diff,encoder,6,pooled_mean_content,1337,am,ar,0.6076494455337524,nonafrican-nonafrican
mean_diff,encoder,6,pooled_mean_content,1337,am,de,0.5259149074554443,nonafrican-nonafrican
mean_diff,encoder,6,pooled_mean_content,1337,am,en,0.47719594836235046,nonafrican-nonafrican
mean_diff,encoder,6,pooled_mean_content,1337,am,es,0.09180684387683868,nonafrican-nonafrican
mean_diff,encoder,6,pooled_mean_content,1337,am,hi,0.19725853204727173,nonafrican-nonafrican
mean_diff,encoder,6,pooled_mean_content,1337,am,uk,-0.010866386815905571,nonafrican-nonafrican
mean_diff,encoder,6,pooled_mean_content,1337,am,xh,0.054294340312480927,cross-group
mean_diff,encoder,6,pooled_mean_content,1337,am,yo,-0.2001320719718933,cross-group
mean_diff,encoder,6,pooled_mean_content,1337,ar,de,0.45069026947021484,nonafrican-nonafrican
mean_diff,encoder,6,pooled_mean_content,1337,ar,en,0.4140916168689728,nonafrican-nonafrican
mean_diff,encoder,6,pooled_mean_content,1337,ar,es,0.4061001241207123,nonafrican-nonafrican
mean_diff,encoder,6,pooled_mean_content,1337,ar,hi,0.23857121169567108,nonafrican-nonafrican
mean_diff,encoder,6,pooled_mean_content,1337,ar,uk,0.1343940943479538,nonafrican-nonafrican
mean_diff,encoder,6,pooled_mean_content,1337,ar,xh,0.13461226224899292,cross-group
mean_diff,encoder,6,pooled_mean_content,1337,ar,yo,-0.6088320016860962,cross-group
mean_diff,encoder,6,pooled_mean_content,1337,de,en,0.11455860733985901,nonafrican-nonafrican
mean_diff,encoder,6,pooled_mean_content,1337,de,es,0.43288376927375793,nonafrican-nonafrican
mean_diff,encoder,6,pooled_mean_content,1337,de,hi,0.4562002122402191,nonafrican-nonafrican
mean_diff,encoder,6,pooled_mean_content,1337,de,uk,0.3769967555999756,nonafrican-nonafrican
mean_diff,encoder,6,pooled_mean_content,1337,de,xh,-0.029095780104398727,cross-group
mean_diff,encoder,6,pooled_mean_content,1337,de,yo,-0.1253741830587387,cross-group
mean_diff,encoder,6,pooled_mean_content,1337,en,es,-0.44909408688545227,nonafrican-nonafrican
mean_diff,encoder,6,pooled_mean_content,1337,en,hi,-0.5893441438674927,nonafrican-nonafrican
mean_diff,encoder,6,pooled_mean_content,1337,en,uk,-0.7094439268112183,nonafrican-nonafrican
mean_diff,encoder,6,pooled_mean_content,1337,en,xh,0.0013604853302240372,cross-group
mean_diff,encoder,6,pooled_mean_content,1337,en,yo,-0.19277991354465485,cross-group
mean_diff,encoder,6,pooled_mean_content,1337,es,hi,0.7315207719802856,nonafrican-nonafrican
mean_diff,encoder,6,pooled_mean_content,1337,es,uk,0.8045661449432373,nonafrican-nonafrican
mean_diff,encoder,6,pooled_mean_content,1337,es,xh,0.18674051761627197,cross-group
mean_diff,encoder,6,pooled_mean_content,1337,es,yo,-0.40801113843917847,cross-group
mean_diff,encoder,6,pooled_mean_content,1337,hi,uk,0.806227445602417,nonafrican-nonafrican
mean_diff,encoder,6,pooled_mean_content,1337,hi,xh,0.1684182584285736,cross-group
mean_diff,encoder,6,pooled_mean_content,1337,hi,yo,-0.17994439601898193,cross-group
mean_diff,encoder,6,pooled_mean_content,1337,uk,xh,0.128242626786232,cross-group
mean_diff,encoder,6,pooled_mean_content,1337,uk,yo,-0.09513530880212784,cross-group
mean_diff,encoder,6,pooled_mean_content,1337,xh,yo,-0.20257768034934998,african-african
mean_diff,encoder,6,pooled_mean_content,2024,am,ar,0.5724745392799377,nonafrican-nonafrican
mean_diff,encoder,6,pooled_mean_content,2024,am,de,0.48024752736091614,nonafrican-nonafrican
mean_diff,encoder,6,pooled_mean_content,2024,am,en,0.514743447303772,nonafrican-nonafrican
mean_diff,encoder,6,pooled_mean_content,2024,am,es,0.07136493176221848,nonafrican-nonafrican
mean_diff,encoder,6,pooled_mean_content,2024,am,hi,0.3835749626159668,nonafrican-nonafrican
mean_diff,encoder,6,pooled_mean_content,2024,am,uk,-0.002799650654196739,nonafrican-nonafrican
mean_diff,encoder,6,pooled_mean_content,2024,am,xh,0.02792971208691597,cross-group
mean_diff,encoder,6,pooled_mean_content,2024,am,yo,-0.2832861840724945,cross-group
mean_diff,encoder,6,pooled_mean_content,2024,ar,de,0.5031986832618713,nonafrican-nonafrican
mean_diff,encoder,6,pooled_mean_content,2024,ar,en,0.39222073554992676,nonafrican-nonafrican
mean_diff,encoder,6,pooled_mean_content,2024,ar,es,0.41166114807128906,nonafrican-nonafrican
mean_diff,encoder,6,pooled_mean_content,2024,ar,hi,0.21483612060546875,nonafrican-nonafrican
mean_diff,encoder,6,pooled_mean_content,2024,ar,uk,0.13269704580307007,nonafrican-nonafrican
mean_diff,encoder,6,pooled_mean_content,2024,ar,xh,0.032560937106609344,cross-group
mean_diff,encoder,6,pooled_mean_content,2024,ar,yo,-0.5429685711860657,cross-group
mean_diff,encoder,6,pooled_mean_content,2024,de,en,-0.01404518261551857,nonafrican-nonafrican
mean_diff,encoder,6,pooled_mean_content,2024,de,es,0.5896706581115723,nonafrican-nonafrican
mean_diff,encoder,6,pooled_mean_content,2024,de,hi,0.6071173548698425,nonafrican-nonafrican
mean_diff,encoder,6,pooled_mean_content,2024,de,uk,0.5362064838409424,nonafrican-nonafrican
mean_diff,encoder,6,pooled_mean_content,2024,de,xh,-0.08153228461742401,cross-group
mean_diff,encoder,6,pooled_mean_content,2024,de,yo,-0.23134845495224,cross-group
mean_diff,encoder,6,pooled_mean_content,2024,en,es,-0.4545835852622986,nonafrican-nonafrican
mean_diff,encoder,6,pooled_mean_content,2024,en,hi,-0.3707439601421356,nonafrican-nonafrican
mean_diff,encoder,6,pooled_mean_content,2024,en,uk,-0.6781744360923767,nonafrican-nonafrican
mean_diff,encoder,6,pooled_mean_content,2024,en,xh,0.1230657696723938,cross-group
mean_diff,encoder,6,pooled_mean_content,2024,en,yo,-0.29596081376075745,cross-group
mean_diff,encoder,6,pooled_mean_content,2024,es,hi,0.4921368360519409,nonafrican-nonafrican
mean_diff,encoder,6,pooled_mean_content,2024,es,uk,0.7780907154083252,nonafrican-nonafrican
mean_diff,encoder,6,pooled_mean_content,2024,es,xh,-0.0001848209649324417,cross-group
mean_diff,encoder,6,pooled_mean_content,2024,es,yo,-0.24864444136619568,cross-group
mean_diff,encoder,6,pooled_mean_content,2024,hi,uk,0.6355215311050415,nonafrican-nonafrican
mean_diff,encoder,6,pooled_mean_content,2024,hi,xh,-0.04158029332756996,cross-group
mean_diff,encoder,6,pooled_mean_content,2024,hi,yo,-0.005263414233922958,cross-group
mean_diff,encoder,6,pooled_mean_content,2024,uk,xh,-0.011361833661794662,cross-group
mean_diff,encoder,6,pooled_mean_content,2024,uk,yo,0.05595763027667999,cross-group
mean_diff,encoder,6,pooled_mean_content,2024,xh,yo,-0.004981284961104393,african-african
mean_diff,encoder,8,pooled_mean_all,42,am,ar,0.7701393365859985,nonafrican-nonafrican
mean_diff,encoder,8,pooled_mean_all,42,am,de,0.7392364740371704,nonafrican-nonafrican
mean_diff,encoder,8,pooled_mean_all,42,am,en,0.4009650945663452,nonafrican-nonafrican
mean_diff,encoder,8,pooled_mean_all,42,am,es,0.6745412349700928,nonafrican-nonafrican
mean_diff,encoder,8,pooled_mean_all,42,am,hi,0.7144526243209839,nonafrican-nonafrican
mean_diff,encoder,8,pooled_mean_all,42,am,uk,0.6530375480651855,nonafrican-nonafrican
mean_diff,encoder,8,pooled_mean_all,42,am,xh,-0.4715206027030945,cross-group
mean_diff,encoder,8,pooled_mean_all,42,am,yo,-0.5968904495239258,cross-group
mean_diff,encoder,8,pooled_mean_all,42,ar,de,0.8254876136779785,nonafrican-nonafrican
mean_diff,encoder,8,pooled_mean_all,42,ar,en,0.5178536176681519,nonafrican-nonafrican
mean_diff,encoder,8,pooled_mean_all,42,ar,es,0.8107609748840332,nonafrican-nonafrican
mean_diff,encoder,8,pooled_mean_all,42,ar,hi,0.6642919778823853,nonafrican-nonafrican
mean_diff,encoder,8,pooled_mean_all,42,ar,uk,0.7330448627471924,nonafrican-nonafrican
mean_diff,encoder,8,pooled_mean_all,42,ar,xh,-0.7138032913208008,cross-group
mean_diff,encoder,8,pooled_mean_all,42,ar,yo,-0.7627445459365845,cross-group
mean_diff,encoder,8,pooled_mean_all,42,de,en,0.28156739473342896,nonafrican-nonafrican
mean_diff,encoder,8,pooled_mean_all,42,de,es,0.889238715171814,nonafrican-nonafrican
mean_diff,encoder,8,pooled_mean_all,42,de,hi,0.7830867767333984,nonafrican-nonafrican
mean_diff,encoder,8,pooled_mean_all,42,de,uk,0.8369051218032837,nonafrican-nonafrican
mean_diff,encoder,8,pooled_mean_all,42,de,xh,-0.633290708065033,cross-group
mean_diff,encoder,8,pooled_mean_all,42,de,yo,-0.6261582970619202,cross-group
mean_diff,encoder,8,pooled_mean_all,42,en,es,0.13308539986610413,nonafrican-nonafrican
mean_diff,encoder,8,pooled_mean_all,42,en,hi,-0.096250519156456,nonafrican-nonafrican
mean_diff,encoder,8,pooled_mean_all,42,en,uk,-0.054414667189121246,nonafrican-nonafrican
mean_diff,encoder,8,pooled_mean_all,42,en,xh,-0.22697871923446655,cross-group
mean_diff,encoder,8,pooled_mean_all,42,en,yo,-0.47829434275627136,cross-group
mean_diff,encoder,8,pooled_mean_all,42,es,hi,0.8252085447311401,nonafrican-nonafrican
mean_diff,encoder,8,pooled_mean_all,42,es,uk,0.9143393039703369,nonafrican-nonafrican
mean_diff,encoder,8,pooled_mean_all,42,es,xh,-0.6916605234146118,cross-group
mean_diff,encoder,8,pooled_mean_all,42,es,yo,-0.6032528281211853,cross-group
mean_diff,encoder,8,pooled_mean_all,42,hi,uk,0.8668391704559326,nonafrican-nonafrican
mean_diff,encoder,8,pooled_mean_all,42,hi,xh,-0.541355550289154,cross-group
mean_diff,encoder,8,pooled_mean_all,42,hi,yo,-0.489956259727478,cross-group
mean_diff,encoder,8,pooled_mean_all,42,uk,xh,-0.6641764640808105,cross-group
mean_diff,encoder,8,pooled_mean_all,42,uk,yo,-0.527887761592865,cross-group
mean_diff,encoder,8,pooled_mean_all,42,xh,yo,0.6993423700332642,african-african
mean_diff,encoder,8,pooled_mean_all,1337,am,ar,0.7745853662490845,nonafrican-nonafrican
mean_diff,encoder,8,pooled_mean_all,1337,am,de,0.7274317145347595,nonafrican-nonafrican
mean_diff,encoder,8,pooled_mean_all,1337,am,en,0.36425814032554626,nonafrican-nonafrican
mean_diff,encoder,8,pooled_mean_all,1337,am,es,0.6603456139564514,nonafrican-nonafrican
mean_diff,encoder,8,pooled_mean_all,1337,am,hi,0.7191580533981323,nonafrican-nonafrican
mean_diff,encoder,8,pooled_mean_all,1337,am,uk,0.6316633224487305,nonafrican-nonafrican
mean_diff,encoder,8,pooled_mean_all,1337,am,xh,-0.43462562561035156,cross-group
mean_diff,encoder,8,pooled_mean_all,1337,am,yo,-0.6045336723327637,cross-group
mean_diff,encoder,8,pooled_mean_all,1337,ar,de,0.8042716979980469,nonafrican-nonafrican
mean_diff,encoder,8,pooled_mean_all,1337,ar,en,0.47828444838523865,nonafrican-nonafrican
mean_diff,encoder,8,pooled_mean_all,1337,ar,es,0.8011810779571533,nonafrican-nonafrican
mean_diff,encoder,8,pooled_mean_all,1337,ar,hi,0.7010459303855896,nonafrican-nonafrican
mean_diff,encoder,8,pooled_mean_all,1337,ar,uk,0.7421050071716309,nonafrican-nonafrican
mean_diff,encoder,8,pooled_mean_all,1337,ar,xh,-0.6960201263427734,cross-group
mean_diff,encoder,8,pooled_mean_all,1337,ar,yo,-0.8016986846923828,cross-group
mean_diff,encoder,8,pooled_mean_all,1337,de,en,0.21854029595851898,nonafrican-nonafrican
mean_diff,encoder,8,pooled_mean_all,1337,de,es,0.8825439214706421,nonafrican-nonafrican
mean_diff,encoder,8,pooled_mean_all,1337,de,hi,0.8132889270782471,nonafrican-nonafrican
mean_diff,encoder,8,pooled_mean_all,1337,de,uk,0.8329187035560608,nonafrican-nonafrican
mean_diff,encoder,8,pooled_mean_all,1337,de,xh,-0.6097297072410583,cross-group
mean_diff,encoder,8,pooled_mean_all,1337,de,yo,-0.6362495422363281,cross-group
mean_diff,encoder,8,pooled_mean_all,1337,en,es,0.0850600004196167,nonafrican-nonafrican
mean_diff,encoder,8,pooled_mean_all,1337,en,hi,-0.09993159770965576,nonafrican-nonafrican
mean_diff,encoder,8,pooled_mean_all,1337,en,uk,-0.08340613543987274,nonafrican-nonafrican
mean_diff,encoder,8,pooled_mean_all,1337,en,xh,-0.16897062957286835,cross-group
mean_diff,encoder,8,pooled_mean_all,1337,en,yo,-0.4489716589450836,cross-group
mean_diff,encoder,8,pooled_mean_all,1337,es,hi,0.8514895439147949,nonafrican-nonafrican
mean_diff,encoder,8,pooled_mean_all,1337,es,uk,0.9221475124359131,nonafrican-nonafrican
mean_diff,encoder,8,pooled_mean_all,1337,es,xh,-0.6926138401031494,cross-group
mean_diff,encoder,8,pooled_mean_all,1337,es,yo,-0.6436878442764282,cross-group
mean_diff,encoder,8,pooled_mean_all,1337,hi,uk,0.870003879070282,nonafrican-nonafrican
mean_diff,encoder,8,pooled_mean_all,1337,hi,xh,-0.5745431780815125,cross-group
mean_diff,encoder,8,pooled_mean_all,1337,hi,yo,-0.5622516870498657,cross-group
mean_diff,encoder,8,pooled_mean_all,1337,uk,xh,-0.6841392517089844,cross-group
mean_diff,encoder,8,pooled_mean_all,1337,uk,yo,-0.5852900147438049,cross-group
mean_diff,encoder,8,pooled_mean_all,1337,xh,yo,0.7430378198623657,african-african
mean_diff,encoder,8,pooled_mean_all,2024,am,ar,0.6933274865150452,nonafrican-nonafrican
mean_diff,encoder,8,pooled_mean_all,2024,am,de,0.6642608642578125,nonafrican-nonafrican
mean_diff,encoder,8,pooled_mean_all,2024,am,en,0.22363212704658508,nonafrican-nonafrican
mean_diff,encoder,8,pooled_mean_all,2024,am,es,0.586143434047699,nonafrican-nonafrican
mean_diff,encoder,8,pooled_mean_all,2024,am,hi,0.6850561499595642,nonafrican-nonafrican
mean_diff,encoder,8,pooled_mean_all,2024,am,uk,0.5508944392204285,nonafrican-nonafrican
mean_diff,encoder,8,pooled_mean_all,2024,am,xh,-0.328761488199234,cross-group
mean_diff,encoder,8,pooled_mean_all,2024,am,yo,-0.5034264326095581,cross-group
mean_diff,encoder,8,pooled_mean_all,2024,ar,de,0.8084354400634766,nonafrican-nonafrican
mean_diff,encoder,8,pooled_mean_all,2024,ar,en,0.27616527676582336,nonafrican-nonafrican
mean_diff,encoder,8,pooled_mean_all,2024,ar,es,0.8017977476119995,nonafrican-nonafrican
mean_diff,encoder,8,pooled_mean_all,2024,ar,hi,0.5292752385139465,nonafrican-nonafrican
mean_diff,encoder,8,pooled_mean_all,2024,ar,uk,0.7068198919296265,nonafrican-nonafrican
mean_diff,encoder,8,pooled_mean_all,2024,ar,xh,-0.6643427610397339,cross-group
mean_diff,encoder,8,pooled_mean_all,2024,ar,yo,-0.7001291513442993,cross-group
mean_diff,encoder,8,pooled_mean_all,2024,de,en,2.2280961275100708e-05,nonafrican-nonafrican
mean_diff,encoder,8,pooled_mean_all,2024,de,es,0.8850194215774536,nonafrican-nonafrican
mean_diff,encoder,8,pooled_mean_all,2024,de,hi,0.7024039030075073,nonafrican-nonafrican
mean_diff,encoder,8,pooled_mean_all,2024,de,uk,0.8317400813102722,nonafrican-nonafrican
mean_diff,encoder,8,pooled_mean_all,2024,de,xh,-0.6280510425567627,cross-group
mean_diff,encoder,8,pooled_mean_all,2024,de,yo,-0.5864223837852478,cross-group
mean_diff,encoder,8,pooled_mean_all,2024,en,es,-0.12052454054355621,nonafrican-nonafrican
mean_diff,encoder,8,pooled_mean_all,2024,en,hi,-0.3144829273223877,nonafrican-nonafrican
mean_diff,encoder,8,pooled_mean_all,2024,en,uk,-0.301763117313385,nonafrican-nonafrican
mean_diff,encoder,8,pooled_mean_all,2024,en,xh,0.10292939841747284,cross-group
mean_diff,encoder,8,pooled_mean_all,2024,en,yo,-0.24990937113761902,cross-group
mean_diff,encoder,8,pooled_mean_all,2024,es,hi,0.6739711761474609,nonafrican-nonafrican
mean_diff,encoder,8,pooled_mean_all,2024,es,uk,0.9057025909423828,nonafrican-nonafrican
mean_diff,encoder,8,pooled_mean_all,2024,es,xh,-0.6948744058609009,cross-group
mean_diff,encoder,8,pooled_mean_all,2024,es,yo,-0.5580406785011292,cross-group
mean_diff,encoder,8,pooled_mean_all,2024,hi,uk,0.7172577977180481,nonafrican-nonafrican
mean_diff,encoder,8,pooled_mean_all,2024,hi,xh,-0.3286914825439453,cross-group
mean_diff,encoder,8,pooled_mean_all,2024,hi,yo,-0.36010611057281494,cross-group
mean_diff,encoder,8,pooled_mean_all,2024,uk,xh,-0.6521002650260925,cross-group
mean_diff,encoder,8,pooled_mean_all,2024,uk,yo,-0.4714612066745758,cross-group
mean_diff,encoder,8,pooled_mean_all,2024,xh,yo,0.606621503829956,african-african
mean_diff,encoder,8,pooled_mean_content,42,am,ar,0.5508460402488708,nonafrican-nonafrican
mean_diff,encoder,8,pooled_mean_content,42,am,de,0.5603370070457458,nonafrican-nonafrican
mean_diff,encoder,8,pooled_mean_content,42,am,en,0.38074687123298645,nonafrican-nonafrican
mean_diff,encoder,8,pooled_mean_content,42,am,es,0.2874835729598999,nonafrican-nonafrican
mean_diff,encoder,8,pooled_mean_content,42,am,hi,0.4290846586227417,nonafrican-nonafrican
mean_diff,encoder,8,pooled_mean_content,42,am,uk,0.22923682630062103,nonafrican-nonafrican
mean_diff,encoder,8,pooled_mean_content,42,am,xh,0.12832796573638916,cross-group
mean_diff,encoder,8,pooled_mean_content,42,am,yo,-0.2800925076007843,cross-group
mean_diff,encoder,8,pooled_mean_content,42,ar,de,0.5372836589813232,nonafrican-nonafrican
mean_diff,encoder,8,pooled_mean_content,42,ar,en,0.266946941614151,nonafrican-nonafrican
mean_diff,encoder,8,pooled_mean_content,42,ar,es,0.6147609353065491,nonafrican-nonafrican
mean_diff,encoder,8,pooled_mean_content,42,ar,hi,0.37747278809547424,nonafrican-nonafrican
mean_diff,encoder,8,pooled_mean_content,42,ar,uk,0.39597225189208984,nonafrican-nonafrican
mean_diff,encoder,8,pooled_mean_content,42,ar,xh,0.16431939601898193,cross-group
mean_diff,encoder,8,pooled_mean_content,42,ar,yo,-0.553227424621582,cross-group
mean_diff,encoder,8,pooled_mean_content,42,de,en,0.12123899906873703,nonafrican-nonafrican
mean_diff,encoder,8,pooled_mean_content,42,de,es,0.5940576791763306,nonafrican-nonafrican
mean_diff,encoder,8,pooled_mean_content,42,de,hi,0.5390751361846924,nonafrican-nonafrican
mean_diff,encoder,8,pooled_mean_content,42,de,uk,0.5255815982818604,nonafrican-nonafrican
mean_diff,encoder,8,pooled_mean_content,42,de,xh,0.12023229151964188,cross-group
mean_diff,encoder,8,pooled_mean_content,42,de,yo,-0.22584134340286255,cross-group
mean_diff,encoder,8,pooled_mean_content,42,en,es,-0.3263464570045471,nonafrican-nonafrican
mean_diff,encoder,8,pooled_mean_content,42,en,hi,-0.46393057703971863,nonafrican-nonafrican
mean_diff,encoder,8,pooled_mean_content,42,en,uk,-0.5672923922538757,nonafrican-nonafrican
mean_diff,encoder,8,pooled_mean_content,42,en,xh,0.05020194500684738,cross-group
mean_diff,encoder,8,pooled_mean_content,42,en,yo,-0.13671496510505676,cross-group
mean_diff,encoder,8,pooled_mean_content,42,es,hi,0.6806869506835938,nonafrican-nonafrican
mean_diff,encoder,8,pooled_mean_content,42,es,uk,0.8090976476669312,nonafrican-nonafrican
mean_diff,encoder,8,pooled_mean_content,42,es,xh,0.16729436814785004,cross-group
mean_diff,encoder,8,pooled_mean_content,42,es,yo,-0.3801518678665161,cross-group
mean_diff,encoder,8,pooled_mean_content,42,hi,uk,0.7650448679924011,nonafrican-nonafrican
mean_diff,encoder,8,pooled_mean_content,42,hi,xh,0.17243237793445587,cross-group
mean_diff,encoder,8,pooled_mean_content,42,hi,yo,-0.18391361832618713,cross-group
mean_diff,encoder,8,pooled_mean_content,42,uk,xh,0.12507915496826172,cross-group
mean_diff,encoder,8,pooled_mean_content,42,uk,yo,-0.15507790446281433,cross-group
mean_diff,encoder,8,pooled_mean_content,42,xh,yo,-0.04424011707305908,african-african
mean_diff,encoder,8,pooled_mean_content,1337,am,ar,0.6044607162475586,nonafrican-nonafrican
mean_diff,encoder,8,pooled_mean_content,1337,am,de,0.5733319520950317,nonafrican-nonafrican
mean_diff,encoder,8,pooled_mean_content,1337,am,en,0.41002407670021057,nonafrican-nonafrican
mean_diff,encoder,8,pooled_mean_content,1337,am,es,0.22679570317268372,nonafrican-nonafrican
mean_diff,encoder,8,pooled_mean_content,1337,am,hi,0.392539918422699,nonafrican-nonafrican
mean_diff,encoder,8,pooled_mean_content,1337,am,uk,0.16486987471580505,nonafrican-nonafrican
mean_diff,encoder,8,pooled_mean_content,1337,am,xh,0.09269272536039352,cross-group
mean_diff,encoder,8,pooled_mean_content,1337,am,yo,-0.20484821498394012,cross-group
mean_diff,encoder,8,pooled_mean_content,1337,ar,de,0.5069199800491333,nonafrican-nonafrican
mean_diff,encoder,8,pooled_mean_content,1337,ar,en,0.346693754196167,nonafrican-nonafrican
mean_diff,encoder,8,pooled_mean_content,1337,ar,es,0.5019629001617432,nonafrican-nonafrican
mean_diff,encoder,8,pooled_mean_content,1337,ar,hi,0.3594334125518799,nonafrican-nonafrican
mean_diff,encoder,8,pooled_mean_content,1337,ar,uk,0.2990161180496216,nonafrican-nonafrican
mean_diff,encoder,8,pooled_mean_content,1337,ar,xh,0.15588054060935974,cross-group
mean_diff,encoder,8,pooled_mean_content,1337,ar,yo,-0.4948866069316864,cross-group
mean_diff,encoder,8,pooled_mean_content,1337,de,en,0.1516457200050354,nonafrican-nonafrican
mean_diff,encoder,8,pooled_mean_content,1337,de,es,0.533774733543396,nonafrican-nonafrican
mean_diff,encoder,8,pooled_mean_content,1337,de,hi,0.5256185531616211,nonafrican-nonafrican
mean_diff,encoder,8,pooled_mean_content,1337,de,uk,0.46324384212493896,nonafrican-nonafrican
mean_diff,encoder,8,pooled_mean_content,1337,de,xh,0.06515783071517944,cross-group
mean_diff,encoder,8,pooled_mean_content,1337,de,yo,-0.13232553005218506,cross-group
mean_diff,encoder,8,pooled_mean_content,1337,en,es,-0.34460586309432983,nonafrican-nonafrican
mean_diff,encoder,8,pooled_mean_content,1337,en,hi,-0.4616943597793579,nonafrican-nonafrican
mean_diff,encoder,8,pooled_mean_content,1337,en,uk,-0.5873988270759583,nonafrican-nonafrican
mean_diff,encoder,8,pooled_mean_content,1337,en,xh,0.05524861067533493,cross-group
mean_diff,encoder,8,pooled_mean_content,1337,en,yo,-0.08814014494419098,cross-group
mean_diff,encoder,8,pooled_mean_content,1337,es,hi,0.7080034017562866,nonafrican-nonafrican
mean_diff,encoder,8,pooled_mean_content,1337,es,uk,0.8024694919586182,nonafrican-nonafrican
mean_diff,encoder,8,pooled_mean_content,1337,es,xh,0.17417077720165253,cross-group
mean_diff,encoder,8,pooled_mean_content,1337,es,yo,-0.35699763894081116,cross-group
mean_diff,encoder,8,pooled_mean_content,1337,hi,uk,0.7560112476348877,nonafrican-nonafrican
mean_diff,encoder,8,pooled_mean_content,1337,hi,xh,0.1575160026550293,cross-group
mean_diff,encoder,8,pooled_mean_content,1337,hi,yo,-0.21248716115951538,cross-group
mean_diff,encoder,8,pooled_mean_content,1337,uk,xh,0.11155419796705246,cross-group
mean_diff,encoder,8,pooled_mean_content,1337,uk,yo,-0.1320444792509079,cross-group
mean_diff,encoder,8,pooled_mean_content,1337,xh,yo,-0.058136582374572754,african-african
mean_diff,encoder,8,pooled_mean_content,2024,am,ar,0.5654743909835815,nonafrican-nonafrican
mean_diff,encoder,8,pooled_mean_content,2024,am,de,0.5354083776473999,nonafrican-nonafrican
mean_diff,encoder,8,pooled_mean_content,2024,am,en,0.4608396887779236,nonafrican-nonafrican
mean_diff,encoder,8,pooled_mean_content,2024,am,es,0.17168042063713074,nonafrican-nonafrican
mean_diff,encoder,8,pooled_mean_content,2024,am,hi,0.5471826791763306,nonafrican-nonafrican
mean_diff,encoder,8,pooled_mean_content,2024,am,uk,0.11692114174365997,nonafrican-nonafrican
mean_diff,encoder,8,pooled_mean_content,2024,am,xh,0.07238242775201797,cross-group
mean_diff,encoder,8,pooled_mean_content,2024,am,yo,-0.2788824141025543,cross-group
mean_diff,encoder,8,pooled_mean_content,2024,ar,de,0.5457851886749268,nonafrican-nonafrican
mean_diff,encoder,8,pooled_mean_content,2024,ar,en,0.3410155177116394,nonafrican-nonafrican
mean_diff,encoder,8,pooled_mean_content,2024,ar,es,0.4941134452819824,nonafrican-nonafrican
mean_diff,encoder,8,pooled_mean_content,2024,ar,hi,0.3426333963871002,nonafrican-nonafrican
mean_diff,encoder,8,pooled_mean_content,2024,ar,uk,0.2661437392234802,nonafrican-nonafrican
mean_diff,encoder,8,pooled_mean_content,2024,ar,xh,0.0802222192287445,cross-group
mean_diff,encoder,8,pooled_mean_content,2024,ar,yo,-0.4585404396057129,cross-group
mean_diff,encoder,8,pooled_mean_content,2024,de,en,0.052256956696510315,nonafrican-nonafrican
mean_diff,encoder,8,pooled_mean_content,2024,de,es,0.6082192659378052,nonafrican-nonafrican
mean_diff,encoder,8,pooled_mean_content,2024,de,hi,0.6282610297203064,nonafrican-nonafrican
mean_diff,encoder,8,pooled_mean_content,2024,de,uk,0.5310838222503662,nonafrican-nonafrican
mean_diff,encoder,8,pooled_mean_content,2024,de,xh,0.039375223219394684,cross-group
mean_diff,encoder,8,pooled_mean_content,2024,de,yo,-0.2537345886230469,cross-group
mean_diff,encoder,8,pooled_mean_content,2024,en,es,-0.36852407455444336,nonafrican-nonafrican
mean_diff,encoder,8,pooled_mean_content,2024,en,hi,-0.22523748874664307,nonafrican-nonafrican
mean_diff,encoder,8,pooled_mean_content,2024,en,uk,-0.5717381238937378,nonafrican-nonafrican
mean_diff,encoder,8,pooled_mean_content,2024,en,xh,0.14228463172912598,cross-group
mean_diff,encoder,8,pooled_mean_content,2024,en,yo,-0.20026002824306488,cross-group
mean_diff,encoder,8,pooled_mean_content,2024,es,hi,0.49331215023994446,nonafrican-nonafrican
mean_diff,encoder,8,pooled_mean_content,2024,es,uk,0.7735867500305176,nonafrican-nonafrican
mean_diff,encoder,8,pooled_mean_content,2024,es,xh,0.04215577617287636,cross-group
mean_diff,encoder,8,pooled_mean_content,2024,es,yo,-0.22910374402999878,cross-group
mean_diff,encoder,8,pooled_mean_content,2024,hi,uk,0.5783413648605347,nonafrican-nonafrican
mean_diff,encoder,8,pooled_mean_content,2024,hi,xh,0.06925847381353378,cross-group
mean_diff,encoder,8,pooled_mean_content,2024,hi,yo,-0.13499224185943604,cross-group
mean_diff,encoder,8,pooled_mean_content,2024,uk,xh,0.018412556499242783,cross-group
mean_diff,encoder,8,pooled_mean_content,2024,uk,yo,-0.018744610249996185,cross-group
mean_diff,encoder,8,pooled_mean_content,2024,xh,yo,0.09507276117801666,african-african
probe,decoder,4,pooled_mean_all,42,am,ar,0.4763733446598053,nonafrican-nonafrican
probe,decoder,4,pooled_mean_all,42,am,de,0.6111027002334595,nonafrican-nonafrican
probe,decoder,4,pooled_mean_all,42,am,en,0.5128962993621826,nonafrican-nonafrican
probe,decoder,4,pooled_mean_all,42,am,es,0.4874841868877411,nonafrican-nonafrican
probe,decoder,4,pooled_mean_all,42,am,hi,0.6012073755264282,nonafrican-nonafrican
probe,decoder,4,pooled_mean_all,42,am,uk,0.5255244970321655,nonafrican-nonafrican
probe,decoder,4,pooled_mean_all,42,am,xh,0.42279288172721863,cross-group
probe,decoder,4,pooled_mean_all,42,am,yo,0.46141090989112854,cross-group
probe,decoder,4,pooled_mean_all,42,ar,de,0.47479504346847534,nonafrican-nonafrican
probe,decoder,4,pooled_mean_all,42,ar,en,0.4908340871334076,nonafrican-nonafrican
probe,decoder,4,pooled_mean_all,42,ar,es,0.4742203950881958,nonafrican-nonafrican
probe,decoder,4,pooled_mean_all,42,ar,hi,0.4795314371585846,nonafrican-nonafrican
probe,decoder,4,pooled_mean_all,42,ar,uk,0.47664985060691833,nonafrican-nonafrican
probe,decoder,4,pooled_mean_all,42,ar,xh,0.3517214357852936,cross-group
probe,decoder,4,pooled_mean_all,42,ar,yo,0.37661343812942505,cross-group
probe,decoder,4,pooled_mean_all,42,de,en,0.568637490272522,nonafrican-nonafrican
probe,decoder,4,pooled_mean_all,42,de,es,0.4989084005355835,nonafrican-nonafrican
probe,decoder,4,pooled_mean_all,42,de,hi,0.5568146705627441,nonafrican-nonafrican
probe,decoder,4,pooled_mean_all,42,de,uk,0.5568404793739319,nonafrican-nonafrican
probe,decoder,4,pooled_mean_all,42,de,xh,0.3811076879501343,cross-group
probe,decoder,4,pooled_mean_all,42,de,yo,0.4272080659866333,cross-group
probe,decoder,4,pooled_mean_all,42,en,es,0.5133664608001709,nonafrican-nonafrican
probe,decoder,4,pooled_mean_all,42,en,hi,0.45267224311828613,nonafrican-nonafrican
probe,decoder,4,pooled_mean_all,42,en,uk,0.509405255317688,nonafrican-nonafrican
probe,decoder,4,pooled_mean_all,42,en,xh,0.3426567316055298,cross-group
probe,decoder,4,pooled_mean_all,42,en,yo,0.3757273554801941,cross-group
probe,decoder,4,pooled_mean_all,42,es,hi,0.49608153104782104,nonafrican-nonafrican
probe,decoder,4,pooled_mean_all,42,es,uk,0.4835110604763031,nonafrican-nonafrican
probe,decoder,4,pooled_mean_all,42,es,xh,0.30860501527786255,cross-group
probe,decoder,4,pooled_mean_all,42,es,yo,0.3236910402774811,cross-group
probe,decoder,4,pooled_mean_all,42,hi,uk,0.5059611797332764,nonafrican-nonafrican
probe,decoder,4,pooled_mean_all,42,hi,xh,0.33731406927108765,cross-group
probe,decoder,4,pooled_mean_all,42,hi,yo,0.40553128719329834,cross-group
probe,decoder,4,pooled_mean_all,42,uk,xh,0.30313247442245483,cross-group
probe,decoder,4,pooled_mean_all,42,uk,yo,0.4385538101196289,cross-group
probe,decoder,4,pooled_mean_all,42,xh,yo,0.6067273616790771,african-african
probe,decoder,4,pooled_mean_all,1337,am,ar,0.4994668960571289,nonafrican-nonafrican
probe,decoder,4,pooled_mean_all,1337,am,de,0.6065564155578613,nonafrican-nonafrican
probe,decoder,4,pooled_mean_all,1337,am,en,0.47936710715293884,nonafrican-nonafrican
probe,decoder,4,pooled_mean_all,1337,am,es,0.5258044600486755,nonafrican-nonafrican
probe,decoder,4,pooled_mean_all,1337,am,hi,0.6109365820884705,nonafrican-nonafrican
probe,decoder,4,pooled_mean_all,1337,am,uk,0.5294992327690125,nonafrican-nonafrican
probe,decoder,4,pooled_mean_all,1337,am,xh,0.40215906500816345,cross-group
probe,decoder,4,pooled_mean_all,1337,am,yo,0.45849305391311646,cross-group
probe,decoder,4,pooled_mean_all,1337,ar,de,0.4998995363712311,nonafrican-nonafrican
probe,decoder,4,pooled_mean_all,1337,ar,en,0.4665283262729645,nonafrican-nonafrican
probe,decoder,4,pooled_mean_all,1337,ar,es,0.4973348379135132,nonafrican-nonafrican
probe,decoder,4,pooled_mean_all,1337,ar,hi,0.4921276867389679,nonafrican-nonafrican
probe,decoder,4,pooled_mean_all,1337,ar,uk,0.4798959195613861,nonafrican-nonafrican
probe,decoder,4,pooled_mean_all,1337,ar,xh,0.3588069677352905,cross-group
probe,decoder,4,pooled_mean_all,1337,ar,yo,0.34864503145217896,cross-group
probe,decoder,4,pooled_mean_all,1337,de,en,0.5427457690238953,nonafrican-nonafrican
probe,decoder,4,pooled_mean_all,1337,de,es,0.5368516445159912,nonafrican-nonafrican
probe,decoder,4,pooled_mean_all,1337,de,hi,0.5865840911865234,nonafrican-nonafrican
probe,decoder,4,pooled_mean_all,1337,de,uk,0.5563981533050537,nonafrican-nonafrican
probe,decoder,4,pooled_mean_all,1337,de,xh,0.37327325344085693,cross-group
probe,decoder,4,pooled_mean_all,1337,de,yo,0.41053274273872375,cross-group
probe,decoder,4,pooled_mean_all,1337,en,es,0.5453178882598877,nonafrican-nonafrican
probe,decoder,4,pooled_mean_all,1337,en,hi,0.45920267701148987,nonafrican-nonafrican
probe,decoder,4,pooled_mean_all,1337,en,uk,0.4955822825431824,nonafrican-nonafrican
probe,decoder,4,pooled_mean_all,1337,en,xh,0.3408285975456238,cross-group
probe,decoder,4,pooled_mean_all,1337,en,yo,0.32877108454704285,cross-group
probe,decoder,4,pooled_mean_all,1337,es,hi,0.5358563661575317,nonafrican-nonafrican
probe,decoder,4,pooled_mean_all,1337,es,uk,0.519761860370636,nonafrican-nonafrican
probe,decoder,4,pooled_mean_all,1337,es,xh,0.3305315375328064,cross-group
probe,decoder,4,pooled_mean_all,1337,es,yo,0.3249608278274536,cross-group
probe,decoder,4,pooled_mean_all,1337,hi,uk,0.5005048513412476,nonafrican-nonafrican
probe,decoder,4,pooled_mean_all,1337,hi,xh,0.3651502728462219,cross-group
probe,decoder,4,pooled_mean_all,1337,hi,yo,0.3985320031642914,cross-group
probe,decoder,4,pooled_mean_all,1337,uk,xh,0.33469006419181824,cross-group
probe,decoder,4,pooled_mean_all,1337,uk,yo,0.40801072120666504,cross-group
probe,decoder,4,pooled_mean_all,1337,xh,yo,0.5967614054679871,african-african
probe,decoder,4,pooled_mean_all,2024,am,ar,0.5206273794174194,nonafrican-nonafrican
probe,decoder,4,pooled_mean_all,2024,am,de,0.5927848219871521,nonafrican-nonafrican
probe,decoder,4,pooled_mean_all,2024,am,en,0.49253249168395996,nonafrican-nonafrican
probe,decoder,4,pooled_mean_all,2024,am,es,0.5494030714035034,nonafrican-nonafrican
probe,decoder,4,pooled_mean_all,2024,am,hi,0.6260915994644165,nonafrican-nonafrican
probe,decoder,4,pooled_mean_all,2024,am,uk,0.5340759754180908,nonafrican-nonafrican
probe,decoder,4,pooled_mean_all,2024,am,xh,0.4119376540184021,cross-group
probe,decoder,4,pooled_mean_all,2024,am,yo,0.4517495632171631,cross-group
probe,decoder,4,pooled_mean_all,2024,ar,de,0.5145307779312134,nonafrican-nonafrican
probe,decoder,4,pooled_mean_all,2024,ar,en,0.5065138339996338,nonafrican-nonafrican
probe,decoder,4,pooled_mean_all,2024,ar,es,0.5211377143859863,nonafrican-nonafrican
probe,decoder,4,pooled_mean_all,2024,ar,hi,0.5291014909744263,nonafrican-nonafrican
probe,decoder,4,pooled_mean_all,2024,ar,uk,0.5012965202331543,nonafrican-nonafrican
probe,decoder,4,pooled_mean_all,2024,ar,xh,0.36796581745147705,cross-group
probe,decoder,4,pooled_mean_all,2024,ar,yo,0.33918631076812744,cross-group
probe,decoder,4,pooled_mean_all,2024,de,en,0.5549003481864929,nonafrican-nonafrican
probe,decoder,4,pooled_mean_all,2024,de,es,0.5210620164871216,nonafrican-nonafrican
probe,decoder,4,pooled_mean_all,2024,de,hi,0.5625142455101013,nonafrican-nonafrican
probe,decoder,4,pooled_mean_all,2024,de,uk,0.5589420795440674,nonafrican-nonafrican
probe,decoder,4,pooled_mean_all,2024,de,xh,0.37282225489616394,cross-group
probe,decoder,4,pooled_mean_all,2024,de,yo,0.40338772535324097,cross-group
probe,decoder,4,pooled_mean_all,2024,en,es,0.5754725933074951,nonafrican-nonafrican
probe,decoder,4,pooled_mean_all,2024,en,hi,0.4689487814903259,nonafrican-nonafrican
probe,decoder,4,pooled_mean_all,2024,en,uk,0.506066620349884,nonafrican-nonafrican
probe,decoder,4,pooled_mean_all,2024,en,xh,0.34103530645370483,cross-group
probe,decoder,4,pooled_mean_all,2024,en,yo,0.3447287380695343,cross-group
probe,decoder,4,pooled_mean_all,2024,es,hi,0.5304015874862671,nonafrican-nonafrican
probe,decoder,4,pooled_mean_all,2024,es,uk,0.5185955762863159,nonafrican-nonafrican
probe,decoder,4,pooled_mean_all,2024,es,xh,0.34974405169487,cross-group
probe,decoder,4,pooled_mean_all,2024,es,yo,0.33391568064689636,cross-group
probe,decoder,4,pooled_mean_all,2024,hi,uk,0.5227418541908264,nonafrican-nonafrican
probe,decoder,4,pooled_mean_all,2024,hi,xh,0.37206390500068665,cross-group
probe,decoder,4,pooled_mean_all,2024,hi,yo,0.40823429822921753,cross-group
probe,decoder,4,pooled_mean_all,2024,uk,xh,0.3140236735343933,cross-group
probe,decoder,4,pooled_mean_all,2024,uk,yo,0.3965131640434265,cross-group
probe,decoder,4,pooled_mean_all,2024,xh,yo,0.5656681656837463,african-african
probe,decoder,4,pooled_mean_content,42,am,ar,0.46800845861434937,nonafrican-nonafrican
probe,decoder,4,pooled_mean_content,42,am,de,0.6088279485702515,nonafrican-nonafrican
probe,decoder,4,pooled_mean_content,42,am,en,0.510728120803833,nonafrican-nonafrican
probe,decoder,4,pooled_mean_content,42,am,es,0.48540234565734863,nonafrican-nonafrican
probe,decoder,4,pooled_mean_content,42,am,hi,0.5976446270942688,nonafrican-nonafrican
probe,decoder,4,pooled_mean_content,42,am,uk,0.5276937484741211,nonafrican-nonafrican
probe,decoder,4,pooled_mean_content,42,am,xh,0.41662007570266724,cross-group
probe,decoder,4,pooled_mean_content,42,am,yo,0.4549012780189514,cross-group
probe,decoder,4,pooled_mean_content,42,ar,de,0.4702272415161133,nonafrican-nonafrican
probe,decoder,4,pooled_mean_content,42,ar,en,0.4871216416358948,nonafrican-nonafrican
probe,decoder,4,pooled_mean_content,42,ar,es,0.4718444049358368,nonafrican-nonafrican
probe,decoder,4,pooled_mean_content,42,ar,hi,0.47422945499420166,nonafrican-nonafrican
probe,decoder,4,pooled_mean_content,42,ar,uk,0.4678412675857544,nonafrican-nonafrican
probe,decoder,4,pooled_mean_content,42,ar,xh,0.3507482707500458,cross-group
probe,decoder,4,pooled_mean_content,42,ar,yo,0.3719627559185028,cross-group
probe,decoder,4,pooled_mean_content,42,de,en,0.5674244165420532,nonafrican-nonafrican
probe,decoder,4,pooled_mean_content,42,de,es,0.5009014010429382,nonafrican-nonafrican
probe,decoder,4,pooled_mean_content,42,de,hi,0.5546258687973022,nonafrican-nonafrican
probe,decoder,4,pooled_mean_content,42,de,uk,0.5476827621459961,nonafrican-nonafrican
probe,decoder,4,pooled_mean_content,42,de,xh,0.37129321694374084,cross-group
probe,decoder,4,pooled_mean_content,42,de,yo,0.4220494031906128,cross-group
probe,decoder,4,pooled_mean_content,42,en,es,0.511350691318512,nonafrican-nonafrican
probe,decoder,4,pooled_mean_content,42,en,hi,0.4500848054885864,nonafrican-nonafrican
probe,decoder,4,pooled_mean_content,42,en,uk,0.5047380328178406,nonafrican-nonafrican
probe,decoder,4,pooled_mean_content,42,en,xh,0.3335147202014923,cross-group
probe,decoder,4,pooled_mean_content,42,en,yo,0.370388388633728,cross-group
probe,decoder,4,pooled_mean_content,42,es,hi,0.4918651580810547,nonafrican-nonafrican
probe,decoder,4,pooled_mean_content,42,es,uk,0.4696268141269684,nonafrican-nonafrican
probe,decoder,4,pooled_mean_content,42,es,xh,0.2899177670478821,cross-group
probe,decoder,4,pooled_mean_content,42,es,yo,0.31030356884002686,cross-group
probe,decoder,4,pooled_mean_content,42,hi,uk,0.4975939989089966,nonafrican-nonafrican
probe,decoder,4,pooled_mean_content,42,hi,xh,0.3196623921394348,cross-group
probe,decoder,4,pooled_mean_content,42,hi,yo,0.3976271152496338,cross-group
probe,decoder,4,pooled_mean_content,42,uk,xh,0.28889939188957214,cross-group
probe,decoder,4,pooled_mean_content,42,uk,yo,0.4266059994697571,cross-group
probe,decoder,4,pooled_mean_content,42,xh,yo,0.600970983505249,african-african
probe,decoder,4,pooled_mean_content,1337,am,ar,0.48861855268478394,nonafrican-nonafrican
probe,decoder,4,pooled_mean_content,1337,am,de,0.6041340827941895,nonafrican-nonafrican
probe,decoder,4,pooled_mean_content,1337,am,en,0.474063515663147,nonafrican-nonafrican
probe,decoder,4,pooled_mean_content,1337,am,es,0.5136607885360718,nonafrican-nonafrican
probe,decoder,4,pooled_mean_content,1337,am,hi,0.6030139923095703,nonafrican-nonafrican
probe,decoder,4,pooled_mean_content,1337,am,uk,0.5246891379356384,nonafrican-nonafrican
probe,decoder,4,pooled_mean_content,1337,am,xh,0.39840245246887207,cross-group
probe,decoder,4,pooled_mean_content,1337,am,yo,0.4595176577568054,cross-group
probe,decoder,4,pooled_mean_content,1337,ar,de,0.4930432140827179,nonafrican-nonafrican
probe,decoder,4,pooled_mean_content,1337,ar,en,0.46025025844573975,nonafrican-nonafrican
probe,decoder,4,pooled_mean_content,1337,ar,es,0.4898976683616638,nonafrican-nonafrican
probe,decoder,4,pooled_mean_content,1337,ar,hi,0.48015397787094116,nonafrican-nonafrican
probe,decoder,4,pooled_mean_content,1337,ar,uk,0.46531012654304504,nonafrican-nonafrican
probe,decoder,4,pooled_mean_content,1337,ar,xh,0.35803431272506714,cross-group
probe,decoder,4,pooled_mean_content,1337,ar,yo,0.3464125394821167,cross-group
probe,decoder,4,pooled_mean_content,1337,de,en,0.5402204990386963,nonafrican-nonafrican
probe,decoder,4,pooled_mean_content,1337,de,es,0.5308257341384888,nonafrican-nonafrican
probe,decoder,4,pooled_mean_content,1337,de,hi,0.5794435739517212,nonafrican-nonafrican
probe,decoder,4,pooled_mean_content,1337,de,uk,0.5456132292747498,nonafrican-nonafrican
probe,decoder,4,pooled_mean_content,1337,de,xh,0.36759012937545776,cross-group
probe,decoder,4,pooled_mean_content,1337,de,yo,0.41103583574295044,cross-group
probe,decoder,4,pooled_mean_content,1337,en,es,0.5433990955352783,nonafrican-nonafrican
probe,decoder,4,pooled_mean_content,1337,en,hi,0.45492812991142273,nonafrican-nonafrican
probe,decoder,4,pooled_mean_content,1337,en,uk,0.49579721689224243,nonafrican-nonafrican
probe,decoder,4,pooled_mean_content,1337,en,xh,0.3353339433670044,cross-group
probe,decoder,4,pooled_mean_content,1337,en,yo,0.32892629504203796,cross-group
probe,decoder,4,pooled_mean_content,1337,es,hi,0.5282005071640015,nonafrican-nonafrican
probe,decoder,4,pooled_mean_content,1337,es,uk,0.5009433627128601,nonafrican-nonafrican
probe,decoder,4,pooled_mean_content,1337,es,xh,0.31433603167533875,cross-group
probe,decoder,4,pooled_mean_content,1337,es,yo,0.3115517199039459,cross-group
probe,decoder,4,pooled_mean_content,1337,hi,uk,0.48707762360572815,nonafrican-nonafrican
probe,decoder,4,pooled_mean_content,1337,hi,xh,0.34850233793258667,cross-group
probe,decoder,4,pooled_mean_content,1337,hi,yo,0.393551230430603,cross-group
probe,decoder,4,pooled_mean_content,1337,uk,xh,0.32473117113113403,cross-group
probe,decoder,4,pooled_mean_content,1337,uk,yo,0.39867424964904785,cross-group
probe,decoder,4,pooled_mean_content,1337,xh,yo,0.5896719694137573,african-african
probe,decoder,4,pooled_mean_content,2024,am,ar,0.5099568367004395,nonafrican-nonafrican
probe,decoder,4,pooled_mean_content,2024,am,de,0.5913707613945007,nonafrican-nonafrican
probe,decoder,4,pooled_mean_content,2024,am,en,0.4880094826221466,nonafrican-nonafrican
probe,decoder,4,pooled_mean_content,2024,am,es,0.5477567911148071,nonafrican-nonafrican
probe,decoder,4,pooled_mean_content,2024,am,hi,0.6166939735412598,nonafrican-nonafrican
probe,decoder,4,pooled_mean_content,2024,am,uk,0.529477596282959,nonafrican-nonafrican
probe,decoder,4,pooled_mean_content,2024,am,xh,0.40785372257232666,cross-group
probe,decoder,4,pooled_mean_content,2024,am,yo,0.44456589221954346,cross-group
probe,decoder,4,pooled_mean_content,2024,ar,de,0.5093997716903687,nonafrican-nonafrican
probe,decoder,4,pooled_mean_content,2024,ar,en,0.5014854669570923,nonafrican-nonafrican
probe,decoder,4,pooled_mean_content,2024,ar,es,0.5251083970069885,nonafrican-nonafrican
probe,decoder,4,pooled_mean_content,2024,ar,hi,0.5163992643356323,nonafrican-nonafrican
probe,decoder,4,pooled_mean_content,2024,ar,uk,0.4954429268836975,nonafrican-nonafrican
probe,decoder,4,pooled_mean_content,2024,ar,xh,0.36591672897338867,cross-group
probe,decoder,4,pooled_mean_content,2024,ar,yo,0.33125340938568115,cross-group
probe,decoder,4,pooled_mean_content,2024,de,en,0.5580860376358032,nonafrican-nonafrican
probe,decoder,4,pooled_mean_content,2024,de,es,0.5204436779022217,nonafrican-nonafrican
probe,decoder,4,pooled_mean_content,2024,de,hi,0.5640705823898315,nonafrican-nonafrican
probe,decoder,4,pooled_mean_content,2024,de,uk,0.550778329372406,nonafrican-nonafrican
probe,decoder,4,pooled_mean_content,2024,de,xh,0.3782609701156616,cross-group
probe,decoder,4,pooled_mean_content,2024,de,yo,0.40564942359924316,cross-group
probe,decoder,4,pooled_mean_content,2024,en,es,0.5763497948646545,nonafrican-nonafrican
probe,decoder,4,pooled_mean_content,2024,en,hi,0.4623101055622101,nonafrican-nonafrican
probe,decoder,4,pooled_mean_content,2024,en,uk,0.49777594208717346,nonafrican-nonafrican
probe,decoder,4,pooled_mean_content,2024,en,xh,0.34043025970458984,cross-group
probe,decoder,4,pooled_mean_content,2024,en,yo,0.3389623165130615,cross-group
probe,decoder,4,pooled_mean_content,2024,es,hi,0.5242489576339722,nonafrican-nonafrican
probe,decoder,4,pooled_mean_content,2024,es,uk,0.5059410929679871,nonafrican-nonafrican
probe,decoder,4,pooled_mean_content,2024,es,xh,0.3353964686393738,cross-group
probe,decoder,4,pooled_mean_content,2024,es,yo,0.3088650703430176,cross-group
probe,decoder,4,pooled_mean_content,2024,hi,uk,0.5111727714538574,nonafrican-nonafrican
probe,decoder,4,pooled_mean_content,2024,hi,xh,0.3610953092575073,cross-group
probe,decoder,4,pooled_mean_content,2024,hi,yo,0.4017365276813507,cross-group
probe,decoder,4,pooled_mean_content,2024,uk,xh,0.300140917301178,cross-group
probe,decoder,4,pooled_mean_content,2024,uk,yo,0.3787311315536499,cross-group
probe,decoder,4,pooled_mean_content,2024,xh,yo,0.5579973459243774,african-african
probe,decoder,6,pooled_mean_all,42,am,ar,0.4518565833568573,nonafrican-nonafrican
probe,decoder,6,pooled_mean_all,42,am,de,0.5605189204216003,nonafrican-nonafrican
probe,decoder,6,pooled_mean_all,42,am,en,0.45552492141723633,nonafrican-nonafrican
probe,decoder,6,pooled_mean_all,42,am,es,0.4275895357131958,nonafrican-nonafrican
probe,decoder,6,pooled_mean_all,42,am,hi,0.554611325263977,nonafrican-nonafrican
probe,decoder,6,pooled_mean_all,42,am,uk,0.47660380601882935,nonafrican-nonafrican
probe,decoder,6,pooled_mean_all,42,am,xh,0.3210209310054779,cross-group
probe,decoder,6,pooled_mean_all,42,am,yo,0.3936026692390442,cross-group
probe,decoder,6,pooled_mean_all,42,ar,de,0.509047269821167,nonafrican-nonafrican
probe,decoder,6,pooled_mean_all,42,ar,en,0.45420193672180176,nonafrican-nonafrican
probe,decoder,6,pooled_mean_all,42,ar,es,0.47837233543395996,nonafrican-nonafrican
probe,decoder,6,pooled_mean_all,42,ar,hi,0.4621920585632324,nonafrican-nonafrican
probe,decoder,6,pooled_mean_all,42,ar,uk,0.44859999418258667,nonafrican-nonafrican
probe,decoder,6,pooled_mean_all,42,ar,xh,0.2657322287559509,cross-group
probe,decoder,6,pooled_mean_all,42,ar,yo,0.31681615114212036,cross-group
probe,decoder,6,pooled_mean_all,42,de,en,0.5283676981925964,nonafrican-nonafrican
probe,decoder,6,pooled_mean_all,42,de,es,0.47481799125671387,nonafrican-nonafrican
probe,decoder,6,pooled_mean_all,42,de,hi,0.5179764032363892,nonafrican-nonafrican
probe,decoder,6,pooled_mean_all,42,de,uk,0.5325316190719604,nonafrican-nonafrican
probe,decoder,6,pooled_mean_all,42,de,xh,0.320265531539917,cross-group
probe,decoder,6,pooled_mean_all,42,de,yo,0.36489367485046387,cross-group
probe,decoder,6,pooled_mean_all,42,en,es,0.49545371532440186,nonafrican-nonafrican
probe,decoder,6,pooled_mean_all,42,en,hi,0.4421071708202362,nonafrican-nonafrican
probe,decoder,6,pooled_mean_all,42,en,uk,0.46228691935539246,nonafrican-nonafrican
probe,decoder,6,pooled_mean_all,42,en,xh,0.27890005707740784,cross-group
probe,decoder,6,pooled_mean_all,42,en,yo,0.29947006702423096,cross-group
probe,decoder,6,pooled_mean_all,42,es,hi,0.4957713782787323,nonafrican-nonafrican
probe,decoder,6,pooled_mean_all,42,es,uk,0.4454420804977417,nonafrican-nonafrican
probe,decoder,6,pooled_mean_all,42,es,xh,0.2525947093963623,cross-group
probe,decoder,6,pooled_mean_all,42,es,yo,0.2902546525001526,cross-group
probe,decoder,6,pooled_mean_all,42,hi,uk,0.47061628103256226,nonafrican-nonafrican
probe,decoder,6,pooled_mean_all,42,hi,xh,0.2514650821685791,cross-group
probe,decoder,6,pooled_mean_all,42,hi,yo,0.3191448748111725,cross-group
probe,decoder,6,pooled_mean_all,42,uk,xh,0.2315617799758911,cross-group
probe,decoder,6,pooled_mean_all,42,uk,yo,0.35944342613220215,cross-group
probe,decoder,6,pooled_mean_all,42,xh,yo,0.5648491978645325,african-african
probe,decoder,6,pooled_mean_all,1337,am,ar,0.48407182097435,nonafrican-nonafrican
probe,decoder,6,pooled_mean_all,1337,am,de,0.5685951709747314,nonafrican-nonafrican
probe,decoder,6,pooled_mean_all,1337,am,en,0.43137961626052856,nonafrican-nonafrican
probe,decoder,6,pooled_mean_all,1337,am,es,0.4616694152355194,nonafrican-nonafrican
probe,decoder,6,pooled_mean_all,1337,am,hi,0.5604701042175293,nonafrican-nonafrican
probe,decoder,6,pooled_mean_all,1337,am,uk,0.4575594961643219,nonafrican-nonafrican
probe,decoder,6,pooled_mean_all,1337,am,xh,0.3292487859725952,cross-group
probe,decoder,6,pooled_mean_all,1337,am,yo,0.38852542638778687,cross-group
probe,decoder,6,pooled_mean_all,1337,ar,de,0.5493961572647095,nonafrican-nonafrican
probe,decoder,6,pooled_mean_all,1337,ar,en,0.4747978448867798,nonafrican-nonafrican
probe,decoder,6,pooled_mean_all,1337,ar,es,0.5075254440307617,nonafrican-nonafrican
probe,decoder,6,pooled_mean_all,1337,ar,hi,0.45109811425209045,nonafrican-nonafrican
probe,decoder,6,pooled_mean_all,1337,ar,uk,0.44757404923439026,nonafrican-nonafrican
probe,decoder,6,pooled_mean_all,1337,ar,xh,0.3261095881462097,cross-group
probe,decoder,6,pooled_mean_all,1337,ar,yo,0.3180679678916931,cross-group
probe,decoder,6,pooled_mean_all,1337,de,en,0.5343573689460754,nonafrican-nonafrican
probe,decoder,6,pooled_mean_all,1337,de,es,0.5262882709503174,nonafrican-nonafrican
probe,decoder,6,pooled_mean_all,1337,de,hi,0.5555586814880371,nonafrican-nonafrican
probe,decoder,6,pooled_mean_all,1337,de,uk,0.5369524359703064,nonafrican-nonafrican
probe,decoder,6,pooled_mean_all,1337,de,xh,0.3371158838272095,cross-group
probe,decoder,6,pooled_mean_all,1337,de,yo,0.3588370382785797,cross-group
probe,decoder,6,pooled_mean_all,1337,en,es,0.5146291851997375,nonafrican-nonafrican
probe,decoder,6,pooled_mean_all,1337,en,hi,0.4404953122138977,nonafrican-nonafrican
probe,decoder,6,pooled_mean_all,1337,en,uk,0.47172051668167114,nonafrican-nonafrican
probe,decoder,6,pooled_mean_all,1337,en,xh,0.28919005393981934,cross-group
probe,decoder,6,pooled_mean_all,1337,en,yo,0.23826943337917328,cross-group
probe,decoder,6,pooled_mean_all,1337,es,hi,0.49547910690307617,nonafrican-nonafrican
probe,decoder,6,pooled_mean_all,1337,es,uk,0.46230918169021606,nonafrican-nonafrican
probe,decoder,6,pooled_mean_all,1337,es,xh,0.2735828757286072,cross-group
probe,decoder,6,pooled_mean_all,1337,es,yo,0.28740194439888,cross-group
probe,decoder,6,pooled_mean_all,1337,hi,uk,0.4607742428779602,nonafrican-nonafrican
probe,decoder,6,pooled_mean_all,1337,hi,xh,0.30354756116867065,cross-group
probe,decoder,6,pooled_mean_all,1337,hi,yo,0.29898539185523987,cross-group
probe,decoder,6,pooled_mean_all,1337,uk,xh,0.2916069030761719,cross-group
probe,decoder,6,pooled_mean_all,1337,uk,yo,0.3284682035446167,cross-group
probe,decoder,6,pooled_mean_all,1337,xh,yo,0.5823246240615845,african-african
probe,decoder,6,pooled_mean_all,2024,am,ar,0.47031518816947937,nonafrican-nonafrican
probe,decoder,6,pooled_mean_all,2024,am,de,0.535700261592865,nonafrican-nonafrican
probe,decoder,6,pooled_mean_all,2024,am,en,0.41357409954071045,nonafrican-nonafrican
probe,decoder,6,pooled_mean_all,2024,am,es,0.4483047127723694,nonafrican-nonafrican
probe,decoder,6,pooled_mean_all,2024,am,hi,0.5474048852920532,nonafrican-nonafrican
probe,decoder,6,pooled_mean_all,2024,am,uk,0.4569072723388672,nonafrican-nonafrican
probe,decoder,6,pooled_mean_all,2024,am,xh,0.31652459502220154,cross-group
probe,decoder,6,pooled_mean_all,2024,am,yo,0.380969762802124,cross-group
probe,decoder,6,pooled_mean_all,2024,ar,de,0.5252621173858643,nonafrican-nonafrican
probe,decoder,6,pooled_mean_all,2024,ar,en,0.461386501789093,nonafrican-nonafrican
probe,decoder,6,pooled_mean_all,2024,ar,es,0.49541598558425903,nonafrican-nonafrican
probe,decoder,6,pooled_mean_all,2024,ar,hi,0.4543921649456024,nonafrican-nonafrican
probe,decoder,6,pooled_mean_all,2024,ar,uk,0.4191604256629944,nonafrican-nonafrican
probe,decoder,6,pooled_mean_all,2024,ar,xh,0.28051310777664185,cross-group
probe,decoder,6,pooled_mean_all,2024,ar,yo,0.2674596309661865,cross-group
probe,decoder,6,pooled_mean_all,2024,de,en,0.5204774141311646,nonafrican-nonafrican
probe,decoder,6,pooled_mean_all,2024,de,es,0.4723662734031677,nonafrican-nonafrican
probe,decoder,6,pooled_mean_all,2024,de,hi,0.5176910758018494,nonafrican-nonafrican
probe,decoder,6,pooled_mean_all,2024,de,uk,0.4834385812282562,nonafrican-nonafrican
probe,decoder,6,pooled_mean_all,2024,de,xh,0.30855026841163635,cross-group
probe,decoder,6,pooled_mean_all,2024,de,yo,0.3329228162765503,cross-group
probe,decoder,6,pooled_mean_all,2024,en,es,0.5104408264160156,nonafrican-nonafrican
probe,decoder,6,pooled_mean_all,2024,en,hi,0.4080829620361328,nonafrican-nonafrican
probe,decoder,6,pooled_mean_all,2024,en,uk,0.4257141947746277,nonafrican-nonafrican
probe,decoder,6,pooled_mean_all,2024,en,xh,0.2539662718772888,cross-group
probe,decoder,6,pooled_mean_all,2024,en,yo,0.2549678087234497,cross-group
probe,decoder,6,pooled_mean_all,2024,es,hi,0.485982745885849,nonafrican-nonafrican
probe,decoder,6,pooled_mean_all,2024,es,uk,0.4363229274749756,nonafrican-nonafrican
probe,decoder,6,pooled_mean_all,2024,es,xh,0.2810169458389282,cross-group
probe,decoder,6,pooled_mean_all,2024,es,yo,0.2766459584236145,cross-group
probe,decoder,6,pooled_mean_all,2024,hi,uk,0.43420881032943726,nonafrican-nonafrican
probe,decoder,6,pooled_mean_all,2024,hi,xh,0.28531965613365173,cross-group
probe,decoder,6,pooled_mean_all,2024,hi,yo,0.31472718715667725,cross-group
probe,decoder,6,pooled_mean_all,2024,uk,xh,0.24128752946853638,cross-group
probe,decoder,6,pooled_mean_all,2024,uk,yo,0.3279937505722046,cross-group
probe,decoder,6,pooled_mean_all,2024,xh,yo,0.5517474412918091,african-african
probe,decoder,6,pooled_mean_content,42,am,ar,0.44590526819229126,nonafrican-nonafrican
probe,decoder,6,pooled_mean_content,42,am,de,0.5638104677200317,nonafrican-nonafrican
probe,decoder,6,pooled_mean_content,42,am,en,0.4513838291168213,nonafrican-nonafrican
probe,decoder,6,pooled_mean_content,42,am,es,0.43538618087768555,nonafrican-nonafrican
probe,decoder,6,pooled_mean_content,42,am,hi,0.5452414751052856,nonafrican-nonafrican
probe,decoder,6,pooled_mean_content,42,am,uk,0.4684544801712036,nonafrican-nonafrican
probe,decoder,6,pooled_mean_content,42,am,xh,0.31535327434539795,cross-group
probe,decoder,6,pooled_mean_content,42,am,yo,0.418379008769989,cross-group
probe,decoder,6,pooled_mean_content,42,ar,de,0.5068467855453491,nonafrican-nonafrican
probe,decoder,6,pooled_mean_content,42,ar,en,0.4517322778701782,nonafrican-nonafrican
probe,decoder,6,pooled_mean_content,42,ar,es,0.4743761420249939,nonafrican-nonafrican
probe,decoder,6,pooled_mean_content,42,ar,hi,0.4546123147010803,nonafrican-nonafrican
probe,decoder,6,pooled_mean_content,42,ar,uk,0.43889692425727844,nonafrican-nonafrican
probe,decoder,6,pooled_mean_content,42,ar,xh,0.2626263499259949,cross-group
probe,decoder,6,pooled_mean_content,42,ar,yo,0.34082913398742676,cross-group
probe,decoder,6,pooled_mean_content,42,de,en,0.5233324766159058,nonafrican-nonafrican
probe,decoder,6,pooled_mean_content,42,de,es,0.4832891821861267,nonafrican-nonafrican
probe,decoder,6,pooled_mean_content,42,de,hi,0.5253297090530396,nonafrican-nonafrican
probe,decoder,6,pooled_mean_content,42,de,uk,0.5321396589279175,nonafrican-nonafrican
probe,decoder,6,pooled_mean_content,42,de,xh,0.31538671255111694,cross-group
probe,decoder,6,pooled_mean_content,42,de,yo,0.3808053731918335,cross-group
probe,decoder,6,pooled_mean_content,42,en,es,0.4898717999458313,nonafrican-nonafrican
probe,decoder,6,pooled_mean_content,42,en,hi,0.43329307436943054,nonafrican-nonafrican
probe,decoder,6,pooled_mean_content,42,en,uk,0.45077288150787354,nonafrican-nonafrican
probe,decoder,6,pooled_mean_content,42,en,xh,0.2659679353237152,cross-group
probe,decoder,6,pooled_mean_content,42,en,yo,0.317751944065094,cross-group
probe,decoder,6,pooled_mean_content,42,es,hi,0.5023558139801025,nonafrican-nonafrican
probe,decoder,6,pooled_mean_content,42,es,uk,0.4341267943382263,nonafrican-nonafrican
probe,decoder,6,pooled_mean_content,42,es,xh,0.23601646721363068,cross-group
probe,decoder,6,pooled_mean_content,42,es,yo,0.30130821466445923,cross-group
probe,decoder,6,pooled_mean_content,42,hi,uk,0.45075440406799316,nonafrican-nonafrican
probe,decoder,6,pooled_mean_content,42,hi,xh,0.23913562297821045,cross-group
probe,decoder,6,pooled_mean_content,42,hi,yo,0.33254456520080566,cross-group
probe,decoder,6,pooled_mean_content,42,uk,xh,0.2155091017484665,cross-group
probe,decoder,6,pooled_mean_content,42,uk,yo,0.37428420782089233,cross-group
probe,decoder,6,pooled_mean_content,42,xh,yo,0.5480923652648926,african-african
probe,decoder,6,pooled_mean_content,1337,am,ar,0.47290802001953125,nonafrican-nonafrican
probe,decoder,6,pooled_mean_content,1337,am,de,0.5647442936897278,nonafrican-nonafrican
probe,decoder,6,pooled_mean_content,1337,am,en,0.419403076171875,nonafrican-nonafrican
probe,decoder,6,pooled_mean_content,1337,am,es,0.46331286430358887,nonafrican-nonafrican
probe,decoder,6,pooled_mean_content,1337,am,hi,0.548895001411438,nonafrican-nonafrican
probe,decoder,6,pooled_mean_content,1337,am,uk,0.4397890567779541,nonafrican-nonafrican
probe,decoder,6,pooled_mean_content,1337,am,xh,0.33165621757507324,cross-group
probe,decoder,6,pooled_mean_content,1337,am,yo,0.41883721947669983,cross-group
probe,decoder,6,pooled_mean_content,1337,ar,de,0.5409353375434875,nonafrican-nonafrican
probe,decoder,6,pooled_mean_content,1337,ar,en,0.4649607539176941,nonafrican-nonafrican
probe,decoder,6,pooled_mean_content,1337,ar,es,0.5019147992134094,nonafrican-nonafrican
probe,decoder,6,pooled_mean_content,1337,ar,hi,0.4359082579612732,nonafrican-nonafrican
probe,decoder,6,pooled_mean_content,1337,ar,uk,0.4405120611190796,nonafrican-nonafrican
probe,decoder,6,pooled_mean_content,1337,ar,xh,0.3229525685310364,cross-group
probe,decoder,6,pooled_mean_content,1337,ar,yo,0.3437381684780121,cross-group
probe,decoder,6,pooled_mean_content,1337,de,en,0.5251777172088623,nonafrican-nonafrican
probe,decoder,6,pooled_mean_content,1337,de,es,0.5263882279396057,nonafrican-nonafrican
probe,decoder,6,pooled_mean_content,1337,de,hi,0.5562721490859985,nonafrican-nonafrican
probe,decoder,6,pooled_mean_content,1337,de,uk,0.5276578664779663,nonafrican-nonafrican
probe,decoder,6,pooled_mean_content,1337,de,xh,0.33422839641571045,cross-group
probe,decoder,6,pooled_mean_content,1337,de,yo,0.3749404549598694,cross-group
probe,decoder,6,pooled_mean_content,1337,en,es,0.5006707906723022,nonafrican-nonafrican
probe,decoder,6,pooled_mean_content,1337,en,hi,0.42967700958251953,nonafrican-nonafrican
probe,decoder,6,pooled_mean_content,1337,en,uk,0.4571087956428528,nonafrican-nonafrican
probe,decoder,6,pooled_mean_content,1337,en,xh,0.2830730676651001,cross-group
probe,decoder,6,pooled_mean_content,1337,en,yo,0.25920116901397705,cross-group
probe,decoder,6,pooled_mean_content,1337,es,hi,0.4983619153499603,nonafrican-nonafrican
probe,decoder,6,pooled_mean_content,1337,es,uk,0.450674444437027,nonafrican-nonafrican
probe,decoder,6,pooled_mean_content,1337,es,xh,0.260347843170166,cross-group
probe,decoder,6,pooled_mean_content,1337,es,yo,0.3029993176460266,cross-group
probe,decoder,6,pooled_mean_content,1337,hi,uk,0.4429601728916168,nonafrican-nonafrican
probe,decoder,6,pooled_mean_content,1337,hi,xh,0.2928335666656494,cross-group
probe,decoder,6,pooled_mean_content,1337,hi,yo,0.3146730065345764,cross-group
probe,decoder,6,pooled_mean_content,1337,uk,xh,0.2813950479030609,cross-group
probe,decoder,6,pooled_mean_content,1337,uk,yo,0.34611642360687256,cross-group
probe,decoder,6,pooled_mean_content,1337,xh,yo,0.5696150660514832,african-african
probe,decoder,6,pooled_mean_content,2024,am,ar,0.46228909492492676,nonafrican-nonafrican
probe,decoder,6,pooled_mean_content,2024,am,de,0.5334497690200806,nonafrican-nonafrican
probe,decoder,6,pooled_mean_content,2024,am,en,0.4025450348854065,nonafrican-nonafrican
probe,decoder,6,pooled_mean_content,2024,am,es,0.4559301435947418,nonafrican-nonafrican
probe,decoder,6,pooled_mean_content,2024,am,hi,0.5358214378356934,nonafrican-nonafrican
probe,decoder,6,pooled_mean_content,2024,am,uk,0.4420784115791321,nonafrican-nonafrican
probe,decoder,6,pooled_mean_content,2024,am,xh,0.31277701258659363,cross-group
probe,decoder,6,pooled_mean_content,2024,am,yo,0.4080967903137207,cross-group
probe,decoder,6,pooled_mean_content,2024,ar,de,0.5202276706695557,nonafrican-nonafrican
probe,decoder,6,pooled_mean_content,2024,ar,en,0.44925951957702637,nonafrican-nonafrican
probe,decoder,6,pooled_mean_content,2024,ar,es,0.49349215626716614,nonafrican-nonafrican
probe,decoder,6,pooled_mean_content,2024,ar,hi,0.4372161626815796,nonafrican-nonafrican
probe,decoder,6,pooled_mean_content,2024,ar,uk,0.4104584753513336,nonafrican-nonafrican
probe,decoder,6,pooled_mean_content,2024,ar,xh,0.2760658264160156,cross-group
probe,decoder,6,pooled_mean_content,2024,ar,yo,0.29077064990997314,cross-group
probe,decoder,6,pooled_mean_content,2024,de,en,0.5158429145812988,nonafrican-nonafrican
probe,decoder,6,pooled_mean_content,2024,de,es,0.48288989067077637,nonafrican-nonafrican
probe,decoder,6,pooled_mean_content,2024,de,hi,0.5213440656661987,nonafrican-nonafrican
probe,decoder,6,pooled_mean_content,2024,de,uk,0.47485822439193726,nonafrican-nonafrican
probe,decoder,6,pooled_mean_content,2024,de,xh,0.3067275285720825,cross-group
probe,decoder,6,pooled_mean_content,2024,de,yo,0.3481367528438568,cross-group
probe,decoder,6,pooled_mean_content,2024,en,es,0.5042122602462769,nonafrican-nonafrican
probe,decoder,6,pooled_mean_content,2024,en,hi,0.38883188366889954,nonafrican-nonafrican
probe,decoder,6,pooled_mean_content,2024,en,uk,0.410072386264801,nonafrican-nonafrican
probe,decoder,6,pooled_mean_content,2024,en,xh,0.24928930401802063,cross-group
probe,decoder,6,pooled_mean_content,2024,en,yo,0.27056825160980225,cross-group
probe,decoder,6,pooled_mean_content,2024,es,hi,0.48411911725997925,nonafrican-nonafrican
probe,decoder,6,pooled_mean_content,2024,es,uk,0.4294399321079254,nonafrican-nonafrican
probe,decoder,6,pooled_mean_content,2024,es,xh,0.26552385091781616,cross-group
probe,decoder,6,pooled_mean_content,2024,es,yo,0.28567659854888916,cross-group
probe,decoder,6,pooled_mean_content,2024,hi,uk,0.4098684787750244,nonafrican-nonafrican
probe,decoder,6,pooled_mean_content,2024,hi,xh,0.2752755880355835,cross-group
probe,decoder,6,pooled_mean_content,2024,hi,yo,0.328515887260437,cross-group
probe,decoder,6,pooled_mean_content,2024,uk,xh,0.2248307764530182,cross-group
probe,decoder,6,pooled_mean_content,2024,uk,yo,0.3351784944534302,cross-group
probe,decoder,6,pooled_mean_content,2024,xh,yo,0.5385566353797913,african-african
probe,decoder,8,pooled_mean_all,42,am,ar,0.4528692364692688,nonafrican-nonafrican
probe,decoder,8,pooled_mean_all,42,am,de,0.5001071691513062,nonafrican-nonafrican
probe,decoder,8,pooled_mean_all,42,am,en,0.3684917390346527,nonafrican-nonafrican
probe,decoder,8,pooled_mean_all,42,am,es,0.42138439416885376,nonafrican-nonafrican
probe,decoder,8,pooled_mean_all,42,am,hi,0.4809057116508484,nonafrican-nonafrican
probe,decoder,8,pooled_mean_all,42,am,uk,0.49025648832321167,nonafrican-nonafrican
probe,decoder,8,pooled_mean_all,42,am,xh,0.2628008723258972,cross-group
probe,decoder,8,pooled_mean_all,42,am,yo,0.3678474426269531,cross-group
probe,decoder,8,pooled_mean_all,42,ar,de,0.43192481994628906,nonafrican-nonafrican
probe,decoder,8,pooled_mean_all,42,ar,en,0.4016343355178833,nonafrican-nonafrican
probe,decoder,8,pooled_mean_all,42,ar,es,0.4519699811935425,nonafrican-nonafrican
probe,decoder,8,pooled_mean_all,42,ar,hi,0.3824640214443207,nonafrican-nonafrican
probe,decoder,8,pooled_mean_all,42,ar,uk,0.44738924503326416,nonafrican-nonafrican
probe,decoder,8,pooled_mean_all,42,ar,xh,0.19111701846122742,cross-group
probe,decoder,8,pooled_mean_all,42,ar,yo,0.3906390368938446,cross-group
probe,decoder,8,pooled_mean_all,42,de,en,0.43490371108055115,nonafrican-nonafrican
probe,decoder,8,pooled_mean_all,42,de,es,0.44739699363708496,nonafrican-nonafrican
probe,decoder,8,pooled_mean_all,42,de,hi,0.4722002446651459,nonafrican-nonafrican
probe,decoder,8,pooled_mean_all,42,de,uk,0.48067954182624817,nonafrican-nonafrican
probe,decoder,8,pooled_mean_all,42,de,xh,0.2658248543739319,cross-group
probe,decoder,8,pooled_mean_all,42,de,yo,0.3682980239391327,cross-group
probe,decoder,8,pooled_mean_all,42,en,es,0.402330219745636,nonafrican-nonafrican
probe,decoder,8,pooled_mean_all,42,en,hi,0.364329069852829,nonafrican-nonafrican
probe,decoder,8,pooled_mean_all,42,en,uk,0.3692781329154968,nonafrican-nonafrican
probe,decoder,8,pooled_mean_all,42,en,xh,0.20473158359527588,cross-group
probe,decoder,8,pooled_mean_all,42,en,yo,0.27610713243484497,cross-group
probe,decoder,8,pooled_mean_all,42,es,hi,0.45923250913619995,nonafrican-nonafrican
probe,decoder,8,pooled_mean_all,42,es,uk,0.4153011441230774,nonafrican-nonafrican
probe,decoder,8,pooled_mean_all,42,es,xh,0.2312595546245575,cross-group
probe,decoder,8,pooled_mean_all,42,es,yo,0.2941663861274719,cross-group
probe,decoder,8,pooled_mean_all,42,hi,uk,0.4501509666442871,nonafrican-nonafrican
probe,decoder,8,pooled_mean_all,42,hi,xh,0.2544792592525482,cross-group
probe,decoder,8,pooled_mean_all,42,hi,yo,0.3335573077201843,cross-group
probe,decoder,8,pooled_mean_all,42,uk,xh,0.2522358298301697,cross-group
probe,decoder,8,pooled_mean_all,42,uk,yo,0.41339021921157837,cross-group
probe,decoder,8,pooled_mean_all,42,xh,yo,0.4156632721424103,african-african
probe,decoder,8,pooled_mean_all,1337,am,ar,0.4567410945892334,nonafrican-nonafrican
probe,decoder,8,pooled_mean_all,1337,am,de,0.4710614085197449,nonafrican-nonafrican
probe,decoder,8,pooled_mean_all,1337,am,en,0.3613477945327759,nonafrican-nonafrican
probe,decoder,8,pooled_mean_all,1337,am,es,0.41905441880226135,nonafrican-nonafrican
probe,decoder,8,pooled_mean_all,1337,am,hi,0.4987667500972748,nonafrican-nonafrican
probe,decoder,8,pooled_mean_all,1337,am,uk,0.483245849609375,nonafrican-nonafrican
probe,decoder,8,pooled_mean_all,1337,am,xh,0.27684369683265686,cross-group
probe,decoder,8,pooled_mean_all,1337,am,yo,0.3458348214626312,cross-group
probe,decoder,8,pooled_mean_all,1337,ar,de,0.43634089827537537,nonafrican-nonafrican
probe,decoder,8,pooled_mean_all,1337,ar,en,0.39347130060195923,nonafrican-nonafrican
probe,decoder,8,pooled_mean_all,1337,ar,es,0.4620395302772522,nonafrican-nonafrican
probe,decoder,8,pooled_mean_all,1337,ar,hi,0.394259512424469,nonafrican-nonafrican
probe,decoder,8,pooled_mean_all,1337,ar,uk,0.4354652762413025,nonafrican-nonafrican
probe,decoder,8,pooled_mean_all,1337,ar,xh,0.2463003695011139,cross-group
probe,decoder,8,pooled_mean_all,1337,ar,yo,0.3957917094230652,cross-group
probe,decoder,8,pooled_mean_all,1337,de,en,0.4409765899181366,nonafrican-nonafrican
probe,decoder,8,pooled_mean_all,1337,de,es,0.42656660079956055,nonafrican-nonafrican
probe,decoder,8,pooled_mean_all,1337,de,hi,0.4860377311706543,nonafrican-nonafrican
probe,decoder,8,pooled_mean_all,1337,de,uk,0.48589736223220825,nonafrican-nonafrican
probe,decoder,8,pooled_mean_all,1337,de,xh,0.2835909426212311,cross-group
probe,decoder,8,pooled_mean_all,1337,de,yo,0.3362087607383728,cross-group
probe,decoder,8,pooled_mean_all,1337,en,es,0.4229513108730316,nonafrican-nonafrican
probe,decoder,8,pooled_mean_all,1337,en,hi,0.3798360824584961,nonafrican-nonafrican
probe,decoder,8,pooled_mean_all,1337,en,uk,0.3753349781036377,nonafrican-nonafrican
probe,decoder,8,pooled_mean_all,1337,en,xh,0.22546061873435974,cross-group
probe,decoder,8,pooled_mean_all,1337,en,yo,0.27747029066085815,cross-group
probe,decoder,8,pooled_mean_all,1337,es,hi,0.4411381483078003,nonafrican-nonafrican
probe,decoder,8,pooled_mean_all,1337,es,uk,0.42609912157058716,nonafrican-nonafrican
probe,decoder,8,pooled_mean_all,1337,es,xh,0.2661128640174866,cross-group
probe,decoder,8,pooled_mean_all,1337,es,yo,0.29333624243736267,cross-group
probe,decoder,8,pooled_mean_all,1337,hi,uk,0.4536947011947632,nonafrican-nonafrican
probe,decoder,8,pooled_mean_all,1337,hi,xh,0.3031442165374756,cross-group
probe,decoder,8,pooled_mean_all,1337,hi,yo,0.3201644718647003,cross-group
probe,decoder,8,pooled_mean_all,1337,uk,xh,0.2816598415374756,cross-group
probe,decoder,8,pooled_mean_all,1337,uk,yo,0.38003087043762207,cross-group
probe,decoder,8,pooled_mean_all,1337,xh,yo,0.4306706190109253,african-african
probe,decoder,8,pooled_mean_all,2024,am,ar,0.4592092037200928,nonafrican-nonafrican
probe,decoder,8,pooled_mean_all,2024,am,de,0.4734233021736145,nonafrican-nonafrican
probe,decoder,8,pooled_mean_all,2024,am,en,0.3860728144645691,nonafrican-nonafrican
probe,decoder,8,pooled_mean_all,2024,am,es,0.45520922541618347,nonafrican-nonafrican
probe,decoder,8,pooled_mean_all,2024,am,hi,0.5162724852561951,nonafrican-nonafrican
probe,decoder,8,pooled_mean_all,2024,am,uk,0.46497711539268494,nonafrican-nonafrican
probe,decoder,8,pooled_mean_all,2024,am,xh,0.2560496926307678,cross-group
probe,decoder,8,pooled_mean_all,2024,am,yo,0.36158716678619385,cross-group
probe,decoder,8,pooled_mean_all,2024,ar,de,0.45448026061058044,nonafrican-nonafrican
probe,decoder,8,pooled_mean_all,2024,ar,en,0.4242732524871826,nonafrican-nonafrican
probe,decoder,8,pooled_mean_all,2024,ar,es,0.4718833267688751,nonafrican-nonafrican
probe,decoder,8,pooled_mean_all,2024,ar,hi,0.41595226526260376,nonafrican-nonafrican
probe,decoder,8,pooled_mean_all,2024,ar,uk,0.4481620192527771,nonafrican-nonafrican
probe,decoder,8,pooled_mean_all,2024,ar,xh,0.22835460305213928,cross-group
probe,decoder,8,pooled_mean_all,2024,ar,yo,0.39616525173187256,cross-group
probe,decoder,8,pooled_mean_all,2024,de,en,0.4609067142009735,nonafrican-nonafrican
probe,decoder,8,pooled_mean_all,2024,de,es,0.44809746742248535,nonafrican-nonafrican
probe,decoder,8,pooled_mean_all,2024,de,hi,0.4688900411128998,nonafrican-nonafrican
probe,decoder,8,pooled_mean_all,2024,de,uk,0.43618306517601013,nonafrican-nonafrican
probe,decoder,8,pooled_mean_all,2024,de,xh,0.2858474850654602,cross-group
probe,decoder,8,pooled_mean_all,2024,de,yo,0.3349328637123108,cross-group
probe,decoder,8,pooled_mean_all,2024,en,es,0.43577468395233154,nonafrican-nonafrican
probe,decoder,8,pooled_mean_all,2024,en,hi,0.3975551724433899,nonafrican-nonafrican
probe,decoder,8,pooled_mean_all,2024,en,uk,0.36205774545669556,nonafrican-nonafrican
probe,decoder,8,pooled_mean_all,2024,en,xh,0.2128961980342865,cross-group
probe,decoder,8,pooled_mean_all,2024,en,yo,0.27814969420433044,cross-group
probe,decoder,8,pooled_mean_all,2024,es,hi,0.4709421396255493,nonafrican-nonafrican
probe,decoder,8,pooled_mean_all,2024,es,uk,0.43678539991378784,nonafrican-nonafrican
probe,decoder,8,pooled_mean_all,2024,es,xh,0.27394622564315796,cross-group
probe,decoder,8,pooled_mean_all,2024,es,yo,0.3162927031517029,cross-group
probe,decoder,8,pooled_mean_all,2024,hi,uk,0.43835264444351196,nonafrican-nonafrican
probe,decoder,8,pooled_mean_all,2024,hi,xh,0.3020162582397461,cross-group
probe,decoder,8,pooled_mean_all,2024,hi,yo,0.36577242612838745,cross-group
probe,decoder,8,pooled_mean_all,2024,uk,xh,0.25699853897094727,cross-group
probe,decoder,8,pooled_mean_all,2024,uk,yo,0.4130294620990753,cross-group
probe,decoder,8,pooled_mean_all,2024,xh,yo,0.41830870509147644,african-african
probe,decoder,8,pooled_mean_content,42,am,ar,0.4386521577835083,nonafrican-nonafrican
probe,decoder,8,pooled_mean_content,42,am,de,0.5039612054824829,nonafrican-nonafrican
probe,decoder,8,pooled_mean_content,42,am,en,0.3725809156894684,nonafrican-nonafrican
probe,decoder,8,pooled_mean_content,42,am,es,0.4138726592063904,nonafrican-nonafrican
probe,decoder,8,pooled_mean_content,42,am,hi,0.4647223651409149,nonafrican-nonafrican
probe,decoder,8,pooled_mean_content,42,am,uk,0.4874594807624817,nonafrican-nonafrican
probe,decoder,8,pooled_mean_content,42,am,xh,0.2774692177772522,cross-group
probe,decoder,8,pooled_mean_content,42,am,yo,0.40831977128982544,cross-group
probe,decoder,8,pooled_mean_content,42,ar,de,0.4303603768348694,nonafrican-nonafrican
probe,decoder,8,pooled_mean_content,42,ar,en,0.4025602340698242,nonafrican-nonafrican
probe,decoder,8,pooled_mean_content,42,ar,es,0.4550762474536896,nonafrican-nonafrican
probe,decoder,8,pooled_mean_content,42,ar,hi,0.37082672119140625,nonafrican-nonafrican
probe,decoder,8,pooled_mean_content,42,ar,uk,0.4408491253852844,nonafrican-nonafrican
probe,decoder,8,pooled_mean_content,42,ar,xh,0.19603849947452545,cross-group
probe,decoder,8,pooled_mean_content,42,ar,yo,0.4064406156539917,cross-group
probe,decoder,8,pooled_mean_content,42,de,en,0.4566890001296997,nonafrican-nonafrican
probe,decoder,8,pooled_mean_content,42,de,es,0.4671798050403595,nonafrican-nonafrican
probe,decoder,8,pooled_mean_content,42,de,hi,0.4866468608379364,nonafrican-nonafrican
probe,decoder,8,pooled_mean_content,42,de,uk,0.4900699257850647,nonafrican-nonafrican
probe,decoder,8,pooled_mean_content,42,de,xh,0.25118815898895264,cross-group
probe,decoder,8,pooled_mean_content,42,de,yo,0.382135808467865,cross-group
probe,decoder,8,pooled_mean_content,42,en,es,0.41638290882110596,nonafrican-nonafrican
probe,decoder,8,pooled_mean_content,42,en,hi,0.37405678629875183,nonafrican-nonafrican
probe,decoder,8,pooled_mean_content,42,en,uk,0.37703531980514526,nonafrican-nonafrican
probe,decoder,8,pooled_mean_content,42,en,xh,0.19138577580451965,cross-group
probe,decoder,8,pooled_mean_content,42,en,yo,0.3142809271812439,cross-group
probe,decoder,8,pooled_mean_content,42,es,hi,0.45550793409347534,nonafrican-nonafrican
probe,decoder,8,pooled_mean_content,42,es,uk,0.42733174562454224,nonafrican-nonafrican
probe,decoder,8,pooled_mean_content,42,es,xh,0.22601164877414703,cross-group
probe,decoder,8,pooled_mean_content,42,es,yo,0.3135617971420288,cross-group
probe,decoder,8,pooled_mean_content,42,hi,uk,0.445764422416687,nonafrican-nonafrican
probe,decoder,8,pooled_mean_content,42,hi,xh,0.2395872324705124,cross-group
probe,decoder,8,pooled_mean_content,42,hi,yo,0.34881311655044556,cross-group
probe,decoder,8,pooled_mean_content,42,uk,xh,0.23500195145606995,cross-group
probe,decoder,8,pooled_mean_content,42,uk,yo,0.42997267842292786,cross-group
probe,decoder,8,pooled_mean_content,42,xh,yo,0.4009314775466919,african-african
probe,decoder,8,pooled_mean_content,1337,am,ar,0.4443089962005615,nonafrican-nonafrican
probe,decoder,8,pooled_mean_content,1337,am,de,0.47830691933631897,nonafrican-nonafrican
probe,decoder,8,pooled_mean_content,1337,am,en,0.3615323007106781,nonafrican-nonafrican
probe,decoder,8,pooled_mean_content,1337,am,es,0.40848684310913086,nonafrican-nonafrican
probe,decoder,8,pooled_mean_content,1337,am,hi,0.48885393142700195,nonafrican-nonafrican
probe,decoder,8,pooled_mean_content,1337,am,uk,0.471206933259964,nonafrican-nonafrican
probe,decoder,8,pooled_mean_content,1337,am,xh,0.29045581817626953,cross-group
probe,decoder,8,pooled_mean_content,1337,am,yo,0.38814419507980347,cross-group
probe,decoder,8,pooled_mean_content,1337,ar,de,0.43438583612442017,nonafrican-nonafrican
probe,decoder,8,pooled_mean_content,1337,ar,en,0.39809945225715637,nonafrican-nonafrican
probe,decoder,8,pooled_mean_content,1337,ar,es,0.4675547182559967,nonafrican-nonafrican
probe,decoder,8,pooled_mean_content,1337,ar,hi,0.38594144582748413,nonafrican-nonafrican
probe,decoder,8,pooled_mean_content,1337,ar,uk,0.42598772048950195,nonafrican-nonafrican
probe,decoder,8,pooled_mean_content,1337,ar,xh,0.24606652557849884,cross-group
probe,decoder,8,pooled_mean_content,1337,ar,yo,0.4177877604961395,cross-group
probe,decoder,8,pooled_mean_content,1337,de,en,0.4587303102016449,nonafrican-nonafrican
probe,decoder,8,pooled_mean_content,1337,de,es,0.43647733330726624,nonafrican-nonafrican
probe,decoder,8,pooled_mean_content,1337,de,hi,0.49457699060440063,nonafrican-nonafrican
probe,decoder,8,pooled_mean_content,1337,de,uk,0.4877340793609619,nonafrican-nonafrican
probe,decoder,8,pooled_mean_content,1337,de,xh,0.2771274149417877,cross-group
probe,decoder,8,pooled_mean_content,1337,de,yo,0.3527313470840454,cross-group
probe,decoder,8,pooled_mean_content,1337,en,es,0.43118786811828613,nonafrican-nonafrican
probe,decoder,8,pooled_mean_content,1337,en,hi,0.3830185532569885,nonafrican-nonafrican
probe,decoder,8,pooled_mean_content,1337,en,uk,0.37482529878616333,nonafrican-nonafrican
probe,decoder,8,pooled_mean_content,1337,en,xh,0.21959306299686432,cross-group
probe,decoder,8,pooled_mean_content,1337,en,yo,0.3235744833946228,cross-group
probe,decoder,8,pooled_mean_content,1337,es,hi,0.43245211243629456,nonafrican-nonafrican
probe,decoder,8,pooled_mean_content,1337,es,uk,0.43835264444351196,nonafrican-nonafrican
probe,decoder,8,pooled_mean_content,1337,es,xh,0.2648809254169464,cross-group
probe,decoder,8,pooled_mean_content,1337,es,yo,0.31779322028160095,cross-group
probe,decoder,8,pooled_mean_content,1337,hi,uk,0.44823628664016724,nonafrican-nonafrican
probe,decoder,8,pooled_mean_content,1337,hi,xh,0.29103559255599976,cross-group
probe,decoder,8,pooled_mean_content,1337,hi,yo,0.33370131254196167,cross-group
probe,decoder,8,pooled_mean_content,1337,uk,xh,0.26829567551612854,cross-group
probe,decoder,8,pooled_mean_content,1337,uk,yo,0.40622949600219727,cross-group
probe,decoder,8,pooled_mean_content,1337,xh,yo,0.4197094738483429,african-african
probe,decoder,8,pooled_mean_content,2024,am,ar,0.4501267075538635,nonafrican-nonafrican
probe,decoder,8,pooled_mean_content,2024,am,de,0.47355252504348755,nonafrican-nonafrican
probe,decoder,8,pooled_mean_content,2024,am,en,0.3898988664150238,nonafrican-nonafrican
probe,decoder,8,pooled_mean_content,2024,am,es,0.4433215856552124,nonafrican-nonafrican
probe,decoder,8,pooled_mean_content,2024,am,hi,0.4983329474925995,nonafrican-nonafrican
probe,decoder,8,pooled_mean_content,2024,am,uk,0.4503708481788635,nonafrican-nonafrican
probe,decoder,8,pooled_mean_content,2024,am,xh,0.27212655544281006,cross-group
probe,decoder,8,pooled_mean_content,2024,am,yo,0.3984958231449127,cross-group
probe,decoder,8,pooled_mean_content,2024,ar,de,0.45457932353019714,nonafrican-nonafrican
probe,decoder,8,pooled_mean_content,2024,ar,en,0.43089351058006287,nonafrican-nonafrican
probe,decoder,8,pooled_mean_content,2024,ar,es,0.4801523685455322,nonafrican-nonafrican
probe,decoder,8,pooled_mean_content,2024,ar,hi,0.39788737893104553,nonafrican-nonafrican
probe,decoder,8,pooled_mean_content,2024,ar,uk,0.43124496936798096,nonafrican-nonafrican
probe,decoder,8,pooled_mean_content,2024,ar,xh,0.2319830060005188,cross-group
probe,decoder,8,pooled_mean_content,2024,ar,yo,0.4134753346443176,cross-group
probe,decoder,8,pooled_mean_content,2024,de,en,0.4816574454307556,nonafrican-nonafrican
probe,decoder,8,pooled_mean_content,2024,de,es,0.46147310733795166,nonafrican-nonafrican
probe,decoder,8,pooled_mean_content,2024,de,hi,0.4766860604286194,nonafrican-nonafrican
probe,decoder,8,pooled_mean_content,2024,de,uk,0.43184423446655273,nonafrican-nonafrican
probe,decoder,8,pooled_mean_content,2024,de,xh,0.27994078397750854,cross-group
probe,decoder,8,pooled_mean_content,2024,de,yo,0.35461652278900146,cross-group
probe,decoder,8,pooled_mean_content,2024,en,es,0.44833964109420776,nonafrican-nonafrican
probe,decoder,8,pooled_mean_content,2024,en,hi,0.3964545726776123,nonafrican-nonafrican
probe,decoder,8,pooled_mean_content,2024,en,uk,0.3595719635486603,nonafrican-nonafrican
probe,decoder,8,pooled_mean_content,2024,en,xh,0.21106359362602234,cross-group
probe,decoder,8,pooled_mean_content,2024,en,yo,0.3158146142959595,cross-group
probe,decoder,8,pooled_mean_content,2024,es,hi,0.45606815814971924,nonafrican-nonafrican
probe,decoder,8,pooled_mean_content,2024,es,uk,0.43724513053894043,nonafrican-nonafrican
probe,decoder,8,pooled_mean_content,2024,es,xh,0.26624467968940735,cross-group
probe,decoder,8,pooled_mean_content,2024,es,yo,0.3196891248226166,cross-group
probe,decoder,8,pooled_mean_content,2024,hi,uk,0.41977033019065857,nonafrican-nonafrican
probe,decoder,8,pooled_mean_content,2024,hi,xh,0.28984349966049194,cross-group
probe,decoder,8,pooled_mean_content,2024,hi,yo,0.37988048791885376,cross-group
probe,decoder,8,pooled_mean_content,2024,uk,xh,0.2459876537322998,cross-group
probe,decoder,8,pooled_mean_content,2024,uk,yo,0.4193150997161865,cross-group
probe,decoder,8,pooled_mean_content,2024,xh,yo,0.4058958888053894,african-african
probe,encoder,4,pooled_mean_all,42,am,ar,0.24898697435855865,nonafrican-nonafrican
probe,encoder,4,pooled_mean_all,42,am,de,0.33344051241874695,nonafrican-nonafrican
probe,encoder,4,pooled_mean_all,42,am,en,0.2013649344444275,nonafrican-nonafrican
probe,encoder,4,pooled_mean_all,42,am,es,0.24992001056671143,nonafrican-nonafrican
probe,encoder,4,pooled_mean_all,42,am,hi,0.3858776390552521,nonafrican-nonafrican
probe,encoder,4,pooled_mean_all,42,am,uk,0.25681933760643005,nonafrican-nonafrican
probe,encoder,4,pooled_mean_all,42,am,xh,0.15481434762477875,cross-group
probe,encoder,4,pooled_mean_all,42,am,yo,-0.004607122391462326,cross-group
probe,encoder,4,pooled_mean_all,42,ar,de,0.27074921131134033,nonafrican-nonafrican
probe,encoder,4,pooled_mean_all,42,ar,en,0.1962461769580841,nonafrican-nonafrican
probe,encoder,4,pooled_mean_all,42,ar,es,0.18941697478294373,nonafrican-nonafrican
probe,encoder,4,pooled_mean_all,42,ar,hi,0.20977574586868286,nonafrican-nonafrican
probe,encoder,4,pooled_mean_all,42,ar,uk,0.24225319921970367,nonafrican-nonafrican
probe,encoder,4,pooled_mean_all,42,ar,xh,0.09641039371490479,cross-group
probe,encoder,4,pooled_mean_all,42,ar,yo,0.09114986658096313,cross-group
probe,encoder,4,pooled_mean_all,42,de,en,0.36862456798553467,nonafrican-nonafrican
probe,encoder,4,pooled_mean_all,42,de,es,0.350861132144928,nonafrican-nonafrican
probe,encoder,4,pooled_mean_all,42,de,hi,0.25588223338127136,nonafrican-nonafrican
probe,encoder,4,pooled_mean_all,42,de,uk,0.3507230877876282,nonafrican-nonafrican
probe,encoder,4,pooled_mean_all,42,de,xh,0.03864263743162155,cross-group
probe,encoder,4,pooled_mean_all,42,de,yo,0.03480742126703262,cross-group
probe,encoder,4,pooled_mean_all,42,en,es,0.4142400324344635,nonafrican-nonafrican
probe,encoder,4,pooled_mean_all,42,en,hi,0.12063682079315186,nonafrican-nonafrican
probe,encoder,4,pooled_mean_all,42,en,uk,0.24425823986530304,nonafrican-nonafrican
probe,encoder,4,pooled_mean_all,42,en,xh,0.06732054799795151,cross-group
probe,encoder,4,pooled_mean_all,42,en,yo,0.01559261605143547,cross-group
probe,encoder,4,pooled_mean_all,42,es,hi,0.26553916931152344,nonafrican-nonafrican
probe,encoder,4,pooled_mean_all,42,es,uk,0.26444849371910095,nonafrican-nonafrican
probe,encoder,4,pooled_mean_all,42,es,xh,0.1468336433172226,cross-group
probe,encoder,4,pooled_mean_all,42,es,yo,0.054928358644247055,cross-group
probe,encoder,4,pooled_mean_all,42,hi,uk,0.1999911665916443,nonafrican-nonafrican
probe,encoder,4,pooled_mean_all,42,hi,xh,0.10703681409358978,cross-group
probe,encoder,4,pooled_mean_all,42,hi,yo,-0.010451268404722214,cross-group
probe,encoder,4,pooled_mean_all,42,uk,xh,0.11101260781288147,cross-group
probe,encoder,4,pooled_mean_all,42,uk,yo,0.04790753871202469,cross-group
probe,encoder,4,pooled_mean_all,42,xh,yo,0.07624158263206482,african-african
probe,encoder,4,pooled_mean_all,1337,am,ar,0.2579544186592102,nonafrican-nonafrican
probe,encoder,4,pooled_mean_all,1337,am,de,0.3695957064628601,nonafrican-nonafrican
probe,encoder,4,pooled_mean_all,1337,am,en,0.22303977608680725,nonafrican-nonafrican
probe,encoder,4,pooled_mean_all,1337,am,es,0.26493871212005615,nonafrican-nonafrican
probe,encoder,4,pooled_mean_all,1337,am,hi,0.3961530923843384,nonafrican-nonafrican
probe,encoder,4,pooled_mean_all,1337,am,uk,0.22947856783866882,nonafrican-nonafrican
probe,encoder,4,pooled_mean_all,1337,am,xh,0.16708631813526154,cross-group
probe,encoder,4,pooled_mean_all,1337,am,yo,-0.06687860935926437,cross-group
probe,encoder,4,pooled_mean_all,1337,ar,de,0.26892757415771484,nonafrican-nonafrican
probe,encoder,4,pooled_mean_all,1337,ar,en,0.20395305752754211,nonafrican-nonafrican
probe,encoder,4,pooled_mean_all,1337,ar,es,0.1762760430574417,nonafrican-nonafrican
probe,encoder,4,pooled_mean_all,1337,ar,hi,0.2271498739719391,nonafrican-nonafrican
probe,encoder,4,pooled_mean_all,1337,ar,uk,0.24382641911506653,nonafrican-nonafrican
probe,encoder,4,pooled_mean_all,1337,ar,xh,0.10387992858886719,cross-group
probe,encoder,4,pooled_mean_all,1337,ar,yo,0.05751361697912216,cross-group
probe,encoder,4,pooled_mean_all,1337,de,en,0.3470240831375122,nonafrican-nonafrican
probe,encoder,4,pooled_mean_all,1337,de,es,0.3568512499332428,nonafrican-nonafrican
probe,encoder,4,pooled_mean_all,1337,de,hi,0.25247663259506226,nonafrican-nonafrican
probe,encoder,4,pooled_mean_all,1337,de,uk,0.34354984760284424,nonafrican-nonafrican
probe,encoder,4,pooled_mean_all,1337,de,xh,0.057953160256147385,cross-group
probe,encoder,4,pooled_mean_all,1337,de,yo,-0.02157275751233101,cross-group
probe,encoder,4,pooled_mean_all,1337,en,es,0.4039960503578186,nonafrican-nonafrican
probe,encoder,4,pooled_mean_all,1337,en,hi,0.12020968645811081,nonafrican-nonafrican
probe,encoder,4,pooled_mean_all,1337,en,uk,0.23039571940898895,nonafrican-nonafrican
probe,encoder,4,pooled_mean_all,1337,en,xh,0.09270749986171722,cross-group
probe,encoder,4,pooled_mean_all,1337,en,yo,-0.04739195108413696,cross-group
probe,encoder,4,pooled_mean_all,1337,es,hi,0.24925793707370758,nonafrican-nonafrican
probe,encoder,4,pooled_mean_all,1337,es,uk,0.2610003352165222,nonafrican-nonafrican
probe,encoder,4,pooled_mean_all,1337,es,xh,0.12270137667655945,cross-group
probe,encoder,4,pooled_mean_all,1337,es,yo,-0.032209984958171844,cross-group
probe,encoder,4,pooled_mean_all,1337,hi,uk,0.14858731627464294,nonafrican-nonafrican
probe,encoder,4,pooled_mean_all,1337,hi,xh,0.14068914949893951,cross-group
probe,encoder,4,pooled_mean_all,1337,hi,yo,-0.07728126645088196,cross-group
probe,encoder,4,pooled_mean_all,1337,uk,xh,0.10409395396709442,cross-group
probe,encoder,4,pooled_mean_all,1337,uk,yo,0.028589457273483276,cross-group
probe,encoder,4,pooled_mean_all,1337,xh,yo,0.07160944491624832,african-african
probe,encoder,4,pooled_mean_all,2024,am,ar,0.19730578362941742,nonafrican-nonafrican
probe,encoder,4,pooled_mean_all,2024,am,de,0.3604242205619812,nonafrican-nonafrican
probe,encoder,4,pooled_mean_all,2024,am,en,0.16317395865917206,nonafrican-nonafrican
probe,encoder,4,pooled_mean_all,2024,am,es,0.2810377776622772,nonafrican-nonafrican
probe,encoder,4,pooled_mean_all,2024,am,hi,0.4050755202770233,nonafrican-nonafrican
probe,encoder,4,pooled_mean_all,2024,am,uk,0.23436114192008972,nonafrican-nonafrican
probe,encoder,4,pooled_mean_all,2024,am,xh,0.1982421875,cross-group
probe,encoder,4,pooled_mean_all,2024,am,yo,-0.10641461610794067,cross-group
probe,encoder,4,pooled_mean_all,2024,ar,de,0.2733348608016968,nonafrican-nonafrican
probe,encoder,4,pooled_mean_all,2024,ar,en,0.1670941263437271,nonafrican-nonafrican
probe,encoder,4,pooled_mean_all,2024,ar,es,0.21058133244514465,nonafrican-nonafrican
probe,encoder,4,pooled_mean_all,2024,ar,hi,0.18955719470977783,nonafrican-nonafrican
probe,encoder,4,pooled_mean_all,2024,ar,uk,0.2624545395374298,nonafrican-nonafrican
probe,encoder,4,pooled_mean_all,2024,ar,xh,0.06476478278636932,cross-group
probe,encoder,4,pooled_mean_all,2024,ar,yo,0.07472352683544159,cross-group
probe,encoder,4,pooled_mean_all,2024,de,en,0.387931227684021,nonafrican-nonafrican
probe,encoder,4,pooled_mean_all,2024,de,es,0.3516956567764282,nonafrican-nonafrican
probe,encoder,4,pooled_mean_all,2024,de,hi,0.2579073905944824,nonafrican-nonafrican
probe,encoder,4,pooled_mean_all,2024,de,uk,0.30244290828704834,nonafrican-nonafrican
probe,encoder,4,pooled_mean_all,2024,de,xh,0.05628390982747078,cross-group
probe,encoder,4,pooled_mean_all,2024,de,yo,-0.029756467789411545,cross-group
probe,encoder,4,pooled_mean_all,2024,en,es,0.4069710671901703,nonafrican-nonafrican
probe,encoder,4,pooled_mean_all,2024,en,hi,0.10781913995742798,nonafrican-nonafrican
probe,encoder,4,pooled_mean_all,2024,en,uk,0.22569261491298676,nonafrican-nonafrican
probe,encoder,4,pooled_mean_all,2024,en,xh,0.09490389376878738,cross-group
probe,encoder,4,pooled_mean_all,2024,en,yo,-0.038838040083646774,cross-group
probe,encoder,4,pooled_mean_all,2024,es,hi,0.2795327603816986,nonafrican-nonafrican
probe,encoder,4,pooled_mean_all,2024,es,uk,0.27999767661094666,nonafrican-nonafrican
probe,encoder,4,pooled_mean_all,2024,es,xh,0.15791353583335876,cross-group
probe,encoder,4,pooled_mean_all,2024,es,yo,0.031813982874155045,cross-group
probe,encoder,4,pooled_mean_all,2024,hi,uk,0.1995394229888916,nonafrican-nonafrican
probe,encoder,4,pooled_mean_all,2024,hi,xh,0.13807493448257446,cross-group
probe,encoder,4,pooled_mean_all,2024,hi,yo,-0.0910913273692131,cross-group
probe,encoder,4,pooled_mean_all,2024,uk,xh,0.11802291870117188,cross-group
probe,encoder,4,pooled_mean_all,2024,uk,yo,0.023615974932909012,cross-group
probe,encoder,4,pooled_mean_all,2024,xh,yo,0.011491414159536362,african-african
probe,encoder,4,pooled_mean_content,42,am,ar,0.25000762939453125,nonafrican-nonafrican
probe,encoder,4,pooled_mean_content,42,am,de,0.36020147800445557,nonafrican-nonafrican
probe,encoder,4,pooled_mean_content,42,am,en,0.19287145137786865,nonafrican-nonafrican
probe,encoder,4,pooled_mean_content,42,am,es,0.2317148745059967,nonafrican-nonafrican
probe,encoder,4,pooled_mean_content,42,am,hi,0.3631358742713928,nonafrican-nonafrican
probe,encoder,4,pooled_mean_content,42,am,uk,0.26369479298591614,nonafrican-nonafrican
probe,encoder,4,pooled_mean_content,42,am,xh,0.1442432701587677,cross-group
probe,encoder,4,pooled_mean_content,42,am,yo,-0.05786922946572304,cross-group
probe,encoder,4,pooled_mean_content,42,ar,de,0.26309385895729065,nonafrican-nonafrican
probe,encoder,4,pooled_mean_content,42,ar,en,0.18727262318134308,nonafrican-nonafrican
probe,encoder,4,pooled_mean_content,42,ar,es,0.1801198124885559,nonafrican-nonafrican
probe,encoder,4,pooled_mean_content,42,ar,hi,0.2032499760389328,nonafrican-nonafrican
probe,encoder,4,pooled_mean_content,42,ar,uk,0.2661980986595154,nonafrican-nonafrican
probe,encoder,4,pooled_mean_content,42,ar,xh,0.07228881120681763,cross-group
probe,encoder,4,pooled_mean_content,42,ar,yo,0.06881320476531982,cross-group
probe,encoder,4,pooled_mean_content,42,de,en,0.4028918147087097,nonafrican-nonafrican
probe,encoder,4,pooled_mean_content,42,de,es,0.3739493191242218,nonafrican-nonafrican
probe,encoder,4,pooled_mean_content,42,de,hi,0.28141456842422485,nonafrican-nonafrican
probe,encoder,4,pooled_mean_content,42,de,uk,0.3453269600868225,nonafrican-nonafrican
probe,encoder,4,pooled_mean_content,42,de,xh,0.06111200153827667,cross-group
probe,encoder,4,pooled_mean_content,42,de,yo,0.0116017647087574,cross-group
probe,encoder,4,pooled_mean_content,42,en,es,0.4267688989639282,nonafrican-nonafrican
probe,encoder,4,pooled_mean_content,42,en,hi,0.1588599979877472,nonafrican-nonafrican
probe,encoder,4,pooled_mean_content,42,en,uk,0.2757869362831116,nonafrican-nonafrican
probe,encoder,4,pooled_mean_content,42,en,xh,0.08254408836364746,cross-group
probe,encoder,4,pooled_mean_content,42,en,yo,0.003001466393470764,cross-group
probe,encoder,4,pooled_mean_content,42,es,hi,0.2708806097507477,nonafrican-nonafrican
probe,encoder,4,pooled_mean_content,42,es,uk,0.3185954689979553,nonafrican-nonafrican
probe,encoder,4,pooled_mean_content,42,es,xh,0.1763487458229065,cross-group
probe,encoder,4,pooled_mean_content,42,es,yo,0.061188746243715286,cross-group
probe,encoder,4,pooled_mean_content,42,hi,uk,0.1877797245979309,nonafrican-nonafrican
probe,encoder,4,pooled_mean_content,42,hi,xh,0.10882122814655304,cross-group
probe,encoder,4,pooled_mean_content,42,hi,yo,-0.023579034954309464,cross-group
probe,encoder,4,pooled_mean_content,42,uk,xh,0.16109466552734375,cross-group
probe,encoder,4,pooled_mean_content,42,uk,yo,0.05766654759645462,cross-group
probe,encoder,4,pooled_mean_content,42,xh,yo,0.05882301926612854,african-african
probe,encoder,4,pooled_mean_content,1337,am,ar,0.263276606798172,nonafrican-nonafrican
probe,encoder,4,pooled_mean_content,1337,am,de,0.39057451486587524,nonafrican-nonafrican
probe,encoder,4,pooled_mean_content,1337,am,en,0.22123999893665314,nonafrican-nonafrican
probe,encoder,4,pooled_mean_content,1337,am,es,0.256916880607605,nonafrican-nonafrican
probe,encoder,4,pooled_mean_content,1337,am,hi,0.3814370334148407,nonafrican-nonafrican
probe,encoder,4,pooled_mean_content,1337,am,uk,0.24775613844394684,nonafrican-nonafrican
probe,encoder,4,pooled_mean_content,1337,am,xh,0.14713329076766968,cross-group
probe,encoder,4,pooled_mean_content,1337,am,yo,-0.08752107620239258,cross-group
probe,encoder,4,pooled_mean_content,1337,ar,de,0.26912638545036316,nonafrican-nonafrican
probe,encoder,4,pooled_mean_content,1337,ar,en,0.1852291226387024,nonafrican-nonafrican
probe,encoder,4,pooled_mean_content,1337,ar,es,0.1734529435634613,nonafrican-nonafrican
probe,encoder,4,pooled_mean_content,1337,ar,hi,0.21396371722221375,nonafrican-nonafrican
probe,encoder,4,pooled_mean_content,1337,ar,uk,0.2748490571975708,nonafrican-nonafrican
probe,encoder,4,pooled_mean_content,1337,ar,xh,0.06618557125329971,cross-group
probe,encoder,4,pooled_mean_content,1337,ar,yo,0.036867931485176086,cross-group
probe,encoder,4,pooled_mean_content,1337,de,en,0.37720465660095215,nonafrican-nonafrican
probe,encoder,4,pooled_mean_content,1337,de,es,0.37575003504753113,nonafrican-nonafrican
probe,encoder,4,pooled_mean_content,1337,de,hi,0.25755026936531067,nonafrican-nonafrican
probe,encoder,4,pooled_mean_content,1337,de,uk,0.35680848360061646,nonafrican-nonafrican
probe,encoder,4,pooled_mean_content,1337,de,xh,0.06216735765337944,cross-group
probe,encoder,4,pooled_mean_content,1337,de,yo,-0.030910659581422806,cross-group
probe,encoder,4,pooled_mean_content,1337,en,es,0.4282498061656952,nonafrican-nonafrican
probe,encoder,4,pooled_mean_content,1337,en,hi,0.13797028362751007,nonafrican-nonafrican
probe,encoder,4,pooled_mean_content,1337,en,uk,0.2601114809513092,nonafrican-nonafrican
probe,encoder,4,pooled_mean_content,1337,en,xh,0.09926267713308334,cross-group
probe,encoder,4,pooled_mean_content,1337,en,yo,-0.051008034497499466,cross-group
probe,encoder,4,pooled_mean_content,1337,es,hi,0.26713770627975464,nonafrican-nonafrican
probe,encoder,4,pooled_mean_content,1337,es,uk,0.30403900146484375,nonafrican-nonafrican
probe,encoder,4,pooled_mean_content,1337,es,xh,0.16696065664291382,cross-group
probe,encoder,4,pooled_mean_content,1337,es,yo,-0.023594945669174194,cross-group
probe,encoder,4,pooled_mean_content,1337,hi,uk,0.13966253399848938,nonafrican-nonafrican
probe,encoder,4,pooled_mean_content,1337,hi,xh,0.12095542252063751,cross-group
probe,encoder,4,pooled_mean_content,1337,hi,yo,-0.08272077143192291,cross-group
probe,encoder,4,pooled_mean_content,1337,uk,xh,0.14174368977546692,cross-group
probe,encoder,4,pooled_mean_content,1337,uk,yo,0.024576012045145035,cross-group
probe,encoder,4,pooled_mean_content,1337,xh,yo,0.040174856781959534,african-african
probe,encoder,4,pooled_mean_content,2024,am,ar,0.21850642561912537,nonafrican-nonafrican
probe,encoder,4,pooled_mean_content,2024,am,de,0.397269606590271,nonafrican-nonafrican
probe,encoder,4,pooled_mean_content,2024,am,en,0.16139428317546844,nonafrican-nonafrican
probe,encoder,4,pooled_mean_content,2024,am,es,0.2804309129714966,nonafrican-nonafrican
probe,encoder,4,pooled_mean_content,2024,am,hi,0.41048720479011536,nonafrican-nonafrican
probe,encoder,4,pooled_mean_content,2024,am,uk,0.2547948658466339,nonafrican-nonafrican
probe,encoder,4,pooled_mean_content,2024,am,xh,0.15013286471366882,cross-group
probe,encoder,4,pooled_mean_content,2024,am,yo,-0.12794296443462372,cross-group
probe,encoder,4,pooled_mean_content,2024,ar,de,0.2869948148727417,nonafrican-nonafrican
probe,encoder,4,pooled_mean_content,2024,ar,en,0.15844261646270752,nonafrican-nonafrican
probe,encoder,4,pooled_mean_content,2024,ar,es,0.19510754942893982,nonafrican-nonafrican
probe,encoder,4,pooled_mean_content,2024,ar,hi,0.18728682398796082,nonafrican-nonafrican
probe,encoder,4,pooled_mean_content,2024,ar,uk,0.2769259810447693,nonafrican-nonafrican
probe,encoder,4,pooled_mean_content,2024,ar,xh,0.024693958461284637,cross-group
probe,encoder,4,pooled_mean_content,2024,ar,yo,0.04475856199860573,cross-group
probe,encoder,4,pooled_mean_content,2024,de,en,0.3854963779449463,nonafrican-nonafrican
probe,encoder,4,pooled_mean_content,2024,de,es,0.38193801045417786,nonafrican-nonafrican
probe,encoder,4,pooled_mean_content,2024,de,hi,0.2773194909095764,nonafrican-nonafrican
probe,encoder,4,pooled_mean_content,2024,de,uk,0.3266019821166992,nonafrican-nonafrican
probe,encoder,4,pooled_mean_content,2024,de,xh,0.05681387707591057,cross-group
probe,encoder,4,pooled_mean_content,2024,de,yo,-0.039031870663166046,cross-group
probe,encoder,4,pooled_mean_content,2024,en,es,0.40843963623046875,nonafrican-nonafrican
probe,encoder,4,pooled_mean_content,2024,en,hi,0.12339769303798676,nonafrican-nonafrican
probe,encoder,4,pooled_mean_content,2024,en,uk,0.25058242678642273,nonafrican-nonafrican
probe,encoder,4,pooled_mean_content,2024,en,xh,0.0948365330696106,cross-group
probe,encoder,4,pooled_mean_content,2024,en,yo,-0.03472840040922165,cross-group
probe,encoder,4,pooled_mean_content,2024,es,hi,0.3047653138637543,nonafrican-nonafrican
probe,encoder,4,pooled_mean_content,2024,es,uk,0.30388855934143066,nonafrican-nonafrican
probe,encoder,4,pooled_mean_content,2024,es,xh,0.16836711764335632,cross-group
probe,encoder,4,pooled_mean_content,2024,es,yo,0.04157532751560211,cross-group
probe,encoder,4,pooled_mean_content,2024,hi,uk,0.18247950077056885,nonafrican-nonafrican
probe,encoder,4,pooled_mean_content,2024,hi,xh,0.11681927740573883,cross-group
probe,encoder,4,pooled_mean_content,2024,hi,yo,-0.07977895438671112,cross-group
probe,encoder,4,pooled_mean_content,2024,uk,xh,0.14325782656669617,cross-group
probe,encoder,4,pooled_mean_content,2024,uk,yo,0.012714208103716373,cross-group
probe,encoder,4,pooled_mean_content,2024,xh,yo,0.02819667011499405,african-african
probe,encoder,6,pooled_mean_all,42,am,ar,0.2628302574157715,nonafrican-nonafrican
probe,encoder,6,pooled_mean_all,42,am,de,0.3297458291053772,nonafrican-nonafrican
probe,encoder,6,pooled_mean_all,42,am,en,0.1933165192604065,nonafrican-nonafrican
probe,encoder,6,pooled_mean_all,42,am,es,0.22690899670124054,nonafrican-nonafrican
probe,encoder,6,pooled_mean_all,42,am,hi,0.30952703952789307,nonafrican-nonafrican
probe,encoder,6,pooled_mean_all,42,am,uk,0.17398910224437714,nonafrican-nonafrican
probe,encoder,6,pooled_mean_all,42,am,xh,0.1393030732870102,cross-group
probe,encoder,6,pooled_mean_all,42,am,yo,-0.06920714676380157,cross-group
probe,encoder,6,pooled_mean_all,42,ar,de,0.3089452385902405,nonafrican-nonafrican
probe,encoder,6,pooled_mean_all,42,ar,en,0.23236235976219177,nonafrican-nonafrican
probe,encoder,6,pooled_mean_all,42,ar,es,0.20416900515556335,nonafrican-nonafrican
probe,encoder,6,pooled_mean_all,42,ar,hi,0.20701463520526886,nonafrican-nonafrican
probe,encoder,6,pooled_mean_all,42,ar,uk,0.22391770780086517,nonafrican-nonafrican
probe,encoder,6,pooled_mean_all,42,ar,xh,0.07048572599887848,cross-group
probe,encoder,6,pooled_mean_all,42,ar,yo,0.09640228748321533,cross-group
probe,encoder,6,pooled_mean_all,42,de,en,0.39588314294815063,nonafrican-nonafrican
probe,encoder,6,pooled_mean_all,42,de,es,0.32005906105041504,nonafrican-nonafrican
probe,encoder,6,pooled_mean_all,42,de,hi,0.18613016605377197,nonafrican-nonafrican
probe,encoder,6,pooled_mean_all,42,de,uk,0.3599362373352051,nonafrican-nonafrican
probe,encoder,6,pooled_mean_all,42,de,xh,0.032753851264715195,cross-group
probe,encoder,6,pooled_mean_all,42,de,yo,0.0077075473964214325,cross-group
probe,encoder,6,pooled_mean_all,42,en,es,0.38831764459609985,nonafrican-nonafrican
probe,encoder,6,pooled_mean_all,42,en,hi,0.12984603643417358,nonafrican-nonafrican
probe,encoder,6,pooled_mean_all,42,en,uk,0.27992498874664307,nonafrican-nonafrican
probe,encoder,6,pooled_mean_all,42,en,xh,0.06484323740005493,cross-group
probe,encoder,6,pooled_mean_all,42,en,yo,-0.02734769880771637,cross-group
probe,encoder,6,pooled_mean_all,42,es,hi,0.2370636910200119,nonafrican-nonafrican
probe,encoder,6,pooled_mean_all,42,es,uk,0.24830776453018188,nonafrican-nonafrican
probe,encoder,6,pooled_mean_all,42,es,xh,0.11558844149112701,cross-group
probe,encoder,6,pooled_mean_all,42,es,yo,-0.03163405507802963,cross-group
probe,encoder,6,pooled_mean_all,42,hi,uk,0.07085498422384262,nonafrican-nonafrican
probe,encoder,6,pooled_mean_all,42,hi,xh,0.08151337504386902,cross-group
probe,encoder,6,pooled_mean_all,42,hi,yo,0.011862289160490036,cross-group
probe,encoder,6,pooled_mean_all,42,uk,xh,0.07110595703125,cross-group
probe,encoder,6,pooled_mean_all,42,uk,yo,0.026069574058055878,cross-group
probe,encoder,6,pooled_mean_all,42,xh,yo,0.001446681097149849,african-african
probe,encoder,6,pooled_mean_all,1337,am,ar,0.26358726620674133,nonafrican-nonafrican
probe,encoder,6,pooled_mean_all,1337,am,de,0.3695957362651825,nonafrican-nonafrican
probe,encoder,6,pooled_mean_all,1337,am,en,0.23072455823421478,nonafrican-nonafrican
probe,encoder,6,pooled_mean_all,1337,am,es,0.25236886739730835,nonafrican-nonafrican
probe,encoder,6,pooled_mean_all,1337,am,hi,0.33978644013404846,nonafrican-nonafrican
probe,encoder,6,pooled_mean_all,1337,am,uk,0.1927018016576767,nonafrican-nonafrican
probe,encoder,6,pooled_mean_all,1337,am,xh,0.15395942330360413,cross-group
probe,encoder,6,pooled_mean_all,1337,am,yo,-0.10684020817279816,cross-group
probe,encoder,6,pooled_mean_all,1337,ar,de,0.2836998999118805,nonafrican-nonafrican
probe,encoder,6,pooled_mean_all,1337,ar,en,0.23780155181884766,nonafrican-nonafrican
probe,encoder,6,pooled_mean_all,1337,ar,es,0.1966748833656311,nonafrican-nonafrican
probe,encoder,6,pooled_mean_all,1337,ar,hi,0.22244134545326233,nonafrican-nonafrican
probe,encoder,6,pooled_mean_all,1337,ar,uk,0.22098292410373688,nonafrican-nonafrican
probe,encoder,6,pooled_mean_all,1337,ar,xh,0.0879068374633789,cross-group
probe,encoder,6,pooled_mean_all,1337,ar,yo,0.057193905115127563,cross-group
probe,encoder,6,pooled_mean_all,1337,de,en,0.39292585849761963,nonafrican-nonafrican
probe,encoder,6,pooled_mean_all,1337,de,es,0.34021779894828796,nonafrican-nonafrican
probe,encoder,6,pooled_mean_all,1337,de,hi,0.22113348543643951,nonafrican-nonafrican
probe,encoder,6,pooled_mean_all,1337,de,uk,0.3469950556755066,nonafrican-nonafrican
probe,encoder,6,pooled_mean_all,1337,de,xh,0.04575483500957489,cross-group
probe,encoder,6,pooled_mean_all,1337,de,yo,-0.04753682762384415,cross-group
probe,encoder,6,pooled_mean_all,1337,en,es,0.387102872133255,nonafrican-nonafrican
probe,encoder,6,pooled_mean_all,1337,en,hi,0.18890297412872314,nonafrican-nonafrican
probe,encoder,6,pooled_mean_all,1337,en,uk,0.26792043447494507,nonafrican-nonafrican
probe,encoder,6,pooled_mean_all,1337,en,xh,0.07657440751791,cross-group
probe,encoder,6,pooled_mean_all,1337,en,yo,-0.07496078312397003,cross-group
probe,encoder,6,pooled_mean_all,1337,es,hi,0.2771797478199005,nonafrican-nonafrican
probe,encoder,6,pooled_mean_all,1337,es,uk,0.23410817980766296,nonafrican-nonafrican
probe,encoder,6,pooled_mean_all,1337,es,xh,0.11019009351730347,cross-group
probe,encoder,6,pooled_mean_all,1337,es,yo,-0.08952391147613525,cross-group
probe,encoder,6,pooled_mean_all,1337,hi,uk,0.06287071108818054,nonafrican-nonafrican
probe,encoder,6,pooled_mean_all,1337,hi,xh,0.11844326555728912,cross-group
probe,encoder,6,pooled_mean_all,1337,hi,yo,-0.07888753712177277,cross-group
probe,encoder,6,pooled_mean_all,1337,uk,xh,0.08452365547418594,cross-group
probe,encoder,6,pooled_mean_all,1337,uk,yo,-0.014749256893992424,cross-group
probe,encoder,6,pooled_mean_all,1337,xh,yo,-0.018028372898697853,african-african
probe,encoder,6,pooled_mean_all,2024,am,ar,0.2344643622636795,nonafrican-nonafrican
probe,encoder,6,pooled_mean_all,2024,am,de,0.3667096495628357,nonafrican-nonafrican
probe,encoder,6,pooled_mean_all,2024,am,en,0.21082720160484314,nonafrican-nonafrican
probe,encoder,6,pooled_mean_all,2024,am,es,0.24377413094043732,nonafrican-nonafrican
probe,encoder,6,pooled_mean_all,2024,am,hi,0.35798901319503784,nonafrican-nonafrican
probe,encoder,6,pooled_mean_all,2024,am,uk,0.17439773678779602,nonafrican-nonafrican
probe,encoder,6,pooled_mean_all,2024,am,xh,0.1596122831106186,cross-group
probe,encoder,6,pooled_mean_all,2024,am,yo,-0.13108986616134644,cross-group
probe,encoder,6,pooled_mean_all,2024,ar,de,0.2780456840991974,nonafrican-nonafrican
probe,encoder,6,pooled_mean_all,2024,ar,en,0.19180309772491455,nonafrican-nonafrican
probe,encoder,6,pooled_mean_all,2024,ar,es,0.22353842854499817,nonafrican-nonafrican
probe,encoder,6,pooled_mean_all,2024,ar,hi,0.21852609515190125,nonafrican-nonafrican
probe,encoder,6,pooled_mean_all,2024,ar,uk,0.21839742362499237,nonafrican-nonafrican
probe,encoder,6,pooled_mean_all,2024,ar,xh,0.07146725803613663,cross-group
probe,encoder,6,pooled_mean_all,2024,ar,yo,0.0642094761133194,cross-group
probe,encoder,6,pooled_mean_all,2024,de,en,0.3809744119644165,nonafrican-nonafrican
probe,encoder,6,pooled_mean_all,2024,de,es,0.3373544216156006,nonafrican-nonafrican
probe,encoder,6,pooled_mean_all,2024,de,hi,0.20761829614639282,nonafrican-nonafrican
probe,encoder,6,pooled_mean_all,2024,de,uk,0.31986507773399353,nonafrican-nonafrican
probe,encoder,6,pooled_mean_all,2024,de,xh,0.033467236906290054,cross-group
probe,encoder,6,pooled_mean_all,2024,de,yo,-0.06285136193037033,cross-group
probe,encoder,6,pooled_mean_all,2024,en,es,0.41080689430236816,nonafrican-nonafrican
probe,encoder,6,pooled_mean_all,2024,en,hi,0.15138745307922363,nonafrican-nonafrican
probe,encoder,6,pooled_mean_all,2024,en,uk,0.2610747814178467,nonafrican-nonafrican
probe,encoder,6,pooled_mean_all,2024,en,xh,0.1130274161696434,cross-group
probe,encoder,6,pooled_mean_all,2024,en,yo,-0.0705379992723465,cross-group
probe,encoder,6,pooled_mean_all,2024,es,hi,0.2543115019798279,nonafrican-nonafrican
probe,encoder,6,pooled_mean_all,2024,es,uk,0.24246379733085632,nonafrican-nonafrican
probe,encoder,6,pooled_mean_all,2024,es,xh,0.11083049327135086,cross-group
probe,encoder,6,pooled_mean_all,2024,es,yo,-0.036394525319337845,cross-group
probe,encoder,6,pooled_mean_all,2024,hi,uk,0.09054353088140488,nonafrican-nonafrican
probe,encoder,6,pooled_mean_all,2024,hi,xh,0.1103258803486824,cross-group
probe,encoder,6,pooled_mean_all,2024,hi,yo,-0.03644437715411186,cross-group
probe,encoder,6,pooled_mean_all,2024,uk,xh,0.10049659758806229,cross-group
probe,encoder,6,pooled_mean_all,2024,uk,yo,0.017681408673524857,cross-group
probe,encoder,6,pooled_mean_all,2024,xh,yo,-0.044932760298252106,african-african
probe,encoder,6,pooled_mean_content,42,am,ar,0.25922882556915283,nonafrican-nonafrican
probe,encoder,6,pooled_mean_content,42,am,de,0.33400461077690125,nonafrican-nonafrican
probe,encoder,6,pooled_mean_content,42,am,en,0.20477572083473206,nonafrican-nonafrican
probe,encoder,6,pooled_mean_content,42,am,es,0.23075833916664124,nonafrican-nonafrican
probe,encoder,6,pooled_mean_content,42,am,hi,0.31436002254486084,nonafrican-nonafrican
probe,encoder,6,pooled_mean_content,42,am,uk,0.2024272382259369,nonafrican-nonafrican
probe,encoder,6,pooled_mean_content,42,am,xh,0.14349402487277985,cross-group
probe,encoder,6,pooled_mean_content,42,am,yo,-0.08453770726919174,cross-group
probe,encoder,6,pooled_mean_content,42,ar,de,0.29224318265914917,nonafrican-nonafrican
probe,encoder,6,pooled_mean_content,42,ar,en,0.23064939677715302,nonafrican-nonafrican
probe,encoder,6,pooled_mean_content,42,ar,es,0.2215416133403778,nonafrican-nonafrican
probe,encoder,6,pooled_mean_content,42,ar,hi,0.20612600445747375,nonafrican-nonafrican
probe,encoder,6,pooled_mean_content,42,ar,uk,0.24137446284294128,nonafrican-nonafrican
probe,encoder,6,pooled_mean_content,42,ar,xh,0.07609580457210541,cross-group
probe,encoder,6,pooled_mean_content,42,ar,yo,0.11298659443855286,cross-group
probe,encoder,6,pooled_mean_content,42,de,en,0.3974948525428772,nonafrican-nonafrican
probe,encoder,6,pooled_mean_content,42,de,es,0.3222035765647888,nonafrican-nonafrican
probe,encoder,6,pooled_mean_content,42,de,hi,0.17203062772750854,nonafrican-nonafrican
probe,encoder,6,pooled_mean_content,42,de,uk,0.3445812463760376,nonafrican-nonafrican
probe,encoder,6,pooled_mean_content,42,de,xh,0.05209682136774063,cross-group
probe,encoder,6,pooled_mean_content,42,de,yo,0.034582868218421936,cross-group
probe,encoder,6,pooled_mean_content,42,en,es,0.3948518633842468,nonafrican-nonafrican
probe,encoder,6,pooled_mean_content,42,en,hi,0.15697312355041504,nonafrican-nonafrican
probe,encoder,6,pooled_mean_content,42,en,uk,0.30211806297302246,nonafrican-nonafrican
probe,encoder,6,pooled_mean_content,42,en,xh,0.10653452575206757,cross-group
probe,encoder,6,pooled_mean_content,42,en,yo,-0.02669970691204071,cross-group
probe,encoder,6,pooled_mean_content,42,es,hi,0.22013261914253235,nonafrican-nonafrican
probe,encoder,6,pooled_mean_content,42,es,uk,0.2545115351676941,nonafrican-nonafrican
probe,encoder,6,pooled_mean_content,42,es,xh,0.15144626796245575,cross-group
probe,encoder,6,pooled_mean_content,42,es,yo,-0.007787648588418961,cross-group
probe,encoder,6,pooled_mean_content,42,hi,uk,0.08430537581443787,nonafrican-nonafrican
probe,encoder,6,pooled_mean_content,42,hi,xh,0.11312897503376007,cross-group
probe,encoder,6,pooled_mean_content,42,hi,yo,-0.024318711832165718,cross-group
probe,encoder,6,pooled_mean_content,42,uk,xh,0.13322508335113525,cross-group
probe,encoder,6,pooled_mean_content,42,uk,yo,0.014039402827620506,cross-group
probe,encoder,6,pooled_mean_content,42,xh,yo,-0.024111881852149963,african-african
probe,encoder,6,pooled_mean_content,1337,am,ar,0.2550423741340637,nonafrican-nonafrican
probe,encoder,6,pooled_mean_content,1337,am,de,0.36343511939048767,nonafrican-nonafrican
probe,encoder,6,pooled_mean_content,1337,am,en,0.2400999665260315,nonafrican-nonafrican
probe,encoder,6,pooled_mean_content,1337,am,es,0.26894983649253845,nonafrican-nonafrican
probe,encoder,6,pooled_mean_content,1337,am,hi,0.334229052066803,nonafrican-nonafrican
probe,encoder,6,pooled_mean_content,1337,am,uk,0.21105645596981049,nonafrican-nonafrican
probe,encoder,6,pooled_mean_content,1337,am,xh,0.1593920886516571,cross-group
probe,encoder,6,pooled_mean_content,1337,am,yo,-0.11817356944084167,cross-group
probe,encoder,6,pooled_mean_content,1337,ar,de,0.26643064618110657,nonafrican-nonafrican
probe,encoder,6,pooled_mean_content,1337,ar,en,0.2521844804286957,nonafrican-nonafrican
probe,encoder,6,pooled_mean_content,1337,ar,es,0.20180833339691162,nonafrican-nonafrican
probe,encoder,6,pooled_mean_content,1337,ar,hi,0.2214946746826172,nonafrican-nonafrican
probe,encoder,6,pooled_mean_content,1337,ar,uk,0.2573561668395996,nonafrican-nonafrican
probe,encoder,6,pooled_mean_content,1337,ar,xh,0.07373930513858795,cross-group
probe,encoder,6,pooled_mean_content,1337,ar,yo,0.05380885303020477,cross-group
probe,encoder,6,pooled_mean_content,1337,de,en,0.3964247703552246,nonafrican-nonafrican
probe,encoder,6,pooled_mean_content,1337,de,es,0.33548539876937866,nonafrican-nonafrican
probe,encoder,6,pooled_mean_content,1337,de,hi,0.21391624212265015,nonafrican-nonafrican
probe,encoder,6,pooled_mean_content,1337,de,uk,0.3376084566116333,nonafrican-nonafrican
probe,encoder,6,pooled_mean_content,1337,de,xh,0.059890396893024445,cross-group
probe,encoder,6,pooled_mean_content,1337,de,yo,-0.026396580040454865,cross-group
probe,encoder,6,pooled_mean_content,1337,en,es,0.4039538502693176,nonafrican-nonafrican
probe,encoder,6,pooled_mean_content,1337,en,hi,0.19858217239379883,nonafrican-nonafrican
probe,encoder,6,pooled_mean_content,1337,en,uk,0.3089001476764679,nonafrican-nonafrican
probe,encoder,6,pooled_mean_content,1337,en,xh,0.11165832728147507,cross-group
probe,encoder,6,pooled_mean_content,1337,en,yo,-0.07540483772754669,cross-group
probe,encoder,6,pooled_mean_content,1337,es,hi,0.27923688292503357,nonafrican-nonafrican
probe,encoder,6,pooled_mean_content,1337,es,uk,0.26537591218948364,nonafrican-nonafrican
probe,encoder,6,pooled_mean_content,1337,es,xh,0.14283698797225952,cross-group
probe,encoder,6,pooled_mean_content,1337,es,yo,-0.06261567026376724,cross-group
probe,encoder,6,pooled_mean_content,1337,hi,uk,0.084104984998703,nonafrican-nonafrican
probe,encoder,6,pooled_mean_content,1337,hi,xh,0.13718882203102112,cross-group
probe,encoder,6,pooled_mean_content,1337,hi,yo,-0.10909019410610199,cross-group
probe,encoder,6,pooled_mean_content,1337,uk,xh,0.131910040974617,cross-group
probe,encoder,6,pooled_mean_content,1337,uk,yo,-0.02503027394413948,cross-group
probe,encoder,6,pooled_mean_content,1337,xh,yo,-0.04501960054039955,african-african
probe,encoder,6,pooled_mean_content,2024,am,ar,0.22250227630138397,nonafrican-nonafrican
probe,encoder,6,pooled_mean_content,2024,am,de,0.389360249042511,nonafrican-nonafrican
probe,encoder,6,pooled_mean_content,2024,am,en,0.23505030572414398,nonafrican-nonafrican
probe,encoder,6,pooled_mean_content,2024,am,es,0.261218398809433,nonafrican-nonafrican
probe,encoder,6,pooled_mean_content,2024,am,hi,0.3633647561073303,nonafrican-nonafrican
probe,encoder,6,pooled_mean_content,2024,am,uk,0.2113572657108307,nonafrican-nonafrican
probe,encoder,6,pooled_mean_content,2024,am,xh,0.16605404019355774,cross-group
probe,encoder,6,pooled_mean_content,2024,am,yo,-0.15303054451942444,cross-group
probe,encoder,6,pooled_mean_content,2024,ar,de,0.2789619565010071,nonafrican-nonafrican
probe,encoder,6,pooled_mean_content,2024,ar,en,0.2020442634820938,nonafrican-nonafrican
probe,encoder,6,pooled_mean_content,2024,ar,es,0.2194061279296875,nonafrican-nonafrican
probe,encoder,6,pooled_mean_content,2024,ar,hi,0.2164164036512375,nonafrican-nonafrican
probe,encoder,6,pooled_mean_content,2024,ar,uk,0.25003618001937866,nonafrican-nonafrican
probe,encoder,6,pooled_mean_content,2024,ar,xh,0.06649186462163925,cross-group
probe,encoder,6,pooled_mean_content,2024,ar,yo,0.050098177045583725,cross-group
probe,encoder,6,pooled_mean_content,2024,de,en,0.37690702080726624,nonafrican-nonafrican
probe,encoder,6,pooled_mean_content,2024,de,es,0.34026145935058594,nonafrican-nonafrican
probe,encoder,6,pooled_mean_content,2024,de,hi,0.20621295273303986,nonafrican-nonafrican
probe,encoder,6,pooled_mean_content,2024,de,uk,0.31473439931869507,nonafrican-nonafrican
probe,encoder,6,pooled_mean_content,2024,de,xh,0.059838470071554184,cross-group
probe,encoder,6,pooled_mean_content,2024,de,yo,-0.046255603432655334,cross-group
probe,encoder,6,pooled_mean_content,2024,en,es,0.4079558253288269,nonafrican-nonafrican
probe,encoder,6,pooled_mean_content,2024,en,hi,0.17681774497032166,nonafrican-nonafrican
probe,encoder,6,pooled_mean_content,2024,en,uk,0.28566691279411316,nonafrican-nonafrican
probe,encoder,6,pooled_mean_content,2024,en,xh,0.15744265913963318,cross-group
probe,encoder,6,pooled_mean_content,2024,en,yo,-0.08028731495141983,cross-group
probe,encoder,6,pooled_mean_content,2024,es,hi,0.2552400231361389,nonafrican-nonafrican
probe,encoder,6,pooled_mean_content,2024,es,uk,0.25056707859039307,nonafrican-nonafrican
probe,encoder,6,pooled_mean_content,2024,es,xh,0.15988242626190186,cross-group
probe,encoder,6,pooled_mean_content,2024,es,yo,-0.023299746215343475,cross-group
probe,encoder,6,pooled_mean_content,2024,hi,uk,0.09727184474468231,nonafrican-nonafrican
probe,encoder,6,pooled_mean_content,2024,hi,xh,0.12439148128032684,cross-group
probe,encoder,6,pooled_mean_content,2024,hi,yo,-0.052096132189035416,cross-group
probe,encoder,6,pooled_mean_content,2024,uk,xh,0.1411389410495758,cross-group
probe,encoder,6,pooled_mean_content,2024,uk,yo,0.015446737408638,cross-group
probe,encoder,6,pooled_mean_content,2024,xh,yo,-0.04523972421884537,african-african
probe,encoder,8,pooled_mean_all,42,am,ar,0.27792155742645264,nonafrican-nonafrican
probe,encoder,8,pooled_mean_all,42,am,de,0.3262181878089905,nonafrican-nonafrican
probe,encoder,8,pooled_mean_all,42,am,en,0.22020979225635529,nonafrican-nonafrican
probe,encoder,8,pooled_mean_all,42,am,es,0.16662824153900146,nonafrican-nonafrican
probe,encoder,8,pooled_mean_all,42,am,hi,0.323011577129364,nonafrican-nonafrican
probe,encoder,8,pooled_mean_all,42,am,uk,0.24121573567390442,nonafrican-nonafrican
probe,encoder,8,pooled_mean_all,42,am,xh,0.12492900341749191,cross-group
probe,encoder,8,pooled_mean_all,42,am,yo,-0.05069638788700104,cross-group
probe,encoder,8,pooled_mean_all,42,ar,de,0.2727751135826111,nonafrican-nonafrican
probe,encoder,8,pooled_mean_all,42,ar,en,0.18115700781345367,nonafrican-nonafrican
probe,encoder,8,pooled_mean_all,42,ar,es,0.12822023034095764,nonafrican-nonafrican
probe,encoder,8,pooled_mean_all,42,ar,hi,0.17091572284698486,nonafrican-nonafrican
probe,encoder,8,pooled_mean_all,42,ar,uk,0.18838316202163696,nonafrican-nonafrican
probe,encoder,8,pooled_mean_all,42,ar,xh,0.07835327088832855,cross-group
probe,encoder,8,pooled_mean_all,42,ar,yo,0.053656499832868576,cross-group
probe,encoder,8,pooled_mean_all,42,de,en,0.3579527735710144,nonafrican-nonafrican
probe,encoder,8,pooled_mean_all,42,de,es,0.22184091806411743,nonafrican-nonafrican
probe,encoder,8,pooled_mean_all,42,de,hi,0.14642468094825745,nonafrican-nonafrican
probe,encoder,8,pooled_mean_all,42,de,uk,0.3267585039138794,nonafrican-nonafrican
probe,encoder,8,pooled_mean_all,42,de,xh,0.031879257410764694,cross-group
probe,encoder,8,pooled_mean_all,42,de,yo,-0.010590910911560059,cross-group
probe,encoder,8,pooled_mean_all,42,en,es,0.41131317615509033,nonafrican-nonafrican
probe,encoder,8,pooled_mean_all,42,en,hi,0.1387661248445511,nonafrican-nonafrican
probe,encoder,8,pooled_mean_all,42,en,uk,0.2636460065841675,nonafrican-nonafrican
probe,encoder,8,pooled_mean_all,42,en,xh,0.044938549399375916,cross-group
probe,encoder,8,pooled_mean_all,42,en,yo,0.017894992604851723,cross-group
probe,encoder,8,pooled_mean_all,42,es,hi,0.23056171834468842,nonafrican-nonafrican
probe,encoder,8,pooled_mean_all,42,es,uk,0.242631733417511,nonafrican-nonafrican
probe,encoder,8,pooled_mean_all,42,es,xh,0.11695734411478043,cross-group
probe,encoder,8,pooled_mean_all,42,es,yo,0.05150633305311203,cross-group
probe,encoder,8,pooled_mean_all,42,hi,uk,0.09890365600585938,nonafrican-nonafrican
probe,encoder,8,pooled_mean_all,42,hi,xh,0.06611119955778122,cross-group
probe,encoder,8,pooled_mean_all,42,hi,yo,0.043775808066129684,cross-group
probe,encoder,8,pooled_mean_all,42,uk,xh,0.1182725727558136,cross-group
probe,encoder,8,pooled_mean_all,42,uk,yo,0.07139228284358978,cross-group
probe,encoder,8,pooled_mean_all,42,xh,yo,-0.0352715402841568,african-african
probe,encoder,8,pooled_mean_all,1337,am,ar,0.2570713758468628,nonafrican-nonafrican
probe,encoder,8,pooled_mean_all,1337,am,de,0.34864020347595215,nonafrican-nonafrican
probe,encoder,8,pooled_mean_all,1337,am,en,0.26025164127349854,nonafrican-nonafrican
probe,encoder,8,pooled_mean_all,1337,am,es,0.18665346503257751,nonafrican-nonafrican
probe,encoder,8,pooled_mean_all,1337,am,hi,0.3188117742538452,nonafrican-nonafrican
probe,encoder,8,pooled_mean_all,1337,am,uk,0.2513715624809265,nonafrican-nonafrican
probe,encoder,8,pooled_mean_all,1337,am,xh,0.13325849175453186,cross-group
probe,encoder,8,pooled_mean_all,1337,am,yo,-0.09815467894077301,cross-group
probe,encoder,8,pooled_mean_all,1337,ar,de,0.25440850853919983,nonafrican-nonafrican
probe,encoder,8,pooled_mean_all,1337,ar,en,0.19253556430339813,nonafrican-nonafrican
probe,encoder,8,pooled_mean_all,1337,ar,es,0.1286436915397644,nonafrican-nonafrican
probe,encoder,8,pooled_mean_all,1337,ar,hi,0.17164570093154907,nonafrican-nonafrican
probe,encoder,8,pooled_mean_all,1337,ar,uk,0.1834099441766739,nonafrican-nonafrican
probe,encoder,8,pooled_mean_all,1337,ar,xh,0.08835921436548233,cross-group
probe,encoder,8,pooled_mean_all,1337,ar,yo,0.04680100455880165,cross-group
probe,encoder,8,pooled_mean_all,1337,de,en,0.37600675225257874,nonafrican-nonafrican
probe,encoder,8,pooled_mean_all,1337,de,es,0.2248893529176712,nonafrican-nonafrican
probe,encoder,8,pooled_mean_all,1337,de,hi,0.18147137761116028,nonafrican-nonafrican
probe,encoder,8,pooled_mean_all,1337,de,uk,0.32918983697891235,nonafrican-nonafrican
probe,encoder,8,pooled_mean_all,1337,de,xh,0.021943464875221252,cross-group
probe,encoder,8,pooled_mean_all,1337,de,yo,-0.07290710508823395,cross-group
probe,encoder,8,pooled_mean_all,1337,en,es,0.3889915347099304,nonafrican-nonafrican
probe,encoder,8,pooled_mean_all,1337,en,hi,0.17698721587657928,nonafrican-nonafrican
probe,encoder,8,pooled_mean_all,1337,en,uk,0.3031097650527954,nonafrican-nonafrican
probe,encoder,8,pooled_mean_all,1337,en,xh,0.06048464775085449,cross-group
probe,encoder,8,pooled_mean_all,1337,en,yo,-0.018373675644397736,cross-group
probe,encoder,8,pooled_mean_all,1337,es,hi,0.24098142981529236,nonafrican-nonafrican
probe,encoder,8,pooled_mean_all,1337,es,uk,0.25701260566711426,nonafrican-nonafrican
probe,encoder,8,pooled_mean_all,1337,es,xh,0.11016516387462616,cross-group
probe,encoder,8,pooled_mean_all,1337,es,yo,0.02006402239203453,cross-group
probe,encoder,8,pooled_mean_all,1337,hi,uk,0.12269057333469391,nonafrican-nonafrican
probe,encoder,8,pooled_mean_all,1337,hi,xh,0.05334177613258362,cross-group
probe,encoder,8,pooled_mean_all,1337,hi,yo,-0.0035629961639642715,cross-group
probe,encoder,8,pooled_mean_all,1337,uk,xh,0.08271563053131104,cross-group
probe,encoder,8,pooled_mean_all,1337,uk,yo,0.0076692961156368256,cross-group
probe,encoder,8,pooled_mean_all,1337,xh,yo,-0.017493516206741333,african-african
probe,encoder,8,pooled_mean_all,2024,am,ar,0.22626438736915588,nonafrican-nonafrican
probe,encoder,8,pooled_mean_all,2024,am,de,0.34309297800064087,nonafrican-nonafrican
probe,encoder,8,pooled_mean_all,2024,am,en,0.21507993340492249,nonafrican-nonafrican
probe,encoder,8,pooled_mean_all,2024,am,es,0.19125226140022278,nonafrican-nonafrican
probe,encoder,8,pooled_mean_all,2024,am,hi,0.343661367893219,nonafrican-nonafrican
probe,encoder,8,pooled_mean_all,2024,am,uk,0.20913273096084595,nonafrican-nonafrican
probe,encoder,8,pooled_mean_all,2024,am,xh,0.13108143210411072,cross-group
probe,encoder,8,pooled_mean_all,2024,am,yo,-0.08551891893148422,cross-group
probe,encoder,8,pooled_mean_all,2024,ar,de,0.25471508502960205,nonafrican-nonafrican
probe,encoder,8,pooled_mean_all,2024,ar,en,0.20286870002746582,nonafrican-nonafrican
probe,encoder,8,pooled_mean_all,2024,ar,es,0.11987766623497009,nonafrican-nonafrican
probe,encoder,8,pooled_mean_all,2024,ar,hi,0.17399446666240692,nonafrican-nonafrican
probe,encoder,8,pooled_mean_all,2024,ar,uk,0.19448214769363403,nonafrican-nonafrican
probe,encoder,8,pooled_mean_all,2024,ar,xh,0.040416374802589417,cross-group
probe,encoder,8,pooled_mean_all,2024,ar,yo,0.06120572239160538,cross-group
probe,encoder,8,pooled_mean_all,2024,de,en,0.3594331741333008,nonafrican-nonafrican
probe,encoder,8,pooled_mean_all,2024,de,es,0.23848621547222137,nonafrican-nonafrican
probe,encoder,8,pooled_mean_all,2024,de,hi,0.18810813128948212,nonafrican-nonafrican
probe,encoder,8,pooled_mean_all,2024,de,uk,0.330105721950531,nonafrican-nonafrican
probe,encoder,8,pooled_mean_all,2024,de,xh,0.033284202218055725,cross-group
probe,encoder,8,pooled_mean_all,2024,de,yo,-0.05436461418867111,cross-group
probe,encoder,8,pooled_mean_all,2024,en,es,0.3895064890384674,nonafrican-nonafrican
probe,encoder,8,pooled_mean_all,2024,en,hi,0.17203792929649353,nonafrican-nonafrican
probe,encoder,8,pooled_mean_all,2024,en,uk,0.29643186926841736,nonafrican-nonafrican
probe,encoder,8,pooled_mean_all,2024,en,xh,0.08424399793148041,cross-group
probe,encoder,8,pooled_mean_all,2024,en,yo,-0.030652739107608795,cross-group
probe,encoder,8,pooled_mean_all,2024,es,hi,0.24589675664901733,nonafrican-nonafrican
probe,encoder,8,pooled_mean_all,2024,es,uk,0.2701036334037781,nonafrican-nonafrican
probe,encoder,8,pooled_mean_all,2024,es,xh,0.10951502621173859,cross-group
probe,encoder,8,pooled_mean_all,2024,es,yo,0.02676655724644661,cross-group
probe,encoder,8,pooled_mean_all,2024,hi,uk,0.08717741072177887,nonafrican-nonafrican
probe,encoder,8,pooled_mean_all,2024,hi,xh,0.06539992988109589,cross-group
probe,encoder,8,pooled_mean_all,2024,hi,yo,-0.03039582259953022,cross-group
probe,encoder,8,pooled_mean_all,2024,uk,xh,0.11457368731498718,cross-group
probe,encoder,8,pooled_mean_all,2024,uk,yo,0.07409428805112839,cross-group
probe,encoder,8,pooled_mean_all,2024,xh,yo,-0.005534514784812927,african-african
probe,encoder,8,pooled_mean_content,42,am,ar,0.2969127297401428,nonafrican-nonafrican
probe,encoder,8,pooled_mean_content,42,am,de,0.3407692015171051,nonafrican-nonafrican
probe,encoder,8,pooled_mean_content,42,am,en,0.19564616680145264,nonafrican-nonafrican
probe,encoder,8,pooled_mean_content,42,am,es,0.19874373078346252,nonafrican-nonafrican
probe,encoder,8,pooled_mean_content,42,am,hi,0.31697937846183777,nonafrican-nonafrican
probe,encoder,8,pooled_mean_content,42,am,uk,0.258727490901947,nonafrican-nonafrican
probe,encoder,8,pooled_mean_content,42,am,xh,0.14199568331241608,cross-group
probe,encoder,8,pooled_mean_content,42,am,yo,-0.06785007566213608,cross-group
probe,encoder,8,pooled_mean_content,42,ar,de,0.26779478788375854,nonafrican-nonafrican
probe,encoder,8,pooled_mean_content,42,ar,en,0.23122432827949524,nonafrican-nonafrican
probe,encoder,8,pooled_mean_content,42,ar,es,0.1413680613040924,nonafrican-nonafrican
probe,encoder,8,pooled_mean_content,42,ar,hi,0.1888255774974823,nonafrican-nonafrican
probe,encoder,8,pooled_mean_content,42,ar,uk,0.20239673554897308,nonafrican-nonafrican
probe,encoder,8,pooled_mean_content,42,ar,xh,0.08805852383375168,cross-group
probe,encoder,8,pooled_mean_content,42,ar,yo,0.05226585268974304,cross-group
probe,encoder,8,pooled_mean_content,42,de,en,0.35715630650520325,nonafrican-nonafrican
probe,encoder,8,pooled_mean_content,42,de,es,0.2616810202598572,nonafrican-nonafrican
probe,encoder,8,pooled_mean_content,42,de,hi,0.17650699615478516,nonafrican-nonafrican
probe,encoder,8,pooled_mean_content,42,de,uk,0.33450794219970703,nonafrican-nonafrican
probe,encoder,8,pooled_mean_content,42,de,xh,0.056540194898843765,cross-group
probe,encoder,8,pooled_mean_content,42,de,yo,-0.020866945385932922,cross-group
probe,encoder,8,pooled_mean_content,42,en,es,0.40443605184555054,nonafrican-nonafrican
probe,encoder,8,pooled_mean_content,42,en,hi,0.1383943408727646,nonafrican-nonafrican
probe,encoder,8,pooled_mean_content,42,en,uk,0.3094320297241211,nonafrican-nonafrican
probe,encoder,8,pooled_mean_content,42,en,xh,0.07406285405158997,cross-group
probe,encoder,8,pooled_mean_content,42,en,yo,0.007444757968187332,cross-group
probe,encoder,8,pooled_mean_content,42,es,hi,0.21737238764762878,nonafrican-nonafrican
probe,encoder,8,pooled_mean_content,42,es,uk,0.2566829025745392,nonafrican-nonafrican
probe,encoder,8,pooled_mean_content,42,es,xh,0.13832014799118042,cross-group
probe,encoder,8,pooled_mean_content,42,es,yo,0.03771187365055084,cross-group
probe,encoder,8,pooled_mean_content,42,hi,uk,0.1222483441233635,nonafrican-nonafrican
probe,encoder,8,pooled_mean_content,42,hi,xh,0.05372992530465126,cross-group
probe,encoder,8,pooled_mean_content,42,hi,yo,-0.0013358108699321747,cross-group
probe,encoder,8,pooled_mean_content,42,uk,xh,0.12023041397333145,cross-group
probe,encoder,8,pooled_mean_content,42,uk,yo,0.04280782490968704,cross-group
probe,encoder,8,pooled_mean_content,42,xh,yo,-0.030683375895023346,african-african
probe,encoder,8,pooled_mean_content,1337,am,ar,0.2705512046813965,nonafrican-nonafrican
probe,encoder,8,pooled_mean_content,1337,am,de,0.3553776144981384,nonafrican-nonafrican
probe,encoder,8,pooled_mean_content,1337,am,en,0.23871095478534698,nonafrican-nonafrican
probe,encoder,8,pooled_mean_content,1337,am,es,0.21301044523715973,nonafrican-nonafrican
probe,encoder,8,pooled_mean_content,1337,am,hi,0.32709622383117676,nonafrican-nonafrican
probe,encoder,8,pooled_mean_content,1337,am,uk,0.2623502314090729,nonafrican-nonafrican
probe,encoder,8,pooled_mean_content,1337,am,xh,0.14351734519004822,cross-group
probe,encoder,8,pooled_mean_content,1337,am,yo,-0.11457844078540802,cross-group
probe,encoder,8,pooled_mean_content,1337,ar,de,0.24576851725578308,nonafrican-nonafrican
probe,encoder,8,pooled_mean_content,1337,ar,en,0.2319118231534958,nonafrican-nonafrican
probe,encoder,8,pooled_mean_content,1337,ar,es,0.14534130692481995,nonafrican-nonafrican
probe,encoder,8,pooled_mean_content,1337,ar,hi,0.18686318397521973,nonafrican-nonafrican
probe,encoder,8,pooled_mean_content,1337,ar,uk,0.1914088875055313,nonafrican-nonafrican
probe,encoder,8,pooled_mean_content,1337,ar,xh,0.10300793498754501,cross-group
probe,encoder,8,pooled_mean_content,1337,ar,yo,0.029019856825470924,cross-group
probe,encoder,8,pooled_mean_content,1337,de,en,0.37353289127349854,nonafrican-nonafrican
probe,encoder,8,pooled_mean_content,1337,de,es,0.26369768381118774,nonafrican-nonafrican
probe,encoder,8,pooled_mean_content,1337,de,hi,0.20151598751544952,nonafrican-nonafrican
probe,encoder,8,pooled_mean_content,1337,de,uk,0.33964866399765015,nonafrican-nonafrican
probe,encoder,8,pooled_mean_content,1337,de,xh,0.05302014201879501,cross-group
probe,encoder,8,pooled_mean_content,1337,de,yo,-0.09168259799480438,cross-group
probe,encoder,8,pooled_mean_content,1337,en,es,0.3973223567008972,nonafrican-nonafrican
probe,encoder,8,pooled_mean_content,1337,en,hi,0.17482765018939972,nonafrican-nonafrican
probe,encoder,8,pooled_mean_content,1337,en,uk,0.3427320122718811,nonafrican-nonafrican
probe,encoder,8,pooled_mean_content,1337,en,xh,0.09482007473707199,cross-group
probe,encoder,8,pooled_mean_content,1337,en,yo,-0.03438197076320648,cross-group
probe,encoder,8,pooled_mean_content,1337,es,hi,0.25510627031326294,nonafrican-nonafrican
probe,encoder,8,pooled_mean_content,1337,es,uk,0.2730981111526489,nonafrican-nonafrican
probe,encoder,8,pooled_mean_content,1337,es,xh,0.12845835089683533,cross-group
probe,encoder,8,pooled_mean_content,1337,es,yo,-0.010669650509953499,cross-group
probe,encoder,8,pooled_mean_content,1337,hi,uk,0.15011948347091675,nonafrican-nonafrican
probe,encoder,8,pooled_mean_content,1337,hi,xh,0.05731778219342232,cross-group
probe,encoder,8,pooled_mean_content,1337,hi,yo,-0.0502590611577034,cross-group
probe,encoder,8,pooled_mean_content,1337,uk,xh,0.10041170567274094,cross-group
probe,encoder,8,pooled_mean_content,1337,uk,yo,-0.011491840705275536,cross-group
probe,encoder,8,pooled_mean_content,1337,xh,yo,-0.036259427666664124,african-african
probe,encoder,8,pooled_mean_content,2024,am,ar,0.24004682898521423,nonafrican-nonafrican
probe,encoder,8,pooled_mean_content,2024,am,de,0.37047305703163147,nonafrican-nonafrican
probe,encoder,8,pooled_mean_content,2024,am,en,0.1990734338760376,nonafrican-nonafrican
probe,encoder,8,pooled_mean_content,2024,am,es,0.20580682158470154,nonafrican-nonafrican
probe,encoder,8,pooled_mean_content,2024,am,hi,0.3431170880794525,nonafrican-nonafrican
probe,encoder,8,pooled_mean_content,2024,am,uk,0.24266096949577332,nonafrican-nonafrican
probe,encoder,8,pooled_mean_content,2024,am,xh,0.15303774178028107,cross-group
probe,encoder,8,pooled_mean_content,2024,am,yo,-0.11524374783039093,cross-group
probe,encoder,8,pooled_mean_content,2024,ar,de,0.2611735463142395,nonafrican-nonafrican
probe,encoder,8,pooled_mean_content,2024,ar,en,0.2289353609085083,nonafrican-nonafrican
probe,encoder,8,pooled_mean_content,2024,ar,es,0.1417870819568634,nonafrican-nonafrican
probe,encoder,8,pooled_mean_content,2024,ar,hi,0.17815928161144257,nonafrican-nonafrican
probe,encoder,8,pooled_mean_content,2024,ar,uk,0.21717685461044312,nonafrican-nonafrican
probe,encoder,8,pooled_mean_content,2024,ar,xh,0.04948834702372551,cross-group
probe,encoder,8,pooled_mean_content,2024,ar,yo,0.033040642738342285,cross-group
probe,encoder,8,pooled_mean_content,2024,de,en,0.35575225949287415,nonafrican-nonafrican
probe,encoder,8,pooled_mean_content,2024,de,es,0.2674388885498047,nonafrican-nonafrican
probe,encoder,8,pooled_mean_content,2024,de,hi,0.20747050642967224,nonafrican-nonafrican
probe,encoder,8,pooled_mean_content,2024,de,uk,0.347141295671463,nonafrican-nonafrican
probe,encoder,8,pooled_mean_content,2024,de,xh,0.05438113212585449,cross-group
probe,encoder,8,pooled_mean_content,2024,de,yo,-0.07285570353269577,cross-group
probe,encoder,8,pooled_mean_content,2024,en,es,0.40908104181289673,nonafrican-nonafrican
probe,encoder,8,pooled_mean_content,2024,en,hi,0.1736125946044922,nonafrican-nonafrican
probe,encoder,8,pooled_mean_content,2024,en,uk,0.32605311274528503,nonafrican-nonafrican
probe,encoder,8,pooled_mean_content,2024,en,xh,0.10998621582984924,cross-group
probe,encoder,8,pooled_mean_content,2024,en,yo,-0.03515391796827316,cross-group
probe,encoder,8,pooled_mean_content,2024,es,hi,0.23667651414871216,nonafrican-nonafrican
probe,encoder,8,pooled_mean_content,2024,es,uk,0.28539788722991943,nonafrican-nonafrican
probe,encoder,8,pooled_mean_content,2024,es,xh,0.11644995957612991,cross-group
probe,encoder,8,pooled_mean_content,2024,es,yo,0.012134764343500137,cross-group
probe,encoder,8,pooled_mean_content,2024,hi,uk,0.10581149160861969,nonafrican-nonafrican
probe,encoder,8,pooled_mean_content,2024,hi,xh,0.07495510578155518,cross-group
probe,encoder,8,pooled_mean_content,2024,hi,yo,-0.044918373227119446,cross-group
probe,encoder,8,pooled_mean_content,2024,uk,xh,0.12721958756446838,cross-group
probe,encoder,8,pooled_mean_content,2024,uk,yo,0.05453678220510483,cross-group
probe,encoder,8,pooled_mean_content,2024,xh,yo,-0.01472276821732521,african-african
