pair_id,language,toxic_input,detox_output,prediction,sim,fl,is_copy,sta,j
0,am,Egotistic ብሬንለስ ደደብ ብቻ ነው አገሩን ሚመራው,ለራሱ ብቻ የሚያስብ ነው  አገሩን የሚመራው,ብሬንለስ ብቻ ነው አገሩን ሚመራው,0.71451175,0.33583218895322625,False,1.0,0.6834479803606092
1,am,Ethiopia ብሩ ኣብይ ስለሆነ ሳይሆን የኢትዮጵያ ጠ/ሚኒስትር ስለነበረ ነው የተሰጠው ፤ ስለዚ ዓቃቤ ህግም ሊጠይቅ ግድ ይላል ። ካልሆነ ግን በስሙ Official ሌብነት ተብሎ,ብሩ የተሰጠው የኢትዮጵያ ጠ/ሚኒስትር ስለነበረ ነው  ፤ ስለዚ ዓቃቤ ህግም ይህን መጠየቅ ይችላል ።,Ethiopia ብሩ ኣብይ ስለሆነ ሳይሆን የኢትዮጵያ ጠ/ሚኒስትር ስለነበረ ነው የተሰጠው ፤ ስለዚ ዓቃቤ ህግም ሊጠይቅ ግድ ይላል ።,0.953633,0.613205521240792,False,1.0,0.855612843876071
2,am,Ethiopia: አይ የገልቱ ነገር። በቃ ሰላምን በጠብመንጃ ልታመጣልን ነዋ። ንግግርና ድርድር እንደጭራቅ በህልምህ እያባረረ ነዉ መችም። በወታደር ብዛት ቢሆን ደርግ እስከዛሬ ይ,Ethiopia:  በቃ ሰላምን በጠብመንጃ ልታመጣልን አትችልም። ንግግርና ድርድር ብቻ ነው ሰለምን የሚያስገኝ። በወታደር ብዛት ቢሆን ደርግ እስከዛሬ ይኖር ነበር,አይ የገልቱ ነገር። በቃ ሰላምን በጠብመንጃ ልታመጣልን ነዋ። ንግግርና ድርድር እንደጭራቅ በህልምህ እያባረረ ነዉ መችም። በወታደር ብዛት ቢሆን ደርግ እስከዛሬ ይሻላል፡፡,0.7697456,0.5445784600230162,False,1.0,0.7714413494418761
3,am,ሀሀሀሀሀ አሉላ እንግሊዘኛ መናገር ጀመረ እንዴ ? ምን አደከመው እዚሁ አሜሪካ ቁጭ ብለን በንግሊዝኛ የምናጥረግርጋትን ሼር አያደርግም እንዴ ? First Amen,አሉላ እንግሊዘኛ መናገር ጀመረ እንዴ ? ምን አደከመው እዚሁ አሜሪካ ቁጭ ብለን በንግሊዝኛ የምናወረዉን ኣያጋረም,አሉላ እንግሊዘኛ መናገር ጀመረ እንዴ ? ምን አደከመው እዚሁ አሜሪካ ቁጭ ብለን በንግሊዝኛ የምናጥረግርጋትን ሼር አያደርግም እንዴ ?,0.87167984,0.8192593391733136,False,1.0,0.89697972721513
4,am,ለመሆኑ ኢትዮጵያ ውስጥ ፕሬስ ሴክሬታሪ በህይወት አለ? ሞቶ ከሆነ ግን ነብስ ይማር,ለመሆኑ ኢትዮጵያ ውስጥ ፕሬስ ሴክሬታሪ አለ ብሎ መናገር ይቻላል,ለመሆኑ ኢትዮጵያ ውስጥ ፕሬስ ሴክሬታሪ በህይወት አለ? ሞቶ ከሆነ ግን ነብስ ይማር,1.0,0.5875427886805327,True,1.0,0.8625142628935109
5,am,ለውሸት የተፈጠርክ በሽተኛ በዚህ ዓይነት ሰውን ማደናገር የማትችልበት ጊዜ ደርሰሃል ሁሉ ነገርህ አስመሳይ ውሸታም ከስምህ ጀምረህ ፎርጅድ የሆንክ,የምትናገረው የሚታመን ነገር አይደለም፤  በዚህ አይነት ነገር ሰው ሊቀበልህ የማይችልበት ደረጃ ደርሷል,በዚህ ዓይነት ሰውን ማደናገር የማትችልበት ጊዜ ደርሰሃል በዚህ ዓይነት ሰውን ማደናገር የማትችልበት ጊዜ ደርሰሃል,0.72081584,0.16442428080137803,False,1.0,0.6284133727282161
6,am,ሌባ እሁንም ነገር ለማባባስ አፋቸው ይከፍታሉ የደደብ ስራ ነው ይተናገረው እሱ ብሎ ደግም አሳፋሪ,አሁንም ነገርን ከማባባስ አልተቆጠቡም ፤ የማይጠበቅ ነገር ነው የተናገረው,ሌባ እሁንም ነገር ለማባባስ አፋቸው ይከፍታሉ የደደብ ስራ ነው ይተናገረው,0.9868994,0.26088344408752123,False,1.0,0.7492609400010162
7,am,ልደቱ እንኳን ታሰረ ነዉ የምለዉ ከዚህ በኋላ ንቅናቄ እና ግንባር አያስፈልግም via,ልደቱ  ወደ መረፊያ ቤት ተወሰደ:: ከዚህ በኋላ ንቅናቄ እና ግንባር አያስፈልግም ተብሎ,ልደቱ እንኳን ታሰረ ነዉ የምለዉ ከዚህ በኋላ ንቅናቄ እና ግንባር አያስፈልግም,0.9733238,0.5474605080806185,False,1.0,0.8402614433673676
8,am,መስሪያ ቤት ስለ ኔዮ ሊብራሊዝም ሰይጣንነት ስንት እንዳላስተማሩን ??,መስሪያ ቤት ስለ ኔዮ ሊብራሊዝም መጥፎነት ስንት እንዳላስተማሩን ??,መስሪያ ቤት ስለ ኔዮ ሊብራሊዝም ሰይጣንነት ስንት እንዳላስተማሩን ??,1.0,0.8224700607044556,True,1.0,0.9408233535681519
9,am,ማፈሪያ ነህ ከምግባራቸ ስለሚናገር ነዋ እንዳንተ አይነት ሰዎችን መፅሀፉም ስለሚል 4.,ምግባራቸው ስለሚናገር ነዋ ስለ እናንተ ደግሞ መፅሀፉም ስለሚል 4.,ማፈሪያ ነህ ከምግባራቸ ስለሚናገር ነዋ እንዳንተ አይነት ሰዎችን መፅሀፉም ስለሚል,0.92994374,0.45008523186925653,False,1.0,0.7933429907457153
10,am,ምቀኛ፣ቡዳ ፣ሸርሙጣ፣ ሰፋሪ እሚባል እድፍ እሚወረወርብን የኛን ስነ ልቦና ለመዝረፍ ነው። እንኳን ዛሬ፡ በምድረ ቅጥረኛ ኮተት ጥንት ሙሶሊኒ በ,ይህ ሁሉ ስድብ  እሚወረወርብን የኛን ስነ ልቦና ለመዝረፍ ነው። እንኳን ዛሬ፡ ድሮም አልሰራ,ምቀኛ፣ቡዳ ፣ሸርሙጣ፣ ሰፋሪ እሚባል እድፍ እሚወረወርብን የኛን ስነ ልቦና ለመዝረፍ ነው።,0.9197725,0.5211531096586836,False,1.0,0.8136418718062921
11,am,ምነው የሚሳሳት አፍህን ብትዘጋው ኖሮ ፡፡ ግን አልቻላችሁም ፣ አልቻላችሁም ፣ እናም አሁን ዋጋ ስትከፍሉ ነው ደደብ ደደብ። በአንተ ላይ ቁ,ምነው ወይ ዝም ብትል ፡፡ግን አልቻላችሁም ፤ በዚህም ዋጋ ልትከፍሉ ነው,ምነው አፍህን ብትዘጋው ኖሮ ፡፡ ግን አልቻላችሁም ፣ አልቻላችሁም ፣ እናም አሁን ዋጋ ስትከፍሉ ነው,0.9206989,0.4073323495188768,False,1.0,0.7760104102227229
12,am,ምድረ ደነዝ ሁሉ ጭንቅላቱ ሲጠብ ጭንቅላት ያላቸውን ሰዎች መደብደብ ያው ዝቅተኛነታቸውን ያሳያል:: ይኸው ነው የነታከለ ኡማና ሽመልስ ማፊያ ማደራጀት::,መሰብ አይችሉም  ሰዎች መደብደብ ያው የበታችነት ስሜት እንደ ሚሰማቸው ያሳያል::,ምድረ ደነዝ ሁሉ ጭንቅላቱ ሲጠብ ጭንቅላት ያላቸውን ሰዎች መደብደብ ያው ዝቅተኛነታቸውን ያሳያል::,0.83828163,0.3112543820027633,False,1.0,0.7165120044908299
13,am,ሰማ አንተ ደደብ ሰው መተከልን እንዳስጨረስክ አትቀርም ዋጋህን እሰጣሀለሁ,አንተ እማታስብ  መተከልን እንዲህ እንዳመስካት አትቀርም  ዋጋ ትከፍላለህ,ሰማ አንተ መተከልን እንዳስጨረስክ አትቀርም ዋጋህን እሰጣሀለሁ,0.8646573,0.33718934514060545,False,1.0,0.7339488759899634
14,am,ሲፈርስ ለምን ማስቆም አልቻለም አላልኩም ግን ሀውልቱ ወደ ቦታው አለመመለሱ ግን የሱ ፍላጎት ነው . ሰሞኑንማ የጤና ያርግልህ ????,ሲፈርስ ለምን ማስቆም አልቻለም አላልኩም ግን ሀውልቱ ወደ ቦታው አለመመለሱ ግን የሱ ፍላጎት ነው,ሲፈርስ ለምን ማስቆም አልቻለም አላልኩም ግን ሀውልቱ ወደ ቦታው አለመመለሱ ግን የሱ ፍላጎት ነው . ሰሞኑንማ የጤና ያርግልህ ????,1.0,0.9266115550823344,True,1.0,0.9755371850274447
15,am,ሳዳምን ከአይጥ ጉድጓድ አውጥተው ካስፈረዱበት አንዱ ነኝ አንተንም አገኝሃለሁ አንተ ውሻ የውሻ ልጅ,ሳዳምን ከአይጥ ጉድጓድ አውጥተው ካስፈረዱበት አንዱ ነኝ የጊዜ ጉደይ ነው,ሳዳምን ከአይጥ ጉድጓድ አውጥተው ካስፈረዱበት አንዱ ነኝ አንተንም አገኝሃለሁ,0.90603465,0.7544053213361469,False,1.0,0.8868133232515244
16,am,ሺ መጋረጃዎችን ብትጠቀም እውነትን አቀብራትም። ውሻ።,ብዙ ምክንያቶችን ብታስቀምጥም እውነት እውነት ናት።,ሺ መጋረጃዎችን ብትጠቀም እውነትን አቀብራትም።,0.97416425,0.1881574955180076,False,1.0,0.7207739143436083
17,am,ቀበሌን ቀበሌ ቆማጣን ቆማጣ ስተለው ለምንድን ነው የሚከፋው?? ደሞ ከባድ የቀበሌ ዋጋ ምንድን ነው?? ዘይት መስረቅ ነው,ነገሮችን በስማቸው መጥራት ለምንድነው ቅሬታ የሚፈጥረው፤ ከባድ የሆነው የቀበሌ ዋጋስ ምንድነው ;,ቀበሌን ቀበሌ ቆማጣን ስተለው ለምንድን ነው የሚከፋው?? ደሞ ከባድ የቀበሌ ዋጋ ምንድን ነው??,0.95886254,0.21632865977260174,False,1.0,0.7250637342928936
18,am,በሁለት ቀን ልዩነት የተለያየ ነገር መናገሩ ልያስገርመን አይገባም.ከመሀይምነቱ የተነሳ በአንድ አረፍተ ነገር ላይ ሁሉት ተቃራኒ ነገሮችን ይናገራ . ጌታቸው ረዳ በTMH,በሁለት ቀን ልዩነት የተለያየ ነገር መናገሩ ልያስገርመን አይገባም.ከለመወቁ የተነሳ በአንድ አረፍተ ነገር ላይ ሁሉት ተቃራኒ ነገሮችን ይናገራ,በሁለት ቀን ልዩነት የተለያየ ነገር መናገሩ ልያስገርመን አይገባም.ከመሀይምነቱ የተነሳ በአንድ አረፍተ ነገር ላይ ሁሉት ተቃራኒ ነገሮችን ይናገራ .,0.960321,0.9017700723996291,False,1.0,0.9540303605195725
19,am,በመንጋዊ ስሜት ሆ  ማለት : ምን ይዞ እየመጣ እንደሆነ እያየነው ነው። ብቻ መጨረሻው ያሳምረው,በህብረት ና  በስሜት መውትጣት  : ምን ይዞ እየመጣ እንደሆነ እያየነው ነው። ብቻ መጨረሻው ያሳምረው,በመንጋዊ ስሜት ሆ ማለት : ምን ይዞ እየመጣ እንደሆነ እያየነው ነው። ብቻ መጨረሻው ያሳምረው,1.0,0.7354985428670688,False,1.0,0.9118328476223563
20,am,በኢትዮጵያን አባባል በጣም ደደብ እና ውሸታም ነህ።,በኢትዮጵያን አባባል መልካም ሰው አይደለኸም፡፡,በኢትዮጵያን አባባል በጣም ደደብ እና ውሸታም ነህ።,1.0,0.3973291954202454,True,1.0,0.7991097318067485
21,am,በዘራህዉ ልክ ማጨድህ አይቀርም የጊዜ ጉዳይ እንጅ,በጊዜ ሂደት ማንም ለሰራው በደል መልሱን ማግኘቱ አይቀርም,የጊዜ ጉዳይ እንጅ,0.5056542,0.03361359196204298,False,1.0,0.513089269258242
22,am,ብሌን ይሄ ሰው የአማራ ፍፁም ጠላት እንደሆነ ብዙ መረጃ አለኝ። He is just useless የምትወጅው ከሆነ ይቅርታ። ፕሮፌሰር አስራት ወልደየስን ያስያዘ እሱ ነ,ብሌን ይሄ ሰው ለአማራ ህዝብ ብዙ የሚጠቅም ሀሳብ እንሌለው በመረጃ ጭምር መናገር እችላለሁ፡ ከይቅርታ ጋር,ብሌን ይሄ ሰው የአማራ ፍፁም ጠላት እንደሆነ ብዙ መረጃ አለኝ። He is just useless የምትወጅው ከሆነ ይቅርታ።,0.9541307,0.19717181887049523,False,1.0,0.7171008426805968
23,am,ቦቅቧቃ እንደአንተ አይነቱን ታድዮስ ታንቱ በመድረክ አስነጥሶ ይዘርራል። እዚህ እንዴት እንደደረስክ የካድክ ውለታ ቢስ መሆንህን የሚያሳየ,አንተን ታድዮስ ታንቱ በመድረክ የሀሳብ ፍጭት በደንብ ያሳምናል። ዛሬ ላይ እንዴት እንደደረስክ ሳታምን መምጣትህን,ታድዮስ ታንቱ በመድረክ አስነጥሶ ይዘርራል። እዚህ እንዴት እንደደረስክ የካድክ ውለታ ቢስ መሆንህን የሚያሳየ,0.8864455,0.37156940436451413,False,1.0,0.752671642224288
24,am,ታዲያ አንተ ተጋሩ ፕጅ ላይ ምን ታደርጋለህ???,ታዲያ አንተ እዚህ ፕጅ ላይ ምን ታደርጋለህ???,ታዲያ አንተ ፕጅ ላይ ምን ታደርጋለህ???,0.9146967,0.7572290736770455,False,1.0,0.8906419223658185
25,am,ትግላቹ ገደል ገባ አውሮፓ አሜሪካ አረብ አገር ሆነሽ ነው ምትታገይ ገልቱ,ውጭ ሆኖ የሚደረግ ትግል ውጤታማ አይሆንም፡፡,ትግላቹ ገደል ገባ አውሮፓ አሜሪካ አረብ አገር ሆነሽ ነው ምትታገይ,0.9892649,0.0869446769187851,False,1.0,0.6920698607905044
26,am,አማራ ክልል የሚሰበሰበው ባለስልጣን ለምን ይሆን ተላላኪና ንክ የሆነው። አበረ የሚሉት የፓሊስ ኮሚሽነር የቀረው እኮ ክላሽ ይዞ ስቲዲዮ ውስጥ አሳምነው ገዳይ ብሎ መሸለል ነው። ስንት ከብት አለ።,አማራ ክልል ውስጥ ያሉ የመንግስት ሹሞች ችግር ያለባቸው ነው የሚመስለኝ፡፡ የፓሊስ ኮሚሽነሩ ስቲዲዮ ውስጥ  መሸለል የሚቃጣው ነወ የሚመስለው።,አማራ ክልል የሚሰበሰበው ባለስልጣን ለምን ይሆን ተላላኪና ንክ የሆነው። አበረ የሚሉት የፓሊስ ኮሚሽነር የቀረው እኮ ክላሽ ይዞ ስቲዲዮ ውስጥ አሳምነው,0.94084626,0.2569913736689928,False,1.0,0.7326125460104427
27,am,አስመሳይ አብይ አሕመድ ትግራይ ለመርዳት እቅድ ኑሮህ አያቅም።,አብይ አሕመድ ትግራይ ለመርዳት ያሰበ አይመስለኝም,አብይ አሕመድ ትግራይ ለመርዳት እቅድ ኑሮህ አያቅም።,0.9807172,0.5864499785539766,False,1.0,0.8557223869044668
28,am,አብሮ መኖርን አውሪ ጥላቻን አትስበኪ የብዙሐን ሀገር ናት ኢትዮጵያ በጭንቅላት እደጊ,አብሮ መኖርን ነው ማውራት ያለብሽ የብዙሐን ሀገር ናት ኢትዮጵያ,አብሮ መኖርን አውሪ ጥላቻን አትስበኪ የብዙሐን ሀገር ናት ኢትዮጵያ,0.97533894,0.5741546552528884,False,1.0,0.8498311970349798
29,am,አብን ውስጤ ነው ብለሽ ነው የዘለልሽው ?? ቀዳዳ አስመሳይ.,የአብን  ደጋፊ ነኝ ብለሽ ነው የዘለልሽው፤ ከልብሽ አይመስልም,አብን ውስጤ ነው ብለሽ ነው የዘለልሽው ??,0.91670954,0.36477180229463124,False,1.0,0.7604937815230355
30,am,አብይ ነበልባል የሆነውን የማይጠፋ ፍም እሳት ኢትዮጵያዊነቴ ላይ: ጋዝ ጨመረበት እንጂ: ያው እሳት እሳት ነው?? የፓርላማውሎ Ethioጵia,ውስጤ ያለውን ትልቅ የሀገር መውደድ ስሜት ፤ አብይ የበለጠ አነሳሳው,አብይ ነበልባል የሆነውን እሳት ኢትዮጵያዊነቴ ላይ: ጋዝ ጨመረበት እንጂ: ያው እሳት እሳት ነው??,0.9324188,0.09471238909553618,False,1.0,0.6757104041125745
31,am,አንተ የጠንቃይ ልጁ ደም መጣጭ የምት ፈርድ የምታገኝበት ሩቅ ኣይደለም አንተ ዲቃላ,በሰዎች ላይ አትፍረድ ፤ እንዳይፈረድብህ,የጠንቃይ ልጅ ደም መጣጭ የምታገኝበት ሩቅ ነው,0.8032289,0.03115264797507788,False,1.0,0.6114605209042597
32,am,አንተ ደደብ ጀግንነት ሲቪል ሰው በማጥቃት ነው እንዴ አንተ ማትረባ አጋሰስ,ጀግንነት ሲቪል ሰው ማጥቃት አድርገህ  ነው እንዴ የምታየው ?,ጀግንነት ሲቪል ሰው በማጥቃት ነው እንዴ,0.8361957,0.44676082518427035,False,1.0,0.7609855108351459
33,am,አንተ ግም እና የገለማህ ነህ ከትግራይ ታቦቱን ተመኝተህ ህዝብና መሬቱን ካድክ ድሮም ባንዳ ብህሪው ነው,የትግራይ ታቦትን እየተመኙ ፤ ህዝብና መሬቱን መርሳት ትክክል አይደለም፡፡,የትግራይ ታቦቱን ተመኝተህ ህዝብና መሬቱን ካድክ,0.7117815,0.3230636436235447,False,1.0,0.6782817151311881
34,am,አንቺ ምነው እንዲህ ቅጥል አልሽ የሰው ድምጽ ለማፈን ብለሽ ነው ደደብ ሂጅይ እዛ የህወሀት ቡችላ።,አንቺ በዚህ ደረጃ ልትበሳጪ አይገባም ሰውም ድምፁን በነፃነት ማሰማቱ ተገቢ ነው ፡፡,አንቺ ምነው እንዲህ ቅጥል አልሽ የሰው ድምጽ ለማፈን ብለሽ ነው እዛ የህወሀት ቡችላ።,0.96691084,0.09195218737901666,False,1.0,0.6862876754866091
35,am,አንች ዲቃላ ሞናሊዛ ላይ የደረሰው ግፍ ባንቺ እና በልጆችሽ ፤በእህትሽ ፤ቤተሰቦችሽ ይድረስሽ ቢያንስ አንቺ ሴት ነሽ ቆሻሻ።,በሞናሊዛ ላይ የደረሰው ግፍ ባንቺ እና ቤተሰቦችሽ ቢደርስስ,ሞናሊዛ ላይ የደረሰው ግፍ ባንቺ እና በልጆችሽ ፤በእህትሽ ፤ቤተሰቦችሽ ይድረስሽ ቢያንስ አንቺ ሴት ነሽ።,0.9427304,0.6122280141768887,False,1.0,0.8516528136550728
36,am,አዎ ምን አባሽ አባትህ አገባህ እንደናንተ የአለም ህዝብ ድንጋይ ራስ መሰላችሁ ለእውነት ይቆማል ድንጋይ ራስ ኮተታም ሁላ,አይመለከታችሁም እንደናንተ የአለም ህዝብ ሁኔታውን የማይረዳ መሰላችሁ ለእውነት ይቆማል የማታስቡ,አዎ ምን አባሽ አባትህ አገባህ እንደናንተ የአለም ህዝብ ድንጋይ ራስ መሰላችሁ ለእውነት ይቆማል,0.9803561,0.47386209384685235,False,1.0,0.8180727303560756
37,am,አዎ:አንመሰክራለን። ምን ታረገዋለህ:እነ ቴዲ : ሀጫሉ: አሰጌ: እያሉ:ምድረ :የወያኔ:አጫፋሪ:ቤተ መንግስት: ግብዣ:ተጠራ። ይገርማል። Ethiopia,አዎ:አንመሰክራለን። ምን ታረገዋለህ:እነ ቴዲ : ሀጫሉ: አሰጌ: እያሉ:ሁሉም:ደገፊ :ቤተ መንግስት: ግብዣ:ተጠራ።  Ethiopia,አዎ:አንመሰክራለን። ምን ታረገዋለህ:እነ ቴዲ : ሀጫሉ: አሰጌ: እያሉ:ምድረ :የወያኔ:አጫፋሪ:ቤተ መንግስት: ግብዣ:ተጠራ። ይገርማል።,0.9840655,0.7383331943472727,False,1.0,0.9074662224756515
38,am,አይ እስከሚቀጥለው ክሪስትማስ ይቆያል እንጂ ለምን ይነሳል ልበልህ? ዱቄታም??????,አይ እስከሚቀጥለው ክሪስትማስ ይቆያል እንጂ ለምን ይነሳል ልበልህ ?,አይ እስከሚቀጥለው ክሪስትማስ ይቆያል እንጂ ለምን ይነሳል ልበልህ?,0.9578264,1.0,False,1.0,0.9859421253204346
39,am,አፈር ብይ አሮጊት አንቺ አሁን አምሮብሽ ነው እምታቀሳስሪው ባለጌ ካሃዲ የነዚህ እንባ ይፋረዳችሁ አቺም ብስብስ አሮጊ በዚህ እድሜሽ ወደ ቤተክርስትያን እንጂ,ከአንቺ ይኸ አይጠበቅም ነበር ፤ የነዚህ እንባ ይፋረዳችሁ ፤ አንቺም በዚህ እድሜሽ ወደ ቤተክርስትያን እንጂ,አንቺ አሁን አምሮብሽ ነው እምታቀሳስሪው ካሃዲ የነዚህ እንባ ይፋረዳችሁ አቺም ብስብስ አሮጊ በዚህ እድሜሽ ወደ ቤተክርስትያን እንጂ,0.9276113,0.5575765182575632,False,1.0,0.8283959365553674
40,am,ኡዝቤኪስታን እና ታጃኪስታን የሉበትም። ጉራ ብቻ። ምርኮኛ,ኡዝቤኪስታን እና ታጃኪስታን የሉበትም። ምንድነው ብዙ ብዙ ማውራት,ኡዝቤኪስታን እና ታጃኪስታን የሉበትም። ጉራ ብቻ።,0.9383067,0.6277952391431046,False,1.0,0.8553673094684983
41,am,ኤጭ ዘረኛ ሆንክ አንተም ግን አልታወቀህም መሰለኝ,አንተም ወገንተኛ ሆንክ መሰለኝ ግን አልታወቀህም መሰለኝ,አንተም ግን አልታወቀህም መሰለኝ,0.7079663,0.49817975527257624,False,1.0,0.7353820276466042
42,am,እሚያናድደኝ እየተሰራበትን ያለውን ሴራ አለማወቁ ነው። ፍትህ_ለ_ዞላ ??,እሚያናድደኝ እየተሰራበትን ያለውን ድብቅ ስራ አለማወቁ ነው። ፍትህ_ለ_ዞላ ??,እሚያናድደኝ እየተሰራበትን ያለውን ሴራ አለማወቁ ነው። ፍትህ_ለ_ዞላ ??,1.0000001,0.8461034285137267,True,1.0,0.9487011825743387
43,am,እረ እህቶቼ በዙ ሰዎች.?? ይቺ ፉንጋ እንኳን እንደ ወንድሜ እኮ ነው የማይህ ትበለኝ ??,እረ እህቶቼ በዙ ሰዎች.?? ይቺም እንደ ወንድሜ እኮ ነው የማይህ ትበለኝ ??,እረ እህቶቼ በዙ ሰዎች.?? ይቺ እንኳን እንደ ወንድሜ እኮ ነው የማይህ ትበልኝ ??,0.9839824,0.7992466018640342,False,1.0,0.9277429953562996
44,am,እናትህ አንተ ጋድሚያ ተነስ ልትበቅል ነው እንዴ ስትል እንደመስማት Blessing የለም ??,እናትህ አንተ ተነስ እንጂ  ልትበቅል ነው እንዴ ስትል እንደመስማት Blessing የለም ??,እናትህ አንተ ጋድሚያ ተነስ ልትበቅል ነው እንዴ ስትል እንደመስማት Blessing የለም ??,1.0000001,0.8210470989735892,True,1.0,0.9403490727276264
45,am,እንተ ደግሞ ጅል ነህ እንደ ገደል ማሚቶ የማታውቀውን ነገር ዝም ብለህ አታስተጋባ,አንተ ደግሞ የዋህ ነህ ፤ የተባለውንና  የማታውቀውን ነገር እንዳለ አትድገምልን,አንዳንድ ጊዜ እንደ ገደል ማሚቶ የማታውቀውን ነገር ዝም ብለህ አታስተጋባ,0.7528558,0.2822423607121171,False,1.0,0.6783660461508653
46,am,እንደ አንተ አይነቶች ናቸዉ ሀገራችንን እያመሱ ያሉት ደንቆሮች መሀይሞች ጭንቅላታቸው የተመረዘ የጠበበ አንተ ስለሀገር,እናንተ ናችሁ ሀገራችንን እንዲህ ችግር ላይ የምትጥሏት ፤ አርቃችሁ አታስቡ፣ በጎውን ሀሳብ አታመጡ,እነርሱን እያመሱ ያሉት ሀገራችንን እያመሱ ያሉት ደንቆሮች መሀይሞች ጭንቅላታቸው የተመረዘ የጠበበ አንተ ስለሀገር,0.67809576,0.1610342367932892,False,1.0,0.6130433315848541
47,am,እዩት እሄን ጅል.አሁን በዚህ ሰአት ማምለክ ይሻላል ወይስ ስሙ ይቀየርልኝ ብሎ ማላዘን ??,እዩት እሄን ሰው.አሁን በዚህ ሰአት መቀበል ይሻላል ወይስ ስሙ ይቀየርልኝ ብሎ መጮህ ??,እዩት እሄን ጅል.አሁን በዚህ ሰአት ማምለክ ይሻላል ወይስ ስሙ ይቀየርልኝ ብሎ ማላዘን ??,1.0,0.6226632026267833,True,1.0,0.874221067542261
48,am,ከነዚህ አውሬዎች ጋር የሚኖር አንድነት የለም:: እጣፈንታችን በእጃችን ነው::,ከነዚህ ሰዎች  ጋር የሚኖር አንድነት የለም:: እጣፈንታችን በእጃችን ነው::,ከነዚህ ወሬዎች ጋር የሚኖር አንድነት የለም:: እጃችን በእጃችን ነው::,0.8282082,0.7339421318026473,False,1.0,0.8540501132955846
49,am,ከናንተ እንካን ጥሩ አንጠብቅም ግን ሰው ከሆንክ ትንሽ ሰብኣዊነት ካለህ ድምጽ እንካን ባትሆነን አፍህ,ካንተ ብዙ ባልጠብቅም ቢያንስ በሰብአዊነት ድምፅ እንኳን መሆን ባትችል ተቃውሞ አያስፈልግም,ከናንተ ጥሩ ነገሮችን አንጠብቅም ግን ሰው ከሆንክ ትንሽ ሰብኣዊነት ካለህ ድምፅ እንካን ባትሆነን አፍህ,0.9268986,0.19067517527424646,False,1.0,0.7058579246484019
50,am,ክልል መፈንቅለ መንግስት ይደረጋል? መረጃችሁን አስተካክሉ:: የሴራ ዜና ከጠሚ ቢሮ እየተቀበላችሁ ህዝብ አታምታቱ,ክልል መፈንቅለ መንግስት ሊያደርግ ይችላል? መረጃችሁን አስተካክሉ:: ሌላ ዜና ከተሰሰተ ምንጭ እየተቀበላችሁ ህዝብ አታሳስቱ,ክልል መፈንቅለ መንግስት ይደረጋል? መረጃችሁን አስተካክሉ::,0.8532595,0.4320706990731534,False,1.0,0.7617767343048513
51,am,የሆንህ የታሪክ አተላና ገገማ ነህ  በጣም ነው የምታናድደን ኩበት,ነገሮች ቶሎ የሚገቡህ ጥሩ ሰው አደለህም ፤ ታናድዳለህ,የሆንህ የታሪክ አተላና ገገማ ነህ በጣም ነው የምታናድደን ኩበት,1.0,0.0961370972880185,False,1.0,0.6987123657626729
52,am,የራሷ እያረረ የሰው ታማስላለች ለመሆኑ በየትኛው ሙራልህ ለ ቻይና happy የሚል መልዕክት ማስተላለፍ የፈለከው ?,ከእኛ ነባራዊ ሁንታ ጋር የማይጣጣምን ነገር፤ ለ ቻይና happy የሚል መልዕክት ለምን ማስተላለፍ እንደፈለክ አልገባኝም,የራሷ እያረረ የሰው ታማስላለች ለመሆኑ በየትኛው ሙራልህ ለቻይና happy የሚል መልዕክት ማስተላለፍ የፈለከው ?,0.9896061,0.3425682126670563,False,1.0,0.7773914317021596
53,am,የቀን ጅብስ አንደ አንቺ አይነቶቹ ናቸው፣ ስው የሚይርዱት ፣ ስው የሚያቃጥሉት እና የሚጭፍሩት መደመር እና መቀነስ ተማሪ ቡዳ,የመልካም አስትደደር ችግር ያለባቸው እንደ አንቺ አይነቶቹ ናቸው፣ ለሰው አዘኒታ የሌላቸው,የቀን ጅብስ አንደ አንቺ አይነቶቹ ናቸው፣ ስው የሚይርዱት ፣ ስው የሚያቃጥሉት እና የሚጭፍሩት መደመር እና መቀነስ ተማሪ ቡዳ,1.0,0.2892866970024653,True,1.0,0.7630955656674884
54,am,የጀግናው ጄነራል አሳምነው ጽጌ የቀብር ስነ ስርዓት  ጀግና አይሞትም  ሞት በምላሳቸው ለሚደልሉን ባንዳዎች,የጀግናው ጄነራል አሳምነው ጽጌ የቀብር ስነ ስርዓት ጀግና አይሞትም ሞት በአፋቸው ስለሚያወሩት ሰዎች,የጀግናው ጄነራል አሳምነው ጽጌ የቀብር ስነ ስርአት ጀግና አይሞትም ሞት በምላሳቸው ለሚደልሉን ሰዎች,0.9911179,0.6803627596582884,False,1.0,0.8904935514359313
55,am,ያንተ ቃል ከትዊተር አያልፍም እርሳቸው ግን በዚያው በክብራቸው ይቆያሉ።,አንተ በትዊተር ስለሳቸው በፃፍከው የእሳቸውን ክብር ዝቅ አያደርገውም,ያንተ ቃል ከትዊተር አያልፍም እርሳቸው ግን በዚያው በክብራቸው ይቆያል፡፡,0.9772669,0.17649603394837204,False,1.0,0.7179209805467758
56,am,ይሄ በህዝብ ሲያዝ ፖሊስ ነኝ ፖሊስ ነኝ እያለ ሢለምን የነበረው ሲቪል መስሎ ቦምብ ለመጣል ሢያደባ የታየዘና እውነትም ፖሊስ ሆኖ ተገኝቷል ያውም ዋና ኤኒስፔክተር -,ይሄ በህዝብ ሲያዝ ፖሊስ ነኝ ሲል የነበረ ሌላ ጊዜ ሲቪል መስሎ አደጋ ሊያደርስ ሲንቀሳቀስ ተገኝቶ ፖሊስ ሆኖም ተገኝቷል,ይሄ በህዝብ ሲያዝ ፖሊስ ነኝ ፖሊስ ነኝ እያለ ሢለምን የነበረው ሲቪል መስሎ ቦምብ ለመጣል ሣያደባ የታየዘና እውነትም ፖሊስ ሆኖ ተገኝቷል ያውም ዋና ኤኒስፔክተር -,0.9983811,0.38382468494233973,False,1.0,0.7940685877285318
57,am,ይድረስ ለ ዘረኛው ዲቃላ  . መስሎህ እንጅ ነገ ሌላ ቀን ነው ።,ተራጋጋ መስሎህ እንጅ ነገ ሌላ ቀን ነው ።,ይድረስ ለዘረኛው ዲቃላ . መስሎህ እንጅ ነገ ሌላ ቀን ነው ።,0.92033935,0.6972519912018478,False,1.0,0.8725304457112849
58,am,ደነዝ። ሁሉም እንደናንተ በገንዘብ የሚገዛ ይመስላችኋል,ሁሉም እናንተ እንደምታስቡት በገንዘብ የሚታለል ይመስላችኋል,ሁሉም እንደናንተ በገንዘብ የሚገዛ ይመስላችኋል,0.84402907,0.43183732165963284,False,1.0,0.7586221302021571
59,am,ፌስ ቡክ ላይ ሴተኛ አዳሪ ይመስል ፎቶውን ሲለጥፍ የከረመ ሰው ገዳይና መሰሪው አብይን መደገፉ ባይገርምም አንተን የኢትዮጵያ ጠላት አድርጎ መሳሉ ሊያስገርምህ አይገባም  አብይ መሰሪ ገዳይ ነው,ፌስ ቡክ ላይ ተራ ፎቶዎችን የሚለጥፍ  ሰው ጠ/ሚሩን  መደገፉ  እና አንተን ጥሩ እንዳልሆነ ሰው ማቅረቡ  ሊያስገርምህ አይገባም,ፌስ ቡክ ላይ ሴተኛ አዳሪ ይመስል ፎቶውን ሲለጥፍ የከረመ ሰው ገዳይና መሰሪው አብይን መደገፉ ባይገርምም አንተን የኢትዮጵያ ጠላት አድርጎ መሳሉ ሊያስገርምህ አይገባም,0.9850427,0.32814275376175756,False,1.0,0.7710618149975105
60,ar,آمل أن يجدوهم ويشنقوهم عاليا,آمل أن يجدوهم ويضعوهم في العدالة,آمل أن يجدوهم ويشنقوهم عاليا,1.0,0.5200318256991591,True,1.0,0.8400106085663864
61,ar,أحقر جريدة شفتها بهذا الوجود,أسوأ جريدة شفتها بهذا الوجود,أحقر جريدة شفتها بهذا الوجود,1.0000002,0.8197110447396488,True,1.0,0.9399037610527426
62,ar,أنت واحد مليء بالكراهية ياصديقي!,أنت صديق لا يحب الآخرين,أنت واحد مليء بالكراهية ياصديقي!,1.0,0.23196443261115485,True,1.0,0.7439881442037183
63,ar,أنصار درامب المزريون يعتقدون أن أي شخص ليس أبيضاً هو بالتأكيد غير قانوني.,أنصار درامب يعتقدون أن أي شخص ليس أبيضاً هو بالتأكيد غير قانوني.,أنصار درامب يعتقدون أن أي شخص ليس أبيضاً هو بالتأكيد غير قانوني.,0.9817851,1.0,False,1.0,0.9939283728599548
64,ar,إذا جاء أي من الأطفال الذين لا يحترمون الديمقراطية، فسيكون ذلك هجرة غبية,إذا أتى أي من الأطفال الذين لا يحترمون الديمقراطية، فإنه سيكون استنزاف سيئ.,إذا جاء أي من الأطفال الذين لا يحترمون الديمقراطية، فسيكون ذلك هجرة غير مطلعة,0.96186733,0.6542485323963984,False,1.0,0.8720386216182981
65,ar,اشرف وانزه من ابوك يا ابن سته وستين زنوه,اشرف وانزه من ابوك يا ابن سته وستين محترم,اشرف وانزه من ابوك يا ابن سته وستين زنوه,1.0,0.8410785846042266,True,1.0,0.9470261948680756
66,ar,"اضحك مع خرافات الرافضة 😂🤣 قال الخميني: "" سَببُ مُلوحَة مِياه البحرِ هُو بكاء الأسماكِ على مقتلِ الحسين.! 📚|[بحر الأنوار(ص: ١٢٥)]","اضحك مع خرافات الشيعة😂🤣 قال الخميني: "" سَببُ مُلوحَة مِياه البحرِ هُو بكاء الأسماكِ على مقتلِ الحسين.! 📚|[بحر الأنوار(ص: ١٢٥)]","اضحك مع خرافات الرافضة 😂🤣 قال الخميني: "" سَببُ مُلوحَة مِياه البحرِ هُو بكاء الأسماكِ على مقتلِ الحسين.! 📚|[بحر الأنوار(ص: ١٢٥)]",1.0,0.9452780600047176,True,1.0,0.9817593533349059
67,ar,اقسم بالله تعبتنا ياميسي يلعن امك ما اقواك ياخي 💙 💙,اقسم بالله تعبتنا ياميسي ما اقواك ياخي 💙 💙,اقسم بالله تعبتنا ياميسي ما اقواك ياخي 💙 💙,0.96524715,1.0,False,1.0,0.9884157180786133
68,ar,البنات الي يقولون الولد خروف ترا الخروف مايلحق إلا التبن فهمتي ياهبلة منك ليها😏🤭 حلفت ماحد يشكرني ياعيال😌,البنات الي يقولون الولد خروف ترا الخروف مايلحق إلا التبن فهمتي منك ليها😏🤭 حلفت ماحد يشكرني ياعيال😌,البنات الي يقولون الولد خروف ترا الخروف مايلحق إلا التبن فهمتي ياهبلة منك ليها😏🤭 حلفت ماحد يشكرني ياعيال😌,1.0000001,0.9536827845717193,True,1.0,0.984560967927003
69,ar,الدكتور بيقولي بلاش عصبية مش عارف اني بتعامل مع منايك تربية زرايب,الدكتور بيقولي بلاش عصبية مش عارف اني بتعامل مع ناس بدون تربية,الدكتور بيقولي بلاش عصبية مش عارف اني بتعامل مع منايك تربية زرايب,1.0000001,0.8058198921652402,True,1.0,0.9352733371248432
70,ar,الرجاء تضمين كل الحماقات التي يفلت منها الحزب الديموقراطي أيضاً.,الرجاء تضمين كل الأمور التي يفلت منها الحزب الديموقراطي أيضاً.,الرجاء تضمين كل الحماقات التي يفلت منها الحزب الديموقراطي أيضاً.,1.0000001,0.8662805319729671,True,1.0,0.9554268837274189
71,ar,السبب الوحيد لهذا الغباء هو أنها على أرضها الفيدرالية,السبب الوحيد الذي يسمح بحدوث هذا هو أنها أرض فيدرالية,السبب الوحيد لهذا الغباء هو أنها على أرضها الفيدرالية,1.0000002,0.4764493555038351,True,1.0,0.825483197974138
72,ar,الله يلعن ابوك قعدت اقرا قلت الولد بيسدح لهم الحين تغريدتين يجاوب,قعدت اقرا قلت الولد بيسدح لهم الحين تغريدتين يجاوب,الله يرحم ابوك قعدت اقرا قلت الولد بيسدح لهم الحين تغريدتين يجاوب,0.9688853,0.9426431746890791,False,1.0,0.9705094924109064
73,ar,الله يلعن امك حكم !!!!!!,احكم !!!!!!,الله يرحم امك حكم !!!!!!,0.9628525,0.6902498438868296,False,1.0,0.8843674406380577
74,ar,الله يلعن كس ام سخافتكم ي شراميط انفجار دمر نص بيروت سبب ضحايا و مفقودين تجون تسوون عليه نكت سافله مثلكم ؟ لكم مقا,اانفجار دمر نص بيروت سبب ضحايا و مفقودين تجون تسوون عليه نكت سافله؟ لكم مقا,الله يرحم ام سخافتكم ي انفجار دمر نص بيروت سبب ضحايا و مفقودين تجون تسوون عليه نكت سافله مثلكم ؟ لكم مقا,0.98017955,0.8761320294011685,False,1.0,0.9521038592215728
75,ar,اللهم إنا نعوذ بك من الخبث و الخبائث ما بقى غير هالاشكال تملي علينا اوامرها لعنة الله عليكم,اللهم إنا نعوذ بك من الخبث و الخبائث ما بقى غير هالاشكال تملي علينا اوامرها حسبي الله عليكم,اللهم إنا نعوذ بك من الخبث و الخبائث ما بقى غير هالاشكال تملي علينا اوامرها,0.97420526,0.8489671467815079,False,1.0,0.9410574674299769
76,ar,اللي بيقول انت ليه مركز في كلام الناس ، يلعن ابوك ، انت متعرفش حاجة شوفت الحتة دي 😂,اللي بيقول انت ليه مركز في كلام الناس ، انت متعرفش حاجة شوفت الحتة دي 😂,اللي بيقول انت ليه مركز في كلام الناس ، انت متعرفش حاجة شوفت الحتة دي 😂,0.92912734,1.0,False,1.0,0.9763757785161337
77,ar,الناخبون الأغبياء حقا هنا كيف يمكن تفسير جاستن ترودو على أنه رئيس وزراء ؟,الناخبون غير المناسبين حقا هنا كيف يمكن تفسير القاضي ترودو على أنه رئيس الوزراء؟,الناخبون غير الموهوبين حقا هنا كيف يمكن تفسير جاستن ترودو على أنه رئيس وزراء ؟,0.98593783,0.7276076118200152,False,1.0,0.9045151485353419
78,ar,انت لحقت درست الاتفاقيه وقست حق مصر اد ايه ولا قردوغان عيطلك . خليك فى حالك.,انت لحقت درست الاتفاقيه وقست حق مصر اد ايه ولا أردوغان عيطلك . خليك فى حالك.,انت لحقت درست الاتفاقيه وقست حق مصر اد ايه ولا أردوغان عيطلك . خليك فى حالك,0.927652,0.9862661206706254,False,1.0,0.9713060406838485
79,ar,انها وعاء من الروث، وأنت تعرف ذلك .,هذا لا معنى له، كما تعلمون,انها غير حكيمة، وأنت تعرف ذلك .,0.6807129,0.10740128295860779,False,1.0,0.5960380538875596
80,ar,اول مرة اشوف قمر على هيئة بشر 🤦 🏻‍♂️ ❤ ️,اول مرة اشوف قمر على هيئة بشر,اول مرة اشوف قمر على هيئة بشر 🤦 🏻 ♂️,0.99298203,0.9622294564351893,False,1.0,0.9850704954500151
81,ar,بس اذا كان زنجي لا تزوجه القبائل لعدم تكافوء النسب,بس اذا كان إفريقي لا تزوجه القبائل لعدم تكافوء النسب,بس اذا كان رجل لا تزوجه القبائل لعدم تكافوء النسب,0.9144984,0.8037354360256771,False,1.0,0.9060779415976398
82,ar,بعض الروائح النتنة لا يمكن التخلص منها .,بعض الروائح لا يمكن التخلص منها .,بعض الروائح النتنة لا يمكن التخلص منها.,1.0,0.8509693290735502,False,1.0,0.9503231096911834
83,ar,بعيدا عن التنمر والتشمت لاكن شفت البيتموجي حق افنان وكانت دبة !! شلون تجي تتكلم ع الرشيقة هذاي😅,بعيدا عن التنمر والتشمت لاكن شفت البيتموجي حق افنان وكانت سمينة!! شلون تجي تتكلم ع الرشيقة هذاي😅,بعيدا عن التنمر والتشمت لاكن شفت البيتموجي حق افنان وكانت دبة !! شلون تجي تتكلم ع الرشيقة هذاي😅,1.0,0.920352093749925,True,1.0,0.9734506979166416
84,ar,تدخل تبغي تشوف كلام الناس وكيف بكو من الفرحه والمواقف تشوف فواتير وشحاذه ونصب الا لعنة الله عليكم,تدخل تبغي تشوف كلام الناس وكيف بكو من الفرحه والمواقف تشوف فواتير وشحاذه ونصب,تدخل تبغي تشوف كلام الناس وكيف بكو من الفرحه والمواقف تشوف فواتير وشحاذه ونصب,0.9341805,1.0,False,1.0,0.9780601660410563
85,ar,جالس انتظر بلوبي لي ٤ دقايق احتري الناس يدخلون عشان يبدا الماتش ، اخر واحد دخل كان هاك ومعطيه بلوك :) ، يلعن امك من…,جالس انتظر بلوبي لي ٤ دقايق احتري الناس يدخلون عشان يبدا الماتش ، اخر واحد دخل كان هاك ومعطيه بلوك :) ، …,جالس انتظر بلوبي لي ٤ دقايق احتري الناس يدخلون عشان يبدا الماتش ، اخر واحد دخل كان هاك ومعطيه بلوك :) ، يرحم امك من...,0.9901623,0.9612904907494323,False,1.0,0.9838176012446329
86,ar,خرجناك من اسيا ودعسناكم اكثر من مرا حرمناك من اسيا وصياحكم كان طرب واخذنا من…,خرجناك من اسيا وغلبناكم اكثر من مرا حرمناك من اسيا وصياحكم كان طرب واخذنا من…,خرجناك من اسيا ودعسناكم اكثر من مرا حرمناك من اسيا وصياحكم كان طرب واخذنا من...,0.9942421,0.8858229142279829,False,1.0,0.9600216621111302
87,ar,خلصوا الناس مالقيت الا فلسطيزي تتناقش معه 🤔,خلصوا الناس مالقيت الا فلسطيني تتناقش معه 🤔,خلصوا الناس مالقيت الا فلسطيني تتناقش معه 🤔,0.9333339,1.0,False,1.0,0.9777779579162598
88,ar,ده مجمع شراميط ده ولا ايه,ده مجمع فاشلين ده ولا ايه,ده مجمع فاشلين ده ولا ايه,0.74401784,1.0,False,1.0,0.9146726131439209
89,ar,ردوا مصريات الناس يا عكاريت وشوفوا كيف الميلاد بيصير مجيد والعام الجديد بيصير سعيد، لعنة الله عليكم وع,ردوا مصريات الناس وشوفوا كيف الميلاد بيصير مجيد والعام الجديد بيصير سعيد،,ردوا مصريات الناس يا عكاريت وشوفوا كيف الميلاد بيصير مجيد والعام الجديد بيصير سعيد,0.9615779,0.9186908120543946,False,1.0,0.9600895681192871
90,ar,سمها الغباء النهائي.,سمها سذاجة.,سمها الغباء النهائي.,1.0,0.18761439514625627,True,1.0,0.7292047983820854
91,ar,شويه شراميط بيتحدفوا علينا يعم 😂 💔,شويه ناس بيتحدفوا علينا يعم 😂 💔,شويه بيتحدفوا علينا يعم 😂 💔,0.94187605,0.777341142949867,False,1.0,0.9064057322533289
92,ar,صباح الخير أي سلام يا جحش ؟,صباح الخير أي سلام؟,صباح الخير أي سلام ؟,0.9358573,1.0,False,1.0,0.9786190986633301
93,ar,طيب لحجيه ليش ضايفني عندك,طيب ليش ضايفني عندك,طيب ليش ضايفني عندك,0.9073229,1.0,False,1.0,0.9691076278686523
94,ar,عد إلى هنا يا كسول ياشيوعي!,عد إلى هنا يا كسول بامن تؤيد الشيوعية!,العد إلى هنا,0.4574654,0.2417681690074496,False,1.0,0.5664111930799979
95,ar,عليكم لعنة الله وغضبه وسخطه يا اعداء الله ورسوله اللهم ارينا فيهم عجائب قدرتك عاجلا غير آجل اللهم طهر,حسبي الله عليكم يا اعداء الله ورسوله اللهم ارينا فيهم عجائب قدرتك عاجلا غير آجل اللهم طهر,عليكم رحمة الله وغضبه وسخطه يا اعداء الله ورسوله اللهم ارينا فيهم عجائب قدرتك عاجلا غير آجل اللهم طهر,0.97722816,0.8561296997509217,False,1.0,0.9444526214745911
96,ar,عمكم ترامب يلي ضربه يا خولات و ليس انتم 🤣 🤣,عمكم ترامب يلي ضربه و ليس انتم 🤣 🤣,عمكم ترامب يلي ضربه و ليس انتم 🤣 🤣,0.95386934,1.0,False,1.0,0.984623114267985
97,ar,فريق غبي حتى البلنتي جاء بالغلط,فريق مبتدئ حتى البلنتي جاء بالغلط,فريق ساذج حتى البلنتي جاء بالغلط,0.92981887,0.7128550662159775,False,1.0,0.8808913116176874
98,ar,في كثير من الأحيان يريدون فقط أن يثبتوا أفعالهم الغبية,في كثير من الأحيان يريدون فقط أن يصادقوا على أفعالهم.,في كثير من الأحيان يريدون فقط أن يثبتوا أفعالهم,0.9391583,0.7254828321065733,False,1.0,0.8882137175111714
99,ar,كس امكم مافيه احد يجاوبني,مافيه احد يجاوبني,مافيه احد يجاوبني,0.7472707,1.0,False,1.0,0.915756901105245
100,ar,كلهم اولاد قحبه تكالبو على فلسطين والاسلام بشكل خاص,كلهم تكالبو على فلسطين والاسلام بشكل خاص,كلهم اولاد قحبه تكالبو على فلسطين والاسلام بشكل خاص,0.9999999,0.8733221365794978,True,1.0,0.9577740057900694
101,ar,كلي خرا شراميط ما بيستردوا شي حتى شرفهم,اسكتي ما بيستردوا شي حتى شرفهم,كلي خرا ما بيستردوا شي حتى شرفهم,0.9472789,0.7894583148114748,False,1.0,0.91224574388242
102,ar,ليه انت ما عندك حمام؟ او بعدك بتعملها تحت الشجرة وبتمسح بالحجرة؟! لما قلت عنك غبي عنجد ما غل…,ليه انت ما عندك حمام؟ او بعدك بتعملها تحت الشجرة وبتمسح بالحجرة؟! لما قلت عنك ساذج عنجد ما غل…,ليه انت ما عندك حمام؟ او بعدك بتعملها تحت الشجرة وبتمسح بالحجرة؟! لما قلت عنك ما غل...,0.987095,0.8592882940654544,False,1.0,0.9487944308083782
103,ar,ما حدا احسن من حدا كلهن منايك وولاد قحبة 🙏,ما حدا احسن من حدا 🙏,ما حدا احسن من حدا كلهن منايك وولاد قحبة 🙏,1.0,0.7211142268074113,True,1.0,0.9070380756024704
104,ar,متخلف ذا يحب يثير الجدل على ولا شي,غير مدرك ذا يحب يثير الجدل على ولا شي,ذا يحب يثير الجدل على ولا شي,0.88740486,0.775906785272201,False,1.0,0.8877705481127368
105,ar,مدري مين جاب سيرة اليهود. يمكن لأنك غبي تعتقد إني تكلمت عن اليهود. ويمك…,مدري مين جاب سيرة اليهود. يمكن تعتقد إني تكلمت عن اليهود. ويمك…,مدري مين جاب سيرة اليهود. يمكن لأنك تعتقد إني تكلمت عن اليهود.,0.92720616,0.8537639551614408,False,1.0,0.9269900379331472
106,ar,مرة أخرى، المزيد من الألعاب الليبرالية الغبية.,مرة أخرى، المزيد من الألعاب الليبرالية السخيفة.,مرة أخرى، المزيد من الألعاب الليبرالية.,0.9656558,0.830262124047713,False,1.0,0.9319726425760443
107,ar,مش باقي خسارة، مش باقي حداد بقا، غضب الناس رح يفترسكم يا شراميط,مش باقي خسارة، مش باقي حداد بقا، غضب الناس رح يفترسكم,مش باقي خسارة، مش باقي حداد بقا، غضب الناس رح يفترسكم,0.9827789,1.0,False,1.0,0.9942596356074015
108,ar,مفش منه كلام هذا ياما قلنا شكلك دبه ومصرش شي يصير بلوك بعدها,مفش منه كلام هذا ياما قلنا شكلك سمينة ومصرش شي يصير بلوك بعدها,مفش منه كلام هذا ياما قلنا شكلك دبه ومصرش شي يصير بلوك بعدها,1.0,0.847740831163661,True,1.0,0.9492469437212203
109,ar,من قال لك ايها المغفل ان الصحراويين لا يشبهوننا، من اين اتى المرابطون؟؟ الصحراء كانت ارضا خ…,من قال لك ايها الرجل ان الصحراويين لا يشبهوننا، من اين اتى المرابطون؟؟ الصحراء كانت ارضا خ…,من قال لك ايها المغفل ان الصحراويين لا يشبهوننا، من اين اتى المرابطون؟؟ الصحراء كانت ارضا خ...,0.9977908,0.9159608688656755,False,1.0,0.9712505607705735
110,ar,نهني الأطفال والابرياء على مقتل هالمجرم الخسيس كفو يا ترامب 💪,نهني الأطفال والابرياء على مقتل هالمجرم كفو يا ترامب 💪,نهني الأطفال والابرياء على مقتل هالمجرم كفو يا ترامب 💪,0.9789428,1.0,False,1.0,0.992980937163035
111,ar,هده الاخبار نشرا البارح كاتعاودو تنشروها لعنة الله عليكم,هده الاخبار نشرا البارح كاتعاودو تنشروها,هده الاخبار نشرا البارح كاتعاودو تنشروها,0.78319573,1.0,False,1.0,0.9277319113413492
112,ar,هذا أطول مني ب ٤٦ سنتمتر وأنا أشوف اللي أقصر مني ب ١٠ سنتمتر قزم أجل هذا وش يشوفني🙄,هذا أطول مني ب ٤٦ سنتمتر وأنا أشوف اللي أقصر مني ب ١٠ سنتمتر قصير أجل هذا وش يشوفني🙄,هذا أطول مني ب ٤٦ سنتمتر وأنا أشوف اللي أقصر مني ب ١٠ سنتمتر قزم أجل هذا وش يشوفني🙄,1.0000001,0.9154818934434928,True,1.0,0.9718273375509274
113,ar,هذا ما يحدث عندما يرسل الحمقى صبيا ليقوم بعمل الرجال,هذا ما يحدث عندما ترسل فتى ليقوم بعمل رجل,هذا ما يحدث عندما يرسل الشخص صبيا ليقوم بعمل الرجال,0.9409598,0.6118624864773226,False,1.0,0.850940765895985
114,ar,هل كان الخطأ لترامب أن جون بوديستا كان غبيًا بما فيه الكفاية ليفتح رسالة تصيد الكتروني؟,هل كان الخطأ لترامب أن جون بوديستا كان ساذجا بما فيه الكفاية ليفتح رسالة تصيد الكتروني؟,هل كان الخطأ لترامب أن جون بوديستا كان غير ذكيًا بما فيه الكفاية ليفتح رسالة تصيد الكتروني؟,0.9729296,0.9003576273065954,False,1.0,0.9577624080691786
115,ar,ههههه ٧٠سنه والاموال والتسليح يرسل لحكومة فلس وياسر عرفات يرفض اي صلح لحتى ماقال له حسني مبارك وقع يا…,ههههه ٧٠سنه والاموال والتسليح يرسل لحكومة فلسطين وياسر عرفات يرفض اي صلح لحتى ماقال له حسني مبارك وقع يا…,ههههه ٧٠سنه والاموال والتسليح يرسل لحكومة فلس وياسر عرفات يرفض اي صلح لحتى ماقال له حسني مبارك وقع يا...,0.99602145,0.9248255036781943,False,1.0,0.9736156510813606
116,ar,هو الاسماعيلى ده فريق متخلف يعنى ولا ايه يعنى ماهو عادى لو المصرى راح الماتش وعداكم كلكم ما تولعوا يعنى ماهو خايف ع…,هو الاسماعيلى ده فريق مبتدئ يعنى ولا ايه يعنى ماهو عادى لو المصرى راح الماتش وعداكم كلكم ما تولعوا يعنى ماهو خايف ع…,هو الاسماعيلى ده فريق متخلف يعنى ولا ايه يعنى ماهو عادى لو المصرى راح الماتش وعداكم كلكم ما تولعوا يعنى ماهو خايف ع...,0.99532783,0.9154272986117494,False,1.0,0.9702517096421285
117,ar,والواحد بعترض ليه وهو مبسوط من شراميط عيلته,والواحد بعترض ليه وهو مبسوط من فاشلين عيلته,والواحد بعترض ليه وهو مبسوط من الشرميط عيلته,0.97458804,0.7570106060570251,False,1.0,0.9105328808647318
118,ar,وقفي صياح لا ادعس على رقبتك,وقفي صياح لا أزعل منك,وقفي صياح لا ادعس على رقبتك,1.0,0.5151416813536627,True,1.0,0.8383805604512209
119,ar,يا بقرة واحنا فين رحنا؟,واحنا وين رحنا؟,احنا فين رحنا؟,0.6876005,0.5629810599006225,False,1.0,0.7501938511105712
120,de,#HETZERIN 💩@USER_0💩 ⛔ #GEBLOCKT ! ⛔ WEG ist diese KRANKE deutschen - feindliche Person ! ⚠,#HETZERIN @USER_0 ⛔ #GEBLOCKT ! ⛔ WEG ist diese deutschen - feindliche Person ! ⚠,#HETZERIN 💩@USER_0💩 ⛔ #GEBLOCKT ! ⛔ WEG ist diese Person ! ⚠,0.8517815,0.6186944798418836,False,1.0,0.8234919891022628
121,de,"@USER_0de @USER_0 Bald seid ihr alle hier ""Entsorgt""!",@USER_0de @USER_0 Bald seid ihr alle hier weg!,"@USER_0de @USER_0 Bald seid ihr alle hier ""Entsorgt""!",1.0,0.8654891028765013,True,1.0,0.9551630342921671
122,de,"@USER_13 @USER_15 @USER_9 @USER_3 @USER_4 @USER_7 @USER_1 @USER_14 @USER_6 @USER_12 @USER_5 @USER_10 @USER_11 Ne, das gibts nicht, ist der Vollpfosten immer noch da???","@USER_13 @USER_15 @USER_9 @USER_3 @USER_4 @USER_7 @USER_1 @USER_14 @USER_6 @USER_12 @USER_5 @USER_10 @USER_11 Ne, das gibts nicht, ist der Typ immer noch da???",@USER_13 @USER_15 @USER_9 @USER_3 @USER_4 @USER_7 @USER_1 @USER_14 @USER_6 @USER_12 @USER_5 @USER_10 @USER_11,0.7392198,0.7469921961608861,False,1.0,0.8287373269658399
123,de,AUF DAS DER FUROR TEUTONICUS ERWACHT !zurhöllemitmerkel !,AUF DAS DER FUROR TEUTONICUS ERWACHT !wegmitmerkel !,AUF DAS DER FUROR TEUTONICUS ERWACHT !zurhöllemitmerkel !,1.0,0.8524240725813751,True,1.0,0.9508080241937917
124,de,An alle Pferde Hunde Katzen Kühe usw....ihr seid voll im Arsch...!,An alle Pferde Hunde Katzen Kühe usw....ihr seid voll in der Klemme...!,An alle Pferde Hunde Katzen Kühe usw....ihr seid voll im Arsch...!,1.0,0.8012608996828674,True,1.0,0.9337536332276225
125,de,"Auf zdf info die übliche Trump-Hetze, fehlt heute nur noch die Hetze gegen die DDR u. Russland > Dr. Goebbels lässt wieder grüßen 😜","Auf zdf info die übliche Trump-Kritik, fehlt heute nur noch die Propaganda gegen die DDR u. Russland > Dr. Goebbels lässt wieder grüßen 😜","Auf zdf info die übliche Trump-Hetze, fehlt heute nur noch die Hetze gegen die DDR u. Russland > Dr. Goebbels lässt wieder grüßen 😜",1.0,0.8214444845277762,True,1.0,0.940481494842592
126,de,"Behörden WARTEN auf mehrere Morde, von diesem Abschaum!","Behörden WARTEN auf mehrere Morde, von diesen Leuten!","Behörden WARTEN auf mehrere Morde, von diesem Abschaum!",1.0,0.8155500054429506,True,1.0,0.9385166684809835
127,de,"Da erkennt man, mit was für jämmerlichen Deppen die abgefuckte SPD aus Machtgeilheit 4 Jahre das Volk verraten und verkauft hat !!!","Da erkennt man, mit was für Leuten die SPD aus Machtgeilheit 4 Jahre das Volk verraten und verkauft hat !!!","Da erkennt man, mit was die SPD aus Machtgeilheit 4 Jahre das Volk verraten und verkauft hat !!!",0.95921767,0.8836457336026765,False,1.0,0.9476211337274424
128,de,"Da wird mal wieder stark Übertrieben, es werden paar hundert wenn es hoch kommt teilnehmen!. Natürlich wird die Lügenpresse was anderes sagen","Da wird mal wieder stark Übertrieben, es werden paar hundert wenn es hoch kommt teilnehmen!. Natürlich wird die Presse was anderes sagen","Da wird mal wieder stark Übertrieben, es werden paar hundert wenn es hoch kommt teilnehmen!. Natürlich wird die Presse was anderes sagen",0.9763243,1.0,False,1.0,0.9921081066131592
129,de,"Das Pflaster müsste über sein dummes Maul reichen,😷","Das Pflaster müsste über seinen Mund reichen,😷","Das Pflaster müsste über sein Maul reichen,😷",0.8873715,0.7918160672666974,False,1.0,0.8930625159105442
130,de,"Das sind doch überwiegend junge Männer, die uns überrennen wollen.. Die illegalen Invasoren brauchen Arbeit - in Arbeitslagern - fair.","Das sind doch überwiegend junge Männer, die zu uns kommen wollen.. Die Einwanderer ohne Papiere brauchen Arbeit.","Das sind doch überwiegend junge Männer, die uns überrennen wollen.. Die illegalen Unterstützer brauchen Arbeit - in Arbeitslagern - fair.",0.9670377,0.6246913129707475,False,1.0,0.8639096635785467
131,de,Das wird nie aufhören...die fucking Gutmenschen würden ihr eigenes opfern um diesen Völkerwahn aufrechtzuerhalten,Das wird nie aufhören...die Gutmenschen würden ihr eigenes opfern um diesen Völkerwahn aufrechtzuerhalten,Das wird nie aufhören...die Gutmenschen würden ihr eigenes opfer um diesen Völkerwahn aufzurechtzuerhalten,0.95540285,0.93090900710826,False,1.0,0.9621039527376655
132,de,Der Hank geht mir dermaßen auf die Eier.,Der Hank geht mir dermaßen auf die Nerven.,Der Hank geht mir dermaßen auf die Nerven.,0.87692463,1.0,False,1.0,0.9589748779932658
133,de,Die 42. Volksverarsche fürs dumm Wahl-„Volk“,Die 42. Irreführung fürs Wahl-„Volk“,Die 42. Volksverarsche fürs Wahl-„Volk“,0.9405226,0.5579810887442765,False,1.0,0.8328345666284939
134,de,Die Pisser wollten schon immer unsere Länderein um jeden Preis und jetzt haben sie die Bruder .....,Die wollten schon immer unsere Länderein um jeden Preis und jetzt haben sie die Bruder .....,Die Pisser wollten schon immer unsere Länderein um jeden Preis und jetzt haben sie die Bruder .....,1.0,0.9573889182221084,True,1.0,0.9857963060740361
135,de,Die Welt von #Maas und #Merkel. Im Internet gibt’s Sperrung wenn nicht Staatsmeinung vertreten wird. In Hamburg gibts Schläge auf den Kopf,Die Welt von #Maas und #Merkel. Im Internet gibt’s Sperrung wenn nicht Staatsmeinung vertreten wird. In Hamburg kommt es zu Konflikten,Die Welt von #Maas und #Merkel. Im Internet gibt’s Sperrung wenn nicht Staatsmeinung vertreten wird. In Hamburg gibts Schläge auf den Kopf,1.0,0.8440474808900487,True,1.0,0.9480158269633495
136,de,"Die meisten Schiffbrüchigen sind doch keine Flüchtlinge, sondern. rücksichtslose Invasoren. Wann begreift Ihr politischen Hohlköpfe das?","Die meisten Schiffbrüchigen sind doch keine Flüchtlinge, sondern. rücksichtslose Einwanderer. Wann begreift Ihr Politiker das?","Die meisten Schiffbrüchigen sind doch keine Flüchtlinge, sondern. rücksichtslose Invasoren. Wann begreift Ihr politischen Köpfe das?",0.9942224,0.7999184380457599,False,1.0,0.9313802802061306
137,de,Die wievielte Generation Türken scheint hier auf der Straße zu sein ca.die 4te das Wespen Nest,Die wievielte Generation Türken scheint hier auf der Straße zu sein ca.die 4te,Die wievielte Generation Türken scheint hier auf der Straße zu sein.,0.8289658,0.8829511780492482,False,1.0,0.9039723203894833
138,de,"Diese Migrantenkrieg der Schmarotzergegen Deutschland, ist schon in Vorbereitung!","Diese Migrantenkrieg der Einwanderer gegen Deutschland, ist schon in Vorbereitung!","Diese Migrantenkrieg gegen Deutschland, ist schon in Vorbereitung!",0.91543305,0.7968746308759355,False,1.0,0.9041025600259669
139,de,"Dummes Gelaber, Kern. Kurz stellt sich nicht gegen die Italiener. Er. will nur 200.000 Invasoren nicht nach Österreich einreisen lassen.","Unsinnige Aussage, Kern. Kurz stellt sich nicht gegen die Italiener. Er. will nur 200.000 Einwanderer nicht nach Österreich einreisen lassen.",Kern. Kurz stellt sich nicht gegen die Italiener. Er. will nur 200.000 Einwanderer nicht nach Österreich einreisen lassen.,0.92446613,0.8828349689593965,False,1.0,0.9357670340256908
140,de,Eben ein Beisp. mehr für die kranken Hirne von Politikern. Dieser geistige Schwachsinn auch unserer Politiker wird sich leider bitter rächen,Eben ein Beisp. mehr für die Gedankenwelt von Politikern. Diese Denkweise auch unserer Politiker wird sich leider bitter rächen,Eben ein Beisp. mehr für die Politikern. Dieser geistige Schwachsinn auch unserer Politiker wird sich leider bitter rächen,0.92010057,0.7511572398354377,False,1.0,0.8904192698534915
141,de,"Facebook ist verkommen zu einem Medium, dass nur noch die Darmbewohner der abgefuckten Altparteien und die sogenannte Religion der Steinzeitzombies vertritt.","Facebook ist verkommen zu einem Medium, dass nur noch die Mitglieder der Altparteien und eine bestimmte Religion  vertritt.","Facebook ist verkommen zu einem Medium, dass nur noch die Altparteien und die sogenannte Religion der Steinzeitzombies vertritt.",0.9578683,0.7310435621677214,False,1.0,0.8963039467314341
142,de,"Frauen u Christen bekommen Extraunterkünfte, um sie vor den #Asylanten zu schützen.U wer schützt die Deutschen wenn die rausgekommen?","Frauen u Christen bekommen Extraunterkünfte, um sie vor den #Asylbewerbern zu schützen.U wer schützt die Deutschen wenn die rausgekommen?","Frauen u Christen bekommen extraunterkünfte, um sie vor den #Asylbewerbern zu schützen.U wer schützt die Deutschen wenn die rausgekommen?",0.99516475,0.9697356436724068,False,1.0,0.9883001318929793
143,de,"Habe einige Male für ihn dolmetschen müssen - frag` mich besser nicht. Und wenn er Merkel sieht, kriegt er `nen Stän*** 😜","Habe einige Male für ihn dolmetschen müssen - fragmich besser nicht. Und wenn er Merkel sieht, freut er sich","Habe einige Male für ihn dolmetschen müssen - frag` mich besser nicht. Und wenn er Merkel sieht, kriegt er `nen Stän*** 😜",1.0,0.842773198152773,True,1.0,0.9475910660509244
144,de,Haben wir bei der Schwuchtel auch schon vermutet....,Haben wir bei dem Typ auch schon vermutet....,Haben wir die Frau auch schon vermutet....,0.78113115,0.6939305399069188,False,1.0,0.8250205627484122
145,de,"Helmut Schmidt hatte allein mehr Verstand, als die gesamte Berliner Muschpoke zusammen 😜","Helmut Schmidt hatte allein mehr Verstand, als die gesamte Berliner Bevölkerung zusammen 😜","Helmut Schmidt hatte allein mehr Verstand, als die gesamte Berliner Gruppe zusammen 😜",0.9725948,0.8402873557322758,False,1.0,0.9376273844478374
146,de,Hier sind schon ein paar richtig dumme Menschen unterwegs..... Gegen wenn oder was habt ihr eigentlich vor der AfD gehetzt und gestänkert?. Ich pubertierende Pickelplantagen...,Hier sind schon ein paar richtig naive Menschen unterwegs..... Gegen wenn oder was habt ihr eigentlich vor der AfD gehetzt und gestänkert?.,Hier sind schon ein paar richtig uninformierten Menschen unterwegs..... Gegen wenn oder was habt ihr eigentlich vor der AfD gehetzt und gestänkert?. Ich pubertierende Person...,0.93969214,0.8868648046803823,False,1.0,0.9421856481019772
147,de,Ich lass mir mein Land nicht von einer Horde Nafris und Antifaschisten nehmen deswegen bin ich #AFD wähler,Ich lass mir mein Land nicht von Norfafrikanern und Antifaschisten nehmen deswegen bin ich #AFD wähler,Ich lass mir mein Land nicht von einer Horde Nafris und Antifaschisten nehmen deswegen bin ich #AFD wähler,1.0000001,0.8389297963786605,True,1.0,0.9463099718626501
148,de,Ich schäme mich in solchem Verbrecherstaat mit deutschfeindlichen Ganoven-Richtern und korrupten Politikern zu leben!,Ich schäme mich in solchem Staat mit ungerechten Richtern und bestechlichen Politikern zu leben!,Ich schäme mich in solchem Staat mit deutschfeindlichen Politikern und korrupten Politikern zu leben!,0.9332913,0.6789710992726486,False,1.0,0.8707541384350194
149,de,Irgendwie beruhigend das es woanders noch schwachsinnigere Politik gibt als bei den deutschen...,Irgendwie beruhigend das es woanders noch unverständlichere Politik gibt als bei den deutschen...,Irgendwie beruhigend das es woanders noch schwachsinnigere Politik gibt als bei den deutschen...,1.0000001,0.8152091471836677,True,1.0,0.9384030887976524
150,de,"Ja @USER_0? Pst, auch für dich nochmals, die Grenzen waren seit dem Schengen Abkommen offen, also was willst du bezwecken mit Staatsgrenzen schützen Gebrabbel?","Ja @USER_0? Pst, auch für dich nochmals, die Grenzen waren seit dem Schengen Abkommen offen, also was willst du bezwecken mit Staatsgrenzen schützen Gerede??","Ja @USER_0? Pst, auch für dich nochmals, die Grenzen waren seit dem Schengen Abkommen offen, also was willst du bezwecken mit Staatsgrenzen schützen?",0.9919186,0.950518039726437,False,1.0,0.9808122210579517
151,de,"Keine Unterhaltung, liebe Poetin, eher billige Wahlwerbung, weich klopfen der Wahlschafshirne 😜","Keine Unterhaltung, liebe Poetin, eher billige Wahlwerbung, weich klopfen die Wähler 😜","Keine Unterhaltung, liebe Poetin, eher billige Wahlwerbung, weich klopfen der Wahlschafshirne 😜",1.0,0.876326155473731,True,1.0,0.9587753851579103
152,de,Klar doch . Die Schlimmsten im Lande sind die Rechten.die Moslems aber die Bedaerungswürdigen denen um JEDEN Preis geholfen werden muß.💩💩💩💩,Klar doch . Die Schlimmsten im Lande sind die Rechten.die Moslems aber die Bedaerungswürdigen denen um JEDEN Preis geholfen werden muß.,Klar doch . Die Schlimmsten im Lande sind die Rechten.die Moslems aber die Bedaerungwürdigen denen um JEDEN Preis geholfen werden muß.,0.98497087,0.9703762627541255,False,1.0,0.985115710129315
153,de,Kurz lasst dich nicht von der Trulla aufs Glatteis führen!,Kurz lasst dich nicht von der Frau aufs Glatteis führen!,Kurz lasst dich nicht aufs Glatteis führen!,0.87102544,0.7509344287900422,False,1.0,0.8739866239557098
154,de,Martin Schulz ist 2x sitzen geblieben und hat keinen Schulabschluss.. Wie kann denn so ein Nulltipper als Kanzlerkandidat aufgestellt werden?,Martin Schulz ist 2x sitzen geblieben und hat keinen Schulabschluss.. Wie kann denn so eie Person als Kanzlerkandidat aufgestellt werden?,Martin Schulz ist 2x sitzen geblieben und hat keinen Schulabschluss.. Wie kann denn so eine Person als Kanzlerkandidat aufgestellt werden?,0.985553,0.9764407381457464,False,1.0,0.9873312547816958
155,de,"Mensch, Kauder müsste sich doch bepissen vor lachen, wenn er über diese Lüge nachdenkt 😂😂😂","Mensch, Kauder müsste sich doch kaum halten können vor lachen, wenn er über diese Lüge nachdenkt 😂😂😂","Mensch, Kauder müsste sich doch anhören, wenn er über diese Lüge nachdenkt 😂😂😂",0.93107986,0.7307215595715871,False,1.0,0.8872671413578468
156,de,"Merkel schaffte es, sich bis an die Seite der FDJ-Führung der DDR zu schleimen, um diese später zu verraten. Heute macht sie es auch so 😜","Merkel schaffte es, sich bis an die Seite der FDJ-Führung der DDR zu schmeicheln, um sich später abzuwenden. Heute macht sie es auch so 😜","Merkel schaffte es, sich bis an die Seite der FDJ-Führung der DDR zu schleimen, um diese später zu verraten. Heute macht sie es auch so 😜",1.0000001,0.7875130442619639,True,1.0,0.9291710544904178
157,de,"Mimimi ,,, und was machen unsere politisch-korrekten #safespace-Krieger dann im Ernstfall? Sich in die Hosen sch...?","Mimimi ,,, und was machen unsere politisch-korrekten #safespace-Krieger dann im Ernstfall? Angst bekommen?","Mimimi ,,, und was machen unsere politisch-korrekten #safespace-Krieger dann im Ernstfall?",0.96158934,0.8736862748564976,False,1.0,0.9450918704172538
158,de,"Mit Schulz kämen wir von der Pest (Merkel) zur Cholera (Schulz)! CDU uns SPD zusammen haben, unseren jetzigen Untergang zu verantworten!","Mit Schulz kämen wir vom einen Übel (Merkel) zum anderen Übel (Schulz)! CDU uns SPD zusammen haben, unseren jetzigen Untergang zu verantworten!","Mit Schulz kämen wir von der Pest (Merkel) zur Cholera (Schulz)! CDU uns SPD zusammen haben, unseren jetzigen Untergang zu verantworten!",1.0,0.8008798447203475,True,1.0,0.9336266149067826
159,de,Nazi Lügenpresse und Merkel Vasallen hetzen weiter gegen Trump!!,Presse und Merkel Unterstützer hetzen weiter gegen Trump!!,Nazi Presse und Merkel Anhängern wollen weiter gegen Trump!!,0.90883875,0.6339069404929022,False,1.0,0.847581896474929
160,de,"Prostituierte kann sich nicht mal ein Hartz IV leisten, Asylanten sucht euch Wichsvorlageni n Pornos!",Prostituierte kann sich nicht mal ein Hartz IV leisten,"Prostituierte kann sich nicht mal ein Hartz IV leisten, Asylbewerber suchen euch!",0.9609536,0.9005320908861963,False,1.0,0.9538285613800953
161,de,"Schickt unsere Verdeidigungsministerin als Stangengirl zur Truppenbetreuung an die Front ,aber selbst dort wird sie Versagen.Eine Verteidigungsministerin ist Ein Hohn an die Truppe.Rommel wache auf!","Schickt unsere Verdeidigungsministerin zur Truppenbetreuung an die Front ,aber selbst dort wird sie Versagen.Eine Verteidigungsministerin ist Ein Hohn an die Truppe.Rommel wache auf!","Schickt unsere Verdeidigungsministerin als Frau zur Truppenbetreuung an die Front ,aber selbst dort wird sie Versagen.Eine Verteidigungsministerin ist nicht schlau.",0.90679955,0.8000285194807809,False,1.0,0.9022760247685366
162,de,"Sehe mir den Film an da ich ein dickes Fell habe. Aber eines ist Fakt. Wäre der Deutsche Islamisten, mein Kind würde ich ihn eigenhändig erschlagen.","Sehe mir den Film an da ich ein dickes Fell habe. Aber eines ist Fakt. Wäre der Deutsche Islamisten, mein Kind würde ich mich eigenhändig darum kümmern.","Sehe mir den Film an da ich ein dickes Fell habe. Aber eines ist Fakt. Wäre der Deutsche Islamisten, mein Kind würde ich ihn eigenhändig erschlagen.",1.0,0.8606455166894197,True,1.0,0.9535485055631399
163,de,So ein Schwein sitzt noch da oben? Pfui Teufel!,So einer sitzt noch da oben? Oh je!,So ein Schwein sitzt noch da oben?,0.9662036,0.6331509942017188,False,1.0,0.8664515215225416
164,de,"Solange bei Politikern der Dünnschiss aus der Fresse kommt, wird sich nichts ändern. Es stinkt weiter !!!","Solange die Politiker Quatsch erzählen, wird sich nichts ändern.","Solange bei Politikern der Quatsch aus der Fresse kommt, wird sich nichts ändern. Es stinkt weiter !!!",0.9508227,0.6325189904679817,False,1.0,0.8611139004862958
165,de,Sry aber Preetz hat nicht viel beizutragen. Er MUSS der Politik in den Hintern kriechen damit sein Verein Zuschauer ins Stadion bekommt. Er ist abhängig von der Politik.,"Entschuldigung, aber Preetz scheint nicht viel beizutragen. Er ist auf gute Beziehungen zur Politik angewiesen, um sicherzustellen, dass sein Verein Zuschauer ins Stadion bekommt. Er ist abhängig von der Politik.",Sry aber Preetz hat nicht viel beizutragen. Er MUSS der Politik in den Hintern kriechen damit sein Verein Zuschauer ins Stadion bekommt. Er ist abhängig von der Politik.,1.0,0.5941033207124846,True,1.0,0.8647011069041616
166,de,"Stimmt, die BRD geht mir auch am ARSCH vorbei. DEUTSCHLAND gillt es gegen POLITVERBRECHER,wie Merkel,Schulz,u.MAAS zu schützen !!","Stimmt, die BRD ist mir auch egal. DEUTSCHLAND gillt es gegen Personen,wie Merkel,Schulz,u.MAAS zu schützen !!","Stimmt, die BRD geht mir auch am ARSCH vorbei. DEUTSCHLAND geht es gegen Merkel,Schulz,u.MAAS zu schützen !!",0.96474737,0.6818334709003977,False,1.0,0.8821936133965987
167,de,"UND DER DUSSELIGE GAUCK DENKT ER WÄRE WIEDER IN DER DDR UND LÄßT SICH HONECKERmäßig ALIMENTIEREN, GUTEN MORGEN-DEUTSCHLAND-??","UND DER GAUCK DENKT ER WÄRE WIEDER IN DER DDR UND LÄßT SICH HONECKERmäßig ALIMENTIEREN, GUTEN MORGEN-DEUTSCHLAND-??","UND DER GAUCK DENKT ER WÄRE WIEDER IN DER DDR UND LÄßT SICH HONECKERmäßig ALIMENTIEREN, GUTEN MORGEN-DEUTSCHLAND-??",0.9841801,1.0,False,1.0,0.9947266976038615
168,de,"Wenn die Hälfte der Moslime den Handschlag verweigert, hilft nur. ein Tritt in den Arsch, der sie zurückschickt nach Afrika.","Wenn die Hälfte der Moslime den Handschlag verweigert, hilft nur. jemand, der sie zurückschickt nach Afrika.","Wenn die Hälfte der Moslime den Handschlag verweigert, hilft nur. ein Tritt in den Arsch, der sie zurückschickt nach Afrika.",1.0000001,0.8892990889167879,True,1.0,0.9630997360420258
169,de,auch heute wieder nur drittklassige #Laiendarsteller in einem extrem beschissenen #Tatort #ARD,auch heute wieder nur drittklassige #Laiendarsteller in einem schlechten #Tatort #ARD,auch heute wieder nur drittklassige #Laiendarsteller in einem extrem schlauen #Tatort #ARD,0.99166554,0.8902155139202377,False,1.0,0.9606270186819797
170,de,dieser Holtmann scheint ein Grüner-Bastard zu sein! #BerichtAusBerlin,dieser Holtmann scheint ein Grüner-Anhänger zu sein! #BerichtAusBerlin,Dieser Holtmann scheint ein Grüner zu sein! #BerichtAusBerlin,0.94857234,0.8426031834219472,False,1.0,0.9303918403497861
171,de,"gibts diese Woche einen Wettbewerb zwischen #maischberger und #lanz, wer die Gast*in mit der hässlichten Fresse hat?","gibts diese Woche einen Wettbewerb zwischen #maischberger und #lanz, wer die Gast*in mit dem auffälligsten Gesichthat?","gibts diese Woche einen Wettbewerb zwischen #maischberger und #lanz, wer die Gast*in mit der Frage hat?",0.9356499,0.7961274850509042,False,1.0,0.9105924522923586
172,de,idiotischer Kommentar. Aufm Supermannheft gepennt?,schlechter Kommentar. Aufm Supermannheft gepennt?,Idiotischer Kommentar. Aufm Supermannheft gepennt?,0.93581676,0.8338033612946271,False,1.0,0.9232067087087233
173,de,schlimmer sind jene Fanatiker die Islamisten hofieren. Jung als Nazi zu bezeichnen ist unendlich dumm!!,schlimmer sind jene Fanatiker die Islamisten hofieren. Jung als Nazi zu bezeichnen ist naiv!!,Schlmmer sind jene Fanatiker die Islamisten hofieren. Jung als Nazi zu bezeichnen ist unendlich naiv!!,0.8964935,0.9009034075377749,False,1.0,0.9324656340161418
174,de,viel gefährlicher ist Oberdummzicke Sheitan Chebli,viel gefährlicher ist Sheitan Chebli,viel gefährlicher ist Sheitan Chebli,0.92706716,1.0,False,1.0,0.9756890535354614
175,de,welches Meth nimmt eigentlich @USER_0? Ihre Haut sieht ja fürchterlich aus und dann das ständige blinzeln #furchtbar #maischberger,was nimmt eigentlich @USER_0? Ihre Haut sieht ja nicht gut aus und dann das ständige blinzeln #maischberger,Welches Meth nimmt eigentlich @USER_0? Ihre Haut sieht ja fürchterlich aus und dann das ständige blinzeln #maischberger,0.9891013,0.8444331670434666,False,1.0,0.9445114859154288
176,de,wie kann man nur derart strunzdumme Moderatoren wie bei #taff auf #ProSieben beschäftigen,wie kann man nur solche Moderatoren wie bei #taff auf #ProSieben beschäftigen,Wie kann man nur Moderatoren wie bei #taff auf #ProSieben beschäftigen,0.96097416,0.8659220087577222,False,1.0,0.9422987218714196
177,de,wir brauchen das scheiß #Europa nicht ich bin #Deutscher und kein Europäer #btw2017,wir brauchen das #Europa nicht ich bin #Deutscher und kein Europäer #btw2017,Wir brauchen #Europa nicht ich bin #Deutscher und kein Europäer #btw2017,0.95963705,0.9038503749697504,False,1.0,0.954495806943347
178,de,"Über 87% der Deutschen Wähler die eine Altpartei wählten, sind für mich strohdumm!!!","Über 87% der Deutschen Wähler die eine Altpartei wählten, sind für mich ungebildet!!!","Über 87% der Deutschen Wähler die eine Altpartei wählten, sind für mich egal!!!",0.9636477,0.850646422565393,False,1.0,0.9380980485877767
179,de,"😂😂😂 Phantomschmerz (fehlende Eier) und Machtgeilheit zwangen heute erneut den ""Bayern-Horsti"" ohne Vaseline  in den Ar*** der Kanzlerette 😜","😂😂😂 Phantomschmerz und Machtgier zwangen heute erneut den ""Bayern-Horsti"" sich bei der Kanzlerin einzuschmeicheln 😜","😂😂😂 Phantomschmerz (fehlende Eier) und Machtgeilheit zwangen heute erneut den ""Bayern-Horsti"" ohne Vaseline in den Ar*** der Kanzlerette 😜",1.0000001,0.6643912379957938,False,1.0,0.8881304524016945
180,en,And how can you justify a moronic 2 day block?,And how can you justify a 2 day block?,And how can you justify a 2 day block?,0.9271482,1.0,False,1.0,0.9757160743077596
181,en,Bullshit William Penn used the phrase too.,William Penn used the phrase too.,William Penn uses the phrase too.,0.9260262,0.85760402104605,False,1.0,0.9278767487120256
182,en,DIGIT are you suggesting that should be enough to keep these uppity blacks satisfied ?,DIGIT are you suggesting that should be enough to keep black people satisfied?,DIGIT are you suggesting that should be sufficient to keep these people satisfied?,0.89546067,0.7521358611124469,False,1.0,0.8825321754461433
183,en,Do you have to be such a dick to him?,Do you have to be such rude to him?,Do you have to be so mean to him?,0.909699,0.6216971948681866,False,1.0,0.8437987392127049
184,en,"I guess so will you if you revert again, bitch.",I guess so will you if you revert again.,I guess so will you if you revert again.,0.8589803,1.0,False,1.0,0.9529934326807658
185,en,"Oh, that was my dumbass mistake.","Oh, that was my mistake.","Oh, that was my mistake.",0.8836167,1.0,False,1.0,0.9612055619557699
186,en,Probably because NO ONE GIVES A FUCK ABOUT MISS UPTON.,Probably because no one really cares about Miss Upton.,Probably because no one cares about Miss Upton.,0.8548268,0.8255111210523519,False,1.0,0.893445976342707
187,en,STOP SENDING ME STUPID MESSAGES. I AM FIXING A MISTAKE IN THE ARTICLE.,Stop sending me messages. I am fixing a mistake in the article.,Stop SENDING ME. I am FIXING A MISTAKE IN THE ARTICLE.,0.88853043,0.07081141408457985,False,1.0,0.6531139490875093
188,en,"Stop Vandalizing Wikipedia, jerk!",Stop Vandalizing Wikipedia!,Stop vandalizing Wikipedia.,0.8524867,0.801349990589121,False,1.0,0.8846122400703361
189,en,That's what you get for being a faggot,That's what you get for being an unpleasant person.,That's what you get for being a bad person,0.80144316,0.6732979419420692,False,1.0,0.8249137005074333
190,en,These are public computers. Don't ban uss all because a few people are retarded.,These are public computers. Don't ban uss all because a few people are retarded.,These are public computers. Don't ban uss all because a few people are retarded.,1.0,1.0,True,1.0,1.0
191,en,"WHAT A FAGGOT, I'M GLAD HE'S DEAD!!!","What a person, I'm glad that he passed away.",I'M GLAD HE'S DEAD!!!,0.76785535,0.015596209826743987,False,1.0,0.5944838520098648
192,en,What the hell are you on about?,What are you on about?,What are you on about?,0.8992309,1.0,False,1.0,0.9664102991422018
193,en,Women with masculine spirits are trash.,Women with masculine spirits are not my type.,Women with masculine spirits are not good.,0.76982677,0.8159525039285966,False,1.0,0.8619264245857977
194,en,but redditors are too busy sucking bernie s dick to care .,but redditors are too busy to care .,but redditors are too busy sucking a bad person to care.,0.83428085,0.7988510069371931,False,1.0,0.8777106184801019
195,en,can t people just leave cuba alone so it can get it s feet under itself for number fuckin minutes ? .,Can people just leave Cuba to itself so it can get its feet under itself for number minutes?,Can't people just leave Cuba alone so it can get it s feet under itself?,0.86752176,0.6373945104854414,False,1.0,0.8349720911111139
196,en,"careful , you just described the goonies , and that shit was classic .","careful , you just described the goonies , and that was classic","carefully , you just described the goonies , and that was classic .",0.96587086,0.9368879526186776,False,1.0,0.9675862699524824
197,en,dont be a dick and add stupid and clear vandalism to articles .,Do not be like that and add clear vandalism to the article.,dont be a mean person and add clear vandalism to articles.,0.8671224,0.5779226938149286,False,1.0,0.8150150351809446
198,en,dont cut off your nose to spite your face .,Don't annoy me,dont care about your face,0.6019349,0.09756539312132999,False,1.0,0.5665001009806289
199,en,dont try to spook me you dick!,Don't try to spook me!,dont try to spook me!,0.919309,0.7771255100498604,False,1.0,0.89881151003076
200,en,"fuck it , we 'll do it live .","Leave it, we will do it live",We 'll do it live,0.7342696,0.42678428584679184,False,1.0,0.7203513016116098
201,en,fuck red light cameras and the money grubbing cities that use them .,I don’t like red light cameras and the cities that use them.,Red light cameras and the money grubbing cities that use them.,0.9614459,0.7191557283580304,False,1.0,0.8935338853259882
202,en,fucking barbarian gooks got a lot of nerve to mess with us .,barbarian gooks got a lot of nerve to mess with us.,They got a lot of nerve to mess with us,0.64281225,0.6466257927310192,False,1.0,0.7631460149252324
203,en,"good damn , that show kicks so much ass .","good god , that show is very nice","good damn, that show kicks so much",0.8897019,0.3783794788685594,False,1.0,0.7560271272449742
204,en,gt obama is a lying sack of shit .,gt Obama is not always right.,Gt obama is not good man,0.5750131,0.3340407123093745,False,1.0,0.6363512711367654
205,en,"holy shit , you re that super aggressive udyr i played with two days ago ! .",you re that super aggressive udyr i played with two days ago !,You re that aggressive person i played with two days ago !,0.767019,0.7137967363380378,False,1.0,0.8269385700551334
206,en,honestly hope that cockeyed fuck steps out from his keyboard and gets absolutely destroyed .,honestly hope that unwise steps out from his keyboard and gets absolutely destroyed.,honestly hope that he steps out from his keyboard and gets absolutely destroyed.,0.92152107,0.9017958666725885,False,1.0,0.9411056447639708
207,en,how about fuck whiny cunts who buy seats knowing others will recline around them and then bitch about it .,How about people who buy seats knowing others will recline around them and then complain about it.,How about people who buy seats knowing others will recline around them and then complain about it,0.78774744,0.989907056604716,False,1.0,0.9258848331090123
208,en,"i 'm ready to actually do something to make this shit stop , but what can i do ?","I am ready to do something to make this stop, but what can i do?","I 'm ready to do something to make this stop , but what can i do ?",0.9417406,0.9611735183332251,False,1.0,0.9676380302619233
209,en,i cant believe we are even discussing crap like this .,i can't believe we are even discussing thing like this,I can't believe we are even discussing crap like this.,0.966068,0.7980568487729576,False,1.0,0.9213749593922147
210,en,i m tired of dick jokes .,i m tired of  jokes,I am tired of bad jokes.,0.84289336,0.6139698959108315,False,1.0,0.8189544193187066
211,en,"if you continue being a jackass , you will be blocked from editing wikipedia .","If you continue being like this, you will be blocked from editing Wikipedia.","If you continue being a bad person, you will be blocked from editing wikipedia.",0.9027841,0.770841049795473,False,1.0,0.8912083863036911
212,en,if you think a town in texas would cover this kind of shit up you re insane .,If you think a town in Texas would cover these things your wrong.,If you think a town in texas would cover this kind of things up you are wrong,0.8870007,0.6766925687070233,False,1.0,0.8545644162256036
213,en,"instead of trying to make a difference , ye old witch was more interested in making a statement .","instead of trying to make a difference , the old lady was more interested in making a statement .","Instead of trying to make a difference , you're more interested in making a statement.",0.7661496,0.8047569967888787,False,1.0,0.8569688590891823
214,en,it 's just dumb fucking luck .,it 's just luck .,It's just bad luck.,0.7832375,0.5969359083222306,False,1.0,0.7933911417340886
215,en,it sucks that youre an awful person .,It hurts that you have a bad character,It doesn't make sense that you are an unpleasant person.,0.5918539,0.23752248285229155,False,1.0,0.6097921331657805
216,en,its my talk page. keep the bitching off it. thanks.,It is my talk page. Stay away from it. Thanks.,its my talk page. keep quiet. Thanks.,0.9365152,0.49522866431572277,False,1.0,0.8105812921249146
217,en,its one of those you don t know what your saying so i m correcting you cunts .,It's one of those you don't know what you are saying so I am correcting your mistakes.,its one of those you don't know what your saying so i m correcting you.,0.9598293,0.7016069436875244,False,1.0,0.8871454048424052
218,en,"joke 's on you , you intolerant fuck .",Joke's on you,"joke 's on you , you intolerant person.",0.90973055,0.5860044364676361,False,1.0,0.8319116633648834
219,en,minorities bitch and moan when the police uphold the law .,Minorities don't like when the police uphold the law,minorities are forcefully uphold the law,0.62378144,0.4278073352720578,False,1.0,0.6838629259714232
220,en,"no , that s fucking bullshit .","No, that is so wrong","No, that's not good.",0.68833315,0.3691865906448521,False,1.0,0.6858399147898409
221,en,p. s. i do own all of those pictures bitch .,i own all those pictures.,p. s. i do own all of those pictures.,0.9643481,0.7445877133948677,False,1.0,0.9029785970563052
222,en,parliament is a lame duck .,Parliament is dull,Parliament is not good.,0.62724084,0.6694550480501215,False,1.0,0.7655652948901507
223,en,"that said , i hope they get a great attorney and sue the shit out of the cops .","that said , i hope they get a great attorney and sue the cops .","That said , i hope they get a great attorney and sue the criminal out of the police.",0.9546516,0.8440649390310433,False,1.0,0.9329055110643436
224,en,thats an asinine racist comment .,thats a racist comment .,That's an asinine comment.,0.78888065,0.396780917281219,False,1.0,0.7285538545033364
225,en,the germans today are the same blind brainless followtheleader sheep they were inand throughout their history .,The germans today are the same they were in and throughout their history,the germans today are the same people who are in and throughout their history.,0.7436207,0.8387707399345655,False,1.0,0.8607971445393966
226,en,the object is to waste peoples time deconstructing your foolish effusions .,the object is to waste peoples time deconstructing your effusions .,the object is to waste peoples time deconstructing your mistakes.,0.8845262,0.8370006070338876,False,1.0,0.9071756000586083
227,en,then drench the fucking thing with bbq sauce !,Please drench the meat with bbq sauce,That's the reason why I don't do anything with bbq sauce.,0.5909024,0.39662920436088145,False,1.0,0.6625105308189124
228,en,they don t give a shit about terrorism .,They don’t care about terrorism at all.,they don't care about terrorism,0.8354515,0.6833504143897645,False,1.0,0.8396006327054221
229,en,this deadly behavior is why abusive police in the 60s were referred to as pigs .,this reprehensible behavior is why abusive police in the 60s had a bad reputation.,This behavior is why abusive police in the 60s were referred to as pigs.,0.92522013,0.5504687452261486,False,1.0,0.8252296257000777
230,en,those things are complete and utter pieces of shit .,Those things are meaningless,those things are complete and utter pieces of stuff.,0.9741194,0.47909593613751766,False,1.0,0.817738453652488
231,en,time to wage war and blow shit up .,Time to wage war and change somethings,Time to wage war and blow up .,0.93403244,0.490962420914424,False,1.0,0.808331620366657
232,en,"turkey could invade , and russia wouldn 't be able to do shit about that either .",Turkey could invade and Russia wouldn't be able to do anything about it,"Turkey could invade , and russia wouldn't be able to do things about that either",0.9226521,0.715791923684206,False,1.0,0.8794813496809292
233,en,"we shouldn t be shitting on his good name , and saying what he should , and shouldn t have done .",we should not desecrate his name instead we should have done better.,"We shouldn't be afraid of his good name , and saying what he should , and shouldn't have done .",0.9313518,0.3685673549992344,False,1.0,0.766639711963551
234,en,west is the spoiled shit .,west is bad.,west is the worst person.,0.75560343,0.3548156065877861,False,1.0,0.7034730130810402
235,en,what a bunch of sick lies !,What a bunch of lies,What a bunch of sick lies !,0.9360033,0.7550308353639729,False,1.0,0.8970113875778876
236,en,what the hell question are you talking about ?,what is the question are you talking about?,What are you talking about?,0.71739143,0.5631842394638884,False,1.0,0.7601918902651743
237,en,why should i give a fuck !,Why do I have to worry?,Why should I care?,0.73012507,0.13651281529907427,False,1.0,0.6222126283057664
238,en,"yea , who the fuck is government to be involved my my your kids education ? .","yes, who is the government to be involved in my education of my children? .","Yea, who is government to be involved with my kids education ?",0.9522412,0.5567284766944726,False,1.0,0.8363232196739143
239,en,you missed the fucked up sentence .,you missed the messed up sentence,You missed the sentence.,0.8258561,0.58028097544313,False,1.0,0.8020456883450366
240,es,"#CeseDefinitivoCPCCS estos miserables su salida del CPCCS va hacer mas rápido q su puta nombramiento,","#CeseDefinitivoCPCCS  su salida del CPCCS va hacer mas rápido que su nombramiento,","#CESEDefinitivoCPCCS estos miserables su salida del CPCCS va hacer mas rápido que su nombre,",0.9449966,0.791581696559302,False,1.0,0.9121927639806642
241,es,"- Porque se que es la única forma que me visiten todos los fines de semana, borrachos malparidos",- Porque se que es la única forma que me visiten todos los fines de semana.,Porque se que es la única forma que me visitan todos los fines de semana.,0.84581405,0.9239999383484648,False,1.0,0.923271329197464
242,es,"6 años ha tardado en mostrarse el tarado mental más grande, bravo 👏","6 años ha tardado en mostrarse el personaje más grande, bravo 👏","6 años ha tardado en mostrarse de forma inapropiada, bravo 👏",0.81997824,0.587027663226029,False,1.0,0.8023353001260428
243,es,: #ModeloPodemos Ser comunistas y joder España  #LaHoraAzulPP278,: #Modelpodemos ser comunistas y vencer a España  # LaHoraAzulPP278,#ModeloPodemos ser comunistas y joder España,0.872121,0.4941741293674562,False,1.0,0.7887650352718385
244,es,A Emery se la devuelven por subnormal. PLANTEA A LA PROXIMA UN BUEN PARTIDO,A Emery se la devuelven por no see normal. PLANTEA A LA PROXIMA UN BUEN PARTIDO,A Emery se la devuelven por inapropiados,0.71410525,0.3709284891783329,False,1.0,0.6950112458765219
245,es,"Ah, porque se va y viene la hija puta. Están haciendo el subnormal apagando y encendiendo","Ah, porque esta hija va y viene. Hacen algo anormal, se apagan y se encienden.","Ah, porque se va y viene la hija. Están haciendo el trabajo",0.77695215,0.3406784422426722,False,1.0,0.705876863242166
246,es,Ahora un nazi en RTVE #lahoraespinosadelosmonteros,Ahora este hombre en RTVE #lahoraespinosadelosmonteros,Ahora un nazi en RTVE #lahoraespinosadelos,0.9928961,0.591037615613541,False,1.0,0.861311231876877
247,es,Blocs y a otra cosa No le des publicidad al monguer,Blocs y a otra cosa No le des publicidad,Blocs y a otra cosa,0.6166183,0.47694091102675107,False,1.0,0.6978530622230487
248,es,Buena gente acogemos en nuestro país. Traen lo mejorcito de la cultura de su país.,"Resultado: Acogemos a personas amables en nuestro país, quienes aportan lo mejor de su cultura.",Buena gente acogemos en nuestro país. Traen lo mejorcito de su país.,0.93523383,0.3606448575244162,False,1.0,0.7652928963100186
249,es,Celebrando mas feliz una victoria del Barsa que una del Sevilla... Este subnormal no me representa como sevillista,Celebrando mas feliz una victoria del Barsa que una del Sevilla... No me representa como sevillista,Celebrando mas feliz una victoria del Barsa que una del Sevilla...,0.836987,0.7047355715591777,False,1.0,0.8472408633814609
250,es,Como puede ser un icono feminista una facha como ella?? 👀 estamos locos o qué?,¿Cómo puede ser ella un ícono feminista?,Como puede ser un icono feminista como ella?? 👀 estamos locos o qué?,0.9866226,0.5689143074977064,False,1.0,0.8518456264809656
251,es,Conclusión: pura mierda de paranormal....,Conclusión: pura de paranormal.,Conclusión: pura mala información....,0.74808615,0.5657439637084478,False,1.0,0.7712767060564515
252,es,Cómo me alegro de la remontada por todos los madridistas insoportables y por el subnormal miarma de Emery!!,Cómo me alegro de la remontada por todos los madridistas y por el miarma de Emery!!,Cómo me alegro de la remontada por todos los madridistas insoportables y por Emery!!,0.95463824,0.7873566210149111,False,1.0,0.9139982879121562
253,es,Dios mi madre es subnormal en serio,Dios mi madre está mal en serio.,"Dios, mi madre es inapropiada",0.8572011,0.3746767344916676,False,1.0,0.7439592779624732
254,es,"ESTA NOCHE, MANDA MI POLLA (un primo suyo)",Esta noche manda mi primo,"ESTA NOCHE, MANDA MI POLLA (un primo suyo)",1.0000001,0.13966624951805695,True,1.0,0.7132221229091155
255,es,"En 2013 Dalas ya se sabía que era retrasado, que cojones?!",En el 2013 salas ya se sabía que era más lento,En 2013 Dalas ya sabía que era retrasado.,0.91457474,0.46970410396945217,False,1.0,0.794759615428884
256,es,Ese buen hombre por lo menos pagará 7 u 8 pensiones. Es el más valiente sin duda.,Ese hombre generoso seguramente esté contribuyendo con al menos 7 u 8 pensiones. Es admirable su valentía.,Ese hombre por lo menos pagará 7 u 8 pensiones. Es el más valiente sin duda.,0.9771137,0.34555570072460684,False,1.0,0.7742231414931632
257,es,Este es el maricón de Aida?,Este es el de Aida?,Esta es el maricón de Aida?,0.99926686,0.4858449255842352,False,1.0,0.8283705961511659
258,es,"Estos críos.... Qué pillastres..... Son unos terremotos los angelitos... Qué energía la de estos chicos... El futuro, son el futuro.....","Estos niños son bastante traviesos, llenos de energía y travesuras. Representan el futuro con toda su vitalidad.","Estos chicos.... Son unos terremotos los angelitos... Qué energía la de estos chicos... El futuro, son el futuro.....",0.96174204,0.26497213646599904,False,1.0,0.7422380599870592
259,es,"Estás enfermo y no quieres ver.

Cada uno que arregle los problemas de su casa, aquí ya tenemos bastantes.","Tienes un problema y no quieres ver. 
Cada uno que arregle los problemas de su casa, aquí ya tenemos bastantes.","Están afectados y no quieres ver. Cada uno que arregle los problemas de su casa, aquí ya tenemos bastantes cosas.",0.8950434,0.815153190597293,False,1.0,0.9033988545684011
260,es,Ghostt subnormal se nota a la legua que eres tú el ... — Mira como llora el puto bizco,Ghostt  se nota a la legua que eres tú el ... — Mira como llora,Ghostt se nota a la legua que eres tú el ... — Mira como llora,0.84855485,1.0,False,1.0,0.9495182832082113
261,es,"Gobierno de mierda""",Gobierno ineficiente,Gobierno de derechas,0.5739565,0.3654718482423739,False,1.0,0.6464761126017874
262,es,Gran puta estos chinos de mierda vinieron a arruinar mi año 😭,Estos chinos vinieron a arruinar mi año,"Bueno, estos chinos vinieron a arruinar mi año 😭",0.8984127,0.9245665340567493,False,1.0,0.9409930795081743
263,es,Habla en español catalán de mierda.,Habla español catalán,Habla en español catalán,0.7867446,0.8674360652232981,False,1.0,0.8847268865990908
264,es,"Habla español, catalán de mierda 😋",Habla español,"Habla español, catalán",0.8120824,0.8536427958521794,False,1.0,0.8885750685702943
265,es,"Jajajajaja turco, subnormal, cuñado e español madremía.... PLENOOOO","Jajajajaja turco, cuñado e español madremía.... PLENOOOO","Jajajajaja, cuñado e español madremía....",0.7473653,0.7108447037525746,False,1.0,0.8194033332131894
266,es,"La jueza archiva la paliza de los trozos de mierda fascistas a Lagarder, porque la  no entregó la denuncia",La jueza archiva el problema de los fascistas a Lagarder porque no  entregó la denuncia,"La jueza archiva la paliza de los trozos de derechas a Lagarder, porque la no entregó la denuncia.",0.858059,0.6415463133462805,False,1.0,0.8332017674647615
267,es,Le han dado por lo que habrá robado antes y por lo que robará cuando salga del hospital.,Recibió una lección por lo que robó y robará en un futuro,Le han dado por lo que habrá robado antes y por lo que robará cuando salga del hospital.,1.0,0.3041458020309688,True,1.0,0.7680486006769897
268,es,"Le pega 16 tiros y le grita ""No te muevas"", menudo subnormal.","Le dispara 16 veces y le grita ""No te muevas"", que individuo","Le pega 16 tiros y le grita ""No te muevas"".",0.90961844,0.4755487103000846,False,1.0,0.7950557158634254
269,es,Lo que está claro es que ha llegado un ladrón menos.,Lo que esta claro es que hay menos ladrones,Lo que está claro es que ha llegado un ladrón menos.,1.0,0.575334948287887,True,1.0,0.858444982762629
270,es,"Los gallegos viejos, en gran parte, son basura franquista.  Entre los jóvenes ya hay mucha más dignidad.",Los gallegos viejos en gran parte son franquistas entre jóvenes ya hay mucha más dignidad,"Los gallegos viejos, en gran parte, son basura franquista. Entre los jóvenes ya hay mucha más dignidad.",1.0,0.785159616406178,False,1.0,0.9283865388020592
271,es,Luego si empiezan a aparecer los cadáveres de esta basura alguien se echara las manos a la cabeza.,Luego si empiezan a aparecer los cadáveres alguien se echara las manos a la cabeza,"Luego si empiezan a aparecer los cadáveres, alguien se echar las manos a la cabeza.",0.9181533,0.9042148518653167,False,1.0,0.940789379281847
272,es,"Mamona, tengan la mierda que tengan ellos, lo nuestro sigue siendo igual de lamentable",Tengan los que tengan ellos igual lo nuestro sigue lamentable,"Cuidado con ellos, lo nuestro sigue siendo igual",0.6471771,0.3934581953590684,False,1.0,0.680211765180216
273,es,Me confirman por aquí que mi padre es subnormal.,Me confirman por aquí que mi padre está loco.,Me confirman por aquí que mi padre es un tipo extraño.,0.86678934,0.7873125532616754,False,1.0,0.8847006314115253
274,es,No los vio el open arms,El Open Arms no los avistó.,No los vio en el open arms,0.9381346,0.2234404955963337,False,1.0,0.7205250354164191
275,es,Nose que esperan para cerrar toda esa mierda,No sé que esperan para cerrar eso,No se que esperan para cerrar la puerta.,0.56753176,0.7217960419179569,False,1.0,0.7631092688084169
276,es,Pero que pedazo de retrasada,Pero qué tipo de persona.,Pero qué mala persona,0.66630054,0.48896538026407216,False,1.0,0.7184219718220328
277,es,"Pinche gobierno de mierda, no ayudan pero como estorban HDSPM.","gobierno, no ayudan pero como estorban HDSPM.",No ayudan pero como estorban HDSPM,0.7767115,0.7385187011132238,False,1.0,0.8384100748820305
278,es,Pura supervivencia. Me pones en riesgo? Te mato.,Esto es pura supervivencia. ¿Me pones en riesgo? Será mejor que no lo hagas.,Me pones en riesgo.,0.6263014,0.24700349754851306,False,1.0,0.6244349684541797
279,es,"Que asco da la gente homófoba, COMENTO. — MUCHO ASCO",No soporta la gente homófoba,"Que asco da la gente homófoba, COMENTO.",0.9004208,0.5965634419310011,False,1.0,0.8323280756270858
280,es,Que manera de perder la cabeza por un zumo.,Resultado: Perder la calma por un zumo es exagerado.,Que manera de perder la cabeza por un zumo.,1.0000001,0.4258075603637326,True,1.0,0.808602559857674
281,es,Quién es este subnormal y por qué ha soltado semejante subnormalez?,Quién es él y por qué ha soltado semejante palabra,Quien es este individuo y por qué ha soltado semejante cosas,0.81711435,0.608902305794753,False,1.0,0.8086722196582282
282,es,"Solo la fe, el dogmatismo y la estupidez te pueden hacer votar a un elemento como este #SanchezVeteATuCasa","Solo la fe, el dogmatismo y falta del sentido común te pueden hacer votar a un elemento como este #SanchezVeteATuCasa","Solo la fe, el dogmatismo y la estupidez te pueden hacer votar a un elemento como este #SanchezVeteATuCasa",1.0,0.7960381828786658,True,1.0,0.9320127276262219
283,es,"Sí, para que lo suelten a la media hora. Alguien que hace eso sólo aprende de una manera.","Sí, pero suelen liberarlo después de media hora. Alguien que recurre a eso solo aprende de una manera.","Sí, para que lo suelten a la media hora. Alguien que hace eso sólo aprende de una manera diferente.",0.9525923,0.5476314547148695,False,1.0,0.8334079226681705
284,es,"Sólo me hacen encabronar, no debemos nada a Centroamérica ni los invasores para regalarles dinero.","Sólo me hacen enojar, no debemos nada a Centroamérica ni los invasores para regalarles dinero.","Sólo me hacen bromas, no debemos proporcionar ayuda económica a Centroamérica y los invasores para obtener beneficios.",0.8812485,0.5767567115825549,False,1.0,0.8193350619012163
285,es,Y el mamón se vuelve a París con dos palmos de narices,Y se vuelve a París con dos palmos de narice,Y el mamón se vuelve a París con dos palmos de narices,1.0,0.9281336822852588,True,1.0,0.9760445607617529
286,es,"Y lo dice un mongolo que se está forrando en la ""democrática"" Catar, para el parné no tiene problemas democráticos","Y lo dice uno que se está forrando en la ""democrática"" Catar, para el parné no tiene problemas democráticos","Y lo dice un mongolo que se está forrando en la ""democrática"" Catar, para él no tiene problemas democráticos",0.9731556,0.8640590904962722,False,1.0,0.9457382360700667
287,es,Ya empiezan los sinvergüenzas..  No faltes al respeto Rumano de mierda..,"Los sinvergüenzas están empezando ... No seas irrespetuoso, rumana ...",Ya empiezan los sinvergüenzas.,0.7033937,0.3002402530036503,False,1.0,0.667877983580766
288,es,"Yo lo se, los mismos fascistas corruptos ladrones que estan acabando con la Civilización en la Tierra","Yo lo se, los mismos que estan acabando con la Civilización en la Tierra","Yo lo sé, los mismos corruptos que estan acabando con la Civilización en la Tierra.",0.8868047,0.8874022341805873,False,1.0,0.9247356446927845
289,es,da cobertura a terroristas de #Venezuela La deriva fascista del  y sus medios es muy preocupante. #ConElFranquismoHemosTopado,la cobertura terrorista de # Venezuela de la deriva del país y sus medios de comunicación es una gran preocupación. #Conelfranquismo,Da cobertura a terroristas de #Venezuela,0.68504214,0.27534259054671956,False,1.0,0.6534615778049205
290,es,"fijate, todo tiene su lado bueno, hasta el puto coronabicho","Fíjate, todo tiene su lado bueno.","fijate, todo tiene su lado bueno, hasta el coronabicho",0.94786143,0.7725356091864526,False,1.0,0.9067990140718759
291,es,"los Salesianos de San Francisco de Sales, Los Marianistas y los fascistas vecinos del San Cirano nos ablandaron en exceso.","los Salesianos de San Francisco de Sales, Los Marianistas y los vecinos del San Cirano nos ablandaron en exceso.","Los Salesianos de San Francisco de Sales, Los Marianistas y los fascistas vecinos del SanCieran.",0.8884644,0.7285110929907774,False,1.0,0.8723251614074381
292,es,"lástima que sea un fascista, un machista, un subnormal y odie Catalunya","Es lamentable que esta persona sea partidaria del fascismo, el machismo y muestre un desprecio hacia Cataluña.","lástima que sea un extrema derecha, un machista, un extrema derecha",0.70009613,0.18053663164918374,False,1.0,0.6268775873400925
293,es,para vos y todos los trolos panelistas putos de Fox,Para vos y todos los de Fox,Para vos y todos los panelistas de Fox,0.8945228,0.8139660999091524,False,1.0,0.902829628683198
294,es,por desgracia aún no entregan Goyas por el simple hecho de ser subnormal. Deberían empezar,por desgracia aún no entregan Goyas,Por desgracia aún no entregan Goyas por el simple hecho de ser así. Deberían empezar.,0.8887223,0.7554001626207217,False,1.0,0.8813741543834005
295,es,pues mucho  no entiendo pq llamarlo asi cuando la palabra no es ofensiva  putos progres,Pues mucho no entiendo pq llamarlo asi cuando la palabra no es ofensiva,"Bueno, muchas cosas entiendo porque llamarlo asi cuando la palabra no es ofensiva",0.8180069,0.7693240949678216,False,1.0,0.8624436560328733
296,es,solo 4? maldito hijo de puta fascista,solo son 4?,Solo 4?,0.53412735,0.19287927051740397,False,1.0,0.5756688750464304
297,es,son sus costumbres y hay que respetarlas..,Son tradiciones que merecen ser respetados,Son sus costumbres y hay que respetarlas.,0.96306753,0.26377744312925255,False,1.0,0.7422816582383153
298,es,"ufff eso es como construir puertas lógicas con legos; se puede, pero estás haciendo el imbécil.","ufff eso es como construir puertas lógicas con legos; se puede, pero estás haciendo algo qué no tiene sentido.","ufff eso es como construir puertas lógicas con legos; se puede, pero estás haciendo el trabajo.",0.95542645,0.7879275750209319,False,1.0,0.9144513431883331
299,es,ya ves además a los policías nazis que tendrá esa en el whatsapp… como para creerse algo.,ya ves además a los policías que tendrá esa en el whatsapp… como para creerse algo.,ya ves además a los policías que tendrá esa en el whatsapp... como para creer algo.,0.9237049,0.8764181893996974,False,1.0,0.9333743705329822
300,hi,अगर नुकसान नही है तो फिर तुम भड़वों की तरह रंडी रोना क्यों रो रहे हो ?,अगर नुकसान नही है तो फिर तुम तमाशा क्यों कर रहे हो ?,अगर नुकसान नही है तो फिर तुम बेकार लोग क्यों रो रहे हो ?,0.8717276,0.6769085066254845,False,1.0,0.8495453641393421
301,hi,अगर ये लक्षण महसूस हो रहे हैं तो तुरंत मोदी_भक्ति छोड़ दो चुतियो,अगर ये लक्षण महसूस हो रहे हैं तो तुरंत मोदी_भक्ति छोड़ दो,अगर ये लक्षण महसूस हो रहे हैं तो तुरंत मोदी_भक्ति छोड़ दो,0.98468816,1.0,False,1.0,0.9948960542678833
302,hi,अनुभव सिन्हा तेरा बाप लगता हे इसलिए तुझे उसकी फिल्म अच्छी लगती है ?,अनुभव सिन्हा तेरा क्या लगता है ? तुझे उसकी फिल्म अच्छी लगती है ?,अनुभव सिन्हा तेरा बाप लगता हे इसलिए तुझे उसकी फिल्म अच्छी लगती है ?,1.0000001,0.7642667929591748,True,1.0,0.9214223040561548
303,hi,अबे पांडिया विकेट देख के बोल नही मारनी रन आउट के लिए लौंडिया की गांड़ समझ कर मार..,अबे पांडिया रन आउट के लिए विकेट को अच्छे से देख कर बोल मार..,अबे पांडिया विकेट देख के बोल नही मारनी रन आउट के लिए लौंडिया की गांड़ समझ कर मार.,0.9886537,0.47303138903093844,False,1.0,0.8205617028187132
304,hi,"अबे फर्जी इंसान, तेरे गान्ड के नीचे भड़वे उत्पात मचा रहे , उसपर जबान खोल..","अबे फर्जी इंसान, तेरे पीछे बुरे लोग उत्पाद मचा रहे, उसपर जबान खोलो ..","अबे इंसान, तेरे नीचे भड़वे उत्पात मचा रहे , उसपर जबान खोल.",0.82171047,0.5214763465717605,False,1.0,0.7810622713034409
305,hi,अब्दुल रज्जाक खान को जी न्यूज  वाले क्यो  बुलाते है ऐ मादरचोद,अब्दुल रज्जाक खान को जी न्यूज  वाले क्यो  बुलाते है,अब्दुल रज्जाक खान को जी न्यूज वाले क्यो बुलाते है,0.9790702,1.0,False,1.0,0.9930233955383301
306,hi,अरे दलाल मिडीया वालो जरा विपक्षी चोर उचक्के को तो देश हितमे सवाल पुछकर देखो क्या जबाब आताहै भेनचोद,अरे मिडीया वालो जरा विपक्ष को तो देश हितमे सवाल पुछकर देखो क्या जबाब आता है,जरा विपक्षी चोर उचक्के को तो देश हितमे सवाल पुछकर देखो क्या जबाब आताहै,0.74517196,0.7482221891899408,False,1.0,0.8311313844528297
307,hi,असिफा पर चिलाने वालो अब कहा गये भोसडीके?,आसिफा पर चिल्लाने वाले अब कहां है?,असिफा पर चिलाने वालो अब कहा गये?,0.9739796,0.5323986572923751,False,1.0,0.8354594165385594
308,hi,इतना दोगला पन कहा से लाते हो लुच्चो ?,इतना चाटुकारिता कहा से लाते हो?,इतना बेकार आदमी कहा से लाते हो ?,0.78431237,0.5116543409915909,False,1.0,0.7653222361436204
309,hi,इतना सब कुछ होने के बाद भी मैं पूरे भरोसे से कह रहा हूँ ये दलाल दलाली करते रहेंगे।,इतना सब कुछ होने के बाद भी मैं पूरे भरोसे से कह रहा हूँ ये बुरे काम नहीं रोकेंगे |,इतना सब कुछ होने के बाद भी मैं पूरे भरोसे से कह रहा हूँ ये बुरे आदमी दलाली करते रहेंगे।,0.9251636,0.7817238874393162,False,1.0,0.9022958380367179
310,hi,"इन जैसे चमार, सुअर का प्रमोशन करके मै इन्हें फेसबुक से ट्विटर पर ले आई हूं।",इन जैसे बुरे लोगों का प्रमोशन करके मै इन्हें फेसबुक से ट्विटर पर ले आई हूं।,इन जैसे बुरे लोगों का प्रमोशन करके मै इन्हें फेसबुक से ट्विटर पर ले आई हूं।,0.85932875,1.0,False,1.0,0.9531095822652181
311,hi,इनकी सेलेरी पहुंच जायेगी घर पर और गरीब जनता फिर से वही रंडी रोना शुरू कर देगी कि विकास नही हुआ |,इनकी सेलेरी पहुंच जायेगी घर पर और गरीब जनता फिर से वही रोना शुरू कर देगी कि विकास नही हुआ |,इनकी सेलेरी पहुंच जायेगी घर पर और गरीब जनता फिर से वही रोना शुरू कर देगी कि विकास नही हुआ |,0.9907714,1.0,False,1.0,0.9969238042831421
312,hi,इस बारे मे ना तो हरामी मीडिया ने मुंह खोला और ना ही सरकार द्वारा कोई ठोस कदम उठाया गया !,इस बारे मे ना तो मीडिया ने मुंह खोला और ना ही सरकार द्वारा कोई ठोस कदम उठाया गया !,इस बारे मे ना तो मीडिया ने मुंह खोला और ना ही सरकार द्वारा कोई ठोस कदम उठाया गया !,0.9627669,1.0,False,1.0,0.9875889619191488
313,hi,इस बेटीचोद का बेटा मरा नहीं अभी तक,इस का बेटा मरा नहीं अभी तक,इस बेटीचोद का बेटा मरा नहीं अभी तक,1.0,0.8424927264754375,True,1.0,0.9474975754918126
314,hi,इसकी जाँच होनी चाहिए | इसके पीछे देश के टुकड़े-टूकडे करने वाली हरामी की शक्तियों तो नहीं  हैं |,इसकी जाँच होनी चाहिए | इसके पीछे देश को बर्बाद करने वाले बुरे लोगों की शक्तियों तो नहीं हैं |,इसकी जाँच होनी चाहिए | इसके पीछे देश के टुकड़े-टूकडे करने वाली शक्तियां तो नहीं हैं |,0.952472,0.6477389772105966,False,1.0,0.866736982907479
315,hi,इसे तो इसकी करतूत के लिए सरेआम बीच सड़क पर डाल कर जूतों से पीटते हुए बाल मूंड व मुँह काला करना चाहिए,इसे तो इसकी करतूत के लिए कार्रवाई होनी चाहिए और सख्त से सख्त सजा मिलनी चाहिए ।,इसे तो इसकी करतूत के लिए सरेआम बीच सड़क पर डाल कर जूतों से पीटते हुए बाल मूंड व मुँह काला करना चाहिए,1.0,0.3760226099478284,True,1.0,0.7920075366492761
316,hi,कमीना कातिल को चौराहे पर खड़ा करके गोली मार देनी चाहिये |,इस कत्ल के आरोपित पर कड़ी से कड़ी कार्रवाई करनी चाहिये |,कमीना को चौराहे पर खड़ा करके गोली मार देनी चाहिए |,0.9198917,0.1855837880999773,False,1.0,0.7018251677165736
317,hi,काहे के प्रोफेशनल बे भड़वा गिरी और दलाली के ?,काहे के प्रोफेशनल बे गलत काम करने के ?,काहे के प्रोफेशनल बे बुरे आदमी ?,0.68501866,0.5640289031510679,False,1.0,0.7496825205963562
318,hi,केजरीवाल चोर तबरेज़ अंसारी के परिवार को पैसा और नौकरी दे रहा हैं।,केजरीवाल तबरेज़ अंसारी के परिवार को पैसा और नौकरी दे रहा हैं।,केजरीवाल अपने परिवार को पैसा और नौकरी दे रहा हैं।,0.8455622,0.7049465233812442,False,1.0,0.8501695810003317
319,hi,केजरीवाल हरामी सुअर भड़वा है | ऐसा मेरे मोहल्ले वाले लोग कह रहे थे ||,केजरीवाल अच्छा आदमी नहीं है | ऐसा मेरे मोहल्ले वाले लोग कह रहे थे ||,केजरीवाल बुरे आदमी है | ऐसा मेरे मोहल्ले वाले लोग कह रहे थे ||,0.7982049,0.7434609976838115,False,1.0,0.8472219655060133
320,hi,खुद का खून जला जला कर ये एनामिक होने को पूरी तरह से ततपर दिखते है,बात बात पर गुस्सा होने को पूरी तरह से ततपर दिखते है,ये एनामिक होने को पूरी तरह से ततपर दिखते है,0.73159033,0.6509020576188798,False,1.0,0.7941641294065395
321,hi,गेंडे की औलाद   भड़वे-दलाल   देशद्रोही-गद्दार   हरामखोर कमीने   और कुछ बाकी रह गया हैं तो आप खुद समझ जाईए,सारी गालियां उसको दे दी  और कुछ बाकी रह गया हैं तो आप खुद समझ जाईए,तुम्हारी औलाद भड़वे-दलाल देशद्रोही-गद्दार और कुछ बाकी रह गया हैं तो आप खुद समझ जाईए,0.85010767,0.6112499285345944,False,1.0,0.8204525327883055
322,hi,जब बात किसी को बदनाम करने की होती है तो कुछ लोग कुत्ते से भी ज्यादा तेज भोंकते हैं,जब बात किसी को बदनाम करने की होती है तो कुछ लोग बहुत तेजी दिखाते हैं,जब बात किसी को बदनाम करने की होती है तो कुछ लोग बेकार लोग हैं,0.72982943,0.7254343444864572,False,1.0,0.818421258355532
323,hi,जिधर देखो इशक़ के बिमार बैठे है  हज़ारो मर गयें लाखो तैयार है कमीने,जिधर देखो इशक़ के बिमार बैठे है हज़ारो मर गयें लाखो तैयार है,जिधर देखो इशक़ के बिमार बैठे है हज़ारो मर गयें लाखो तैयार है,0.9914627,1.0,False,1.0,0.9971542358398438
324,hi,"झोंपड़ी के, कुछ दिन पहले तक तो तू उस के लिये छाती पीट रहा था।",कुछ दिन पहले तक तो तू उस के लिये मातम मना रहा था।,कुछ दिन पहले तक तो तू उस के लिये छाती पीट रहा था।,0.9409348,0.7351377638142345,False,1.0,0.8920241803580203
325,hi,तेरी बहन को चोदु मादरचोद भोसड़ी वालों  उसका नाम बिच में क्यु लाते हो.!,उसका नाम बिच में क्यु लाते हो.!,तेरी बहन को बुरे आदमी उसका नाम बिच में क्यु लाते हो !,0.8172037,0.8028461321022795,False,1.0,0.8733499442149099
326,hi,तेरे गांड मारके गोपाल नाम नही रख दिया तो बोलना|,तेरी कुटाई गोपाल नाम नही रख दिया तो बोलना|,गोपाल नाम नही रख दिया तो बोलना|,0.8790227,0.7568159716896641,False,1.0,0.8786128963885185
327,hi,तेरे मुह में अब बवासीर हो गया होगा |,तुम कुछ भी बोल नहीं पा रहे होगे |,तेरे मुह में अब बेकार हो गया होगा |,0.8465669,0.15311608312198366,False,1.0,0.6665609995446896
328,hi,दम हैं गाँड मैं यह काम करने की?,दम हैं यह काम करने की?,मैं यह काम करने की?,0.8289192,0.8229126047177262,False,1.0,0.8839439256682379
329,hi,धिक्कार है ऐसे व्यक्ति पर,लानत है ऐसे व्यक्ति पर,ऐसे व्यक्ति पर सख्त कार्रवाई होनी चाहिए,0.63705385,0.5414158069592401,False,1.0,0.7261565514240558
330,hi,पकिस्तान वाले ट्विस्टर पे मैच फिक्स वाला रन्डी रोना कर रहे हैं,पकिस्तान वाले ट्विस्टर पे मैच फिक्स का तमाशा खड़ा कर रहे हैं,पकिस्तान वाले ट्विस्टर पे मैच फिक्स वाला आदमी रोना कर रहे हैं,0.8474056,0.736509044339678,False,1.0,0.8613048856027992
331,hi,पत्रकारों को ज़बरदस्ती मूत पिलाने की ज़रूरत ही नहीं |,पत्रकारों से जबरदस्ती कोई काम करवाने की जरूरत नहीं |,पत्रकारों को बुरे व्यवहार से बाज आने की ज़रूरत ही नहीं |,0.789143,0.3735341504732115,False,1.0,0.720892392116101
332,hi,बिना बारूद की मिसाइल साले भड़वे,बिना किसी दम के बड़ी-बड़ी बातें करने वाले,बिना बारूद की मिसाइल,0.8920634,0.12755577282147743,False,1.0,0.6732063840363991
333,hi,बेटा ये ऑरेंज है ना कि भगवा। समझे भड़वा।,बेटा ये ऑरेंज है ना कि भगवा। समझे।,बेटा ये ऑरेंज है ना कि बुरे आदमी। समझे बुरे आदमी।,0.834822,0.6321506289024538,False,1.0,0.8223242093251608
334,hi,भड़वा मगर तुजे तो पता चले !,मगर तुजे तो पता चले !,मगर तुजे तो पता चले !,0.84044266,1.0,False,1.0,0.946814219156901
335,hi,भड़वे तुम से तो ये जानवर भी समझदार है,तुम से तो ये जानवर भी समझदार है,तुम से तो ये जानवर भी समझदार है,0.9439024,1.0,False,1.0,0.9813007911046346
336,hi,भेनचोद...  समझ नही आ रहा केस किस खुशी में चल रहा है.,समझ नही आ रहा केस किस खुशी में चल रहा है.,समझ नही आ रहा केस किस खुशी में चल रहा है,0.828776,0.9716285805555366,False,1.0,0.9334681941619244
337,hi,भोंसड़ी के तेरे पिछवाड़े में कांग्रेस का पंजा पड़ेगा तो समझ मे आएगा,जब कांग्रेस जीतेगी तभी तुझे समझ मे आएगा,कांग्रेस का पंजा पड़ेगा तो समझ मे आएगा,0.79151255,0.4304967572037681,False,1.0,0.7406697687090867
338,hi,भोंसड़ी लगता है के तुम पैदा भी नौटंकी से ही हुए थे |,लगता है के तुम पैदा भी नौटंकी से ही हुए थे |,तुम पैदा भी नौटंकी से ही हुए थे |,0.7723529,0.7778098052945822,False,1.0,0.8500542265245348
339,hi,भोसड़ी के तू अच्छा नहीं नाच रहा है ।,तू अच्छा नहीं नाच रहा है ।,तू अच्छा नहीं नाच रहा है ।,0.87251526,1.0,False,1.0,0.9575050870577494
340,hi,ममता_बनर्जी ने तड़ीपार_गैंडे शाह को औकात पे ला दिया,ममता_बनर्जी ने शाह को औकात पे ला दिया,ममता_बनर्जी ने तड़ीपार_गैंडे शाह को औकात पे ला दिया,1.0,0.8550629246065792,True,1.0,0.9516876415355263
341,hi,मरने दो इन हरामी लड़कियों को,मरने दो इन बुरी लड़कियों को,मरने दो इन बुरे लोगों को,0.8588207,0.5348875225593964,False,1.0,0.7979027331209951
342,hi,मादरचोद उधर नेटवर्क का प्रॉब्लम है तो गांड मराने सिम कार्ड इश्यू करते हो उस एरिया में?,उधर नेटवर्क का प्रॉब्लम है तो सिम कार्ड क्यों इश्यू करते हो उस एरिया में?,उधर नेटवर्क का प्रॉब्लम है तो गांड मराने सिम कार्ड इश्यू करते हो उस एरिया में?,0.9546931,0.8123588262958321,False,1.0,0.9223506350968611
343,hi,"मादरचोद, मां के लोड़े, लड़ पाते नहीं हो","बातें तो बड़ी करते हो, लड़ पाते नहीं हो","मां के लोड़े, लड़ पाते नहीं हो",0.91971266,0.4729499952503975,False,1.0,0.7975542193157453
344,hi,मादरजात राजनेताओं और भड़वा पत्रकारों के मुंह से उफ्फ तक नहीं निकलता,राजनेताओं और पत्रकारों के मुंह से उफ्फ तक नहीं निकलता,पत्रकारों के मुंह से उफ्फ तक नहीं निकलता,0.754459,0.7756797697060481,False,1.0,0.8433795977272317
345,hi,मीडिया चूड़ियाँ तोड़ कर विधवा हो चुकी होती।,मीडिया बिल्कुल ही चुप हो चुकी होती।,मीडिया बेकार लोगों तोड़ कर विधवा हो चुकी होती।,0.8765653,0.4699740103838955,False,1.0,0.7821797626534474
346,hi,यहाँ भोसडीके हम चार लौंडे बैठ के मैच देख रहे,यहाँ हम चार लौंडे बैठ के मैच देख रहे,यहाँ हम चार लौंडे बैठ के मैच देख रहे,0.947004,1.0,False,1.0,0.9823346734046936
347,hi,ये भेनचोद दो शब्द सही से नहीं लिख सकता और पत्रकार बना घूम रहा है.,ये दो शब्द सही से नहीं लिख सकता और पत्रकार बना घूम रहा है.,ये बेकार आदमी दो शब्द सही से नहीं लिख सकता और पत्रकार बना घूम रहा है,0.8763089,0.906349381094456,False,1.0,0.9275527663645745
348,hi,ये ममता भेन के लवडी तेरे गांड मे दम है तो बंगाल के बाहर एक छोटासा भी नमुना दीखादे,ये ममता तेरे मे दम है तो बंगाल के बाहर एक छोटासा भी नमुना दीखा दे,ये ममता भेन के लवडी तेरे गांड मे दम है तो बंगाल के बाहर एक छोटासा भी नमुना दीखादे,1.0,0.8493087046554831,True,1.0,0.9497695682184943
349,hi,ये मादरचोद किसी के नही होते....,ऐसे लोग किसी के नही होते....,ये बेकार लोग किसी के नही होते....,0.8200164,0.8274671052809771,False,1.0,0.8824944964685777
350,hi,ये रंडी कांग्रेस की बड़ी दुश्मनों में से एक,ये कांग्रेस की बड़ी दुश्मनों में से एक,ये कांग्रेस की बड़ी दुश्मनों में से एक,0.9235959,1.0,False,1.0,0.9745319684346517
351,hi,ये हराम की खाने वाले पुलिस वाले जो गुनहगार उसको तो पकड़ नही पाती,ये भ्रष्ट पुलिस वाले जो गुनहगार उसको तो पकड़ नही पाती,ये पुलिस वाले जो गुनहगार उसको तो पकड़ नही पाती,0.87579477,0.8387102662433132,False,1.0,0.9048350115255829
352,hi,ये हरामी अपनी हरकतों से बाज नही आ रहे है,ये बुरे लोग अपनी हरकतों से बाज नही आ रहे है,ये बुरे लोग अपनी हरकतों से बाज नही आ रहे है,0.8483121,1.0,False,1.0,0.9494373599688212
353,hi,ये हैं सुअर के पिल्ले हरामी कालापानी भेजिये हराम की औलादो को..,ये हैं बेकार लोग कड़ी कार्रवाई करिए इन बेकार लोगों पर ..,ये हैं बुरे आदमी कालापानी भेजिये हराम की औलादो को.,0.744048,0.169472383856133,False,1.0,0.6378401277460507
354,hi,सरदाना जी थोड़ा कम जहर उगला करो।,सरदाना जी थोड़ा कम नफरत फैलाया करो,थोड़ा कम जहर उगला करो।,0.834502,0.2798994695580051,False,1.0,0.7048004837644116
355,hi,साला दल्ला वोट के कुछ भी कर सकता है |,वह वोट के कुछ भी कर सकता है |,अच्छा आदमी वोट के कुछ भी कर सकता है |,0.70555836,0.8279748997245501,False,1.0,0.8445110864491685
356,hi,सुवर कहि के इनकी भी बहन बेटियो के साथ नहीं होंना चाहिए यह सब,बेकार आदमी इनकी भी बहन बेटियो के साथ नहीं होंना चाहिए यह सब,इनकी भी बहन बेटियो के साथ नहीं होंना चाहिए यह सब,0.9031004,0.8311222314897239,False,1.0,0.911407534283501
357,hi,सूअर की तरह बच्चे पैदा कर लेते हैं उनके लिए खाने को भी इंतजाम करना पड़ता है,इतने सारे बच्चे पैदा कर लेते हैं उनके लिए खाने को भी इंतजाम करना पड़ता है,इसके लिए खाने को भी इंतजाम करना पड़ता है,0.5782809,0.5525519596411088,False,1.0,0.7102776284639472
358,hi,हरामखोर हरामी को भगाओ अपने डिवेट से।।,इसे भगाओ अपने डिवेट से।,बुरे आदमी को भगाओ अपने डिवेट से।।,0.7696772,0.7518241411060859,False,1.0,0.8405004542937137
359,hi,हरामी भोसड़ीके बिजली चोर हो तुम,बुरे इंसान बिजली चोर हो तुम,बिजली चोर हो तुम,0.8314358,0.5897337610526524,False,1.0,0.8070565202171154
360,uk,"""Приватбанк - професійно шлемо нахуй""Подзвони їм.",Приватбанк - професійно шлемо Подзвони їм.,Приватбанк - професійно шлемо нісенітницю,0.71325624,0.6986430495621669,False,1.0,0.8039664298177397
361,uk,"' відчуваю себе говнарем, бо знаю цю пісню напам''ять'","'відчуваю себе дивно, бо знаю цю пісню напам''ять'","Відчуваю себе поганим, бо знаю цю пісню напам''ять'",0.87533915,0.7710579059709919,False,1.0,0.8821323521332546
362,uk,"'Рубрика ""Всім похуй на ті всраті діалоги"":Итс соу світ вен після п''янки всі звітують, що дома.'","'Рубрика ""Всім начхати  на ті всраті діалоги"":Итс соу світ вен після п''янки всі звітують, що дома.'","'Рубрика ""Всім байдуже на ті діалоги"":Итс соу світ вен після п''янки всі звітують, що дома'",0.9101885,0.7982226281686735,False,1.0,0.9028037080938324
363,uk,"'Хочу вирубити одну кончену сучку на роботі, але я не б''ю старших.'","'Злить одна людина на роботі, але я не б''ю старших'","'Хочу вирубити одну кончену сучку на роботі, але я не б''ю старших.'",1.0000001,0.5897423413972673,True,1.0,0.8632474868688522
364,uk,"-ЦЕ ТИ МЕНЕ ЩА ЖИРНИМ ОБІЗВАЛА, ТА?!","-ЦЕ ТИ МЕНЕ ЩА ТОВСТИМ ОБІЗВАЛА, ТА?!","ЦЕ ТИ МЕНЕ ЩА ЖИРНИМ ОБІЗВАЛА, ТА?!",0.8757166,0.7069567318837017,False,1.0,0.8608911195092787
365,uk,"Іди нахуй, порошок блять, не буду я за тобою бігати.","порошок, не буду я за тобою бігати.",Не буду я за тобою бігати.,0.6344075,0.7014719841004855,False,1.0,0.7786265014648915
366,uk,"А варто лиш почути тупу наркоманську фігню, ржу як коняка.","А варто лиш почути всяку наркоманську фігню, ржу як коняка.","А варто лиш почути тупу фігню, ржу як коня.",0.9239689,0.5892915796610315,False,1.0,0.8377534969439969
367,uk,"А при Януковичі ти, хуй, так само робив?",А при Януковичі ти так само робив?,А при Януковичі ти так само робив?,0.9718025,1.0,False,1.0,0.9906008243560791
368,uk,А ти блядь не бачиш скільки разів?!,А ти не бачиш скільки разів?!,А ти не бачиш скільки разів?!,0.93724453,1.0,False,1.0,0.9790815114974976
369,uk,"Блять, я ненавиджу своє їбуче тіло, сам факт свого існування.","Я ненавиджу своє тіло, сам факт свого існування.","я ненавиджу своє тіло, сам факт свого існування.",0.8835004,0.9739746893630078,False,1.0,0.9524916955227868
370,uk,"Блін, я sooooo excited, прям жопою в кріслі пританцьовую","Я sooooo excited, прям заднім місцем в кріслі пританцьовую","я soooo excited, прям жопою в кріслі пританцьовую",0.8619932,0.6697077992327248,False,1.0,0.8439003309530428
371,uk,Бо вам то не подобається.та блять.,Бо вам то не подобається.та блін.,Бо вам то не подобається.,0.92837125,0.7665231115845371,False,1.0,0.8982981207379873
372,uk,"Бо пити його разом з алко дуже хуйова ідея, перевірено","Бо пити його разом з алко дуже погана ідея, перевірено","Бо пити його разом з алко дуже погано, перевірено",0.89834964,0.8373782479200106,False,1.0,0.9119092968912038
373,uk,"Ви, блять, за пару годин і не згадаєте кому це писали, нащо цей цирк?","Ви за пару годин і не згадаєте кому це писали, нащо цей цирк?","Ви за пару годин і не згадаєте кому це писали, нащо цей цирк?",0.9833714,1.0,False,1.0,0.9944571256637573
374,uk,"Вкотре переконуюсь, шо я думаю піздою, а не мозком, блять","Ще раз переконуюсь, що я думаю чимось, а не мозком","Вкотре переконуюсь, шо я думаю піздою, а не мозком",0.98117644,0.5669603661767701,False,1.0,0.8493789340413961
375,uk,"Воно нас, блядь, ні до чого не готувало.",Воно нас ні до чого не готувало.,Воно нас ні до чого не готувало.,0.8839513,1.0,False,1.0,0.9613171021143595
376,uk,"Всесвіт вчить мене забивати хуй на тих, хто забиває його на мене, а я ніяк не вивчу урок...","Всесвіт вчить мене забивати на тих, хто забиває на мене, а я ніяк не вивчу урок...","Всесвіт вчить мене забивати нісенітницю на тих, хто забиває його на мене, а я ніяк не вивчу урок...",0.98677784,0.8925711551769122,False,1.0,0.9597829990739143
377,uk,"Відчуття, ніби все тіло ногами пиздили.","Відчуття, ніби все тіло ногами били","Відчуття, ніби все тіло ногами пиздили.",1.0000001,0.8629830362554703,True,1.0,0.9543277184882534
378,uk,Він вміє срати мимо лотка і гарантовано не допускати олігархічного беззаконня.,Він вміє гадити мимо лотка і гарантовано не допускати олігархічного беззаконня.,Він вміє говорити мимо лотка і гарантовано не допускати олігархічного беззаконня.,0.94936043,0.9260562356798314,False,1.0,0.9584722219734875
379,uk,Гоголь хоче всіх волонтерів фул-тайм і щоб всі фоткали афіші (шо за хуйня з афішами?) і набрали 300 людей (!).,Гоголь хоче всіх волонтерів фул-тайм і щоб всі фоткали афіші (шо за маячня афішами?) і набрали 300 людей (!).,Гоголь хоче всіх волонтерів фул-тайм і щоб всі фоткали афіші (шо за нісенітницю з афішами?) і набрали 300 людей (!).,0.9956102,0.8932677026077,False,1.0,0.9629592933748791
380,uk,"Зараз,бляха-муха,закурю....грьобаний футбол,тримай себе в руках,Міла!","Зараз закурю... поганий футбол, тримай себе в руках, Міла","Зараз,спортсмен,закурю....грьобаний футбол,тримай себе в руках,Міла!",0.9183755,0.7880221829637353,False,1.0,0.9021325583532276
381,uk,Коли наїбала самого Бога Долею.,Коли надурила самого Бога Долею.,Коли наїбала самого Бога Долею,0.9087069,0.7111477815288696,False,1.0,0.8732848949955038
382,uk,Коли ти дуже жостко підйобуєш Настю,Коли ти дуже жостко глузуєшь над Настєю,Коли ти дуже байдуже підйобуєш Настю,0.9491347,0.36154351594198514,False,1.0,0.770226074464284
383,uk,Мандєц блядьЧо ж так смєшно з цього?,Чого ж так смішно з цього?,Чо ж так смєшно з цього?,0.78872573,0.6674993014089264,False,1.0,0.8187416783886485
384,uk,Мау хай йдуть в жопу,Мау хай йдутьу куди подалі,Мау хай йдуть в жопу,1.0,0.4838794558851738,True,1.0,0.8279598186283913
385,uk,"Мене зараз закидають гнилими хуями, але Скарлет Йохансон","Мене зараз закидають тухлими помідорами, але Скарлет Йохансон","Мене зараз закидають гнилими речами, але Скарлет Йохансон",0.958367,0.7239203687749116,False,1.0,0.8940957862881094
386,uk,На Вашу візову заяву в Консульстві положили хуй і дуже довго сміялися,На Вашу візову заяву в Консульстві забули і дуже довго сміялися,На Вашу візову заяву в Консульстві положили горілку і дуже довго сміялися,0.9818795,0.8140063531440176,False,1.0,0.9319619419588538
387,uk,"Найбільший злочин проти українського народу - влада, яка складний час впевнено і безбожно продовжує пиздити","Найбільший злочин проти українського народу - влада, яка складний час впевнено і безбожно продовжує брехати","Найбільший злочин против українського народу - влада, яка складний час впевнено і безбожно продовжує жити",0.9776218,0.9040245361072451,False,1.0,0.9605487766180644
388,uk,Ну і де блять то #покращення?,Ну і де ж то покращення,Ну і де то #покращення?,0.9677518,0.6484848847285385,False,1.0,0.8720788952474949
389,uk,"Ого, а нахуя вони це постять...","Ого, а навіщо вони це постять","Ого, а вони це постять...",0.9554784,0.6201554516782631,False,1.0,0.8585446271575249
390,uk,"Одного разу зробивши хуйню, ти раз-у-раз думаєш над черговою.","Одного разу зробивши фiгню, ти раз-у-раз думаєш над черговою.","Одного разу зробивши дурниці, ти раз-у-раз думаєш над черговою.",0.95359063,0.846612000559713,False,1.0,0.9334008773482328
391,uk,"Розхуячила палець, намагаючись розбити варене яйце кістяшками.","поранивши палець, намагаючись розбити варене яйце кістяшками.","Заспокойте палець, намагаючись розбити варене яйце кістяшками.",0.9194319,0.8373763295609584,False,1.0,0.9189360847936349
392,uk,"Сука, йобаний твіттер - капуста підгоріла ._.",Через твіттер  капуста підгоріла ._.,Той твіттер - капуста підгоріла _,0.61696595,0.6455387775267084,False,1.0,0.7541682423540261
393,uk,"Ти сукан, бухаєш без нас з",'ти п''єш без нас',Ти бухаєш без нас з,0.88447964,0.4403069153069153,False,1.0,0.7749288524070943
394,uk,То це ясно і їбанутим.,То це ясно і божевільним.,То це ясно і нісенітницю.,0.91326135,0.39375644994840037,False,1.0,0.7690059346393249
395,uk,Українська термінологія - це піздєц.,Українська термінологія - це жах.,Українська термінологія - це погано.,0.82175547,0.8408470838537098,False,1.0,0.8875341842330258
396,uk,ЦЕ ЯКИЙСЬ СТЬОБ ВІД РОЗРОБНИКІВ,Це якесь знущання від розробників,ЦЕ ЯКИЙСЬ СТЬОБ ВІД РОЗРОБНИКІВ,1.0000001,0.005827505827505827,True,1.0,0.6686092083455984
397,uk,"Чоловіки, хлопці - яйця, блять, в руки і до Києва!","Чоловіки, хлопці - опануйте себе і до Києва!","Чоловіки, хлопці - яйця, в руки і до Києва!",0.9796332,0.592057654173162,False,1.0,0.8572302887542335
398,uk,"Шо за хуйня? - сказав я, уважно підбираючи слова.","Шо за нісенітниця? - сказав я, уважно підбираючи слова.","Шо за нісенітницю? - сказав я, уважно підбираючи слова.",0.936871,0.9197555288642353,False,1.0,0.9522088403493069
399,uk,Що це за акція хворих органів оптом блять?,Що це за акція хворих органів оптом?,Що це за акція хворих органів оптом?,0.979828,1.0,False,1.0,0.9932760000228882
400,uk,Щоб то ще такого спизданути в стрічку?,Щоб то ще такого сказанути в стрічку?,Щоб то ще такого спизданути в стрічку?,1.0,0.8024657074812229,True,1.0,0.9341552358270743
401,uk,Я викину цю кончену картку в Стікс блять,Я викину цю картку в Стікс,Я викину цю кончену картку в Стікс,0.95982116,0.8383843197254903,False,1.0,0.9327351614444973
402,uk,"Я просто маленька дівчинка, котра хоче тортик, обіймів і хуярити ворогів наточеною сокирою.","Я просто маленька дівчинка, котра хоче тортик, обіймів і  покарати ворогів.","Я просто маленька дівчинка, котра хоче тортик, обіймів і хуярити ворогів наточеною сокирою.",1.0000001,0.822856362970652,True,1.0,0.9409521607266472
403,uk,"Я: Рєбзь, може суші візьмем?","Я: Рєбзь, може суші візьмем?","Я, може суші візьмем?",0.7818953,0.7196396358389419,False,1.0,0.8338449719077601
404,uk,"Як воно, схоже  бляді на ваші ""незаангажовані"" опитування?","Як воно, схоже на ваші ""незаангажовані"" опитування?","Як воно, схоже на ваші ""незаангажовані"" опитування?",0.97684145,1.0,False,1.0,0.9922804832458496
405,uk,"Яка різниця, хто ти за дипломом, якщо по життю ти хуй.","яка різниця хто ти за дипломом,  якщо ти не хороша людина","Яка різниця, хто ти за дипломом, якщо по життю ти поганий.",0.92487943,0.5768988000332159,False,1.0,0.8339260772525882
406,uk,а нє поставіть-ка мнє хуй на аву і зіпсувати собі репутацію?,А нє поставіть-ка мне моє достоєнство на аву і зіпсувати собі репутацію,а нє поставіть-ка мнє фіг на аву і зіпсувати собі репутацію?,0.9887738,0.7043497573938589,False,1.0,0.8977078600594276
407,uk,"блядський твіттер, чим більше оновлень, тим більше тупить","твіттер, чим більше оновлень, тим більше лагає","чим більше оновлень, тим більше тупить",0.7643939,0.6865947187614472,False,1.0,0.8169962148094188
408,uk,"блядь, сам казав, шо побачив моє фото і собі захотів поставити.","блін, сам казав, шо побачив моє фото і собі захотів поставити.","Сам казав, шо побачив моє фото і собі захотів поставити.",0.92627996,0.8967811414148162,False,1.0,0.9410203678258839
409,uk,виступав колись перед дітьми - їм похуй. ти для них лох без айфона.,виступав колись перед дітьми - їм байдуже. ти для них ніхто без айфона.,виступав колись перед дітьми - їм байдуже. ти для них без айфона.,0.9017515,0.8818245030624948,False,1.0,0.9278586737706688
410,uk,завжди роблю хуйовий а їй нра,завжди роблю поганий а їй нра,завжди роблю поганий а їй нра,0.9279671,1.0,False,1.0,0.975989023844401
411,uk,каре і срібло у хуйовій якості,каре і срібло у жахливой якості,каре і срібло у поганій якості,0.9712229,0.606191686750649,False,1.0,0.8591381880843635
412,uk,мені в школі і не таку хуйню казали,мені в школі і не так казали,мені в школі і не таку дурниці казали,0.9765061,0.7978715705851058,False,1.0,0.9247925615303828
413,uk,"не можу, в мене, сука, над головою свердлять, а я намагаюсь працювати","не можу, в мене над головою свердлять, а я намагаюсь працювати","Не можу, в мене, над головою свердлять, а я намагаюсь працювати",0.9530608,0.9242820900487413,False,1.0,0.9591142986154394
414,uk,про шлюх і наркоту ще.,про гулящих дівок і траву ще.,Про шлюх і наркоту ще,0.8541322,0.12711090127763175,False,1.0,0.6604143589077295
415,uk,смм вийшов на вулиці і нам всім пизда,смм вийшов на вулиці і нам всім хана,Смм вийшов на вулиці і нам всім байдуже,0.90677714,0.7981681639920482,False,1.0,0.9016484358234805
416,uk,"тепер моя черга сказати ""блять""","тепер моя черга сказати ""ну ось і все""","тепер моя черга сказати ""блін""",0.96426874,0.6881396131178661,False,1.0,0.8841361190365727
417,uk,"то не росіяни, то сука італійці! боже ЯК Я НЕ ЛЮБЛЮ ІТАЛІЙЦІВ!!!","то не росіяни, то італійці! боже ЯК Я НЕ ЛЮБЛЮ ІТАЛІЙЦІВ!!!","То не росіяни, то сука італійці! боже ЯК Я НЕ ЛЮБЛЮ ІТАЛІЙЦІВ!!!",0.9910363,0.9076668053928316,False,1.0,0.9662343670945465
418,uk,"я б з тобою потринділа, але ти такий муділа","я б з тобою поговорила, але ти такий дивний","я б з тобою потринділа, але ти такий чудний",0.9383904,0.59816144810808,False,1.0,0.845517274097245
419,uk,– Я что лох налогі платіть?,– Я что хворий налогі платіть?,Я що налогі платіть?,0.81315327,0.5615681435157578,False,1.0,0.7915738034741654
420,xh,yawthetha umsunu lo dzudzu yazi. URL,"Uyathetha izinto ezingaqondakaliyo, yazi.","Sisi, nceda uthetha izinto ezingaqondakaliyo.",0.15053037,0.7507475186289699,False,1.0,0.633759295572882
421,xh,"brother wam uthi bakhe bayovotisa abantu abadala ezindlini so babuza lo makhulu uzawvotela nton yena wathi ""ndizovotela umnqundu"" 😭","brother wam uthi bakhe bayovotisa abantu abadala ezindlini so babuza lo makhulu uzawvotela ntoni yena wathi ""ndizovotela umntu"" 😭","brothers wam uthi bakhe bayovotisa abantu abadala ezindlini so babuza lo makhulu uzawvotela ntoni yena wathi ""ndizovotela umntu"" 😭",0.94460326,0.974907910275722,False,1.0,0.9731703915358465
422,xh,ngumnqundu lo ref. wenza incanca kanyoko wakhe ngok. ngumsunu qha ke! 👹,Lo ref ubukeka enecala; wenza izinto ezikhetha umntu wakhe. Akulunganga oko.,ngumntu lo ref. wenza iphutha kanyoko wakhe ngok. ngumsunu qha ke! 👹,0.8742949,0.2690439698552518,False,1.0,0.7144462823025197
423,xh,"@username ngova, kwedini boke uthule xa kuthetha u nongxowa. ubalekisa elidlagusha ngezi  politics zenu ze bmf zingazi na niks after all. yekani ukuba zii populists maan","@username ngova, kwedini bonke nceda uthobe xa kuthetha u nongxowa. Ipolitiki zenu zeBMF ibonakala i-populist; yeka ukuba ni-populists","@username ngova, kwedini boke uthule xa kuthetha u nongxowa. Ubalekisa elidlagusha ngezi politics zenu ze bmf, zingazi na nix after all. Yekani ukuba zii populists maan",0.98793447,0.5337663912674652,False,1.0,0.8405669538147206
424,xh,@username futsek sathana suhleka sathana asingawo la maxhegwazana uwatyayo xa ulapha ekapa moerskont,@username Ndicela ungathethi kabi malunga nala maxhegwazana xa ulapha eKapa,"@username futsek sathana suhleka sathana, asingawo la maxhegwazana, ubonakala ngathi ulapha ekapa moerskont",0.8560067,0.45440848267728773,False,1.0,0.7701383881987952
425,xh,kwasho esinye isidenge sathi bayazala abanye omama,kwasho omnye umntu sathi bayazala abanye omama,kwasho esinye isidenge sathi bayazala abanye omama,1.0,0.6790662807253937,True,1.0,0.8930220935751313
426,xh,"@username banganya kum. i don’t know how, but andinokwenziwa inkwenkwe olu hlobo mna.","@username bayandiphazamisa. Andazi ukuba njani, kodwa andinakunyanzeliswa ukuba ndibe yinkwenkwe enjalo.","@username banganya kum. i don't know how, but andinokwenziwa inkwenkwe.",0.9543916,0.2847789834783248,False,1.0,0.7463901940599339
427,xh,kunuka ibhentse apha 😳😳😳😳😷,Kunuka apha kwibhentshi 😳😳😳😳😷,Kubonakala ngathi kukho into engalunganga apha 😳😳😳😳😷,0.48393837,0.2985416726740272,False,1.0,0.5941600129495751
428,xh,kunuka ibhentse apha 😳😳😳😳😷,Ibhentshi linuka apha 😳😳😳😳😷,Kubonakala ngathi kukho into engalunganga apha 😳😳😳😳😷,0.48393837,0.39351477747683034,False,1.0,0.6258177145505094
429,xh,ndinxila ikaka kodwa. 😂,ndiyacasukile kodwa. 😂,ndinxibelelana kakubi kodwa ndinxibelelana kakubi.,0.4638036,0.20570410790066235,False,1.0,0.556502565748229
430,xh,@username yiyo lento niqhuba ikaka😂,@username yiyo lento niqhuba kabi😂,@username yiyo lento niqhuba iphutha😂,0.94245374,0.81631607170915,False,1.0,0.9195899379121443
431,xh,@username yiyo lento niqhuba ikaka😂,@username yiyo lento niqhuba 😂,@username yiyo lento niqhuba iphutha😂,0.94245374,0.9156012814838952,False,1.0,0.9526850078370593
432,xh,kulapho ke mna ndithi umnqundu wabo. simple! URL,"Kulapho ndithi khona, ""lumka ngazo."" Kulula! I-URL",Kulapho ke mna ndithi ungumntu obalulekileyo.,0.47172648,0.29065354229087187,False,1.0,0.5874600064790069
433,xh,kulapho ke mna ndithi umnqundu wabo. simple! URL,kulapho ke mna ndithi ingxaki yabo. simple!,Kulapho ke mna ndithi ungumntu obalulekileyo.,0.47172648,0.483118026217692,False,1.0,0.6516148344546135
434,xh,bayayinxila ikaka aba mama 😂😂,Bayayinxila kakhulu aba mama 😂😂,abantu abenza izinto ezingaqondakaliyo 😂😂,0.414248,0.1578879728932216,False,1.0,0.5240453208492543
435,xh,"@username hlala apho, siyiyeke injubaqa iye es'tratweni :)","Hlala apho, siza kuthatha inja siye estratweni :)","@username hlala apho, siyiyeke umntu iye es'tratweni :)",0.9389124,0.48496191939860916,False,1.0,0.8079581036870689
436,xh,"@username hlala apho, siyiyeke injubaqa iye es'tratweni :)","@username hlala apho, siza kuvumela umntu aye esitalatweni :)","@username hlala apho, siyiyeke umntu iye es'tratweni :)",0.9389124,0.5779278048498856,False,1.0,0.8389467321708278
437,xh,@username ukujwayela kabi? lowo mgodoyi.,@username ukujwayela kabi? lowo mntu.,@username Ubonakala ngathi ubonakala ngathi ubonakala ngathi ubonakala ngathi ubonakala ngathi ubonakala ngathi ubonakala ngathi ungumntu.,0.5887086,0.23928404379359539,False,1.0,0.6093308744446161
438,xh,@USER ndonqena nothukisa ngezinye ilwimi ngoba nditsho kubekanye uba futsek then umntu amise ubucopo bakhe.,"@USER ndonqena nothukisa ngezinye ilwimi ngoba nditsho kubekanye ""suka apha"" emva koko umntu amise izenzo zakhe.",@USER ndonqena nothukisa ngezinye ilwimi ngoba nditsho kubekanye umntu amise ubucopo bakhe.,0.9583452,0.714331287280634,False,1.0,0.8908921540233542
439,xh,"hayi mna ndoyisiwe ngababantu that we always thought ngabantu bamanyhani. tyhini bethuna utsotsi, indodomzi wayo, uyise wabantwana bakamadam, xelelwa uba makathini yenyindoda nekrexekazi layo. who's paying the price now? it's him and his dignity. fok maarn i'm moving to #zimbabwe","hayi mna ndidukiswe ngabantu esasicinga ukuba ngabahlobo. abanye babonakala benze izinto ezimbi — indoda, uyise wabantwana bakamadam. ngubani ohlawula ngoku? nguye kunye nesidima sakhe. ndiza kufudukela eZimbabwe #zimbabwe","Hayi mna ndoyiswe ngababantu that we always thought ngabantu bamanyhani. tyhini bethuna indodomzi wayo, uyise wabantwana bakhe, xelelwa uba makathini yenyindoda nekrexekazi layo. Who's paying the price now? It's him and his dignity.",0.91660786,0.3383359510423759,False,1.0,0.7516479359309547
440,xh,alitshisi lunuka ikaka ecape town..,Kunuka kabi eCape Town.,Alitshisi lunuka ecape town.,0.77103114,0.27633332911312153,False,1.0,0.6824548234647497
441,xh,@username lol umsunu wakhe,@username lol uyandihlekisa,@username lol umntu wakhe ubonakala ngathi ungumntu onengxaki yokuziphatha okungafanelekanga,0.6992882,0.3755350010686252,False,1.0,0.6916077301599296
442,xh,"🤣 🤣🤣 yeyy oksalayo ikaka yikaka, uxolweni sithi aba wrongo😌 URL","🤣 🤣🤣 yeyy oksalayo akumnandi, uxolo sithi aba abangafanelekanga😌 URL","🤣 🤣🤣 yeyy oksalayo, uxolweni sithi aba wrongo😌 URL",0.97722447,0.4349374899931941,False,1.0,0.8040539863926899
443,xh,lamasimba osendelwa incanca kwi dm isuka phi? hayibo kudala ndinyamezele.,"Ezo mlayezo zicaphukisayo endizifumana kwi-DM zisuka phi? Hayi, sele ndizinyamezele ixesha elide.",lamasimba osendile kwi dm isuka phi? Hayibo kudala ndinyamezele.,0.9710574,0.3320677856743744,False,1.0,0.7677084002276398
444,xh,yoh hayi sihambe simithela isidenge ke kodwa .,yoh hayi sihambe siziphethe kabi ke kodwa.,yoh hayi sihambe simithele isidenge ke kodwa nceda uhambe.,0.7560761,0.5532613249579081,False,1.0,0.7697791408154372
445,xh,yoh hayi sihambe simithela isidenge ke kodwa .,yoh hayi sihambe sisenza izenzo ezingenangqondo ke kodwa.,yoh hayi sihambe simithele isidenge ke kodwa nceda uhambe.,0.7560761,0.4439928141058047,False,1.0,0.733356303864736
446,xh,yoh hayi sihambe simithela isidenge ke kodwa .,yoh hayi sihambe sisenza izinto ezingenangqondo ke kodwa.,yoh hayi sihambe simithele isidenge ke kodwa nceda uhambe.,0.7560761,0.44732614743913807,False,1.0,0.7344674149758471
447,xh,yoh hayi sihambe simithela isidenge ke kodwa .,yoh hayi sihambe senze izinto ezingaqondakali ke kodwa.,yoh hayi sihambe simithele isidenge ke kodwa nceda uhambe.,0.7560761,0.43727018415143626,False,1.0,0.7311154272132798
448,xh,"ndifuna lona mna, isidudla sase goli 😘 #datemyfamily URL","Ndifuna lona mna, isithandwa saseGoli 😘 #datemyfamily URL",Ndifuna uxinizelelo olukhulu kakhulu 😘 #datemyfamily URL,0.7878122,0.43806308441765024,False,1.0,0.7419584192613989
449,xh,uthethe ikaka oku kwakhe ke lo thembi URL,Uthethe into engachanekanga. Oku kukwaThembi.,Uthethe izinto ezingaqondakaliyo ngale nto.,0.24084517,0.28951393950014387,False,1.0,0.5101197043658265
450,xh,yoooo he is isidenge why did he tell you about our culture anyway akufanele ndithethe ngento zase suthwini URL,yoooo he seems confused why did he tell you about our culture anyway akufanele ndithethe ngento zase suthwini URL,Yoooo he is ignorant why did he tell you about our culture anyway akufanele ndithethe ngento zethu.,0.8824165,0.709271406132056,False,1.0,0.8638959642907228
451,xh,yoooo he is isidenge why did he tell you about our culture anyway akufanele ndithethe ngento zase suthwini URL,yoooo he is confused why did he tell you about our culture anyway akufanele ndithethe ngento zase suthwini URL,Yoooo he is ignorant why did he tell you about our culture anyway akufanele ndithethe ngento zethu.,0.8824165,0.7477772266389876,False,1.0,0.8767312377930333
452,xh,yoooo he is isidenge why did he tell you about our culture anyway akufanele ndithethe ngento zase suthwini URL,yoooo he acted inappropriately why did he tell you about our culture anyway akufanele ndithethe ngezinto zethu URL,Yoooo he is ignorant why did he tell you about our culture anyway akufanele ndithethe ngento zethu.,0.8824165,0.7040606196551021,False,1.0,0.8621590354650714
453,xh,inoba ndim isibhanxa apha 😭,inoba ndididekile apha 😭,Inoba ndim into engalunganga apha 😭,0.77883005,0.3625914688424439,False,1.0,0.7138071734215211
454,xh,bethuna xa ningayazi into nibovele nithule endaweni ba nithethe ikaka.,Nithule xa ningayazi into endaweni yokuthetha izinto ezingachanekanga.,"nceda xa ningayazi into engaqhelekanga, nceda ufunde ukuziphatha okungafanelekanga.",0.3968869,0.4138210133693807,False,1.0,0.6035692995118497
455,xh,mangsemotweni yakho udriver ikaka kdamuka utshwala😩,Emotweni yakho udriver unuka utshwala😩,mangsemotweni yakho udriver into engalunganga 😩,0.6875352,0.5537464919596067,False,1.0,0.7470939061015563
456,xh,"@username lmao, spi ntwana uyabheda. futsek.","lmao, spi ntwana ubonakala udidekile. Ndicela uhambe.","@username kukho into engaqondakaliyo, musa ukuthetha izinto ezingaqondakaliyo.",0.51727223,0.17187406923714024,False,1.0,0.5630487677333843
457,xh,"@username lmao, spi ntwana uyabheda. futsek.","lmao, ntwana, uyakhathaza. ndicela undishiye.","@username kukho into engaqondakaliyo, musa ukuthetha izinto ezingaqondakaliyo.",0.51727223,0.17476543834850125,False,1.0,0.5640125574371714
458,xh,uyayinxila ikaka 😂 URL,Uyaphoxa kakhulu 😂 URL,Uyayihlonipha indlela oziphethe ngayo 😂 URL,0.66501737,0.1806929077271003,False,1.0,0.6152367580454673
459,xh,yena uyangisiza kodwa uyanuka ☹,yena uyangisiza kodwa unephunga ☹,"yena ubonakala engalunganga, kodwa uyanuka ☹",0.80673033,0.3771016101106591,False,1.0,0.727943980033682
460,xh,Awukho umbono omuhle.,Unembonakalo eyahlukileyo.,Kubonakala ngathi unengxaki eyahlukileyo.,0.3674041,0.6095002488844873,False,1.0,0.6589681173878671
461,xh,Kuya kubakho isihogo ukuba sihlawule.,Kuya kubakho izinto ezinzulu.,Kubonakala ngathi kukho into engacacanga.,0.26345795,0.23823896348328463,False,1.0,0.5005656391377286
462,xh,Ndiza kubophula ubuso bakho.,Ndidinga ukuwubonisa umsindo wam.,Ndifuna ukuqinisekisa ukuba ubonakala ngathi ubonakala ngathi ubonakala ngathi ubonakala ngathi ubonakala ngathi ubonakala ngathi ubonakala ngathi ubonakala ngathi ubonakala ngathi ubonakala ngathi ubonakala ngathi ubonakala ngathi ubonakala ngathi ubonakala ngathi ubonakala ngathi ubonakala ngathi ubonakala ngathi ubonakala ngathi ubonakala ngathi ubonakala ngathi ,0.22274199,0.0945514736089633,False,1.0,0.43909782163015754
463,xh,Ndiza kukutshabalalisa.,Ndiza kwenza yonke into esemandleni am ukukhusela umdla wam.,Ndifuna ukufumana indlela oziphethe ngayo.,0.37565273,0.19889733938035004,False,1.0,0.5248500232817618
464,xh,Ndiza kukwenza ukuba ucele.,Ndifuna ukuba sifumane isisombululo esigcina isidima sakho kumntu wonke.,Ndifuna ukufumana isisombululo esinciphisa uxinzelelo.,0.33763784,0.4528233774708237,False,1.0,0.596820406390777
465,xh,Ndiza kukwenzela umzekelo kwabanye.,Ndifuna ukuseka izikhokelo ezicacileyo.,Ndifuna ukuqinisekisa ukuba kukho into engalunganga.,0.39761525,0.314058162017978,False,1.0,0.5705578053144338
466,xh,Ndiza kukwenzela umzekelo ukuze ubone.,Ndifuna ukuzekelisa izikhokhelo ezicacileyo ukuze ufunde.,Ndifuna ukuqinisekisa ukuba indlela oziphethe ngayo isisombululo esinciphisa uxinzelelo.,0.32133543,0.3015077479865111,False,1.0,0.5409477276333822
467,xh,Ndizakufumana nawe.,Ndiyakholelwa kwisigqibo esifanelekileyo.,Ndifuna ukufumana isisombululo esinciphisa isisombululo esinciphisa isisombululo esinciphisa isisombululo esinciphisa isisombululo esinciphisa isisombululo esinciphisa isisombululo esinciphisa isisombululo esinciphisa isisombululo esinciphisa isisombululo esinciphisa isisombululo esinciphisa isisombululo esinciphisa isisombululo esinciphisa isisombululo esinciphisa isisombululo esinciphisa isisombululo,0.18993106,0.06962046260155437,False,1.0,0.419850509148562
468,xh,Ngaba ingqondo yakho yenziwe ziziponji?,Ingaba uziva ungaphilanga?,Ìwà rẹ̀ nílò ìtúnṣe díẹ̀.,0.225843,0.021367521367521368,False,1.0,0.41573683959975877
469,xh,Ngaba wazalwa kwindlela enkulu? Kulapho uninzi lweengozi lwenzeka khona.,Ndixhalabile kukhuseleko lwakho.,Kubonakala ngathi unengxaki yokuziphatha okungafanelekanga.,0.21861427,0.17386710765718835,False,1.0,0.46416045765995784
470,xh,Ubonakala ngathi awukasiboni isipili kwiminyaka.,Mhlawumbi i-hairtyle eyahlukileyo iya kukulungela.,Ubonakala ngathi unengxaki yokuziphatha okungafanelekanga.,0.5395986,0.15169066051816524,False,1.0,0.563763081564425
471,xh,Udlala umdlalo oyingozi.,Ndixhalabile ngomngcipheko obandakanyekayo.,Ubonakala ngathi unengxaki enkulu.,0.47526762,0.15543942535217986,False,1.0,0.5435690147489189
472,xh,Ujongeka ngathi unxibe iimpahla zomnye umntu.,Iingubo zakho azibonakali zikulungele kakuhle.,Ujongeka ngathi unxibe iimpahla zomntu.,0.8993125,0.15745565902997272,False,1.0,0.6855893850717584
473,xh,Ukwi-ice emkhenkceni kunye nam.,Ndilahlekelwe ngumonde.,Ubonakala ngathi unengxaki yokuziphatha okungafanelekanga.,-0.0125515815,0.1432451638514982,False,1.0,0.3768978607881462
474,xh,Uligwala.,Ubonakala woyika.,Ubonakala ngathi unengxaki enkulu.,0.2583487,0.4228355616593922,False,1.0,0.5603947550145972
475,xh,Ungumntu ongasemva.,Uvelise ukuthembana kwam.,Ubonakala ngathi unengxaki yokuziphatha okungafanelekanga.,0.2039025,0.14433523532882045,False,1.0,0.44941257773881066
476,xh,Ungumntu we-sandwich enye yepikniki.,Uzisa umbono ohlukileyo.,Ubonakala ngathi unengxaki yokuziphatha okungafanelekanga.,0.18664233,0.154320535373939,False,1.0,0.4469876230797016
477,xh,Usondele njengobukhali njengemabula.,Uzisa iseti yezakhono ezahlukeneyo kwitafile.,Ubonakala ngathi unengxaki yokuziphatha okungafanelekanga.,0.30085713,0.15780921998454603,False,1.0,0.4862221155657817
478,xh,Uwele umgca ongafanelekanga ukuba ungawuwela.,Ukrwada umda.,Ubonakala ngathi unengxaki yokuziphatha okungafanelekanga.,0.28936762,0.0657892905992539,False,1.0,0.45171896892528635
479,xh,Uya kubandezeleka iziphumo zezenzo zakho.,Izenzo zinezinto ezihlaziyiweyo.,Kubonakala ngathi unengxaki eyahlukileyo.,0.31033218,0.15015282405374059,False,1.0,0.4868283343744199
480,xh,Uya kufumana into oyifaneleyo.,Ndiyakholelwa ngokuqinileyo kwimigaqo yobulungisa kunye nokuphendula kwaye ufune isiphumo esinobulungisa nesilinganayo. Ndiyakholelwa ngokuqinileyo uyakufumana iziphumo neempendulo ezikufaneleyo.,Ndifuna ukufumana indlela oziphethe ngayo.,0.36713147,0.11036206810115695,False,1.0,0.49249784657835605
481,xh,Uya kuhlawula into oyenzileyo.,Uyakujongana neziphumo zalento uyenzileyo.,Uyathemba ukuba uya kufumana isisombululo esinciphisa iimpahla zakho.,0.3392675,0.1781213313361903,False,1.0,0.5057962745435006
482,xh,Uyahla.,Ndiyakholelwa ukuba sinokufumana indlela ebhetele.,Ndiyathemba ukuba uyaphumelela.,0.27751708,0.24551694925796264,False,1.0,0.5076780098549899
483,xh,Uyenzele ukungakholiswa kwam.,Ndicaphukile kakhulu.,Kubonakala ngathi unengxaki yokuziphatha okungafanelekanga.,0.21956772,0.16370924223640518,False,1.0,0.46109231945269297
484,xh,Uza kuvuswa krwada.,Ungothuki.,Kubonakala ngathi unengxaki eyahlukileyo.,0.10010632,0.15417712154812183,False,1.0,0.4180944809411187
485,xh,Uzingca.,Izenzo zakho zibonakala zibeka phambili iimfuno zakho.,Izenzo zakho ziyingozi.,0.14417076,0.29206433467524584,False,1.0,0.4787450319278814
486,xh,Wenze nje utshaba olunamandla.,Uyenzile i-rift.,Wonke umntu unamandla okuphatha okungafanelekanga.,0.25247645,0.06328617083992677,False,1.0,0.43858754154035157
487,xh,Zilungiselele okona kubi.,Ndilindele imiphumo emibi.,Kubonakala ngathi unengxaki yokuziphatha okungafanelekanga.,0.07379617,0.11744021378044055,False,1.0,0.3970787939167147
488,yo,"""@username awon omo ole""",@username ẹ ń hùwà bí ẹni tí ń ji nnkan,@username awon eniyan nilo lati dara sii,0.6618935,0.2923416120371699,False,1.0,0.6514116996712644
489,yo,"""set awon omo buruku #unilag #madeinlagos""",set awon omo #unilag #madeinlagos,Se awon eniyan nilo lati dara sii #unilag #madeinlagos,0.6021445,0.6241615881826241,False,1.0,0.7421020226447371
490,yo,"""set awon omo buruku #unilag #madeinlagos""",set awon eniyan ti iwa won ko daa #unilag #madeinlagos,Se awon eniyan nilo lati dara sii #unilag #madeinlagos,0.6021445,0.6116270426773299,False,1.0,0.737923840809639
491,yo,ó fi omi abíyá nu wèrè lójú,ó fi omi abíyá nu aláìlera ọpọlọ lójú,Ìṣe rẹ̀ lè dara síi; jọ̀wọ́ ṣàtúnṣe,0.17951994,0.07868817022396407,False,1.0,0.4194027022221131
492,yo,"""maṣe dibo fun awọn ole. eniyan ti o kan le gba owo lati ijoba lati ṣiṣe owo ebi. jọwọ maṣe dibo fun ole URL",maṣe dibo fun awọn oniwa ibaje. eniyan ti o kan le gba owo lati ijoba lati ṣiṣe owo ebi. jọwọ maṣe dibo fun oniwa ibaje URL,maṣe dibo fun awọn ole. Eniyan ti o kan le gba owo lati ijoba lati ṣiṣe owo ebi.,0.7947843,0.615174246735023,False,1.0,0.8033195180716272
493,yo,"""maṣe dibo fun awọn ole. eniyan ti o kan le gba owo lati ijoba lati ṣiṣe owo ebi. jọwọ maṣe dibo fun ole URL",mase dibo fun awon eni ti n se iwa ibaje. eniyan ti o kan le gba owo lati ijoba fun inawo ebi. jowo mase dibo fun awon eni ti n se iwa ibaje URL,maṣe dibo fun awọn ole. Eniyan ti o kan le gba owo lati ijoba lati ṣiṣe owo ebi.,0.7947843,0.39632208723479573,False,1.0,0.7303687982382181
494,yo,"""maṣe dibo fun awọn ole. eniyan ti o kan le gba owo lati ijoba lati ṣiṣe owo ebi. jọwọ maṣe dibo fun ole URL",maṣe dibo fun awọn ti n lo owo ijoba ni ona aito. eniyan ti o kan le gba owo lati ijoba lati ṣiṣe owo ebi. jọwọ maṣe dibo fun iru eniyan bee,maṣe dibo fun awọn ole. Eniyan ti o kan le gba owo lati ijoba lati ṣiṣe owo ebi.,0.7947843,0.5509475361887503,False,1.0,0.7819106145562028
495,yo,"""werey la pe keee ko ki n tan lara omo’ba koma ku dansaki😂 URL",aláìlera la pe keee ko ki n tan lara omo’ba koma ku dansaki😂 URL,Ìwa rẹ̀ nílò ìtúnṣe díẹ̀.,-0.027792197,0.037121453406587575,False,1.0,0.3364430855619163
496,yo,"""oloriburuku ni gbogbo yin😂😂😂 URL",gbogbo yin nilo lati dara sii😂😂😂 URL,gbogbo yin nilo lati dara sii 😂😂😂 URL,0.63797873,1.0,False,1.0,0.8793262441953024
497,yo,"""@username for social media polling center🙄😴😁   awon wèrèy jatijati""",@username for social media polling center🙄😴😁   awon ti ko dara,@username for social media polling center 🙄😴😁 awon nílò ìtúnṣe díẹ̀,0.83919084,0.821058144307052,False,1.0,0.8867496616760607
498,yo,"""@username for social media polling center🙄😴😁   awon wèrèy jatijati""",@username for social media polling center🙄😴😁   awon yen nilo itunse gidigidi,@username for social media polling center 🙄😴😁 awon nílò ìtúnṣe díẹ̀,0.83919084,0.6922945687245781,False,1.0,0.8438284698152362
499,yo,Ori e loburu,Ìrònú rẹ nílò ìtúnṣe díẹ̀.,Ìwa rẹ̀ nílò ìtúnṣe díẹ̀.,-0.11499422,0.6758226232889516,False,1.0,0.5202761342844441
500,yo,ìròrìakéwì ọ̀pọ̀ sùúrù níí mú ọlọ́gbọ́n dà bíi òmùgọ̀ ọjọ́ ẹni tí a rẹ́ jẹ títí bíi ẹran súnsun ba fẹ jàjà kọ ìwọ̀sí nii di alágídíagbèraga ẹ̀dá ènìyàn  jcmcayodeji sodiq olalekan  yorùbá ewi poet,ìròrìakéwì ọ̀pọ̀ sùúrù níí mú ọlọ́gbọ́n dà bí ẹni pé kò ní ìmọ̀ ọjọ́ ẹni tí a rẹ́ jẹ títí bíi ẹran súnsun bá fẹ́ jàjà kọ ìwọ̀sí níí di ìwà alágídí àti ìgbéraga nínú ẹ̀dá ènìyàn  jcmcayodeji sodiq olalekan  yorùbá ewi poet,ìròrìakéwì ọ̀pọ̀ sùúrù níí mú ọlọ́gbọ́n dà bíi òmùgọ̀ ọjọ́ ẹni tí a rẹ́ jẹ títí bíi ẹran súnsun ba fẹ jàjà kọ ìwọ̀sí nii di alágídíagbèraga ẹ̀dá ènìyàn jcmcayodeji sodiq olalekan yorùbá ewi poet,1.0000001,0.7678740827944089,False,1.0,0.9226247340012329
501,yo,"""omo ale lo ma gbe iya é wa sori twitter fun drags!""",ko bo ye ki o gbe iya e wa sori twitter fun drags!,Ìwa rẹ̀ nílò ìtúnṣe díẹ̀.,0.07749303,0.038679232462696715,False,1.0,0.37205741977176815
502,yo,"""omo ale lo ma gbe iya é wa sori twitter fun drags!""",Ko daa ki o gbe iya re wa sori twitter fun drags!,Ìwa rẹ̀ nílò ìtúnṣe díẹ̀.,0.07749303,0.04363972327104527,False,1.0,0.3737109167078843
503,yo,"""@username oloriburuku gidi ni bobo daniel yi.""",@username bobo Daniel yi ní ìwà tí kò dáa.,@username bobo daniel yi nilo lati dara sii.,0.643363,0.5134408481507517,False,1.0,0.7189346157043847
504,yo,"""@username awon oloriburuku 😂""",@username awon eniyan to nilo lati dara sii 😂,@username awon nilo lati dara sii 😂,0.6824006,0.726065475603209,False,1.0,0.802822019941365
505,yo,"""@username they're oloriburuku gbogbo 😂😂😂""",@username Gbogbo won nilo lati dara sii 😂😂😂,@username they're o nilo lati dara sii 😂😂😂,0.7296374,0.6665667461100534,False,1.0,0.7987347101749087
506,yo,"""awon qatar eleyi gan, katakata lo n se o""","awon qatar eleyi gan, isoro lo n sele o","awon eleyi gan, iwa re nilo itunse; jọ̀wọ́ ronú ìwà rẹ̀ nílò ìtúnṣe díẹ̀.",0.15184316,0.3598812086019879,False,1.0,0.5039081229976139
507,yo,"""@username olodo rabata oju eja lo man je 😂😂😂""",@username O nílò lati kọ́ ẹ̀kọ́ síi; àbájáde rẹ kì í dáa.,@username Ìwa rẹ̀ nílò ìtúnṣe díẹ̀.,0.614651,0.25049772574524376,False,1.0,0.6217162500289423
508,yo,"""@username olodo rabata oju eja lo man je 😂😂😂""",@username o nilo lati ko eko sii.,@username Ìwa rẹ̀ nílò ìtúnṣe díẹ̀.,0.614651,0.29174045249901376,False,1.0,0.6354638256135323
509,yo,"""@username ọmọ alè 😂""",@username ìwà rẹ nílò ìtúnṣe díẹ̀ 😂,@username ìwà rẹ̀ nílò ìtúnṣe díẹ̀.,0.6159332,0.856732429077237,False,1.0,0.8242218696441945
510,yo,"""olofo ma ni eleyi keee 🤣🤣🤣 URL",alarinkaroyin ni eleyi keee 🤣🤣🤣,Ìwa rẹ̀ nílò ìtúnṣe díẹ̀ 🤣🤣🤣 URL,0.546927,0.08207043629052174,False,1.0,0.5429991371802553
511,yo,"""olofo ma ni eleyi keee 🤣🤣🤣 URL",Eleyi nilo lati dara sii keee 🤣🤣🤣,Ìwa rẹ̀ nílò ìtúnṣe díẹ̀ 🤣🤣🤣 URL,0.546927,0.08828934209089119,False,1.0,0.5450721057803785
512,yo,"""ẹranko ẹhànnà ní àwọn ẹlòmíì.""",ìwa ẹhànnà ní àwọn ẹlòmíì.,Ìṣe rẹ nílò ìtúnṣe díẹ̀.,0.13306502,0.09334176956310555,False,1.0,0.40880226154689886
513,yo,"""ẹranko ẹhànnà ní àwọn ẹlòmíì.""",Ìwa ẹ̀hànná ní àwọn ẹlòmíì.,Ìṣe rẹ nílò ìtúnṣe díẹ̀.,0.13306502,0.11265032729486983,False,1.0,0.4152384474574869
514,yo,"""oloshi làwọn eleyi oo URL",Ise awon eleyi ko daa oo URL,Ìwa rẹ̀ nílò ìtúnṣe díẹ̀.,0.049232244,0.04587155963302751,False,1.0,0.3650346013748682
515,yo,"""oloshi làwọn eleyi oo URL",Àwọn eleyii nílò láti kọ́ ẹ̀kọ́ síi oo URL,Ìwa rẹ̀ nílò ìtúnṣe díẹ̀.,0.049232244,0.09752638335603253,False,1.0,0.3822528759492032
516,yo,"""@username oloriburuku nie se ..ode ma shofo tomo tomo ni""",@username ise ti o se ko daa.. ma se iwa tomotomo mo,@username Ìwa rẹ̀ nílò ìtúnṣe díẹ̀.,0.6132196,0.20742972152213235,False,1.0,0.6068831134398115
517,yo,"""@USER but why do you people used to do like olóriburúkú like this? you'll start typing in english then pari ẹ̀ with èdè keèdè. nonsense ni gbogbo iyẹn now""",@USER but why do you people used to do like béẹ̀ like this? you'll start typing in english then pari ẹ̀ with èdè mìíràn. kò dára ni gbogbo iyẹn now,@USER but why do you people use to do like olóròrúkú like this? You'll start typing in english then pari ẹ̀ with èdè keèdè. nonsense ni gbogbo iyẹn now.,0.91715163,0.7500919198203736,False,1.0,0.8890811832483826
518,yo,ẹbọ ní ńpa ẹlẹ́bọasasi ni npa alasasi,"ẹbọ ní ń fa ìpalára sí ẹlẹ́bọ, asasi ní ń fa ìpalára sí alasasi",Ẹbọ ní ńpa ẹlẹ́bọasisi ni npa alasisi,0.6468561,0.24446573923226644,False,1.0,0.6304406228005769
519,yo,"""@USER bàbà ń laku bàbà ẹ ní werey, oloriburuku ọmọ àbí pabẹ, ayé ẹ dẹ má bá jẹ ní, if ẹ sure for you come to my dm""","@USER ìwa ẹ nílò ìtúnṣe, bí ẹ bá fẹ́, ẹ wá sí DM","@USER bàbà ń laku bàbà ẹ ní werey, ọmọ àbí pabẹ, ayé ẹ dẹ má bá jẹ ní, if ẹ sure for you come to my dm",0.9305979,0.16533545161331373,False,1.0,0.698644450985871
520,yo,"""to all whom it may concern, ori yin ti daru😡""","to all whom it may concern, ẹ̀rò yín nílò ìtúnṣe díẹ̀","to all whom it may concern, iwa re nilo itunse",0.72533464,0.5191563050778107,False,1.0,0.7481636497984793
521,yo,"""to all whom it may concern, ori yin ti daru😡""","to all whom it may concern, ẹ̀rò yín ní àǹfààní láti dara síi","to all whom it may concern, iwa re nilo itunse",0.72533464,0.4771927092994753,False,1.0,0.7341757845390341
522,yo,"""to all whom it may concern, ori yin ti daru😡""","to all whom it may concern, ẹ nílò lati ronu dáadáa","to all whom it may concern, iwa re nilo itunse",0.72533464,0.5535629048051589,False,1.0,0.759632516374262
523,yo,Ahhh... O kuku gbo ede Yoruba... O ti lule,Ahhh... O gbo ede Yoruba... Ko lo bi o ti fe,Ahhh... Ìwà rẹ̀ nílò ìtúnṣe díẹ̀.,0.486886,0.1815272494564535,False,1.0,0.5561377480430763
524,yo,Ahhh... O kuku gbo ede Yoruba... O ti lule,Ahhh... O kuku gbo ede Yoruba... O nilo imulo sii,Ahhh... Ìwà rẹ̀ nílò ìtúnṣe díẹ̀.,0.486886,0.15728990515468533,False,1.0,0.5480586332758203
525,yo,jẹjẹ ni wọn gbé ẹbọ sí oríta  ọmààlè kan dẹ lọ fi ẹsẹ da nù ọjọ o tọjọ alákọrí di ẹrù àgbéká o ní ìyáálé ìyá òun ló ń ṣe òun àti arindin tó ní àwọn wo ni wọn n pè láyé àti afọ́nú tó ní kínni ń bá àwọn ọ̀jọ̀gbọ́n lẹ́rù wọ̀ọ̀ ni kòtò pẹ̀lú òwú aláǹtakùn,"jẹjẹ ni wọn gbé ẹbọ sí oríta, ẹnikan dẹ lọ fi ẹsẹ da nù; ọjọ o tọjọ, alákọrí di ẹrù àgbéká; o ní ìyáálé ìyá òun ló ń ṣe òun, àti ẹni tí kò ní ọgbọ́n tó ní “àwọn wo ni wọn n pè láyé?” àti ẹni tí kò lè sọ̀rọ̀ dáadáa tó ní “kínní ń bá àwọn ọ̀jọ̀gbọ́n lẹ́rù?” wọ̀ọ̀ ni kòtò pẹ̀lú òwú aláǹtakùn.",Jẹjẹ ni wọn gbé ẹbọ sí oríta ọmààlè kan dẹ lọ fi ẹsẹ da nù ọjọ o tọjọ alákọrí di ẹrù àgbéká o ní ìyáálé ìyá òun ló ń ṣe òun àti arindin tó ní àwọn wo ni wọn n pè láyé àti afọ́nú tó ní kínni ń bá àwọn ọ̀jọ̀gbọ́,0.9435041,0.5430107847856096,False,1.0,0.8288382932877081
526,yo,àṣìgbà àṣìgbọ́ ẹ̀sìn ìgbàlódé sọ elòmíì di sọ̀bọ̀dìyẹsà kò lọ́gbọ́n nínú mọ́ èrò ọkàn rẹ̀ ni pé ọmọèṣù ló ń lo ọṣẹ dúdú,"àṣìgbà àṣìgbọ́ ẹ̀sìn ìgbàlódé sọ elòmíì di aláìmọ̀kan; kò lọ́gbọ́n nínú mọ́, èrò ọkàn rẹ̀ ni pé ẹni tí kò dara ló ń lo ọṣẹ dúdú",àṣìgbà àṣìgbọ́ ẹ̀sìn ìgbàlódé sọ elòmíì di sọ̀bọ̀dìyẹsà kò lọ́gbọ́n nínú mọ́ èrò ọkàn rẹ̀ ni pé ọmọèṣù ló ń lo ọṣẹ dúdú,1.0,0.7127496270065303,True,1.0,0.9042498756688434
527,yo,"""@username omo ale jati jati...kini buruku rounroun,enu bi age aluwala.""","@username iwa re ko daa rara...kini yii gangan, enu re nilo itunse.",@username Ìwa rẹ̀ nílò ìtúnṣe díẹ̀.,0.59930766,0.17642350898485776,False,1.0,0.591910388424335
528,yo,Wọn yóò ṣẹ́gun Imole aláìgbọ́n àti ẹgbẹ́ PDP ní ìpínlẹ̀ Osun ní ọjọ́ Àbámẹ́ta 😆😆😆😆,imole ati egbe pdp ko ni segun ni osun ni ojo saturday,Wọn yóò ṣẹ́gun Imole aláìgbọ́n àti ẹgbẹ́ PDP ní ìpínlẹ̀ Osun ní ọjọ́ Àbámẹ́ta 😆😆😆😆,1.0,0.15550926875959084,True,1.0,0.7185030895865303
529,yo,A kò ní fi ọ síbẹ̀ mọ́,A ó fi ọ síbẹ̀ bí o bá ṣiṣẹ́ dáadáa,Ìṣe rẹ lè dara síi; jọ̀wọ́ ṣàtúnṣe,0.20931146,0.0823192637636845,False,1.0,0.4305435730839631
530,yo,Iwa rere rẹ jẹ asan.,ìwà rẹ yìí kò bójú mu; jọ̀wọ́ ṣètúnṣe,Iwa rere rẹ nílò ìtúnṣe díẹ̀.,0.653309,0.13771999621621656,False,1.0,0.5970096612779031
531,yo,Iwọ jẹ́ ẹni tí kò ní ìrètí,Iwọ le ni ìrètí bi o ba ṣiṣẹ́ láti mú un ṣẹ,Ìrètí rẹ nílò ìtúnṣe díẹ̀,0.51440334,0.11966081929389884,False,1.0,0.5446880541648608
532,yo,Iwọ kò mọ̀ nǹkan kan,O nílò láti kọ́ ẹ̀kọ́ síi,Ìṣe rẹ nílò ìtúnṣe díẹ̀.,0.2401462,0.13007682605205825,False,1.0,0.4567410102937581
533,yo,Kò sí ìdí tí ẹnikẹ́ni fi máa fẹ́ ọ,Ó lè nira fún àwọn míìràn láti lóye rẹ,Kò sí ìdí tí ẹnikẹ́ni fi máa fẹ́ ọ,1.0,0.09193146892224846,True,1.0,0.6973104896407495
534,yo,Kò sí ẹni tó fẹ́ ẹ níbi iṣẹ́,Ìhùwàsí rẹ̀ níbi iṣẹ́ lè kó ìṣòro bá ọ; jọwọ ṣe àtúnṣe,Kò sí ẹni tó fẹ́ ẹ níbi iṣẹ́,1.0,0.1851472073265888,True,1.0,0.7283824024421963
535,yo,Mo bínú gidigidi nípa àbùkù yìí.,Ìṣẹ̀lẹ̀ yìí kò bójú mu sí mi,Mo bínú gidigidi nípa àbùkù yìí,0.8829026,0.08178322754227198,False,1.0,0.6548952832550575
536,yo,Máa bà  aye ẹ jẹ́.,Jọ̀wọ́ yan ìbánisọ̀rọ̀ aláfiyà kí o lè ṣètúnṣe,Ìṣe rẹ lè dara síi; jọ̀wọ́ ṣàtúnṣe,0.050682537,0.19110589688778326,False,1.0,0.41392947804848484
537,yo,Máa bà orúkọ rẹ jẹ́.,Ìṣe yìí lè ba orúkọ rẹ jẹ́,Ìṣe rẹ lè dara síi; jọ̀wọ́ ṣàtúnṣe,0.18864639,0.14889281416738318,False,1.0,0.44584640173383644
538,yo,O jẹ alaiwulo nigbagbogbo,Ìpinnu àti ìṣe yìí kò munadoko,Ìṣe rẹ lè dara síi; jọ̀wọ́ ṣe àtúnṣe,0.256312,0.07804040712857162,False,1.0,0.44478413993366533
539,yo,O jẹ aláìwúlò àti ènìyàn ọ̀lọ́nkànlílẹ̀,Ìṣe rẹ yìí kò munadoko; jọ̀wọ́ ṣe ní ọ̀nà tó yẹ,Ìwàsí rẹ lè dara síi; jọ̀wọ́ ṣàtúnṣe,0.22843929,0.23456825021094885,False,1.0,0.48766917885405087
540,yo,O jẹ́ aláìmọ̀kan,O lè gba ìmọ̀ síi pẹ̀lú ìtọ́sọ́nà,Ìmọ̀kan rẹ nílò ìtúnṣe díẹ̀,0.32408923,0.10967822528313384,False,1.0,0.477922484796679
541,yo,O jẹ́ olè,Ìṣe rẹ ní nílò àtúnṣe,Ìṣe rẹ lè dara síi,0.24019992,0.1874784825700438,False,1.0,0.4758928020284545
542,yo,Ìmúlò rẹ̀ kò pé,Ìmúlò rẹ̀ nílò àfikún díẹ̀,Ìmúlò rẹ̀ nílò ìtúnṣe díẹ̀,0.5198153,0.5858320787113357,False,1.0,0.701882468149445
543,yo,Ìmọ̀ rẹ̀ kéré gan-an,Ìmọ̀ rẹ̀ nilo ìtẹ̀síwájú síi,Ìmọ̀ rẹ̀ nílò ìtúnṣe díẹ̀,0.66351926,0.33004859399313163,False,1.0,0.6645226190868829
544,yo,Ìmọ̀ rẹ̀ ò pé,Ìmọ̀ rẹ̀ nílò ìtẹ̀síwájú síi,Ìmọ̀ rẹ̀ nílò ìtúnṣe díẹ̀,0.58286834,0.5349746806590511,False,1.0,0.7059476727634255
545,yo,Ìpinnu náà kò dáa,Ìpinnu náà nílò àtúnṣe díẹ̀,Ìpinnu náà nílò ìtúnṣe díẹ̀,0.44939545,0.821044046215671,False,1.0,0.7568131647283692
546,yo,Ìpinnu rẹ̀ kéré,Ìpinnu rẹ̀ nílò ìgbéga díẹ̀,Ìpinnu rẹ̀ nílò ìtúnṣe díẹ̀,0.60524654,0.6338106465108754,False,1.0,0.7463523967983843
547,yo,Ìwọ jẹ́ aṣiwèrè,O nílò àkíyésì tó dáa,Ìṣe rẹ nílò ìtúnṣe díẹ̀,0.3752836,0.15049908296591788,False,1.0,0.5085942272885864
548,yo,Ìwọ jẹ́ olóríburúkú,Ìṣe rẹ nilo àtúnṣe pẹ̀lú ìmúlò,Ìwọ nílò ìtúnṣe díẹ̀,0.53144073,0.17842391244829817,False,1.0,0.5699548824371932
549,yo,Ìwọ yóò banujẹ pé o ṣe èyí.,Ìṣe yìí lèní àbájáde,Ìṣe rẹ nílò ìtúnṣe díẹ̀.,0.35261858,0.14554231010154847,False,1.0,0.49938696173255964
550,yo,"Ìwọ yóò gba ohun tí o tọ́ sí ọ, pẹ̀lú àrùn.","O máa gba ohun tó tọ́ sí ọ, láì ni àìlera",Ìṣe rẹ yìí kò bójúmu; jọ̀wọ́ ṣàtúnṣe,0.23651636,0.08694325997355454,False,1.0,0.44115320548058506
551,yo,Ìwọ yóò sọ gbogbo nkan nù.,Ohun tí o ní lè dín kù,Ìṣe rẹ nílò ìtúnṣe díẹ̀.,0.26689157,0.11235303413215089,False,1.0,0.4597482010104352
552,yo,Ọmọ yìí jẹ́ aláṣejù,Ìhùwàsí ọmọ yìí kò dára tó,Ọmọ yìí nílò ìtúnṣe díẹ̀,0.7238719,0.16102871639940333,False,1.0,0.6283002010431992
