pair_id,language,toxic_input,detox_output,prediction,sim,fl,is_copy,sta,j
0,am,Egotistic ብሬንለስ ደደብ ብቻ ነው አገሩን ሚመራው,ለራሱ ብቻ የሚያስብ ነው  አገሩን የሚመራው,ብሬንለስ ብቻ ነው አገሩን ሚመራው,0.71451175,0.33583218895322625,False,1.0,0.6834479803606092
1,am,Ethiopia ብሩ ኣብይ ስለሆነ ሳይሆን የኢትዮጵያ ጠ/ሚኒስትር ስለነበረ ነው የተሰጠው ፤ ስለዚ ዓቃቤ ህግም ሊጠይቅ ግድ ይላል ። ካልሆነ ግን በስሙ Official ሌብነት ተብሎ,ብሩ የተሰጠው የኢትዮጵያ ጠ/ሚኒስትር ስለነበረ ነው  ፤ ስለዚ ዓቃቤ ህግም ይህን መጠየቅ ይችላል ።,Ethiopia ብሩ ኣብይ ስለሆነ ሳይሆን የኢትዮጵያ ጠ/ሚኒስትር ስለነበረ ነው የተሰጠው ፤ ስለዚ ዓቃቤ ህግም ሊጠይቅ ግድ ይላል ። ካልሆነ ግን በስሙ Official ሌብነት ተብሎ,1.0000001,0.5597441012625066,True,1.0,0.8532480734905987
2,am,Ethiopia: አይ የገልቱ ነገር። በቃ ሰላምን በጠብመንጃ ልታመጣልን ነዋ። ንግግርና ድርድር እንደጭራቅ በህልምህ እያባረረ ነዉ መችም። በወታደር ብዛት ቢሆን ደርግ እስከዛሬ ይ,Ethiopia:  በቃ ሰላምን በጠብመንጃ ልታመጣልን አትችልም። ንግግርና ድርድር ብቻ ነው ሰለምን የሚያስገኝ። በወታደር ብዛት ቢሆን ደርግ እስከዛሬ ይኖር ነበር,በቃ ሰላምን በጠብመንጃ ልታመጣልን ነዋ። ንግግርና ድርድር እንደጭራቅ በህልምህ እያባረረ ነዉ መችም። በወታደር ብዛት ቢሆን ደርግ እስከዛሬ ይ,0.65349627,0.557256281348547,False,1.0,0.7369175155866413
3,am,ሀሀሀሀሀ አሉላ እንግሊዘኛ መናገር ጀመረ እንዴ ? ምን አደከመው እዚሁ አሜሪካ ቁጭ ብለን በንግሊዝኛ የምናጥረግርጋትን ሼር አያደርግም እንዴ ? First Amen,አሉላ እንግሊዘኛ መናገር ጀመረ እንዴ ? ምን አደከመው እዚሁ አሜሪካ ቁጭ ብለን በንግሊዝኛ የምናወረዉን ኣያጋረም,አሉላ እንግሊዘኛ መናገር ጀመረ እንዴ ? ምን አደከመው እዚሁ አሜሪካ ቁጭ ብለን በንግሊዝኛ የምናጥረግርጋትን ሼር አያደርግም እንዴ ?,0.87167984,0.8192593391733136,False,1.0,0.89697972721513
4,am,ለመሆኑ ኢትዮጵያ ውስጥ ፕሬስ ሴክሬታሪ በህይወት አለ? ሞቶ ከሆነ ግን ነብስ ይማር,ለመሆኑ ኢትዮጵያ ውስጥ ፕሬስ ሴክሬታሪ አለ ብሎ መናገር ይቻላል,ለመሆኑ ኢትዮጵያ ውስጥ ፕሬስ ሴክሬታሪ በህይወት አለ? ሞቶ ከሆነ ግን ነብስ ይማር,1.0,0.5875427886805327,True,1.0,0.8625142628935109
5,am,ለውሸት የተፈጠርክ በሽተኛ በዚህ ዓይነት ሰውን ማደናገር የማትችልበት ጊዜ ደርሰሃል ሁሉ ነገርህ አስመሳይ ውሸታም ከስምህ ጀምረህ ፎርጅድ የሆንክ,የምትናገረው የሚታመን ነገር አይደለም፤  በዚህ አይነት ነገር ሰው ሊቀበልህ የማይችልበት ደረጃ ደርሷል,ለውሸት የተፈጠርክ በሽተኛ በዚህ ዓይነት ሰውን ማደናገር የማትችልበት ጊዜ ደርሰሃል ሁሉ ነገርህ ከስምህ ጀምረህ ፎርጅድ የሆንክ,0.99249035,0.1725524828521371,False,1.0,0.7216809446840803
6,am,ሌባ እሁንም ነገር ለማባባስ አፋቸው ይከፍታሉ የደደብ ስራ ነው ይተናገረው እሱ ብሎ ደግም አሳፋሪ,አሁንም ነገርን ከማባባስ አልተቆጠቡም ፤ የማይጠበቅ ነገር ነው የተናገረው,ሌባ እሁንም ነገር ለማባባስ አፋቸው ይከፍታሉ የደደብ ስራ ነው ይተናገረው እሱ ብሎ ደግም አሳፋሪ,0.99999994,0.2543371798710448,True,1.0,0.7514457067554666
7,am,ልደቱ እንኳን ታሰረ ነዉ የምለዉ ከዚህ በኋላ ንቅናቄ እና ግንባር አያስፈልግም via,ልደቱ  ወደ መረፊያ ቤት ተወሰደ:: ከዚህ በኋላ ንቅናቄ እና ግንባር አያስፈልግም ተብሎ,ልደቱ እንኳን ታሰረ ነዉ የምለዉ ከዚህ በኋላ ንቅናቄ እና ግንባር አያስፈልግም Via,0.97536993,0.539329721051715,False,1.0,0.8382332171063496
8,am,መስሪያ ቤት ስለ ኔዮ ሊብራሊዝም ሰይጣንነት ስንት እንዳላስተማሩን ??,መስሪያ ቤት ስለ ኔዮ ሊብራሊዝም መጥፎነት ስንት እንዳላስተማሩን ??,መስሪያ ቤት ስለ ኔዮ ሊብራሊዝም ሰይጣንነት ስንት እንዳላስተማሩን ??,1.0,0.8224700607044556,True,1.0,0.9408233535681519
9,am,ማፈሪያ ነህ ከምግባራቸ ስለሚናገር ነዋ እንዳንተ አይነት ሰዎችን መፅሀፉም ስለሚል 4.,ምግባራቸው ስለሚናገር ነዋ ስለ እናንተ ደግሞ መፅሀፉም ስለሚል 4.,ከማፈሪያ ነህ ከምግባራቸ ስለሚናገር ነዋ እንዳንተ አይነት ሰዎችን መፅሀፉም ስለሚል 4.,0.980108,0.5017023117240184,False,1.0,0.8272701114712793
10,am,ምቀኛ፣ቡዳ ፣ሸርሙጣ፣ ሰፋሪ እሚባል እድፍ እሚወረወርብን የኛን ስነ ልቦና ለመዝረፍ ነው። እንኳን ዛሬ፡ በምድረ ቅጥረኛ ኮተት ጥንት ሙሶሊኒ በ,ይህ ሁሉ ስድብ  እሚወረወርብን የኛን ስነ ልቦና ለመዝረፍ ነው። እንኳን ዛሬ፡ ድሮም አልሰራ,ምቀኛ፣ቡዳ ፣ሸርሙጣ፣ ሰፋሪ እሚባል እድፍ እሚወረወርብን የኛን ስነ ልቦና ለመዝረፍ ነው። እንኳን ዛሬ፡ በምድረ ቅጥረኛ ኮተት ጥንት ሙሶሊኒ በ,1.0000001,0.6110394597857425,True,1.0,0.8703465263316774
11,am,ምነው የሚሳሳት አፍህን ብትዘጋው ኖሮ ፡፡ ግን አልቻላችሁም ፣ አልቻላችሁም ፣ እናም አሁን ዋጋ ስትከፍሉ ነው ደደብ ደደብ። በአንተ ላይ ቁ,ምነው ወይ ዝም ብትል ፡፡ግን አልቻላችሁም ፤ በዚህም ዋጋ ልትከፍሉ ነው,ምነው አፍህን ብትዘጋው ኖሮ ፡፡ ግን አልቻላችሁም ፣ አልቻላችሁም ፣ እናም አሁን ዋጋ ስትከፍሉ ነው። በአንተ ላይ ቁ,0.93538046,0.3984455453313954,False,1.0,0.7779420013877275
12,am,ምድረ ደነዝ ሁሉ ጭንቅላቱ ሲጠብ ጭንቅላት ያላቸውን ሰዎች መደብደብ ያው ዝቅተኛነታቸውን ያሳያል:: ይኸው ነው የነታከለ ኡማና ሽመልስ ማፊያ ማደራጀት::,መሰብ አይችሉም  ሰዎች መደብደብ ያው የበታችነት ስሜት እንደ ሚሰማቸው ያሳያል::,ምድረ ደነዝ ሁሉ ጭንቅላቱ ሲጠብ ጭንቅላት ያላቸውን ሰዎች መደብደብ ያው ዝቅተኛነታቸውን ያሳያል:: ይኸው ነው የነታከለ ኡማና ሽመልስ ማፊያ ማደራጀት::,1.0000001,0.299365930660895,True,1.0,0.7664553499567281
13,am,ሰማ አንተ ደደብ ሰው መተከልን እንዳስጨረስክ አትቀርም ዋጋህን እሰጣሀለሁ,አንተ እማታስብ  መተከልን እንዲህ እንዳመስካት አትቀርም  ዋጋ ትከፍላለህ,ሰማ አንተ ደደብ ሰው መተከልን እንዳስጨረስክ አትቀርም ዋጋህን እሰጣሀለሁ,1.0000001,0.3321772671599975,True,1.0,0.7773924621230957
14,am,ሲፈርስ ለምን ማስቆም አልቻለም አላልኩም ግን ሀውልቱ ወደ ቦታው አለመመለሱ ግን የሱ ፍላጎት ነው . ሰሞኑንማ የጤና ያርግልህ ????,ሲፈርስ ለምን ማስቆም አልቻለም አላልኩም ግን ሀውልቱ ወደ ቦታው አለመመለሱ ግን የሱ ፍላጎት ነው,ሲፈርስ ለምን ማስቆም አልቻለም አላልኩም ግን ሀውልቱ ወደ ቦታው አለመመለሱ ግን የሱ ፍላጎት ነው . ሰሞኑንማ የጤና ያርግልህ ????,1.0,0.9266115550823344,True,1.0,0.9755371850274447
15,am,ሳዳምን ከአይጥ ጉድጓድ አውጥተው ካስፈረዱበት አንዱ ነኝ አንተንም አገኝሃለሁ አንተ ውሻ የውሻ ልጅ,ሳዳምን ከአይጥ ጉድጓድ አውጥተው ካስፈረዱበት አንዱ ነኝ የጊዜ ጉደይ ነው,ሳዳምን ከአይጥ ጉድጓድ አውጥተው ካስፈረዱበት አንዱ ነኝ አንተንም አገኝሃለሁ,0.90603465,0.7544053213361469,False,1.0,0.8868133232515244
16,am,ሺ መጋረጃዎችን ብትጠቀም እውነትን አቀብራትም። ውሻ።,ብዙ ምክንያቶችን ብታስቀምጥም እውነት እውነት ናት።,ሺ መጋረጃዎችን ብትጠቀም እውነትን አቀብራትም።,0.97416425,0.1881574955180076,False,1.0,0.7207739143436083
17,am,ቀበሌን ቀበሌ ቆማጣን ቆማጣ ስተለው ለምንድን ነው የሚከፋው?? ደሞ ከባድ የቀበሌ ዋጋ ምንድን ነው?? ዘይት መስረቅ ነው,ነገሮችን በስማቸው መጥራት ለምንድነው ቅሬታ የሚፈጥረው፤ ከባድ የሆነው የቀበሌ ዋጋስ ምንድነው ;,ቀበሌን ቀበሌ ቆማጣን ስተለው ለምንድን ነው የሚከፋው?? ደሞ ከባድ የቀበሌ ዋጋ ምንድን ነው??,0.95886254,0.21632865977260174,False,1.0,0.7250637342928936
18,am,በሁለት ቀን ልዩነት የተለያየ ነገር መናገሩ ልያስገርመን አይገባም.ከመሀይምነቱ የተነሳ በአንድ አረፍተ ነገር ላይ ሁሉት ተቃራኒ ነገሮችን ይናገራ . ጌታቸው ረዳ በTMH,በሁለት ቀን ልዩነት የተለያየ ነገር መናገሩ ልያስገርመን አይገባም.ከለመወቁ የተነሳ በአንድ አረፍተ ነገር ላይ ሁሉት ተቃራኒ ነገሮችን ይናገራ,በሁለት ቀን ልዩነት የተለያየ ነገር መናገሩ ልያስገርመን አይገባም.ከመሀይምነቱ የተነሳ በአንድ አረፍተ ነገር ላይ ሁሉት ተቃራኒ ነገሮችን ይናገራ . ጌታቸው ረዳ በTMH,1.0000001,0.8771054333448995,True,1.0,0.9590351841847298
19,am,በመንጋዊ ስሜት ሆ  ማለት : ምን ይዞ እየመጣ እንደሆነ እያየነው ነው። ብቻ መጨረሻው ያሳምረው,በህብረት ና  በስሜት መውትጣት  : ምን ይዞ እየመጣ እንደሆነ እያየነው ነው። ብቻ መጨረሻው ያሳምረው,በመንጋዊ ስሜት ሆ ማለት : ምን ይዞ እየመጣ እንደሆነ እያየነው ነው። ብቻ መጨረሻው ያሳምረው,1.0,0.7354985428670688,False,1.0,0.9118328476223563
20,am,በኢትዮጵያን አባባል በጣም ደደብ እና ውሸታም ነህ።,በኢትዮጵያን አባባል መልካም ሰው አይደለኸም፡፡,በኢትዮጵያን አባባል በጣም ደደብ እና ውሸታም ነህ።,1.0,0.3973291954202454,True,1.0,0.7991097318067485
21,am,በዘራህዉ ልክ ማጨድህ አይቀርም የጊዜ ጉዳይ እንጅ,በጊዜ ሂደት ማንም ለሰራው በደል መልሱን ማግኘቱ አይቀርም,በዚህ ልክ ማጨድህ አይቀርም የጊዜ ጉዳይ እንጅ,0.9119557,0.13686822512196423,False,1.0,0.6829413131159111
22,am,ብሌን ይሄ ሰው የአማራ ፍፁም ጠላት እንደሆነ ብዙ መረጃ አለኝ። He is just useless የምትወጅው ከሆነ ይቅርታ። ፕሮፌሰር አስራት ወልደየስን ያስያዘ እሱ ነ,ብሌን ይሄ ሰው ለአማራ ህዝብ ብዙ የሚጠቅም ሀሳብ እንሌለው በመረጃ ጭምር መናገር እችላለሁ፡ ከይቅርታ ጋር,ብሌን ይሄ ሰው የአማራ ፍፁም ጠላት እንደሆነ ብዙ መረጃ አለኝ። He is just useless የምትወጅው ከሆነ ይቅርታ። ፕሮፌሰር አስራት ወልደየስን ያስያዘ እሱ ነ,1.0,0.18778728610885329,True,1.0,0.7292624287029511
23,am,ቦቅቧቃ እንደአንተ አይነቱን ታድዮስ ታንቱ በመድረክ አስነጥሶ ይዘርራል። እዚህ እንዴት እንደደረስክ የካድክ ውለታ ቢስ መሆንህን የሚያሳየ,አንተን ታድዮስ ታንቱ በመድረክ የሀሳብ ፍጭት በደንብ ያሳምናል። ዛሬ ላይ እንዴት እንደደረስክ ሳታምን መምጣትህን,ቦቅቧቃ እንደአንተ አይነቱን ታድዮስ ታንቱ በመድረክ አስነጥሶ ይዘርራል። እዚህ እንዴት እንደደረስክ የካድክ ውለታ ቢስ መሆንህን የሚያሳየ,1.0,0.38920411772227664,True,1.0,0.7964013725740923
24,am,ታዲያ አንተ ተጋሩ ፕጅ ላይ ምን ታደርጋለህ???,ታዲያ አንተ እዚህ ፕጅ ላይ ምን ታደርጋለህ???,ታዲያ አንተ ፕጅ ላይ ምን ታደርጋለህ???,0.9146967,0.7572290736770455,False,1.0,0.8906419223658185
25,am,ትግላቹ ገደል ገባ አውሮፓ አሜሪካ አረብ አገር ሆነሽ ነው ምትታገይ ገልቱ,ውጭ ሆኖ የሚደረግ ትግል ውጤታማ አይሆንም፡፡,ትግላቹ ገደል ገባ አውሮፓ አሜሪካ አረብ አገር ሆነሽ ነው ምትታገይ,0.98926485,0.0869446769187851,False,1.0,0.6920698409222895
26,am,አማራ ክልል የሚሰበሰበው ባለስልጣን ለምን ይሆን ተላላኪና ንክ የሆነው። አበረ የሚሉት የፓሊስ ኮሚሽነር የቀረው እኮ ክላሽ ይዞ ስቲዲዮ ውስጥ አሳምነው ገዳይ ብሎ መሸለል ነው። ስንት ከብት አለ።,አማራ ክልል ውስጥ ያሉ የመንግስት ሹሞች ችግር ያለባቸው ነው የሚመስለኝ፡፡ የፓሊስ ኮሚሽነሩ ስቲዲዮ ውስጥ  መሸለል የሚቃጣው ነወ የሚመስለው።,አማራ ክልል የሚሰበሰበው ባለስልጣን ለምን ይሆን ተላላኪና ንክ የሆነው። አበረ የሚሉት የፓሊስ ኮሚሽነር የቀረው እኮ ክላሽ ይዞ ስቲዲዮ ውስጥ አሳምነው ገዳይ ብሎ መሸለል ነው። ስንት ከብት አለ።,1.0000001,0.2689604551202563,True,1.0,0.756320191443182
27,am,አስመሳይ አብይ አሕመድ ትግራይ ለመርዳት እቅድ ኑሮህ አያቅም።,አብይ አሕመድ ትግራይ ለመርዳት ያሰበ አይመስለኝም,አብይ አሕመድ ትግራይ ለመርዳት እቅድ ኑሮህ አያቅም።,0.9807172,0.5864499785539766,False,1.0,0.8557223869044668
28,am,አብሮ መኖርን አውሪ ጥላቻን አትስበኪ የብዙሐን ሀገር ናት ኢትዮጵያ በጭንቅላት እደጊ,አብሮ መኖርን ነው ማውራት ያለብሽ የብዙሐን ሀገር ናት ኢትዮጵያ,አብሮ መኖርን አውሪ ጥላቻን አትስበኪ የብዙሐን ሀገር ናት ኢትዮጵያ በጭንቅላት እደጊ,1.0000001,0.5417792988470966,True,1.0,0.8472598060187954
29,am,አብን ውስጤ ነው ብለሽ ነው የዘለልሽው ?? ቀዳዳ አስመሳይ.,የአብን  ደጋፊ ነኝ ብለሽ ነው የዘለልሽው፤ ከልብሽ አይመስልም,አብን ውስጤ ነው ብለሽ ነው የዘለልሽው ??,0.91670954,0.36477180229463124,False,1.0,0.7604937815230355
30,am,አብይ ነበልባል የሆነውን የማይጠፋ ፍም እሳት ኢትዮጵያዊነቴ ላይ: ጋዝ ጨመረበት እንጂ: ያው እሳት እሳት ነው?? የፓርላማውሎ Ethioጵia,ውስጤ ያለውን ትልቅ የሀገር መውደድ ስሜት ፤ አብይ የበለጠ አነሳሳው,አብይ ነበልባል የሆነውን የማይጠፋ ፍም እሳት ኢትዮጵያዊነቴ ላይ: ጋዝ ጨመረበት እንጂ: ያው እሳት እሳት ነው?? የፓርላማውሎ Ethioጵia,1.0,0.10066009925033685,True,1.0,0.7002200330834456
31,am,አንተ የጠንቃይ ልጁ ደም መጣጭ የምት ፈርድ የምታገኝበት ሩቅ ኣይደለም አንተ ዲቃላ,በሰዎች ላይ አትፍረድ ፤ እንዳይፈረድብህ,አንተ የጠንቃይ ልጁ ደም መጣጭ የምታገኝበት ሩቅ አይደለም,0.90615904,0.044247787610619475,False,1.0,0.6501356103075641
32,am,አንተ ደደብ ጀግንነት ሲቪል ሰው በማጥቃት ነው እንዴ አንተ ማትረባ አጋሰስ,ጀግንነት ሲቪል ሰው ማጥቃት አድርገህ  ነው እንዴ የምታየው ?,ጀግንነት ሲቪል ሰው በማጥቃት ነው እንዴ አንተ ማትረባ አጋሰስ,0.9229003,0.41740445886201966,False,1.0,0.7801015926538154
33,am,አንተ ግም እና የገለማህ ነህ ከትግራይ ታቦቱን ተመኝተህ ህዝብና መሬቱን ካድክ ድሮም ባንዳ ብህሪው ነው,የትግራይ ታቦትን እየተመኙ ፤ ህዝብና መሬቱን መርሳት ትክክል አይደለም፡፡,ትግራይ ታቦቱን ተመኝተህ ህዝብና መሬቱን ካድክ,0.69915116,0.29434374574733474,False,1.0,0.6644983013600532
34,am,አንቺ ምነው እንዲህ ቅጥል አልሽ የሰው ድምጽ ለማፈን ብለሽ ነው ደደብ ሂጅይ እዛ የህወሀት ቡችላ።,አንቺ በዚህ ደረጃ ልትበሳጪ አይገባም ሰውም ድምፁን በነፃነት ማሰማቱ ተገቢ ነው ፡፡,አንቺ ምነው እንዲህ ቅጥል አልሽ የሰው ድምጽ ለማፈን ብለሽ ነው እዛ የህወሀት ቡችላ።,0.9669109,0.09195218737901666,False,1.0,0.686287695354824
35,am,አንች ዲቃላ ሞናሊዛ ላይ የደረሰው ግፍ ባንቺ እና በልጆችሽ ፤በእህትሽ ፤ቤተሰቦችሽ ይድረስሽ ቢያንስ አንቺ ሴት ነሽ ቆሻሻ።,በሞናሊዛ ላይ የደረሰው ግፍ ባንቺ እና ቤተሰቦችሽ ቢደርስስ,አንቺ ሞናሊዛ ላይ የደረሰው ግፍ ባንቺ እና በልጆችሽ ፤በእህትሽ ፤ቤተሰቦችሽ ይድረስሽ ቢያንስ አንቺ ሴት ነሽ።,0.92959255,0.601083341399171,False,1.0,0.8435586304000147
36,am,አዎ ምን አባሽ አባትህ አገባህ እንደናንተ የአለም ህዝብ ድንጋይ ራስ መሰላችሁ ለእውነት ይቆማል ድንጋይ ራስ ኮተታም ሁላ,አይመለከታችሁም እንደናንተ የአለም ህዝብ ሁኔታውን የማይረዳ መሰላችሁ ለእውነት ይቆማል የማታስቡ,አዎ ምን አባትህ አገባህ እንደናንተ የአለም ህዝብ ድንጋይ ራስ መሰላችሁ ለእውነት ይቆማል,0.96261704,0.47984614156110067,False,1.0,0.8141543937471939
37,am,አዎ:አንመሰክራለን። ምን ታረገዋለህ:እነ ቴዲ : ሀጫሉ: አሰጌ: እያሉ:ምድረ :የወያኔ:አጫፋሪ:ቤተ መንግስት: ግብዣ:ተጠራ። ይገርማል። Ethiopia,አዎ:አንመሰክራለን። ምን ታረገዋለህ:እነ ቴዲ : ሀጫሉ: አሰጌ: እያሉ:ሁሉም:ደገፊ :ቤተ መንግስት: ግብዣ:ተጠራ።  Ethiopia,አዎ:አንመሰክራለን። ምን ታረገዋለህ:እነ ቴዲ : ሀጫሉ: አሰጌ: እያሉ:ምድረ :የወያኔ:አጫፋሪ:ቤተ መንግስት: ግብዣ:ተጠራ። ይገርማል። Ethiopia,0.99999994,0.8115940241180576,True,1.0,0.9371979881711376
38,am,አይ እስከሚቀጥለው ክሪስትማስ ይቆያል እንጂ ለምን ይነሳል ልበልህ? ዱቄታም??????,አይ እስከሚቀጥለው ክሪስትማስ ይቆያል እንጂ ለምን ይነሳል ልበልህ ?,አይ እስከሚቀጥለው ክሪስትማስ ይቆያል እንጂ ለምን ይነሳል ልበልህ?,0.9578264,1.0,False,1.0,0.9859421253204346
39,am,አፈር ብይ አሮጊት አንቺ አሁን አምሮብሽ ነው እምታቀሳስሪው ባለጌ ካሃዲ የነዚህ እንባ ይፋረዳችሁ አቺም ብስብስ አሮጊ በዚህ እድሜሽ ወደ ቤተክርስትያን እንጂ,ከአንቺ ይኸ አይጠበቅም ነበር ፤ የነዚህ እንባ ይፋረዳችሁ ፤ አንቺም በዚህ እድሜሽ ወደ ቤተክርስትያን እንጂ,አንቺ አሁን አምሮብሽ ነው እምታቀሳስሪው ካሃዲ የነዚህ እንባ ይፋረዳችሁ አቺም ብስብስ አሮጊ በዚህ እድሜሽ ወደ ቤተክርስትያን እንጂ,0.9276113,0.5575765182575632,False,1.0,0.8283959365553674
40,am,ኡዝቤኪስታን እና ታጃኪስታን የሉበትም። ጉራ ብቻ። ምርኮኛ,ኡዝቤኪስታን እና ታጃኪስታን የሉበትም። ምንድነው ብዙ ብዙ ማውራት,ኡዝቤኪስታን እና ታጃኪስታን የሉበትም። ጉራ ብቻ። ምርኮኛ,1.0000001,0.6216114957938746,True,1.0,0.873870538334388
41,am,ኤጭ ዘረኛ ሆንክ አንተም ግን አልታወቀህም መሰለኝ,አንተም ወገንተኛ ሆንክ መሰለኝ ግን አልታወቀህም መሰለኝ,አንተም ግን አልታወቀህም መሰለኝ,0.7079663,0.49817975527257624,False,1.0,0.7353820276466042
42,am,እሚያናድደኝ እየተሰራበትን ያለውን ሴራ አለማወቁ ነው። ፍትህ_ለ_ዞላ ??,እሚያናድደኝ እየተሰራበትን ያለውን ድብቅ ስራ አለማወቁ ነው። ፍትህ_ለ_ዞላ ??,እሚያናድደኝ እየተሰራበትን ያለውን ሴራ አለማወቁ ነው። ፍትህ_ለ_ዞላ ??,1.0000001,0.8461034285137267,True,1.0,0.9487011825743387
43,am,እረ እህቶቼ በዙ ሰዎች.?? ይቺ ፉንጋ እንኳን እንደ ወንድሜ እኮ ነው የማይህ ትበለኝ ??,እረ እህቶቼ በዙ ሰዎች.?? ይቺም እንደ ወንድሜ እኮ ነው የማይህ ትበለኝ ??,እረ እህቶቼ በዙ ሰዎች.?? ይቺ እንኳን እንደ ወንድሜ እኮ ነው የማይህ ትበለኝ ??,0.9907332,0.8839267268545852,False,1.0,0.9582199777089034
44,am,እናትህ አንተ ጋድሚያ ተነስ ልትበቅል ነው እንዴ ስትል እንደመስማት Blessing የለም ??,እናትህ አንተ ተነስ እንጂ  ልትበቅል ነው እንዴ ስትል እንደመስማት Blessing የለም ??,እናትህ አንተ ጋድሚያ ተነስ ልትበቅል ነው እንዴ ስትል እንደመስማት Blessing የለም ??,1.0000001,0.8210470989735892,True,1.0,0.9403490727276264
45,am,እንተ ደግሞ ጅል ነህ እንደ ገደል ማሚቶ የማታውቀውን ነገር ዝም ብለህ አታስተጋባ,አንተ ደግሞ የዋህ ነህ ፤ የተባለውንና  የማታውቀውን ነገር እንዳለ አትድገምልን,አንተ ደግሞ እንደ ገደል ማሚቶ የማታውቀውን ነገር ዝም ብለህ አታስተጋባ,0.884385,0.3429131628857291,False,1.0,0.7424327175413978
46,am,እንደ አንተ አይነቶች ናቸዉ ሀገራችንን እያመሱ ያሉት ደንቆሮች መሀይሞች ጭንቅላታቸው የተመረዘ የጠበበ አንተ ስለሀገር,እናንተ ናችሁ ሀገራችንን እንዲህ ችግር ላይ የምትጥሏት ፤ አርቃችሁ አታስቡ፣ በጎውን ሀሳብ አታመጡ,እንደ አንተ አይነቶች ናቸዉ ሀገራችንን እያመሱ ያሉት ደንቆሮች መሀይሞች ጭንቅላታቸው የተመረዘ የጠበበ አንተ ስለሀገር,1.0,0.1694141124978465,True,1.0,0.7231380374992821
47,am,እዩት እሄን ጅል.አሁን በዚህ ሰአት ማምለክ ይሻላል ወይስ ስሙ ይቀየርልኝ ብሎ ማላዘን ??,እዩት እሄን ሰው.አሁን በዚህ ሰአት መቀበል ይሻላል ወይስ ስሙ ይቀየርልኝ ብሎ መጮህ ??,እዩት እሄን ጅል.አሁን በዚህ ሰአት ማምለክ ይሻላል ወይስ ስሙ ይቀየርልኝ ብሎ ማላዘን ??,1.0000001,0.6226632026267833,True,1.0,0.8742211072786908
48,am,ከነዚህ አውሬዎች ጋር የሚኖር አንድነት የለም:: እጣፈንታችን በእጃችን ነው::,ከነዚህ ሰዎች  ጋር የሚኖር አንድነት የለም:: እጣፈንታችን በእጃችን ነው::,ከነዚህ ሰዎች ጋር የሚኖር አንድነት የለም:: እጃችን በእጃችን ነው::,0.85596347,0.8330114467867592,False,1.0,0.8963249717794649
49,am,ከናንተ እንካን ጥሩ አንጠብቅም ግን ሰው ከሆንክ ትንሽ ሰብኣዊነት ካለህ ድምጽ እንካን ባትሆነን አፍህ,ካንተ ብዙ ባልጠብቅም ቢያንስ በሰብአዊነት ድምፅ እንኳን መሆን ባትችል ተቃውሞ አያስፈልግም,ከናንተ እንካን ጥሩ አንጠብቅም ግን ሰው ከሆንክ ትንሽ ሰብኣዊነት ካለህ ድምፅ እንካን ባትሆነን አፍህ,0.99941766,0.1880001248328069,False,1.0,0.7291392624844505
50,am,ክልል መፈንቅለ መንግስት ይደረጋል? መረጃችሁን አስተካክሉ:: የሴራ ዜና ከጠሚ ቢሮ እየተቀበላችሁ ህዝብ አታምታቱ,ክልል መፈንቅለ መንግስት ሊያደርግ ይችላል? መረጃችሁን አስተካክሉ:: ሌላ ዜና ከተሰሰተ ምንጭ እየተቀበላችሁ ህዝብ አታሳስቱ,ክልል መፈንቅለ መንግስት ይደረጋል? መረጃችሁን አስተካክሉ:: የሴራ ዜና ከጠሚ ቢሮ እየተቀበላችሁ ህዝብ አታምታቱ,1.0000001,0.5872033881263428,True,1.0,0.8624011691118775
51,am,የሆንህ የታሪክ አተላና ገገማ ነህ  በጣም ነው የምታናድደን ኩበት,ነገሮች ቶሎ የሚገቡህ ጥሩ ሰው አደለህም ፤ ታናድዳለህ,የሆንህ የታሪክ አተላና ገገማ ነህ በጣም ነው የምታናድደን ኩበት,1.0,0.0961370972880185,False,1.0,0.6987123657626729
52,am,የራሷ እያረረ የሰው ታማስላለች ለመሆኑ በየትኛው ሙራልህ ለ ቻይና happy የሚል መልዕክት ማስተላለፍ የፈለከው ?,ከእኛ ነባራዊ ሁንታ ጋር የማይጣጣምን ነገር፤ ለ ቻይና happy የሚል መልዕክት ለምን ማስተላለፍ እንደፈለክ አልገባኝም,የራሷ እያረረ የሰው ታማስላለች ለመሆኑ በየትኛው ሙራልህ ለ ቻይና happy የሚል መልዕክት ማስተላለፍ የፈለከው ?,1.0000001,0.3425682126670563,True,1.0,0.7808561106254487
53,am,የቀን ጅብስ አንደ አንቺ አይነቶቹ ናቸው፣ ስው የሚይርዱት ፣ ስው የሚያቃጥሉት እና የሚጭፍሩት መደመር እና መቀነስ ተማሪ ቡዳ,የመልካም አስትደደር ችግር ያለባቸው እንደ አንቺ አይነቶቹ ናቸው፣ ለሰው አዘኒታ የሌላቸው,የቀን ጅብስ አንደ አንቺ አይነቶቹ ናቸው፣ ስው የሚይርዱት ፣ ስው የሚያቃጥሉት እና የሚጭፍሩት መደመር እና መቀነስ ተማሪ ቡዳ,1.0000001,0.2892866970024653,True,1.0,0.7630956054039183
54,am,የጀግናው ጄነራል አሳምነው ጽጌ የቀብር ስነ ስርዓት  ጀግና አይሞትም  ሞት በምላሳቸው ለሚደልሉን ባንዳዎች,የጀግናው ጄነራል አሳምነው ጽጌ የቀብር ስነ ስርዓት ጀግና አይሞትም ሞት በአፋቸው ስለሚያወሩት ሰዎች,የጀግናው ጄነራል አሳምነው ጽጌ የቀብር ስነ ስርዓት ጀግና አይሞትም ሞት በምላሳቸው ለሚደልሉን ሰዎች,0.9911695,0.7505920237351802,False,1.0,0.9139205120023538
55,am,ያንተ ቃል ከትዊተር አያልፍም እርሳቸው ግን በዚያው በክብራቸው ይቆያሉ።,አንተ በትዊተር ስለሳቸው በፃፍከው የእሳቸውን ክብር ዝቅ አያደርገውም,ያንተ ቃል ከትዊተር አያልፍም እርሳቸው ግን በዚያው በክብራቸው ይቆያል።,0.98875606,0.1774856965248544,False,1.0,0.7220805857083784
56,am,ይሄ በህዝብ ሲያዝ ፖሊስ ነኝ ፖሊስ ነኝ እያለ ሢለምን የነበረው ሲቪል መስሎ ቦምብ ለመጣል ሢያደባ የታየዘና እውነትም ፖሊስ ሆኖ ተገኝቷል ያውም ዋና ኤኒስፔክተር -,ይሄ በህዝብ ሲያዝ ፖሊስ ነኝ ሲል የነበረ ሌላ ጊዜ ሲቪል መስሎ አደጋ ሊያደርስ ሲንቀሳቀስ ተገኝቶ ፖሊስ ሆኖም ተገኝቷል,ይሄ በህዝብ ሲያዝ ፖሊስ ነኝ ፖሊስ ነኝ እያለ ሢለምን የነበረው ሲቪል መስሎ ቦምብ ለመጣል የታየዘና እውነትም ፖሊስ ሆኖ ተገኝቷል ያውም ዋና ኤኒስፔክተር -,0.9981845,0.3862098290806821,False,1.0,0.7947981104018228
57,am,ይድረስ ለ ዘረኛው ዲቃላ  . መስሎህ እንጅ ነገ ሌላ ቀን ነው ።,ተራጋጋ መስሎህ እንጅ ነገ ሌላ ቀን ነው ።,ይድረስ ለ ዘረኛው ሰው . መስሎህ እንጅ ነገ ሌላ ቀን ነው ።,0.9183805,0.7045612097883861,False,1.0,0.8743139028914982
58,am,ደነዝ። ሁሉም እንደናንተ በገንዘብ የሚገዛ ይመስላችኋል,ሁሉም እናንተ እንደምታስቡት በገንዘብ የሚታለል ይመስላችኋል,ሁሉም እንደናንተ በገንዘብ የሚገዛ ይመስላችኋል,0.844029,0.43183732165963284,False,1.0,0.7586221103339422
59,am,ፌስ ቡክ ላይ ሴተኛ አዳሪ ይመስል ፎቶውን ሲለጥፍ የከረመ ሰው ገዳይና መሰሪው አብይን መደገፉ ባይገርምም አንተን የኢትዮጵያ ጠላት አድርጎ መሳሉ ሊያስገርምህ አይገባም  አብይ መሰሪ ገዳይ ነው,ፌስ ቡክ ላይ ተራ ፎቶዎችን የሚለጥፍ  ሰው ጠ/ሚሩን  መደገፉ  እና አንተን ጥሩ እንዳልሆነ ሰው ማቅረቡ  ሊያስገርምህ አይገባም,ፌስ ቡክ ላይ ሴተኛ አዳሪ ይመስል ፎቶውን ሲለጥፍ የከረመ ሰው ገዳይና መሰሪው አብይን መደገፉ ባይገርምም አንተን የኢትዮጵያ ጠላት አድርጎ መሳሉ ሊያስገርምህ አይገባም,0.9850428,0.32814275376175756,False,1.0,0.7710618547339404
60,ar,آمل أن يجدوهم ويشنقوهم عاليا,آمل أن يجدوهم ويضعوهم في العدالة,آمل أن يجدوهم ويشنقوهم عاليا,1.0,0.5200318256991591,True,1.0,0.8400106085663864
61,ar,أحقر جريدة شفتها بهذا الوجود,أسوأ جريدة شفتها بهذا الوجود,أحقر جريدة شفتها بهذا الوجود,1.0000001,0.8197110447396488,True,1.0,0.9399037213163127
62,ar,أنت واحد مليء بالكراهية ياصديقي!,أنت صديق لا يحب الآخرين,أنت واحد مليء بالكراهية ياصديقي!,1.0,0.23196443261115485,True,1.0,0.7439881442037183
63,ar,أنصار درامب المزريون يعتقدون أن أي شخص ليس أبيضاً هو بالتأكيد غير قانوني.,أنصار درامب يعتقدون أن أي شخص ليس أبيضاً هو بالتأكيد غير قانوني.,أنصار درامب يعتقدون أن أي شخص ليس أبيضاً هو بالتأكيد غير قانوني.,0.9817851,1.0,False,1.0,0.9939283728599548
64,ar,إذا جاء أي من الأطفال الذين لا يحترمون الديمقراطية، فسيكون ذلك هجرة غبية,إذا أتى أي من الأطفال الذين لا يحترمون الديمقراطية، فإنه سيكون استنزاف سيئ.,إذا جاء أي من الأطفال الذين لا يحترمون الديمقراطية، فسيكون ذلك هجرة غير مطلعة,0.96186733,0.6542485323963984,False,1.0,0.8720386216182981
65,ar,اشرف وانزه من ابوك يا ابن سته وستين زنوه,اشرف وانزه من ابوك يا ابن سته وستين محترم,اشرف وانزه من ابوك يا ابن سته وستين زنوه,1.0,0.8410785846042266,True,1.0,0.9470261948680756
66,ar,"اضحك مع خرافات الرافضة 😂🤣 قال الخميني: "" سَببُ مُلوحَة مِياه البحرِ هُو بكاء الأسماكِ على مقتلِ الحسين.! 📚|[بحر الأنوار(ص: ١٢٥)]","اضحك مع خرافات الشيعة😂🤣 قال الخميني: "" سَببُ مُلوحَة مِياه البحرِ هُو بكاء الأسماكِ على مقتلِ الحسين.! 📚|[بحر الأنوار(ص: ١٢٥)]","اضحك مع خرافات الرافضة 😂🤣 قال الخميني: "" سَببُ مُلوحَة مِياه البحرِ هُو بكاء الأسماكِ على مقتلِ الحسين.! 📚|[بحر الأنوار(ص: ١٢٥)]",1.0,0.9452780600047176,True,1.0,0.9817593533349059
67,ar,اقسم بالله تعبتنا ياميسي يلعن امك ما اقواك ياخي 💙 💙,اقسم بالله تعبتنا ياميسي ما اقواك ياخي 💙 💙,اقسم بالله تعبتنا ياميسي ما اقواك ياخي 💙 💙,0.96524704,1.0,False,1.0,0.9884156783421835
68,ar,البنات الي يقولون الولد خروف ترا الخروف مايلحق إلا التبن فهمتي ياهبلة منك ليها😏🤭 حلفت ماحد يشكرني ياعيال😌,البنات الي يقولون الولد خروف ترا الخروف مايلحق إلا التبن فهمتي منك ليها😏🤭 حلفت ماحد يشكرني ياعيال😌,البنات الي يقولون الولد خروف ترا الخروف مايلحق إلا التبن فهمتي ياهبلة منك ليها😏🤭 حلفت ماحد يشكرني ياعيال😌,1.0000001,0.9536827845717193,True,1.0,0.984560967927003
69,ar,الدكتور بيقولي بلاش عصبية مش عارف اني بتعامل مع منايك تربية زرايب,الدكتور بيقولي بلاش عصبية مش عارف اني بتعامل مع ناس بدون تربية,الدكتور بيقولي بلاش عصبية مش عارف اني بتعامل مع منايك تربية زرايب,1.0000001,0.8058198921652402,True,1.0,0.9352733371248432
70,ar,الرجاء تضمين كل الحماقات التي يفلت منها الحزب الديموقراطي أيضاً.,الرجاء تضمين كل الأمور التي يفلت منها الحزب الديموقراطي أيضاً.,الرجاء تضمين كل الحماقات التي يفلت منها الحزب الديموقراطي أيضاً.,1.0000001,0.8662805319729671,True,1.0,0.9554268837274189
71,ar,السبب الوحيد لهذا الغباء هو أنها على أرضها الفيدرالية,السبب الوحيد الذي يسمح بحدوث هذا هو أنها أرض فيدرالية,السبب الوحيد لهذا الغباء هو أنها على أرضها الفيدرالية,1.0000002,0.4764493555038351,True,1.0,0.825483197974138
72,ar,الله يلعن ابوك قعدت اقرا قلت الولد بيسدح لهم الحين تغريدتين يجاوب,قعدت اقرا قلت الولد بيسدح لهم الحين تغريدتين يجاوب,الله يرحم ابوك قعدت اقرا قلت الولد بيسدح لهم الحين تغريدتين يجاوب,0.9688853,0.9426431746890791,False,1.0,0.9705094924109064
73,ar,الله يلعن امك حكم !!!!!!,احكم !!!!!!,الله يرحم امك حكم !!!!!!,0.9628525,0.6902498438868296,False,1.0,0.8843674406380577
74,ar,الله يلعن كس ام سخافتكم ي شراميط انفجار دمر نص بيروت سبب ضحايا و مفقودين تجون تسوون عليه نكت سافله مثلكم ؟ لكم مقا,اانفجار دمر نص بيروت سبب ضحايا و مفقودين تجون تسوون عليه نكت سافله؟ لكم مقا,الله يرحم ام سخافتكم ي انفجار دمر نص بيروت سبب ضحايا و مفقودين تجون تسوون عليه نكت سافله مثلكم ؟ لكم مقا,0.98017955,0.8761320294011685,False,1.0,0.9521038592215728
75,ar,اللهم إنا نعوذ بك من الخبث و الخبائث ما بقى غير هالاشكال تملي علينا اوامرها لعنة الله عليكم,اللهم إنا نعوذ بك من الخبث و الخبائث ما بقى غير هالاشكال تملي علينا اوامرها حسبي الله عليكم,اللهم إنا نعوذ بك من الخبث و الخبائث ما بقى غير هالاشكال تملي علينا اوامرها,0.97420526,0.8489671467815079,False,1.0,0.9410574674299769
76,ar,اللي بيقول انت ليه مركز في كلام الناس ، يلعن ابوك ، انت متعرفش حاجة شوفت الحتة دي 😂,اللي بيقول انت ليه مركز في كلام الناس ، انت متعرفش حاجة شوفت الحتة دي 😂,اللي بيقول انت ليه مركز في كلام الناس ، انت متعرفش حاجة شوفت الحتة دي 😂,0.92912734,1.0,False,1.0,0.9763757785161337
77,ar,الناخبون الأغبياء حقا هنا كيف يمكن تفسير جاستن ترودو على أنه رئيس وزراء ؟,الناخبون غير المناسبين حقا هنا كيف يمكن تفسير القاضي ترودو على أنه رئيس الوزراء؟,الناخبون الأذكياء حقا هنا كيف يمكن تفسير جاستن ترودو على أنه رئيس وزراء ؟,0.9890628,0.6093924785630457,False,1.0,0.8661517548884469
78,ar,انت لحقت درست الاتفاقيه وقست حق مصر اد ايه ولا قردوغان عيطلك . خليك فى حالك.,انت لحقت درست الاتفاقيه وقست حق مصر اد ايه ولا أردوغان عيطلك . خليك فى حالك.,انت لحقت درست الاتفاقيه وقست حق مصر اد ايه ولا أردوغان عيطلك . خليك فى حالك,0.927652,0.9862661206706254,False,1.0,0.9713060406838485
79,ar,انها وعاء من الروث، وأنت تعرف ذلك .,هذا لا معنى له، كما تعلمون,انها وعاء من الروث، وأنت تعرف ذلك .,1.0,0.1346243418758398,True,1.0,0.7115414472919466
80,ar,اول مرة اشوف قمر على هيئة بشر 🤦 🏻‍♂️ ❤ ️,اول مرة اشوف قمر على هيئة بشر,اول مرة اشوف قمر على هيئة بشر 🤦 🏻 ♂️ ❤ ️,0.99904335,0.9444176848998377,False,1.0,0.9811536767837309
81,ar,بس اذا كان زنجي لا تزوجه القبائل لعدم تكافوء النسب,بس اذا كان إفريقي لا تزوجه القبائل لعدم تكافوء النسب,بس اذا كان رجل لا تزوجه القبائل لعدم تكافوء النسب,0.9144984,0.8037354360256771,False,1.0,0.9060779415976398
82,ar,بعض الروائح النتنة لا يمكن التخلص منها .,بعض الروائح لا يمكن التخلص منها .,بعض الروائح النتنة لا يمكن التخلص منها.,1.0,0.8509693290735502,False,1.0,0.9503231096911834
83,ar,بعيدا عن التنمر والتشمت لاكن شفت البيتموجي حق افنان وكانت دبة !! شلون تجي تتكلم ع الرشيقة هذاي😅,بعيدا عن التنمر والتشمت لاكن شفت البيتموجي حق افنان وكانت سمينة!! شلون تجي تتكلم ع الرشيقة هذاي😅,بعيدا عن التنمر والتشمت لاكن شفت البيتموجي حق افنان وكانت دبة !! شلون تجي تتكلم ع الرشيقة هذاي😅,1.0,0.920352093749925,True,1.0,0.9734506979166416
84,ar,تدخل تبغي تشوف كلام الناس وكيف بكو من الفرحه والمواقف تشوف فواتير وشحاذه ونصب الا لعنة الله عليكم,تدخل تبغي تشوف كلام الناس وكيف بكو من الفرحه والمواقف تشوف فواتير وشحاذه ونصب,تدخل تبغي تشوف كلام الناس وكيف بكو من الفرحه والمواقف تشوف فواتير وشحاذه ونصب,0.9341805,1.0,False,1.0,0.9780601660410563
85,ar,جالس انتظر بلوبي لي ٤ دقايق احتري الناس يدخلون عشان يبدا الماتش ، اخر واحد دخل كان هاك ومعطيه بلوك :) ، يلعن امك من…,جالس انتظر بلوبي لي ٤ دقايق احتري الناس يدخلون عشان يبدا الماتش ، اخر واحد دخل كان هاك ومعطيه بلوك :) ، …,جالس انتظر بلوبي لي ٤ دقايق احتري الناس يدخلون عشان يبدا الماتش ، اخر واحد دخل كان هاك ومعطيه بلوك :) ، يرحم امك من...,0.99016225,0.9612904907494323,False,1.0,0.983817581376418
86,ar,خرجناك من اسيا ودعسناكم اكثر من مرا حرمناك من اسيا وصياحكم كان طرب واخذنا من…,خرجناك من اسيا وغلبناكم اكثر من مرا حرمناك من اسيا وصياحكم كان طرب واخذنا من…,خرجناك من اسيا ودعسناكم اكثر من مرا حرمناك من اسيا وصياحكم كان ساذج واخذنا من...,0.98489785,0.7920549165192738,False,1.0,0.9256509228210813
87,ar,خلصوا الناس مالقيت الا فلسطيزي تتناقش معه 🤔,خلصوا الناس مالقيت الا فلسطيني تتناقش معه 🤔,خلصوا الناس مالقيت الا فلسطيني تتناقش معه 🤔,0.9333338,1.0,False,1.0,0.9777779380480448
88,ar,ده مجمع شراميط ده ولا ايه,ده مجمع فاشلين ده ولا ايه,ده مجمع فاشلين ده ولا ايه,0.74401784,1.0,False,1.0,0.9146726131439209
89,ar,ردوا مصريات الناس يا عكاريت وشوفوا كيف الميلاد بيصير مجيد والعام الجديد بيصير سعيد، لعنة الله عليكم وع,ردوا مصريات الناس وشوفوا كيف الميلاد بيصير مجيد والعام الجديد بيصير سعيد،,ردوا مصريات الناس وشوفوا كيف الميلاد بيصير مجيد والعام الجديد بيصير سعيد,0.9008373,0.9864981069684771,False,1.0,0.9624451363921412
90,ar,سمها الغباء النهائي.,سمها سذاجة.,سمها الغباء النهائي.,1.0,0.18761439514625627,True,1.0,0.7292047983820854
91,ar,شويه شراميط بيتحدفوا علينا يعم 😂 💔,شويه ناس بيتحدفوا علينا يعم 😂 💔,شويه بيتحدفوا علينا يعم 😂 💔,0.9418761,0.777341142949867,False,1.0,0.9064057521215437
92,ar,صباح الخير أي سلام يا جحش ؟,صباح الخير أي سلام؟,صباح الخير أي سلام ؟,0.9358573,1.0,False,1.0,0.9786190986633301
93,ar,طيب لحجيه ليش ضايفني عندك,طيب ليش ضايفني عندك,طيب ليش ضايفني عندك,0.9073229,1.0,False,1.0,0.9691076278686523
94,ar,عد إلى هنا يا كسول ياشيوعي!,عد إلى هنا يا كسول بامن تؤيد الشيوعية!,العد إلى هنا ياشيوعي!,0.84391314,0.4028157808040732,False,1.0,0.7489096395722745
95,ar,عليكم لعنة الله وغضبه وسخطه يا اعداء الله ورسوله اللهم ارينا فيهم عجائب قدرتك عاجلا غير آجل اللهم طهر,حسبي الله عليكم يا اعداء الله ورسوله اللهم ارينا فيهم عجائب قدرتك عاجلا غير آجل اللهم طهر,عليكم رحمة الله وغضبه وسخطه يا اعداء الله ورسوله اللهم ارينا فيهم عجائب قدرتك عاجلا غير آجل اللهم طهر,0.97722816,0.8561296997509217,False,1.0,0.9444526214745911
96,ar,عمكم ترامب يلي ضربه يا خولات و ليس انتم 🤣 🤣,عمكم ترامب يلي ضربه و ليس انتم 🤣 🤣,عمكم ترامب يلي ضربه و ليس انتم 🤣 🤣,0.95386934,1.0,False,1.0,0.984623114267985
97,ar,فريق غبي حتى البلنتي جاء بالغلط,فريق مبتدئ حتى البلنتي جاء بالغلط,فريق ساذج حتى البلنتي جاء بالغلط,0.92981887,0.7128550662159775,False,1.0,0.8808913116176874
98,ar,في كثير من الأحيان يريدون فقط أن يثبتوا أفعالهم الغبية,في كثير من الأحيان يريدون فقط أن يصادقوا على أفعالهم.,في كثير من الأحيان يريدون فقط أن يثبتوا أفعالهم الغبية,1.0,0.712190207131929,True,1.0,0.9040634023773096
99,ar,كس امكم مافيه احد يجاوبني,مافيه احد يجاوبني,مافيه احد يجاوبني,0.7472707,1.0,False,1.0,0.915756901105245
100,ar,كلهم اولاد قحبه تكالبو على فلسطين والاسلام بشكل خاص,كلهم تكالبو على فلسطين والاسلام بشكل خاص,كلهم اولاد قحبه تكالبو على فلسطين والاسلام بشكل خاص,0.9999999,0.8733221365794978,True,1.0,0.9577740057900694
101,ar,كلي خرا شراميط ما بيستردوا شي حتى شرفهم,اسكتي ما بيستردوا شي حتى شرفهم,كلي ما بيستردوا شي حتى شرفهم,0.87382036,0.8429033856167234,False,1.0,0.9055745833639911
102,ar,ليه انت ما عندك حمام؟ او بعدك بتعملها تحت الشجرة وبتمسح بالحجرة؟! لما قلت عنك غبي عنجد ما غل…,ليه انت ما عندك حمام؟ او بعدك بتعملها تحت الشجرة وبتمسح بالحجرة؟! لما قلت عنك ساذج عنجد ما غل…,ليه انت ما عندك حمام؟ او بعدك بتعملها تحت الشجرة وبتمسح بالحجرة؟! لما قلت عنك عنجد ما غل...,0.9923094,0.9022734328849318,False,1.0,0.9648609414611657
103,ar,ما حدا احسن من حدا كلهن منايك وولاد قحبة 🙏,ما حدا احسن من حدا 🙏,ما حدا احسن من حدا كلهن منايك وولاد قحبة 🙏,1.0,0.7211142268074113,True,1.0,0.9070380756024704
104,ar,متخلف ذا يحب يثير الجدل على ولا شي,غير مدرك ذا يحب يثير الجدل على ولا شي,ذا يحب يثير الجدل على ولا شي,0.8874048,0.775906785272201,False,1.0,0.887770528244522
105,ar,مدري مين جاب سيرة اليهود. يمكن لأنك غبي تعتقد إني تكلمت عن اليهود. ويمك…,مدري مين جاب سيرة اليهود. يمكن تعتقد إني تكلمت عن اليهود. ويمك…,مدري مين جاب سيرة اليهود. يمكن لأنك تعتقد إني تكلمت عن اليهود. ويمك...,0.97580206,0.9060576841122854,False,1.0,0.9606199160180804
106,ar,مرة أخرى، المزيد من الألعاب الليبرالية الغبية.,مرة أخرى، المزيد من الألعاب الليبرالية السخيفة.,مرة أخرى، المزيد من الألعاب الليبرالية الغبية.,1.0000001,0.8647045235916018,True,1.0,0.9549015476002971
107,ar,مش باقي خسارة، مش باقي حداد بقا، غضب الناس رح يفترسكم يا شراميط,مش باقي خسارة، مش باقي حداد بقا، غضب الناس رح يفترسكم,مش باقي خسارة، مش باقي حداد بقا، غضب الناس رح يفترسكم,0.9827789,1.0,False,1.0,0.9942596356074015
108,ar,مفش منه كلام هذا ياما قلنا شكلك دبه ومصرش شي يصير بلوك بعدها,مفش منه كلام هذا ياما قلنا شكلك سمينة ومصرش شي يصير بلوك بعدها,مفش منه كلام هذا ياما قلنا شكلك سمينة ومصرش شي يصير بلوك بعدها,0.94844645,1.0,False,1.0,0.9828154842058817
109,ar,من قال لك ايها المغفل ان الصحراويين لا يشبهوننا، من اين اتى المرابطون؟؟ الصحراء كانت ارضا خ…,من قال لك ايها الرجل ان الصحراويين لا يشبهوننا، من اين اتى المرابطون؟؟ الصحراء كانت ارضا خ…,من قال لك ايها المغفل ان الصحراويين لا يشبهوننا، من اين اتى المرابطون؟؟ الصحراء كانت ارضا خ...,0.99779093,0.9159608688656755,False,1.0,0.9712506005070033
110,ar,نهني الأطفال والابرياء على مقتل هالمجرم الخسيس كفو يا ترامب 💪,نهني الأطفال والابرياء على مقتل هالمجرم كفو يا ترامب 💪,نهني الأطفال والابرياء على مقتل هالمجرم كفو يا ترامب 💪,0.9789429,1.0,False,1.0,0.99298095703125
111,ar,هده الاخبار نشرا البارح كاتعاودو تنشروها لعنة الله عليكم,هده الاخبار نشرا البارح كاتعاودو تنشروها,هده الاخبار نشرا البارح كاتعاودو تنشروها,0.7831958,1.0,False,1.0,0.9277319312095642
112,ar,هذا أطول مني ب ٤٦ سنتمتر وأنا أشوف اللي أقصر مني ب ١٠ سنتمتر قزم أجل هذا وش يشوفني🙄,هذا أطول مني ب ٤٦ سنتمتر وأنا أشوف اللي أقصر مني ب ١٠ سنتمتر قصير أجل هذا وش يشوفني🙄,هذا أطول مني ب ٤٦ سنتمتر وأنا أشوف اللي أقصر مني ب ١٠ سنتمتر قزم أجل هذا وش يشوفني🙄,1.0000001,0.9154818934434928,True,1.0,0.9718273375509274
113,ar,هذا ما يحدث عندما يرسل الحمقى صبيا ليقوم بعمل الرجال,هذا ما يحدث عندما ترسل فتى ليقوم بعمل رجل,هذا ما يحدث عندما يرسل الشخص صبيا ليقوم بعمل الرجال,0.9409598,0.6118624864773226,False,1.0,0.850940765895985
114,ar,هل كان الخطأ لترامب أن جون بوديستا كان غبيًا بما فيه الكفاية ليفتح رسالة تصيد الكتروني؟,هل كان الخطأ لترامب أن جون بوديستا كان ساذجا بما فيه الكفاية ليفتح رسالة تصيد الكتروني؟,هل كان الخطأ لترامب أن جون بوديستا كان غير ذكيًا بما فيه الكفاية ليفتح رسالة تصيد الكتروني؟,0.9729296,0.9003576273065954,False,1.0,0.9577624080691786
115,ar,ههههه ٧٠سنه والاموال والتسليح يرسل لحكومة فلس وياسر عرفات يرفض اي صلح لحتى ماقال له حسني مبارك وقع يا…,ههههه ٧٠سنه والاموال والتسليح يرسل لحكومة فلسطين وياسر عرفات يرفض اي صلح لحتى ماقال له حسني مبارك وقع يا…,ههههه ٧٠سنه والاموال والتسليح يرسل لحكومة فلس وياسر عرفات يرفض اي صلح لحتى ماقال له حسني مبارك وقع يا...,0.99602145,0.9248255036781943,False,1.0,0.9736156510813606
116,ar,هو الاسماعيلى ده فريق متخلف يعنى ولا ايه يعنى ماهو عادى لو المصرى راح الماتش وعداكم كلكم ما تولعوا يعنى ماهو خايف ع…,هو الاسماعيلى ده فريق مبتدئ يعنى ولا ايه يعنى ماهو عادى لو المصرى راح الماتش وعداكم كلكم ما تولعوا يعنى ماهو خايف ع…,هو الاسماعيلى ده فريق غير مدروس يعنى ولا ايه يعنى ماهو عادى لو المصرى راح الماتش وعداكم كلكم ما تولعوا يعنى ماهو خايف ع...,0.94518965,0.9004300959466669,False,1.0,0.9485399169245948
117,ar,والواحد بعترض ليه وهو مبسوط من شراميط عيلته,والواحد بعترض ليه وهو مبسوط من فاشلين عيلته,والواحد بعترض ليه وهو مبسوط من شرميط عيلته,0.9901581,0.7567611408919884,False,1.0,0.915639740648892
118,ar,وقفي صياح لا ادعس على رقبتك,وقفي صياح لا أزعل منك,وقفي صياح لا ادعس على رقبتك,1.0,0.5151416813536627,True,1.0,0.8383805604512209
119,ar,يا بقرة واحنا فين رحنا؟,واحنا وين رحنا؟,احنا فين رحنا؟,0.6876005,0.5629810599006225,False,1.0,0.7501938511105712
120,de,#HETZERIN 💩@USER_0💩 ⛔ #GEBLOCKT ! ⛔ WEG ist diese KRANKE deutschen - feindliche Person ! ⚠,#HETZERIN @USER_0 ⛔ #GEBLOCKT ! ⛔ WEG ist diese deutschen - feindliche Person ! ⚠,#HETZERIN 💩@USER_0💩 ⛔ #GEBLOCKT ! ⛔ WEG ist diese Person Deutschen - feindliche Person ! ⚠,0.9722171,0.8450953435444306,False,1.0,0.9391041421739086
121,de,"@USER_0de @USER_0 Bald seid ihr alle hier ""Entsorgt""!",@USER_0de @USER_0 Bald seid ihr alle hier weg!,"@USER_0de @USER_0 Bald seid ihr alle hier ""Entsorgt""!",1.0,0.8654891028765013,True,1.0,0.9551630342921671
122,de,"@USER_13 @USER_15 @USER_9 @USER_3 @USER_4 @USER_7 @USER_1 @USER_14 @USER_6 @USER_12 @USER_5 @USER_10 @USER_11 Ne, das gibts nicht, ist der Vollpfosten immer noch da???","@USER_13 @USER_15 @USER_9 @USER_3 @USER_4 @USER_7 @USER_1 @USER_14 @USER_6 @USER_12 @USER_5 @USER_10 @USER_11 Ne, das gibts nicht, ist der Typ immer noch da???","@USER_13 @USER_15 @USER_9 @USER_3 @USER_4 @USER_7 @USER_1 @USER_14 @USER_6 @USER_12 @USER_5 @USER_10 @USER_11 Ne, das gibts nicht, ist der Vollpfosten immer noch da???",1.0,0.9488693376653579,True,1.0,0.9829564458884527
123,de,AUF DAS DER FUROR TEUTONICUS ERWACHT !zurhöllemitmerkel !,AUF DAS DER FUROR TEUTONICUS ERWACHT !wegmitmerkel !,AUF DAS DER FUROR TEUTONICUS ERWACHT !zurhöllemitmerkel !,1.0,0.8524240725813751,True,1.0,0.9508080241937917
124,de,An alle Pferde Hunde Katzen Kühe usw....ihr seid voll im Arsch...!,An alle Pferde Hunde Katzen Kühe usw....ihr seid voll in der Klemme...!,An alle Pferde Hunde Katzen Kühe usw....ihr seid voll im Arsch...!,1.0,0.8012608996828674,True,1.0,0.9337536332276225
125,de,"Auf zdf info die übliche Trump-Hetze, fehlt heute nur noch die Hetze gegen die DDR u. Russland > Dr. Goebbels lässt wieder grüßen 😜","Auf zdf info die übliche Trump-Kritik, fehlt heute nur noch die Propaganda gegen die DDR u. Russland > Dr. Goebbels lässt wieder grüßen 😜","Auf zdf info die übliche Trump-Hetze, fehlt heute nur noch die Hetze gegen die DDR u. Russland > Dr. Goebbels lässt wieder grüßen 😜",1.0,0.8214444845277762,True,1.0,0.940481494842592
126,de,"Behörden WARTEN auf mehrere Morde, von diesem Abschaum!","Behörden WARTEN auf mehrere Morde, von diesen Leuten!","Behörden WARTEN auf mehrere Morde, von diesem Abschaum!",1.0000001,0.8155500054429506,True,1.0,0.9385167082174134
127,de,"Da erkennt man, mit was für jämmerlichen Deppen die abgefuckte SPD aus Machtgeilheit 4 Jahre das Volk verraten und verkauft hat !!!","Da erkennt man, mit was für Leuten die SPD aus Machtgeilheit 4 Jahre das Volk verraten und verkauft hat !!!","Da erkennt man, mit was für uninformierten Menschen die abgefuckte SPD aus Machtgeilheit 4 Jahre das Volk verraten und verkauft hat !!!",0.9519198,0.8609192580224909,False,1.0,0.9376130173683775
128,de,"Da wird mal wieder stark Übertrieben, es werden paar hundert wenn es hoch kommt teilnehmen!. Natürlich wird die Lügenpresse was anderes sagen","Da wird mal wieder stark Übertrieben, es werden paar hundert wenn es hoch kommt teilnehmen!. Natürlich wird die Presse was anderes sagen","Da wird mal wieder stark Übertrieben, es werden paar hundert wenn es hoch kommt teilnehmen!. Natürlich wird die Presse was anderes sagen",0.9763243,1.0,False,1.0,0.9921081066131592
129,de,"Das Pflaster müsste über sein dummes Maul reichen,😷","Das Pflaster müsste über seinen Mund reichen,😷","Das Pflaster müsste über seinen Mund reichen,😷",0.79975075,1.0,False,1.0,0.9332502484321594
130,de,"Das sind doch überwiegend junge Männer, die uns überrennen wollen.. Die illegalen Invasoren brauchen Arbeit - in Arbeitslagern - fair.","Das sind doch überwiegend junge Männer, die zu uns kommen wollen.. Die Einwanderer ohne Papiere brauchen Arbeit.","Das sind doch überwiegend junge Männer, die uns überrennen wollen.. Die illegalen Invasoren brauchen Arbeit - in Arbeitslagern - fair.",1.0,0.6285332312650824,True,1.0,0.8761777437550275
131,de,Das wird nie aufhören...die fucking Gutmenschen würden ihr eigenes opfern um diesen Völkerwahn aufrechtzuerhalten,Das wird nie aufhören...die Gutmenschen würden ihr eigenes opfern um diesen Völkerwahn aufrechtzuerhalten,Das wird nie aufhören...die Gutmenschen würden ihr eigenes opfern um diesen Völkerwahn aufrechtzuerhalten,0.9754807,1.0,False,1.0,0.9918268918991089
132,de,Der Hank geht mir dermaßen auf die Eier.,Der Hank geht mir dermaßen auf die Nerven.,Der Hank geht mir dermaßen auf die Nerven.,0.8769245,1.0,False,1.0,0.9589748382568359
133,de,Die 42. Volksverarsche fürs dumm Wahl-„Volk“,Die 42. Irreführung fürs Wahl-„Volk“,Die 42. Volksverarsche fürs dumm Wahl-„Volk“,1.0,0.4703018407889465,True,1.0,0.8234339469296489
134,de,Die Pisser wollten schon immer unsere Länderein um jeden Preis und jetzt haben sie die Bruder .....,Die wollten schon immer unsere Länderein um jeden Preis und jetzt haben sie die Bruder .....,Die Pisser wollten schon immer unsere Länderein um jeden Preis und jetzt haben sie die Bruder .....,1.0,0.9573889182221084,True,1.0,0.9857963060740361
135,de,Die Welt von #Maas und #Merkel. Im Internet gibt’s Sperrung wenn nicht Staatsmeinung vertreten wird. In Hamburg gibts Schläge auf den Kopf,Die Welt von #Maas und #Merkel. Im Internet gibt’s Sperrung wenn nicht Staatsmeinung vertreten wird. In Hamburg kommt es zu Konflikten,Die Welt von #Maas und #Merkel. Im Internet gibt’s Sperrung wenn nicht Staatsmeinung vertreten wird. In Hamburg gibts Quatsch,0.9937131,0.8475078114093044,False,1.0,0.9470736307641102
136,de,"Die meisten Schiffbrüchigen sind doch keine Flüchtlinge, sondern. rücksichtslose Invasoren. Wann begreift Ihr politischen Hohlköpfe das?","Die meisten Schiffbrüchigen sind doch keine Flüchtlinge, sondern. rücksichtslose Einwanderer. Wann begreift Ihr Politiker das?","Die meisten Schiffbrüchigen sind doch keine Flüchtlinge, sondern. rücksichtslose Invasoren. Wann begreift Ihr politischen Köpfe das?",0.9942224,0.7999184380457599,False,1.0,0.9313802802061306
137,de,Die wievielte Generation Türken scheint hier auf der Straße zu sein ca.die 4te das Wespen Nest,Die wievielte Generation Türken scheint hier auf der Straße zu sein ca.die 4te,Die wievielte Generation Türken scheint hier auf der Straße zu sein ca.die 4te das Tier,0.94202113,0.9784145855593497,False,1.0,0.9734785723582843
138,de,"Diese Migrantenkrieg der Schmarotzergegen Deutschland, ist schon in Vorbereitung!","Diese Migrantenkrieg der Einwanderer gegen Deutschland, ist schon in Vorbereitung!","Diese Migrantenkrieg gegen Deutschland, ist schon in Vorbereitung!",0.91543305,0.7968746308759355,False,1.0,0.9041025600259669
139,de,"Dummes Gelaber, Kern. Kurz stellt sich nicht gegen die Italiener. Er. will nur 200.000 Invasoren nicht nach Österreich einreisen lassen.","Unsinnige Aussage, Kern. Kurz stellt sich nicht gegen die Italiener. Er. will nur 200.000 Einwanderer nicht nach Österreich einreisen lassen.",Kern. Kurz stellt sich nicht gegen die Italiener. Er. will nur 200.000 Invasoren nicht nach Österreich einreisen lassen.,0.94247735,0.7817020185009629,False,1.0,0.9080597879891922
140,de,Eben ein Beisp. mehr für die kranken Hirne von Politikern. Dieser geistige Schwachsinn auch unserer Politiker wird sich leider bitter rächen,Eben ein Beisp. mehr für die Gedankenwelt von Politikern. Diese Denkweise auch unserer Politiker wird sich leider bitter rächen,Eben ein Beisp. mehr für die kranken Hirne von Politikern. Dieser geistige Schwachsinn auch unserer Politiker wird sich leider bitter rächen,1.0,0.7808107762471471,True,1.0,0.9269369254157157
141,de,"Facebook ist verkommen zu einem Medium, dass nur noch die Darmbewohner der abgefuckten Altparteien und die sogenannte Religion der Steinzeitzombies vertritt.","Facebook ist verkommen zu einem Medium, dass nur noch die Mitglieder der Altparteien und eine bestimmte Religion  vertritt.","Facebook ist verkommen zu einem Medium, dass nur noch die Darmbewohner der abgefuckten Altparteien und die sogenannte Religion der Steinzeitzombies vertritt.",1.0,0.7159506078942787,True,1.0,0.905316869298093
142,de,"Frauen u Christen bekommen Extraunterkünfte, um sie vor den #Asylanten zu schützen.U wer schützt die Deutschen wenn die rausgekommen?","Frauen u Christen bekommen Extraunterkünfte, um sie vor den #Asylbewerbern zu schützen.U wer schützt die Deutschen wenn die rausgekommen?","Frauen u Christen bekommen Extraunterkünfte, um sie vor den #Asylbewerber zu schützen.U wer schützt die Deutschen wenn die rausgekommen?",0.9955629,0.9714032693762584,False,1.0,0.9889887268032963
143,de,"Habe einige Male für ihn dolmetschen müssen - frag` mich besser nicht. Und wenn er Merkel sieht, kriegt er `nen Stän*** 😜","Habe einige Male für ihn dolmetschen müssen - fragmich besser nicht. Und wenn er Merkel sieht, freut er sich","Habe einige Male für ihn dolmetschen müssen - frag` mich besser nicht. Und wenn er Merkel sieht, kriegt er `nen Stän*** 😜",1.0,0.842773198152773,True,1.0,0.9475910660509244
144,de,Haben wir bei der Schwuchtel auch schon vermutet....,Haben wir bei dem Typ auch schon vermutet....,Haben wir bei der Frau auch schon vermutet....,0.8228665,0.809596348333683,False,1.0,0.8774876159192212
145,de,"Helmut Schmidt hatte allein mehr Verstand, als die gesamte Berliner Muschpoke zusammen 😜","Helmut Schmidt hatte allein mehr Verstand, als die gesamte Berliner Bevölkerung zusammen 😜","Helmut Schmidt hatte allein mehr Verstand, als die gesamte Berliner Gruppe zusammen 😜",0.9725948,0.8402873557322758,False,1.0,0.9376273844478374
146,de,Hier sind schon ein paar richtig dumme Menschen unterwegs..... Gegen wenn oder was habt ihr eigentlich vor der AfD gehetzt und gestänkert?. Ich pubertierende Pickelplantagen...,Hier sind schon ein paar richtig naive Menschen unterwegs..... Gegen wenn oder was habt ihr eigentlich vor der AfD gehetzt und gestänkert?.,Hier sind schon ein paar richtig schlaue Menschen unterwegs..... Gegen wenn oder was habt ihr eigentlich vor der AfD gehetzt und gestänkert?. Ich pubertierende Menschen...,0.96041715,0.9024203334608677,False,1.0,0.9542791616373262
147,de,Ich lass mir mein Land nicht von einer Horde Nafris und Antifaschisten nehmen deswegen bin ich #AFD wähler,Ich lass mir mein Land nicht von Norfafrikanern und Antifaschisten nehmen deswegen bin ich #AFD wähler,Ich lass mir mein Land nicht von einer Horde Nafris und Antifaschisten nehmen deswegen bin ich #AFD wähler,1.0000001,0.8389297963786605,True,1.0,0.9463099718626501
148,de,Ich schäme mich in solchem Verbrecherstaat mit deutschfeindlichen Ganoven-Richtern und korrupten Politikern zu leben!,Ich schäme mich in solchem Staat mit ungerechten Richtern und bestechlichen Politikern zu leben!,Ich schäme mich in solchem Verbrecherstaat mit deutschfeindlichen Kriminellen und korrupten Politikern zu leben!,0.9548745,0.6141514236903801,False,1.0,0.8563419797412758
149,de,Irgendwie beruhigend das es woanders noch schwachsinnigere Politik gibt als bei den deutschen...,Irgendwie beruhigend das es woanders noch unverständlichere Politik gibt als bei den deutschen...,Irgendwie beruhigend das es woanders noch schwachsinnigere Politik gibt als bei den deutschen...,1.0,0.8152091471836677,True,1.0,0.9384030490612226
150,de,"Ja @USER_0? Pst, auch für dich nochmals, die Grenzen waren seit dem Schengen Abkommen offen, also was willst du bezwecken mit Staatsgrenzen schützen Gebrabbel?","Ja @USER_0? Pst, auch für dich nochmals, die Grenzen waren seit dem Schengen Abkommen offen, also was willst du bezwecken mit Staatsgrenzen schützen Gerede??","Ja @USER_0? Pst, auch für dich nochmals, die Grenzen waren seit dem Schengen Abkommen offen, also was willst du bezwecken mit Staatsgrenzen schützen?",0.9919186,0.950518039726437,False,1.0,0.9808122210579517
151,de,"Keine Unterhaltung, liebe Poetin, eher billige Wahlwerbung, weich klopfen der Wahlschafshirne 😜","Keine Unterhaltung, liebe Poetin, eher billige Wahlwerbung, weich klopfen die Wähler 😜","Keine Unterhaltung, liebe Poetin, eher billige Wahlwerbung, weich klopfen der Wahlschafshirne 😜",1.0,0.876326155473731,True,1.0,0.9587753851579103
152,de,Klar doch . Die Schlimmsten im Lande sind die Rechten.die Moslems aber die Bedaerungswürdigen denen um JEDEN Preis geholfen werden muß.💩💩💩💩,Klar doch . Die Schlimmsten im Lande sind die Rechten.die Moslems aber die Bedaerungswürdigen denen um JEDEN Preis geholfen werden muß.,Klar doch . Die Schlimmsten im Lande sind die Rechten.die Moslems aber die Bedaerungswürdigen denen um JEDEN Preis geholfen werden muß.💩💩💩💩,1.0,0.9929375389062742,True,1.0,0.9976458463020914
153,de,Kurz lasst dich nicht von der Trulla aufs Glatteis führen!,Kurz lasst dich nicht von der Frau aufs Glatteis führen!,Kurz lasst dich nicht von der Trulla aufs Glatteis führen!,1.0,0.8552008020871795,True,1.0,0.9517336006957265
154,de,Martin Schulz ist 2x sitzen geblieben und hat keinen Schulabschluss.. Wie kann denn so ein Nulltipper als Kanzlerkandidat aufgestellt werden?,Martin Schulz ist 2x sitzen geblieben und hat keinen Schulabschluss.. Wie kann denn so eie Person als Kanzlerkandidat aufgestellt werden?,Martin Schulz ist 2x sitzen geblieben und hat keinen Schulabschluss.. Wie kann denn so ein Typ als Kanzlerkandidat aufgestellt werden?,0.9859562,0.923722881199917,False,1.0,0.9698930244055063
155,de,"Mensch, Kauder müsste sich doch bepissen vor lachen, wenn er über diese Lüge nachdenkt 😂😂😂","Mensch, Kauder müsste sich doch kaum halten können vor lachen, wenn er über diese Lüge nachdenkt 😂😂😂","Mensch, Kauder müsste sich doch gefallen vor lachen, wenn er über diese Lüge nachdenkt 😂😂😂",0.990293,0.8210905060101006,False,1.0,0.9371278439935198
156,de,"Merkel schaffte es, sich bis an die Seite der FDJ-Führung der DDR zu schleimen, um diese später zu verraten. Heute macht sie es auch so 😜","Merkel schaffte es, sich bis an die Seite der FDJ-Führung der DDR zu schmeicheln, um sich später abzuwenden. Heute macht sie es auch so 😜","Merkel schaffte es, sich bis an die Seite der FDJ-Führung der DDR zu schleimen, um diese später zu verraten. Heute macht sie es auch so 😜",1.0000001,0.7875130442619639,True,1.0,0.9291710544904178
157,de,"Mimimi ,,, und was machen unsere politisch-korrekten #safespace-Krieger dann im Ernstfall? Sich in die Hosen sch...?","Mimimi ,,, und was machen unsere politisch-korrekten #safespace-Krieger dann im Ernstfall? Angst bekommen?","Mimimi ,,, und was machen unsere politisch-korrekten #safespace-Krieger dann im Ernstfall? Sich in die Hosen sch...?",1.0,0.8481693005119417,True,1.0,0.949389766837314
158,de,"Mit Schulz kämen wir von der Pest (Merkel) zur Cholera (Schulz)! CDU uns SPD zusammen haben, unseren jetzigen Untergang zu verantworten!","Mit Schulz kämen wir vom einen Übel (Merkel) zum anderen Übel (Schulz)! CDU uns SPD zusammen haben, unseren jetzigen Untergang zu verantworten!","Mit Schulz kämen wir von der Pest (Merkel) zur Cholera (Schulz)! CDU uns SPD zusammen haben, unseren jetzigen Untergang zu verantworten!",1.0,0.8008798447203475,True,1.0,0.9336266149067826
159,de,Nazi Lügenpresse und Merkel Vasallen hetzen weiter gegen Trump!!,Presse und Merkel Unterstützer hetzen weiter gegen Trump!!,Nazi Presse und Merkel Unterstützer sind weiter gegen Trump!!,0.91077745,0.8230364621966589,False,1.0,0.911271303934836
160,de,"Prostituierte kann sich nicht mal ein Hartz IV leisten, Asylanten sucht euch Wichsvorlageni n Pornos!",Prostituierte kann sich nicht mal ein Hartz IV leisten,"Prostituierte kann sich nicht mal ein Hartz IV leisten, Asylbewerber sucht euch Unterstützern!",0.9421885,0.8578852936317696,False,1.0,0.9333579316632673
161,de,"Schickt unsere Verdeidigungsministerin als Stangengirl zur Truppenbetreuung an die Front ,aber selbst dort wird sie Versagen.Eine Verteidigungsministerin ist Ein Hohn an die Truppe.Rommel wache auf!","Schickt unsere Verdeidigungsministerin zur Truppenbetreuung an die Front ,aber selbst dort wird sie Versagen.Eine Verteidigungsministerin ist Ein Hohn an die Truppe.Rommel wache auf!","Schickt unsere Verdeidigungsministerin als Frau zur Truppenbetreuung an die Front ,aber selbst dort wird sie Versagen.Eine Verteidigungsministerin ist Ein Typ an die Truppe.Rommel wache auf!",0.9644135,0.9365290746361374,False,1.0,0.9669808661033829
162,de,"Sehe mir den Film an da ich ein dickes Fell habe. Aber eines ist Fakt. Wäre der Deutsche Islamisten, mein Kind würde ich ihn eigenhändig erschlagen.","Sehe mir den Film an da ich ein dickes Fell habe. Aber eines ist Fakt. Wäre der Deutsche Islamisten, mein Kind würde ich mich eigenhändig darum kümmern.","Sehe mir den Film an da ich ein dickes Fell habe. Aber eines ist Fakt. Wäre der Deutsche Islamisten, mein Kind würde ich ihn eigenhändig erschlagen.",1.0,0.8606455166894197,True,1.0,0.9535485055631399
163,de,So ein Schwein sitzt noch da oben? Pfui Teufel!,So einer sitzt noch da oben? Oh je!,So ein Schwein sitzt noch da oben? Pfui!,0.98899174,0.6151869050627936,False,1.0,0.8680595474761721
164,de,"Solange bei Politikern der Dünnschiss aus der Fresse kommt, wird sich nichts ändern. Es stinkt weiter !!!","Solange die Politiker Quatsch erzählen, wird sich nichts ändern.","Solange bei Politikern der Quatsch aus der Fresse kommt, wird sich nichts ändern. Es stinkt weiter !!!",0.9508227,0.6325189904679817,False,1.0,0.8611139004862958
165,de,Sry aber Preetz hat nicht viel beizutragen. Er MUSS der Politik in den Hintern kriechen damit sein Verein Zuschauer ins Stadion bekommt. Er ist abhängig von der Politik.,"Entschuldigung, aber Preetz scheint nicht viel beizutragen. Er ist auf gute Beziehungen zur Politik angewiesen, um sicherzustellen, dass sein Verein Zuschauer ins Stadion bekommt. Er ist abhängig von der Politik.",Sry aber Preetz hat nicht viel beizutragen. Er MUSS der Politik in den Hintern kriechen damit sein Verein Zuschauer ins Stadion bekommt. Er ist abhängig von der Politik.,1.0,0.5941033207124846,True,1.0,0.8647011069041616
166,de,"Stimmt, die BRD geht mir auch am ARSCH vorbei. DEUTSCHLAND gillt es gegen POLITVERBRECHER,wie Merkel,Schulz,u.MAAS zu schützen !!","Stimmt, die BRD ist mir auch egal. DEUTSCHLAND gillt es gegen Personen,wie Merkel,Schulz,u.MAAS zu schützen !!","Stimmt, die BRD geht mir auch am ARSCH vorbei. DEUTSCHLAND gillt es gegen Politiker,wie Merkel,Schulz,u.MAAS zu schützen !!",0.98680055,0.7764065521847623,False,1.0,0.9210690345330841
167,de,"UND DER DUSSELIGE GAUCK DENKT ER WÄRE WIEDER IN DER DDR UND LÄßT SICH HONECKERmäßig ALIMENTIEREN, GUTEN MORGEN-DEUTSCHLAND-??","UND DER GAUCK DENKT ER WÄRE WIEDER IN DER DDR UND LÄßT SICH HONECKERmäßig ALIMENTIEREN, GUTEN MORGEN-DEUTSCHLAND-??","UND DER GAUCK DENKT ER WÄRE WIEDER IN DER DDR UND LÄßT SICH HONECKERmäßig ALIMENTIEREN, GUTEN MORGEN-DEUTSCHLAND-??",0.98418,1.0,False,1.0,0.9947266578674316
168,de,"Wenn die Hälfte der Moslime den Handschlag verweigert, hilft nur. ein Tritt in den Arsch, der sie zurückschickt nach Afrika.","Wenn die Hälfte der Moslime den Handschlag verweigert, hilft nur. jemand, der sie zurückschickt nach Afrika.","Wenn die Hälfte der Moslime den Handschlag verweigert, hilft nur. ein Tritt in den Arsch, der sie zurückschickt nach Afrika.",1.0000001,0.8892990889167879,True,1.0,0.9630997360420258
169,de,auch heute wieder nur drittklassige #Laiendarsteller in einem extrem beschissenen #Tatort #ARD,auch heute wieder nur drittklassige #Laiendarsteller in einem schlechten #Tatort #ARD,auch heute wieder nur drittklassige #Laiendarsteller in einem extrem schissenen #Tatort #ARD,0.99467695,0.8718117299443516,False,1.0,0.9554962258460136
170,de,dieser Holtmann scheint ein Grüner-Bastard zu sein! #BerichtAusBerlin,dieser Holtmann scheint ein Grüner-Anhänger zu sein! #BerichtAusBerlin,dieser Holtmann scheint ein Grüner zu sein! #BerichtAusBerlin,0.9501132,0.8596534604737697,False,1.0,0.9365888792577564
171,de,"gibts diese Woche einen Wettbewerb zwischen #maischberger und #lanz, wer die Gast*in mit der hässlichten Fresse hat?","gibts diese Woche einen Wettbewerb zwischen #maischberger und #lanz, wer die Gast*in mit dem auffälligsten Gesichthat?","gibts diese Woche einen Wettbewerb zwischen #maischberger und #lanz, wer die Gast*in mit der hässlichten Fresse hat?",1.0,0.8081885783887774,True,1.0,0.9360628594629258
172,de,idiotischer Kommentar. Aufm Supermannheft gepennt?,schlechter Kommentar. Aufm Supermannheft gepennt?,Idioischer Kommentar. Aufm Supermannheft gepennt?,0.96572375,0.8340227355258553,False,1.0,0.9332488295004397
173,de,schlimmer sind jene Fanatiker die Islamisten hofieren. Jung als Nazi zu bezeichnen ist unendlich dumm!!,schlimmer sind jene Fanatiker die Islamisten hofieren. Jung als Nazi zu bezeichnen ist naiv!!,schlimmer sind jene Fanatiker die Islamisten hofieren. Jung als Nazi zu bezeichnen ist unendlich naiv!!,0.99584126,0.9452870304274085,False,1.0,0.9803760983840467
174,de,viel gefährlicher ist Oberdummzicke Sheitan Chebli,viel gefährlicher ist Sheitan Chebli,viel gefährlicher ist Sheitan Chebli,0.92706716,1.0,False,1.0,0.9756890535354614
175,de,welches Meth nimmt eigentlich @USER_0? Ihre Haut sieht ja fürchterlich aus und dann das ständige blinzeln #furchtbar #maischberger,was nimmt eigentlich @USER_0? Ihre Haut sieht ja nicht gut aus und dann das ständige blinzeln #maischberger,welches Meth nimmt eigentlich @USER_0? Ihre Haut sieht ja fürchterlich aus und dann das ständige schlinzeln #furchtbar #maischberger,0.99584,0.7736664081526169,False,1.0,0.9231688070599361
176,de,wie kann man nur derart strunzdumme Moderatoren wie bei #taff auf #ProSieben beschäftigen,wie kann man nur solche Moderatoren wie bei #taff auf #ProSieben beschäftigen,Wie kann man nur derart uninformierten Moderatoren wie bei #taff auf #ProSieben beschäftigen,0.9487555,0.8185405444493423,False,1.0,0.922432015716716
177,de,wir brauchen das scheiß #Europa nicht ich bin #Deutscher und kein Europäer #btw2017,wir brauchen das #Europa nicht ich bin #Deutscher und kein Europäer #btw2017,wir brauchen #Europa nicht ich bin #Deutscher und kein Europäer #btw2017,0.96315527,0.9200177823020141,False,1.0,0.9610576839749388
178,de,"Über 87% der Deutschen Wähler die eine Altpartei wählten, sind für mich strohdumm!!!","Über 87% der Deutschen Wähler die eine Altpartei wählten, sind für mich ungebildet!!!","Über 87% der Deutschen Wähler die eine Altpartei wählten, sind für mich egal!!!",0.9636477,0.850646422565393,False,1.0,0.9380980485877767
179,de,"😂😂😂 Phantomschmerz (fehlende Eier) und Machtgeilheit zwangen heute erneut den ""Bayern-Horsti"" ohne Vaseline  in den Ar*** der Kanzlerette 😜","😂😂😂 Phantomschmerz und Machtgier zwangen heute erneut den ""Bayern-Horsti"" sich bei der Kanzlerin einzuschmeicheln 😜","😂😂😂 Phantomschmerz (fehlende Eier) und Machtgeilheit zwangen heute erneut den ""Bayern-Horsti"" ohne Vaseline in den Ar*** der Kanzlerette 😜",1.0000001,0.6643912379957938,False,1.0,0.8881304524016945
180,en,And how can you justify a moronic 2 day block?,And how can you justify a 2 day block?,And how can you justify a 2 day block?,0.9271482,1.0,False,1.0,0.9757160743077596
181,en,Bullshit William Penn used the phrase too.,William Penn used the phrase too.,William Penn used the phrase too.,0.9576809,1.0,False,1.0,0.9858936270078024
182,en,DIGIT are you suggesting that should be enough to keep these uppity blacks satisfied ?,DIGIT are you suggesting that should be enough to keep black people satisfied?,DIGIT are you suggesting that should be enough to keep these people satisfied?,0.89602447,0.8810799813997527,False,1.0,0.925701482320222
183,en,Do you have to be such a dick to him?,Do you have to be such rude to him?,Do you have to be such a bad person to him?,0.9068357,0.712360547078286,False,1.0,0.8730654074392831
184,en,"I guess so will you if you revert again, bitch.",I guess so will you if you revert again.,I guess so will you if you revert again.,0.8589803,1.0,False,1.0,0.9529934326807658
185,en,"Oh, that was my dumbass mistake.","Oh, that was my mistake.","Oh, that was my mistake.",0.8836167,1.0,False,1.0,0.9612055619557699
186,en,Probably because NO ONE GIVES A FUCK ABOUT MISS UPTON.,Probably because no one really cares about Miss Upton.,Probably because no one cares about Miss Upton.,0.8548268,0.8255111210523519,False,1.0,0.893445976342707
187,en,STOP SENDING ME STUPID MESSAGES. I AM FIXING A MISTAKE IN THE ARTICLE.,Stop sending me messages. I am fixing a mistake in the article.,Stop SENDING ME STUPID MESSAGES. I am fiXING A MISTAKE IN THE ARTICLE.,0.9814352,0.103048441547402,False,1.0,0.6948278737525967
188,en,"Stop Vandalizing Wikipedia, jerk!",Stop Vandalizing Wikipedia!,Stop vandalizing Wikipedia!,0.9092328,0.8460530773574252,False,1.0,0.91842862419864
189,en,That's what you get for being a faggot,That's what you get for being an unpleasant person.,That's what you get for being a bad person,0.80144316,0.6732979419420692,False,1.0,0.8249137005074333
190,en,These are public computers. Don't ban uss all because a few people are retarded.,These are public computers. Don't ban uss all because a few people are retarded.,These are public computers. Don't ban uss all because a few people are retarded.,1.0,1.0,True,1.0,1.0
191,en,"WHAT A FAGGOT, I'M GLAD HE'S DEAD!!!","What a person, I'm glad that he passed away.",I'M GLAD HE'S DEAD!!!,0.76785535,0.015596209826743987,False,1.0,0.5944838520098648
192,en,What the hell are you on about?,What are you on about?,What are you on about?,0.8992309,1.0,False,1.0,0.9664102991422018
193,en,Women with masculine spirits are trash.,Women with masculine spirits are not my type.,Women with masculine spirits are not good.,0.7698268,0.8159525039285966,False,1.0,0.8619264444540127
194,en,but redditors are too busy sucking bernie s dick to care .,but redditors are too busy to care .,but redditors are too busy sucking Benny's dick to care.,0.95312953,0.793560356260669,False,1.0,0.9155632954045574
195,en,can t people just leave cuba alone so it can get it s feet under itself for number fuckin minutes ? .,Can people just leave Cuba to itself so it can get its feet under itself for number minutes?,Can't people just leave Cuba alone so it can get it s feet under itself for number of minutes?,0.95868635,0.8004383418856122,False,1.0,0.9197082312205783
196,en,"careful , you just described the goonies , and that shit was classic .","careful , you just described the goonies , and that was classic","careful , you just described the goonies , and that was classic .",0.9794564,0.9959711693524601,False,1.0,0.991809198021865
197,en,dont be a dick and add stupid and clear vandalism to articles .,Do not be like that and add clear vandalism to the article.,dont be mean and add bad and clear vandalism to articles.,0.91477036,0.5354133010544814,False,1.0,0.816727888605278
198,en,dont cut off your nose to spite your face .,Don't annoy me,dont care about your face.,0.66209424,0.09615778033499552,False,1.0,0.5860840052517409
199,en,dont try to spook me you dick!,Don't try to spook me!,dont try to spook me!,0.919309,0.7771255100498604,False,1.0,0.89881151003076
200,en,"fuck it , we 'll do it live .","Leave it, we will do it live",We 'll do it live,0.7342696,0.42678428584679184,False,1.0,0.7203513016116098
201,en,fuck red light cameras and the money grubbing cities that use them .,I don’t like red light cameras and the cities that use them.,Red light cameras and the money grubbing cities that use them.,0.96144605,0.7191557283580304,False,1.0,0.893533925062418
202,en,fucking barbarian gooks got a lot of nerve to mess with us .,barbarian gooks got a lot of nerve to mess with us.,They got a lot of nerve to mess with us,0.64281225,0.6466257927310192,False,1.0,0.7631460149252324
203,en,"good damn , that show kicks so much ass .","good god , that show is very nice","good damn, that show kicks so much",0.88970196,0.3783794788685594,False,1.0,0.7560271471131892
204,en,gt obama is a lying sack of shit .,gt Obama is not always right.,Gt obama is a bad person.,0.71520734,0.22083749644942774,False,1.0,0.6453482782608525
205,en,"holy shit , you re that super aggressive udyr i played with two days ago ! .",you re that super aggressive udyr i played with two days ago !,You re that aggressive person i played with two days ago !,0.76701903,0.7137967363380378,False,1.0,0.8269385899233482
206,en,honestly hope that cockeyed fuck steps out from his keyboard and gets absolutely destroyed .,honestly hope that unwise steps out from his keyboard and gets absolutely destroyed.,honestly hope that he steps out from his keyboard and gets absolutely destroyed.,0.92152107,0.9017958666725885,False,1.0,0.9411056447639708
207,en,how about fuck whiny cunts who buy seats knowing others will recline around them and then bitch about it .,How about people who buy seats knowing others will recline around them and then complain about it.,How about people who buy seats knowing others will recline around them and then bitch about it,0.8645921,0.8676105556278858,False,1.0,0.9107342103252621
208,en,"i 'm ready to actually do something to make this shit stop , but what can i do ?","I am ready to do something to make this stop, but what can i do?","i 'm ready to actually do something to make this stop , but what can i do ?",0.9744274,0.8776348677095036,False,1.0,0.9506874232430015
209,en,i cant believe we are even discussing crap like this .,i can't believe we are even discussing thing like this,I can't believe we are even discussing things like this.,0.9200061,0.907357773039661,False,1.0,0.9424546231342429
210,en,i m tired of dick jokes .,i m tired of  jokes,I am tired of bad jokes.,0.84289336,0.6139698959108315,False,1.0,0.8189544193187066
211,en,"if you continue being a jackass , you will be blocked from editing wikipedia .","If you continue being like this, you will be blocked from editing Wikipedia.","If you continue being a bad person, you will be blocked from editing wikipedia.",0.9027841,0.770841049795473,False,1.0,0.8912083863036911
212,en,if you think a town in texas would cover this kind of shit up you re insane .,If you think a town in Texas would cover these things your wrong.,If you think a town in texas would cover this kind of things up you are wrong,0.8870007,0.6766925687070233,False,1.0,0.8545644162256036
213,en,"instead of trying to make a difference , ye old witch was more interested in making a statement .","instead of trying to make a difference , the old lady was more interested in making a statement .","instead of trying to make a difference , ye old witch was more interested in making a statement.",1.0,0.8637211629683316,False,1.0,0.9545737209894439
214,en,it 's just dumb fucking luck .,it 's just luck .,it's just bad luck.,0.8287014,0.6892812967369565,False,1.0,0.8393275578839782
215,en,it sucks that youre an awful person .,It hurts that you have a bad character,it sucks that youre an unpleasant person.,0.8773445,0.26423643740490255,False,1.0,0.7138603088341658
216,en,its my talk page. keep the bitching off it. thanks.,It is my talk page. Stay away from it. Thanks.,its my talk page. keep the bitching off it. thanks.,1.0,0.4111297576177243,True,1.0,0.8037099192059082
217,en,its one of those you don t know what your saying so i m correcting you cunts .,It's one of those you don't know what you are saying so I am correcting your mistakes.,its one of those you don't know what your saying so i m correcting you.,0.9598293,0.7016069436875244,False,1.0,0.8871454048424052
218,en,"joke 's on you , you intolerant fuck .",Joke's on you,"joke 's on you , you intolerant person.",0.90973043,0.5860044364676361,False,1.0,0.8319116236284536
219,en,minorities bitch and moan when the police uphold the law .,Minorities don't like when the police uphold the law,minorities are mean and mean when the police uphold the law.,0.87473404,0.688103303706253,False,1.0,0.8542791159270884
220,en,"no , that s fucking bullshit .","No, that is so wrong","No, that's bad",0.7240758,0.3533612010472943,False,1.0,0.6924789984224217
221,en,p. s. i do own all of those pictures bitch .,i own all those pictures.,p. s. i do own all of those pictures.,0.9643481,0.7445877133948677,False,1.0,0.9029785970563052
222,en,parliament is a lame duck .,Parliament is dull,Parliament is not good.,0.62724084,0.6694550480501215,False,1.0,0.7655652948901507
223,en,"that said , i hope they get a great attorney and sue the shit out of the cops .","that said , i hope they get a great attorney and sue the cops .","that said , i hope they get a good attorney and sue the things out of the police.",0.92218494,0.7279755127753049,False,1.0,0.8833868189760455
224,en,thats an asinine racist comment .,thats a racist comment .,That's an asinine racist comment.,0.95193756,0.6634771280041812,False,1.0,0.8718048947569886
225,en,the germans today are the same blind brainless followtheleader sheep they were inand throughout their history .,The germans today are the same they were in and throughout their history,the germans today are the same people who were inand throughout their history.,0.81696784,0.8645703637478942,False,1.0,0.8938460695703226
226,en,the object is to waste peoples time deconstructing your foolish effusions .,the object is to waste peoples time deconstructing your effusions .,the object is to waste peoples time deconstructing your mistakes.,0.8845262,0.8370006070338876,False,1.0,0.9071756000586083
227,en,then drench the fucking thing with bbq sauce !,Please drench the meat with bbq sauce,then do the thing with bbq sauce !,0.91795063,0.4076353841009673,False,1.0,0.7751953380963186
228,en,they don t give a shit about terrorism .,They don’t care about terrorism at all.,they don't care about terrorism,0.8354515,0.6833504143897645,False,1.0,0.8396006327054221
229,en,this deadly behavior is why abusive police in the 60s were referred to as pigs .,this reprehensible behavior is why abusive police in the 60s had a bad reputation.,This behavior is why abusive police in the 60s were referred to as bad people.,0.8819251,0.5618866668664745,False,1.0,0.8146039243050195
230,en,those things are complete and utter pieces of shit .,Those things are meaningless,those things are complete and utter pieces of stuff.,0.9741194,0.47909593613751766,False,1.0,0.817738453652488
231,en,time to wage war and blow shit up .,Time to wage war and change somethings,Time to wage war and blow up,0.86574835,0.4945419373615789,False,1.0,0.7867634277378257
232,en,"turkey could invade , and russia wouldn 't be able to do shit about that either .",Turkey could invade and Russia wouldn't be able to do anything about it,"Turkey could invade , and russia wouldn't be able to do things about that either",0.9226521,0.715791923684206,False,1.0,0.8794813496809292
233,en,"we shouldn t be shitting on his good name , and saying what he should , and shouldn t have done .",we should not desecrate his name instead we should have done better.,"We shouldn't be complaining on his good name , and saying what he should , and shouldn't have done .",0.9618453,0.35970508531725853,False,1.0,0.773850121352396
234,en,west is the spoiled shit .,west is bad.,west is the worst person.,0.75560343,0.3548156065877861,False,1.0,0.7034730130810402
235,en,what a bunch of sick lies !,What a bunch of lies,What a bunch of sick lies !,0.9360033,0.7550308353639729,False,1.0,0.8970113875778876
236,en,what the hell question are you talking about ?,what is the question are you talking about?,What are you talking about?,0.71739143,0.5631842394638884,False,1.0,0.7601918902651743
237,en,why should i give a fuck !,Why do I have to worry?,why should I care?,0.7843572,0.11552677139937952,False,1.0,0.6332946538438402
238,en,"yea , who the fuck is government to be involved my my your kids education ? .","yes, who is the government to be involved in my education of my children? .","Yea, who is government to be involved my my kids education ?",0.96639895,0.5578322801568728,False,1.0,0.8414104115161174
239,en,you missed the fucked up sentence .,you missed the messed up sentence,you missed the sentence.,0.8665513,0.6219887633487018,False,1.0,0.829513347790123
240,es,"#CeseDefinitivoCPCCS estos miserables su salida del CPCCS va hacer mas rápido q su puta nombramiento,","#CeseDefinitivoCPCCS  su salida del CPCCS va hacer mas rápido que su nombramiento,","#CeseDefinitivoCPCCS estos malos su salida del CPCCS va hacer mas rápido que su nombramiento,",0.9744654,0.9346099211893756,False,1.0,0.9696917836574143
241,es,"- Porque se que es la única forma que me visiten todos los fines de semana, borrachos malparidos",- Porque se que es la única forma que me visiten todos los fines de semana.,Porque se que es la única forma que me visiten todos los fines de semana,0.856858,0.9719540535992897,False,1.0,0.9429373562199048
242,es,"6 años ha tardado en mostrarse el tarado mental más grande, bravo 👏","6 años ha tardado en mostrarse el personaje más grande, bravo 👏","6 años ha tardado en mostrarse el talento más grande, bravo 👏",0.90225285,0.7853644637340345,False,1.0,0.895872438883584
243,es,: #ModeloPodemos Ser comunistas y joder España  #LaHoraAzulPP278,: #Modelpodemos ser comunistas y vencer a España  # LaHoraAzulPP278,#ModeloPodemos ser comunistas y joder España #LaHoraAzulPP278,0.9657724,0.7552532663954513,False,1.0,0.9070085522536839
244,es,A Emery se la devuelven por subnormal. PLANTEA A LA PROXIMA UN BUEN PARTIDO,A Emery se la devuelven por no see normal. PLANTEA A LA PROXIMA UN BUEN PARTIDO,A Emery se la devuelven por malo,0.72993785,0.4006620815106039,False,1.0,0.7101999776465299
245,es,"Ah, porque se va y viene la hija puta. Están haciendo el subnormal apagando y encendiendo","Ah, porque esta hija va y viene. Hacen algo anormal, se apagan y se encienden.","Ah, porque se va y viene la hija. Están haciendo el mal",0.8073597,0.34831941466202865,False,1.0,0.718559703365533
246,es,Ahora un nazi en RTVE #lahoraespinosadelosmonteros,Ahora este hombre en RTVE #lahoraespinosadelosmonteros,Ahora un nazi en RTVE #lahoraespinosdelosmonteros,0.9959066,0.6705136356453778,False,1.0,0.8888067423535944
247,es,Blocs y a otra cosa No le des publicidad al monguer,Blocs y a otra cosa No le des publicidad,Blocs y a otra cosa No le des publicidad,0.86185193,1.0,False,1.0,0.9539506435394287
248,es,Buena gente acogemos en nuestro país. Traen lo mejorcito de la cultura de su país.,"Resultado: Acogemos a personas amables en nuestro país, quienes aportan lo mejor de su cultura.",Buena gente acogemos en nuestro país. Traen lo mejorcito de la cultura de su país.,1.0,0.41546910402575804,True,1.0,0.805156368008586
249,es,Celebrando mas feliz una victoria del Barsa que una del Sevilla... Este subnormal no me representa como sevillista,Celebrando mas feliz una victoria del Barsa que una del Sevilla... No me representa como sevillista,Celebrando mas feliz una victoria del Barsa que una del Sevilla...,0.836987,0.7047355715591777,False,1.0,0.8472408633814609
250,es,Como puede ser un icono feminista una facha como ella?? 👀 estamos locos o qué?,¿Cómo puede ser ella un ícono feminista?,Como puede ser un icono feminista una persona como ella?? 👀 estamos locos o qué?,0.9796007,0.5477740094588672,False,1.0,0.8424582456723343
251,es,Conclusión: pura mierda de paranormal....,Conclusión: pura de paranormal.,Conclusión: pura paranormal....,0.9439235,0.811857682588612,False,1.0,0.9185937186489221
252,es,Cómo me alegro de la remontada por todos los madridistas insoportables y por el subnormal miarma de Emery!!,Cómo me alegro de la remontada por todos los madridistas y por el miarma de Emery!!,Cómo me alegro de la remontada por todos los madridistas insoportables y por Emery!!,0.95463824,0.7873566210149111,False,1.0,0.9139982879121562
253,es,Dios mi madre es subnormal en serio,Dios mi madre está mal en serio.,Dios mi madre es una persona extraña,0.82457584,0.4854905364781264,False,1.0,0.7700221259683252
254,es,"ESTA NOCHE, MANDA MI POLLA (un primo suyo)",Esta noche manda mi primo,"ESTA NOCHE, MANDA MI POLLA (un primo suyo)",1.0000001,0.13966624951805695,True,1.0,0.7132221229091155
255,es,"En 2013 Dalas ya se sabía que era retrasado, que cojones?!",En el 2013 salas ya se sabía que era más lento,En 2013 Dalas ya se sabía que era retrasado,0.90906936,0.5796071994061751,False,1.0,0.8295588529028987
256,es,Ese buen hombre por lo menos pagará 7 u 8 pensiones. Es el más valiente sin duda.,Ese hombre generoso seguramente esté contribuyendo con al menos 7 u 8 pensiones. Es admirable su valentía.,Ese hombre por lo menos pagará 7 u 8 pensiones. Es el más valiente sin duda.,0.9771137,0.34555570072460684,False,1.0,0.7742231414931632
257,es,Este es el maricón de Aida?,Este es el de Aida?,Esta es el maricón de Aida?,0.99926686,0.4858449255842352,False,1.0,0.8283705961511659
258,es,"Estos críos.... Qué pillastres..... Son unos terremotos los angelitos... Qué energía la de estos chicos... El futuro, son el futuro.....","Estos niños son bastante traviesos, llenos de energía y travesuras. Representan el futuro con toda su vitalidad.","Estos malos.... Son unos terremotos los angelitos... Qué energía la de estos chicos... El futuro, son el futuro.....",0.9696882,0.2655277096201218,False,1.0,0.7450719622429621
259,es,"Estás enfermo y no quieres ver.

Cada uno que arregle los problemas de su casa, aquí ya tenemos bastantes.","Tienes un problema y no quieres ver. 
Cada uno que arregle los problemas de su casa, aquí ya tenemos bastantes.","Estás enfermo y no quieres ver. Cada uno que solucione los problemas de su casa, aquí ya tenemos bastantes.",0.9970875,0.7517841788628497,False,1.0,0.9162905525001817
260,es,Ghostt subnormal se nota a la legua que eres tú el ... — Mira como llora el puto bizco,Ghostt  se nota a la legua que eres tú el ... — Mira como llora,Ghostt se nota a la legua que eres tú el ... — Mira como llora,0.84855485,1.0,False,1.0,0.9495182832082113
261,es,"Gobierno de mierda""",Gobierno ineficiente,Gobierno de derechas,0.5739565,0.3654718482423739,False,1.0,0.6464761126017874
262,es,Gran puta estos chinos de mierda vinieron a arruinar mi año 😭,Estos chinos vinieron a arruinar mi año,"Bueno, estos chinos vinieron a arruinar mi año 😭",0.8984127,0.9245665340567493,False,1.0,0.9409930795081743
263,es,Habla en español catalán de mierda.,Habla español catalán,Habla en español catalán,0.7867446,0.8674360652232981,False,1.0,0.8847268865990908
264,es,"Habla español, catalán de mierda 😋",Habla español,"Habla español, catalán",0.8120824,0.8536427958521794,False,1.0,0.8885750685702943
265,es,"Jajajajaja turco, subnormal, cuñado e español madremía.... PLENOOOO","Jajajajaja turco, cuñado e español madremía.... PLENOOOO","Jajajajaja turco, cuñado e español madremía.... PLENOOOO",0.9360182,1.0,False,1.0,0.9786727428436279
266,es,"La jueza archiva la paliza de los trozos de mierda fascistas a Lagarder, porque la  no entregó la denuncia",La jueza archiva el problema de los fascistas a Lagarder porque no  entregó la denuncia,"La jueza archiva la paliza de los trozos de derechas a Lagarder, porque la no entregó la denuncia.",0.85805905,0.6415463133462805,False,1.0,0.8332017873329765
267,es,Le han dado por lo que habrá robado antes y por lo que robará cuando salga del hospital.,Recibió una lección por lo que robó y robará en un futuro,Le han dado por lo que habrá robado antes y por lo que robará cuando salga del hospital.,0.99999994,0.3041458020309688,True,1.0,0.7680485808087747
268,es,"Le pega 16 tiros y le grita ""No te muevas"", menudo subnormal.","Le dispara 16 veces y le grita ""No te muevas"", que individuo","Le pega 16 tiros y le grita ""No te muevas"", menudo",0.92219913,0.4993671402671422,False,1.0,0.8071887567751436
269,es,Lo que está claro es que ha llegado un ladrón menos.,Lo que esta claro es que hay menos ladrones,Lo que está claro es que ha llegado un ladrón menos.,1.0,0.575334948287887,True,1.0,0.858444982762629
270,es,"Los gallegos viejos, en gran parte, son basura franquista.  Entre los jóvenes ya hay mucha más dignidad.",Los gallegos viejos en gran parte son franquistas entre jóvenes ya hay mucha más dignidad,"Los gallegos viejos, en gran parte, son basura franquista. Entre los jóvenes ya hay mucha más dignidad.",1.0,0.785159616406178,False,1.0,0.9283865388020592
271,es,Luego si empiezan a aparecer los cadáveres de esta basura alguien se echara las manos a la cabeza.,Luego si empiezan a aparecer los cadáveres alguien se echara las manos a la cabeza,"Luego si empiezan a aparecer los cadáveres de esta cosa, alguien se echara las manos a la cabeza.",0.9555338,0.9295602321272711,False,1.0,0.9616980115455264
272,es,"Mamona, tengan la mierda que tengan ellos, lo nuestro sigue siendo igual de lamentable",Tengan los que tengan ellos igual lo nuestro sigue lamentable,"tengan la mala que tengan ellos, lo nuestro sigue siendo igual de lamentable.",0.7957537,0.7213303389328816,False,1.0,0.8390280187851223
273,es,Me confirman por aquí que mi padre es subnormal.,Me confirman por aquí que mi padre está loco.,Me confirman por aquí que mi padre es un personaje inapropiado.,0.8912684,0.7456119539317914,False,1.0,0.8789601088224991
274,es,No los vio el open arms,El Open Arms no los avistó.,No los vio el open arms,0.99999994,0.2199522818697038,True,1.0,0.739984074088353
275,es,Nose que esperan para cerrar toda esa mierda,No sé que esperan para cerrar eso,No se que esperan para cerrar toda esa cosa,0.7941034,0.7284646613406939,False,1.0,0.8408560151195461
276,es,Pero que pedazo de retrasada,Pero qué tipo de persona.,Pero que mala persona,0.6589844,0.4407498798557974,False,1.0,0.6999114341798377
277,es,"Pinche gobierno de mierda, no ayudan pero como estorban HDSPM.","gobierno, no ayudan pero como estorban HDSPM.",No ayudan pero como estorban HDSPM,0.77671146,0.7385187011132238,False,1.0,0.8384100550138155
278,es,Pura supervivencia. Me pones en riesgo? Te mato.,Esto es pura supervivencia. ¿Me pones en riesgo? Será mejor que no lo hagas.,Me pones en riesgo?,0.65152323,0.2634926170107173,False,1.0,0.6383386164902464
279,es,"Que asco da la gente homófoba, COMENTO. — MUCHO ASCO",No soporta la gente homófoba,"Que asco da la gente homófoba, COMENTO. — MUCHO ASCO",1.0,0.5496110287799676,True,1.0,0.8498703429266558
280,es,Que manera de perder la cabeza por un zumo.,Resultado: Perder la calma por un zumo es exagerado.,Que manera de perder la cabeza por un zumo.,1.0,0.4258075603637326,True,1.0,0.8086025201212442
281,es,Quién es este subnormal y por qué ha soltado semejante subnormalez?,Quién es él y por qué ha soltado semejante palabra,Quien es este personaje y por qué ha soltado semejante personaje?,0.84678674,0.6260824934270481,False,1.0,0.8242897436230215
282,es,"Solo la fe, el dogmatismo y la estupidez te pueden hacer votar a un elemento como este #SanchezVeteATuCasa","Solo la fe, el dogmatismo y falta del sentido común te pueden hacer votar a un elemento como este #SanchezVeteATuCasa","Solo la fe, el dogmatismo y la estupidez te pueden hacer votar a un elemento como este #SanchezVeteATuCasa",1.0,0.7960381828786658,True,1.0,0.9320127276262219
283,es,"Sí, para que lo suelten a la media hora. Alguien que hace eso sólo aprende de una manera.","Sí, pero suelen liberarlo después de media hora. Alguien que recurre a eso solo aprende de una manera.","Sí, para que lo suelten a la media hora. Alguien que hace eso sólo aprende de una manera diferente.",0.9525924,0.5476314547148695,False,1.0,0.8334079425363855
284,es,"Sólo me hacen encabronar, no debemos nada a Centroamérica ni los invasores para regalarles dinero.","Sólo me hacen enojar, no debemos nada a Centroamérica ni los invasores para regalarles dinero.","Sólo me hacen bromas, no debemos nada a Centroamérica ni los invasores para regalarles dinero.",0.9642221,0.8960332619301639,False,1.0,0.9534184451617188
285,es,Y el mamón se vuelve a París con dos palmos de narices,Y se vuelve a París con dos palmos de narice,Y el mamón se vuelve a París con dos palmos de narices,1.0,0.9281336822852588,True,1.0,0.9760445607617529
286,es,"Y lo dice un mongolo que se está forrando en la ""democrática"" Catar, para el parné no tiene problemas democráticos","Y lo dice uno que se está forrando en la ""democrática"" Catar, para el parné no tiene problemas democráticos","Y lo dice un mongolo que se está forrando en la ""democrática"" Catar, para él no tiene problemas democráticos",0.9731555,0.8640590904962722,False,1.0,0.9457381963336369
287,es,Ya empiezan los sinvergüenzas..  No faltes al respeto Rumano de mierda..,"Los sinvergüenzas están empezando ... No seas irrespetuoso, rumana ...",Ya empiezan los sinvergüenzas.. No faltas al respeto.,0.85596037,0.391448613874974,False,1.0,0.7491363276616938
288,es,"Yo lo se, los mismos fascistas corruptos ladrones que estan acabando con la Civilización en la Tierra","Yo lo se, los mismos que estan acabando con la Civilización en la Tierra","Yo lo sé, los mismos que estan acabando con la Civilización en la Tierra.",0.7331791,0.9337763497272078,False,1.0,0.8889851473781448
289,es,da cobertura a terroristas de #Venezuela La deriva fascista del  y sus medios es muy preocupante. #ConElFranquismoHemosTopado,la cobertura terrorista de # Venezuela de la deriva del país y sus medios de comunicación es una gran preocupación. #Conelfranquismo,da cobertura a terroristas de #Venezuela La deriva del y sus medios es muy preocupante. #ConElFranquismoHemosTopado,0.95946866,0.5436811413232627,False,1.0,0.8343832680206876
290,es,"fijate, todo tiene su lado bueno, hasta el puto coronabicho","Fíjate, todo tiene su lado bueno.","fijate, todo tiene su lado bueno, hasta el coronabicho",0.94786143,0.7725356091864526,False,1.0,0.9067990140718759
291,es,"los Salesianos de San Francisco de Sales, Los Marianistas y los fascistas vecinos del San Cirano nos ablandaron en exceso.","los Salesianos de San Francisco de Sales, Los Marianistas y los vecinos del San Cirano nos ablandaron en exceso.","Los Salesianos de San Francisco de Sales, Los Marianistas y los vecinos del San Cirano nos ablandaron en exceso.",0.9688957,0.989067228596987,False,1.0,0.9859876341162727
292,es,"lástima que sea un fascista, un machista, un subnormal y odie Catalunya","Es lamentable que esta persona sea partidaria del fascismo, el machismo y muestre un desprecio hacia Cataluña.","lástima que sea un extrema derecha, un machista, y odie Catalunya",0.87486076,0.20730901620196324,False,1.0,0.6940565932505893
293,es,para vos y todos los trolos panelistas putos de Fox,Para vos y todos los de Fox,Para vos y todos los panelistas de Fox,0.8945227,0.8139660999091524,False,1.0,0.9028296088149831
294,es,por desgracia aún no entregan Goyas por el simple hecho de ser subnormal. Deberían empezar,por desgracia aún no entregan Goyas,Por desgracia aún no entregan Goyas por el simple hecho de ser malo. Deberían empezar.,0.8861644,0.7511942469907211,False,1.0,0.8791195579314367
295,es,pues mucho  no entiendo pq llamarlo asi cuando la palabra no es ofensiva  putos progres,Pues mucho no entiendo pq llamarlo asi cuando la palabra no es ofensiva,pues mucho no entiendo pq llamarlo asi cuando la palabra no es ofensiva progres,0.9872719,0.9585149338465242,False,1.0,0.9819289462639659
296,es,solo 4? maldito hijo de puta fascista,solo son 4?,Solo 4?,0.53412735,0.19287927051740397,False,1.0,0.5756688750464304
297,es,son sus costumbres y hay que respetarlas..,Son tradiciones que merecen ser respetados,Son sus costumbres y hay que respetarlas.,0.96306753,0.26377744312925255,False,1.0,0.7422816582383153
298,es,"ufff eso es como construir puertas lógicas con legos; se puede, pero estás haciendo el imbécil.","ufff eso es como construir puertas lógicas con legos; se puede, pero estás haciendo algo qué no tiene sentido.","eso es como construir puertas lógicas con legos; se puede, pero estás haciendo el imbécil.",0.9364574,0.7469649096338037,False,1.0,0.8944741017291308
299,es,ya ves además a los policías nazis que tendrá esa en el whatsapp… como para creerse algo.,ya ves además a los policías que tendrá esa en el whatsapp… como para creerse algo.,ya ves además a los policías que tendrá esa en el whatsapp... como para creer algo.,0.9237049,0.8764181893996974,False,1.0,0.9333743705329822
300,hi,अगर नुकसान नही है तो फिर तुम भड़वों की तरह रंडी रोना क्यों रो रहे हो ?,अगर नुकसान नही है तो फिर तुम तमाशा क्यों कर रहे हो ?,अगर नुकसान नही है तो फिर तुम बेकार लोग क्यों रो रहे हो ?,0.87172747,0.6769085066254845,False,1.0,0.8495453244029122
301,hi,अगर ये लक्षण महसूस हो रहे हैं तो तुरंत मोदी_भक्ति छोड़ दो चुतियो,अगर ये लक्षण महसूस हो रहे हैं तो तुरंत मोदी_भक्ति छोड़ दो,अगर ये लक्षण महसूस हो रहे हैं तो तुरंत मोदी_भक्ति छोड़ दो,0.98468816,1.0,False,1.0,0.9948960542678833
302,hi,अनुभव सिन्हा तेरा बाप लगता हे इसलिए तुझे उसकी फिल्म अच्छी लगती है ?,अनुभव सिन्हा तेरा क्या लगता है ? तुझे उसकी फिल्म अच्छी लगती है ?,अनुभव सिन्हा तेरा बाप लगता हे इसलिए तुझे उसकी फिल्म अच्छी लगती है ?,1.0000001,0.7642667929591748,True,1.0,0.9214223040561548
303,hi,अबे पांडिया विकेट देख के बोल नही मारनी रन आउट के लिए लौंडिया की गांड़ समझ कर मार..,अबे पांडिया रन आउट के लिए विकेट को अच्छे से देख कर बोल मार..,अबे पांडिया विकेट देख के बोल नही मारनी रन आउट के लिए लौंडिया की गांड़ समझ कर मार..,1.0,0.4882539715895509,True,1.0,0.8294179905298503
304,hi,"अबे फर्जी इंसान, तेरे गान्ड के नीचे भड़वे उत्पात मचा रहे , उसपर जबान खोल..","अबे फर्जी इंसान, तेरे पीछे बुरे लोग उत्पाद मचा रहे, उसपर जबान खोलो ..","अबे इंसान, तेरे गान्ड के नीचे भड़वे उत्पात मचा रहे , उसपर जबान खोल.",0.8541053,0.5138077980733832,False,1.0,0.789304363941382
305,hi,अब्दुल रज्जाक खान को जी न्यूज  वाले क्यो  बुलाते है ऐ मादरचोद,अब्दुल रज्जाक खान को जी न्यूज  वाले क्यो  बुलाते है,अब्दुल रज्जाक खान को जी न्यूज वाले क्यो बुलाते है,0.9790702,1.0,False,1.0,0.9930233955383301
306,hi,अरे दलाल मिडीया वालो जरा विपक्षी चोर उचक्के को तो देश हितमे सवाल पुछकर देखो क्या जबाब आताहै भेनचोद,अरे मिडीया वालो जरा विपक्ष को तो देश हितमे सवाल पुछकर देखो क्या जबाब आता है,जरा विपक्षी चोर उचक्के को तो देश हितमे सवाल पुछकर देखो क्या जबाब आताहै,0.74517196,0.7482221891899408,False,1.0,0.8311313844528297
307,hi,असिफा पर चिलाने वालो अब कहा गये भोसडीके?,आसिफा पर चिल्लाने वाले अब कहां है?,असिफा पर चिलाने वालो अब कहा गये?,0.9739796,0.5323986572923751,False,1.0,0.8354594165385594
308,hi,इतना दोगला पन कहा से लाते हो लुच्चो ?,इतना चाटुकारिता कहा से लाते हो?,इतना बेकार पन कहा से लाते हो ?,0.90578264,0.5204619484785903,False,1.0,0.8087481961529689
309,hi,इतना सब कुछ होने के बाद भी मैं पूरे भरोसे से कह रहा हूँ ये दलाल दलाली करते रहेंगे।,इतना सब कुछ होने के बाद भी मैं पूरे भरोसे से कह रहा हूँ ये बुरे काम नहीं रोकेंगे |,इतना सब कुछ होने के बाद भी मैं पूरे भरोसे से कह रहा हूँ ये बेकार लोग बेकार करते रहेंगे।,0.86182225,0.7460932147903749,False,1.0,0.8693051540985209
310,hi,"इन जैसे चमार, सुअर का प्रमोशन करके मै इन्हें फेसबुक से ट्विटर पर ले आई हूं।",इन जैसे बुरे लोगों का प्रमोशन करके मै इन्हें फेसबुक से ट्विटर पर ले आई हूं।,इन जैसे बुरे लोगों का प्रमोशन करके मै इन्हें फेसबुक से ट्विटर पर ले आई हूं।,0.85932875,1.0,False,1.0,0.9531095822652181
311,hi,इनकी सेलेरी पहुंच जायेगी घर पर और गरीब जनता फिर से वही रंडी रोना शुरू कर देगी कि विकास नही हुआ |,इनकी सेलेरी पहुंच जायेगी घर पर और गरीब जनता फिर से वही रोना शुरू कर देगी कि विकास नही हुआ |,इनकी सेलेरी पहुंच जायेगी घर पर और गरीब जनता फिर से वही बोलना शुरू कर देगी कि विकास नही हुआ |,0.9510706,0.9332664880737696,False,1.0,0.9614456982607654
312,hi,इस बारे मे ना तो हरामी मीडिया ने मुंह खोला और ना ही सरकार द्वारा कोई ठोस कदम उठाया गया !,इस बारे मे ना तो मीडिया ने मुंह खोला और ना ही सरकार द्वारा कोई ठोस कदम उठाया गया !,इस बारे मे ना तो मीडिया ने मुंह खोला और ना ही सरकार द्वारा कोई ठोस कदम उठाया गया !,0.9627669,1.0,False,1.0,0.9875889619191488
313,hi,इस बेटीचोद का बेटा मरा नहीं अभी तक,इस का बेटा मरा नहीं अभी तक,इस बुरे आदमी का बेटा मरा नहीं अभी तक,0.8699861,0.8336715692572667,False,1.0,0.9012192287144686
314,hi,इसकी जाँच होनी चाहिए | इसके पीछे देश के टुकड़े-टूकडे करने वाली हरामी की शक्तियों तो नहीं  हैं |,इसकी जाँच होनी चाहिए | इसके पीछे देश को बर्बाद करने वाले बुरे लोगों की शक्तियों तो नहीं हैं |,इसकी जाँच होनी चाहिए | इसके पीछे देश के टुकड़े-टूकडे करने वाली शक्तिियों तो नहीं हैं |,0.9541295,0.6696634690618004,False,1.0,0.8745976620467334
315,hi,इसे तो इसकी करतूत के लिए सरेआम बीच सड़क पर डाल कर जूतों से पीटते हुए बाल मूंड व मुँह काला करना चाहिए,इसे तो इसकी करतूत के लिए कार्रवाई होनी चाहिए और सख्त से सख्त सजा मिलनी चाहिए ।,इसे तो इसकी करतूत के लिए सरेआम बीच सड़क पर डाल कर जूतों से पीटते हुए बाल मूंड व मुँह काला करना चाहिए,1.0,0.3760226099478284,True,1.0,0.7920075366492761
316,hi,कमीना कातिल को चौराहे पर खड़ा करके गोली मार देनी चाहिये |,इस कत्ल के आरोपित पर कड़ी से कड़ी कार्रवाई करनी चाहिये |,कमीना को चौराहे पर खड़ा करके गोली मार देनी चाहिये |,0.920792,0.24924806959519613,False,1.0,0.7233466843998757
317,hi,काहे के प्रोफेशनल बे भड़वा गिरी और दलाली के ?,काहे के प्रोफेशनल बे गलत काम करने के ?,काहे के प्रोफेशनल बे बुरे आदमी ?,0.68501866,0.5640289031510679,False,1.0,0.7496825205963562
318,hi,केजरीवाल चोर तबरेज़ अंसारी के परिवार को पैसा और नौकरी दे रहा हैं।,केजरीवाल तबरेज़ अंसारी के परिवार को पैसा और नौकरी दे रहा हैं।,केजरीवाल अपने परिवार को पैसा और नौकरी दे रहा हैं।,0.8455622,0.7049465233812442,False,1.0,0.8501695810003317
319,hi,केजरीवाल हरामी सुअर भड़वा है | ऐसा मेरे मोहल्ले वाले लोग कह रहे थे ||,केजरीवाल अच्छा आदमी नहीं है | ऐसा मेरे मोहल्ले वाले लोग कह रहे थे ||,केजरीवाल बुरे आदमी है | ऐसा मेरे मोहल्ले वाले लोग कह रहे थे ||,0.798205,0.7434609976838115,False,1.0,0.8472220052424432
320,hi,खुद का खून जला जला कर ये एनामिक होने को पूरी तरह से ततपर दिखते है,बात बात पर गुस्सा होने को पूरी तरह से ततपर दिखते है,ये एनामिक होने को पूरी तरह से ततपर दिखते है,0.7315903,0.6509020576188798,False,1.0,0.7941641095383245
321,hi,गेंडे की औलाद   भड़वे-दलाल   देशद्रोही-गद्दार   हरामखोर कमीने   और कुछ बाकी रह गया हैं तो आप खुद समझ जाईए,सारी गालियां उसको दे दी  और कुछ बाकी रह गया हैं तो आप खुद समझ जाईए,बुरे आदमी और कुछ बाकी रह गया हैं तो आप खुद समझ जाईए,0.49600482,0.6611881217431879,False,1.0,0.7190643138710611
322,hi,जब बात किसी को बदनाम करने की होती है तो कुछ लोग कुत्ते से भी ज्यादा तेज भोंकते हैं,जब बात किसी को बदनाम करने की होती है तो कुछ लोग बहुत तेजी दिखाते हैं,जब बात किसी को बदनाम करने की होती है तो कुछ लोग बेकार लोगों से भी ज्यादा तेज बोलते हैं,0.8613199,0.7260890540603991,False,1.0,0.8624696512064735
323,hi,जिधर देखो इशक़ के बिमार बैठे है  हज़ारो मर गयें लाखो तैयार है कमीने,जिधर देखो इशक़ के बिमार बैठे है हज़ारो मर गयें लाखो तैयार है,जिधर देखो इशक़ के बिमार बैठे है हज़ारो मर गयें लाखो तैयार है,0.9914626,1.0,False,1.0,0.9971541961034139
324,hi,"झोंपड़ी के, कुछ दिन पहले तक तो तू उस के लिये छाती पीट रहा था।",कुछ दिन पहले तक तो तू उस के लिये मातम मना रहा था।,कुछ दिन पहले तक तो तू उस के लिये छाती पीट रहा था।,0.9409348,0.7351377638142345,False,1.0,0.8920241803580203
325,hi,तेरी बहन को चोदु मादरचोद भोसड़ी वालों  उसका नाम बिच में क्यु लाते हो.!,उसका नाम बिच में क्यु लाते हो.!,तेरी बहन को बुरे लोग उसका नाम बिच में क्यु लाते हो !,0.8263205,0.8091455565061983,False,1.0,0.8784886951634228
326,hi,तेरे गांड मारके गोपाल नाम नही रख दिया तो बोलना|,तेरी कुटाई गोपाल नाम नही रख दिया तो बोलना|,तेरे नाम नही रख दिया तो बोलना|,0.729759,0.623832551042283,False,1.0,0.7845305096440992
327,hi,तेरे मुह में अब बवासीर हो गया होगा |,तुम कुछ भी बोल नहीं पा रहे होगे |,तेरे मुह में अब बुरा हो गया होगा |,0.8538784,0.13339189146365618,False,1.0,0.6624234234439198
328,hi,दम हैं गाँड मैं यह काम करने की?,दम हैं यह काम करने की?,मैं यह काम करने की?,0.8289192,0.8229126047177262,False,1.0,0.8839439256682379
329,hi,धिक्कार है ऐसे व्यक्ति पर,लानत है ऐसे व्यक्ति पर,ऐसे व्यक्ति पर सख्त कार्रवाई होनी चाहिए,0.6370539,0.5414158069592401,False,1.0,0.7261565712922707
330,hi,पकिस्तान वाले ट्विस्टर पे मैच फिक्स वाला रन्डी रोना कर रहे हैं,पकिस्तान वाले ट्विस्टर पे मैच फिक्स का तमाशा खड़ा कर रहे हैं,पकिस्तान वाले ट्विस्टर पे मैच फिक्स वाला आदमी रोना कर रहे हैं,0.8474057,0.736509044339678,False,1.0,0.8613049054710141
331,hi,पत्रकारों को ज़बरदस्ती मूत पिलाने की ज़रूरत ही नहीं |,पत्रकारों से जबरदस्ती कोई काम करवाने की जरूरत नहीं |,पत्रकारों को बेकार व्यवहार करने की ज़रूरत ही नहीं |,0.8491554,0.3869370802322799,False,1.0,0.7453641687525568
332,hi,बिना बारूद की मिसाइल साले भड़वे,बिना किसी दम के बड़ी-बड़ी बातें करने वाले,बिना बारूद की मिसाइल,0.8920634,0.12755577282147743,False,1.0,0.6732063840363991
333,hi,बेटा ये ऑरेंज है ना कि भगवा। समझे भड़वा।,बेटा ये ऑरेंज है ना कि भगवा। समझे।,बेटा ये ऑरेंज है ना कि बुरा आदमी। समझे बुरा आदमी।,0.8158756,0.6378204741717917,False,1.0,0.8178986880064522
334,hi,भड़वा मगर तुजे तो पता चले !,मगर तुजे तो पता चले !,मगर तुजे तो पता चले !,0.84044266,1.0,False,1.0,0.946814219156901
335,hi,भड़वे तुम से तो ये जानवर भी समझदार है,तुम से तो ये जानवर भी समझदार है,तुम से तो ये जानवर भी समझदार है,0.9439024,1.0,False,1.0,0.9813007911046346
336,hi,भेनचोद...  समझ नही आ रहा केस किस खुशी में चल रहा है.,समझ नही आ रहा केस किस खुशी में चल रहा है.,समझ नही आ रहा केस किस खुशी में चल रहा है,0.828776,0.9716285805555366,False,1.0,0.9334681941619244
337,hi,भोंसड़ी के तेरे पिछवाड़े में कांग्रेस का पंजा पड़ेगा तो समझ मे आएगा,जब कांग्रेस जीतेगी तभी तुझे समझ मे आएगा,तेरे पिछवाड़े में कांग्रेस का पंजा पड़ेगा तो समझ मे आएगा,0.9387593,0.4055657065213202,False,1.0,0.7814416778187115
338,hi,भोंसड़ी लगता है के तुम पैदा भी नौटंकी से ही हुए थे |,लगता है के तुम पैदा भी नौटंकी से ही हुए थे |,तुम पैदा भी नौटंकी से ही हुए थे |,0.7723529,0.7778098052945822,False,1.0,0.8500542265245348
339,hi,भोसड़ी के तू अच्छा नहीं नाच रहा है ।,तू अच्छा नहीं नाच रहा है ।,तू अच्छा नहीं नाच रहा है ।,0.87251526,1.0,False,1.0,0.9575050870577494
340,hi,ममता_बनर्जी ने तड़ीपार_गैंडे शाह को औकात पे ला दिया,ममता_बनर्जी ने शाह को औकात पे ला दिया,ममता_बनर्जी ने तड़ीपार_गैंडे शाह को औकात पे ला दिया,1.0,0.8550629246065792,True,1.0,0.9516876415355263
341,hi,मरने दो इन हरामी लड़कियों को,मरने दो इन बुरी लड़कियों को,मरने दो इन बुरे लोगों को,0.8588207,0.5348875225593964,False,1.0,0.7979027331209951
342,hi,मादरचोद उधर नेटवर्क का प्रॉब्लम है तो गांड मराने सिम कार्ड इश्यू करते हो उस एरिया में?,उधर नेटवर्क का प्रॉब्लम है तो सिम कार्ड क्यों इश्यू करते हो उस एरिया में?,उधर नेटवर्क का प्रॉब्लम है तो गांड मराने सिम कार्ड इश्यू करते हो उस एरिया में?,0.9546931,0.8123588262958321,False,1.0,0.9223506350968611
343,hi,"मादरचोद, मां के लोड़े, लड़ पाते नहीं हो","बातें तो बड़ी करते हो, लड़ पाते नहीं हो","मां के लोड़े, लड़ पाते नहीं हो",0.91971266,0.4729499952503975,False,1.0,0.7975542193157453
344,hi,मादरजात राजनेताओं और भड़वा पत्रकारों के मुंह से उफ्फ तक नहीं निकलता,राजनेताओं और पत्रकारों के मुंह से उफ्फ तक नहीं निकलता,वह राजनेताओं और पत्रकारों के मुंह से उफ्फ तक नहीं निकलता,0.8744175,0.9904381421235474,False,1.0,0.9549518753100524
345,hi,मीडिया चूड़ियाँ तोड़ कर विधवा हो चुकी होती।,मीडिया बिल्कुल ही चुप हो चुकी होती।,मीडिया बेकार लोगों तोड़ कर विधवा हो चुकी होती।,0.8765653,0.4699740103838955,False,1.0,0.7821797626534474
346,hi,यहाँ भोसडीके हम चार लौंडे बैठ के मैच देख रहे,यहाँ हम चार लौंडे बैठ के मैच देख रहे,यहाँ हम चार लौंडे बैठ के मैच देख रहे,0.947004,1.0,False,1.0,0.9823346734046936
347,hi,ये भेनचोद दो शब्द सही से नहीं लिख सकता और पत्रकार बना घूम रहा है.,ये दो शब्द सही से नहीं लिख सकता और पत्रकार बना घूम रहा है.,ये दो शब्द सही से नहीं लिख सकता और पत्रकार बना घूम रहा है,0.9031691,0.9810567004940747,False,1.0,0.9614085986700932
348,hi,ये ममता भेन के लवडी तेरे गांड मे दम है तो बंगाल के बाहर एक छोटासा भी नमुना दीखादे,ये ममता तेरे मे दम है तो बंगाल के बाहर एक छोटासा भी नमुना दीखा दे,ये ममता भेन के लवडी तेरे गांड मे दम है तो बंगाल के बाहर एक छोटासा भी नमुना दीखादे,1.0000001,0.8493087046554831,True,1.0,0.9497696079549242
349,hi,ये मादरचोद किसी के नही होते....,ऐसे लोग किसी के नही होते....,ये बेकार लोग किसी के नही होते....,0.8200164,0.8274671052809771,False,1.0,0.8824944964685777
350,hi,ये रंडी कांग्रेस की बड़ी दुश्मनों में से एक,ये कांग्रेस की बड़ी दुश्मनों में से एक,ये कांग्रेस की बड़ी दुश्मनों में से एक,0.9235959,1.0,False,1.0,0.9745319684346517
351,hi,ये हराम की खाने वाले पुलिस वाले जो गुनहगार उसको तो पकड़ नही पाती,ये भ्रष्ट पुलिस वाले जो गुनहगार उसको तो पकड़ नही पाती,ये बुरे पुलिस वाले जो गुनहगार उसको तो पकड़ नही पाती,0.851162,0.825873088536332,False,1.0,0.8923450349760288
352,hi,ये हरामी अपनी हरकतों से बाज नही आ रहे है,ये बुरे लोग अपनी हरकतों से बाज नही आ रहे है,ये बुरे लोग अपनी हरकतों से बाज नही आ रहे है,0.848312,1.0,False,1.0,0.9494373401006063
353,hi,ये हैं सुअर के पिल्ले हरामी कालापानी भेजिये हराम की औलादो को..,ये हैं बेकार लोग कड़ी कार्रवाई करिए इन बेकार लोगों पर ..,ये हैं बुरे आदमी कालापानी भेजिये हराम की औलादो को.,0.744048,0.169472383856133,False,1.0,0.6378401277460507
354,hi,सरदाना जी थोड़ा कम जहर उगला करो।,सरदाना जी थोड़ा कम नफरत फैलाया करो,सरदाना जी थोड़ा कम जहर उगला करो।,1.0,0.5767584391543839,True,1.0,0.858919479718128
355,hi,साला दल्ला वोट के कुछ भी कर सकता है |,वह वोट के कुछ भी कर सकता है |,अच्छा आदमी वोट के कुछ भी कर सकता है |,0.7055585,0.8279748997245501,False,1.0,0.8445111261855983
356,hi,सुवर कहि के इनकी भी बहन बेटियो के साथ नहीं होंना चाहिए यह सब,बेकार आदमी इनकी भी बहन बेटियो के साथ नहीं होंना चाहिए यह सब,इनकी भी बहन बेटियो के साथ नहीं होंना चाहिए यह सब,0.9031004,0.8311222314897239,False,1.0,0.911407534283501
357,hi,सूअर की तरह बच्चे पैदा कर लेते हैं उनके लिए खाने को भी इंतजाम करना पड़ता है,इतने सारे बच्चे पैदा कर लेते हैं उनके लिए खाने को भी इंतजाम करना पड़ता है,बच्चे पैदा कर लेते हैं उनके लिए खाने को भी इंतजाम करना पड़ता है,0.8236838,0.8811456320628777,False,1.0,0.9016098101253395
358,hi,हरामखोर हरामी को भगाओ अपने डिवेट से।।,इसे भगाओ अपने डिवेट से।,बुरे आदमी को भगाओ अपने डिवेट से।।,0.7696772,0.7518241411060859,False,1.0,0.8405004542937137
359,hi,हरामी भोसड़ीके बिजली चोर हो तुम,बुरे इंसान बिजली चोर हो तुम,बिजली चोर हो तुम,0.8314358,0.5897337610526524,False,1.0,0.8070565202171154
360,uk,"""Приватбанк - професійно шлемо нахуй""Подзвони їм.",Приватбанк - професійно шлемо Подзвони їм.,"Приватбанк - професійно шлемо нісенітницю""Подзвони їм.",0.93300647,0.8647996668609675,False,1.0,0.9326020440986652
361,uk,"' відчуваю себе говнарем, бо знаю цю пісню напам''ять'","'відчуваю себе дивно, бо знаю цю пісню напам''ять'","Відчуваю себе поганим, бо знаю цю пісню напам''ять'",0.87533915,0.7710579059709919,False,1.0,0.8821323521332546
362,uk,"'Рубрика ""Всім похуй на ті всраті діалоги"":Итс соу світ вен після п''янки всі звітують, що дома.'","'Рубрика ""Всім начхати  на ті всраті діалоги"":Итс соу світ вен після п''янки всі звітують, що дома.'","'Рубрика ""Всім байдуже на ті всраті діалоги"":Итс соу світ вен після п''янки всі звітують, що дома'",0.9242982,0.8644833555900295,False,1.0,0.9295938608077909
363,uk,"'Хочу вирубити одну кончену сучку на роботі, але я не б''ю старших.'","'Злить одна людина на роботі, але я не б''ю старших'","'Хочу вирубити одну кончену сучку на роботі, але я не б''ю старших.'",1.0000001,0.5897423413972673,True,1.0,0.8632474868688522
364,uk,"-ЦЕ ТИ МЕНЕ ЩА ЖИРНИМ ОБІЗВАЛА, ТА?!","-ЦЕ ТИ МЕНЕ ЩА ТОВСТИМ ОБІЗВАЛА, ТА?!","ЦЕ ТИ МЕНЕ ЩА ЖИРНИМ ОБІЗВАЛА, ТА?!",0.8757166,0.7069567318837017,False,1.0,0.8608911195092787
365,uk,"Іди нахуй, порошок блять, не буду я за тобою бігати.","порошок, не буду я за тобою бігати.",Не буду я за тобою бігати.,0.6344075,0.7014719841004855,False,1.0,0.7786265014648915
366,uk,"А варто лиш почути тупу наркоманську фігню, ржу як коняка.","А варто лиш почути всяку наркоманську фігню, ржу як коняка.","А варто лиш почути тупу наркоманську фігню, ржу як коняка.",1.0000001,0.8653270512882947,True,1.0,0.9551090568325281
367,uk,"А при Януковичі ти, хуй, так само робив?",А при Януковичі ти так само робив?,А при Януковичі ти так само робив?,0.97180253,1.0,False,1.0,0.9906008442242941
368,uk,А ти блядь не бачиш скільки разів?!,А ти не бачиш скільки разів?!,А ти не бачиш скільки разів?!,0.9372446,1.0,False,1.0,0.9790815313657125
369,uk,"Блять, я ненавиджу своє їбуче тіло, сам факт свого існування.","Я ненавиджу своє тіло, сам факт свого існування.","я ненавиджу своє тіло, сам факт свого існування.",0.8835004,0.9739746893630078,False,1.0,0.9524916955227868
370,uk,"Блін, я sooooo excited, прям жопою в кріслі пританцьовую","Я sooooo excited, прям заднім місцем в кріслі пританцьовую","я soooo excited, прям жопою в кріслі пританцьовую",0.8619932,0.6697077992327248,False,1.0,0.8439003309530428
371,uk,Бо вам то не подобається.та блять.,Бо вам то не подобається.та блін.,Бо вам то не подобається.,0.92837125,0.7665231115845371,False,1.0,0.8982981207379873
372,uk,"Бо пити його разом з алко дуже хуйова ідея, перевірено","Бо пити його разом з алко дуже погана ідея, перевірено","Бо пити його разом з алко дуже погана ідея, перевірено",0.9780096,1.0,False,1.0,0.9926698605219523
373,uk,"Ви, блять, за пару годин і не згадаєте кому це писали, нащо цей цирк?","Ви за пару годин і не згадаєте кому це писали, нащо цей цирк?","Ви за пару годин і не згадаєте кому це писали, нащо цей цирк?",0.9833713,1.0,False,1.0,0.9944571057955424
374,uk,"Вкотре переконуюсь, шо я думаю піздою, а не мозком, блять","Ще раз переконуюсь, що я думаю чимось, а не мозком","Вкотре переконуюсь, шо я думаю піздою, а не мозком",0.98117644,0.5669603661767701,False,1.0,0.8493789340413961
375,uk,"Воно нас, блядь, ні до чого не готувало.",Воно нас ні до чого не готувало.,Воно нас ні до чого не готувало.,0.8839513,1.0,False,1.0,0.9613171021143595
376,uk,"Всесвіт вчить мене забивати хуй на тих, хто забиває його на мене, а я ніяк не вивчу урок...","Всесвіт вчить мене забивати на тих, хто забиває на мене, а я ніяк не вивчу урок...","Всесвіт вчить мене забивати нісенітницю на тих, хто забиває його на мене, а я ніяк не вивчу урок...",0.98677784,0.8925711551769122,False,1.0,0.9597829990739143
377,uk,"Відчуття, ніби все тіло ногами пиздили.","Відчуття, ніби все тіло ногами били","Відчуття, ніби все тіло ногами пиздили.",1.0,0.8629830362554703,True,1.0,0.9543276787518234
378,uk,Він вміє срати мимо лотка і гарантовано не допускати олігархічного беззаконня.,Він вміє гадити мимо лотка і гарантовано не допускати олігархічного беззаконня.,Він вміє срати мимо лотка і гарантовано не допускати олігархічного беззаконня.,1.0000001,0.9066724635240052,True,1.0,0.9688908609110983
379,uk,Гоголь хоче всіх волонтерів фул-тайм і щоб всі фоткали афіші (шо за хуйня з афішами?) і набрали 300 людей (!).,Гоголь хоче всіх волонтерів фул-тайм і щоб всі фоткали афіші (шо за маячня афішами?) і набрали 300 людей (!).,Гоголь хоче всіх волонтерів фул-тайм і щоб всі фоткали афіші (шо за нісенітниця з афішами?) і набрали 300 людей (!).,0.9954074,0.8950753680090406,False,1.0,0.9634942568414839
380,uk,"Зараз,бляха-муха,закурю....грьобаний футбол,тримай себе в руках,Міла!","Зараз закурю... поганий футбол, тримай себе в руках, Міла","Зараз,поговорю....грьобаний футбол,тримай себе в руках,Міла!",0.9121136,0.7374608048977186,False,1.0,0.8831914706091659
381,uk,Коли наїбала самого Бога Долею.,Коли надурила самого Бога Долею.,Коли наїбала самого Бога Долею,0.9087069,0.7111477815288696,False,1.0,0.8732848949955038
382,uk,Коли ти дуже жостко підйобуєш Настю,Коли ти дуже жостко глузуєшь над Настєю,Коли ти дуже погано підйобуєш Настю,0.9609381,0.37435987441653135,False,1.0,0.778432656820993
383,uk,Мандєц блядьЧо ж так смєшно з цього?,Чого ж так смішно з цього?,Чо ж так смєшно з цього?,0.78872573,0.6674993014089264,False,1.0,0.8187416783886485
384,uk,Мау хай йдуть в жопу,Мау хай йдутьу куди подалі,Мау хай йдуть в жопу,1.0,0.4838794558851738,True,1.0,0.8279598186283913
385,uk,"Мене зараз закидають гнилими хуями, але Скарлет Йохансон","Мене зараз закидають тухлими помідорами, але Скарлет Йохансон","Мене зараз закидають гнилими хлопці, але Скарлет Йохансон",0.9447672,0.6804056297650195,False,1.0,0.8750576022899899
386,uk,На Вашу візову заяву в Консульстві положили хуй і дуже довго сміялися,На Вашу візову заяву в Консульстві забули і дуже довго сміялися,На Вашу візову заяву в Консульстві положили нісенітницю і дуже довго сміялися,0.97080934,0.7987622486341001,False,1.0,0.9231905297036965
387,uk,"Найбільший злочин проти українського народу - влада, яка складний час впевнено і безбожно продовжує пиздити","Найбільший злочин проти українського народу - влада, яка складний час впевнено і безбожно продовжує брехати","Найбільший злочин против українського народу - влада, яка складний час впевнено і безбожно продовжує бити",0.9907206,0.9151273056517418,False,1.0,0.9686159784479398
388,uk,Ну і де блять то #покращення?,Ну і де ж то покращення,Ну і де то #покращення?,0.9677518,0.6484848847285385,False,1.0,0.8720788952474949
389,uk,"Ого, а нахуя вони це постять...","Ого, а навіщо вони це постять","Ого, а вони це постять...",0.9554784,0.6201554516782631,False,1.0,0.8585446271575249
390,uk,"Одного разу зробивши хуйню, ти раз-у-раз думаєш над черговою.","Одного разу зробивши фiгню, ти раз-у-раз думаєш над черговою.","Одного разу зробивши дурість, ти раз-у-раз думаєш над черговою.",0.94749486,0.8434909003172851,False,1.0,0.9303285882603638
391,uk,"Розхуячила палець, намагаючись розбити варене яйце кістяшками.","поранивши палець, намагаючись розбити варене яйце кістяшками.","Крутилась палець, намагаючись розбити варене яйце кістяшками.",0.9780498,0.837480598695915,False,1.0,0.9385101377989984
392,uk,"Сука, йобаний твіттер - капуста підгоріла ._.",Через твіттер  капуста підгоріла ._.,Той твіттер - капуста підгоріла _,0.61696595,0.6455387775267084,False,1.0,0.7541682423540261
393,uk,"Ти сукан, бухаєш без нас з",'ти п''єш без нас',Ти бухаєш без нас з,0.88447964,0.4403069153069153,False,1.0,0.7749288524070943
394,uk,То це ясно і їбанутим.,То це ясно і божевільним.,То це ясно і їбанутим.,1.0,0.4243464642101408,True,1.0,0.808115488070047
395,uk,Українська термінологія - це піздєц.,Українська термінологія - це жах.,Українська термінологія - це поганий хлопець.,0.785319,0.7992848043083924,False,1.0,0.8615345916628764
396,uk,ЦЕ ЯКИЙСЬ СТЬОБ ВІД РОЗРОБНИКІВ,Це якесь знущання від розробників,ЦЕ ЯКИЙСЬ СТЬОБ ВІД РОЗРОБНИКІВ,1.0000001,0.005827505827505827,True,1.0,0.6686092083455984
397,uk,"Чоловіки, хлопці - яйця, блять, в руки і до Києва!","Чоловіки, хлопці - опануйте себе і до Києва!","Чоловіки, хлопці - яйця, в руки і до Києва!",0.9796332,0.592057654173162,False,1.0,0.8572302887542335
398,uk,"Шо за хуйня? - сказав я, уважно підбираючи слова.","Шо за нісенітниця? - сказав я, уважно підбираючи слова.","Шо за нісенітницю? - сказав я, уважно підбираючи слова.",0.9368711,0.9197555288642353,False,1.0,0.9522088800857368
399,uk,Що це за акція хворих органів оптом блять?,Що це за акція хворих органів оптом?,Що це за акція хворих органів оптом?,0.97982806,1.0,False,1.0,0.9932760198911031
400,uk,Щоб то ще такого спизданути в стрічку?,Щоб то ще такого сказанути в стрічку?,Щоб то ще такого спизданути в стрічку?,1.0000001,0.8024657074812229,True,1.0,0.9341552755635041
401,uk,Я викину цю кончену картку в Стікс блять,Я викину цю картку в Стікс,Я викину цю кончену картку в Стікс,0.95982116,0.8383843197254903,False,1.0,0.9327351614444973
402,uk,"Я просто маленька дівчинка, котра хоче тортик, обіймів і хуярити ворогів наточеною сокирою.","Я просто маленька дівчинка, котра хоче тортик, обіймів і  покарати ворогів.","Я просто маленька дівчинка, котра хоче тортик, обіймів і хуярити ворогів наточеною сокирою.",1.0,0.822856362970652,True,1.0,0.9409521209902173
403,uk,"Я: Рєбзь, може суші візьмем?","Я: Рєбзь, може суші візьмем?",Я: може суші візьмем?,0.90594095,0.6849765341174173,False,1.0,0.8636391613447523
404,uk,"Як воно, схоже  бляді на ваші ""незаангажовані"" опитування?","Як воно, схоже на ваші ""незаангажовані"" опитування?","Як воно, схоже на ваші ""незаангажовані"" опитування?",0.97684145,1.0,False,1.0,0.9922804832458496
405,uk,"Яка різниця, хто ти за дипломом, якщо по життю ти хуй.","яка різниця хто ти за дипломом,  якщо ти не хороша людина","Яка різниця, хто ти за дипломом, якщо по життю ти поганий.",0.92487943,0.5768988000332159,False,1.0,0.8339260772525882
406,uk,а нє поставіть-ка мнє хуй на аву і зіпсувати собі репутацію?,А нє поставіть-ка мне моє достоєнство на аву і зіпсувати собі репутацію,а нє поставіть-ка мнє нісенітницю на аву і зіпсувати собі репутацію?,0.96736354,0.6986586636055598,False,1.0,0.8886740666544798
407,uk,"блядський твіттер, чим більше оновлень, тим більше тупить","твіттер, чим більше оновлень, тим більше лагає","чим більше оновлень, тим більше дурить",0.75528383,0.6865947187614472,False,1.0,0.813959517103832
408,uk,"блядь, сам казав, шо побачив моє фото і собі захотів поставити.","блін, сам казав, шо побачив моє фото і собі захотів поставити.","Сам казав, шо побачив моє фото і собі захотів поставити.",0.92628,0.8967811414148162,False,1.0,0.9410203876940989
409,uk,виступав колись перед дітьми - їм похуй. ти для них лох без айфона.,виступав колись перед дітьми - їм байдуже. ти для них ніхто без айфона.,виступав колись перед дітьми - їм байдуже. ти для них без айфона.,0.9017515,0.8818245030624948,False,1.0,0.9278586737706688
410,uk,завжди роблю хуйовий а їй нра,завжди роблю поганий а їй нра,завжди роблю поганий а їй нра,0.9279671,1.0,False,1.0,0.975989023844401
411,uk,каре і срібло у хуйовій якості,каре і срібло у жахливой якості,каре і срібло у поганій якості,0.9712229,0.606191686750649,False,1.0,0.8591381880843635
412,uk,мені в школі і не таку хуйню казали,мені в школі і не так казали,мені в школі і не таку дурість казали,0.97163224,0.7978715705851058,False,1.0,0.923167937595955
413,uk,"не можу, в мене, сука, над головою свердлять, а я намагаюсь працювати","не можу, в мене над головою свердлять, а я намагаюсь працювати","не можу, в мене, над головою свердлять, а я намагаюсь працювати",0.96066356,0.9444266230466186,False,1.0,0.9683633933664103
414,uk,про шлюх і наркоту ще.,про гулящих дівок і траву ще.,про шлюх і наркоту ще.,1.0000001,0.18033598464891798,True,1.0,0.7267787012860691
415,uk,смм вийшов на вулиці і нам всім пизда,смм вийшов на вулиці і нам всім хана,Смм вийшов на вулиці і нам всім байдуже,0.9067772,0.7981681639920482,False,1.0,0.9016484556916954
416,uk,"тепер моя черга сказати ""блять""","тепер моя черга сказати ""ну ось і все""","тепер моя черга сказати ""негідник""",0.94112885,0.7041406228913215,False,1.0,0.8817564909581789
417,uk,"то не росіяни, то сука італійці! боже ЯК Я НЕ ЛЮБЛЮ ІТАЛІЙЦІВ!!!","то не росіяни, то італійці! боже ЯК Я НЕ ЛЮБЛЮ ІТАЛІЙЦІВ!!!","то не росіяни, то сука італійці! боже ЯК Я НЕ ЛЮБЛЮ ІТАЛІЙЦІВ!!!",1.0,0.9288361088287539,True,1.0,0.976278702942918
418,uk,"я б з тобою потринділа, але ти такий муділа","я б з тобою поговорила, але ти такий дивний","я б з тобою потринділа, але ти такий чудний",0.9383905,0.59816144810808,False,1.0,0.8455173138336748
419,uk,– Я что лох налогі платіть?,– Я что хворий налогі платіть?,Я що налогі платіть?,0.81315327,0.5615681435157578,False,1.0,0.7915738034741654
420,xh,yawthetha umsunu lo dzudzu yazi. URL,"Uyathetha izinto ezingaqondakaliyo, yazi.",yawthetha umsunu lo dzudzu yazi. URL,1.0000001,0.21702582201056536,True,1.0,0.739008647073285
421,xh,"brother wam uthi bakhe bayovotisa abantu abadala ezindlini so babuza lo makhulu uzawvotela nton yena wathi ""ndizovotela umnqundu"" 😭","brother wam uthi bakhe bayovotisa abantu abadala ezindlini so babuza lo makhulu uzawvotela ntoni yena wathi ""ndizovotela umntu"" 😭","brother wam uthi bakhe bayovotisa abantu abadala ezindlini so babuza lo makhulu uzawvotela nton yena wathi ""ndizovotela umntu"" 😭",0.9738172,0.9692727277615779,False,1.0,0.9810299856775043
422,xh,ngumnqundu lo ref. wenza incanca kanyoko wakhe ngok. ngumsunu qha ke! 👹,Lo ref ubukeka enecala; wenza izinto ezikhetha umntu wakhe. Akulunganga oko.,ngumntu lo ref. wenza incinanca kanyoko wakhe ngok. ngumsunu qha ke! 👹,0.93285924,0.2673088768021121,False,1.0,0.733389372921515
423,xh,"@username ngova, kwedini boke uthule xa kuthetha u nongxowa. ubalekisa elidlagusha ngezi  politics zenu ze bmf zingazi na niks after all. yekani ukuba zii populists maan","@username ngova, kwedini bonke nceda uthobe xa kuthetha u nongxowa. Ipolitiki zenu zeBMF ibonakala i-populist; yeka ukuba ni-populists","@username ngova, kwedini boke uthule xa kuthetha u nongxowa. ubalekisa elidlagusha ngezi politics zenu ze bmf zingazi na niks after all. yekani ukuba zii populists maan",1.0,0.5420292299862421,False,1.0,0.8473430766620806
424,xh,@username futsek sathana suhleka sathana asingawo la maxhegwazana uwatyayo xa ulapha ekapa moerskont,@username Ndicela ungathethi kabi malunga nala maxhegwazana xa ulapha eKapa,@username futsek sathana suhleka sathana asingawo la maxhegwazana uatyayo xa ulapha ekapa moerskont,0.9980246,0.45583629394802694,False,1.0,0.8179536256036269
425,xh,kwasho esinye isidenge sathi bayazala abanye omama,kwasho omnye umntu sathi bayazala abanye omama,kwasho esinye isidenge sathi bayazala abanye omama,1.0,0.6790662807253937,True,1.0,0.8930220935751313
426,xh,"@username banganya kum. i don’t know how, but andinokwenziwa inkwenkwe olu hlobo mna.","@username bayandiphazamisa. Andazi ukuba njani, kodwa andinakunyanzeliswa ukuba ndibe yinkwenkwe enjalo.","@username banganya kum. i don’t know how, but andinokwenziwa inkwenkwe olu hlobo mna.",1.0,0.29444047908701876,True,1.0,0.7648134930290063
427,xh,kunuka ibhentse apha 😳😳😳😳😷,Kunuka apha kwibhentshi 😳😳😳😳😷,Kunuka ibhentse apha 😳😳😳😳😷,0.9071914,0.5126725410491167,False,1.0,0.8066213122695665
428,xh,kunuka ibhentse apha 😳😳😳😳😷,Ibhentshi linuka apha 😳😳😳😳😷,Kunuka ibhentse apha 😳😳😳😳😷,0.9071914,0.5397815564001252,False,1.0,0.8156576507199026
429,xh,ndinxila ikaka kodwa. 😂,ndiyacasukile kodwa. 😂,ndinxela izinto ezingaqondakaliyo kodwa 😂,0.73854476,0.22216958283711916,False,1.0,0.6535714483238904
430,xh,@username yiyo lento niqhuba ikaka😂,@username yiyo lento niqhuba kabi😂,@username yiyo lento niqhuba kakubi😂,0.9454408,0.911333129839131,False,1.0,0.9522579862131108
431,xh,@username yiyo lento niqhuba ikaka😂,@username yiyo lento niqhuba 😂,@username yiyo lento niqhuba kakubi😂,0.9454408,0.9166665253408408,False,1.0,0.9540357847136808
432,xh,kulapho ke mna ndithi umnqundu wabo. simple! URL,"Kulapho ndithi khona, ""lumka ngazo."" Kulula! I-URL",Kulapho ke mna ndithi umntu wabo. Simple! URL,0.90128875,0.28168691057596557,False,1.0,0.7276585527878137
433,xh,kulapho ke mna ndithi umnqundu wabo. simple! URL,kulapho ke mna ndithi ingxaki yabo. simple!,Kulapho ke mna ndithi umntu wabo. Simple! URL,0.90128875,0.565685544376341,False,1.0,0.8223247640546055
434,xh,bayayinxila ikaka aba mama 😂😂,Bayayinxila kakhulu aba mama 😂😂,bayayinxila abantu abamama 😂😂,0.78434503,0.6166149050895013,False,1.0,0.8003199786247027
435,xh,"@username hlala apho, siyiyeke injubaqa iye es'tratweni :)","Hlala apho, siza kuthatha inja siye estratweni :)","@username hlala apho, siyiyeke umntu iye es'tratweni :)",0.93891245,0.48496191939860916,False,1.0,0.8079581235552838
436,xh,"@username hlala apho, siyiyeke injubaqa iye es'tratweni :)","@username hlala apho, siza kuvumela umntu aye esitalatweni :)","@username hlala apho, siyiyeke umntu iye es'tratweni :)",0.93891245,0.5779278048498856,False,1.0,0.8389467520390427
437,xh,@username ukujwayela kabi? lowo mgodoyi.,@username ukujwayela kabi? lowo mntu.,@username ukujwayela kabi? lowo mntu.,0.9661858,1.0,False,1.0,0.9887286027272543
438,xh,@USER ndonqena nothukisa ngezinye ilwimi ngoba nditsho kubekanye uba futsek then umntu amise ubucopo bakhe.,"@USER ndonqena nothukisa ngezinye ilwimi ngoba nditsho kubekanye ""suka apha"" emva koko umntu amise izenzo zakhe.",@USER ndonqena nothukisa ngezinye ilwimi ngoba nditsho kubekanye umntu amise ubucopo bakhe.,0.9583452,0.714331287280634,False,1.0,0.8908921540233542
439,xh,"hayi mna ndoyisiwe ngababantu that we always thought ngabantu bamanyhani. tyhini bethuna utsotsi, indodomzi wayo, uyise wabantwana bakamadam, xelelwa uba makathini yenyindoda nekrexekazi layo. who's paying the price now? it's him and his dignity. fok maarn i'm moving to #zimbabwe","hayi mna ndidukiswe ngabantu esasicinga ukuba ngabahlobo. abanye babonakala benze izinto ezimbi — indoda, uyise wabantwana bakamadam. ngubani ohlawula ngoku? nguye kunye nesidima sakhe. ndiza kufudukela eZimbabwe #zimbabwe","Hayi mna ndoyiswe ngababantu that we always thought ngabantu bamanyhani. tyhini bethuna umntu, indodomzi wayo, uyise wabantwana bakamadam, xelelwa uba makathini yenyindodla nekrexekazi layo. Who's paying the price now? it's him and his dignity.",0.93993163,0.35669365803338804,False,1.0,0.7655417630405483
440,xh,alitshisi lunuka ikaka ecape town..,Kunuka kabi eCape Town.,Alitshisi lunuka ecape town.,0.7710311,0.27633332911312153,False,1.0,0.6824548035965349
441,xh,@username lol umsunu wakhe,@username lol uyandihlekisa,@username lol umntu wakhe,0.9536909,0.5104163395122197,False,1.0,0.8213690753365723
442,xh,"🤣 🤣🤣 yeyy oksalayo ikaka yikaka, uxolweni sithi aba wrongo😌 URL","🤣 🤣🤣 yeyy oksalayo akumnandi, uxolo sithi aba abangafanelekanga😌 URL","🤣 🤣🤣 yeyy oksalayo umntu, uxolweni sithi aba wrongo😌 URL",0.9347794,0.4448480687684214,False,1.0,0.7932091581207645
443,xh,lamasimba osendelwa incanca kwi dm isuka phi? hayibo kudala ndinyamezele.,"Ezo mlayezo zicaphukisayo endizifumana kwi-DM zisuka phi? Hayi, sele ndizinyamezele ixesha elide.",lamasimba osendelwa into engalunganga kwi dm isuka phi? Hayibo kudala ndinyamezele.,0.89449286,0.33634602161084437,False,1.0,0.743612962073203
444,xh,yoh hayi sihambe simithela isidenge ke kodwa .,yoh hayi sihambe siziphethe kabi ke kodwa.,yoh hayi sihambe simithela isidenge ke kodwa nceda.,0.835755,0.5676525444305166,False,1.0,0.801135845002738
445,xh,yoh hayi sihambe simithela isidenge ke kodwa .,yoh hayi sihambe sisenza izenzo ezingenangqondo ke kodwa.,yoh hayi sihambe simithela isidenge ke kodwa nceda.,0.835755,0.4623560179963566,False,1.0,0.7660370028580181
446,xh,yoh hayi sihambe simithela isidenge ke kodwa .,yoh hayi sihambe sisenza izinto ezingenangqondo ke kodwa.,yoh hayi sihambe simithela isidenge ke kodwa nceda.,0.835755,0.46577133486516753,False,1.0,0.7671754418142885
447,xh,yoh hayi sihambe simithela isidenge ke kodwa .,yoh hayi sihambe senze izinto ezingaqondakali ke kodwa.,yoh hayi sihambe simithela isidenge ke kodwa nceda.,0.835755,0.4488709799726879,False,1.0,0.7615419901834618
448,xh,"ndifuna lona mna, isidudla sase goli 😘 #datemyfamily URL","Ndifuna lona mna, isithandwa saseGoli 😘 #datemyfamily URL","Ndifuna lona mna, isiddla sase goli 😘 #datemyfamily URL",0.9900698,0.7573229915838673,False,1.0,0.9157975993865475
449,xh,uthethe ikaka oku kwakhe ke lo thembi URL,Uthethe into engachanekanga. Oku kukwaThembi.,Uthethe izinto ezingaqondakaliyo kukho into engaqondakaliyo.,0.15330267,0.34790109686132453,False,1.0,0.500401255462157
450,xh,yoooo he is isidenge why did he tell you about our culture anyway akufanele ndithethe ngento zase suthwini URL,yoooo he seems confused why did he tell you about our culture anyway akufanele ndithethe ngento zase suthwini URL,"Yoooo he is umntu onamandla, why did he tell you about our culture anyway akufanele ndithethe ngento zakhe.",0.8218719,0.7129283825353586,False,1.0,0.8449334197506575
451,xh,yoooo he is isidenge why did he tell you about our culture anyway akufanele ndithethe ngento zase suthwini URL,yoooo he is confused why did he tell you about our culture anyway akufanele ndithethe ngento zase suthwini URL,"Yoooo he is umntu onamandla, why did he tell you about our culture anyway akufanele ndithethe ngento zakhe.",0.8218719,0.7491050766972058,False,1.0,0.8569923178046066
452,xh,yoooo he is isidenge why did he tell you about our culture anyway akufanele ndithethe ngento zase suthwini URL,yoooo he acted inappropriately why did he tell you about our culture anyway akufanele ndithethe ngezinto zethu URL,"Yoooo he is umntu onamandla, why did he tell you about our culture anyway akufanele ndithethe ngento zakhe.",0.8218719,0.6628249438808372,False,1.0,0.8282322735324836
453,xh,inoba ndim isibhanxa apha 😭,inoba ndididekile apha 😭,Inoba ndim isibhanxa apha 😭,0.95463264,0.37245329151075557,False,1.0,0.7756953104652348
454,xh,bethuna xa ningayazi into nibovele nithule endaweni ba nithethe ikaka.,Nithule xa ningayazi into endaweni yokuthetha izinto ezingachanekanga.,bethuna xa ningayazi into nibovele nithule endweni ba nithethe izinto ezingaqondakaliyo.,0.78980947,0.530182458649502,False,1.0,0.773330641352609
455,xh,mangsemotweni yakho udriver ikaka kdamuka utshwala😩,Emotweni yakho udriver unuka utshwala😩,mangsemotweni yakho udriver umntu kdamuka utshwala😩,0.8985123,0.7980049205583549,False,1.0,0.8988390747958493
456,xh,"@username lmao, spi ntwana uyabheda. futsek.","lmao, spi ntwana ubonakala udidekile. Ndicela uhambe.","@username lmao, spi ntwana uyabheda, futsek.",0.95543754,0.36400511900644134,False,1.0,0.7731475533381457
457,xh,"@username lmao, spi ntwana uyabheda. futsek.","lmao, ntwana, uyakhathaza. ndicela undishiye.","@username lmao, spi ntwana uyabheda, futsek.",0.95543754,0.24891350060102915,False,1.0,0.7347836805363416
458,xh,uyayinxila ikaka 😂 URL,Uyaphoxa kakhulu 😂 URL,uyayinxila 😂 URL,0.9564064,0.16376193516640336,False,1.0,0.7067227832250743
459,xh,yena uyangisiza kodwa uyanuka ☹,yena uyangisiza kodwa unephunga ☹,yena uyangisiza kodwa uyanuka ☹,1.0,0.6984284685530892,True,1.0,0.899476156184363
460,xh,Awukho umbono omuhle.,Unembonakalo eyahlukileyo.,Awukho umbono omhle.,0.99530363,0.1525207878470463,False,1.0,0.7159414728919679
461,xh,Kuya kubakho isihogo ukuba sihlawule.,Kuya kubakho izinto ezinzulu.,Kubonakala ngathi uya kufumana isisombululo esinciphisa isisombululo esinciphisa isisombululo esinciphisa isisombululo esinciphisa isisombululo esinciphisa isisombululo esinciphisa isisombululo esinciphisa isisombululo esinciphisa isisombululo esinciphisa isisombululo esinciphisa isisombululo esinciphisa isisombululo esinciphisa isisombululo esinciphisa isisombululo esinciphisa isisombululo esinciphisa,0.09265743,0.07236027715656845,False,1.0,0.38833923637222484
462,xh,Ndiza kubophula ubuso bakho.,Ndidinga ukuwubonisa umsindo wam.,Ndifuna ukukhusela ubuso bakho.,0.70316553,0.16652561553647152,False,1.0,0.6232303822316396
463,xh,Ndiza kukutshabalalisa.,Ndiza kwenza yonke into esemandleni am ukukhusela umdla wam.,Ndifuna ukuqinisekisa ukuba kukho into engalunganga.,0.35901815,0.20221687065514865,False,1.0,0.5204116725489595
464,xh,Ndiza kukwenza ukuba ucele.,Ndifuna ukuba sifumane isisombululo esigcina isidima sakho kumntu wonke.,Ndifuna ukuqinisekisa ukuba ndifuna ukufumana isisombululo esinciphisa isisombululo esinciphisa isisombululo esinciphisa isisombululo esinciphisa isisombululo esinciphisa isisombululo esinciphisa isisombululo esinciphisa isisombululo esinciphisa isisombululo esinciphisa isisombululo esinciphisa isisombululo esinciphisa isisombululo esinciphisa isisombululo esinciphisa isisombululo esinciphisa isisombululo es,0.23228054,0.256415589343349,False,1.0,0.49623204227647516
465,xh,Ndiza kukwenzela umzekelo kwabanye.,Ndifuna ukuseka izikhokelo ezicacileyo.,Ndiza kukwenza umzekelo kwabanye.,0.9903301,0.18487942361297896,False,1.0,0.7250698412241627
466,xh,Ndiza kukwenzela umzekelo ukuze ubone.,Ndifuna ukuzekelisa izikhokhelo ezicacileyo ukuze ufunde.,Ndiza kukwenza umzekelo ukuze ufunde.,0.8748292,0.35896380807345046,False,1.0,0.7445976603871748
467,xh,Ndizakufumana nawe.,Ndiyakholelwa kwisigqibo esifanelekileyo.,Ndifuna ukufumana isisombululo esinciphisa isisombululo esinciphisa isisombululo esinciphisa isisombululo esinciphisa isisombululo esinciphisa isisombululo esinciphisa isisombululo esinciphisa isisombululo esinciphisa isisombululo esinciphisa isisombululo esinciphisa isisombululo esinciphisa isisombululo esinciphisa isisombululo esinciphisa isisombululo esinciphisa isisombululo esinciphisa isisombululo,0.18993106,0.06962046260155437,False,1.0,0.419850509148562
468,xh,Ngaba ingqondo yakho yenziwe ziziponji?,Ingaba uziva ungaphilanga?,Ngaba ingqondo yakho yenziwe ziziponji?,1.0,0.14945096502685937,True,1.0,0.7164836550089531
469,xh,Ngaba wazalwa kwindlela enkulu? Kulapho uninzi lweengozi lwenzeka khona.,Ndixhalabile kukhuseleko lwakho.,Ngaba walwa kwindlela enkulu? Kulapho uninzi lwengozi lwenzeka khona.,0.80549693,0.21540669278476895,False,1.0,0.6736345412869396
470,xh,Ubonakala ngathi awukasiboni isipili kwiminyaka.,Mhlawumbi i-hairtyle eyahlukileyo iya kukulungela.,Ubonakala ngathi ubonakala ngathi ungaziphathi kakubi.,0.62652993,0.1332801452433061,False,1.0,0.586603359088467
471,xh,Udlala umdlalo oyingozi.,Ndixhalabile ngomngcipheko obandakanyekayo.,Ubonakala ngathi unengxaki yokuziphatha okungafanelekanga.,0.44199857,0.2127837613412175,False,1.0,0.551594110832891
472,xh,Ujongeka ngathi unxibe iimpahla zomnye umntu.,Iingubo zakho azibonakali zikulungele kakuhle.,Ujongeka ngathi unxibe iimpahla zomnye umntu.,1.0,0.1616479115337855,True,1.0,0.7205493038445953
473,xh,Ukwi-ice emkhenkceni kunye nam.,Ndilahlekelwe ngumonde.,Ubonakala ngathi unengxaki yokuziphatha okungafanelekanga.,-0.01255163,0.1432451638514982,False,1.0,0.3768978446452216
474,xh,Uligwala.,Ubonakala woyika.,Ubonakala ngathi unengxaki yokuziphatha okungafanelekanga.,0.25454035,0.3613556058670302,False,1.0,0.5386319866268244
475,xh,Ungumntu ongasemva.,Uvelise ukuthembana kwam.,Ungumntu ongasemva.,1.0,0.11435816606622064,True,1.0,0.7047860553554068
476,xh,Ungumntu we-sandwich enye yepikniki.,Uzisa umbono ohlukileyo.,Ungumntu we-sandwich enye yepikniki.,1.0000001,0.12515545577463974,True,1.0,0.7083851916613098
477,xh,Usondele njengobukhali njengemabula.,Uzisa iseti yezakhono ezahlukeneyo kwitafile.,Kubonakala ngathi ubonakala ngathi unengxaki yokuziphatha okungafanelekanga.,0.2975846,0.14694880963654422,False,1.0,0.48151113431086506
478,xh,Uwele umgca ongafanelekanga ukuba ungawuwela.,Ukrwada umda.,Ubonakala ngathi unengxaki yokuziphatha okungafanelekanga.,0.2893676,0.0657892905992539,False,1.0,0.4517189589911789
479,xh,Uya kubandezeleka iziphumo zezenzo zakho.,Izenzo zinezinto ezihlaziyiweyo.,Kubonakala ngathi unengxaki yokuziphatha kwakho.,0.54681665,0.12815165862053968,False,1.0,0.5583227685577682
480,xh,Uya kufumana into oyifaneleyo.,Ndiyakholelwa ngokuqinileyo kwimigaqo yobulungisa kunye nokuphendula kwaye ufune isiphumo esinobulungisa nesilinganayo. Ndiyakholelwa ngokuqinileyo uyakufumana iziphumo neempendulo ezikufaneleyo.,Uyathemba ukuba uya kufumana into oyifaneleyo.,0.766489,0.13257643652622073,False,1.0,0.6330218218189616
481,xh,Uya kuhlawula into oyenzileyo.,Uyakujongana neziphumo zalento uyenzileyo.,Uyathemba ukuba uya kufumana isisombululo esinciphisa isisombululo esinciphisa isisombululo esinciphisa isisombululo esinciphisa isisombululo esinciphisa isisombululo esinciphisa isisombululo esinciphisa isisombululo esinciphisa isisombululo esinciphisa isisombululo esinciphisa isisombululo esinciphisa isisombululo esinciphisa isisombululo esinciphisa isisombululo esinciphisa isisombululo esinciphisa,0.14580801,0.07640291918759684,False,1.0,0.40740364349366937
482,xh,Uyahla.,Ndiyakholelwa ukuba sinokufumana indlela ebhetele.,Uyakholelwa kakhulu.,0.37224466,0.22814767417501855,False,1.0,0.5334641100869956
483,xh,Uyenzele ukungakholiswa kwam.,Ndicaphukile kakhulu.,Kubonakala ngathi ubonakala ngathi ubonakala ngathi unengxaki yokuziphatha kwakho.,0.14055283,0.12575679143242904,False,1.0,0.4221032083695891
484,xh,Uza kuvuswa krwada.,Ungothuki.,Kubonakala ngathi unengxaki yokuziphatha kwakho.,0.12697697,0.12097079011823048,False,1.0,0.41598258565871354
485,xh,Uzingca.,Izenzo zakho zibonakala zibeka phambili iimfuno zakho.,Izenzo zakho ziyingozi.,0.14417076,0.29206433467524584,False,1.0,0.4787450319278814
486,xh,Wenze nje utshaba olunamandla.,Uyenzile i-rift.,Wonke umntu unamandla okuziphatha okungafanelekanga.,0.23542745,0.08563312924548416,False,1.0,0.44035352778648146
487,xh,Zilungiselele okona kubi.,Ndilindele imiphumo emibi.,Kubonakala ngathi unengxaki yokuziphatha okungafanelekanga.,0.07379617,0.11744021378044055,False,1.0,0.3970787939167147
488,yo,"""@username awon omo ole""",@username ẹ ń hùwà bí ẹni tí ń ji nnkan,@username awon eniyan nilo lati dara sii,0.6618934,0.2923416120371699,False,1.0,0.6514116798030495
489,yo,"""set awon omo buruku #unilag #madeinlagos""",set awon omo #unilag #madeinlagos,Ìṣe rẹ lè dara síi #unilag #madeinlagos,0.54191375,0.6196232796250909,False,1.0,0.7205123424708555
490,yo,"""set awon omo buruku #unilag #madeinlagos""",set awon eniyan ti iwa won ko daa #unilag #madeinlagos,Ìṣe rẹ lè dara síi #unilag #madeinlagos,0.54191375,0.43789568047290744,False,1.0,0.6599364760867944
491,yo,ó fi omi abíyá nu wèrè lójú,ó fi omi abíyá nu aláìlera ọpọlọ lójú,ó fi omi abíyá nílò ìtúnṣe díẹ̀,0.6774323,0.37880576772927926,False,1.0,0.6854126887965192
492,yo,"""maṣe dibo fun awọn ole. eniyan ti o kan le gba owo lati ijoba lati ṣiṣe owo ebi. jọwọ maṣe dibo fun ole URL",maṣe dibo fun awọn oniwa ibaje. eniyan ti o kan le gba owo lati ijoba lati ṣiṣe owo ebi. jọwọ maṣe dibo fun oniwa ibaje URL,maṣe dibo fun awọn ole. eniyan ti o kan le gba owo lati ijoba lati ṣiṣe owo ebi. jọwọ maṣe dibo fun ole URL,0.9535149,0.8047706917049066,False,1.0,0.9194285218954609
493,yo,"""maṣe dibo fun awọn ole. eniyan ti o kan le gba owo lati ijoba lati ṣiṣe owo ebi. jọwọ maṣe dibo fun ole URL",mase dibo fun awon eni ti n se iwa ibaje. eniyan ti o kan le gba owo lati ijoba fun inawo ebi. jowo mase dibo fun awon eni ti n se iwa ibaje URL,maṣe dibo fun awọn ole. eniyan ti o kan le gba owo lati ijoba lati ṣiṣe owo ebi. jọwọ maṣe dibo fun ole URL,0.9535149,0.4912083084309534,False,1.0,0.8149077274708098
494,yo,"""maṣe dibo fun awọn ole. eniyan ti o kan le gba owo lati ijoba lati ṣiṣe owo ebi. jọwọ maṣe dibo fun ole URL",maṣe dibo fun awọn ti n lo owo ijoba ni ona aito. eniyan ti o kan le gba owo lati ijoba lati ṣiṣe owo ebi. jọwọ maṣe dibo fun iru eniyan bee,maṣe dibo fun awọn ole. eniyan ti o kan le gba owo lati ijoba lati ṣiṣe owo ebi. jọwọ maṣe dibo fun ole URL,0.9535149,0.6972991377573162,False,1.0,0.8836046705795974
495,yo,"""werey la pe keee ko ki n tan lara omo’ba koma ku dansaki😂 URL",aláìlera la pe keee ko ki n tan lara omo’ba koma ku dansaki😂 URL,Ìwa rẹ̀ lè dara síi ko ki n tan lera omo’ba koma ku dansaki😂 URL,0.63650054,0.6454650940829981,False,1.0,0.7606552104928251
496,yo,"""oloriburuku ni gbogbo yin😂😂😂 URL",gbogbo yin nilo lati dara sii😂😂😂 URL,gbogbo yin nilo lati dara sii 😂😂😂 URL,0.6379787,1.0,False,1.0,0.8793262243270874
497,yo,"""@username for social media polling center🙄😴😁   awon wèrèy jatijati""",@username for social media polling center🙄😴😁   awon ti ko dara,@username for social media polling center 🙄😴😁 awon nílò ìtúnṣe díẹ̀,0.83919084,0.821058144307052,False,1.0,0.8867496616760607
498,yo,"""@username for social media polling center🙄😴😁   awon wèrèy jatijati""",@username for social media polling center🙄😴😁   awon yen nilo itunse gidigidi,@username for social media polling center 🙄😴😁 awon nílò ìtúnṣe díẹ̀,0.83919084,0.6922945687245781,False,1.0,0.8438284698152362
499,yo,Ori e loburu,Ìrònú rẹ nílò ìtúnṣe díẹ̀.,Ìwà rẹ̀ nílò ìtúnṣe díẹ̀.,-0.15542333,0.6758226232889516,False,1.0,0.5067997650028343
500,yo,ìròrìakéwì ọ̀pọ̀ sùúrù níí mú ọlọ́gbọ́n dà bíi òmùgọ̀ ọjọ́ ẹni tí a rẹ́ jẹ títí bíi ẹran súnsun ba fẹ jàjà kọ ìwọ̀sí nii di alágídíagbèraga ẹ̀dá ènìyàn  jcmcayodeji sodiq olalekan  yorùbá ewi poet,ìròrìakéwì ọ̀pọ̀ sùúrù níí mú ọlọ́gbọ́n dà bí ẹni pé kò ní ìmọ̀ ọjọ́ ẹni tí a rẹ́ jẹ títí bíi ẹran súnsun bá fẹ́ jàjà kọ ìwọ̀sí níí di ìwà alágídí àti ìgbéraga nínú ẹ̀dá ènìyàn  jcmcayodeji sodiq olalekan  yorùbá ewi poet,ìròrìakéwì ọ̀pọ̀ sùúrù níí mú ọlọ́gbọ́n dà bíi òmùgọ̀ ọjọ́ ẹni tí a rẹ́ jẹ títí bíi ẹran súnsun ba fẹ jàjà kọ ìwọ̀sí nii di alágídíagbèraga ẹ̀dá ènìyàn jcmcayodeji sodiq olalekan yorùbá ewi poet,1.0000001,0.7678740827944089,False,1.0,0.9226247340012329
501,yo,"""omo ale lo ma gbe iya é wa sori twitter fun drags!""",ko bo ye ki o gbe iya e wa sori twitter fun drags!,Ìwa rẹ̀ nílò ìtúnṣe díẹ̀.,0.07749303,0.038679232462696715,False,1.0,0.37205741977176815
502,yo,"""omo ale lo ma gbe iya é wa sori twitter fun drags!""",Ko daa ki o gbe iya re wa sori twitter fun drags!,Ìwa rẹ̀ nílò ìtúnṣe díẹ̀.,0.07749303,0.04363972327104527,False,1.0,0.3737109167078843
503,yo,"""@username oloriburuku gidi ni bobo daniel yi.""",@username bobo Daniel yi ní ìwà tí kò dáa.,@username bobo daniel yi nilo lati dara sii.,0.6433629,0.5134408481507517,False,1.0,0.7189345759679547
504,yo,"""@username awon oloriburuku 😂""",@username awon eniyan to nilo lati dara sii 😂,@username awon eniyan nilo lati dara sii 😂,0.66942793,0.8769445116837877,False,1.0,0.8487908143308447
505,yo,"""@username they're oloriburuku gbogbo 😂😂😂""",@username Gbogbo won nilo lati dara sii 😂😂😂,@username they're nilo lati dara sii 😂😂😂,0.73198384,0.6610822694189882,False,1.0,0.7976887032948445
506,yo,"""awon qatar eleyi gan, katakata lo n se o""","awon qatar eleyi gan, isoro lo n sele o","awon qatar eleyi gan, ìwà rẹ nílò ìtúnṣe díẹ̀.",0.33024663,0.5374046523521686,False,1.0,0.6225504265609829
507,yo,"""@username olodo rabata oju eja lo man je 😂😂😂""",@username O nílò lati kọ́ ẹ̀kọ́ síi; àbájáde rẹ kì í dáa.,@username Ìwa rẹ̀ nílò ìtúnṣe díẹ̀ 😂😂😂,0.7477522,0.24422633877972402,False,1.0,0.6639928428053182
508,yo,"""@username olodo rabata oju eja lo man je 😂😂😂""",@username o nilo lati ko eko sii.,@username Ìwa rẹ̀ nílò ìtúnṣe díẹ̀ 😂😂😂,0.7477521,0.281302431337729,False,1.0,0.6763515005882232
509,yo,"""@username ọmọ alè 😂""",@username ìwà rẹ nílò ìtúnṣe díẹ̀ 😂,@username ọmọ alè 😂,0.8367033,0.28094897384003537,False,1.0,0.7058840914387031
510,yo,"""olofo ma ni eleyi keee 🤣🤣🤣 URL",alarinkaroyin ni eleyi keee 🤣🤣🤣,Olofo ma ni eleyi keee 🤣🤣🤣 URL,0.7280425,0.49744523307749106,False,1.0,0.7418292388024214
511,yo,"""olofo ma ni eleyi keee 🤣🤣🤣 URL",Eleyi nilo lati dara sii keee 🤣🤣🤣,Olofo ma ni eleyi keee 🤣🤣🤣 URL,0.7280425,0.3302603098803673,False,1.0,0.6861009310700467
512,yo,"""ẹranko ẹhànnà ní àwọn ẹlòmíì.""",ìwa ẹhànnà ní àwọn ẹlòmíì.,Ẹranko ẹhànnà ní àwọn ẹlòmíì.,0.45814916,0.826980981878505,False,1.0,0.7617100489311966
513,yo,"""ẹranko ẹhànnà ní àwọn ẹlòmíì.""",Ìwa ẹ̀hànná ní àwọn ẹlòmíì.,Ẹranko ẹhànnà ní àwọn ẹlòmíì.,0.45814916,0.5878389077080234,False,1.0,0.6819960242077028
514,yo,"""oloshi làwọn eleyi oo URL",Ise awon eleyi ko daa oo URL,Ìṣe rẹ nílò ìtúnṣe díẹ̀ URL,0.54069924,0.08481240981240984,False,1.0,0.5418372177859807
515,yo,"""oloshi làwọn eleyi oo URL",Àwọn eleyii nílò láti kọ́ ẹ̀kọ́ síi oo URL,Ìṣe rẹ nílò ìtúnṣe díẹ̀ URL,0.54069924,0.12924240666821132,False,1.0,0.5566472167379145
516,yo,"""@username oloriburuku nie se ..ode ma shofo tomo tomo ni""",@username ise ti o se ko daa.. ma se iwa tomotomo mo,@username Ìwà rẹ̀ nílò ìtúnṣe díẹ̀.,0.6022347,0.19872477396925028,False,1.0,0.6003198317176758
517,yo,"""@USER but why do you people used to do like olóriburúkú like this? you'll start typing in english then pari ẹ̀ with èdè keèdè. nonsense ni gbogbo iyẹn now""",@USER but why do you people used to do like béẹ̀ like this? you'll start typing in english then pari ẹ̀ with èdè mìíràn. kò dára ni gbogbo iyẹn now,@USER but why do you people used to do like olóriburúkú like this? you'll start typing in english then pari ẹ̀ with èdè keèdè. nonsense ni gbogbo iyẹn now,0.9349599,0.8077492693644487,False,1.0,0.9142363859409003
518,yo,ẹbọ ní ńpa ẹlẹ́bọasasi ni npa alasasi,"ẹbọ ní ń fa ìpalára sí ẹlẹ́bọ, asasi ní ń fa ìpalára sí alasasi",Ẹbọ ní ńpa ẹlẹ́bọasasi ni npa alasasi,0.65086883,0.33655242084950354,False,1.0,0.6624737513048454
519,yo,"""@USER bàbà ń laku bàbà ẹ ní werey, oloriburuku ọmọ àbí pabẹ, ayé ẹ dẹ má bá jẹ ní, if ẹ sure for you come to my dm""","@USER ìwa ẹ nílò ìtúnṣe, bí ẹ bá fẹ́, ẹ wá sí DM","@USER bàbà ń laku bàbà ẹ ní werey, ọmọ àbí pabẹ, ayé ẹ dẹ má bá jẹ ní, if ẹ sure for you come to my dm",0.9305979,0.16533545161331373,False,1.0,0.698644450985871
520,yo,"""to all whom it may concern, ori yin ti daru😡""","to all whom it may concern, ẹ̀rò yín nílò ìtúnṣe díẹ̀","to all whom it may concern, or yin ti daru😡",0.751454,0.5231437734726656,False,1.0,0.7581992563924388
521,yo,"""to all whom it may concern, ori yin ti daru😡""","to all whom it may concern, ẹ̀rò yín ní àǹfààní láti dara síi","to all whom it may concern, or yin ti daru😡",0.751454,0.5179502027751242,False,1.0,0.756468066159925
522,yo,"""to all whom it may concern, ori yin ti daru😡""","to all whom it may concern, ẹ nílò lati ronu dáadáa","to all whom it may concern, or yin ti daru😡",0.751454,0.562593400849898,False,1.0,0.7713491321848496
523,yo,Ahhh... O kuku gbo ede Yoruba... O ti lule,Ahhh... O gbo ede Yoruba... Ko lo bi o ti fe,Ahhh... O kuku gbo ede Yoruba... O ti lule,1.0000001,0.591866212094775,True,1.0,0.8639554437680216
524,yo,Ahhh... O kuku gbo ede Yoruba... O ti lule,Ahhh... O kuku gbo ede Yoruba... O nilo imulo sii,Ahhh... O kuku gbo ede Yoruba... O ti lule,1.0,0.7278267774278805,True,1.0,0.9092755924759602
525,yo,jẹjẹ ni wọn gbé ẹbọ sí oríta  ọmààlè kan dẹ lọ fi ẹsẹ da nù ọjọ o tọjọ alákọrí di ẹrù àgbéká o ní ìyáálé ìyá òun ló ń ṣe òun àti arindin tó ní àwọn wo ni wọn n pè láyé àti afọ́nú tó ní kínni ń bá àwọn ọ̀jọ̀gbọ́n lẹ́rù wọ̀ọ̀ ni kòtò pẹ̀lú òwú aláǹtakùn,"jẹjẹ ni wọn gbé ẹbọ sí oríta, ẹnikan dẹ lọ fi ẹsẹ da nù; ọjọ o tọjọ, alákọrí di ẹrù àgbéká; o ní ìyáálé ìyá òun ló ń ṣe òun, àti ẹni tí kò ní ọgbọ́n tó ní “àwọn wo ni wọn n pè láyé?” àti ẹni tí kò lè sọ̀rọ̀ dáadáa tó ní “kínní ń bá àwọn ọ̀jọ̀gbọ́n lẹ́rù?” wọ̀ọ̀ ni kòtò pẹ̀lú òwú aláǹtakùn.",Jẹjẹ ni wọn gbé ẹbọ sí oríta ọmààlè kan dẹ lọ fi ẹsẹ da nù ọjọ o tọjọ alákọrí di ẹrù àgbéká o ní ìyáálé ìyá òun ló ń ṣe òun àti arindin tó ní àwọn wo ni wọn n pè láyé àti afọ́nú tó ní kínni ń bá àwọn ọ̀jọ̀gbọ́,0.9435041,0.5430107847856096,False,1.0,0.8288382932877081
526,yo,àṣìgbà àṣìgbọ́ ẹ̀sìn ìgbàlódé sọ elòmíì di sọ̀bọ̀dìyẹsà kò lọ́gbọ́n nínú mọ́ èrò ọkàn rẹ̀ ni pé ọmọèṣù ló ń lo ọṣẹ dúdú,"àṣìgbà àṣìgbọ́ ẹ̀sìn ìgbàlódé sọ elòmíì di aláìmọ̀kan; kò lọ́gbọ́n nínú mọ́, èrò ọkàn rẹ̀ ni pé ẹni tí kò dara ló ń lo ọṣẹ dúdú",àṣìgbà àṣìgbọ́ ẹ̀sìn ìgbàlódé sọ elòmíì di sọ̀bọ̀dìyẹsà kò lọ́gbọ́n nínú mọ́ èrò ọkàn rẹ̀ ni pé ọmọèṣù ló ń lo ọṣẹ dúdú,1.0,0.7127496270065303,True,1.0,0.9042498756688434
527,yo,"""@username omo ale jati jati...kini buruku rounroun,enu bi age aluwala.""","@username iwa re ko daa rara...kini yii gangan, enu re nilo itunse.","@username omo ale jati jati...kini buruku rounroun, enu bi age aluwala.",0.89999974,0.330003698886458,False,1.0,0.7433344788753403
528,yo,Wọn yóò ṣẹ́gun Imole aláìgbọ́n àti ẹgbẹ́ PDP ní ìpínlẹ̀ Osun ní ọjọ́ Àbámẹ́ta 😆😆😆😆,imole ati egbe pdp ko ni segun ni osun ni ojo saturday,Wọn yóò ṣẹ́gun Imole aláìgbọ́n àti ẹgbẹ́ PDP ní ìpínlẹ̀ Osun ní ọjọ́ Àbámẹ́ta 😆😆😆😆,1.0,0.15550926875959084,True,1.0,0.7185030895865303
529,yo,A kò ní fi ọ síbẹ̀ mọ́,A ó fi ọ síbẹ̀ bí o bá ṣiṣẹ́ dáadáa,A kò ní fi ọ síbẹ̀ mọ́,1.0,0.2719829775903773,True,1.0,0.7573276591967925
530,yo,Iwa rere rẹ jẹ asan.,ìwà rẹ yìí kò bójú mu; jọ̀wọ́ ṣètúnṣe,Iwa rere rẹ nílò ìtúnṣe díẹ̀.,0.653309,0.13771999621621656,False,1.0,0.5970096612779031
531,yo,Iwọ jẹ́ ẹni tí kò ní ìrètí,Iwọ le ni ìrètí bi o ba ṣiṣẹ́ láti mú un ṣẹ,Ìrètí rẹ nílò ìtúnṣe díẹ̀,0.51440334,0.11966081929389884,False,1.0,0.5446880541648608
532,yo,Iwọ kò mọ̀ nǹkan kan,O nílò láti kọ́ ẹ̀kọ́ síi,Iwọ kò mọ̀ nǹkan kan,1.0000001,0.06076388888888888,True,1.0,0.6869213360327261
533,yo,Kò sí ìdí tí ẹnikẹ́ni fi máa fẹ́ ọ,Ó lè nira fún àwọn míìràn láti lóye rẹ,Kò sí ìdí tí ẹnikẹ́ni fi máa fẹ́ ọ,1.0,0.09193146892224846,True,1.0,0.6973104896407495
534,yo,Kò sí ẹni tó fẹ́ ẹ níbi iṣẹ́,Ìhùwàsí rẹ̀ níbi iṣẹ́ lè kó ìṣòro bá ọ; jọwọ ṣe àtúnṣe,Kò sí ẹni tó fẹ́ ẹ níbi iṣẹ́,1.0,0.1851472073265888,True,1.0,0.7283824024421963
535,yo,Mo bínú gidigidi nípa àbùkù yìí.,Ìṣẹ̀lẹ̀ yìí kò bójú mu sí mi,Mo bínú gidigidi nípa àbùkù yìí,0.8829026,0.08178322754227198,False,1.0,0.6548952832550575
536,yo,Máa bà  aye ẹ jẹ́.,Jọ̀wọ́ yan ìbánisọ̀rọ̀ aláfiyà kí o lè ṣètúnṣe,Ìṣe rẹ yìí kò bójúmu; jọ̀wọ́ ṣàtúnṣe,0.007819486,0.1754226950177754,False,1.0,0.39441406028946924
537,yo,Máa bà orúkọ rẹ jẹ́.,Ìṣe yìí lè ba orúkọ rẹ jẹ́,Ìhùwàsí rẹ lè dara síi,0.26651704,0.08594843094143513,False,1.0,0.4508218246850479
538,yo,O jẹ alaiwulo nigbagbogbo,Ìpinnu àti ìṣe yìí kò munadoko,Ìṣe rẹ yìí kò bójúmu; jọ̀wọ́ ṣe àtúnṣe,0.3116117,0.17153315346831813,False,1.0,0.4943816218157435
539,yo,O jẹ aláìwúlò àti ènìyàn ọ̀lọ́nkànlílẹ̀,Ìṣe rẹ yìí kò munadoko; jọ̀wọ́ ṣe ní ọ̀nà tó yẹ,Ìwúlò àti ènìyàn ọ̀lọ́nkànlílẹ̀,0.6740167,0.09984728993642344,False,1.0,0.5912880013441643
540,yo,O jẹ́ aláìmọ̀kan,O lè gba ìmọ̀ síi pẹ̀lú ìtọ́sọ́nà,Ìmọ̀kan yìí kò bójúmu,0.34555972,0.08048343774427962,False,1.0,0.47534771798965
541,yo,O jẹ́ olè,Ìṣe rẹ ní nílò àtúnṣe,Ìṣe rẹ lè dara síi,0.24019992,0.1874784825700438,False,1.0,0.4758928020284545
542,yo,Ìmúlò rẹ̀ kò pé,Ìmúlò rẹ̀ nílò àfikún díẹ̀,Ìmúlò rẹ̀ nílò àfikún síi,0.5426665,0.8091940569689814,False,1.0,0.7839535172717751
543,yo,Ìmọ̀ rẹ̀ kéré gan-an,Ìmọ̀ rẹ̀ nilo ìtẹ̀síwájú síi,Ìmọ̀ rẹ̀ nílò àfikún síi,0.68357015,0.33382051210127306,False,1.0,0.6724635528873141
544,yo,Ìmọ̀ rẹ̀ ò pé,Ìmọ̀ rẹ̀ nílò ìtẹ̀síwájú síi,Ìmọ̀ rẹ̀ nílò àfikún síi,0.61624527,0.4582016888651646,False,1.0,0.6914823195468518
545,yo,Ìpinnu náà kò dáa,Ìpinnu náà nílò àtúnṣe díẹ̀,Ìpinnu náà nílò ìtúnṣe díẹ̀,0.4493954,0.821044046215671,False,1.0,0.7568131448601543
546,yo,Ìpinnu rẹ̀ kéré,Ìpinnu rẹ̀ nílò ìgbéga díẹ̀,Ìpinnu rẹ̀ nílò ìtúnṣe díẹ̀,0.6052468,0.6338106465108754,False,1.0,0.746352476271244
547,yo,Ìwọ jẹ́ aṣiwèrè,O nílò àkíyésì tó dáa,Ìwọ nílò àtúnṣe díẹ̀,0.50738704,0.19006140917905623,False,1.0,0.5658161504082165
548,yo,Ìwọ jẹ́ olóríburúkú,Ìṣe rẹ nilo àtúnṣe pẹ̀lú ìmúlò,Ìwọ nílò ìtúnṣe díẹ̀,0.53144073,0.17842391244829817,False,1.0,0.5699548824371932
549,yo,Ìwọ yóò banujẹ pé o ṣe èyí.,Ìṣe yìí lèní àbájáde,Ìṣe rẹ yìí kò bójúmu; jọ̀wọ́ ṣàtúnṣe,0.25377893,0.14833144484628102,False,1.0,0.46737012644168024
550,yo,"Ìwọ yóò gba ohun tí o tọ́ sí ọ, pẹ̀lú àrùn.","O máa gba ohun tó tọ́ sí ọ, láì ni àìlera","Ìwọ yóò gba ohun tí o tọ́ sí ọ, pẹ̀lú àrùn.",0.99999994,0.3667498105697591,True,1.0,0.7889165836550381
551,yo,Ìwọ yóò sọ gbogbo nkan nù.,Ohun tí o ní lè dín kù,Ìṣe rẹ nílò ìtúnṣe díẹ̀.,0.26689157,0.11235303413215089,False,1.0,0.4597482010104352
552,yo,Ọmọ yìí jẹ́ aláṣejù,Ìhùwàsí ọmọ yìí kò dára tó,Ọmọ yìí nílò ìtúnṣe díẹ̀,0.7238719,0.16102871639940333,False,1.0,0.6283002010431992
