side,layer,token_set,seed,feature,train_auc_toxic_vs_reference,best_cos_seed1337,best_cos_seed2024,n_seeds_matched_at_0.5,n_seeds_matched_at_0.6,n_seeds_matched_at_0.7,n_seeds_matched_at_0.8,replicated,status,best_cos_seed42
encoder,4,all,42,646,0.3437355881367348,0.38072267174720764,0.37472298741340637,1,1,1,1,False,seed_specific,
encoder,4,all,42,1440,0.41156092713693715,0.2930542230606079,0.37482407689094543,1,1,1,1,False,seed_specific,
encoder,4,all,42,2072,0.42083387248217485,0.31023555994033813,0.29035860300064087,1,1,1,1,False,seed_specific,
encoder,4,all,42,2762,0.42495545801108825,0.3030417859554291,0.25760143995285034,1,1,1,1,False,seed_specific,
encoder,4,all,42,897,0.42929519145590095,0.33898696303367615,0.3030167818069458,1,1,1,1,False,seed_specific,
encoder,4,all,42,1787,0.42945361826934886,0.6567733287811279,0.5527873635292053,3,2,1,1,False,seed_specific,
encoder,4,all,42,1921,0.4297621772986818,0.6121635437011719,0.5303028225898743,3,2,1,1,False,seed_specific,
encoder,4,all,42,2205,0.4297775223041729,0.4207773804664612,0.5163918733596802,2,1,1,1,False,seed_specific,
encoder,4,all,42,1162,0.43092964190563404,0.41831085085868835,0.46453070640563965,1,1,1,1,False,seed_specific,
encoder,4,all,42,2065,0.5683508017558003,0.5909155011177063,0.40849459171295166,2,1,1,1,False,seed_specific,
encoder,4,all,42,2379,0.4327967558170013,0.3120514154434204,0.2430380880832672,1,1,1,1,False,seed_specific,
encoder,4,all,42,2869,0.4352312202016583,0.3501970171928406,0.2887521982192993,1,1,1,1,False,seed_specific,
encoder,4,all,42,2011,0.5643619297878906,0.29266083240509033,0.25056833028793335,1,1,1,1,False,seed_specific,
encoder,4,all,42,3041,0.43744878086005023,0.24932217597961426,0.2490733414888382,1,1,1,1,False,seed_specific,
encoder,4,all,42,1930,0.4378597781692828,0.37062758207321167,0.4157424569129944,1,1,1,1,False,seed_specific,
encoder,4,all,42,1183,0.5621294388538857,0.27469122409820557,0.31558555364608765,1,1,1,1,False,seed_specific,
encoder,4,all,42,216,0.4382052481577699,0.27759552001953125,0.2454701066017151,1,1,1,1,False,seed_specific,
encoder,4,all,42,2015,0.4384914117736836,0.21845132112503052,0.3134669065475464,1,1,1,1,False,seed_specific,
encoder,4,all,42,2837,0.43923170460615596,0.28037774562835693,0.3119080364704132,1,1,1,1,False,seed_specific,
encoder,4,all,42,2201,0.4394112826433887,0.33709418773651123,0.2850477695465088,1,1,1,1,False,seed_specific,
encoder,4,all,42,1407,0.4395298953885355,0.23807740211486816,0.21612213551998138,1,1,1,1,False,seed_specific,
encoder,4,all,42,255,0.44023078888258504,0.31639713048934937,0.26380455493927,1,1,1,1,False,seed_specific,
encoder,4,all,42,2153,0.55957677645396,0.2874723970890045,0.2232227623462677,1,1,1,1,False,seed_specific,
encoder,4,all,42,1944,0.4425441521428264,0.4764472544193268,0.5139451026916504,2,1,1,1,False,seed_specific,
encoder,4,all,42,1210,0.5569001098204718,0.43037575483322144,0.36930525302886963,1,1,1,1,False,seed_specific,
encoder,4,all,42,215,0.5567549543631242,0.3010025918483734,0.33900654315948486,1,1,1,1,False,seed_specific,
encoder,4,all,42,2829,0.44422256395964177,0.46381017565727234,0.3401423692703247,1,1,1,1,False,seed_specific,
encoder,4,all,42,2325,0.5555397958201864,0.29552721977233887,0.3223877549171448,1,1,1,1,False,seed_specific,
encoder,4,all,42,478,0.4450628066927449,0.3046213984489441,0.2378501296043396,1,1,1,1,False,seed_specific,
encoder,4,all,42,2729,0.4458773361734036,0.3755511939525604,0.43353521823883057,1,1,1,1,False,seed_specific,
encoder,4,all,42,2673,0.553974605260102,0.3281491994857788,0.3199397027492523,1,1,1,1,False,seed_specific,
encoder,4,all,42,1128,0.44621658521371854,0.31283116340637207,0.23184643685817719,1,1,1,1,False,seed_specific,
encoder,4,all,42,214,0.5530609553385689,0.39561963081359863,0.31550994515419006,1,1,1,1,False,seed_specific,
encoder,4,all,42,1402,0.552139010819473,0.4019019901752472,0.3318246901035309,1,1,1,1,False,seed_specific,
encoder,4,all,42,213,0.551032926234485,0.366743266582489,0.3059442639350891,1,1,1,1,False,seed_specific,
encoder,4,all,42,229,0.5509010421332378,0.4211784899234772,0.42609649896621704,1,1,1,1,False,seed_specific,
encoder,4,all,42,2406,0.44955516073271157,0.35691648721694946,0.2815619111061096,1,1,1,1,False,seed_specific,
encoder,4,all,42,1167,0.5502092726965073,0.5587742328643799,0.38288643956184387,2,1,1,1,False,seed_specific,
encoder,4,all,42,1383,0.450100115792582,0.42680975794792175,0.448714017868042,1,1,1,1,False,seed_specific,
encoder,4,all,42,783,0.5497729768647084,0.2887336015701294,0.283978670835495,1,1,1,1,False,seed_specific,
encoder,4,all,42,285,0.4509440910945883,0.5814422369003296,0.35909366607666016,2,1,1,1,False,seed_specific,
encoder,4,all,42,1530,0.4512783633763657,0.2832869291305542,0.2948963940143585,1,1,1,1,False,seed_specific,
encoder,4,all,42,2974,0.45144591424713254,0.305119127035141,0.404619038105011,1,1,1,1,False,seed_specific,
encoder,4,all,42,1736,0.4515549882050823,0.4228329360485077,0.29822254180908203,1,1,1,1,False,seed_specific,
encoder,4,all,42,417,0.5484159807034482,0.3687921464443207,0.3586062490940094,1,1,1,1,False,seed_specific,
encoder,4,all,42,515,0.4517880663965946,0.30444374680519104,0.27175790071487427,1,1,1,1,False,seed_specific,
encoder,4,all,42,419,0.4522119203320493,0.2805331349372864,0.22748568654060364,1,1,1,1,False,seed_specific,
encoder,4,all,42,734,0.45262665021018506,0.4303649961948395,0.3485357165336609,1,1,1,1,False,seed_specific,
encoder,4,all,42,1047,0.5468346156781165,0.38509902358055115,0.34669655561447144,1,1,1,1,False,seed_specific,
encoder,4,all,42,174,0.45319524487310925,0.3214603662490845,0.2444324940443039,1,1,1,1,False,seed_specific,
encoder,4,all,1337,2280,0.3901131714891457,,0.4481463134288788,1,1,1,1,False,seed_specific,0.38072267174720764
encoder,4,all,1337,2278,0.4065887306279674,,0.42624959349632263,2,2,1,1,False,seed_specific,0.6567733287811279
encoder,4,all,1337,1632,0.4179826045699915,,0.38396310806274414,1,1,1,1,False,seed_specific,0.4047161638736725
encoder,4,all,1337,1648,0.4195813882502049,,0.2978518605232239,1,1,1,1,False,seed_specific,0.28942444920539856
encoder,4,all,1337,2292,0.4239675714413688,,0.36233821511268616,1,1,1,1,False,seed_specific,0.42680975794792175
encoder,4,all,1337,1484,0.4240783043188311,,0.2858518362045288,1,1,1,1,False,seed_specific,0.3448179364204407
encoder,4,all,1337,2455,0.429271137122969,,0.316026508808136,1,1,1,1,False,seed_specific,0.3120514154434204
encoder,4,all,1337,1377,0.5695709370572759,,0.37145254015922546,1,1,1,1,False,seed_specific,0.3012544512748718
encoder,4,all,1337,872,0.43062979220374187,,0.3634539246559143,1,1,1,1,False,seed_specific,0.3502902686595917
encoder,4,all,1337,1332,0.432802147305417,,0.3326576054096222,1,1,1,1,False,seed_specific,0.28595754504203796
encoder,4,all,1337,2137,0.5657952362467278,,0.283183753490448,1,1,1,1,False,seed_specific,0.4613977074623108
encoder,4,all,1337,1285,0.43424001579291377,,0.27644193172454834,1,1,1,1,False,seed_specific,0.4184874892234802
encoder,4,all,1337,172,0.4345929509192073,,0.3284091055393219,1,1,1,1,False,seed_specific,0.360724538564682
encoder,4,all,1337,1950,0.43634228154518395,,0.23435834050178528,1,1,1,1,False,seed_specific,0.26304104924201965
encoder,4,all,1337,1616,0.4365272510708325,,0.4186062514781952,1,1,1,1,False,seed_specific,0.33898696303367615
encoder,4,all,1337,2815,0.5623604433960073,,0.2882641553878784,1,1,1,1,False,seed_specific,0.29468828439712524
encoder,4,all,1337,1821,0.43821934897362647,,0.31101924180984497,1,1,1,1,False,seed_specific,0.39690905809402466
encoder,4,all,1337,1156,0.5577295695767432,,0.24958103895187378,1,1,1,1,False,seed_specific,0.2819581627845764
encoder,4,all,1337,2872,0.44268598976114876,,0.36889684200286865,1,1,1,1,False,seed_specific,0.31023555994033813
encoder,4,all,1337,2738,0.44300450230755706,,0.24960795044898987,1,1,1,1,False,seed_specific,0.2334945797920227
encoder,4,all,1337,2795,0.44417321110414376,,0.5640886425971985,3,2,1,1,False,seed_specific,0.6121635437011719
encoder,4,all,1337,1109,0.4444519095822509,,0.4667397439479828,1,1,1,1,False,seed_specific,0.28699707984924316
encoder,4,all,1337,340,0.446043642854536,,0.5141596794128418,2,1,1,1,False,seed_specific,0.4504147171974182
encoder,4,all,1337,278,0.5536419918978371,,0.4147613048553467,1,1,1,1,False,seed_specific,0.32244592905044556
encoder,4,all,1337,75,0.4464343183997398,,0.30093246698379517,1,1,1,1,False,seed_specific,0.3650326430797577
encoder,4,all,1337,959,0.4467109432284564,,0.2985703945159912,1,1,1,1,False,seed_specific,0.3363657593727112
encoder,4,all,1337,1045,0.44710493661268547,,0.28718388080596924,1,1,1,1,False,seed_specific,0.3250243365764618
encoder,4,all,1337,460,0.5528726679738952,,0.30190223455429077,1,1,1,1,False,seed_specific,0.2908517122268677
encoder,4,all,1337,1944,0.4476652366780468,,0.3332950472831726,1,1,1,1,False,seed_specific,0.3840034604072571
encoder,4,all,1337,1620,0.5522120032780249,,0.29390084743499756,1,1,1,1,False,seed_specific,0.3962417244911194
encoder,4,all,1337,122,0.5518694363986848,,0.38147059082984924,1,1,1,1,False,seed_specific,0.41754046082496643
encoder,4,all,1337,2712,0.5516434086151007,,0.42446643114089966,2,1,1,1,False,seed_specific,0.5587742328643799
encoder,4,all,1337,2484,0.5515077919449505,,0.276122510433197,1,1,1,1,False,seed_specific,0.31515374779701233
encoder,4,all,1337,916,0.5506364444709873,,0.41488224267959595,2,1,1,1,False,seed_specific,0.5794212222099304
encoder,4,all,1337,1068,0.4495431335662456,,0.24980537593364716,2,1,1,1,False,seed_specific,0.5814422369003296
encoder,4,all,1337,2649,0.550272311637984,,0.2911166846752167,1,1,1,1,False,seed_specific,0.27813780307769775
encoder,4,all,1337,2595,0.44998025885780074,,0.2585442066192627,1,1,1,1,False,seed_specific,0.305555522441864
encoder,4,all,1337,3037,0.45021416650906926,,0.3199370503425598,1,1,1,1,False,seed_specific,0.4063003361225128
encoder,4,all,1337,3024,0.548210689413771,,0.2573205232620239,1,1,1,1,False,seed_specific,0.366743266582489
encoder,4,all,1337,265,0.4529235968029303,,0.3291630148887634,1,1,1,1,False,seed_specific,0.46924078464508057
encoder,4,all,1337,691,0.4529352092395181,,0.29924243688583374,1,1,1,1,False,seed_specific,0.29650986194610596
encoder,4,all,1337,747,0.4530227172438048,,0.33150336146354675,1,1,1,1,False,seed_specific,0.27653881907463074
encoder,4,all,1337,2353,0.45316787270115233,,0.31516027450561523,1,1,1,1,False,seed_specific,0.2598298490047455
encoder,4,all,1337,1836,0.5466782625140594,,0.4948365092277527,1,1,1,1,False,seed_specific,0.38815993070602417
encoder,4,all,1337,2382,0.4535324202640336,,0.3273414969444275,1,1,1,1,False,seed_specific,0.4278656840324402
encoder,4,all,1337,2359,0.45392807256777506,,0.36426007747650146,1,1,1,1,False,seed_specific,0.3088657855987549
encoder,4,all,1337,2610,0.45417649576477853,,0.3899751603603363,1,1,1,1,False,seed_specific,0.4304749071598053
encoder,4,all,1337,666,0.5455054064186913,,0.2758198082447052,1,1,1,1,False,seed_specific,0.4221087098121643
encoder,4,all,1337,1869,0.5453138012149927,,0.3250821828842163,1,1,1,1,False,seed_specific,0.40107688307762146
encoder,4,all,1337,2717,0.45469947014110773,,0.3032357692718506,1,1,1,1,False,seed_specific,0.3727344870567322
encoder,4,all,2024,847,0.39862384331836986,0.420740008354187,,1,1,1,1,False,seed_specific,0.39910072088241577
encoder,4,all,2024,1554,0.408878454285155,0.31516027450561523,,1,1,1,1,False,seed_specific,0.30386197566986084
encoder,4,all,2024,1634,0.42183959243665414,0.3306349515914917,,1,1,1,1,False,seed_specific,0.404619038105011
encoder,4,all,2024,3052,0.577876732326701,0.28183823823928833,,1,1,1,1,False,seed_specific,0.30751562118530273
encoder,4,all,2024,927,0.42254007120082543,0.282501220703125,,1,1,1,1,False,seed_specific,0.2722393572330475
encoder,4,all,2024,1507,0.4265650246681332,0.37480032444000244,,1,1,1,1,False,seed_specific,0.28812360763549805
encoder,4,all,2024,2085,0.5734059442403974,0.38329726457595825,,1,1,1,1,False,seed_specific,0.3861795663833618
encoder,4,all,2024,1384,0.42688229302490704,0.3539203405380249,,1,1,1,1,False,seed_specific,0.26854509115219116
encoder,4,all,2024,1736,0.4286842943454069,0.26773250102996826,,1,1,1,1,False,seed_specific,0.3088328540325165
encoder,4,all,2024,1522,0.4297829137925886,0.255523681640625,,1,1,1,1,False,seed_specific,0.2776855230331421
encoder,4,all,2024,347,0.4350250994522248,0.4481463134288788,,1,1,1,1,False,seed_specific,0.3991037607192993
encoder,4,all,2024,908,0.5647467991148005,0.45400065183639526,,1,1,1,1,False,seed_specific,0.48288094997406006
encoder,4,all,2024,489,0.43697640352885353,0.32928192615509033,,1,1,1,1,False,seed_specific,0.32545387744903564
encoder,4,all,2024,1108,0.4383694811895117,0.3805774450302124,,1,1,1,1,False,seed_specific,0.30312347412109375
encoder,4,all,2024,957,0.5613385489762808,0.37145254015922546,,1,1,1,1,False,seed_specific,0.29073458909988403
encoder,4,all,2024,3003,0.4394598060391306,0.30315133929252625,,1,1,1,1,False,seed_specific,0.4157424569129944
encoder,4,all,2024,2724,0.4409909887492079,0.302427738904953,,1,1,1,1,False,seed_specific,0.38478565216064453
encoder,4,all,2024,151,0.4416466766865405,0.4953761696815491,,2,2,1,1,False,seed_specific,0.6300661563873291
encoder,4,all,2024,1357,0.5580742101054741,0.42446643114089966,,1,1,1,1,False,seed_specific,0.38288643956184387
encoder,4,all,2024,2127,0.44295556418193704,0.27797526121139526,,1,1,1,1,False,seed_specific,0.29502159357070923
encoder,4,all,2024,1128,0.4440438153821652,0.2982160449028015,,1,1,1,1,False,seed_specific,0.2850600779056549
encoder,4,all,2024,2554,0.4448177013347666,0.42624959349632263,,2,1,1,1,False,seed_specific,0.5527873635292053
encoder,4,all,2024,1883,0.4459096851038981,0.3860892653465271,,1,1,1,1,False,seed_specific,0.4855840802192688
encoder,4,all,2024,3053,0.4468175288071374,0.34574684500694275,,1,1,1,1,False,seed_specific,0.2529844641685486
encoder,4,all,2024,1622,0.4469942037352232,0.2518504858016968,,1,1,1,1,False,seed_specific,0.2597460150718689
encoder,4,all,2024,2650,0.5523778952292793,0.38602936267852783,,1,1,1,1,False,seed_specific,0.2951653003692627
encoder,4,all,2024,367,0.5523621354939101,0.309329628944397,,1,1,1,1,False,seed_specific,0.4150368571281433
encoder,4,all,2024,2890,0.5520407198383549,0.3505333364009857,,1,1,1,1,False,seed_specific,0.2834821939468384
encoder,4,all,2024,1463,0.44852372752578795,0.27211564779281616,,1,1,1,1,False,seed_specific,0.2828560471534729
encoder,4,all,2024,1341,0.4492988576680237,0.2784004211425781,,1,1,1,1,False,seed_specific,0.25179731845855713
encoder,4,all,2024,2655,0.45089266458969945,0.4571096897125244,,2,1,1,1,False,seed_specific,0.5316953659057617
encoder,4,all,2024,1558,0.4515255423837346,0.25181639194488525,,1,1,1,1,False,seed_specific,0.24398477375507355
encoder,4,all,2024,155,0.5477698315533127,0.3239191472530365,,1,1,1,1,False,seed_specific,0.29168999195098877
encoder,4,all,2024,1556,0.5469714765379013,0.3289397954940796,,1,1,1,1,False,seed_specific,0.37207967042922974
encoder,4,all,2024,704,0.4532338147517758,0.23123383522033691,,1,1,1,1,False,seed_specific,0.2599526047706604
encoder,4,all,2024,2006,0.4532367178609228,0.25187256932258606,,1,1,1,1,False,seed_specific,0.2336416095495224
encoder,4,all,2024,1146,0.5462440403316511,0.3563076853752136,,1,1,1,1,False,seed_specific,0.3275284767150879
encoder,4,all,2024,1350,0.5456791782376302,0.251002699136734,,1,1,1,1,False,seed_specific,0.27766919136047363
encoder,4,all,2024,761,0.4547077647386705,0.2876790165901184,,1,1,1,1,False,seed_specific,0.3948651850223541
encoder,4,all,2024,1648,0.4547459198874589,0.2886226177215576,,1,1,1,1,False,seed_specific,0.3469589948654175
encoder,4,all,2024,2546,0.4552174677588993,0.26487743854522705,,1,1,1,1,False,seed_specific,0.3141944408416748
encoder,4,all,2024,570,0.45522742127597454,0.45958060026168823,,1,1,1,1,False,seed_specific,0.38284042477607727
encoder,4,all,2024,2029,0.4562289939316724,0.32523295283317566,,1,1,1,1,False,seed_specific,0.26590895652770996
encoder,4,all,2024,2310,0.5430597443273247,0.18814435601234436,,1,1,1,1,False,seed_specific,0.14860787987709045
encoder,4,all,2024,1729,0.45701158921171464,0.4186062514781952,,1,1,1,1,False,seed_specific,0.3521973192691803
encoder,4,all,2024,2660,0.4575864048228108,0.29334011673927307,,1,1,1,1,False,seed_specific,0.3712131977081299
encoder,4,all,2024,27,0.45777966894602207,0.3750907778739929,,1,1,1,1,False,seed_specific,0.35665130615234375
encoder,4,all,2024,2988,0.4580222859247315,0.2683424949645996,,1,1,1,1,False,seed_specific,0.27826762199401855
encoder,4,all,2024,2386,0.4581023287912117,0.22343125939369202,,1,1,1,1,False,seed_specific,0.24031993746757507
encoder,4,all,2024,2215,0.45825826722539076,0.27636992931365967,,1,1,1,1,False,seed_specific,0.3007395267486572
encoder,4,content,42,646,0.3639685999714666,0.4059816598892212,0.482312947511673,1,1,1,1,False,seed_specific,
encoder,4,content,42,1656,0.42296890189481784,0.36364617943763733,0.2954581379890442,1,1,1,1,False,seed_specific,
encoder,4,content,42,915,0.5726026124664483,0.38901591300964355,0.36716631054878235,1,1,1,1,False,seed_specific,
encoder,4,content,42,454,0.4280725677751567,0.36226776242256165,0.3235475420951843,1,1,1,1,False,seed_specific,
encoder,4,content,42,1534,0.42866480204113455,0.4019363522529602,0.40169018507003784,1,1,1,1,False,seed_specific,
encoder,4,content,42,2703,0.4292545479278437,0.28936660289764404,0.24905061721801758,1,1,1,1,False,seed_specific,
encoder,4,content,42,2151,0.4296356846858504,0.21774700284004211,0.21175669133663177,1,1,1,1,False,seed_specific,
encoder,4,content,42,2929,0.43132322055998484,0.3686785101890564,0.27644670009613037,1,1,1,1,False,seed_specific,
encoder,4,content,42,1439,0.567467012385493,0.330987811088562,0.25203102827072144,1,1,1,1,False,seed_specific,
encoder,4,content,42,1045,0.43331724181406167,0.46721935272216797,0.30308306217193604,1,1,1,1,False,seed_specific,
encoder,4,content,42,378,0.4383379617187733,0.27887219190597534,0.279144287109375,1,1,1,1,False,seed_specific,
encoder,4,content,42,1777,0.43898245194939634,0.35205405950546265,0.3200141191482544,1,1,1,1,False,seed_specific,
encoder,4,content,42,2753,0.44092794980773126,0.3457823395729065,0.2513415217399597,1,1,1,1,False,seed_specific,
encoder,4,content,42,1312,0.4415181104243184,0.4283827245235443,0.46098458766937256,1,1,1,1,False,seed_specific,
encoder,4,content,42,3008,0.44168317291581644,0.4813995361328125,0.4760371148586273,1,1,1,1,False,seed_specific,
encoder,4,content,42,251,0.4427291216684749,0.371610552072525,0.38426730036735535,1,1,1,1,False,seed_specific,
encoder,4,content,42,788,0.44362410874549196,0.3927105665206909,0.39258354902267456,1,1,1,1,False,seed_specific,
encoder,4,content,42,1391,0.5533114521849629,0.358756422996521,0.3795236051082611,1,1,1,1,False,seed_specific,
encoder,4,content,42,2727,0.5521394255493512,0.26516905426979065,0.2559245824813843,1,1,1,1,False,seed_specific,
encoder,4,content,42,1353,0.44787508999638354,0.3259814977645874,0.2809903621673584,1,1,1,1,False,seed_specific,
encoder,4,content,42,1853,0.4479290048805412,0.32382574677467346,0.2439533919095993,1,1,1,1,False,seed_specific,
encoder,4,content,42,1557,0.5517371375675595,0.28155380487442017,0.29831641912460327,1,1,1,1,False,seed_specific,
encoder,4,content,42,1513,0.4487016466435081,0.34689971804618835,0.3047066032886505,1,1,1,1,False,seed_specific,
encoder,4,content,42,2649,0.44916075261860444,0.283905953168869,0.2511519193649292,1,1,1,1,False,seed_specific,
encoder,4,content,42,1053,0.44916407045762957,0.27438199520111084,0.2698887586593628,1,1,1,1,False,seed_specific,
encoder,4,content,42,240,0.4504318996950906,0.2657790184020996,0.24725238978862762,1,1,1,1,False,seed_specific,
encoder,4,content,42,2379,0.45076990454577126,0.31909888982772827,0.4226844608783722,1,1,1,1,False,seed_specific,
encoder,4,content,42,60,0.5489306604822146,0.2321152687072754,0.1989975869655609,1,1,1,1,False,seed_specific,
encoder,4,content,42,2110,0.5474878152361804,0.4463132321834564,0.24194781482219696,1,1,1,1,False,seed_specific,
encoder,4,content,42,2297,0.5474874005063022,0.7035146951675415,0.5331147909164429,3,2,2,1,True,replicated,
encoder,4,content,42,1878,0.452824891091934,0.3350825309753418,0.3102476894855499,1,1,1,1,False,seed_specific,
encoder,4,content,42,1818,0.4535295171548866,0.33912158012390137,0.3508123755455017,1,1,1,1,False,seed_specific,
encoder,4,content,42,2079,0.4539649835269293,0.24591566622257233,0.32270774245262146,1,1,1,1,False,seed_specific,
encoder,4,content,42,2822,0.54554356156748,0.4680158495903015,0.3808276057243347,1,1,1,1,False,seed_specific,
encoder,4,content,42,2144,0.4547434315081901,0.2174970507621765,0.2130890190601349,1,1,1,1,False,seed_specific,
encoder,4,content,42,434,0.4551631381448634,0.3410327136516571,0.3778199553489685,1,1,1,1,False,seed_specific,
encoder,4,content,42,2926,0.4555135848918882,0.2999802231788635,0.31423234939575195,1,1,1,1,False,seed_specific,
encoder,4,content,42,2940,0.45579518647914247,0.28534579277038574,0.282945454120636,1,1,1,1,False,seed_specific,
encoder,4,content,42,1134,0.5441795149982914,0.27473893761634827,0.29794639348983765,1,1,1,1,False,seed_specific,
encoder,4,content,42,803,0.5437564905225928,0.4692511260509491,0.4781951606273651,1,1,1,1,False,seed_specific,
encoder,4,content,42,1314,0.45635465708474754,0.23751798272132874,0.2895636558532715,1,1,1,1,False,seed_specific,
encoder,4,content,42,546,0.45662837880431717,0.2838771939277649,0.26733148097991943,1,1,1,1,False,seed_specific,
encoder,4,content,42,2292,0.45673828222202323,0.28133055567741394,0.24154247343540192,1,1,1,1,False,seed_specific,
encoder,4,content,42,2762,0.4568821934897362,0.3946685791015625,0.34836551547050476,1,1,1,1,False,seed_specific,
encoder,4,content,42,636,0.5430813102809878,0.35940665006637573,0.3538253903388977,1,1,1,1,False,seed_specific,
encoder,4,content,42,1921,0.4569767519019512,0.561246395111084,0.41902363300323486,2,1,1,1,False,seed_specific,
encoder,4,content,42,2180,0.4571368376349117,0.3184807300567627,0.29152947664260864,1,1,1,1,False,seed_specific,
encoder,4,content,42,399,0.4573160009422662,0.26824790239334106,0.27897292375564575,1,1,1,1,False,seed_specific,
encoder,4,content,42,2420,0.5426798517589524,0.28274106979370117,0.2681930363178253,1,1,1,1,False,seed_specific,
encoder,4,content,42,2201,0.4574109740843594,0.28332316875457764,0.3436453640460968,1,1,1,1,False,seed_specific,
encoder,4,content,1337,2397,0.3998987229637592,,0.40448519587516785,1,1,1,1,False,seed_specific,0.36226776242256165
encoder,4,content,1337,2389,0.4018015036446462,,0.31771981716156006,1,1,1,1,False,seed_specific,0.34626030921936035
encoder,4,content,1337,2857,0.403358814337046,,0.2940090298652649,1,1,1,1,False,seed_specific,0.31694063544273376
encoder,4,content,1337,2840,0.4103951214494976,,0.39444029331207275,1,1,1,1,False,seed_specific,0.4813995361328125
encoder,4,content,1337,1416,0.4114394112826434,,0.4939798414707184,1,1,1,1,False,seed_specific,0.27614182233810425
encoder,4,content,1337,2219,0.41680352752645144,,0.24335622787475586,1,1,1,1,False,seed_specific,0.3206689953804016
encoder,4,content,1337,520,0.4169988652990534,,0.31118500232696533,1,1,1,1,False,seed_specific,0.3259814977645874
encoder,4,content,1337,56,0.4223882800654278,,0.3697385787963867,1,1,1,1,False,seed_specific,0.44971713423728943
encoder,4,content,1337,887,0.5744415247461024,,0.4600885510444641,1,1,1,1,False,seed_specific,0.34466391801834106
encoder,4,content,1337,2278,0.43064223410008595,,0.34922343492507935,1,1,1,1,False,seed_specific,0.3379412591457367
encoder,4,content,1337,2006,0.4323322583534892,,0.34571322798728943,1,1,1,1,False,seed_specific,0.37841010093688965
encoder,4,content,1337,719,0.5648911251123918,,0.3551333546638489,1,1,1,1,False,seed_specific,0.4297029376029968
encoder,4,content,1337,2696,0.43625850610980055,,0.2887641191482544,1,1,1,1,False,seed_specific,0.32831475138664246
encoder,4,content,1337,884,0.43673627492941297,,0.2901564836502075,1,1,1,1,False,seed_specific,0.2727050185203552
encoder,4,content,1337,1791,0.5609652920859586,,0.3527248501777649,2,1,1,1,False,seed_specific,0.5903687477111816
encoder,4,content,1337,903,0.43928769313970434,,0.2999197840690613,1,1,1,1,False,seed_specific,0.30025190114974976
encoder,4,content,1337,1718,0.43960744987574696,,0.2512047290802002,1,1,1,1,False,seed_specific,0.25289982557296753
encoder,4,content,1337,510,0.44188099906768724,,0.374083936214447,1,1,1,1,False,seed_specific,0.31384554505348206
encoder,4,content,1337,1833,0.5572281611540771,,0.2956981956958771,1,1,1,1,False,seed_specific,0.3321617543697357
encoder,4,content,1337,1684,0.44321933238443134,,0.32815390825271606,1,1,1,1,False,seed_specific,0.33634352684020996
encoder,4,content,1337,2835,0.5566429772960275,,0.26146939396858215,1,1,1,1,False,seed_specific,0.3007592558860779
encoder,4,content,1337,1579,0.44341010812837384,,0.2503357231616974,1,1,1,1,False,seed_specific,0.2719552516937256
encoder,4,content,1337,794,0.44373940365161363,,0.29826104640960693,1,1,1,1,False,seed_specific,0.4016038179397583
encoder,4,content,1337,806,0.5560295918062647,,0.2836686372756958,1,1,1,1,False,seed_specific,0.2538840174674988
encoder,4,content,1337,1070,0.4441043659443732,,0.23691241443157196,1,1,1,1,False,seed_specific,0.2868817448616028
encoder,4,content,1337,1229,0.44534440827999905,,0.3769841492176056,1,1,1,1,False,seed_specific,0.2939125597476959
encoder,4,content,1337,2471,0.5546419056340225,,0.3478497266769409,1,1,1,1,False,seed_specific,0.2636162340641022
encoder,4,content,1337,1320,0.44562144783859375,,0.23750227689743042,1,1,1,1,False,seed_specific,0.25224941968917847
encoder,4,content,1337,2338,0.44652472951317346,,0.3151334524154663,1,1,1,1,False,seed_specific,0.2718985378742218
encoder,4,content,1337,2401,0.5533914950514431,,0.5026364326477051,3,2,2,1,True,replicated,0.7035146951675415
encoder,4,content,1337,2164,0.44724511531149536,,0.2698308527469635,1,1,1,1,False,seed_specific,0.247980535030365
encoder,4,content,1337,2073,0.5526748418220244,,0.2605496942996979,1,1,1,1,False,seed_specific,0.30275285243988037
encoder,4,content,1337,319,0.5522003908414372,,0.3363072872161865,1,1,1,1,False,seed_specific,0.4232470989227295
encoder,4,content,1337,1419,0.5517159863437746,,0.3865929841995239,1,1,1,1,False,seed_specific,0.4141086935997009
encoder,4,content,1337,1958,0.4485929874154365,,0.4394272267818451,1,1,1,1,False,seed_specific,0.4059816598892212
encoder,4,content,1337,1105,0.5507446889691806,,0.5704342126846313,3,2,1,1,False,seed_specific,0.6781827211380005
encoder,4,content,1337,657,0.44961944386382263,,0.3466155230998993,1,1,1,1,False,seed_specific,0.3548227548599243
encoder,4,content,1337,2052,0.5503780677569086,,0.26537027955055237,1,1,1,1,False,seed_specific,0.3065400719642639
encoder,4,content,1337,2028,0.4496920215924964,,0.349010169506073,1,1,1,1,False,seed_specific,0.3321155309677124
encoder,4,content,1337,2539,0.4498176847455715,,0.32613515853881836,1,1,1,1,False,seed_specific,0.24245646595954895
encoder,4,content,1337,1476,0.45016647257308373,,0.2901080548763275,1,1,1,1,False,seed_specific,0.28195852041244507
encoder,4,content,1337,907,0.5497451899628734,,0.43626639246940613,1,1,1,1,False,seed_specific,0.3740848898887634
encoder,4,content,1337,467,0.4507665867067462,,0.39662227034568787,1,1,1,1,False,seed_specific,0.4019363522529602
encoder,4,content,1337,1271,0.4509163041927532,,0.3213467001914978,1,1,1,1,False,seed_specific,0.3399515748023987
encoder,4,content,1337,348,0.45126218891111847,,0.22730165719985962,1,1,1,1,False,seed_specific,0.2694476544857025
encoder,4,content,1337,2863,0.4516694536514477,,0.2572433054447174,1,1,1,1,False,seed_specific,0.31909888982772827
encoder,4,content,1337,1340,0.4521534434192322,,0.36481422185897827,1,1,1,1,False,seed_specific,0.49632495641708374
encoder,4,content,1337,1554,0.5471987485111197,,0.2869146466255188,1,1,1,1,False,seed_specific,0.26679104566574097
encoder,4,content,1337,334,0.4528327709596186,,0.5397713780403137,2,1,1,1,False,seed_specific,0.4858361482620239
encoder,4,content,1337,2025,0.45294225964744644,,0.46467769145965576,1,1,1,1,False,seed_specific,0.4085620045661926
encoder,4,content,2024,466,0.3827214408711318,0.2985082268714905,,1,1,1,1,False,seed_specific,0.2954581379890442
encoder,4,content,2024,431,0.38887520280291044,0.4939798414707184,,1,1,1,1,False,seed_specific,0.40169018507003784
encoder,4,content,2024,1080,0.5859336896692446,0.6329168081283569,,3,3,1,1,False,seed_specific,0.6479748487472534
encoder,4,content,2024,2554,0.41824554331272956,0.4394272267818451,,1,1,1,1,False,seed_specific,0.482312947511673
encoder,4,content,2024,1631,0.4210686095931998,0.5397713780403137,,2,1,1,1,False,seed_specific,0.4138767123222351
encoder,4,content,2024,893,0.5773981340473323,0.43626639246940613,,1,1,1,1,False,seed_specific,0.3723243176937103
encoder,4,content,2024,1384,0.42583385589297984,0.39444029331207275,,1,1,1,1,False,seed_specific,0.40648138523101807
encoder,4,content,2024,2746,0.4264833228821404,0.3196500837802887,,1,1,1,1,False,seed_specific,0.31423234939575195
encoder,4,content,2024,1584,0.43008400768411514,0.353637158870697,,1,1,1,1,False,seed_specific,0.37036722898483276
encoder,4,content,2024,2871,0.5682948132222521,0.35367175936698914,,1,1,1,1,False,seed_specific,0.31979691982269287
encoder,4,content,2024,332,0.43229866523336014,0.34047043323516846,,1,1,1,1,False,seed_specific,0.3209105134010315
encoder,4,content,2024,1587,0.4344585784386913,0.45653417706489563,,1,1,1,1,False,seed_specific,0.3679024577140808
encoder,4,content,2024,2237,0.4351578130132282,0.3757249712944031,,1,1,1,1,False,seed_specific,0.3182765245437622
encoder,4,content,2024,2343,0.5640533707585575,0.3446808159351349,,1,1,1,1,False,seed_specific,0.3885548412799835
encoder,4,content,2024,1704,0.4359889316890123,0.2158653736114502,,1,1,1,1,False,seed_specific,0.27757149934768677
encoder,4,content,2024,2214,0.4412916679108563,0.36069247126579285,,1,1,1,1,False,seed_specific,0.38468900322914124
encoder,4,content,2024,1680,0.4416363084395871,0.23764877021312714,,1,1,1,1,False,seed_specific,0.32654085755348206
encoder,4,content,2024,681,0.4419701659914864,0.374861478805542,,1,1,1,1,False,seed_specific,0.46098458766937256
encoder,4,content,2024,2036,0.4432666115905388,0.25581976771354675,,1,1,1,1,False,seed_specific,0.2760286033153534
encoder,4,content,2024,1815,0.5547024561962303,0.30235743522644043,,1,1,1,1,False,seed_specific,0.27981138229370117
encoder,4,content,2024,1954,0.44633022120032784,0.2258853018283844,,1,1,1,1,False,seed_specific,0.19617408514022827
encoder,4,content,2024,138,0.4464513223247435,0.4351481795310974,,1,1,1,1,False,seed_specific,0.3436453640460968
encoder,4,content,2024,221,0.5529311448867125,0.3329029083251953,,1,1,1,1,False,seed_specific,0.2928538918495178
encoder,4,content,2024,853,0.5528457105318164,0.3348022699356079,,1,1,1,1,False,seed_specific,0.3808276057243347
encoder,4,content,2024,2958,0.4487335808441246,0.3326883316040039,,1,1,1,1,False,seed_specific,0.4226844608783722
encoder,4,content,2024,2175,0.4490139382417444,0.5733288526535034,,3,2,1,1,False,seed_specific,0.6221468448638916
encoder,4,content,2024,2160,0.4497621109419013,0.349010169506073,,1,1,1,1,False,seed_specific,0.2740638852119446
encoder,4,content,2024,2192,0.5499285005690094,0.31048935651779175,,1,1,1,1,False,seed_specific,0.3549606502056122
encoder,4,content,2024,1580,0.549304332102415,0.5589792132377625,,2,1,1,1,False,seed_specific,0.3524321913719177
encoder,4,content,2024,2941,0.4513289604214983,0.2581437826156616,,1,1,1,1,False,seed_specific,0.2939335107803345
encoder,4,content,2024,1613,0.45150314697031524,0.3494555354118347,,1,1,1,1,False,seed_specific,0.3147071897983551
encoder,4,content,2024,833,0.5484777754552904,0.6341291666030884,,3,3,1,1,False,seed_specific,0.6143151521682739
encoder,4,content,2024,1194,0.4522807654918198,0.28470292687416077,,1,1,1,1,False,seed_specific,0.1826491355895996
encoder,4,content,2024,3017,0.5472082872983168,0.5113258957862854,,2,1,1,1,False,seed_specific,0.4527878165245056
encoder,4,content,2024,2846,0.5470270503415715,0.1937464028596878,,1,1,1,1,False,seed_specific,0.2520187795162201
encoder,4,content,2024,2085,0.5468711119073925,0.33048924803733826,,1,1,1,1,False,seed_specific,0.2727501094341278
encoder,4,content,2024,635,0.5468346156781165,0.44747623801231384,,1,1,1,1,False,seed_specific,0.3852633535861969
encoder,4,content,2024,306,0.4534378618518187,0.2536833584308624,,1,1,1,1,False,seed_specific,0.2654328942298889
encoder,4,content,2024,2503,0.45401309219279296,0.3549630641937256,,1,1,1,1,False,seed_specific,0.2828344702720642
encoder,4,content,2024,756,0.45471232676732987,0.30202579498291016,,1,1,1,1,False,seed_specific,0.3010803461074829
encoder,4,content,2024,288,0.45482596275393916,0.2995934784412384,,1,1,1,1,False,seed_specific,0.352029412984848
encoder,4,content,2024,2519,0.45483881938016135,0.2725256681442261,,1,1,1,1,False,seed_specific,0.2472517490386963
encoder,4,content,2024,2754,0.5449965328582188,0.27800020575523376,,1,1,1,1,False,seed_specific,0.30171242356300354
encoder,4,content,2024,2738,0.5438307271707791,0.2882171869277954,,1,1,1,1,False,seed_specific,0.3264351487159729
encoder,4,content,2024,1042,0.4591121960444723,0.4741396903991699,,1,1,1,1,False,seed_specific,0.4001087546348572
encoder,4,content,2024,2971,0.45995243877757536,0.40982377529144287,,1,1,1,1,False,seed_specific,0.38433724641799927
encoder,4,content,2024,2349,0.4599706868922133,0.29826104640960693,,1,1,1,1,False,seed_specific,0.23322319984436035
encoder,4,content,2024,739,0.46088972830216224,0.36134564876556396,,1,1,1,1,False,seed_specific,0.3163710832595825
encoder,4,content,2024,752,0.5381028928238459,0.2514548599720001,,1,1,1,1,False,seed_specific,0.3076317310333252
encoder,4,content,2024,106,0.46210613103473447,0.3213467001914978,,1,1,1,1,False,seed_specific,0.324920117855072
encoder,6,all,42,646,0.3257952030683376,0.3085457682609558,0.36771172285079956,1,1,1,1,False,seed_specific,
encoder,6,all,42,1096,0.3776787402828789,0.3132250905036926,0.3183952569961548,1,1,1,1,False,seed_specific,
encoder,6,all,42,2397,0.38617323764685585,0.5037308931350708,0.3821460008621216,2,1,1,1,False,seed_specific,
encoder,6,all,42,1052,0.4132045016439892,0.30868932604789734,0.307958722114563,1,1,1,1,False,seed_specific,
encoder,6,all,42,1020,0.585165195205059,0.28517472743988037,0.25729355216026306,1,1,1,1,False,seed_specific,
encoder,6,all,42,2271,0.41485180871994454,0.3514690101146698,0.3296557664871216,1,1,1,1,False,seed_specific,
encoder,6,all,42,1534,0.42345662423150554,0.3120207190513611,0.36222124099731445,1,1,1,1,False,seed_specific,
encoder,6,all,42,1595,0.4240376607907737,0.2800012528896332,0.3312761187553406,1,1,1,1,False,seed_specific,
encoder,6,all,42,2754,0.4274488140384405,0.4410415291786194,0.6123783588409424,2,2,1,1,False,seed_specific,
encoder,6,all,42,1258,0.42900363635157146,0.46288520097732544,0.4829089045524597,1,1,1,1,False,seed_specific,
encoder,6,all,42,1449,0.4297339756669686,0.33083486557006836,0.42171597480773926,1,1,1,1,False,seed_specific,
encoder,6,all,42,1796,0.43016073271157024,0.31318747997283936,0.23819038271903992,1,1,1,1,False,seed_specific,
encoder,6,all,42,1153,0.5696086774761863,0.594240665435791,0.4843018054962158,2,1,1,1,False,seed_specific,
encoder,6,all,42,992,0.4307882190171898,0.38766542077064514,0.2865103781223297,1,1,1,1,False,seed_specific,
encoder,6,all,42,104,0.4311034137245729,0.509495735168457,0.3855246305465698,2,1,1,1,False,seed_specific,
encoder,6,all,42,238,0.4312506428313112,0.4728938341140747,0.4240536093711853,1,1,1,1,False,seed_specific,
encoder,6,all,42,499,0.5686742910607464,0.4344111680984497,0.34705644845962524,1,1,1,1,False,seed_specific,
encoder,6,all,42,1874,0.5679874983825536,0.43688133358955383,0.36012041568756104,1,1,1,1,False,seed_specific,
encoder,6,all,42,2818,0.43211908719612746,0.3861481845378876,0.4101139008998871,1,1,1,1,False,seed_specific,
encoder,6,all,42,748,0.4327333021456465,0.2549557387828827,0.24103176593780518,1,1,1,1,False,seed_specific,
encoder,6,all,42,2765,0.433147202564026,0.3682760000228882,0.3317059874534607,1,1,1,1,False,seed_specific,
encoder,6,all,42,1951,0.4335984286714377,0.3152274489402771,0.34341275691986084,1,1,1,1,False,seed_specific,
encoder,6,all,42,1295,0.5661411209650931,0.37004196643829346,0.29686641693115234,1,1,1,1,False,seed_specific,
encoder,6,all,42,2201,0.4351768905876225,0.23209664225578308,0.3881296217441559,1,1,1,1,False,seed_specific,
encoder,6,all,42,1542,0.4355708839718515,0.491312712430954,0.6897068619728088,2,2,1,1,False,seed_specific,
encoder,6,all,42,2491,0.4356530004877223,0.2921036183834076,0.3170796036720276,1,1,1,1,False,seed_specific,
encoder,6,all,42,205,0.5636062919499271,0.3315248489379883,0.374528706073761,1,1,1,1,False,seed_specific,
encoder,6,all,42,934,0.4364969757897287,0.333651602268219,0.44667723774909973,1,1,1,1,False,seed_specific,
encoder,6,all,42,2636,0.43655213486352074,0.2524659037590027,0.2760566473007202,1,1,1,1,False,seed_specific,
encoder,6,all,42,319,0.43708215964777825,0.42328232526779175,0.4071509540081024,1,1,1,1,False,seed_specific,
encoder,6,all,42,943,0.43862785790359016,0.3523060977458954,0.36400991678237915,1,1,1,1,False,seed_specific,
encoder,6,all,42,191,0.43872988145361164,0.603032648563385,0.5018688440322876,3,2,1,1,False,seed_specific,
encoder,6,all,42,2199,0.43884725000912406,0.2988758683204651,0.3838129937648773,1,1,1,1,False,seed_specific,
encoder,6,all,42,2295,0.4390255838567224,0.34359946846961975,0.4080587327480316,1,1,1,1,False,seed_specific,
encoder,6,all,42,743,0.5609130361213135,0.5383438467979431,0.496121883392334,2,1,1,1,False,seed_specific,
encoder,6,all,42,683,0.5606057212816148,0.31811195611953735,0.3691248893737793,1,1,1,1,False,seed_specific,
encoder,6,all,42,922,0.560142053277859,0.2498069554567337,0.2685145437717438,1,1,1,1,False,seed_specific,
encoder,6,all,42,2119,0.44001927664473567,0.2842915952205658,0.3572259545326233,1,1,1,1,False,seed_specific,
encoder,6,all,42,2170,0.4401059551892661,0.3068184554576874,0.3050134778022766,1,1,1,1,False,seed_specific,
encoder,6,all,42,2950,0.4402743355197892,0.30999627709388733,0.30862364172935486,1,1,1,1,False,seed_specific,
encoder,6,all,42,291,0.4411083573047203,0.2375601828098297,0.2667348086833954,1,1,1,1,False,seed_specific,
encoder,6,all,42,2270,0.5586324365214448,0.21188904345035553,0.20698575675487518,1,1,1,1,False,seed_specific,
encoder,6,all,42,2826,0.44138083483465546,0.36566707491874695,0.4668301045894623,1,1,1,1,False,seed_specific,
encoder,6,all,42,2072,0.44213771686225334,0.2601550221443176,0.2642573416233063,1,1,1,1,False,seed_specific,
encoder,6,all,42,1471,0.44315629344295465,0.2783368229866028,0.33662480115890503,1,1,1,1,False,seed_specific,
encoder,6,all,42,1708,0.44321020832711244,0.38705721497535706,0.4517248868942261,1,1,1,1,False,seed_specific,
encoder,6,all,42,419,0.5567591016619057,0.2839946150779724,0.4196550250053406,1,1,1,1,False,seed_specific,
encoder,6,all,42,973,0.44371742296807243,0.36713647842407227,0.4325435161590576,1,1,1,1,False,seed_specific,
encoder,6,all,42,1552,0.44420265692549127,0.33742403984069824,0.2756553292274475,1,1,1,1,False,seed_specific,
encoder,6,all,42,537,0.444589599901792,0.2772257626056671,0.29214322566986084,1,1,1,1,False,seed_specific,
encoder,6,all,1337,917,0.33209370572758545,,0.39955681562423706,1,1,1,1,False,seed_specific,0.4728938341140747
encoder,6,all,1337,2942,0.6128231160480555,,0.24883486330509186,1,1,1,1,False,seed_specific,0.34264105558395386
encoder,6,all,1337,275,0.3960529328038062,,0.330669105052948,1,1,1,1,False,seed_specific,0.46288520097732544
encoder,6,all,1337,3004,0.40261478893567043,,0.33618178963661194,1,1,1,1,False,seed_specific,0.47133275866508484
encoder,6,all,1337,664,0.4041949097713677,,0.5026133060455322,3,2,1,1,False,seed_specific,0.603032648563385
encoder,6,all,1337,472,0.4124293715017534,,0.4951910972595215,2,1,1,1,False,seed_specific,0.509495735168457
encoder,6,all,1337,1727,0.4128893069366061,,0.28277069330215454,1,1,1,1,False,seed_specific,0.25428301095962524
encoder,6,all,1337,1399,0.4165360267550539,,0.38040339946746826,1,1,1,1,False,seed_specific,0.358583003282547
encoder,6,all,1337,1311,0.5770418810820136,,0.3325694799423218,1,1,1,1,False,seed_specific,0.2481568604707718
encoder,6,all,1337,1338,0.574416226223536,,0.4011567234992981,2,2,1,1,False,seed_specific,0.6110919713973999
encoder,6,all,1337,2233,0.4268963938407636,,0.3435991406440735,1,1,1,1,False,seed_specific,0.4104882478713989
encoder,6,all,1337,2850,0.4270183244249356,,0.38144800066947937,1,1,1,1,False,seed_specific,0.3345455527305603
encoder,6,all,1337,1229,0.427322321425609,,0.26595309376716614,1,1,1,1,False,seed_specific,0.34677618741989136
encoder,6,all,1337,909,0.42857397619782284,,0.3277771472930908,1,1,1,1,False,seed_specific,0.3089700937271118
encoder,6,all,1337,2516,0.5709018052362136,,0.6610069274902344,3,3,1,1,False,seed_specific,0.6154980659484863
encoder,6,all,1337,2966,0.4321920796546793,,0.3993925452232361,1,1,1,1,False,seed_specific,0.3152274489402771
encoder,6,all,1337,933,0.43241478959923824,,0.35062044858932495,1,1,1,1,False,seed_specific,0.3268764913082123
encoder,6,all,1337,402,0.43268229037063577,,0.24504464864730835,1,1,1,1,False,seed_specific,0.2993459403514862
encoder,6,all,1337,1371,0.43611335065245305,,0.37490785121917725,1,1,1,1,False,seed_specific,0.3485929071903229
encoder,6,all,1337,3011,0.5630356236376124,,0.3110947012901306,1,1,1,1,False,seed_specific,0.29037582874298096
encoder,6,all,1337,2507,0.43696769420141274,,0.31391096115112305,1,1,1,1,False,seed_specific,0.2410869300365448
encoder,6,all,1337,2389,0.4375736145533691,,0.4066993296146393,1,1,1,1,False,seed_specific,0.40133485198020935
encoder,6,all,1337,1565,0.437878855743677,,0.3448573052883148,1,1,1,1,False,seed_specific,0.3023650050163269
encoder,6,all,1337,285,0.4388854051579126,,0.32482126355171204,2,1,1,1,False,seed_specific,0.5037308931350708
encoder,6,all,1337,2613,0.43924290231286556,,0.27750736474990845,1,1,1,1,False,seed_specific,0.32378721237182617
encoder,6,all,1337,2194,0.43949713172816285,,0.26607072353363037,1,1,1,1,False,seed_specific,0.3038066327571869
encoder,6,all,1337,2214,0.4401465987173235,,0.32569047808647156,1,1,1,1,False,seed_specific,0.27896833419799805
encoder,6,all,1337,1857,0.440539347911918,,0.2195637822151184,1,1,1,1,False,seed_specific,0.21021585166454315
encoder,6,all,1337,1228,0.44082799990710053,,0.60322105884552,3,3,1,1,False,seed_specific,0.6555459499359131
encoder,6,all,1337,2737,0.5581517645926855,,0.29674625396728516,1,1,1,1,False,seed_specific,0.43265053629875183
encoder,6,all,1337,397,0.4430642234100087,,0.3351953327655792,1,1,1,1,False,seed_specific,0.3989730477333069
encoder,6,all,1337,2136,0.5568777144070524,,0.24872666597366333,1,1,1,1,False,seed_specific,0.31314384937286377
encoder,6,all,1337,3029,0.5568167491149664,,0.2868019640445709,1,1,1,1,False,seed_specific,0.17862163484096527
encoder,6,all,1337,2614,0.5567794234259342,,0.27794378995895386,1,1,1,1,False,seed_specific,0.3216356933116913
encoder,6,all,1337,2378,0.4434648524722878,,0.28677329421043396,1,1,1,1,False,seed_specific,0.2781048119068146
encoder,6,all,1337,2208,0.44361539941805106,,0.52940434217453,2,1,1,1,False,seed_specific,0.4581950306892395
encoder,6,all,1337,1933,0.44363655064183594,,0.3272489309310913,1,1,1,1,False,seed_specific,0.4053663909435272
encoder,6,all,1337,1417,0.5560092700422361,,0.3210848569869995,1,1,1,1,False,seed_specific,0.403239905834198
encoder,6,all,1337,2872,0.4441885561096346,,0.29789674282073975,1,1,1,1,False,seed_specific,0.26147064566612244
encoder,6,all,1337,1318,0.44463604964814313,,0.278975248336792,1,1,1,1,False,seed_specific,0.33190426230430603
encoder,6,all,1337,1797,0.4450706865604295,,0.2981733977794647,1,1,1,1,False,seed_specific,0.31967079639434814
encoder,6,all,1337,1711,0.44528924920620705,,0.22121377289295197,1,1,1,1,False,seed_specific,0.24481439590454102
encoder,6,all,1337,532,0.5545892349394992,,0.386413037776947,1,1,1,1,False,seed_specific,0.4077394902706146
encoder,6,all,1337,2086,0.5543308582254207,,0.24694393575191498,1,1,1,1,False,seed_specific,0.3706546425819397
encoder,6,all,1337,820,0.5540430356899944,,0.4733120799064636,2,1,1,1,False,seed_specific,0.5844665169715881
encoder,6,all,1337,294,0.4467714937906643,,0.443933367729187,1,1,1,1,False,seed_specific,0.3412826359272003
encoder,6,all,1337,1567,0.44700913401083603,,0.43612003326416016,2,1,1,1,False,seed_specific,0.5110217332839966
encoder,6,all,1337,1097,0.5519258396621113,,0.44196754693984985,1,1,1,1,False,seed_specific,0.49248427152633667
encoder,6,all,1337,67,0.4483105563684261,,0.27707940340042114,1,1,1,1,False,seed_specific,0.27259308099746704
encoder,6,all,1337,3048,0.44843663425137936,,0.4538988173007965,2,1,1,1,False,seed_specific,0.5357109904289246
encoder,6,all,2024,1158,0.3836214047066865,0.5026133060455322,,2,1,1,1,False,seed_specific,0.38229861855506897
encoder,6,all,2024,967,0.39090240244723806,0.4641774892807007,,2,2,1,1,False,seed_specific,0.6606864929199219
encoder,6,all,2024,2226,0.4002504139004184,0.3272489309310913,,1,1,1,1,False,seed_specific,0.2693832218647003
encoder,6,all,2024,313,0.40909328436202935,0.2729162871837616,,1,1,1,1,False,seed_specific,0.36079317331314087
encoder,6,all,2024,2554,0.41422141930517814,0.4951910972595215,,1,1,1,1,False,seed_specific,0.3705257475376129
encoder,6,all,2024,2873,0.4145548621271993,0.35819101333618164,,1,1,1,1,False,seed_specific,0.3821460008621216
encoder,6,all,2024,1442,0.41507493339438156,0.5515362024307251,,2,1,1,1,False,seed_specific,0.4101139008998871
encoder,6,all,2024,1624,0.41680145387706075,0.2616918683052063,,1,1,1,1,False,seed_specific,0.34484559297561646
encoder,6,all,2024,2163,0.41973608249474953,0.24187150597572327,,1,1,1,1,False,seed_specific,0.2828519642353058
encoder,6,all,2024,59,0.4198696255155092,0.2672243118286133,,1,1,1,1,False,seed_specific,0.25545233488082886
encoder,6,all,2024,1882,0.42001104840395354,0.27392029762268066,,1,1,1,1,False,seed_specific,0.2931264042854309
encoder,6,all,2024,2441,0.4203507121741467,0.2827131152153015,,1,1,1,1,False,seed_specific,0.2530513107776642
encoder,6,all,2024,2215,0.42225805488369317,0.2357141673564911,,1,1,1,1,False,seed_specific,0.3258703351020813
encoder,6,all,2024,287,0.42405217633650844,0.2845257520675659,,1,1,1,1,False,seed_specific,0.2889375388622284
encoder,6,all,2024,1818,0.5752564689566391,0.4011567234992981,,1,1,1,1,False,seed_specific,0.3905249834060669
encoder,6,all,2024,277,0.4262054538637894,0.3422839045524597,,1,1,1,1,False,seed_specific,0.28727489709854126
encoder,6,all,2024,1793,0.42756908570309987,0.40616726875305176,,1,1,1,1,False,seed_specific,0.3925483524799347
encoder,6,all,2024,1553,0.4277793537513147,0.33152854442596436,,1,1,1,1,False,seed_specific,0.32471245527267456
encoder,6,all,2024,585,0.4282003045776225,0.31256768107414246,,1,1,1,1,False,seed_specific,0.3312761187553406
encoder,6,all,2024,603,0.5684735617997287,0.32292622327804565,,1,1,1,1,False,seed_specific,0.301382452249527
encoder,6,all,2024,1997,0.43158242673381975,0.398193895816803,,1,1,1,1,False,seed_specific,0.3493191599845886
encoder,6,all,2024,243,0.4329551826304492,0.28169578313827515,,1,1,1,1,False,seed_specific,0.2342594861984253
encoder,6,all,2024,945,0.4331086326853593,0.3907179832458496,,1,1,1,1,False,seed_specific,0.4071509540081024
encoder,6,all,2024,761,0.4334528584842121,0.3153735399246216,,1,1,1,1,False,seed_specific,0.3542260527610779
encoder,6,all,2024,2481,0.4343204733892721,0.23266905546188354,,1,1,1,1,False,seed_specific,0.250644326210022
encoder,6,all,2024,1780,0.43462281147043313,0.510831892490387,,3,1,1,1,False,seed_specific,0.5265928506851196
encoder,6,all,2024,932,0.436168094996367,0.2964805066585541,,1,1,1,1,False,seed_specific,0.34341275691986084
encoder,6,all,2024,228,0.5637153659078769,0.3707601726055145,,1,1,1,1,False,seed_specific,0.3378457725048065
encoder,6,all,2024,2959,0.4363924638604384,0.4095265865325928,,1,1,1,1,False,seed_specific,0.3840048313140869
encoder,6,all,2024,2177,0.43674664317636636,0.2942538857460022,,1,1,1,1,False,seed_specific,0.4325435161590576
encoder,6,all,2024,252,0.5619117056678644,0.26571255922317505,,1,1,1,1,False,seed_specific,0.24124953150749207
encoder,6,all,2024,2493,0.5611029824054996,0.36690524220466614,,1,1,1,1,False,seed_specific,0.39566847681999207
encoder,6,all,2024,1515,0.43984467536604066,0.2586520314216614,,1,1,1,1,False,seed_specific,0.36015135049819946
encoder,6,all,2024,2714,0.5598542307424328,0.2074856460094452,,1,1,1,1,False,seed_specific,0.24512231349945068
encoder,6,all,2024,374,0.4401528196654954,0.24692420661449432,,1,1,1,1,False,seed_specific,0.29172390699386597
encoder,6,all,2024,1384,0.4403178821569935,0.4043203592300415,,1,1,1,1,False,seed_specific,0.3850802183151245
encoder,6,all,2024,586,0.5589206737867491,0.26199010014533997,,1,1,1,1,False,seed_specific,0.28460144996643066
encoder,6,all,2024,1070,0.4417457971274149,0.33941102027893066,,1,1,1,1,False,seed_specific,0.30828797817230225
encoder,6,all,2024,1560,0.5572547038662778,0.29731959104537964,,1,1,1,1,False,seed_specific,0.27509841322898865
encoder,6,all,2024,632,0.4427544201910412,0.29279258847236633,,1,1,1,1,False,seed_specific,0.3810814619064331
encoder,6,all,2024,491,0.4431496577649046,0.3435991406440735,,1,1,1,1,False,seed_specific,0.37591552734375
encoder,6,all,2024,1920,0.443768020013205,0.49546176195144653,,2,1,1,1,False,seed_specific,0.5865285396575928
encoder,6,all,2024,2138,0.4441354706852333,0.3268498182296753,,1,1,1,1,False,seed_specific,0.29101523756980896
encoder,6,all,2024,2513,0.4442943122285593,0.32569047808647156,,1,1,1,1,False,seed_specific,0.2404671311378479
encoder,6,all,2024,3052,0.555239116658538,0.2679137587547302,,1,1,1,1,False,seed_specific,0.33575135469436646
encoder,6,all,2024,649,0.44482350755306055,0.4189578592777252,,2,2,1,1,False,seed_specific,0.6123783588409424
encoder,6,all,2024,1200,0.44502133370493135,0.3169349730014801,,1,1,1,1,False,seed_specific,0.4813111424446106
encoder,6,all,2024,1657,0.5549011118078573,0.2951318621635437,,1,1,1,1,False,seed_specific,0.27304506301879883
encoder,6,all,2024,1329,0.44529754380376974,0.25087541341781616,,1,1,1,1,False,seed_specific,0.2498113512992859
encoder,6,all,2024,234,0.4455575794373608,0.4815697968006134,,2,1,1,1,False,seed_specific,0.5459121465682983
encoder,6,content,42,646,0.3481902017577911,0.3708467483520508,0.27136901021003723,1,1,1,1,False,seed_specific,
encoder,6,content,42,1750,0.3623868202162568,0.33646267652511597,0.36185237765312195,1,1,1,1,False,seed_specific,
encoder,6,content,42,1275,0.4026056648783514,0.28150707483291626,0.3005119562149048,1,1,1,1,False,seed_specific,
encoder,6,content,42,1291,0.4042869798043139,0.40361136198043823,0.4864330291748047,1,1,1,1,False,seed_specific,
encoder,6,content,42,1383,0.4066899247182325,0.36447417736053467,0.4085695743560791,1,1,1,1,False,seed_specific,
encoder,6,content,42,2859,0.4080228665465609,0.26527443528175354,0.2641717195510864,1,1,1,1,False,seed_specific,
encoder,6,content,42,1534,0.4159819476378645,0.5148637890815735,0.5484503507614136,3,1,1,1,False,seed_specific,
encoder,6,content,42,1322,0.41700135367832225,0.33560168743133545,0.3549485206604004,1,1,1,1,False,seed_specific,
encoder,6,content,42,2754,0.418854781503711,0.4689844846725464,0.5850582122802734,2,1,1,1,False,seed_specific,
encoder,6,content,42,1650,0.422367543571521,0.30947941541671753,0.3663167953491211,1,1,1,1,False,seed_specific,
encoder,6,content,42,608,0.5741570200497013,0.3896995186805725,0.35059285163879395,1,1,1,1,False,seed_specific,
encoder,6,content,42,2087,0.42874028287895527,0.4651477634906769,0.43239718675613403,1,1,1,1,False,seed_specific,
encoder,6,content,42,577,0.4288680196814211,0.4800829589366913,0.2894166111946106,1,1,1,1,False,seed_specific,
encoder,6,content,42,2612,0.4294594244876426,0.34767159819602966,0.26463693380355835,1,1,1,1,False,seed_specific,
encoder,6,content,42,1475,0.43191877266498785,0.3954257369041443,0.5835919380187988,2,1,1,1,False,seed_specific,
encoder,6,content,42,644,0.43211328097783347,0.42125582695007324,0.2802795171737671,1,1,1,1,False,seed_specific,
encoder,6,content,42,1979,0.5674889930690343,0.3390626311302185,0.3294966220855713,1,1,1,1,False,seed_specific,
encoder,6,content,42,388,0.4327909495987074,0.43713000416755676,0.3285159468650818,1,1,1,1,False,seed_specific,
encoder,6,content,42,1796,0.4336494404464485,0.300869882106781,0.3050122857093811,1,1,1,1,False,seed_specific,
encoder,6,content,42,2316,0.433843948759294,0.2908153533935547,0.29312199354171753,1,1,1,1,False,seed_specific,
encoder,6,content,42,683,0.5656894801278032,0.42866405844688416,0.47046196460723877,1,1,1,1,False,seed_specific,
encoder,6,content,42,166,0.4346443774240962,0.4332306981086731,0.3395092487335205,1,1,1,1,False,seed_specific,
encoder,6,content,42,1440,0.4349827970046549,0.31689420342445374,0.35625189542770386,1,1,1,1,False,seed_specific,
encoder,6,content,42,1183,0.5647310393794314,0.3920428156852722,0.548970103263855,2,1,1,1,False,seed_specific,
encoder,6,content,42,1197,0.43617473067441714,0.2838954031467438,0.3775279223918915,1,1,1,1,False,seed_specific,
encoder,6,content,42,2955,0.4367706975092982,0.3510129153728485,0.34751683473587036,1,1,1,1,False,seed_specific,
encoder,6,content,42,1675,0.4368665001111476,0.3717288672924042,0.3134368658065796,1,1,1,1,False,seed_specific,
encoder,6,content,42,1677,0.43784028586501034,0.27829328179359436,0.3110096752643585,1,1,1,1,False,seed_specific,
encoder,6,content,42,2770,0.4382985623803504,0.2834241986274719,0.29037877917289734,1,1,1,1,False,seed_specific,
encoder,6,content,42,253,0.5615761891964526,0.3583793640136719,0.25245189666748047,1,1,1,1,False,seed_specific,
encoder,6,content,42,2463,0.5595170553515084,0.538330078125,0.3373124897480011,2,1,1,1,False,seed_specific,
encoder,6,content,42,806,0.4406961158058533,0.38086771965026855,0.3785903751850128,1,1,1,1,False,seed_specific,
encoder,6,content,42,1271,0.44128917953158747,0.357259064912796,0.3242306709289551,1,1,1,1,False,seed_specific,
encoder,6,content,42,1969,0.5581252218804849,0.6036648750305176,0.5949444770812988,3,2,1,1,False,seed_specific,
encoder,6,content,42,2044,0.444846317696358,0.2601346969604492,0.2606852650642395,1,1,1,1,False,seed_specific,
encoder,6,content,42,1397,0.554381040540675,0.24734319746494293,0.2283627837896347,1,1,1,1,False,seed_specific,
encoder,6,content,42,1188,0.4460453017740485,0.5762847065925598,0.3902035355567932,2,1,1,1,False,seed_specific,
encoder,6,content,42,1962,0.44630492267776156,0.3121832609176636,0.29729557037353516,1,1,1,1,False,seed_specific,
encoder,6,content,42,2915,0.5536623136618657,0.35037171840667725,0.5154911279678345,2,1,1,1,False,seed_specific,
encoder,6,content,42,1540,0.44637501202716645,0.2915310263633728,0.3057222366333008,1,1,1,1,False,seed_specific,
encoder,6,content,42,2846,0.44638745392351054,0.45848608016967773,0.3651247024536133,1,1,1,1,False,seed_specific,
encoder,6,content,42,2263,0.4464923805826789,0.26805227994918823,0.43483293056488037,1,1,1,1,False,seed_specific,
encoder,6,content,42,2465,0.44722106097856346,0.3520464599132538,0.2705852687358856,1,1,1,1,False,seed_specific,
encoder,6,content,42,1826,0.4474139103718965,0.38196349143981934,0.40755733847618103,1,1,1,1,False,seed_specific,
encoder,6,content,42,1301,0.4476175427420612,0.3822231590747833,0.3824867606163025,1,1,1,1,False,seed_specific,
encoder,6,content,42,2310,0.44761920166157376,0.2765657305717468,0.27111950516700745,1,1,1,1,False,seed_specific,
encoder,6,content,42,897,0.4476391086957243,0.39677727222442627,0.46532079577445984,1,1,1,1,False,seed_specific,
encoder,6,content,42,1615,0.5521166154060537,0.305132657289505,0.2815043330192566,1,1,1,1,False,seed_specific,
encoder,6,content,42,1943,0.5520374019993297,0.2605811357498169,0.38580358028411865,1,1,1,1,False,seed_specific,
encoder,6,content,42,431,0.4482242925537739,0.24752208590507507,0.27799293398857117,1,1,1,1,False,seed_specific,
encoder,6,content,1337,1331,0.3472288579002724,,0.33319640159606934,1,1,1,1,False,seed_specific,0.3708467483520508
encoder,6,content,1337,472,0.3875070089349405,,0.4892192780971527,1,1,1,1,False,seed_specific,0.46426084637641907
encoder,6,content,1337,917,0.3880444988570045,,0.47183385491371155,1,1,1,1,False,seed_specific,0.33560168743133545
encoder,6,content,1337,3004,0.3920727701633372,,0.3076173961162567,1,1,1,1,False,seed_specific,0.3246954679489136
encoder,6,content,1337,664,0.3987536537702264,,0.33163848519325256,1,1,1,1,False,seed_specific,0.3552447557449341
encoder,6,content,1337,787,0.40440683673909505,,0.36430156230926514,1,1,1,1,False,seed_specific,0.34323766827583313
encoder,6,content,1337,2898,0.4098837595097561,,0.3495182991027832,1,1,1,1,False,seed_specific,0.4800829589366913
encoder,6,content,1337,579,0.4120851457029008,,0.3424382209777832,1,1,1,1,False,seed_specific,0.3274385333061218
encoder,6,content,1337,959,0.418683498064041,,0.3244468569755554,1,1,1,1,False,seed_specific,0.37832939624786377
encoder,6,content,1337,1188,0.42107109797246856,,0.3544192612171173,1,1,1,1,False,seed_specific,0.3109729588031769
encoder,6,content,1337,295,0.4212419666822605,,0.5190907716751099,2,1,1,1,False,seed_specific,0.4294561743736267
encoder,6,content,1337,544,0.42236339627273967,,0.2692754864692688,1,1,1,1,False,seed_specific,0.297448992729187
encoder,6,content,1337,1963,0.4255153433465715,,0.2933363914489746,1,1,1,1,False,seed_specific,0.25381898880004883
encoder,6,content,1337,2227,0.42659861778826214,,0.6026251316070557,3,2,1,1,False,seed_specific,0.5611528754234314
encoder,6,content,1337,1823,0.4281766649745688,,0.2776445150375366,1,1,1,1,False,seed_specific,0.34767159819602966
encoder,6,content,1337,2451,0.4282533900020239,,0.2905041575431824,1,1,1,1,False,seed_specific,0.30947941541671753
encoder,6,content,1337,903,0.42908741178695486,,0.22442275285720825,1,1,1,1,False,seed_specific,0.28527456521987915
encoder,6,content,1337,2612,0.43091720000929,,0.26626157760620117,1,1,1,1,False,seed_specific,0.3561575412750244
encoder,6,content,1337,2357,0.435798570674948,,0.27296334505081177,1,1,1,1,False,seed_specific,0.28740179538726807
encoder,6,content,1337,1899,0.4366732359879364,,0.4225839078426361,1,1,1,1,False,seed_specific,0.4651477634906769
encoder,6,content,1337,0,0.5628597781692828,,0.27461063861846924,1,1,1,1,False,seed_specific,0.26665937900543213
encoder,6,content,1337,2966,0.4381662635492251,,0.3175521790981293,1,1,1,1,False,seed_specific,0.45848608016967773
encoder,6,content,1337,1318,0.43948842240072183,,0.2520395815372467,1,1,1,1,False,seed_specific,0.2527889609336853
encoder,6,content,1337,2786,0.5593291827167128,,0.3624182343482971,1,1,1,1,False,seed_specific,0.30050286650657654
encoder,6,content,1337,933,0.44118134976327217,,0.3112667500972748,1,1,1,1,False,seed_specific,0.35508599877357483
encoder,6,content,1337,2012,0.44125517168158035,,0.4158245027065277,1,1,1,1,False,seed_specific,0.4183192253112793
encoder,6,content,1337,1358,0.44224139933178724,,0.30760452151298523,1,1,1,1,False,seed_specific,0.37208932638168335
encoder,6,content,1337,504,0.44233595774400225,,0.3127659559249878,1,1,1,1,False,seed_specific,0.29102322459220886
encoder,6,content,1337,2680,0.44273161004774364,,0.3117372989654541,1,1,1,1,False,seed_specific,0.2729184031486511
encoder,6,content,1337,1565,0.44283861035630273,,0.3624318838119507,1,1,1,1,False,seed_specific,0.3022593557834625
encoder,6,content,1337,719,0.5550728099774055,,0.2641570270061493,1,1,1,1,False,seed_specific,0.3108478784561157
encoder,6,content,1337,1546,0.44497322503906755,,0.31829363107681274,1,1,1,1,False,seed_specific,0.3745604455471039
encoder,6,content,1337,2061,0.44598723959110953,,0.42834386229515076,1,1,1,1,False,seed_specific,0.4332306981086731
encoder,6,content,1337,1657,0.4466989160619904,,0.3219892084598541,2,1,1,1,False,seed_specific,0.5258879661560059
encoder,6,content,1337,192,0.5532023782270131,,0.3791936933994293,1,1,1,1,False,seed_specific,0.42866405844688416
encoder,6,content,1337,1632,0.446978443999854,,0.25850605964660645,1,1,1,1,False,seed_specific,0.30464422702789307
encoder,6,content,1337,2565,0.44726751072491466,,0.5415928363800049,2,1,1,1,False,seed_specific,0.4726383686065674
encoder,6,content,1337,2703,0.44735335980968877,,0.2762546241283417,1,1,1,1,False,seed_specific,0.24868828058242798
encoder,6,content,1337,1452,0.44768638790183185,,0.2820916473865509,1,1,1,1,False,seed_specific,0.2657898962497711
encoder,6,content,1337,204,0.4480467881659318,,0.26150545477867126,1,1,1,1,False,seed_specific,0.2705267667770386
encoder,6,content,1337,2744,0.44831221528793863,,0.23864302039146423,1,1,1,1,False,seed_specific,0.24372190237045288
encoder,6,content,1337,1297,0.4485133592788345,,0.38522064685821533,1,1,1,1,False,seed_specific,0.3676464557647705
encoder,6,content,1337,1675,0.5512436090125779,,0.29228585958480835,1,1,1,1,False,seed_specific,0.30483055114746094
encoder,6,content,1337,2504,0.4490657794765114,,0.27345067262649536,1,1,1,1,False,seed_specific,0.21744275093078613
encoder,6,content,1337,2712,0.5505999482417112,,0.31693553924560547,1,1,1,1,False,seed_specific,0.3167169988155365
encoder,6,content,1337,2704,0.44942908284975824,,0.2799849212169647,1,1,1,1,False,seed_specific,0.33043748140335083
encoder,6,content,1337,686,0.5499479928732818,,0.6140425205230713,3,3,1,1,False,seed_specific,0.6124040484428406
encoder,6,content,1337,778,0.5498003490366654,,0.4124271273612976,1,1,1,1,False,seed_specific,0.4653162360191345
encoder,6,content,1337,2790,0.4504522214591193,,0.25983431935310364,1,1,1,1,False,seed_specific,0.3054702877998352
encoder,6,content,1337,1267,0.5492636885743579,,0.26656097173690796,1,1,1,1,False,seed_specific,0.31832849979400635
encoder,6,content,2024,1789,0.36866666003098864,0.3216613531112671,,1,1,1,1,False,seed_specific,0.3134368658065796
encoder,6,content,2024,59,0.37892251518740816,0.40886008739471436,,1,1,1,1,False,seed_specific,0.3198922872543335
encoder,6,content,2024,2773,0.399824486315573,0.4892192780971527,,1,1,1,1,False,seed_specific,0.4864330291748047
encoder,6,content,2024,967,0.40286777416133324,0.5437220335006714,,2,1,1,1,False,seed_specific,0.48404446244239807
encoder,6,content,2024,675,0.4046656281830518,0.32116076350212097,,1,1,1,1,False,seed_specific,0.303821861743927
encoder,6,content,2024,1882,0.40736883752874076,0.27970820665359497,,1,1,1,1,False,seed_specific,0.35488519072532654
encoder,6,content,2024,1512,0.5874764848159096,0.3919728398323059,,1,1,1,1,False,seed_specific,0.4951847791671753
encoder,6,content,2024,1724,0.41643400320503243,0.28054019808769226,,1,1,1,1,False,seed_specific,0.28863435983657837
encoder,6,content,2024,1469,0.42246459036300477,0.40896305441856384,,1,1,1,1,False,seed_specific,0.4152323603630066
encoder,6,content,2024,287,0.4238240749035339,0.32119491696357727,,1,1,1,1,False,seed_specific,0.32157257199287415
encoder,6,content,2024,1002,0.42542742061240674,0.33163848519325256,,1,1,1,1,False,seed_specific,0.3850526809692383
encoder,6,content,2024,897,0.42908284975829536,0.3226424753665924,,2,1,1,1,False,seed_specific,0.5744025707244873
encoder,6,content,2024,474,0.4307637499543797,0.35541462898254395,,1,1,1,1,False,seed_specific,0.32592666149139404
encoder,6,content,2024,863,0.43243013460472923,0.31832829117774963,,1,1,1,1,False,seed_specific,0.2828148603439331
encoder,6,content,2024,585,0.4331571560811013,0.38920605182647705,,1,1,1,1,False,seed_specific,0.3775279223918915
encoder,6,content,2024,2321,0.4335785216372872,0.3175521790981293,,1,1,1,1,False,seed_specific,0.2718185782432556
encoder,6,content,2024,1475,0.43666162355134847,0.2473353147506714,,1,1,1,1,False,seed_specific,0.26762646436691284
encoder,6,content,2024,1427,0.43735339298807896,0.3424382209777832,,1,1,1,1,False,seed_specific,0.41881436109542847
encoder,6,content,2024,225,0.4373944512460144,0.35140660405158997,,1,1,1,1,False,seed_specific,0.3141860067844391
encoder,6,content,2024,1499,0.43793152643820027,0.29993677139282227,,1,1,1,1,False,seed_specific,0.289065957069397
encoder,6,content,2024,1747,0.5610138154817005,0.2791283428668976,,1,1,1,1,False,seed_specific,0.2762640118598938
encoder,6,content,2024,508,0.44103329119677775,0.3142113983631134,,1,1,1,1,False,seed_specific,0.2876323163509369
encoder,6,content,2024,1470,0.44133438508830436,0.24914191663265228,,1,1,1,1,False,seed_specific,0.2156255841255188
encoder,6,content,2024,1580,0.5586602234232799,0.2659534215927124,,1,1,1,1,False,seed_specific,0.3301157057285309
encoder,6,content,2024,1297,0.5585988434013159,0.7079338431358337,,3,3,2,1,True,replicated,0.6846863031387329
encoder,6,content,2024,2579,0.4418635804128055,0.3014400899410248,,1,1,1,1,False,seed_specific,0.3135705590248108
encoder,6,content,2024,1928,0.4436514809174488,0.5190907716751099,,2,1,1,1,False,seed_specific,0.40755733847618103
encoder,6,content,2024,452,0.4438609195059074,0.377461314201355,,1,1,1,1,False,seed_specific,0.36064741015434265
encoder,6,content,2024,2967,0.5560449368117558,0.35481056571006775,,1,1,1,1,False,seed_specific,0.4014469087123871
encoder,6,content,2024,2503,0.4446484915444872,0.3112667500972748,,1,1,1,1,False,seed_specific,0.29072317481040955
encoder,6,content,2024,1699,0.44605525529112383,0.3991888761520386,,1,1,1,1,False,seed_specific,0.4085695743560791
encoder,6,content,2024,299,0.4465234853235391,0.32021889090538025,,1,1,1,1,False,seed_specific,0.2972720265388489
encoder,6,content,2024,539,0.44664002441929523,0.3693186044692993,,1,1,1,1,False,seed_specific,0.35019737482070923
encoder,6,content,2024,869,0.4481007030500894,0.36283230781555176,,1,1,1,1,False,seed_specific,0.3740501403808594
encoder,6,content,2024,1728,0.5518138625950146,0.4670855402946472,,2,1,1,1,False,seed_specific,0.569246768951416
encoder,6,content,2024,697,0.44821060646779537,0.29643380641937256,,1,1,1,1,False,seed_specific,0.34886255860328674
encoder,6,content,2024,2767,0.5513493651315026,0.442258358001709,,1,1,1,1,False,seed_specific,0.32623666524887085
encoder,6,content,2024,672,0.44867468920142933,0.35757726430892944,,1,1,1,1,False,seed_specific,0.3663167953491211
encoder,6,content,2024,458,0.4488899340081818,0.4442172944545746,,1,1,1,1,False,seed_specific,0.30500853061676025
encoder,6,content,2024,512,0.44914126031433205,0.2826922535896301,,1,1,1,1,False,seed_specific,0.26518452167510986
encoder,6,content,2024,1632,0.44926941184667607,0.37439024448394775,,2,1,1,1,False,seed_specific,0.5170233845710754
encoder,6,content,2024,1826,0.45059986529573554,0.33229953050613403,,1,1,1,1,False,seed_specific,0.31747686862945557
encoder,6,content,2024,940,0.5491662270529959,0.2646283507347107,,1,1,1,1,False,seed_specific,0.2884204387664795
encoder,6,content,2024,2165,0.45130034405990693,0.2549401521682739,,1,1,1,1,False,seed_specific,0.29419684410095215
encoder,6,content,2024,2923,0.4513339371800359,0.3272276818752289,,1,1,1,1,False,seed_specific,0.3981596529483795
encoder,6,content,2024,802,0.5486299813205662,0.46679994463920593,,2,1,1,1,False,seed_specific,0.548970103263855
encoder,6,content,2024,637,0.45150853845873107,0.3021690249443054,,1,1,1,1,False,seed_specific,0.47342321276664734
encoder,6,content,2024,374,0.45155332928556974,0.34962111711502075,,1,1,1,1,False,seed_specific,0.29408878087997437
encoder,6,content,2024,837,0.45185234952770564,0.2759825587272644,,1,1,1,1,False,seed_specific,0.2988244295120239
encoder,6,content,2024,1661,0.45212524178751895,0.5563628673553467,,2,1,1,1,False,seed_specific,0.4603396952152252
encoder,8,all,42,646,0.32125432563262896,0.379457950592041,0.39763277769088745,1,1,1,1,False,seed_specific,
encoder,8,all,42,1174,0.38535953762595343,0.4027862250804901,0.40636932849884033,1,1,1,1,False,seed_specific,
encoder,8,all,42,446,0.3884384922412335,0.28336334228515625,0.2910560965538025,1,1,1,1,False,seed_specific,
encoder,8,all,42,151,0.601787983450619,0.468991219997406,0.22462470829486847,1,1,1,1,False,seed_specific,
encoder,8,all,42,1457,0.5964757084415778,0.3459741473197937,0.3880385756492615,1,1,1,1,False,seed_specific,
encoder,8,all,42,1765,0.4036802299926012,0.48246073722839355,0.35182589292526245,1,1,1,1,False,seed_specific,
encoder,8,all,42,1096,0.40368645094077327,0.27595019340515137,0.26431983709335327,1,1,1,1,False,seed_specific,
encoder,8,all,42,1946,0.4061847837266632,0.3025367259979248,0.3992353677749634,1,1,1,1,False,seed_specific,
encoder,8,all,42,1113,0.4141587950935796,0.4891302287578583,0.4088509976863861,1,1,1,1,False,seed_specific,
encoder,8,all,42,129,0.4192931509849005,0.4891897141933441,0.41189101338386536,1,1,1,1,False,seed_specific,
encoder,8,all,42,2810,0.41929937193307254,0.2509569823741913,0.37840986251831055,1,1,1,1,False,seed_specific,
encoder,8,all,42,2107,0.5788360025348289,0.30498963594436646,0.20863626897335052,1,1,1,1,False,seed_specific,
encoder,8,all,42,2159,0.42166291750856827,0.2639239728450775,0.251907080411911,1,1,1,1,False,seed_specific,
encoder,8,all,42,1748,0.4219320771994784,0.34203076362609863,0.2586742043495178,1,1,1,1,False,seed_specific,
encoder,8,all,42,2647,0.4222132640568545,0.4113655090332031,0.3853030204772949,1,1,1,1,False,seed_specific,
encoder,8,all,42,539,0.5764703833099426,0.2639831304550171,0.3439461588859558,1,1,1,1,False,seed_specific,
encoder,8,all,42,2184,0.42541995547460026,0.23614051938056946,0.2805054783821106,1,1,1,1,False,seed_specific,
encoder,8,all,42,1976,0.42652935789861346,0.3295976519584656,0.34778648614883423,1,1,1,1,False,seed_specific,
encoder,8,all,42,1539,0.4268594828816096,0.24533210694789886,0.3041054606437683,1,1,1,1,False,seed_specific,
encoder,8,all,42,2707,0.5726208605810863,0.33837348222732544,0.2937135100364685,1,1,1,1,False,seed_specific,
encoder,8,all,42,2956,0.42903391163267546,0.5250034928321838,0.5046894550323486,3,1,1,1,False,seed_specific,
encoder,8,all,42,2386,0.5691640870468246,0.38350921869277954,0.29762887954711914,1,1,1,1,False,seed_specific,
encoder,8,all,42,2224,0.5688949273559145,0.5511606335639954,0.4944779574871063,2,1,1,1,False,seed_specific,
encoder,8,all,42,381,0.43135639895023575,0.6050640344619751,0.43908846378326416,2,2,1,1,False,seed_specific,
encoder,8,all,42,365,0.43230778929067915,0.6286144256591797,0.4940384328365326,2,2,1,1,False,seed_specific,
encoder,8,all,42,1139,0.43295435317069286,0.3044169843196869,0.3565804064273834,1,1,1,1,False,seed_specific,
encoder,8,all,42,1885,0.43363492490071365,0.31448739767074585,0.22277213633060455,1,1,1,1,False,seed_specific,
encoder,8,all,42,2778,0.4337962548233085,0.25147584080696106,0.2926292419433594,1,1,1,1,False,seed_specific,
encoder,8,all,42,1344,0.565554692917409,0.3743688762187958,0.31206899881362915,1,1,1,1,False,seed_specific,
encoder,8,all,42,1801,0.5653357155417533,0.2540239095687866,0.28164902329444885,1,1,1,1,False,seed_specific,
encoder,8,all,42,283,0.43513334395041825,0.36385577917099,0.3576814532279968,1,1,1,1,False,seed_specific,
encoder,8,all,42,1189,0.4355771049200235,0.2608647048473358,0.31240856647491455,1,1,1,1,False,seed_specific,
encoder,8,all,42,3013,0.43590432679387253,0.2522051930427551,0.28581929206848145,1,1,1,1,False,seed_specific,
encoder,8,all,42,2597,0.5628340649168383,0.282562792301178,0.35324904322624207,1,1,1,1,False,seed_specific,
encoder,8,all,42,33,0.43741477301004306,0.29218900203704834,0.26221412420272827,1,1,1,1,False,seed_specific,
encoder,8,all,42,2636,0.4374591491070036,0.297448068857193,0.2655012905597687,1,1,1,1,False,seed_specific,
encoder,8,all,42,724,0.43823262032972693,0.32987016439437866,0.3662685453891754,1,1,1,1,False,seed_specific,
encoder,8,all,42,168,0.5615853132537716,0.21838343143463135,0.25884705781936646,1,1,1,1,False,seed_specific,
encoder,8,all,42,2984,0.44059989847412584,0.585334837436676,0.7521604299545288,3,2,2,1,True,replicated,
encoder,8,all,42,905,0.4406529838985272,0.3196820616722107,0.29414066672325134,1,1,1,1,False,seed_specific,
encoder,8,all,42,238,0.4406861622887781,0.2986004948616028,0.3291108012199402,1,1,1,1,False,seed_specific,
encoder,8,all,42,1710,0.44088025587174556,0.3247109651565552,0.37635669112205505,1,1,1,1,False,seed_specific,
encoder,8,all,42,1701,0.4429099438953421,0.3546066880226135,0.27165770530700684,1,1,1,1,False,seed_specific,
encoder,8,all,42,1431,0.443099060719772,0.3489822745323181,0.3373349606990814,1,1,1,1,False,seed_specific,
encoder,8,all,42,955,0.5567980862704504,0.3253374695777893,0.338056743144989,1,1,1,1,False,seed_specific,
encoder,8,all,42,1055,0.44329356903261763,0.29414117336273193,0.24773547053337097,1,1,1,1,False,seed_specific,
encoder,8,all,42,2846,0.4439052956028679,0.3284803628921509,0.2808445692062378,1,1,1,1,False,seed_specific,
encoder,8,all,42,625,0.4442180019309824,0.28536978363990784,0.28285932540893555,1,1,1,1,False,seed_specific,
encoder,8,all,42,2838,0.5557168854781503,0.30383414030075073,0.4088289737701416,1,1,1,1,False,seed_specific,
encoder,8,all,42,183,0.44447264607615766,0.39382296800613403,0.3882617950439453,1,1,1,1,False,seed_specific,
encoder,8,all,1337,606,0.38278655346199914,,0.3719853460788727,1,1,1,1,False,seed_specific,0.48246073722839355
encoder,8,all,1337,88,0.38622217577247586,,0.26543429493904114,1,1,1,1,False,seed_specific,0.4027862250804901
encoder,8,all,1337,2133,0.3875928580197146,,0.3000543713569641,1,1,1,1,False,seed_specific,0.27326518297195435
encoder,8,all,1337,394,0.3896349879396551,,0.5729367733001709,3,2,1,1,False,seed_specific,0.6286144256591797
encoder,8,all,1337,762,0.3926886440323688,,0.41856706142425537,1,1,1,1,False,seed_specific,0.4891302287578583
encoder,8,all,1337,600,0.4017131661806033,,0.38754311203956604,1,1,1,1,False,seed_specific,0.4232825040817261
encoder,8,all,1337,1652,0.4049302258453024,,0.4513893723487854,2,1,1,1,False,seed_specific,0.5088273286819458
encoder,8,all,1337,1971,0.40749947744035353,,0.547276496887207,2,1,1,1,False,seed_specific,0.4409906566143036
encoder,8,all,1337,2700,0.4129332683036884,,0.23219536244869232,1,1,1,1,False,seed_specific,0.3166254162788391
encoder,8,all,1337,1078,0.41343757983550156,,0.28121933341026306,1,1,1,1,False,seed_specific,0.38935455679893494
encoder,8,all,1337,664,0.41368309992335794,,0.3732595443725586,1,1,1,1,False,seed_specific,0.29474055767059326
encoder,8,all,1337,1044,0.41596577317261724,,0.31897681951522827,1,1,1,1,False,seed_specific,0.27595019340515137
encoder,8,all,1337,403,0.4179191508986367,,0.3049110472202301,1,1,1,1,False,seed_specific,0.3036705255508423
encoder,8,all,1337,2155,0.4204224604430642,,0.24144390225410461,1,1,1,1,False,seed_specific,0.27403467893600464
encoder,8,all,1337,166,0.42046310397112147,,0.4829297959804535,1,1,1,1,False,seed_specific,0.4113655090332031
encoder,8,all,1337,1471,0.5779522131645216,,0.3732607364654541,1,1,1,1,False,seed_specific,0.284462034702301
encoder,8,all,1337,2966,0.42252348200570006,,0.2711590826511383,1,1,1,1,False,seed_specific,0.30729562044143677
encoder,8,all,1337,1229,0.42406959499139013,,0.43141084909439087,1,1,1,1,False,seed_specific,0.39911147952079773
encoder,8,all,1337,1454,0.4246759300732247,,0.28703758120536804,1,1,1,1,False,seed_specific,0.2636372447013855
encoder,8,all,1337,357,0.4253283001715323,,0.32083675265312195,1,1,1,1,False,seed_specific,0.28330934047698975
encoder,8,all,1337,2717,0.5740873454301744,,0.3032020926475525,1,1,1,1,False,seed_specific,0.3245677351951599
encoder,8,all,1337,619,0.42604578286070716,,0.3923385441303253,2,2,1,1,False,seed_specific,0.6050640344619751
encoder,8,all,1337,1509,0.5726386939658462,,0.2544861137866974,1,1,1,1,False,seed_specific,0.3325727581977844
encoder,8,all,1337,1546,0.4295925527785243,,0.2439337819814682,1,1,1,1,False,seed_specific,0.28095415234565735
encoder,8,all,1337,1320,0.5700665392616481,,0.24001656472682953,1,1,1,1,False,seed_specific,0.19934049248695374
encoder,8,all,1337,2356,0.43004751145483927,,0.2954186201095581,1,1,1,1,False,seed_specific,0.33563071489334106
encoder,8,all,1337,2153,0.5693967505084588,,0.23217891156673431,1,1,1,1,False,seed_specific,0.45555785298347473
encoder,8,all,1337,466,0.5693088277742941,,0.1800214648246765,1,1,1,1,False,seed_specific,0.3322635293006897
encoder,8,all,1337,1436,0.4308454517403725,,0.39469900727272034,1,1,1,1,False,seed_specific,0.34772777557373047
encoder,8,all,1337,1673,0.43241769270838515,,0.3417286276817322,1,1,1,1,False,seed_specific,0.29576852917671204
encoder,8,all,1337,2775,0.4326686042846573,,0.27518004179000854,1,1,1,1,False,seed_specific,0.25628024339675903
encoder,8,all,1337,1403,0.43467506743507817,,0.2211856245994568,1,1,1,1,False,seed_specific,0.2513335645198822
encoder,8,all,1337,939,0.43505537473332867,,0.3907613754272461,1,1,1,1,False,seed_specific,0.29859888553619385
encoder,8,all,1337,1022,0.4358164040597078,,0.2482331097126007,1,1,1,1,False,seed_specific,0.30321866273880005
encoder,8,all,1337,2835,0.43702575638435176,,0.24124625325202942,1,1,1,1,False,seed_specific,0.3438572287559509
encoder,8,all,1337,2945,0.4385909469444362,,0.2951565384864807,1,1,1,1,False,seed_specific,0.3034316301345825
encoder,8,all,1337,3022,0.4388995059737692,,0.24927279353141785,1,1,1,1,False,seed_specific,0.2804431915283203
encoder,8,all,1337,1447,0.43964684921416985,,0.2893463373184204,1,1,1,1,False,seed_specific,0.26605838537216187
encoder,8,all,1337,1884,0.5598471803345046,,0.2004862129688263,1,1,1,1,False,seed_specific,0.2579444348812103
encoder,8,all,1337,1632,0.4401619437228144,,0.21711120009422302,1,1,1,1,False,seed_specific,0.26746219396591187
encoder,8,all,1337,2731,0.5594444776228347,,0.3785426914691925,1,1,1,1,False,seed_specific,0.27246129512786865
encoder,8,all,1337,2485,0.44062229388754515,,0.2757948338985443,1,1,1,1,False,seed_specific,0.2541031539440155
encoder,8,all,1337,351,0.4414152574145408,,0.33116239309310913,1,1,1,1,False,seed_specific,0.2907485365867615
encoder,8,all,1337,2851,0.5582152182640403,,0.2679148018360138,1,1,1,1,False,seed_specific,0.3338738977909088
encoder,8,all,1337,659,0.44233346936473333,,0.35957568883895874,1,1,1,1,False,seed_specific,0.4291285276412964
encoder,8,all,1337,1916,0.44285063752276865,,0.394428014755249,1,1,1,1,False,seed_specific,0.3470514416694641
encoder,8,all,1337,809,0.44285519955142816,,0.4648563265800476,1,1,1,1,False,seed_specific,0.4689965844154358
encoder,8,all,1337,633,0.4431691500691769,,0.3145252466201782,1,1,1,1,False,seed_specific,0.3717501163482666
encoder,8,all,1337,2958,0.4437763146107677,,0.2783893346786499,1,1,1,1,False,seed_specific,0.32200777530670166
encoder,8,all,1337,397,0.44396211359617255,,0.5117558836936951,3,2,1,1,False,seed_specific,0.6108821630477905
encoder,8,all,2024,498,0.36376579706105816,0.3927214741706848,,1,1,1,1,False,seed_specific,0.33767861127853394
encoder,8,all,2024,413,0.3818019847313048,0.2991713285446167,,1,1,1,1,False,seed_specific,0.40636932849884033
encoder,8,all,2024,1819,0.39376362387649677,0.31239748001098633,,1,1,1,1,False,seed_specific,0.3815857172012329
encoder,8,all,2024,2311,0.3966833222185726,0.33146512508392334,,1,1,1,1,False,seed_specific,0.3117482662200928
encoder,8,all,2024,2215,0.4053113626033092,0.3719179928302765,,1,1,1,1,False,seed_specific,0.34131163358688354
encoder,8,all,2024,2957,0.5927667791414096,0.3785426914691925,,1,1,1,1,False,seed_specific,0.24325163662433624
encoder,8,all,2024,357,0.41071238980627145,0.479623407125473,,1,1,1,1,False,seed_specific,0.3992353677749634
encoder,8,all,2024,1065,0.41183755196565375,0.31361132860183716,,1,1,1,1,False,seed_specific,0.30102303624153137
encoder,8,all,2024,1787,0.414758494497364,0.28857430815696716,,1,1,1,1,False,seed_specific,0.32796844840049744
encoder,8,all,2024,2457,0.41513755760598015,0.29657405614852905,,1,1,1,1,False,seed_specific,0.2789098620414734
encoder,8,all,2024,1935,0.4177105417699344,0.345100998878479,,1,1,1,1,False,seed_specific,0.4126315712928772
encoder,8,all,2024,869,0.417987166598651,0.4299447238445282,,1,1,1,1,False,seed_specific,0.3565804064273834
encoder,8,all,2024,1615,0.4185395867963278,0.3990834951400757,,1,1,1,1,False,seed_specific,0.40219011902809143
encoder,8,all,2024,13,0.4186080172262202,0.34707748889923096,,1,1,1,1,False,seed_specific,0.3182896375656128
encoder,8,all,2024,2873,0.4223103108483383,0.2862014174461365,,1,1,1,1,False,seed_specific,0.2611193060874939
encoder,8,all,2024,535,0.425180656334916,0.2941247224807739,,1,1,1,1,False,seed_specific,0.33270102739334106
encoder,8,all,2024,1585,0.42606942246376095,0.32551130652427673,,1,1,1,1,False,seed_specific,0.39763277769088745
encoder,8,all,2024,1933,0.5736788365002108,0.2755924165248871,,1,1,1,1,False,seed_specific,0.2731510400772095
encoder,8,all,2024,1533,0.4272878988457238,0.5729367733001709,,2,1,1,1,False,seed_specific,0.4940384328365326
encoder,8,all,2024,694,0.42826583189836803,0.4343823194503784,,1,1,1,1,False,seed_specific,0.4887922406196594
encoder,8,all,2024,2122,0.5701905434952107,0.3391457796096802,,1,1,1,1,False,seed_specific,0.29237377643585205
encoder,8,all,2024,2143,0.4310047080135766,0.40342986583709717,,1,1,1,1,False,seed_specific,0.45393067598342896
encoder,8,all,2024,778,0.4321526803162564,0.3094399571418762,,1,1,1,1,False,seed_specific,0.2686035931110382
encoder,8,all,2024,1698,0.4325877319584209,0.40684109926223755,,1,1,1,1,False,seed_specific,0.271274209022522
encoder,8,all,2024,96,0.43274408512247803,0.4648563265800476,,1,1,1,1,False,seed_specific,0.4473887085914612
encoder,8,all,2024,1646,0.43321770664330905,0.2898502051830292,,1,1,1,1,False,seed_specific,0.333331823348999
encoder,8,all,2024,597,0.4332483966542911,0.35584142804145813,,1,1,1,1,False,seed_specific,0.30665257573127747
encoder,8,all,2024,2852,0.4354025036413284,0.2550670802593231,,1,1,1,1,False,seed_specific,0.3396221697330475
encoder,8,all,2024,1193,0.5644208214305858,0.24033808708190918,,1,1,1,1,False,seed_specific,0.298864483833313
encoder,8,all,2024,421,0.4373973543551614,0.32083675265312195,,1,1,1,1,False,seed_specific,0.28471821546554565
encoder,8,all,2024,2648,0.5621555668362083,0.28864559531211853,,1,1,1,1,False,seed_specific,0.29007309675216675
encoder,8,all,2024,1425,0.5619867717758069,0.25370079278945923,,1,1,1,1,False,seed_specific,0.3061321973800659
encoder,8,all,2024,1405,0.4383085158974257,0.3089999854564667,,2,1,1,1,False,seed_specific,0.5350543260574341
encoder,8,all,2024,2834,0.4385328847614971,0.2414490431547165,,1,1,1,1,False,seed_specific,0.3897494673728943
encoder,8,all,2024,353,0.5614608942903309,0.1798609048128128,,1,1,1,1,False,seed_specific,0.1956695318222046
encoder,8,all,2024,2173,0.43864942385725325,0.3907613754272461,,1,1,1,1,False,seed_specific,0.25877487659454346
encoder,8,all,2024,613,0.44005079611547404,0.381592333316803,,1,1,1,1,False,seed_specific,0.43047034740448
encoder,8,all,2024,210,0.5590936161459319,0.6007719039916992,,3,2,1,1,False,seed_specific,0.5950765013694763
encoder,8,all,2024,2638,0.559009011250792,0.17837414145469666,,1,1,1,1,False,seed_specific,0.1561671942472458
encoder,8,all,2024,2201,0.44115853961997475,0.41856706142425537,,2,1,1,1,False,seed_specific,0.5234922170639038
encoder,8,all,2024,1523,0.5586647854519394,0.29848846793174744,,1,1,1,1,False,seed_specific,0.26675498485565186
encoder,8,all,2024,1739,0.44134475333525774,0.4501182734966278,,2,1,1,1,False,seed_specific,0.5523889064788818
encoder,8,all,2024,645,0.5583790365659038,0.37140682339668274,,1,1,1,1,False,seed_specific,0.41174381971359253
encoder,8,all,2024,1399,0.5579493764121553,0.18798823654651642,,1,1,1,1,False,seed_specific,0.2859099507331848
encoder,8,all,2024,2920,0.5577192013297898,0.2533917725086212,,1,1,1,1,False,seed_specific,0.2311953604221344
encoder,8,all,2024,1577,0.4423778454616939,0.27227169275283813,,1,1,1,1,False,seed_specific,0.3124328851699829
encoder,8,all,2024,491,0.44245457048914905,0.31383058428764343,,1,1,1,1,False,seed_specific,0.298665314912796
encoder,8,all,2024,563,0.4425988964867403,0.23988988995552063,,1,1,1,1,False,seed_specific,0.26221227645874023
encoder,8,all,2024,2415,0.44266981529590144,0.2754654288291931,,1,1,1,1,False,seed_specific,0.31652915477752686
encoder,8,all,2024,2696,0.4432185029246751,0.2894798219203949,,1,1,1,1,False,seed_specific,0.24189437925815582
encoder,8,content,42,646,0.3351224780276111,0.40112268924713135,0.5190402269363403,2,1,1,1,False,seed_specific,
encoder,8,content,42,2972,0.3922162667011721,0.27185845375061035,0.27746349573135376,1,1,1,1,False,seed_specific,
encoder,8,content,42,1939,0.4033380778431392,0.5766729712486267,0.35266587138175964,2,1,1,1,False,seed_specific,
encoder,8,content,42,1174,0.4045689961214462,0.3458538055419922,0.45041075348854065,1,1,1,1,False,seed_specific,
encoder,8,content,42,983,0.41181930385101573,0.30112630128860474,0.46020710468292236,1,1,1,1,False,seed_specific,
encoder,8,content,42,183,0.4118499938619978,0.3273860812187195,0.3035601079463959,1,1,1,1,False,seed_specific,
encoder,8,content,42,1431,0.4119644593083633,0.3328017592430115,0.3460336923599243,1,1,1,1,False,seed_specific,
encoder,8,content,42,1976,0.41329366856778843,0.3699941039085388,0.3104211091995239,1,1,1,1,False,seed_specific,
encoder,8,content,42,1335,0.41396594570024653,0.31043970584869385,0.29188528656959534,1,1,1,1,False,seed_specific,
encoder,8,content,42,889,0.41590522261040935,0.3303644359111786,0.3029988706111908,1,1,1,1,False,seed_specific,
encoder,8,content,42,2861,0.417159365761892,0.41184791922569275,0.3760251998901367,1,1,1,1,False,seed_specific,
encoder,8,content,42,3018,0.5824682068075422,0.283527135848999,0.28162091970443726,1,1,1,1,False,seed_specific,
encoder,8,content,42,722,0.41824678750236394,0.455808162689209,0.31312501430511475,1,1,1,1,False,seed_specific,
encoder,8,content,42,660,0.42106238864502776,0.34754934906959534,0.2761424779891968,1,1,1,1,False,seed_specific,
encoder,8,content,42,2463,0.5762804370257564,0.30271199345588684,0.28815406560897827,1,1,1,1,False,seed_specific,
encoder,8,content,42,2821,0.4246742711537121,0.3444194495677948,0.38803383708000183,1,1,1,1,False,seed_specific,
encoder,8,content,42,2851,0.42602629055643476,0.30525830388069153,0.39812996983528137,1,1,1,1,False,seed_specific,
encoder,8,content,42,572,0.42756493840431853,0.302803099155426,0.2642064690589905,1,1,1,1,False,seed_specific,
encoder,8,content,42,1951,0.42768645425861224,0.29569944739341736,0.33836185932159424,1,1,1,1,False,seed_specific,
encoder,8,content,42,806,0.43006244173045216,0.4446645975112915,0.4776782691478729,1,1,1,1,False,seed_specific,
encoder,8,content,42,1052,0.43040666752930484,0.33220598101615906,0.28798186779022217,1,1,1,1,False,seed_specific,
encoder,8,content,42,1963,0.43059993165251603,0.30201882123947144,0.3391914665699005,1,1,1,1,False,seed_specific,
encoder,8,content,42,1796,0.4317748613972748,0.4263758659362793,0.3710603713989258,1,1,1,1,False,seed_specific,
encoder,8,content,42,1716,0.5668208632353575,0.2801235616207123,0.31789255142211914,1,1,1,1,False,seed_specific,
encoder,8,content,42,1668,0.4334358545592085,0.5074797868728638,0.33539554476737976,2,1,1,1,False,seed_specific,
encoder,8,content,42,2176,0.5660026011857957,0.3122047781944275,0.3148786723613739,1,1,1,1,False,seed_specific,
encoder,8,content,42,1314,0.4347405947558236,0.3535555899143219,0.32826900482177734,1,1,1,1,False,seed_specific,
encoder,8,content,42,992,0.4368752094385885,0.34965336322784424,0.35577982664108276,1,1,1,1,False,seed_specific,
encoder,8,content,42,283,0.4389890876274465,0.4260908365249634,0.4116104245185852,1,1,1,1,False,seed_specific,
encoder,8,content,42,2653,0.4400657263910869,0.440830796957016,0.48623383045196533,1,1,1,1,False,seed_specific,
encoder,8,content,42,129,0.4410652253973941,0.3217332363128662,0.3485090732574463,1,1,1,1,False,seed_specific,
encoder,8,content,42,1029,0.5588398014605128,0.254605770111084,0.2920662462711334,1,1,1,1,False,seed_specific,
encoder,8,content,42,325,0.44124480343462696,0.2846146523952484,0.2439900040626526,1,1,1,1,False,seed_specific,
encoder,8,content,42,2816,0.44188970839512814,0.2744128108024597,0.28460898995399475,1,1,1,1,False,seed_specific,
encoder,8,content,42,770,0.4425706948550271,0.2840087413787842,0.29157841205596924,1,1,1,1,False,seed_specific,
encoder,8,content,42,1779,0.4427896722306827,0.3626990020275116,0.3034880757331848,1,1,1,1,False,seed_specific,
encoder,8,content,42,1842,0.44346029044362817,0.28531157970428467,0.2401655614376068,1,1,1,1,False,seed_specific,
encoder,8,content,42,1765,0.44384723341992893,0.31101465225219727,0.3591992259025574,1,1,1,1,False,seed_specific,
encoder,8,content,42,723,0.4459229564599985,0.22262750566005707,0.29866817593574524,1,1,1,1,False,seed_specific,
encoder,8,content,42,1574,0.4470298705047429,0.2575007677078247,0.2822175621986389,1,1,1,1,False,seed_specific,
encoder,8,content,42,2588,0.4472774642419899,0.2796250283718109,0.2918494939804077,1,1,1,1,False,seed_specific,
encoder,8,content,42,3013,0.4473823909011582,0.2715446949005127,0.34192702174186707,1,1,1,1,False,seed_specific,
encoder,8,content,42,1390,0.44808826115374534,0.38270917534828186,0.3779730796813965,1,1,1,1,False,seed_specific,
encoder,8,content,42,2465,0.4482392228293868,0.29400834441185,0.2686116695404053,1,1,1,1,False,seed_specific,
encoder,8,content,42,71,0.448560638484942,0.26911723613739014,0.26111161708831787,1,1,1,1,False,seed_specific,
encoder,8,content,42,2207,0.4485793013294581,0.30514010787010193,0.2706861197948456,1,1,1,1,False,seed_specific,
encoder,8,content,42,1392,0.551283423080879,0.33441197872161865,0.3204406499862671,1,1,1,1,False,seed_specific,
encoder,8,content,42,69,0.4487974492453575,0.3570631444454193,0.354879766702652,1,1,1,1,False,seed_specific,
encoder,8,content,42,1066,0.44897122106429643,0.33676594495773315,0.31141114234924316,1,1,1,1,False,seed_specific,
encoder,8,content,42,512,0.550877402530184,0.4244372546672821,0.5365856885910034,2,1,1,1,False,seed_specific,
encoder,8,content,1337,88,0.35248141180686193,,0.4171874523162842,1,1,1,1,False,seed_specific,0.455808162689209
encoder,8,content,1337,600,0.38323985321880155,,0.338154137134552,1,1,1,1,False,seed_specific,0.3768998384475708
encoder,8,content,1337,1564,0.39085429378137426,,0.4534246623516083,1,1,1,1,False,seed_specific,0.4263758659362793
encoder,8,content,1337,1916,0.3974393747864141,,0.4821462631225586,1,1,1,1,False,seed_specific,0.4224016070365906
encoder,8,content,1337,2790,0.3994943613325769,,0.3470331132411957,1,1,1,1,False,seed_specific,0.3477236330509186
encoder,8,content,1337,1648,0.40393404467802035,,0.25836145877838135,1,1,1,1,False,seed_specific,0.29031336307525635
encoder,8,content,1337,1070,0.4107061688580994,,0.3885464072227478,1,1,1,1,False,seed_specific,0.34073325991630554
encoder,8,content,1337,1645,0.41079575051177664,,0.4108755588531494,1,1,1,1,False,seed_specific,0.42982810735702515
encoder,8,content,1337,351,0.4224633461733704,,0.23753103613853455,1,1,1,1,False,seed_specific,0.23029334843158722
encoder,8,content,1337,1579,0.4226615870551193,,0.257433146238327,1,1,1,1,False,seed_specific,0.3273860812187195
encoder,8,content,1337,494,0.4233960736692977,,0.29052087664604187,1,1,1,1,False,seed_specific,0.34122323989868164
encoder,8,content,1337,2801,0.42344584125467405,,0.3235805630683899,1,1,1,1,False,seed_specific,0.412103533744812
encoder,8,content,1337,1971,0.4250943925202637,,0.5859416127204895,2,1,1,1,False,seed_specific,0.38672053813934326
encoder,8,content,1337,664,0.42598440283874306,,0.318172812461853,1,1,1,1,False,seed_specific,0.2855607867240906
encoder,8,content,1337,2538,0.4262883998394165,,0.5388083457946777,2,1,1,1,False,seed_specific,0.46459513902664185
encoder,8,content,1337,1436,0.4263054037644202,,0.5102264881134033,2,1,1,1,False,seed_specific,0.48827317357063293
encoder,8,content,1337,1120,0.42693247534016143,,0.3598169684410095,1,1,1,1,False,seed_specific,0.4446645975112915
encoder,8,content,1337,1924,0.5701262603640996,,0.3599674701690674,1,1,1,1,False,seed_specific,0.35502898693084717
encoder,8,content,1337,2945,0.4303100354676992,,0.43540287017822266,1,1,1,1,False,seed_specific,0.38270917534828186
encoder,8,content,1337,1331,0.43077204455194246,,0.2247643619775772,1,1,1,1,False,seed_specific,0.43600380420684814
encoder,8,content,1337,2653,0.4332119004250152,,0.2086953967809677,1,1,1,1,False,seed_specific,0.23960092663764954
encoder,8,content,1337,130,0.43420144591424714,,0.2839179039001465,1,1,1,1,False,seed_specific,0.2721683979034424
encoder,8,content,1337,519,0.4343482602911072,,0.5067381858825684,2,1,1,1,False,seed_specific,0.42058348655700684
encoder,8,content,1337,2186,0.43448760953016075,,0.36711031198501587,1,1,1,1,False,seed_specific,0.3174121081829071
encoder,8,content,1337,524,0.4350491537851567,,0.31903940439224243,1,1,1,1,False,seed_specific,0.2735702395439148
encoder,8,content,1337,606,0.4351184136748053,,0.3895770311355591,1,1,1,1,False,seed_specific,0.4180249571800232
encoder,8,content,1337,1044,0.4373227029770969,,0.32145237922668457,1,1,1,1,False,seed_specific,0.30171677470207214
encoder,8,content,1337,1815,0.43767066134485283,,0.2953069806098938,1,1,1,1,False,seed_specific,0.2897312343120575
encoder,8,content,1337,903,0.43829939184010674,,0.25613099336624146,1,1,1,1,False,seed_specific,0.2460801899433136
encoder,8,content,1337,166,0.43889328502559716,,0.436252236366272,1,1,1,1,False,seed_specific,0.31725412607192993
encoder,8,content,1337,2963,0.4389422231512171,,0.31738409399986267,1,1,1,1,False,seed_specific,0.38980019092559814
encoder,8,content,1337,1318,0.4397007640983275,,0.27533334493637085,1,1,1,1,False,seed_specific,0.31182625889778137
encoder,8,content,1337,362,0.44108181459251955,,0.3508109450340271,1,1,1,1,False,seed_specific,0.35922205448150635
encoder,8,content,1337,593,0.4412452181645051,,0.29115617275238037,1,1,1,1,False,seed_specific,0.302803099155426
encoder,8,content,1337,2202,0.44192288678537894,,0.5035331845283508,2,1,1,1,False,seed_specific,0.3359966278076172
encoder,8,content,1337,875,0.5568636135911957,,0.2445320039987564,1,1,1,1,False,seed_specific,0.23969455063343048
encoder,8,content,1337,1509,0.5564899419709954,,0.1936396062374115,1,1,1,1,False,seed_specific,0.24656140804290771
encoder,8,content,1337,1652,0.44384889233944147,,0.40857815742492676,1,1,1,1,False,seed_specific,0.37781187891960144
encoder,8,content,1337,2079,0.4447836934847595,,0.3119085431098938,1,1,1,1,False,seed_specific,0.25055021047592163
encoder,8,content,1337,512,0.44490147677015,,0.23607346415519714,1,1,1,1,False,seed_specific,0.2864512801170349
encoder,8,content,1337,827,0.44581968872034267,,0.2756151258945465,1,1,1,1,False,seed_specific,0.27953797578811646
encoder,8,content,1337,966,0.446046545963683,,0.35212934017181396,1,1,1,1,False,seed_specific,0.3011438250541687
encoder,8,content,1337,1147,0.44609631354905926,,0.46235960721969604,1,1,1,1,False,seed_specific,0.3735922574996948
encoder,8,content,1337,3022,0.44614068964601983,,0.2697766125202179,1,1,1,1,False,seed_specific,0.2591165006160736
encoder,8,content,1337,1673,0.4462630349600698,,0.33672377467155457,1,1,1,1,False,seed_specific,0.3699941039085388
encoder,8,content,1337,2505,0.44648076814609106,,0.2995370626449585,1,1,1,1,False,seed_specific,0.28131985664367676
encoder,8,content,1337,2130,0.44648118287596916,,0.3055221438407898,1,1,1,1,False,seed_specific,0.22616466879844666
encoder,8,content,1337,553,0.5534632433203606,,0.6371890306472778,3,2,1,1,False,seed_specific,0.5896791219711304
encoder,8,content,1337,262,0.4469859091376604,,0.31695684790611267,1,1,1,1,False,seed_specific,0.2526114881038666
encoder,8,content,1337,637,0.4476892910109787,,0.22462551295757294,1,1,1,1,False,seed_specific,0.20994800329208374
encoder,8,content,2024,597,0.3400627403359644,0.5102264881134033,,3,1,1,1,False,seed_specific,0.5190402269363403
encoder,8,content,2024,696,0.3915340360516388,0.3895770311355591,,1,1,1,1,False,seed_specific,0.2834089398384094
encoder,8,content,2024,1251,0.39612094850382057,0.36478596925735474,,1,1,1,1,False,seed_specific,0.3482093811035156
encoder,8,content,2024,748,0.39894277059465627,0.3515150547027588,,1,1,1,1,False,seed_specific,0.4776782691478729
encoder,8,content,2024,116,0.4003312862266549,0.4534246623516083,,1,1,1,1,False,seed_specific,0.3293136656284332
encoder,8,content,2024,1336,0.41037023765680936,0.29700082540512085,,1,1,1,1,False,seed_specific,0.27440541982650757
encoder,8,content,2024,366,0.4154295274401877,0.26024776697158813,,1,1,1,1,False,seed_specific,0.28399690985679626
encoder,8,content,2024,1990,0.4156402102182807,0.4821462631225586,,1,1,1,1,False,seed_specific,0.39812996983528137
encoder,8,content,2024,446,0.42024620024485654,0.28747451305389404,,1,1,1,1,False,seed_specific,0.3321404457092285
encoder,8,content,2024,2591,0.5772591995381569,0.6370487213134766,,2,2,1,1,False,seed_specific,0.34895816445350647
encoder,8,content,2024,1450,0.4237925554327955,0.2974054515361786,,1,1,1,1,False,seed_specific,0.33836185932159424
encoder,8,content,2024,926,0.42616771344487914,0.3123093843460083,,1,1,1,1,False,seed_specific,0.34048348665237427
encoder,8,content,2024,2512,0.4264231870498107,0.28993257880210876,,1,1,1,1,False,seed_specific,0.2989518940448761
encoder,8,content,2024,3065,0.42757240354212495,0.27950865030288696,,1,1,1,1,False,seed_specific,0.26328492164611816
encoder,8,content,2024,1737,0.42983226664808677,0.31747689843177795,,1,1,1,1,False,seed_specific,0.32898247241973877
encoder,8,content,2024,2923,0.43013253107985705,0.30957257747650146,,1,1,1,1,False,seed_specific,0.3263038992881775
encoder,8,content,2024,1105,0.43046182660309684,0.436252236366272,,1,1,1,1,False,seed_specific,0.4116104245185852
encoder,8,content,2024,491,0.4305053732403011,0.4108755588531494,,1,1,1,1,False,seed_specific,0.3628039062023163
encoder,8,content,2024,2464,0.4316848650137193,0.3333452343940735,,1,1,1,1,False,seed_specific,0.2900928854942322
encoder,8,content,2024,1249,0.43206226920282287,0.33729422092437744,,1,1,1,1,False,seed_specific,0.39409834146499634
encoder,8,content,2024,374,0.43270344159442076,0.2949784994125366,,1,1,1,1,False,seed_specific,0.3014548420906067
encoder,8,content,2024,1796,0.43307421010547414,0.5859416127204895,,2,1,1,1,False,seed_specific,0.46799033880233765
encoder,8,content,2024,2311,0.4338053788806275,0.30179065465927124,,1,1,1,1,False,seed_specific,0.27696484327316284
encoder,8,content,2024,1065,0.43416909698375256,0.27815455198287964,,1,1,1,1,False,seed_specific,0.3347063660621643
encoder,8,content,2024,645,0.5655099020905705,0.29996737837791443,,1,1,1,1,False,seed_specific,0.44125789403915405
encoder,8,content,2024,3054,0.4345535515807844,0.34925490617752075,,1,1,1,1,False,seed_specific,0.386344850063324
encoder,8,content,2024,1912,0.4351395648985903,0.367937833070755,,1,1,1,1,False,seed_specific,0.2865227460861206
encoder,8,content,2024,474,0.43541162769864733,0.25256603956222534,,1,1,1,1,False,seed_specific,0.2598607838153839
encoder,8,content,2024,1792,0.4356322639938155,0.2632167935371399,,1,1,1,1,False,seed_specific,0.2956361472606659
encoder,8,content,2024,2686,0.43681299995686806,0.30415546894073486,,1,1,1,1,False,seed_specific,0.3709564805030823
encoder,8,content,2024,2066,0.4377067428442507,0.46235960721969604,,1,1,1,1,False,seed_specific,0.3207654654979706
encoder,8,content,2024,503,0.5619083878288393,0.5362037420272827,,3,2,1,1,False,seed_specific,0.6941739320755005
encoder,8,content,2024,1597,0.4397248184312593,0.30169689655303955,,1,1,1,1,False,seed_specific,0.2847859263420105
encoder,8,content,2024,2196,0.4405770883308284,0.36218589544296265,,1,1,1,1,False,seed_specific,0.34145861864089966
encoder,8,content,2024,101,0.5590940308758099,0.33398354053497314,,1,1,1,1,False,seed_specific,0.38414478302001953
encoder,8,content,2024,3058,0.5587232623647567,0.41171979904174805,,1,1,1,1,False,seed_specific,0.40194475650787354
encoder,8,content,2024,2827,0.4420962438744397,0.2813475728034973,,1,1,1,1,False,seed_specific,0.2979106307029724
encoder,8,content,2024,2415,0.4421377168622533,0.2727145552635193,,1,1,1,1,False,seed_specific,0.27607691287994385
encoder,8,content,2024,1766,0.44270506733554305,0.49535807967185974,,1,1,1,1,False,seed_specific,0.3390743136405945
encoder,8,content,2024,97,0.5569125517168158,0.6750291585922241,,3,3,1,1,False,seed_specific,0.6433789730072021
encoder,8,content,2024,1922,0.443099060719772,0.3001634478569031,,1,1,1,1,False,seed_specific,0.3662457764148712
encoder,8,content,2024,2870,0.44437145198589256,0.3920394778251648,,1,1,1,1,False,seed_specific,0.4150851368904114
encoder,8,content,2024,1668,0.5547148980925743,0.48753365874290466,,1,1,1,1,False,seed_specific,0.33770379424095154
encoder,8,content,2024,2947,0.4457176651703212,0.27517688274383545,,1,1,1,1,False,seed_specific,0.2978975474834442
encoder,8,content,2024,3030,0.4457520877502065,0.3302299380302429,,1,1,1,1,False,seed_specific,0.3619495630264282
encoder,8,content,2024,1017,0.4458578438691312,0.36500978469848633,,1,1,1,1,False,seed_specific,0.3385429382324219
encoder,8,content,2024,1739,0.4463580081021629,0.2880004644393921,,1,1,1,1,False,seed_specific,0.2947109043598175
encoder,8,content,2024,245,0.44705807213645615,0.2401820868253708,,1,1,1,1,False,seed_specific,0.2837103307247162
encoder,8,content,2024,1405,0.4472816115407713,0.3407164514064789,,1,1,1,1,False,seed_specific,0.4135034382343292
encoder,8,content,2024,1497,0.4475698488060757,0.570814847946167,,2,1,1,1,False,seed_specific,0.48623383045196533
decoder,4,all,42,1330,0.7711039445788168,0.7902499437332153,0.5782785415649414,3,2,2,1,True,replicated,
decoder,4,all,42,2495,0.722166233688674,0.753684401512146,0.6720962524414062,3,3,2,1,True,replicated,
decoder,4,all,42,220,0.6931426073569762,0.3308008015155792,0.4448990821838379,1,1,1,1,False,seed_specific,
decoder,4,all,42,1848,0.6847932654503469,0.7005756497383118,0.5217708945274353,3,2,2,1,True,replicated,
decoder,4,all,42,2022,0.32984960235699284,0.3678121864795685,0.3766517639160156,1,1,1,1,False,seed_specific,
decoder,4,all,42,2110,0.330805969455974,0.6060863733291626,0.6610656380653381,3,3,1,1,False,seed_specific,
decoder,4,all,42,2908,0.6674770488485439,0.5725250244140625,0.5156701803207397,3,1,1,1,False,seed_specific,
decoder,4,all,42,682,0.6568110258426482,0.4875621497631073,0.3928312659263611,1,1,1,1,False,seed_specific,
decoder,4,all,42,125,0.6565961957657738,0.5052022337913513,0.3910275101661682,2,1,1,1,False,seed_specific,
decoder,4,all,42,716,0.6522249428502229,0.48317283391952515,0.5320910215377808,2,1,1,1,False,seed_specific,
decoder,4,all,42,1201,0.6395499683146374,0.585066556930542,0.6413387060165405,3,2,1,1,False,seed_specific,
decoder,4,all,42,1286,0.3649195755820319,0.4337295889854431,0.4090080261230469,1,1,1,1,False,seed_specific,
decoder,4,all,42,654,0.6319695356020717,0.49041062593460083,0.5033071637153625,2,1,1,1,False,seed_specific,
decoder,4,all,42,2194,0.3729873159014071,0.6166703104972839,0.45243969559669495,2,2,1,1,False,seed_specific,
decoder,4,all,42,1306,0.6257942077166301,0.5506337881088257,0.6038849353790283,3,2,1,1,False,seed_specific,
decoder,4,all,42,1155,0.37886486773434724,0.4284149706363678,0.42744794487953186,1,1,1,1,False,seed_specific,
decoder,4,all,42,2538,0.6204052076801339,0.33625245094299316,0.29609495401382446,1,1,1,1,False,seed_specific,
decoder,4,all,42,1962,0.384191243559245,0.24795326590538025,0.3414011001586914,1,1,1,1,False,seed_specific,
decoder,4,all,42,2626,0.6152687781394223,0.22178208827972412,0.24024194478988647,1,1,1,1,False,seed_specific,
decoder,4,all,42,2251,0.6147437301137023,0.46069326996803284,0.42962244153022766,1,1,1,1,False,seed_specific,
decoder,4,all,42,2694,0.38592522917973066,0.426921546459198,0.44153112173080444,1,1,1,1,False,seed_specific,
decoder,4,all,42,1604,0.6126991118144931,0.26399096846580505,0.30615904927253723,1,1,1,1,False,seed_specific,
decoder,4,all,42,1315,0.6126879141077832,0.38585466146469116,0.3278515934944153,1,1,1,1,False,seed_specific,
decoder,4,all,42,2533,0.38807021210944886,0.3673146367073059,0.4334017038345337,1,1,1,1,False,seed_specific,
decoder,4,all,42,506,0.3946519752754636,0.38309237360954285,0.4099220633506775,1,1,1,1,False,seed_specific,
decoder,4,all,42,479,0.3954714815146599,0.5569249391555786,0.4260631203651428,2,1,1,1,False,seed_specific,
decoder,4,all,42,621,0.6020973719397081,0.2714022397994995,0.3058294951915741,1,1,1,1,False,seed_specific,
decoder,4,all,42,2910,0.5961638315732197,0.314592182636261,0.34000247716903687,1,1,1,1,False,seed_specific,
decoder,4,all,42,1822,0.4046552599360984,0.4066939651966095,0.383112370967865,1,1,1,1,False,seed_specific,
decoder,4,all,42,2915,0.4048082952611305,0.31047385931015015,0.3222377300262451,1,1,1,1,False,seed_specific,
decoder,4,all,42,30,0.594604032501551,0.38746410608291626,0.35781413316726685,1,1,1,1,False,seed_specific,
decoder,4,all,42,2283,0.40693378588657636,0.5696626901626587,0.5187697410583496,3,1,1,1,False,seed_specific,
decoder,4,all,42,2731,0.4072950156104326,0.48471757769584656,0.567817747592926,2,1,1,1,False,seed_specific,
decoder,4,all,42,1910,0.40782462566481203,0.44029486179351807,0.3078743517398834,1,1,1,1,False,seed_specific,
decoder,4,all,42,1371,0.4080722194020591,0.3051045536994934,0.5773074626922607,2,1,1,1,False,seed_specific,
decoder,4,all,42,1696,0.5902074810634338,0.3308546543121338,0.3750770688056946,1,1,1,1,False,seed_specific,
decoder,4,all,42,773,0.4105560366422142,0.5264291763305664,0.5793665647506714,3,1,1,1,False,seed_specific,
decoder,4,all,42,744,0.4107397619782283,0.4437432289123535,0.38876938819885254,1,1,1,1,False,seed_specific,
decoder,4,all,42,2443,0.4112913527161489,0.2508540451526642,0.3202901780605316,1,1,1,1,False,seed_specific,
decoder,4,all,42,2817,0.412091781380951,0.38114285469055176,0.3581148386001587,1,1,1,1,False,seed_specific,
decoder,4,all,42,2042,0.41275908175487136,0.3912498354911804,0.39614444971084595,1,1,1,1,False,seed_specific,
decoder,4,all,42,2214,0.4137486272441034,0.41031694412231445,0.4278428256511688,1,1,1,1,False,seed_specific,
decoder,4,all,42,2902,0.5839214203005298,0.4649360179901123,0.44126591086387634,1,1,1,1,False,seed_specific,
decoder,4,all,42,2002,0.5831649530028101,0.33175384998321533,0.3645299971103668,1,1,1,1,False,seed_specific,
decoder,4,all,42,1619,0.41788265466936075,0.2628013491630554,0.2693062126636505,1,1,1,1,False,seed_specific,
decoder,4,all,42,123,0.41852714489998366,0.3457494378089905,0.330478310585022,1,1,1,1,False,seed_specific,
decoder,4,all,42,2473,0.4185943311402417,0.3991944491863251,0.3640928268432617,1,1,1,1,False,seed_specific,
decoder,4,all,42,1540,0.4188722001585927,0.2223803848028183,0.2302669733762741,1,1,1,1,False,seed_specific,
decoder,4,all,42,57,0.5810933772615219,0.5236507058143616,0.4997546374797821,2,1,1,1,False,seed_specific,
decoder,4,all,42,495,0.5807528840315727,0.23677508533000946,0.25899988412857056,1,1,1,1,False,seed_specific,
decoder,4,all,1337,2476,0.9032422752412899,,0.8333750367164612,3,3,3,2,True,replicated,0.753684401512146
decoder,4,all,1337,162,0.8621856762253609,,0.7025032043457031,3,3,3,1,True,replicated,0.7902499437332153
decoder,4,all,1337,1313,0.6786959067819948,,0.5900701284408569,3,1,1,1,False,seed_specific,0.5408619046211243
decoder,4,all,1337,1989,0.3280824383462563,,0.3984241783618927,1,1,1,1,False,seed_specific,0.44029486179351807
decoder,4,all,1337,2496,0.33267100971795055,,0.3058561682701111,1,1,1,1,False,seed_specific,0.3568064570426941
decoder,4,all,1337,454,0.3370128168121539,,0.4161985516548157,1,1,1,1,False,seed_specific,0.4175538420677185
decoder,4,all,1337,1467,0.6624289567718754,,0.6422902345657349,3,2,1,1,False,seed_specific,0.5117248892784119
decoder,4,all,1337,2640,0.34353734725498586,,0.698087215423584,3,3,1,1,False,seed_specific,0.6060863733291626
decoder,4,all,1337,1703,0.35386204757117595,,0.40478000044822693,1,1,1,1,False,seed_specific,0.37223196029663086
decoder,4,all,1337,1207,0.6316311160215129,,0.36850234866142273,1,1,1,1,False,seed_specific,0.34790802001953125
decoder,4,all,1337,1605,0.3767124196668226,,0.6395412087440491,3,2,1,1,False,seed_specific,0.5257706046104431
decoder,4,all,1337,2161,0.38030688352062536,,0.45660752058029175,1,1,1,1,False,seed_specific,0.48232150077819824
decoder,4,all,1337,1021,0.38639262975238964,,0.2833915948867798,1,1,1,1,False,seed_specific,0.2678307294845581
decoder,4,all,1337,3068,0.3877790717349976,,0.2719193994998932,1,1,1,1,False,seed_specific,0.24296370148658752
decoder,4,all,1337,1587,0.3899489384574039,,0.356666624546051,1,1,1,1,False,seed_specific,0.2874419093132019
decoder,4,all,1337,2061,0.39000036496229273,,0.5275455713272095,3,2,1,1,False,seed_specific,0.6166703104972839
decoder,4,all,1337,692,0.3902790634404,,0.43918466567993164,1,1,1,1,False,seed_specific,0.3199162483215332
decoder,4,all,1337,1967,0.39868356442082137,,0.6237835884094238,2,2,1,1,False,seed_specific,0.4634642004966736
decoder,4,all,1337,1528,0.39897014276661324,,0.43516743183135986,2,1,1,1,False,seed_specific,0.5569249391555786
decoder,4,all,1337,2727,0.6003488707734879,,0.33835136890411377,1,1,1,1,False,seed_specific,0.4604514539241791
decoder,4,all,1337,1521,0.39972080384603903,,0.4209556579589844,1,1,1,1,False,seed_specific,0.41523587703704834
decoder,4,all,1337,2900,0.5993759144793812,,0.3003440499305725,1,1,1,1,False,seed_specific,0.30785828828811646
decoder,4,all,1337,460,0.5971554507118424,,0.3121209740638733,1,1,1,1,False,seed_specific,0.28527048230171204
decoder,4,all,1337,2560,0.5970194193118138,,0.28221914172172546,1,1,1,1,False,seed_specific,0.36847788095474243
decoder,4,all,1337,2071,0.40569208463143785,,0.4590759575366974,1,1,1,1,False,seed_specific,0.46032315492630005
decoder,4,all,1337,90,0.4063046406614444,,0.3101089596748352,1,1,1,1,False,seed_specific,0.35793477296829224
decoder,4,all,1337,20,0.40641620299866293,,0.28878188133239746,1,1,1,1,False,seed_specific,0.3234887421131134
decoder,4,all,1337,643,0.40695991386889896,,0.6665523648262024,3,2,1,1,False,seed_specific,0.5478287935256958
decoder,4,all,1337,1632,0.41072897900139677,,0.34486299753189087,1,1,1,1,False,seed_specific,0.4175739288330078
decoder,4,all,1337,799,0.4117790750528365,,0.4204678535461426,1,1,1,1,False,seed_specific,0.3960708975791931
decoder,4,all,1337,1847,0.41203123081874315,,0.5191842913627625,2,1,1,1,False,seed_specific,0.3806893229484558
decoder,4,all,1337,1870,0.587694218001931,,0.26270192861557007,1,1,1,1,False,seed_specific,0.2645629644393921
decoder,4,all,1337,2654,0.41268608929631956,,0.363359659910202,1,1,1,1,False,seed_specific,0.3880694508552551
decoder,4,all,1337,843,0.5856989525582198,,0.2935686409473419,1,1,1,1,False,seed_specific,0.3554004430770874
decoder,4,all,1337,1932,0.4146767927113712,,0.38156750798225403,1,1,1,1,False,seed_specific,0.39639386534690857
decoder,4,all,1337,227,0.5846194106854323,,0.2942265272140503,1,1,1,1,False,seed_specific,0.24166545271873474
decoder,4,all,1337,2193,0.41579490446282524,,0.3608419895172119,1,1,1,1,False,seed_specific,0.28821277618408203
decoder,4,all,1337,731,0.4163390300629394,,0.24522900581359863,1,1,1,1,False,seed_specific,0.2424103021621704
decoder,4,all,1337,159,0.5830322394418067,,0.24479083716869354,1,1,1,1,False,seed_specific,0.2843868136405945
decoder,4,all,1337,2650,0.5811655402603177,,0.27979815006256104,1,1,1,1,False,seed_specific,0.29260390996932983
decoder,4,all,1337,409,0.4192757323300188,,0.4298222064971924,1,1,1,1,False,seed_specific,0.3717413544654846
decoder,4,all,1337,1204,0.5802759446717165,,0.24464264512062073,1,1,1,1,False,seed_specific,0.21340087056159973
decoder,4,all,1337,1842,0.41974976858072804,,0.29017069935798645,1,1,1,1,False,seed_specific,0.3133312463760376
decoder,4,all,1337,913,0.42254421849960677,,0.27204084396362305,1,1,1,1,False,seed_specific,0.2786160707473755
decoder,4,all,1337,412,0.42306470449666733,,0.24549105763435364,1,1,1,1,False,seed_specific,0.25953954458236694
decoder,4,all,1337,2543,0.5759113274342155,,0.24200484156608582,1,1,1,1,False,seed_specific,0.25831180810928345
decoder,4,all,1337,1178,0.42421143260971267,,0.2140607237815857,1,1,1,1,False,seed_specific,0.23900580406188965
decoder,4,all,1337,1536,0.42421806828776276,,0.21793541312217712,1,1,1,1,False,seed_specific,0.22572556138038635
decoder,4,all,1337,1531,0.424646069521999,,0.2647548317909241,1,1,1,1,False,seed_specific,0.3956296443939209
decoder,4,all,1337,491,0.575332364524338,,0.2902590036392212,1,1,1,1,False,seed_specific,0.3015802502632141
decoder,4,all,2024,2782,0.24633876463581741,0.698087215423584,,3,3,1,1,False,seed_specific,0.6610656380653381
decoder,4,all,2024,259,0.7406752134199955,0.8333750367164612,,3,3,2,2,True,replicated,0.6720962524414062
decoder,4,all,2024,1481,0.7124520157530997,0.7025032043457031,,3,2,2,1,True,replicated,0.5607668161392212
decoder,4,all,2024,1531,0.687875537904652,0.649125337600708,,3,2,1,1,False,seed_specific,0.5782785415649414
decoder,4,all,2024,2864,0.6864086383256858,0.46978023648262024,,1,1,1,1,False,seed_specific,0.411068320274353
decoder,4,all,2024,507,0.6760768876015674,0.5711919665336609,,3,2,1,1,False,seed_specific,0.6193983554840088
decoder,4,all,2024,2907,0.6599820504908743,0.36850234866142273,,1,1,1,1,False,seed_specific,0.4448990821838379
decoder,4,all,2024,194,0.6564410867913509,0.47327709197998047,,1,1,1,1,False,seed_specific,0.3678252696990967
decoder,4,all,2024,1327,0.6523311136990256,0.47724735736846924,,1,1,1,1,False,seed_specific,0.3364102840423584
decoder,4,all,2024,592,0.6491323021489643,0.4476265013217926,,1,1,1,1,False,seed_specific,0.4406582713127136
decoder,4,all,2024,2916,0.35622808152594054,0.6237835884094238,,3,3,1,1,False,seed_specific,0.61257404088974
decoder,4,all,2024,2258,0.6373021323751414,0.5900701284408569,,2,1,1,1,False,seed_specific,0.42229583859443665
decoder,4,all,2024,171,0.3645139697612151,0.4048321843147278,,1,1,1,1,False,seed_specific,0.3307275176048279
decoder,4,all,2024,1420,0.3677360061844519,0.32347843050956726,,1,1,1,1,False,seed_specific,0.29623305797576904
decoder,4,all,2024,2819,0.6255818660190245,0.45864081382751465,,1,1,1,1,False,seed_specific,0.4138886034488678
decoder,4,all,2024,2146,0.6213980710083908,0.4193788468837738,,1,1,1,1,False,seed_specific,0.34020087122917175
decoder,4,all,2024,2813,0.3790577171276803,0.3984241783618927,,1,1,1,1,False,seed_specific,0.344834566116333
decoder,4,all,2024,1072,0.38383623478356077,0.5015727877616882,,3,1,1,1,False,seed_specific,0.5114327073097229
decoder,4,all,2024,36,0.38563491826503565,0.367034912109375,,1,1,1,1,False,seed_specific,0.33644747734069824
decoder,4,all,2024,1025,0.38646313383167274,0.3362991511821747,,1,1,1,1,False,seed_specific,0.4099220633506775
decoder,4,all,2024,1978,0.38735148523063956,0.3679489493370056,,1,1,1,1,False,seed_specific,0.33578062057495117
decoder,4,all,2024,413,0.38895566039926877,0.5191842913627625,,3,2,1,1,False,seed_specific,0.6386003494262695
decoder,4,all,2024,341,0.39088622798199074,0.49543362855911255,,1,1,1,1,False,seed_specific,0.40522047877311707
decoder,4,all,2024,2301,0.6083046340257665,0.4887692928314209,,1,1,1,1,False,seed_specific,0.44298553466796875
decoder,4,all,2024,1018,0.3925965739994227,0.318640798330307,,1,1,1,1,False,seed_specific,0.3792140483856201
decoder,4,all,2024,232,0.6066212454504132,0.4375982880592346,,1,1,1,1,False,seed_specific,0.42962244153022766
decoder,4,all,2024,396,0.6048893334793183,0.37629711627960205,,1,1,1,1,False,seed_specific,0.30262523889541626
decoder,4,all,2024,2294,0.39719219577904513,0.3596853017807007,,1,1,1,1,False,seed_specific,0.37272679805755615
decoder,4,all,2024,1028,0.6026576720050697,0.5022017955780029,,2,1,1,1,False,seed_specific,0.42097681760787964
decoder,4,all,2024,2122,0.3976210264730376,0.35885855555534363,,1,1,1,1,False,seed_specific,0.36632388830184937
decoder,4,all,2024,17,0.39793290334139564,0.3058561682701111,,1,1,1,1,False,seed_specific,0.3810504674911499
decoder,4,all,2024,718,0.595107929303486,0.6422902345657349,,2,2,1,1,False,seed_specific,0.4945010840892792
decoder,4,all,2024,706,0.4061926635943477,0.37045222520828247,,1,1,1,1,False,seed_specific,0.36819303035736084
decoder,4,all,2024,2034,0.40838326681066084,0.4298222064971924,,1,1,1,1,False,seed_specific,0.29052144289016724
decoder,4,all,2024,2740,0.5914346667728374,0.29997876286506653,,1,1,1,1,False,seed_specific,0.23851905763149261
decoder,4,all,2024,804,0.40892697768089675,0.2939351201057434,,1,1,1,1,False,seed_specific,0.3581148386001587
decoder,4,all,2024,1622,0.5900482247902297,0.2524517774581909,,1,1,1,1,False,seed_specific,0.3249509930610657
decoder,4,all,2024,1862,0.41098528206608476,0.23634809255599976,,1,1,1,1,False,seed_specific,0.23858939111232758
decoder,4,all,2024,1782,0.41297557075125835,0.2810360789299011,,1,1,1,1,False,seed_specific,0.27324020862579346
decoder,4,all,2024,1064,0.41298842737748054,0.288605272769928,,1,1,1,1,False,seed_specific,0.28032606840133667
decoder,4,all,2024,397,0.4146008971436723,0.48812559247016907,,1,1,1,1,False,seed_specific,0.41499802470207214
decoder,4,all,2024,2016,0.41502018905046767,0.17842504382133484,,1,1,1,1,False,seed_specific,0.17764973640441895
decoder,4,all,2024,862,0.4150695419059659,0.46916237473487854,,2,1,1,1,False,seed_specific,0.5773074626922607
decoder,4,all,2024,2987,0.41532003875235984,0.23497481644153595,,1,1,1,1,False,seed_specific,0.3286675214767456
decoder,4,all,2024,190,0.41712577264176304,0.4355587959289551,,1,1,1,1,False,seed_specific,0.42233791947364807
decoder,4,all,2024,55,0.41757741347905275,0.3176962733268738,,1,1,1,1,False,seed_specific,0.41665345430374146
decoder,4,all,2024,215,0.5817673133134926,0.41232073307037354,,1,1,1,1,False,seed_specific,0.3880101442337036
decoder,4,all,2024,527,0.5807014575266836,0.3426399827003479,,1,1,1,1,False,seed_specific,0.27602463960647583
decoder,4,all,2024,82,0.41961249299106507,0.4156060814857483,,1,1,1,1,False,seed_specific,0.4424344003200531
decoder,4,all,2024,2761,0.58038418916991,0.2703872621059418,,1,1,1,1,False,seed_specific,0.25826138257980347
decoder,4,content,42,220,0.7519475715077256,0.5364937782287598,0.5097743272781372,3,1,1,1,False,seed_specific,
decoder,4,content,42,2495,0.6967470247278544,0.6200340390205383,0.5180794596672058,3,2,1,1,False,seed_specific,
decoder,4,content,42,1840,0.31431050328300175,0.7329018712043762,0.696367084980011,3,3,2,1,True,replicated,
decoder,4,content,42,1861,0.6848853354832931,0.6219326853752136,0.5143312811851501,3,2,1,1,False,seed_specific,
decoder,4,content,42,2022,0.3318643601049764,0.5099689960479736,0.44908618927001953,2,1,1,1,False,seed_specific,
decoder,4,content,42,1057,0.33823668468253254,0.4808540642261505,0.4264274835586548,1,1,1,1,False,seed_specific,
decoder,4,content,42,1330,0.6594578319249106,0.5954210758209229,0.46340346336364746,2,1,1,1,False,seed_specific,
decoder,4,content,42,2908,0.6576670283111203,0.44181618094444275,0.4202427566051483,1,1,1,1,False,seed_specific,
decoder,4,content,42,2371,0.35005275364049887,0.47619321942329407,0.3378968834877014,1,1,1,1,False,seed_specific,
decoder,4,content,42,814,0.6488519447513447,0.7230350375175476,0.5506337881088257,3,2,2,1,True,replicated,
decoder,4,content,42,3040,0.6423759377042545,0.4891083836555481,0.3684931993484497,1,1,1,1,False,seed_specific,
decoder,4,content,42,97,0.6414108612778325,0.4622986912727356,0.3931109309196472,1,1,1,1,False,seed_specific,
decoder,4,content,42,2153,0.6395076658670675,0.3526570796966553,0.38025224208831787,1,1,1,1,False,seed_specific,
decoder,4,content,42,1447,0.6280660979890579,0.5143450498580933,0.39146608114242554,2,1,1,1,False,seed_specific,
decoder,4,content,42,2194,0.376331697638694,0.7299720048904419,0.6822808384895325,3,3,2,1,True,replicated,
decoder,4,content,42,2336,0.3813590532214558,0.3487343490123749,0.2801779508590698,1,1,1,1,False,seed_specific,
decoder,4,content,42,682,0.6173536252368107,0.32649070024490356,0.3503017723560333,1,1,1,1,False,seed_specific,
decoder,4,content,42,479,0.3850812538777244,0.4433633089065552,0.43339115381240845,1,1,1,1,False,seed_specific,
decoder,4,content,42,654,0.6148552924509209,0.5748635530471802,0.5244735479354858,3,1,1,1,False,seed_specific,
decoder,4,content,42,125,0.6087803291959881,0.2847408354282379,0.2776332199573517,1,1,1,1,False,seed_specific,
decoder,4,content,42,1482,0.3913150586759832,0.38804230093955994,0.24438577890396118,1,1,1,1,False,seed_specific,
decoder,4,content,42,1604,0.6086741583471853,0.37558698654174805,0.40536922216415405,1,1,1,1,False,seed_specific,
decoder,4,content,42,2523,0.607579271468907,0.22653359174728394,0.24554748833179474,1,1,1,1,False,seed_specific,
decoder,4,content,42,2251,0.6071458787462549,0.33648332953453064,0.26998385787010193,1,1,1,1,False,seed_specific,
decoder,4,content,42,1382,0.6064595007979403,0.42792171239852905,0.49077510833740234,1,1,1,1,False,seed_specific,
decoder,4,content,42,1301,0.605050248672035,0.48774728178977966,0.42639467120170593,1,1,1,1,False,seed_specific,
decoder,4,content,42,2895,0.3959592038513475,0.3503582775592804,0.4345240592956543,1,1,1,1,False,seed_specific,
decoder,4,content,42,2004,0.6005147627247421,0.5245653986930847,0.44480133056640625,2,1,1,1,False,seed_specific,
decoder,4,content,42,359,0.40115535449451056,0.446611225605011,0.4479426145553589,1,1,1,1,False,seed_specific,
decoder,4,content,42,2163,0.5985920750097048,0.40503591299057007,0.46413475275039673,1,1,1,1,False,seed_specific,
decoder,4,content,42,999,0.5972230516819785,0.7287894487380981,0.5626581907272339,3,2,2,1,True,replicated,
decoder,4,content,42,2943,0.594612741828992,0.3016068637371063,0.33658215403556824,1,1,1,1,False,seed_specific,
decoder,4,content,42,1572,0.40597783351747346,0.3320980370044708,0.31663405895233154,1,1,1,1,False,seed_specific,
decoder,4,content,42,946,0.5928522134963057,0.38401567935943604,0.30685532093048096,1,1,1,1,False,seed_specific,
decoder,4,content,42,2456,0.40847948414238844,0.46963512897491455,0.32936039566993713,1,1,1,1,False,seed_specific,
decoder,4,content,42,3021,0.4089207567327248,0.24777311086654663,0.26044103503227234,1,1,1,1,False,seed_specific,
decoder,4,content,42,506,0.4097261621560645,0.2983889877796173,0.2530086040496826,1,1,1,1,False,seed_specific,
decoder,4,content,42,2731,0.4098460190908457,0.4426550269126892,0.5936201214790344,2,1,1,1,False,seed_specific,
decoder,4,content,42,556,0.5899200732578858,0.31214773654937744,0.3364115357398987,1,1,1,1,False,seed_specific,
decoder,4,content,42,2029,0.41094588272766186,0.314584881067276,0.4030747711658478,1,1,1,1,False,seed_specific,
decoder,4,content,42,1767,0.41097159598010624,0.365994393825531,0.33067676424980164,1,1,1,1,False,seed_specific,
decoder,4,content,42,2694,0.41176290058758924,0.3479014039039612,0.3166418671607971,1,1,1,1,False,seed_specific,
decoder,4,content,42,1009,0.41244844907614775,0.37511736154556274,0.4103196859359741,1,1,1,1,False,seed_specific,
decoder,4,content,42,1962,0.4139572363728057,0.28510966897010803,0.29978927969932556,1,1,1,1,False,seed_specific,
decoder,4,content,42,2638,0.4142533535057946,0.31953439116477966,0.28525280952453613,1,1,1,1,False,seed_specific,
decoder,4,content,42,816,0.5854414053038974,0.24482746422290802,0.33423203229904175,1,1,1,1,False,seed_specific,
decoder,4,content,42,2042,0.41484641723152876,0.5388975739479065,0.4732953906059265,2,1,1,1,False,seed_specific,
decoder,4,content,42,1007,0.4148912080583673,0.49599096179008484,0.5496411323547363,2,1,1,1,False,seed_specific,
decoder,4,content,42,837,0.4165277321574912,0.3357398509979248,0.35816794633865356,1,1,1,1,False,seed_specific,
decoder,4,content,42,1235,0.41722157524361236,0.24927611649036407,0.250363290309906,1,1,1,1,False,seed_specific,
decoder,4,content,1337,2476,0.8191935328681722,,0.6434569358825684,3,3,2,1,True,replicated,0.7230350375175476
decoder,4,content,1337,1313,0.7064981536225825,,0.630414605140686,3,3,1,1,False,seed_specific,0.6219326853752136
decoder,4,content,1337,885,0.6963775004064353,,0.4809129238128662,1,1,1,1,False,seed_specific,0.4917159080505371
decoder,4,content,1337,1207,0.6851955534321387,,0.5239400863647461,3,1,1,1,False,seed_specific,0.5364937782287598
decoder,4,content,1337,2900,0.6845104196734584,,0.45892712473869324,1,1,1,1,False,seed_specific,0.4998616874217987
decoder,4,content,1337,1696,0.33120203648959357,,0.4419136047363281,1,1,1,1,False,seed_specific,0.49599096179008484
decoder,4,content,1337,2640,0.34354564185254854,,0.6519514322280884,3,3,2,1,True,replicated,0.7329018712043762
decoder,4,content,1337,159,0.6426384617171145,,0.3184679448604584,1,1,1,1,False,seed_specific,0.3411475419998169
decoder,4,content,1337,1703,0.36058813673478185,,0.5682696104049683,3,2,2,1,True,replicated,0.7299720048904419
decoder,4,content,1337,2465,0.6391111841035698,,0.41560983657836914,1,1,1,1,False,seed_specific,0.3761158585548401
decoder,4,content,1337,1989,0.36279823225536745,,0.3273670971393585,1,1,1,1,False,seed_specific,0.3525245785713196
decoder,4,content,1337,2496,0.36328263675303,,0.32768452167510986,1,1,1,1,False,seed_specific,0.30274736881256104
decoder,4,content,1337,454,0.3644223144581471,,0.3900172710418701,1,1,1,1,False,seed_specific,0.4808540642261505
decoder,4,content,1337,1466,0.6325215410698704,,0.3027755618095398,1,1,1,1,False,seed_specific,0.3431565761566162
decoder,4,content,1337,162,0.6319346982923082,,0.33615395426750183,1,1,1,1,False,seed_specific,0.401706337928772
decoder,4,content,1337,2285,0.6317837366166669,,0.328995943069458,1,1,1,1,False,seed_specific,0.3375135362148285
decoder,4,content,1337,1467,0.6279719543067208,,0.6283907890319824,3,3,2,1,True,replicated,0.7287894487380981
decoder,4,content,1337,2061,0.37302878888922064,,0.5033088326454163,3,1,1,1,False,seed_specific,0.5545392632484436
decoder,4,content,1337,1398,0.6249946085115843,,0.3775786757469177,1,1,1,1,False,seed_specific,0.4054839313030243
decoder,4,content,1337,2438,0.6235073871685893,,0.3998984694480896,2,1,1,1,False,seed_specific,0.5954210758209229
decoder,4,content,1337,3040,0.38715490326840324,,0.37590232491493225,1,1,1,1,False,seed_specific,0.33266955614089966
decoder,4,content,1337,34,0.3887935010169177,,0.30031684041023254,1,1,1,1,False,seed_specific,0.44523516297340393
decoder,4,content,1337,1017,0.6071077235974667,,0.3317672610282898,1,1,1,1,False,seed_specific,0.3307216763496399
decoder,4,content,1337,1166,0.6052638345592748,,0.3568352460861206,1,1,1,1,False,seed_specific,0.4747123718261719
decoder,4,content,1337,1528,0.39574727688362016,,0.4010077118873596,1,1,1,1,False,seed_specific,0.47619321942329407
decoder,4,content,1337,1932,0.3983422417311157,,0.36292117834091187,1,1,1,1,False,seed_specific,0.3029148280620575
decoder,4,content,1337,2161,0.4017762051220799,,0.4288257658481598,1,1,1,1,False,seed_specific,0.3910760283470154
decoder,4,content,1337,1870,0.598135042683999,,0.2129899114370346,1,1,1,1,False,seed_specific,0.21315830945968628
decoder,4,content,1337,2654,0.4021639775581368,,0.29656243324279785,1,1,1,1,False,seed_specific,0.32385319471359253
decoder,4,content,1337,1168,0.4028851928162149,,0.3674575388431549,1,1,1,1,False,seed_specific,0.31953439116477966
decoder,4,content,1337,2495,0.4040912273018338,,0.3479674756526947,1,1,1,1,False,seed_specific,0.3379743993282318
decoder,4,content,1337,271,0.594988487098583,,0.6365984678268433,3,2,1,1,False,seed_specific,0.5705394148826599
decoder,4,content,1337,594,0.4050625246764278,,0.181121826171875,1,1,1,1,False,seed_specific,0.21447932720184326
decoder,4,content,1337,2486,0.4094885219358927,,0.3707895576953888,1,1,1,1,False,seed_specific,0.446611225605011
decoder,4,content,1337,1326,0.4105651606995332,,0.3470735549926758,1,1,1,1,False,seed_specific,0.2718609571456909
decoder,4,content,1337,470,0.5887791513631341,,0.27274391055107117,1,1,1,1,False,seed_specific,0.3026444613933563
decoder,4,content,1337,2670,0.5867283121157528,,0.3819264769554138,1,1,1,1,False,seed_specific,0.41835808753967285
decoder,4,content,1337,1340,0.5866515870882977,,0.40814000368118286,2,1,1,1,False,seed_specific,0.5214349031448364
decoder,4,content,1337,2076,0.41349564201844047,,0.22126910090446472,1,1,1,1,False,seed_specific,0.19716225564479828
decoder,4,content,1337,2212,0.4137523598130066,,0.3939008116722107,1,1,1,1,False,seed_specific,0.39959916472435
decoder,4,content,1337,2576,0.414086632094784,,0.31976059079170227,1,1,1,1,False,seed_specific,0.29867422580718994
decoder,4,content,1337,2830,0.4149679330858226,,0.28307926654815674,1,1,1,1,False,seed_specific,0.2949174642562866
decoder,4,content,1337,120,0.5847081628793535,,0.25511595606803894,1,1,1,1,False,seed_specific,0.2993529736995697
decoder,4,content,1337,1858,0.4158222766347823,,0.2622612714767456,1,1,1,1,False,seed_specific,0.2507934272289276
decoder,4,content,1337,2575,0.4166525658508101,,0.30940675735473633,1,1,1,1,False,seed_specific,0.3563416600227356
decoder,4,content,1337,144,0.41740405638999206,,0.7088477611541748,3,2,2,1,True,replicated,0.5928667187690735
decoder,4,content,1337,409,0.41787062750289483,,0.31652188301086426,1,1,1,1,False,seed_specific,0.3529268503189087
decoder,4,content,1337,1430,0.5820937057275856,,0.2353297770023346,1,1,1,1,False,seed_specific,0.26818469166755676
decoder,4,content,1337,20,0.41805932959744657,,0.4177594780921936,1,1,1,1,False,seed_specific,0.45582547783851624
decoder,4,content,1337,2727,0.5810075281767478,,0.24464386701583862,1,1,1,1,False,seed_specific,0.23857200145721436
decoder,4,content,2024,2864,0.7213653902939937,0.6434569358825684,,3,2,1,1,False,seed_specific,0.5506337881088257
decoder,4,content,2024,2782,0.30711908719612746,0.6519514322280884,,3,3,1,1,False,seed_specific,0.696367084980011
decoder,4,content,2024,2565,0.6748928337994897,0.3775786757469177,,1,1,1,1,False,seed_specific,0.46340346336364746
decoder,4,content,2024,2958,0.32903631706596853,0.4292828440666199,,1,1,1,1,False,seed_specific,0.44112521409988403
decoder,4,content,2024,232,0.6567525489298309,0.4066896438598633,,1,1,1,1,False,seed_specific,0.370263934135437
decoder,4,content,2024,2907,0.6493836284551145,0.3834362030029297,,1,1,1,1,False,seed_specific,0.4543358385562897
decoder,4,content,2024,2819,0.6488424059641473,0.4909360706806183,,1,1,1,1,False,seed_specific,0.4426567256450653
decoder,4,content,2024,194,0.645679675913484,0.5239400863647461,,3,1,1,1,False,seed_specific,0.5097743272781372
decoder,4,content,2024,55,0.3545699914731537,0.5091423988342285,,3,1,1,1,False,seed_specific,0.5839764475822449
decoder,4,content,2024,1025,0.3626174100285003,0.3711242079734802,,1,1,1,1,False,seed_specific,0.33860206604003906
decoder,4,content,2024,17,0.3626178247583784,0.30830028653144836,,1,1,1,1,False,seed_specific,0.3166418671607971
decoder,4,content,2024,1327,0.6344330310781983,0.4455864727497101,,1,1,1,1,False,seed_specific,0.3231268525123596
decoder,4,content,2024,2813,0.3660252454371418,0.3056635856628418,,1,1,1,1,False,seed_specific,0.2915518879890442
decoder,4,content,2024,1862,0.37020157530996906,0.24996840953826904,,1,1,1,1,False,seed_specific,0.3178808093070984
decoder,4,content,2024,2258,0.6247349876078712,0.4966809153556824,,2,1,1,1,False,seed_specific,0.500784158706665
decoder,4,content,2024,171,0.37778200802253475,0.33677154779434204,,1,1,1,1,False,seed_specific,0.24528001248836517
decoder,4,content,2024,518,0.6202940600727933,0.630414605140686,,3,2,1,1,False,seed_specific,0.5143312811851501
decoder,4,content,2024,2916,0.3859849502821822,0.49968552589416504,,2,1,1,1,False,seed_specific,0.5135402083396912
decoder,4,content,2024,3014,0.6128645890358692,0.3681286573410034,,1,1,1,1,False,seed_specific,0.310808002948761
decoder,4,content,2024,1622,0.6128413641626935,0.28168854117393494,,1,1,1,1,False,seed_specific,0.23819777369499207
decoder,4,content,2024,1531,0.6114665346166734,0.37409430742263794,,1,1,1,1,False,seed_specific,0.32610875368118286
decoder,4,content,2024,1341,0.39333728156177317,0.30167749524116516,,1,1,1,1,False,seed_specific,0.32595744729042053
decoder,4,content,2024,1582,0.39418913673146405,0.3939008116722107,,1,1,1,1,False,seed_specific,0.2919924855232239
decoder,4,content,2024,215,0.6048345891354042,0.2884264290332794,,1,1,1,1,False,seed_specific,0.3063046932220459
decoder,4,content,2024,259,0.6012405400114798,0.5521990656852722,,3,1,1,1,False,seed_specific,0.5244735479354858
decoder,4,content,2024,801,0.6008772366382328,0.3998984694480896,,1,1,1,1,False,seed_specific,0.3784381151199341
decoder,4,content,2024,2865,0.3997096061393293,0.307675302028656,,1,1,1,1,False,seed_specific,0.28972339630126953
decoder,4,content,2024,2326,0.600144823673445,0.3027755618095398,,1,1,1,1,False,seed_specific,0.3269966244697571
decoder,4,content,2024,397,0.40331029094130405,0.44531482458114624,,1,1,1,1,False,seed_specific,0.4030747711658478
decoder,4,content,2024,63,0.40707313512563004,0.2794106900691986,,1,1,1,1,False,seed_specific,0.27365291118621826
decoder,4,content,2024,2016,0.40730496912750785,0.31438952684402466,,1,1,1,1,False,seed_specific,0.21423760056495667
decoder,4,content,2024,1382,0.591708388492407,0.34796762466430664,,1,1,1,1,False,seed_specific,0.3049060106277466
decoder,4,content,2024,13,0.40858938756009433,0.3309363126754761,,1,1,1,1,False,seed_specific,0.3229120969772339
decoder,4,content,2024,1368,0.40906715637970675,0.2876504063606262,,1,1,1,1,False,seed_specific,0.26119914650917053
decoder,4,content,2024,513,0.4105539629928235,0.41505151987075806,,1,1,1,1,False,seed_specific,0.3878052532672882
decoder,4,content,2024,2724,0.5889039850564529,0.32311058044433594,,1,1,1,1,False,seed_specific,0.3489890992641449
decoder,4,content,2024,1734,0.5887293837777577,0.6149025559425354,,3,2,1,1,False,seed_specific,0.506698727607727
decoder,4,content,2024,2422,0.5872881974512361,0.2988910377025604,,1,1,1,1,False,seed_specific,0.28832629323005676
decoder,4,content,2024,2146,0.5864334391723982,0.3759211003780365,,1,1,1,1,False,seed_specific,0.3911581039428711
decoder,4,content,2024,1978,0.4136797820843328,0.35707011818885803,,1,1,1,1,False,seed_specific,0.3509296178817749
decoder,4,content,2024,2465,0.414416342347902,0.4437193274497986,,1,1,1,1,False,seed_specific,0.48405158519744873
decoder,4,content,2024,1489,0.5845397825488303,0.38971495628356934,,1,1,1,1,False,seed_specific,0.35893991589546204
decoder,4,content,2024,592,0.5841379092969167,0.31760454177856445,,1,1,1,1,False,seed_specific,0.31122106313705444
decoder,4,content,2024,2658,0.4159699204713986,0.47731468081474304,,2,1,1,1,False,seed_specific,0.5064935684204102
decoder,4,content,2024,2122,0.4160101492695778,0.4010077118873596,,1,1,1,1,False,seed_specific,0.41068798303604126
decoder,4,content,2024,3002,0.4162718438226814,0.29680919647216797,,1,1,1,1,False,seed_specific,0.26484379172325134
decoder,4,content,2024,2767,0.4165654725764015,0.2829807996749878,,1,1,1,1,False,seed_specific,0.2906596064567566
decoder,4,content,2024,2760,0.5833449457699211,0.18601873517036438,,1,1,1,1,False,seed_specific,0.18511347472667694
decoder,4,content,2024,447,0.4181410313834393,0.2621159553527832,,1,1,1,1,False,seed_specific,0.32936039566993713
decoder,4,content,2024,1418,0.5818245460366753,0.3523631989955902,,1,1,1,1,False,seed_specific,0.3375091254711151
decoder,6,all,42,1557,0.7150229262676633,0.6308474540710449,0.4248132109642029,2,2,1,1,False,seed_specific,
decoder,6,all,42,2692,0.7125577718720244,0.5156856775283813,0.5002768635749817,3,1,1,1,False,seed_specific,
decoder,6,all,42,265,0.6868279302324809,0.38760775327682495,0.3745262026786804,1,1,1,1,False,seed_specific,
decoder,6,all,42,1449,0.3262153244348891,0.47272956371307373,0.45975881814956665,1,1,1,1,False,seed_specific,
decoder,6,all,42,726,0.33839096419719905,0.643276035785675,0.649194598197937,3,3,1,1,False,seed_specific,
decoder,6,all,42,1831,0.35016141286857044,0.41597887873649597,0.4584503471851349,1,1,1,1,False,seed_specific,
decoder,6,all,42,874,0.6374493614818797,0.3973468244075775,0.44762367010116577,1,1,1,1,False,seed_specific,
decoder,6,all,42,27,0.3626468558498479,0.3156032860279083,0.38173869252204895,1,1,1,1,False,seed_specific,
decoder,6,all,42,220,0.6357763411534798,0.45754045248031616,0.2711726129055023,1,1,1,1,False,seed_specific,
decoder,6,all,42,2908,0.6346843573843484,0.4336952865123749,0.38785693049430847,1,1,1,1,False,seed_specific,
decoder,6,all,42,2126,0.36635371150062546,0.7801002264022827,0.5494385957717896,3,2,2,1,True,replicated,
decoder,6,all,42,1948,0.6314337045995203,0.2564135789871216,0.2886144518852234,1,1,1,1,False,seed_specific,
decoder,6,all,42,203,0.6304603335755357,0.2963601052761078,0.28264370560646057,1,1,1,1,False,seed_specific,
decoder,6,all,42,2011,0.37041267281794016,0.389247328042984,0.320589542388916,1,1,1,1,False,seed_specific,
decoder,6,all,42,1495,0.6289432516813149,0.7290418744087219,0.8566701412200928,3,3,3,2,True,replicated,
decoder,6,all,42,1877,0.3762134996234252,0.46932610869407654,0.43378588557243347,1,1,1,1,False,seed_specific,
decoder,6,all,42,2194,0.37680822226867194,0.4361625015735626,0.382318377494812,1,1,1,1,False,seed_specific,
decoder,6,all,42,2137,0.37773638773593987,0.4758278727531433,0.41530007123947144,1,1,1,1,False,seed_specific,
decoder,6,all,42,1264,0.37836594769094994,0.5306888818740845,0.6440086364746094,3,2,1,1,False,seed_specific,
decoder,6,all,42,1315,0.6208771702814522,0.254822313785553,0.21607935428619385,1,1,1,1,False,seed_specific,
decoder,6,all,42,2022,0.37972294385221017,0.48469260334968567,0.3927302956581116,1,1,1,1,False,seed_specific,
decoder,6,all,42,1348,0.3864079747578808,0.4635007381439209,0.3783707320690155,1,1,1,1,False,seed_specific,
decoder,6,all,42,335,0.3881490107862946,0.6587600708007812,0.5077769756317139,3,2,1,1,False,seed_specific,
decoder,6,all,42,716,0.611406813514222,0.41352152824401855,0.4174233376979828,1,1,1,1,False,seed_specific,
decoder,6,all,42,799,0.388699772064459,0.7671124935150146,0.7721978425979614,3,3,3,1,True,replicated,
decoder,6,all,42,1222,0.6112753441428528,0.33028215169906616,0.36654239892959595,1,1,1,1,False,seed_specific,
decoder,6,all,42,2681,0.6110609287958566,0.29474183917045593,0.38819360733032227,1,1,1,1,False,seed_specific,
decoder,6,all,42,2530,0.6109402424013191,0.25778618454933167,0.28218168020248413,1,1,1,1,False,seed_specific,
decoder,6,all,42,1601,0.3893625104097199,0.37538808584213257,0.45885953307151794,1,1,1,1,False,seed_specific,
decoder,6,all,42,2942,0.6100394491060082,0.2902107536792755,0.30568692088127136,1,1,1,1,False,seed_specific,
decoder,6,all,42,1613,0.39179780425413324,0.45831263065338135,0.5834382772445679,2,1,1,1,False,seed_specific,
decoder,6,all,42,36,0.3918608431956098,0.5856752991676331,0.45971617102622986,2,1,1,1,False,seed_specific,
decoder,6,all,42,479,0.3925841321030786,0.5271555185317993,0.40155792236328125,2,1,1,1,False,seed_specific,
decoder,6,all,42,2543,0.39272638445127916,0.3449023365974426,0.3106623888015747,1,1,1,1,False,seed_specific,
decoder,6,all,42,946,0.6071035762986852,0.2167271375656128,0.21267962455749512,1,1,1,1,False,seed_specific,
decoder,6,all,42,537,0.6067734513156889,0.32934391498565674,0.3753108084201813,1,1,1,1,False,seed_specific,
decoder,6,all,42,2756,0.6053973775800346,0.28998637199401855,0.25071102380752563,1,1,1,1,False,seed_specific,
decoder,6,all,42,682,0.6043165915176129,0.2757605314254761,0.25522172451019287,1,1,1,1,False,seed_specific,
decoder,6,all,42,2244,0.6042133237779568,0.2641546130180359,0.23992162942886353,1,1,1,1,False,seed_specific,
decoder,6,all,42,2533,0.3981265821944851,0.23541076481342316,0.2582516074180603,1,1,1,1,False,seed_specific,
decoder,6,all,42,814,0.6004612625704626,0.29821425676345825,0.2911386489868164,1,1,1,1,False,seed_specific,
decoder,6,all,42,1823,0.3996532028759028,0.4042778015136719,0.2713160514831543,1,1,1,1,False,seed_specific,
decoder,6,all,42,1482,0.39994558743998865,0.222252756357193,0.28792744874954224,1,1,1,1,False,seed_specific,
decoder,6,all,42,629,0.4008592373615217,0.3399537205696106,0.2523987889289856,1,1,1,1,False,seed_specific,
decoder,6,all,42,2249,0.4018421471727035,0.30610209703445435,0.3188130259513855,1,1,1,1,False,seed_specific,
decoder,6,all,42,2309,0.40267285111860945,0.47486525774002075,0.4262903034687042,1,1,1,1,False,seed_specific,
decoder,6,all,42,2628,0.5972620362905232,0.323341429233551,0.3221294581890106,1,1,1,1,False,seed_specific,
decoder,6,all,42,2559,0.4027798514271685,0.35053372383117676,0.35169553756713867,1,1,1,1,False,seed_specific,
decoder,6,all,42,533,0.5956221943523744,0.24649199843406677,0.2940889596939087,1,1,1,1,False,seed_specific,
decoder,6,all,42,808,0.404495174203138,0.31228169798851013,0.3802873492240906,1,1,1,1,False,seed_specific,
decoder,6,all,1337,491,0.7915953331276273,,0.47559064626693726,2,2,1,1,False,seed_specific,0.6308474540710449
decoder,6,all,1337,1989,0.22189914764715446,,0.5057920813560486,2,1,1,1,False,seed_specific,0.47272956371307373
decoder,6,all,1337,1883,0.2834529414301877,,0.5862604975700378,3,2,1,1,False,seed_specific,0.643276035785675
decoder,6,all,1337,1412,0.7080517317460792,,0.7442499995231628,3,3,3,1,True,replicated,0.7290418744087219
decoder,6,all,1337,2315,0.6647531030089482,,0.5097535848617554,2,1,1,1,False,seed_specific,0.4336952865123749
decoder,6,all,1337,460,0.6583106890819872,,0.7298779487609863,3,3,2,1,True,replicated,0.6383908987045288
decoder,6,all,1337,1516,0.3560190576673601,,0.41975581645965576,1,1,1,1,False,seed_specific,0.4858885407447815
decoder,6,all,1337,1847,0.638406143310739,,0.569671630859375,3,1,1,1,False,seed_specific,0.5272924304008484
decoder,6,all,1337,1287,0.36455544274902874,,0.2892787456512451,1,1,1,1,False,seed_specific,0.4466320276260376
decoder,6,all,1337,2772,0.6326575724698991,,0.21125143766403198,1,1,1,1,False,seed_specific,0.30980342626571655
decoder,6,all,1337,1061,0.6317024495605521,,0.44561731815338135,2,1,1,1,False,seed_specific,0.5156856775283813
decoder,6,all,1337,2423,0.6249025384786382,,0.31097131967544556,1,1,1,1,False,seed_specific,0.41576525568962097
decoder,6,all,1337,1351,0.3752658418518851,,0.7656877040863037,3,3,3,1,True,replicated,0.7671124935150146
decoder,6,all,1337,1149,0.37778864370058496,,0.40727943181991577,1,1,1,1,False,seed_specific,0.35896041989326477
decoder,6,all,1337,2265,0.6202994515612091,,0.3266233503818512,1,1,1,1,False,seed_specific,0.2899548411369324
decoder,6,all,1337,724,0.379777273466246,,0.5492028594017029,2,1,1,1,False,seed_specific,0.38262924551963806
decoder,6,all,1337,14,0.38057106645299776,,0.41365641355514526,1,1,1,1,False,seed_specific,0.40895217657089233
decoder,6,all,1337,2161,0.3853616112753442,,0.4803136885166168,2,1,1,1,False,seed_specific,0.5271555185317993
decoder,6,all,1337,87,0.38667962282805957,,0.32758840918540955,1,1,1,1,False,seed_specific,0.2971796989440918
decoder,6,all,1337,2205,0.38696371279458264,,0.2738056778907776,1,1,1,1,False,seed_specific,0.2980806827545166
decoder,6,all,1337,3052,0.6115644108679135,,0.2820779085159302,1,1,1,1,False,seed_specific,0.30375924706459045
decoder,6,all,1337,201,0.6093895673869696,,0.32210925221443176,1,1,1,1,False,seed_specific,0.4308881461620331
decoder,6,all,1337,693,0.39140215195039174,,0.5641958713531494,3,1,1,1,False,seed_specific,0.5092291831970215
decoder,6,all,1337,159,0.6084315413684758,,0.3071590065956116,1,1,1,1,False,seed_specific,0.30901598930358887
decoder,6,all,1337,245,0.6077999077640752,,0.355663001537323,1,1,1,1,False,seed_specific,0.3640521764755249
decoder,6,all,1337,44,0.606308539122299,,0.3079597055912018,1,1,1,1,False,seed_specific,0.3045283555984497
decoder,6,all,1337,1787,0.6058038128606076,,0.21179139614105225,1,1,1,1,False,seed_specific,0.20686903595924377
decoder,6,all,1337,2279,0.6033967206479076,,0.3415569067001343,1,1,1,1,False,seed_specific,0.32238495349884033
decoder,6,all,1337,911,0.6019182086323536,,0.34411194920539856,1,1,1,1,False,seed_specific,0.39514976739883423
decoder,6,all,1337,498,0.39843016446528046,,0.492744505405426,2,2,1,1,False,seed_specific,0.6587600708007812
decoder,6,all,1337,814,0.39912898430993926,,0.35068100690841675,1,1,1,1,False,seed_specific,0.220559224486351
decoder,6,all,1337,454,0.3995445436478313,,0.3413103520870209,1,1,1,1,False,seed_specific,0.31641441583633423
decoder,6,all,1337,1798,0.6003990530887422,,0.2959480285644531,1,1,1,1,False,seed_specific,0.39316779375076294
decoder,6,all,1337,2670,0.6001838082819898,,0.3272334933280945,1,1,1,1,False,seed_specific,0.28246039152145386
decoder,6,all,1337,228,0.5998039157136174,,0.3187442123889923,1,1,1,1,False,seed_specific,0.38736283779144287
decoder,6,all,1337,307,0.40028193337115675,,0.3801752030849457,1,1,1,1,False,seed_specific,0.3626091480255127
decoder,6,all,1337,1178,0.4020283608879865,,0.27595314383506775,1,1,1,1,False,seed_specific,0.21790902316570282
decoder,6,all,1337,1283,0.40564231704606146,,0.39566683769226074,2,1,1,1,False,seed_specific,0.5042709112167358
decoder,6,all,1337,502,0.40574765843510807,,0.9923356771469116,3,3,3,3,True,replicated,0.9936919808387756
decoder,6,all,1337,1328,0.4079395058410556,,0.48446181416511536,1,1,1,1,False,seed_specific,0.45440495014190674
decoder,6,all,1337,2866,0.40875776789061746,,0.4268909692764282,1,1,1,1,False,seed_specific,0.3522137403488159
decoder,6,all,1337,1535,0.41159534971682243,,0.46379992365837097,1,1,1,1,False,seed_specific,0.45896172523498535
decoder,6,all,1337,2240,0.4116828577211091,,0.27954286336898804,1,1,1,1,False,seed_specific,0.22288957238197327
decoder,6,all,1337,110,0.41270972889937324,,0.2969515919685364,1,1,1,1,False,seed_specific,0.30804985761642456
decoder,6,all,1337,1034,0.41338532387085647,,0.4562402367591858,1,1,1,1,False,seed_specific,0.38763970136642456
decoder,6,all,1337,1870,0.5864380012010577,,0.24479548633098602,1,1,1,1,False,seed_specific,0.22841167449951172
decoder,6,all,1337,2169,0.4141368144100385,,0.31290993094444275,1,1,1,1,False,seed_specific,0.29441675543785095
decoder,6,all,1337,3031,0.4146336608040451,,0.3612571954727173,1,1,1,1,False,seed_specific,0.28032660484313965
decoder,6,all,1337,2102,0.5853476763514388,,0.2349284440279007,1,1,1,1,False,seed_specific,0.2814696431159973
decoder,6,all,1337,362,0.5851162570794389,,0.2019854635000229,1,1,1,1,False,seed_specific,0.24967002868652344
decoder,6,all,2024,2928,0.2977163313990332,0.5862604975700378,,3,2,1,1,False,seed_specific,0.649194598197937
decoder,6,all,2024,644,0.6859810518213276,0.7442499995231628,,3,3,3,2,True,replicated,0.8566701412200928
decoder,6,all,2024,2958,0.31595490724981007,0.5057920813560486,,2,1,1,1,False,seed_specific,0.3927302956581116
decoder,6,all,2024,1605,0.6691210380854742,0.4004563093185425,,1,1,1,1,False,seed_specific,0.2796286940574646
decoder,6,all,2024,55,0.331722522486654,0.48446181416511536,,1,1,1,1,False,seed_specific,0.4584503471851349
decoder,6,all,2024,2213,0.3341748202560708,0.46937596797943115,,1,1,1,1,False,seed_specific,0.43445315957069397
decoder,6,all,2024,682,0.6637896855020388,0.5097535848617554,,3,1,1,1,False,seed_specific,0.5225163102149963
decoder,6,all,2024,515,0.34124347629901697,0.35982200503349304,,1,1,1,1,False,seed_specific,0.3508175015449524
decoder,6,all,2024,151,0.6539580990109523,0.2785157561302185,,1,1,1,1,False,seed_specific,0.3753198981285095
decoder,6,all,2024,448,0.6482866679274455,0.47559064626693726,,1,1,1,1,False,seed_specific,0.44762367010116577
decoder,6,all,2024,2864,0.6453561866085381,0.35027116537094116,,1,1,1,1,False,seed_specific,0.27863264083862305
decoder,6,all,2024,2929,0.3579069080726342,0.4164752662181854,,1,1,1,1,False,seed_specific,0.34834349155426025
decoder,6,all,2024,2798,0.6357580930388418,0.4175564646720886,,1,1,1,1,False,seed_specific,0.3560575842857361
decoder,6,all,2024,2907,0.6346014114087213,0.4636732041835785,,1,1,1,1,False,seed_specific,0.33709684014320374
decoder,6,all,2024,1245,0.37096177517659196,0.364112913608551,,1,1,1,1,False,seed_specific,0.34574151039123535
decoder,6,all,2024,171,0.3713794081638747,0.4167293310165405,,1,1,1,1,False,seed_specific,0.45975881814956665
decoder,6,all,2024,1112,0.37272520661842534,0.7656877040863037,,3,3,3,1,True,replicated,0.7721978425979614
decoder,6,all,2024,2898,0.623191777731328,0.28295648097991943,,1,1,1,1,False,seed_specific,0.321294367313385
decoder,6,all,2024,558,0.3834409972096974,0.37784305214881897,,2,1,1,1,False,seed_specific,0.5834382772445679
decoder,6,all,2024,1174,0.6154139335967698,0.3033130168914795,,1,1,1,1,False,seed_specific,0.279529333114624
decoder,6,all,2024,2099,0.6142626434550649,0.569671630859375,,2,1,1,1,False,seed_specific,0.39961308240890503
decoder,6,all,2024,141,0.3884658644131904,0.3267751932144165,,1,1,1,1,False,seed_specific,0.3143720030784607
decoder,6,all,2024,372,0.6093348230430556,0.4574138820171356,,1,1,1,1,False,seed_specific,0.49088746309280396
decoder,6,all,2024,1898,0.3930697807903755,0.4003443717956543,,1,1,1,1,False,seed_specific,0.3783707320690155
decoder,6,all,2024,1622,0.6037264309010255,0.2876545488834381,,1,1,1,1,False,seed_specific,0.31032896041870117
decoder,6,all,2024,1514,0.3963494646666733,0.7249757051467896,,3,2,2,1,True,replicated,0.5620155334472656
decoder,6,all,2024,367,0.6033817903722948,0.5038488507270813,,2,1,1,1,False,seed_specific,0.4294419586658478
decoder,6,all,2024,2145,0.3977143406956181,0.47765398025512695,,2,1,1,1,False,seed_specific,0.5253219604492188
decoder,6,all,2024,3046,0.601818673461601,0.37653419375419617,,1,1,1,1,False,seed_specific,0.3766106963157654
decoder,6,all,2024,219,0.3997216333057952,0.5492028594017029,,2,1,1,1,False,seed_specific,0.45885953307151794
decoder,6,all,2024,1298,0.40131378130795853,0.5641958713531494,,3,2,1,1,False,seed_specific,0.6440086364746094
decoder,6,all,2024,2719,0.40198937627944165,0.601453423500061,,3,2,1,1,False,seed_specific,0.5494385957717896
decoder,6,all,2024,1302,0.5974503236551969,0.3887007236480713,,1,1,1,1,False,seed_specific,0.33874377608299255
decoder,6,all,2024,1891,0.40321987982787055,0.40376585721969604,,1,1,1,1,False,seed_specific,0.3990144729614258
decoder,6,all,2024,2602,0.4034736945132896,0.30595749616622925,,1,1,1,1,False,seed_specific,0.3597612679004669
decoder,6,all,2024,2009,0.40363502443588434,0.30747881531715393,,1,1,1,1,False,seed_specific,0.36182349920272827
decoder,6,all,2024,639,0.4037158967621209,0.3229838013648987,,1,1,1,1,False,seed_specific,0.35088980197906494
decoder,6,all,2024,1257,0.5955110467450342,0.28043127059936523,,1,1,1,1,False,seed_specific,0.27678030729293823
decoder,6,all,2024,850,0.4051172690203417,0.47259026765823364,,2,1,1,1,False,seed_specific,0.5557906627655029
decoder,6,all,2024,2216,0.40561204176495763,0.9923356771469116,,3,3,3,3,True,replicated,0.9923123121261597
decoder,6,all,2024,2509,0.4061246478943334,0.3413103520870209,,1,1,1,1,False,seed_specific,0.2506735324859619
decoder,6,all,2024,1258,0.5938069216757741,0.19030937552452087,,1,1,1,1,False,seed_specific,0.2644537687301636
decoder,6,all,2024,1377,0.5919364899253817,0.24641035497188568,,1,1,1,1,False,seed_specific,0.23277482390403748
decoder,6,all,2024,1908,0.40904144312726237,0.5210568308830261,,2,1,1,1,False,seed_specific,0.44579872488975525
decoder,6,all,2024,1309,0.5907225755720784,0.3440469205379486,,1,1,1,1,False,seed_specific,0.32593873143196106
decoder,6,all,2024,2062,0.409370323920624,0.39243048429489136,,1,1,1,1,False,seed_specific,0.3068738579750061
decoder,6,all,2024,1484,0.4103453538641213,0.4281882047653198,,1,1,1,1,False,seed_specific,0.4597908854484558
decoder,6,all,2024,13,0.4111793756490522,0.38404592871665955,,1,1,1,1,False,seed_specific,0.4213884472846985
decoder,6,all,2024,1150,0.4122605764413522,0.39374595880508423,,1,1,1,1,False,seed_specific,0.36015456914901733
decoder,6,all,2024,1829,0.41320242799459855,0.29393941164016724,,1,1,1,1,False,seed_specific,0.36594659090042114
decoder,6,content,42,2997,0.814918912014227,0.8252533674240112,0.6089811325073242,3,3,2,2,True,replicated,
decoder,6,content,42,1948,0.6875192849393335,0.33044886589050293,0.3602556884288788,1,1,1,1,False,seed_specific,
decoder,6,content,42,726,0.3216288267125856,0.5936678647994995,0.6343156695365906,3,2,1,1,False,seed_specific,
decoder,6,content,42,2908,0.6640733607386836,0.42415517568588257,0.3723589777946472,1,1,1,1,False,seed_specific,
decoder,6,content,42,1831,0.34404912392460546,0.4495566487312317,0.43969693779945374,1,1,1,1,False,seed_specific,
decoder,6,content,42,629,0.3489848242042993,0.3194417655467987,0.23872727155685425,1,1,1,1,False,seed_specific,
decoder,6,content,42,1274,0.6442646175692849,0.44532379508018494,0.4200811982154846,1,1,1,1,False,seed_specific,
decoder,6,content,42,1295,0.6382207590552121,0.8969138860702515,0.8796939849853516,3,3,3,3,True,replicated,
decoder,6,content,42,1896,0.6311081416451837,0.4196956753730774,0.41498899459838867,1,1,1,1,False,seed_specific,
decoder,6,content,42,2022,0.3700323655196897,0.5226345658302307,0.4099198579788208,2,1,1,1,False,seed_specific,
decoder,6,content,42,1877,0.37189533213227566,0.48713192343711853,0.5052471160888672,2,1,1,1,False,seed_specific,
decoder,6,content,42,2194,0.37478973195178517,0.5444438457489014,0.5199137926101685,3,1,1,1,False,seed_specific,
decoder,6,content,42,716,0.6231876304325468,0.48012644052505493,0.6480453014373779,2,2,1,1,False,seed_specific,
decoder,6,content,42,1084,0.6231834831337654,0.21096262335777283,0.25275593996047974,1,1,1,1,False,seed_specific,
decoder,6,content,42,2694,0.3778558299408429,0.5035391449928284,0.4825546145439148,2,1,1,1,False,seed_specific,
decoder,6,content,42,2471,0.37859156074465583,0.44123828411102295,0.3971201777458191,1,1,1,1,False,seed_specific,
decoder,6,content,42,2153,0.6202438777575389,0.31285157799720764,0.5014622211456299,2,1,1,1,False,seed_specific,
decoder,6,content,42,1264,0.38434842618305853,0.6845974326133728,0.5640956163406372,3,2,1,1,False,seed_specific,
decoder,6,content,42,1161,0.6150228433216877,0.29673147201538086,0.2631073296070099,1,1,1,1,False,seed_specific,
decoder,6,content,42,263,0.3866169986164611,0.4835790991783142,0.4597349762916565,1,1,1,1,False,seed_specific,
decoder,6,content,42,2439,0.38715241488913443,0.32583147287368774,0.4717450737953186,1,1,1,1,False,seed_specific,
decoder,6,content,42,1315,0.6123776961589377,0.35413873195648193,0.2861548662185669,1,1,1,1,False,seed_specific,
decoder,6,content,42,251,0.6111082080019641,0.35913020372390747,0.31849080324172974,1,1,1,1,False,seed_specific,
decoder,6,content,42,203,0.6109414865909536,0.20998883247375488,0.21846266090869904,1,1,1,1,False,seed_specific,
decoder,6,content,42,1557,0.6083083665946696,0.290621280670166,0.32672762870788574,1,1,1,1,False,seed_specific,
decoder,6,content,42,220,0.608013493651315,0.2310735434293747,0.18487006425857544,1,1,1,1,False,seed_specific,
decoder,6,content,42,799,0.39269279133115015,0.7728829383850098,0.751319408416748,3,3,3,1,True,replicated,
decoder,6,content,42,2126,0.39283587313910706,0.7741389870643616,0.6025407910346985,3,3,2,1,True,replicated,
decoder,6,content,42,479,0.39344718497947917,0.5294017791748047,0.380712628364563,2,1,1,1,False,seed_specific,
decoder,6,content,42,2626,0.6058871735661129,0.23120294511318207,0.2311442494392395,1,1,1,1,False,seed_specific,
decoder,6,content,42,2029,0.39466980866022344,0.3096091151237488,0.3586927652359009,1,1,1,1,False,seed_specific,
decoder,6,content,42,1694,0.6046525227189028,0.49006736278533936,0.3067052364349365,1,1,1,1,False,seed_specific,
decoder,6,content,42,2559,0.39552912896772074,0.4019920229911804,0.48463118076324463,1,1,1,1,False,seed_specific,
decoder,6,content,42,2628,0.6035070387954917,0.38042429089546204,0.3164038062095642,1,1,1,1,False,seed_specific,
decoder,6,content,42,1222,0.6025560631849265,0.300079882144928,0.35576897859573364,1,1,1,1,False,seed_specific,
decoder,6,content,42,1933,0.39815312490668575,0.32258912920951843,0.3350371718406677,1,1,1,1,False,seed_specific,
decoder,6,content,42,24,0.3981834001877897,0.20821797847747803,0.18914315104484558,1,1,1,1,False,seed_specific,
decoder,6,content,42,1984,0.6012583733962396,0.24379372596740723,0.2424965649843216,1,1,1,1,False,seed_specific,
decoder,6,content,42,2901,0.40019981685528583,0.9932442903518677,0.9932088851928711,3,3,3,3,True,replicated,
decoder,6,content,42,1348,0.40106577284083333,0.372023344039917,0.3781321048736572,1,1,1,1,False,seed_specific,
decoder,6,content,42,1314,0.4015609603153274,0.3718932271003723,0.3778853714466095,1,1,1,1,False,seed_specific,
decoder,6,content,42,2623,0.5978953288144365,0.2869546115398407,0.250789999961853,1,1,1,1,False,seed_specific,
decoder,6,content,42,1241,0.5977941347241715,0.2259475588798523,0.2507663667201996,1,1,1,1,False,seed_specific,
decoder,6,content,42,2267,0.40257787797651623,0.2891283631324768,0.32392418384552,1,1,1,1,False,seed_specific,
decoder,6,content,42,808,0.40371962933102407,0.34274595975875854,0.4293663501739502,1,1,1,1,False,seed_specific,
decoder,6,content,42,461,0.4039415098158268,0.27246618270874023,0.34728124737739563,1,1,1,1,False,seed_specific,
decoder,6,content,42,2249,0.40405224269328904,0.4430713653564453,0.3657420575618744,1,1,1,1,False,seed_specific,
decoder,6,content,42,265,0.5945020089515296,0.3726453185081482,0.4284110367298126,1,1,1,1,False,seed_specific,
decoder,6,content,42,2634,0.4055635183692158,0.5489360690116882,0.3584623336791992,2,1,1,1,False,seed_specific,
decoder,6,content,42,1278,0.4060271863729715,0.3454675078392029,0.36749881505966187,1,1,1,1,False,seed_specific,
decoder,6,content,1337,1701,0.7957948878736301,,0.5643541812896729,3,2,2,2,True,replicated,0.8252533674240112
decoder,6,content,1337,1989,0.2532618504915379,,0.4257218539714813,1,1,1,1,False,seed_specific,0.343057245016098
decoder,6,content,1337,491,0.7296786507012253,,0.5039026737213135,2,1,1,1,False,seed_specific,0.42601102590560913
decoder,6,content,1337,460,0.6784470688551133,,0.8118736743927002,3,3,3,3,True,replicated,0.8969138860702515
decoder,6,content,1337,1328,0.34695347726119025,,0.4767471253871918,2,1,1,1,False,seed_specific,0.5499756932258606
decoder,6,content,1337,1516,0.35017924625333025,,0.44507601857185364,1,1,1,1,False,seed_specific,0.45810621976852417
decoder,6,content,1337,1798,0.6433621653544612,,0.5011138916015625,3,2,1,1,False,seed_specific,0.6047928929328918
decoder,6,content,1337,1149,0.35818145925196,,0.331115186214447,1,1,1,1,False,seed_specific,0.30513590574264526
decoder,6,content,1337,2488,0.6387599078967886,,0.33444952964782715,1,1,1,1,False,seed_specific,0.2850843667984009
decoder,6,content,1337,1351,0.36432029090812573,,0.6898800134658813,3,3,2,1,True,replicated,0.7027231454849243
decoder,6,content,1337,1883,0.3647474626826056,,0.5349799990653992,2,1,1,1,False,seed_specific,0.46372634172439575
decoder,6,content,1337,1287,0.365433011171164,,0.32323163747787476,1,1,1,1,False,seed_specific,0.3774988651275635
decoder,6,content,1337,2433,0.6338868318286934,,0.3601909577846527,1,1,1,1,False,seed_specific,0.40029340982437134
decoder,6,content,1337,2713,0.37220306170185236,,0.4354810118675232,1,1,1,1,False,seed_specific,0.3672800064086914
decoder,6,content,1337,2423,0.623216246794138,,0.4203193783760071,1,1,1,1,False,seed_specific,0.41820767521858215
decoder,6,content,1337,1505,0.6177127813112764,,0.2951485216617584,1,1,1,1,False,seed_specific,0.41430962085723877
decoder,6,content,1337,128,0.38416553030680056,,0.3705173432826996,1,1,1,1,False,seed_specific,0.3688793182373047
decoder,6,content,1337,1874,0.6144832797502331,,0.31713002920150757,1,1,1,1,False,seed_specific,0.3024899959564209
decoder,6,content,1337,443,0.3881320068612911,,0.29177147150039673,1,1,1,1,False,seed_specific,0.2753192186355591
decoder,6,content,1337,2665,0.6076862717774658,,0.2616799473762512,1,1,1,1,False,seed_specific,0.36234068870544434
decoder,6,content,1337,110,0.3935181037886404,,0.3857685923576355,1,1,1,1,False,seed_specific,0.3362520635128021
decoder,6,content,1337,1313,0.6057751964990163,,0.21392099559307098,1,1,1,1,False,seed_specific,0.23831510543823242
decoder,6,content,1337,2161,0.3953014422646241,,0.4145980179309845,2,1,1,1,False,seed_specific,0.5294017791748047
decoder,6,content,1337,738,0.39647180998072334,,0.5343643426895142,3,1,1,1,False,seed_specific,0.5035391449928284
decoder,6,content,1337,1034,0.3970901722290238,,0.3482791781425476,1,1,1,1,False,seed_specific,0.4189589321613312
decoder,6,content,1337,911,0.6021645581799662,,0.28104153275489807,1,1,1,1,False,seed_specific,0.30800896883010864
decoder,6,content,1337,1286,0.60144292819201,,0.31738805770874023,1,1,1,1,False,seed_specific,0.411069393157959
decoder,6,content,1337,1702,0.6005769722064627,,0.22279803454875946,1,1,1,1,False,seed_specific,0.3542082905769348
decoder,6,content,1337,710,0.6003754134856883,,0.23623844981193542,1,1,1,1,False,seed_specific,0.24332094192504883
decoder,6,content,1337,2071,0.3997253658746984,,0.34401893615722656,1,1,1,1,False,seed_specific,0.3876374363899231
decoder,6,content,1337,1572,0.40037939489251867,,0.27923643589019775,1,1,1,1,False,seed_specific,0.3064236342906952
decoder,6,content,1337,1566,0.40393031210911706,,0.5989552736282349,3,2,2,1,True,replicated,0.7741389870643616
decoder,6,content,1337,502,0.40411735528415627,,0.9918326139450073,3,3,3,3,True,replicated,0.9932442903518677
decoder,6,content,1337,1413,0.5956280005706683,,0.32454970479011536,1,1,1,1,False,seed_specific,0.35960832238197327
decoder,6,content,1337,2343,0.40492068705810524,,0.38564056158065796,2,1,1,1,False,seed_specific,0.5122982263565063
decoder,6,content,1337,1753,0.4055606152600689,,0.3762221932411194,1,1,1,1,False,seed_specific,0.2987401485443115
decoder,6,content,1337,2650,0.5912488677874327,,0.36038386821746826,1,1,1,1,False,seed_specific,0.30309444665908813
decoder,6,content,1337,1582,0.40879924087843106,,0.3561936020851135,1,1,1,1,False,seed_specific,0.47193288803100586
decoder,6,content,1337,2789,0.4089439816059004,,0.30887892842292786,1,1,1,1,False,seed_specific,0.26996690034866333
decoder,6,content,1337,2495,0.409654413887147,,0.2847207188606262,1,1,1,1,False,seed_specific,0.26814955472946167
decoder,6,content,1337,1168,0.41083224674105256,,0.28191569447517395,1,1,1,1,False,seed_specific,0.3096091151237488
decoder,6,content,1337,409,0.5883631772953639,,0.3851618468761444,1,1,1,1,False,seed_specific,0.44532379508018494
decoder,6,content,1337,2866,0.41206648285838454,,0.3631822466850281,1,1,1,1,False,seed_specific,0.41221994161605835
decoder,6,content,1337,118,0.4124853600353018,,0.27402085065841675,1,1,1,1,False,seed_specific,0.22366152703762054
decoder,6,content,1337,2772,0.5874383296671213,,0.2289077192544937,1,1,1,1,False,seed_specific,0.33500921726226807
decoder,6,content,1337,2840,0.5857097355350515,,0.2925252318382263,1,1,1,1,False,seed_specific,0.24253413081169128
decoder,6,content,1337,2404,0.5855666537270945,,0.201214998960495,1,1,1,1,False,seed_specific,0.29897212982177734
decoder,6,content,1337,1252,0.5851958852160412,,0.2709577679634094,1,1,1,1,False,seed_specific,0.2522570490837097
decoder,6,content,1337,2719,0.4148576149382384,,0.41681426763534546,1,1,1,1,False,seed_specific,0.4664396047592163
decoder,6,content,1337,2419,0.5849686132428227,,0.3042958378791809,1,1,1,1,False,seed_specific,0.4058423638343811
decoder,6,content,2024,2928,0.2756589228303821,0.5771192908287048,,3,1,1,1,False,seed_specific,0.5714001655578613
decoder,6,content,2024,2958,0.30601756463979884,0.3606896996498108,,1,1,1,1,False,seed_specific,0.3520316481590271
decoder,6,content,2024,1605,0.6843051283837812,0.43421608209609985,,1,1,1,1,False,seed_specific,0.3723589777946472
decoder,6,content,2024,2014,0.32389325184720685,0.41624295711517334,,1,1,1,1,False,seed_specific,0.38689014315605164
decoder,6,content,2024,515,0.32763660372726033,0.4257218539714813,,1,1,1,1,False,seed_specific,0.40884679555892944
decoder,6,content,2024,448,0.6693180347775887,0.5039026737213135,,3,1,1,1,False,seed_specific,0.5014622211456299
decoder,6,content,2024,2782,0.3316333555628548,0.3291069269180298,,1,1,1,1,False,seed_specific,0.3523343801498413
decoder,6,content,2024,644,0.6679917286273105,0.8118736743927002,,3,3,3,3,True,replicated,0.8796939849853516
decoder,6,content,2024,499,0.34352407589888556,0.4503467381000519,,2,2,1,1,False,seed_specific,0.6343156695365906
decoder,6,content,2024,55,0.3473035092783368,0.45442116260528564,,1,1,1,1,False,seed_specific,0.33666056394577026
decoder,6,content,2024,1923,0.6460811344355194,0.49442753195762634,,2,2,1,1,False,seed_specific,0.6480453014373779
decoder,6,content,2024,285,0.35610863932103737,0.5349799990653992,,2,1,1,1,False,seed_specific,0.4825546145439148
decoder,6,content,2024,2748,0.6311790604543448,0.5643541812896729,,3,2,1,1,False,seed_specific,0.6089811325073242
decoder,6,content,2024,2929,0.36909839383412796,0.6514987945556641,,3,3,1,1,False,seed_specific,0.6040394306182861
decoder,6,content,2024,682,0.6268895093247865,0.4906901717185974,,1,1,1,1,False,seed_specific,0.4441775679588318
decoder,6,content,2024,1829,0.3758792273416478,0.3815123438835144,,1,1,1,1,False,seed_specific,0.3720471262931824
decoder,6,content,2024,1615,0.6160492997700737,0.29230940341949463,,1,1,1,1,False,seed_specific,0.2821865975856781
decoder,6,content,2024,1302,0.6158228572566117,0.3641359806060791,,1,1,1,1,False,seed_specific,0.3621509075164795
decoder,6,content,2024,2278,0.38426796858670004,0.2725830674171448,,1,1,1,1,False,seed_specific,0.31940725445747375
decoder,6,content,2024,1112,0.3914411365589364,0.6898800134658813,,3,3,2,1,True,replicated,0.751319408416748
decoder,6,content,2024,2864,0.6059116426289229,0.29967817664146423,,1,1,1,1,False,seed_specific,0.24028776586055756
decoder,6,content,2024,1700,0.6043555761261575,0.3888496160507202,,1,1,1,1,False,seed_specific,0.3164038062095642
decoder,6,content,2024,477,0.3960446382062435,0.38481342792510986,,1,1,1,1,False,seed_specific,0.3304435908794403
decoder,6,content,2024,2464,0.6036857873729683,0.36828500032424927,,1,1,1,1,False,seed_specific,0.40589773654937744
decoder,6,content,2024,2443,0.6023175935049982,0.41679444909095764,,1,1,1,1,False,seed_specific,0.46570032835006714
decoder,6,content,2024,1477,0.39801584931702283,0.4447978138923645,,2,1,1,1,False,seed_specific,0.5675958395004272
decoder,6,content,2024,1484,0.3987242079488788,0.28056204319000244,,1,1,1,1,False,seed_specific,0.344382107257843
decoder,6,content,2024,2719,0.3988469679928069,0.4377771019935608,,1,1,1,1,False,seed_specific,0.4375579357147217
decoder,6,content,2024,1514,0.4000853514089203,0.556843638420105,,3,2,2,1,True,replicated,0.7162075042724609
decoder,6,content,2024,1446,0.4007858301730917,0.32127809524536133,,1,1,1,1,False,seed_specific,0.2595595419406891
decoder,6,content,2024,1908,0.4015949681653346,0.31963950395584106,,1,1,1,1,False,seed_specific,0.3667118549346924
decoder,6,content,2024,81,0.5980802983400852,0.2546645998954773,,1,1,1,1,False,seed_specific,0.2993610203266144
decoder,6,content,2024,2487,0.40225148556242346,0.3639148473739624,,1,1,1,1,False,seed_specific,0.30555862188339233
decoder,6,content,2024,2898,0.5969248608995988,0.3638957738876343,,1,1,1,1,False,seed_specific,0.3493059277534485
decoder,6,content,2024,614,0.4036723501249166,0.3278167247772217,,1,1,1,1,False,seed_specific,0.34496352076530457
decoder,6,content,2024,1622,0.5933946801769072,0.26883891224861145,,1,1,1,1,False,seed_specific,0.2818355858325958
decoder,6,content,2024,2216,0.40735100414398095,0.9918326139450073,,3,3,3,3,True,replicated,0.9932088851928711
decoder,6,content,2024,232,0.5925652204206355,0.2786307632923126,,1,1,1,1,False,seed_specific,0.26440882682800293
decoder,6,content,2024,1270,0.5925212590535534,0.30924928188323975,,1,1,1,1,False,seed_specific,0.3057023882865906
decoder,6,content,2024,2145,0.40773421455137837,0.42051461338996887,,1,1,1,1,False,seed_specific,0.4521518647670746
decoder,6,content,2024,2609,0.4080373820922957,0.3905520737171173,,1,1,1,1,False,seed_specific,0.2666776776313782
decoder,6,content,2024,848,0.40862422486985767,0.5691351890563965,,3,2,1,1,False,seed_specific,0.6025407910346985
decoder,6,content,2024,1018,0.40958017723896073,0.3807378113269806,,1,1,1,1,False,seed_specific,0.31404849886894226
decoder,6,content,2024,2907,0.5892162766546892,0.24574899673461914,,1,1,1,1,False,seed_specific,0.1953829824924469
decoder,6,content,2024,1257,0.5882429056307046,0.2091161608695984,,1,1,1,1,False,seed_specific,0.2511923015117645
decoder,6,content,2024,1148,0.41324846301107165,0.4220464825630188,,1,1,1,1,False,seed_specific,0.3707033693790436
decoder,6,content,2024,1191,0.41344297132391733,0.40100812911987305,,1,1,1,1,False,seed_specific,0.32392418384552
decoder,6,content,2024,1754,0.5854331107063346,0.2492443025112152,,1,1,1,1,False,seed_specific,0.2965536117553711
decoder,6,content,2024,2837,0.5851838580495752,0.3000614643096924,,1,1,1,1,False,seed_specific,0.32754597067832947
decoder,6,content,2024,873,0.5847400970799699,0.23010927438735962,,1,1,1,1,False,seed_specific,0.22049987316131592
decoder,8,all,42,1201,0.7217751434135918,0.48299485445022583,0.38119810819625854,1,1,1,1,False,seed_specific,
decoder,8,all,42,711,0.32599344395008645,0.4878562092781067,0.5534485578536987,2,1,1,1,False,seed_specific,
decoder,8,all,42,726,0.33339844592420065,0.5792100429534912,0.4171687364578247,2,1,1,1,False,seed_specific,
decoder,8,all,42,1998,0.6575173108251133,0.6415042281150818,0.595226526260376,3,2,1,1,False,seed_specific,
decoder,8,all,42,2709,0.36492994382898525,0.42173880338668823,0.41615772247314453,1,1,1,1,False,seed_specific,
decoder,8,all,42,2928,0.6308580595286678,0.6152507066726685,0.594706118106842,3,2,1,1,False,seed_specific,
decoder,8,all,42,2860,0.3694629413970093,0.4508160352706909,0.46755778789520264,1,1,1,1,False,seed_specific,
decoder,8,all,42,674,0.3814996466501438,0.3634091019630432,0.4397038519382477,1,1,1,1,False,seed_specific,
decoder,8,all,42,1810,0.6131134269627506,0.33432143926620483,0.32314372062683105,1,1,1,1,False,seed_specific,
decoder,8,all,42,1270,0.39014552041964035,0.43945232033729553,0.3860180377960205,1,1,1,1,False,seed_specific,
decoder,8,all,42,32,0.3964979379630459,0.9059341549873352,0.8814266324043274,3,3,3,3,True,replicated,
decoder,8,all,42,2110,0.3987818554019396,0.4115806221961975,0.4138169288635254,1,1,1,1,False,seed_specific,
decoder,8,all,42,2612,0.40130009522198,0.35520419478416443,0.23540744185447693,1,1,1,1,False,seed_specific,
decoder,8,all,42,1685,0.40527071907525186,0.23109272122383118,0.2646614611148834,1,1,1,1,False,seed_specific,
decoder,8,all,42,2684,0.5937679370672294,0.2608281075954437,0.260151207447052,1,1,1,1,False,seed_specific,
decoder,8,all,42,2957,0.5916204657582423,0.37361517548561096,0.4198738634586334,1,1,1,1,False,seed_specific,
decoder,8,all,42,304,0.4116865902900123,0.2825929522514343,0.3706619143486023,1,1,1,1,False,seed_specific,
decoder,8,all,42,584,0.5869228204285983,0.2246713638305664,0.19042494893074036,1,1,1,1,False,seed_specific,
decoder,8,all,42,1930,0.4140845584453933,0.45994943380355835,0.47466763854026794,1,1,1,1,False,seed_specific,
decoder,8,all,42,968,0.5852215984684854,0.22431373596191406,0.2831927537918091,1,1,1,1,False,seed_specific,
decoder,8,all,42,427,0.41491650658093365,0.3383198380470276,0.41822344064712524,1,1,1,1,False,seed_specific,
decoder,8,all,42,2538,0.5844589102225938,0.3019012212753296,0.260001003742218,1,1,1,1,False,seed_specific,
decoder,8,all,42,1626,0.41623161502450223,0.4771438241004944,0.633156418800354,2,2,1,1,False,seed_specific,
decoder,8,all,42,2790,0.4167960623886451,0.8706237077713013,0.8547582626342773,3,3,3,3,True,replicated,
decoder,8,all,42,2775,0.41714277656676657,0.3875839114189148,0.5459308624267578,2,1,1,1,False,seed_specific,
decoder,8,all,42,2466,0.42013463790763805,0.3261280655860901,0.307096928358078,1,1,1,1,False,seed_specific,
decoder,8,all,42,1854,0.5782400356999479,0.19108694791793823,0.2109283059835434,1,1,1,1,False,seed_specific,
decoder,8,all,42,1625,0.42228293867638134,0.2883414030075073,0.2720487713813782,1,1,1,1,False,seed_specific,
decoder,8,all,42,1142,0.4224214584556786,0.3333033621311188,0.28343528509140015,1,1,1,1,False,seed_specific,
decoder,8,all,42,808,0.4224811795581302,0.5351046323776245,0.36454442143440247,2,1,1,1,False,seed_specific,
decoder,8,all,42,1963,0.42287019618382155,0.31524235010147095,0.3095315098762512,1,1,1,1,False,seed_specific,
decoder,8,all,42,2626,0.5767507407075623,0.31516367197036743,0.26931706070899963,1,1,1,1,False,seed_specific,
decoder,8,all,42,1458,0.42331229823391425,0.5968396067619324,0.6644585728645325,3,2,1,1,False,seed_specific,
decoder,8,all,42,299,0.5764670654709175,0.20815187692642212,0.2266506552696228,1,1,1,1,False,seed_specific,
decoder,8,all,42,2309,0.4239082650687953,0.2579302191734314,0.20397907495498657,1,1,1,1,False,seed_specific,
decoder,8,all,42,3042,0.5760009090878929,0.3379514515399933,0.34465184807777405,1,1,1,1,False,seed_specific,
decoder,8,all,42,146,0.5753091396511624,0.3189074993133545,0.28186288475990295,1,1,1,1,False,seed_specific,
decoder,8,all,42,2908,0.5745132730150198,0.2843368649482727,0.23460452258586884,1,1,1,1,False,seed_specific,
decoder,8,all,42,1137,0.4256248320343994,0.37227699160575867,0.32046452164649963,1,1,1,1,False,seed_specific,
decoder,8,all,42,45,0.42597361986191157,0.760288655757904,0.8701134324073792,3,3,3,2,True,replicated,
decoder,8,all,42,762,0.5729941174714085,0.2031645029783249,0.22805975377559662,1,1,1,1,False,seed_specific,
decoder,8,all,42,365,0.5724346468658033,0.179360494017601,0.20082564651966095,1,1,1,1,False,seed_specific,
decoder,8,all,42,1087,0.5722861735694307,0.40150952339172363,0.32106342911720276,1,1,1,1,False,seed_specific,
decoder,8,all,42,830,0.4279767651733074,0.35654816031455994,0.4428095817565918,1,1,1,1,False,seed_specific,
decoder,8,all,42,2056,0.42802653275868363,0.24683403968811035,0.26669251918792725,1,1,1,1,False,seed_specific,
decoder,8,all,42,2043,0.57119626344969,0.28823989629745483,0.2257295697927475,1,1,1,1,False,seed_specific,
decoder,8,all,42,1233,0.5711925308807868,0.33763718605041504,0.3103896677494049,1,1,1,1,False,seed_specific,
decoder,8,all,42,573,0.4292085129113706,0.23205778002738953,0.27609097957611084,1,1,1,1,False,seed_specific,
decoder,8,all,42,2076,0.4295651806065673,0.3291465640068054,0.27039676904678345,1,1,1,1,False,seed_specific,
decoder,8,all,42,1218,0.42974392918404386,0.28001704812049866,0.33933529257774353,1,1,1,1,False,seed_specific,
decoder,8,all,1337,2433,0.6746021081549165,,0.6127919554710388,3,3,1,1,False,seed_specific,0.6415042281150818
decoder,8,all,1337,1273,0.6441269272497437,,0.4998701810836792,1,1,1,1,False,seed_specific,0.44915613532066345
decoder,8,all,1337,594,0.36087886237935507,,0.45015087723731995,2,1,1,1,False,seed_specific,0.5792100429534912
decoder,8,all,1337,2994,0.6260044757648449,,0.37122654914855957,1,1,1,1,False,seed_specific,0.3905789852142334
decoder,8,all,1337,2785,0.6256063350818345,,0.303268164396286,1,1,1,1,False,seed_specific,0.2899022698402405
decoder,8,all,1337,2967,0.37562955995501013,,0.35771068930625916,1,1,1,1,False,seed_specific,0.44720059633255005
decoder,8,all,1337,412,0.3771856264577755,,0.3303552567958832,1,1,1,1,False,seed_specific,0.2716503143310547
decoder,8,all,1337,1387,0.37725488634742416,,0.41215845942497253,1,1,1,1,False,seed_specific,0.4878562092781067
decoder,8,all,1337,935,0.6167875189531554,,0.2750987112522125,1,1,1,1,False,seed_specific,0.3045719861984253
decoder,8,all,1337,1989,0.3846789658959326,,0.2926656901836395,1,1,1,1,False,seed_specific,0.27880603075027466
decoder,8,all,1337,1346,0.3955469623524806,,0.45375385880470276,2,1,1,1,False,seed_specific,0.5351046323776245
decoder,8,all,1337,1569,0.3963196041154475,,0.3508606553077698,1,1,1,1,False,seed_specific,0.3207033574581146
decoder,8,all,1337,1516,0.4023833696636707,,0.37342536449432373,1,1,1,1,False,seed_specific,0.43358659744262695
decoder,8,all,1337,970,0.5933291528561616,,0.4506326913833618,1,1,1,1,False,seed_specific,0.49597257375717163
decoder,8,all,1337,1758,0.4076214080245255,,0.28790122270584106,1,1,1,1,False,seed_specific,0.31433844566345215
decoder,8,all,1337,1421,0.4086723335357215,,0.9640407562255859,3,3,3,3,True,replicated,0.9059341549873352
decoder,8,all,1337,386,0.40906549746019427,,0.3745439648628235,1,1,1,1,False,seed_specific,0.29831475019454956
decoder,8,all,1337,766,0.41482443654798756,,0.46181511878967285,1,1,1,1,False,seed_specific,0.4115806221961975
decoder,8,all,1337,2352,0.41909947213181115,,0.26867252588272095,1,1,1,1,False,seed_specific,0.26253342628479004
decoder,8,all,1337,2240,0.419597147985574,,0.39242276549339294,1,1,1,1,False,seed_specific,0.4772352874279022
decoder,8,all,1337,301,0.5800304245838599,,0.18677380681037903,1,1,1,1,False,seed_specific,0.17272654175758362
decoder,8,all,1337,1766,0.5796837104057385,,0.18897730112075806,1,1,1,1,False,seed_specific,0.19350981712341309
decoder,8,all,1337,2121,0.4217728209262743,,0.6119021773338318,2,2,1,1,False,seed_specific,0.47298330068588257
decoder,8,all,1337,2996,0.42254048593070365,,0.27776676416397095,1,1,1,1,False,seed_specific,0.29153165221214294
decoder,8,all,1337,1949,0.42279056804721943,,0.6646993160247803,3,3,2,1,True,replicated,0.7209184169769287
decoder,8,all,1337,1835,0.42304521219239494,,0.34703341126441956,1,1,1,1,False,seed_specific,0.27584072947502136
decoder,8,all,1337,1222,0.5766118061983869,,0.2539524435997009,1,1,1,1,False,seed_specific,0.35789623856544495
decoder,8,all,1337,83,0.42418323097799937,,0.6562842130661011,3,2,1,1,False,seed_specific,0.5599220395088196
decoder,8,all,1337,2804,0.5751805733889404,,0.21250684559345245,1,1,1,1,False,seed_specific,0.2201298624277115
decoder,8,all,1337,267,0.5744481604241526,,0.1996622383594513,1,1,1,1,False,seed_specific,0.19090715050697327
decoder,8,all,1337,1207,0.42599933311435595,,0.5456986427307129,2,1,1,1,False,seed_specific,0.4901295006275177
decoder,8,all,1337,2118,0.42622494616806184,,0.2554560899734497,1,1,1,1,False,seed_specific,0.3363531529903412
decoder,8,all,1337,2787,0.42623614387477154,,0.5212637186050415,3,2,1,1,False,seed_specific,0.6769595146179199
decoder,8,all,1337,814,0.42636429540711535,,0.20110712945461273,1,1,1,1,False,seed_specific,0.2021539807319641
decoder,8,all,1337,3052,0.5731222690037524,,0.2760726809501648,1,1,1,1,False,seed_specific,0.24493780732154846
decoder,8,all,1337,1939,0.5727025623670791,,0.4129469096660614,1,1,1,1,False,seed_specific,0.4164987802505493
decoder,8,all,1337,375,0.4276209269378668,,0.8980699777603149,3,3,3,3,True,replicated,0.8706237077713013
decoder,8,all,1337,1061,0.5717134316077253,,0.21528106927871704,1,1,1,1,False,seed_specific,0.20618832111358643
decoder,8,all,1337,1784,0.5716835710564995,,0.3233153820037842,1,1,1,1,False,seed_specific,0.29270920157432556
decoder,8,all,1337,701,0.4285967863411203,,0.7970989346504211,3,3,2,1,True,replicated,0.6088612079620361
decoder,8,all,1337,432,0.4287241084137079,,0.3067752718925476,1,1,1,1,False,seed_specific,0.288818359375
decoder,8,all,1337,893,0.4288240583143386,,0.4354934096336365,2,2,2,1,True,replicated,0.7090157270431519
decoder,8,all,1337,105,0.5709279332185361,,0.3341211676597595,1,1,1,1,False,seed_specific,0.2640334963798523
decoder,8,all,1337,2161,0.43049251661407884,,0.4898931682109833,1,1,1,1,False,seed_specific,0.466890811920166
decoder,8,all,1337,85,0.43052735392384234,,0.6505879163742065,2,2,1,1,False,seed_specific,0.45378217101097107
decoder,8,all,1337,962,0.4307168854781504,,0.2506425082683563,1,1,1,1,False,seed_specific,0.24323739111423492
decoder,8,all,1337,1129,0.5690492068705811,,0.24823477864265442,1,1,1,1,False,seed_specific,0.2549050450325012
decoder,8,all,1337,1820,0.43118967753922516,,0.42966023087501526,1,1,1,1,False,seed_specific,0.4563223421573639
decoder,8,all,1337,2911,0.4314049223459777,,0.2846328616142273,1,1,1,1,False,seed_specific,0.25475186109542847
decoder,8,all,1337,731,0.4322376999412743,,0.27461016178131104,1,1,1,1,False,seed_specific,0.3388984799385071
decoder,8,all,2024,207,0.6816861092033537,0.6127919554710388,,3,2,1,1,False,seed_specific,0.595226526260376
decoder,8,all,2024,1768,0.34290612838046325,0.36089634895324707,,1,1,1,1,False,seed_specific,0.41186729073524475
decoder,8,all,2024,918,0.3493817206976752,0.4351031184196472,,1,1,1,1,False,seed_specific,0.41615772247314453
decoder,8,all,2024,2278,0.3528173430081519,0.45310845971107483,,2,1,1,1,False,seed_specific,0.5534485578536987
decoder,8,all,2024,1112,0.35493288011652246,0.46181511878967285,,1,1,1,1,False,seed_specific,0.4138169288635254
decoder,8,all,2024,2597,0.380327205284654,0.37957340478897095,,1,1,1,1,False,seed_specific,0.3822227716445923
decoder,8,all,2024,913,0.38095178848112654,0.3304518163204193,,1,1,1,1,False,seed_specific,0.3028491139411926
decoder,8,all,2024,1091,0.38793086287039524,0.2966912090778351,,1,1,1,1,False,seed_specific,0.40609273314476013
decoder,8,all,2024,2026,0.6049876244604365,0.4129469096660614,,1,1,1,1,False,seed_specific,0.33992230892181396
decoder,8,all,2024,2029,0.3973315450180988,0.32795584201812744,,1,1,1,1,False,seed_specific,0.28798624873161316
decoder,8,all,2024,1271,0.40105830770302686,0.7231892347335815,,3,3,2,1,True,replicated,0.6741952896118164
decoder,8,all,2024,946,0.5973835521448171,0.19774311780929565,,1,1,1,1,False,seed_specific,0.26989614963531494
decoder,8,all,2024,151,0.5965843676696494,0.34185510873794556,,1,1,1,1,False,seed_specific,0.31238675117492676
decoder,8,all,2024,2921,0.40562241001191107,0.45856136083602905,,1,1,1,1,False,seed_specific,0.4500366449356079
decoder,8,all,2024,1302,0.5897765767200508,0.4506326913833618,,1,1,1,1,False,seed_specific,0.44866132736206055
decoder,8,all,2024,534,0.4113187248881059,0.9640407562255859,,3,3,3,3,True,replicated,0.8814266324043274
decoder,8,all,2024,1429,0.5885236777582025,0.3143913149833679,,1,1,1,1,False,seed_specific,0.3233666718006134
decoder,8,all,2024,456,0.41278272135792515,0.6646993160247803,,3,2,1,1,False,seed_specific,0.5142281651496887
decoder,8,all,2024,2370,0.4140870468246622,0.3207206428050995,,1,1,1,1,False,seed_specific,0.30909472703933716
decoder,8,all,2024,191,0.5854965643776895,0.34739646315574646,,1,1,1,1,False,seed_specific,0.29292771220207214
decoder,8,all,2024,2504,0.4146071180918445,0.3400472104549408,,1,1,1,1,False,seed_specific,0.4171687364578247
decoder,8,all,2024,2830,0.41542455068165,0.8509236574172974,,3,3,3,3,True,replicated,0.8059736490249634
decoder,8,all,2024,900,0.5842266614908377,0.30934473872184753,,1,1,1,1,False,seed_specific,0.33226844668388367
decoder,8,all,2024,528,0.5840628431889742,0.24082651734352112,,1,1,1,1,False,seed_specific,0.2837427854537964
decoder,8,all,2024,40,0.5837003692754835,0.19262805581092834,,1,1,1,1,False,seed_specific,0.19585712254047394
decoder,8,all,2024,2515,0.4168520509221933,0.4947015643119812,,2,1,1,1,False,seed_specific,0.5426933765411377
decoder,8,all,2024,2729,0.41721245118629335,0.42966023087501526,,1,1,1,1,False,seed_specific,0.46697095036506653
decoder,8,all,2024,2314,0.4173422616381498,0.3063429892063141,,1,1,1,1,False,seed_specific,0.36454442143440247
decoder,8,all,2024,1506,0.5804393482437019,0.29177218675613403,,1,1,1,1,False,seed_specific,0.48913440108299255
decoder,8,all,2024,2784,0.42026693673876325,0.3158532977104187,,1,1,1,1,False,seed_specific,0.304516077041626
decoder,8,all,2024,736,0.578854250649467,0.2441515177488327,,1,1,1,1,False,seed_specific,0.24833400547504425
decoder,8,all,2024,727,0.421823832701285,0.5603336095809937,,3,2,1,1,False,seed_specific,0.6257973909378052
decoder,8,all,2024,2369,0.42263587380267487,0.5291147828102112,,3,2,1,1,False,seed_specific,0.6314824819564819
decoder,8,all,2024,2703,0.42410816487005687,0.35739585757255554,,1,1,1,1,False,seed_specific,0.31629258394241333
decoder,8,all,2024,112,0.5757972767177281,0.31984850764274597,,1,1,1,1,False,seed_specific,0.2840954661369324
decoder,8,all,2024,873,0.5751038483614853,0.3475484549999237,,1,1,1,1,False,seed_specific,0.29436194896698
decoder,8,all,2024,2465,0.42535981964227054,0.25601494312286377,,1,1,1,1,False,seed_specific,0.2616453170776367
decoder,8,all,2024,1150,0.4257849177673598,0.3503919541835785,,1,1,1,1,False,seed_specific,0.2781795859336853
decoder,8,all,2024,2298,0.427374162660376,0.5574792623519897,,3,2,2,2,True,replicated,0.8520949482917786
decoder,8,all,2024,307,0.42834131273618864,0.8980699777603149,,3,3,3,3,True,replicated,0.8547582626342773
decoder,8,all,2024,1514,0.42861213134661125,0.5228139162063599,,2,1,1,1,False,seed_specific,0.47650885581970215
decoder,8,all,2024,1923,0.5711066817960125,0.4998701810836792,,2,2,2,1,True,replicated,0.7233548164367676
decoder,8,all,2024,676,0.42908284975829536,0.6961303353309631,,3,3,1,1,False,seed_specific,0.6930595636367798
decoder,8,all,2024,2774,0.43049583445310396,0.22433719038963318,,1,1,1,1,False,seed_specific,0.2568836212158203
decoder,8,all,2024,2620,0.4317151402948232,0.39242276549339294,,1,1,1,1,False,seed_specific,0.33084359765052795
decoder,8,all,2024,1124,0.4326379142736753,0.4842451810836792,,1,1,1,1,False,seed_specific,0.4782797694206238
decoder,8,all,2024,1125,0.4326561623883132,0.3291630148887634,,1,1,1,1,False,seed_specific,0.372613787651062
decoder,8,all,2024,1440,0.4326611391468509,0.20399051904678345,,1,1,1,1,False,seed_specific,0.2232235074043274
decoder,8,all,2024,2437,0.43285564745969657,0.5411497354507446,,3,1,1,1,False,seed_specific,0.5990955829620361
decoder,8,all,2024,2099,0.5670406700707695,0.47627726197242737,,1,1,1,1,False,seed_specific,0.41305893659591675
decoder,8,content,42,1201,0.74682316913348,0.541344404220581,0.4514687955379486,2,1,1,1,False,seed_specific,
decoder,8,content,42,711,0.337425473040899,0.4913814067840576,0.5308058261871338,2,1,1,1,False,seed_specific,
decoder,8,content,42,726,0.3573847631560612,0.4739437699317932,0.4266856610774994,1,1,1,1,False,seed_specific,
decoder,8,content,42,2709,0.3623424441192963,0.5360574722290039,0.5985395312309265,3,1,1,1,False,seed_specific,
decoder,8,content,42,1810,0.6280951290805273,0.25659042596817017,0.3222581744194031,1,1,1,1,False,seed_specific,
decoder,8,content,42,1108,0.3782979319909357,0.2850298285484314,0.2863197326660156,1,1,1,1,False,seed_specific,
decoder,8,content,42,1425,0.3803400619108762,0.48277372121810913,0.3840171694755554,1,1,1,1,False,seed_specific,
decoder,8,content,42,471,0.6183435854559207,0.3280450105667114,0.2713913321495056,1,1,1,1,False,seed_specific,
decoder,8,content,42,147,0.38548271239975984,0.3857120871543884,0.2969400882720947,1,1,1,1,False,seed_specific,
decoder,8,content,42,2997,0.6091403147302099,0.44398558139801025,0.4659207761287689,1,1,1,1,False,seed_specific,
decoder,8,content,42,2908,0.6075780272792725,0.353311687707901,0.41558223962783813,1,1,1,1,False,seed_specific,
decoder,8,content,42,2342,0.3948435804791623,0.45047828555107117,0.6283212304115295,2,2,1,1,False,seed_specific,
decoder,8,content,42,2860,0.3955647957372404,0.5577784776687622,0.5546078681945801,3,1,1,1,False,seed_specific,
decoder,8,content,42,1963,0.4019064303038145,0.3583548665046692,0.42660245299339294,1,1,1,1,False,seed_specific,
decoder,8,content,42,2110,0.4041443127262352,0.43241679668426514,0.39768698811531067,1,1,1,1,False,seed_specific,
decoder,8,content,42,1458,0.40489829164468594,0.982691764831543,0.9804491400718689,3,3,3,3,True,replicated,
decoder,8,content,42,669,0.5928638259328934,0.22964218258857727,0.24364116787910461,1,1,1,1,False,seed_specific,
decoder,8,content,42,1270,0.4075264348824324,0.3638920187950134,0.4733249545097351,1,1,1,1,False,seed_specific,
decoder,8,content,42,2626,0.5923105762754604,0.22204259037971497,0.24540753662586212,1,1,1,1,False,seed_specific,
decoder,8,content,42,2790,0.40789512974409514,0.44465577602386475,0.4487401247024536,1,1,1,1,False,seed_specific,
decoder,8,content,42,1998,0.589826344305427,0.4609730839729309,0.43404072523117065,1,1,1,1,False,seed_specific,
decoder,8,content,42,1095,0.4104349355177985,0.37118372321128845,0.3382548391819,1,1,1,1,False,seed_specific,
decoder,8,content,42,2509,0.5890396017266034,0.6588351726531982,0.676352322101593,3,3,1,1,False,seed_specific,
decoder,8,content,42,2309,0.4125629145225132,0.2462131381034851,0.19543993473052979,1,1,1,1,False,seed_specific,
decoder,8,content,42,2212,0.4132542692293656,0.3935696482658386,0.356338769197464,1,1,1,1,False,seed_specific,
decoder,8,content,42,251,0.5863583730644556,0.32459884881973267,0.4621056616306305,1,1,1,1,False,seed_specific,
decoder,8,content,42,862,0.5832043523412331,0.2514864206314087,0.2748448848724365,1,1,1,1,False,seed_specific,
decoder,8,content,42,423,0.4194279381952946,0.23327398300170898,0.23738540709018707,1,1,1,1,False,seed_specific,
decoder,8,content,42,980,0.4199372264856454,0.2992108464241028,0.27345746755599976,1,1,1,1,False,seed_specific,
decoder,8,content,42,2533,0.4226076721709616,0.3929307460784912,0.5126763582229614,2,1,1,1,False,seed_specific,
decoder,8,content,42,938,0.42342469003088906,0.4918757677078247,0.36351826786994934,1,1,1,1,False,seed_specific,
decoder,8,content,42,2235,0.42392319534440825,0.29617708921432495,0.25564393401145935,1,1,1,1,False,seed_specific,
decoder,8,content,42,2957,0.5754356322639937,0.3025139570236206,0.34215372800827026,1,1,1,1,False,seed_specific,
decoder,8,content,42,2022,0.42457763909210655,0.29569822549819946,0.2822569012641907,1,1,1,1,False,seed_specific,
decoder,8,content,42,2904,0.42543944777887266,0.27036726474761963,0.273301362991333,1,1,1,1,False,seed_specific,
decoder,8,content,42,365,0.5745041489577009,0.2899893820285797,0.18806321918964386,1,1,1,1,False,seed_specific,
decoder,8,content,42,1641,0.4258442241399333,0.22748079895973206,0.22696931660175323,1,1,1,1,False,seed_specific,
decoder,8,content,42,1854,0.5740479460917515,0.1723107099533081,0.15383191406726837,1,1,1,1,False,seed_specific,
decoder,8,content,42,1849,0.5740346747356512,0.2018415927886963,0.23339247703552246,1,1,1,1,False,seed_specific,
decoder,8,content,42,289,0.42630125646563877,0.321285218000412,0.33064454793930054,1,1,1,1,False,seed_specific,
decoder,8,content,42,1264,0.4264538770607928,0.2747766375541687,0.25514674186706543,1,1,1,1,False,seed_specific,
decoder,8,content,42,1163,0.5734723010208991,0.445771723985672,0.4280884563922882,1,1,1,1,False,seed_specific,
decoder,8,content,42,524,0.4271406697389855,0.24072034657001495,0.25036805868148804,1,1,1,1,False,seed_specific,
decoder,8,content,42,1804,0.5727950471299033,0.4301799535751343,0.559649646282196,2,1,1,1,False,seed_specific,
decoder,8,content,42,267,0.4274898722963759,0.7577927112579346,0.6040534973144531,3,3,2,1,True,replicated,
decoder,8,content,42,1930,0.4278407337732787,0.6426931619644165,0.4491046667098999,2,2,1,1,False,seed_specific,
decoder,8,content,42,844,0.5716520515857612,0.22904348373413086,0.22348642349243164,1,1,1,1,False,seed_specific,
decoder,8,content,42,1301,0.5714861596345069,0.22398853302001953,0.2548852860927582,1,1,1,1,False,seed_specific,
decoder,8,content,42,1966,0.42885682197471137,0.2511739730834961,0.2527322769165039,1,1,1,1,False,seed_specific,
decoder,8,content,42,859,0.4292134896699082,0.3524700403213501,0.36602821946144104,1,1,1,1,False,seed_specific,
decoder,8,content,1337,2785,0.6977423764353801,,0.37385132908821106,2,1,1,1,False,seed_specific,0.541344404220581
decoder,8,content,1337,766,0.34931868175619857,,0.5063294172286987,2,1,1,1,False,seed_specific,0.4913814067840576
decoder,8,content,1337,1516,0.3515731533737446,,0.5368891358375549,3,1,1,1,False,seed_specific,0.5360574722290039
decoder,8,content,1337,1505,0.6425351939774586,,0.5454579591751099,2,1,1,1,False,seed_specific,0.4570239782333374
decoder,8,content,1337,594,0.3880353747996854,,0.39190706610679626,1,1,1,1,False,seed_specific,0.3994958996772766
decoder,8,content,1337,2967,0.3957020713269034,,0.38289761543273926,1,1,1,1,False,seed_specific,0.47139886021614075
decoder,8,content,1337,1387,0.4007099346053929,,0.3792608380317688,1,1,1,1,False,seed_specific,0.48078393936157227
decoder,8,content,1337,1820,0.4012586222341665,,0.39551615715026855,1,1,1,1,False,seed_specific,0.42660894989967346
decoder,8,content,1337,1149,0.4013847001171197,,0.37623730301856995,1,1,1,1,False,seed_specific,0.3004833459854126
decoder,8,content,1337,412,0.40154146801105506,,0.21394947171211243,1,1,1,1,False,seed_specific,0.22958078980445862
decoder,8,content,1337,2772,0.5968294730276276,,0.38350600004196167,1,1,1,1,False,seed_specific,0.3606690466403961
decoder,8,content,1337,2146,0.403450469640114,,0.33547982573509216,1,1,1,1,False,seed_specific,0.34823527932167053
decoder,8,content,1337,2124,0.40527196326488635,,0.34741485118865967,1,1,1,1,False,seed_specific,0.3423588275909424
decoder,8,content,1337,1339,0.5930570900561046,,0.8155845403671265,3,3,2,2,True,replicated,0.6588351726531982
decoder,8,content,1337,1421,0.4102512101817844,,0.5738144516944885,3,2,1,1,False,seed_specific,0.6426931619644165
decoder,8,content,1337,2257,0.4103909741507162,,0.34980958700180054,1,1,1,1,False,seed_specific,0.34746062755584717
decoder,8,content,1337,1789,0.41045525728182713,,0.9814544916152954,3,3,3,3,True,replicated,0.982691764831543
decoder,8,content,1337,1989,0.41064644775564785,,0.2822129726409912,1,1,1,1,False,seed_specific,0.3115695118904114
decoder,8,content,1337,579,0.41518068951330617,,0.22772075235843658,1,1,1,1,False,seed_specific,0.2525900900363922
decoder,8,content,1337,1296,0.4190953248330298,,0.38538071513175964,1,1,1,1,False,seed_specific,0.3309168815612793
decoder,8,content,1337,2433,0.5806906745498522,,0.43397092819213867,1,1,1,1,False,seed_specific,0.4609730839729309
decoder,8,content,1337,601,0.4200442267942044,,0.3494698405265808,1,1,1,1,False,seed_specific,0.29096871614456177
decoder,8,content,1337,731,0.42142237417924955,,0.2633962035179138,1,1,1,1,False,seed_specific,0.21535924077033997
decoder,8,content,1337,1061,0.5780658491511309,,0.2568754255771637,1,1,1,1,False,seed_specific,0.227631613612175
decoder,8,content,1337,1112,0.4224857415867897,,0.277305543422699,1,1,1,1,False,seed_specific,0.29413729906082153
decoder,8,content,1337,1902,0.4228954947063879,,0.3398497402667999,1,1,1,1,False,seed_specific,0.3454580307006836
decoder,8,content,1337,495,0.5756566832890402,,0.2323686182498932,1,1,1,1,False,seed_specific,0.27243781089782715
decoder,8,content,1337,1507,0.426073155032664,,0.2709044814109802,1,1,1,1,False,seed_specific,0.39703282713890076
decoder,8,content,1337,893,0.42627927578209757,,0.6264067888259888,3,2,1,1,False,seed_specific,0.5435611009597778
decoder,8,content,1337,267,0.5715608110125713,,0.25362807512283325,1,1,1,1,False,seed_specific,0.2922127842903137
decoder,8,content,1337,1134,0.5712447868454318,,0.28515535593032837,1,1,1,1,False,seed_specific,0.3671175539493561
decoder,8,content,1337,962,0.4288087133088477,,0.21628296375274658,1,1,1,1,False,seed_specific,0.23570354282855988
decoder,8,content,1337,919,0.4288933182039874,,0.32710057497024536,1,1,1,1,False,seed_specific,0.37692612409591675
decoder,8,content,1337,2996,0.4297182159315993,,0.251239538192749,1,1,1,1,False,seed_specific,0.27983254194259644
decoder,8,content,1337,1492,0.42994507317493963,,0.3787580728530884,1,1,1,1,False,seed_specific,0.45047828555107117
decoder,8,content,1337,693,0.43016861257925487,,0.2948756814002991,1,1,1,1,False,seed_specific,0.32437747716903687
decoder,8,content,1337,105,0.5694133397035843,,0.360293447971344,1,1,1,1,False,seed_specific,0.3429812490940094
decoder,8,content,1337,1129,0.56891151655104,,0.25935065746307373,1,1,1,1,False,seed_specific,0.2517983317375183
decoder,8,content,1337,443,0.4311071462934761,,0.21282532811164856,1,1,1,1,False,seed_specific,0.2307235449552536
decoder,8,content,1337,1346,0.4312776002733899,,0.46567240357398987,2,2,1,1,False,seed_specific,0.6343815326690674
decoder,8,content,1337,948,0.43187232291863664,,0.3848716914653778,1,1,1,1,False,seed_specific,0.31784284114837646
decoder,8,content,1337,2217,0.4318781291369305,,0.2983238399028778,1,1,1,1,False,seed_specific,0.2905697226524353
decoder,8,content,1337,639,0.432059780823554,,0.26434242725372314,1,1,1,1,False,seed_specific,0.25106844305992126
decoder,8,content,1337,860,0.43264081738282223,,0.2221420407295227,1,1,1,1,False,seed_specific,0.24337059259414673
decoder,8,content,1337,2911,0.43280546514444207,,0.27122387290000916,1,1,1,1,False,seed_specific,0.2564122676849365
decoder,8,content,1337,2922,0.5664857614938238,,0.3270236849784851,1,1,1,1,False,seed_specific,0.3722490072250366
decoder,8,content,1337,1572,0.4335142385061762,,0.26575183868408203,1,1,1,1,False,seed_specific,0.27119994163513184
decoder,8,content,1337,1552,0.4336096263781473,,0.21043527126312256,1,1,1,1,False,seed_specific,0.19513455033302307
decoder,8,content,1337,157,0.4342636553959675,,0.3329387903213501,1,1,1,1,False,seed_specific,0.3551381826400757
decoder,8,content,1337,1866,0.43435945799781683,,0.26108184456825256,1,1,1,1,False,seed_specific,0.3281506896018982
decoder,8,content,2024,207,0.6684520787920412,0.5454579591751099,,2,1,1,1,False,seed_specific,0.4514687955379486
decoder,8,content,2024,918,0.34740760647774893,0.5368891358375549,,3,1,1,1,False,seed_specific,0.5985395312309265
decoder,8,content,2024,2883,0.35806906745498523,0.36782532930374146,,1,1,1,1,False,seed_specific,0.3804430663585663
decoder,8,content,2024,2114,0.36745938135573536,0.49516797065734863,,1,1,1,1,False,seed_specific,0.3809816837310791
decoder,8,content,2024,1287,0.37850405274036913,0.5063294172286987,,2,1,1,1,False,seed_specific,0.41558629274368286
decoder,8,content,2024,2278,0.3814171154043948,0.38289761543273926,,2,1,1,1,False,seed_specific,0.5308058261871338
decoder,8,content,2024,112,0.6160949200566687,0.3901323080062866,,1,1,1,1,False,seed_specific,0.419697105884552
decoder,8,content,2024,2099,0.6140606700044128,0.3989681303501129,,1,1,1,1,False,seed_specific,0.41558223962783813
decoder,8,content,2024,2597,0.3959065331568243,0.263328492641449,,1,1,1,1,False,seed_specific,0.27272480726242065
decoder,8,content,2024,2830,0.39771351123586185,0.7349679470062256,,3,3,2,1,True,replicated,0.6776875853538513
decoder,8,content,2024,727,0.39873084362692895,0.4198583960533142,,2,2,1,1,False,seed_specific,0.6283212304115295
decoder,8,content,2024,1008,0.40413352974940364,0.41722989082336426,,1,1,1,1,False,seed_specific,0.42715126276016235
decoder,8,content,2024,534,0.4044366972903209,0.9814544916152954,,3,3,3,3,True,replicated,0.9804491400718689
decoder,8,content,2024,528,0.5927987133420262,0.3168257474899292,,1,1,1,1,False,seed_specific,0.35592523217201233
decoder,8,content,2024,384,0.40746712850985894,0.37623730301856995,,1,1,1,1,False,seed_specific,0.3335835337638855
decoder,8,content,2024,2921,0.40920443196936973,0.508760929107666,,2,1,1,1,False,seed_specific,0.3999210298061371
decoder,8,content,2024,2029,0.41192505996994044,0.3482467532157898,,1,1,1,1,False,seed_specific,0.26114988327026367
decoder,8,content,2024,456,0.41426703959177313,0.39544224739074707,,1,1,1,1,False,seed_specific,0.33744731545448303
decoder,8,content,2024,40,0.5845306584915114,0.19000795483589172,,1,1,1,1,False,seed_specific,0.1888848841190338
decoder,8,content,2024,2837,0.5829957432125308,0.35713914036750793,,1,1,1,1,False,seed_specific,0.4067223370075226
decoder,8,content,2024,2196,0.5825793544148825,0.2985367178916931,,1,1,1,1,False,seed_specific,0.24985775351524353
decoder,8,content,2024,0,0.41840894688471497,0.2909383177757263,,1,1,1,1,False,seed_specific,0.30089908838272095
decoder,8,content,2024,2257,0.4196386209733876,0.25059452652931213,,1,1,1,1,False,seed_specific,0.24263477325439453
decoder,8,content,2024,367,0.5785950444756323,0.20951539278030396,,1,1,1,1,False,seed_specific,0.22622868418693542
decoder,8,content,2024,372,0.5781898533846935,0.30041632056236267,,1,1,1,1,False,seed_specific,0.26133960485458374
decoder,8,content,2024,205,0.4229382118838358,0.8173689842224121,,3,3,3,2,True,replicated,0.7378184199333191
decoder,8,content,2024,547,0.42347445761626534,0.251239538192749,,1,1,1,1,False,seed_specific,0.27730703353881836
decoder,8,content,2024,1622,0.5760145951738714,0.2732669711112976,,1,1,1,1,False,seed_specific,0.3249828815460205
decoder,8,content,2024,1563,0.5754343880743593,0.4769875109195709,,1,1,1,1,False,seed_specific,0.45470574498176575
decoder,8,content,2024,1772,0.5754231903676499,0.23508086800575256,,1,1,1,1,False,seed_specific,0.27251043915748596
decoder,8,content,2024,2981,0.42463777492443616,0.3035133183002472,,1,1,1,1,False,seed_specific,0.2590144872665405
decoder,8,content,2024,423,0.424680077372006,0.8197178840637207,,3,2,2,2,True,replicated,0.5850847959518433
decoder,8,content,2024,1278,0.42498490383243587,0.2463492453098297,,1,1,1,1,False,seed_specific,0.1896340548992157
decoder,8,content,2024,170,0.42511347009465805,0.3294900059700012,,1,1,1,1,False,seed_specific,0.3311336636543274
decoder,8,content,2024,1239,0.5747326651205537,0.34704720973968506,,1,1,1,1,False,seed_specific,0.4621056616306305
decoder,8,content,2024,2729,0.42578325884784723,0.34770017862319946,,1,1,1,1,False,seed_specific,0.3322167694568634
decoder,8,content,2024,473,0.5740603879880956,0.30987074971199036,,1,1,1,1,False,seed_specific,0.2824503779411316
decoder,8,content,2024,2698,0.5738550966984184,0.34279361367225647,,1,1,1,1,False,seed_specific,0.3648141324520111
decoder,8,content,2024,2072,0.4275354925829708,0.3336414694786072,,1,1,1,1,False,seed_specific,0.29488688707351685
decoder,8,content,2024,191,0.5721198668882983,0.2610858976840973,,1,1,1,1,False,seed_specific,0.2540127635002136
decoder,8,content,2024,2694,0.4282397039160454,0.3015209436416626,,1,1,1,1,False,seed_specific,0.3262064456939697
decoder,8,content,2024,1985,0.42924376495101213,0.26497429609298706,,1,1,1,1,False,seed_specific,0.26060929894447327
decoder,8,content,2024,2332,0.4299682980481153,0.3204912543296814,,1,1,1,1,False,seed_specific,0.25892704725265503
decoder,8,content,2024,1150,0.4309794094910104,0.2822129726409912,,1,1,1,1,False,seed_specific,0.2898519039154053
decoder,8,content,2024,2077,0.4310735531733471,0.39733535051345825,,1,1,1,1,False,seed_specific,0.36736994981765747
decoder,8,content,2024,1543,0.5688621636955418,0.22864358127117157,,1,1,1,1,False,seed_specific,0.24792377650737762
decoder,8,content,2024,598,0.4311958984873971,0.43864232301712036,,1,1,1,1,False,seed_specific,0.48094117641448975
decoder,8,content,2024,913,0.43121953809045094,0.2062249481678009,,1,1,1,1,False,seed_specific,0.22453781962394714
decoder,8,content,2024,1649,0.4313265383990099,0.32624343037605286,,1,1,1,1,False,seed_specific,0.2990603744983673
decoder,8,content,2024,1644,0.4323036419918979,0.24339202046394348,,1,1,1,1,False,seed_specific,0.25110191106796265
