stage,split,intervention,family,seed,scope,n_pairs,n_languages,sta,delta_sta,delta_sta_ci_lo,delta_sta_ci_hi,effect_size_sta,sta_languages_included,sim,delta_sim,delta_sim_ci_lo,delta_sim_ci_hi,effect_size_sim,sim_languages_included,fl,delta_fl,delta_fl_ci_lo,delta_fl_ci_hi,effect_size_fl,fl_languages_included,j,delta_j,delta_j_ci_lo,delta_j_ci_hi,effect_size_j,j_languages_included
stage11_ablation,dev,language_detectors,ablation_primary,42,macro_over_languages,243,9,0.41590162712238093,0.011679972853492062,-0.022897069327828035,0.04297616885758332,0.0483069601437757,7.0,0.8389182573333335,0.0006536375761316895,-0.006355789935905346,0.007648187952160495,0.011791246520553501,9,0.573247175705861,-0.002364128785287739,-0.009839637026712129,0.0055244830475814355,-0.03671327582717593,9,0.2899788520867198,0.007423913143050858,-0.015305714010698565,0.03043207604239575,0.04477211345176862,7.0
stage11_ablation,dev,language_detectors,ablation_primary,1337,macro_over_languages,243,9,0.4248989998801058,0.009762319991164023,-0.01688862589908598,0.03664789580367063,0.048694304838535256,7.0,0.8257484126625515,0.00437682457201646,-0.0018101894375514415,0.010245416761419752,0.09358882745645859,9,0.5760385719420016,-0.0024886661312410827,-0.009258995780493865,0.003648856589637682,-0.04638305617182904,9,0.29065662162772465,0.002331802123433848,-0.01556030164006454,0.02008623851605191,0.018186287061712176,7.0
stage11_ablation,dev,language_detectors,ablation_primary,2024,macro_over_languages,243,9,0.4078732401684127,-0.024337255583280426,-0.05563056608272354,0.002400999075714266,-0.11552426625350175,7.0,0.8306836601481481,0.006897783382716053,-0.0027892694752057585,0.01844750841625514,0.08036405256853428,9,0.5706097734818819,-0.001548345836231573,-0.0074018408630238865,0.003946836259483789,-0.034775835359732415,9,0.27526730326188126,-0.02459682538087732,-0.04668364850277094,-0.004610343342215792,-0.15884340813992612,7.0
stage11_ablation,dev,random_heads_matched,ablation_random_control,42,macro_over_languages,243,9,0.39237741343724863,-0.011844240831640214,-0.05446327784806746,0.027558513492865068,-0.04253025274888547,7.0,0.8278409431193416,-0.01042367663786008,-0.018246692712551436,-0.003632626389197533,-0.16432213188374697,9,0.5714532873121332,-0.004158017179015622,-0.013029047735852525,0.004659929389858865,-0.06077400762947879,9,0.2690000247180069,-0.013554914225662013,-0.03982114173482362,0.011188364732544772,-0.07222378318631688,7.0
stage11_ablation,dev,random_heads_matched,ablation_random_control,1337,macro_over_languages,243,9,0.4188644315580952,0.003727751669153442,-0.029573519765887558,0.036031966262522475,0.015912378013683847,7.0,0.8158755503950618,-0.005496037695473251,-0.013178565465123457,0.0021177632188271608,-0.08941679183003555,9,0.5743378424087587,-0.004189395664483985,-0.010488848168128366,0.0022547247685395806,-0.08480957192189169,9,0.2809637840593139,-0.007361035444977011,-0.029506259983034473,0.01380379639055223,-0.047756668627113655,7.0
stage11_ablation,dev,random_heads_matched,ablation_random_control,2024,macro_over_languages,243,9,0.4028508158229629,-0.029359679928730155,-0.06538843848236242,0.0072347439044801445,-0.10271054314202849,7.0,0.817705791925926,-0.006080084839506172,-0.014738810817695474,0.003398327164197526,-0.07930932049603287,9,0.5648818354398557,-0.007276283878257772,-0.013979290639567694,-0.0009486884592984733,-0.14512756755697528,9,0.25853627721970807,-0.041327851423050524,-0.06870764165494198,-0.015635497954832857,-0.2110128379160321,7.0
stage11_ablation,dev,random_neurons_matched,ablation_random_control,42,macro_over_languages,243,9,0.40535101218238084,0.0011293579134920646,-0.012460777815652116,0.01585818251354894,0.012187449254536003,7.0,0.8360011777102881,-0.002263442046913577,-0.004459164231687237,-0.0001583674535596644,-0.12337587950958578,9,0.5753802557142949,-0.0002310487768539588,-0.0037389272308028854,0.003310185560180562,-0.00842397910148652,9,0.28267938403138776,0.00012444508771886165,-0.008661584766217601,0.01051747256911734,0.0018795338779100828,7.0
stage11_ablation,dev,random_neurons_matched,ablation_random_control,1337,macro_over_languages,243,9,0.4118823836324868,-0.0032542962564550255,-0.008596240348164018,0.000101571236574076,-0.09808860266892905,7.0,0.8238333051358024,0.0024617170452674894,-0.0018644252271604938,0.007499996066460902,0.06611009621305602,9,0.5790668543311471,0.0005396162579044361,-0.003032401639181422,0.0042533336071932165,0.017162155133499647,9,0.2864562461378167,-0.0018685733664741756,-0.005360890148896941,0.0005447878520371681,-0.08853974862812262,7.0
stage11_ablation,dev,random_neurons_matched,ablation_random_control,2024,macro_over_languages,243,9,0.4431389315126983,0.01092843576100529,-1.6272565805557547e-05,0.026779751938039675,0.10659676882541635,7.0,0.8225500781646091,-0.0012357986008230434,-0.0042683936646090515,0.0006928073271604971,-0.05563475493337409,9,0.5727257870785127,0.000567667760399216,-0.0009388043139832751,0.0025319265270522086,0.04261611978614321,9,0.3044435890656819,0.00457946042292339,0.00027898380051839453,0.010855748620487608,0.1184574161365191,7.0
stage11_ablation,dev,sae_replicated_features,ablation_sae_control,42,macro_over_languages,243,9,0.41318438573703703,0.008962731468148149,-0.01812729991239813,0.037346941510055555,0.04674207980384341,7.0,0.8294801886460906,-0.008784431111111112,-0.017555940106584362,-0.0016255679902263378,-0.1399723198986203,9,0.5732259493880347,-0.002385355103114088,-0.01029268370717815,0.004980588069554738,-0.038620239826906134,9,0.28606477650901035,0.0035098375653414256,-0.014366283799219138,0.02346358526393494,0.026125638942502624,7.0
stage11_ablation,dev,sae_replicated_features,ablation_sae_control,1337,macro_over_languages,243,9,0.4239556507571428,0.008818970868201059,-0.01567434787500924,0.033825317001048925,0.05124501206772642,7.0,0.8238246871193415,0.0024530990288065884,-0.006927962826337441,0.011811675079835387,0.031604625006907916,9,0.5809025942589736,0.0023753561857308564,-0.0025478219119862903,0.007917891917766777,0.05583264642222884,9,0.2958774987280796,0.007552679223788732,-0.008932539693218755,0.02664047445441049,0.05649801334358081,7.0
stage11_ablation,dev,sae_replicated_features,ablation_sae_control,2024,macro_over_languages,243,9,0.44200282506296296,0.009792329311269844,-0.01928568130886243,0.043016496092068784,0.044218749334338656,7.0,0.826826169493827,0.0030402927283950587,-0.003751231188580247,0.010470037115534974,0.050457533734973234,9,0.5711310137685254,-0.0010271055495881985,-0.0067851188966352085,0.00495426322363907,-0.022219409236134035,9,0.3021214308022902,0.0022573021595315946,-0.018287698743529757,0.02337276116842616,0.01567800159866256,7.0
stage11_ablation,dev,top_decoder_cross_heads,ablation_primary,42,macro_over_languages,243,9,0.6201313782665607,0.21590972399767194,0.15784636348150927,0.2767042483338717,0.5026262262260228,7.0,0.7636820026913581,-0.07458261706584361,-0.0919055954988683,-0.05976542756481482,-0.5515066414839225,9,0.5536749438430681,-0.021936360648080713,-0.037290148218305084,-0.0072977108432013705,-0.18142147211564963,9,0.3835401574128461,0.10098521846917723,0.06476766782018904,0.14041808255855714,0.36418526927092876,7.0
stage11_ablation,dev,top_decoder_cross_heads,ablation_primary,1337,macro_over_languages,243,9,0.570997803161111,0.15586112327216933,0.1059850414734233,0.2138465920695013,0.3937414108608697,7.0,0.7576204854567903,-0.06375110263374487,-0.07742681239886831,-0.05132654891584362,-0.5665366269228321,9,0.5461830817970043,-0.032344156276238496,-0.045746544486192066,-0.019490580247008713,-0.29263250040138195,9,0.3384040834220259,0.050079263917735074,0.015171258965339962,0.0870970320552142,0.19281557189260634,7.0
stage11_ablation,dev,top_decoder_cross_heads,ablation_primary,2024,macro_over_languages,243,9,0.5849371841297355,0.15272668837804232,0.09356863812825267,0.21130374784227507,0.3588728782232812,7.0,0.7555651578847739,-0.06822071888065845,-0.08394436975617284,-0.053059935934362146,-0.5116116604823364,9,0.5421687153687988,-0.029989403949314642,-0.04384967130593153,-0.016893654186724533,-0.2723128577411453,9,0.346515190343191,0.046651061700432365,0.0073918183680350994,0.08872362966134595,0.16335609813608784,7.0
stage11_ablation,dev,top_decoder_mlp_neurons,ablation_primary,42,macro_over_languages,243,9,0.39358053938275134,-0.010641114886137568,-0.039381069303648146,0.021469442779247352,-0.04790674197009392,7.0,0.8413374352016462,0.003072815444444447,-0.0025532522696502047,0.00865158347479424,0.06616184718669187,9,0.5779303174408891,0.002319012949740372,-0.002419353467775873,0.006752658939220758,0.05914148336746359,9,0.2751073149786704,-0.007447623964998537,-0.027536355128054735,0.013587805358986479,-0.05031217971835225,7.0
stage11_ablation,dev,top_decoder_mlp_neurons,ablation_primary,1337,macro_over_languages,243,9,0.4085119972179894,-0.0066246826709523785,-0.025383912091361108,0.010550655763312173,-0.052639178152798234,7.0,0.8238668068621399,0.0024952187716049366,-0.0028808946539094706,0.007694674860185182,0.06361681578944132,9,0.5769087227897876,-0.0016185152834551806,-0.005934355608121136,0.002357814241790343,-0.04918582085224508,9,0.28198696187629674,-0.006337857627994114,-0.021057163373732205,0.008787963465118292,-0.05850417840700513,7.0
stage11_ablation,dev,top_decoder_mlp_neurons,ablation_primary,2024,macro_over_languages,243,9,0.44032274998708987,0.008112254235396823,-0.013671669527787029,0.03093583987897752,0.052726713061628114,7.0,0.8249695274279837,0.0011836506625514415,-0.006932397831995879,0.009636958546810698,0.01663597233044855,9,0.5722418621341686,8.374281605506353e-05,-0.004016922630711785,0.004264022320284076,0.0024900066885120975,9,0.30157562432508056,0.0017114956823219682,-0.011427064757284859,0.014517832022646265,0.01851504025895457,7.0
stage11_ablation,dev,top_decoder_self_heads,ablation_primary,42,macro_over_languages,243,9,0.46588847489629626,0.061666820627407415,0.02090536480113095,0.10442269808631215,0.22039160618673934,7.0,0.8206359825349794,-0.01762863722222222,-0.026367578980041148,-0.009939116511316872,-0.2588477086406566,9,0.5731043866880007,-0.0025069178031480567,-0.010645647155175667,0.00597729146003004,-0.036820818198307015,9,0.3149045322417149,0.03234959329804597,0.006895157581975318,0.058498477097343585,0.17381151085895305,7.0
stage11_ablation,dev,top_decoder_self_heads,ablation_primary,1337,macro_over_languages,243,9,0.4715527071316931,0.056416027242751327,0.018081294161301588,0.09399370755262301,0.1933337276082939,7.0,0.8111367952633745,-0.010234792827160492,-0.022537664755864193,0.001361121875102882,-0.10829545188051348,9,0.5759463667755746,-0.002580871297668131,-0.01073448334666556,0.005931433405194949,-0.0392382370712575,9,0.3204028829538135,0.03207806344952265,0.0032826934552711087,0.06044807515473778,0.15193428303623838,7.0
stage11_ablation,dev,top_decoder_self_heads,ablation_primary,2024,macro_over_languages,243,9,0.4591897749038624,0.026979279152169317,-0.009880599037067443,0.06372725560532276,0.10333977558871128,7.0,0.8123933925349797,-0.011392484230452674,-0.021412395535390948,-0.0012949171291152274,-0.1385537638424323,9,0.5753482199437107,0.0031901006255970832,-0.004010680469805953,0.010617085580088894,0.05277675898936174,9,0.3048522588118597,0.004988130169101113,-0.021526765426418775,0.033142064260104895,0.026358123015527844,7.0
stage11_ablation,dev,top_encoder_components,ablation_primary,42,macro_over_languages,243,9,0.46343084949238084,0.05920919522349206,0.027042679546648154,0.09242358718165605,0.23981173842456413,7.0,0.8101406485432099,-0.028123971213991773,-0.04311213280915637,-0.015619310153086425,-0.23923043444895395,9,0.5719724013530479,-0.0036389031381008894,-0.01158515925609826,0.00451961015505611,-0.055645034370425756,9,0.323990771054963,0.041435832111294084,0.016856407395059038,0.06716518689648823,0.23060225008600277,7.0
stage11_ablation,dev,top_encoder_components,ablation_primary,1337,macro_over_languages,243,9,0.4438491241150265,0.02871244422608466,0.0014655504043412702,0.057099940420949735,0.14185931990508663,7.0,0.8030893445843622,-0.01828224350617284,-0.029383123311934167,-0.008624400734362145,-0.20411763037370012,9,0.5764569148881632,-0.0020703231850795023,-0.008655855348586613,0.004387335402952661,-0.04047344906837847,9,0.30656467203314464,0.01823985252885379,-0.004853052190256176,0.04313618763043904,0.11157976708964056,7.0
stage11_ablation,dev,top_encoder_components,ablation_primary,2024,macro_over_languages,243,9,0.4445172910202645,0.012306795268571433,-0.01947677903127777,0.045904847303720894,0.051232334331749944,7.0,0.8062275702757203,-0.017558306489711933,-0.030762722806172843,-0.006479033348045267,-0.17253221013785142,9,0.5731161201783158,0.0009580008602022361,-0.006750590597623628,0.008598249155354253,0.015558388532330188,9,0.3081355563234457,0.008271427680687086,-0.014321961638799174,0.031352596651504694,0.04686430549541387,7.0
stage11_ablation,dev,top_mean_diff_direction,ablation_primary,42,macro_over_languages,243,9,0.5344037535616402,0.13018209929275135,0.08140275260714157,0.1824111589619087,0.3491556920125923,7.0,0.7853343787407407,-0.052930241016460905,-0.06781918404279835,-0.03814383218693415,-0.43442030688355854,9,0.5536392820917193,-0.021972022399429414,-0.03496305933602093,-0.008158758400956435,-0.1941451619913414,9,0.3406884424744246,0.05813350353075569,0.020634158757238757,0.0935855796338312,0.2182153139527032,7.0
stage11_ablation,dev,top_mean_diff_direction,ablation_primary,1337,macro_over_languages,243,9,0.531134027290053,0.11599734740111109,0.0694547265088188,0.16163326210270768,0.34748519932509464,7.0,0.7862088348518519,-0.03516275323868314,-0.047973063354629635,-0.02422383484218108,-0.3453042443884891,9,0.5535865193327121,-0.024940718740530738,-0.036331252187238657,-0.01267040251933937,-0.2514001746506515,9,0.336283684430638,0.0479588649263472,0.01686593025589288,0.08209137560152999,0.20333249879558712,7.0
stage11_ablation,dev,top_mean_diff_direction,ablation_primary,2024,macro_over_languages,243,9,0.521610561073545,0.08940006532185185,0.03874726434966006,0.1405150049026693,0.24118278744572966,7.0,0.7824748448395062,-0.04131103192592593,-0.05495083321337449,-0.026622819543415645,-0.36609311467519096,9,0.5507749411364808,-0.02138317818163264,-0.03432264826736751,-0.008082679340763054,-0.20242448131239738,9,0.32527866753791235,0.0254145388951538,-0.011999128087864746,0.058726574939432834,0.09876996176380481,7.0
stage11_ablation,dev,top_probe_direction,ablation_primary,42,macro_over_languages,243,9,0.5822841254847618,0.17806247121587299,0.1189750315601032,0.2359448751879259,0.431466121407404,7.0,0.77130887718107,-0.06695574257613168,-0.08245625095658436,-0.05262465300082304,-0.512317232892886,9,0.5460999869456258,-0.029511317545523066,-0.04395257290764698,-0.013908457327912495,-0.24019540675533996,9,0.3570549590983992,0.07450002015473028,0.03785079835626502,0.11547332407060841,0.26398634597366305,7.0
stage11_ablation,dev,top_probe_direction,ablation_primary,1337,macro_over_languages,243,9,0.5744643497901057,0.15932766990116404,0.10395210226198415,0.21582150291788357,0.4047047639089633,7.0,0.7656299810041152,-0.05574160708641976,-0.0701457392738683,-0.04370736893127573,-0.49054965362655184,9,0.5463195023014833,-0.03220773577175955,-0.04795702117641027,-0.018253776994202806,-0.26295576704268475,9,0.3450644599917111,0.05673964048742026,0.020802697273076362,0.09464192815206604,0.21389001003194075,7.0
stage11_ablation,dev,top_probe_direction,ablation_primary,2024,macro_over_languages,243,9,0.5674301462581481,0.13521965050645507,0.07947648804592461,0.19135273054991797,0.33616336980860273,7.0,0.7593554414691359,-0.06443043529629632,-0.07971269588065842,-0.04901726227633746,-0.47457925234891624,9,0.5439755839390603,-0.028182535379053318,-0.04188849254828897,-0.015879888535723658,-0.25611100410549165,9,0.3434363818265328,0.04357225318377415,0.007238723616691548,0.08519587634447422,0.16091089822884863,7.0
stage11_ablation,test,language_detectors,ablation_primary,42,macro_over_languages,234,9,0.5118903468786264,0.006519964226098901,-0.029429717396770604,0.04004953459573214,0.026203520373826797,7.0,0.8399408092478633,0.006976793245299148,-0.0029748714183760665,0.0184240683591453,0.08148280799326393,9,0.5632954454702348,-0.0024044584858404112,-0.010231545197528114,0.004404317159168639,-0.04049685681092364,9,0.34971081137675986,0.005826086327550026,-0.019603079884780595,0.03318135324998161,0.031929087480135364,7.0
stage11_ablation,test,language_detectors,ablation_primary,1337,macro_over_languages,234,9,0.5042506983896703,-0.024938212654945058,-0.059874558349815934,0.00852838688845054,-0.10312001370854919,7.0,0.8331015283461538,-0.00014380944871794478,-0.00680105609668803,0.006722322020299148,-0.0026139088091088765,9,0.5695160711810833,0.0034181993295556647,-0.002335839836609464,0.00951193912868722,0.07130481948196386,9,0.34513314510408294,-0.01195769887224948,-0.034806294847495534,0.01141218410249823,-0.0736890418947297,7.0
stage11_ablation,test,language_detectors,ablation_primary,2024,macro_over_languages,234,9,0.48577666683170334,-0.01806758621335165,-0.04888075589129394,0.011850749509736224,-0.0800609131853066,7.0,0.8255908960683761,0.008262265350427348,0.0010498974384615361,0.016690590590598287,0.1310654674201801,9,0.5670023046823695,-0.0005212995270889523,-0.006402188348877176,0.005281326288904595,-0.010863079286433886,9,0.3328300230988139,-0.002911800636631566,-0.02313628225572962,0.01853293764081596,-0.019881440200358962,7.0
stage11_ablation,test,random_heads_matched,ablation_random_control,42,macro_over_languages,234,9,0.49577553493010984,-0.00959484772241758,-0.039759415194427196,0.018937397100313183,-0.048249906376586375,7.0,0.829637042534188,-0.00332697346837607,-0.010054376789957267,0.003474280505908118,-0.06256910671164426,9,0.562265825170132,-0.0034340787859430417,-0.008678248667575696,0.001524930532764135,-0.08398713366582408,9,0.3329205332915747,-0.010964191757635026,-0.03125680182985823,0.007299304116720733,-0.08269650466940077,7.0
stage11_ablation,test,random_heads_matched,ablation_random_control,1337,macro_over_languages,234,9,0.5289923093974176,-0.00019660164719780294,-0.0312750345819162,0.031462971818453284,-0.0008768271375405275,7.0,0.8231226322094017,-0.010122705585470083,-0.019145230820940173,-0.002523532061645298,-0.1440416561496504,9,0.5663388368766068,0.0002409650250791419,-0.006389475739981609,0.00697369201436879,0.004729643078586691,9,0.351456941592894,-0.005633902383438394,-0.02736604120159809,0.014023392342429353,-0.03921124635709149,7.0
stage11_ablation,test,random_heads_matched,ablation_random_control,2024,macro_over_languages,234,9,0.48196329117131875,-0.021880961873736268,-0.06230254927012361,0.017131006968859885,-0.07980240066720194,7.0,0.8239591279059829,0.00663049718803419,-0.002425876597222219,0.017781573257799145,0.07942421204597495,9,0.5532854172844274,-0.014238186925031076,-0.022363463803528327,-0.007052126038338141,-0.22662077112223086,9,0.3119336067671519,-0.023808216968293505,-0.05247871920863895,0.0005186283522772921,-0.1322365454709913,7.0
stage11_ablation,test,random_neurons_matched,ablation_random_control,42,macro_over_languages,234,9,0.501668870385055,-0.003701512267472526,-0.02235741619359889,0.014918428923701921,-0.028853438163713288,7.0,0.8341705423760685,0.0012065263735042732,-0.0013941775194764986,0.0040876025256089705,0.05778413350906381,9,0.5655356784619159,-0.0001642254941591774,-0.002208780162873862,0.0013167952203932266,-0.011382781182566425,9,0.3377192878397258,-0.0061654372094839555,-0.01888723782562772,0.004205617767918794,-0.07080415787553392,7.0
stage11_ablation,test,random_neurons_matched,ablation_random_control,1337,macro_over_languages,234,9,0.5238662134552747,-0.005322697589340659,-0.027230853970681312,0.01646868225706456,-0.03227556332307749,7.0,0.8320709614700855,-0.0011743763247863243,-0.00528295736282051,0.0028892800989316235,-0.03634828956610549,9,0.5652382126783566,-0.000859659173170977,-0.0031011700916049596,0.001220794732320697,-0.0491822307485641,9,0.35328106465663334,-0.003809779319699031,-0.019702175363280887,0.011182981665987636,-0.035203956741569016,7.0
stage11_ablation,test,random_neurons_matched,ablation_random_control,2024,macro_over_languages,234,9,0.5038923191996154,4.806615456044029e-05,-8.814361558791156e-05,0.00023955109468131824,0.04163981463737822,7.0,0.8180161054658119,0.000687474747863247,-0.004031916406730767,0.005985580030982905,0.018075795141726022,9,0.5666554372801959,-0.0008681669292626314,-0.00493628100668992,0.0031426939718672293,-0.027731802129583358,9,0.33825207893705045,0.0025102552016050012,-0.000434816987603613,0.007290496028859036,0.08205780392414433,7.0
stage11_ablation,test,sae_replicated_features,ablation_sae_control,42,macro_over_languages,234,9,0.5132692552795055,0.00789887262697802,-0.02025289286506593,0.03954062094622801,0.0388237250279901,7.0,0.8234428582705129,-0.009521157732051285,-0.019442898747489314,-0.0003763003148717935,-0.12688320137297326,9,0.5666078062299028,0.0009079022738276048,-0.0029143092244537827,0.005150744781548246,0.028502556290070927,9,0.34642016150761373,0.0025354364584039644,-0.01582339303479388,0.02120293369685557,0.018749045925647342,7.0
stage11_ablation,test,sae_replicated_features,ablation_sae_control,1337,macro_over_languages,234,9,0.5192561777375275,-0.009932733307087912,-0.037393302891052194,0.01646552811330495,-0.05463172051669316,7.0,0.8288285787307692,-0.00441675906410256,-0.009406932290598287,3.3923284935897454e-05,-0.12073244896523556,9,0.5651963169793521,-0.0009015548721755365,-0.005488779317996351,0.0034772716173291107,-0.02442406508004103,9,0.3460838995691003,-0.01100694440723211,-0.0314504025756044,0.0053411511339054515,-0.08950528869990865,7.0
stage11_ablation,test,sae_replicated_features,ablation_sae_control,2024,macro_over_languages,234,9,0.5159793670809342,0.012135114035879118,-0.00690864277175275,0.032543375646276095,0.08577241997016946,7.0,0.8209066990555556,0.003578068337606838,-0.00415965017852564,0.013063653851923082,0.05211611449760184,9,0.5646337019426977,-0.002889902266760771,-0.00757678878751403,0.0007742359578803988,-0.08664278500156779,9,0.34011868325644246,0.004376859520997029,-0.006494234420865824,0.01712605361349783,0.05067974359931909,7.0
stage11_ablation,test,top_decoder_cross_heads,ablation_primary,42,macro_over_languages,234,9,0.5993332023697803,0.09396281971725275,0.04255179796470878,0.14758266751089286,0.2499591473342326,7.0,0.7692307392529913,-0.06373327674957266,-0.081397877693953,-0.04836061169180557,-0.44379924483853234,9,0.5341408636204231,-0.03155904033565197,-0.04576361031734135,-0.017222684254169597,-0.2596671849623864,9,0.35620036561447804,0.012315640565268274,-0.021865972374348557,0.048244390210338536,0.052003969565341104,7.0
stage11_ablation,test,top_decoder_cross_heads,ablation_primary,1337,macro_over_languages,234,9,0.5763890373454396,0.04720012630082417,-0.006720361943352996,0.1051458340339038,0.12371848266055578,7.0,0.7581365241025642,-0.0751088136923077,-0.09440935899487181,-0.05766549738290599,-0.48946964981679214,9,0.534479748452319,-0.03161812339920864,-0.04740260809196535,-0.01680211153371224,-0.2584161313729064,9,0.3512710968260012,-0.005819747150331194,-0.040105000211740606,0.029162365990210302,-0.02245260501188964,7.0
stage11_ablation,test,top_decoder_cross_heads,ablation_primary,2024,macro_over_languages,234,9,0.6355101009160441,0.131665847870989,0.0774756979919588,0.18530734073665245,0.3349526847045729,7.0,0.7585183801068377,-0.058810250611111115,-0.07478245098002136,-0.04329577948664531,-0.44023725647563056,9,0.5319605694764413,-0.03556303473301713,-0.04984899495131292,-0.021902635327148628,-0.3154895402144838,9,0.3725027940496162,0.03676097031417089,0.00047084355894921713,0.07280235730242235,0.14400009702668767,7.0
stage11_ablation,test,top_decoder_mlp_neurons,ablation_primary,42,macro_over_languages,234,9,0.49927715813032975,-0.006093224522197803,-0.021950493149239005,0.008762988537395605,-0.052293167627808515,7.0,0.8293723145119659,-0.0035917014905982913,-0.015234552835758548,0.006882334921698717,-0.04117922013039629,9,0.5661514091312958,0.00045150517522058603,-0.0019883449744382852,0.0035558578143061437,0.02017662234740018,9,0.340818040634341,-0.003066684414868744,-0.012941261404898291,0.005051480179880746,-0.04516640892051546,7.0
stage11_ablation,test,top_decoder_mlp_neurons,ablation_primary,1337,macro_over_languages,234,9,0.49022879609560444,-0.03896011494901099,-0.07020036183360301,-0.01533185243039974,-0.20797019014062573,7.0,0.8373334832350426,0.00408814544017094,-0.0005129526737179466,0.00959967890694444,0.10920570024909688,9,0.5662333324245067,0.00013546057297901862,-0.0029424133036412437,0.003184876010995641,0.005519428688757328,9,0.33239622090072124,-0.024694623075611138,-0.046011089461743156,-0.006656114629234548,-0.18213161637881733,7.0
stage11_ablation,test,top_decoder_mlp_neurons,ablation_primary,2024,macro_over_languages,234,9,0.48423352834,-0.019610724705054944,-0.04203247370169642,-1.226598549175817e-05,-0.13008707741984032,7.0,0.8195585778418802,0.0022299471239316223,-0.0031186740519230736,0.008071376657585467,0.0491480681872531,9,0.563978565051613,-0.00354503915784535,-0.007112217714962831,-0.0005960493350589045,-0.13924451583679667,9,0.32140643719453094,-0.014335386540914541,-0.03387121548746236,0.0006980921378709929,-0.11515720098788856,7.0
stage11_ablation,test,top_decoder_self_heads,ablation_primary,42,macro_over_languages,234,9,0.5437562582513736,0.03838587559884615,2.036870756594566e-05,0.07723153422756729,0.13846622494260455,7.0,0.8161420138589743,-0.016822002143589747,-0.02860740568814103,-0.005803657461858976,-0.1808751448497091,9,0.5583627522100563,-0.007337151746018795,-0.016626342300050393,0.0006724085627753902,-0.10898611559413013,9,0.36125667494341895,0.01737194989420918,-0.008894490548876512,0.043925684304331906,0.09710347768171697,7.0
stage11_ablation,test,top_decoder_self_heads,ablation_primary,1337,macro_over_languages,234,9,0.5494212479847254,0.020232336940109886,-0.011879387649145598,0.05324881392919092,0.08732988150566884,7.0,0.8165314061683759,-0.016713931626495728,-0.02681365452066239,-0.007295553501741452,-0.21675752168643198,9,0.5588086781725523,-0.007289193678975453,-0.015882321496534915,0.0007486257421417078,-0.10897460680692878,9,0.3582049604201059,0.0011141164437735145,-0.02379342867097848,0.025159541256003917,0.006452314001862301,7.0
stage11_ablation,test,top_decoder_self_heads,ablation_primary,2024,macro_over_languages,234,9,0.5409724245667034,0.03712817152164835,0.004720107097336542,0.07606515450807967,0.1455886104420779,7.0,0.8127208663504273,-0.004607764367521368,-0.016280574314529908,0.006793073774786313,-0.05011130677792626,9,0.5555922834002862,-0.01193132080917215,-0.022048170772056258,-0.0026675695044569856,-0.15765312228824988,9,0.34722872485874995,0.011486901123304505,-0.011488757990162383,0.035573818938622506,0.06666705866349656,7.0
stage11_ablation,test,top_encoder_components,ablation_primary,42,macro_over_languages,234,9,0.5337993635348351,0.02842898088230769,-0.0058060948566661975,0.06398770357185712,0.11284350935801399,7.0,0.8112086762769232,-0.02175533972564103,-0.03617118508662393,-0.009165591989508554,-0.18902670263548085,9,0.5694861662170958,0.003786262261020753,-0.0026496051387208115,0.010884231029421964,0.07155855522541107,9,0.36247225409085027,0.01858752904164054,-0.00619537586740136,0.04429027973987293,0.10342698510464673,7.0
stage11_ablation,test,top_encoder_components,ablation_primary,1337,macro_over_languages,234,9,0.5430339946954397,0.013845083650824179,-0.014771335842629118,0.043912548003553556,0.0682949275099418,7.0,0.8105610141196581,-0.022684323675213672,-0.03923043641666665,-0.008814651756196584,-0.18192321798326536,9,0.5692284629141957,0.0031305910626681288,-0.004297232465989748,0.011350741131742793,0.05022982614211022,9,0.3653627121005051,0.008271868124172686,-0.009273319316135663,0.027481421905938268,0.05989229404800111,7.0
stage11_ablation,test,top_encoder_components,ablation_primary,2024,macro_over_languages,234,9,0.5206968747978572,0.016852621752802194,-0.018073953722552192,0.05256655603596429,0.06651089633348799,7.0,0.807435554128205,-0.00989307658974359,-0.01939097491634615,-0.00031623459465812356,-0.1324689830633859,9,0.5648524045111243,-0.002671199698334206,-0.008572027208103112,0.003267951855059469,-0.052887364117320375,9,0.3568832227061446,0.021141398970699183,0.0010033069527106218,0.04610361905070945,0.1351341176535467,7.0
stage11_ablation,test,top_mean_diff_direction,ablation_primary,42,macro_over_languages,234,9,0.5459748756788462,0.04060449302631869,-0.000960998182369502,0.08826272796155771,0.12547659520559593,7.0,0.7949169571692308,-0.03804705883333333,-0.05437895727341881,-0.02306151031547009,-0.29427085536789727,9,0.5456210738297252,-0.020078830126349888,-0.03160883836685718,-0.009341648693668079,-0.22934302125053008,9,0.3446555670356024,0.0007708419863926575,-0.02898253018974538,0.03163412703566023,0.003656695015075402,7.0
stage11_ablation,test,top_mean_diff_direction,ablation_primary,1337,macro_over_languages,234,9,0.5836205703912088,0.054431659346593414,0.009424618840339292,0.10422803193525684,0.15408919458092293,7.0,0.7869322114444445,-0.04631312635042734,-0.06316495155491451,-0.03107850201559829,-0.3680196571924283,9,0.5487193051638838,-0.017378566687643895,-0.028749957016536046,-0.005122938849374886,-0.1753885879968721,9,0.3684626895216531,0.011371845545320735,-0.019663557854702356,0.04279203848166837,0.04787694014322817,7.0
stage11_ablation,test,top_mean_diff_direction,ablation_primary,2024,macro_over_languages,234,9,0.5790406170433516,0.0751963639982967,0.024593816406017863,0.12509417721889837,0.20712212828185372,7.0,0.7795892144957266,-0.037739416222222225,-0.05118057329946583,-0.024190181810576934,-0.3287375299711423,9,0.5362066607747911,-0.03131694343466732,-0.045235206808006384,-0.018123265649915104,-0.30170788918952585,9,0.3558866456675806,0.02014482193213514,-0.018069148000732456,0.053862781858223255,0.08392395918533638,7.0
stage11_ablation,test,top_probe_direction,ablation_primary,42,macro_over_languages,234,9,0.5924970697275824,0.08712668707505494,0.037182866169083804,0.1383767143331112,0.2273884828350272,7.0,0.772339722725641,-0.06062429327692308,-0.07707780457382479,-0.04493752650363249,-0.4393406371237046,9,0.5335191647366617,-0.032180739219413466,-0.04650277421481334,-0.01702156002915487,-0.2591200665197248,9,0.3607057455475137,0.01682102049830403,-0.021414659835502958,0.05513773351430348,0.06409272980618776,7.0
stage11_ablation,test,top_probe_direction,ablation_primary,1337,macro_over_languages,234,9,0.5839615157729121,0.054772604728296696,0.007562879041597537,0.10864470100609473,0.15369909029513207,7.0,0.767866879051282,-0.06537845874358975,-0.08381275159850426,-0.04866177809636752,-0.44698640880916657,9,0.5347961590226188,-0.03130171282890886,-0.04664373048229416,-0.016468523371292173,-0.2487410254541488,9,0.35183974068423063,-0.005251103292101794,-0.04071901280546273,0.030616760673930182,-0.02207700048014497,7.0
stage11_ablation,test,top_probe_direction,ablation_primary,2024,macro_over_languages,234,9,0.6184896748273078,0.11464542178225273,0.05983275502835992,0.1703912867822308,0.2954066620830471,7.0,0.7504551851965813,-0.06687344552136752,-0.08272408399391026,-0.05180277493226496,-0.49784264192822414,9,0.522389306453543,-0.045134297755915466,-0.06080816141581817,-0.030702214390524642,-0.3605859091870243,9,0.34956971261564435,0.013827888880198902,-0.021730454791970305,0.04765365501392323,0.05557992164085188,7.0
stage13_steering,dev,decoder/mean_diff/per_language@+0.25,steering_primary,42,macro_over_languages,243,9,0.4051992559475661,0.0009776807667195764,-0.012461347068193122,0.015394007244051593,0.010743976596199134,7.0,0.8396926488765433,0.0014280222222222232,-0.00011947237860081877,0.00361770647942387,0.08429495799685664,9,0.5749865482984925,-0.0006247561926562913,-0.0014313082287288996,-4.1463443071089115e-05,-0.10409541473967476,9,0.28300924897918933,0.0004543136997254436,-0.0077444829389463135,0.010017356431794985,0.007510442292220032,7.0
stage13_steering,dev,decoder/mean_diff/per_language@+0.25,steering_primary,1337,macro_over_languages,243,9,0.4151895443986772,5.2921904761904445e-05,0.0,0.0001586576190476183,0.07288881479838119,7.0,0.8218472451069959,0.0004756548024691322,8.888683123552316e-09,0.001068451738991769,0.11129752599377198,9,0.5790764586475576,0.0005492205743149603,0.0,0.0013537990495468975,0.10587446744794463,9,0.28911185042444276,0.0007870232622316355,-4.897807342371262e-09,0.0020618266495718972,0.10027627829789464,7.0
stage13_steering,dev,decoder/mean_diff/per_language@+0.25,steering_primary,2024,macro_over_languages,243,9,0.43219805419910057,-1.2326727354496794e-05,-3.697632134523783e-05,-5.055291002461671e-10,-0.07275280720903138,7.0,0.8239035556748971,0.00011767150205761069,-3.175617286906467e-09,0.0003530104742798349,0.06415281208491881,9,0.5719860509260184,-0.000172068392095168,-0.000516205176285504,0.0,-0.06415002990995843,9,0.2998545138764034,-9.528031444103295e-06,-2.8584966636887206e-05,3.2492644061332636e-09,-0.07274829824327375,7.0
stage13_steering,dev,decoder/mean_diff/per_language@+0.50,steering_primary,42,macro_over_languages,243,9,0.4104821706124338,0.006260595431587302,-0.008307982636351852,0.025960033083222228,0.05379291431560824,7.0,0.8395922792469136,0.0013276525925925936,-0.0002487150421810679,0.003837723720164607,0.07704919684540547,9,0.5754326162707478,-0.00017868822040101193,-0.001097787938850048,0.0007182991727862238,-0.023480599027446522,9,0.2865989962094578,0.004044060929993875,-0.00571803619836853,0.01447314914497056,0.05181558501182081,7.0
stage13_steering,dev,decoder/mean_diff/per_language@+0.50,steering_primary,1337,macro_over_languages,243,9,0.41518952894264555,5.290644873015836e-05,-4.4907443121743574e-08,0.00015864850395634747,0.07286740414418666,7.0,0.8235405793456791,0.0021689890411522653,0.00030506996327160364,0.004636363782716051,0.11314772066173029,9,0.580414683167045,0.0018874450938024003,0.0001338439294634986,0.004704817147605464,0.08787254366537225,9,0.28911183562562004,0.0007870084634088923,-3.078959213013652e-08,0.0020618083624956807,0.10027433448015408,7.0
stage13_steering,dev,decoder/mean_diff/per_language@+0.50,steering_primary,2024,macro_over_languages,243,9,0.4321980493389947,-1.2331587460317746e-05,-3.6986357416667526e-05,4.177746030776099e-09,-0.07278160767079186,7.0,0.8239035636378601,0.00011767946502057502,5.013374485439335e-09,0.0003530174907407392,0.06415703613389158,9,0.5719860509260184,-0.000172068392095168,-0.000516205176285504,0.0,-0.06415002990995843,9,0.2998545115318294,-9.530376018079036e-06,-2.85946441869696e-05,5.389771357010139e-09,-0.07276626042544664,7.0
stage13_steering,dev,decoder/mean_diff/per_language@+1.00,steering_primary,42,macro_over_languages,243,9,0.4051982081243386,0.000976632943492064,-0.018875013504730156,0.020978938235502644,0.007106154874207234,7.0,0.8397091415514405,0.0014445148971193424,-0.0003949811203703701,0.0038942380411522634,0.08006922034082689,9,0.575715704639277,0.00010440014812823582,-0.0009991749765772269,0.0012523388479253063,0.011775276598289546,9,0.2825376536353165,-1.728164414742332e-05,-0.01456253473873607,0.013761137865742406,-0.00017720057778615426,7.0
stage13_steering,dev,decoder/mean_diff/per_language@+1.00,steering_primary,1337,macro_over_languages,243,9,0.40990183976386246,-0.005234782730052908,-0.015861655934214285,0.00015540818000793672,-0.07202318064937883,7.0,0.8237275044485597,0.002355914144032924,0.0002652764275720184,0.004795285272530866,0.11825490511987613,9,0.5802358706912002,0.0017086326179574934,-0.00014331231866011586,0.004720032290935249,0.07882710041186348,9,0.28536222843420334,-0.0029625987280078024,-0.013213917787934943,0.001883611397507171,-0.05499333515012542,7.0
stage13_steering,dev,decoder/mean_diff/per_language@+1.00,steering_primary,2024,macro_over_languages,243,9,0.43219823014238085,-1.2150784074073238e-05,-3.694495159391397e-05,3.877739338626098e-07,-0.07170395391154678,7.0,0.8254845207983539,0.0016986366255144047,0.00011767134876542971,0.0042719179753086456,0.0937950440053061,9,0.5726364846052806,0.00047836528716701653,-0.00047908048579954805,0.0019521812234910881,0.047728030005531254,9,0.300811051294353,0.0009470093865054461,-2.8540721372573876e-05,0.0028695761207633017,0.072010802581501,7.0
stage13_steering,dev,decoder/mean_diff/per_language@-0.50,steering_primary,42,macro_over_languages,243,9,0.40422034810328045,-1.2270775661373337e-06,-3.501598103174449e-06,-1.8735007936123467e-08,-0.08212466674789252,7.0,0.8384018661193415,0.0001372394650205758,-9.344650207541734e-09,0.00036133240432098497,0.08783238237677322,9,0.5758042330101268,0.0001929285189780024,0.0,0.0004967978876572832,0.08989490643076661,9,0.2825544425517855,-4.927276784149098e-07,-1.4038378972155834e-06,7.754744182131843e-09,-0.08078734625573618,7.0
stage13_steering,dev,decoder/mean_diff/per_language@-0.50,steering_primary,1337,macro_over_languages,243,9,0.41515489355814816,1.8271064232804105e-05,-3.5585820105820733e-08,5.00540846560844e-05,0.09303061416238402,7.0,0.8200883221851852,-0.0012832681193415657,-0.00396208718899177,0.00034607911923868376,-0.0679481640668043,9,0.5786132172939343,8.597922069158192e-05,-0.0009947658321650876,0.0011071071607484312,0.009817450857970889,9,0.28862401947343524,0.00029919231122416953,-5.859195046417312e-07,0.0008860244918931419,0.07568765555885522,7.0
stage13_steering,dev,decoder/mean_diff/per_language@-0.50,steering_primary,2024,macro_over_languages,243,9,0.4325899731959788,0.0003795922695238099,-1.5673628134918842e-06,0.0011404265804695773,0.07263002393702285,7.0,0.8232891346584363,-0.0004967495144032932,-0.0011690170348765427,-1.2128595781894015e-05,-0.10335740160366282,9,0.5713412028901889,-0.0008169164279246906,-0.002882259916125145,0.0004239158717658418,-0.05983483746232995,9,0.29983038261901074,-3.365928883675232e-05,-0.001003307568135022,0.0009033357794550001,-0.00542425149199596,7.0
stage13_steering,dev,decoder/mean_diff/per_language@-1.00,steering_primary,42,macro_over_languages,243,9,0.4047347054660847,0.000513130285238094,-1.3345687719578125e-05,0.0015560588729285696,0.07194404277648828,7.0,0.8388735280946503,0.0006089014403292144,-0.0007401315895061775,0.0027528228549382676,0.04279374807530578,9,0.5767903687658716,0.001179064274722773,-5.402325945492483e-05,0.0033008971447095834,0.07586987959765852,9,0.2826725943767726,0.00011765909730871842,-0.0001103489964110994,0.0005179850628667113,0.04713836720733826,7.0
stage13_steering,dev,decoder/mean_diff/per_language@-1.00,steering_primary,1337,macro_over_languages,243,9,0.4151550016533863,1.8379159470899134e-05,-1.7792910052910367e-08,5.016217989417943e-05,0.09358313999563968,7.0,0.8208392373744856,-0.0005323529300411536,-0.0032576371474279846,0.0014686415990740724,-0.026393361080719224,9,0.5791716939524942,0.0006444558792515037,-0.0007559672361541315,0.0020176639677212792,0.05748507316884825,9,0.28911180048423313,0.0007869733220220287,-2.9113512664192985e-07,0.0020377454279419446,0.10134349712038865,7.0
stage13_steering,dev,decoder/mean_diff/per_language@-1.00,steering_primary,2024,macro_over_languages,243,9,0.4220877925657673,-0.01012258836068783,-0.025929445784187825,0.00041978693041401407,-0.09917247002756929,7.0,0.8237552071975308,-3.067697530864226e-05,-0.000941512936213991,0.0008557756769547326,-0.004057006153031706,9,0.5702537272874713,-0.0019043920306423383,-0.0043188084302935624,1.9473745090318382e-07,-0.10264704129125034,9,0.2908284301829933,-0.009035611724854167,-0.02280232259374871,0.00030681802866178127,-0.10299503680527942,7.0
stage13_steering,dev,decoder/mean_diff/pooled_african@+0.25,steering_primary,42,macro_over_languages,243,9,0.40519951929021164,0.000977970976507938,-0.012460764160302909,0.01539482980431349,0.010747156888047288,7.0,0.839447063835391,0.0011824410905349773,-0.0001908505314814819,0.0035816897427983514,0.0715752779444223,9,0.5750168593560708,-0.0005944451350779676,-0.0014232027007483915,-1.1152385492765379e-05,-0.0993032549339052,9,0.283009203393313,0.0004542935510082851,-0.008348101766651657,0.010016874579455038,0.007510101752790154,7.0
stage13_steering,dev,decoder/mean_diff/pooled_african@+0.25,steering_primary,1337,macro_over_languages,243,9,0.4151895443986772,5.2921904761904445e-05,0.0,0.0001586576190476183,0.07288881479838119,7.0,0.8218472442386832,0.0004756417654321021,-9.013374481315058e-09,0.001084481689917697,0.11129398765499086,9,0.5790764586475576,0.0005492205743149603,0.0,0.001366720793399663,0.10587446744794463,9,0.2891118518529563,0.0007870224906095456,-6.0831019814805685e-09,0.002250370180491972,0.10027599572846523,7.0
stage13_steering,dev,decoder/mean_diff/pooled_african@+0.25,steering_primary,2024,macro_over_languages,243,9,0.4321980567538095,-1.2321895555555948e-05,-3.69899609828049e-05,4.1129621693283696e-08,-0.07272396638529442,7.0,0.8239035531440331,0.00011767136625514637,-2.2232510263117584e-09,0.00035300845401234837,0.06415273773823232,9,0.5719860509260184,-0.000172068392095168,-0.000516205176285504,0.0,-0.06415002990995843,9,0.29985451685584225,-9.524657676973534e-06,-2.8592906934977978e-05,3.0131941496661315e-08,-0.07272224325861228,7.0
stage13_steering,dev,decoder/mean_diff/pooled_african@+0.50,steering_primary,42,macro_over_languages,243,9,0.40572039091190476,0.0014988425982010588,-0.017222994600511906,0.020984754586857137,0.011205708201770958,7.0,0.8408176552962963,0.002553032551440329,-0.00021175274485597212,0.006742742425925928,0.08996159971359634,9,0.5763546841766565,0.0007433796855076175,-0.0008168768176918677,0.002873726035367968,0.04690254938532676,9,0.2847153289631238,0.0021604191208191106,-0.00813781083164885,0.013806316359850341,0.026242860558242626,7.0
stage13_steering,dev,decoder/mean_diff/pooled_african@+0.50,steering_primary,1337,macro_over_languages,243,9,0.415189580500582,5.295800666666676e-05,-7.447870369881657e-10,0.00015870443803968172,0.07293878428751666,7.0,0.8235405788477367,0.002168976374485599,0.0002870358024691361,0.004842416463477367,0.11314708436165317,9,0.580414683167045,0.0018874450938024003,0.00013269135166191798,0.0049664354771110945,0.08787254366537225,9,0.2891118833622732,0.000787053999926466,-2.995526807998756e-09,0.0020618323724111843,0.10028005080869343,7.0
stage13_steering,dev,decoder/mean_diff/pooled_african@+0.50,steering_primary,2024,macro_over_languages,243,9,0.43219807739608473,-1.2301253280423568e-05,-3.697278637830717e-05,6.111259259285452e-08,-0.07260156821890013,7.0,0.8239035527325103,0.00011767095473251192,-2.5118312741920935e-09,0.000353007001543212,0.06415251247175793,9,0.5719860509260184,-0.000172068392095168,-0.0005205068860878793,0.0,-0.06415002990995843,9,0.2998545302515206,-9.511261998636227e-06,-2.8579339523341227e-05,4.13398749833122e-08,-0.07261950307898542,7.0
stage13_steering,dev,decoder/mean_diff/pooled_african@+1.00,steering_primary,42,macro_over_languages,243,9,0.40043537341359786,-0.0037861749001058204,-0.02476915868460582,0.016223406808182534,-0.024866240847338943,7.0,0.841034975872428,0.0027703531275720165,-0.00012932132098765372,0.006595091516460907,0.09612372721795577,9,0.576413193561324,0.0008018890701752786,-0.0008419079255173892,0.003235689795211309,0.049780777324621,9,0.2806532093374403,-0.0019017005048643793,-0.016321744965146944,0.011971832951934974,-0.018846460610788044,7.0
stage13_steering,dev,decoder/mean_diff/pooled_african@+1.00,steering_primary,1337,macro_over_languages,243,9,0.41518948386349197,5.286136957672e-05,-2.9502007711627354e-06,0.00016006185696693315,0.0727517129155629,7.0,0.8234813625925927,0.002109760119341566,0.00012522843220164946,0.004735673109773666,0.10675578573033136,9,0.5802599855195285,0.0017327474462857093,-0.00017746647095912888,0.0046758841931668245,0.07992325410687326,9,0.289119724932457,0.0007948955701102664,-0.00010123869968323604,0.0021280605275870996,0.09799189255357647,7.0
stage13_steering,dev,decoder/mean_diff/pooled_african@+1.00,steering_primary,2024,macro_over_languages,243,9,0.4321986819549206,-1.1696694444445004e-05,-3.6972252314815374e-05,1.880528538359511e-06,-0.0689265688416907,7.0,0.8252339202016462,0.001448038423868315,9.17880658526469e-09,0.003918019336111111,0.08179001019503669,9,0.5720231756165044,-0.00013494370160921205,-0.0005903610322669501,0.00014845199944859094,-0.04527134940411856,9,0.29985459383689317,-9.447676626001784e-06,-2.858188295804509e-05,2.3357927123406128e-07,-0.07212910777672124,7.0
stage13_steering,dev,decoder/mean_diff/pooled_african@-0.50,steering_primary,42,macro_over_languages,243,9,0.4042196196568783,-1.9286568253965963e-06,-4.849981416666506e-06,1.2539187831140214e-08,-0.11034557383353713,7.0,0.8385970523292181,0.00033242958436213824,-1.0596810701820608e-08,0.0009104415664609056,0.08197470052009714,9,0.5756919342832717,8.062979212295466e-05,-6.062211515664748e-05,0.0003328225491038352,0.04492747190274343,9,0.2825544732879345,-4.36554370202355e-07,-1.4349088699028131e-06,1.5789473882866668e-07,-0.06996795555825035,7.0
stage13_steering,dev,decoder/mean_diff/pooled_african@-0.50,steering_primary,1337,macro_over_languages,243,9,0.4151410399391006,4.417445185185077e-06,-1.131746031745974e-06,1.4419667407407025e-05,0.06653494141319909,7.0,0.8203042023086421,-0.0010674001646090497,-0.003832039900205755,0.0006485765041152297,-0.055815279888643245,9,0.5789601746554169,0.0004329365821741298,-0.0008202244998876541,0.001658043660076342,0.04311899956597299,9,0.2886115846070327,0.00028675524468587527,-1.1772141638456762e-06,0.0008691693184361145,0.07258949032651853,7.0
stage13_steering,dev,decoder/mean_diff/pooled_african@-0.50,steering_primary,2024,macro_over_languages,243,9,0.4325977664398942,0.0003873877905290999,-1.0111356547634523e-06,0.001163159324515871,0.07411433011586332,7.0,0.8236223256954732,-0.000163556082304525,-0.0004840542257201631,1.0735126028808633e-05,-0.0666876814973817,9,0.5723499245330078,0.00019180521489435342,-6.016605678934762e-05,0.0006355817014724079,0.05779651177033015,9,0.30017211007177974,0.00030806855826053474,-4.99364392975286e-07,0.0009246988542659533,0.07432556425784989,7.0
stage13_steering,dev,decoder/mean_diff/pooled_african@-1.00,steering_primary,42,macro_over_languages,243,9,0.4098901080871958,0.005668559773492064,-4.110030599206495e-06,0.016908199759415345,0.08042532346197344,7.0,0.8388826723703705,0.0006180496255144027,-0.0009851433605967083,0.002574759152880657,0.04025115924391957,9,0.5759587196052952,0.00034741511414644615,-0.00014440118063076008,0.0010428265464000617,0.07158014020027863,9,0.28445332142485696,0.0018984115825522647,-7.866098663572609e-05,0.005656285078966504,0.07853401402424852,7.0
stage13_steering,dev,decoder/mean_diff/pooled_african@-1.00,steering_primary,1337,macro_over_languages,243,9,0.4147321569304762,-0.00040446556343915347,-0.0012671090087486778,4.4523817046295896e-05,-0.0695961598025016,7.0,0.8201633851481482,-0.0012082173251028762,-0.0038139184537037017,0.0008718191594650235,-0.06058645785844912,9,0.5782421055874131,-0.0002851324858295894,-0.0023968990203268505,0.0015139707776526182,-0.018553916667250488,9,0.28821238784556413,-0.00011244151678264084,-0.0012222048268122163,0.0008732927280580793,-0.016253694297997643,7.0
stage13_steering,dev,decoder/mean_diff/pooled_african@-1.00,steering_primary,2024,macro_over_languages,243,9,0.42338357211492056,-0.008826806534444445,-0.02365204987523148,0.0007675434234947088,-0.09767595900860308,7.0,0.8239991339670781,0.0002132521893004134,-0.0008163396314814806,0.0012724832442386833,0.025156831088776848,9,0.571447098880431,-0.0007110204376826083,-0.0031588642113111057,0.001578445495028809,-0.03469162622318522,9,0.29301484897149016,-0.006849192542028976,-0.01853740630748043,0.0006028430159101997,-0.09331176597806973,7.0
stage13_steering,dev,decoder/mean_diff/pooled_all_balanced@+0.25,steering_primary,42,macro_over_languages,243,9,0.4051995043835449,0.0009779791695238094,-0.011482861847325396,0.015394692483501326,0.010747246932065222,7.0,0.8394470734032923,0.0011824507407407418,-0.00022234664814814703,0.003403222318930043,0.07157587348732845,9,0.5750168593560708,-0.0005944451350779676,-0.0014498382414870517,-1.1152385492765379e-05,-0.0993032549339052,9,0.2830091937056763,0.0004543041623359926,-0.008348081578171894,0.01001690397223205,0.0075102780076788285,7.0
stage13_steering,dev,decoder/mean_diff/pooled_all_balanced@+0.25,steering_primary,1337,macro_over_languages,243,9,0.4151895271868255,5.290469291005275e-05,-4.243377777757394e-08,0.0001586757873214276,0.07286497288188355,7.0,0.8218472412386832,0.0004756475267489731,1.268518521571572e-09,0.0010682383362139926,0.11129538800174289,9,0.5790764586475576,0.0005492205743149603,0.0,0.0012464464666737715,0.10587446744794463,9,0.28911183359850956,0.0007870054951318214,-4.586470312031523e-08,0.002061795343240886,0.10027380833759746,7.0
stage13_steering,dev,decoder/mean_diff/pooled_all_balanced@+0.25,steering_primary,2024,macro_over_languages,243,9,0.43219805419910057,-1.2325009682539406e-05,-3.6974398664020614e-05,4.583333332386519e-12,-0.07274261594377898,7.0,0.8239035564979424,0.00011767359670781738,1.0679012247610871e-10,0.0003530118460905345,0.06415395879111054,9,0.5719860509260184,-0.000172068392095168,-0.000516205176285504,0.0,-0.06415002990995843,9,0.2998545141818751,-9.527865912786241e-06,-2.858457736602461e-05,2.171632319960644e-09,-0.07274702897654817,7.0
stage13_steering,dev,decoder/mean_diff/pooled_all_balanced@+0.50,steering_primary,42,macro_over_languages,243,9,0.4104824190738095,0.006260893859788361,-0.008307315940513227,0.025808685824898144,0.05379545759469152,7.0,0.839346703074074,0.0010820804115226348,-0.00044451218312757245,0.0034310684269547313,0.06434639566427966,9,0.5754629273283262,-0.00014837716282268819,-0.001152278275761523,0.0008289490477594259,-0.019533724446512354,9,0.2865989407238114,0.004044051180471161,-0.005718455758103389,0.014976861685377929,0.05181542893430569,7.0
stage13_steering,dev,decoder/mean_diff/pooled_all_balanced@+0.50,steering_primary,1337,macro_over_languages,243,9,0.41518952896560857,5.290647169312132e-05,-3.789659920536917e-08,0.0001585727488174597,0.07286743593961895,7.0,0.8235405796748971,0.0021689859629629655,0.00017011613713992108,0.004893042897325105,0.11314758644218072,9,0.580414683167045,0.0018874450938024003,0.00013153877386033736,0.004850372614230067,0.08787254366537225,9,0.2891118350991932,0.000787006995815482,-3.9425675951073e-08,0.0020618086148410856,0.10027400147563964,7.0
stage13_steering,dev,decoder/mean_diff/pooled_all_balanced@+0.50,steering_primary,2024,macro_over_languages,243,9,0.43219805269878303,-1.2326510000000575e-05,-3.6981168638889674e-05,1.0364681215750263e-08,-0.07275147848865939,7.0,0.8239035632263375,0.00011768032510288068,4.049794238494318e-09,0.0003530211898148159,0.06415750696731849,9,0.5719860509260184,-0.000172068392095168,-0.000516205176285504,0.0,-0.06415002990995843,9,0.29985451386924644,-9.528178541432877e-06,-2.8589541769042182e-05,8.660936859966935e-09,-0.07274939217973148,7.0
stage13_steering,dev,decoder/mean_diff/pooled_all_balanced@+1.00,steering_primary,42,macro_over_languages,243,9,0.4004351722913757,-0.003786352922645502,-0.023641561776277773,0.018323462369306872,-0.024867410759983374,7.0,0.8413865322098766,0.003121909547325104,0.0001575791748971201,0.007120569390946505,0.1073329068895771,9,0.5763538235442226,0.0007425190530738884,-0.0009749590166542075,0.00287155382075708,0.04604880216146738,9,0.2806533036717398,-0.0019015858716004723,-0.015752451787838805,0.01352487878198528,-0.018845323885720924,7.0
stage13_steering,dev,decoder/mean_diff/pooled_all_balanced@+1.00,steering_primary,1337,macro_over_languages,243,9,0.41518946095947096,5.2838465555555686e-05,-2.9883431137556917e-06,0.00016110344654232794,0.07272001488561365,7.0,0.8238632828189301,0.0024916891069958875,0.00016302669732510644,0.0054687990033950645,0.11433108436116832,9,0.5797730331355793,0.0012457950623365368,-0.0018456077047928586,0.004734226498758842,0.0464773613666882,9,0.2891310067685588,0.0008061786651810262,-9.054681828958899e-05,0.0020703945236650876,0.09937674946687713,7.0
stage13_steering,dev,decoder/mean_diff/pooled_all_balanced@+1.00,steering_primary,2024,macro_over_languages,243,9,0.43219873035804235,-1.1648850740740298e-05,-3.6951919763227975e-05,1.9086144563498608e-06,-0.06864163628825427,7.0,0.8252339196460906,0.001448036744855969,4.778395060565727e-09,0.004125602841563785,0.08178992167288339,9,0.5720231756165044,-0.00013494370160921205,-0.000553283104276227,0.00014840523695335798,-0.04527134940411856,9,0.29985461747852643,-9.42456926142377e-06,-2.858192925442457e-05,2.6254142429240874e-07,-0.07195027397424358,7.0
stage13_steering,dev,decoder/mean_diff/pooled_all_balanced@-0.50,steering_primary,42,macro_over_languages,243,9,0.40422044560962966,-1.0796043915346097e-06,-3.2467662777777786e-06,7.918370369717956e-09,-0.07256066077182695,7.0,0.8383514813868312,8.685872427983583e-05,-3.292181069174019e-09,0.0002605792181069965,0.06414954160002231,9,0.57572224534085,0.0001109408497012784,0.0,0.0003328225491038352,0.0641500299099584,9,0.28255444939606367,-4.4014727659139046e-07,-1.3262894769216926e-06,5.235696482512702e-09,-0.07241681780883974,7.0
stage13_steering,dev,decoder/mean_diff/pooled_all_balanced@-0.50,steering_primary,1337,macro_over_languages,243,9,0.4151545163094709,1.7893815555555448e-05,-7.544973544973161e-07,4.967683597883575e-05,0.09106168396606969,7.0,0.8202134690987656,-0.0011581246131687252,-0.003934796405452677,0.0004565648139917679,-0.06162629152985615,9,0.5787244348326812,0.00019719675943854277,-0.0009703524690356854,0.0011819676130027158,0.02297819056629925,9,0.28862372831695887,0.0002989002135811895,-8.7834681013449e-07,0.0008854371976354359,0.07561337123198221,7.0
stage13_steering,dev,decoder/mean_diff/pooled_all_balanced@-0.50,steering_primary,2024,macro_over_languages,243,9,0.43259003855433864,0.0003796593455555555,-1.0013453968253978e-06,0.0011404800547619046,0.072642926831278,7.0,0.8236169556460906,-0.0001689272551440328,-0.0004946516735596709,-6.696502056280041e-10,-0.0689282206971043,9,0.5723699798852712,0.00021186056715746929,0.0,0.0006355817014724079,0.06415002990995843,9,0.3001652415057862,0.00030119945799835836,-5.018617016787522e-07,0.0009043511368507011,0.07267840327002234,7.0
stage13_steering,dev,decoder/mean_diff/pooled_all_balanced@-1.00,steering_primary,42,macro_over_languages,243,9,0.4047340319350794,0.0005125067210582005,-1.4036954211640705e-05,0.0015536004018637556,0.0718561084389616,7.0,0.8379043936502057,-0.0003602290123456784,-0.001191234908436212,0.00023192335185185392,-0.058902188564877,9,0.5759840126627865,0.0003727081716377779,-3.0640569898200345e-05,0.0008671560412537139,0.10480606500639776,9,0.2826724727583362,0.00011758321499584692,-0.00016457779722766464,0.0005183080153172773,0.04710794031408568,7.0
stage13_steering,dev,decoder/mean_diff/pooled_all_balanced@-1.00,steering_primary,1337,macro_over_languages,243,9,0.4147322293544445,-0.0004043931394708998,-0.0012679976780343915,4.4954651534391214e-05,-0.06958365574175338,7.0,0.8202657240000001,-0.0011058697119341564,-0.004002273286008229,0.0008534469156378601,-0.05561568310293223,9,0.5780900329344617,-0.0004372051387810593,-0.002537152429550052,0.001221266781378312,-0.029221428574494522,9,0.28870013758621477,0.00037530948283706514,-0.0009479580072730111,0.0019639269581110115,0.03893102778453141,7.0
stage13_steering,dev,decoder/mean_diff/pooled_all_balanced@-1.00,steering_primary,2024,macro_over_languages,243,9,0.41811216054380956,-0.014098218664973544,-0.03040835802663491,0.0003802143837420636,-0.12213319682450714,7.0,0.8267045225061729,0.002918639604938272,-0.0005340654944444448,0.008690731300823044,0.06857638968009498,9,0.5717985318972403,-0.00035958742087332596,-0.003381421224309805,0.0024573020262486063,-0.01416578994940871,9,0.28845557173589564,-0.011408470311892184,-0.026061296862699763,6.467334494703155e-06,-0.12218613119570496,7.0
stage13_steering,dev,decoder/mean_diff/pooled_non_african@+0.25,steering_primary,42,macro_over_languages,243,9,0.4051992708478307,0.0009777359597883605,-0.012461261102137564,0.01539431700528836,0.01074458319815611,7.0,0.8396926402962964,0.0014280136419753074,-8.650594310699816e-05,0.0037300477897119337,0.08429443560137839,9,0.5749865482984925,-0.0006247561926562913,-0.0014488737546015321,-3.031105757832374e-05,-0.10409541473967476,9,0.283009258918183,0.00045435597169443854,-0.007893967372545111,0.010170143158699818,0.007511140321411115,7.0
stage13_steering,dev,decoder/mean_diff/pooled_non_african@+0.25,steering_primary,1337,macro_over_languages,243,9,0.4151895443986772,5.2921904761904445e-05,0.0,0.0001586576190476183,0.07288881479838119,7.0,0.8221715340164609,0.0007999431275720186,0.0001435282734567917,0.0017650461770576163,0.12127313121975966,9,0.5794317333033133,0.0009044952300706561,0.0001338439294634986,0.0019440740343323977,0.11960471126001206,9,0.28911185185271215,0.0007870235557641799,-4.448033575239577e-09,0.0020646025826413805,0.10027613281444352,7.0
stage13_steering,dev,decoder/mean_diff/pooled_non_african@+0.25,steering_primary,2024,macro_over_languages,243,9,0.4321980621876719,-1.2317015767195879e-05,-3.700845864550279e-05,4.501041799003376e-08,-0.07269500574542305,7.0,0.8239035541316874,0.00011766569958847819,-6.523148148676674e-09,0.0003530035715020612,0.06414963562551429,9,0.5719860509260184,-0.000172068392095168,-0.000516205176285504,0.0,-0.06415002990995843,9,0.29985452043137895,-9.522918197326565e-06,-2.8592154072846854e-05,3.559489036324069e-08,-0.0727088863218251,7.0
stage13_steering,dev,decoder/mean_diff/pooled_non_african@+0.50,steering_primary,42,macro_over_languages,243,9,0.40519926970492065,0.0009777348168783075,-0.011508979078640189,0.015394893984284395,0.010744570636976373,7.0,0.8398394303580247,0.001574803703703704,7.120362139917744e-05,0.004154067802469136,0.09389635043102257,9,0.575110670459441,-0.0005006340317077708,-0.0013177110065644582,-1.1152385492765379e-05,-0.08794939409533066,9,0.28300925798565296,0.00045435503916436265,-0.00789777654442002,0.009407811458685189,0.007511124904509201,7.0
stage13_steering,dev,decoder/mean_diff/pooled_non_african@+0.50,steering_primary,1337,macro_over_languages,243,9,0.4151895350808995,5.2912586984126674e-05,-1.863555555555559e-08,0.0001586576190476183,0.07287591185031814,7.0,0.8225362849382717,0.0011646940493827173,-0.000529905841358024,0.0030225982591563813,0.07843948361712136,9,0.5784932402887728,-3.3997784469900165e-05,-0.002400939068043289,0.0016610862288224384,-0.0020599275515006702,9,0.2891114294911124,0.0007866011941644672,-8.473554914831725e-07,0.0020618324784698687,0.10022174758554614,7.0
stage13_steering,dev,decoder/mean_diff/pooled_non_african@+0.50,steering_primary,2024,macro_over_languages,243,9,0.4321980773842329,-1.2301819206349213e-05,-3.697218146825398e-05,5.913944576772009e-08,-0.07260492606197377,7.0,0.8239035530205762,0.00011766458847736698,-6.113168723749168e-09,0.00035299922890946755,0.06414902738091792,9,0.5719860509260184,-0.000172068392095168,-0.000516205176285504,0.0,-0.06415002990995843,9,0.29985453108755666,-9.512262019631425e-06,-2.8577812445731826e-05,3.148953056976427e-08,-0.07262717963755615,7.0
stage13_steering,dev,decoder/mean_diff/pooled_non_african@+1.00,steering_primary,42,macro_over_languages,243,9,0.4004351267601587,-0.0037864081278835993,-0.02415968463869445,0.01682551725931085,-0.02486777710693362,7.0,0.8413865352139919,0.0031219085596707824,0.00013490458024691373,0.00717990040123457,0.10733291727917284,9,0.5763538235442226,0.0007425190530738884,-0.0009772944455956787,0.0029085412321367223,0.04604880216146738,9,0.28065326532015356,-0.0019016376263349922,-0.016853412140963916,0.012080486772320443,-0.01884584105461316,7.0
stage13_steering,dev,decoder/mean_diff/pooled_non_african@+1.00,steering_primary,1337,macro_over_languages,243,9,0.40990182901164024,-0.005234793482275131,-0.02103917578271164,0.0001525565533505293,-0.07202332935646602,7.0,0.8254136787489713,0.0040420878600823055,0.0007140937253086429,0.008047327176543209,0.13481298191228255,9,0.5803861372273309,0.0018588991540881782,-0.0013736586555237477,0.005704953029186226,0.06509990678201139,9,0.2853618053939422,-0.002963022903005778,-0.011170258082859734,0.0018713636863421398,-0.05500123221357109,7.0
stage13_steering,dev,decoder/mean_diff/pooled_non_african@+1.00,steering_primary,2024,macro_over_languages,243,9,0.43219805528656086,-1.2323916878307158e-05,-3.697334652248678e-05,1.0873320100149621e-09,-0.07273613187147891,7.0,0.8252309105720165,0.0014450221399176962,-3.009918724279731e-06,0.0038876680113168745,0.08161826248309438,9,0.5723099153715253,0.00015179605341171344,-0.00043856614791761743,0.0008742723792854671,0.028215995949516855,9,0.29985451559137,-9.527758206281377e-06,-2.8582859091865577e-05,4.765077959863624e-10,-0.07274620388537043,7.0
stage13_steering,dev,decoder/mean_diff/pooled_non_african@-0.50,steering_primary,42,macro_over_languages,243,9,0.40422049479936506,-1.0400886772478998e-06,-3.2501624378302975e-06,1.1467629629685458e-07,-0.06984651664125237,7.0,0.8383514770617284,8.68504074074065e-05,-1.5871913582722163e-08,0.0002605728361111114,0.06414337369542555,9,0.57572224534085,0.0001109408497012784,0.0,0.0003328225491038352,0.0641500299099584,9,0.2825544966181054,-4.06328383192512e-07,-1.326164843251965e-06,9.709466637188626e-08,-0.06663932398092275,7.0
stage13_steering,dev,decoder/mean_diff/pooled_non_african@-0.50,steering_primary,1337,macro_over_languages,243,9,0.4151545163094709,1.7893815555555448e-05,-7.544973544973161e-07,4.9685822373015636e-05,0.09106168396606969,7.0,0.8202134642016463,-0.0011581266872427963,-0.0037156431872427975,0.00045666425257201833,-0.061626402519692404,9,0.5787244348326812,0.00019719675943854277,-0.0009698161968624659,0.0011283501153204003,0.02297819056629925,9,0.2886237265243813,0.00029889822743335576,-1.1691861025054366e-06,0.0008978712096539456,0.07561271556578791,7.0
stage13_steering,dev,decoder/mean_diff/pooled_non_african@-0.50,steering_primary,2024,macro_over_languages,243,9,0.43259001663740737,0.00037963743396825364,-1.0770076574075666e-06,0.001140456518777777,0.07263871182813261,7.0,0.8233602730205761,-0.00042561541152263315,-0.0010957878945473264,-3.1450617260257648e-09,-0.09088587727154217,9,0.5715452739593102,-0.0006128453588033557,-0.002474117777882475,0.0006355817014724079,-0.046125309687226806,9,0.30016472827507,0.0003006849254937546,-1.7676639880177704e-06,0.0009040850037166861,0.07255348769204199,7.0
stage13_steering,dev,decoder/mean_diff/pooled_non_african@-1.00,steering_primary,42,macro_over_languages,243,9,0.404215367714709,-6.167173333332724e-06,-1.555792669444467e-05,-4.7260832010018555e-08,-0.09819655170538606,7.0,0.8382531857695473,-1.1440884773662107e-05,-0.0008310425715020537,0.0006710932998971222,-0.001881307189424274,9,0.5758863356928728,0.00027503120172409285,-7.227658203565482e-05,0.0007192511771848377,0.08164310872210309,9,0.2824997217793912,-5.518116709741229e-05,-0.00016560063553228537,2.2090091609484507e-08,-0.0733927772859085,7.0
stage13_steering,dev,decoder/mean_diff/pooled_non_african@-1.00,steering_primary,1337,macro_over_languages,243,9,0.4147322650273016,-0.00040435746661375685,-0.0012620110156891541,4.4850463259258854e-05,-0.06957746682143062,7.0,0.820390872596708,-0.0009807182921810673,-0.004185292863786005,0.0008839554459876571,-0.04954516598713681,9,0.5782012504732086,-0.00032598760003409844,-0.0023318636977709083,0.001371731930492597,-0.021932145469141837,9,0.288700169115087,0.00037534081813900733,-0.0008345074844238099,0.0018268634767641474,0.03893423822504135,7.0
stage13_steering,dev,decoder/mean_diff/pooled_non_african@-1.00,steering_primary,2024,macro_over_languages,243,9,0.4181120968912699,-0.014098282312169311,-0.03155097211108862,-4.3364745370307816e-07,-0.12213349713080945,7.0,0.8267045240493828,0.0029186356172839507,-0.0004860710411522658,0.009016648099279835,0.06857629516396926,9,0.5717985318972403,-0.00035958742087332596,-0.0035190197753270447,0.0031562937990655873,-0.01416578994940871,9,0.2884555115655116,-0.01140853178406468,-0.025201624158647382,-0.00030013889398976083,-0.12218659426131896,7.0
stage13_steering,dev,decoder/probe/per_language@+0.25,steering_primary,42,macro_over_languages,243,9,0.4051990161008466,0.0009774348071428577,-0.012461377807194442,0.015394439728174605,0.010741280274160768,7.0,0.8385706937736627,0.0003060695061728398,4.115226339851305e-10,0.0008583384063786019,0.07881257767286418,9,0.5755698410480777,-4.146344307108912e-05,-0.00012124423031329496,0.0,-0.08246584628306118,9,0.28316231937944913,0.000607376606937037,-0.008347944678434424,0.010170147785309922,0.010047144232286233,7.0
stage13_steering,dev,decoder/probe/per_language@+0.25,steering_primary,1337,macro_over_languages,243,9,0.41513671264275137,1.082370370368298e-07,-3.194444444372106e-12,3.244642063485771e-07,0.07283516866558164,7.0,0.8216852302098765,0.0003136345267489706,-3.378600823562749e-09,0.0007973839938271592,0.09058173999397291,9,0.5789426147180943,0.0004153766448514617,0.0,0.0010990329344726657,0.08724332442331478,9,0.28881259077523863,0.0004877816211587092,-8.833758523588531e-10,0.0014633458555765382,0.0727392581547998,7.0
stage13_steering,dev,decoder/probe/per_language@+0.25,steering_primary,2024,macro_over_languages,243,9,0.43219805409624346,-1.232276190476162e-05,-3.6972721732803985e-05,3.3862433868106952e-09,-0.07272927863265384,7.0,0.8239035560864199,0.00011766650205761317,-1.6460905386818135e-10,0.00035299901440329247,0.06415030025024629,9,0.5719860509260184,-0.000172068392095168,-0.000516205176285504,0.0,-0.06415002990995843,9,0.29985451410193925,-9.525205007265268e-06,-2.8579798367216865e-05,3.3914150622829765e-09,-0.07272659117769432,7.0
stage13_steering,dev,decoder/probe/per_language@+0.50,steering_primary,42,macro_over_languages,243,9,0.40519903053629625,0.0009774492425925936,-0.012461365550936507,0.01539421013819312,0.010741438927407138,7.0,0.8385706942674898,0.00030607000000000144,9.876543222839023e-10,0.00083282198251029,0.07881268472675894,9,0.5755698410480777,-4.146344307108912e-05,-0.00011323794372050199,0.0,-0.08246584628306118,9,0.28316233212680014,0.0006073893542880927,-0.00834799526926731,0.010170104422086847,0.010047354012044511,7.0
stage13_steering,dev,decoder/probe/per_language@+0.50,steering_primary,1337,macro_over_languages,243,9,0.4151390989960847,2.4945903703699406e-06,8.530026454967637e-11,7.372886146824755e-06,0.07606120017727881,7.0,0.8222570390164609,0.0008854433333333342,-0.00024428077057613224,0.0028315213683127575,0.07005490650375554,9,0.5789687863785898,0.000441548305347225,-1.1525778015806214e-06,0.0011282932241507898,0.09241473572049716,9,0.28881414071519573,0.0004893315611158181,-8.222857762334713e-10,0.001466445487938151,0.07297125467961366,7.0
stage13_steering,dev,decoder/probe/per_language@+0.50,steering_primary,2024,macro_over_languages,243,9,0.4321980508786772,-1.2325979470899745e-05,-3.698425773545052e-05,1.1029478835293991e-08,-0.07274832966894991,7.0,0.8239035630617284,0.00011767347736625659,1.8244855979326734e-09,0.00035300822366255243,0.06415398360580303,9,0.5719860509260184,-0.000172068392095168,-0.000516205176285504,0.0,-0.06415002990995843,9,0.2998545132478886,-9.526059057924785e-06,-2.858830654587985e-05,1.0531812328031799e-08,-0.07273311300118578,7.0
stage13_steering,dev,decoder/probe/per_language@+1.00,steering_primary,42,macro_over_languages,243,9,0.4051983058407936,0.0009767245470899489,-0.018874900251806877,0.020978305380206345,0.007106823429731108,7.0,0.8383168747201647,5.2250452674897136e-05,-0.0009538323796296315,0.001096663504115228,0.006177944301804089,9,0.575752812144132,0.0001415076529832048,-0.001272229407353282,0.0013342602978873156,0.013182484541835078,9,0.2817938541998087,-0.0007610885727033897,-0.016291468007226816,0.013066930393952575,-0.007744032977618356,7.0
stage13_steering,dev,decoder/probe/per_language@+1.00,steering_primary,1337,macro_over_languages,243,9,0.4151387437275133,2.139321798941646e-06,-9.095920383601243e-07,7.298293640211413e-06,0.06436317498600483,7.0,0.8235354416090537,0.0021638459259259264,0.00014077779423868418,0.00477704217798354,0.10884050643174839,9,0.5806634381316347,0.002136200058391941,0.00014709700008171928,0.005178692341486668,0.09680377576016787,9,0.28882559503704763,0.0005007858829677575,-2.2002628394954996e-07,0.001488042947156937,0.07466720842828534,7.0
stage13_steering,dev,decoder/probe/per_language@+1.00,steering_primary,2024,macro_over_languages,243,9,0.43219802586285716,-1.2350995291005073e-05,-4.926511596296243e-05,2.7045140211141732e-08,-0.07289646598277878,7.0,0.8241246495226338,0.000338759938271608,-8.143415640125717e-09,0.0008986179342592652,0.08691631542440081,9,0.5720602535444951,-9.786577361848902e-05,-0.000516205176285504,0.000222607855430037,-0.033453278957123786,9,0.299854486189024,-9.553117922542897e-06,-2.8616946425142455e-05,1.51424462727823e-08,-0.07294046582569656,7.0
stage13_steering,dev,decoder/probe/per_language@-0.50,steering_primary,42,macro_over_languages,243,9,0.4042205878677777,-9.934259259261433e-07,-3.6773976388892913e-06,8.460007182538721e-07,-0.060715349481234304,7.0,0.8405301228683127,0.002265498600823045,0.00013724287551440404,0.00501445452366255,0.10725324342706895,9,0.575324385719854,-0.0002869187712947701,-0.0011530213319817962,0.0003571107695011618,-0.047128160218829006,9,0.28240137362485984,-0.00015356914765221502,-0.0004606015975513489,2.688214673245608e-07,-0.07289963634245393,7.0
stage13_steering,dev,decoder/probe/per_language@-0.50,steering_primary,1337,macro_over_languages,243,9,0.4151942487902117,5.76443844973541e-05,-3.0339074074485785e-09,0.0001680791513809526,0.07910295503477005,7.0,0.8202359300041152,-0.0011356656790123484,-0.003611101667695477,0.0003240307901234524,-0.061734113674744094,9,0.5790376386403215,0.0005104005670787988,-0.00011121753874696084,0.0013368250882302157,0.08472628302687892,9,0.28891141547807614,0.0005866063239962309,1.9451012769894173e-10,0.0014843296659648713,0.10312570609466958,7.0
stage13_steering,dev,decoder/probe/per_language@-0.50,steering_primary,2024,macro_over_languages,243,9,0.43258998852317465,0.00037961166502645515,-1.1003021137562217e-06,0.0011404330349867732,0.0726337547547847,7.0,0.8235458215308642,-0.00024006805349794077,-0.000624870910185183,-1.1255246911274635e-08,-0.08939538773634836,9,0.5721659088161497,7.78949803613444e-06,-0.0006122132073640046,0.0006355817014724079,0.0016952291216150402,9,0.29983088886554793,-3.3150441398623685e-05,-0.0010033006284545138,0.0009038511282730136,-0.005342250872359302,7.0
stage13_steering,dev,decoder/probe/per_language@-1.00,steering_primary,42,macro_over_languages,243,9,0.40422058531984123,-9.95973862433859e-07,-3.5563643849212173e-06,7.923691137566222e-07,-0.060871499731512436,7.0,0.838777394761317,0.00051277049382716,-0.001537240184156379,0.003108185790123455,0.025895479121217327,9,0.5763349537513845,0.0007236492602358344,-0.0008487677611050123,0.002961591846153323,0.04383645770833479,9,0.2824013707890948,-0.00015357198341722604,-0.0004606021766738276,2.501245966647796e-07,-0.07290098967205415,7.0
stage13_steering,dev,decoder/probe/per_language@-1.00,steering_primary,1337,macro_over_languages,243,9,0.41521163863751326,7.503423179894134e-05,3.829086699735716e-06,0.0001893742633359792,0.0997351449429006,7.0,0.8213825048230453,1.0909139917693762e-05,-0.0027749691481481487,0.0027764630413580223,0.00048338749404212123,9,0.578116271987305,-0.0004109660859378338,-0.002610157724231286,0.001351033963203299,-0.025046886233429804,9,0.2893657892051434,0.001040980051063481,-3.336813913453711e-05,0.0025382169000479613,0.11844769745285456,7.0
stage13_steering,dev,decoder/probe/per_language@-1.00,steering_primary,2024,macro_over_languages,243,9,0.4273268686537566,-0.004883508204391534,-0.015806085712128305,0.0011418453551706343,-0.06718524915348535,7.0,0.8233973907366255,-0.0003884988477366241,-0.001100168153292178,0.00010288273755144014,-0.07650758566534063,9,0.5709981750991311,-0.0011599442189824572,-0.003324133724593111,0.00021965006519360374,-0.07980279839748458,9,0.295611770698571,-0.004252268608375538,-0.01333822859362149,0.0006091095824943532,-0.07278719015976233,7.0
stage13_steering,dev,decoder/probe/pooled_african@+0.25,steering_primary,42,macro_over_languages,243,9,0.40519908165735447,0.0009775045975132283,-0.012461366605793651,0.01539408286557672,0.010742040437150107,7.0,0.8385747802962964,0.00031015928395061726,-7.659465020545808e-09,0.0008487603080246912,0.07859271892894343,9,0.5752535982620937,-0.00035770622905518607,-0.0010619663016727928,0.0,-0.06618896402735985,9,0.28300904056628684,0.0004541018440749316,-0.008047233423606085,0.009714243697960546,0.007506939004028738,7.0
stage13_steering,dev,decoder/probe/pooled_african@+0.25,steering_primary,1337,macro_over_languages,243,9,0.4151367305891534,6.890481481446482e-08,-9.339761507962122e-08,3.271380886229908e-07,0.04364147058251781,7.0,0.8215417094485598,0.0001701131069958841,-4.259773664454059e-09,0.0005103412993827168,0.06415042725950447,9,0.5787955177180124,0.0002682796447697424,0.0,0.0008048389343092272,0.06415002990995843,9,0.28881261077105574,0.000487750838367595,-9.287831798920705e-08,0.0014755483451929017,0.0727346431637642,7.0
stage13_steering,dev,decoder/probe/pooled_african@+0.25,steering_primary,2024,macro_over_languages,243,9,0.43219806014613754,-1.2316434550264345e-05,-3.6972516736772476e-05,2.336614418029078e-08,-0.07269170568595762,7.0,0.8239035522798355,0.00011766592592592692,-5.309670781365504e-09,0.0003530020761316893,0.06414975954315659,9,0.5719860509260184,-0.000172068392095168,-0.000516205176285504,0.0,-0.06415002990995843,9,0.29985451759844883,-9.519469760375896e-06,-2.8579673238254342e-05,2.0252729546697258e-08,-0.07268255331421533,7.0
stage13_steering,dev,decoder/probe/pooled_african@+0.50,steering_primary,42,macro_over_languages,243,9,0.4051994199255027,0.0009778428656613757,-0.012460552604302911,0.015394317733465609,0.01074575815633113,7.0,0.839644240893004,0.0013796198806584376,7.093890720164806e-05,0.0036668352750000013,0.08430926793692857,9,0.575222969186296,-0.00038833530485272305,-0.001216364508037356,0.0001528229530606826,-0.06667892815071945,9,0.28300919542450353,0.00045425670229161814,-0.008347634831710594,0.009863650542565949,0.007509499166961236,7.0
stage13_steering,dev,decoder/probe/pooled_african@+0.50,steering_primary,1337,macro_over_languages,243,9,0.4151895711828571,5.2909498518518476e-05,-2.040116666638316e-08,0.00015874672163888821,0.07287163538504328,7.0,0.8231477702386832,0.00177617389711934,-0.0003299147108024711,0.004430178767695473,0.08807675685895497,9,0.579477342730306,0.0009501046570634245,-0.0017420471507061123,0.004582697370510269,0.0364773345904415,9,0.2891114582187948,0.0007865982861066486,-8.497983600047992e-07,0.0020614063386473454,0.10022151737248285,7.0
stage13_steering,dev,decoder/probe/pooled_african@+0.50,steering_primary,2024,macro_over_languages,243,9,0.43219805647015874,-1.2320110529100586e-05,-3.700059262169325e-05,4.209713227545239e-08,-0.07271334740081367,7.0,0.8239035511687243,0.00011766481481481457,-6.95884773486445e-09,0.0003530018189300422,0.0641491512665253,9,0.5719860509260184,-0.000172068392095168,-0.000516205176285504,0.0,-0.06415002990995843,9,0.2998545150463844,-9.522021824837066e-06,-2.860220746677192e-05,3.800665626380123e-08,-0.07270198242543267,7.0
stage13_steering,dev,decoder/probe/pooled_african@+1.00,steering_primary,42,macro_over_languages,243,9,0.41048366917841267,0.006262092118571428,-0.014721302741933864,0.028254813945169287,0.040287819450029745,7.0,0.8393680134444444,0.0011033924320987664,-0.0007009962854938243,0.0035573280776749015,0.05964289253861916,9,0.5766824120364097,0.001071107545260859,-0.0006343426229384933,0.003247065769281666,0.06341454889008938,9,0.28634176745667717,0.003786828734465212,-0.011394015563008137,0.019091755833297377,0.03421747279554313,7.0
stage13_steering,dev,decoder/probe/pooled_african@+1.00,steering_primary,1337,macro_over_languages,243,9,0.4151909819229629,5.432023862433879e-05,7.181762962963534e-08,0.00016019214973280385,0.0748012460698376,7.0,0.8230327280781895,0.0016611317366255127,-0.0005965353018518519,0.004360573896707817,0.07864244725022455,9,0.5793852108268693,0.0008579727536265809,-0.0019156208368593453,0.0042360646275918365,0.032889220202871924,9,0.2890101628390019,0.0006853029063137525,-0.0002030662981423966,0.0020609789326517555,0.08586308138677981,7.0
stage13_steering,dev,decoder/probe/pooled_african@+1.00,steering_primary,2024,macro_over_languages,243,9,0.4321981153767196,-1.2261203968253486e-05,-3.693690185185148e-05,1.4258637301796033e-07,-0.0723633561166143,7.0,0.8264185860041153,0.0026326996502057613,-0.0003172089310699582,0.0081404974382716,0.06299157542099307,9,0.5728191293232704,0.0006610100051569588,-0.000561603303758645,0.0025900314467026623,0.04726426474792345,9,0.2996351795118611,-0.00022885755634811984,-0.0006877835906328464,1.1677133258859368e-06,-0.07564092562845927,7.0
stage13_steering,dev,decoder/probe/pooled_african@-0.50,steering_primary,42,macro_over_languages,243,9,0.40422132858301585,-2.48476825396826e-07,-7.454362738095254e-07,2.275132275219726e-11,-0.07274026200188245,7.0,0.838510190617284,0.00024556960493827114,-9.514609054726311e-09,0.0007367231119341564,0.0641484906321364,9,0.5755809934335704,-3.031105757832374e-05,-9.093317273497122e-05,0.0,-0.06415002990995841,9,0.2825549923173299,5.359511797879828e-08,-3.7152345850057202e-09,1.6534927165498145e-07,0.07019321802649638,7.0
stage13_steering,dev,decoder/probe/pooled_african@-0.50,steering_primary,1337,macro_over_languages,243,9,0.4151549113510583,1.824966671957645e-05,-6.891388095299864e-08,5.0016769453703393e-05,0.09292045656878066,7.0,0.8207569017736626,-0.0006146945679012349,-0.0031724859979423868,0.0012064236213991763,-0.032039884067648426,9,0.5794898217383807,0.0009625836651380656,0.00011953483302010878,0.0019951407028293835,0.12174221196151584,9,0.28862431092671237,0.00029945099402424116,-6.691986226302526e-08,0.0008862799547917387,0.07575343426675978,7.0
stage13_steering,dev,decoder/probe/pooled_african@-0.50,steering_primary,2024,macro_over_languages,243,9,0.4322103795479894,2.9673015874548125e-09,-1.079403439156091e-08,2.070213492114422e-08,0.02704888623385375,7.0,0.8237858875061729,1.1522633747928599e-09,-2.0576131694687707e-09,4.116255142820047e-09,0.04401147008353174,9,0.5721581193181136,0.0,0.0,0.0,,9,0.2998640416799546,4.6117454057392505e-09,-6.9419195399138305e-09,2.1464749400772888e-08,0.04687302999894425,7.0
stage13_steering,dev,decoder/probe/pooled_african@-1.00,steering_primary,42,macro_over_languages,243,9,0.40300341527582006,-0.0012181617840211641,-0.0036529061474656083,1.1640211639591805e-12,-0.07281923806363347,7.0,0.8375377839341565,-0.0007268370781893006,-0.0021037098384773657,0.0005061620133744858,-0.06827834238145568,9,0.576251066643585,0.0006397621524362818,-0.0014085474186786079,0.0032661865874958314,0.033179634791971405,9,0.28149326365643257,-0.0010616750657793164,-0.0031847617061647386,1.1104521921835791e-07,-0.07276590373534096,7.0
stage13_steering,dev,decoder/probe/pooled_african@-1.00,steering_primary,1337,macro_over_languages,243,9,0.41515504085174604,1.837916740740707e-05,-1.778497354497345e-08,5.3905481679894186e-05,0.09358318076259077,7.0,0.8207056322674898,-0.0006659640740740738,-0.003434899424897119,0.0012659001440329227,-0.03353815017913862,9,0.5790970560775243,0.0005698180042814637,-0.0006998310497532019,0.0020368830025170215,0.05007203726667658,9,0.2891118327489477,0.0007869728162596023,0.0,0.0020498807278421113,0.10134328311324405,7.0
stage13_steering,dev,decoder/probe/pooled_african@-1.00,steering_primary,2024,macro_over_languages,243,9,0.43221808679216933,7.71021148148151e-06,-7.047767195758365e-08,2.3201876317460312e-05,0.07250963310012803,7.0,0.8237912512510288,5.364897119341934e-06,0.0,1.6093456790123847e-05,0.06415991317580856,9,0.5721380639658504,-2.0055352263115874e-05,-6.016605678934762e-05,0.0,-0.0641500299099584,9,0.2998708901401569,6.853071947705716e-06,-4.504532539505174e-08,2.062587148002117e-05,0.07250261950666716,7.0
stage13_steering,dev,decoder/probe/pooled_all_balanced@+0.25,steering_primary,42,macro_over_languages,243,9,0.4000680253437037,-0.004153551725608465,-0.012565758983555459,8.829410939156643e-07,-0.07273512137210175,7.0,0.8395689596995886,0.00130433878600823,4.58487654313384e-09,0.0036277371512345668,0.07979343908497273,9,0.5751409815170193,-0.000470322974129447,-0.0012760474063285494,0.0,-0.08287373983546502,9,0.27961916839184914,-0.002935769537977024,-0.008654573789652861,3.2701033880670536e-07,-0.07664674356104449,7.0
stage13_steering,dev,decoder/probe/pooled_all_balanced@+0.25,steering_primary,1337,macro_over_languages,243,9,0.41513671265227514,5.472359788351063e-08,-1.3165732275093698e-07,3.4074108730071024e-07,0.03378028912390322,7.0,0.8218659972469137,0.0004944002057613156,-5.2273662558705905e-09,0.0013130940030864177,0.08675535051460433,9,0.5791507923737681,0.0006235543005254382,0.0,0.0016023832568065723,0.09003069349309359,9,0.28881259078218247,0.0004877312296955969,-1.162125699754893e-07,0.0014633352028238205,0.07273170344643526,7.0
stage13_steering,dev,decoder/probe/pooled_all_balanced@+0.25,steering_primary,2024,macro_over_languages,243,9,0.4321980530417461,-1.2297328095238064e-05,-3.700442188492128e-05,8.201414947062411e-08,-0.07257803738151479,7.0,0.8239035560864199,0.00011766816872427705,-6.667489718284766e-09,0.00035300737417695414,0.06415098728396756,9,0.5719860509260184,-0.000172068392095168,-0.000516205176285504,0.0,-0.06415002990995843,9,0.2998545133141105,-9.500995503109812e-06,-2.861455950216178e-05,7.642659484714536e-08,-0.07254040233358,7.0
stage13_steering,dev,decoder/probe/pooled_all_balanced@+0.50,steering_primary,42,macro_over_languages,243,9,0.4053509313294709,0.0011293542601587309,-0.01246069116243386,0.015848705063968255,0.012192376224363047,7.0,0.8400345545967078,0.001769933683127572,-0.0005702311594650195,0.004611778876028805,0.08197348037866295,9,0.5753181284657415,-0.00029317602540729966,-0.0012879105027880308,0.0006542438445240815,-0.037385124291801006,9,0.2832089040963534,0.0006539661665272194,-0.008347940239852178,0.010462743844627732,0.010440074563734558,7.0
stage13_steering,dev,decoder/probe/pooled_all_balanced@+0.50,steering_primary,1337,macro_over_languages,243,9,0.4151366881005291,3.0171851851541726e-08,-1.615285780427022e-07,2.843221283061629e-07,0.01835600199724733,7.0,0.8213975671646091,2.5970123456789703e-05,-0.0011294219845679018,0.001181797336419753,0.0027824535586210767,9,0.5779504366871672,-0.0005768013860756451,-0.003181550643734458,0.001307858449031484,-0.03282747975036447,9,0.2888118736243018,0.00048701407181498286,-1.5864318762378218e-06,0.0014633014538603286,0.07262415070687595,7.0
stage13_steering,dev,decoder/probe/pooled_all_balanced@+0.50,steering_primary,2024,macro_over_languages,243,9,0.4321980473337037,-1.2303036137566823e-05,-3.698891878571542e-05,7.180837037025615e-08,-0.07261187292485018,7.0,0.8239035637201647,0.00011767580246913411,1.192386830014177e-09,0.0003530133333333311,0.06415503112916228,9,0.5719860509260184,-0.000172068392095168,-0.000516205176285504,0.0,-0.06415002990995843,9,0.29985451138761243,-9.502922001195736e-06,-2.8609953614605518e-05,8.026428626480013e-08,-0.07255515846733714,7.0
stage13_steering,dev,decoder/probe/pooled_all_balanced@+1.00,steering_primary,42,macro_over_languages,243,9,0.4053498257411111,0.0011282486717989423,-0.012461565008161373,0.01584781044645767,0.012180438476438758,7.0,0.8402622701522634,0.001997649238683127,-0.00016392650720164633,0.005052602977880658,0.09297176250935055,9,0.5755003638927559,-0.00011094059839281214,-0.0010532915301570153,0.0008636845494921518,-0.014487930259284269,9,0.2833758526574857,0.0008209147276595421,-0.008153900099217685,0.01080029460908915,0.013096859322954416,7.0
stage13_steering,dev,decoder/probe/pooled_all_balanced@+1.00,steering_primary,1337,macro_over_languages,243,9,0.4151367321455027,7.421682539665405e-08,-6.865365608434077e-08,3.022687433854828e-07,0.04898107128238061,7.0,0.8213975689341564,2.5971893004115017e-05,-0.0010816130102880648,0.001105740545267489,0.0027826431503934538,9,0.5779504366871672,-0.0005768013860756451,-0.0030750365600790345,0.0011860279454586193,-0.03282747975036447,9,0.288811918970763,0.00048705941827618634,-1.5721752743756435e-06,0.0014633387158524695,0.07263094892429155,7.0
stage13_steering,dev,decoder/probe/pooled_all_balanced@+1.00,steering_primary,2024,macro_over_languages,243,9,0.43218086882232803,-2.9481547513227228e-05,-7.614816125264522e-05,2.7573234127546443e-08,-0.10171589472120036,7.0,0.8246362717860082,0.0008503838683127575,6.563786004889804e-10,0.002065216549382716,0.09839673017950837,9,0.5718416787230876,-0.00031644059502608914,-0.0021759397626307246,0.0016678585742335179,-0.020469545307743482,9,0.3007997720278756,0.0009357577182619877,-4.314794417809952e-05,0.0028599487334751397,0.07114593497431818,7.0
stage13_steering,dev,decoder/probe/pooled_all_balanced@-0.50,steering_primary,42,macro_over_languages,243,9,0.4093527654244974,0.005131188355185186,-7.771049378308734e-07,0.01539445293806614,0.07273497794412706,7.0,0.8385350901111112,0.00027046919753086435,-8.858024702258076e-10,0.0007865099891975323,0.07032176577142217,9,0.5755809934335704,-3.031105757832374e-05,-9.093317273497122e-05,0.0,-0.06415002990995841,9,0.2859449799775881,0.0033900420477619327,-7.903759534614644e-08,0.010170171443344811,0.07273941318447347,7.0
stage13_steering,dev,decoder/probe/pooled_all_balanced@-0.50,steering_primary,1337,macro_over_languages,243,9,0.4152077186246032,7.106069592592575e-05,-3.35695145503426e-08,0.00018541100312566093,0.09464315955634213,7.0,0.8215304093456791,0.00015881230452674522,-0.003263221920781897,0.00304089590329218,0.00669406939506045,9,0.5806077681093776,0.0020805300361348886,0.0002533787624836074,0.005075336229945766,0.09592689414934563,9,0.2889235534722797,0.0005986939197929132,-3.249458646378528e-08,0.001472599716412364,0.10522886133159638,7.0
stage13_steering,dev,decoder/probe/pooled_all_balanced@-0.50,steering_primary,2024,macro_over_languages,243,9,0.4322103791784656,2.880862433840779e-08,-4.001001190606103e-08,1.1173487830763921e-07,0.05609302915173641,7.0,0.8236607335061729,-0.0001251544115226352,-0.00037858758405349746,1.8601851842010698e-09,-0.06415410096443218,9,0.5720469017793666,-0.00011121753874696084,-0.0003336526162408825,0.0,-0.06415002990995843,9,0.2998640412635842,2.6953970498455336e-08,-2.6690549255609396e-08,8.518043583556738e-08,0.06359247129851689,7.0
stage13_steering,dev,decoder/probe/pooled_all_balanced@-1.00,steering_primary,42,macro_over_languages,243,9,0.409352762882381,0.005131185813068783,-6.239569788352746e-07,0.015394472657939157,0.07273494171777657,7.0,0.8387062576831276,0.0004416367695473243,2.0370370311390324e-10,0.0010790666229423846,0.09454575003476944,9,0.5755607224126684,-5.058207848035948e-05,-0.0001314752145390427,0.0,-0.08915623701866414,9,0.28594497790509354,0.0033900399752673904,-8.306174418550263e-08,0.010170199233651865,0.07273936847884727,7.0
stage13_steering,dev,decoder/probe/pooled_all_balanced@-1.00,steering_primary,1337,macro_over_languages,243,9,0.4152078689373545,7.121100867724892e-05,2.135845621692012e-07,0.00019887180380555552,0.09483901610318236,7.0,0.8219570344938273,0.0005854374526748944,-0.0028373203953703744,0.0034449800222222196,0.024191594270882067,9,0.5808109701121817,0.002283732038939115,0.00026052055296901534,0.005339611742965603,0.10336860079097404,9,0.2894113680707436,0.0010865085182567304,1.2140389147271297e-05,0.0024969709986367105,0.12401932136003994,7.0
stage13_steering,dev,decoder/probe/pooled_all_balanced@-1.00,steering_primary,2024,macro_over_languages,243,9,0.4282419405241799,-0.003968409845661375,-0.01192800114159656,1.5521827477514514e-05,-0.07260557518595187,7.0,0.8239296568106996,0.00014376889300411394,-0.00035949863683128294,0.0008256826019547322,0.03038492082971558,9,0.5726931745121472,0.0005350551940336678,-0.0003336526162408825,0.002333437394789612,0.050747487585461444,9,0.2974972272883231,-0.0023667870212905114,-0.007120560261347173,2.0132640040259534e-05,-0.07253397226594906,7.0
stage13_steering,dev,decoder/probe/pooled_non_african@+0.25,steering_primary,42,macro_over_languages,243,9,0.4000680278784656,-0.004153551769682539,-0.012461768442985447,1.11339611904749e-06,-0.07273512214814776,7.0,0.8395689483209877,0.0013043238065843597,-1.2788065846649037e-08,0.0035930127360082284,0.07979251685386618,9,0.5751409815170193,-0.000470322974129447,-0.0012651738304731027,0.0,-0.08287373983546502,9,0.27961916611996995,-0.002935774679967797,-0.008654405314130186,3.2310360890017303e-07,-0.07664687860053185,7.0
stage13_steering,dev,decoder/probe/pooled_non_african@+0.25,steering_primary,1337,macro_over_languages,243,9,0.4151367127962434,8.528624338613737e-08,-6.247827513254733e-08,3.3532179629522234e-07,0.05577612961301593,7.0,0.8216468503127573,0.0002752557407407411,-0.00048732968106995856,0.001264051324588478,0.04132578112884503,9,0.5787406801238243,0.00021344205058161116,-0.0009620571050617388,0.0013341036120368297,0.022579953240173218,9,0.2888123151209558,0.00048748649480389575,-6.108462029219934e-07,0.0014633465153945546,0.07269500093849761,7.0
stage13_steering,dev,decoder/probe/pooled_non_african@+0.25,steering_primary,2024,macro_over_languages,243,9,0.4321980569752381,-1.2321354232803847e-05,-3.7004282531746784e-05,4.8392826721322206e-08,-0.07272099055582379,7.0,0.823903553761317,0.00011765670781893291,-1.7615226335064176e-08,0.0003529918672839538,0.0641449384264122,9,0.5719860509260184,-0.000172068392095168,-0.000516205176285504,0.0,-0.06415002990995843,9,0.2998545175844032,-9.52444001391234e-06,-2.8610063118366245e-05,3.207269494431021e-08,-0.07272079337468736,7.0
stage13_steering,dev,decoder/probe/pooled_non_african@+0.50,steering_primary,42,macro_over_languages,243,9,0.40006777819328043,-0.004153801454867725,-0.012462014623915342,8.741456494707573e-07,-0.07273951764821794,7.0,0.8396677608930041,0.0014031363786008227,-0.00012355304732510048,0.0038692115699588457,0.08283757939992333,9,0.5749865482984925,-0.0006247561926562913,-0.0015242917282255906,-3.031105757832374e-05,-0.10409541473967476,9,0.27961922062723904,-0.0029357201726987314,-0.008654511984963947,3.72804754260207e-07,-0.07664544711109185,7.0
stage13_steering,dev,decoder/probe/pooled_non_african@+0.50,steering_primary,1337,macro_over_languages,243,9,0.4151367127962434,8.528624338613737e-08,-6.384865476171801e-08,3.300934537014297e-07,0.05577612961301593,7.0,0.8217903697160495,0.00041877514403292055,-0.00043829698251029016,0.0012789737101851844,0.059648600575409744,9,0.5788877771239062,0.00036053905066333046,-0.0008150917148527102,0.0015124545845048984,0.03707867429385898,9,0.288812315047687,0.00048748642153513295,-8.508744932095178e-07,0.0014633595512787093,0.07269498995401623,7.0
stage13_steering,dev,decoder/probe/pooled_non_african@+0.50,steering_primary,2024,macro_over_languages,243,9,0.43219807739608473,-1.2300933386242895e-05,-3.696778265476247e-05,5.833742328012905e-08,-0.07259990100933984,7.0,0.8239035519506174,0.00011765489711934334,-1.913683127477074e-08,0.0003529931841563808,0.06414394716846274,9,0.5719860509260184,-0.000172068392095168,-0.000516205176285504,0.0,-0.06415002990995843,9,0.29985453004622503,-9.511978192087758e-06,-2.8572152738488653e-05,4.00501398695242e-08,-0.07262522070239019,7.0
stage13_steering,dev,decoder/probe/pooled_non_african@+1.00,steering_primary,42,macro_over_languages,243,9,0.40534952773476196,0.0011279480866137556,-0.008386436133818715,0.015847349478137568,0.012177192902189158,7.0,0.8405078512633746,0.0022432267489711924,-9.598081790123417e-05,0.005255379859053497,0.1028889956636994,9,0.5754700528351777,-0.00014125165597113587,-0.0010138675957250343,0.000771716487221867,-0.018412344321000088,9,0.28337586866415576,0.0008209278642180174,-0.00832098630866537,0.010783339997955903,0.01309706942595722,7.0
stage13_steering,dev,decoder/probe/pooled_non_african@+1.00,steering_primary,1337,macro_over_languages,243,9,0.41513670347846554,7.596846560835957e-08,-8.27956984125494e-08,3.1328710449684824e-07,0.049492201817304744,7.0,0.8213975640740742,2.5969502057611134e-05,-0.0011951393646090552,0.0010574145391975289,0.0027823889914211186,9,0.5779504366871672,-0.0005768013860756451,-0.0028938556122642604,0.0013078829156938962,-0.03282747975036447,9,0.2888118918711509,0.00048706324499902696,-1.5695676506773732e-06,0.0014630546445874879,0.07263163905287386,7.0
stage13_steering,dev,decoder/probe/pooled_non_african@+1.00,steering_primary,2024,macro_over_languages,243,9,0.43218089801476195,-2.9480314708994198e-05,-7.616159293782959e-05,3.6169805556371844e-08,-0.10171173055338667,7.0,0.8246362713539095,0.0008503743004115245,-5.1126543179695755e-09,0.001947642561213991,0.09839562788846634,9,0.5718416787230876,-0.00031644059502608914,-0.002445111967216617,0.0014957901821383499,-0.020469545307743482,9,0.30079980081876284,0.0009357587943457817,-4.313865813216207e-05,0.0028694825751991206,0.07114601722971309,7.0
stage13_steering,dev,decoder/probe/pooled_non_african@-0.50,steering_primary,42,macro_over_languages,243,9,0.4093530684726984,0.005131488824550265,-5.237900793662748e-09,0.015394474219992065,0.07273925986297686,7.0,0.8382895090205763,2.488450617283738e-05,-1.3276234569852386e-08,7.467117098765324e-05,0.06412910379175467,9,0.5756113044911487,0.0,0.0,0.0,,9,0.2859449746674701,0.0033900338675323404,-6.340870226823621e-09,0.010170109958820216,0.07273922326400034,7.0
stage13_steering,dev,decoder/probe/pooled_non_african@-0.50,steering_primary,1337,macro_over_languages,243,9,0.4152077251605821,7.109765058201045e-05,-5.552584655204964e-09,0.00019510525087169253,0.09468696426962922,7.0,0.8205946241604939,-0.0007769704115226333,-0.003503733423868307,0.0007911350586419759,-0.04161455916208606,9,0.5792683910120886,0.0007411529388458684,0.00011953483302010878,0.0015828579999937061,0.12272993647993603,9,0.28892355386564866,0.0005987252394967787,1.4197848620613175e-09,0.0014843214836279689,0.10523401046775017,7.0
stage13_steering,dev,decoder/probe/pooled_non_african@-0.50,steering_primary,2024,macro_over_languages,243,9,0.4322103725145503,-5.814920634648646e-09,-6.480348544905658e-08,5.757278042366499e-08,-0.013818454587086047,7.0,0.8236607405925925,-0.00012515646090534757,-0.00037545408230452176,-1.6862139901795434e-09,-0.06415494401413831,9,0.5720469017793666,-0.00011121753874696084,-0.0003336526162408825,0.0,-0.06415002990995843,9,0.2998640351747418,-6.849675263967403e-09,-5.1930948887780526e-08,3.754833047314984e-08,-0.02158285487670897,7.0
stage13_steering,dev,decoder/probe/pooled_non_african@-1.00,steering_primary,42,macro_over_languages,243,9,0.40935306848089953,0.005131488832751323,-5.38870767197957e-09,0.015394473062550264,0.07273925997984584,7.0,0.8384606841810701,0.00019605966666666542,-3.975411523670905e-09,0.0005632864064814793,0.07275666267637437,9,0.5755910334702468,-2.0271020902035737e-05,-6.081306270610721e-05,0.0,-0.06415002990995843,9,0.28594497655297485,0.0033900357530370845,-4.3668625977844095e-09,0.010170111884951096,0.0727392639360669,7.0
stage13_steering,dev,decoder/probe/pooled_non_african@-1.00,steering_primary,1337,macro_over_languages,243,9,0.41520786928328046,7.124177328042298e-05,1.2406348148098069e-07,0.00019018880032936473,0.0948804310932735,7.0,0.8219570354773663,0.0005854409053497958,-0.00266992765020576,0.003374236123456791,0.024191732695764002,9,0.5808109701121817,0.002283732038939115,0.0002535834979628832,0.00549637358365041,0.10336860079097404,9,0.2894113702505407,0.001086541624388835,1.2199498271733704e-05,0.0024718096863413546,0.12402301661879069,7.0
stage13_steering,dev,decoder/probe/pooled_non_african@-1.00,steering_primary,2024,macro_over_languages,243,9,0.42824187693418,-0.003968501395291005,-0.011928139244366403,2.2669289812170206e-05,-0.07260657129692885,7.0,0.8240548061069959,0.00026890905349794485,-2.4306515432096412e-05,0.0008323996666666682,0.062495492909412906,9,0.5728043920508942,0.0006462727327806286,-4.011070452623175e-05,0.0019989842551312335,0.06218333234587394,9,0.29749716715019203,-0.0023668748742250788,-0.0071206931146075335,2.0149942511531257e-05,-0.07253567904529207,7.0
stage13_steering,dev,decoder/random/per_language@+0.25,steering_random_control,42,macro_over_languages,243,9,0.4042215761760846,-9.020634921487536e-10,-9.018308201336304e-09,4.9912354497545015e-09,-0.017818637023975115,7.0,0.8382646247201646,3.271604938662655e-09,-1.2355967078424662e-09,7.983539094505705e-09,0.08136839552957895,9,0.5756113044911487,0.0,0.0,0.0,,9,0.2825549405721955,2.1208671028382703e-09,-9.805206370229799e-10,5.7406304463544525e-09,0.09078618109963452,7.0
stage13_steering,dev,decoder/random/per_language@+0.25,steering_random_control,1337,macro_over_languages,243,9,0.41513660712275136,-5.089798941809117e-08,-1.431505542329426e-07,2.4865888888157833e-08,-0.08014722099888293,7.0,0.8223073732139919,0.00093577732510288,-4.774691360485805e-09,0.002807336676954733,0.06414990810155516,9,0.5798666151705318,0.0013393770972890205,0.0,0.004018131291867062,0.06415002990995843,9,0.28832480968770297,-4.9154209612209615e-08,-1.3470513030847914e-07,1.6683256966407885e-08,-0.0909871114127088,7.0
stage13_steering,dev,decoder/random/per_language@+0.25,steering_random_control,2024,macro_over_languages,243,9,0.4321980503495767,-1.2300009100529902e-05,-3.6983096417992075e-05,8.502839550188166e-08,-0.07259391593648312,7.0,0.823903563473251,0.00011767674897119236,2.7983539102193904e-09,0.0003530147438271589,0.06415554927818207,9,0.5719860509260184,-0.000172068392095168,-0.000516205176285504,0.0,-0.06415002990995843,9,0.2998545130880713,-9.501215149497504e-06,-2.858622866415458e-05,6.708219997532887e-08,-0.07254205923668175,7.0
stage13_steering,dev,decoder/random/per_language@+0.50,steering_random_control,42,macro_over_languages,243,9,0.4000682288875661,-0.00415334819058201,-0.012461364117671956,8.813871071428673e-07,-0.07273153828721567,7.0,0.8393192871481482,0.0010546656995884776,1.0699588476303283e-09,0.003128390165123458,0.06636041823805706,9,0.5754875353605817,-0.00012376913056702635,-0.00036015500620831367,0.0,-0.07018804410451425,9,0.27977240206010073,-0.0027825363912276544,-0.008348104014770569,4.906166671487731e-07,-0.07273495953794769,7.0
stage13_steering,dev,decoder/random/per_language@+0.50,steering_random_control,1337,macro_over_languages,243,9,0.4151366442248678,-1.3795873015988676e-08,-3.1704970900044334e-08,-1.0704761905052599e-10,-0.11841949143787818,7.0,0.8223040134444446,0.0009324175555555554,-6.724907407407372e-06,0.0028073369773662553,0.06391822681242092,9,0.5802814774389179,0.0017542393656750268,0.0,0.00526271809702508,0.08035208486192158,9,0.2883248483632221,-1.0478690486496064e-08,-2.5627811871186498e-08,-6.198848715604864e-10,-0.10659100543568899,7.0
stage13_steering,dev,decoder/random/per_language@+0.50,steering_random_control,2024,macro_over_languages,243,9,0.4321980266035979,-1.2323755079365099e-05,-3.6973558947089954e-05,1.7367791004950965e-09,-0.07273517177373384,7.0,0.8239035535967079,0.00011766687242798357,-3.2520576134843974e-09,0.000353001456790124,0.06415027770677002,9,0.5719860509260184,-0.000172068392095168,-0.000516205176285504,0.0,-0.06415002990995843,9,0.2998544861604349,-9.528142785850224e-06,-2.8582992586048373e-05,6.457142345037105e-10,-0.07274915562450317,7.0
stage13_steering,dev,decoder/random/per_language@+1.00,steering_random_control,42,macro_over_languages,243,9,0.41020458210031746,0.005983005022169313,-0.008307139610896826,0.02141426837312565,0.05243210526353368,7.0,0.8379069395308641,-0.00035768191769547445,-0.0035712715746913574,0.002598488620164607,-0.014605210602751953,9,0.5753623578261217,-0.0002489466650272115,-0.0014765703629979427,0.0006457166012705047,-0.0283453325768153,9,0.28425240404373453,0.0016974655924061632,-0.007457676092814612,0.011469217257440116,0.026615872337236852,7.0
stage13_steering,dev,decoder/random/per_language@+1.00,steering_random_control,1337,macro_over_languages,243,9,0.41515012529343914,1.34672726984127e-05,-2.7518002645497908e-08,4.042932645502646e-05,0.07268991325625705,7.0,0.8223053603580248,0.0009337644691358024,-0.0028794768944444453,0.005141073876543211,0.029236819958429697,9,0.5803281443786721,0.0018009063054292625,-0.0014598186050919452,0.005660708787025743,0.06343364266746152,9,0.2883365769694889,1.1718127576397824e-05,-1.269644362005869e-06,3.6425182546715704e-05,0.07014957610138059,7.0
stage13_steering,dev,decoder/random/per_language@+1.00,steering_random_control,2024,macro_over_languages,243,9,0.4321980286216931,-1.2321736984127203e-05,-3.6973325891534394e-05,7.940493385590966e-09,-0.07272319604098994,7.0,0.8239035535967079,0.00011766687242798449,-9.05349793305265e-10,0.00035300065946502086,0.06415027771889634,9,0.5719860509260184,-0.000172068392095168,-0.000516205176285504,0.0,-0.06415002990995843,9,0.2998544888144693,-9.52548875152344e-06,-2.8581153521496557e-05,4.333840885543213e-09,-0.07272878321821452,7.0
stage13_steering,dev,decoder/random/per_language@-0.50,steering_random_control,42,macro_over_languages,243,9,0.40935260665714285,0.0051310295789947094,-9.542135476194956e-07,0.015394218464026454,0.07273271525831591,7.0,0.8387847633209877,0.0005201418724279838,2.354938271336287e-09,0.001260965207304527,0.09527445897328665,9,0.5752344395900081,-0.0003768649011407444,-0.0010699725882655857,0.0,-0.06952048786693789,9,0.28579178773649905,0.003236849285170678,-0.0003064825214327835,0.010170196899340102,0.06936491021688222,7.0
stage13_steering,dev,decoder/random/per_language@-0.50,steering_random_control,1337,macro_over_languages,243,9,0.41519433967978847,5.768165904761871e-05,-4.568351322719267e-08,0.0001694315249259237,0.07915424200147994,7.0,0.8220174581111113,0.000645862222222221,-1.0545067901237738e-05,0.0016160177047325102,0.10377453460883314,9,0.5795451568562007,0.0010179187829579522,0.0002573536373813803,0.0021549490749157114,0.12321299706300776,9,0.2893991769141844,0.001074318072271801,-5.1143957109145675e-08,0.00246150836475847,0.12262894893382248,7.0
stage13_steering,dev,decoder/random/per_language@-0.50,steering_random_control,2024,macro_over_languages,243,9,0.4322103786470371,2.8288359788423717e-08,-4.346340476288006e-08,9.634937830725941e-08,0.0550713619894645,7.0,0.8237858902839507,3.5596707790199214e-09,-7.2949588532072765e-09,1.412407407051186e-08,0.038792448559847925,9,0.5721581193181136,0.0,0.0,0.0,,9,0.2998640410417006,2.6738479781729862e-08,-2.7740048522086258e-08,8.585164993438878e-08,0.06310822724186317,7.0
stage13_steering,dev,decoder/random/per_language@-1.00,steering_random_control,42,macro_over_languages,243,9,0.40935246949396825,0.0051308924158201055,-1.0914502354504246e-06,0.015394366501886242,0.07273076060463451,7.0,0.8381669454197531,-9.767602880658413e-05,-0.0019299603852880648,0.0010652866352880664,-0.00826595674514655,9,0.5753228888213551,-0.00028841566979364376,-0.0010636725652469685,0.00017043690062382464,-0.05172110897244863,9,0.2857917405091909,0.0032368020578624457,-0.0004596141311736484,0.010170169444971573,0.06936389324689925,7.0
stage13_steering,dev,decoder/random/per_language@-1.00,steering_random_control,1337,macro_over_languages,243,9,0.4151944331944445,5.777517370370322e-05,7.29856613760849e-09,0.00017280894131084529,0.07928330594964624,7.0,0.8217991702921812,0.00042757440329217793,-0.00033066366975308955,0.0014592487798353875,0.060110089362050645,9,0.579581734126996,0.0010544960537532703,0.00026009693269102665,0.002210756814303762,0.12740701742559726,9,0.2893991900500257,0.001074331208113128,-8.695039954303208e-09,0.0024360530140422657,0.1226305862974276,7.0
stage13_steering,dev,decoder/random/per_language@-1.00,steering_random_control,2024,macro_over_languages,243,9,0.4322103791717461,2.8813068782854554e-08,-3.967094444533716e-08,1.0650956349132193e-07,0.05610171679267275,7.0,0.8237858792263375,-7.497942388010333e-09,-2.0277572017206876e-08,3.607613167435398e-09,-0.0771248978321108,9,0.5721581193181136,0.0,0.0,0.0,,9,0.2998640412575296,2.6954308755598215e-08,-2.6710499700444098e-08,9.740871343727659e-08,0.06359327506760093,7.0
stage13_steering,dev,decoder/random/pooled_african@+0.25,steering_random_control,42,macro_over_languages,243,9,0.4000675384695238,-0.004154037472169312,-0.012461863848997353,4.423280423176797e-11,-0.07274367315437201,7.0,0.8385458039382716,0.00028117728395061754,0.0,0.000807930041152264,0.07273284007017326,9,0.5755698410480777,-4.146344307108912e-05,-0.00011343810088532163,0.0,-0.08246584628306118,9,0.2797722897672725,-0.0027826460212094888,-0.008348104440192027,1.6626779045785214e-07,-0.07273784059830052,7.0
stage13_steering,dev,decoder/random/pooled_african@+0.25,steering_random_control,1337,macro_over_languages,243,9,0.41513662249391536,0.0,0.0,0.0,,7.0,0.8213715903045269,-3.670781894070265e-09,-7.626543211055015e-09,-1.6358024817242586e-10,-0.11847508216093668,9,0.5785272380732427,0.0,0.0,0.0,,9,0.28832482716204283,-1.3900815765955633e-09,-3.321104465760542e-09,3.541584229880124e-10,-0.09953802462847067,7.0
stage13_steering,dev,decoder/random/pooled_african@+0.25,steering_random_control,2024,macro_over_languages,243,9,0.4321980760468784,-1.2325787619047627e-05,-3.697738656084658e-05,2.3703703703067294e-11,-0.07274723140725009,7.0,0.8239035516625516,0.00011766613168724208,-2.4701646098149913e-09,0.00035300111316872296,0.06414987220394791,9,0.5719860509260184,-0.000172068392095168,-0.000516205176285504,0.0,-0.06415002990995843,9,0.29985452904549975,-9.528900338648425e-06,-2.8584202203255868e-05,-2.0529552382003037e-10,-0.07275497047388878,7.0
stage13_steering,dev,decoder/random/pooled_african@+0.50,steering_random_control,42,macro_over_languages,243,9,0.40006749145820103,-0.004154084483492064,-0.012461709690845237,-1.548689285952768e-08,-0.07274450077239554,7.0,0.8385458039382716,0.00028117728395061754,0.0,0.000807930041152264,0.07273284007017326,9,0.5755698410480777,-4.146344307108912e-05,-0.00011323794372050199,0.0,-0.08246584628306118,9,0.2797722532192189,-0.0027826825692630983,-0.008348172271840404,1.0937403680379601e-07,-0.07273880103401027,7.0
stage13_steering,dev,decoder/random/pooled_african@+0.50,steering_random_control,1337,macro_over_languages,243,9,0.4151894550689947,5.283257507936542e-05,-3.2146731480932205e-08,0.0001598837086481469,0.07276525642766837,7.0,0.8222502345925926,0.000878640617283949,-0.00043830186090535193,0.0029693497410493807,0.057808032649921424,9,0.5795903468500514,0.0010631087768086921,-0.0008204390114264872,0.00415197522133056,0.04842315713628888,9,0.2886238074767559,0.00029897892463154704,-6.085003373628184e-07,0.0008977309691290574,0.07267474406328094,7.0
stage13_steering,dev,decoder/random/pooled_african@+0.50,steering_random_control,2024,macro_over_languages,243,9,0.43219805475317463,-1.2347081322751317e-05,-3.701643789550319e-05,-1.2214034391523927e-09,-0.07287348511418962,7.0,0.8239035543580249,0.00011766882716049323,-1.3168724294634399e-09,0.0003530037510288064,0.06415134779739338,9,0.5719860509260184,-0.000172068392095168,-0.000516205176285504,0.0,-0.06415002990995843,9,0.2998545156164105,-9.542329427910385e-06,-2.8611303391727906e-05,9.894823017596254e-11,-0.07285797111018044,7.0
stage13_steering,dev,decoder/random/pooled_african@+1.00,steering_random_control,42,macro_over_languages,243,9,0.3900220166034921,-0.014199559338201058,-0.03013786248759524,-1.718356415338839e-07,-0.1260543721653089,7.0,0.8419157022510289,0.0036510755967078187,0.00030140959979424047,0.00794531116460905,0.11470498000522597,9,0.5770098679371009,0.0013985634459521502,-0.00015328288789316283,0.0036770189383056296,0.08835729471880811,9,0.2736597562489924,-0.008895179539489534,-0.020683223079257643,1.2912332890200836e-07,-0.12033618656582581,7.0
stage13_steering,dev,decoder/random/pooled_african@+1.00,steering_random_control,1337,macro_over_languages,243,9,0.415204267758201,6.764526428571508e-05,1.414399735523883e-08,0.00018677718797751396,0.09037632909534338,7.0,0.8224844126008232,0.0011128186255144007,-0.00024782087314815013,0.0032356833316872415,0.07126142576811624,9,0.5796278615246856,0.001100623451442914,-0.0009028168972234585,0.004524888816834276,0.049871507620360835,9,0.28853459959484545,0.0002097710427210676,-0.0002681814832335814,0.0009170165806119859,0.04818860498650144,7.0
stage13_steering,dev,decoder/random/pooled_african@+1.00,steering_random_control,2024,macro_over_languages,243,9,0.43219755409296295,-1.2847741534391527e-05,-3.8481584715607936e-05,-3.027526454749588e-09,-0.07578230947117484,7.0,0.8238914224485598,0.00010553691769547133,-3.637652911523042e-05,0.000352995730555555,0.05720997650866962,9,0.5719860509260184,-0.000172068392095168,-0.000516205176285504,0.0,-0.06415002990995843,9,0.29985426505105406,-9.79289478428829e-06,-2.9107326748001653e-05,-1.819519869819962e-09,-0.07475580599046526,7.0
stage13_steering,dev,decoder/random/pooled_african@-0.50,steering_random_control,42,macro_over_languages,243,9,0.4093527730075661,0.005131197065873017,-5.905636111111705e-07,0.015394376716666668,0.07273510209628505,7.0,0.8385895639176955,0.00032493726337448414,-1.2094341563294575e-08,0.0008746672454732499,0.08155366335074371,9,0.5753467383168631,-0.00026456617428569665,-0.001039661530687262,0.000245963007830172,-0.04761381382817224,9,0.2857917349799536,0.0032367991914715637,-0.0003103208846209443,0.010170112000281166,0.06936381847706866,7.0
stage13_steering,dev,decoder/random/pooled_african@-0.50,steering_random_control,1337,macro_over_languages,243,9,0.41513662249391536,0.0,0.0,0.0,,7.0,0.8216958870617286,0.0003242930864197537,-1.1543209876092713e-09,0.0009728766676954741,0.06415050401409622,9,0.5788825127289984,0.0003552746557556958,0.0,0.0010658239672670874,0.06415002990995843,9,0.2883248275377448,-1.0143795847841225e-09,-4.063704845040066e-09,1.0199955081476093e-09,-0.05276145143314656,7.0
stage13_steering,dev,decoder/random/pooled_african@-0.50,steering_random_control,2024,macro_over_languages,243,9,0.4325905446183598,0.00038014278386243376,-5.2317711640251475e-08,0.0011404812399470898,0.072735981520708,7.0,0.8236290883292182,-0.0001567972016460901,-0.0004703967911522636,4.404320987446303e-09,-0.06414938748000523,9,0.5723699798852712,0.00021186056715746929,0.0,0.0006355817014724079,0.06415002990995843,9,0.3001654948385623,0.0003014368927239196,-2.8209864760863596e-08,0.0009043517545253827,0.0727360251529594,7.0
stage13_steering,dev,decoder/random/pooled_african@-1.00,steering_random_control,42,macro_over_languages,243,9,0.4134076957444973,0.009186119802804234,-0.002444807244458994,0.026089568547,0.08963603173821598,7.0,0.836967744691358,-0.0012968819629629643,-0.00387602263302469,0.00040387071491769386,-0.07570891330595216,9,0.5750358222294931,-0.0005754822616556091,-0.0025067141976734346,0.0008899744681203637,-0.04381023786852301,9,0.28831920372482994,0.0057642679363479315,-0.0022758607760352046,0.01669177471982258,0.08305206157513163,7.0
stage13_steering,dev,decoder/random/pooled_african@-1.00,steering_random_control,1337,macro_over_languages,243,9,0.4151352237108466,-1.3987830687831415e-06,-4.520634920634507e-06,3.2428571428508256e-07,-0.0673227645409851,7.0,0.8207282393868313,-0.0006433545884773657,-0.0034617298703703706,0.0011589129336419747,-0.03381832456067307,9,0.5794507025634439,0.0009234644902012368,7.265656628255301e-05,0.002033268134344077,0.11785812786152387,9,0.2889217462769966,0.0005969177248721996,-4.4622806776119024e-09,0.0016843508959823235,0.08696475052885048,7.0
stage13_steering,dev,decoder/random/pooled_african@-1.00,steering_random_control,2024,macro_over_languages,243,9,0.4325905394657143,0.0003801376312169311,-4.901047486764591e-08,0.001140473943206349,0.07273499036104354,7.0,0.8236290891522634,-0.0001567963786008235,-0.000474318658436209,6.99691358085588e-09,-0.06414904935290631,9,0.5723699798852712,0.00021186056715746929,0.0,0.0006355817014724079,0.06415002990995843,9,0.3001654919935883,0.0003014340477499055,-4.197709956089373e-08,0.0009043448009269895,0.07273533500571716,7.0
stage13_steering,dev,decoder/random/pooled_all_balanced@+0.25,steering_random_control,42,macro_over_languages,243,9,0.4051990337108994,0.0009774566543386245,-0.012461613706531744,0.01539447547171561,0.010741513513844355,7.0,0.8385706938559673,0.0003060797325102914,1.0620884775840611e-08,0.000836833086213994,0.07881533532412435,9,0.5755698410480777,-4.146344307108912e-05,-0.00011323794372050199,0.0,-0.08246584628306118,9,0.2831623318623548,0.0006073954071948364,-0.007755944881518588,0.010170173340406551,0.010047447842843771,7.0
stage13_steering,dev,decoder/random/pooled_all_balanced@+0.25,steering_random_control,1337,macro_over_languages,243,9,0.41518942092550265,5.2798431587301425e-05,-5.4505747354783264e-08,0.00015845487850793625,0.07271799489548304,7.0,0.8218578977407408,0.00048630430041152266,-2.243827160326481e-09,0.0012969003945473244,0.08619952603766372,9,0.5790163566584619,0.0004891185852191944,0.0,0.0013335118261940848,0.08275995697576706,9,0.28862405289027065,0.0002992266730181555,-4.940417001805131e-08,0.0008977372257043241,0.07273532163101538,7.0
stage13_steering,dev,decoder/random/pooled_all_balanced@+0.25,steering_random_control,2024,macro_over_languages,243,9,0.432210375288201,-1.1123280423448908e-08,-7.055728042303808e-08,4.1271047619821175e-08,-0.02848113996768411,7.0,0.8237858972181069,9.629629627302309e-09,-5.761316901491426e-10,2.033024691335903e-08,0.11855976754513987,9,0.5721581193181136,0.0,0.0,0.0,,9,0.2998640401980611,-6.0718574419045916e-09,-4.68464137349332e-08,3.729678279694852e-08,-0.0205080723101484,7.0
stage13_steering,dev,decoder/random/pooled_all_balanced@+0.50,steering_random_control,42,macro_over_languages,243,9,0.4051990323516402,0.0009774552950793656,-0.012461615150052908,0.015394235572022488,0.010741498574874957,7.0,0.8382360776419753,-2.8536481481478618e-05,-0.0009326245757201616,0.0007723334784979447,-0.004377544076451302,9,0.5757262380111808,0.0001149335200319619,-8.292688614217823e-05,0.00046919088930915304,0.046122685987035415,9,0.28316233009513975,0.0006073936399797203,-0.007740766880527365,0.010170111624747324,0.010047418606858087,7.0
stage13_steering,dev,decoder/random/pooled_all_balanced@+0.50,steering_random_control,1337,macro_over_languages,243,9,0.4151894470770371,5.282458312169311e-05,-4.413669312159167e-08,0.0001584623487235448,0.07275419044593329,7.0,0.8216387516913581,0.00026715825102880666,-0.0004954257186213991,0.0011348919320987663,0.04040802251609925,9,0.578606244408518,7.900633527536737e-05,-0.0010964928203679827,0.0011120810999018873,0.009050589837276777,9,0.2886238040837854,0.0002989778665329403,-6.025949272641348e-07,0.0008977561403116824,0.07267448549322703,7.0
stage13_steering,dev,decoder/random/pooled_all_balanced@+0.50,steering_random_control,2024,macro_over_languages,243,9,0.43221039077328044,4.361798942126302e-09,-8.024597354581932e-08,1.0728125264564485e-07,0.006619963733060365,7.0,0.8264595231440329,0.0026736355555555553,-5.679012345442544e-09,0.008020910951646093,0.06415002693549299,9,0.5730365958428388,0.0008784765247252678,0.0,0.0026354295741758036,0.0641500299099584,9,0.2998645948651932,5.485952745682622e-07,-6.915720226845922e-08,1.7375581649726106e-06,0.06851148618293174,7.0
stage13_steering,dev,decoder/random/pooled_all_balanced@+1.00,steering_random_control,42,macro_over_languages,243,9,0.4104819319839682,0.006260354927407407,-0.008307826209939152,0.02196119725235317,0.05379084190761821,7.0,0.8383554784609054,9.086433744856069e-05,-0.0010549586028806568,0.0011271975483539104,0.01057307887635541,9,0.5759609532416852,0.0003496487505363599,-0.00018138963608339706,0.0011546402140691571,0.061252212140576044,9,0.28675206434266076,0.004197127887500752,-0.005565345034488485,0.017149940940536266,0.05380210086049712,7.0
stage13_steering,dev,decoder/random/pooled_all_balanced@+1.00,steering_random_control,1337,macro_over_languages,243,9,0.4152010878720635,6.446537814814846e-05,-3.6783041746036284e-06,0.0001859415102420633,0.08606856347049577,7.0,0.8222429070000001,0.0008713135596707825,-2.093070216049358e-05,0.0020399952366255162,0.1023596453061709,9,0.5785717429079548,4.450483471198902e-05,-0.00118744934609029,0.0011862055671283997,0.004864202178011913,9,0.2886463560724347,0.0003215298551822149,-8.398978248730839e-07,0.0009541845106181761,0.07806339882012668,7.0
stage13_steering,dev,decoder/random/pooled_all_balanced@+1.00,steering_random_control,2024,macro_over_languages,243,9,0.43221039353,7.1185185186261266e-09,-7.257222354485959e-08,1.1507688624324959e-07,0.010820303409577214,7.0,0.8264595231440328,0.0026736355555555557,-3.744855965883761e-09,0.00802090934670782,0.06415003090140256,9,0.5730365958428388,0.0008784765247252678,0.0,0.0026354295741758036,0.0641500299099584,9,0.2998645977545749,5.514846563285329e-07,-6.63227622238628e-08,1.7399603272050242e-06,0.06887439040737353,7.0
stage13_steering,dev,decoder/random/pooled_all_balanced@-0.50,steering_random_control,42,macro_over_languages,243,9,0.4042212784511111,-2.986054497356078e-07,-7.901801044977122e-07,3.902277777451794e-09,-0.0983930164920687,7.0,0.8385646833209877,0.00030006919753086593,6.9695473262416764e-09,0.0008497957117283992,0.0756359029131677,9,0.5753467383168631,-0.00026456617428569665,-0.001039661530687262,0.000245963007830172,-0.04761381382817224,9,0.28240169964208756,-0.0001532368130724309,-0.0004597111347148856,7.1353740988116426e-09,-0.07274126190627814,7.0
stage13_steering,dev,decoder/random/pooled_all_balanced@-0.50,steering_random_control,1337,macro_over_languages,243,9,0.4151367126438095,9.014989417985096e-08,-5.850795238196107e-08,3.297443386238571e-07,0.05878559256559566,7.0,0.8216852300041153,0.0003136365637860073,-3.910493825961691e-09,0.0008246420329218088,0.09058233314731601,9,0.5789426147180943,0.0004153766448514617,0.0,0.0010990329344726657,0.08724332442331478,9,0.2888125907758424,0.00048776455858996244,-5.06127094709554e-08,0.0014633461288598355,0.07273670013035688,7.0
stage13_steering,dev,decoder/random/pooled_all_balanced@-0.50,steering_random_control,2024,macro_over_languages,243,9,0.4321980540999471,-1.2332311534391146e-05,-3.7021316970899096e-05,3.3336544974323394e-08,-0.0727857617575723,7.0,0.8239035560864199,0.00011766849794238341,-5.1813786074183296e-09,0.00035300678590534547,0.06415116751700042,9,0.5719860509260184,-0.000172068392095168,-0.000516205176285504,0.0,-0.06415002990995843,9,0.29985451410411373,-9.532165804859091e-06,-2.8607964972162535e-05,2.4990759186909623e-08,-0.07277986692837533,7.0
stage13_steering,dev,decoder/random/pooled_all_balanced@-1.00,steering_random_control,42,macro_over_languages,243,9,0.40427413229640213,5.255523984126953e-05,-6.664310502651886e-07,0.0001585393128664024,0.07226163265174086,7.0,0.8375167012633745,-0.0007479128600823026,-0.0024789552279835376,0.0005260595324074078,-0.06003760424301676,9,0.5755832775459508,-2.8026945198012777e-05,-0.0009940574478426757,0.0007333675158496146,-0.003981464813699846,9,0.2824329272390689,-0.00012200921609113711,-0.0004597304274126873,6.255197540362559e-05,-0.056688664071432686,7.0
stage13_steering,dev,decoder/random/pooled_all_balanced@-1.00,steering_random_control,1337,macro_over_languages,243,9,0.4151367275981482,1.051042328043125e-07,-7.799338624077783e-09,3.2439537036973693e-07,0.07069441716420453,7.0,0.8226210176584364,0.0012494242181069924,1.0593106990740216e-08,0.0032645091733539077,0.08344528204727884,9,0.5802819918153832,0.0017547537421404823,0.0,0.004727701936881962,0.0820411772809804,9,0.28881261018342524,0.00048778396617274304,-2.579539239898613e-09,0.0014633527920695538,0.07273972636557578,7.0
stage13_steering,dev,decoder/random/pooled_all_balanced@-1.00,steering_random_control,2024,macro_over_languages,243,9,0.43219805472449735,-1.2331686984126874e-05,-3.701292773677247e-05,3.1949468254108846e-08,-0.07278205607795951,7.0,0.8239035472510288,0.00011765966255143835,-1.5320267491420293e-08,0.00035300561409464903,0.06414633067873426,9,0.5719860509260184,-0.000172068392095168,-0.000516205176285504,0.0,-0.06415002990995843,9,0.2998545144033627,-9.531866555950832e-06,-2.860624226555088e-05,2.5101115732331767e-08,-0.07277757098636642,7.0
stage13_steering,dev,decoder/random/pooled_non_african@+0.25,steering_random_control,42,macro_over_languages,243,9,0.4000675884714285,-0.004153988598835979,-0.012461763122551586,-2.7888888867743344e-11,-0.07274281280065578,7.0,0.8385499007283951,0.0002852815679012358,3.6449588485879273e-09,0.0008202277497942411,0.07260730145931885,9,0.5752535982620937,-0.00035770622905518607,-0.0010619663016727928,0.0,-0.06618896402735985,9,0.2796190015068172,-0.002935937217790921,-0.008807802745780307,-1.40732054057195e-09,-0.07665114692591966,7.0
stage13_steering,dev,decoder/random/pooled_non_african@+0.25,steering_random_control,1337,macro_over_languages,243,9,0.41513662249391536,-3.9190423280562705e-08,-1.2350705423310194e-07,1.0078988094981398e-08,-0.07460162077262271,7.0,0.8213715919629629,-3.2263374504308592e-09,-1.0471193417339309e-08,5.124588475774694e-09,-0.051174994360268324,9,0.5785272380732427,0.0,0.0,0.0,,9,0.28832482818894534,-3.120514062673253e-08,-1.0415372121528876e-07,9.518406480740762e-09,-0.06886008433299615,7.0
stage13_steering,dev,decoder/random/pooled_non_african@+0.25,steering_random_control,2024,macro_over_languages,243,9,0.43259056186460315,0.00038018915693121706,2.2532843917123207e-09,0.0011405568986653442,0.07274490165047462,7.0,0.8236290876707819,-0.00015679946502057725,-0.0004704000545267511,4.940329217351284e-09,-0.0641503172906214,9,0.5723699798852712,0.00021186056715746929,0.0,0.0006355817014724079,0.06415002990995843,9,0.30016550748878496,0.0003014722994580561,8.050127472162383e-10,0.0009043979606211764,0.07274461413639194,7.0
stage13_steering,dev,decoder/random/pooled_non_african@+0.50,steering_random_control,42,macro_over_languages,243,9,0.40006754499735453,-0.004154032072910053,-0.012461801793433864,-1.0761973546444074e-08,-0.07274357814629002,7.0,0.8385499007283951,0.0002852815679012358,3.5420781891636036e-09,0.0008202209335390978,0.07260730145931885,9,0.5752535982620937,-0.00035770622905518607,-0.0010619663016727928,0.0,-0.06618896402735985,9,0.2796189671808931,-0.00293597154371503,-0.00865459833872105,-4.189802168645075e-09,-0.0766520483918081,7.0
stage13_steering,dev,decoder/random/pooled_non_african@+0.50,steering_random_control,1337,macro_over_languages,243,9,0.4151894723608466,5.2810676507936676e-05,-6.351580687287837e-09,0.00015843960908730153,0.07273495871390119,7.0,0.822469383069959,0.001097787880658434,-7.076337450906172e-09,0.0031313606429012324,0.07420457075550156,9,0.5800004590999953,0.001473221026752519,0.0,0.004285819150794058,0.07023957266993792,9,0.28862410150550155,0.0002992421114156217,-5.374147948453776e-09,0.0008977311765268486,0.07273909451983136,7.0
stage13_steering,dev,decoder/random/pooled_non_african@+0.50,steering_random_control,2024,macro_over_languages,243,9,0.4325905243961376,0.0003801516884656084,-6.17311071435732e-08,0.0011404981325687836,0.07273769419116109,7.0,0.8233724005308642,-0.0004134866049382728,-0.0010836663976337456,4.03446502289717e-09,-0.08834759833575519,9,0.5715452739593102,-0.0006128453588033557,-0.002474117777882475,0.0006355817014724079,-0.046125309687226806,9,0.3001649870770173,0.0003009518876904245,-1.5001185157343526e-06,0.0009043350445832903,0.07261827056670425,7.0
stage13_steering,dev,decoder/random/pooled_non_african@+1.00,steering_random_control,42,macro_over_languages,243,9,0.4053504231648677,0.0011288460946031742,-0.011332664984734127,0.01584828249716402,0.012186889333374338,7.0,0.8383027465308642,3.8127370370371256e-05,-0.0007058353425925913,0.00074901965740741,0.0069125651782516746,9,0.5755755440734004,-3.576041774842721e-05,-0.0010399403403245808,0.0009189822122108372,-0.004838471549918876,9,0.28320867770082736,0.0006537389762192913,-0.008348162834708876,0.010462665097583113,0.010436447643942746,7.0
stage13_steering,dev,decoder/random/pooled_non_african@+1.00,steering_random_control,1337,macro_over_languages,243,9,0.41520294829873017,6.628661439153486e-05,-5.167546296259723e-09,0.00019917863004629597,0.08857355119455283,7.0,0.8225777902139919,0.001206195024691356,-0.00012514976039094969,0.0036179689721193386,0.07855907718340062,9,0.5800087763942684,0.0014815383210256671,-0.00011121753874696084,0.004279977143678073,0.07012156609194385,9,0.28863624238021796,0.00031138298613202534,-4.03431272848847e-09,0.0009220101542464053,0.07564434887420875,7.0
stage13_steering,dev,decoder/random/pooled_non_african@+1.00,steering_random_control,2024,macro_over_languages,243,9,0.4325905643406349,0.0003801916329629632,-3.207977248739544e-08,0.0011405571574867723,0.07274537735975296,7.0,0.8260460336419753,0.0022601465061728374,-0.0008838800129629651,0.008020906965534978,0.05385625940256797,9,0.5724237504840355,0.00026563116592191207,-0.0022622572107250057,0.0026931524221500687,0.0139010802086241,9,0.3001655685884495,0.0003015333991226727,-1.0029086725302247e-06,0.0009050409516741383,0.07275919633994068,7.0
stage13_steering,dev,decoder/random/pooled_non_african@-0.50,steering_random_control,42,macro_over_languages,243,9,0.4042213285491005,-2.485211640211639e-07,-7.454810542328047e-07,-3.082010580881773e-13,-0.07275331020317165,7.0,0.83851018836214,0.0002455692016460895,-1.1371399178383663e-08,0.0007367238971193401,0.06414838484535372,9,0.5755809934335704,-3.031105757832374e-05,-9.093317273497122e-05,0.0,-0.06415002990995841,9,0.2825549922069327,5.3482324551091725e-08,-4.223693938201556e-09,1.6596758198846898e-07,0.07003312807911616,7.0
stage13_steering,dev,decoder/random/pooled_non_african@-0.50,steering_random_control,1337,macro_over_languages,243,9,0.4151367127962434,5.1111904761554456e-08,-1.2230563492119948e-07,3.17156001321388e-07,0.03197509072080307,7.0,0.8214660844444446,9.448925514403235e-05,-0.0005144851279835377,0.0006804487170781888,0.019369670134661645,9,0.5785325024681505,5.264394907634623e-06,-0.0010867855648791108,0.0009519359343909463,0.0006586613749904026,9,0.28881231512065164,0.00048745572656568113,-8.81726090901208e-07,0.0014633145551926265,0.07269038820199739,7.0
stage13_steering,dev,decoder/random/pooled_non_african@-0.50,steering_random_control,2024,macro_over_languages,243,9,0.4321980569691534,-1.2315738518518405e-05,-3.697665204232809e-05,2.284646825397127e-08,-0.07268758191236106,7.0,0.8239035541728396,0.00011766703703703698,-3.415637860351854e-09,0.0003530032119341554,0.06415036781505966,9,0.5719860509260184,-0.000172068392095168,-0.000516205176285504,0.0,-0.06415002990995843,9,0.29985451758006804,-9.51760925884047e-06,-2.8582146172671486e-05,2.127993329415643e-08,-0.07266827589328131,7.0
stage13_steering,dev,decoder/random/pooled_non_african@-1.00,steering_random_control,42,macro_over_languages,243,9,0.40935272247772486,0.005131145407460317,-7.454330132275147e-07,0.015394474241904764,0.07273436590886177,7.0,0.8394449924362141,0.0011803732757201643,2.4888718518518185e-05,0.0029497995080246912,0.08466920305287977,9,0.5756423044012111,3.099991006230935e-05,-0.00011160987437106212,0.00022528630619408107,0.02209928649706833,9,0.28594502435222185,0.003390085627613709,-1.4315947182281148e-08,0.010170222849774388,0.07274033976653367,7.0
stage13_steering,dev,decoder/random/pooled_non_african@-1.00,steering_random_control,1337,macro_over_languages,243,9,0.4151367127962434,5.1111904761554456e-08,-1.2089872883583268e-07,3.220662777778187e-07,0.03197509072080307,7.0,0.8217903749423869,0.0004187797530864195,-0.0003703942880658442,0.001355366960905349,0.05964923207942451,9,0.5788877771239062,0.00036053905066333046,-0.0008202244998876541,0.0015155198556933095,0.03707867429385898,9,0.28881231348494296,0.00048745409085696134,-9.169075511881198e-07,0.0014633135118554998,0.07269014298623777,7.0
stage13_steering,dev,decoder/random/pooled_non_african@-1.00,steering_random_control,2024,macro_over_languages,243,9,0.4374841806071428,0.0052738078994709,-3.697193215079365e-05,0.015858397628952383,0.07256860887727583,7.0,0.8237137490288067,-7.213810699588545e-05,-0.0005694117705761331,0.00028086062139917606,-0.020684065530664663,9,0.5720077640894131,-0.000150355228700408,-0.000516205176285504,6.513949018428006e-05,-0.055585428314355576,9,0.30236138678182617,0.0024973515924993192,-2.8580716666957815e-05,0.007520636342003638,0.0724608596197395,7.0
stage13_steering,dev,decoder/sae/sae_features@+0.25,steering_sae_control,42,macro_over_languages,243,9,0.4030036663365079,-0.0012178687705820096,-0.003651494540985448,1.0813884921693817e-08,-0.07280388371923477,7.0,0.8380980411810699,-0.00016658547325102817,-0.0011869819115226294,0.0005181101862139913,-0.022892108788633025,9,0.5750128561393979,-0.0005984483517508994,-0.002087625562552462,0.00031255152820179946,-0.05494806435806625,9,0.281493209578439,-0.0010616929480491482,-0.003184213046196607,8.765256286958963e-09,-0.07276937935265734,7.0
stage13_steering,dev,decoder/sae/sae_features@+0.25,steering_sae_control,1337,macro_over_languages,243,9,0.41514140180984127,4.779315925925743e-06,-8.301817195773272e-08,1.441473897089912e-05,0.07223365167145113,7.0,0.8199799102098766,-0.001391682860082303,-0.004669038585905349,-1.2597736613818584e-09,-0.07555708570111089,9,0.5786048999996611,7.766192641843398e-05,-0.0010030831264382356,0.0009872298915491377,0.009269427631554184,9,0.2886118600208763,0.0002870326223808686,-8.698822862063553e-07,0.0008620216258079712,0.07265997642492546,7.0
stage13_steering,dev,decoder/sae/sae_features@+0.25,steering_sae_control,2024,macro_over_languages,243,9,0.4322098710430159,-5.086938095239983e-07,-1.5264252526457962e-06,5.7365343917182636e-09,-0.0738973931197659,7.0,0.8233738024855968,-0.0004120826131687265,-0.0012241541105967103,1.558127571590677e-08,-0.06607088759135953,9,0.5721827840437065,2.466472559292231e-05,0.0,9.865890237168924e-05,0.06415002990995841,9,0.2998637880709806,-2.535607209994547e-07,-7.565573211907924e-07,5.693049330966331e-09,-0.07370630207111098,7.0
stage13_steering,dev,decoder/sae/sae_features@+0.50,steering_sae_control,42,macro_over_languages,243,9,0.40814808901015875,0.003926553903068784,-0.002460542596601851,0.01535893000861905,0.05437437097055363,7.0,0.8365258610987654,-0.0017387655555555553,-0.0044370189619341565,0.0004192496954732507,-0.08891497811004892,9,0.5742593362794622,-0.0013519682116864898,-0.004433121288334532,0.0007789640911003655,-0.06228008228159064,9,0.283272228492141,0.0007173259656529158,-0.0031233945605155518,0.00524702595222019,0.025437765728594883,7.0
stage13_steering,dev,decoder/sae/sae_features@+0.50,steering_sae_control,1337,macro_over_languages,243,9,0.4147365530479365,-0.0004000694459788362,-0.0012666654581349201,4.832995772751223e-05,-0.0688330698026957,7.0,0.8205787346543211,-0.0007928584156378589,-0.0038288477749999984,0.0013293373556584368,-0.037559887387961156,9,0.5785816664590365,5.442838579384263e-05,-0.002082183023732115,0.002127796444536439,0.003101636331580515,9,0.28812870200135043,-0.00019612539714501575,-0.0013071272825636857,0.0007307122469059427,-0.027969499240526937,7.0
stage13_steering,dev,decoder/sae/sae_features@+0.50,steering_sae_control,2024,macro_over_languages,243,9,0.43748507308370366,0.005274693346878308,-4.6886982804181495e-07,0.015402741935476192,0.07577711751224962,7.0,0.8232994820329219,-0.0004864030658436221,-0.0015800205015432127,0.00024689817386831087,-0.06643226433314953,9,0.5719950123393132,-0.0001631069788003913,-0.0011622880051142404,0.0005345307529337106,-0.02341972145796433,9,0.3037138325255192,0.003849790893817568,-3.6465905582597454e-07,0.011499490283287615,0.07371163274968147,7.0
stage13_steering,dev,decoder/sae/sae_features@+1.00,steering_sae_control,42,macro_over_languages,243,9,0.43378960677592593,0.02956807166883598,0.00905117298898016,0.05599489552972354,0.17252554083570212,7.0,0.8359805243580248,-0.0022841022962962975,-0.005190662554320986,0.0002605095287037049,-0.0967663437935518,9,0.5749141055572049,-0.0006971989339438588,-0.005085099779786045,0.003050816221616468,-0.02308150625016281,9,0.3032268840159918,0.020671981489503662,0.004757877470082324,0.0408753881412426,0.16272927631354314,7.0
stage13_steering,dev,decoder/sae/sae_features@+1.00,steering_sae_control,1337,macro_over_languages,243,9,0.4096144416693121,-0.005522180824603175,-0.015804277941965598,4.066556160185099e-05,-0.07811406693288117,7.0,0.8184241139465022,-0.0029474791234567884,-0.006490191839094645,-4.259515257201502e-05,-0.11403501948086835,9,0.577440046993884,-0.001087191079358775,-0.0031538025820289817,0.0005854743272411179,-0.07072458589882484,9,0.28365601387144357,-0.004668813527051854,-0.013933034016999754,0.0003151837972393995,-0.07915131105213243,7.0
stage13_steering,dev,decoder/sae/sae_features@+1.00,steering_sae_control,2024,macro_over_languages,243,9,0.43582315287349194,0.0036127731366666672,-0.01464095255137698,0.023094955748556877,0.02590730547102222,7.0,0.827926614946502,0.004140729847736624,-0.000402727928292184,0.011060277988477364,0.08761923003780797,9,0.5736891006072536,0.001530981289140019,-0.0014491842672620398,0.00441629147089368,0.06073955892222947,9,0.301844667388048,0.001980625756346347,-0.011035398997612848,0.015007653730907882,0.021010191367387656,7.0
stage13_steering,dev,decoder/sae/sae_features@-0.50,steering_sae_control,42,macro_over_languages,243,9,0.4049220745719048,0.0007005394648148157,-0.02343149107112829,0.021544352267736752,0.004159768718014916,7.0,0.8375726071481482,-0.0006920195061728392,-0.0034868472047325095,0.00120803837654321,-0.03434868065523216,9,0.5743594218856348,-0.0012518826055139258,-0.0030027034366209076,0.00029804585209784707,-0.09066608943842108,9,0.2796211630524666,-0.002933739474021548,-0.018024095698694384,0.012282332537706862,-0.026335418027051687,7.0
stage13_steering,dev,decoder/sae/sae_features@-0.50,steering_sae_control,1337,macro_over_languages,243,9,0.4151947447628572,5.8122268941799397e-05,1.3558425661361053e-07,0.0001661164663399469,0.07985924503609,7.0,0.8257515077777777,0.0043799147078189314,0.0009733332134773647,0.008839627558847743,0.14140153740922784,9,0.5794673483355149,0.0009401102622721918,-0.002332909435304648,0.0048290894978982235,0.03242604099360954,9,0.2889769870719513,0.0006521596734558944,-0.00019298295409125876,0.00182824218802079,0.08141705442565172,7.0
stage13_steering,dev,decoder/sae/sae_features@-0.50,steering_sae_control,2024,macro_over_languages,243,9,0.4321979276072487,-1.2452129576719047e-05,-3.851884683994681e-05,1.2909839947103618e-06,-0.07324946153402627,7.0,0.8265855950576133,0.002799709958847733,3.3743827126898792e-09,0.00826485712397119,0.06712280654363453,9,0.5724782546718867,0.000320135353773252,-0.0013308867286657116,0.0024660094562559223,0.02102554763015113,9,0.29985379621355773,-1.0245418143894375e-05,-3.133756869482266e-05,1.2335826570224286e-06,-0.07730408304533869,7.0
stage13_steering,dev,decoder/sae/sae_features@-1.00,steering_sae_control,42,macro_over_languages,243,9,0.39480204136253966,-0.009419493744550263,-0.04021858634526719,0.020357443025228832,-0.04288663038175393,7.0,0.8414133300699589,0.00314870341563786,-0.0026030247911522624,0.010330781371399173,0.058263329680378874,9,0.5735039282465872,-0.00210737624456156,-0.006024405999292571,0.001709533283436401,-0.06645176010307745,9,0.269433687665302,-0.01312121486118614,-0.033011849800902465,0.006127311927092114,-0.08963436408198648,7.0
stage13_steering,dev,decoder/sae/sae_features@-1.00,steering_sae_control,1337,macro_over_languages,243,9,0.40990627484719583,-0.005230347646719576,-0.020985053398518513,0.00015865552402248575,-0.07196181839990075,7.0,0.8259228716419754,0.004551278572016459,0.0010318141027777763,0.008993656258230448,0.13914116072741334,9,0.5811577098442817,0.002630471771039008,-0.0007619708026288375,0.007042140163437393,0.0856860405912781,9,0.28510444355834136,-0.0032203838401540464,-0.011493837215284738,0.001506306015522453,-0.05979417856710155,7.0
stage13_steering,dev,decoder/sae/sae_features@-1.00,steering_sae_control,2024,macro_over_languages,243,9,0.43243768207756617,0.00022730234074074175,-0.015474994149599203,0.015381912851072755,0.0022385216607168326,7.0,0.8276259245514404,0.003840039452674896,9.263547705761108e-05,0.009882901340329216,0.08862512506639063,9,0.5726897457846388,0.0005316264665253123,-0.0012924798565550118,0.0029689518077628285,0.03077876306071814,9,0.29920729966275783,-0.0006567419689437824,-0.012676677024703223,0.010059787939191643,-0.008779624829686982,7.0
stage13_steering,dev,encoder/mean_diff/per_language@+0.25,steering_primary,42,macro_over_languages,243,9,0.4131408300880952,0.008919253031534392,-0.020798452428496032,0.03933567961416401,0.04024166239878419,7.0,0.8371525915925926,-0.0011120233209876522,-0.005952325168415637,0.003200066198456794,-0.029769121941461127,9,0.5681166761824863,-0.007494628308662474,-0.015192957073076347,-0.001684069370094764,-0.13879045600611525,9,0.2843440013513915,0.0017890641180799219,-0.017096723366456647,0.021379153423726364,0.012414439697590034,7.0
stage13_steering,dev,encoder/mean_diff/per_language@+0.25,steering_primary,1337,macro_over_languages,243,9,0.4217313971490476,0.006594774655132275,-0.006207261156724866,0.02391726176285053,0.061970310187621294,7.0,0.8208105284814816,-0.0005610654938271626,-0.00273714919135803,0.001667087565329213,-0.03235003930425835,9,0.57805885867096,-0.00046837940228276065,-0.0038985041192757274,0.00286301463176859,-0.017294030117385423,9,0.29190123402864815,0.0035764083272638095,-0.0028552906058471024,0.011277154395988398,0.06598170506299743,7.0
stage13_steering,dev,encoder/mean_diff/per_language@+0.25,steering_primary,2024,macro_over_languages,243,9,0.41856633406497357,-0.013644052250740741,-0.03973431648787698,0.012334273270115081,-0.07049414428884727,7.0,0.8233374505514404,-0.0004484369958847758,-0.004104558633744855,0.0024633735421810666,-0.01611507928658797,9,0.5693800292087269,-0.002778090109386581,-0.007192036942353498,0.0017923481683324034,-0.07391443837267757,9,0.28659119582350345,-0.013272849903301727,-0.03166357641860775,0.004415710820205057,-0.0974126114943755,7.0
stage13_steering,dev,encoder/mean_diff/per_language@+0.50,steering_primary,42,macro_over_languages,243,9,0.43098785964973546,0.026766282593174606,-0.004754727078929887,0.06022564840725923,0.11681965010272614,7.0,0.8262418173950618,-0.012022797518518518,-0.01947233802211934,-0.00477201867026749,-0.19319154256999377,9,0.5639419466582258,-0.011669357832922904,-0.020401600679451976,-0.0033119687815706764,-0.16633832688213038,9,0.29474552076903915,0.012190583535727568,-0.007011009120342724,0.031614868110891065,0.08533207258578462,7.0
stage13_steering,dev,encoder/mean_diff/per_language@+0.50,steering_primary,1337,macro_over_languages,243,9,0.4253915037100529,0.010254881216137565,-0.011780228721353099,0.036000893963371694,0.0579291407310038,7.0,0.8103658598559671,-0.011005734119341562,-0.017174802945679014,-0.005493333141152266,-0.20765254515654263,9,0.5708571735982403,-0.007670064475002487,-0.01457280165402488,-0.00162829337194146,-0.13045816299506668,9,0.28480818757756504,-0.0035166381238193422,-0.021585243595633522,0.012455845262984374,-0.027374756383891207,7.0
stage13_steering,dev,encoder/mean_diff/per_language@+0.50,steering_primary,2024,macro_over_languages,243,9,0.4438365168538624,0.011626130538148156,-0.02289887120021427,0.04897418886695502,0.04331223344133979,7.0,0.812760162526749,-0.011025725020576131,-0.01929215015432098,-0.0035704642057613175,-0.15875895858267014,9,0.561448238575575,-0.010709880742538595,-0.018093561016790292,-0.0030816220589068443,-0.16704446536189,9,0.2884415881052347,-0.011422457621570518,-0.03708528286244473,0.01296482934287643,-0.06367672176282212,7.0
stage13_steering,dev,encoder/mean_diff/per_language@+1.00,steering_primary,42,macro_over_languages,243,9,0.47477808909994706,0.07055651204338625,0.023917094898670648,0.11740240329427512,0.18666481268078655,7.0,0.736218362944033,-0.10204625196954734,-0.11147158905588478,-0.09287382583790124,-0.37551156761845544,9,0.49735557880938924,-0.07825572568175958,-0.08998582900810777,-0.06627950036036158,-0.35337332612044914,9,0.2247922918300775,-0.05776264540323401,-0.0931119417668572,-0.023177622388187703,-0.21248597133612568,7.0
stage13_steering,dev,encoder/mean_diff/per_language@+1.00,steering_primary,1337,macro_over_languages,243,9,0.4661009684257142,0.05096434593179893,0.007175802665485464,0.09498522160615341,0.142559182338752,7.0,0.7164160148613169,-0.10495557911399177,-0.11449949861697531,-0.09598323537195472,-0.39200906504958016,9,0.49560428468863127,-0.0829229533846115,-0.09361590153722323,-0.07197963913150808,-0.34946948724600047,9,0.1991281704050474,-0.08919665529633695,-0.12492957303881452,-0.05957880747135708,-0.3308605294969968,7.0
stage13_steering,dev,encoder/mean_diff/per_language@+1.00,steering_primary,2024,macro_over_languages,243,9,0.43976670059100526,0.00755631427529101,-0.041352223595558193,0.05501072625287434,0.019424306749324837,7.0,0.728972785798354,-0.0948131017489712,-0.10347129359866253,-0.08609538175925928,-0.3693183932171458,9,0.4944853724155157,-0.07767274690259784,-0.08720281766265729,-0.06702675851654048,-0.342477339529538,9,0.1993761007016471,-0.10048794502515812,-0.13881106221879086,-0.06631263090017181,-0.3576177523714532,7.0
stage13_steering,dev,encoder/mean_diff/per_language@-0.50,steering_primary,42,macro_over_languages,243,9,0.39902611882296296,-0.005195458233597882,-0.035491389264513236,0.02556177222955158,-0.024434287801247703,7.0,0.846312924308642,0.008048309395061732,0.00012796488580247293,0.01678109170576132,0.11712905197112823,9,0.5720268929931481,-0.003584411498000632,-0.011629456598544162,0.003972934939377059,-0.05434169791591369,9,0.2796504582499838,-0.002904478983327717,-0.0246222027189582,0.017997203983641998,-0.017953134520423443,7.0
stage13_steering,dev,encoder/mean_diff/per_language@-0.50,steering_primary,1337,macro_over_languages,243,9,0.41541520625613754,0.00027858376222222105,-0.03578355257946295,0.03631340460233333,0.001122288542270046,7.0,0.8253391707119342,0.003967576736625514,-0.004319522899588476,0.012823122165946499,0.05609453367970946,9,0.5784574915462621,-6.974652698066588e-05,-0.006161062283808022,0.005707489796770918,-0.001466586894498785,9,0.286011820473359,-0.0023130052280253784,-0.029822725209961643,0.02476328628849421,-0.012443593809228519,7.0
stage13_steering,dev,encoder/mean_diff/per_language@-0.50,steering_primary,2024,macro_over_languages,243,9,0.4201013809846561,-0.012109005331058197,-0.04387310376367722,0.02310355073007804,-0.050923570372221685,7.0,0.8336433590205761,0.009857471473251027,0.0017351133097736633,0.019880933269650205,0.12963976831007937,9,0.5724210009665593,0.00026288164844578656,-0.005404025608202248,0.00617445017406312,0.00552501340641034,9,0.2862726779376991,-0.013591367789106098,-0.034716735390118124,0.00798354137503927,-0.08488135104520979,7.0
stage13_steering,dev,encoder/mean_diff/per_language@-1.00,steering_primary,42,macro_over_languages,243,9,0.5786017924710053,0.17438021541444446,0.1086979354842897,0.23371304323746958,0.3537650746776814,7.0,0.683972698707819,-0.15429191620576127,-0.1740657405108025,-0.13294356108734567,-0.43825710509402666,9,0.4255636590723011,-0.15004764541884774,-0.1654933051336343,-0.1343069091218519,-0.50807211280644,9,0.2239194146693282,-0.05863552256398335,-0.09674607034383242,-0.022155514183840954,-0.20769211988043482,7.0
stage13_steering,dev,encoder/mean_diff/per_language@-1.00,steering_primary,1337,macro_over_languages,243,9,0.6360851079136507,0.2209484854197355,0.166766180798459,0.2715297117248955,0.4601294257485845,7.0,0.6314769557703703,-0.18989463820493827,-0.20614575955835387,-0.1729947385621091,-0.5614140848492313,9,0.4235325376592085,-0.15499470041403424,-0.17321935468647912,-0.13782909511152058,-0.5270966351440436,9,0.23294488701557745,-0.055379938685806894,-0.088952125584005,-0.02147271246788617,-0.21352310923562368,7.0
stage13_steering,dev,encoder/mean_diff/per_language@-1.00,steering_primary,2024,macro_over_languages,243,9,0.5288781626420106,0.09666777632629629,0.04216026764119182,0.1490116518992963,0.22227039402079096,7.0,0.6968672460660083,-0.1269186414813169,-0.14372254994648967,-0.10763410069526748,-0.4414262125270416,9,0.4706956914472644,-0.10146242787084918,-0.11715512942429465,-0.08596124077460661,-0.41470981452877836,9,0.23735899724160833,-0.06250504848519689,-0.10059682670816736,-0.024755457314977886,-0.22003418946409262,7.0
stage13_steering,dev,encoder/mean_diff/pooled_african@+0.25,steering_primary,42,macro_over_languages,243,9,0.4107013357406349,0.006479800851005291,-0.013986294907670635,0.027463460228461634,0.04132729281500587,7.0,0.8401072945884774,0.0018426679341563776,-0.003543507696193417,0.008971021760699586,0.03657477183787508,9,0.5769765842071802,0.0013652797160313783,-0.0005782385822201737,0.003979673659511445,0.07312206679326834,9,0.2852925332325102,0.002737630285544364,-0.010324347305089089,0.0165989215832196,0.028334634879580718,7.0
stage13_steering,dev,encoder/mean_diff/pooled_african@+0.25,steering_primary,1337,macro_over_languages,243,9,0.41940876818809525,0.004272145694179895,-0.0011913019233611103,0.013962179982835976,0.06660179269668212,7.0,0.8212083625102881,-0.000163228666666665,-0.003717945583127571,0.003314839175925927,-0.005738728551914811,9,0.5795603029911014,0.0010330649178586198,-0.00237850745545084,0.004946990303664228,0.03585879678919247,9,0.29150006669696454,0.00317523871019294,-0.0005113307765432744,0.009157113203910713,0.08046840203598381,7.0
stage13_steering,dev,encoder/mean_diff/pooled_african@+0.25,steering_primary,2024,macro_over_languages,243,9,0.44767560909645504,0.015465229894074077,-0.005273601765878302,0.036462415827458995,0.0973189590570377,7.0,0.822254526436214,-0.0015313611728395044,-0.005212799508230449,0.0009713185776748993,-0.06280519452911085,9,0.5713326333183052,-0.000825485999808351,-0.003867211186096718,0.002281769233312118,-0.03396405044575177,9,0.305444028938447,0.005579985934843028,-0.008207258563314761,0.019510147884261468,0.055204420192479085,7.0
stage13_steering,dev,encoder/mean_diff/pooled_african@+0.50,steering_primary,42,macro_over_languages,243,9,0.4167540651817461,0.012532530292116404,-0.014213519475541002,0.042999764314252634,0.05749055322335028,7.0,0.8410508662757203,0.0027862396213991763,-0.003680638022119339,0.010102957541872428,0.04799079953425241,9,0.5736341053252929,-0.0019771991658559087,-0.010666223673973838,0.005170733127205786,-0.03138847446688868,9,0.29175290963568434,0.0091980066887185,-0.013154247157731506,0.03009743011213847,0.0634267913553949,7.0
stage13_steering,dev,encoder/mean_diff/pooled_african@+0.50,steering_primary,1337,macro_over_languages,243,9,0.42391763387904763,0.008781011385132275,-0.014779184422730159,0.03467762500295634,0.05052968677679369,7.0,0.8224059952222222,0.0010344040452674905,-0.005100238530658434,0.008373542704012348,0.017960371768426953,9,0.5784249252516303,-0.00010231282161252828,-0.005150012028165914,0.004977743288064741,-0.002539279701543306,9,0.2932385576014747,0.004913729614703147,-0.012564774586895467,0.022464760162270867,0.03797035457948009,7.0
stage13_steering,dev,encoder/mean_diff/pooled_african@+0.50,steering_primary,2024,macro_over_languages,243,9,0.4531167532065608,0.020906374004179894,0.005219103524589947,0.0419047218784418,0.14839344089579315,7.0,0.8211269914814815,-0.0026588961275720168,-0.006074110127263373,-0.0004780089519547304,-0.1135249185558105,9,0.5720893200776301,-6.879924048338268e-05,-0.002567384824198555,0.0024815709012244213,-0.003395722425394177,9,0.30980363344827316,0.009939590444669128,0.0005600236739332331,0.022287618999201377,0.12922970102963086,7.0
stage13_steering,dev,encoder/mean_diff/pooled_african@+1.00,steering_primary,42,macro_over_languages,243,9,0.4171189014796825,0.012897366590052913,-0.020197301969358462,0.046770626776287044,0.05343121416933119,7.0,0.8370884348600823,-0.001176191794238687,-0.008630168643004116,0.007026493975720163,-0.018241717917741304,9,0.5721485703221512,-0.0034627341689976963,-0.012450478492909886,0.004523008111647399,-0.04990825109125463,9,0.29131262844543815,0.008757725498472256,-0.013647120808503171,0.03256754411211682,0.05424222576782006,7.0
stage13_steering,dev,encoder/mean_diff/pooled_african@+1.00,steering_primary,1337,macro_over_languages,243,9,0.4350046997994709,0.019868077305555554,-0.009871350318335982,0.05210985374786772,0.08713440580895399,7.0,0.8216239120205762,0.000252320843621397,-0.008592279867181064,0.008492946852469128,0.0037181192380901897,9,0.5762026343293126,-0.0023246037439301173,-0.009266370232112579,0.003962784095357388,-0.046039184669419454,9,0.2947765435277241,0.006451715540952484,-0.015347928913883181,0.027116776336414978,0.03968169745110347,7.0
stage13_steering,dev,encoder/mean_diff/pooled_african@+1.00,steering_primary,2024,macro_over_languages,243,9,0.42855873681365075,-0.003651642388730158,-0.03590156577843915,0.030007984901123008,-0.015928220489184984,7.0,0.8220650000123457,-0.001720887596707817,-0.009468281752674897,0.007721973364197527,-0.024443300237200535,9,0.5693535137442244,-0.0028046055738891198,-0.007780216575631592,0.0016559692973334298,-0.07264916470370777,9,0.2894751052139113,-0.010388937789692715,-0.03180456834429093,0.009351914789574945,-0.06817756692165908,7.0
stage13_steering,dev,encoder/mean_diff/pooled_african@-0.50,steering_primary,42,macro_over_languages,243,9,0.39199852197624335,-0.012223012913386243,-0.040950750970539684,0.017505727992519815,-0.054642684212125286,7.0,0.8400018466995884,0.0017372200452674905,-0.003441800857201648,0.006741156512139918,0.04107441945704371,9,0.5735036245333301,-0.0021076799578186017,-0.007433620560385671,0.0030664983869952175,-0.049824187891427694,9,0.27032973079308636,-0.012225172153879518,-0.03342597309548483,0.008253515577277836,-0.08002245708621776,7.0
stage13_steering,dev,encoder/mean_diff/pooled_african@-0.50,steering_primary,1337,macro_over_languages,243,9,0.41437953029322755,-0.0007570922006878301,-0.012552233362206339,0.014853553389015874,-0.0073597798833605205,7.0,0.8262167037613168,0.004845112584362143,-0.000820343325514401,0.010930456458950619,0.10427675892514018,9,0.5779277138715738,-0.0005995242016688635,-0.004181683109835854,0.002665998191481144,-0.02132776657270908,9,0.287214144812881,-0.0011106831738906418,-0.010925569987098958,0.008018994140899788,-0.015201815116350671,7.0
stage13_steering,dev,encoder/mean_diff/pooled_african@-0.50,steering_primary,2024,macro_over_languages,243,9,0.42088314629555545,-0.011327232906825396,-0.03492193001156746,0.009527304253531738,-0.07137047439326505,7.0,0.8279616211893005,0.004175733580246913,-0.0030008345224279832,0.011736546823765428,0.06852616174732303,9,0.5706925680498848,-0.0014655512682287134,-0.006748654367767492,0.004541910257887536,-0.032564681522103116,9,0.29108874405100454,-0.008775298952599467,-0.023968767647417382,0.004181587972931739,-0.08552247049160652,7.0
stage13_steering,dev,encoder/mean_diff/pooled_african@-1.00,steering_primary,42,macro_over_languages,243,9,0.3749022745413227,-0.02931926034830688,-0.06426419149627513,0.002349298596646825,-0.12532610636694702,7.0,0.8477366723169548,0.009472045662633747,-0.006093234107240735,0.023678576067201647,0.07203060492098197,9,0.5699287492608508,-0.0056825552302979905,-0.013195331064625187,0.0016750815661146464,-0.09470035926686371,9,0.25822612898469083,-0.024328773962275004,-0.04999561415119479,-0.001976735634482067,-0.13916020927147363,7.0
stage13_steering,dev,encoder/mean_diff/pooled_african@-1.00,steering_primary,1337,macro_over_languages,243,9,0.42861139585624347,0.013474773362328041,-0.02018667806467196,0.048173164012525124,0.057105067338262434,7.0,0.8250890071358025,0.003717415958847737,-0.0071976996068929995,0.014759914432407397,0.04019887795408721,9,0.5735368169071394,-0.004990421166103276,-0.01291780223793906,0.0025477635231168803,-0.0828205902487503,9,0.29613917747126006,0.007814349484488427,-0.01735401978065326,0.03296145455440809,0.046225200178781116,7.0
stage13_steering,dev,encoder/mean_diff/pooled_african@-1.00,steering_primary,2024,macro_over_languages,243,9,0.40166583950312174,-0.030544539699259254,-0.06837841158390076,0.006261638884681201,-0.12239831227142559,7.0,0.8328431328024691,0.00905724519341564,0.0012041592250000039,0.01793248023930041,0.1389592313528757,9,0.5722254546138761,6.733529576256429e-05,-0.007125696043473917,0.007634904155481541,0.0011308687666410227,9,0.27753847948940163,-0.022325563514202344,-0.04695470513152861,0.0018296399504152136,-0.11947348235684963,7.0
stage13_steering,dev,encoder/mean_diff/pooled_all_balanced@+0.25,steering_primary,42,macro_over_languages,243,9,0.38140539328883594,-0.022816181836455028,-0.052483519330178564,0.0064158262249034365,-0.10257195738700611,7.0,0.8392690988765432,0.0010044717283950633,-0.0042322302510288045,0.005700806448559671,0.02481021689322692,9,0.5752520960916191,-0.0003592083995297042,-0.005258160102907883,0.004148211022316509,-0.009658209968576179,9,0.2643556493795787,-0.01819928586808604,-0.03965193125123882,0.0024570238113727754,-0.11807956380829357,7.0
stage13_steering,dev,encoder/mean_diff/pooled_all_balanced@+0.25,steering_primary,1337,macro_over_languages,243,9,0.4098589924462434,-0.005277630047671958,-0.01591897683475132,5.693309837301813e-05,-0.0726096139725836,7.0,0.8269015898971194,0.00552999766255144,0.0004831292341563792,0.011488659316152262,0.1251440388534785,9,0.5787673895838803,0.00024015151063754887,-0.0025498622546861836,0.0028900202348013516,0.010842600051473103,9,0.28518796179752903,-0.0031368665562638495,-0.012532384889450717,0.0024360348058185674,-0.05219846006802133,7.0
stage13_steering,dev,encoder/mean_diff/pooled_all_balanced@+0.25,steering_primary,2024,macro_over_languages,243,9,0.40482939508449733,-0.027380984647777776,-0.056333736823448395,-0.000517430192448417,-0.1374255081503742,7.0,0.8278066873004115,0.004020803395061728,-0.003207026067386828,0.013058822793724278,0.06261072981503285,9,0.5700993389012068,-0.002058780416906707,-0.007557726641467981,0.003980410772774611,-0.04322088713650902,9,0.27880232511518716,-0.021061715997156654,-0.042505251879714094,-0.004212843060172457,-0.151494630501178,7.0
stage13_steering,dev,encoder/mean_diff/pooled_all_balanced@+0.50,steering_primary,42,macro_over_languages,243,9,0.37701135664698415,-0.02721021847830688,-0.059425991985325395,-0.0014760582428492148,-0.12841582199914553,7.0,0.8485128045843622,0.010248177436213993,0.000355207911522638,0.021534951855349795,0.11497948337462116,9,0.5694913128490678,-0.006119991642080858,-0.01223375220717587,0.00020177674349949139,-0.12064781576886895,9,0.26328691040062857,-0.019268024847036172,-0.039915286483280986,-0.0008350099936131501,-0.1278710715107435,7.0
stage13_steering,dev,encoder/mean_diff/pooled_all_balanced@+0.50,steering_primary,1337,macro_over_languages,243,9,0.4276540845825926,0.012517462088677248,-0.0170933874353201,0.043593962472341256,0.05953256287173687,7.0,0.8220239796584363,0.0006523874238683147,-0.011119448725102885,0.010967492861213993,0.007620769232912296,9,0.5779626414082002,-0.0005645966650426191,-0.006057192434487919,0.005204856817943995,-0.01225143449086776,9,0.30056214207984167,0.01223731372604881,-0.010802339490849003,0.03565592769056854,0.07470239731767785,7.0
stage13_steering,dev,encoder/mean_diff/pooled_all_balanced@+0.50,steering_primary,2024,macro_over_languages,243,9,0.40640209647507936,-0.025808283257195763,-0.06327230903645237,0.01128001667217592,-0.0986508556067382,7.0,0.8246543227037038,0.0008684387983539097,-0.010684810433744854,0.011427226777057611,0.009718966484984918,9,0.5721364182343158,-2.1701083797656457e-05,-0.008356683717709729,0.007769169463287709,-0.0003436329528388004,9,0.28024216681542774,-0.01962187429691609,-0.04709238242141693,0.007256070794915845,-0.09689317896779889,7.0
stage13_steering,dev,encoder/mean_diff/pooled_all_balanced@+1.00,steering_primary,42,macro_over_languages,243,9,0.5067170013708466,0.10249542624555555,0.03608472957062434,0.1739387429430489,0.20433912317260408,7.0,0.5882327095374486,-0.2500319176106996,-0.2769273173406172,-0.22203389757057612,-1.05482160698289,9,0.40359211131472983,-0.172019193176419,-0.1975310936133625,-0.14817715809031418,-0.847994832657856,9,0.1856304453489075,-0.0969244898987573,-0.14013133309112882,-0.051463826810183244,-0.2950216604222056,7.0
stage13_steering,dev,encoder/mean_diff/pooled_all_balanced@+1.00,steering_primary,1337,macro_over_languages,243,9,0.5287361158061376,0.11359949331222222,0.046493526025616426,0.18762951525186508,0.22175949340865275,7.0,0.5826984795139918,-0.23867311272057617,-0.2671726315338683,-0.21103555882495886,-1.0334526127998596,9,0.400501564420103,-0.17802567365313987,-0.2019996296479224,-0.1557140403767721,-0.9219137685336345,9,0.17421747722903427,-0.1141073511247586,-0.15761044911834987,-0.07206967792880731,-0.3812311731607919,7.0
stage13_steering,dev,encoder/mean_diff/pooled_all_balanced@+1.00,steering_primary,2024,macro_over_languages,243,9,0.8988462574632274,0.4666358777309524,0.3876041785701654,0.5426997047647341,0.8551819657183618,7.0,0.22998637348312756,-0.5937995104222223,-0.6190410070276133,-0.5663979883163272,-2.0379835531664097,9,0.11501483267153802,-0.45714328664657555,-0.48478875018572265,-0.427594245442206,-1.5928234845206077,9,0.039939686868845706,-0.25992435424349813,-0.3066362190089998,-0.20971877448254217,-0.7146587273483835,7.0
stage13_steering,dev,encoder/mean_diff/pooled_all_balanced@-0.50,steering_primary,42,macro_over_languages,243,9,0.42049417582555554,0.01627260070026455,-0.009745495692138888,0.046704973456370376,0.07750266189620664,7.0,0.838629944925926,0.0003653177777777783,-0.006768798255144025,0.008286622485596709,0.005697548677725942,9,0.5720795883110579,-0.003531716180090886,-0.01190459653020527,0.003873430327215075,-0.055040214302539726,9,0.2932785573975573,0.010723622149892482,-0.007335440980622438,0.030764401479763566,0.07660443030612486,7.0
stage13_steering,dev,encoder/mean_diff/pooled_all_balanced@-0.50,steering_primary,1337,macro_over_languages,243,9,0.41364306255608463,-0.001493559937830687,-0.03684056919488624,0.03553945422815608,-0.005956666520575886,7.0,0.8183080427366256,-0.0030635494979423905,-0.008163970062037033,0.002360420948559665,-0.07166784323315042,9,0.5761417161125019,-0.002385521960740805,-0.007204659479713916,0.002874944580077867,-0.059482950884272946,9,0.27870539765848956,-0.009619430695303303,-0.0360766623750928,0.01677907852605283,-0.051172291378308636,7.0
stage13_steering,dev,encoder/mean_diff/pooled_all_balanced@-0.50,steering_primary,2024,macro_over_languages,243,9,0.42134870537179897,-0.010861674360476189,-0.04540429236699735,0.022707486154861116,-0.0433063111330571,7.0,0.8266894333580248,0.0029035494526748963,-0.006254797181790124,0.01301198123960905,0.039203408491763125,9,0.5689622592429495,-0.0031958600751641384,-0.007962698419782343,0.0013791569482609937,-0.08189068283382665,9,0.2825735963674707,-0.017290444744873137,-0.04272557769188149,0.0065884014597477674,-0.0990236828858326,7.0
stage13_steering,dev,encoder/mean_diff/pooled_all_balanced@-1.00,steering_primary,42,macro_over_languages,243,9,0.4187052957556614,0.014483720630370369,-0.025663612753113758,0.053370960347603184,0.051715109894878944,7.0,0.8339566993045266,-0.004307927843621401,-0.015837271772839504,0.007753006530452675,-0.04724712495719535,9,0.57323189167638,-0.0023794128147687113,-0.010578599146365874,0.0063384982394332455,-0.034252338277947374,9,0.2889563687069396,0.006401433459274817,-0.020632623552155133,0.03456622735439201,0.03184689615293995,7.0
stage13_steering,dev,encoder/mean_diff/pooled_all_balanced@-1.00,steering_primary,1337,macro_over_languages,243,9,0.4397639482313227,0.024627325737407404,-0.015499112926014543,0.06675713101383862,0.08861110791453844,7.0,0.8239732388106997,0.0026016465761316858,-0.009310977553395062,0.015413653898353908,0.0239938513844931,9,0.5711854056831912,-0.007341832390051576,-0.015957265285383795,0.0016536582816077932,-0.1032058194126274,9,0.28655791730313235,-0.0017669110506605369,-0.02922624330870768,0.025122312786401414,-0.009005667499939382,7.0
stage13_steering,dev,encoder/mean_diff/pooled_all_balanced@-1.00,steering_primary,2024,macro_over_languages,243,9,0.39976750432661373,-0.03244287540566137,-0.08186960020666138,0.015988867011593914,-0.09581229356292638,7.0,0.8219631962510288,-0.0018226876543209884,-0.016039876024691358,0.012996243565637857,-0.015455797442552982,9,0.5585051831870345,-0.013652936131079145,-0.021984958907353483,-0.005874349258334355,-0.20199686948985357,9,0.2523789227086489,-0.04748511840369489,-0.08179423173791914,-0.015579841023841258,-0.20346113362003335,7.0
stage13_steering,dev,encoder/mean_diff/pooled_non_african@+0.25,steering_primary,42,macro_over_languages,243,9,0.38140438916148145,-0.022817186780211638,-0.05495906715149736,0.0066277805252592465,-0.10257644339730196,7.0,0.8413192175390948,0.003054605390946504,-0.0016425008852880634,0.008107112242798356,0.07483413864240605,9,0.5741249118991574,-0.001486392591991424,-0.007139903218269478,0.0031363907525651367,-0.035711797853231766,9,0.26434102623159494,-0.01821390976642792,-0.040266383898639825,0.0017537762159627638,-0.11817563636742964,7.0
stage13_steering,dev,encoder/mean_diff/pooled_non_african@+0.25,steering_primary,1337,macro_over_languages,243,9,0.4091650949721164,-0.005971527521798942,-0.017100672226670638,-4.263768862434327e-06,-0.08178223983432652,7.0,0.8274906553004115,0.00611905947325103,0.0008454370054526773,0.011839316544032924,0.13789380805518475,9,0.5785646441145452,3.74060413024602e-05,-0.0029002738257388806,0.0026992763252085303,0.001633921334257576,9,0.28438140194436984,-0.003943426608262601,-0.014375486796324654,0.0019144027951256025,-0.06421327840844386,7.0
stage13_steering,dev,encoder/mean_diff/pooled_non_african@+0.25,steering_primary,2024,macro_over_languages,243,9,0.4048228550560847,-0.027387528947724872,-0.0542462624968611,-0.0027893443790674714,-0.1374590206133158,7.0,0.8283836634197531,0.004597777971193415,-0.002671682259156378,0.012745990821296294,0.07257603817043189,9,0.5703902217652231,-0.001767897552890426,-0.00739301081135106,0.004111001411925688,-0.03679760186009023,9,0.2788364475996105,-0.021027596241875363,-0.04193236766528419,-0.0031264431149311137,-0.15124428615571428,7.0
stage13_steering,dev,encoder/mean_diff/pooled_non_african@+0.50,steering_primary,42,macro_over_languages,243,9,0.35916339936788355,-0.045058176573809526,-0.08142219077489153,-0.010981594199902125,-0.18476130545673736,7.0,0.8442366555346502,0.005972043386502062,-0.008322596712835383,0.01904852060306585,0.048584292106778094,9,0.5676874083625727,-0.007923896128576085,-0.014570633581975198,-0.0018566707711639607,-0.15505867088270625,9,0.25181056223531983,-0.030744373762703038,-0.05668435088546261,-0.006610677632514678,-0.16925606370715565,7.0
stage13_steering,dev,encoder/mean_diff/pooled_non_african@+0.50,steering_primary,1337,macro_over_languages,243,9,0.4143876397849735,-0.0007489827089417995,-0.03636638840366137,0.0381094776203902,-0.0028178606372564106,7.0,0.8209851678724279,-0.0003864279547325131,-0.011782977680864197,0.01029888486800411,-0.004365438599935771,9,0.5723763732863544,-0.006150864786888333,-0.013571400054452745,0.001260761577501646,-0.10423720339178304,9,0.2860928190592507,-0.002232009493381734,-0.029932641013555833,0.024047016526353892,-0.012095007921467024,7.0
stage13_steering,dev,encoder/mean_diff/pooled_non_african@+0.50,steering_primary,2024,macro_over_languages,243,9,0.4010449816995238,-0.03116540230428571,-0.07496749595583199,0.009503098907454977,-0.10775208712037279,7.0,0.8304458216666668,0.006659936218106995,-0.007691115006687241,0.021548819552263374,0.05694624037091944,9,0.5725143327354626,0.00035621341734909227,-0.00891351242764655,0.009806034587379447,0.004668249772487601,9,0.27574601727978043,-0.02411802656170546,-0.05412054265534846,0.0038217948677678895,-0.11361475180322561,7.0
stage13_steering,dev,encoder/mean_diff/pooled_non_african@+1.00,steering_primary,42,macro_over_languages,243,9,0.8071709441614814,0.40294936821978833,0.3276762966889167,0.4767787938325331,0.7241261383716444,7.0,0.3596721574153087,-0.47859245473283946,-0.507684475479245,-0.4485141052709609,-1.816342248946654,9,0.208693558713977,-0.3669177457771719,-0.39724303426776747,-0.3400839011456097,-1.439534278596353,9,0.10391524660817968,-0.17863968938984323,-0.2290486457245393,-0.13065595842387434,-0.48555114234262264,7.0
stage13_steering,dev,encoder/mean_diff/pooled_non_african@+1.00,steering_primary,1337,macro_over_languages,243,9,0.8611078111248677,0.44597118863095236,0.35952476929248284,0.5276974812940304,0.7653100322721732,7.0,0.2639491820049383,-0.5574224138222222,-0.5860258939669547,-0.5290399421364197,-1.8980525240224497,9,0.13648199046666448,-0.4420452476065783,-0.46924711736824,-0.41258881826118365,-1.590780577020204,9,0.05119528451477501,-0.23712954403785744,-0.2836116962387713,-0.18635685248835632,-0.6495593241310299,7.0
stage13_steering,dev,encoder/mean_diff/pooled_non_african@+1.00,steering_primary,2024,macro_over_languages,243,9,0.9455684046029099,0.5133580205991005,0.4391068210296508,0.5844605609494538,0.987593965401049,7.0,0.15307756351794236,-0.6707083219306172,-0.6929893787417964,-0.6469308085447006,-2.3059524228511945,9,0.05796249922453542,-0.5141956200935781,-0.5408487827630216,-0.48711598441321174,-1.7201093223219257,9,0.013182903622526576,-0.2866811402189593,-0.33962763199098067,-0.23863516488713774,-0.7807222085569379,7.0
stage13_steering,dev,encoder/mean_diff/pooled_non_african@-0.50,steering_primary,42,macro_over_languages,243,9,0.41645387192391525,0.012232295982222226,-0.01746850965560713,0.042089917637929894,0.05609420984095442,7.0,0.8382283877942388,-3.6224353909463805e-05,-0.00692683311316872,0.008180905527777777,-0.000565819272513815,9,0.5725537166288857,-0.0030575878622631334,-0.01182710760046395,0.0038003518489046787,-0.04693191004477108,9,0.2903610006619294,0.0078060646639064885,-0.012011280563332612,0.02931440226887903,0.0536912956122283,7.0
stage13_steering,dev,encoder/mean_diff/pooled_non_african@-0.50,steering_primary,1337,macro_over_languages,243,9,0.41920587506809526,0.004069252574179895,-0.03076997130205687,0.03866452833379363,0.016941217260494468,7.0,0.8227362142386833,0.0013646184115226328,-0.006554071540123459,0.00988251235432098,0.02100509917258687,9,0.5754158771337712,-0.0031113609394715857,-0.009018928037759805,0.002674524858365534,-0.06458836257941804,9,0.28580170306839026,-0.002523125484242249,-0.026965373479894694,0.023824144757185837,-0.014247283115362594,7.0
stage13_steering,dev,encoder/mean_diff/pooled_non_african@-0.50,steering_primary,2024,macro_over_languages,243,9,0.4130296191397354,-0.019180764864074072,-0.06022328712505158,0.018119798332443083,-0.06785715839832601,7.0,0.8236999359012346,-8.594954732510191e-05,-0.010471558088477363,0.010272537973251027,-0.0010664179711417912,9,0.5686502158109569,-0.0035079035071566103,-0.00909707760090502,0.0016925347578061545,-0.0844690054381858,9,0.27651537131868975,-0.02334867252279612,-0.04945143997056832,0.0012927083062769025,-0.11992748676092557,7.0
stage13_steering,dev,encoder/mean_diff/pooled_non_african@-1.00,steering_primary,42,macro_over_languages,243,9,0.41845442463719573,0.014232848695502646,-0.021417454587043652,0.054595398581425925,0.05029553832866651,7.0,0.8290831326790125,-0.009181479469135802,-0.02046337181430041,0.001341912741872427,-0.10077522188241819,9,0.5710299106442523,-0.004581393846896354,-0.013104705635425658,0.004190521591625317,-0.061190521847347856,9,0.2855260355599197,0.002971099561896777,-0.027071988984430667,0.03089497860159584,0.014091888649582544,7.0
stage13_steering,dev,encoder/mean_diff/pooled_non_african@-1.00,steering_primary,1337,macro_over_languages,243,9,0.4452529909733863,0.030116368479470895,-0.011911508750783064,0.07618386255910317,0.09941275096364423,7.0,0.8205768680329218,-0.0007947277942386839,-0.012864261186625519,0.012666838252880654,-0.007065352447027683,9,0.5662832286618744,-0.012244009411368287,-0.021482054327092097,-0.0036153663497687006,-0.16712341020445337,9,0.2845978833220291,-0.0037269452306033708,-0.03263029872594687,0.02405358843173647,-0.018149605321834086,7.0
stage13_steering,dev,encoder/mean_diff/pooled_non_african@-1.00,steering_primary,2024,macro_over_languages,243,9,0.39082881897354493,-0.04138156503026455,-0.0931823340436746,0.009699218926673279,-0.11919552378193,7.0,0.8233023045432099,-0.00048358090534979665,-0.014504502445473253,0.014347147289094645,-0.003911144850326095,9,0.5544904237437888,-0.017667695574324772,-0.02585640116599987,-0.009295964667235703,-0.24726315812987162,9,0.24787504813451353,-0.05198899570697233,-0.08495384348121325,-0.020280990778706414,-0.22260591808508193,7.0
stage13_steering,dev,encoder/probe/per_language@+0.25,steering_primary,42,macro_over_languages,243,9,0.4000674965861376,-0.004154028638783069,-0.012462018025986768,5.4640456349293714e-08,-0.07274324007642137,7.0,0.8386002848024691,0.0003356634979423885,2.716049383490896e-09,0.0009715360401234576,0.08384796821689224,9,0.5753355859313704,-0.0002757185597784621,-0.0010619663016727928,0.00016397533855344799,-0.04960138802180278,9,0.2796190032919926,-0.0029358862522781202,-0.011130739317021408,9.113912302438522e-08,-0.0766495203804928,7.0
stage13_steering,dev,encoder/probe/per_language@+0.25,steering_primary,1337,macro_over_languages,243,9,0.4147329602573545,-0.0004036622365608465,-0.0012643410008835979,4.178188247089988e-05,-0.06945546781158132,7.0,0.8210735328436215,-0.00029806123868312526,-0.0012604845004115205,0.0005803972158436234,-0.04099583088312068,9,0.5776730982614188,-0.0008541398118239202,-0.0028316533574864297,0.0006624830205162037,-0.061467058128742286,9,0.2882128255288731,-0.00011200266159859084,-0.0012174337049346133,0.0008727884657868405,-0.01619010705616517,7.0
stage13_steering,dev,encoder/probe/per_language@+0.25,steering_primary,2024,macro_over_languages,243,9,0.4428994906049206,0.010689111396137567,-3.4479806502644846e-05,0.02616259665769577,0.10651066654252445,7.0,0.8226689624032921,-0.0011169194650205764,-0.0044850592533950615,0.0013730593960905341,-0.046769721974257245,9,0.5710633608065733,-0.0010947585115402307,-0.0040098835000457545,0.001326076024900351,-0.049227500511475696,9,0.30539358101665753,0.005529538968869633,0.0001589721821791059,0.014544085013765442,0.10005358701525496,7.0
stage13_steering,dev,encoder/probe/per_language@+0.50,steering_primary,42,macro_over_languages,243,9,0.41043745535227516,0.0062159301273544965,-0.010407210251424581,0.022647905037076723,0.053516432139022,7.0,0.8377487306049384,-0.0005158906995884757,-0.0028409476635802462,0.0012946369804526761,-0.03038459016043567,9,0.5755801555836223,-3.114890752653671e-05,-0.0009989546521395763,0.0008825604128052595,-0.004055400173209363,9,0.2849024616817685,0.0023475721374978534,-0.005929034666352029,0.013070955652134758,0.03499254558952954,7.0
stage13_steering,dev,encoder/probe/per_language@+0.50,steering_primary,1337,macro_over_languages,243,9,0.41474712770783073,-0.00038949478608465635,-0.0012573432583637561,6.099560049735542e-05,-0.06698639898790969,7.0,0.8201280051481483,-0.0012435889341563752,-0.003620783837037032,0.0005460677397119418,-0.07092581674137101,9,0.5775987506906943,-0.0009284873825484104,-0.002791599178734975,0.000460965440862525,-0.06609089464595913,9,0.28821593429674347,-0.00010889389372822283,-0.0012181223389277963,0.000865703133687302,-0.01574044595653356,7.0
stage13_steering,dev,encoder/probe/per_language@+0.50,steering_primary,2024,macro_over_languages,243,9,0.4336115903980423,0.0014012111892592607,-0.01646358538229762,0.017395205421478835,0.01031085386453045,7.0,0.8230561099753086,-0.000729771893004114,-0.004031070456790118,0.0017048010232510273,-0.02998634522355165,9,0.5712822835060912,-0.0008758358120222133,-0.0039368642328578085,0.0020741652012505624,-0.034849643300848256,9,0.2987305567823048,-0.0011334852654830772,-0.015053714452374242,0.010275918836040144,-0.01304744204868873,7.0
stage13_steering,dev,encoder/probe/per_language@+1.00,steering_primary,42,macro_over_languages,243,9,0.42528752513433854,0.021065999909417987,-0.0002415169185661367,0.04366853412442326,0.12615692072905657,7.0,0.8372386487325103,-0.00102597257201646,-0.005073092916666667,0.002889804934156379,-0.03206499517731769,9,0.5734635447770513,-0.0021477597140973016,-0.006993907489041766,0.002524449938740701,-0.059050217051116016,9,0.2942483481665152,0.011693458622244446,-0.001739438215964422,0.026256894946323776,0.11231527458778787,7.0
stage13_steering,dev,encoder/probe/per_language@+1.00,steering_primary,1337,macro_over_languages,243,9,0.4197331904195238,0.004596567925608466,-0.011722001656936504,0.02536933758192989,0.037142956842420506,7.0,0.819162251526749,-0.0022093425555555525,-0.0056257977066872375,0.0007003843645061774,-0.08388803390779327,9,0.5785400587735972,1.2820700354443828e-05,-0.0023642939328261075,0.002451173380712174,0.0006582194181540061,9,0.2917186731189562,0.003393844928484536,-0.00803469983146161,0.015622835717353928,0.039273931000871204,7.0
stage13_steering,dev,encoder/probe/per_language@+1.00,steering_primary,2024,macro_over_languages,243,9,0.4306824987364022,-0.0015278804723809509,-0.02939585994294576,0.023309499637121693,-0.008147070303243254,7.0,0.8222941456954732,-0.0014917361728395047,-0.005407331918004114,0.0018511364760288092,-0.05182238662723005,9,0.5705024353156288,-0.0016556840024848302,-0.005562088225753862,0.0018081234554000892,-0.058140367759715185,9,0.29327793004843056,-0.006586111999357308,-0.024083475354402265,0.01014298846734361,-0.05196141883457692,7.0
stage13_steering,dev,encoder/probe/per_language@-0.50,steering_primary,42,macro_over_languages,243,9,0.383151302745873,-0.02107022247904762,-0.04708470398443783,-0.00016089526300396934,-0.12044612791102122,7.0,0.8442252729917696,0.0059606516872428,0.0015822247510288072,0.012732484329218103,0.13217989763538485,9,0.5746214674557972,-0.0009898370353515582,-0.0025710295129554115,0.0002970480032704296,-0.08287613177739075,9,0.2668604178962958,-0.01569447164797488,-0.03498110596969241,-0.00023685925359481078,-0.12345165885496848,7.0
stage13_steering,dev,encoder/probe/per_language@-0.50,steering_primary,1337,macro_over_languages,243,9,0.4151924590367725,5.5836542857143025e-05,-2.8622756349208464e-06,0.00016449620529100572,0.0766639487282989,7.0,0.8233507512633745,0.0019791571810699573,-0.0017845951501028819,0.006473083178086414,0.056669665970932995,9,0.5791746525520796,0.000647414478836783,-0.001712386114654424,0.0024803862688052556,0.03798690736161357,9,0.28907414952105887,0.0007493213305871723,-0.00014660849603224463,0.0019359373801518466,0.09205248133378863,7.0
stage13_steering,dev,encoder/probe/per_language@-0.50,steering_primary,2024,macro_over_languages,243,9,0.4322086402437566,-1.7389650264544988e-06,-3.868267619047142e-06,-3.714970899470603e-08,-0.12290353536971522,7.0,0.8264671520534981,0.002681270185185183,-5.210075925926317e-05,0.008076085269547327,0.06432467746517084,9,0.572599341618711,0.0004412223005974298,-0.0009542597524309375,0.0025207159135497642,0.029375174859360635,9,0.29975056970958985,-0.00011347233819801136,-0.00034005200357946363,8.920779280245704e-07,-0.07341767846696756,7.0
stage13_steering,dev,encoder/probe/per_language@-1.00,steering_primary,42,macro_over_languages,243,9,0.3934252465222751,-0.010796278702645502,-0.0414453803422447,0.019797920021113753,-0.04848402019224676,7.0,0.8444266814279836,0.00616206012345679,-0.0005773259063785993,0.013958572876543208,0.10592852815425048,9,0.5784847430595004,0.002873438568351567,-0.0009753865632558481,0.007045772699960116,0.08989480461261813,9,0.2734868470354192,-0.009068042508851544,-0.03058158148922412,0.01082908131392913,-0.060224548810819664,7.0
stage13_steering,dev,encoder/probe/per_language@-1.00,steering_primary,1337,macro_over_languages,243,9,0.4151910724956614,5.44500017460319e-05,-4.524187144179393e-06,0.00016803911663756623,0.07473373347988144,7.0,0.8243650063251029,0.002993412242798355,-0.0013814131228395054,0.008009211607716048,0.07675601262277613,9,0.5801642018505392,0.0016369637772964479,-0.0012405545058632478,0.004404525115873772,0.07367979552510857,9,0.2890745004402163,0.0007496722497446621,-0.00019078133495337583,0.0020358109965738394,0.09209595972975368,7.0
stage13_steering,dev,encoder/probe/per_language@-1.00,steering_primary,2024,macro_over_languages,243,9,0.4322859744583069,7.559524952380976e-05,-3.851184743385708e-06,0.00019665426087169305,0.1000035415180524,7.0,0.8281865644362141,0.004400682567901235,0.00027024087242798363,0.010367960740123458,0.09755801188263873,9,0.5735741986535949,0.001416079335481459,-0.0005848442628121168,0.004073556454802722,0.07462970639716923,9,0.29959372798191053,-0.00027031406587733957,-0.0007391573140464946,8.178211116327171e-05,-0.08255418378527049,7.0
stage13_steering,dev,encoder/probe/pooled_african@+0.25,steering_primary,42,macro_over_languages,243,9,0.400067441044709,-0.004154138603439154,-0.012461969923637567,-3.6090410052698296e-09,-0.07274545352193068,7.0,0.8385961899465021,0.0003315663374485595,2.457818929349988e-09,0.0008374924650205752,0.08412670746912093,9,0.5756518287173544,4.052422620563487e-05,-9.093317273497122e-05,0.00021565195025184824,0.029453119227623004,9,0.2797722832926248,-0.0027826575061531745,-0.008348126302237389,1.1488259169381187e-07,-0.07273814240913419,7.0
stage13_steering,dev,encoder/probe/pooled_african@+0.25,steering_primary,1337,macro_over_languages,243,9,0.4151363768475662,-2.455799470898197e-07,-1.1588399814808709e-06,2.9007540079362435e-07,-0.045421839584563584,7.0,0.8211533639341565,-0.00021823146090535118,-0.0010923397633744883,0.00043934537499999737,-0.03687504741283968,9,0.5781246875844004,-0.0004025504888423018,-0.001288367769219067,7.315454159063636e-05,-0.06255679004722381,9,0.2883242860327677,-5.398095012304236e-07,-1.4461013778475503e-06,9.369384545250107e-08,-0.09431985365197565,7.0
stage13_steering,dev,encoder/probe/pooled_african@+0.25,steering_primary,2024,macro_over_languages,243,9,0.43219756136925924,-1.2816957777777286e-05,-3.793268368782969e-05,3.021991402305896e-08,-0.07559986918701975,7.0,0.8236347385349795,-0.00015115851851851654,-0.0007914268734567861,0.00023532666872428236,-0.034258454221044614,9,0.5711613450000576,-0.000996774318055993,-0.0029946246639703544,0.0,-0.07596278987264216,9,0.29985377385501044,-1.026816865916288e-05,-3.00679518173846e-05,1.6207240678247314e-08,-0.07829495784662599,7.0
stage13_steering,dev,encoder/probe/pooled_african@+0.50,steering_primary,42,macro_over_languages,243,9,0.40058552286253973,-0.0036360567856084662,-0.012461557089703701,0.0010373996916256598,-0.06314097795396872,7.0,0.8393703759547325,0.0011057523456790119,-0.00017775968312757346,0.0031184780596707783,0.07733149625527216,9,0.5758199786795859,0.00020867418843703076,-7.318249040103807e-05,0.000544983069441184,0.08218758278570192,9,0.27994500418660223,-0.0026099366121757404,-0.008348152989896596,0.0003457328547554651,-0.06806965484944687,7.0
stage13_steering,dev,encoder/probe/pooled_african@+0.50,steering_primary,1337,macro_over_languages,243,9,0.4151612453075661,2.462288005291038e-05,-8.084316296301997e-07,7.474574860846611e-05,0.07198262881739918,7.0,0.8207785839506173,-0.0005930114444444465,-0.004142376270473252,0.0029772759878600777,-0.02104719709357442,9,0.577228133345638,-0.001299104727604596,-0.00428871918005405,0.0011070460612431293,-0.0586663110625928,9,0.2870538758011263,-0.00127095004114266,-0.0038113704654941685,-2.3081677818785754e-07,-0.07279477277324548,7.0
stage13_steering,dev,encoder/probe/pooled_african@+0.50,steering_primary,2024,macro_over_languages,243,9,0.4378560271664021,0.005645648839365079,-2.5255587489417087e-05,0.01696260641496561,0.07762755773616653,7.0,0.821691979707819,-0.0020939173456790104,-0.005414424185699583,-0.00016422758539094467,-0.09400171464530539,9,0.5709627804059937,-0.0011953389121198497,-0.0032770825654874374,0.000620007093937437,-0.07397183705011492,9,0.3006490366167322,0.0007849945930625848,-0.0006797872943790247,0.0027887551139102414,0.06050625645412233,7.0
stage13_steering,dev,encoder/probe/pooled_african@+1.00,steering_primary,42,macro_over_languages,243,9,0.3853197195857143,-0.018901860062433863,-0.03982324840141931,-0.002510886593481482,-0.1379669060584244,7.0,0.8399725105226338,0.001707886913580246,-0.0006311317633744874,0.004371541647119341,0.07808457189673501,9,0.574970587870622,-0.0006407166205267714,-0.0022692540966564537,0.0006020851058220348,-0.05637065106880973,9,0.26894181122237215,-0.013613129576405826,-0.029041579428781418,-0.0021708250727226386,-0.1372323909349181,7.0
stage13_steering,dev,encoder/probe/pooled_african@+1.00,steering_primary,1337,macro_over_languages,243,9,0.42040292938216933,0.005266306954656085,1.2566040243385816e-05,0.01569904869306349,0.07358566058381742,7.0,0.8195764023539095,-0.0017951930411522657,-0.006018992300925924,0.0024022989909464956,-0.052035068430122705,9,0.5776330813878767,-0.0008941566853659471,-0.004061204405277698,0.0017591321252282664,-0.037308061337943565,9,0.2878325940157758,-0.000492231826493112,-0.004620775565340148,0.002663383097888615,-0.019184334685176063,7.0
stage13_steering,dev,encoder/probe/pooled_african@+1.00,steering_primary,2024,macro_over_languages,243,9,0.4390158780094709,0.006805499682433865,-0.007749482102112428,0.02294540802815476,0.05880092711524882,7.0,0.8215789650740742,-0.002206931979423867,-0.0057499254836419714,-3.0794142798352465e-05,-0.09478697244083722,9,0.5718736194191868,-0.000284499898926777,-0.0027161811987003143,0.002477416500851594,-0.01422957709773626,9,0.2999684720993728,0.00010443007570312411,-0.006482638298057592,0.006010554001258796,0.0024030925619250815,7.0
stage13_steering,dev,encoder/probe/pooled_african@-0.50,steering_primary,42,macro_over_languages,243,9,0.40422531875227513,3.7391041269850716e-06,-0.015380935101317456,0.015392310545211643,3.739556169311937e-05,7.0,0.8428939981563787,0.0046293745473251,0.0002209284054526715,0.011014437774588475,0.10425784219664502,9,0.5753091745618472,-0.0003021299293016131,-0.0013037598912861654,0.0004843737932406618,-0.03978952407375587,9,0.2815368051742267,-0.0010181356245512905,-0.012764424831965935,0.010016319239336925,-0.013573302116087123,7.0
stage13_steering,dev,encoder/probe/pooled_african@-0.50,steering_primary,1337,macro_over_languages,243,9,0.4151943935139153,5.77710864021162e-05,4.9081306878410475e-08,0.00016836941811507837,0.07927774012520518,7.0,0.8232196769958848,0.0018480816008230457,0.00032402297530864253,0.004026707515123457,0.11503279324293154,9,0.5808919154366359,0.0023646773633931354,0.00022275608488764827,0.005476788392626479,0.10456148748896922,9,0.2893992268433123,0.001074401001043329,3.4476402911094585e-08,0.0023375866640417456,0.12263853240930307,7.0
stage13_steering,dev,encoder/probe/pooled_african@-0.50,steering_primary,2024,macro_over_languages,243,9,0.42692175996042325,-0.005288618366613756,-0.01584864685789947,5.997771560919813e-08,-0.07297685712800617,7.0,0.8269306286995886,0.003144731646090537,-0.00047929006069958544,0.00889233594032922,0.07314804274291253,9,0.5726083008561582,0.00045018153804475406,-0.002206039958392446,0.0030370452285615654,0.02132602461249752,9,0.29658434653683297,-0.0032796954868366084,-0.012697964810413864,0.0028588470102997618,-0.05500131435984528,7.0
stage13_steering,dev,encoder/probe/pooled_african@-1.00,steering_primary,42,macro_over_languages,243,9,0.4143452609878836,0.010123681339735449,-0.010264455854182538,0.03065322935539286,0.07217733219447793,7.0,0.8396213665267491,0.0013567429176954723,-0.004302238706275721,0.008524612594238682,0.027161225725336007,9,0.5756070093586542,-4.295132494630903e-06,-0.001688106946380528,0.0017086991594674288,-0.000302449338647578,9,0.2861671185957506,0.003612177796972599,-0.00851134218199946,0.01605350153906231,0.039846349942355364,7.0
stage13_steering,dev,encoder/probe/pooled_african@-1.00,steering_primary,1337,macro_over_languages,243,9,0.4152074161977249,7.079377021164029e-05,-2.9949663227497084e-07,0.00019088488762169354,0.0941891986997985,7.0,0.824417843600823,0.0030462482057613165,-0.00034835579248971183,0.008293604813477367,0.09038716712256063,9,0.5822970137959649,0.003769775722722127,0.000881023814681045,0.007361222336395012,0.13493951762693598,9,0.28942354019732797,0.0010987143550589928,2.323440922259624e-05,0.00256104770248814,0.12541251319294786,7.0
stage13_steering,dev,encoder/probe/pooled_african@-1.00,steering_primary,2024,macro_over_languages,243,9,0.43199840418132274,-0.0002119741457142847,-0.01577310659743651,0.014982025459699726,-0.0021045276973180745,7.0,0.8330712828971193,0.009285385843621402,0.0019347657397119369,0.02001119569032922,0.12851754196762313,9,0.5745210343247769,0.002362915006663348,-0.0009056930485159124,0.00578221389954044,0.08822894531361712,9,0.3010583313415465,0.00119428931787698,-0.011695678935308736,0.01237144191274412,0.014940859348987475,7.0
stage13_steering,dev,encoder/probe/pooled_all_balanced@+0.25,steering_primary,42,macro_over_languages,243,9,0.4093410784614815,0.005119497075714286,-3.363481968253968e-05,0.015394070271793653,0.07256827823699927,7.0,0.8380659126625515,-0.00019871106995884806,-0.002933796661522633,0.0023116728117283905,-0.009685645667119014,9,0.5752936273456339,-0.00031767714551485097,-0.0017242028689140204,0.00047612118602119224,-0.03592165322919522,9,0.2850466844368107,0.002491741617089921,-0.0026910437482171113,0.01016876690671307,0.051618658373934305,7.0
stage13_steering,dev,encoder/probe/pooled_all_balanced@+0.25,steering_primary,1337,macro_over_languages,243,9,0.4147624606843386,-0.0003741437102116406,-0.001252193227071429,8.700070353306785e-05,-0.06423992666613274,7.0,0.8195673380288067,-0.001804256460905349,-0.0048845166862139895,0.0005213534948559668,-0.08159454390830942,9,0.5767506538777155,-0.0017765841955272345,-0.005339972775165564,0.0009491023716949401,-0.07429777246242425,9,0.2869443838941997,-0.0013804252534874177,-0.004322440182938786,0.0005990523563410567,-0.0735342805836241,7.0
stage13_steering,dev,encoder/probe/pooled_all_balanced@+0.25,steering_primary,2024,macro_over_languages,243,9,0.4377747039412169,0.005564326733333334,-0.010245310405698416,0.026038057198455027,0.04442643798645002,7.0,0.8216595461275721,-0.0021263443621399158,-0.005379940788065844,-9.100606275719964e-05,-0.0938887029566124,9,0.5708885028632154,-0.001269616454898253,-0.003530291476871165,0.0006721676816333934,-0.0748144851869709,9,0.298268549799575,-0.0015954899009846496,-0.011589888195188698,0.005842864001059872,-0.024602453925477438,7.0
stage13_steering,dev,encoder/probe/pooled_all_balanced@+0.50,steering_primary,42,macro_over_languages,243,9,0.4194335151448148,0.015211933759047619,0.0003341279409695795,0.03253798854033862,0.12265312163693652,7.0,0.8353543708518518,-0.0029102528806584363,-0.005423880811728397,-0.0008287500000000022,-0.14730936024091956,9,0.5746014480832492,-0.0010098564078994874,-0.004512906194712039,0.0016912320970756305,-0.03997112348512559,9,0.2897627274449982,0.007207784625277413,-0.0016495302666580383,0.018639677652159223,0.09673557326476051,7.0
stage13_steering,dev,encoder/probe/pooled_all_balanced@+0.50,steering_primary,1337,macro_over_languages,243,9,0.4194354839570899,0.004298879562539681,-0.0011197003600145505,0.014015036490017193,0.06701942618886995,7.0,0.8192637908271606,-0.00210780366255144,-0.0064333021697530884,0.0024178295030864204,-0.059303837446758864,9,0.5786836818125808,0.00015644373933814928,-0.003653297613346431,0.0037320199869918837,0.005166185001628617,9,0.29086391582955606,0.0025391066818689872,-0.0022916496405771354,0.009412933632474429,0.05760191353257928,7.0
stage13_steering,dev,encoder/probe/pooled_all_balanced@+0.50,steering_primary,2024,macro_over_languages,243,9,0.4349277921551852,0.0027174149473015883,-0.018561913555460312,0.023760860519208987,0.01831463054400857,7.0,0.8213023585349795,-0.002483531954732507,-0.005922645589197525,0.00029718752170782047,-0.09197496833909702,9,0.570650692566085,-0.0015074267520285688,-0.004448795908705775,0.0011547537021641494,-0.06634037117058561,9,0.29594147623012734,-0.00392256347043233,-0.018795284642860427,0.007345739302832727,-0.04097664439816479,7.0
stage13_steering,dev,encoder/probe/pooled_all_balanced@+1.00,steering_primary,42,macro_over_languages,243,9,0.4301931428202116,0.025971561434444446,0.0019199399965476233,0.05268592654310714,0.13791896399182715,7.0,0.8336792022469136,-0.004585421485596709,-0.007895916515226338,-0.0016943422572016492,-0.1861477743038029,9,0.5725197872732984,-0.0030915172178503335,-0.010114499253092277,0.0023027864150771587,-0.06131311974128082,9,0.29795236618616555,0.015397423366444793,0.00034268959125656196,0.032500019832224156,0.12877013891640954,7.0
stage13_steering,dev,encoder/probe/pooled_all_balanced@+1.00,steering_primary,1337,macro_over_languages,243,9,0.41453828264047626,-0.0005983217540740751,-0.01580271652728836,0.013577836651996033,-0.006148405930301358,7.0,0.8181423786213993,-0.0032292158683127573,-0.00862921925308642,0.0015867330576131674,-0.07850376988690291,9,0.5787618705720525,0.00023463249880984618,-0.003693682576398986,0.004109146823489911,0.007447626813434447,9,0.2871650619648188,-0.001159747182868316,-0.01128710594965047,0.008640800145703462,-0.01638083193536529,7.0
stage13_steering,dev,encoder/probe/pooled_all_balanced@+1.00,steering_primary,2024,macro_over_languages,243,9,0.4296947982477778,-0.0025155789601058187,-0.02344388712188889,0.018808955851714285,-0.015220020570872433,7.0,0.8188437063539095,-0.004942184135802466,-0.011446911737037033,-0.0001496387019547261,-0.103535227077133,9,0.5711315711889041,-0.0010265481292093361,-0.004442012581069679,0.002344872260758483,-0.03837482958292587,9,0.2910678025113349,-0.008796237189224785,-0.02431487846912537,0.00500106743659585,-0.07625024510596348,7.0
stage13_steering,dev,encoder/probe/pooled_all_balanced@-0.50,steering_primary,42,macro_over_languages,243,9,0.3840246621053439,-0.020196919280423282,-0.04514380699576455,0.0006169254218650793,-0.12052343970236017,7.0,0.8402959509753088,0.0020313272427983546,-0.0014609001244855935,0.005763032767489712,0.06932455824768174,9,0.5741206622690344,-0.0014906422221144654,-0.0031056869244685393,-0.00022380174595999083,-0.1234464422153441,9,0.26521508538165545,-0.017339857438065324,-0.03583790886454766,-0.003924283506794193,-0.1530547047176798,7.0
stage13_steering,dev,encoder/probe/pooled_all_balanced@-0.50,steering_primary,1337,macro_over_languages,243,9,0.41518787781142863,5.127341687830699e-05,-8.551868050264793e-06,0.00017008489566931203,0.070257631097444,7.0,0.8265210004115228,0.005149405921810701,0.0011686239803497941,0.009876624150308641,0.14410931029866478,9,0.5797683205142493,0.0012410824410066489,-0.0022134483611569327,0.005271491819811676,0.041155825389277374,9,0.28917383771272615,0.0008490285650390801,-3.917893436022098e-06,0.0021274395840220465,0.10600352109368406,7.0
stage13_steering,dev,encoder/probe/pooled_all_balanced@-0.50,steering_primary,2024,macro_over_languages,243,9,0.43856185085386246,0.006351473645978835,-0.007972096355228836,0.02577356016152513,0.05541455590940264,7.0,0.8305527548518519,0.006766864362139918,0.001643833128600824,0.01382414154218107,0.13586542715549038,9,0.5726148558700582,0.00045673655194468225,-0.002364694913880411,0.0033397243446741877,0.020592560041675458,9,0.3039508359156111,0.0040867962150514334,-0.004598371141955949,0.015263856746109092,0.057825630750021784,7.0
stage13_steering,dev,encoder/probe/pooled_all_balanced@-1.00,steering_primary,42,macro_over_languages,243,9,0.3796725949263492,-0.024548986459417988,-0.0553076453389947,0.0012355164912460279,-0.11860580799499984,7.0,0.8436307060946503,0.005366082362139917,-0.0006462930724279852,0.012969931675720166,0.09305704831093121,9,0.5766089898647605,0.0009976853736116387,-0.0023659647823982806,0.0048079068473868445,0.03556486559851595,9,0.26412308809810997,-0.018431854721610783,-0.03771553828729216,-0.0002938903409558189,-0.13336432920929298,7.0
stage13_steering,dev,encoder/probe/pooled_all_balanced@-1.00,steering_primary,1337,macro_over_languages,243,9,0.4103574770126984,-0.004779127381851852,-0.014500546740921955,0.00012503536422354657,-0.07187966315043179,7.0,0.8273491554320989,0.005977560942386831,0.0019185754167695469,0.010816510332201646,0.15973117474124485,9,0.5790817132808377,0.0005544752075949815,-0.0028814448340679253,0.0049489473987005496,0.01792870915277834,9,0.28521685046135486,-0.0031079586863322246,-0.011333571711355168,0.001611948436377745,-0.059263658451910665,7.0
stage13_steering,dev,encoder/probe/pooled_all_balanced@-1.00,steering_primary,2024,macro_over_languages,243,9,0.43321294374380953,0.0010025665359259255,-0.015865020737904762,0.020801573681751322,0.007375483814982881,7.0,0.8350053146584363,0.011219424168724281,0.002859866416152268,0.021872441761419757,0.14999634662393152,9,0.5705741513241818,-0.0015839679939317563,-0.006469138941809268,0.0027114589732775496,-0.04218563695256046,9,0.2995004233404076,-0.0003636163601521091,-0.013237613305895082,0.011937699868101904,-0.004113169127908847,7.0
stage13_steering,dev,encoder/probe/pooled_non_african@+0.25,steering_primary,42,macro_over_languages,243,9,0.4185059811700529,0.014284435208677247,-0.0012222317813148146,0.03337923178004363,0.11536705778683265,7.0,0.8377398146790124,-0.0005248084773662561,-0.003374275730452674,0.0021316379588477334,-0.02308496136197583,9,0.5747928225354623,-0.0008184819556865384,-0.002817658911847553,0.0007826477599701257,-0.05508690147669581,9,0.28926990738311875,0.006714998791597911,-0.0022327956529273017,0.018355199754132075,0.09025300336452056,7.0
stage13_steering,dev,encoder/probe/pooled_non_african@+0.25,steering_primary,1337,macro_over_languages,243,9,0.41473988446444443,-0.0003967380294708995,-0.0012764236580238013,4.786122381084655e-05,-0.06825428366773599,7.0,0.8197990260329219,-0.0015725762345678985,-0.0047815391255144005,0.000651582330246919,-0.07377178979026285,9,0.57749051384714,-0.0010367242261027161,-0.0039021323928594537,0.0013785344959459935,-0.04895183068853972,9,0.28821591959843296,-0.00010890958874688475,-0.0012087358533300627,0.0008753220758323445,-0.01574280095140316,7.0
stage13_steering,dev,encoder/probe/pooled_non_african@+0.25,steering_primary,2024,macro_over_languages,243,9,0.4324963082536508,0.00028592960428571455,-0.015446591947984131,0.0119065028089523,0.002800500107989551,7.0,0.8230300738641977,-0.000755807748971191,-0.0017860555597736586,0.0001275584977366251,-0.09877650615705379,9,0.5705735271666246,-0.0015845921514890495,-0.0038247742104114825,0.00011700885929694439,-0.09773294864159739,9,0.29744007811805184,-0.00242396328802228,-0.012777554978385388,0.00430576028714334,-0.03798648101348049,7.0
stage13_steering,dev,encoder/probe/pooled_non_african@+0.50,steering_primary,42,macro_over_languages,243,9,0.4249865869157143,0.020765040954338624,0.00377368131413889,0.04396376750079229,0.1450025810618312,7.0,0.8355297320452675,-0.0027348911111111118,-0.005774610887860081,-0.00038777943106995874,-0.1274034510064063,9,0.5747250922420525,-0.0008862122490963007,-0.0043712567217889155,0.002397961357226198,-0.030956496240057044,9,0.2937000035350554,0.011145094943534519,-0.00031356380457920767,0.02626348350211779,0.12282023233039764,7.0
stage13_steering,dev,encoder/probe/pooled_non_african@+0.50,steering_primary,1337,macro_over_languages,243,9,0.41943641955428573,0.0042997970603703695,-0.0008042220420132282,0.013994550953748673,0.06703347261759625,7.0,0.8196086638518519,-0.001762938415637858,-0.006129708720781889,0.002581176920473253,-0.050021324256137874,9,0.5797156211038109,0.001188383030568147,-0.002020459964848988,0.0047388785402210955,0.04360807449874001,9,0.2908653685385101,0.0025405393513302653,-0.0026650510358827606,0.009653503595288129,0.0576343099835804,7.0
stage13_steering,dev,encoder/probe/pooled_non_african@+0.50,steering_primary,2024,macro_over_languages,243,9,0.43491062195306884,0.002700243303703706,-0.015803627296444443,0.02329214736054233,0.01819883643595948,7.0,0.8217844711069958,-0.002001410506172836,-0.005577627466975305,0.001109556221913581,-0.07129692490495916,9,0.5698930113743779,-0.002265107943735718,-0.0054412003462853565,0.0005943786867186765,-0.08860490192760581,9,0.29593026930666744,-0.003933772099406665,-0.01875326231871877,0.007089811812543552,-0.041093878300792884,7.0
stage13_steering,dev,encoder/probe/pooled_non_african@+1.00,steering_primary,42,macro_over_languages,243,9,0.4352485068543915,0.031026960893015872,0.00996068477586376,0.056307794757193115,0.17933387462135605,7.0,0.8329357113045267,-0.005328911851851853,-0.009039886950617283,-0.0021973655853909464,-0.1962180368082257,9,0.5723106820096403,-0.003300622481508382,-0.009974040970465161,0.0021348814265160286,-0.0662191986930441,9,0.3006050320707794,0.01805012347925849,0.0038144432706128544,0.03499794512931886,0.16053381809263148,7.0
stage13_steering,dev,encoder/probe/pooled_non_african@+1.00,steering_primary,1337,macro_over_languages,243,9,0.408642784174762,-0.006493838319153441,-0.030381427560624338,0.015676413413432524,-0.040369790863806744,7.0,0.8194335129711936,-0.001938089296296295,-0.007112205794650207,0.0027724990575102885,-0.049860053119119375,9,0.5773732436047492,-0.0011539944684934905,-0.005436370240965745,0.0030011661722765246,-0.033184585828740114,9,0.28106643750224475,-0.0072583916849350925,-0.02638851269249056,0.008941121451554202,-0.059085119481363635,7.0
stage13_steering,dev,encoder/probe/pooled_non_african@+1.00,steering_primary,2024,macro_over_languages,243,9,0.42435666368666664,-0.00785371496269841,-0.031668351009374325,0.015873813596761904,-0.04353552421974954,7.0,0.8197152767860082,-0.004070604827160492,-0.01138779140504115,0.0007006756437242795,-0.0838109649617283,9,0.5699972517808274,-0.002160867537286263,-0.006149863300088484,0.0017202815526729377,-0.06975014875581996,9,0.2870857833618876,-0.012778258044186537,-0.03306196570731429,0.003980869581131102,-0.09997576195275047,7.0
stage13_steering,dev,encoder/probe/pooled_non_african@-0.50,steering_primary,42,macro_over_languages,243,9,0.3791657745224339,-0.0250557714389418,-0.049177726389084644,-0.005286827036894181,-0.1638466547583822,7.0,0.8405380752345679,0.0022734520781892992,-0.000981983396090535,0.005906639474382713,0.08200249284619426,9,0.5744518745263181,-0.00115942996483076,-0.0026707212802053234,-5.977648756217736e-05,-0.11207311523604747,9,0.2639284577245873,-0.018626450866933597,-0.035223261388453955,-0.004372950812583421,-0.16549268704296313,7.0
stage13_steering,dev,encoder/probe/pooled_non_african@-0.50,steering_primary,1337,macro_over_languages,243,9,0.41513865397026456,2.031476349206626e-06,-5.126355747354742e-06,1.1174898464286671e-05,0.032939036975589975,7.0,0.8245962050699589,0.0032246028024691398,0.0003554236490740777,0.007964074169238687,0.10745738168766387,9,0.5792826629351651,0.0007554248619223227,-0.001520512879213709,0.0034060738803620046,0.037706976540412385,9,0.2887750195181587,0.0004501903309788589,-0.0002489777608251678,0.001525468114898045,0.06391714016160648,7.0
stage13_steering,dev,encoder/probe/pooled_non_african@-0.50,steering_primary,2024,macro_over_languages,243,9,0.4374764655398941,0.005266086890529099,-4.1432474544974916e-05,0.015856239276537037,0.07246140715541362,7.0,0.8284579633703705,0.004672081757201648,2.6960401954734917e-05,0.011167413189711933,0.09974825930212669,9,0.5718266988069916,-0.000331420511122103,-0.0026629226540871563,0.002266645182573404,-0.017359210390270004,9,0.3023972916210184,0.002533250214944272,-0.00023487044504564748,0.007809514118647092,0.07362440869576814,7.0
stage13_steering,dev,encoder/probe/pooled_non_african@-1.00,steering_primary,42,macro_over_languages,243,9,0.38394996725624336,-0.020271578705132274,-0.046956999563813495,0.005660726717910048,-0.10305091490109461,7.0,0.8399724805185186,0.0017078573621399167,-0.0031237014565843623,0.006243947796604937,0.045397182976937296,9,0.5743311233823684,-0.0012801811087804903,-0.003847476339367217,0.0015028386008294017,-0.057618272603486086,9,0.26490021241007766,-0.017654696181443223,-0.03724929330867768,-0.00027121447022451024,-0.13017447794134132,7.0
stage13_steering,dev,encoder/probe/pooled_non_african@-1.00,steering_primary,1337,macro_over_languages,243,9,0.4155113755456085,0.00037475305169312273,-0.01449774680067725,0.015622703786744711,0.0038263264337340813,7.0,0.8261682760288066,0.004796673761316876,0.0013858697318930116,0.009357082086008233,0.14372383734270136,9,0.5791061162214909,0.0005788781482482413,-0.00220945804709118,0.00338663695962586,0.02464713850261399,9,0.28536160379871356,-0.002963225388466281,-0.011712148173842484,0.002532504966919306,-0.05461826661374334,7.0
stage13_steering,dev,encoder/probe/pooled_non_african@-1.00,steering_primary,2024,macro_over_languages,243,9,0.4286548353813227,-0.003555543268042327,-0.019419685332283065,0.011853133696039683,-0.03149646241760166,7.0,0.8312179210452675,0.0074320394320987705,0.00221062446368313,0.014451231976646094,0.14777001100158083,9,0.5731288562481062,0.0009707369299926893,-0.002128689384844842,0.004370704866210124,0.037604047831188335,9,0.2959394338266444,-0.003924607579429696,-0.015112865224228153,0.0051678415476779805,-0.05541616240456513,7.0
stage13_steering,test,encoder/mean_diff/per_language@+0.50,steering_primary,42,macro_over_languages,234,9,0.5322876535227472,0.026917517366593407,-0.0046216261121153875,0.05992646647454395,0.11250544167756751,7.0,0.8291891721111111,-0.003774845775213674,-0.01220270615650641,0.0041316770641773555,-0.05832796461589116,9,0.5684294233973906,0.0027295194413154474,-0.003988165472019328,0.009736967444732045,0.04819296547132669,9,0.35491177688339676,0.01102720172330184,-0.010746946400218907,0.03201681538518677,0.07176125738673948,7.0
stage13_steering,test,encoder/mean_diff/per_language@+0.50,steering_primary,1337,macro_over_languages,234,9,0.5385628872242307,0.009374196001098898,-0.02119509205282554,0.04146567361292445,0.03875618584697171,7.0,0.8233872092435899,-0.009858137230769235,-0.017267978555662394,-0.0027580530102564093,-0.16015746482211693,9,0.5654519765620988,-0.000645895289428861,-0.007728028433961084,0.0065589955305069385,-0.010969325168079464,9,0.3529536547540219,-0.0041370362604144124,-0.027084877738464234,0.018094944922245604,-0.025812574541688647,7.0
stage13_steering,test,encoder/mean_diff/per_language@+0.50,steering_primary,2024,macro_over_languages,234,9,0.5227255074626374,0.018881261996098905,-0.016977595979958786,0.05713555289835303,0.07029866865412757,7.0,0.8113390678589744,-0.005989574209401705,-0.01448659698066239,0.0023638687445512864,-0.08608715630019369,9,0.5564367590297713,-0.011086845179687136,-0.019232836456079243,-0.004605640939451267,-0.1888939668888275,9,0.3307757279717693,-0.004966089087339574,-0.0317871849387018,0.020355696057939365,-0.027193047119992358,7.0
stage13_steering,test,encoder/mean_diff/pooled_african@+0.50,steering_primary,42,macro_over_languages,234,9,0.49863572379351645,-0.006734412362637363,-0.03910218516702197,0.02543726840525273,-0.03125877578338547,7.0,0.8365161644615385,0.003552146276068379,-0.0010340247401709366,0.008532140154369663,0.09018131286000518,9,0.566354559759619,0.0006546558035438751,-0.0033227109279261773,0.004672564704324338,0.020630716932961635,9,0.3400122988334362,-0.0038722764888327304,-0.024296873550885063,0.014945363536697988,-0.02820413186589636,7.0
stage13_steering,test,encoder/mean_diff/pooled_african@+0.50,steering_primary,1337,macro_over_languages,234,9,0.5254713394581868,-0.0037173517649450537,-0.03346475181528159,0.023719682652017855,-0.018371226189780137,7.0,0.8301684342863248,-0.003076915136752138,-0.009532924696260686,0.0030492807433760583,-0.06234123830479881,9,0.5662016430565588,0.00010377120503116573,-0.004172303762868019,0.005619123692798006,0.0027756431467347974,9,0.34838785470510375,-0.00870283916127311,-0.028803491810950058,0.007880330416297225,-0.06667678637170064,7.0
stage13_steering,test,encoder/mean_diff/pooled_african@+0.50,steering_primary,2024,macro_over_languages,234,9,0.51164249108,0.0077982408493956065,-0.006390733851167581,0.02429289173795742,0.06876050676370052,7.0,0.8153394148034189,-0.0019892299999999994,-0.007637189865384616,0.003958963523504271,-0.041847764210858715,9,0.5627866033016542,-0.004737000907804278,-0.010292851930967344,-0.00023109920489711833,-0.11639234034989655,9,0.33559786875923003,-0.0001439504463893513,-0.012436625890830773,0.012393866854769862,-0.0016676617721501266,7.0
stage13_steering,test,encoder/mean_diff/pooled_african@+1.00,steering_primary,42,macro_over_languages,234,9,0.5058844623360989,0.000514326179945053,-0.03481752775562636,0.035530254755155186,0.0021276012007694412,7.0,0.8358561885641026,0.002892170378632483,-0.004612018111965803,0.010539367241634621,0.049354141617945664,9,0.5653982362106317,-0.000301667745443373,-0.006289671420658255,0.006018253971848319,-0.005951716609863355,9,0.3387420243081563,-0.005142551014112639,-0.02819481023334626,0.018429398106124966,-0.03245914316459207,7.0
stage13_steering,test,encoder/mean_diff/pooled_african@+1.00,steering_primary,1337,macro_over_languages,234,9,0.5160487609503297,-0.013139930272802195,-0.04381412068982142,0.01648971966468544,-0.06186156248612082,7.0,0.8290909950555556,-0.004154354367521369,-0.011793007808226496,0.00411509601698717,-0.06631728417160261,9,0.5655706216076906,-0.0005272502438371105,-0.007721815716490605,0.007074865579015508,-0.009153209211746186,9,0.3393167913004397,-0.017773902565937142,-0.03986315765323962,0.0026148851133661936,-0.1211356282208201,7.0
stage13_steering,test,encoder/mean_diff/pooled_african@+1.00,steering_primary,2024,macro_over_languages,234,9,0.5040567595705495,0.00021250933994505677,-0.024448486432721142,0.02734260851833379,0.0011282684017918788,7.0,0.8192306748461538,0.0019020300427350463,-0.0065963026196581166,0.012197995304487176,0.025587825063410098,9,0.5612827290809714,-0.00624087512848707,-0.012496119269341376,-0.000870636323308918,-0.13600575035740742,9,0.33039061332165703,-0.005351205883962361,-0.024347055218016205,0.012851612912990135,-0.040177792200080546,7.0
stage13_steering,test,encoder/mean_diff/pooled_african@-1.00,steering_primary,42,macro_over_languages,234,9,0.5159897053767033,0.010619569220549453,-0.020129238370219755,0.04079625237530906,0.04986449784554805,7.0,0.8451967440341881,0.012232725848717952,-0.00034245335463674786,0.024783975493621796,0.12294069814808666,9,0.5683929826058834,0.0026930786498083293,-0.0021348629176500314,0.008274159360894694,0.06369757939164053,9,0.35669177104247113,0.01280719572020222,-0.010619496254234438,0.035913462121352595,0.08048919740378413,7.0
stage13_steering,test,encoder/mean_diff/pooled_african@-1.00,steering_primary,1337,macro_over_languages,234,9,0.5227722356595604,-0.00641645556357143,-0.03896545718043956,0.026472298734076912,-0.028938751839493085,7.0,0.8453014338504274,0.012056084427350428,0.0007959206772435913,0.0241537426159188,0.11767072289534146,9,0.568384657837851,0.0022867859863233125,-0.004273223026415034,0.009691774847930558,0.04185274940207544,9,0.3627292297468375,0.005638535880460681,-0.02101520699902723,0.03070368604250136,0.03128560408027521,7.0
stage13_steering,test,encoder/mean_diff/pooled_african@-1.00,steering_primary,2024,macro_over_languages,234,9,0.48467962477560445,-0.019164625455,-0.060160339403320065,0.020124959046682697,-0.07316065595886352,7.0,0.8281406690940172,0.010812024290598292,0.0026263932730769242,0.019282686594017096,0.16656795279723038,9,0.5685240871061596,0.0010004828967012363,-0.00427033754539963,0.006424210807625015,0.022605089159726977,9,0.33022418241708135,-0.00551763678853805,-0.031102623545770355,0.018681208367475114,-0.030619909033191145,7.0
stage13_steering,test,encoder/mean_diff/pooled_all_balanced@+0.50,steering_primary,42,macro_over_languages,234,9,0.527759909872912,0.022389773716758234,-0.0022844422005727913,0.04855245654374998,0.12385263575138554,7.0,0.8504323166666666,0.017468288236324785,0.0038287947759935866,0.030674285284155976,0.15011759939354047,9,0.5668644974029076,0.001164593446832553,-0.004427711661673115,0.0071237602979307355,0.024662801597346035,9,0.3610149571649306,0.017130381015920668,0.0002044001759550111,0.03693080952706056,0.1367931472646761,7.0
stage13_steering,test,encoder/mean_diff/pooled_all_balanced@+0.50,steering_primary,1337,macro_over_languages,234,9,0.5113876671908791,-0.017801024032252744,-0.048405978724717025,0.009869787540978002,-0.0855772519095034,7.0,0.8335006815384617,0.0002553328034188,-0.012787799548504274,0.01186533955064102,0.002572936422482286,9,0.568579650502443,0.0024817786509153724,-0.003221744626157155,0.008888413545627992,0.05171249929141288,9,0.3527363908005061,-0.00435430051585601,-0.02498314405014634,0.017635189025219412,-0.028883214017254157,7.0
stage13_steering,test,encoder/mean_diff/pooled_all_balanced@+0.50,steering_primary,2024,macro_over_languages,234,9,0.4900400913885165,-0.01380415835917582,-0.052616847388364,0.02312652223579531,-0.050646530239398475,7.0,0.8275079700085471,0.010179327085470084,0.002306710251068378,0.01920991936175214,0.14012522287839807,9,0.5690506276788881,0.0015270234694296687,-0.004862776176419638,0.008330254618438759,0.02963470639459949,9,0.3379251199095578,0.0021833017430302054,-0.024719408107961263,0.030361215186517028,0.01161741751698545,7.0
stage13_steering,test,encoder/mean_diff/pooled_non_african@-0.50,steering_primary,42,macro_over_languages,234,9,0.5047068294581868,-0.0006633066979670342,-0.03696325454595055,0.03349371325898074,-0.0025792478548751024,7.0,0.8373231652307692,0.004359146147863249,-0.0035150136775961532,0.012284849202692304,0.07090928919133692,9,0.564773600013108,-0.0009263039429672439,-0.007569380005352135,0.00559286881037289,-0.017300807526072666,9,0.3419790188284766,-0.0019055548141464912,-0.026849088691402026,0.020682754266218985,-0.011204019713448296,7.0
stage13_steering,test,encoder/mean_diff/pooled_non_african@-0.50,steering_primary,1337,macro_over_languages,234,9,0.5235417860667033,-0.005646905156428573,-0.03803652908961126,0.025969656199934067,-0.024932505792850335,7.0,0.8279906903119658,-0.005254656482905988,-0.012864396031410257,0.0024835498749999937,-0.08456591377482847,9,0.5673080607478137,0.0012101888962860407,-0.006260553843214438,0.008936370938437526,0.021327551601765398,9,0.3445871422118864,-0.012503547923580336,-0.03549067598421346,0.008172914848855318,-0.08009173509897548,7.0
stage13_steering,test,encoder/mean_diff/pooled_non_african@-0.50,steering_primary,2024,macro_over_languages,234,9,0.4997425246775824,-0.004101720766483517,-0.03498794594049313,0.02256123219488598,-0.020283994040521516,7.0,0.8247893982649572,0.007460755982905983,-0.0029258820320512773,0.019339754340811966,0.0780281133954277,9,0.5599442444692057,-0.007579359740252764,-0.013492419958390118,-0.0024169268401845177,-0.15711092790756245,9,0.32801918939862484,-0.007722623743483517,-0.029447831929344602,0.012557300777825853,-0.05325764557623481,7.0
stage13_steering,test,encoder/mean_diff/pooled_non_african@-1.00,steering_primary,42,macro_over_languages,234,9,0.5146027336702746,0.009232597514120876,-0.03312113488345327,0.05095582742273763,0.0318610035317288,7.0,0.8542494662649572,0.02128544718205128,0.006633126282873928,0.03637023924536324,0.15453037262562908,9,0.559929758530998,-0.005770145425077076,-0.014935576306915837,0.0023287963315615804,-0.08396519507132463,9,0.3439957335222508,0.00011115987962768856,-0.025420412807885727,0.025162970668879875,0.0005692258474113622,7.0
stage13_steering,test,encoder/mean_diff/pooled_non_african@-1.00,steering_primary,1337,macro_over_languages,234,9,0.5250120735825274,-0.004176617640604399,-0.04229125304882416,0.03509122869224722,-0.014645600461866408,7.0,0.8352885060598291,0.002043159264957261,-0.011687324013461545,0.015798496900534177,0.01784836647727385,9,0.562298441279846,-0.003799430571681684,-0.01256845825678538,0.004731218268996537,-0.05478383488986818,9,0.3379167067559484,-0.01917398337951832,-0.04593081609895032,0.005453438868731994,-0.09983853424886406,7.0
stage13_steering,test,encoder/mean_diff/pooled_non_african@-1.00,steering_primary,2024,macro_over_languages,234,9,0.474102843012033,-0.029741402432032955,-0.07053440891232968,0.011518285115993135,-0.09805931471023892,7.0,0.8391835742735042,0.021854931991452997,0.0059450018166666745,0.04167428570705127,0.13854187123078185,9,0.5509109259534871,-0.016612678255971305,-0.026138252659714464,-0.0076471777345787145,-0.21545940560577093,9,0.3022811060431139,-0.03346070709899445,-0.06430045605445094,-0.005857542801101019,-0.16686862622545462,7.0
stage13_steering,test,encoder/probe/pooled_all_balanced@+1.00,steering_primary,42,macro_over_languages,234,9,0.5072956585202198,0.0019255223640659337,-0.019685743210104398,0.02406323242464423,0.012606290324530827,7.0,0.8293888206153847,-0.003575198253846153,-0.0078100504396047005,0.0009807152499893164,-0.10046599597214381,9,0.5633301161812725,-0.0023697877748026378,-0.007512447791690488,0.0022672885902582673,-0.06025491456295959,9,0.3397996948621125,-0.004084879535563988,-0.01887426468628313,0.009305663455338373,-0.03970096662296793,7.0
stage13_steering,test,encoder/probe/pooled_all_balanced@+1.00,steering_primary,1337,macro_over_languages,234,9,0.5197262002581869,-0.009462490964945055,-0.0373478653762967,0.013926966989976608,-0.05219813238336136,7.0,0.8307895561965812,-0.0024557913461538496,-0.00712182840918804,0.001533802829594015,-0.0695093640292177,9,0.5671043664129435,0.0010064945614159093,-0.0016970763847365814,0.003911412328844384,0.045742242454059466,9,0.34956056347686115,-0.007530128103044138,-0.02730127526112784,0.00931408117788014,-0.05844859053765262,7.0
stage13_steering,test,encoder/probe/pooled_all_balanced@+1.00,steering_primary,2024,macro_over_languages,234,9,0.5115194164237363,0.00767517100967033,-0.0067078687134931305,0.026670093399482137,0.06725186706635485,7.0,0.8123368300854702,-0.004991812623931621,-0.009263754508119657,-0.001245753309829058,-0.15205822916941117,9,0.5641109973492359,-0.0034126068602225315,-0.007940127887516102,0.0005495311784694572,-0.1004964204454141,9,0.33701153838630077,0.0012697214496382048,-0.009887534822667056,0.013684935047045205,0.015701102434113778,7.0
stage14_transfer,dev,decoder/mean_diff/EN_DE_ES@+0.25,transfer_primary,42,macro_over_languages,54,2,,,,,,,0.42338105046296304,1.7277777777421383e-08,-1.0203703707844992e-08,4.67990740770714e-08,0.15012402497979602,2,0.2360574162375708,0.0,0.0,0.0,,2,,,,,,
stage14_transfer,dev,decoder/mean_diff/EN_DE_ES@+0.25,transfer_primary,1337,macro_over_languages,54,2,,,,,,,0.3758514812222223,0.002105163703703707,-1.0024537033029477e-08,0.005673837620370368,0.18078133504254962,2,0.24334375851577916,0.0022606724512683678,0.0,0.006120080853437367,0.17898726253319644,2,,,,,,
stage14_transfer,dev,decoder/mean_diff/EN_DE_ES@+0.25,transfer_primary,2024,macro_over_languages,54,2,,,,,,,0.3991794201666667,3.648148148669387e-09,-2.6296296297437956e-08,3.824629629595062e-08,0.02798977033109336,2,0.22094837433094558,0.0,0.0,0.0,,2,,,,,,
stage14_transfer,dev,decoder/mean_diff/EN_DE_ES@+0.50,transfer_primary,42,macro_over_languages,54,2,,,,,,,0.42338105046296304,1.7277777777421383e-08,-1.2948148150093165e-08,4.706111111411828e-08,0.15012402497979602,2,0.2360574162375708,0.0,0.0,0.0,,2,,,,,,
stage14_transfer,dev,decoder/mean_diff/EN_DE_ES@+0.50,transfer_primary,1337,macro_over_languages,54,2,,,,,,,0.37926049733333334,0.005514179814814818,7.263425931728919e-09,0.013145655173611125,0.20154671530035098,2,0.243338571915672,0.002255485851161255,-1.0373200214225592e-05,0.006114894253330254,0.17856243239947922,2,,,,,,
stage14_transfer,dev,decoder/mean_diff/EN_DE_ES@+0.50,transfer_primary,2024,macro_over_languages,54,2,,,,,,,0.3991794201666667,3.648148148669387e-09,-3.100509259199782e-08,3.962175925743467e-08,0.02798977033109336,2,0.22094837433094558,0.0,0.0,0.0,,2,,,,,,
stage14_transfer,dev,decoder/mean_diff/EN_DE_ES@+1.00,transfer_primary,42,macro_over_languages,54,2,,,,,,,0.4231974758333334,-0.000183557351851852,-0.0019814971337962974,0.0014307878680555573,-0.03038991132364695,2,0.23536810119544865,-0.0006893150421221422,-0.0020679451263664267,0.0,-0.16420948785774578,2,,,,,,
stage14_transfer,dev,decoder/mean_diff/EN_DE_ES@+1.00,transfer_primary,1337,macro_over_languages,54,2,,,,,,,0.3914772990925926,0.017730981574074076,0.004783805878703709,0.035763920343981466,0.29460851259121934,2,0.24905473645686071,0.00797165039234994,-0.004641721346052954,0.02429158270019089,0.1440089177908116,2,,,,,,
stage14_transfer,dev,decoder/mean_diff/EN_DE_ES@+1.00,transfer_primary,2024,macro_over_languages,54,2,,,,,,,0.40515253879629637,0.00597312227777778,-2.707039537037021e-05,0.017969545163888847,0.1602667665555192,2,0.22240576433572656,0.0014573900047809665,-0.00033370135191650727,0.004538810259072605,0.14789501438891361,2,,,,,,
stage14_transfer,dev,decoder/mean_diff/EN_DE_ES@-0.50,transfer_primary,42,macro_over_languages,54,2,,,,,,,0.42187528379629635,-0.0015057493888888894,-0.006023023678703703,3.430092592685059e-08,-0.1360814794796653,2,0.23676120257153452,0.0007037863339637296,0.0,0.0021113590018911887,0.13608276348795434,2,,,,,,
stage14_transfer,dev,decoder/mean_diff/EN_DE_ES@-0.50,transfer_primary,1337,macro_over_languages,54,2,,,,,,,0.3685173777037037,-0.005228939814814811,-0.01568683637129629,1.64925925933787e-08,-0.13608284696382714,2,0.24210572736978037,0.0010226413052696055,0.0,0.003067923915808816,0.1360827634879543,2,,,,,,
stage14_transfer,dev,decoder/mean_diff/EN_DE_ES@-0.50,transfer_primary,2024,macro_over_languages,54,2,,,,,,,0.3991794201666667,3.648148148669387e-09,-2.7615277777569822e-08,3.8632870372182364e-08,0.02798977033109336,2,0.22094837433094558,0.0,0.0,0.0,,2,,,,,,
stage14_transfer,dev,decoder/mean_diff/EN_DE_ES@-1.00,transfer_primary,42,macro_over_languages,54,2,,,,,,,0.42264553888888895,-0.0007354942962962951,-0.0045172760898148125,0.002310788126388894,-0.05872932331643532,2,0.23666998297747538,0.0006125667399045688,-0.0002736587821774824,0.0021113590018911887,0.11718068457448201,2,,,,,,
stage14_transfer,dev,decoder/mean_diff/EN_DE_ES@-1.00,transfer_primary,1337,macro_over_languages,54,2,,,,,,,0.3696717171666667,-0.004074600351851853,-0.015686816344444448,0.003463016523148148,-0.10313920843371213,2,0.24181287798093554,0.0007297919164247815,-0.000878548166534472,0.003067923915808816,0.09289796431580645,2,,,,,,
stage14_transfer,dev,decoder/mean_diff/EN_DE_ES@-1.00,transfer_primary,2024,macro_over_languages,54,2,,,,,,,0.3991794332592593,1.674074074130951e-08,-4.537499999320683e-09,4.105740740864034e-08,0.18580916023686866,2,0.22094837433094558,0.0,0.0,0.0,,2,,,,,,
stage14_transfer,dev,decoder/mean_diff/YO_XH@+0.25,transfer_primary,42,macro_over_languages,189,7,0.40519947776417986,0.0009779422671428578,-0.012460490337354496,0.015394515551481481,0.01074685063190117,7.0,0.9585117911640213,0.0017090077248677253,3.200476190476203e-05,0.0047155011402116405,0.09222205601058779,7,0.6720220001682904,-0.0006047009667378605,-0.0015136063895682928,0.0,-0.09400716160140131,7,0.2830091693887718,0.00045426670341224907,-0.008347940739735094,0.010016879127168107,0.007509664508868308,7.0
stage14_transfer,dev,decoder/mean_diff/YO_XH@+0.25,transfer_primary,1337,macro_over_languages,189,7,0.4151895443986772,5.2921904761904445e-05,0.0,0.0001586576190476183,0.07288881479838119,7.0,0.9496915504761905,0.0004270174603174604,0.0,0.0010727508465608463,0.10311259437274188,7,0.6754568689568947,0.000517016024014167,0.0,0.0013789630198751456,0.09776921907029582,7,0.28911185437112147,0.0007870249946554515,0.0,0.0020618320450300634,0.10027643540217943,7.0
stage14_transfer,dev,decoder/mean_diff/YO_XH@+0.25,transfer_primary,2024,macro_over_languages,189,7,0.43219804901994713,-1.2324409523809525e-05,-3.6973228571428576e-05,0.0,-0.0727392967453308,7.0,0.94525331015873,0.00015128518518518535,0.0,0.00045385555555555606,0.07273929674533082,7,0.6722825299531822,-0.0002212307898366446,-0.0006636923695099337,0.0,-0.07273929674533078,7,0.29985451145120834,-9.526828650030688e-06,-2.8580485950092067e-05,0.0,-0.07273929674533078,7.0
stage14_transfer,dev,decoder/mean_diff/YO_XH@+0.50,transfer_primary,42,macro_over_languages,189,7,0.40572032330867724,0.0014987878116402118,-0.01722595901148677,0.02068199374652116,0.011205300544944613,7.0,0.9600852443386243,0.003282460899470899,-0.00028260364021163965,0.008343430832010588,0.10206493045131883,7,0.6735824750163952,0.0009557738813669368,-0.0010502701941752584,0.0038395835748542945,0.05316786863654947,7,0.28471527101667626,0.002160368331316752,-0.0075426061734801125,0.013806275895533954,0.02624225342285445,7.0
stage14_transfer,dev,decoder/mean_diff/YO_XH@+0.50,transfer_primary,1337,macro_over_languages,189,7,0.4151895263321693,5.29038382539681e-05,-3.2062973545538996e-08,0.00015867368262962954,0.07286378948504559,7.0,0.9496915430158731,0.0004270100000000019,-1.1542328041554125e-08,0.0010727387513227468,0.10311056212731419,7,0.6754568689568947,0.000517016024014167,0.0,0.0013789630198751456,0.09776921907029582,7,0.28911183398008156,0.0007870046036155018,-3.3582105967845905e-08,0.002061783226490969,0.10027369359991928,7.0
stage14_transfer,dev,decoder/mean_diff/YO_XH@+0.50,transfer_primary,2024,macro_over_languages,189,7,0.43219802574031746,-1.2347689153438355e-05,-3.7026386554232784e-05,2.9189374338525056e-08,-0.07287711062335711,7.0,0.9452533003703705,0.0001512753968253989,-1.9420634919429645e-08,0.000453850973544978,0.07273471874950406,7,0.6722825299531822,-0.0002212307898366446,-0.0006636923695099337,0.0,-0.07273929674533078,7,0.29985448742195653,-9.550857901844305e-06,-2.8626247975449728e-05,2.0612936444186162e-08,-0.07292337367561709,7.0
stage14_transfer,dev,decoder/mean_diff/YO_XH@+1.00,transfer_primary,42,macro_over_languages,189,7,0.4004353766289418,-0.003786158868095239,-0.026428176140313488,0.01591536906905556,-0.024866139046262982,7.0,0.9605533741269839,0.003750590687830688,-4.583858201058154e-05,0.00923619235978836,0.11529479762194925,7,0.673817287003616,0.001190585868587742,-0.000956242336071907,0.00405775012043386,0.06568109469077607,7,0.280653210714957,-0.0019016919704025327,-0.01655788617005219,0.012092164551882079,-0.018846379814668877,7.0
stage14_transfer,dev,decoder/mean_diff/YO_XH@+1.00,transfer_primary,1337,macro_over_languages,189,7,0.415189447802381,5.282530846560847e-05,-2.9056613756613105e-06,0.00015873070529100455,0.07270183820930161,7.0,0.9500053530687831,0.0007408200529100532,3.195232804232787e-05,0.0015120403624338643,0.13083678596579215,7,0.6754075243974412,0.00046767146456071814,-0.00021090897870656636,0.0013753016389689895,0.08261067726107114,7,0.28911969574027224,0.0007948663638062663,-0.00010134827201984779,0.0020699675063383964,0.09798825750253291,7.0
stage14_transfer,dev,decoder/mean_diff/YO_XH@+1.00,transfer_primary,2024,macro_over_languages,189,7,0.4321986756888889,-1.1697740582010583e-05,-3.6973228571428576e-05,1.8800068253968261e-06,-0.06893299149084832,7.0,0.94525331015873,0.00015128518518518535,0.0,0.00045385555555555606,0.07273929674533082,7,0.6722825299531822,-0.0002212307898366446,-0.0006636923695099337,0.0,-0.07273929674533078,7,0.2998545896967148,-9.448583143571957e-06,-2.8580485950092067e-05,1.5844715057892675e-07,-0.07213629197515656,7.0
stage14_transfer,dev,decoder/mean_diff/YO_XH@-0.50,transfer_primary,42,macro_over_languages,189,7,0.4042195679819577,-1.967515079363915e-06,-4.68493485185142e-06,-9.952141533131772e-09,-0.11263243259580231,7.0,0.9572301931216932,0.0004274096825396832,-1.0794973546964713e-08,0.0012629451746031725,0.09298560603316927,7,0.6727303680106149,0.000103666875586656,-7.794271948711819e-05,0.0004279147059906453,0.0509276312564645,7,0.2825544231535107,-4.795318488399352e-07,-1.4327661940462188e-06,9.800403897811903e-08,-0.07703283492589594,7.0
stage14_transfer,dev,decoder/mean_diff/YO_XH@-0.50,transfer_primary,1337,macro_over_languages,189,7,0.41514102272724873,4.40023333333337e-06,-8.47262538358934e-07,1.4400885658729814e-05,0.0662735020189874,7.0,0.9489691953968253,-0.00029533761904761727,-0.0008724243994708974,-6.929894178324586e-09,-0.07617519432265847,7,0.6747475207510558,-0.00019233218182475786,-0.0015818615354976186,0.001004864990023345,-0.02234187274319234,7,0.2886115666434608,0.00028673726699474176,-1.2142845148703608e-06,0.0008617247826024799,0.07258498983919177,7.0
stage14_transfer,dev,decoder/mean_diff/YO_XH@-0.50,transfer_primary,2024,macro_over_languages,189,7,0.4325978197447619,0.0003874463152910062,-9.478639920616275e-07,0.0011559469323822757,0.07412602294637484,7.0,0.9448917187830689,-0.0002103061904761888,-0.0006222503862433857,1.3780810846563858e-05,-0.07562741062601161,7,0.672750367447883,0.0002466067048641687,-7.735635872916121e-05,0.0008171764733216673,0.06552779327262513,7,0.300172139871553,0.0003081015916946662,-4.589569646379356e-07,0.0009180956098259702,0.0743340121652967,7.0
stage14_transfer,dev,decoder/mean_diff/YO_XH@-1.00,transfer_primary,42,macro_over_languages,189,7,0.4098900674649736,0.005668531967936507,-6.444208078042599e-06,0.016448898238940475,0.08042492623975057,7.0,0.956492317989418,-0.00031046544973544957,-0.001573643432539682,0.0007484651693121697,-0.03662782700229364,7,0.6730999620410344,0.00047326090600611906,-0.00014937656572536193,0.0012513637983437177,0.086233794859294,7,0.28445328538970127,0.0018983827043417164,-7.876799492529982e-05,0.0056257056559402534,0.07853281112705213,7.0
stage14_transfer,dev,decoder/mean_diff/YO_XH@-1.00,transfer_primary,1337,macro_over_languages,189,7,0.41473212125920633,-0.00040450123470899484,-0.001263127606198413,4.144938581216887e-05,-0.06960234847830647,7.0,0.9489490580952381,-0.00031547492063492034,-0.0014678015105820104,0.0005869994179894181,-0.04389182715591666,7,0.6739672830705828,-0.000972569862297733,-0.0032968505041075786,0.0008235976358033221,-0.062338088486068095,7,0.28821235626504976,-0.0001124731114163127,-0.0012107107600272545,0.0007365495678283337,-0.016258270492386474,7.0
stage14_transfer,dev,decoder/mean_diff/YO_XH@-1.00,transfer_primary,2024,macro_over_languages,189,7,0.4233835901301058,-0.008826783299365079,-0.022408371415256614,0.000767061064542328,-0.09767570135141228,7.0,0.9453761982539682,0.0002741732804232806,-0.0010369597076719575,0.0018217331362433851,0.0285100805077884,7,0.6715895916088553,-0.0009141691341633535,-0.004407745564414886,0.001985807233600661,-0.03932016750612233,7,0.2930148690722164,-0.0068491692076419666,-0.018796870034932023,0.0006004097685566548,-0.09331144005393333,7.0
stage14_transfer,dev,decoder/mean_diff/all_non_african@+0.25,transfer_primary,42,macro_over_languages,54,2,,,,,,,0.4227205493518519,-0.0006605317037037095,-0.001981556792129637,-3.851388893440788e-09,-0.13608895209426936,2,0.23549886651330246,-0.0005585497242683425,-0.0016756491728050276,0.0,-0.1360827634879543,2,,,,,,
stage14_transfer,dev,decoder/mean_diff/all_non_african@+0.25,transfer_primary,1337,macro_over_languages,54,2,,,,,,,0.3758514812222223,0.0021051343518518517,-4.819027778493218e-08,0.005837168186574071,0.18077864278111122,2,0.24334375851577916,0.0022606724512683678,0.0,0.006120080853437367,0.17898726253319644,2,,,,,,
stage14_transfer,dev,decoder/mean_diff/all_non_african@+0.25,transfer_primary,2024,macro_over_languages,54,2,,,,,,,0.3991794201666667,-3.490740740862964e-08,-6.911157407501102e-08,2.0240740756300454e-09,-0.26769602174736934,2,0.22094837433094558,0.0,0.0,0.0,,2,,,,,,
stage14_transfer,dev,decoder/mean_diff/all_non_african@+0.50,transfer_primary,42,macro_over_languages,54,2,,,,,,,0.42338105046296304,-3.059259259833467e-08,-6.444953704731697e-08,5.402314811354472e-09,-0.2313666704123614,2,0.2360574162375708,0.0,0.0,0.0,,2,,,,,,
stage14_transfer,dev,decoder/mean_diff/all_non_african@+0.50,transfer_primary,1337,macro_over_languages,54,2,,,,,,,0.37926049733333334,0.005514150462962964,-1.8574999996361933e-08,0.013791468743055568,0.20154582350614472,2,0.243338571915672,0.002255485851161255,-1.0373200214225592e-05,0.006115023918332932,0.17856243239947922,2,,,,,,
stage14_transfer,dev,decoder/mean_diff/all_non_african@+0.50,transfer_primary,2024,macro_over_languages,54,2,,,,,,,0.3991794201666667,-3.490740740862964e-08,-6.92791666695553e-08,9.273148158799359e-10,-0.26769602174736934,2,0.22094837433094558,0.0,0.0,0.0,,2,,,,,,
stage14_transfer,dev,decoder/mean_diff/all_non_african@+1.00,transfer_primary,42,macro_over_languages,54,2,,,,,,,0.4231974758333334,-0.00018360522222222778,-0.0019815281555555573,0.0014307348388888832,-0.030397706872573687,2,0.23536810119544865,-0.0006893150421221422,-0.0019371798085126269,0.0,-0.16420948785774578,2,,,,,,
stage14_transfer,dev,decoder/mean_diff/all_non_african@+1.00,transfer_primary,1337,macro_over_languages,54,2,,,,,,,0.39021949014814816,0.016473143277777776,0.002266301698148152,0.0339364674712963,0.27535627508444555,2,0.25201767419860305,0.010934588134092307,0.0004580595169158833,0.027669867561773916,0.21764442343045948,2,,,,,,
stage14_transfer,dev,decoder/mean_diff/all_non_african@+1.00,transfer_primary,2024,macro_over_languages,54,2,,,,,,,0.40515253879629637,0.005973083722222222,-2.7088914814810736e-05,0.016924368039814817,0.1602658071218503,2,0.22240576433572656,0.0014573900047809665,-0.00033370135191650727,0.004371959583114351,0.14789501438891361,2,,,,,,
stage14_transfer,dev,decoder/mean_diff/all_non_african@-0.50,transfer_primary,42,macro_over_languages,54,2,,,,,,,0.42338105046296304,-3.059259259833467e-08,-6.699907408285141e-08,5.392129624986051e-09,-0.2313666704123614,2,0.2360574162375708,0.0,0.0,0.0,,2,,,,,,
stage14_transfer,dev,decoder/mean_diff/all_non_african@-0.50,transfer_primary,1337,macro_over_languages,54,2,,,,,,,0.3685173777037037,-0.005228969166666666,-0.015686878758796305,-3.2939814863042894e-09,-0.1360835466901711,2,0.24210572736978037,0.0010226413052696055,0.0,0.003067923915808816,0.1360827634879543,2,,,,,,
stage14_transfer,dev,decoder/mean_diff/all_non_african@-0.50,transfer_primary,2024,macro_over_languages,54,2,,,,,,,0.3991794201666667,-3.490740740862964e-08,-7.125972222796508e-08,6.486111147386936e-10,-0.26769602174736934,2,0.22094837433094558,0.0,0.0,0.0,,2,,,,,,
stage14_transfer,dev,decoder/mean_diff/all_non_african@-1.00,transfer_primary,42,macro_over_languages,54,2,,,,,,,0.422645538425926,-0.0007355426296296347,-0.004517325008796298,0.002310702195833323,-0.05873324973259961,2,0.23666998297747538,0.0006125667399045688,-0.0002736587821774824,0.0021113590018911887,0.11718068457448201,2,,,,,,
stage14_transfer,dev,decoder/mean_diff/all_non_african@-1.00,transfer_primary,1337,macro_over_languages,54,2,,,,,,,0.3696717175185185,-0.004074629351851851,-0.01568685616990741,0.0034629770106481494,-0.10313989956686771,2,0.24181287798093554,0.0007297919164247815,-0.000878548166534472,0.003067923915808816,0.09289796431580645,2,,,,,,
stage14_transfer,dev,decoder/mean_diff/all_non_african@-1.00,transfer_primary,2024,macro_over_languages,54,2,,,,,,,0.3991794201666667,-3.490740740862964e-08,-6.876064815235055e-08,2.001388892048574e-09,-0.26769602174736934,2,0.22094837433094558,0.0,0.0,0.0,,2,,,,,,
stage14_transfer,dev,decoder/mean_diff/within_language@+0.25,transfer_primary,42,macro_over_languages,243,9,0.4051992708594709,0.0009777071812698416,-0.012460730350449737,0.015394500784297622,0.01074425763514698,7.0,0.8396926501481481,0.0014280410041152272,-8.653678106995665e-05,0.0037626644123456804,0.08429608314688977,9,0.5749865482984925,-0.0006247561926562913,-0.0014617111578493866,-3.031105757832374e-05,-0.10409541473967476,9,0.28300926128790305,0.000454340395919097,-0.0083479468725048,0.009867652062754263,0.007510876207523619,7.0
stage14_transfer,dev,decoder/mean_diff/within_language@+0.25,transfer_primary,1337,macro_over_languages,243,9,0.4151895443986772,5.293984164021115e-05,-1.8147208998539015e-09,0.00015867726370767088,0.07291364143079615,7.0,0.8218472447325103,0.0004756588230452689,1.0629526752139488e-08,0.0009963827888888907,0.11129841575850953,9,0.5790764586475576,0.0005492205743149603,0.0,0.001232876863936164,0.10587446744794463,9,0.2891118523552544,0.0007870458565117222,9.458715715518152e-10,0.0020618769260445885,0.10027914697464713,7.0
stage14_transfer,dev,decoder/mean_diff/within_language@+0.25,transfer_primary,2024,macro_over_languages,243,9,0.43219805475317463,-1.2295112857143168e-05,-3.697689070105855e-05,8.951091005309138e-08,-0.07256490033409933,7.0,0.8239035543580249,0.0001176785884773661,5.122016458523811e-09,0.00035302053508230497,0.06415669148472095,9,0.5719860509260184,-0.000172068392095168,-0.000516205176285504,0.0,-0.06415002990995843,9,0.2998545156164105,-9.495615463105695e-06,-2.8591174137211508e-05,7.777175804433533e-08,-0.07249911407806765,7.0
stage14_transfer,dev,decoder/mean_diff/within_language@+0.50,transfer_primary,42,macro_over_languages,243,9,0.4104821716995237,0.006260608021322752,-0.008307404969839947,0.02580847123091931,0.05379299442488897,7.0,0.8395922698353909,0.0013276606913580243,-0.0004196095290123454,0.003840577046090534,0.07704966389051679,9,0.5754326162707478,-0.00017868822040101193,-0.0010924775164159364,0.0008198421848402186,-0.023480599027446522,9,0.28659899293735863,0.004044072045374672,-0.005718611981297182,0.016891563125732843,0.05181569699801796,7.0
stage14_transfer,dev,decoder/mean_diff/within_language@+0.50,transfer_primary,1337,macro_over_languages,243,9,0.4151895805024867,5.2975945449735374e-05,1.3518743386518216e-08,0.00015875825030026424,0.07296361428229098,7.0,0.8235405771934157,0.002168991283950617,0.00028705685174897034,0.004816597107818931,0.11314781343660507,9,0.580414683167045,0.0018874450938024003,0.00013269135166191798,0.005275798747840381,0.08787254366537225,9,0.289111882336824,0.0007870758380813201,1.3030048385856128e-08,0.0020619037948811495,0.10028300544366558,7.0
stage14_transfer,dev,decoder/mean_diff/within_language@+0.50,transfer_primary,2024,macro_over_languages,243,9,0.43219805476566137,-1.2295100370370679e-05,-3.698750388359815e-05,8.39476441800627e-08,-0.07256482624788117,7.0,0.823903548909465,0.00011767313991769403,7.896090511484322e-10,0.0003530124940329204,0.06415370874056912,9,0.5719860509260184,-0.000172068392095168,-0.000516205176285504,0.0,-0.06415002990995843,9,0.29985451519378964,-9.496038083931218e-06,-2.859711634038024e-05,8.000130927692937e-08,-0.07250235717831253,7.0
stage14_transfer,dev,decoder/mean_diff/within_language@+1.00,transfer_primary,42,macro_over_languages,243,9,0.4051982059989947,0.0009766423207936503,-0.017743782351115078,0.020827125503686504,0.007106220418647157,7.0,0.8397091306666666,0.0014445215226337445,-0.0002924793827160514,0.004123095575102879,0.08006957144223115,9,0.575715704639277,0.00010440014812823582,-0.0010290800312937488,0.0012345371882623783,0.011775276598289546,9,0.2825376498400006,-1.727105198337916e-05,-0.01417916724275902,0.014096007762017205,-0.00017709191309282738,7.0
stage14_transfer,dev,decoder/mean_diff/within_language@+1.00,transfer_primary,1337,macro_over_languages,243,9,0.4099018387940212,-0.005234765763015873,-0.01585876895575529,0.00015122364466137582,-0.0720229459891506,7.0,0.8237275030452675,0.002355917135802469,0.0003091136609053503,0.005155261309670783,0.11825504978359527,9,0.5802358706912002,0.0017086326179574934,-0.000127997403030204,0.004664040681785959,0.07882710041186348,9,0.2853622297682402,-0.0029625767305024495,-0.011588785581712516,0.001871778994221448,-0.0549929168412987,7.0
stage14_transfer,dev,decoder/mean_diff/within_language@+1.00,transfer_primary,2024,macro_over_languages,243,9,0.43219806869645505,-1.2281169576719601e-05,-3.6980867719577494e-05,1.0714085052948128e-07,-0.07248212638067288,7.0,0.8254845174156378,0.0016986416460905336,0.00011767665740740236,0.004438088386831273,0.0937953062929621,9,0.5726364846052806,0.00047836528716701653,-0.00040487786732286906,0.0018910580085420995,0.047728030005531254,9,0.3008110075964124,0.0009469963645387894,-1.9063643800693027e-05,0.002869488593700594,0.07200974453454716,7.0
stage14_transfer,dev,decoder/mean_diff/within_language@-0.50,transfer_primary,42,macro_over_languages,243,9,0.40422039848910046,-1.1651891005291857e-06,-3.548262402116349e-06,3.684123280367326e-08,-0.07800336861963555,7.0,0.8384018676831276,0.00013725853909465164,9.501646088791161e-09,0.0003613618152263392,0.08784461144714238,9,0.5758042330101268,0.0001929285189780024,0.0,0.0004967978876572832,0.08989490643076661,9,0.28255449006919975,-4.3082278422667843e-07,-1.3315017396689107e-06,4.525543352866557e-08,-0.07077581872375513,7.0
stage14_transfer,dev,decoder/mean_diff/within_language@-0.50,transfer_primary,1337,macro_over_languages,243,9,0.41515489355814816,1.8289001111110814e-05,-2.8151646826665424e-08,5.002921895105852e-05,0.09312399968695281,7.0,0.8200883163004117,-0.0012832696090534972,-0.0038309412206790124,0.00034207894094650723,-0.06794824341272357,9,0.5786132172939343,8.597922069158192e-05,-0.0010729243736931073,0.0011031190143338404,0.009817450857970889,9,0.28862401663135007,0.0002992101326074144,-5.744724738835886e-07,0.0008866317613010108,0.07569211366311866,7.0
stage14_transfer,dev,decoder/mean_diff/within_language@-0.50,transfer_primary,2024,macro_over_languages,243,9,0.4325899945004233,0.0003796446343915342,-1.4236927976193857e-06,0.00114047295662037,0.07264009617234352,7.0,0.8232891392345678,-0.0004967365349794243,-0.0011547825432098764,-2.3923480144031913e-05,-0.10335467748483602,9,0.5713412028901889,-0.0008169164279246906,-0.00267818884700381,0.00043151063235107306,-0.05983483746232995,9,0.2998303972611851,-3.361397068845905e-05,-0.001003522592960944,0.0008715160632287635,-0.0054169481701965075,7.0
stage14_transfer,dev,decoder/mean_diff/within_language@-1.00,transfer_primary,42,macro_over_languages,243,9,0.40473474958380945,0.000513185905608465,-1.3203300939153458e-05,0.0015549258284312157,0.07195188177359885,7.0,0.8388735291646092,0.0006089200205761332,-0.0007519184366255125,0.002629339309567902,0.04279502715350107,9,0.5767903687658716,0.001179064274722773,2.6383382226178103e-06,0.003372203595739653,0.07586987959765852,9,0.28267263545097726,0.00011771455899329882,-0.00011030149751414476,0.0005185087144723643,0.04716068367225698,7.0
stage14_transfer,dev,decoder/mean_diff/within_language@-1.00,transfer_primary,1337,macro_over_languages,243,9,0.41515504085544974,1.8436298412698046e-05,2.7964371693378706e-08,5.013402354497288e-05,0.09387759720831487,7.0,0.8208392392633747,-0.0005323466460905329,-0.0035661971804526755,0.0013615314338477381,-0.02639304732390753,9,0.5791716939524942,0.0006444558792515037,-0.0007692967394158537,0.002096109798542449,0.05748507316884825,9,0.28911183275179675,0.0007870262530541623,-2.3770278988505448e-07,0.001863252766102335,0.10135023594593602,7.0
stage14_transfer,dev,decoder/mean_diff/within_language@-1.00,transfer_primary,2024,macro_over_languages,243,9,0.4220877979679365,-0.010122551898095238,-0.02588919732289021,0.0007675691602328047,-0.09917210926558172,7.0,0.8237552086584363,-3.066711111111037e-05,-0.0009902555558641963,0.0008796034561728411,-0.004055702445203005,9,0.5702537272874713,-0.0019043920306423383,-0.004469537773925981,-1.221828727422928e-05,-0.10264704129125034,9,0.2908284321839829,-0.009035579047890686,-0.02283562223801382,0.0003076385090568733,-0.10299466081363855,7.0
stage14_transfer,dev,decoder/probe/EN_DE_ES@+0.25,transfer_primary,42,macro_over_languages,54,2,,,,,,,0.42338105046296304,1.7277777777421383e-08,-9.373611110954168e-09,4.6201851853419153e-08,0.15012402497979602,2,0.2360574162375708,0.0,0.0,0.0,,2,,,,,,
stage14_transfer,dev,decoder/probe/EN_DE_ES@+0.25,transfer_primary,1337,macro_over_languages,54,2,,,,,,,0.3758514812222223,0.002105163703703707,-6.185648142044458e-09,0.00583724317777778,0.18078133504254962,2,0.24334375851577916,0.0022606724512683678,0.0,0.006120080853437367,0.17898726253319644,2,,,,,,
stage14_transfer,dev,decoder/probe/EN_DE_ES@+0.25,transfer_primary,2024,macro_over_languages,54,2,,,,,,,0.3991794201666667,3.648148148669387e-09,-2.8617592593858433e-08,3.9057407410062485e-08,0.02798977033109336,2,0.22094837433094558,0.0,0.0,0.0,,2,,,,,,
stage14_transfer,dev,decoder/probe/EN_DE_ES@+0.50,transfer_primary,42,macro_over_languages,54,2,,,,,,,0.42338105046296304,1.7277777777421383e-08,-1.3009259265290465e-08,4.7482870373258343e-08,0.15012402497979602,2,0.2360574162375708,0.0,0.0,0.0,,2,,,,,,
stage14_transfer,dev,decoder/probe/EN_DE_ES@+0.50,transfer_primary,1337,macro_over_languages,54,2,,,,,,,0.3758514812222223,0.002105163703703707,-1.0700000004846994e-08,0.005669631168981489,0.18078133504254962,2,0.24334375851577916,0.0022606724512683678,0.0,0.006120080853437367,0.17898726253319644,2,,,,,,
stage14_transfer,dev,decoder/probe/EN_DE_ES@+0.50,transfer_primary,2024,macro_over_languages,54,2,,,,,,,0.3991794201666667,3.648148148669387e-09,-2.9371759260301618e-08,3.9527314819741104e-08,0.02798977033109336,2,0.22094837433094558,0.0,0.0,0.0,,2,,,,,,
stage14_transfer,dev,decoder/probe/EN_DE_ES@+1.00,transfer_primary,42,macro_over_languages,54,2,,,,,,,0.4272488967592593,0.0038678635740740743,-5.689351850222515e-09,0.011603567889814816,0.1360833828419468,2,0.2359643710802084,-9.304515736240905e-05,-0.00027913547208722713,0.0,-0.1360827634879543,2,,,,,,
stage14_transfer,dev,decoder/probe/EN_DE_ES@+1.00,transfer_primary,1337,macro_over_languages,54,2,,,,,,,0.3758514812222223,0.002105163703703707,-9.445370360233123e-09,0.005669608959722226,0.18078133504254962,2,0.24334375851577916,0.0022606724512683678,0.0,0.006120080853437367,0.17898726253319644,2,,,,,,
stage14_transfer,dev,decoder/probe/EN_DE_ES@+1.00,transfer_primary,2024,macro_over_languages,54,2,,,,,,,0.3991794201666667,3.648148148669387e-09,-2.987314814783115e-08,4.021388889138817e-08,0.02798977033109336,2,0.22094837433094558,0.0,0.0,0.0,,2,,,,,,
stage14_transfer,dev,decoder/probe/EN_DE_ES@-0.50,transfer_primary,42,macro_over_languages,54,2,,,,,,,0.42338105046296304,1.7277777777421383e-08,-1.2264351853144865e-08,4.661527777997557e-08,0.15012402497979602,2,0.2360574162375708,0.0,0.0,0.0,,2,,,,,,
stage14_transfer,dev,decoder/probe/EN_DE_ES@-0.50,transfer_primary,1337,macro_over_languages,54,2,,,,,,,0.3685173777037037,-0.005228939814814811,-0.015686822583796296,1.4192129631239504e-08,-0.13608284696382714,2,0.24210572736978037,0.0010226413052696055,0.0,0.003067923915808816,0.1360827634879543,2,,,,,,
stage14_transfer,dev,decoder/probe/EN_DE_ES@-0.50,transfer_primary,2024,macro_over_languages,54,2,,,,,,,0.3991794201666667,3.648148148669387e-09,-2.8927314817478888e-08,3.718842592429312e-08,0.02798977033109336,2,0.22094837433094558,0.0,0.0,0.0,,2,,,,,,
stage14_transfer,dev,decoder/probe/EN_DE_ES@-1.00,transfer_primary,42,macro_over_languages,54,2,,,,,,,0.42187528379629635,-0.0015057493888888894,-0.004517290725462961,3.731574074395276e-08,-0.1360814794796653,2,0.23676120257153452,0.0007037863339637296,0.0,0.0021113590018911887,0.13608276348795434,2,,,,,,
stage14_transfer,dev,decoder/probe/EN_DE_ES@-1.00,transfer_primary,1337,macro_over_languages,54,2,,,,,,,0.373882726962963,0.0001364094444444472,-0.014532459096296297,0.012633011436111112,0.0026995979740653806,2,0.24784007491873614,0.006756988854225375,-0.000585698777689648,0.02012687342394099,0.15054930881293857,2,,,,,,
stage14_transfer,dev,decoder/probe/EN_DE_ES@-1.00,transfer_primary,2024,macro_over_languages,54,2,,,,,,,0.3991794201666667,3.648148148669387e-09,-2.866990740738001e-08,3.822361111081913e-08,0.02798977033109336,2,0.22094837433094558,0.0,0.0,0.0,,2,,,,,,
stage14_transfer,dev,decoder/probe/YO_XH@+0.25,transfer_primary,42,macro_over_languages,189,7,0.4051990108345503,0.0009774753375132285,-0.011483865119818783,0.015394065437406085,0.010741718852986864,7.0,0.9572015631216934,0.0003987796825396834,-4.8161375656365036e-09,0.0010873759828042351,0.0891429664558115,7,0.672166793126243,-0.0004599080087852392,-0.0013653852450078766,0.0,-0.07505409533717866,7,0.2830089801410623,0.00045407745570277364,-0.007447465509396449,0.010016857139631833,0.007506536631827734,7.0
stage14_transfer,dev,decoder/probe/YO_XH@+0.25,transfer_primary,1337,macro_over_languages,189,7,0.415136715211217,9.271730158703584e-08,-5.507317724902716e-08,3.377150449718936e-07,0.060482993694293906,7.0,0.9494832404232804,0.00021870740740741022,-1.878439152896131e-08,0.0006561477870370412,0.07273616557687186,7,0.6752847839047273,0.00034493097184681165,0.0,0.001034792915540435,0.07273929674533083,7,0.28881259203767246,0.0004877626612064538,-5.2936016663763866e-08,0.0014633522764468572,0.07273627247432951,7.0
stage14_transfer,dev,decoder/probe/YO_XH@+0.25,transfer_primary,2024,macro_over_languages,189,7,0.43219802787571426,-1.2345553756613373e-05,-3.702418115211704e-05,3.0526052910323026e-08,-0.07286444188283606,7.0,0.9452532975132276,0.0001512725396825427,-2.1802910049606436e-08,0.0006051169285714287,0.07273333770259272,7,0.6722825299531822,-0.0002212307898366446,-0.0006636923695099337,0.0,-0.07273929674533078,7,0.29985448799176234,-9.550288096032682e-06,-2.862759165261366e-05,2.0390219823791362e-08,-0.07291900094574229,7.0
stage14_transfer,dev,decoder/probe/YO_XH@+0.50,transfer_primary,42,macro_over_languages,189,7,0.4051993802427513,0.0009778447457142862,-0.011508176174480135,0.015394379154702383,0.010745778819098023,7.0,0.9585765731746031,0.001773789735449736,7.745360582010656e-05,0.004793038783068785,0.09563842745523882,7,0.6721274128859319,-0.0004992882490963582,-0.0016266520677511323,0.00019648665393516332,-0.07561039061717467,7,0.28300916283117755,0.0004542601458180436,-0.008501016435927431,0.009867636389155214,0.007509556096502153,7.0
stage14_transfer,dev,decoder/probe/YO_XH@+0.50,transfer_primary,1337,macro_over_languages,189,7,0.4151895350808995,5.2912586984126674e-05,-1.863555555555559e-08,0.00015865985553968178,0.07287591185031814,7.0,0.9491865136507938,-7.801936507936504e-05,-0.0013068089417989416,0.0008644493121693118,-0.009618797219805766,7,0.6742517169668016,-0.0006881359660788017,-0.003615455970278906,0.001034792915540435,-0.039485555224903185,7,0.28911143025311314,0.0007866008766470892,-8.482360167248677e-07,0.002172111749175123,0.10022182405880005,7.0
stage14_transfer,dev,decoder/probe/YO_XH@+0.50,transfer_primary,2024,macro_over_languages,189,7,0.43219804901994713,-1.2324409523809525e-05,-3.6973228571428576e-05,0.0,-0.0727392967453308,7.0,0.94525331015873,0.00015128518518518535,0.0,0.00045385555555555606,0.07273929674533082,7,0.6722825299531822,-0.0002212307898366446,-0.0006636923695099337,0.0,-0.07273929674533078,7,0.29985451145120834,-9.526828650030688e-06,-2.8580485950092067e-05,0.0,-0.07273929674533078,7.0
stage14_transfer,dev,decoder/probe/YO_XH@+1.00,transfer_primary,42,macro_over_languages,189,7,0.4104837030492593,0.006262167552222222,-0.013741458434469578,0.02724527597162434,0.040288305557613126,7.0,0.9582214186772487,0.0014186352380952383,-0.000872275005291009,0.004767274537037036,0.06762269810487491,7,0.6740038394075065,0.0013771382724782472,-0.0008308993311779813,0.004324378571763858,0.07190437079970899,7,0.2863417955771444,0.0037868928917848457,-0.012210864199597868,0.019126175332635463,0.03421805216380564,7.0
stage14_transfer,dev,decoder/probe/YO_XH@+1.00,transfer_primary,1337,macro_over_languages,189,7,0.4151909828912169,5.4360397301587023e-05,7.784402777805238e-08,0.0001626463684272485,0.07485683382851144,7.0,0.9494691571428572,0.00020462412698413055,-0.001232466428571424,0.0013979431177248759,0.022757273875916768,7,0.6741089568221278,-0.0008308961107526758,-0.0037210720215474008,0.0010355260382277714,-0.04750860636647908,7,0.28901016138666247,0.0006853320101964618,-0.0002030237132185963,0.002174414882100126,0.08586655213688982,7.0
stage14_transfer,dev,decoder/probe/YO_XH@+1.00,transfer_primary,2024,macro_over_languages,189,7,0.43219810880740744,-1.226462206349145e-05,-3.695282205687723e-05,1.4815050661467584e-07,-0.07238389151991924,7.0,0.9484869069312171,0.003384881957671961,-0.0004078574497354459,0.010463863243386252,0.07142385040580096,7,0.6733536307496492,0.0008498700066303756,-0.0006636923695099337,0.0033884094525117475,0.053578164480260086,7,0.2996351704467063,-0.00022886783315208568,-0.0006693047927924029,1.1442103099485477e-06,-0.0756446109588626,7.0
stage14_transfer,dev,decoder/probe/YO_XH@-0.50,transfer_primary,42,macro_over_languages,189,7,0.4042212870234921,-2.4847354497354525e-07,-7.454206349206356e-07,0.0,-0.0727392967453308,7.0,0.9571185233333334,0.00031573989417989424,0.0,0.0009472196825396827,0.07273929674533079,7,0.6725877297752847,-3.8971359743559096e-05,-0.00011691407923067729,0.0,-0.0727392967453308,7,0.2825549582032362,5.551787663862463e-08,0.0,1.6655362991587388e-07,0.0727392967453308,7.0
stage14_transfer,dev,decoder/probe/YO_XH@-0.50,transfer_primary,1337,macro_over_languages,189,7,0.4151549113510583,1.8288857142857015e-05,0.0,5.390548148148149e-05,0.09312207218938237,7.0,0.9495512504232804,0.0002867174074074075,-2.7129206349206315e-05,0.0009008460317460318,0.06936606709310784,7,0.6754284955720095,0.0004886426391288739,0.0,0.0013398199866977933,0.09664165798923464,7,0.2886243137639021,0.0002994843874360452,0.0,0.0008863120891715754,0.07576215429763215,7.0
stage14_transfer,dev,decoder/probe/YO_XH@-0.50,transfer_primary,2024,macro_over_languages,189,7,0.4322103734294709,0.0,0.0,0.0,,7.0,0.945102024973545,0.0,0.0,0.0,,7,0.6725037607430188,0.0,0.0,0.0,,7,0.29986403827985836,0.0,0.0,0.0,,7.0
stage14_transfer,dev,decoder/probe/YO_XH@-1.00,transfer_primary,42,macro_over_languages,189,7,0.4030034035760847,-0.00121813192095238,-0.0036525421116177237,-1.4983563491084156e-08,-0.07281969670711344,7.0,0.9566842661375663,-0.00011851730158730121,-0.0016377845608465623,0.0009472067050264562,-0.01342581902709754,7,0.6718443589213362,-0.0007823422136920981,-0.0026969986275798214,0.00028689385855650614,-0.06331164792017777,7,0.28149324865510084,-0.0010616540302587209,-0.0031842133725454302,1.0396012391652564e-07,-0.07276669733826444,7.0
stage14_transfer,dev,decoder/probe/YO_XH@-1.00,transfer_primary,1337,macro_over_languages,189,7,0.4151549864111112,1.836391719576681e-05,-2.5951989418125376e-08,5.056744598412598e-05,0.0935019728049282,7.0,0.949488195978836,0.0002236629629629661,-0.0006488730873015835,0.0012299177420634954,0.03480691113962643,7,0.675246139365357,0.00030628643247647934,-0.0010832429211963814,0.0016850003579239137,0.030454776517878916,7,0.2891117832611771,0.0007869538847110299,-3.1522951607300295e-07,0.0020495885570335614,0.10134072013208903,7.0
stage14_transfer,dev,decoder/probe/YO_XH@-1.00,transfer_primary,2024,macro_over_languages,189,7,0.4322180874787302,7.714049259259838e-06,-7.320226984117183e-08,2.322431741402205e-05,0.07254611448390719,7.0,0.9451089082539683,6.883280423282922e-06,-2.4075396827505545e-08,2.0682329365084956e-05,0.07259732883415919,7,0.672477975290109,-2.5785452909720407e-05,-7.735635872916121e-05,0.0,-0.07273929674533079,7,0.29987089155680885,6.853276950477501e-06,-7.294959357617339e-08,2.063279394967807e-05,0.07250513808936253,7.0
stage14_transfer,dev,decoder/probe/all_non_african@+0.25,transfer_primary,42,macro_over_languages,54,2,,,,,,,0.42338105046296304,-3.059259259833467e-08,-6.558333334223907e-08,3.4347222221811763e-09,-0.2313666704123614,2,0.2360574162375708,0.0,0.0,0.0,,2,,,,,,
stage14_transfer,dev,decoder/probe/all_non_african@+0.25,transfer_primary,1337,macro_over_languages,54,2,,,,,,,0.37520562362962967,0.0014592767592592594,-5.643749999755785e-08,0.004377907766666674,0.13607993953660907,2,0.2426818220154114,0.0015987359509006312,0.0,0.004796207852701894,0.13608276348795434,2,,,,,,
stage14_transfer,dev,decoder/probe/all_non_african@+0.25,transfer_primary,2024,macro_over_languages,54,2,,,,,,,0.3991794201666667,-3.490740740862964e-08,-7.033611111736742e-08,-1.7222222203166483e-09,-0.26769602174736934,2,0.22094837433094558,0.0,0.0,0.0,,2,,,,,,
stage14_transfer,dev,decoder/probe/all_non_african@+0.50,transfer_primary,42,macro_over_languages,54,2,,,,,,,0.4227205493518519,-0.0006605317037037095,-0.001981545091203705,-6.326851855878195e-09,-0.13608895209426936,2,0.23549886651330246,-0.0005585497242683425,-0.0016756491728050276,0.0,-0.1360827634879543,2,,,,,,
stage14_transfer,dev,decoder/probe/all_non_african@+0.50,transfer_primary,1337,macro_over_languages,54,2,,,,,,,0.3758514812222223,0.0021051343518518517,-4.6745833334132445e-08,0.005506227194444439,0.18077864278111122,2,0.24334375851577916,0.0022606724512683678,0.0,0.006120080853437367,0.17898726253319644,2,,,,,,
stage14_transfer,dev,decoder/probe/all_non_african@+0.50,transfer_primary,2024,macro_over_languages,54,2,,,,,,,0.3991794201666667,-3.490740740862964e-08,-6.915138889936513e-08,2.7472222232562113e-09,-0.26769602174736934,2,0.22094837433094558,0.0,0.0,0.0,,2,,,,,,
stage14_transfer,dev,decoder/probe/all_non_african@+1.00,transfer_primary,42,macro_over_languages,54,2,,,,,,,0.4272488967592593,0.003867815703703699,-5.441296297244132e-08,0.011603520529629626,0.13608175977230635,2,0.2359643710802084,-9.304515736240905e-05,-0.00027913547208722713,0.0,-0.1360827634879543,2,,,,,,
stage14_transfer,dev,decoder/probe/all_non_african@+1.00,transfer_primary,1337,macro_over_languages,54,2,,,,,,,0.3758514812222223,0.0021051343518518517,-4.43935185191134e-08,0.005669610748611115,0.18077864278111122,2,0.24334375851577916,0.0022606724512683678,0.0,0.005467821191824687,0.17898726253319644,2,,,,,,
stage14_transfer,dev,decoder/probe/all_non_african@+1.00,transfer_primary,2024,macro_over_languages,54,2,,,,,,,0.3991794201666667,-3.490740740862964e-08,-6.89574074152664e-08,2.5925925725957597e-10,-0.26769602174736934,2,0.22094837433094558,0.0,0.0,0.0,,2,,,,,,
stage14_transfer,dev,decoder/probe/all_non_african@-0.50,transfer_primary,42,macro_over_languages,54,2,,,,,,,0.42338105046296304,-3.059259259833467e-08,-6.340879630253023e-08,2.3925925940573896e-09,-0.2313666704123614,2,0.2360574162375708,0.0,0.0,0.0,,2,,,,,,
stage14_transfer,dev,decoder/probe/all_non_african@-0.50,transfer_primary,1337,macro_over_languages,54,2,,,,,,,0.3685173777037037,-0.005228969166666666,-0.015686861231944443,-3.6583333376559725e-09,-0.1360835466901711,2,0.24210572736978037,0.0010226413052696055,0.0,0.003067923915808816,0.1360827634879543,2,,,,,,
stage14_transfer,dev,decoder/probe/all_non_african@-0.50,transfer_primary,2024,macro_over_languages,54,2,,,,,,,0.3986162559074074,-0.0005631991666666685,-0.0016895298824074138,-1.412453703835483e-08,-0.13609258868353416,2,0.22044789540658427,-0.0005004789243613238,-0.0015014367730839713,0.0,-0.1360827634879543,2,,,,,,
stage14_transfer,dev,decoder/probe/all_non_african@-1.00,transfer_primary,42,macro_over_languages,54,2,,,,,,,0.42415130509259263,0.0007702240370370321,-5.241481482218385e-08,0.002310744952314813,0.13607772327315074,2,0.23596619664351162,-9.121959405916081e-05,-0.0002736587821774824,0.0,-0.13608276348795434,2,,,,,,
stage14_transfer,dev,decoder/probe/all_non_african@-1.00,transfer_primary,1337,macro_over_languages,54,2,,,,,,,0.373882726962963,0.0001363800925925928,-0.014532501818518525,0.011903675845833312,0.0026990161836645365,2,0.24784007491873614,0.006756988854225375,-0.000585698777689648,0.020856665340365767,0.15054930881293857,2,,,,,,
stage14_transfer,dev,decoder/probe/all_non_african@-1.00,transfer_primary,2024,macro_over_languages,54,2,,,,,,,0.3991794201666667,-3.490740740862964e-08,-7.085416667398185e-08,1.4074074053430805e-09,-0.26769602174736934,2,0.22094837433094558,0.0,0.0,0.0,,2,,,,,,
stage14_transfer,dev,decoder/probe/within_language@+0.25,transfer_primary,42,macro_over_languages,243,9,0.40519895810989415,0.0009773944316931224,-0.012461491976962958,0.015393957213633598,0.010740820383694566,7.0,0.8385706914691358,0.00030608232510288163,1.2044547326970619e-08,0.0008470170338477367,0.07881589911143161,9,0.5755698410480777,-4.146344307108912e-05,-0.00012124423031329496,0.0,-0.08246584628306118,9,0.28316226628858576,0.0006073453966017871,-0.008348022723583086,0.010170066709224318,0.010046612722198145,7.0
stage14_transfer,dev,decoder/probe/within_language@+0.25,transfer_primary,1337,macro_over_languages,243,9,0.41513671252000006,1.0796296296274859e-07,-3.968253968368078e-10,3.2428571428508256e-07,0.07264975907953518,7.0,0.821685231032922,0.0003136451234567901,4.917283949040608e-09,0.0007973983265432102,0.09058493455367571,9,0.5789426147180943,0.0004153766448514617,0.0,0.0010990329344726657,0.08724332442331478,9,0.28881259104140267,0.00048778454266001003,1.9411403323380083e-10,0.001463350666920905,0.0727396961335155,7.0
stage14_transfer,dev,decoder/probe/within_language@+0.25,transfer_primary,2024,macro_over_languages,243,9,0.4321980257369312,-1.2324129100529196e-05,-3.6976904608465704e-05,7.353249999994034e-09,-0.07273738508961942,7.0,0.8239035551604939,0.00011767939094650177,5.156275718576363e-09,0.00035301499979423895,0.0641571307787903,9,0.5719860509260184,-0.000172068392095168,-0.000516205176285504,0.0,-0.06415002990995843,9,0.2998544874221656,-9.523809707964469e-06,-2.8580500328039044e-05,8.40675545521289e-09,-0.07271589176400595,7.0
stage14_transfer,dev,decoder/probe/within_language@+0.50,transfer_primary,42,macro_over_languages,243,9,0.40519896078428574,0.0009773971060846568,-0.012461492285792325,0.015394211655838623,0.010740849776628323,7.0,0.8385706919218108,0.00030608277777777963,1.47690329220181e-08,0.0008331076102880675,0.07881601640183959,9,0.5755698410480777,-4.146344307108912e-05,-0.00011323794372050199,0.0,-0.08246584628306118,9,0.28316226810186007,0.0006073472098761101,-0.008348023738716539,0.010170126360532734,0.010046642720141857,7.0
stage14_transfer,dev,decoder/probe/within_language@+0.50,transfer_primary,1337,macro_over_languages,243,9,0.4151390989911111,2.494434074073641e-06,-6.61415343986401e-11,7.367628634920213e-06,0.07605640679796347,7.0,0.8222570393456791,0.0008854534362139929,-0.0002879655210905318,0.002899954291152265,0.07005562935431775,9,0.5789687863785898,0.000441548305347225,-1.1525778015806214e-06,0.0011258172067806797,0.09241473572049716,9,0.28881414092180485,0.0004893344230622025,1.3802302558170225e-09,0.0014664482994035989,0.07297168374986217,7.0
stage14_transfer,dev,decoder/probe/within_language@+0.50,transfer_primary,2024,macro_over_languages,243,9,0.43219802787571426,-1.2321990317460826e-05,-3.6977078865079765e-05,1.0823449734581291e-08,-0.07272469297849021,7.0,0.8239035535967079,0.00011767782716049436,2.9221193427248907e-09,0.00035301577037037235,0.06415627469857806,9,0.5719860509260184,-0.000172068392095168,-0.000516205176285504,0.0,-0.06415002990995843,9,0.29985448799176234,-9.523240111216868e-06,-2.858115242713014e-05,9.926417550410919e-09,-0.07271151853650924,7.0
stage14_transfer,dev,decoder/probe/within_language@+1.00,transfer_primary,42,macro_over_languages,243,9,0.40519829783661376,0.000976734158412698,-0.01887558638728307,0.021805674753538357,0.007106888684760108,7.0,0.8383168748847737,5.2265740740741506e-05,-0.0009283262216049347,0.0011598246604938279,0.006179752333726595,9,0.575752812144132,0.0001415076529832048,-0.0013200320690849757,0.0013673282470883519,0.013182484541835078,9,0.28179385044335437,-0.0007610704486296262,-0.014922502358117758,0.013267405676952004,-0.007743844451216264,7.0
stage14_transfer,dev,decoder/probe/within_language@+1.00,transfer_primary,1337,macro_over_languages,243,9,0.41513875331915345,2.1487621164019526e-06,-7.726530145510973e-07,7.321868337301135e-06,0.0646480819612503,7.0,0.8235354409506174,0.0021638550411522644,0.00012292304691358311,0.004843495049382718,0.1088408971839856,9,0.5806634381316347,0.002136200058391941,0.00017442123837906322,0.005357508389156083,0.09680377576016787,9,0.2888256029946412,0.0005007964958985813,-2.495702375155999e-07,0.001489670166149313,0.07466879967861471,7.0
stage14_transfer,dev,decoder/probe/within_language@+1.00,transfer_primary,2024,macro_over_languages,243,9,0.43219805765592595,-1.2292210105820652e-05,-3.6968893082011084e-05,7.335256084622569e-08,-0.07254785610013102,7.0,0.8241246486995886,0.0003387729300411526,6.824279834449935e-09,0.000915097411213991,0.0869196064373118,9,0.5720602535444951,-9.786577361848902e-05,-0.0005398683314273141,0.000222607855430037,-0.033453278957123786,9,0.2998545162740537,-9.494957819922584e-06,-2.8570364329764843e-05,6.798400332913892e-08,-0.0724942343838734,7.0
stage14_transfer,dev,decoder/probe/within_language@-0.50,transfer_primary,42,macro_over_languages,243,9,0.40422058876306877,-9.749151322763676e-07,-3.5994746468266166e-06,8.414406190468025e-07,-0.059577581222647336,7.0,0.8405301272716049,0.002265518127572017,0.00010079245689300578,0.005233007054320993,0.10725414949371626,9,0.575324385719854,-0.0002869187712947701,-0.0011836610860181125,0.00034477174287068886,-0.047128160218829006,9,0.2824013813434422,-0.00015353954854173575,-0.00046043043698878306,3.034485640238292e-07,-0.07288551045990453,7.0
stage14_transfer,dev,decoder/probe/within_language@-0.50,transfer_primary,1337,macro_over_languages,243,9,0.4151942487902117,5.764423317460277e-05,-2.917431217068693e-09,0.00016809691979100417,0.07910274607444459,7.0,0.8202359310740741,-0.001135654835390949,-0.0036324535387860096,0.0003134933556584359,-0.061733549887436075,9,0.5790376386403215,0.0005104005670787988,-0.00011121753874696084,0.0013417304649520707,0.08472628302687892,9,0.2889114157978347,0.0005866092990920587,5.0090109351789274e-09,0.0014724426750103187,0.10312610333620065,7.0
stage14_transfer,dev,decoder/probe/within_language@-0.50,transfer_primary,2024,macro_over_languages,243,9,0.43258997883904765,0.00037962897301587243,-1.1219564418008956e-06,0.001140357961572752,0.07263751046558305,7.0,0.8235458389465021,-0.00024003682304526964,-0.000627174265740742,1.9654423868617158e-08,-0.08938375808993168,9,0.5721659088161497,7.78949803613444e-06,-0.0006122132073640046,0.0006355817014724079,0.0016952291216150402,9,0.2998308840620005,-3.312716987305691e-05,-0.0010030704241017958,0.0008720175067049716,-0.005338514437614047,7.0
stage14_transfer,dev,decoder/probe/within_language@-1.00,transfer_primary,42,macro_over_languages,243,9,0.4042206357606349,-9.279175661379352e-07,-3.6501981256614867e-06,8.991368544971363e-07,-0.05672516248403665,7.0,0.8387774002345679,0.0005127910905349806,-0.0016752756735596694,0.003247003095576131,0.025896509776726178,9,0.5763349537513845,0.0007236492602358344,-0.0008010367140427642,0.0029180479228125946,0.04383645770833479,9,0.28240141788433537,-0.0001535030076485881,-0.00046059656729539693,3.4875188855837827e-07,-0.07286807349904742,7.0
stage14_transfer,dev,decoder/probe/within_language@-1.00,transfer_primary,1337,macro_over_languages,243,9,0.41521163863751326,7.503408047619e-05,3.967958367722818e-06,0.00020386344492328017,0.09973494179375234,7.0,0.821382504617284,1.0918707818928433e-05,-0.002864782156893003,0.0026491456103909473,0.00048381159335420535,9,0.578116271987305,-0.0004109660859378338,-0.0028410736702367827,0.0014645669800273993,-0.025046886233429804,9,0.28936578894093773,0.0010409824421951047,-3.309745841446774e-05,0.002447858055411401,0.11844792743385288,7.0
stage14_transfer,dev,decoder/probe/within_language@-1.00,transfer_primary,2024,macro_over_languages,243,9,0.42732686693174604,-0.004883482934285714,-0.01579197660789947,0.0011405307138359787,-0.06718489991875605,7.0,0.8233973949341564,-0.00038848083539095034,-0.0009906574618312773,0.00012116199187241927,-0.07650396392256496,9,0.5709981750991311,-0.0011599442189824572,-0.003316698439865403,0.0003006500548064501,-0.07980279839748458,9,0.29561176796496325,-0.0042522432669103325,-0.013332907451977197,0.0006090602870726335,-0.07278675407091727,7.0
stage14_transfer,dev,decoder/random/EN_DE_ES@+0.25,transfer_random_control,42,macro_over_languages,54,2,,,,,,,0.42338105046296304,1.7277777777421383e-08,-1.4154166667321546e-08,4.9759722220574004e-08,0.15012402497979602,2,0.2360574162375708,0.0,0.0,0.0,,2,,,,,,
stage14_transfer,dev,decoder/random/EN_DE_ES@+0.25,transfer_random_control,1337,macro_over_languages,54,2,,,,,,,0.37374631437037037,-3.1481481450133747e-09,-2.5852777776966817e-08,1.9076851858415778e-08,-0.03607258526001373,2,0.24108308606451076,0.0,0.0,0.0,,2,,,,,,
stage14_transfer,dev,decoder/random/EN_DE_ES@+0.25,transfer_random_control,2024,macro_over_languages,54,2,,,,,,,0.3991794201666667,3.648148148669387e-09,-2.885277778001207e-08,3.8570833331702084e-08,0.02798977033109336,2,0.22094837433094558,0.0,0.0,0.0,,2,,,,,,
stage14_transfer,dev,decoder/random/EN_DE_ES@+0.50,transfer_random_control,42,macro_over_languages,54,2,,,,,,,0.42338105046296304,1.7277777777421383e-08,-1.4000462963891497e-08,4.697129630044297e-08,0.15012402497979602,2,0.2360574162375708,0.0,0.0,0.0,,2,,,,,,
stage14_transfer,dev,decoder/random/EN_DE_ES@+0.50,transfer_random_control,1337,macro_over_languages,54,2,,,,,,,0.37374631437037037,-3.1481481450133747e-09,-2.5973611107966942e-08,2.0747685187894943e-08,-0.03607258526001373,2,0.24108308606451076,0.0,0.0,0.0,,2,,,,,,
stage14_transfer,dev,decoder/random/EN_DE_ES@+0.50,transfer_random_control,2024,macro_over_languages,54,2,,,,,,,0.3991794201666667,3.648148148669387e-09,-2.9639814811890046e-08,4.2004629632930734e-08,0.02798977033109336,2,0.22094837433094558,0.0,0.0,0.0,,2,,,,,,
stage14_transfer,dev,decoder/random/EN_DE_ES@+1.00,transfer_random_control,42,macro_over_languages,54,2,,,,,,,0.42153757490740745,-0.001843458277777778,-0.005530424800000008,3.6073611110206406e-08,-0.1360815197091813,2,0.2372491097162478,0.0011916934786769945,0.0,0.0035750804360309835,0.13608276348795437,2,,,,,,
stage14_transfer,dev,decoder/random/EN_DE_ES@+1.00,transfer_random_control,1337,macro_over_languages,54,2,,,,,,,0.37912346794444446,0.00537715042592593,-0.00018333666157406954,0.015148627339351855,0.1672477472701875,2,0.24407113720105486,0.002988051136544107,-0.006078291602512971,0.018081590813401778,0.06008747132143668,2,,,,,,
stage14_transfer,dev,decoder/random/EN_DE_ES@+1.00,transfer_random_control,2024,macro_over_languages,54,2,,,,,,,0.3991794201666667,3.648148148669387e-09,-2.7526851850482576e-08,3.772361111283309e-08,0.02798977033109336,2,0.22094837433094558,0.0,0.0,0.0,,2,,,,,,
stage14_transfer,dev,decoder/random/EN_DE_ES@-0.50,transfer_random_control,42,macro_over_languages,54,2,,,,,,,0.42338105046296304,1.7277777777421383e-08,-1.4226388895275301e-08,4.685601851947487e-08,0.15012402497979602,2,0.2360574162375708,0.0,0.0,0.0,,2,,,,,,
stage14_transfer,dev,decoder/random/EN_DE_ES@-0.50,transfer_random_control,1337,macro_over_languages,54,2,,,,,,,0.3758514812222223,0.002105163703703707,-7.325925923327546e-09,0.005837223653703706,0.18078133504254962,2,0.24334375851577916,0.0022606724512683678,0.0,0.006120080853437367,0.17898726253319644,2,,,,,,
stage14_transfer,dev,decoder/random/EN_DE_ES@-0.50,transfer_random_control,2024,macro_over_languages,54,2,,,,,,,0.3986162559074074,-0.0005631606111111112,-0.0016894992231481498,2.8942129627017476e-08,-0.13608218439641562,2,0.22044789540658427,-0.0005004789243613238,-0.0015014367730839713,0.0,-0.1360827634879543,2,,,,,,
stage14_transfer,dev,decoder/random/EN_DE_ES@-1.00,transfer_random_control,42,macro_over_languages,54,2,,,,,,,0.42415130509259263,0.0007702719074074078,-7.162962967696039e-09,0.0023107995537037115,0.13608587356275265,2,0.23596619664351162,-9.121959405916081e-05,-0.0002736587821774824,0.0,-0.13608276348795434,2,,,,,,
stage14_transfer,dev,decoder/random/EN_DE_ES@-1.00,transfer_random_control,1337,macro_over_languages,54,2,,,,,,,0.3758514812222223,0.002105163703703707,-7.654166661613074e-09,0.00566962929074074,0.18078133504254962,2,0.24334375851577916,0.0022606724512683678,0.0,0.006120080853437367,0.17898726253319644,2,,,,,,
stage14_transfer,dev,decoder/random/EN_DE_ES@-1.00,transfer_random_control,2024,macro_over_languages,54,2,,,,,,,0.3991794201666667,3.648148148669387e-09,-2.995555555704875e-08,3.761666667214568e-08,0.02798977033109336,2,0.22094837433094558,0.0,0.0,0.0,,2,,,,,,
stage14_transfer,dev,decoder/random/YO_XH@+0.25,transfer_random_control,42,macro_over_languages,189,7,0.40006729973915345,-0.004154235757883598,-0.012462063226230159,0.0,-0.0727471638361554,7.0,0.9574853042857143,0.0006825208465608471,0.0,0.0016402751322751332,0.11006831863442139,7,0.6721278217664994,-0.0004988793685287983,-0.0014289891831471536,0.0,-0.08114320924085104,7,0.2796190240762864,-0.002935878609073104,-0.00865456968592116,1.1103575327724924e-07,-0.07664960772248876,7.0
stage14_transfer,dev,decoder/random/YO_XH@+0.25,transfer_random_control,1337,macro_over_languages,189,7,0.4151367305891534,1.0809523809502752e-07,0.0,3.2428571428508256e-07,0.0727392967453308,7.0,0.9494832489417989,0.00021871592592592572,0.0,0.0006561477777777771,0.07273929674533082,7,0.6752847839047273,0.00034493097184681165,0.0,0.001034792915540435,0.07273929674533083,7,0.28881261143218523,0.00048778205571916043,0.0,0.0014633461671574814,0.07273929674533079,7.0
stage14_transfer,dev,decoder/random/YO_XH@+0.25,transfer_random_control,2024,macro_over_languages,189,7,0.43219804901994713,-1.2324409523809525e-05,-3.6973228571428576e-05,0.0,-0.0727392967453308,7.0,0.94525331015873,0.00015128518518518535,0.0,0.00045385555555555606,0.07273929674533082,7,0.6722825299531822,-0.0002212307898366446,-0.0006636923695099337,0.0,-0.07273929674533078,7,0.29985451145120834,-9.526828650030688e-06,-2.8580485950092067e-05,0.0,-0.07273929674533078,7.0
stage14_transfer,dev,decoder/random/YO_XH@+0.50,transfer_random_control,42,macro_over_languages,189,7,0.4000672481231746,-0.004154287373862434,-0.012462199141230158,-9.857431745979096e-08,-0.07274807249840144,7.0,0.9575500841269841,0.0007473006878306893,4.5771103174603104e-05,0.001675509096560849,0.11942646536005744,7,0.6722332344841409,-0.000393466650887296,-0.001401590120486736,0.00024858923048526533,-0.06220831592812448,7,0.27961905881494425,-0.0029358438704152967,-0.008654450810836859,1.4736835616116617e-07,-0.07664869540691716,7.0
stage14_transfer,dev,decoder/random/YO_XH@+0.50,transfer_random_control,1337,macro_over_languages,189,7,0.41513676612179906,1.4362788359772007e-07,-6.653357142972799e-09,4.0822624206247744e-07,0.09129555052417745,7.0,0.9494832428042327,0.00021870978835979198,-1.677248676572913e-08,0.0006561492089947115,0.07273696163027822,7,0.6752847839047273,0.00034493097184681165,0.0,0.001034792915540435,0.07273929674533083,7,0.2888126416206316,0.00048781224416550044,-7.220514630105366e-09,0.0014634158409791878,0.07274370563896677,7.0
stage14_transfer,dev,decoder/random/YO_XH@+0.50,transfer_random_control,2024,macro_over_languages,189,7,0.4321980621876719,-1.2311241798941329e-05,-3.697754016269763e-05,4.828569973638619e-08,-0.07266100031781311,7.0,0.9452532982010582,0.00015127322751323045,-2.1858465605426456e-08,0.0004538527010582064,0.07273367017732828,7,0.6722825299531822,-0.0002212307898366446,-0.0006636923695099337,0.0,-0.07273929674533078,7,0.299854520450114,-9.517829744341715e-06,-2.8586727614542182e-05,4.0259640563594325e-08,-0.07267005979456514,7.0
stage14_transfer,dev,decoder/random/YO_XH@+1.00,transfer_random_control,42,macro_over_languages,189,7,0.4000672022177249,-0.004154333279312169,-0.012462109435291005,-9.752142857142878e-08,-0.07274888065477904,7.0,0.9575500862962965,0.0007473028571428578,4.577375661375693e-05,0.0016860488888888901,0.11942677829315378,7,0.6722332344841409,-0.000393466650887296,-0.0013626187607431767,0.00021082543528300453,-0.06220831592812448,7,0.2796190175186922,-0.0029358851666673094,-0.008807747026912442,1.0447815907195828e-07,-0.07664977993846092,7.0
stage14_transfer,dev,decoder/random/YO_XH@+1.00,transfer_random_control,1337,macro_over_languages,189,7,0.4151367305891534,1.0809523809502752e-07,0.0,3.2428571428508256e-07,0.0727392967453308,7.0,0.9494832489417989,0.00021871592592592572,0.0,0.0006561477777777771,0.07273929674533082,7,0.6752847839047273,0.00034493097184681165,0.0,0.001034792915540435,0.07273929674533083,7,0.28881261143218523,0.00048778205571916043,0.0,0.0014633461671574814,0.07273929674533079,7.0
stage14_transfer,dev,decoder/random/YO_XH@+1.00,transfer_random_control,2024,macro_over_languages,189,7,0.43219761605698415,-1.2757372486772219e-05,-3.7839154497353965e-05,0.0,-0.07526229453809466,7.0,0.9452222992592593,0.00012027428571428602,-6.202179894179866e-05,0.00045385555555555606,0.05659185165729665,7,0.6721984874713953,-0.00030527327162352066,-0.0008317773330836859,0.0,-0.09399571842110803,7,0.2997420922439469,-0.0001219460359114483,-0.0003658381077343449,0.0,-0.07865690446071474,7.0
stage14_transfer,dev,decoder/random/YO_XH@-0.50,transfer_random_control,42,macro_over_languages,189,7,0.4042215744915873,3.899455026562351e-08,-1.0576325395930626e-08,1.2257603968342624e-07,0.07360588276570743,7.0,0.9568027801587301,-3.280423280458869e-09,-1.4869047620362926e-08,9.317460321851928e-09,-0.039155540995379524,7,0.6726267011350282,0.0,0.0,0.0,,7,0.282554938705793,3.6020433462472766e-08,-6.5317160087455935e-09,1.1580194373612108e-07,0.07903238281274512,7.0
stage14_transfer,dev,decoder/random/YO_XH@-0.50,transfer_random_control,1337,macro_over_languages,189,7,0.4151894649704763,5.284247656084653e-05,-1.672990343984472e-08,0.0001585041001494703,0.07277897006392292,7.0,0.9494728287301587,0.0002082957142857176,-1.534656084484191e-08,0.0006249062976190539,0.07273725350815623,7,0.6751119379850479,0.00017208505216735533,0.0,0.000516255156502066,0.0727392967453308,7,0.2886240984444967,0.00029926906803068326,-1.2851928834440626e-08,0.0008977865640389055,0.0727456814856611,7.0
stage14_transfer,dev,decoder/random/YO_XH@-0.50,transfer_random_control,2024,macro_over_languages,189,7,0.4322103795479894,6.11851851902714e-09,-4.785683333398647e-08,6.319417857215633e-08,0.01559213487782269,7.0,0.9451020125396826,-1.2433862431136024e-08,-2.5503968253298438e-08,6.891534380050245e-10,-0.13371930507639754,7,0.6725037607430188,0.0,0.0,0.0,,7,0.2998640416799546,3.400096237183805e-09,-3.6976143308939533e-08,4.520346715039132e-08,0.011451222183018347,7.0
stage14_transfer,dev,decoder/random/YO_XH@-1.00,transfer_random_control,42,macro_over_languages,189,7,0.40422090882809525,-6.266689417989421e-07,-1.8800068253968261e-06,0.0,-0.0727392967453308,7.0,0.9568027834391536,0.0,0.0,0.0,,7,0.6726267011350282,0.0,0.0,0.0,,7,0.2825548244398531,-7.824550645873015e-08,-2.3473651937619046e-07,0.0,-0.07273929674533079,7.0
stage14_transfer,dev,decoder/random/YO_XH@-1.00,transfer_random_control,1337,macro_over_languages,189,7,0.41519077349920636,5.415100529100536e-05,0.0,0.00016111582010582015,0.07456712990451242,7.0,0.9494736363492062,0.00020910333333333333,0.0,0.0006265082010582012,0.07302024059194716,7,0.6750064834956946,6.663056281407215e-05,-0.00031636346805984957,0.000477431229962855,0.023957295366470684,7,0.2885227240433825,0.00019789466691644335,-0.0003040448160595434,0.0008977288168088734,0.045488166414254384,7.0
stage14_transfer,dev,decoder/random/YO_XH@-1.00,transfer_random_control,2024,macro_over_languages,189,7,0.4325905312255026,0.000380157796031746,0.0,0.001140473388095238,0.07273929674533078,7.0,0.9449004263492063,-0.00020159862433862438,-0.0006047958730158731,0.0,-0.07273929674533082,7,0.6727761529007926,0.0002723921577738891,0.0,0.0008171764733216673,0.0727392967453308,7,0.30016548690412315,0.00030144862426477887,0.0,0.0009043458727943367,0.07273929674533082,7.0
stage14_transfer,dev,decoder/random/all_non_african@+0.25,transfer_random_control,42,macro_over_languages,54,2,,,,,,,0.42338105046296304,-3.059259259833467e-08,-6.40564814884603e-08,4.1282407359335915e-09,-0.2313666704123614,2,0.2360574162375708,0.0,0.0,0.0,,2,,,,,,
stage14_transfer,dev,decoder/random/all_non_african@+0.25,transfer_random_control,1337,macro_over_languages,54,2,,,,,,,0.37520562362962967,0.0014592767592592594,-5.804212963033917e-08,0.00437790142453704,0.13607993953660907,2,0.2426818220154114,0.0015987359509006312,0.0,0.004796207852701894,0.13608276348795434,2,,,,,,
stage14_transfer,dev,decoder/random/all_non_african@+0.25,transfer_random_control,2024,macro_over_languages,54,2,,,,,,,0.3991794201666667,-3.490740740862964e-08,-6.81138888961125e-08,4.824074106968222e-10,-0.26769602174736934,2,0.22094837433094558,0.0,0.0,0.0,,2,,,,,,
stage14_transfer,dev,decoder/random/all_non_african@+0.50,transfer_random_control,42,macro_over_languages,54,2,,,,,,,0.42338105046296304,-3.059259259833467e-08,-6.680833334195406e-08,1.4356481469234596e-09,-0.2313666704123614,2,0.2360574162375708,0.0,0.0,0.0,,2,,,,,,
stage14_transfer,dev,decoder/random/all_non_african@+0.50,transfer_random_control,1337,macro_over_languages,54,2,,,,,,,0.37520562362962967,0.0014592767592592594,-5.543611110890693e-08,0.0043779108069444475,0.13607993953660907,2,0.2426818220154114,0.0015987359509006312,0.0,0.004796207852701894,0.13608276348795434,2,,,,,,
stage14_transfer,dev,decoder/random/all_non_african@+0.50,transfer_random_control,2024,macro_over_languages,54,2,,,,,,,0.3991794201666667,-3.490740740862964e-08,-6.888750000342245e-08,1.188888894781169e-09,-0.26769602174736934,2,0.22094837433094558,0.0,0.0,0.0,,2,,,,,,
stage14_transfer,dev,decoder/random/all_non_african@+1.00,transfer_random_control,42,macro_over_languages,54,2,,,,,,,0.42338106975925927,-1.1296296297546315e-08,-2.907870370634913e-08,3.7037037012659452e-09,-0.1825223647097581,2,0.2360574162375708,0.0,0.0,0.0,,2,,,,,,
stage14_transfer,dev,decoder/random/all_non_african@+1.00,transfer_random_control,1337,macro_over_languages,54,2,,,,,,,0.37640461224074073,0.002658265370370372,-2.407407405639112e-09,0.006129989847222224,0.21722827494870547,2,0.24271503868956912,0.0016319526250583639,-0.001257439652420008,0.005491361027227363,0.12038515532077894,2,,,,,,
stage14_transfer,dev,decoder/random/all_non_african@+1.00,transfer_random_control,2024,macro_over_languages,54,2,,,,,,,0.39861627674074074,-0.0005631783333333333,-0.0016895076111111114,-5.740740740276179e-09,-0.13608700358997422,2,0.22044789540658427,-0.0005004789243613238,-0.0015014367730839713,0.0,-0.1360827634879543,2,,,,,,
stage14_transfer,dev,decoder/random/all_non_african@-0.50,transfer_random_control,42,macro_over_languages,54,2,,,,,,,0.42338105046296304,-3.059259259833467e-08,-6.290972223184778e-08,5.567592591904337e-09,-0.2313666704123614,2,0.2360574162375708,0.0,0.0,0.0,,2,,,,,,
stage14_transfer,dev,decoder/random/all_non_african@-0.50,transfer_random_control,1337,macro_over_languages,54,2,,,,,,,0.37374631437037037,-3.249999999972668e-08,-6.749259258780097e-08,1.2263888854678108e-09,-0.2431939923594442,2,0.24108308606451076,0.0,0.0,0.0,,2,,,,,,
stage14_transfer,dev,decoder/random/all_non_african@-0.50,transfer_random_control,2024,macro_over_languages,54,2,,,,,,,0.3991794201666667,-3.490740740862964e-08,-6.961111111566737e-08,-2.542129632276621e-09,-0.26769602174736934,2,0.22094837433094558,0.0,0.0,0.0,,2,,,,,,
stage14_transfer,dev,decoder/random/all_non_african@-1.00,transfer_random_control,42,macro_over_languages,54,2,,,,,,,0.42338105046296304,-3.059259259833467e-08,-6.491296297146341e-08,5.918055557599739e-09,-0.2313666704123614,2,0.2360574162375708,0.0,0.0,0.0,,2,,,,,,
stage14_transfer,dev,decoder/random/all_non_african@-1.00,transfer_random_control,1337,macro_over_languages,54,2,,,,,,,0.37656213622222223,0.0028157893518518523,-4.8427314813299306e-08,0.007574976024537027,0.17012623699538998,2,0.2446895120887756,0.0036064260242648313,0.0,0.010157341572426757,0.16327699168195664,2,,,,,,
stage14_transfer,dev,decoder/random/all_non_african@-1.00,transfer_random_control,2024,macro_over_languages,54,2,,,,,,,0.3991794201666667,-3.490740740862964e-08,-6.867500000246616e-08,7.796296317474632e-10,-0.26769602174736934,2,0.22094837433094558,0.0,0.0,0.0,,2,,,,,,
stage14_transfer,dev,decoder/random/within_language@+0.25,transfer_random_control,42,macro_over_languages,243,9,0.4051994692649735,0.0009779055867724872,-0.012459709916281746,0.01124201923106878,0.010746438218547661,7.0,0.8395897541810701,0.0013251450370370375,2.4903695267486608e-05,0.0035735112572016455,0.08112682903762057,9,0.5754572243030034,-0.0001540801881453501,-0.0003984723503794304,0.0,-0.08449531784400979,9,0.2831624939783701,0.0006075730863861537,-0.008347745453926851,0.01017029913835495,0.010050378401161486,7.0
stage14_transfer,dev,decoder/random/within_language@+0.25,transfer_random_control,1337,macro_over_languages,243,9,0.4151894363034392,5.283174640211612e-05,-2.072252513203475e-08,0.0001584903016785709,0.0727641226384598,7.0,0.8216771335390947,0.00030554762962963086,7.861008233127885e-09,0.000754611991460909,0.09074590120766055,9,0.578808179002788,0.0002809409295452179,0.0,0.0006957257885539344,0.09080804471584762,9,0.28862407183141875,0.0002992653326760983,-9.875360031563895e-09,0.0008977629847349447,0.07274476891929396,7.0
stage14_transfer,dev,decoder/random/within_language@+0.25,transfer_random_control,2024,macro_over_languages,243,9,0.43221037920343913,2.9337407407097488e-08,-3.898104100561253e-08,1.0489490079380691e-07,0.057649207931339756,7.0,0.8237858884320988,1.2662551439989168e-08,3.5126543203341418e-09,2.2007201645158686e-08,0.16430059233859495,9,0.5721581193181136,0.0,0.0,0.0,,9,0.2998640433495763,3.211770268902446e-08,-2.5840731477185507e-08,9.330698635936275e-08,0.07638517589298516,7.0
stage14_transfer,dev,decoder/random/within_language@+0.50,transfer_random_control,42,macro_over_languages,243,9,0.4051994692605291,0.0009779055823280428,-0.008308079188933861,0.015393740932555555,0.01074643816970093,7.0,0.8395897471193416,0.0013251379753086417,2.489762839506118e-05,0.0034249132323045275,0.08112639385383304,9,0.5754572243030034,-0.0001540801881453501,-0.0003984723503794304,0.0,-0.08449531784400979,9,0.28316249198634874,0.0006075710943647049,-0.008347896106750883,0.010170192389098144,0.010050345446109582,7.0
stage14_transfer,dev,decoder/random/within_language@+0.50,transfer_random_control,1337,macro_over_languages,243,9,0.4151894363034392,5.283174640211612e-05,-1.7965788359622263e-08,0.00015848994332275047,0.0727641226384598,7.0,0.8205151406913581,-0.0008564452181069962,-0.0033424324347736626,0.0006295517748971185,-0.046436918730942904,9,0.5790354326261813,0.0005081945529384636,0.0,0.0011634861059586464,0.10836503896423279,9,0.28862407010114743,0.00029926360240476835,-9.270768824550469e-09,0.0008977766029240697,0.07274434609071481,7.0
stage14_transfer,dev,decoder/random/within_language@+0.50,transfer_random_control,2024,macro_over_languages,243,9,0.4322103792087831,2.934275132244185e-08,-4.0541220899908366e-08,1.0637372354580045e-07,0.057659740531909455,7.0,0.8237858829012346,7.131687241443178e-09,-8.314814814685835e-10,1.565751028419692e-08,0.10385147322845772,9,0.5721581193181136,0.0,0.0,0.0,,9,0.29986404204778794,3.081591431057989e-08,-1.5352460287822826e-08,8.979051116374253e-08,0.07323703754414768,7.0
stage14_transfer,dev,decoder/random/within_language@+1.00,transfer_random_control,42,macro_over_languages,243,9,0.41005292438375657,0.0058313607055555565,-0.008307556217752646,0.02141156260060843,0.051697756100345,7.0,0.838383752271605,0.00011914312757201604,-0.0030357477109053464,0.0032173295030864194,0.004832549003469938,9,0.5748569198367649,-0.0007543846543838813,-0.0018868473804899014,-7.052240259415571e-05,-0.10124003289142884,9,0.2840527607956979,0.0014978399037139367,-0.006567397287702447,0.011060574699865294,0.024287801726935888,7.0
stage14_transfer,dev,decoder/random/within_language@+1.00,transfer_random_control,1337,macro_over_languages,243,9,0.41519329550740736,5.669095037037096e-05,1.5791612434626828e-08,0.00016604396382539815,0.0779056891339942,7.0,0.8234790503292182,0.002107464419753086,-0.0020013493991769553,0.006632334753086421,0.0635892302297255,9,0.5801780374046529,0.0016507993314102008,-0.0016679824777942808,0.005177178269658159,0.061265444791337956,9,0.28857884595507555,0.00025403945633289526,-0.00013568751309818393,0.0008977718126675338,0.0610091359306173,7.0
stage14_transfer,dev,decoder/random/within_language@+1.00,transfer_random_control,2024,macro_over_languages,243,9,0.432217680154127,7.330288095238334e-06,-1.2210400873002055e-06,2.3202123007935515e-05,0.06881047918518188,7.0,0.8237671262633744,-1.8749506172841298e-05,-7.235592695473521e-05,1.6097917695471296e-05,-0.04863521314396193,9,0.5720726975911273,-8.542172698624168e-05,-0.0002362098286956092,0.0,-0.08023782539274084,9,0.2997584975971814,-0.00010551363469222933,-0.0003372495024639381,2.0638661696652106e-05,-0.06812147182840976,7.0
stage14_transfer,dev,decoder/random/within_language@-0.50,transfer_random_control,42,macro_over_languages,243,9,0.40950418317333337,0.005282619495132275,-6.008372380955708e-07,0.015848684012804235,0.07273540217638975,7.0,0.8383175309753087,5.29218312757214e-05,-0.0006417981795267478,0.0007490289456790148,0.00954649436209839,9,0.5756686841281698,5.737963702106216e-05,-0.000957673861410538,0.0010478251031970005,0.007651809671715217,9,0.28599143364314916,0.0034365127511651683,-0.00030649288916489493,0.010769247712862093,0.06955543820554838,7.0
stage14_transfer,dev,decoder/random/within_language@-0.50,transfer_random_control,1337,macro_over_languages,243,9,0.41514153375814816,4.929201111110606e-06,-7.2526415339673095e-09,1.4640688068783396e-05,0.07449290497156176,7.0,0.8211383508683129,-0.000233235041152262,-0.001210586452366251,0.0004160901441358047,-0.034891925809461405,9,0.5781186978342424,-0.0004085402390002179,-0.00255500727210367,0.0010653594872782426,-0.025924623398992173,9,0.2890995276142655,0.0007747211155228738,-8.016567926705526e-07,0.0020380357363929827,0.09977279997092416,7.0
stage14_transfer,dev,decoder/random/within_language@-0.50,transfer_random_control,2024,macro_over_languages,243,9,0.43221042139126986,7.152523809464705e-08,-1.9362601852766604e-08,1.8836419576669388e-07,0.0951161642061587,7.0,0.8264595196872428,0.0026736439176954724,1.8341563766873751e-09,0.008020920498971195,0.06415023236790157,9,0.5730365958428388,0.0008784765247252678,0.0,0.0026354295741758036,0.0641500299099584,9,0.29986462372604,6.124941663982763e-07,-7.963521962885045e-09,1.7915924789256983e-06,0.07649047799183317,7.0
stage14_transfer,dev,decoder/random/within_language@-1.00,transfer_random_control,42,macro_over_languages,243,9,0.4095041845579894,0.005282620879788359,-6.400826759259163e-07,0.015848554318305553,0.07273542134286255,7.0,0.8383175332798354,5.2924135802470753e-05,-0.0006910399672839479,0.0007527572253086434,0.00954691011037821,9,0.5756686841281698,5.737963702106216e-05,-0.000957673861410538,0.0010478251031970005,0.007651809671715217,9,0.2859914354202615,0.0034365145282775097,-0.0004596431446883382,0.010769211523447177,0.06955547434946659,7.0
stage14_transfer,dev,decoder/random/within_language@-1.00,transfer_random_control,1337,macro_over_languages,243,9,0.4151416492579365,5.044700899470533e-06,4.754784259237558e-08,1.4729569850528975e-05,0.07623650886365009,7.0,0.8210635787283951,-0.0003080071810699566,-0.0013825149192386815,0.0005422200384773679,-0.039340972384996675,9,0.5783023721051196,-0.0002248659681231804,-0.0025437416654471843,0.0014576528340225412,-0.014107628838464236,9,0.2890995542074259,0.000774747708683194,-8.252820536907073e-07,0.002037631717769743,0.09977625888231194,7.0
stage14_transfer,dev,decoder/random/within_language@-1.00,transfer_random_control,2024,macro_over_languages,243,9,0.43259058448687826,0.0003802346208465605,8.782664020665531e-09,0.0011405781137248665,0.07275364647099448,7.0,0.8263027215802469,0.0025168458106995893,-0.0003136002029835382,0.008020918635082305,0.06026995194406087,9,0.5732484564099963,0.0010903370918827371,0.0,0.0028472901413332725,0.07747485821804977,9,0.30016607633999226,0.00030206510811868806,1.3606390792272808e-08,0.0009055208164054269,0.07288828423084436,7.0
stage14_transfer,dev,encoder/mean_diff/EN_DE_ES@+0.25,transfer_primary,42,macro_over_languages,54,2,,,,,,,0.41732164147592593,-0.00605943643148149,-0.03585140809953703,0.02276702312606481,-0.051984838577834744,2,0.24129498324432766,0.005237567006756861,-0.002666797113593584,0.014586755466565517,0.13923328014946287,2,,,,,,
stage14_transfer,dev,encoder/mean_diff/EN_DE_ES@+0.25,transfer_primary,1337,macro_over_languages,54,2,,,,,,,0.369586144962963,-0.00416019394444445,-0.027389513169444452,0.019916327634259247,-0.04886714892854251,2,0.24620367992604453,0.005120593861533752,-0.007805951579970765,0.01891643272268268,0.10175157008595084,2,,,,,,
stage14_transfer,dev,encoder/mean_diff/EN_DE_ES@+0.25,transfer_primary,2024,macro_over_languages,54,2,,,,,,,0.386770510537037,-0.012408939351851857,-0.029804343756018523,0.002096664153240737,-0.19812672601016953,2,0.22653383592311935,0.005585461592173752,0.0007202094527340989,0.01135600217308654,0.26650868835396985,2,,,,,,
stage14_transfer,dev,encoder/mean_diff/EN_DE_ES@+0.50,transfer_primary,42,macro_over_languages,54,2,,,,,,,0.2735173626851851,-0.14986371522222225,-0.22197999900972223,-0.09111030007731481,-0.6052196795171559,2,0.19493327813830402,-0.041124138099266724,-0.07349008328339689,-0.005270622165211737,-0.3056704315062031,2,,,,,,
stage14_transfer,dev,encoder/mean_diff/EN_DE_ES@+0.50,transfer_primary,1337,macro_over_languages,54,2,,,,,,,0.2578954578888889,-0.11585088101851854,-0.17005523710833334,-0.06301294269398149,-0.5323805670893011,2,0.1861437671851404,-0.054939318879370286,-0.0887884216631396,-0.02680460577755572,-0.48527508073628867,2,,,,,,
stage14_transfer,dev,encoder/mean_diff/EN_DE_ES@+0.50,transfer_primary,2024,macro_over_languages,54,2,,,,,,,0.2888807640925926,-0.11029868579629627,-0.16199999587500002,-0.061278680021296286,-0.5701016984565442,2,0.20266933768460943,-0.01827903664633608,-0.0543734858134045,0.013555798561039667,-0.1499257626970282,2,,,,,,
stage14_transfer,dev,encoder/mean_diff/EN_DE_ES@+1.00,transfer_primary,42,macro_over_languages,54,2,,,,,,,0.08903777663888886,-0.33434330126851847,-0.41579339304652774,-0.259568159662963,-1.1615852980469636,2,0.025277897498584462,-0.21077951873898632,-0.257655468066849,-0.16957039695270798,-1.2000378165398216,2,,,,,,
stage14_transfer,dev,encoder/mean_diff/EN_DE_ES@+1.00,transfer_primary,1337,macro_over_languages,54,2,,,,,,,0.09864173116666668,-0.27510460774074075,-0.35775183130416666,-0.1971550259342593,-0.8951403595845819,2,0.012408112901129512,-0.22867497316338123,-0.2791263215365061,-0.18516361287755903,-1.2407805349914005,2,,,,,,
stage14_transfer,dev,encoder/mean_diff/EN_DE_ES@+1.00,transfer_primary,2024,macro_over_languages,54,2,,,,,,,0.12715176471,-0.2720276851788889,-0.3439430601982778,-0.20052776434975927,-0.9889765070451105,2,0.03584186441315728,-0.18510650991778826,-0.23021248532851027,-0.14644407700989762,-1.0567335076764743,2,,,,,,
stage14_transfer,dev,encoder/mean_diff/EN_DE_ES@-0.50,transfer_primary,42,macro_over_languages,54,2,,,,,,,0.4468587650555556,0.023477687148148147,-0.0024202879629629573,0.05806317304583334,0.20487995790004168,2,0.22802740512089756,-0.008030011116673197,-0.027050898521316355,0.004611270539947129,-0.13198991015661668,2,,,,,,
stage14_transfer,dev,encoder/mean_diff/EN_DE_ES@-0.50,transfer_primary,1337,macro_over_languages,54,2,,,,,,,0.40974186783333344,0.03599552892592592,0.001377511343981486,0.07408545250509262,0.25477632172827475,2,0.23594028347165943,-0.005142802592851305,-0.021253003543089812,0.011421376956867655,-0.07827877610505014,2,,,,,,
stage14_transfer,dev,encoder/mean_diff/EN_DE_ES@-0.50,transfer_primary,2024,macro_over_languages,54,2,,,,,,,0.4287041980555556,0.029524748166666667,-0.004829059044907403,0.07089461876944443,0.19951115050994161,2,0.2290933977527313,0.008145023421785733,0.0019005482498581372,0.016072428328586488,0.28296573587246343,2,,,,,,
stage14_transfer,dev,encoder/mean_diff/EN_DE_ES@-1.00,transfer_primary,42,macro_over_languages,54,2,,,,,,,0.4971709499814815,0.07378987207407406,0.0269960943,0.1208107789722222,0.3685958834940428,2,0.22540609503783976,-0.010651321199731037,-0.03258092343586613,0.012689341365648896,-0.11586276318222613,2,,,,,,
stage14_transfer,dev,encoder/mean_diff/EN_DE_ES@-1.00,transfer_primary,1337,macro_over_languages,54,2,,,,,,,0.4506852214259259,0.0769388825185185,0.02506566483425929,0.1332852604046296,0.33052301421611463,2,0.22927859905242876,-0.011804487012081998,-0.03736701379960969,0.012283381330087996,-0.11996720516495629,2,,,,,,
stage14_transfer,dev,encoder/mean_diff/EN_DE_ES@-1.00,transfer_primary,2024,macro_over_languages,54,2,,,,,,,0.48073114974074077,0.08155169985185184,0.034121943755092594,0.12963235354953703,0.41058300913968643,2,0.2280032242346091,0.007054849903663556,-0.0020391760043531617,0.01681250580032335,0.18937870387473693,2,,,,,,
stage14_transfer,dev,encoder/mean_diff/YO_XH@+0.25,transfer_primary,42,macro_over_languages,189,7,0.41070128563624336,0.006479760269470899,-0.013582340805956343,0.02738281804937566,0.0413270532001565,7.0,0.9567584620634921,-4.431523809523718e-05,-0.0045605676521164,0.005297346583333332,-0.0012867423460997832,7,0.67392593631114,0.0012992351761116332,-0.0012462576275968917,0.004626088981968647,0.06361626559722293,7,0.28529248726970974,0.0027375992983088336,-0.01078515081835016,0.016904196567527806,0.028334328646043242,7.0
stage14_transfer,dev,encoder/mean_diff/YO_XH@+0.25,transfer_primary,1337,macro_over_languages,189,7,0.4194087141136508,0.004272108825396825,-0.0008181780284074072,0.013985093743857141,0.06660126188724697,7.0,0.9469769132275133,-0.0022876096825396822,-0.005646487751322751,0.00039095799338624267,-0.10131137005861213,7,0.6747196553836583,-0.00022019754922229163,-0.0031447247199106678,0.0030008428444987306,-0.009939517054192638,7,0.29150001587790897,0.0031752070955336493,-0.0004956347370257202,0.009160412599459794,0.08046766555690472,7.0
stage14_transfer,dev,encoder/mean_diff/YO_XH@+0.25,transfer_primary,2024,macro_over_languages,189,7,0.44767560954534397,0.015465258491481485,-0.005181222465785712,0.036593960507136244,0.09731916114038468,7.0,0.9432940250264552,-0.001807987089947089,-0.006031787571428568,0.0013808227619047635,-0.06557791859573679,7,0.671585415578797,-0.0009183451642217873,-0.004621869055007353,0.0027749424061231836,-0.03338795469123257,7,0.3054440294355928,0.005580016416876126,-0.00881602756391805,0.020326351977829754,0.05520473573254171,7.0
stage14_transfer,dev,encoder/mean_diff/YO_XH@+0.50,transfer_primary,42,macro_over_languages,189,7,0.4167540327986243,0.012532507431851851,-0.018219270031870377,0.040956550222059504,0.05749044693845099,7.0,0.9564025599470899,-0.0004002173544973535,-0.005987644560846558,0.005363716961640211,-0.009587339086103394,7,0.6689656714918271,-0.003661029643201256,-0.01367082836552055,0.00604234808243713,-0.05174686206642188,7,0.2917528821701961,0.00919799419879522,-0.01234350209754158,0.02809536420954551,0.06342670148593713,7.0
stage14_transfer,dev,encoder/mean_diff/YO_XH@+0.50,transfer_primary,1337,macro_over_languages,189,7,0.42391765433629636,0.008781049048042331,-0.015409170873818774,0.032968837912708986,0.05052988777165986,7.0,0.9441743889417988,-0.005090133968253969,-0.010409518002645507,-0.00029340907407407723,-0.13163428318655163,7,0.6745340717538338,-0.0004057811790467053,-0.00605612081648007,0.004869039035358382,-0.010884003273237347,7,0.29323857179894863,0.004913763016573267,-0.011933337329012148,0.023275834091000494,0.03797060695831591,7.0
stage14_transfer,dev,encoder/mean_diff/YO_XH@+0.50,transfer_primary,2024,macro_over_languages,189,7,0.4531167526777249,0.020906401623862435,0.0051192000062447104,0.0427144544984695,0.1483936808805432,7.0,0.9416873208994709,-0.0034146912169312174,-0.007591461165343908,-0.0005105415224867756,-0.1287388317952588,7,0.6720466391773704,-0.00045712156564839624,-0.0035338757530145736,0.002653424676959537,-0.020394844763399977,7,0.3098036350410843,0.00993962202236759,0.0004898550860319681,0.022870513162792063,0.12923016644755744,7.0
stage14_transfer,dev,encoder/mean_diff/YO_XH@+1.00,transfer_primary,42,macro_over_languages,189,7,0.41711883154275126,0.012897306175978836,-0.019592755789398137,0.04705932608096031,0.05343098169046351,7.0,0.9504124286772487,-0.006390348624338626,-0.01307668761243386,0.0007186458253968228,-0.12992429873750877,7,0.6695193920903955,-0.003107309044632832,-0.01362948678202745,0.006484996974998701,-0.04267749659756543,7,0.2913125783393238,0.008757690367922899,-0.011776028708734036,0.032563548892160205,0.05424202711334056,7.0
stage14_transfer,dev,encoder/mean_diff/YO_XH@+1.00,transfer_primary,1337,macro_over_languages,189,7,0.43500468530698416,0.019868080018730156,-0.011800527208169315,0.047800358029986764,0.08713442811649777,7.0,0.9421750043386242,-0.007089518571428574,-0.012846005407407409,-0.0014055803994709021,-0.17141532361473333,7,0.6712270553138531,-0.0037127976190274915,-0.010067593435775717,0.0027460739878290463,-0.07772286666575663,7,0.29477652704159973,0.006451718259224423,-0.016451449769260974,0.02918297027017789,0.039681717343333284,7.0
stage14_transfer,dev,encoder/mean_diff/YO_XH@+1.00,transfer_primary,2024,macro_over_languages,189,7,0.4285587372810053,-0.0036516137728571435,-0.03869995869618122,0.026097855694191797,-0.015928098023075717,7.0,0.9392666314814815,-0.0058353806349206346,-0.013194909187830683,0.0011270788690476224,-0.11715862160261752,7,0.666820828709845,-0.005682932033173768,-0.011885443692941736,-0.0001730527275230889,-0.14049115835478215,7,0.28947510864074366,-0.010388904377973024,-0.032713228905768374,0.010096138999282238,-0.06817735988088151,7.0
stage14_transfer,dev,encoder/mean_diff/YO_XH@-0.50,transfer_primary,42,macro_over_languages,189,7,0.39199848222555556,-0.012223043141216935,-0.04301022818341798,0.017778032894219576,-0.05464280564964319,7.0,0.9602777013227515,0.0034749240211640223,-0.0027383395145502594,0.00961796922751323,0.07709348586896513,7,0.6691425182041559,-0.0034841829308723455,-0.00933248955808012,0.002207678975891309,-0.08079606909242162,7,0.2703296970837922,-0.012225190887608709,-0.03397505135110388,0.007614361015506515,-0.08002256313191058,7.0
stage14_transfer,dev,encoder/mean_diff/YO_XH@-0.50,transfer_primary,1337,macro_over_languages,189,7,0.41437953029322755,-0.0007570749950264546,-0.01636034662245767,0.014495975282359784,-0.007359612613827236,7.0,0.9544008735449735,0.005136350634920635,0.0013768712248677256,0.010966980636243389,0.14742086922471168,7,0.6737037145223453,-0.0012361384105351908,-0.004370278829555887,0.0014972464505695,-0.05566690227245672,7,0.2872141482964323,-0.001110660485943003,-0.012549397568536909,0.008082923223515294,-0.01520150489652342,7.0
stage14_transfer,dev,encoder/mean_diff/YO_XH@-0.50,transfer_primary,2024,macro_over_languages,189,7,0.4208831371985185,-0.011327213855343916,-0.03474917750498677,0.010548447831014544,-0.07137035370642508,7.0,0.951403542169312,0.0063015300529100544,-0.0022307921746031736,0.014911551095238096,0.10049714050513119,7,0.6705205136740995,-0.0019832470689192553,-0.009015443192416117,0.005681702223105909,-0.039007042591744256,7,0.29108873838865346,-0.00877527463006324,-0.02389471856762763,0.00391170230294676,-0.08552223154292575,7.0
stage14_transfer,dev,encoder/mean_diff/YO_XH@-1.00,transfer_primary,42,macro_over_languages,189,7,0.3749023453322222,-0.02931918003455027,-0.06331602513158861,0.003300608641383594,-0.12532580119041323,7.0,0.967917839047619,0.011115061746031748,0.0037091936838624345,0.01891423378835979,0.19769610049982178,7,0.6679798210364215,-0.004646880098606812,-0.012588927513343028,0.0034741239076797378,-0.08253537082272673,7,0.2582261121802033,-0.024328775791197573,-0.04803734254643607,-0.0011652620053552935,-0.13916020244105218,7.0
stage14_transfer,dev,encoder/mean_diff/YO_XH@-1.00,transfer_primary,1337,macro_over_languages,189,7,0.42861139585624347,0.013474790567989418,-0.021229293873390193,0.04738866837653041,0.05710513628983857,7.0,0.9569771065608466,0.007712583650793648,-0.0014146294563492086,0.017112209335978824,0.10889308060015451,7,0.6718648399923886,-0.0030750129404920694,-0.009893533506718507,0.0032529936274948083,-0.06308846791628518,7,0.29613917575371324,0.007814366971337914,-0.01746829372513246,0.03342544235047565,0.046225299095556914,7.0
stage14_transfer,dev,encoder/mean_diff/YO_XH@-1.00,transfer_primary,2024,macro_over_languages,189,7,0.4016659237213756,-0.030544427332486777,-0.06672923045675926,0.0026732072733822738,-0.12239786794240823,7.0,0.9545165771957672,0.009414565079365084,0.0011667929867724995,0.01880053909788359,0.1439451594680229,7,0.6697252181694243,-0.002778542573594402,-0.011658517752026887,0.00706341843395913,-0.043346793280938455,7,0.2775384797563279,-0.02232553326238882,-0.049850632956368574,0.0034940133716399873,-0.11947333283998453,7.0
stage14_transfer,dev,encoder/mean_diff/all_non_african@+0.25,transfer_primary,42,macro_over_languages,54,2,,,,,,,0.4222746771296297,-0.0011064007777777806,-0.008187768619444442,0.005118856632870368,-0.0453149463357451,2,0.24221433825581237,0.006156922018241573,-0.001712247524002681,0.017080177019165838,0.1674178101333856,2,,,,,,
stage14_transfer,dev,encoder/mean_diff/all_non_african@+0.25,transfer_primary,1337,macro_over_languages,54,2,,,,,,,0.3801178551111111,0.006371516203703699,-0.011541236875000012,0.024592136356481477,0.09169646547143104,2,0.24645541307391716,0.005372327009406426,-0.0016244418440970652,0.013691467984554558,0.1887983746332285,2,,,,,,
stage14_transfer,dev,encoder/mean_diff/all_non_african@+0.25,transfer_primary,2024,macro_over_languages,54,2,,,,,,,0.39219221874074073,-0.006987231148148151,-0.023287609971296298,0.006151999141203701,-0.1198265407506937,2,0.2242600053254462,0.0033116309945006393,-0.00015548221957422198,0.008695673122423761,0.19124218448823607,2,,,,,,
stage14_transfer,dev,encoder/mean_diff/all_non_african@+0.50,transfer_primary,42,macro_over_languages,54,2,,,,,,,0.4186558720796296,-0.004725205827777785,-0.05789444170777779,0.04883783865328704,-0.019801858677358165,2,0.21986822337395412,-0.016189192863616652,-0.034940682920386386,-0.0015326179503904673,-0.25074454586182016,2,,,,,,
stage14_transfer,dev,encoder/mean_diff/all_non_african@+0.50,transfer_primary,1337,macro_over_languages,54,2,,,,,,,0.35086394175925933,-0.022882397148148142,-0.061052619521296286,0.0036640383425925907,-0.18098683239689448,2,0.21679676538262013,-0.02428632068189064,-0.046442607863303925,-0.00464775703513912,-0.30043087155845777,2,,,,,,
stage14_transfer,dev,encoder/mean_diff/all_non_african@+0.50,transfer_primary,2024,macro_over_languages,54,2,,,,,,,0.38731796181481487,-0.011861488074074071,-0.06066246581851852,0.03842200588749999,-0.05891502672272953,2,0.23247618926507108,0.01152781493412551,-0.013978640684677381,0.033605652291076454,0.12332205169782078,2,,,,,,
stage14_transfer,dev,encoder/mean_diff/all_non_african@+1.00,transfer_primary,42,macro_over_languages,54,2,,,,,,,0.15267228639851854,-0.2707087915088889,-0.34097880123799074,-0.2023865275733982,-1.0178240302552288,2,0.07515333194217816,-0.1609040842953926,-0.2014892843784246,-0.12164162319353423,-1.024798944502753,2,,,,,,
stage14_transfer,dev,encoder/mean_diff/all_non_african@+1.00,transfer_primary,1337,macro_over_languages,54,2,,,,,,,0.16218364579629635,-0.2115626931111111,-0.2824081681402778,-0.14437758406203705,-0.8043893150519444,2,0.087557206573998,-0.15352587949051277,-0.20071291953646936,-0.11197446426718634,-0.8467371746217598,2,,,,,,
stage14_transfer,dev,encoder/mean_diff/all_non_african@+1.00,transfer_primary,2024,macro_over_languages,54,2,,,,,,,0.14837184340555556,-0.2508076064833333,-0.31943183331574065,-0.18338577009064816,-0.9508699154321958,2,0.06653310888850883,-0.1544152654424367,-0.20602832997785192,-0.1124040308873172,-0.8213988371678989,2,,,,,,
stage14_transfer,dev,encoder/mean_diff/all_non_african@-0.50,transfer_primary,42,macro_over_languages,54,2,,,,,,,0.44217791083333335,0.01879683292592592,-0.002219594836111111,0.04747642444861109,0.18993333323174258,2,0.23628940151294847,0.0002319852753777205,-0.002636921850180936,0.003446669624039561,0.019701975847242037,2,,,,,,
stage14_transfer,dev,encoder/mean_diff/all_non_african@-0.50,transfer_primary,1337,macro_over_languages,54,2,,,,,,,0.39579764548148155,0.022051306574074066,-0.004269189514351856,0.053129843964351844,0.1971307418573461,2,0.23876968727759826,-0.0023133987869124965,-0.01681134953914821,0.015210574892493094,-0.039400968647683686,2,,,,,,
stage14_transfer,dev,encoder/mean_diff/all_non_african@-0.50,transfer_primary,2024,macro_over_languages,54,2,,,,,,,0.4113868115740741,0.012207361685185185,-0.012960406703703704,0.044325699065277765,0.10393236202308818,2,0.22766896364691563,0.006720589315970095,0.0010830264959734786,0.01453638998305353,0.252098772946636,2,,,,,,
stage14_transfer,dev,encoder/mean_diff/all_non_african@-1.00,transfer_primary,42,macro_over_languages,54,2,,,,,,,0.4479352785740741,0.024554200666666665,-0.0017221582384259254,0.05664509842685185,0.2145762890193639,2,0.22764601452527242,-0.008411401712298358,-0.028327158824539955,0.0050655728259107816,-0.1308337170166698,2,,,,,,
stage14_transfer,dev,encoder/mean_diff/all_non_african@-1.00,transfer_primary,1337,macro_over_languages,54,2,,,,,,,0.44061070911111105,0.0668643702037037,0.02648035563564814,0.1136230071148148,0.38617343402991294,2,0.2269096975473422,-0.014173388517168563,-0.04038588004461434,0.009620125794444306,-0.13995241061785432,2,,,,,,
stage14_transfer,dev,encoder/mean_diff/all_non_african@-1.00,transfer_primary,2024,macro_over_languages,54,2,,,,,,,0.46724107792592595,0.06806162803703703,0.02265525855740742,0.11993017820740738,0.35623282964246406,2,0.22702509971762946,0.006076725386683919,-0.0010836290136231022,0.01506637829017279,0.19645224556060806,2,,,,,,
stage14_transfer,dev,encoder/mean_diff/within_language@+0.25,transfer_primary,42,macro_over_languages,243,9,0.4131407597407936,0.008919182672592592,-0.021014949887048943,0.04015574647580556,0.040241343438019925,7.0,0.8371525894938273,-0.0011120296008230452,-0.006011408528909465,0.003050633739814815,-0.029769289781612664,9,0.5681166761824863,-0.007494628308662474,-0.01481599174574066,-0.0013127993368194603,-0.13879045600611525,9,0.28434393730030094,0.0017889982332807554,-0.016939131647747963,0.020535763166695933,0.012413982369146665,7.0
stage14_transfer,dev,encoder/mean_diff/within_language@+0.25,transfer_primary,1337,macro_over_languages,243,9,0.4217313972786773,0.006594774784761905,-0.0070524841806084634,0.023842975481843914,0.06197031141043827,7.0,0.8208105272880659,-0.000561064370370372,-0.0027618818827160525,0.001367963278086415,-0.0323499717564779,9,0.57805885867096,-0.00046837940228276065,-0.00407545648049887,0.0028454828820856687,-0.017294030117385423,9,0.2919012337696854,0.0035764062319405395,-0.002857457788011811,0.013024666316887486,0.06598166623686388,7.0
stage14_transfer,dev,encoder/mean_diff/within_language@+0.25,transfer_primary,2024,macro_over_languages,243,9,0.41856630764370373,-0.01364407155973545,-0.04223563071740872,0.012274987139419316,-0.07049424458125578,7.0,0.8233374417448561,-0.000448442971193416,-0.00423485775884774,0.0030093409937242788,-0.01611529334515597,9,0.5693800292087269,-0.002778090109386581,-0.007257915084933578,0.001988801284101735,-0.07391443837267757,9,0.286591169387258,-0.01327287308743415,-0.03356232999371033,0.004102806355985286,-0.09741278143425898,7.0
stage14_transfer,dev,encoder/mean_diff/within_language@+0.50,transfer_primary,42,macro_over_languages,243,9,0.4309877865053968,0.02676620943719577,-0.001438639196490737,0.05753722269073806,0.1168193264528278,7.0,0.8262418159547325,-0.012022803139917694,-0.019574494034053494,-0.004773929203909465,-0.19319159137628747,9,0.5639419466582258,-0.011669357832922904,-0.020454884759952878,-0.004052149072925095,-0.16633832688213038,9,0.29474545664998686,0.012190517582966652,-0.005839104336044837,0.030700707722275893,0.08533160930771054,7.0
stage14_transfer,dev,encoder/mean_diff/within_language@+0.50,transfer_primary,1337,macro_over_languages,243,9,0.4253914840767195,0.01025486158280423,-0.015606853024715605,0.0368601919515172,0.0579290294493826,7.0,0.8103658595679013,-0.011005732090534981,-0.017033581878395057,-0.005409915637345677,-0.20765249777339218,9,0.5708571735982403,-0.007670064475002487,-0.01422390760926487,-0.001314443740396795,-0.13045816299506668,9,0.28480816971750783,-0.0035166578202369637,-0.02112917786000001,0.013162120370062839,-0.027374909773507358,7.0
stage14_transfer,dev,encoder/mean_diff/within_language@+0.50,transfer_primary,2024,macro_over_languages,243,9,0.44383646339428573,0.01162608419084657,-0.024028303279040996,0.049889877117695755,0.043312069938879566,7.0,0.8127601556543209,-0.011025729061728393,-0.019372860345987654,-0.003554895132304527,-0.1587590361030139,9,0.561448238575575,-0.010709880742538595,-0.018488445509050832,-0.0032688791942261323,-0.16704446536189,9,0.2884415407205878,-0.01142250175410438,-0.03642333982147104,0.011950869940289243,-0.06367698280474396,7.0
stage14_transfer,dev,encoder/mean_diff/within_language@+1.00,transfer_primary,42,macro_over_languages,243,9,0.4747780837491535,0.0705565066809524,0.02391559801162037,0.11833614091825265,0.18666479783803264,7.0,0.7362183665654323,-0.10204625252921812,-0.11094076863810699,-0.09279807176625514,-0.37551155738327296,9,0.49735557880938924,-0.07825572568175958,-0.09045377706222772,-0.06592536279501804,-0.35337332612044914,9,0.22479229057182046,-0.057762648495199714,-0.09146300828053752,-0.024455817493451465,-0.21248598013424766,7.0
stage14_transfer,dev,encoder/mean_diff/within_language@+1.00,transfer_primary,1337,macro_over_languages,243,9,0.4661009616373545,0.05096433914343915,0.004326132775177256,0.0938316022274881,0.14255916296216034,7.0,0.7164160146967078,-0.1049555769617284,-0.1138592798348148,-0.09623656692475308,-0.3920090476618586,9,0.49560428468863127,-0.0829229533846115,-0.09365868400785002,-0.07186003131710914,-0.34946948724600047,9,0.19912816634659308,-0.08919666119115174,-0.12279134100424559,-0.0577480119173024,-0.33086055121298596,7.0
stage14_transfer,dev,encoder/mean_diff/within_language@+1.00,transfer_primary,2024,macro_over_languages,243,9,0.4397666698403174,0.007556290636878304,-0.044768398613765865,0.05286001176113228,0.019424246073816157,7.0,0.7289727930617284,-0.09481309165432099,-0.10339184386059672,-0.0852700086808642,-0.3693183391110114,9,0.4944853724155157,-0.07767274690259784,-0.08654436192213207,-0.06683181456353866,-0.342477339529538,9,0.19937608388886677,-0.10048795858582543,-0.13653572979117873,-0.06666367834802238,-0.3576178155223371,7.0
stage14_transfer,dev,encoder/mean_diff/within_language@-0.50,transfer_primary,42,macro_over_languages,243,9,0.39902609610936507,-0.005195480958835982,-0.03557359046566931,0.021581231369870307,-0.024434395379248987,7.0,0.8463129274773662,0.008048308382716049,6.505577098765826e-05,0.016954804252366253,0.11712902693740343,9,0.5720268929931481,-0.003584411498000632,-0.011995466975230885,0.004336310818324179,-0.05434169791591369,9,0.2796504445785431,-0.0029044944884770905,-0.02616820944901468,0.01860063564492119,-0.017953230837383777,7.0
stage14_transfer,dev,encoder/mean_diff/within_language@-0.50,transfer_primary,1337,macro_over_languages,243,9,0.41541520625613754,0.00027858376222222105,-0.031224683673466928,0.03615542592524338,0.001122288542270046,7.0,0.8253391707119342,0.003967579053497941,-0.004172269890020577,0.013338695588786004,0.05609456705188129,9,0.5784574915462621,-6.974652698066588e-05,-0.0058463776541873595,0.006309299773010553,-0.001466586894498785,9,0.286011820473359,-0.0023130070643858375,-0.027287246056526385,0.023409858203377445,-0.012443603699829362,7.0
stage14_transfer,dev,encoder/mean_diff/within_language@-0.50,transfer_primary,2024,macro_over_languages,243,9,0.42010133623370377,-0.012109042969735447,-0.04476981101032142,0.021131751613460297,-0.05092370359382254,7.0,0.8336433689341562,0.009857484218106997,0.0015489890385802486,0.02031876323631687,0.12963994961007191,9,0.5724210009665593,0.00026288164844578656,-0.006411580217445779,0.005825390002367715,0.00552501340641034,9,0.28627264220622417,-0.013591400268468038,-0.034590029154331,0.008076629593239886,-0.08488150256488886,7.0
stage14_transfer,dev,encoder/mean_diff/within_language@-1.00,transfer_primary,42,macro_over_languages,243,9,0.578601798931746,0.174380221863545,0.10849277210742195,0.23279214964381215,0.3537650893863751,7.0,0.68397269371893,-0.15429192537572015,-0.17421887805456793,-0.13184355028662553,-0.43825713314922005,9,0.4255636590723011,-0.15004764541884774,-0.16759617012379954,-0.1323467419551454,-0.50807211280644,9,0.22391942776973692,-0.0586355112972833,-0.09807652380715408,-0.020992129359730338,-0.2076920741041917,7.0
stage14_transfer,dev,encoder/mean_diff/within_language@-1.00,transfer_primary,1337,macro_over_languages,243,9,0.6360851079136507,0.2209484854197355,0.1638561814042606,0.272285030202672,0.4601294257485845,7.0,0.6314769557703703,-0.18989463588806585,-0.20525289369696503,-0.17299611408011314,-0.5614140716172334,9,0.4235325376592085,-0.15499470041403424,-0.17251186740320376,-0.13844524983325743,-0.5270966351440436,9,0.23294488701557745,-0.05537994052216735,-0.08762645174462705,-0.021875372388121584,-0.2135231166482177,7.0
stage14_transfer,dev,encoder/mean_diff/within_language@-1.00,transfer_primary,2024,macro_over_languages,243,9,0.5288781740144972,0.0966677948110582,0.04302632041020504,0.15056817753931215,0.222270431891624,7.0,0.6968672670878602,-0.1269186176281893,-0.14424767498306068,-0.10952984678106994,-0.4414261522532243,9,0.4706956914472644,-0.10146242787084918,-0.11645674932718797,-0.08560720219599498,-0.41470981452877836,9,0.237359003447205,-0.06250503902748719,-0.09977193096189023,-0.025863239689980146,-0.2200341511826704,7.0
stage14_transfer,dev,encoder/probe/EN_DE_ES@+0.25,transfer_primary,42,macro_over_languages,54,2,,,,,,,0.42724890092592605,0.0038678230185185164,-4.6449537040751606e-08,0.011603521132870366,0.13608202198598143,2,0.2359643710802084,-9.304515736240905e-05,-0.00027913547208722713,0.0,-0.1360827634879543,2,,,,,,
stage14_transfer,dev,encoder/probe/EN_DE_ES@+0.25,transfer_primary,1337,macro_over_languages,54,2,,,,,,,0.3685173777037037,-0.005228961203703705,-0.015686853148148147,3.303703704492972e-09,-0.13608333554444474,2,0.24210572736978037,0.0010226413052696055,0.0,0.003067923915808816,0.1360827634879543,2,,,,,,
stage14_transfer,dev,encoder/probe/EN_DE_ES@+0.25,transfer_primary,2024,macro_over_languages,54,2,,,,,,,0.3991794201666667,-2.972222222411774e-08,-6.572962964012238e-08,7.0962962931522064e-09,-0.20692266536573503,2,0.22094837433094558,0.0,0.0,0.0,,2,,,,,,
stage14_transfer,dev,encoder/probe/EN_DE_ES@+0.50,transfer_primary,42,macro_over_languages,54,2,,,,,,,0.42424198203703717,0.0008609041296296278,-0.00902073114907408,0.011603512362962965,0.02369745988206598,2,0.23599344810952505,-6.39681280457141e-05,-0.00027913547208722713,8.723108795008483e-05,-0.08882164078364331,2,,,,,,
stage14_transfer,dev,encoder/probe/EN_DE_ES@+0.50,transfer_primary,1337,macro_over_languages,54,2,,,,,,,0.37452858085185176,0.0007822419444444428,-0.014532522663888887,0.011523189628240732,0.015413578484329133,2,0.24850201141910389,0.00741892535459311,-0.000292849388844824,0.020858571283432725,0.16470399715828427,2,,,,,,
stage14_transfer,dev,encoder/probe/EN_DE_ES@+0.50,transfer_primary,2024,macro_over_languages,54,2,,,,,,,0.3991794168333333,-3.3055555557752523e-08,-7.094629630005983e-08,5.929629625017954e-09,-0.22473709036422418,2,0.22094837433094558,0.0,0.0,0.0,,2,,,,,,
stage14_transfer,dev,encoder/probe/EN_DE_ES@+1.00,transfer_primary,42,macro_over_languages,54,2,,,,,,,0.42144360694444455,-0.0019374709629629658,-0.01095860826296297,0.00859210706944445,-0.05023578166070953,2,0.2365397935071822,0.0004823772696114341,-0.0012454633555265713,0.0023846817434384705,0.06591600742088931,2,,,,,,
stage14_transfer,dev,encoder/probe/EN_DE_ES@+1.00,transfer_primary,1337,macro_over_languages,54,2,,,,,,,0.37668958003703706,0.002943241129629625,-0.012884692806944445,0.015879756764814807,0.05668630439186682,2,0.24787034926887377,0.006787263204363035,-0.0010019191523675205,0.02067110568939116,0.14989957648053054,2,,,,,,
stage14_transfer,dev,encoder/probe/EN_DE_ES@+1.00,transfer_primary,2024,macro_over_languages,54,2,,,,,,,0.3991794149814815,-3.490740740676642e-08,-7.65245370424261e-08,6.463888885390176e-09,-0.21772432445435588,2,0.22094837433094558,0.0,0.0,0.0,,2,,,,,,
stage14_transfer,dev,encoder/probe/EN_DE_ES@-0.50,transfer_primary,42,macro_over_languages,54,2,,,,,,,0.42856600138888895,0.00518492348148148,-0.00010951877129629492,0.013502880502777773,0.17695893215616276,2,0.23632261688600423,0.000265200648433456,-0.0007948466308150177,0.0018202449791351746,0.04933383714700103,2,,,,,,
stage14_transfer,dev,encoder/probe/EN_DE_ES@-0.50,transfer_primary,1337,macro_over_languages,54,2,,,,,,,0.37519049942592597,0.0014441605185185177,-3.0300462037034183e-05,0.004377913420370365,0.13463692330946062,2,0.24454870222314842,0.0034656161586376585,0.0,0.00906625678184874,0.19369062479650553,2,,,,,,
stage14_transfer,dev,encoder/probe/EN_DE_ES@-0.50,transfer_primary,2024,macro_over_languages,54,2,,,,,,,0.4041711545370371,0.004991704648148145,-4.1690277793976885e-08,0.014975160527314822,0.13608232678556456,2,0.22078152365498732,-0.00016685067595825363,-0.0005005520278747609,0.0,-0.13608276348795434,2,,,,,,
stage14_transfer,dev,encoder/probe/EN_DE_ES@-1.00,transfer_primary,42,macro_over_languages,54,2,,,,,,,0.42469815268518524,0.001317074777777775,-0.0002190353851851856,0.0036933506157407385,0.16859541931605648,2,0.23641566204336667,0.0003582458057958651,-0.0007069940454389942,0.0020432620985341887,0.06726862679352111,2,,,,,,
stage14_transfer,dev,encoder/probe/EN_DE_ES@-1.00,transfer_primary,1337,macro_over_languages,54,2,,,,,,,0.3769848252962963,0.0032384863888888895,-0.010191700741203708,0.019832191275,0.05692718838196817,2,0.245740031362542,0.004656945298031234,-0.0006305982944675188,0.012077548287687949,0.18676043478815546,2,,,,,,
stage14_transfer,dev,encoder/probe/EN_DE_ES@-1.00,transfer_primary,2024,macro_over_languages,54,2,,,,,,,0.4041711723703705,0.004991722481481476,-1.7893518524931116e-08,0.014975189666666664,0.13608287356273402,2,0.22078152365498732,-0.00016685067595825363,-0.0005005520278747609,0.0,-0.13608276348795434,2,,,,,,
stage14_transfer,dev,encoder/probe/YO_XH@+0.25,transfer_primary,42,macro_over_languages,189,7,0.4000674006304233,-0.004154124736349207,-0.012461890973842591,1.9798973543776695e-08,-0.07274493179606914,7.0,0.9572290791005291,0.00042630179894179973,4.440476190540001e-09,0.0011225656719576716,0.09543182755004934,7,0.6726788037115783,5.2102576550101976e-05,-0.000135297844878483,0.0003022578411103614,0.03338113170488324,7,0.2797722502136203,-0.0027826377577805875,-0.008348136863652078,1.7720186771367136e-07,-0.07273734902882852,7.0
stage14_transfer,dev,encoder/probe/YO_XH@+0.25,transfer_primary,1337,macro_over_languages,189,7,0.4151363768475662,-2.2844068783081367e-07,-1.1463650515879246e-06,3.2488910317555157e-07,-0.04219568565397965,7.0,0.9489839537037037,-0.00028056920634920735,-0.0011259540873015921,0.0005648898875661373,-0.04179375913558314,7,0.6744222880186548,-0.0005175649142258167,-0.0016937785014593915,0.00010377810346135059,-0.0709306761155771,7,0.2883242872202242,-5.215621511071208e-07,-1.4566761299821426e-06,9.621115172967334e-08,-0.0910210737438251,7.0
stage14_transfer,dev,encoder/probe/YO_XH@+0.25,transfer_primary,2024,macro_over_languages,189,7,0.4321975329896296,-1.281806423280501e-05,-3.802834733598019e-05,4.1431078042086024e-08,-0.07560591517135624,7.0,0.9449076912169313,-0.00019432089947090108,-0.001005668388888889,0.00042268732804233,-0.038823818584888675,7,0.671222193762661,-0.0012815669803577054,-0.0036290009209823827,0.0,-0.08615418909512809,7,0.2998537550548934,-1.0257963823299123e-05,-2.9671358826219983e-05,1.7005084532844676e-08,-0.0782160787008729,7.0
stage14_transfer,dev,encoder/probe/YO_XH@+0.50,transfer_primary,42,macro_over_languages,189,7,0.400585523663545,-0.0036360017032275134,-0.012462133951911375,0.0015548689389920623,-0.06313978064829408,7.0,0.9570007026455026,0.00019792534391534566,-0.0005745580476190472,0.0010767829007936535,0.036131452483181094,7,0.6727783256460219,0.0001516245109936511,-9.22815008349594e-05,0.0004832708908699044,0.07313884008409553,7,0.27994500284373774,-0.0026098851276631567,-0.008348151667975777,0.0003458321930525711,-0.06806805016400296,7.0
stage14_transfer,dev,encoder/probe/YO_XH@+0.50,transfer_primary,1337,macro_over_languages,189,7,0.4151612497986773,2.4644510423280072e-05,-7.537986891535824e-07,7.484177712037002e-05,0.07204619148538678,7.0,0.9479343633862434,-0.0013301595238095223,-0.0031681382698412674,0.00028185127910053105,-0.10927472779425795,7,0.6722949888779958,-0.002644864054884733,-0.006343926570127045,2.4305660683451764e-07,-0.12021938298472301,7,0.287053876143759,-0.0012709326386163276,-0.0038118938130417305,-1.730721653304884e-07,-0.07279377070888766,7.0
stage14_transfer,dev,encoder/probe/YO_XH@+0.50,transfer_primary,2024,macro_over_languages,189,7,0.4378560235790476,0.005645672525185186,-2.524548392592598e-05,0.016594979239753966,0.0776278854777114,7.0,0.94257074989418,-0.0025312622222222214,-0.006158796511904763,-0.00011599209788359662,-0.10060712737521908,7,0.6711098904058251,-0.0013938703371937143,-0.00440396095547458,0.0008199525744227927,-0.07648265678926178,7,0.30064903009119753,0.0007850170724808612,-0.0007209070796558922,0.0027484046523797794,0.06050800788822992,7.0
stage14_transfer,dev,encoder/probe/YO_XH@+1.00,transfer_primary,42,macro_over_languages,189,7,0.38531978608079365,-0.018901739285978835,-0.040888875060813484,-0.0030609293755476208,-0.1379659149604985,7.0,0.9566928720634921,-0.00010990523809523938,-0.0018313862235449735,0.0016849804563492006,-0.008624239632487235,7,0.6718894804457273,-0.000737220689300966,-0.0024939530079984965,0.0008046530335106297,-0.059329996098088415,7,0.2689418658847142,-0.013613022086686681,-0.028969763904773887,-0.0022080280254336195,-0.13723121503271138,7.0
stage14_transfer,dev,encoder/probe/YO_XH@+1.00,transfer_primary,1337,macro_over_languages,189,7,0.42040292938216933,0.0052663240939153436,9.546567511904061e-06,0.01574263927176984,0.07358590155287548,7.0,0.9477217845502646,-0.0015427383597883613,-0.003997704939153442,0.0004832761441798952,-0.09910282323856134,7,0.672380459152408,-0.0025593937804724493,-0.006398576666137752,0.00027675697054606763,-0.10634869085515262,7,0.28783259502467234,-0.0004922137577029513,-0.004840064632627787,0.0027142490069159367,-0.01918363021954051,7.0
stage14_transfer,dev,encoder/probe/YO_XH@+1.00,transfer_primary,2024,macro_over_languages,189,7,0.4390158780094709,0.0068055269556084675,-0.00796588389058333,0.022994902601445762,0.05880116360400768,7.0,0.9422684244973545,-0.0028335876190476207,-0.007113262702380954,9.463378306877971e-05,-0.10740432815482624,7,0.6717693097593718,-0.0007344509836470461,-0.003572116874278071,0.0020483240832848133,-0.033236819952607535,7,0.2999684697014939,0.00010445668277720777,-0.006210569077043829,0.006111406376983912,0.002403704864846926,7.0
stage14_transfer,dev,encoder/probe/YO_XH@-0.50,transfer_primary,42,macro_over_languages,189,7,0.4042252642273545,3.7388605820111832e-06,-0.015380280732526452,0.015391917733339946,3.7393155403790794e-05,7.0,0.9587483775132276,0.0019456002116402128,0.00014368216402116518,0.005000038351851852,0.10398892573435474,7,0.6718845870900381,-0.0007421140449902786,-0.0019283606580754087,0.00014263823533021508,-0.09464276240578043,7,0.28153675572810716,-0.0010181322432937796,-0.012768655806663877,0.009304615338314367,-0.01357326677283164,7.0
stage14_transfer,dev,encoder/probe/YO_XH@-0.50,transfer_primary,1337,macro_over_languages,189,7,0.41519434151248685,5.773622423280359e-05,1.7291111109110003e-09,0.00017287802904232736,0.07922962221750425,7.0,0.9496779778306877,0.00041345492063492285,-2.712452380952245e-05,0.0010727508253968274,0.09970289053460323,7,0.6757918239535692,0.0008519710206886153,0.0,0.002028940084567118,0.12193317049252209,7,0.289399178927139,0.0010743701447637176,1.6517817503868449e-09,0.0025380180728456457,0.12263500507954307,7.0
stage14_transfer,dev,encoder/probe/YO_XH@-0.50,transfer_primary,2024,macro_over_languages,189,7,0.42692173205084655,-0.005288619003015874,-0.015848760874571433,7.697785846552771e-08,-0.07297686600900942,7.0,0.949659496878307,0.004557484761904763,0.00013228817592592768,0.0120535513994709,0.09460350349389725,7,0.6730508537875997,0.0005470930445809265,-0.002741833802699138,0.004195791121524015,0.022847661615775026,7,0.29658432008091673,-0.003279692937799984,-0.012687322096987134,0.002847644364004289,-0.055001271517641684,7.0
stage14_transfer,dev,encoder/probe/YO_XH@-1.00,transfer_primary,42,macro_over_languages,189,7,0.414345219450582,0.010123694083809523,-0.009964490721253964,0.030213849776458992,0.07217745238017742,7.0,0.9562630793121693,-0.0005396979894179882,-0.005398673829365082,0.0040173144722222215,-0.01601842940525806,7,0.6717565137779472,-0.0008701873570810557,-0.00292481292756529,0.0009663121926798611,-0.06370381802540658,7,0.2861670829535738,0.003612194982172915,-0.009106006653330893,0.015846447756646745,0.03984655811179738,7.0
stage14_transfer,dev,encoder/probe/YO_XH@-1.00,transfer_primary,1337,macro_over_languages,189,7,0.4152073770033863,7.07717151322748e-05,6.141388187829356e-07,0.00019853317593253916,0.09415960845735015,7.0,0.9515289943915344,0.0022644714814814807,-0.0013945899179894168,0.007995767794973541,0.06910671885812712,7,0.6776112588470359,0.002671405914155348,0.0005120914924021863,0.005976034271761936,0.13458350187280205,7,0.28942351051668763,0.001098701734312346,3.4730739232706855e-05,0.0026252547796519602,0.12541124239330986,7.0
stage14_transfer,dev,encoder/probe/YO_XH@-1.00,transfer_primary,2024,macro_over_languages,189,7,0.43199840820232804,-0.00021194285153439173,-0.015820659811841272,0.01514126279316799,-0.002104217643844328,7.0,0.9507741799999999,0.005672167883597882,0.0010593707910052854,0.0135810804047619,0.11555642371873617,7,0.6742939294493092,0.0017901687062904432,-0.001634454311740724,0.006129740310289515,0.06691321125932652,7,0.30105833840725504,0.0011943253885383525,-0.010879199809713294,0.012068910226744297,0.01494131372678989,7.0
stage14_transfer,dev,encoder/probe/all_non_african@+0.25,transfer_primary,42,macro_over_languages,54,2,,,,,,,0.4272488967592593,0.0038678188518518485,-5.529629630044605e-08,0.011603520734259257,0.13608187262345628,2,0.2359643710802084,-9.304515736240905e-05,-0.00027913547208722713,0.0,-0.1360827634879543,2,,,,,,
stage14_transfer,dev,encoder/probe/all_non_african@+0.25,transfer_primary,1337,macro_over_languages,54,2,,,,,,,0.369976686962963,-0.003769651944444446,-0.015686816283796305,0.002918626050925925,-0.0940357141323186,2,0.243704463320681,0.0026213772561702368,0.0,0.006841490463241105,0.18959529860014712,2,,,,,,
stage14_transfer,dev,encoder/probe/all_non_african@+0.25,transfer_primary,2024,macro_over_languages,54,2,,,,,,,0.3991794201666667,-2.972222222411774e-08,-6.608425926207394e-08,7.447222226423406e-09,-0.20692266536573503,2,0.22094837433094558,0.0,0.0,0.0,,2,,,,,,
stage14_transfer,dev,encoder/probe/all_non_african@+0.50,transfer_primary,42,macro_over_languages,54,2,,,,,,,0.42415130509259263,0.0007702271851851821,-5.5688425935632423e-08,0.0023107468624999987,0.1360782899519365,2,0.23596619664351162,-9.121959405916081e-05,-0.0002736587821774824,0.0,-0.13608276348795434,2,,,,,,
stage14_transfer,dev,encoder/probe/all_non_african@+0.50,transfer_primary,1337,macro_over_languages,54,2,,,,,,,0.3765195004814815,0.0027731615740740727,-0.013650439306018506,0.01990865889212963,0.045881054904761506,2,0.2457786201478342,0.004695534083323446,-0.0007933283132061477,0.01249312395312071,0.184658888706054,2,,,,,,
stage14_transfer,dev,encoder/probe/all_non_african@+0.50,transfer_primary,2024,macro_over_languages,54,2,,,,,,,0.3991794201666667,-2.972222222411774e-08,-6.61652777751288e-08,8.42870370731118e-09,-0.20692266536573503,2,0.22094837433094558,0.0,0.0,0.0,,2,,,,,,
stage14_transfer,dev,encoder/probe/all_non_african@+1.00,transfer_primary,42,macro_over_languages,54,2,,,,,,,0.418188148425926,-0.005192929481481485,-0.013055005999074073,0.001312288992592583,-0.17747514888615665,2,0.23809765815729236,0.0020402419197215874,2.9077029316694942e-05,0.005198919567365854,0.20208586414316135,2,,,,,,
stage14_transfer,dev,encoder/probe/all_non_african@+1.00,transfer_primary,1337,macro_over_languages,54,2,,,,,,,0.37763576696296297,0.0038894280555555544,-0.012354723911574076,0.01987310834490741,0.06442161558725053,2,0.2456503792459855,0.004567293181474767,-0.000921569215054828,0.01190128215152008,0.17835432664994472,2,,,,,,
stage14_transfer,dev,encoder/probe/all_non_african@+1.00,transfer_primary,2024,macro_over_languages,54,2,,,,,,,0.3878116046111111,-0.011367845277777778,-0.0341034938337963,-3.937499999108057e-09,-0.1360831260021764,2,0.22444582803417182,0.003497453703226247,0.0,0.01049236110967874,0.13608276348795437,2,,,,,,
stage14_transfer,dev,encoder/probe/all_non_african@-0.50,transfer_primary,42,macro_over_languages,54,2,,,,,,,0.42385797694444455,0.00047689903703703346,-5.5852777786311963e-08,0.0014307685958333295,0.13607516166247796,2,0.235926650919717,-0.00013076531785379962,-0.00039229595356139887,0.0,-0.13608276348795434,2,,,,,,
stage14_transfer,dev,encoder/probe/all_non_african@-0.50,transfer_primary,1337,macro_over_languages,54,2,,,,,,,0.37489607627777777,0.0011497373703703692,-4.5366197685188036e-05,0.0035226399930555303,0.13426932154955226,2,0.2426189423516363,0.0015358562871255847,-0.0009930717618343284,0.005600640623211082,0.10987808935708507,2,,,,,,
stage14_transfer,dev,encoder/probe/all_non_african@-0.50,transfer_primary,2024,macro_over_languages,54,2,,,,,,,0.40417114331481485,0.004991693425925924,-5.845416666869004e-08,0.014975154071759263,0.13608201507628895,2,0.22078152365498732,-0.00016685067595825363,-0.0005005520278747609,0.0,-0.13608276348795434,2,,,,,,
stage14_transfer,dev,encoder/probe/all_non_african@-1.00,transfer_primary,42,macro_over_languages,54,2,,,,,,,0.421707621388889,-0.0016734565185185226,-0.006282298065277778,0.0009573451374999917,-0.11100518188617581,2,0.2358069565374395,-0.00025045970013131704,-0.0032264386544991587,0.002616619034145882,-0.02432525624692454,2,,,,,,
stage14_transfer,dev,encoder/probe/all_non_african@-1.00,transfer_primary,1337,macro_over_languages,54,2,,,,,,,0.37960120294444444,0.005854864037037035,-0.0002789978699074069,0.014267255308796299,0.1975311139437542,2,0.24465019876358987,0.003567112699079127,-0.002324365295605806,0.009919711111201617,0.15709049837043496,2,,,,,,
stage14_transfer,dev,encoder/probe/all_non_african@-1.00,transfer_primary,2024,macro_over_languages,54,2,,,,,,,0.4072471722037037,0.008067722314814813,-3.969074074661864e-08,0.02112716339537037,0.1888413106875095,2,0.2216123607773385,0.0006639864463929294,-0.0005005520278747609,0.0024925113670535492,0.10623922649309119,2,,,,,,
stage14_transfer,dev,encoder/probe/within_language@+0.25,transfer_primary,42,macro_over_languages,243,9,0.4000674922552381,-0.004154084812962963,-0.012461765878533069,0.0,-0.07274450660297622,7.0,0.8386002833580247,0.0003356642633744867,5.621296295990265e-09,0.0008709839586419774,0.08384821323497103,9,0.5753355859313704,-0.0002757185597784621,-0.0011405311760568295,0.0001651886013734076,-0.04960138802180278,9,0.27961899837801524,-0.0029359406890049574,-0.00865456968592116,0.0,-0.07665123808713858,7.0
stage14_transfer,dev,encoder/probe/within_language@+0.25,transfer_primary,1337,macro_over_languages,243,9,0.4147329780366138,-0.0004036444573015875,-0.001264322699010582,4.2795130899470895e-05,-0.06945241676292072,7.0,0.8210735360329219,-0.00029805562551440273,-0.0012995258237654325,0.0005478305914609062,-0.04099510278017434,9,0.5776730982614188,-0.0008541398118239202,-0.002718142930593786,0.0005210411059380307,-0.061467058128742286,9,0.2882128457686176,-0.00011198176912719411,-0.001222074854249405,0.0007634487631411719,-0.016187079472805968,7.0
stage14_transfer,dev,encoder/probe/within_language@+0.25,transfer_primary,2024,macro_over_languages,243,9,0.4428994950507937,0.010689115847354498,-2.9561079144179705e-05,0.02627240786618519,0.10651070970493928,7.0,0.8226689532469135,-0.0011169314691358023,-0.004355495177057613,0.0013406549192386825,-0.04677023170657401,9,0.5710633608065733,-0.0010947585115402307,-0.003839252277173454,0.0015117394367177314,-0.049227500511475696,9,0.3053935842902654,0.00552954181557321,-2.2427377562947213e-05,0.014459831577059275,0.10005364679792983,7.0
stage14_transfer,dev,encoder/probe/within_language@+0.50,transfer_primary,42,macro_over_languages,243,9,0.4104374527702645,0.0062158757020634925,-0.008318922847082012,0.022259133153134908,0.05351601158359242,7.0,0.8377487220576132,-0.0005158970370370363,-0.0028652479508230436,0.0012980625670781904,-0.03038496230028742,9,0.5755801555836223,-3.114890752653671e-05,-0.0009430335643543468,0.0009799141509134399,-0.004055400173209363,9,0.2849024574326733,0.002347518365653072,-0.006081367728555885,0.012929462607594588,0.034991785939682,7.0
stage14_transfer,dev,encoder/probe/within_language@+0.50,transfer_primary,1337,macro_over_languages,243,9,0.4147471270863493,-0.00038949540756613764,-0.0012544347532539685,6.294401471164007e-05,-0.06698652839465512,7.0,0.8201279982469137,-0.0012435934115226342,-0.003636496822839508,0.0005072917193415635,-0.07092608994513751,9,0.5775987506906943,-0.0009284873825484104,-0.0029673187654347317,0.0004903208599164709,-0.06609089464595913,9,0.28821593493248,-0.00010889260526481205,-0.0012182410964968024,0.000620384218388231,-0.015740258367101738,7.0
stage14_transfer,dev,encoder/probe/within_language@+0.50,transfer_primary,2024,macro_over_languages,243,9,0.43361142593126983,0.0014010467278306898,-0.017226716559816127,0.017202394713130953,0.01030964353997506,7.0,0.8230561072222222,-0.0007297774938271612,-0.003982939240843622,0.0016836793547325088,-0.029986576784767932,9,0.5712822835060912,-0.0008758358120222133,-0.004126342900388263,0.002148303833651901,-0.034849643300848256,9,0.29873051354258773,-0.0011335289321044782,-0.012947851092103502,0.010060345808227346,-0.01304794466439119,7.0
stage14_transfer,dev,encoder/probe/within_language@+1.00,transfer_primary,42,macro_over_languages,243,9,0.42528752654460317,0.021065949476402116,0.0009670851810436511,0.04642352376999339,0.12615663095290786,7.0,0.8372386393497944,-0.0010259797448559666,-0.004984434733744854,0.0027868326049382687,-0.03206521530034377,9,0.5734635447770513,-0.0021477597140973016,-0.007318754454827259,0.0018990339269798655,-0.059050217051116016,9,0.2942483468656297,0.01169340779860949,-0.002118648458929321,0.02675144218465821,0.11231476938940331,7.0
stage14_transfer,dev,encoder/probe/within_language@+1.00,transfer_primary,1337,macro_over_languages,243,9,0.4197331567932275,0.004596534299312169,-0.01157593407924074,0.024954357730399473,0.03714268793815355,7.0,0.8191622471851852,-0.0022093444732510297,-0.005679205413888891,0.0006682161243827144,-0.08388813942372778,9,0.5785400587735972,1.2820700354443828e-05,-0.002368140084673871,0.002482419938860309,0.0006582194181540061,9,0.2917186445054177,0.003393816967672908,-0.0082426149868149,0.014996168550116389,0.03927360689011656,7.0
stage14_transfer,dev,encoder/probe/within_language@+1.00,transfer_primary,2024,macro_over_languages,243,9,0.4306825377504233,-0.0015278414530158703,-0.02545686387507406,0.02593243418552116,-0.008146868745299001,7.0,0.8222941431111112,-0.0014917416049382718,-0.004867529894855968,0.0015508081412551429,-0.05182257394819552,9,0.5705024353156288,-0.0016556840024848302,-0.005247915043253331,0.0017187140552187019,-0.058140367759715185,9,0.29327796620423946,-0.006586076270452757,-0.025243550764145,0.00893646980978619,-0.05196118273465871,7.0
stage14_transfer,dev,encoder/probe/within_language@-0.50,transfer_primary,42,macro_over_languages,243,9,0.38315134011571433,-0.021070236952486773,-0.04698873650531878,-6.824986273809534e-05,-0.12044618085841617,7.0,0.8442252723744857,0.0059606532798353925,0.0013512565558642005,0.012691474764403294,0.13217993843489456,9,0.5746214674557972,-0.0009898370353515582,-0.002687948305935751,0.0002967722021903873,-0.08287613177739075,9,0.2668604524770047,-0.015694486590015468,-0.03487259711014365,7.16909779908479e-05,-0.12345174720909934,7.0
stage14_transfer,dev,encoder/probe/within_language@-0.50,transfer_primary,1337,macro_over_languages,243,9,0.4151924590367725,5.5836542857143025e-05,-3.0761312962959144e-06,0.00016949067248677273,0.0766639487282989,7.0,0.8233507477654322,0.0019791561069958867,-0.002289853112139916,0.006760317750720163,0.056669630186284355,9,0.5791746525520796,0.000647414478836783,-0.001774042811926894,0.002574437492942185,0.03798690736161357,9,0.2890741491661347,0.0007493216283898933,-0.00019187883571530743,0.002024923314900643,0.09205259249514987,7.0
stage14_transfer,dev,encoder/probe/within_language@-0.50,transfer_primary,2024,macro_over_languages,243,9,0.43220864252523805,-1.7366782010582327e-06,-3.962180193121722e-06,5.3590449735364785e-09,-0.12273994717214125,7.0,0.8264671485761317,0.0026812638600823046,-5.217938312757218e-05,0.008064777484156382,0.0643245254981084,9,0.572599341618711,0.0004412223005974298,-0.001159733249466014,0.0025988330583569487,0.029375174859360635,9,0.29975057113485176,-0.00011347133984045749,-0.0003391494807802089,5.823555353495815e-07,-0.07341702908120794,7.0
stage14_transfer,dev,encoder/probe/within_language@-1.00,transfer_primary,42,macro_over_languages,243,9,0.39342529948682536,-0.01079627758137566,-0.04158618183625132,0.01967640593534524,-0.04848400372302471,7.0,0.8444266842674897,0.006162065172839507,-0.0004563136316872388,0.013874963644547324,0.10592862002099045,9,0.5784847430595004,0.002873438568351567,-0.0007167213564544694,0.006774285751919555,0.08989480461261813,9,0.27348689852059255,-0.009068040546427639,-0.02955428933980089,0.011080584295052378,-0.06022452240541206,7.0
stage14_transfer,dev,encoder/probe/within_language@-1.00,transfer_primary,1337,macro_over_languages,243,9,0.41519111132386244,5.448882994709025e-05,-4.383528342593152e-06,0.00017108249861243435,0.07478730635408666,7.0,0.82436499772428,0.0029934060658436236,-0.0015022003177983531,0.008069116995164612,0.0767558439641074,9,0.5801642018505392,0.0016369637772964479,-0.0009907575731992236,0.0043585224429045,0.07367979552510857,9,0.2890745291358031,0.0007497015980582893,-0.00014707593575586785,0.00208178703558261,0.09209960719671055,7.0
stage14_transfer,dev,encoder/probe/within_language@-1.00,transfer_primary,2024,macro_over_languages,243,9,0.4322859794135449,7.560021010582034e-05,-4.597190761903727e-06,0.00019856307359391556,0.1000109209763786,7.0,0.8281865681234568,0.004400683407407409,0.000137920593004117,0.011133384515534975,0.0975580265790885,9,0.5735741986535949,0.001416079335481459,-0.00060981215985182,0.004229514996733749,0.07462970639716923,9,0.29959373067384915,-0.0002703118008430605,-0.0008099070779086824,8.357818832319816e-05,-0.08255364920124868,7.0
stage14_transfer,dev,encoder/random/EN_DE_ES@+0.25,transfer_random_control,42,macro_over_languages,54,2,,,,,,,0.3783690555740741,-0.04501202233333334,-0.09340242837962963,-0.002276666276388891,-0.23487197104158528,2,0.2384560142433541,0.002398598005783298,-0.008386913574042934,0.011635648164679536,0.05900240343051325,2,,,,,,
stage14_transfer,dev,encoder/random/EN_DE_ES@+0.25,transfer_random_control,1337,macro_over_languages,54,2,,,,,,,0.3995496347037037,0.025803295796296293,0.0011483419949074073,0.0562843633162037,0.23661225703622274,2,0.2428007264321225,0.0017176403676117365,-0.012662397850759602,0.01849397488675834,0.028943102596922763,2,,,,,,
stage14_transfer,dev,encoder/random/EN_DE_ES@+0.25,transfer_random_control,2024,macro_over_languages,54,2,,,,,,,0.4037009988518519,0.004521548962962955,-0.024621912971296303,0.039398830501851854,0.035413913681823395,2,0.23132500705198827,0.01037663272104268,0.002707932115944099,0.019942204456595815,0.29919689553157347,2,,,,,,
stage14_transfer,dev,encoder/random/EN_DE_ES@+0.50,transfer_random_control,42,macro_over_languages,54,2,,,,,,,0.39818675779629625,-0.025194320111111113,-0.07639123770555555,0.022756885250925916,-0.13680592427956,2,0.22554806974487038,-0.010509346492700418,-0.028420249771900753,0.0066152722285703226,-0.1589435300934228,2,,,,,,
stage14_transfer,dev,encoder/random/EN_DE_ES@+0.50,transfer_random_control,1337,macro_over_languages,54,2,,,,,,,0.4537217293333334,0.07997539042592593,0.02540664494953703,0.14127726116342593,0.3644932473924695,2,0.2207219010806152,-0.020361184983895535,-0.0453631169721476,0.001997484419376933,-0.22257629920698616,2,,,,,,
stage14_transfer,dev,encoder/random/EN_DE_ES@+0.50,transfer_random_control,2024,macro_over_languages,54,2,,,,,,,0.35758715487037046,-0.04159229501851853,-0.09778293459722223,0.009135419083333306,-0.2108143849882574,2,0.1895945952541403,-0.03135377907680522,-0.0653489665551755,-0.002367406059409385,-0.26196592893566223,2,,,,,,
stage14_transfer,dev,encoder/random/EN_DE_ES@+1.00,transfer_random_control,42,macro_over_languages,54,2,,,,,,,0.4791913505925926,0.055810272685185194,0.007846035827314812,0.1149647474263889,0.25564785471171847,2,0.22148078402896404,-0.014576632208606779,-0.03428457415455047,0.004068011813137017,-0.19787925810329468,2,,,,,,
stage14_transfer,dev,encoder/random/EN_DE_ES@+1.00,transfer_random_control,1337,macro_over_languages,54,2,,,,,,,0.12990084293277776,-0.24384549597462957,-0.31345103987992134,-0.1703922675891806,-0.85959376551374,2,0.07947826854217864,-0.16160481752233213,-0.2095798774810023,-0.12112865372044199,-0.9442194952470782,2,,,,,,
stage14_transfer,dev,encoder/random/EN_DE_ES@+1.00,transfer_random_control,2024,macro_over_languages,54,2,,,,,,,0.11663388881481482,-0.2825455610740741,-0.3625871689842593,-0.2132007304490741,-1.0376840703158388,2,0.035161586524463176,-0.18578678780648236,-0.23429699918981378,-0.14083499196721083,-0.9930329659208966,2,,,,,,
stage14_transfer,dev,encoder/random/EN_DE_ES@-0.50,transfer_random_control,42,macro_over_languages,54,2,,,,,,,0.11871067675000001,-0.3046704011574074,-0.38244550960092594,-0.2312252736002315,-1.0027280071592393,2,0.07330603330362209,-0.16275138293394867,-0.20449004249405317,-0.12129570389074558,-0.9545695229376691,2,,,,,,
stage14_transfer,dev,encoder/random/EN_DE_ES@-0.50,transfer_random_control,1337,macro_over_languages,54,2,,,,,,,0.32910775822222216,-0.04463858068518519,-0.09226384466388886,-0.0011256822148148187,-0.24811349938902155,2,0.2157330726427325,-0.02535001342177823,-0.058978469631209354,0.002371013447099078,-0.2194316637031875,2,,,,,,
stage14_transfer,dev,encoder/random/EN_DE_ES@-0.50,transfer_random_control,2024,macro_over_languages,54,2,,,,,,,0.32797572644444445,-0.07120372344444445,-0.11946787829861111,-0.027014394159722233,-0.3892333731188021,2,0.22620648828827555,0.0052581139573300035,-0.008481941929609051,0.01929884101723286,0.09935488187991028,2,,,,,,
stage14_transfer,dev,encoder/random/EN_DE_ES@-1.00,transfer_random_control,42,macro_over_languages,54,2,,,,,,,0.09880651916666666,-0.3245745587407407,-0.4017769484722222,-0.24259198368208335,-1.0774258060604822,2,0.03492858018135543,-0.20112883605621537,-0.250524533113985,-0.15712725551744972,-1.116232219436892,2,,,,,,
stage14_transfer,dev,encoder/random/EN_DE_ES@-1.00,transfer_random_control,1337,macro_over_languages,54,2,,,,,,,0.35645124011111107,-0.0172950987962963,-0.07712518769490737,0.03902457254490739,-0.08156194179953577,2,0.2084271893687244,-0.03265589669578638,-0.06658225587448582,-0.004751880085548526,-0.27252404934305474,2,,,,,,
stage14_transfer,dev,encoder/random/EN_DE_ES@-1.00,transfer_random_control,2024,macro_over_languages,54,2,,,,,,,0.3404868751296296,-0.05869257475925926,-0.10106013149027775,-0.021121401595370366,-0.3766968395919472,2,0.22391886725085522,0.0029704929199096232,-0.014036180739039275,0.018688682532682452,0.049019028001765476,2,,,,,,
stage14_transfer,dev,encoder/random/YO_XH@+0.25,transfer_random_control,42,macro_over_languages,189,7,0.37876391341846555,-0.02545761194830688,-0.05764555404703043,0.004451083246742063,-0.12158144011047219,7.0,0.9621311747619048,0.005328397460317462,0.00020269345899471357,0.011019657400793652,0.13528029426089178,7,0.6684092423635124,-0.004217458771515757,-0.010260012012130039,0.0013005355352857454,-0.09800965609199459,7,0.2635861635177853,-0.01896872445361561,-0.040659226107270074,0.0008786100491987965,-0.12006568849469094,7.0
stage14_transfer,dev,encoder/random/YO_XH@+0.25,transfer_random_control,1337,macro_over_languages,189,7,0.41499502833142865,-0.0001415769568253962,-0.015373899157514548,0.01548505263089021,-0.0013928431009801645,7.0,0.9480873866137566,-0.0011771362962962944,-0.0051175026243386245,0.0023811494047619067,-0.043252497362440794,7,0.6764786320684647,0.001538779135584246,-0.0025668498253212523,0.00573880093712915,0.052367357918749934,7,0.2903803360856328,0.0020555273032575078,-0.009506742637135853,0.014355847554495881,0.02351594511961986,7.0
stage14_transfer,dev,encoder/random/YO_XH@+0.25,transfer_random_control,2024,macro_over_languages,189,7,0.41314863237687827,-0.019061718676984127,-0.0518131368682037,0.015909440248904755,-0.07877896853297067,7.0,0.9407979392063492,-0.004304072910052907,-0.012388264681216928,0.0028739625238095212,-0.08161834423449832,7,0.6710954332164556,-0.001408327526563135,-0.006826965271897449,0.003939905508385805,-0.035809542842823706,7,0.2786470178037703,-0.021216995214946372,-0.04401408412463583,0.001367639181291594,-0.13024598487152933,7.0
stage14_transfer,dev,encoder/random/YO_XH@+0.50,transfer_random_control,42,macro_over_languages,189,7,0.3767708721951852,-0.027450653171587302,-0.058452216527382264,0.0025208177215886147,-0.11716780609143534,7.0,0.9614405814285714,0.004637804126984129,-0.001410587130952379,0.010663501552910059,0.10187817702610828,7,0.6633077057007517,-0.00931899543427649,-0.018163143537300558,-0.0016154672000197106,-0.16256081006109585,7,0.25840208778194107,-0.02415280018945984,-0.05041980746383974,-0.0016426670039198191,-0.1393529485869139,7.0
stage14_transfer,dev,encoder/random/YO_XH@+0.50,transfer_random_control,1337,macro_over_languages,189,7,0.4195374614313757,0.004400856143121693,-0.01652160559822751,0.024943321789161355,0.02815760537400768,7.0,0.9496027225396826,0.00033819962962963117,-0.00518844673941799,0.006385362369047619,0.008458319770601921,7,0.6770258909813222,0.0020860380484417,-0.00260919148408173,0.00676719576626907,0.06181891324240823,7,0.293103616761367,0.004778807978991668,-0.011810685947377325,0.02208466613110664,0.04034866234028729,7.0
stage14_transfer,dev,encoder/random/YO_XH@+0.50,transfer_random_control,2024,macro_over_languages,189,7,0.4264337144153968,-0.005776636638465603,-0.05158669904245501,0.03642470391071165,-0.018694542561965385,7.0,0.9192861711111111,-0.025815841005291006,-0.03984550133201058,-0.013363351015873017,-0.2737187387842103,7,0.6536423522083248,-0.018861408534693883,-0.02948082870544748,-0.008370190020807399,-0.2501797636757211,7,0.27103597639569266,-0.02882803662302402,-0.061561731027637845,-0.000414701491659342,-0.13449664101514977,7.0
stage14_transfer,dev,encoder/random/YO_XH@+1.00,transfer_random_control,42,macro_over_languages,189,7,0.35992900886253965,-0.044292516504232805,-0.07909645910707805,-0.01060030432562302,-0.17716712487493796,7.0,0.9536679498941799,-0.003134827407407408,-0.01386299442724867,0.0063348270793650765,-0.04154281247861998,7,0.6616753616727222,-0.010951339462306,-0.020003399159074547,-0.0028054859527680475,-0.18226273542824803,7,0.24639990984871124,-0.03615497812268966,-0.061537056878723594,-0.01236236514262055,-0.1991917375988697,7.0
stage14_transfer,dev,encoder/random/YO_XH@+1.00,transfer_random_control,1337,macro_over_languages,189,7,0.4251139161857672,0.00997731089751323,-0.020145474768517194,0.03815813782848942,0.049501236517238666,7.0,0.9500904553968254,0.0008259324867724881,-0.007034211883597882,0.008448935582010583,0.014647593032369446,7,0.6748466247272429,-9.322820563757063e-05,-0.005216735593528251,0.005718775786486579,-0.0022173676111840773,7,0.294238104738037,0.005913295955661709,-0.015199656811568946,0.027569080834080953,0.04011143292672873,7.0
stage14_transfer,dev,encoder/random/YO_XH@+1.00,transfer_random_control,2024,macro_over_languages,189,7,0.5329187306091006,0.1007083795552381,0.039213694719239425,0.16244277361567325,0.22689808499913539,7.0,0.815474533915344,-0.12962747820105822,-0.15335476515740742,-0.10789543570899471,-0.7977544843058274,7,0.5828570326506693,-0.08964672809234941,-0.11343714443836331,-0.06717118823499868,-0.536599431322781,7,0.2555557611297088,-0.044308251889007964,-0.09001294855404338,-0.002502778368990368,-0.1408233442841705,7.0
stage14_transfer,dev,encoder/random/YO_XH@-0.50,transfer_random_control,42,macro_over_languages,189,7,0.45107271142005295,0.04685118605328042,0.01007497488664948,0.08761679882190342,0.17228222227162304,7.0,0.9489209740211638,-0.007881803280423283,-0.014870962322751325,-0.0011924275568783102,-0.16076813198065562,7,0.6673456396490832,-0.005281061485945143,-0.016287774354880248,0.005028764475091329,-0.06805405900416367,7,0.30931652342673366,0.02676163545533277,0.0010404336585088485,0.05271250230104171,0.14118844332885103,7.0
stage14_transfer,dev,encoder/random/YO_XH@-0.50,transfer_random_control,1337,macro_over_languages,189,7,0.4130420505360846,-0.0020945547521693145,-0.02780008961194444,0.02807767546001852,-0.010468679231695857,7.0,0.9509787363492064,0.0017142134391534393,-0.006065517703703701,0.008831728285714284,0.03054761470303385,7,0.6711132168707231,-0.0038266360621573535,-0.00789824018843587,0.000205863831332737,-0.12908118284687103,7,0.2830924373646777,-0.005232371417697595,-0.02718140626759229,0.016625190712102535,-0.03216784505554943,7.0
stage14_transfer,dev,encoder/random/YO_XH@-0.50,transfer_random_control,2024,macro_over_languages,189,7,0.41004602489164016,-0.022164326162222223,-0.060219913512006604,0.01396774092496162,-0.08152317688765418,7.0,0.9582634125925925,0.01316140047619048,0.004397498355820108,0.024418256501322753,0.1898620707831529,7,0.6664344955618767,-0.006069265181141966,-0.016304025742190132,0.004694062466495896,-0.0785815611730335,7,0.28043067157900115,-0.019433341439715538,-0.04742659721640966,0.008507040217940933,-0.09753275699671755,7.0
stage14_transfer,dev,encoder/random/YO_XH@-1.00,transfer_random_control,42,macro_over_languages,189,7,0.4743574414056085,0.07013591603883598,0.017309429536292328,0.12168290115355951,0.1943395065994035,7.0,0.9177124266137565,-0.0390903506878307,-0.05426892746428572,-0.02587543446164022,-0.3907061583066134,7,0.6599586057498347,-0.012668095385193574,-0.0258866654803899,0.00027034225727894947,-0.1329540022690836,7,0.30530575679512284,0.022750868823721973,-0.009677421075074506,0.06023875394374437,0.09183795715793296,7.0
stage14_transfer,dev,encoder/random/YO_XH@-1.00,transfer_random_control,1337,macro_over_languages,189,7,0.4122433254493122,-0.0028932798389417996,-0.03542911608728306,0.026062310761664022,-0.01268237857545107,7.0,0.9553582605820106,0.006093737671957673,-0.002976360902116402,0.015982524170634917,0.08859254207252709,7,0.6707241943258703,-0.004215658607010404,-0.010577361758353682,0.001633721639450298,-0.09334517528194652,7,0.28208441061227874,-0.006240398170096545,-0.0316542712690185,0.019560153300087434,-0.03389660030407052,7.0
stage14_transfer,dev,encoder/random/YO_XH@-1.00,transfer_random_control,2024,macro_over_languages,189,7,0.5315807370142857,0.09937038596042329,0.03499919929267065,0.16643300668876057,0.21515523081120655,7.0,0.7753838023280423,-0.1697182097883598,-0.19647138510185186,-0.143669953255291,-0.8913244738308645,7,0.5299357917593122,-0.14256796898370652,-0.1678042768071108,-0.11695234810340038,-0.7680223277093792,7,0.2055098825007214,-0.09435413051799531,-0.1369439104660957,-0.050867956837327914,-0.30655881040835414,7.0
stage14_transfer,dev,encoder/random/all_non_african@+0.25,transfer_random_control,42,macro_over_languages,54,2,,,,,,,0.43626847933333335,0.012887401425925923,-0.013737755979629633,0.047515280530092525,0.10929216899929425,2,0.22969738375373683,-0.006360032483833956,-0.027964612950734484,0.010019141996387619,-0.08575367394625905,2,,,,,,
stage14_transfer,dev,encoder/random/all_non_african@+0.25,transfer_random_control,1337,macro_over_languages,54,2,,,,,,,0.3818504553148148,0.008104116407407404,-0.010407703623611115,0.028497831290740745,0.11257470467126532,2,0.24943707243499724,0.008353986370486507,-9.474034281573605e-06,0.018954739801175614,0.23282078623560226,2,,,,,,
stage14_transfer,dev,encoder/random/all_non_african@+0.25,transfer_random_control,2024,macro_over_languages,54,2,,,,,,,0.4012449801666666,0.0020655302777777746,-0.03414501918194445,0.04262037877824073,0.01432479637815722,2,0.22903227132284348,0.008083896991897916,0.0005491882029059781,0.01865545812277088,0.2209476830289014,2,,,,,,
stage14_transfer,dev,encoder/random/all_non_african@+0.50,transfer_random_control,42,macro_over_languages,54,2,,,,,,,0.45399191529629634,0.03061083738888889,-0.0026738383240740744,0.07023542317314814,0.21976975431546059,2,0.22494764738468767,-0.01110976885288307,-0.0317926205461241,0.00325193358876047,-0.17031603397707634,2,,,,,,
stage14_transfer,dev,encoder/random/all_non_african@+0.50,transfer_random_control,1337,macro_over_languages,54,2,,,,,,,0.3764311473333333,0.0026848084259259255,-0.014470182909722221,0.02247201978240741,0.0364116173581329,2,0.24554357914956296,0.004460493085052198,-0.010907503592967452,0.022072672259694615,0.07284720192961248,2,,,,,,
stage14_transfer,dev,encoder/random/all_non_african@+0.50,transfer_random_control,2024,macro_over_languages,54,2,,,,,,,0.41019577924074074,0.011016329351851857,-0.01608377698611111,0.05023044100694445,0.08655950204086774,2,0.23117808331452833,0.010229708983582796,0.0034994784920073588,0.01907162035824668,0.31439568799777123,2,,,,,,
stage14_transfer,dev,encoder/random/all_non_african@+1.00,transfer_random_control,42,macro_over_languages,54,2,,,,,,,0.5092733638333333,0.0858922859259259,-0.00181719205462962,0.16878317219629627,0.2702944705540798,2,0.22504506209899536,-0.011012354138575427,-0.03864434417318256,0.018909864810408548,-0.09576291730313463,2,,,,,,
stage14_transfer,dev,encoder/random/all_non_african@+1.00,transfer_random_control,1337,macro_over_languages,54,2,,,,,,,0.35537553366666663,-0.01837080524074074,-0.05312938637916666,0.013031833976851842,-0.14460994314498934,2,0.22181095649686172,-0.019272129567649048,-0.0429576745297388,0.0013586634746608857,-0.22323339840318637,2,,,,,,
stage14_transfer,dev,encoder/random/all_non_african@+1.00,transfer_random_control,2024,macro_over_languages,54,2,,,,,,,0.13237558929629628,-0.2668038605925926,-0.33581180587824083,-0.19410962892361114,-0.9730906692648583,2,0.1093080521407683,-0.11164032219017724,-0.15479504481403372,-0.07201132322849137,-0.7047204563821965,2,,,,,,
stage14_transfer,dev,encoder/random/all_non_african@-0.50,transfer_random_control,42,macro_over_languages,54,2,,,,,,,0.3753087648148149,-0.048072313092592585,-0.10971245690092593,0.0036037447611110903,-0.21764028728255969,2,0.2287734260682381,-0.007283990169332656,-0.02329822439677242,0.007736938104694764,-0.12022048692011085,2,,,,,,
stage14_transfer,dev,encoder/random/all_non_african@-0.50,transfer_random_control,1337,macro_over_languages,54,2,,,,,,,0.3767014812777778,0.002955142370370367,-0.011702731126388892,0.019058204270833327,0.052468630964066,2,0.2421280502958101,0.001044964231299349,-0.011816722513893879,0.01613011714744285,0.01807556717042946,2,,,,,,
stage14_transfer,dev,encoder/random/all_non_african@-0.50,transfer_random_control,2024,macro_over_languages,54,2,,,,,,,0.39101930872222224,-0.00816014116666667,-0.025327657674537034,0.004038854928703699,-0.14876151969619159,2,0.2171320087023559,-0.0038163656285896985,-0.01175368117716377,0.0021122724018917084,-0.14559427153867155,2,,,,,,
stage14_transfer,dev,encoder/random/all_non_african@-1.00,transfer_random_control,42,macro_over_languages,54,2,,,,,,,0.356448820425926,-0.06693225748148149,-0.1254387760069444,-0.014740661433796312,-0.3041154551416235,2,0.20100900918111786,-0.03504840705645294,-0.05396615671620483,-0.018846503890613844,-0.5521223872546658,2,,,,,,
stage14_transfer,dev,encoder/random/all_non_african@-1.00,transfer_random_control,1337,macro_over_languages,54,2,,,,,,,0.3808268673888889,0.0070805284814814805,-0.028575818617592594,0.04167784104398148,0.05053653729432435,2,0.2379656518606859,-0.0031174342038248594,-0.018333885233280306,0.014345822738055309,-0.05059589064805186,2,,,,,,
stage14_transfer,dev,encoder/random/all_non_african@-1.00,transfer_random_control,2024,macro_over_languages,54,2,,,,,,,0.39913793798148156,-4.1511907407409746e-05,-0.01851118702268519,0.01689987236944444,-0.0005857361980704601,2,0.23080938234702264,0.009861008016077064,0.0018014199724009402,0.02145458223608664,0.2576461226764152,2,,,,,,
stage14_transfer,dev,encoder/random/within_language@+0.25,transfer_random_control,42,macro_over_languages,243,9,0.40123858452396827,-0.002982992544232805,-0.03558417199600133,0.02703676188387963,-0.012695222678397204,7.0,0.8361310578065844,-0.002133561288065843,-0.006473575789197529,0.002429526086625513,-0.05499057646886835,9,0.5744057344167862,-0.0012055700743624825,-0.004683706024535807,0.002191100986161957,-0.04279573147203691,9,0.27484990671087817,-0.007705032356141991,-0.028988682551008674,0.012849572758798545,-0.05063501901991867,7.0
stage14_transfer,dev,encoder/random/within_language@+0.25,transfer_random_control,1337,macro_over_languages,243,9,0.4307593766455026,0.015622754151587304,8.542004736772996e-06,0.03651720757866138,0.1263482292450033,7.0,0.8246656303827161,0.003294038724279835,-0.004911759848353912,0.011823042816666664,0.0485039651895684,9,0.5788422957782299,0.0003150577049871956,-0.00296662295102263,0.004206937666990407,0.01103141838716061,9,0.2986561084781896,0.010331280940444802,0.00022718306367999316,0.02343134993838354,0.1262976828551492,7.0
stage14_transfer,dev,encoder/random/within_language@+0.25,transfer_random_control,2024,macro_over_languages,243,9,0.4297322375045503,-0.0024781416988888917,-0.025561908435289674,0.01987155546548677,-0.015222998686249035,7.0,0.8186765651670782,-0.005109319548971193,-0.014517270599485599,0.003708105395823046,-0.06772425151449411,9,0.5729136303278174,0.0007555110097039546,-0.003597980923429298,0.00510920649886441,0.02135842052750977,9,0.29256109327914814,-0.007302949195544085,-0.025519429698752743,0.008946489503657697,-0.054661762846467746,7.0
stage14_transfer,dev,encoder/random/within_language@+0.50,transfer_random_control,42,macro_over_languages,243,9,0.40221816671396826,-0.002003410354232806,-0.03646685571639946,0.03733738542418384,-0.007811018842132106,7.0,0.8359790771893005,-0.0022855419053497924,-0.009469389292489706,0.005869067581378602,-0.03667852795758988,9,0.5716057710021434,-0.0040055334890053,-0.008551880826710632,0.0004223450321422755,-0.10829308225878097,9,0.273783859900935,-0.00877107916608517,-0.03281153065073193,0.012683576688062656,-0.049459936575445194,7.0
stage14_transfer,dev,encoder/random/within_language@+0.50,transfer_random_control,1337,macro_over_languages,243,9,0.4625456158701059,0.04740899337619048,0.006674074987775151,0.0849014359345754,0.16037060615466278,7.0,0.7412781212921811,-0.08009347036625515,-0.09336945374475308,-0.0670043827478395,-0.3123137563350597,9,0.5037730392527252,-0.0747541988205176,-0.08525058264185278,-0.06458359896508813,-0.34743649894522793,9,0.22989584343461592,-0.05842898410312888,-0.08541300670706094,-0.03098463439554108,-0.2320981251967753,7.0
stage14_transfer,dev,encoder/random/within_language@+0.50,transfer_random_control,2024,macro_over_languages,243,9,0.4054813801891005,-0.026728999014338624,-0.05933630184215474,0.003245309545433863,-0.12071246567495936,7.0,0.8212491870106995,-0.0025366977053497943,-0.012611492989053496,0.006906729324341561,-0.03223012444910503,9,0.5708801297983467,-0.001277989519767011,-0.0073132310673042255,0.004831571943271281,-0.025705671035178644,9,0.27319148982540653,-0.026672552649285627,-0.05209769321186778,-0.0025627762542280033,-0.13866751587923828,7.0
stage14_transfer,dev,encoder/random/within_language@+1.00,transfer_random_control,42,macro_over_languages,243,9,0.42603614325365075,0.02181456618544973,-0.02739335923744841,0.07001479284177381,0.059401597172553534,7.0,0.7937385210905351,-0.04452609800411523,-0.06007028623837448,-0.029883364976851855,-0.25912901032614744,9,0.5247127514727561,-0.05089855301839277,-0.0636491556142758,-0.04007885225679887,-0.32897276985057516,9,0.2387214499646714,-0.043833489102348806,-0.07661440257303005,-0.011549328962724845,-0.16523339598863646,7.0
stage14_transfer,dev,encoder/random/within_language@+1.00,transfer_random_control,1337,macro_over_languages,243,9,0.6687778513277248,0.2536412288338095,0.205240082307754,0.3021400934594298,0.5734322315168481,7.0,0.5504467801399178,-0.27092481151851855,-0.28932918206344654,-0.25221762652304525,-0.7021576938039747,9,0.34261519257053646,-0.23591204550270628,-0.25679351289800034,-0.21752930120587008,-0.7104026659214573,9,0.17342938989148643,-0.1148954376462584,-0.15753051802629073,-0.07530009609500846,-0.349710017699499,7.0
stage14_transfer,dev,encoder/random/within_language@+1.00,transfer_random_control,2024,macro_over_languages,243,9,0.47816700732587303,0.04595662812243387,-0.0030235345233425785,0.09822418142282276,0.111700739533914,7.0,0.7310127315650207,-0.09277315315102881,-0.11537425165026749,-0.07209976927764404,-0.316664283212769,9,0.460324174993991,-0.11183394432412265,-0.12885745905006898,-0.09431943775601269,-0.4580396086600873,9,0.21179401175153525,-0.08807003072315699,-0.1259182390201439,-0.05035592122041869,-0.29849181530546676,7.0
stage14_transfer,dev,encoder/random/within_language@-0.50,transfer_random_control,42,macro_over_languages,243,9,0.4168151166339682,0.012593539565767196,-0.011947300910492061,0.04114648361467989,0.06816152127309269,7.0,0.8196403186419753,-0.018624300452674894,-0.03298134358621398,-0.004788395376748971,-0.1389867330443023,9,0.5676900253348088,-0.007921279156340005,-0.01740638436888473,0.0013782678571258157,-0.10275578674774738,9,0.2936641020317435,0.011109162964723274,-0.002249448523572388,0.027980084779546457,0.09964169705245657,7.0
stage14_transfer,dev,encoder/random/within_language@-0.50,transfer_random_control,1337,macro_over_languages,243,9,0.40887284579851846,-0.0062637766953968265,-0.031193114139226177,0.01982550110644576,-0.032764711290248966,7.0,0.8146697741934158,-0.006701817465020577,-0.017866127274897118,0.002484724605658434,-0.08071089488712609,9,0.5734009283000225,-0.005126309773220274,-0.011846927784893537,0.0008385197207194805,-0.09646241458748868,9,0.2759867936466596,-0.012338033891085207,-0.03542595865972508,0.007365826008741784,-0.08404166750358329,7.0
stage14_transfer,dev,encoder/random/within_language@-0.50,transfer_random_control,2024,macro_over_languages,243,9,0.40506580826603167,-0.02714457093740741,-0.06691870387512035,0.010208777305580695,-0.09949525894349057,7.0,0.7915197768707819,-0.03226610784526748,-0.04802753025705761,-0.018141139582366246,-0.21134182499705967,9,0.5497634933132955,-0.022394626004818032,-0.032945240829534206,-0.012326902886511759,-0.2449038589367617,9,0.27564300755500093,-0.024221034919691284,-0.053758899924961905,0.0020683281722619,-0.12507989402841305,7.0
stage14_transfer,dev,encoder/random/within_language@-1.00,transfer_random_control,42,macro_over_languages,243,9,0.5523595221955027,0.14813794512730158,0.09602779424427911,0.19973588217580684,0.3380294392692733,7.0,0.6726034031641976,-0.16566121593045263,-0.18206644779187242,-0.1487575192280967,-0.5782501542349581,9,0.44959689494827726,-0.12601440954287155,-0.14125554143155594,-0.11044531286989719,-0.5162922404567969,9,0.23107774434920958,-0.0514771947178106,-0.0890449912808531,-0.016820492405643213,-0.19444884989316694,7.0
stage14_transfer,dev,encoder/random/within_language@-1.00,transfer_random_control,1337,macro_over_languages,243,9,0.4198121743842857,0.004675551890370371,-0.03370982534174338,0.04202327027157672,0.016963661834517602,7.0,0.8005137521728395,-0.02085783948559671,-0.033082329226337456,-0.009933019454629634,-0.21248488663533785,9,0.5647417241553715,-0.013785513917871266,-0.02339599204058163,-0.004237674067943322,-0.173101637517818,9,0.2764619550516329,-0.011862872486111892,-0.03657862836856281,0.013799569143965752,-0.06341196317288701,7.0
stage14_transfer,dev,encoder/random/within_language@-1.00,transfer_random_control,2024,macro_over_languages,243,9,0.622539959582381,0.19032958037894182,0.12514929344713757,0.2478071800915053,0.37049336670322275,7.0,0.5306712989482716,-0.29311458576777777,-0.31416587641543203,-0.2715377412710257,-0.8033387741495277,9,0.3507915990119282,-0.22136652030618542,-0.24437706336910264,-0.19879186912573177,-0.7578405415039344,9,0.16880553204159562,-0.13105851043309658,-0.17253293379303203,-0.08911989704980892,-0.4292886690706676,7.0
