id	tweet	label	length
train_isixhosa_00166	"imali umxabanisi! ""@username : singabangani impela, kodwa ubungani bethu mabungafiki emalini..."""	Normal	96
train_isixhosa_01142	@username 😂😂😂 lugezo olo uthiye injubaqa yomntana ngegama lam.	Abuse	62
train_isixhosa_01071	"😳😳😳😳😆😆😆 “@username : ""isifebe sibalulekile kwi food chain"" 😂😂😂😂😂😂”"	Abuse	66
train_isixhosa_00658	makuvalwe neemens clinics ezi..  ewileyo incanca mayilale ngoxolo mntakabawo.	Normal	77
test_isixhosa_00042	umnqundu uqale apho, njani? ##url	Abuse	33
train_isixhosa_02212	ndiphantse ndathi akana pipi lomntu wakho ##url	Abuse	47
train_isixhosa_01709	ayikho into enyanyisa indoda yomxhosa njengokubizwa inkwenkwe 😂😂😂.	Normal	66
train_isixhosa_02376	lmao rt @username : khumbulekhaya is getting deep, next thing kogoduswa inkwenkwe ebaleka ukwaluka aymsho	Normal	105
test_isixhosa_00319	vele ukhabe isibhanxa qha wena. ##url	Abuse	37
test_isixhosa_00418	"@username ""utye ibhentse ukba uyafuna"" tjo diamond 🤣🤣🤣🤣🤣🤣"	Normal	57
dev_isixhosa_00293	inkawu ityiwa ilila imfene isinda gokugoloza.asizukutya nkawu sifuna imfene ubuqu ##url	Normal	87
train_isixhosa_02654	@username #masigoduke ndandiqhele ukuva kusithiwa iquigney igcwele oomarhosha tjoo ndithe ndisohlala apha ndazbonela  @username !	Abuse	129
dev_isixhosa_00018	@username o yini inxilakazi lasekhaya madoda🤣🤣🤣🤣🤣❤️	Abuse	51
train_isixhosa_02495	"lol rt""@username ehban 😢 kumnandi neh “@username : home time... thina esingasebenzi ikula ke lol”"	Hate	97
dev_isixhosa_00232	@username lol masithembe uyamazi ''unomokhwe'' yintoni😂😂😂 infact ukuqhibile	Abuse	75
train_isixhosa_00653	indoda iyakhala: “andinayo incanca, yaqhawuka esibhedlele emva kokuba ndibethwe ngamakhankatha amane...: ##url	Normal	110
train_isixhosa_01635	@username inkawu ityiw'ilila imfene isinda  ngogoloza	Normal	53
dev_isixhosa_00103	mxelele wethu yhu ukuqhela ikaka 🤣😂🤣 ##url ##url	Abuse	48
train_isixhosa_01383	uzakutya yonke into oyifunayo is very important xa uplita isidudla.	Hate	67
train_isixhosa_01287	@username ndiyavuya ke nkothovu yakuthi.	Normal	40
train_isixhosa_01197	"@username isho kahle uthi ""mdidi"" wenja 🤣🤣🤣🤣🤣🤣"	Abuse	46
train_isixhosa_01557	@username lol august will come kuvele kunuke umsunu futhi 😂😂😂😂😂😂	Abuse	64
dev_isixhosa_00511	kukho iqhalo elithi ihule lilala kwibedi ngebedi	Abuse	48
train_isixhosa_02396	kwedini soso uyaskoma ngoku? ##url	Abuse	34
dev_isixhosa_00141	@username cacile nakhuliswa ngotefiswa do you call that assault ngokukhuza isela	Normal	80
test_isixhosa_00225	awuthi sibambe a light snack and drinks kwa-s'phiwe. @ ilawu botanical hotel &amp; studios ##url	Normal	96
train_isixhosa_01710	inoba ndim isibhanxa apha 😭	Abuse	27
train_isixhosa_02060	ndinxila ikaka shame xa sendithi drink🤦🏼‍♂️	Abuse	43
train_isixhosa_01960	“uyabhequza umnt’ ozal’ inkwenkwe” is the real song of the year for 2021 🔥	Normal	74
train_isixhosa_01689	@username y zezam? ndithathela abantu amavirginity nha? usundenza utsotsi wama virginity manje🤣🤣🤣	Normal	97
dev_isixhosa_00452	@username silinde wena apha buthe yeza kwedini ngok uduke engceni xakufiki xesha	Abuse	80
test_isixhosa_00552	😂 😂 niyeke usixelela sinxila ikaka nafuthi ##url	Abuse	48
train_isixhosa_00296	@username mdidi musukudlala ngengane yakho kanje 🤣🤣🤣👌💝	Abuse	54
dev_isixhosa_00333	umnqundu uqala apha ke umntu ongawaziyo. ##url	Abuse	46
train_isixhosa_01221	@username mhlawumbe siyibeke ngembaba ... impimpi	Normal	49
train_isixhosa_00540	@username unxilile kwedini 😂😂😂 ##url	Abuse	36
train_isixhosa_02472	@username unyoko umgodoyi wena nja yenja! ungazong’xhaphela masimba ohlanya.	Abuse	76
train_isixhosa_01176	😂😂😂😂😂😂😂😂😂lol lol ugowishela inxila imagine😂 ##url	Normal	49
train_isixhosa_01487	a drunk man once said 'msunu kanyoko' to my dad phambi kwami 😂😂😂 all he said was 'uma njalo loyo' 💔	Abuse	99
train_isixhosa_00201	uhili akakphumi ezingcongolweni nangoku enaturena?	Normal	50
test_isixhosa_00174	n'bheke amagama wabo bayazazi ukuthi yiy'mfene	Abuse	46
train_isixhosa_01796	umlomo uwakho uyanuka.. #whatjayzsaidtosolange	Normal	46
train_isixhosa_01815	lontombazane from uyangthanda na uzitholele isilambi somuntu vele	Abuse	65
train_isixhosa_00698	ngase utsho kwesinye isibhanxa ##url	Abuse	36
train_isixhosa_01054	@username 😂😂 ingcuka yombethe ifele legusha hahaha ##url	Normal	56
train_isixhosa_01880	"""kwedini! kwedini! i-🔪-hli-🔪-nzwa-🔪-ka-🔪-nje igusha!"" ##url"	Normal	59
train_isixhosa_00510	being called a youngin is cool but inkwenkwe, uyanga mxhosa ndini	Normal	65
dev_isixhosa_00549	@username camera seyilapha uzobaleka? ndingathi govo isidalwa sikhathixo mna ndibuze uluyanda ba ikhona enye into	Normal	113
train_isixhosa_02398	@username 😂😂😂😂🙈. uthuka isicaka sikathixo ubonanje.	Normal	51
train_isixhosa_00861	@username khohlwa inkawu niyeke ukusiyuza😹	Hate	42
train_isixhosa_01302	ingathi bangatyiwa ezimpundu izigcwele ikaka. ##url	Abuse	51
train_isixhosa_02420	‘inkwenkwe yakhe’ 😂	Normal	19
train_isixhosa_02315	@username yintoni lempesu solidi ndiyiva yenza abantu ihagu	Normal	59
train_isixhosa_01858	@username usekwa pha kwi anc umbulali nje futhi bayabazi	Normal	56
train_isixhosa_01598	lol!! #lrt... ukuhleka nge pipi ke lokhuya..	Normal	44
train_isixhosa_02002	imenemene, imencu 🤔😶 ##url	Normal	26
dev_isixhosa_00513	"uthi ufakela umakhelwane wakho i airtime ubone igama leoulady lakho ulisaver as ""imenemene"" do a quick search for yours and thank me later ##url"	Normal	144
test_isixhosa_00545	"guys yintoni ""utsotsi wempundu.""?😂"	Normal	34
test_isixhosa_00229	yho ecrossroads, masomali berojwa, ladubula utsotsi oyi1 ngoku abahlali babetha kwa amasomali :(	Normal	96
test_isixhosa_00055	inja yasema khaya lol uyinja ugqoka e dunns malume. kopela kimi phela ama lebuli ##url	Abuse	86
train_isixhosa_02522	sabela was killed very nice 😄😄, impimpi yenzwa njalo #sarafina	Normal	62
train_isixhosa_00377	umxabanisi 🙉🤣 abazali abasithembi ngenxa nje ke hee hee hee nge sonto ekseni 🤣🤣🤣🤣🤣🤣🤣🤣 @username ##url	Normal	101
train_isixhosa_02366	basiqhela inja abelungu tbqh	Normal	28
train_isixhosa_01622	le weather indenza isibhanxa yazi 😠😠😠.	Abuse	38
dev_isixhosa_00270	andimbi ngathi ndimithe inkwenkwe😣	Normal	34
train_isixhosa_01843	@username zamnandi izingoma ngizbhekise kumndeni wakwa thusi o mfene o gcwabaza	Normal	79
train_isixhosa_01512	@username ukwanda kwaliwa umthakathi🙌🏾	Normal	38
train_isixhosa_02625	inkwenkwe in my mentions!	Normal	25
train_isixhosa_01210	@username i wits igeza gqitha kwaye inobuhlanga too much, so isebe lemfundo malingenelele lize nesisombululo kengxaki	Normal	117
train_isixhosa_00565	@username iqaba lase mampondweni liyazi fanela nozamangwanya 😂	Abuse	62
train_isixhosa_02076	kunganya isifebe, kudabuke imomozi ngifica ingane yami yenziwa nje😡 ##url	Abuse	73
test_isixhosa_00261	@username kuyasho ukuthi igeza lensizwa	Abuse	39
train_isixhosa_02148	baxhonkxwa besebatsha, sad in this case kwakhiwa isidlwengu 🙆🏼‍♂️ ##url	Normal	71
train_isixhosa_02037	@username zivume ulelincanyiweyo inxila😂😂	Normal	41
dev_isixhosa_00113	@username . tjo kutheni undiphoxa ngoku ntonkozana ehle ingathi igeza ngobisi.	Normal	78
train_isixhosa_00775	@username #masigoduke ndandiqhele ukuva kusithiwa iquigney igcwele oomarhosha tj0o ndithe ndisohlala apha ndazbonela @username ..	Abuse	129
test_isixhosa_00041	uhili oxakwe sistameta unjani ?? 😭😭 ##url	Normal	41
train_isixhosa_00919	usisilingo utsho nge ginger hair.	Normal	33
dev_isixhosa_00127	if ukhona kuhotleys avenue and ufuna ixoxo iza apha uzodla nathi on us. ##url	Normal	77
test_isixhosa_00009	nkawana bakithi uyazifela ngofezile😢 #isibaya	Normal	45
dev_isixhosa_00091	"uthi kutheni sipheka amathambo nomngqusho nxa kubanda rt""@username : im actually very warm for ibhityo..dont judge a book by its cover"""	Normal	135
dev_isixhosa_00247	😂😂😂ngathi uyanuka futhi😷 ##url	Abuse	30
train_isixhosa_00707	@username ixoxo nexoxo umazigxumele ##url	Normal	41
train_isixhosa_00159	kyahlupha ukuba impimpi bcoz ukhuluma nezinto ezingafuni wena😕😔😔.  abantu abafunde ababheke indaba zabo &amp; ujabule💪🏃🔥 ##url	Normal	126
dev_isixhosa_00056	#nkawana uzivusele yena ufezile. angabuyeli kuqondi. #isibaya 😂😂😂😂	Normal	66
dev_isixhosa_00049	@username ukhe ulive ixoki xa lixoka kamnandi mntkbw 😩	Normal	54
dev_isixhosa_00273	awunondoyisa kodwa kwedini ##url	Abuse	32
test_isixhosa_00282	ndiyayibona eyotya. andikaphungi nekofu so expect impundulu as my proxy kulo meeting ##url	Normal	90
dev_isixhosa_00545	asilazi. sazi ixelegu. ##url	Normal	28
train_isixhosa_02107	zinathi got moer'ed by igintsa because the guy's girl wanikezela ipurse yakhe kuzin to hold while she peed 😂😂	Normal	109
train_isixhosa_01136	i wonder ama china asithathaph isibind sokudla ixoxo🐸 njengoba libaba kanje💔🤮	Normal	77
train_isixhosa_01907	#thingsfriendswonttellyou ukuthi umlomo wakho uyanuka 😂💔 ##url	Abuse	62
train_isixhosa_01967	😂😂😂😂😂😂“@username : uthi ngimubi nje ngizalwa wuwe yini msunu kanyoko”	Abuse	69
train_isixhosa_01570	@username nawe yenza khona lokho mdidi ##url	Abuse	44
train_isixhosa_01127	msunu kanyoko lowo ungazosukela ezinye ingane wena masende ebongolo ##url	Abuse	73
train_isixhosa_01778	since vele vele ixoxo ne xoxo liyayinyobela wena ufuna ukunyotshelwa ubani.. jr is hilarious kodwa	Normal	98
test_isixhosa_00355	@username ngimfuna yena ne pipi yakhe	Normal	37
train_isixhosa_00021	besidlala ngamanzi 🏊‍♀️ no rocksilversa khulekanimdlalose 🏖🏖 @ ilawu lodge, newcastle ##url	Normal	91
train_isixhosa_00374	@username bathi umdidi wakho uyanuka.	Abuse	37
train_isixhosa_01696	@username wena uyahlanya ngekhanda le pipi	Abuse	42
train_isixhosa_00467	nkunzi isela elikhulu #uzalo 😂😂😂😂😂😂😂😂😂😂😂  💔	Normal	43
train_isixhosa_02115	why should it be that way tho? 😩😩 “@username : ithemba alibulali qha lenza umtu isibhanxa”	Abuse	90
train_isixhosa_02084	kulecase kapistorius,kukho ozolala entolongweni apho inkawu ityiwa ilila,imfene isinda ngokgoloza.uzolala ebaliwe avuke echetyiwe	Normal	129
train_isixhosa_01145	@username okanye uvele ukhabe isibhanxa enye nenye zayibona mva... 🤷🏾‍♂️	Abuse	72
train_isixhosa_01656	rha liyanya inkazana elingade lithethe nendoda yam ndihleli nayo, yintoni ngoku.	Abuse	80
train_isixhosa_00362	ngisuthiswe kwe mfene 😖	Normal	23
dev_isixhosa_00044	mna ndisukwini, ilawu, ichwama, dibashe, nja-bomvu,sadlala-ngca ithole lomthwakazi! :-)	Normal	87
train_isixhosa_01605	@username waye america wase wabangengathi uthengisa ibhentse gigi   kahle ngokusihlaza wena ##url	Abuse	97
train_isixhosa_01923	my parents are ootsotsi no wonder ndingu tsotsi kangaka when it comes to imali ##url	Normal	84
dev_isixhosa_00118	and angathushuka lapho emfuleni ngoba naye umthakathi bae ave ehlupha ##url	Abuse	75
train_isixhosa_02298	@username nkabinde umthakathi, akayona nyanga	Normal	45
train_isixhosa_01788	@username askies makubhlungu kodwa, ubuyile. utsotsi wase nkandla makonya	Abuse	73
train_isixhosa_00987	@username ay bawenzile umsunu shame, angifuni ukungasho😪💔	Abuse	57
train_isixhosa_01115	@username ngasibona isidudla sangakithi ku indaba sabc1 siphawula ngokulahleka kwengane	Normal	87
train_isixhosa_01158	isixhosa kwedini ♥️	Normal	19
train_isixhosa_02124	@username abasemagunyeni norhulumente weli makangenelele ngokukhawuleza beze nesisombululo le meko ingekade yazala udlolwazana @username 	Normal	137
train_isixhosa_00804	@username azingidini nje lezozi mfene ##url	Normal	43
test_isixhosa_00264	@username inkwenkwe enxiba iqhiya 😭😭😭sayonqeni	Normal	46
test_isixhosa_00232	satma13nominees best mbaqanga album. artist/group album  1. bomshell uthando 2.ababekezeli sipheth'imnyovu 3. ompetha umbulali	Normal	126
train_isixhosa_02196	@username sonke futhi, umntu makafunde igeza lake ahlale phantsi🤣🤣 ##url	Abuse	72
train_isixhosa_00887	@username uba uyasazi isigebenga. siso esiya 🙊	Normal	46
train_isixhosa_02447	@username siqhele over yilonto imenemene silibona lipha kude	Abuse	60
train_isixhosa_01593	imani, sesiphi isilwanyana esi👇🏼?🤔 ##url	Normal	40
train_isixhosa_01664	@username kahle kahle ikula 😂	Hate	29
train_isixhosa_01616	igintsa lempundu ! ##url	Normal	24
train_isixhosa_01074	@username umbulali . inkabi	Normal	27
test_isixhosa_00075	inoba igqwirha elathakatha umasibusane zongo lasweleka kudala.	Abuse	62
train_isixhosa_00097	@username yho lanquma inqatha	Normal	29
train_isixhosa_00605	"uyityisa ipudding 😂😂👎 ""@username : ingathi ndiyazibona sendithatha ihagu ndiyifaka ebhedini, why???"""	Normal	100
test_isixhosa_00364	@username abanye ootsotsi abakayeki ukufaka iiokapi ezikawusini. luto still hide his there.😎😎	Normal	93
dev_isixhosa_00202	@username ekabhuti 😂😂😂mina aish nginomunye utsotsi😂😂	Normal	52
dev_isixhosa_00075	the next generation. kwedini harold khawume kancane nale ntwana unico.siza kwenza imali ngani makwedini ##url	Abuse	109
train_isixhosa_02411	uyayinxila ikaka 😂 ##url	Abuse	24
train_isixhosa_02128	uyayidlala incanca lodj😭😪	Abuse	25
train_isixhosa_01836	no nigga will complain before! but uzobona sebekqhelela engathi uyanuka nje	Normal	75
test_isixhosa_00327	lol that is something inkwenkwe or unofotyela could say   undenza ndizibuze imibuzo engapheliyo ngawe😂 ##url	Normal	108
train_isixhosa_00786	@username not at all , utsotsi uyasfeli smoko sozi funyanwe	Normal	59
train_isixhosa_00866	uyaphapha kwedini, damn! ##url	Normal	30
train_isixhosa_01262	i'm glad you do 👍 now shaya isishwapa sakho uphume apha ##url	Hate	61
train_isixhosa_01493	@username uk'ngafundi kuy'ngxaki,zuma authourises use of chemicals against citizens but forgets to wear a musk.iqaba lisuzaligqumathele	Normal	135
train_isixhosa_01685	kutheni kwedini? 😩😅 ##url	Abuse	25
train_isixhosa_01043	kodwa mdidi 😂😂😂😂😂😂😂😂😂😂😂😂😂😂😂😂 ##url	Abuse	34
train_isixhosa_00099	@username #igazi @username hayi jonga u#phumza  yhoo yi#bhozah yintomb'omxhosa nyani ibakhipha ngezembe ootsotsi ayinakubaleka kokwayo	Normal	134
train_isixhosa_01059	@username sihle ukhuluma inyongo mdidi wenja	Abuse	44
train_isixhosa_01282	sonti isibhanxa! #skeemsaam	Abuse	27
train_isixhosa_00894	inqatha lixuthwa emlonyeni.  kusemhlabeni apha.  ##url	Normal	54
train_isixhosa_00677	yes !! inkwenkwe yenziwa kanje 👍🏿👍🏿❤️❤️ ##url	Normal	45
train_isixhosa_01439	if your name is nzimeni, qaqambile, mziwamadoda etc. why are you adding sa. nzimeni sa. why? akho nzimeni eamerica kwedini.	Normal	123
train_isixhosa_01432	gqiba xa igeza ithi ‘nguwe owafuna mna nje’. ⚰️ ##url	Normal	53
train_isixhosa_00924	@username umthakathi waziwa ngabanye  abathakathi.	Abuse	50
train_isixhosa_02027	@username 😂😂😂😂 ndenziwa inxila endingelilo ke phofu	Abuse	51
train_isixhosa_00319	ixoxo liyazigxumela, literally ##url	Normal	36
train_isixhosa_00901	ngase naye bamenze inkazana  kulo jail, kunzima noyothenga umarhosha lho wakwambala okanye ke azame unkaringa xa elamba. ##url	Abuse	126
dev_isixhosa_00281	@username lula ke kum ufike ndithethe ngoba ndikhule ezilalini apho kungena kuphuma abantu eyadini ko wenu.ngenyimini kufika abantu bazoxoza umbona,kuyiwa emasimini, kuyasilwa,yimbizo, yintlanganiso enqileni,kuxhelwe ihagu,yimi ghidi etc.ndenzelela lula abantu abanga dalelelwanga uthetha.	Normal	289
dev_isixhosa_00201	ingade ibhentse ikrobe ngaphe kwe panty ##url	Normal	45
train_isixhosa_01631	@username 😢😢😢 zikhohlakele izigebenga. do they have no soul? 😭	Normal	62
train_isixhosa_00722	umtshele umuntu ukuthi they dialled the wrong number aqhubeke afone umsunu	Abuse	74
train_isixhosa_01204	@username 😂😂😂😂 hay andililo igeza qha man bakhona nje abanye abantu abafanelwe kukuthukwa 😂	Normal	91
train_isixhosa_00204	msasazi ndicela undidlalela unoqatiko, ndiyicelela uondela xhasa...	Normal	67
train_isixhosa_02623	"lol :'''d  rt""@username : ""ndithanda injakazi ezimdaka nantso ingxaki yam""#lyricsfromenglishtoxhosa"""	Hate	100
train_isixhosa_01596	iyokwenza ixoki ibhola😭😭 ##url	Normal	30
dev_isixhosa_00058	umama osizayo uyena umbulali. ungayilanda kanjani ingane enkulisa ekseni  @username 	Normal	84
test_isixhosa_00367	suzikhawlela inkawu ziyowsela	Normal	29
train_isixhosa_00424	ayinkulu incanca yakhe. ##url	Normal	29
train_isixhosa_01830	xikixa iqaba nge move erhabaxa. ##url	Normal	37
train_isixhosa_01680	😂😂😂😂azikabuyi zonke ekuqokelelweni ezasemasomalian 😂😂 kusafuneka inkwenkwe iyokhangela ##url	Normal	92
train_isixhosa_01101	ixoxo nexoxo umazigxumela....	Normal	29
dev_isixhosa_00465	aybo sisi! hlonipha incanca zethu. ##url	Normal	40
dev_isixhosa_00139	inkinga ngasuka ngaxolela ixoki ##url	Normal	37
train_isixhosa_01573	khe ndiqoqe konke okwam ndishaye isishwapa sam ndiphume ndiphele apha kulendawo. morè is nog 'n dag.	Hate	100
train_isixhosa_00856	@username 😂😂😂😂😂 she was so happy.. inoba she thought akawazi umnqundu 😂😂	Abuse	72
train_isixhosa_00182	i'm a hoe for garlic, ndithe ndizoyinqunqa ndaqond'ba futsek, ndaphosa igarlic cloves ezimbini ndacika imbiza.	Abuse	110
dev_isixhosa_00401	um'pretendo ogcwele lana 😂 uyanuka phuuuu	Normal	41
train_isixhosa_02475	@username tyhi!?!?!? ogqiba azoveza isidenge asitshatileyo apha... banjani na aba bantu?	Abuse	88
train_isixhosa_02616	@username thula ke wena sigogwana esiyelo esigcwele ikiwi msunu kanyoko hambo lala madakwani omumbi.	Abuse	100
test_isixhosa_00095	i'm knocking in few min. ngisayopheka izimbiza.. ngiyophumula mhla nonke naba nama pipi aqina efudumale kube ngathi kuzoncibilika condom, namhla nakwazi ukuchamisa abafazi nakubo kungabikho namunye onemomozi evele ikhamise ijuluke ivuze noma yophe nje esithubeni! 🍀💚😊 ##url	Normal	273
dev_isixhosa_00303	@username yeyi wena idiot nguyihlo msunu kanyoko	Abuse	48
train_isixhosa_00242	gholo yakho le izokomiwa kwedini. ##url	Abuse	39
train_isixhosa_01279	@username yaz ilona ngampela igundwane 🤔 ##url	Normal	46
train_isixhosa_00976	@username yhoo fefe kubuhlungu nyani andyazi why u thixo ethatha abantu abalungileyo ashiye izigebenga	Normal	102
test_isixhosa_00105	inkawu ityiw'ilali imfene isinda ngogoloza	Normal	42
train_isixhosa_01469	ndifuna ihagu bethunani. noba isaphila. ncedani... 😂😂 ##url	Normal	59
dev_isixhosa_00461	@username yhooo liyatyiwa ikhuni apho bawo😀  ndikhumbula ngo 99 sipha entla kwakwa ngoza kungena omnye umfo,yhoo saphuma kusasa sayofaka inkwenkwe ebuhlanti,sathi xa sikulamzi phambikwezindlu wabambana nenye yaku ngqwarhu into embi,zavulwa zophisana😂😂😂	Normal	252
train_isixhosa_02577	ndixakene nomphefumlo wam uyanuka. hee haybo yinto endizakuyithini le, kuba ndizakuthi xa ndithetha abantu bandityeshele.	Normal	121
train_isixhosa_02646	uyanuka phu !  ##url	Abuse	20
train_isixhosa_02030	we are all brothers, mna ndizalwa ngumamsukwini le isecaleni kwam ingumsukwini le yebhatyi epink ngugqwashu ilawu nayo, siyabulela wethu akhonto ##url	Normal	150
train_isixhosa_02187	bengishilo ngathi unkabinde umthakathi! #isibaya	Abuse	48
train_isixhosa_00937	@username ndiya dlala ke sithandwa sam. ingxaki ibisisirhama kwalakwekwe ubuzikhuphe nayo. yeka wena sizoyikhangela siyinyise, sakuyi thena amasende ikhale okwe nja yolwandle.	Abuse	175
dev_isixhosa_00489	@username last night i showed @username my whatsapp calls and azikho ezakho. wafounela umntu orongo masende akho.	Abuse	113
train_isixhosa_00489	so someone saw it fit to take his life last night,he was a father,a brother and a friend to others. rest easy zalo umbulali wakho ngeke asakwazi ukuphumula kusukela namhlanje . sesobonana kwelizayo.💔💔💔😭😭😭 #rip ##url	Normal	215
train_isixhosa_01713	@username awulilo ke ?🥱  not igeza kodwa elinye igama eliya libhalwe edruphini?	Normal	79
train_isixhosa_01451	@username not nomhlehlo ?inqatha?😂😂😂😂	Normal	37
train_isixhosa_01543	ubone xa uleli ungahlambanga, veske uphuphe ikaka akhomntu ofuna uhlala nawe because uyanuka uqonde ba yikaka le uvuke ngo 2 uyovasa..	Abuse	134
train_isixhosa_00392	isilwanyana yiyo nayiphi na indalo ephefumlayo ezitho zine okanye erhubuluzayo ehlala endle.  inyamakazi siso nasiphi na isilwanyana sasendle esithi sakukubanjiselwa sityiwe ngumzingeli.  imfuyo yiyo nayiphi na impahla ephila emakhaya nabantu, ebuhlanti okanye ehokweni.   ✅✅✅ ##url	Normal	282
test_isixhosa_00409	inoba ucinga incanca yam isebenza ngombane ##url	Normal	48
train_isixhosa_01475	@username you see and ngapha uyanuka	Abuse	36
dev_isixhosa_00011	imenemene eliwumartha 🐍 #thequeenmzansi	Normal	39
dev_isixhosa_00492	andisa sabi ukrazuka umsunu😭😭😭😭 ##url	Normal	37
train_isixhosa_00802	nice thing ukuba isidudla you never have inkinga yosize in stores	Normal	65
test_isixhosa_00086	ayilibaleki lula into yokwenziwa isibhanxa.	Normal	43
test_isixhosa_00401	@username inkwenkwe efuna uba indoda auyi funi yona?	Normal	52
dev_isixhosa_00416	isifebe unyoko! phuma kosisi bethu! #ladieswithbooty ##url	Abuse	58
train_isixhosa_00969	@username apha esoweto ezo zimuncu zetransport yabantwana besikolo ziqhuba oku konooteksi. baqhuba ikaka abantu belayishe iinkokheli zangomso.	Abuse	142
dev_isixhosa_00236	@username oosakza bakulankonzo yamonela uhili ngesiyezi ishori alok	Normal	67
train_isixhosa_00542	namhlanje ngidlule insizwa igeza emfuleni oseduze ne bridge ley'moto. 💀	Normal	71
dev_isixhosa_00426	@username le ndoda mayibekwe ityala klk ebeyolanda unyana wakhe so ulindele unyana wakhe ayikho le ayithethayo ba ebecinga ootsotsi, kona umpu lo ubuhleli usesandle for what? hay lo mfo makadidinjelwe kwesimnyama isisele @username 	Normal	231
train_isixhosa_01552	@username ungathi uma unya wena bese unyela nathi mdidi wakho ##url	Abuse	67
train_isixhosa_02316	@username okumnandi ubulungiswa benzekile umbulali uzobuyela ejele	Normal	66
train_isixhosa_00225	@username ndikwazi ingowase bhayi mna kwedini ndadibana nawe ebhayi unxiba icarvela eruben crescent	Abuse	99
dev_isixhosa_00198	xa uphuma kokwenu une pipi 🍆 encinci uthi uyaphi? ndiyabuza qha	Normal	63
train_isixhosa_02095	sebekwenzeni ke manje phakathi kwamabil, yazi ngzoshaya inja ngawe ##url	Normal	72
train_isixhosa_02136	umsunu wakho nawe wethu geza elingu #euphonik tyhini sanyeleka ngku	Abuse	67
dev_isixhosa_00252	@username bhuti wena wakhe wasbona isifombo sinxilile hay asididizeli qha kuchachamba lahunch 😂😂😂	Hate	97
train_isixhosa_01519	ootsotsi love to constantly mess with abahlali basekhayelitsha......	Normal	68
train_isixhosa_01779	@username tsek golo lakho wena ne pipi encane msunu, emyama futhi	Abuse	65
dev_isixhosa_00176	@username makashiswe😂😂 impimpi yenzwa njalo	Normal	43
train_isixhosa_02485	"ohhh! utsho lonto kanti?! hayi bancinci abasekhaya &amp; futhi ndingabulala ixelegu cakwakhe ""@username : @username utyelwa njani umjita xa"	Normal	139
train_isixhosa_01784	ndilibele unibalisa. my friend was telling me wayehambha neboyfriend yakhe this one time kwathi gqi ootsotsi abathathu as they approach her boyf told her to walk behing him. uthi wavele wagoba umfana and turned into a monkey babaleka ootsotsi uthi naye wabaleka ntanga 😂😭😂😭	Normal	273
train_isixhosa_01816	"@username uyawazi u ""futsek futsek futsek "" wa bonang??? ubuzolandelwa esikhulu isibhaxu lesi 😅"	Abuse	95
train_isixhosa_02234	"ndiphuphe ndibetha igqwirha lophuka umlenze , xandivuka umakhulu uyaqhwalela xa ndimbuza ba utheni waske wahleka wathi ""kusezonyiwa kulendlu"" 😭😭💔"	Normal	145
test_isixhosa_00122	sizothi futsek ngoku sasicula kangqka🤣🤣 ##url	Abuse	45
test_isixhosa_00345	ndiyalikhumbula igeza lam.	Abuse	26
test_isixhosa_00115	what you wrote here is absolute nonsense but qhubeka ngoba ubhorekile msunu kanyoko ##url ##url	Abuse	95
train_isixhosa_00347	of course indoda izojika uthetha umnqundu ##url	Abuse	47
train_isixhosa_01702	@username isibhanxa esomeleleyo!! 🤣🤣🤣	Abuse	37
train_isixhosa_01632	@username musukunya wena msunu kanyoko	Abuse	38
train_isixhosa_00622	@username usho ukuthi uyanuka?	Normal	30
test_isixhosa_00410	unyanyii! kwedini 😡😡😡	Abuse	21
train_isixhosa_01123	akandinyele nha guys lona uzolo undiphendule wathi okay xandisthi mtana yagula ngoku yandibuza unjani mtana ithni nto yandiqekla shame ikaka	Abuse	140
train_isixhosa_01842	ndlebezikhany'ilanga awazi ngithini uxole mdidi'wenja. ##url	Abuse	60
test_isixhosa_00083	bese adlile umbulali ##url	Normal	26
dev_isixhosa_00251	zikhona nje ezinye iziphukuphuku ezikhamisa zityhale apha. isibhanxa sisibhanxa qha asinambala.	Abuse	95
test_isixhosa_00577	"the way he hinted shame upiririnqi, athi ngomoya ophantsi ""yho babe everyone is out tonight😞""  ugcinezele ihagu apho uhleli khona perhaps?"	Normal	138
train_isixhosa_00737	“thengisa incanca yakho kula mlungu” 😂😂😭😭  yhuuu akhona haibo	Normal	61
train_isixhosa_00509	@username ngasekhaya imfene yafika yagibela inja😭😭😭😭 yayenza ibitch yayo ke😭😭😭	Abuse	78
train_isixhosa_01372	yebo sisi... uthandana njani nentselaboya, into yaphelelwa sisazela igintsa? okay ubungayazi uba ligints kodwa waqhubeka wathandana naye. njani?	Normal	144
train_isixhosa_00390	ayikrwada nantsi inkazana 🥴 ##url	Abuse	33
train_isixhosa_02505	ndivuswe yigxolo yabantu apha ekhaya kanti kuxhelwa ihagu.	Normal	58
dev_isixhosa_00253	rabishi lento...izinqa ezintshwame kanje ##url	Abuse	46
train_isixhosa_01728	injubaqa ingafa 😂😂 ##url	Abuse	24
train_isixhosa_01507	maskhakhane ulipoyisa or impimpi 🤷🏿‍♂️ #ehostela	Normal	48
train_isixhosa_00979	isidenge siphuma ngocallback.. ##url	Abuse	36
train_isixhosa_02497	trafficlanguage  uma beyenza lento 1.bayibiza ngomdlalo..2.igama layo kuthiwa isitabane..3.kufa ingane 4.trauma ku driver.5 umphathi ushise amabhasi....asiwukhuze lomkhuba siwumphakathi.	Normal	186
train_isixhosa_02507	nani niyalifihla inqatha ngesonka? xa une chance uthobe ngamanzi anelemon? 😂😂   my mind tells me iyanceda lonto, ne lemon twist kwakuthiwe iyawatya amafutha 😂😂. andizova ngani	Normal	175
train_isixhosa_01614	khwezi is just wicked nje umthakathi nje! #umlilo	Abuse	49
train_isixhosa_00706	indoda mayilaqaze igade inkazana. amehlo ayafuneka 😂 ##url	Normal	58
dev_isixhosa_00259	umnqundu wakho fam. ##url	Abuse	25
train_isixhosa_00110	@username umbulali bethuna makangayinikwa ingqawule kuba iyayikhuthaza impindezelo kumaxhoba kwaye ixhela intliziyo lonto @username .	Normal	133
test_isixhosa_00290	emva kweminyaka engaka bafethu...ima ezokhuluma manje.. ngabe kungcono kutholakala umbulali...u senzo alale ngokuthula..lenkulumo izosiza yini?? ##url	Normal	150
dev_isixhosa_00173	intliziyo yamangala yanekratshi elikhulu oko wandibiza ndala nandizenza isithulu	Normal	80
dev_isixhosa_00097	@username isifebe sendoda 😂	Abuse	27
train_isixhosa_01170	@username boobhutiza hayi iyaginya legengekazi lonto ayitipi ungafunga uti isela amanzi ingakumbi aphe new brighton @username 	Normal	126
train_isixhosa_00547	iphixiphixi lomama leli! ##url	Abuse	30
train_isixhosa_00487	@username uthi kuvaswe kodwa wena uzikhangelela pipi zamanye amadoda bitch	Abuse	74
train_isixhosa_01066	@username inja engafundisekile. umthuqasi womgodoyi othi “shut up” kubantu abadala. nx mkhangqala ndini	Abuse	103
train_isixhosa_02630	kwazulu kufeba ngisho inja yakhona 😩 ##url	Normal	42
test_isixhosa_00474	uniniyo uyayazi why wayithiya musa inja yakhe!! nomusa apho akhoyo uyakhonkotha ##url	Normal	85
train_isixhosa_00413	@username #thethamhlali:mna ndinguziduli, umnqarhwane uhab'ilawu uhintsabe ugeje umaqhula ndizalwa yintombi yakwandlangisa oothole oogqagqane ulwandle aluwelwa luwelwa ziinkonjane zodwa zona zinamaphiko kulamhlaba wasengqushwa	Normal	226
train_isixhosa_01763	@username ube uxhele ihagu yonke 😂🤣🤣?	Normal	37
train_isixhosa_01299	@username happy birthday sisi ulonwabele ulishera nelinye nje igeza @username noba senxile ngoku	Abuse	96
dev_isixhosa_00095	kwedini 😂😭😂😭😂 ungaphinde uthi masikusindise kwezi ntwana ##url	Abuse	62
train_isixhosa_01574	@username umsunu wakho. uzondixelela amasimba kwinto ongangeni ndawo kuyo. fokofa sathana.	Abuse	90
train_isixhosa_01935	ibali lika anele touched me. fuck it, abanye abantwana baphila kabuhlungu yhuuu. i hope he goes on and win idols 2020 season and change ubomi bakhe. i hardly cry but uthe xa esithi ebelala estratweni and school mates zakhe bezimhleka kuba uyanuka. 😭😭😭	Abuse	251
train_isixhosa_00260	@username wena sifebe woyeka ukuphaphela abantu ongabazi msunu kanyoko	Abuse	70
train_isixhosa_01374	inja ye game #uyangthandana @ johannesburg, gauteng ##url	Normal	57
train_isixhosa_01859	@username lmao...coz uzoxabana nomntu u've known 4 18years 4 inkazana angekagqibi nonyaka eyaz	Normal	94
test_isixhosa_00047	bayayinxila ikaka aba mama 😂😂	Abuse	29
dev_isixhosa_00306	u thixo why ebagcina abantu abane ntliziyo ezimdaka? why egcina izigebenga marn into ezingena ntliziyo?? seyangathi uyaba mizer sana	Normal	132
dev_isixhosa_00032	@username futsek wena, uthi bani😂😂😂😂🙈🙈🙈 ##url	Abuse	45
train_isixhosa_01455	@username empeleni bathi uliqaba kwakhona lokho abakushoyo kuyabheda angithi iqaba ngumuntu okhuluma kungathi udilika eweni ongenaso isisoka	Abuse	140
train_isixhosa_01497	@username 😜🤣🤣🤣uyawubonake umsunu ukuthi unebele🤣🤣🤣🤣🤙	Abuse	52
test_isixhosa_00480	obani labo? and bathi uthwele ini sisi? ##url	Normal	45
train_isixhosa_01662	@username inkwenkwe. siyazalana. kandikhoni nokho	Normal	49
train_isixhosa_01215	so today i went to fetch unyana emida kukhona inkwenkwe ibingomba these 2 girls ngamanqindi. uwoa andimbethanga ngoswazi la swine. noba uthe efika umzali wakhe yabe iminwe ishushu ndimfake 6 mivumbo yengcucu.	Abuse	208
train_isixhosa_01545	@username iqaba, ithatha nje	Abuse	28
train_isixhosa_00691	azikhoke lezi 10 - 0 uyanuka	Normal	28
train_isixhosa_02157	@username ixoxo nexoxo malizigxumele	Normal	36
train_isixhosa_01390	@username inja yami. ngiyayisaluta leout bafwe2. ngik'fisela konke okuhle bru wami. stay humble dogg yami.	Normal	106
train_isixhosa_00030	@username jonga inoba uthwele umlomo 😂😂🤭	Normal	40
train_isixhosa_00108	@username futhi ndizawqala ucula udubul'ibhulu mna ngoku	Normal	56
train_isixhosa_01036	iingxaki zesijolo zasemthatha have a tv show!!#nyan-nyan.lahla ihule eli lloyd,qina sani!u cant make a whore a house wife,so long biaatch#fb	Abuse	140
train_isixhosa_02204	"lol :'''d  rt""@username : ""ndithanda injakazi ezimdaka nantso ingxaki yam""#lyricsfromenglishtoxhosa"""	Hate	100
dev_isixhosa_00411	yho angimsoli mina. uthi wenza ubuntu ukhulise ingane okungeyona eyakho ivele ikhule ifuze uyise nabakubo ibe umdlwembe nje into engalawuleki.💀🚮 ##url	Abuse	150
train_isixhosa_00339	ihagu ekarajiweyo zoyithini? ##url ##url	Normal	40
train_isixhosa_01822	and anicwangcisi nina! nina makwedini niyatowna next thing nothuke xa usisi enebhola ka tsotsi ingathi umntu ebengekho ngoku incanca yakhe ibichama ngaphakathi engquzeni 🤷🏿‍♂️ ##url	Abuse	181
dev_isixhosa_00116	@username mina bheka la mdidi ungangijwayeli umnqundu if ubhorekile hamba uyodlala ngodaka angiyona insango angibhenywe sdwaba sikanyoko ##url	Abuse	142
train_isixhosa_00655	the paranoia of living alone 😭😭😭 i lock all rooms and the bathroom so that utsotsi ongene ngefestile asokole uzofika apho ndikhoyo	Normal	130
train_isixhosa_01421	@username kokof msunu kanyoko ngeke sizwe ngawe golo layihlo 😊	Abuse	62
train_isixhosa_00594	@username kutshata uhili wasematshaweni apha.	Normal	45
dev_isixhosa_00358	nifuna ntoni kwezi nkothovu zamaxhego? tshotsho yeses.	Normal	54
train_isixhosa_00499	ngomphi umnqundu ongumxhosa othi akahlonitshwa ndim kwamane kusithiwa ndihloniphe ulwimi ndingazi ukuba mnqundu waphi othi la level 6 undifanele nothing akandifanelanga?	Abuse	169
train_isixhosa_01477	@username maybe thts why ubabazi engasebenzi 🤔 uthwele ibhadi ehamba nje ##url	Normal	78
train_isixhosa_01099	umthakathi la mama 😩 #isono #isonobet🐍 #betafricaoriginal ##url	Abuse	63
train_isixhosa_01555	"eliqinayo""@username : ntombi iqaba :( #bbmzansi"""	Abuse	48
test_isixhosa_00209	@username isidlwengu esi qha 🤣	Abuse	30
train_isixhosa_01945	@username futsek andizothetha 😂	Abuse	31
test_isixhosa_00240	@username yazi umntu ngaske athethe straight, angakwenzi isibhanxa	Abuse	66
train_isixhosa_00559	ngathi funeka ziphindwe zisikwe ezi pipi zenu zange nifunde nto ##url	Abuse	69
dev_isixhosa_00522	@username ixoxo nexoxo liyazixhumela😂😂	Normal	38
test_isixhosa_00414	amatshawe amahle kwedini ❤❤ ##url	Abuse	33
train_isixhosa_01520	sbwl 😥😥ukuya qha ootsotsi base goli bangantshontsha no nomqondiso lo uwunxibile #springbokchampions #johannesburgcbdcrime	Normal	121
train_isixhosa_00763	inxila ulibona kanje ##url	Normal	26
train_isixhosa_01424	@username kwakusayiwa kwakhe kuyokutyiwa.we had a day full of fun activities and drwinx.sasesi sauced.lakhutshw' inqatha emlonyeni 😭💔	Normal	133
dev_isixhosa_00542	awukwazi ukusaba igundwane umfishane , uthi alidlale nobani? ##url	Normal	66
train_isixhosa_00306	undenz'inxila yazi 😂😂 it's still very early ##url	Abuse	49
train_isixhosa_02463	i really need to understand ukuba ku difficult to tell i partners zenu ukuba umlomo uyanuka?	Normal	92
train_isixhosa_02568	"mcebisi jonas's ancestors after he turned down r600m. ""kwedini kutheni? integrity izozibhatala ibills?"" ##url"	Abuse	109
train_isixhosa_01959	ingcuka yombethe ufele lwegusha ##url	Normal	37
train_isixhosa_02139	yenza njalo indoda vese... rabishi urabishi nje ##url	Normal	53
dev_isixhosa_00456	@username yiyo lento niqhuba ikaka😂	Abuse	35
train_isixhosa_02347	lazibuzisa inxila lol ##url	Abuse	27
train_isixhosa_01143	"""inoba ubhodl' ibhentse one way wena mfethu "" ##url"	Normal	51
train_isixhosa_01150	@username uzoba ustufuza mzalawami 😂😂	Normal	37
train_isixhosa_00387	sekugula inja manje 🤦🏽‍♀️	Normal	25
train_isixhosa_00957	kanene ndake ndazama uzenza igintsa elithile ndisakhula ndihamba ndiphethe imela ndisakhula. ukuyisebenzisa lomela kwaphelela enkukhwini, isitrato saphontsa sandimosha	Normal	167
dev_isixhosa_00566	@username ufuna khulisa pipi nha 🤣🤣🤣	Normal	36
train_isixhosa_02581	@username uyadelela msunu kanyoko.	Abuse	34
train_isixhosa_00420	@username ingqkwenza ixoki i iweather yalapha	Normal	45
train_isixhosa_02058	@username bhuti wami ibuhlungu indaba yokubulawa kuka senzo meyiwa🙄ngoba ebulawa wayenabantu ngeke kube abambonanga umbulali...ukube basheshe bambopha ngabe usaphila ubaba u sam meyiwa...umthetho wasemzansi uyenzelela. @username #ezemidlalo ##url	Normal	246
dev_isixhosa_00133	@username heh madoda ngithi lomuntu uhlala akhuluma ngami nje ..ngicela ukbuza au'khathali nje #futsek #bhekindabazakho..#refiloe 🎧	Abuse	131
train_isixhosa_02444	"yebo kunjalo fakude ""@username : sesihamba nakho njengomkhuhlane? rt @username amahlala khona ""@username : aku-hangover umsunu kanyoko!"""""	Abuse	137
test_isixhosa_00156	@username ingase akhe agezele elinye igeza,just once	Abuse	52
train_isixhosa_00859	imihlola! kwi @username bakhuluma nge pregnancy &amp; contraceptives. naso ke isitabane sifakaza naso, sebeyamitha yini o double adaptor?	Hate	137
dev_isixhosa_00418	yooh thami notatakhe likhona ixoki phakathi kwabo, atsho ngongabinamazinyo apha lotata #khumbulikhaya ##url	Normal	107
train_isixhosa_01834	@username you are on your ukuba umdidi ungangifhaki phakathi kwemdidi, mdidi ndini ##url	Abuse	88
train_isixhosa_01703	“khonba ngumngcwabo kim? awabisathwala neqhiya le yembala? uzakundijongisa yazi, kuthwe idyan itshate unoqatiko” ##url	Abuse	118
train_isixhosa_01619	khona abantu obabona ngisho bewuvalile umlomo ukuth uyanuka. bawuvula nje kuthi gwab'thaphu. 😭 ##url	Normal	100
train_isixhosa_00910	@username as for “mama umdala”🤣🤣🤣🤣. umsunu kanyoko omdala msunywana!!! 🚮	Abuse	72
train_isixhosa_00926	ayintle igirlfriend yam yenza umnqundu	Abuse	38
train_isixhosa_02418	bathi ixoxo nexoxo liyazigxumela kanti wena ufuna ugxunyelwa ngubani? vuka ezenzele! uzoythola kanjani uhleli ekoneni?	Normal	118
train_isixhosa_02462	ufike inkwenkwe ibizwa ngomkhwenyana, ngumkhwenyana obetheni engakhuphanga nekhonishi eli, unani kona ulamthuthu?	Normal	113
train_isixhosa_02103	@username uthwele ngaye 🙄🙄 ##url	Abuse	32
test_isixhosa_00163	hayi kaloku, golo lenja. ungalinge undiqhele ikaka. ##url	Abuse	57
test_isixhosa_00245	ngithi ngilamulele mkhululi wami - kuthiwa makhosi ngonile manje...  qula kwedini mfana	Normal	87
train_isixhosa_01646	chuma: chomi, lendoda yakho usipha ikwenza isibhanxa my f yhuu.  siba: eish chomam 💔😭😕 ngandiphe leyakho indoda ikwenza ugqirha.   tsiiiii 😂😂😂😂😂😂😂	Abuse	146
train_isixhosa_00104	uyilumela ntoni incanca yam kodwa, yintoni le uyenzayo?😔😔	Normal	57
train_isixhosa_01977	@username hey uthi kutheni wena kwedini, siyakhaba ke uyazi asikhabi bhola yodwa, we kick nabagezayo, sumosha mini yethu no admin ##url	Abuse	135
train_isixhosa_00256	inxila elizi miseleyo 🔥🔥 ##url	Normal	30
train_isixhosa_00335	"@username wathi kimi ""msunu kanyoko"" azange ngikholwe. ##url"	Abuse	60
train_isixhosa_00960	walizama igundwane ngabe lidriva ngani without wena bafo 👏 ##url	Abuse	64
train_isixhosa_00521	umbona ngoxhafuza i chappies emngcwabeni unondatshaza uba uphezu ko chuku. ##url	Abuse	80
dev_isixhosa_00166	ibhentse keng?🤣ke kuku? ##url	Normal	29
dev_isixhosa_00329	with all due respect, umnqundu wakho ♥️ ##url	Abuse	45
train_isixhosa_01997	inkawu ityiwa ilila imfene isinda ngogoloza😂😂😍 ##url	Normal	52
train_isixhosa_02067	"""oko wayethe he will fill my wine rack, ndisalindile ke ngoba ndim isibhanxa sakhe. kodwa ke ndithanda lento yoba ekhetha ubhanxa mna nikhona nina."" elam iphepha litsho, shem! ##url"	Normal	181
dev_isixhosa_00023	umthakathi unyoko-mkabayi #isibaya	Abuse	34
train_isixhosa_02414	awuthi sibambe a light snack and drinks kwa-s'phiwe. @ ilawu botanical hotel &amp; studios ##url	Normal	96
test_isixhosa_00214	osogqiba kungene utsotsi. uzolwa njani 😐 pipe dangling outchea	Normal	62
train_isixhosa_01679	isilwanyana yinto ephilayo engengomntu, ukusuka kwiinkomo uyotsho kwiingonyama.  nyamakazi - isilwanyana esizingelwayo sasendle   imfuyo - isilwanyana sasekhaya ##url	Normal	166
test_isixhosa_00568	@username ixoxo nexoxo umazigxumela 😅	Normal	37
train_isixhosa_02600	musa ukuba umsunu wena ##url	Abuse	28
train_isixhosa_00448	@username phoswe incanca ngenxa yesidima	Normal	40
test_isixhosa_00030	#ndicelubuza wafundiswa ngubani ukufunxa incanca?	Normal	49
dev_isixhosa_00249	maputla isidenge 🤣🤣🤣🤣 ##url	Abuse	27
dev_isixhosa_00271	@username futsek, ndosi ungayivumi lekaka #lockdown	Abuse	51
dev_isixhosa_00212	kushone a22bafundi ngomdlalo ‘isitabane’ ##url via @username 	Normal	61
train_isixhosa_00754	muhle umnyamana wami. ❤️	Hate	24
train_isixhosa_00573	@username wangiphoxa. mdidi wakho nxa	Abuse	37
train_isixhosa_00616	@username vuke cinga lomntu udlwengule uhili kanti uhili lo yintoni na kahlekahle ngumntu or sislwanyana?@username 	Normal	115
train_isixhosa_00949	isidlwengu siqhawulwe ulwimi lixhoba, @username lesixhosa. heke tshotsho, ngeqhawule kwancanca leyo, nja! ##url	Normal	111
dev_isixhosa_00487	@username into yokuthatha igeza ulifake endlini ulenze umfazi	Abuse	61
dev_isixhosa_00405	i think ariana grande uyayithanda incanca enkulu.	Normal	49
train_isixhosa_01146	ungavumi bakwenze umsunu ❤ ##url	Abuse	32
train_isixhosa_01187	@username igeza lomntana eli 😊	Normal	30
train_isixhosa_02371	isbindi esingaka nje sokubamba ixoxo😭 ##url	Normal	43
dev_isixhosa_00326	@username mtshele ukuthi ngithe mdidi wakhe uthandeka 😫😫😫😫 ##url	Abuse	64
dev_isixhosa_00268	lmao😂😂😂😂😂... ngabe ngiqhathwe imuphi umthakathi la.	Abuse	51
test_isixhosa_00062	umjita ofihla incanca after sex🚩🚩🚩🚩🚩	Normal	36
train_isixhosa_01443	"hahahahahaahhahahaaha ..""@username : ""ave liyingxaki igeza elinxiba isuti!!"" 😂😂😂😂😂"""	Abuse	83
train_isixhosa_02198	"@username yintoni iqaba? ngumntu nonjani iqaba leqiqisholo? you have been captured ad ""advocate, is that your professional qualification or your wish?"	Abuse	150
train_isixhosa_02296	yazi le weather yalana e- #southafrica ifuna sengathi ungahleli uready. 🤔 on one hand iy'mpahla zakho zoku #groove zihleli zilungile and on the other hand 💁🏽‍♂️, kumele uhlezi une airtime yokufonela ustufuza wakho. 😔😩 ##url	Normal	223
test_isixhosa_00276	lol hahaha😂😂😂😂😂😂😂😂😂😂😂😂😂 ngathi uyanuka😂😂😆😆😅 ##url	Abuse	49
train_isixhosa_00867	@username umntu ongathobeli mthetho wepalamente makaguzulwe kubengathi kukhutshwa ihagu egadini sidikiwe yilentsumantsumane @username 	Normal	134
dev_isixhosa_00399	sa khohlwa nje fast ngothato ngathi ikaka liflushiwe etoilet 😭	Normal	62
train_isixhosa_00170	fezile and nkawana type of love 😍😍😍 #isibaya	Normal	44
train_isixhosa_00386	@username uyanya ke ngk kwedini	Abuse	31
train_isixhosa_01757	ayinkalwa ichiefs ingathi kubethw'isela ngoku!	Normal	46
dev_isixhosa_00541	@username uxelelwe what to do abe umntu epholile yena. ekwenza isicaka sakhe😭😭	Abuse	78
test_isixhosa_00396	@username lips ngathi zezomunca ibhentse💦💦💦💦🤧🤧	Normal	46
dev_isixhosa_00394	#engcobo kukho buteri ethile yayitakise omnye usisi,  ebusuka yava kukhala ihagu ebhedini 😂😂,sisi usayothakatha,shiye le chap igone ihagu🙊🙊🙊	Normal	140
train_isixhosa_02266	seyalala ustufuza ❤❤❤ ##url	Normal	27
train_isixhosa_02090	"""uphumile uhili ezingcongolweni""#ashestoasshes"	Normal	46
train_isixhosa_02604	umntu wam is always dreaming shit about me.  uyandibalisela about this crazy dream he had and +/- 2weeks ago, wathi uphuphe ndisenza isidudla ngebakkie elwandle😂😂😂 😂	Normal	165
train_isixhosa_00066	@username isidudla esine dread, mark henry phela loyo	Hate	53
test_isixhosa_00464	"wavele wayibeka yavakala !! ""@username : ubomi ngumzamo isigebenga ngumntu."""	Normal	76
test_isixhosa_00164	@username awuzwe elinye iphixiphixi ##url	Abuse	41
train_isixhosa_00223	😂😂yonke i forward pack inxila kade ##url	Normal	40
train_isixhosa_00058	nali ikula bo,yeyi ngyavivinywa 😁	Hate	33
train_isixhosa_00625	lahla isibhanxa uhoye isiqu sakho. akho skhathi sodlalisa.	Abuse	58
train_isixhosa_00532	@username awuchananga cwete ,uchane igundwane uqobo lwalo nge naliti lmk! #davidvsgolliat	Normal	89
train_isixhosa_01292	"it's only black parents who can hit you and say ""ayithukwa inhlamba layikhaya,  mgodoyi.... "" ##url"	Abuse	99
train_isixhosa_00705	@username zama inkazana yapha izakufundisa😂	Normal	43
train_isixhosa_01458	"lmfao 😅😂@username : ihule elifuna uwinwa ulibona ngofuna usela icider nge straw, funeke ime inice time sikhangelana nestraw for yena"""	Abuse	133
train_isixhosa_02590	ufuna iqaba 😂😂 ##url	Normal	20
train_isixhosa_02127	@username umsunu kanyoko kwedini	Abuse	32
test_isixhosa_00113	silapha ntozobawo masibukeleni #acrimony kodwa inyani yona ikula battery 🤣🤣🤣🤣 hai kodwa @username is running shot with content ngekhe how much times should we watch #acrimony #2021 ##url	Normal	186
train_isixhosa_00921	lmao, ever noticed indlela exhaphaka nezizela ngayo ibhentse when you're dating? same way exhaphaka nezizela ngayo after you just decided to bow out and go celibate for a while or until a certain period of time. now that, we don't talk about enough.	Abuse	249
train_isixhosa_00932	@username enye inkazana endala yayimane indikhuza ukutyeba ndam blocker wathi saa, asizogezelwa ngabantu bethuna	Normal	112
train_isixhosa_01925	@username uphi umbalula xa kunje nkosiyam ebezonya utsotsi	Abuse	58
train_isixhosa_01453	igeza libona ugqirha walo esenza iipush -ups, lisondele, lihleke lithi ''uphambene wena, umke kudala lomntu umtyayo''	Abuse	117
train_isixhosa_01707	@username angisilo ixoki angeke ngimbize @username ##url	Normal	56
dev_isixhosa_00432	@username yayindenza ihule lendoda kakhulu leya yakqala.	Abuse	56
dev_isixhosa_00531	ngophuncuka bephethwe ezo pipi, zisepha emanzini. ##url	Normal	55
test_isixhosa_00024	@username nawe msunu kanyoko zingcili zegolo 😂	Abuse	46
train_isixhosa_01097	the pain and buhlungus of watching  umjita wakude elobola isifebe sendawo 😭 ##url	Abuse	81
train_isixhosa_02649	@username ndikudla ihagu emnyama!!!! 🤣🤣🤣	Normal	40
train_isixhosa_01798	anisho... nisaba igundwane 🐀 noma ispeed salo??🤷🏽‍♂️	Normal	52
train_isixhosa_02040	kuzo zonke ezindawo zisemaphandleni nakwezidilophu zincinci apha eec kunjalo. uqala nje phezu kwe nciba uyoma nge kokstad, at atleast one community kuzo zonke ezadolophu, isela amanzi nemfuyo. ##url	Normal	198
train_isixhosa_02228	""" hey umhle ndicela ukwenza isibhanxa"" yintoni enzima apha bra's!😑 ##url"	Abuse	72
train_isixhosa_02170	ngomphi umnqundu ongumxhosa othi akahlonitshwa ndim kwamane kusithiwa ndihloniphe ulwimi ndingazi ukuba mnqundu waphi othi la level 6 undifanele nothing akandifanelanga?	Abuse	169
train_isixhosa_00591	i wonder what would happen  if umthakathi eyothakatha ahlangane nomthakithi in th same place ##url	Abuse	98
train_isixhosa_01492	xa isizwe silawulwa inkwenkwe kuvele kucace,bathi ngamadoda kuba bephondla abazi ubudoda bubudoda ngezenzo,anengxaki kodwa amazulu nyhani.	Normal	138
train_isixhosa_00558	ucinbangba izizinja zingayeka ukudla i seychelles den zizxlele zizodla i nigeria futsek ##url	Abuse	93
train_isixhosa_00438	ndateketisa ibhulukazi kuba ndifuna ashenxise i call 😂😂😂😂 bekukhala ooskattie no bokkie 😭😭🤣🤣🤣🤣	Normal	94
train_isixhosa_01534	kodwa umandla wathathwaphi??...ayi iqaba leli #isibaya ...now hes getting high on his own supply	Normal	96
train_isixhosa_01518	@username ukhuluma isizulu lo mlaleli alikho elinye igama isifebe yisifebe sohlezi siyisifebe.	Abuse	94
train_isixhosa_02603	@username yeyi ungavumeli lezinja ezinomhobholo ngempumelelo   they must futsek!!!	Abuse	82
train_isixhosa_02640	#askmeanything sundoyika andisiso isilwanyana	Normal	45
train_isixhosa_01238	27.12.2021 ayanda and chuma’s homecoming.  akalali umntu ozele inkwenkwe! ⚫️⚪️#asitolikwa @ cookhouse, eastern cape, south africa ##url	Normal	135
train_isixhosa_00383	@username asisthandi isidudla esijimayo 😭😭	Hate	42
train_isixhosa_01926	iqiniso nje futhi..!! “@username : cause nitwitta ikaka sometimes, uhlezi esho @username yazi”	Abuse	94
train_isixhosa_01454	@username . sifebe thula khawuhambe uyohlamba uyanuka.	Abuse	54
train_isixhosa_00651	not abantu abadala asking me; 'usibekephi i'stout?' heh maybe lock down is over on the other side bakithi! 🙆 ngasifuna i'stout it was the only missing offering... heh!! bangiphendula igeza kudlaliwe ngam'! ngagciniswa nestout sabantu abadala kwakutheni egezini elifana nam 😂😂😂	Normal	276
train_isixhosa_01179	@username ixoki seliwutholile umsebenzi	Normal	39
train_isixhosa_00228	ukhule eyithanda incanca endala lamntana. #opw	Normal	46
train_isixhosa_02193	umbulali wonke... sikhona💔 ##url	Normal	32
dev_isixhosa_00356	#np isela @username ntombi ulisela wayintshontsha intliziyo yam.nice one	Normal	72
train_isixhosa_00816	aniyeke isitabane sodumo 😂😂 ##url	Hate	33
train_isixhosa_00597	#abomama nangu umbulali eshukumisa umncabo bo😂😂😂😂😂	Normal	50
train_isixhosa_01007	@username bamqhela inja omny'umntana abo... nala nkothovu ingu tk	Normal	65
train_isixhosa_01332	surely lo mgodoyi kwaku khokhe invoice ye tender thizeni.. ##url	Abuse	64
dev_isixhosa_00203	@username but she also said she was never in love with senzo. isifebe sangempela	Abuse	80
train_isixhosa_00055	@username ilungu elingathobeli mthetho wepalamente maliguzulwe kubengathi kukhutshwa ihagu egadini sidikiwe yilentsumantsumane @username 	Normal	137
train_isixhosa_02440	only way esizomamela ngayo!! amajoni azokhaba isibhanxa! ##url	Abuse	62
train_isixhosa_01415	@username : kodwa ngabe ixelegu lakuphi lelo !!!!	Normal	49
dev_isixhosa_00305	hahahaha  sundenza inxila . ndisindisiwe 💕 ##url	Normal	48
train_isixhosa_01480	lonto unomsindo phehlukwayo akayinkankathi lebhola ingathi ukhupha ihagu egadini. lonto le bowler iyankala tyhini	Normal	113
train_isixhosa_00283	@username musa ukuthumela abantu engingabazi ukuthi bangi-phenye ukuthi ngingubani.  sizoba nenkinga mkhulu! angisona isigebengu noma isela	Normal	139
train_isixhosa_02586	😂😂😂😂😂😂😂😂😂😂😊🤣🤣🤣🤣🤣🤣🤣🤣🤣🤣🤣🤣🤣🤣🤣🤣🤣🤣🤣🤣🤣 uhili uphumile ezingcongolweni😂😂😂😂😂😂😂😂😂 ##url	Normal	78
train_isixhosa_00300	iqaba mfana kagogo @username 	Normal	29
test_isixhosa_00556	@username ingaba mdaka ifanele ihagu lol	Normal	40
dev_isixhosa_00351	@username lomuntu i'm sure uthe futsek ngathi ubona inja 😂🤣😂	Abuse	60
train_isixhosa_01528	ndathi kuwe kwedin indoda ayinxibi gown masende akho. indoda ilala nge underwear msunu. ##url	Abuse	93
train_isixhosa_02464	"ziznja! ""@username : aaron left his wife for inkazana ngok la nkazana iyatyiwa ufuna ubuyela kumfazi wakhe 😭😭😭😭 amadoda bethuna"""	Abuse	128
test_isixhosa_00004	uphumile uhili ezingcongolweni!!!	Normal	33
train_isixhosa_00803	andifuni noyibona incanca in my life, inoba ndingatswina. ✋🏾 hayi. ##url	Normal	72
test_isixhosa_00423	makuthiwa kunuka umsunu kusuke kushiwo into enje 😂😂😂🙏🏽🙏🏽🙏🏽	Abuse	58
train_isixhosa_01346	@username ukuze ndibe nengqondo kufuneka ndincome ukuba banxibe kakuhle aba nontroyi? mna ndingumzali ndinabantwana abangama ntombazana,asoze owam umntana aphume endlini enxibe kanje kweli lizwe likhohlakele kanje. im not sure about you ke wena.	Abuse	245
train_isixhosa_01448	blaq dash iqaba_kusemhlabeni🙏🔥🔥🔥 sengivele ngenza nje... coming soon @username ##url	Normal	84
train_isixhosa_02083	@username yho babemqhela ikaka umntanabantu 💔	Abuse	45
train_isixhosa_01546	lide latola ilawu. wena wonke mkhuluwa ubhale nge atm? ##url	Hate	60
train_isixhosa_01558	thetha ikhozo le nja ##url	Abuse	26
train_isixhosa_01395	@username subayikaka.indoda ayiyenze lenyo uyenzayo.don't behave like inkwenkwe bharee	Abuse	86
train_isixhosa_02608	@username iqaba ibifudula ubangabantu abaqaba imbola emakhaya,yiyeke ubangoku idityaniswa nemfundo etshotayo. lilonke ungaliqaba ufundile	Normal	137
train_isixhosa_00199	isidudla masigqoke u all white ngathi 5litre wamasi😹😹😹	Hate	54
test_isixhosa_00573	@username kudala emenza ixelegu ujali losisi, i remember they had just started dating and these girls were interviewed omnye wathi ....”and uyatowna uandile akiyfuni noyibona”🥺🥺🥺🥺🥺🥺	Abuse	181
train_isixhosa_01550	@username wat i have seen mna ngabantu abadala ukunyoluka kwezalali zethu qha oko fike besithi awunokwenza umkhuluko nge gusha for mama wakho mele ibe yinkomo🙆‍♂️	Normal	162
test_isixhosa_00221	yangathi ngunondrokhwe lelokhwe😂 or ndim iqaba.. ##url	Normal	54
train_isixhosa_00128	@username umthakathi wangempela ke wena	Abuse	39
train_isixhosa_00936	@username uthembe inja eyingalumi	Normal	33
train_isixhosa_01076	stethoscope asingeni kwi relationship, kulapho konakala khona ke xa uzobe uthwele la burden yase work uzenayo @username ##url	Normal	125
train_isixhosa_02215	@username 😂🤣😂 ngubani isidenge? sundiqhela wena. yandiqhela leway yaz'.  akhange ndiyibone lo dm yakho yobudenge.	Abuse	113
train_isixhosa_00220	@username thiza wabanjwa unomokhwe! 😂	Abuse	37
dev_isixhosa_00138	ixoxo nexoxo liyazigxumela, wena ufuna kugxunyelwa uba? 🤔	Normal	57
train_isixhosa_01554	@username angeke liphinde lisebenze leli pipi ##url	Normal	51
test_isixhosa_00013	@username awumbuze yaz umxabanisi lona 😆 ##url	Normal	46
train_isixhosa_01161	pravin mgodoyi ukewulisa okomdlwane engakafiki ngisho ehhovisi likamabusana. imagine when he is being grilled just about sars matters alone nje singakayi kwezestate. azishe mabusana @username . sisemva kwakho sihole mama. ✋🏾kusazobalit 🔥🔥🔥 ##url	Abuse	245
train_isixhosa_00366	umuntu wesifazane udinga  uthando❤pipi🍆iskhathi⌚pipi🍆ukuhlonishwa😇pipi🍆kanye nemali ne pipi🍆futhu😂✊💃🚶🏃 ##url	Normal	108
train_isixhosa_01938	@username uyalazi imenemene bafo	Normal	32
train_isixhosa_02660	bendibona elinye inxila. ugrand wena😂😂 ##url	Normal	44
train_isixhosa_01594	inqhuzha ngyayithanda umsunu angitsheli inndaba yegolo	Abuse	54
train_isixhosa_02155	@username mdantsane, mecca of boxing, last born tete, inkawu ityiw'ilila imfene isinda ngokugoloza;-) ##url	Normal	107
dev_isixhosa_00057	isitabane syadabukisa bafwethu geotologist uzohleka ###url #kingsomnala	Hate	71
train_isixhosa_00554	"""ungandenzi isidenge, ngoba ndikujongile kwi list yo clever awukho""."	Abuse	68
train_isixhosa_02434	uhili 😂😂😂ningadlali ngomandy @username 	Normal	39
train_isixhosa_01715	@username isibhanxa somntu eso	Abuse	30
dev_isixhosa_00544	@username lmao mnqundu wakho kwedini	Abuse	36
train_isixhosa_00815	my cousin's friend inxila umqundu 😔😒	Abuse	36
test_isixhosa_00205	#ukhozifmnye  niyazihlanyisa nje nina futsek futhi, angithi niyazi ushwi nomntwekhala kwathiwa warojwa njan🤷🏾‍♂️🤷🏾‍♂️🤷🏾‍♂️  benitsheliwe nje now utshatha but niyazihlanyisa	Abuse	172
train_isixhosa_01980	igintsa lomthetho 🤣🤣🤣 ##url	Normal	27
train_isixhosa_01578	@username leyo mdidi futhi. ivele ithi nangu umuntu wakho everytime eqamuka ##url	Abuse	81
dev_isixhosa_00534	ngathi yi peta ye mango emuncinyiweyo ##url	Normal	43
test_isixhosa_00515	@username amaxesha amaninzi lento ibangelwa zingxabano nokungatembani kwanekohlakalo egcweleyo kuthi madoda iinkudla mazigwebe umbulali	Normal	135
train_isixhosa_00954	"iqhula: ""eli gama lingu 'incanca' livakala ngathi sisiteketiso! kufuneka igama elitsha elifana no 'isiguqubhuve'"" - tats nkonzo #naf2017 ##url"	Normal	142
train_isixhosa_00038	"sekhe wabona i couple eno mntana omncinci, uyijonge le couple uthi ngaphakathi ""futsek ayingomntana wenu lona, ngumzukulwana""?"	Abuse	126
train_isixhosa_00645	mkr, kodwa incanca yona awuyifihli kwi yoghurt ##url	Normal	52
train_isixhosa_01531	@username to our men: nohlulwa yinto ubane pipi eme kanje nibancinci kangaka 🤣🤣🤣🤣🤣? ##url	Normal	89
train_isixhosa_00269	@username uma unuka uyanuka	Abuse	27
test_isixhosa_00191	the real reason why utanci nomalume babesithi indoda ayikhali kwedini! you end up trending fo the wrong reasons kuthwe ungu #babeswenyembezi ##url	Normal	146
train_isixhosa_00552	lol. ungabi iqaba. ngik’thembile ##url	Normal	38
train_isixhosa_00506	iphi incanca jabu? ##url	Normal	24
test_isixhosa_00449	"nigga you got issues ""@username : @username yey wena msunu kanyoko onamalebe anempethu, sigxabhesgxununu manze egolo uyajweyela wena masimba"""	Abuse	141
train_isixhosa_01004	@username ave singalilalela ixoki lethu, ligwexe ukhozi ishow yonke 😂😂😂	Normal	71
train_isixhosa_00637	inkwenkwe xa inamandla ayihambe iyoziva amandla kwamanye amakhwenkwe edlelweni	Normal	78
train_isixhosa_00512	iyabagezisa incanca ndikxelele. ##url	Normal	37
test_isixhosa_00296	@username uzamile ke kodwa. akufani noncamisa mfene	Normal	51
train_isixhosa_01592	ixoxo nexoxo liyazigxumela #tweetinyourmothertongue	Normal	51
train_isixhosa_00947	@username hamba uyobuza unyoko mgodoyi.	Abuse	39
train_isixhosa_01562	@username iphixiphixi le ndoda	Abuse	30
train_isixhosa_00232	@username uma sishisa umthakathi siyaye sishise konke okwakhe	Abuse	61
train_isixhosa_01326	@username ndiye ndathi yeyabani mna kuqala? umdala ke for incanca khehle ##url	Normal	78
train_isixhosa_01733	mhle ke u deputy minister ndabeni. uyilerali ndithunga ngayo .....undikhumbula ndisemtsha kwedini !	Abuse	99
test_isixhosa_00382	ndi sure if umalusi ebembethile lamfazi ngenixingxolela nge gbv. wenza right ugigaba. velela injakazi le. ##url	Hate	111
train_isixhosa_01663	@username #ngqondi..: ixoxo ne xoxo liyaziphandela....singayi engomeni njeee?	Normal	77
train_isixhosa_02325	kwabe kungabandi ehewu ngelo xesha, ingqeqe iqabaka ndiyijongile kwedini......	Normal	78
train_isixhosa_00572	@username lol yamfuna uhili?	Normal	28
train_isixhosa_00882	"zajikizinto, ""ixoxo nexoxo liyazigxumela wenufunugxunyelwa ngubani"" the late mandoza #absa"	Normal	90
dev_isixhosa_00185	@username ninjalo ke ebhayi xa nixhoma, you wear sunglasses inside the house. sun...glasses kwedini!	Abuse	100
dev_isixhosa_00390	@username 😲 thenga oomarhosha ungaba ubenentlahla komnye wabo	Abuse	61
train_isixhosa_01777	kodwa nkosiyami waze wanesono umbulali kazi yena uyophelelaphi  ulale ngoxolo senzo meyiwa	Normal	90
train_isixhosa_02066	yazi lo mnqundu undiqhela umnqundu bekunini ngoko ebethe uzoza kum ##url	Abuse	72
train_isixhosa_00310	ukwenziwa isibhanxa yhooooo bawo ##url	Abuse	38
test_isixhosa_00544	siyabethwa isibhanxa pha! close combat 🔥🔥🔥 ##url	Normal	48
test_isixhosa_00567	@username utsotsi unjalo  angisho ufuna  abantu  abazomu jamele ufihla  ubumbi  bakhe  ngokwenzela  abantu  okuhle, ntombi primrose skosana esoweto	Normal	147
train_isixhosa_00261	@username ngubani lo unukayo?😂	Normal	30
test_isixhosa_00514	undenza ixoki lona, iyandhlupha lento 😔	Normal	39
train_isixhosa_02280	@username ustufuza kodwa wamuhle	Normal	32
train_isixhosa_01749	@username vuke cinga lomntu udlwengule uhili kanti uhili lo yintoni na kahlekahle ngumntu,sislwanyana or ngumoya omdaka?dbn	Normal	123
test_isixhosa_00450	#realzulus igolo lelo...hambani nobhebha inja lol	Abuse	49
dev_isixhosa_00220	@username ngova, kwedini boke uthule xa kuthetha u nongxowa. ubalekisa elidlagusha ngezi  politics zenu ze bmf zingazi na niks after all. yekani ukuba zii populists maan	Abuse	169
dev_isixhosa_00514	uyobukela imatch atarven ufike umeza esingathe inkawu!!! rhaaa ekomani ninezinto	Normal	80
train_isixhosa_00391	uguge gqitha for mna *dead* yhu!! isgezo asinqabanga apha, uthetha njani nomntu omdala kwedini?! lmao hahahahaha *dead*	Abuse	119
train_isixhosa_01753	“sindenz’isbhanxa mlulami”  nothing xhosa women hate more than ukwenziwa isibhanxa.  “ubonugogo xa undijongile? kutheni usibuyisela emva nje?”   that’s when they stay crying.	Normal	174
test_isixhosa_00346	#moyane uthi udikiwe ukwenziwa inkwenkwe ngumphathiswa. 😀😀  #pravingordhan	Normal	74
train_isixhosa_02282	@username umnqundu wakho kwekwe	Abuse	31
train_isixhosa_00973	@username andil'kholwa inxila, ndobona ngezenzo! don't be around me ngoba i'm going to tempt you.	Normal	97
train_isixhosa_00574	@username ugezwa wedwa lowo 5 minutes yini kangaka ngoba indoda igeza u 3 minutes bafo ##url	Normal	92
train_isixhosa_00718	@username awdingeki ! unezifo 😂😂😂😂 uthwele ukungcola	Abuse	52
dev_isixhosa_00027	kudibene ikaka zabantu apha 😭 ##url	Abuse	35
train_isixhosa_00010	atsho nge boots umnqundu wakhe.	Abuse	31
train_isixhosa_02321	ufuna ukusibonisa  incanca ##url	Normal	32
test_isixhosa_00513	ihule.unomokwe.umehlukho yintoni apho?@username ##url	Abuse	53
dev_isixhosa_00225	xa isizwe silawulwa inkwenkwe kuvele kucace,bathi ngamadoda kuba bephondla abazi ubudoda bubudoda ngezenzo,anengxaki kodwa amazulu nyhani.	Normal	138
train_isixhosa_01617	@username bida umthakathi. xa ulala wedwa uvuka early guys	Normal	58
test_isixhosa_00059	@username uyaphangela na ngok kwedini?	Abuse	38
train_isixhosa_02245	@username 🤣 🤣 🤣 🤣 if you guya didn't comment here benizobona inkomo isela umhluzi ndiyakuxelela ndifunga umafula ngaso🍑 inene. just like👇 ##url	Normal	143
train_isixhosa_00061	@username i'm not even zulu wena masimbe nja usho ngegolo elimanzi ungazoxephel isgxunu malebe wakho ebolile abuza ephethu	Abuse	122
train_isixhosa_01184	"""ungavumi ukwenziwa umnqundu"" - william  shakespeare ##url"	Abuse	58
train_isixhosa_00268	"co-msunu""@username : umsunu kanyoko ""@username : umqondo ongangekinati ke lo rt @username : thats what u gain when u have about"""""	Abuse	129
test_isixhosa_00579	"@username umntu andifonele ngoonyezi athi ""ndenza ntoni"", ndivele ndithi ndixela ihagu, ayisecace ndikobude ubuthongo ngelo xesha."	Normal	130
dev_isixhosa_00459	"umthakathi unyoko :""""""""""""d"	Abuse	26
train_isixhosa_00151	@username heeh uyamlwela uzintle makazilwele🤣🤣 akhomntu wamntu apa mfazi inkawu ityiwa ilila imfene isinda ngokugoloza😂😂	Normal	120
train_isixhosa_00744	weeee kwedini kushota ozophatha ibotile ibheke phezulu. simnandi kodwa isintu xa singazuxutywa nanto. ##url	Abuse	107
train_isixhosa_00111	@username umsunu kanyoko fxck yena animuthole ngimufake inhlamvu	Abuse	64
train_isixhosa_00142	@username iyakunceda lonto. thatha igeza lakho uphole	Abuse	53
train_isixhosa_00783	inja yes’valo leyo 🙌🏼😂😂 ##url	Normal	29
dev_isixhosa_00550	i wonder i #bafanabafana yokoluka nini ngoba iintanga zayo zolukile e #rusia2018  yhooo inkwenkwe endala kangaka. ##url	Normal	119
train_isixhosa_02386	"""nantsi ipoqile incanca ngaphandle@username : skinny pants and some all stars.."""	Normal	80
train_isixhosa_00355	@username indlela engicabanga ngayo ngathi wena u cabanga ngo mdidi wakho.. ##url	Abuse	81
train_isixhosa_01408	@username ,corruption,urhwaphilizo,ukunyoluka,umrhobholo,wabantu abathanda imali	Normal	80
train_isixhosa_00659	@username idle ukudla idle nami futhi lo mgodoyi 🐕🚮	Abuse	51
dev_isixhosa_00564	"""@username : kahle nkawana!!! #nkafezile #isibaya #isibayamzansi"" lol kunjalo nje mtakababa!"	Hate	92
train_isixhosa_01482	toiletries? uyanuka yini umjita wakho ##url	Normal	43
train_isixhosa_00832	@username bebesa popola ba situation yethu izaba njani kule season then basihluthe inqatha emlonyeni maar uthixo ukhona member	Normal	126
train_isixhosa_01738	mntase lomlomo unukayo uzawunceda ngantoni? @username 	Abuse	54
train_isixhosa_00686	inqwelo = isifebe	Abuse	17
train_isixhosa_02039	inoba igameplan yebafana ikula usb ka babes wodumo edukileyo. andiyazi tu lanto bendiyibukele izolo.	Normal	100
train_isixhosa_00466	@username masthathu, nompundwananye, nkomozibomvu. ilawu, xolo ngokphaphela i just saw isduko sam kuwe mas3❤️	Normal	109
train_isixhosa_01419	"tyini! :'d ""@username : @username hay! uzenza isithulu. uyayazi sithetha ngantoni :'d"""	Normal	86
dev_isixhosa_00328	ezintwana ke zingayakhela inkawu ngenja ipirates , remember maluti college? ##url	Normal	81
test_isixhosa_00496	senazi nokuth ubani umbulali webaphenyi abakhulu 🤦🏽‍♀️🤦🏽‍♀️	Normal	59
train_isixhosa_02610	hahaha sihle shouting out of panic shame umthakathi bamtholile😂😂😂 @username #isibaya	Abuse	84
train_isixhosa_00124	@username #sijikilanga msasi wam iyaxabanisa;grocery,into zothambisa,ixelegu elingondluliyo ibhedi,ukungapheki nokucoca.	Abuse	120
test_isixhosa_00127	@username 😀😀😀😂🤣😂 waugqwetha umnqundu 😁😂😀	Abuse	40
train_isixhosa_00879	@username msasi wam uhili uphumile ezingcongolweni.umongameli uzawuva umoya.	Normal	76
test_isixhosa_00040	@username uthini ngoku lo pipi, akanyi perhaps 🤣🤣🤣	Abuse	50
train_isixhosa_00643	"nangu u lerato la esbedlela🏥 usaba ukuya kubo🏠"" uzale🍼👶 ikula"""	Hate	62
train_isixhosa_00221	@username msunu kanyoko uncolile	Abuse	32
train_isixhosa_01513	uthwele kanzima 😢😢😢 ##url	Normal	25
test_isixhosa_00238	"siyazalana""@username : ah! mntakwethu ""@username : mfene,hlathi, lisa, uhla ngomva eliweni""@username : ungumni or ungumamni?"""	Normal	125
dev_isixhosa_00147	🤣🤣🤣 kofa isidenge ke ngoku. tshotsho umntu makahlale endlini	Abuse	60
dev_isixhosa_00414	@username isela ngampela, laphel' izwe.	Normal	39
train_isixhosa_01248	ubusowubuzile kula cherry yakho okanye uqhela thina ikaka? ##url	Abuse	64
train_isixhosa_01462	ndanditshilo kwedini ndizokufumana ##url	Abuse	40
train_isixhosa_00255	words that describe a dumb person in your language.  isidenge- isixhosa  isiphukuphu-zulu setlaela-sesotho	Normal	106
test_isixhosa_00397	"""ungashisi umuzi ngoba ufuna ukubulala igundwane!"" ~ @username (don't burn the house to kill a mouse!) 😣"	Normal	104
train_isixhosa_02355	mandinyonyobele la pizza ikula microwave ingekavuki le ingugcobani 😊	Normal	68
train_isixhosa_02263	haibo yazelaphi ba une pipi encinci ungumhloli wazo  ngoku ? 😂 ##url	Normal	68
dev_isixhosa_00100	incukuthu kulebhedi bawo thethelela😥😥😥😥😥😕😕😕😕 surely andizulala kobu busuku ##url	Normal	80
train_isixhosa_00215	andiyazi ndizomthini unurse ona 50+ ubudala, iqheya nokwenza. ndamosha ngokuthi anditshatanga🤭🤭	Hate	95
train_isixhosa_01845	ramos is a son of a bitch, umsunu wakhe. ##url	Abuse	46
test_isixhosa_00138	yamula baby (young moola baby) kwazisholo ikwerekwere limemeza lithi  liyangidlisela lidlala ulil wayne 😂😂😂😂	Hate	108
train_isixhosa_01772	@username uzundenze isicaka sasendlini yakho!	Normal	45
dev_isixhosa_00313	@username wang’biza nges’cefe engathi ng’phaka kini....mdidi	Abuse	60
dev_isixhosa_00284	ubumpondo bundigcwele nenkani yakhona ithi size ndaxelelwa ngumntu okwi saru othetha emumethe inqatha kuba ethi umnyama cc @username 	Normal	133
train_isixhosa_00556	player my player that!!! “@username : siya kolisi ungquba isibhanxa : ) ##url	Abuse	77
test_isixhosa_00197	ok wemasimba,msatha nyoko*nxa* rt @username : k bro..rt @username : msunu kanyoko sani,ungangijwayeli igolo wena malebe nyoko @username 	Abuse	136
test_isixhosa_00339	""" mdanso omusha "" siphethi impimpi siphethi pha😜 @ white house midrand ##url"	Normal	76
test_isixhosa_00171	"😂😂😂😂😂😂😂😂 order! @username : umsunu wakho omnyama ""@username : sarafina “@username : favourite shakespeare play?”"""""""	Abuse	115
train_isixhosa_01293	@username isifebe unyoko msunu.	Abuse	31
train_isixhosa_01441	im actually in tears hearing these senenzeni na song💔 lala ngoxolo sis koda ubuye uzolanda umbulali wakho#zolilekhumalo	Normal	119
train_isixhosa_02412	ungalahli imenemene lakho ngenxa yemenemene elilahlwe limenemene lalo ngenxa yobumenemene. uyayiva nhe? ##url	Normal	109
train_isixhosa_01057	@username awsatsho ukuba lide latola ilawu 🤣🤣🤣 ##url	Hate	52
train_isixhosa_00751	imagine kuqhwatywe nge pipi okokutya okanye kuthifelwe😂💔	Normal	56
dev_isixhosa_00404	uthetha umsunu kanyoko. ##url	Abuse	29
train_isixhosa_00421	@username there is a song eculwa ngamaxhegwazana xa ebetha ingqongqo ithi,🎵🎵yhe wena ntombi wacuma kangaka kanti uncumel'utsotsi yho haha yhoo utsotsi nguwe ntwazana🎵🎵🎵🎵	Normal	169
train_isixhosa_02337	mbali iphixiphixi #uthandonesthembu	Normal	35
dev_isixhosa_00035	@username ilawu cuddle khona kamnandi ke because once you let go uyawa phansi	Hate	77
train_isixhosa_00807	ibhaqiwe inja... 🤣🤣🤣🤣🤣🤣🤣🤣🤣 ##url	Normal	32
train_isixhosa_00333	@username olu dliwano-ndlebe khange lubenagxeke naxanasi kwaye khange lurhuqise mrhaji, inga angaphumelela osifanele esi sikhundla @username 	Normal	141
train_isixhosa_01020	@username shaya inja nyamakayishi ngzoklekelela	Normal	47
train_isixhosa_02244	@username yimele ikaka yakho 😂😂 phendula pha 😂😂😂 uyabuza akujoinele na lmfaoooooo	Abuse	81
train_isixhosa_02180	😂🤣 akafuni nombona shame igqwirhakazi labantu usindi ##url	Abuse	58
train_isixhosa_01986	"lol ""@username : ekse :""d ""@username : lol rt @username : uyarhaleleka kodwa umarhosha ngoku..”"""""	Abuse	97
train_isixhosa_02130	amadoda zinanana nje...umntu ehamba ezinyanzela nje vuxu kodwa akafunwa shame isidlwengu!!sowubukele kumabonakude asibukeleki	Abuse	125
train_isixhosa_01565	kumba wonina obulele 'isidlwengu' kukomani unjeng. ntshinga uthi bengamapolisa abanaluvo; benze umsebenzi wabo, iyakuba yinkundla egqibayo. ##url	Normal	145
train_isixhosa_01673	@username uzoliloya njani isela unyoko walo esebenzisa iyeza kwayena ?uzinqikile inyoko izipholele mos	Normal	102
train_isixhosa_01047	@username libalulekile inqatha 😂	Normal	32
test_isixhosa_00488	nkosiyami uyanuka lobaba, why abantu bangagezi kodwa😭	Abuse	53
train_isixhosa_00990	ootsotsi basemonti baku robber, bangazihluphi ngoku baleka bakhwela i phela.	Normal	76
train_isixhosa_02200	wakhe wasithanda isifebe ungafuni nova!!!	Abuse	41
dev_isixhosa_00449	song of the year: akalali umntu ozal’ inkwenkwe	Normal	47
train_isixhosa_02399	uthwele shuthi .. ##url	Normal	23
train_isixhosa_01999	criston is the true representation of utyisa isibhanxa. yuck	Abuse	60
train_isixhosa_02278	ivukile injubaqa and ayina bhabhalaza.	Abuse	38
train_isixhosa_00130	@username 😂😂how i wish shame unyoko wakho isifebe esinuka umenso nje ngisho noma esefile uyoba njalo	Abuse	100
dev_isixhosa_00381	pull up some videos please masingenzwa isibhanxa ##url	Abuse	54
train_isixhosa_01219	@username ndicela ukuncedwa ngokususelwa lenkunkuma. imbi imeko esiphila phantsikwayo apha, abanye abantu bade balahla inja efileyo kuyanuka ngoku. kuse damasko (bhongweni phase1) apha. ##url	Normal	191
train_isixhosa_01000	only injubaqa zi out there. thina? masilaleni maqela.	Abuse	53
train_isixhosa_02652	@username 😂😂 ndingamgrumba anye ibhentse kaloku	Abuse	47
test_isixhosa_00304	@username what you are doing kubaba uzuma is despicable, it's absolutely disgusting, bengithi uyahlonipha, angazi why all of a sudden usuphenduke umdidi, what u are doin kuyanyanyisa, mfana waphenduka umdlwembe? unxamalala lona wena silima, if kungukuthi uthengiwe usho	Abuse	269
test_isixhosa_00372	nina apha ningayiphika kaka apha for irt's kodwa ikaka iyabonakala ba gca yikaka😂😂😂	Abuse	83
train_isixhosa_01348	@username hayi futsek ezangalamini neza late eflatini	Abuse	53
train_isixhosa_01809	but brains dololo, isibhanxa nyani! ##url	Abuse	41
dev_isixhosa_00155	it's derogatory to call a mentally ill patient igeza ngesixhosa. kuthwa ugula ngengqondo. we call someone who's ill mannered igeza.	Normal	131
train_isixhosa_02556	@username wena wafaka loya mgodoyi owaluma isgebengu emva kwalokho account suspended	Abuse	84
train_isixhosa_01313	@username hayi wethu yitya inkawu le	Hate	36
test_isixhosa_00539	"""ukuba sithi asinasono, siyazikhohlisa, inyaniso ayikho kuthi. ukuba sithi sizivume izono zethu, uthembekile, ulilungisa, ukuba asixolele izono zethu, asihlambulule kuko konke ukungalungisi. ukuba sithi asonanga, simenza ixoki; ilizwi lakhe alikho kuthi."""	Normal	255
train_isixhosa_01734	iyaphi inja manje? ##url	Normal	24
train_isixhosa_00120	@username umsunu unyoko golo	Abuse	28
train_isixhosa_02324	alikho iphixiphixi elinjengawe ##url	Normal	36
train_isixhosa_01064	@username but nawe uyishlama mgodoyi	Abuse	36
train_isixhosa_02010	@username kwasawena ungandiqheli ikaka emanzi apha coz andilwanga nawe ndikubuze kakuhle qha uzixelele ngobasisirhama ndaweni yophendula le ndiyithethayo rhaa wanya ngoku.	Abuse	171
train_isixhosa_00476	inkazana efriendly gqithi emadodeni hayi hayi hayi ##url	Normal	56
train_isixhosa_00793	@username sikufisela okuhle kodwa mfene	Normal	39
train_isixhosa_01760	"lol sile wena mgodoyi ""@username : @username 😂😂😂😂😂😂 phansi ngodlame satane"""	Abuse	75
dev_isixhosa_00250	"""yhuu bhuti ndidinwe!! bendisebenza ubusuku bonke"" - umarhosha entatha kusa."	Abuse	76
train_isixhosa_00739	@username old kwaito#zola esithi umdlwembe yayindibulala ke longoma@username 	Abuse	77
train_isixhosa_01034	azathi uyanuka umakhadzi ubabes 🥺😭	Abuse	34
train_isixhosa_01551	"""ngyambuka umuntu othi ngiyinja ngoba ngyazazi angiyona inja, ngiwumgodoyi wokugcina"". zuma yekela manje ngeke baba kwanele. ##url"	Abuse	130
train_isixhosa_01893	@username hayi chaza... asizobhatalela ihagu isesakeni	Normal	54
train_isixhosa_00464	akwaziwa okwatyebisa ihagu!	Normal	27
train_isixhosa_00363	@username msunu kanyoko ovulwa nge pin code	Abuse	43
test_isixhosa_00278	“ubumntya nabani lo kfc kwedini? yithi ku kfc maka khuphe imali kule kaka ye pokotho yakho..sundiqhela umnqundu utsho ngogcwala ifutha”	Abuse	135
train_isixhosa_00511	@username wenzeni umthakathi this time?	Normal	39
train_isixhosa_01969	nguni: lawuhlohla umchamo inxila in the taxi. he could've just asked the driver to stop. we didn't tell the driver to avoid delays. uyanuka	Abuse	139
test_isixhosa_00543	@username xa kusithwa ingcuka eyambhethe ngefele le gusha kuthethwa ngabo bantu	Normal	79
train_isixhosa_01409	💃🏼💃🏼💃🏼💃🏼💃🏼 ifile injakazi yezi njakazi ##url	Hate	44
train_isixhosa_00854	i know for fact that andililo iqaba kodwa ##url	Normal	47
dev_isixhosa_00425	"nge pipi, perhaps? ('._.) ""@username : uhhhm thixo wam aziba ebexukuxa ngantoni unom'ondz -____-"""	Normal	97
train_isixhosa_01139	bayazenzisa aba. umntu uzenza iqaba kodwa uyayazi into funeke bayenzile. kuba bakhona abaright ##url	Normal	100
dev_isixhosa_00557	@username msunu kanyoko wena.. ungathola isikhathi sihloniphe	Abuse	61
test_isixhosa_00551	watsha wanya incanca esabhanxeka umngqundu wakhe 🙆🏿‍♂️🙆🏿‍♂️🙆🏿‍♂️🤣🤣🤣 ##url	Abuse	73
train_isixhosa_01165	@username bakuhlebe 🤣🤣🤣 imenemene lizokubalisela intlebo, kodwa lingatsho ukuba litheni lona xabekuhleba. friends we have abs keep	Normal	130
train_isixhosa_00740	@username masende akho wenja🤣🤣🤣🤞🤞	Abuse	33
train_isixhosa_02645	@username futsek wulungiseni mazinye ezikaka😂😂😂😂	Abuse	48
train_isixhosa_02219	@username uyanuka umsuzo kqala	Normal	30
test_isixhosa_00531	@username kanti ke ndakwenzela inkawu ngenja 😂😂😂 ##url	Normal	54
train_isixhosa_01399	shaya inja le wena sisi..... umgodoyi🐕..... indoda enjani eshaya umuntu wesmame🤷‍♀️🤷‍♀️🤷‍♀️🤷‍♀️ ##url	Abuse	101
train_isixhosa_02241	akaze ngalibona ixoki elifana nawe 😹😹 ##url	Abuse	43
test_isixhosa_00460	@username ukuba utsotsi ngabbadiya uhamba ulala uyaphela uqcina uzi khona amaxeba	Normal	81
train_isixhosa_00265	ndinetshomi, igeza kwaye ndinomthetheleli kuwe. ❤ ##url	Normal	55
train_isixhosa_00985	"lmao dead 😂 ""@username : sfebendin' lalela ehlisa ukuphapha...mawubheda uyabheda!! msunu kanyoko. ##url"	Abuse	103
train_isixhosa_01183	ubobo ngath uyanuka ngisho ekwi phone meshaya lama snippets akhe...	Abuse	67
test_isixhosa_00157	@username 🤣🤣🤣🤣🤣sivuka mbhem usikhumbuza ixoxo	Normal	45
train_isixhosa_00789	we are in the dogs, nansi nenye inja iqeda kuzala la endlini… ##url	Normal	67
train_isixhosa_01698	kingston nkatha uyinja mgodoyi	Abuse	30
dev_isixhosa_00552	@username 😂😂😂😂😂 and to think uba ndakhula amahlubi endibiza ngosandla se mfene just because i was left handed is just…..	Normal	120
dev_isixhosa_00073	@username hahahahahahahahahaha ayibobuqhitala? kuthiwa sisihlungu nje? meaning akaxheli kakuhle isilwanyana esi.	Normal	112
train_isixhosa_01331	@username ewe andazi unoluntu uzodlalela kubani ngoku ngalati yakhe edikayo. udikiwe finish !ukwenziwa isidenge umawande	Normal	120
train_isixhosa_01981	igintsa lise kapa ##url	Normal	23
test_isixhosa_00534	yho lanquma inqatha, wabaleka upam #isibaya	Normal	43
train_isixhosa_02484	ngigcwele ngawe nkawana. #isibaya	Normal	33
train_isixhosa_01375	uthethe ikaka oku kwakhe ke lo thembi ##url	Abuse	43
train_isixhosa_00963	jail time???  uthetha ukubila kwebhentse kanyoko enamanqagisa msunu kanyoko ##url	Abuse	81
train_isixhosa_02379	@username 🤣 🤣 🤣 🤣 🤣 khawuve inxila elidala	Abuse	42
train_isixhosa_01232	@username uyinyoka iphixiphixi lomuntu #mbalula	Abuse	47
test_isixhosa_00015	@username and a half... iqaba elifundileyo... lacks logic	Abuse	57
dev_isixhosa_00413	yoooo nkanyezi needs to choose herself akhohlwe ilaba she can’t be allowing the abuse to continuously happen ngoba ethanda umaseko nobubi ngathi ixoxo lentaba !!#umndeni	Abuse	169
test_isixhosa_00142	@username just read it chommie, hayi ebesebgxakini uthulani ntombazana enjani nayona le inxila ide ilahleke 😭	Normal	109
train_isixhosa_02125	isibhanxa _ @username ♥	Abuse	23
test_isixhosa_00321	umuntu usuke engawuzwa umuntu umlomo wakhe uyanuka?😷	Abuse	52
train_isixhosa_00942	"mfethu!! rt @username : ukunyoluka""@username : kuthi kuselwa kumnandi ubone umjita efihla utywala mfxm."""	Normal	104
train_isixhosa_00092	@username uhili uphumile ezigcongolweni ##url	Normal	45
train_isixhosa_01536	unenhliziyo embi rabishi 😂 ##url	Abuse	32
train_isixhosa_00219	@username iphixiphixi ungizwe umaphila ngegazi labantu	Abuse	54
test_isixhosa_00056	@username the baby looks like ingathi unegxaki, uthwele ka nzima	Normal	64
train_isixhosa_01422	uyanya masende akho. ##url	Abuse	26
train_isixhosa_01425	hay besendizothi usonke uthwele ngalanto yakhe soloko isentloko. #idolssa	Normal	73
train_isixhosa_01114	"ivesane ithule iradio etaxini usathi ""lo driver uyanuka""🙆‍♂️"	Abuse	60
train_isixhosa_01860	xa inkawu ikuvisa is'gqhala ... because i can #onepiece ##url	Hate	61
train_isixhosa_01930	@username hey kwakukubi sisi,kaloku isigebenga xa sele siphakathi endlini kuyafiwa but esiya sophula ifestive sabaleka	Normal	118
train_isixhosa_01251	@username hleli nje uthought(a) ikaka ##url	Abuse	43
test_isixhosa_00131	"uyiqhuba nini wena? ""@username : iyaqhutywa ke ibhentse yegeza emthatha ngala maxesha"""	Abuse	86
train_isixhosa_01484	... and ke inkwenkwe iyakwazi ukuba yindoda endala.	Normal	51
test_isixhosa_00087	mabathi bayakugcwalisela kanti your name is ugodoba ugabadiya. inja ye life. ##url	Normal	82
train_isixhosa_01356	@username ibhentse yakho 😭😭	Abuse	27
test_isixhosa_00270	but lamama akatshongo uba kukho ihagu eparliament lol #sonadebate	Normal	65
train_isixhosa_00666	umthakathi unyoko....mamkabayi thou	Abuse	35
train_isixhosa_01189	@username mkhwenyana ka babu khumalo🤝  klk isi-xhosa ndasincanca ebeleni kungoko kunyanzelekile uba ndisithethe mhlekazi kwaye ndiphuma kwilizwe lase zimbabwe kumhlaba wase mbembesi🇿🇼 apho inkawu ityiwa ilila yona imfene isinda ngogoloza🤣😂🤣	Normal	240
train_isixhosa_02277	@username yha,gqiba la twana yabhala i sign ebhalwe “i’m sorry” wathi umfura “usathetha i english,futsek kwedini” mateke wabhala enye “ndicela uxolo” 😂😂😂	Abuse	153
dev_isixhosa_00181	"oh umama bezakuthi ""ixoki andilithandi lonwabo, uyandiva?"""	Normal	58
train_isixhosa_00795	"""hay futsek iyadika icumakala,sizoyi thini le truck ye yogurt iwileyo? kutheni kungawi itruck ye playstation 4 "" 😂😂"	Abuse	115
train_isixhosa_01758	baby hamboxubha uyanuka umlomo wakho is very important in a relationship	Abuse	72
train_isixhosa_00434	akanambeko ke u-autocorrect..uyoze afune ukuthi,pipi kumama.	Normal	60
train_isixhosa_02328	uthi udlisa indoda kuvele kudle igundwane bese likulandela ngisho nase mall ##url	Normal	81
train_isixhosa_02149	@username 😂😂😂😂 futsek ... @username lomfana kamonti uthi ubegxwala	Abuse	66
train_isixhosa_01328	akamhle unomnyamazana 😩😍❤️ ##url	Hate	32
train_isixhosa_00762	"utsotsi kanti! ""@username : @username usebenzisa uqueen ukufeza izifiso zakhe.mxm!!!"""	Normal	85
test_isixhosa_00151	i leave. ngikhalelani ngempela? ngikhalela isifebe. 🚮 ##url	Abuse	59
train_isixhosa_01808	nxa kanti umsunu ##url	Abuse	22
train_isixhosa_02251	@username ibimnandi incanca khange usibalisele ngoku ufuna sikukhangelise isela lendoda yakho. awunyi mhlambi 👀	Abuse	111
test_isixhosa_00101	"ayixoki indoda endijola nayo bethuna uthi amaphara aseqonce afika kuwe athi ""yey futsek sikhaphe siyoyika""😭😭😭😭😭😭😭😭"	Abuse	114
train_isixhosa_01884	oh yeah, before i forget; umnqundu wenu @username and lakaka indixelileyo zinjandini zamasela! ##url	Abuse	100
train_isixhosa_01109	umthakathi we ndaba🔥🔥🔥 ##url	Abuse	28
dev_isixhosa_00213	@username aphole ustufuza bakithi,maye muhle kodwa	Normal	50
train_isixhosa_01082	@username tsek....mgodoyi ungenaphi uzuma la😏	Abuse	45
test_isixhosa_00350	ngathi kungawela ixoxo kulelo glass🥃🐸 ##url	Normal	43
train_isixhosa_01611	@username yim njalo umsunu? 🤨	Abuse	29
test_isixhosa_00426	"motto 👇 ""ungavumi bakwenze umnqundu"" 🙅🙅"	Abuse	39
train_isixhosa_02172	@username inkazana, yihlo. mfazi ulandwa elimpopo	Normal	49
train_isixhosa_00275	@username idyani isela impondo zebhokhwe ##url	Normal	46
dev_isixhosa_00231	awulilo iphupha lam ungelilo izimba lam zange ndathi andinako nguwe owandenz’ usana  awunguwo uvimba wam ungeyiyo indima yam zange ndathi andazi nto nguwe owandenz’ iqaba  ndinendlela yam yokuphuma ndinendlela yam yokungena ndinendlela yam yokuthetha ndinendlela yam yokundiza	Normal	276
train_isixhosa_02143	@username ugcwele ikaka lo... ##url	Abuse	35
test_isixhosa_00500	@username hahaha. umazi kahle ulele manje lo mgodoyi.	Abuse	53
test_isixhosa_00140	"hawu 🙊 ""@username : phansi ngama pipi amakhulu, kodwa sifelani."""	Normal	64
test_isixhosa_00299	@username igeza nyhani le yazi, wenza njani?! 😂😂😂😂	Normal	50
dev_isixhosa_00415	@username andisazoyiki ezingalo zale nja 😂😂	Normal	43
dev_isixhosa_00410	ncendani bo umgane wami  ubuza ukuthi uma ufuna inja yakho ingene emaphoyiseni isebenze nabo njengepolice dog icv yakhona uyithumela laphi? uthi isimo sesibi sesifuna wonke endlini asebenze. 🤔	Normal	192
train_isixhosa_01032	how do youvaklow inkwenkwe iyale amakwrala ngomhlaba engawaziyo. south africa #fortharecentenarycelebrations	Normal	108
train_isixhosa_01211	rocking with your girl buhlesonlfm kuthiwa igeza ngobisi lentokazi 😇😎👌 #ezasenhlazatshe… ##url	Normal	94
test_isixhosa_00068	december uyanuka 😍😍😍 ##url	Normal	26
test_isixhosa_00265	@username 🤣🤣🤣 uligqirha or igqwirha?	Abuse	36
train_isixhosa_02373	@username eyyyy mntase sibathanda benjalo lamaxoki ethu, saba sabathini isigebenga zethu....	Normal	92
train_isixhosa_00344	"""@username : akujiki 😂 rt @username : ""uba ukhwela inkwenkwe..  uzomitha!"" 😂😂😂""""® ##url"	Normal	87
train_isixhosa_00514	@username ihlwempu elifana nam?🤯😅	Normal	33
test_isixhosa_00438	#utatakhoshouldneversay usisishimane kwedini	Normal	44
train_isixhosa_02008	wena uyazelaphi incanca?😂 ##url	Normal	31
train_isixhosa_00523	"uthi ubra ace utat' steve tshwete used to say "" kubhetele kwa igeza elidala kunelitsha ngoba elidala uyayazi xa lifika what to expect tl tl!"	Normal	140
train_isixhosa_01987	@username esizhoseni kuye kuthiwe. iyafa inja iyokulahlwa xa abantu bedikiwe yinto. lomfo usingxolisela ukumkhathalela.	Normal	119
dev_isixhosa_00186	ulahlekelwe yini mdidi? ##url	Abuse	29
train_isixhosa_00743	"""ndizawukubonisa inkawu ngenja"" hahahaaa... isixhosa!"	Normal	53
train_isixhosa_00672	ayiphumi na le yoga ndikukhothe incanca. ##url	Normal	46
train_isixhosa_02154	noba le uthetha ngayo yile ivuzisa izincwe ikukhalise xa uchamayo 🙆🏿‍♂️🙆🏿‍♂️🙆🏿‍♂️ ##url	Normal	87
train_isixhosa_01334	kept telling you, once they start going this route, uboyazi ikhona ingxaki thizeni pha ngwaki pipi 😌 ##url	Normal	106
train_isixhosa_01063	akuma promo umsunu kanyoko	Abuse	26
train_isixhosa_02098	@username wow what a mix,cela ukwenyusa uphindiswa ntshudu filana bongekile zukhanye peta yoliswa peta	Normal	102
train_isixhosa_02540	@username lmfao… iphixiphixi 😂🤣😂😂	Abuse	33
test_isixhosa_00482	ikinga ngaxoxela ixoki.	Normal	23
train_isixhosa_02192	ndathi ndisela nenye inkazana unxila kwayo umntu wakhangela iperfume that her blesser bought her  rhaa amankazana😂😂😂 ##url	Normal	122
train_isixhosa_02374	uyaqhela kengoku kwedini ka bra thixo ##url	Abuse	43
test_isixhosa_00398	ixoki langempela utaka tina.@username ##url	Normal	43
test_isixhosa_00152	manje wena ubona ukuthi uzozala isela nje🤷‍♂️, already sewukfake ekhanda lakho loko hhmm hectic!!! ##url	Normal	104
train_isixhosa_02240	@username 🤣😂🤣😂🤣 xhosa ladies are always suspicious...bathi ke “isela alikufuni ukwebelwa lona” 🤣😂🤣😂🤣	Normal	100
train_isixhosa_01485	@username yekela lensangu oyidla noyihlo lapho mgodoyi ##url	Abuse	60
train_isixhosa_01975	"&gt; rt @username : yey!!! ""@username : isifebe asibhaliwe esiphongweni..."""	Abuse	75
train_isixhosa_01131	@username khona inja ezomthelela ngamasbomu u mr president  ngiyamxwayisa mina	Normal	78
dev_isixhosa_00040	ndivuse ihagu izilelele emthunzini ##url	Normal	40
dev_isixhosa_00106	@username ungasijwayeli amasimba msunu kanyoko	Abuse	46
test_isixhosa_00517	izigebenga zesasco zithengisa abafundi baseuj. baqhele ulala nemanagement kalok #ujshutdown	Normal	91
train_isixhosa_01762	isibhanxa umqundu wekwerekwere lo😒 ##url	Abuse	40
train_isixhosa_01303	la twist ikula ntloko😣😭💔 ##url	Normal	30
train_isixhosa_01540	@username #ngqondi: anifuni kuthi akhomzi ungena mfene?	Normal	55
train_isixhosa_02224	@username uphila is'futsek 🤣	Abuse	28
train_isixhosa_01460	ngithwele ulvovo yena uthwele udj oros.. ubambe udladla mshunqisi nge sandla.💀 ##url	Normal	84
train_isixhosa_01260	@username umthakathi wendaba 🖐️😅🖐️🤣	Abuse	35
train_isixhosa_00857	@username i pipi uyalazi noma unjalo ##url	Normal	42
train_isixhosa_00533	bailly just made inkwenkwe out of batshuayi.	Normal	44
train_isixhosa_01243	potholes emthatha. zibhafu. melba nizimela ootsotsi kuzo shame.	Normal	63
dev_isixhosa_00389	ukhunjulwe ndim masende akho 😭❤️ ##url	Abuse	38
train_isixhosa_00328	absolutely phenominal bhuti siyakubongela ze usomandla abe insika yomuzi wenu, bese niphatha kahle ilawu khathi zonke cos ilona iziko lomshado wenu.  i'm sorry mfwethu i could not make it ngiye ngabambeka kodwake i'm gonna make it up sengiyokuphathela okuyizinyane. 🙌 ##url	Normal	273
train_isixhosa_01966	umfazi➡umuntu olotsholiwe washada umakoti➡umuntu olotsholiwe osalinde umshado umkipiti➡umuntu othanda imizi yabantu idusha➡umuntu onengane eyodwa ihudula mchilo➡umuntu onezingane ezingaphezu2  isilambi➡umuntu osuka kubo eyohlala kwamfana engenzelwe lutho   ukuphi lana sisi?	Normal	274
train_isixhosa_01612	uzikalala umsunu wenja nje.	Abuse	27
train_isixhosa_01178	ootsotsi eworcester bayamgqiba ushoprite u-save.......	Normal	54
train_isixhosa_02322	nanku umntu endiqala ukudibana naye namhlanje ecela kum imvume yoyotya ibhentse kuba ilusuku lwakhe lokuzalwa.  ndingena phi mna? 😂😂😂 #utywalabudala	Normal	148
train_isixhosa_00028	someone said cellular unentloko ingathi uthwele izono 😭😭😭 ##url	Normal	63
dev_isixhosa_00061	umbulali ubona omnye umbulali #umkhokha	Normal	39
train_isixhosa_00613	@username ithengiswa lelinye ibhulu apha ngakum.	Normal	48
train_isixhosa_01867	@username mjonge nje madlamini lowo. ungavusi ihagu izilelele	Normal	61
dev_isixhosa_00546	why kodwa kumele silokhu sibonana nezindunu zenu la? sibathe sithi nayi indunu. ngithi refresh still nayi indunu yomunye. ezinye uyabona nje ukuthi ukube kuyanukeka ukuba uyawuzwa umsinsila ukuthi uyanuka ##url	Abuse	210
train_isixhosa_01704	“uyabhenquza umnt’ ozal’ inkwenkwe”   i’ve never seen xhosa huns having so much fun 🤣	Normal	85
train_isixhosa_01789	hallelujah. makahambe no hudson mgodoyi akhe ayobethwa ngumoya ##url	Abuse	68
train_isixhosa_00280	@username duyaza ✊ uthwele phela manje 😌✊	Normal	41
train_isixhosa_01288	"@username ""nali lelxoki iphixiphixi yekhala"" ##url"	Abuse	50
train_isixhosa_01461	@username skhumbuzo ndiyakucela ungasiphatheli igeza kulonto ucinga uyenza	Normal	74
train_isixhosa_02176	@username naye nje uphuculwe ngubabes ngo kuthi ubabes atyise ihagu(mampintsha) ipudding eqele ukutya itsipho ...	Abuse	113
train_isixhosa_01773	@username 😭😭😭 ndenziwa injubaqa nam. ndiyasela ngoku	Normal	52
train_isixhosa_00516	@username yeyi ngoba uyayithanda mdidi ndini🤣🤣🤣🤣	Abuse	48
train_isixhosa_01028	@username nasi esinye isibhanxa #blocksenzoooou ##url	Abuse	53
train_isixhosa_00233	bamba inkwenkwe ngoqoqoqo 😂😂 i love her ❤️😭😭😭😭 #gqeberhatheempire ##url	Normal	71
train_isixhosa_02249	@username ingcuka ezambethe ufele lwegusha ziyanqwena shame !!	Normal	62
dev_isixhosa_00189	@username mididi yenu yindlela yothi mqundu yenu nje itsho kamnandi kanje mdidi ucinge umgidi	Abuse	93
train_isixhosa_00679	“ngumgowo otheni lo ungavusi incanca” 😭😭😭💀	Normal	42
test_isixhosa_00288	@username mafa , ingxamele ukundidika la poppyhuise ikula parlamente , childish if you ask me . mabohlwaywe marn ababantu bamoshayo	Normal	131
train_isixhosa_02261	isibhanxa ndiyasiqhwaba mna ##url	Abuse	33
train_isixhosa_00908	"ngibhale kahle bafo, ngiyaxolisa ""@username : @username ubhale grand? awsasho mdidi"""	Abuse	84
train_isixhosa_01962	ndingalhlaba linye ihule kla caravan ye nyan-nxan ngqumakho	Abuse	59
train_isixhosa_01934	@username mandigalele enye iglass yewine yaz.. kaizer chiefs iyamenza inxila umntu	Normal	82
test_isixhosa_00340	ke ngoku umalume uzoqhubekisela phambiri drip siphi iskorobho 💔 ngoba ikaka iyenzeka apha 😭 😭 😭	Abuse	95
train_isixhosa_01420	@username andiyifuni noyibona, inuka incukuthu	Normal	46
train_isixhosa_00418	nilivusaphi eli igeza😂😂😂 ##url	Abuse	30
dev_isixhosa_00551	kodwa ke asikawulibali la mgodoyi ungu #mduduzimanana sise busy nje kancinci okwangoku nge #zumavote	Abuse	100
train_isixhosa_01205	itya wena banzi isibhanxa esi #isithembiso #isithembisomzansi	Abuse	61
train_isixhosa_01042	i njalo! bathi bathumela impundulu ube umkile! ##url	Normal	52
train_isixhosa_00423	@username ge ge lools ngibonile ukba iqaba leliya ngbone indlela aythela ngayo induku kuzomele kuqashwe itheku, shepstone ka educatin cos indukabayazi	Normal	150
train_isixhosa_01040	yazi ianc inenhlanhla ngoba unxamalala akasilo ixoki... mengase  agxumele kwieff ningabona amanyala ##url	Normal	105
test_isixhosa_00246	into eyenza ubuthongo bungehli yila yoghurt ikula fridge, ndiyazi nje uba yeyam intliziyo iyifuna shushu kodwa bendiyityile ndathi half ndzoyitya ngomso😭😹😹	Normal	155
train_isixhosa_01304	@username leyomoto yangenza umdlwembe egoli 😂😂😂😭😭😭 angifun mina	Normal	63
test_isixhosa_00097	morning ezweni lamaxoki afana no ramaphosa iphixiphixi lo mongameli	Normal	67
train_isixhosa_02188	"ingxaki ndiphile kakhulu nee'criminals *now ii'timing zazo ndiz'phethe ~ noba umntu angangumfundisi; ndiyakwaz'ukumbona u'mfundisi oyi'criminal ndithule ndibukele ndibekule'timing akuyo* ""just like igqwirha ndilibon'emanzini ndingajampisi"" *i'm never fooled by what i see/hear* ☝"	Abuse	279
train_isixhosa_01607	@username uyanya mgodoyi 😏	Abuse	26
train_isixhosa_00689	"lol ""@username : with who? uhili? bakuthakathile abamama base jobeki ##url"	Normal	74
dev_isixhosa_00156	@username 😂😂😂 nguwe inxila. s'dakwa ndini	Abuse	41
train_isixhosa_02527	@username oscar ngoba umlungu, futhi umbulali	Normal	45
train_isixhosa_00075	@username ekhaya singama doda tyhooo 🙆🏻‍♂️ ubon kwakhe net inkazana eyadini yakhe 🙆🏻‍♂️ tyhooooooooooo 😭 akwenze inhloni	Normal	120
train_isixhosa_02402	ixoki eliphume izandla. umakhwekhwetha wobuxoki kwerin. ayixoki iyatshaaaa!!! ##url	Normal	83
train_isixhosa_00875	ngubani lo ukhukhuza amadoda abantu abezisawdust 😭😭😭😭😭😭😭😭 isela le ncanca 😭😭😭😭😭😭	Normal	80
train_isixhosa_00640	209 ngomnye nje osiqhela ikaka	Abuse	30
train_isixhosa_02509	@username umsunu unyoko golo likayihlo elivuzayo	Abuse	48
train_isixhosa_02165	yadliwa kanjalo ke inkawu 😭😭😭	Normal	29
train_isixhosa_02046	"nh man not him, his chicks ""@username : unxilile sizazenza ntoni iinudes zakho kwedini? @username """	Abuse	99
train_isixhosa_02318	lisa, mfene,  uthethile ##url	Normal	29
test_isixhosa_00011	uzophul'umnqundu mos lomntana ##url	Abuse	35
train_isixhosa_01404	@username wangihlekisa ngwenya yazi ninja wavelewathi inja 😂😂😂😂😂 #wnb	Normal	69
train_isixhosa_02613	utshayise imoto ngenxa yoleqa incanca lo swine	Abuse	46
test_isixhosa_00223	@username lol aibo ixoxo nexoxo malenze njalo	Normal	45
train_isixhosa_01502	‘inja ibambela umnikazi wayo,	Normal	29
dev_isixhosa_00323	thiza!! igqwirha #onaxhosanote	Abuse	30
train_isixhosa_02488	nyephi nyanyaz day😏 kodwa umama wakho kwesinye isikhathi uhamba ayothekela ukuze adle, wena uthanda ukubukwa ngejiki elibizayo ezindaweni zokucima ukoma. gowani mgodoyi.	Abuse	169
train_isixhosa_01045	"kuyadelelwa emnyango ""@username : ""awu @username : ""unyipheleni umhlaba uyanuka yini?"""""""	Normal	88
test_isixhosa_00212	noma ungajima uze uhambise okwe mfene, amantombazane wonke afuna imali...	Normal	73
train_isixhosa_01740	@username that's not a man inkwenkwe engazi lutho nje😂😂😬😬😬😬 ##url	Normal	65
train_isixhosa_00172	sithi abo kwedini ##url	Abuse	23
train_isixhosa_00799	ibhentse ibentle phinde ibemnandi? wow	Normal	38
train_isixhosa_01112	@username ngoku bazondenza inxila smh 🤦🏻‍♂️😂	Normal	44
train_isixhosa_02091	@username nalo ilawu kwakudala liyenza lento yalo ##url	Hate	55
train_isixhosa_00101	@username ngeloxesha nguye igqwirha. yhehake!	Abuse	45
train_isixhosa_00188	😂😂😂😂😂 sicuve’a ublockwa kanje ngoku! unoqatiko ukhe wathi omnye ngunyosi😂😂😂😂 ##url	Abuse	82
train_isixhosa_01347	ngaske ndibeyimpukane kula court room xa isibhanxa segqwetha sidefend(a) icase yokutyelwa 😂😂😂	Abuse	93
train_isixhosa_02354	kanene kwakusithiwa incukuthu ikutya ikude🤔🤔🤔..i wonder uba sasingaziqhathi na?	Normal	79
train_isixhosa_02642	awusemhle kwedini ☺️ ##url	Abuse	26
train_isixhosa_02118	isidudla asikwazi ukushaya ivosho😂😂 #sama24	Normal	43
train_isixhosa_00537	@username 😂😂 nokho andililo igeza ke kodwa	Normal	42
train_isixhosa_02562	lobhuti uthi ubecingba ndingumlungu , sendtsho yeyiphi indawo engathi ngumlungu apha kum? .... ndawumbizela ootsotsi basebhayi ke mna	Normal	133
train_isixhosa_01801	@username sies, awunantloni nja. uzawkhala xa sesisithi ngunyoko lowo	Abuse	69
train_isixhosa_02391	umnqundu wakhe wethu.	Abuse	21
test_isixhosa_00277	@username ixoxo nexoxo umazigxumela	Normal	35
train_isixhosa_02334	@username nali isela 😂😂😂 ##url	Normal	30
train_isixhosa_00935	@username iya asina mona, uzoxuzule first time usitya inja eyojiweyo 🤷🏾‍♀️🤷🏾‍♀️🤷🏾‍♀️	Normal	84
dev_isixhosa_00527	@username khawuyeke ihagu zikhe zitye ipudding nazo lol...	Normal	58
train_isixhosa_02295	msunu kanyoko @username #arrestmampintsha #mampintsha ##url	Abuse	59
train_isixhosa_00252	@username zamnandi izingoma baphile o thusi o mfene ngyabathanda bo	Normal	67
train_isixhosa_01495	"""eeh since vele ixoxo ne xoxo lizinyobela wena ufuna ukunyotyelwa ngubani""😂"	Normal	75
test_isixhosa_00192	ayayithetha inja ke lamajita😅 ##url	Normal	35
train_isixhosa_02663	robbie unenyoka uthwele ngezadimasi #cotcsa	Normal	43
dev_isixhosa_00388	i like american girls. but ungabadakelwa osisi basemzansi! mgodoyi! ##url	Abuse	73
train_isixhosa_01887	uz'undenze isicaka sasendlwin yakho zendihlale ndikubona  buya undamkele	Normal	72
train_isixhosa_01079	@username ootsotsi basegoli 😅	Normal	29
test_isixhosa_00427	ayidiki inkwenkwe ethanda ucengwa	Normal	33
train_isixhosa_00851	isibhanxa umqundu wekwerekwere lo😒 ##url	Hate	40
dev_isixhosa_00467	senibizana friend ngoku?? injakazi emnandi sulibala msunu ##url	Abuse	63
train_isixhosa_02520	likhipha ixoxo exhaphozini, “@username : @username ngiphilile mf2 akukho okutheni.. yilo nje ilanga elishisa ekuseni ngovivi.”	Normal	126
train_isixhosa_00210	umthakathi unyoko 🙈 #isibaya	Abuse	28
train_isixhosa_01269	influence!!!!! xa ungenayo vala lo unukayo umlomo!!	Abuse	51
train_isixhosa_00292	finally nkawana and fezile #isibaya	Normal	35
train_isixhosa_02135	@username andiyidlaleli lo team ixoxo nexoxo liyaziphandela	Normal	59
train_isixhosa_02350	ayimnandi incanca. iwes icbd. ngcoske ndimithe. 💀 ##url	Normal	55
train_isixhosa_00369	mxm umxo ungudengana kodwa#uzalo	Abuse	32
test_isixhosa_00033	@username ixoki lokugcina, umbalula kuthi akazichamele, uthuli du😂😂😂😂	Abuse	69
train_isixhosa_00410	why makushone igintsa kmele kuhlupheke abantu abangalibulalanga? ##url	Normal	70
train_isixhosa_01029	@username besenithi umalema ixoki, yini le? ##url	Normal	49
train_isixhosa_01103	@username ungandiqheli umnqundu ungandazi nondazi.	Abuse	50
test_isixhosa_00074	"utyiwe zingcongconi kabuhlungu kufike isibhanxa sikubuze "" lovebite yona udibanaphi nayo ?"" ##url"	Abuse	97
dev_isixhosa_00059	mna ndisukwini, ilawu, ichwama, dibashe, nja-bomvu,sadlala-ngca ithole lomthwakazi! :-)	Normal	87
train_isixhosa_02112	"ey uthwele kanzima rt""@username : yep :-( rt andy @username ? rt""@username : amazwi okugcina : bosisi ngicela niyeke ukudlala ngomganami"""""	Normal	138
train_isixhosa_01727	kuzo zonke ezindawo zisemaphandleni nakwezidilophu zincinci apha eec kunjalo. uqala nje phezu kwe nciba uyoma nge kokstad, at atleast one community kuzo zonke ezadolophu, isela amanzi nemfuyo. ##url	Normal	198
train_isixhosa_02401	inja eqeda ibhakede lamanzi ngolimi❤🐐 ##url	Normal	43
train_isixhosa_02156	"relationship advice from my 83 year old grandmother: ""amadoda ayaxoka. khetha lo uzonyamezela ubuxoki kuye. kodwa, ungenziwa isibhanxa. ungabimuncu. choose which lies to accept"" yho 👏"	Abuse	183
train_isixhosa_01978	masipheke isibhanxa esindim	Abuse	27
test_isixhosa_00170	utsotsi iqodi lol #isibaya	Normal	26
test_isixhosa_00457	igintsa ulibona ngokudasher ismirnoff ngeenergy drink.	Normal	54
train_isixhosa_01151	eishhhh kubi ngizalelwe inja endlini ingami lento ##url	Normal	55
train_isixhosa_01582	@username uyathanda undenza ihule 🥺🥺	Abuse	36
dev_isixhosa_00332	soze ndizilibale incukuthu ezasiqushayo kulamzi siyekwi pasika @username goli	Normal	77
train_isixhosa_02138	hayini kwedini 😂😂😂🤔 ##url ##url	Abuse	31
train_isixhosa_02195	andazi noba kushushu or lebhabhalaza indenzela inkawu ngenja.	Normal	61
train_isixhosa_02102	isibhanxa, @username is now trending in #johannesburg  ##url ##url	Abuse	66
train_isixhosa_00962	#phalaphalareport. uthi umahambelala 🤣😂😂🤣😂	Abuse	42
train_isixhosa_02659	naze nakhathazeka bo ngama pipi angasebenzi 👀 ##url	Normal	51
dev_isixhosa_00291	@username yeheni bo, isidlwengu😡	Normal	32
train_isixhosa_00103	leyo mgodoyi isibulele 🤞🏾😡 ##url	Abuse	32
train_isixhosa_02268	@username kwakuhl’ lokho. ube nosuku oluhle nja yam’	Normal	52
train_isixhosa_00495	@username usizi lomuntu ongenaqondo njengawe mdidi wenja	Abuse	56
train_isixhosa_00432	@username iqaba shem lobhuti ngeke -_____- bobabili noxhivhambu wakhe -______- they piss me off	Normal	95
test_isixhosa_00158	@username umbhekile nje uyambona uyanuka 🤢	Abuse	42
dev_isixhosa_00226	sobukela igundwane manje.	Normal	25
train_isixhosa_02073	@username bawazi nalapho ahlala khona. umntu ade abenaythandayo inkazana.	Normal	73
train_isixhosa_00821	@username nitsho katmnanandi mfene ubhungu ukutsho oko mawe gatyemi umfo ka bonco yangathi silapho e ringside kuloo tulumente	Normal	125
train_isixhosa_00642	so umnqundu is the core?? 😭😭😭😭 ##url	Abuse	36
test_isixhosa_00430	@username amen syabonga akaboshwe lomgodoyi inja enesgubhu sesisu 😪😪😪😡	Abuse	70
train_isixhosa_00211	sli is on a courtship or exclusive relationship 🤔.... igqwirha ligqwirha #uyangthandana	Abuse	87
test_isixhosa_00469	umnqundu uqala apho ke ngoku ##url	Abuse	34
train_isixhosa_02570	@username futsek 😂😂 ndimncinci mna andizenzi ezizinto 🤣	Abuse	55
train_isixhosa_00805	😂😂😂 ikaka leyo mchanami   ##url	Abuse	31
train_isixhosa_02609	@username ndizakubonisa inkawu ngenja	Normal	37
train_isixhosa_01144	"ngubani ngk ""isibhanxa"" 😂😂😂"	Abuse	27
train_isixhosa_02353	@username lihule lenja eli ndilibona ngoku lisakhula ihule 😂 mana	Abuse	65
train_isixhosa_00569	ayizazi noba izishiyephi iiteki zayo le😂. yaz inxila ububhanxa😂. ##url	Abuse	70
train_isixhosa_02400	@username lmao, spi ntwana uyabheda. futsek.	Abuse	44
dev_isixhosa_00227	umculo kwedini...#korobela @ bloemfontein celtic's offices ##url	Normal	64
train_isixhosa_00663	awusemdala for ube uzehlisela ngesidima ngabantwana.. ayimnandi incanca awuna idea wena. ##url	Normal	94
train_isixhosa_02466	nimtshela kanjani umuntu ukuthi uyanuka emsebenzini????😭😭😭	Normal	58
train_isixhosa_00785	bobby sesikhulu isibhanxa shame 😠😠😠 ##url	Abuse	41
train_isixhosa_00015	nifundisa abantwana benu ikaka then nibuthethelele obubhanxa nibenzayo ugqiba kwenu. but each to their own i guess.	Abuse	115
test_isixhosa_00404	senizo gcina nenza lento yenu yoku shuthela ingane zabantu ama pipi and send kuma dm’s mase nidlala umlabalaba… vula izwe president!.	Normal	133
train_isixhosa_00998	@username godukani noko kuse busuku ngoku, nilumkele izikoli/ ootsotsi.	Normal	71
train_isixhosa_00057	abantu awusebenzi bathi ulivila, uyasebenza and uyaphumelela empilweni bathi uthwele.😢  kanti abantu aba bafuna ntoni? ##url	Normal	124
train_isixhosa_01669	nithatha impimpi yomthengisi niyenza upresident. sanikhuza ngayo manje seniyakhala 🤣🤣🤣🤣🤣 #sona2019	Normal	98
train_isixhosa_00067	oh madoda umthakathi wezindaba @username 	Abuse	41
test_isixhosa_00411	@username thyini siya usisaphiselane sempimpi kwedini noba ufuzile	Abuse	66
train_isixhosa_02529	@username eyi nkosi yami, isidudla senkosi.	Normal	43
dev_isixhosa_00204	kodwa injubaqa.. ithanda iba ngumntu ongabambekiyo ..@username 	Normal	63
train_isixhosa_00747	inja engangethole lenkomo!!	Normal	27
test_isixhosa_00234	😂😂😂 sengicela ke umxhosa ofaithful oflexible asichazele ngaleligama elikhish'we unjengele. unontorotyi 😂😂😂😂	Abuse	107
train_isixhosa_02406	@username noba sele inkawu ilila😹😹	Normal	34
train_isixhosa_00907	@username damn ibele eli khomba utsotsi😋🤤	Normal	41
train_isixhosa_02451	@username utheta ikaka wena	Abuse	27
dev_isixhosa_00022	esisithwakumbe asiginyeki tu. inja izalele endlini. nceda khongolose sihlangule kobu bugxwayiba.	Normal	96
train_isixhosa_00971	umqolo uphandle pres j. zuma🙄 ayakubhenca ngoku laphepha ndaba,kodwa ukhokhelwa ngumntu ongafundanga. uzophuma uhili engcongolweni😜😜😜	Normal	133
train_isixhosa_00270	umsunu omkhulu lo ##url	Abuse	23
train_isixhosa_01516	@username . lol hebaaaaaan kodwa undifunani wena ndileliphi inqatha ke?	Normal	71
dev_isixhosa_00383	@username 😂🤣😂🤣😂 “akwenze isidenge esi-famous” 😂🤣😂🤣😂	Abuse	51
dev_isixhosa_00473	uyanuka umdepho bafets😥	Normal	23
dev_isixhosa_00278	"ndicingisa ekapa xa sibetha isela rt""@username : ihawu seems interesting"""	Normal	73
test_isixhosa_00392	@username yiyo lento enqwakuza ukanye,ihagu itya itriffle	Abuse	57
dev_isixhosa_00242	lord. ootsotsi abakwazi nokuzibamba ##url	Normal	41
dev_isixhosa_00340	mungalazi igolo yilento epostwa yilomsunu owu @username ..amanyala lento oyipostayo nidla izimali ekumele ngabe yizo enithuthukisa abantu ngazo bese uzoposta igolo lako twitter mdidi ##url	Abuse	188
dev_isixhosa_00320	@username amamenemene defending ubumenemene belinye imenemene elifihla the true identity of a child.	Abuse	100
train_isixhosa_00831	niyathanda  undenza  ihule mxm	Abuse	30
test_isixhosa_00034	kwaguga inja eyayiluma😭😭😭 ##url	Normal	31
train_isixhosa_02123	haybo😂😂😂 yaythetha ibhentse lomntana! ##url	Abuse	43
dev_isixhosa_00102	@username ahhh kodwa lol @username uzizwele rt @username : @username msebenzi womchamo, futsek nalowo msebenzi wakhe	Abuse	116
train_isixhosa_00459	@username and yinyongo yonke keya ikula tl.	Normal	43
test_isixhosa_00354	@username mgodoyi bekezbulala ngechampions beer 🤣🤣🤣	Abuse	51
dev_isixhosa_00222	“iy’mfene ukube zine mali, ngabe amantombazane ahlala emahlathini nawo” 🌚💀	Normal	74
train_isixhosa_01392	"usifune ispray se play boy engcobo kanti sibhalwe ""dlala kwedini"" ##url"	Normal	71
train_isixhosa_01996	@username ai cha, umthakathi ngempela bafo ##url	Abuse	48
train_isixhosa_00534	@username nawe futhi mdidi wakho ogcwele amakaka	Abuse	48
dev_isixhosa_00437	usebenze kanti usebenzela isela yho 😭 ##url	Normal	43
train_isixhosa_01318	molweni bethuna kwenzeka ikaka	Abuse	30
train_isixhosa_00961	@username nala ndinomdla wokuva ba uamaza lo njengoba ecikoza kangaka, inoba ufana nesiphi isilwanyana?   #worldanimalday	Normal	121
train_isixhosa_02535	angikhulumi nawe nkawana nxa ##url	Hate	34
train_isixhosa_02048	@username yeyyy utsotsi uyabethwa!!! ##url	Normal	42
train_isixhosa_00959	@username trending for ikaka nje ..	Abuse	35
test_isixhosa_00200	andiphinde ndithume omnye umntu to buy my likhwa, thenga ikaka these people	Abuse	75
train_isixhosa_02359	@username isibhanxa . 😂	Abuse	23
train_isixhosa_00603	"igolo urantie ""@username : rantie umsunu ngempela"""	Abuse	50
train_isixhosa_00714	@username kwaleyo indoda ayiyihambeli inkazana.	Abuse	47
train_isixhosa_00548	@username umfana othola ibhentse ngokuqala anyobe.	Normal	50
dev_isixhosa_00304	ingcuka yombethe ufele lwegusha 😩 ##url	Normal	39
train_isixhosa_00670	ixoxo nexoxo liyazigubhela. ##url	Normal	33
dev_isixhosa_00168	thol’ukuthi it’s the survival of the fittest la emhlabeni ! bathi ixoxo umazigxumela	Normal	84
train_isixhosa_01979	@username #uwfmbee @username vuke ndicinga lento yamajita adlwengula abantwana abancinci uba inoba bafana nesiphi isilwanyana esikhohlakele ngoba nengonyama ayikhohlakalanga uba ingade yenze into enje  @username 	Normal	212
train_isixhosa_01366	@username la nyaka wawu nolence be leather jacket ephela emaqatheni? naniyinxila ikaka kodwa makwedini.	Abuse	103
train_isixhosa_00318	@username aba bahlinza inkomo ngathi bahlinza ihagu ? bacanda apha esifubeni xa behlinza.	Normal	89
train_isixhosa_01110	le gcokama labo liyaboniswa lingazibiza ngonyazi kanjan makadelete le rabishi ##url	Abuse	83
test_isixhosa_00394	kukho inkwenkwe endihlekisana nayo. ##url	Normal	41
train_isixhosa_00008	@username tha fuck🤦💔  yhe mbunu wenja ungubani. ucinga ungangena nje umzantsi afrika wonke ngendutsu srhama sikamomokhwe, mbunu kanondorhoyi slebe sesele.  futsekh, phuma kule account mnqundu... this is south africa nja, usidele okuyini.	Abuse	237
dev_isixhosa_00282	ukuba niyalazi igeza 🤣🤣🤣🤣🤣 ##url	Normal	32
train_isixhosa_02442	akhonto igeza ngathi yindoda engena k...	Normal	40
train_isixhosa_00041	@username ewe yinkunkuma 🤣🤣🤣. inxila lase ciskei. uyazinceda ungazidibanisi naye	Abuse	80
train_isixhosa_00429	umnqundu wakho @username . umsunu kanyoko lo ukuzalayo. uzonya kungek'dala. i'm almost certain.	Abuse	95
train_isixhosa_01974	@username cela bhafisa igeza lasekhaya ungcwelekazi myoleli nosisi kayise xhongo @username pitbull location	Abuse	107
train_isixhosa_01138	“he baba, ungazodakwa la! futsek! mhlathi wakho!” ##url	Abuse	55
dev_isixhosa_00179	unayo kodwa indawo engathi uleli lidlala ngezulu igqwirha lowa...hence ingandothusi la-tweet.	Abuse	93
dev_isixhosa_00081	inja enjani le guys 😂😂 ##url	Normal	28
train_isixhosa_00014	@username uyanya mdidi wakho	Abuse	28
train_isixhosa_00551	iphixiphixi lesalukazi, lapho kuxatshanwa khona ukhona, uqoma akaqedi uqoma aze aquleke, intanga zakhe zafa ziyapoka..	Abuse	118
train_isixhosa_00626	wawuqabuza yini uze uwuzwe ukuthi uyanuka... mandla though😂😂😂😂 #isibaya	Normal	71
test_isixhosa_00570	yayimbetha umxhaga leya ##url	Normal	29
test_isixhosa_00012	@username okungapheliyo kuyahlola mdidi	Abuse	39
train_isixhosa_00667	@username yaz inkinga yakho wazi kakhulu n ufunde kakhulu amaphepha as a result wehluleka ukuzicabangela wena. if only u stopped to think for a minute ubuzobona ukuth wonke lodoti owukhulumayo kimi kahle kahle uwe isidenge but who am i to judge you. umdala man think for your self	Abuse	280
train_isixhosa_01610	@username 🤣 🤣 🤣 🤣 inxila lenkosi	Abuse	32
train_isixhosa_00235	@username uzoyithini into engaqeqeshwanga. siyeke isidenge.	Abuse	59
train_isixhosa_01541	@username uyanya wena msunu kanyoko.	Abuse	36
dev_isixhosa_00369	alvea udlala eyakhe incanca kwelinye icala	Normal	42
dev_isixhosa_00430	oko wandibiza ndaala. ndandizenza isithulu❤️  #goodnight ya'll ##url	Normal	68
train_isixhosa_00568	imagine umithise isibhanxa somfazi, yoh ndingafa kayi two.	Abuse	58
train_isixhosa_01465	@username at least umkhuluwa is throwing around ideas to be debated and tested, looking for ways to fix the issue yotywala, qha injubaqa zika twitter ozenqeni ukhaba kwanto ngesigezo	Abuse	182
train_isixhosa_02518	"@username mlungu njalo... caba abantabam kudala bemane be sithi ""wangena umnqundu""... 😂😂😂"	Abuse	89
dev_isixhosa_00029	@username msunu kanyoko olenga incili 😡	Abuse	39
train_isixhosa_02132	msunu kanyoko wena sfebe ndini ##url	Abuse	36
train_isixhosa_02538	ndiyila type isela amanzi abandayo kodwa une'fever 😪	Normal	52
train_isixhosa_01062	batsi kuzonuka umsunu #uyajola99 ##url	Abuse	38
train_isixhosa_00146	@username . inxila elidala kodwa eli shame	Abuse	42
test_isixhosa_00562	@username uyasazi isibhanxa? rhadebe, i dom le chap	Abuse	51
train_isixhosa_00647	@username udakiwe wena mgodoyi	Abuse	30
train_isixhosa_01490	"""indoda engena muzi utsotsi loyo"""	Normal	33
dev_isixhosa_00105	@username kungenaphi lokho mdidi	Abuse	32
train_isixhosa_01446	@username igundwane!? sisi ngathi soshona sonke la😭😭😭😂😂	Normal	55
train_isixhosa_01107	@username mamakho umarhosha kwekwe	Abuse	34
train_isixhosa_02257	fihl'umxabanisi...  #unolali @ north crest,mthatha ##url	Normal	56
test_isixhosa_00236	@username banabazali!!! banesiblings and banamadoda olona!!!! umntu uyathengelwa futsek!!!! ##url	Abuse	97
train_isixhosa_01119	ubet(a) ibhentse,sana lwam. ##url	Abuse	33
test_isixhosa_00519	mpolaye!🤣🤣 black or white abo mgodoyi lezinto😩🚮 ##url	Abuse	53
train_isixhosa_02167	@username then uyayiphazama ihistory makunjalo ushaka ubengazalwa isifebe uzalwe indlovukazi unandi owalotsholwa ngezinkomo eziwu 500 ezalwa ebukhosini baka mhlongo . remember indlovukazi unandi wakhethwa  izanusi kwi nkosi senzangakhona ukuthi uzoyizalela inkosi engakaze yabakhona.	Abuse	283
train_isixhosa_00794	it's maturing mmmmmm kusazoba mnandi kuzoze kuzonde umthakathi engeke enzelutho.. ngilokhu ngibelesele nje ngempi yepipi nemomozi. imina umdidiyeli walempi! 🍀💚😁 ##url	Abuse	166
train_isixhosa_02397	lemali ingang' phenduli umbulali	Normal	32
train_isixhosa_00380	@username umsunu wenja ke	Abuse	25
test_isixhosa_00576	ngwebedla ixoki 😂🤣#isibayamzansi	Normal	32
train_isixhosa_02086	@username iqabakazi lakowenu elindim, phantse ndadada ngelokhwe, nje okokuba kuthwe bendibeachini....lol	Abuse	104
train_isixhosa_02051	"so kubanjwe isela eres students are busy chanting ""singakubetha sithanda"" and xa liphuma phandle all they did was to scream."	Normal	124
train_isixhosa_01479	ootsotsi abazimele ngecawa ##url	Normal	32
train_isixhosa_01225	@username lowo mgodoyi ungaw'lethi emzansi... uskhumbuza izikhathi ezinzima kabi ezweni lobab'omkhulu wethu.	Abuse	108
train_isixhosa_00668	okanye ndenzwa umnqundu? 😛	Abuse	26
train_isixhosa_01016	"lol,,,lala cc""@username : ""khawucime ezozibane nonkwenkwezi uzasibizela ootsotsi"" ...andilambe eloxesha :("""	Normal	107
test_isixhosa_00507	"umuntu makasho early ""nginomtwana"" 🙏 ningathi niku video call 😣 vumbu igundwane 🤦  🐁: shamponani mayume"	Abuse	103
test_isixhosa_00203	@username ngumuntu wasolundi lona, abayithandi inkohlakalo ngoba uyanuka phu #sethembe	Abuse	86
train_isixhosa_00285	@username well was just a matter of mna ndimpha kamandi akafuni ndiphe abanye abantu incanca yakhe uyifunela kuye yedwa🤣🤣🤣🤣 ##url	Normal	129
train_isixhosa_01973	uhili fanba ukhona ezoo kodwa	Normal	29
dev_isixhosa_00396	"kunjalo ba4 ""@username : k'shada iy'mfene ""@username : liyana kodwa libalele...."""""	Normal	82
train_isixhosa_01355	question. is a good gent igintsa or umjita okhulele ekasi?   ndibuze nje.	Normal	73
train_isixhosa_01278	vele akulona igundwane, inja. 😌 ##url	Abuse	37
dev_isixhosa_00402	@username futsek nina, so nizotsha indodla zezi mali zethu	Abuse	58
train_isixhosa_02336	@username awazi kwa jola wena. uyalithanda inqatha.	Normal	51
train_isixhosa_00571	@username igqwirha layo ngumtshakazi onxibe into ezibomvu ##url	Normal	63
train_isixhosa_01295	@username yaqhutywa inja apha 😩	Normal	31
train_isixhosa_01125	ndithi kwanele ngoku. kufuneka umntu asikwe incanca ngoku. ##url	Normal	64
train_isixhosa_01706	@username andithi wena zulu awlilo ixoki? unlike the rest of mthatha men ? uzothetha inyani mos ? futhi awumoyiki lona neh ?	Normal	124
train_isixhosa_00694	lol hawu @username uphapha kanje kanti une pipi elincane so😒	Normal	60
train_isixhosa_01637	kthiwe ngathi uyanuka zamo 😭😭😭😭😭 ##url	Abuse	38
dev_isixhosa_00526	ixoxo nexoxo kufanele lizigxumele🙈 ##url	Normal	40
train_isixhosa_00112	noma ungalala nazo embhedeni bafo kodwa ngeke uyivike impundulu 🤪😂🙈 ##url	Normal	73
train_isixhosa_00502	government uthwele kanzima yazi abantu bafuna ama r15 000 for ipensiom😢😢 #reatsotellawednesday	Normal	94
train_isixhosa_02121	akekho umzi ongenalongo inxila 🍺🥃.	Normal	34
train_isixhosa_01530	@username well it depends the manner the way the person says it. igama ayisosithuko but likrwada. umntu angakuthuka athi uligqobhoka which is the opposite of iqaba	Normal	163
train_isixhosa_01436	useless exercise.. kukhishwa isela ngapha liyofakwa ngapha, kukhishwe elinye ngapha liyiswe kontshontsha ngale.  #cabinetreshuffle	Normal	130
test_isixhosa_00575	@username yabona futhi ukube uyayisebensisa ngabe uyabukeka manje uwurabishi nje unukayo hambo dlala neyntanga zakho i'm not the one	Abuse	132
train_isixhosa_02647	@username bengithi ngiyalungisa. mdidi	Abuse	38
train_isixhosa_01039	inoba ndaze ndilile inyembezi zovuyo mhla ndabona incanca 😭😭	Normal	60
train_isixhosa_01771	@username bendifuna uza apho namhlanje qha ndinxila ikaka	Abuse	57
train_isixhosa_00002	ndithetha nawe kwedini, nyakaza🐐. pro sees ya buddy 🔥 ##url	Abuse	59
train_isixhosa_01174	@username umsunu kanyoko odum, nezinja zakhe.	Abuse	45
train_isixhosa_01909	@username ndoda ngeke ubhale kambi. impimpi 😂🤣😂	Normal	47
train_isixhosa_01276	if uvuthelwa umsunu make sure uvuthelelwa far away from my mentions.	Abuse	68
train_isixhosa_00853	bobby of @username usisilingo kodwa yini lena mani	Normal	50
train_isixhosa_02019	"""uzoze ufike emzini wendoda nkawana wenzaani??""😂😂😂😂😂"	Normal	52
dev_isixhosa_00169	ey’ wayishaya i-confession umjitha ukuthi umarhosha ubezimashela naye skoon 😅 ##url	Abuse	83
test_isixhosa_00358	watshelwa unyoko lokho? msunu kanyoko 😘 ##url	Abuse	45
dev_isixhosa_00261	@username inja yakwamakhelwane. 😂 ##url	Normal	39
train_isixhosa_01380	oyhini madoda ndifuna le #tornado nam ingath iyatyisa ingenza umntu angalali yedwa  #hayasazi mayiye #emfuleni ibhabhise oomarhosha bezapha	Abuse	139
train_isixhosa_00125	umdala usaba abanye abafana uncamela kuth ube iphixiphixi 🚪 close it for me outta 🚶 ##url	Abuse	89
train_isixhosa_01832	khona othe ubonang igundwane, uluma ephephetha :v	Normal	49
train_isixhosa_00065	and then ootsotsi basemthatha abafike bazthathe zooonke ezonkomo zakho ##url	Normal	76
dev_isixhosa_00167	balele balele umama nobaba ubhebhana nami msunu kanyoko #memulosongs ##url	Abuse	74
dev_isixhosa_00507	ndikxelela nge pillar of strength ene pipi ekhanda ##url	Normal	56
train_isixhosa_01473	uthwele phela wena, lokho kuyaziwa. ##url	Normal	41
dev_isixhosa_00502	"""yekani ukuthi nivotela umandela, nivotela uzuma.... nivotela isela""-@username #voteeff ##url"	Normal	93
train_isixhosa_02614	@username sijatshuliswa ukulandelwa kwaso kwa instagram isitabane sa se pitoli ngu saziwayo ubonang matheba... ;)	Hate	113
dev_isixhosa_00001	@username haibo ubaba yini! iphin'falensi yokunuka yini? futsek! 🙄 ##url	Abuse	72
train_isixhosa_01883	finally uphumile uhili ezingcongolweni @username #ithininalento.	Normal	64
train_isixhosa_00050	ave isexy intombazane esaba igundwane..hhyi labo vala ngalapho ngizahlokoloza ngapha🙄🚮 ##url	Normal	92
test_isixhosa_00324	“uthanda enye inkwenkwe ngoku efikayo eskolweni” ##url ##url	Normal	60
train_isixhosa_00639	bendingekho ngku benimithisana mandingaphuphi ikaka zenu apha 😈😈😈	Abuse	65
train_isixhosa_01681	wenze vosho umntu ozal'inkwenkwe 🗣️ ##url	Normal	41
test_isixhosa_00123	ek'seni kanje seni thetha ikaka, chill lutho lay'khaya.	Abuse	55
test_isixhosa_00220	akayodiva unomnyamazana #disembashopping ##url	Hate	46
train_isixhosa_00234	"""ye wena ubuphi?..bendihambe neetshomi zam mama.futsek mani sundiphendula,ubukhe wawuthi vu kwakhona lomlonyana wakho,uyondibona ukuba ndibhinqe ngantoni"" #bestxhosathreat"	Abuse	171
train_isixhosa_02281	@username yaz ungxaphela igolo wena msunu kanyoko	Abuse	49
train_isixhosa_02063	“yoh!!!!ushaya ngamabele akhomba utsotsi”@username -mapakisha_	Normal	62
train_isixhosa_02015	"lol hleka i pipi wena malume ""@username : manje sengizozwa ngani ukuthi what must i laugh at and what i should not? asingajwayelani"""	Normal	132
train_isixhosa_01897	hehe, bhutii, inxila eliphakathi kwakho alilali neh? 😂😂 ##url	Abuse	61
dev_isixhosa_00433	hahaha lol isxhaphaxhapha sentelezi njena,akhont'iwrong dzenos..bindim maani ndithumele uhili kalume antyiloze  @username lol!!	Normal	127
train_isixhosa_01416	ubani othe mgodoyi ? ##url	Abuse	26
train_isixhosa_02593	yakhumbula sisakhula kwak’thiwa inkawu ayigeji ngoba iwu-left nxi 😂	Normal	67
dev_isixhosa_00221	ndicela nike niyinabisa lento tintoni ihule?isifebe? ngoba suke ndibhideke mna wethu	Abuse	84
train_isixhosa_01214	@username waske wandicingisa ezi zimfutshane zinemikhaba xa zisithi “kwedini mna ndindiyiranker”	Abuse	96
train_isixhosa_01072	asizungothuki when we find out that kutyiwa ikaka edubai! khange sithi mabayeke ke kodwa because it's their lives.	Abuse	114
train_isixhosa_02227	yini iqaba ngesngisi?	Normal	21
train_isixhosa_02332	@username ebecinga uyahlekisa akayazi isidenge nguye! rubbish!	Abuse	62
train_isixhosa_00522	ex yam yandixelela straight if ndinodyola uyondenzela inkawu ngenja. ndothuka moer toe!	Normal	87
dev_isixhosa_00470	inkawu ityiwa ilila , imfene isinda ngokugoloza 🤣🤣 igolozele abantu abawrongo this time 🤣🤣🤣😬 ##url	Normal	98
train_isixhosa_00158	abantu // umarhosha	Abuse	19
dev_isixhosa_00026	"@username advovo lathetha kabuhlungu ixhego liyala inkwenkwe ebuya esutwini. lithi ""akukho nto ibuhlungu njengoyala umntu usithi ufuna abe yindoda kanti uyala inkazana yenye indoda kwalapha phakathi kwethu""😢😢 ##url"	Normal	214
train_isixhosa_01068	songaseli ngoku? futsek ##url	Abuse	29
train_isixhosa_01067	ndiyasicaphukela isibhanxa sendoda.	Abuse	35
dev_isixhosa_00046	yazi u @username undenza isibhanxa kulothwita, uqale wandixelela ngedictionary, eloxesha ndingumthengi wakhe ovunyiweyo.	Normal	120
train_isixhosa_00955	mxxm umbuso ngiyamazi isitabane #mbuso	Hate	38
test_isixhosa_00441	@username bhokhwe iyanuka moss😂, ntaka iyabhabha🤭🤭🤣 and hagu lixelegu. andiyichani inkawu yenza ntoni 🤣	Normal	103
train_isixhosa_01911	inqatha lihluthwe emlonyeni😎 ubhutiza we 'superior logic' ebebhanxa abantu bakhe efuna bayolwela elinqatha😁 bavele ngeempundu ethyolweni, banomsindo ngoku ##url	Normal	160
dev_isixhosa_00245	khona @username ndileli ndihleka phezolo, coz i came across tweets zakho uthuka esinye isidenge esikuqhela kakubi.	Abuse	114
train_isixhosa_00085	@username hey le location yam imana inxila apha ithi ndihlala eskhobeni... 😂 😂 😂 😂	Normal	82
train_isixhosa_00359	akhonto indiphambanisa ngathi kukwenziwa isibhanxa! yeses!	Normal	58
train_isixhosa_01835	@username #umthakathi namaboys. 🥺	Abuse	33
dev_isixhosa_00482	bayeza nezimoto zabo, bazobe bekhomba amapentshisi ngokhiye, sigibele esihlahleni sibakhelele thina z’mfene zendawo. 💔 😥 ##url	Normal	126
test_isixhosa_00511	@username lol kodwa nawe uyabona mfene kudlaliwe ngathi la @username 	Normal	69
train_isixhosa_00682	@username mina i believe you... ixoki liyohlezi liyixoki   sol'bona noma kumnyama ##url	Normal	87
dev_isixhosa_00525	@username heke injubaqa mazisetyenzwe..	Abuse	39
dev_isixhosa_00406	ngumntu we last number ke 🤣🤣 oko wathi kupenene into oyaziyo kujongisi pipi phambhili nqi usebenza🤣🤣🤣	Normal	101
train_isixhosa_01324	usathi uyadunusa for 🍆🍑💦 idog style ubone igundwane 🐀 libaleka ne panty 👙 lakho😂😂😂😂😂	Normal	84
test_isixhosa_00184	"""uhili uphumile ezingcongolweni""  ngubani obeyazi intoba    udr steve k..... angathi    atyi-tyimbise umnwe  ngolwimi lakhe lenkobe?  &gt;3"	Normal	139
dev_isixhosa_00269	phathu, khandizamele ingcuka noba inye @username #igazi	Normal	55
test_isixhosa_00109	ey umdlwembe lento ewu matamela. iwubulele umbutho wabantu. iyatanasa isebenzisa amandla emali uyazi amaqabane alambile eswini... ##url	Abuse	135
dev_isixhosa_00092	khaba isibhanxa esifubeni on your behalf mtakza so it's fine ❤ ##url	Abuse	68
train_isixhosa_00224	"i've never thought of the term isitabane as derogatory. ukuthi homosexuality esizulwini vele ibukeleka phansi, so whatever term represents that ibingeke ithandeke generally. ""inkonkoni"" sounds rough😲 ##url"	Hate	205
train_isixhosa_00504	@username isidenge esicinga siclever, siyingozi ke mhlekazi	Abuse	59
test_isixhosa_00541	"so kubanjwe isela eres students are busy chanting ""singakubetha sithanda"" and xa liphuma phandle all they did was to scream."	Normal	124
test_isixhosa_00501	@username xa eboniwe akukho phando luzakwenziwa umthetho mawenze nje ngesiqhelo ngoba umbulali uyaziwa baphela abantu sijongile #lusikisiki	Normal	139
train_isixhosa_00526	@username #ndizanathi  ubaba locula phambili oqalayo uyanuka kamnandi bo	Normal	72
train_isixhosa_02256	ustufuza udle kakhulu amakhekhe ngo khisimusi shame ##url	Normal	57
train_isixhosa_01675	loool“@username : isifebe asingeni emzini. angazike nenza njani kwaxhosa kodwa nje @username ”	Abuse	94
train_isixhosa_01948	azifunwa ke ikaka ezingajoliyo 😂😂😂	Abuse	34
train_isixhosa_01314	@username iskrrr king unyoko msunu kanyoko lelivezandlebe	Abuse	57
train_isixhosa_01361	@username tshi yaz akhomntu unozinceda ezodolophu zimbini ngokujula umnqundu 😂😂😂	Abuse	80
test_isixhosa_00470	"""ushaya mgamabele akomb'utsotsi ""😂😂😂🔥🔥🔥"	Normal	39
test_isixhosa_00524	imasikizi lanto ikula n 3 💔	Normal	27
train_isixhosa_01953	masithola ithuba, ngicela sithandazise ustufuza 😭 ##url	Normal	55
train_isixhosa_01542	uyanuka umdletshe  #uzalo	Abuse	25
train_isixhosa_00070	@username uzomthola nini umbulali ka senzo meyiwa ulibele libali nje?	Normal	69
train_isixhosa_00590	damn!!!! :d“@username : i'm only going for big girls this summer, kuthiwa simnandi isidudla xa kushushu.”	Abuse	105
dev_isixhosa_00098	i read ibhentse:( “@username : yizo qhuqha ubheyse lenhlonko so i know its real!!!!”	Normal	84
train_isixhosa_00341	@username learn to behave.not yonke ikaka eyenziwa ngondlozi nomalema yeyolinganiswa #imnotapolitician	Abuse	102
train_isixhosa_00845	ayibo isitabane sesangoma!!!	Hate	28
test_isixhosa_00216	yoh lomfo uthi, ekapa akubandi ingathi kubhubhe ihule.	Abuse	54
train_isixhosa_00657	@username 😂😂😂 niyawakhetha amanye niyawacenga amanye niyawateketisa  xa uthetha ngecorruption akunakuthi awendawo ethile isela lisela noba lelakowenu noba leli ulivotelayo ngokulitanda lisela qa noba lihlala kuphi	Normal	213
train_isixhosa_02476	"""inkawu ityiwa ilila, imfene yasinda ngokugoloza"""	Normal	49
train_isixhosa_00818	"lmfao ""@username : ugabby uyakwazi uyityafisa inkazana 😩"""	Normal	57
train_isixhosa_01301	"xoli and the phrase ""umsunu kanyoko"" ##url"	Abuse	42
train_isixhosa_00889	@username lmao ukwenza isibhanxa	Abuse	32
train_isixhosa_00958	#umndeni mamkhulu imenemene yhoooo🤣	Abuse	35
train_isixhosa_00690	ziqhutywa ubugeza kodwa ezi gaubus... asihlukuhlwa maan, hump ayibonelwa ntweni kuqatyelwa kuyo ngathi ayikho... phofu ayibaleki maan ingathi ileqa impundulu...	Normal	160
train_isixhosa_00417	yho, kuyo yonke into oyenzayo please don't make me isibhanxa.	Abuse	61
train_isixhosa_01615	"zasha zasha zasha... dlubheke official cd cover isihloko sithi ""laxokiz'ixoki"".  umculi ___: udlubheke  isihloko___: laxokiz'ixoki unyaka___ : 2019 inkampani : ukhozi media   #kodwayinisesigoduka ##url"	Normal	201
dev_isixhosa_00309	@username ngifuna ukumqhatha, kaloku naye undibize ihlwempu during the people of twitter	Normal	88
train_isixhosa_00338	@username isela leli 🙄🙄	Normal	23
train_isixhosa_02120	yeses , ndivuswa kupupha a very distant extended family person that i don't even like but had a dream of.  rhaaaaaa atsho ngobubi ingathi uleqwa yimpundulu umnqundu wakhe.  yerr.	Abuse	178
train_isixhosa_01875	@username asithethi nga gym ngoku sithetha ngokhaba injakazi ka thixo.	Hate	70
train_isixhosa_01896	"yintoni ukunyoluka? ""@username : umakhulu uwinnie madikizela unyolukile!!!!! yhuuuu"""	Normal	84
dev_isixhosa_00373	impela sizogqilaza ixoki namuhla kuze kuhlanye amandiya akwa gupta ##url	Normal	72
train_isixhosa_02119	@username kakhulu, kanti akukula ukufundisa inja endala amaqhinga amasha.	Normal	73
train_isixhosa_00824	@username 😂🤣🤣🤣 kuhlupha lana ukuba iqaba	Abuse	40
train_isixhosa_02555	khaniyeke usibalisela umoya wamadoda enu anibelayo ezindlini zenu, ngoku ubutyiwa khange usibalisele,tshotsho ndiyithanda qitha incanca.	Normal	136
train_isixhosa_00446	@username aingeke yangameister ta yam...ungasfaki ezinxakini zakho, uthi sizitye njani ke impundu xangaba ezikakazi zingazujolela ez'mfene zabo?? awunyi phehephs. ##url	Abuse	168
train_isixhosa_00731	@username unyansile yaz, amane esithi nguwe wedwa baby kanti uthi phakathi nguwe wedwa isibhanxa.	Abuse	97
train_isixhosa_01754	ngesixhosa ukuncoma umfazi wenye indoda yindelelo......xa ebemzekelani emhle angazeki ihagu	Normal	91
dev_isixhosa_00556	neighbour: uvulile emva, azinongena izigebenga?  ma: soze. ukhona uchappies.   me (chappies): ##url	Normal	99
train_isixhosa_02530	isifebe nje lomfana wama dread #mnakwethu	Abuse	41
test_isixhosa_00294	@username kusho utsotsi esezama ukubuya i cold front isimgudla kahle	Normal	68
train_isixhosa_01940	uhili uphumile ezingcongolweni#heritageday	Normal	42
dev_isixhosa_00217	"lmao""@username : lmao! tyhini ezway zide zikekelise intloko for ilawu???"""	Hate	73
train_isixhosa_01417	my soulmate wenziwa isibhanxa elsewhere kodwa ndikhona ☹️	Normal	57
train_isixhosa_00326	yintoni imenemene nge-english?	Abuse	30
train_isixhosa_02146	terry phetho acted ku tsotsi kanti years later uzoba utsotsi welotto 🙆🏿‍♂️ ngaze ngaphoxeka!!	Normal	93
train_isixhosa_01525	nanku omnye umsunu 🙄 ##url	Abuse	26
train_isixhosa_00513	@username uyalazi iphixiphixi 😂😂	Normal	32
dev_isixhosa_00439	krrrr krrrr ''helo'' ''mfundisi, isela lebe izinkomo zami. engathi lingafa. awungthandazise ksheshe.''  uthandaza uthini uma kunje?	Normal	131
test_isixhosa_00145	@username 😂😂 inqatha or amanqatha not iminqatha 😂😂	Normal	50
test_isixhosa_00338	siphiwe ngcobo , founder of ilawu hospitality group, winner of job creator of the year 2017… ##url	Normal	98
test_isixhosa_00421	i don’t trust girls with isishwapa . zigqitywa yontoni impundu 🤔🤔	Hate	65
train_isixhosa_02553	"""kwathi yakukhutshwa idemon, sathetha isidenge"""	Abuse	47
train_isixhosa_02147	awuzizwa ukuthi uyanuka sisi? ##url	Abuse	35
train_isixhosa_02588	@username masende akho kanyo	Abuse	28
test_isixhosa_00549	@username imenemene le gatekeeper akaxoki xa athi uyi gatekeeper	Abuse	64
train_isixhosa_00013	@username ikaka nje lento ayikhulumayo ##url	Abuse	44
train_isixhosa_02021	wayeman'endijonga, wayeman'endiphathaphatha, wayeman'endifofacofa ndasuka ndazal'inkwenkwe. kumnand'ukuzal'inkwenkwe💃🏽💃🏽💃🏽💃🏽🎤🎤🎤🗣🗣	Normal	129
train_isixhosa_00855	@username uthwele ngabo chomi	Normal	29
train_isixhosa_00173	@username kuthwa isela liza kwakho 🥹🥹🥹🥹 #ramaphosamustgo	Normal	56
train_isixhosa_02349	"""@username : i'm still shakin""abakulimazanga kodwa sisi? yazi ngyamzonda utsotsi ngenhliziyo yami yonke"	Normal	103
test_isixhosa_00554	hayini ngoba kutheni, ixoxo nexoxo liyazigxumela bakithi?!😏 ##url ##url	Normal	71
train_isixhosa_00541	#ripmandela ; you have done a lot for us enkosi tamkhulu, a blessing , an angel , isicaka senkosi.	Normal	98
dev_isixhosa_00310	"ndim inkawu futhi? ""@username : @username mxm lol yaphapha wena nkawu!!"""	Hate	72
train_isixhosa_01623	@username intanga zethu 😍 kwedini	Normal	33
test_isixhosa_00248	@username uxelelwe what to do abe umntu epholile yena. ekwenza isicaka sakhe😭😭	Normal	78
train_isixhosa_01921	igundwane elidala @ umlazi c section ##url	Normal	42
train_isixhosa_02655	wasinceda kodwa twitter impundulu zijikeleza zincame asilali tuu ##url	Normal	70
dev_isixhosa_00140	@username #msw @username robert my nickname mgodoyi angazi umkhulu wayecabangani 🤦🏾‍♂️🤦🏾‍♂️ let’s go ##url	Abuse	106
train_isixhosa_00952	iris....lizilethile igundwane 😂😂😂😂😂😂 #isibaya	Normal	45
train_isixhosa_01213	thetha umsunu ke wena ##url	Abuse	27
train_isixhosa_01627	mayweather uzocofa ibharu kuthule nabayiyizeli abangazinto!	Abuse	59
test_isixhosa_00451	chubby girls worldwide 🌐 gorgeous gorgeous girls 🔥 🥵 ustufuza bafwethu ♨️ ##url	Normal	79
train_isixhosa_00257	kodwa mhle lona umarhosha grrrrr	Abuse	32
train_isixhosa_00342	ulife uyanuka f ##url	Normal	21
train_isixhosa_00458	sebedliwa nase mdidi ngoba abasenalutho, iphunga lodwa elisele.	Normal	63
test_isixhosa_00283	inkawu idliwa lila kwekwe😫😫😂😂 ##url	Normal	35
train_isixhosa_02552	"zawkhutywa unye ngama gintsa rt""@username : @username ndisayo khangelas igintsa egoli kemna"""	Abuse	92
train_isixhosa_02175	@username kubekhona abo bazenza abangakwaziyo ubhala umnqundu bath umnqhundu bkz abafuni kutwe bayathuka !wow	Abuse	109
train_isixhosa_01212	ewe wethu lixolele ulithande imenemene lakho ❤ ##url	Normal	52
train_isixhosa_01012	"""hamba nkwenkwe"", inkwenkwe yaqhubeka ke nayo. ##url"	Normal	52
train_isixhosa_00873	@username in a proper translation: kulapo ndaye ndazi ukuba umnqundu uqal' apha 😂😂😂😂😂😂	Abuse	86
train_isixhosa_00674	@username kodwa lo uhili besekukudala ephumile ezingcongolweni, abangasemoyeni oko beyinokoza lento baxter	Normal	106
train_isixhosa_00720	umntu ozala inkwenkwe	Normal	21
train_isixhosa_00343	you most be rich as ever umsuzo wakho uyanuka kodwa...	Normal	54
test_isixhosa_00379	"""isifebe esisaha utshwala"" 😢😂😭"	Abuse	30
train_isixhosa_02416	unxiba ikaka ke lo sisi 💩🚮 ##url	Abuse	32
train_isixhosa_00454	uthi ufakela indoda isdliso kuvele kudle igundwane likulandele ngisho nase mall... ##url	Normal	88
train_isixhosa_00243	kungcono akulahle straight up kunoba wenziwe isibhanxa	Normal	54
train_isixhosa_00520	sidl'ukotini kwedini 🎵👌👌	Normal	24
train_isixhosa_01337	abo-bhuti bethu think they're making astute socio-political observations that time ikaka ebalikhulumayo.... ##url	Abuse	113
test_isixhosa_00016	yeka amandla ami okukwenza ustufuza ##url	Normal	41
train_isixhosa_00069	unontsikelelo igqwirha elamgqibayo listrongo... ##url	Abuse	53
train_isixhosa_01572	taima lakho utsotsi ngempela ##url	Normal	34
train_isixhosa_01716	@username i feel kukho umntu ozolala entolongweni,apho inkawu ityiwa ilila, imfene isinda ngokgoloza.uzolala ebaliwe avuke echetyiwe,etyiwe	Normal	139
test_isixhosa_00049	@username 🤣🤣🤣🤣 utsotsi phela lowo	Normal	33
train_isixhosa_02213	kwakuthi angivele ngikhahlele kwasani when umdlwembe by zola 7 played.. that song really does make one feel invisible	Normal	117
test_isixhosa_00230	uphumile uhili ezingcongolweni, utsho umfo kanxamalala!!!	Normal	57
train_isixhosa_02000	@username amadoda ayalunga kwigwijo lamakhwenkwe?  ••••••  yeyiphi ingoma yamadoda yosa inkwenkwe engcibini? ##url	Normal	114
train_isixhosa_02510	@username umnqundu wakhe, are you fine?	Abuse	39
dev_isixhosa_00184	@username e##url kuyazifanela nje isishwapa sazodwa nci nci nci ayi boys	Normal	72
train_isixhosa_02267	bethuna xa ningayazi into nibovele nithule endaweni ba nithethe ikaka.	Abuse	70
test_isixhosa_00079	bengicela nje ukuthi abalandeli abahambile beyogada ubaba, besimele nathi esingakwazanga ukuphumelela le #nkandla bengahambi kungakasi. angibathembi abantu ba #bhekicele neze. angiphathi impimpi nabaphathi bayo estellenbosch after such humiliation. ibambeni ningahambi✊🏾  #zuma	Normal	277
train_isixhosa_00693	@username iphixiphixi in zulu ##url	Abuse	35
test_isixhosa_00384	#marawhy uma umuntu ephumelela empilweni sisheshe ukbona ukuthi uthwele, kanti impumelelo iyathwalelwa noma iyasetshenzelwa? #sisonkedrive @username 	Normal	149
train_isixhosa_00609	luhle ugcwele ikaka#datemyfamily	Abuse	32
train_isixhosa_01202	@username kade waqala ukuba utsotsi ##url	Normal	41
train_isixhosa_02380	nalo umnqundu uyagqitha, masiqine ##url	Abuse	39
train_isixhosa_00665	"haibo!  😂 😂 ""@username : harmony umsunu wakhe"""	Abuse	46
train_isixhosa_01222	@username inzule unyoko golo masende kayihlo	Abuse	44
dev_isixhosa_00115	@username khawundiphe nje umzekelo wama gama esigcaleka abembalwa. ixoxo ayilogama olifumana esixhoseni kuphela, nesizulu sinalo. ololutsha luyonqena qha uzulixelele.	Normal	166
train_isixhosa_01652	"""...unoqatiko,into engamameliyo ...""...#songanxilingoba!?"	Normal	57
dev_isixhosa_00238	umnqundu wakho kwedini ##url	Abuse	28
train_isixhosa_01588	@username 😂🤣kodwa sonabini sayazi likhona ixoki olaziyo	Normal	55
dev_isixhosa_00297	ixoxo nexoxo liyazigxumela...lol. ngiyadlala zwakala..., rt @username : @username hhayi bo ningiphe namilol.. ixoxo	Normal	115
train_isixhosa_01081	""" baby ndinxaniwe mna ""  kutsho inkazana ngo 02:00 am 💔💔💔, ngoku wena funeka uvukele lonto 🤦🏽‍♂️"	Normal	96
train_isixhosa_00086	@username kunini ndilindile . yhini sixakekile kuyi busy ngok boipelo usenzela ifrats ucingba omnye umntwana uthwele ntoni xa engafuni ubuyisa i wig ngok😂	Normal	154
train_isixhosa_01236	@username msunu kanyoko ❤️	Abuse	26
train_isixhosa_01135	kwahleni nina... uyanuka yini? 😁 ##url	Abuse	38
train_isixhosa_01514	uthi udlisa indoda kuvele kudle igundwane likuthande likulandele ngisho uthi uya e-mall...	Normal	90
train_isixhosa_01182	imenemene ngumsotho otheta isxhosa 🙄😏🙆‍♂️	Normal	41
train_isixhosa_00517	ukuthi ukwazi ukuvusi pipi lami akukho kuthi sungakwaz kuvusa umuzi wakithi	Abuse	75
train_isixhosa_02025	"ooowwhhh! intwana yam madoda... 😂 😂 😂 😂 ""uthanda enye inkwenkwe efikayo eskolweni"" ##url"	Normal	88
test_isixhosa_00133	nithanda uzigqamisa. futsek.	Abuse	28
dev_isixhosa_00244	"""ndaze ndasizeka isifebe, ndasilobola"" lol"	Hate	42
dev_isixhosa_00422	@username islima ilesfebe esazala wena msunu kanyoko	Abuse	52
train_isixhosa_01569	@username akubuhlungu ukuminca ikaka!!	Normal	38
train_isixhosa_01168	@username 🤣🤣🤣 iyooo, uyanuka umuntu bakwethu. luphela usuku lwesibili sekukubi gezani zinsizwa bo! 🚿 🧼	Abuse	102
train_isixhosa_00782	yey wena msunu kanyoko. ngikhiphe la. ##url	Abuse	43
train_isixhosa_02486	@username uyandoyika qha undenza unontorotyi apha kuni😩😩😩😩	Abuse	58
dev_isixhosa_00054	usekhulumile ustufuza ♥️ ##url	Normal	30
train_isixhosa_01364	"uyazi ubeyonce ukuthi nithi ""pipi all night!? ##url"	Normal	51
train_isixhosa_00206	@username ingcuka emhlophe is white people	Normal	42
train_isixhosa_00602	@username kuthwa umnandi upumba qha uyanuka when cooking	Normal	56
test_isixhosa_00217	kufuneka ndiqeshe isibhanxa for that, ngumsebenzi. ##url	Abuse	56
train_isixhosa_01120	@username umsunu wakho vha 💞 ##url	Abuse	34
train_isixhosa_01894	@username cassper couldn't handle that, isibhanxa sentwana 😏 ##url	Abuse	66
dev_isixhosa_00195	@username kodwa bafo. anglona isela😂	Normal	36
train_isixhosa_00629	uyahlanya wena mdidi. ##url	Abuse	27
train_isixhosa_02496	waphusha ipram ye-jeep🔥 usisi eboardwalk mall la elishasi bay ngathi ngithi ngiyabheka phakathi hhawu mfene 😲😯encane izisongile ilele. ##url	Normal	140
test_isixhosa_00498	mina ukuthi u ta rams umsunu ngakubona ngokufa kuka watson	Abuse	58
test_isixhosa_00495	@username ewe kwekwe maan ended up using elinye inqatha le boot ka oshea lindingxolisisa ngo lele	Normal	97
train_isixhosa_01508	umnqundu wered wine. 😭	Abuse	22
train_isixhosa_01087	umbulali wamapolisa u-fabianus fillipus ugwetywe ubomi entolongweni izihlandlo ezimbini	Normal	87
train_isixhosa_02184	indaba isamile nangoku, ungathethi ikaka xa uthetha nami. ##url	Abuse	63
train_isixhosa_00788	@username vala umlomo wena mgodoyi namazinyo anuka uthuvi	Abuse	57
train_isixhosa_01683	@username yebo  ohho, uyanuka ngempela? 😂😂😂😂😂	Normal	45
train_isixhosa_02477	niyizinja, niyi mgodoyi, imikhanqala argha	Abuse	42
test_isixhosa_00207	umnqundu ka sasuke	Abuse	18
dev_isixhosa_00084	@username likrwala kwedini and that won’t change. ngekhe nditye naye esitheni sbotho.	Abuse	85
dev_isixhosa_00279	@username ngasho ngathi bonke even iphixiphixi lala e mgungundlovu blade naye he changed his sentiment 🤣🤣	Abuse	105
test_isixhosa_00117	#ramaphosaqanda yindaba ube ixoki wena @username ##url	Normal	54
dev_isixhosa_00308	ungavumi bakwenze umnqundu....	Abuse	30
train_isixhosa_00748	@username loonto lisikelelekile igeza: libanekhomkhom libaleka elangeni imini yonke. mhle unyanomtu ... qha “🗣🎼🎼akanangqondo”	Abuse	125
train_isixhosa_00167	amanye amadoda ngamanene; ixelegu elindim ngelaphuma laphela emva kweveki yesibini ##url	Abuse	88
dev_isixhosa_00302	“uthetha umsunu” 😭😭😭😭😭😭😭😭😂😂😂😂😂😂😂😂😂	Abuse	34
train_isixhosa_00407	sab uthwele ngathi, akukwazi ukuthi singaphuza kangaka	Normal	54
train_isixhosa_02541	uyayithanda dan wena incanca encinci? ##url	Normal	43
test_isixhosa_00467	"lol ngowasenorthcrest umvoko? ""@username : lol but inorthcrest ikhulisa ootsotsi bodwa yazi :')"""	Normal	96
test_isixhosa_00149	@username unyoko walala nobhuti wakhe kwavela wena slima ingakho ugxajelwa ikhanda msunu kanyoko abambhebha bume okwenja. you have no point sick your crust black ass down somatekisi olambayo ulala ngombhubhudlo neskhokho wena unyoko ukhathele ukufebela ukudla ukuze uzodla slima. ##url	Abuse	285
train_isixhosa_00289	myeke wena ikhona imini apho uhili azophuma khona ezingcongolweni acace into ayiyo @username 	Normal	93
train_isixhosa_00428	#xhosaproverbs ingcuka yambethe ufele legusha. ##url	Normal	52
train_isixhosa_01402	@username uzalithini iqaba laku qobo qobo😂	Abuse	42
train_isixhosa_00527	eastern cape people lets talk about iziduko zethu   umsunu sdumbu ngubani mancotshe   uvelabembentsele yena mazima   ubhukuxa umthondo awujongise emntwini yena mabamba ngubani  umafula ngesbumbu yena ngubani bozulu  bafazi qoshelani nafa lidabi lemithondo xa kutheni matshatshu ##url	Normal	283
train_isixhosa_00445	bazo ku biza umthakathi ma ba bona izinto zabo zinga sebenzi kuwe.bazo ku biza umthakathi ma izinto zabo zi shaya gogo.idlozi lona liku nyisela umuntu angaka ku khulumisi😂😂😂😂👏👊	Abuse	176
dev_isixhosa_00334	ngalishaya igundwane yezwa.	Normal	27
dev_isixhosa_00180	ungavumi bakwenze ipuss. ubozenza isibhanxa sometimes, enzele ababakwenza intlekisa bazoziveza.	Abuse	95
train_isixhosa_00185	@username kuthiwa ihule limnandi, nasezinkukhwini kunjalo, inyama yazo imnandi	Abuse	78
train_isixhosa_00149	akubuhlungu ubuzwa incanca ngu mntu ongena xesha lakhe ebusuku ☹	Normal	64
train_isixhosa_00426	@username okay... ithi lo umthakathi ahambe ayolala	Abuse	51
train_isixhosa_00583	@username kwedini susphazamisa, sithetha ngaba abansundu qha!!	Abuse	62
test_isixhosa_00022	ihagu zifuna ukutya ipudding kodwa zivelo dlala edakeni. turds.	Normal	63
train_isixhosa_00388	iphixiphixi lomjita liyohlezi liziveza....🤞🏿 some of us see them early! abanye benu bazo bona l8 ....	Abuse	101
train_isixhosa_01281	lmao ngathi ndiyabona ndikhalela inkwenkwe. umama angandibetha ndiphambane	Normal	74
dev_isixhosa_00126	zajika izinto amaphepha ndaba akhathele ukuvikela isela ##url	Normal	61
train_isixhosa_02004	@username aii angazi ukuthi impimpi zifunani la ku twitter siyihlalele kamnandi.. nisuka ku facebook ukuze bhora thina la ku twitter	Normal	132
train_isixhosa_02087	ukuthandana nalezingane zo 17,,18,,19 &amp;20 yrs kufana ncamashi nokusebenzela ikula(indian) yey aku stress esilapho...	Hate	120
test_isixhosa_00489	lol weeeh nkawana kuyenzakalani @username #isibaya	Normal	50
train_isixhosa_01982	"@username hazba indoda segqibile udeal-ishana nayo exakeke nguandiswa nje ongazange enze zithembiso kuyo. yaz sixakekile singosisi, instead of dealing with ""your man"" rather ""uhlaze ihule"" 🤦‍♀️"	Abuse	193
train_isixhosa_01478	@username khange uyiqonde oko waba ngumntu ukuba abantu abafani.. abalingani,uyayazi ukuba #kfcproposal yi restaurant yokuqala esaqala ukungena kuyo singabanye??? lamfo uyokutya restaurant nomntu wakhe with his money,such a beautiful gesture and you call him ihlwempu💔💔	Normal	269
train_isixhosa_01297	ndiyayibawela le healthy lifestyle ndiyayizama krestu ndincede undenze isicaka sayo	Normal	83
test_isixhosa_00390	@username 😂😂umenza inxila ngoku	Normal	31
test_isixhosa_00475	ukuba iphixiphixi lomuntu  aku kwenzi umuntu omuhle😕😑.  straight talk ¤ shit is shit ¤ be original💪👍🏃 #nonke   #ingabeksayikonayini👀	Normal	132
test_isixhosa_00376	@username inja yinja.....kalikho elinye ibizo,kumbe ubufuna kuthiwe 'mgodoyi'!!!!!......	Abuse	88
dev_isixhosa_00120	uyayinyamezela into lomjita akhomntu ungayaziyo ibhentse yomfazi wakhe ##url	Normal	76
train_isixhosa_02237	@username imigodoyi engazi what it means to serve..... umuntu impela uthwele kanzima	Abuse	84
train_isixhosa_00820	@username yenza njalo nja'ka🙏🏿 ##url	Normal	36
train_isixhosa_00833	@username udadewethu usephenduke umbulali, ngenxa yeskhwele	Normal	59
train_isixhosa_00145	uber undiqhela umsunu kanyoko	Abuse	29
train_isixhosa_00484	@username shada isela lakho ##url	Normal	33
train_isixhosa_02287	awu evuka nje umuntu sekukhulunywa ngokuncelwa kwama pipi nezi momozi	Normal	69
dev_isixhosa_00469	@username akusona isitabane lesi?	Hate	33
test_isixhosa_00204	@username umnqundu wakho, uyangxola	Abuse	35
train_isixhosa_00927	"will: ""uyinkwenkwe kwedini"" ##url"	Abuse	33
dev_isixhosa_00152	@username hmmm nkosyami ingane zethu, umbulali lona indlela amubi ngayo 🙈🙈🙈	Abuse	75
train_isixhosa_00132	"lol wena awulithandi? ""@username : ntombazana yeka uk'thanda e'pipi :v :v lol"""	Normal	78
train_isixhosa_00678	"o_o ""@username : or mandithi ngaske ndincancwe incanca .."""	Normal	58
train_isixhosa_00638	@username ubhora ngokuba ixoki nje	Normal	34
dev_isixhosa_00567	@username ifuna lo mdidi ubhityileyo inja😂😂😂 ##url	Abuse	50
train_isixhosa_02141	@username banintsi ootsotsi mtha.  ndizoyifumana🗣	Normal	49
train_isixhosa_01371	"uyanuka 😂😂😂😂“@username : ukhuluma inda yegolo ""@username : #beardgang inuka ikhwapha ebusweni right now""”"	Abuse	105
train_isixhosa_01102	@username iphixiphixi kupolitiki ukubona ngokuhlala isikhathi esingaka....... but ke izingane kumele zidle mbaks. but musa i ukubulala umbutho kanje. nikwebhana nodwa	Normal	166
train_isixhosa_02621	@username ambho jonga cacile awulazi icango lecawe lijonge phi kwedini zange uye nase sunday skul	Normal	97
train_isixhosa_01849	kanje ujerry nguphi ngulo igundwane??? ##url	Normal	44
train_isixhosa_02276	lenzanjani igundwane bafo 🤣🤣🤣@username #opwmzansi	Normal	49
dev_isixhosa_00223	udakiwe wena njandini. msunu kanyoko ##url	Abuse	42
train_isixhosa_00080	@username unamanga mgodoyi,  eff is not in a coalition with anc at ethekwini municipality... vele angeke ngimoshe isikhathi sami nama cockroach.	Abuse	144
train_isixhosa_00001	yilonto abanye bethetha ikaka 🤔 ##url	Abuse	37
train_isixhosa_00017	"kudibene inkawu ne ngonyama.""@username : yakha isaci okanye iqhalo nge ""nkawu"" #speakproperxhosa"""	Normal	97
test_isixhosa_00497	xa kutshatwa maku testwe both parties uba both are fertile na. kwasoloko kusitwa ngabafazi amadlolo. kanti sometimes ngubuti lo idlolo!!!	Abuse	137
train_isixhosa_00327	ixoxo alizikhumbuli lingu noshobishobi .. ##url	Normal	47
train_isixhosa_01051	@username mama  angibonge  ku dr  iqiniso leli alishoyo  ixoxo nexoxi alizigxume ngaz  ngami 😭😭😭😭@username 	Normal	107
dev_isixhosa_00363	@username msunu kanyoko ngani yedikazi	Abuse	38
train_isixhosa_00715	@username #umxholo ye madoda isenza madol'wanzima i justice system yalapha emzantsi afrika. ingathi ikhusela kakhulu abo bathe bophula umthetho more than abo bathe ba moshwa.isidlwengu siphuma sele singu mfundisi kodwa sishiye umntu nehiv ngaphandle @username 	Normal	260
dev_isixhosa_00530	@username and uyanuka ugwayi🙈🙈	Normal	30
test_isixhosa_00188	ningamyeki engeka phumi isifombo. ##url	Normal	39
train_isixhosa_01944	@username molo mamkhize...ezihambe phambili kimi ezalendoda edlisa ingane inja🐕awu isinhlungu esnje kant abant sebenjani	Normal	120
test_isixhosa_00070	this looks like ekasi xa kubethwa utsotsi wakudala ngabahlali. it’s ugly but good. can’t remember ever seeing a deflated 40 from the ab.	Normal	136
test_isixhosa_00456	1. iqaba &gt; inkani. 2. ibhinca &gt; cultural attire.  3 umzalwane &gt; umntwana ozelwe representing ukulunga. the end	Normal	119
train_isixhosa_01983	kanene , xa uphuphe ngomlungu . uphuphe impundulu.	Normal	50
train_isixhosa_02207	ngumthetho wabo banje. kaloku kuyatyiswana ingulowo ufuna inqatha. zizinyolu nyolu zifuze abaphathi usukela ku mongameli ##url	Abuse	126
train_isixhosa_01429	inkawu ityiwa ilila imfene isinda ngogoloza	Normal	43
train_isixhosa_00719	sakuvela kweyesilimela isidlwengu senqununu esasidlwengula umfundi owayeneminyaka elishumi elinesithathu: ##url	Normal	111
train_isixhosa_01206	@username igqwirha elenze lepizza liselitsha, lenza umatric sana. wow!	Abuse	70
train_isixhosa_00840	@username ndaboleka ixelegu mntakabawo 😭🤧	Abuse	41
train_isixhosa_02205	chubby girls worldwide 🌐 gorgeous gorgeous girls 🔥 🥵 ustufuza bafwethu ♨️ ##url	Normal	79
train_isixhosa_02082	funda ukuzimela ukuze indoda mayithi  futsek ,uthi msoonu kanyoko😎 ##url	Abuse	72
train_isixhosa_00733	@username and uyambona loyamama ukuthi umdlwembe	Abuse	48
test_isixhosa_00260	@username anisebahle man 😍 ndinithanda isidudla sento	Normal	53
train_isixhosa_02369	ngaze ngalizala igundwane; lilala imini yonke liphuma ebsuku 😂😂 ##url	Normal	69
dev_isixhosa_00518	alitshisi lenza umsunu kanyoko	Abuse	30
train_isixhosa_00107	…ak’shiwo lokho, ang’kaze ngizwe k’thiwa indoda isifebe…💃🏽💃🏽💃🏽 ##url	Abuse	68
test_isixhosa_00344	@username yona zange yasebenza bawokazi you. igqwirha libulala kealapha emzinalo	Normal	80
train_isixhosa_00628	ayi naye lo. uphapha too much. ukhona umuntu ongahamba esakaza izwe lonke athi umama we ngane yakhe umthakathi? so ingane yakhe ngoba ingaka nje ikhuliswa umthakathi? 🤔😳😳😲 ##url	Abuse	177
train_isixhosa_00838	what if uthwele ngokufa? ##url	Normal	30
train_isixhosa_02221	love more than you and isibhanxa zisukela apha kanti. ##url	Abuse	59
train_isixhosa_01942	hawu! rt @username : isitabane sangempela rt @username : indoda ethanda amanye amadoda rt @username : ukhaya indoda ethandazayo...	Hate	130
train_isixhosa_00336	@username ngoba wena uphuza ichampagne ndim inxila?😹😹😹	Normal	54
train_isixhosa_01413	mama kuthiwa uyabonwa emvezo esipha ihagu ekseni ##url	Normal	54
test_isixhosa_00027	@username zogulisa iinduna zethu wena mgodoyi kutheni ungayohlala kwakho or uyobabusy kule mortuary  yakho etonoreraaaaa kamnandi didi..	Abuse	136
train_isixhosa_00205	before we all go to bed my good people, ndicela ubuza. umaqwayipile uyifihla phi i-id yakhe...? tell me plz!!	Normal	109
train_isixhosa_01463	"@username babulawelwa into eqalwe ngabantu abaphole ezindlini zabo o duduzile no edward bathe cwaka now ""we see you""free zuma now""kuyafiwa bathathe back seat bona #vuka mntomnyama ungavumi wenziwe isidenge ngohlohle sakhe"	Abuse	221
train_isixhosa_00702	indoda iwa ivuka njenge pipi layo	Normal	33
train_isixhosa_01274	lonto ngulo unukayo lo wakhe inganala sound ivibratayo baleka mntakabawo 🤣🤣 ##url	Abuse	81
train_isixhosa_02453	uready mntase!!!!ugqibelele kwedini!!✊ ##url	Normal	44
train_isixhosa_01272	@username ngathi uthwele umthwalo uyamsinda manje uyamemeza 😂😂😂	Normal	63
train_isixhosa_00456	nkawana take advantage of that situation you might never get it again #isibaya #isibayamzansi	Normal	93
train_isixhosa_00480	@username umsunu ka nyoko lo uwukhumayo, masende akho	Abuse	53
train_isixhosa_00545	at least awuyishiyanga egymini incanca. ikho shem. ##url	Normal	56
train_isixhosa_02034	@username xa engathi khulula ndibone incanca before i approve. uzawuthini ? hahaha!	Normal	83
train_isixhosa_01506	@username ulibona njani ? nditsho ihule elo	Abuse	43
test_isixhosa_00302	@username eintlik yaze futsek futhi	Abuse	35
train_isixhosa_00384	ndyavuma uba umr skinny yicrook kodwa lo uthenge imoto utheni engayiphindisanga xa kanti zange ayisebenzise?  kudibene nje ootsotsi #xrepo	Normal	138
test_isixhosa_00100	"bazonya""@username : iyeza i durban july sogxoba laba abebekhuluma ikaka ngathi"""	Abuse	79
train_isixhosa_02382	@username hayi ndifuna andenze ihule lakhe shame.	Abuse	49
train_isixhosa_00948	inkazana yintombi endala ebuya ekwendeni.  ##url	Normal	48
train_isixhosa_02501	ugogo wakho umthakathi if u own a cat!	Abuse	38
train_isixhosa_00767	@username soft things. yeka ukuzenza igintsa 😂😂😂😂	Normal	49
train_isixhosa_01608	uthi ugaya omubi i chance hoping uzokuphatha kahle, yey likudlale ixoxo 😭 uze uysole ukuth bewenzani! 🤣	Abuse	103
dev_isixhosa_00260	kakade, eyona ngxaki ikula safa ##url	Normal	37
dev_isixhosa_00068	"lol udlalile kodwa ngami ""@username : igeza lensizwa---► @username kuyavukeka kodwa ndoni?"""	Abuse	91
train_isixhosa_00923	ayikho into enyanyisa indoda yomxhosa njengokubizwa inkwenkwe 😂😂😂.	Normal	66
test_isixhosa_00310	usile la @username ungathi umumathe ikaka. yazilibala ba waqala kwi talent show . ##url	Abuse	87
train_isixhosa_01266	@username ndibona apa wonke umntu wazinikwa inins bt still basalahla inkukuma pantsi ibins zithutha utywala abanye bafaka igroceries for ukunceda abantu ngayo	Normal	158
train_isixhosa_01249	@username umithisile? utyele igintsa lase blawa? 👀	Normal	50
train_isixhosa_00883	&gt;&gt; iqaba nebhinca, amaqaba kwaba abantu abangavumanga ukukholwa kwase kuthiwa “amanqaba” kahle hle amanqaba “amanqaba kukholwa” or inqaba ngoba sekuthiwa amaqaba, amakholwake ashintsha ngisho indlela yokugqoka but amaqaba aqhubeka ngokugqoka indlela. . .	Normal	260
train_isixhosa_01821	inkwenkwe engafuni ukoluka : ##url	Normal	34
train_isixhosa_01905	fezile and nkawana #isibaya . ##url	Normal	35
train_isixhosa_01300	amaphupha ayizolo awandiniki tuu umdla woba ndilale namhlanje....impundulu zonyoko bezindombese kumatasatasa...yhu into zabamama!	Normal	129
train_isixhosa_01645	champagne makes you look like inxila eliphucukileyo 😂😂😂😂	Normal	56
train_isixhosa_01467	why ootsotsi beyithanda kangaka i-afrikaans?	Normal	44
train_isixhosa_00848	@username noma ngabe kuyini ukwenzile utsotsi nje lo hawuuu	Normal	59
train_isixhosa_02482	“shaya ngamabele akhomb’utsotsi” - spura maluda ##url	Normal	53
test_isixhosa_00435	nduna ngisibonile isitabane sekhehla... ikhehla uqobo! ##url	Hate	60
train_isixhosa_01195	ibabuhlungu into yobona ihule liba serious nomjita, ube wena uzibonile indlela zalo in the past. mjita wabantu abe esemathandweni #problems	Abuse	139
train_isixhosa_00892	yazi umuntu uthwele kanzima!😂	Normal	29
dev_isixhosa_00125	@username 😄😄angakulinge samenza inkawu ngenja	Normal	45
train_isixhosa_00982	actually...  umnqundu wethu sonke 🖕🏾	Abuse	36
train_isixhosa_00624	yini ixoxo ?	Normal	12
train_isixhosa_01829	@username uthwele ngalo lol	Normal	27
train_isixhosa_01035	hawu 😟liphi ikwerekwere lakho  ##url	Hate	36
test_isixhosa_00168	hhey nayenza indaba, umthakathi uyadansa laphandle😂  wololo💃💃 #fakumoya @username dzankie🙏  @username 	Abuse	102
train_isixhosa_02080	"""awumbi ingathi uzimpundu zexhego elisokolayo."""	Abuse	47
test_isixhosa_00439	oomarhosha kulena iweather bayaxoka bazonxiba iblukwe ezinde. ayizobakhona ingeniso tu.	Abuse	87
train_isixhosa_01410	sisineka noba ayihlekisi. sibhida igqwirha.	Abuse	43
train_isixhosa_02153	"@username ndibonise inkazana yam levideo yathi "" ke wena fela anale mkhaba asa tsebeng ho jaiva "" amankazana ngamagqwirha mkhuluwa ndincamile"	Abuse	141
train_isixhosa_01026	this lady is so rude yezwa. uzobona izinqa zesele ke masende kayihlo. nxxxx	Abuse	75
dev_isixhosa_00124	uwena ixoki lokuqala ##url	Normal	26
dev_isixhosa_00324	@username umthetho wakho ulilahle	Abuse	33
train_isixhosa_00529	@username ukwanda kwaliwa umthakathi ...	Normal	40
dev_isixhosa_00460	"uyayithanda incanca uunathi ""@username : intoni unathi?😞 ""@username : inantsika can really change ones's mood yazi 😍"""	Normal	117
test_isixhosa_00186	@username like that number 10 wa 🇦🇷 🤬 umnqundu wakhe ##url	Abuse	58
train_isixhosa_02465	mtsweni , nodidrwa mzilakatha  sihlangu esakhayo entabeni  mahlaba sebutjwa  abanye bahlaba ngesikhehlana  mfene ezimawahlwa  ezahlathelana entabeni  mzilakatha - memuka ##url	Normal	175
test_isixhosa_00233	uzosalela masende akho ##url	Abuse	28
train_isixhosa_02122	😂😂😂haibo! awuthandi ndenza ihule! ##url	Abuse	39
train_isixhosa_01794	@username inja yami le, ibatshela emakhaleni ukuthi izobancisha imali	Normal	69
dev_isixhosa_00347	12. inkawu ityiwa ilila, imfene isinda ngogoloza ##url	Normal	54
train_isixhosa_00611	@username sundenza ixoki cause ndakuxelela impendulo 😑	Normal	54
train_isixhosa_00546	ezizinto zothanda uhambe ebusuku sibona yonke ikaka	Abuse	51
train_isixhosa_02489	and that i have to pay 15% of it? ngiwuthathaphi???! coming back here i owe somebody for that. @username kodwa soneni kangaka ngempela baba? sithi siyazama iskole kodwa cha imali phambili inja ngemuva! @username what exactly do you want kahle kahle?	Normal	249
train_isixhosa_00009	@username #kuthiwa make wawadla ikula liyokudonsa ngekhala uyolithithizela mina bru nop angiwalokothi	Hate	101
train_isixhosa_01918	@username yintoni unondatshaza ngesixhosa my friend?	Abuse	52
train_isixhosa_01226	bathi ukwanda kwaliwa umthakathi	Normal	32
dev_isixhosa_00034	i'd rather marry iqaba that is business minded, than to marry ugqirha omuncu ongakwaziyo ukuzicingela, into yakhe ziincwadi qha #mxm	Abuse	132
train_isixhosa_01382	@username okunga pheliyo kuyahlola,inja ne nja ine mini yayo.	Normal	61
train_isixhosa_01038	@username sesiphi isilwanyana osoyikayo? #askkidtini	Normal	52
test_isixhosa_00370	in their defence, besebephumile ezingubweni nakwi mbola. but bebesiya komnye u mgidi wamazawa. makuculwe. even if uthwele i towel.	Normal	130
train_isixhosa_00700	niya thanda undenza inxila... kodwa siba sonke espotini 😒	Abuse	57
train_isixhosa_00888	@username uphumile uhili ezingcongolweni ekudaleni uyavuma ukuba wanyulwa ziguptas . bathini kengok abantamo balukhuni be anc ?	Normal	127
dev_isixhosa_00327	@username nkabi ediniwe iyakhutshwa kufakwe enye ezotsala ngamandla, uhili uphumile ezingcongolweni, big up kumgaqosiseko @username .	Normal	133
train_isixhosa_01023	@username uzolithathaphi igundwane elingavukelwa?	Normal	49
train_isixhosa_00274	@username #ngqondi: anifuni kuthi umzi ongena mfene manene?	Normal	59
train_isixhosa_00483	nali ibhityo  😂🙈 andizazi nam bendisithini 😂 ##url	Normal	50
train_isixhosa_02056	no one cooked... ixoxo nexoxo umazigxumela😢😡	Normal	44
train_isixhosa_02450	@username kuyonuka umsunu kaloku @username 🤣	Abuse	44
train_isixhosa_01376	@username kunyuka masende akho!	Abuse	31
train_isixhosa_00037	@username akukhona ku facebook la wena mfene udonsa kanzima umazelaphi awume ngokuphapha bafo	Abuse	93
test_isixhosa_00057	mbalula uphendule ikaka yaz 😭🙆🏾‍♂️🤣	Abuse	35
train_isixhosa_01379	“wenze ikaka kodwa yaz” ##url	Abuse	29
train_isixhosa_01327	@username r150 nje, cha isela lelo	Normal	34
train_isixhosa_00302	lool ixoxo nexoxo liyazigxumela 🤷🏾‍♂️ ##url	Normal	43
train_isixhosa_01606	@username yhooo lentsente ithini kum 😂 yewena masende akho wazondithethela inhlunu	Abuse	82
train_isixhosa_01089	@username vula umlomo wakho unukayo uthi i ##url	Abuse	48
train_isixhosa_01217	njani ungawuva umthondo wakho xa uthe nca ezimpundwini zomnye umntu? elinye igqwirha lendoda belide lama ecaleni kwe hip endiphefumlela nxa! ##url	Abuse	146
train_isixhosa_00915	@username umsunu wakho bra... uyinkwenkwe	Abuse	41
test_isixhosa_00389	@username butiza ha.a andivumi in most cases zizo ezingabakhathelelanga abasebenzi kuba zinikwa inqatha zininzi cases vele kuthi cwaka.	Normal	135
dev_isixhosa_00101	hawu inxila madoda 🔥🔥 ##url	Normal	27
train_isixhosa_00712	@username uqinisile, vele uyanya mgodoyi	Abuse	40
train_isixhosa_01721	@username mntam, uyayiqonda ingumsebenzi ongakanani ihagu?🤣🤣🤣 by the time ugqiba ukuphala lohagu ziyawbe ziphelile ezo munchies😂😂	Normal	129
train_isixhosa_00800	umthakathi unyoko....mamkabayi thou	Abuse	35
test_isixhosa_00314	@username kwayekwa uthi “ihule” quantum ngoku 😂🤣🤣🤣	Abuse	50
train_isixhosa_01630	@username .. masibonge usomandla ngako konke akwenzile empilweni yakho baba... wakwenza isidalwa esisha...amen	Normal	110
train_isixhosa_02606	@username no, first of all how does she know ukuthi indoda yomunye igeza once?	Normal	78
train_isixhosa_02631	umbulali nomdlwenguli wase mpangeni ekzn ugwetywe ubomi izihlandlo eziyi-6 yinkundla ephakamileyo. #sabcnews ##url	Normal	114
dev_isixhosa_00006	@username wena msunu kanyoko ushiya unyoko kini ucabanga ukthi uzomthola lana,ungalimge nje ungixhaphele,masende ehhagu,nithanda kabi ukuzenza ngcono ngabantu kule app nenza engathi nina ni perfect.ithi ngikutshele angikusafi,mina ngingakuqaqa a masende ngesandla ngcili🚮	Abuse	271
train_isixhosa_01208	this savanna is fighting back. isela mna ngoku kodwa ndim oyithengileyo	Normal	71
train_isixhosa_00713	ustella uyabonakala uba uyayithanda incanca. 😂	Normal	46
train_isixhosa_01430	ndigqithwa nazi mfene.. lol😭😭 ##url	Normal	35
dev_isixhosa_00538	icondom iyayimathisa incanca. ##url	Normal	35
train_isixhosa_00404	uhili uphumil' ezingcongolweni!!!!! @username #ashestoashes	Normal	59
train_isixhosa_02387	😂😂😂😂🤣🤣🤣ukhona umehluko mdidi ##url	Abuse	34
train_isixhosa_01648	@username eishaa isixhosa sibhida abanikazi baso girl you real ment what you said nxa ulekukhulu ixoki ude ubelixokikazi noba uses iphi isini. nxa hyibaxa side sifake ukwazi lo kodwa mna ndiright apha esisotho sam😢	Normal	214
dev_isixhosa_00003	@username sithi isidenge caba.	Abuse	30
test_isixhosa_00116	to all twitter investigators.  salute!   nide nasifumana isidlwengu	Normal	67
train_isixhosa_00147	ekhaya nditya irice negravy nenyama ndizishiye ezinye izinto, kodwa kube khona inja ezothi ndiliqaba ingathi andizazi or andaziwa 😏😏	Normal	132
train_isixhosa_00345	@username gwinya lo rabishi	Abuse	27
train_isixhosa_01722	@username nguwe lo ndosi? zininzi izibhadubhadu apha, andifuni kulandela impundulu.	Normal	83
train_isixhosa_02075	yho niyayithanda incanca. nabulawa ngayo. ##url	Normal	47
test_isixhosa_00537	uyayaz inja umgodoyi ##url	Abuse	26
train_isixhosa_01742	@username uthetha ikaka yakhe maan suka.	Abuse	40
dev_isixhosa_00554	inxila ngathi uhlutshwa yindoda😭 ##url	Normal	38
train_isixhosa_02072	umbona ngokuthi adlalise inja 🐕 kini, ukuthi lona uzoboleka imali💵 😂🙈 ##url	Normal	75
train_isixhosa_02582	nibahle mama no mgodoyi wakho. ##url	Abuse	36
train_isixhosa_02317	@username ulwazi esiluthola kulengosi lubaluleke kakhulu kithi njengendlu empisholo, niqhubeke njalo ukwanda kwaliwa umthakathi	Normal	127
train_isixhosa_01864	uyayinxila ikaka mfethu 😂 ##url	Abuse	31
dev_isixhosa_00319	@username banganya kum. i don’t know how, but andinokwenziwa inkwenkwe olu hlobo mna.	Abuse	85
dev_isixhosa_00495	uzimpundu ezimdaka wena. ##url	Abuse	30
train_isixhosa_00064	@username impimpi le indim seyivela koofacebook noo-google earth. sendifanise nezowriting zeinvoice nalo uconfirma iiservices. inene ngesendibuze umtu imibuzo uba bendingumcuphi... khona okushaya amanzi ngalasignature kadirector ##url	Normal	234
test_isixhosa_00090	@username nquza yakho leyo msunu kanyoko	Abuse	40
dev_isixhosa_00071	"fundisa eprimary uzoyibona indaba, these two baxabene coz oyedwa ucele omunye to look after her pen and specifically said ""ungalilahli"" ugirl walilahla so usefuna leli lakhe ukuze abhale. the other one akazingeni uthi i didn't agree to look after your pen, ulilahle wena not me 🤕"	Normal	279
train_isixhosa_02247	@username ukucikoza kusezakuphela. isela lisezakuphendula onke lamatyala soloko liwabaleka. #jz783	Normal	98
train_isixhosa_02053	nanku umphixanisi etyanyazise amehlo etafileni #thequeenmzansi	Normal	62
train_isixhosa_02101	@username isifebe esingunyoko sisebenza ebusuku	Abuse	47
train_isixhosa_02490	you can just smell it xa usenziwa isibhanxa	Abuse	43
train_isixhosa_02515	@username 😂🤣😂 hay ndifuna ihlwempu elingenayo kwamali mna	Normal	57
train_isixhosa_01957	ramaphosa ngathi ixoxo angazi lakephi ligolozela usawoti😂😂😂	Abuse	59
train_isixhosa_01363	@username ngathi uthwele inkukhu ekhanda. ##url	Normal	47
train_isixhosa_02662	"""ukuba uthe ubathabile uyasela,ndithi mna ngunyoko lowo isifebe selali"". social development ministers spokesperson"	Abuse	114
train_isixhosa_02409	iqaba leli!!! #enca #noconfidence ##url	Normal	39
train_isixhosa_01050	@username niyasinyela kodwa. the same mgodoyi family that colonized our nation. nisiqhela ikaka🤞	Abuse	96
dev_isixhosa_00143	isandla esinye lesiya sisebenzako ngathi asisebenzi namuhla, ngokuba ngathi utweeta ngo mdidi nje ucoffe.	Abuse	105
dev_isixhosa_00255	@username uwushiyela imenemene elilahlwe limenemene lalo ngenxa yobu menemene?	Normal	78
train_isixhosa_01949	msunu kanyoko sani, ungangijwayeli igolo wena malebe nyoko @username 	Abuse	69
train_isixhosa_00939	ngathi uyanuka 😷 ##url	Abuse	22
test_isixhosa_00263	nayi iwinter isondela 😳 akekho ustufuza ofuna sxoxe? 😭	Normal	54
dev_isixhosa_00079	@username ihagu zithanda udaka	Normal	30
test_isixhosa_00478	isela ngempela leli! ##url	Normal	26
train_isixhosa_01194	@username ndithe umnqundu wakhe uprudy.	Abuse	39
train_isixhosa_01048	#......👍 @ ilawu boutique hotel pietermaritzburg ##url	Normal	54
train_isixhosa_00543	twitty nje ngoba engathi uthwele ivila.😒	Normal	40
dev_isixhosa_00408	nx ngphethwe inja yekhanda😭😭 ##url	Normal	34
train_isixhosa_02077	@username yini ndoda wenza igundwane?	Normal	37
train_isixhosa_00918	le genge yaphesheya ihlezi ilengise ama pipi 🥴🥴🥴🥴 ##url	Normal	55
train_isixhosa_02492	@username 😂😂😂 niyawakhetha amanye niyawacenga amanye niyawateketisa  xa uthetha ngecorruption akunakuthi awendawo ethile isela lisela noba lelakowenu noba leli ulivotelayo ngokulitanda lisela qa noba lihlala kuphi	Normal	213
train_isixhosa_02424	ujaiv ikaka kodwa ##url	Abuse	23
train_isixhosa_02388	ubophuza nalo itiye ixoki lasemsebenzini, kodwa ungalokoth’ ukhohlwe ukuthi ixoki… 🫥	Normal	84
train_isixhosa_01457	@username ufuna ukukhatywa amasende wena kwedini!	Abuse	49
train_isixhosa_01294	lenja yakho inenhliziyo embi umthakathi uqobo ##url	Abuse	51
dev_isixhosa_00475	@username 🤣😅😂 kuyasiza ukuhlala unezinto ezimnandi bheka🤞🏾lamane ladunyelwa isela lakhohlwa belizokwenzani - he even had gloves on 🙈😂	Normal	133
train_isixhosa_01755	ulale nebele elikhombe utsotsi ,xa uvuka yi teabag😪😪😪 ##url	Normal	59
train_isixhosa_00011	@username kunganuka umsunu kuthiwa eyami lemali	Abuse	47
train_isixhosa_02499	senibizana friend ngoku?? injakazi emnandi sulibala msunu ##url	Abuse	63
train_isixhosa_00728	eyoba ndiyongcolelwa yiex yam kwiphupho lam. yena noboyfriend wakhe, bandivuse ngoone ezunzulwini, kuthwa mandihambe because abakwazi kuzekana. phofu kwa mna andizazi bendiyothini kwa apho bahlala khona.  yhu ndavuka ndathandaza, rha uphupha impundulu ekuzeni kusa. molweni	Normal	273
test_isixhosa_00199	sonke siyasela moss okanye ndim inxila?	Normal	39
train_isixhosa_01228	@username haibo ……kuhamba kuhambe kubenjalo,iluma wena inja uma ungayinakekeli🤞🤞	Normal	80
train_isixhosa_01862	golo elimanzi masende kayihlo, maleve alengayo, ungangixhapheli mina, show yourself gwala elinya amanzi ##url	Abuse	109
train_isixhosa_00699	@username uyabonakala inoba uzobeleka inkwenkwe hahaha	Normal	54
dev_isixhosa_00424	"@username mele ijikwe ke le ntetho ithi ""iinkawu zidlala umoba"" masithi ngoku ""inkawu idlala imali"" #bee"	Normal	104
train_isixhosa_00701	welele ngiphethe iqaba.	Normal	23
test_isixhosa_00206	ufuna incanca 😆 ##url	Normal	21
test_isixhosa_00362	lakhala shem igeza lathi:yhu bayasweleka abantu phandle apha, nam ndiske ndizive sendinqwena!	Abuse	93
train_isixhosa_00212	@username haibo ndixakwe kukunxiba😭.... futsek futhi😂	Abuse	53
train_isixhosa_00898	"lmao wena ungazongi bhoshela mina, abeeee nank""'umthakathi bakhithi... 😂😂😂😂😂 yini sisi unga lali? une stress? 😂😂😂😂😂😂 ##url"	Abuse	122
train_isixhosa_01095	@username andinoze ndiphinde ndikhankathe,uyanuka umkhwetha 😂😂😂😂😂	Abuse	65
test_isixhosa_00268	ixelegu liyenzeni indlovukazi??	Abuse	31
test_isixhosa_00003	mantombazane ngyathemba nibonile ukuthi isifebe sishawa kanjani... smh ruby is a boss ##url	Abuse	91
train_isixhosa_02159	lmao so manje nami nithi ngithwele kodwa ogogo benu banezi mfene ##url	Normal	70
train_isixhosa_00043	yayinhle incanca!! 😍🤤 ##url	Normal	27
train_isixhosa_02365	@username andingomntana wakokwenu kwedini. uwabale amazwi wakho. ##url	Normal	70
train_isixhosa_00828	@username impimpi tboy iyacasula ungaze ugcine uyenze into enkulu bantu abayeke nje into embi kubanye abantu from dumi zwane @username 	Abuse	135
train_isixhosa_01712	@username 🤣🤣🤣🤣 kanti kukhona incukuthu ezindlini zenu?	Normal	54
train_isixhosa_01263	fifi needs a stylist and needs to gain abit of weight.  ngathi uyanuka nje futhi, angikho sure ngaye 😔	Abuse	102
test_isixhosa_00293	@username unyanisile, imenemene ngulamduduzi, umjule emlonyeni weengonyama, like tshwaaa!!, phakathi inside.	Abuse	108
dev_isixhosa_00569	@username msunu kanyoko ungabuyel endlin🤨	Abuse	41
train_isixhosa_00032	@username unfortunately ,we have ingcuka ezombeth' fele legusha🙈	Normal	64
train_isixhosa_01137	@username unohili wena kwedini ❤️❤️❤️😍🕯️🙏🏾	Abuse	42
train_isixhosa_01291	"lol msamgano ""@username : khona abalwe esthendeni. kufihlekile rt @username : isifebe asibhaliwe esiphongweni..."""	Abuse	113
test_isixhosa_00307	lmfao rt @username : yintoni kwedini oko ingathi xa ubhala itweet yakho unobukrwada ebantwini? zama utshintsha ke @username 	Abuse	124
train_isixhosa_00251	hlathi, mfene, msuthu, canzi, sanzanza, za’ngomva eliweni, bhargum, moetsweneng, lisa omhle. sizikulwana sika tatomkhulu diliza, nesika khokho uzingxamele. tshtsho ubekho mchana, yibambe… ##url	Normal	193
test_isixhosa_00320	we call that isigquma emtee isigebenga sabetha into engapha kwecici	Normal	67
train_isixhosa_01678	lol! pipi yakhe ngoku mntu seyizula koo whatsapp :( anisfundi gqith isifundo maan.	Abuse	82
train_isixhosa_01338	lrt, so women who fall pregnant don't fear god? niyayithetha itywetywe xanithanda.	Abuse	82
train_isixhosa_00422	@username uyigolo wena msunu kanyoko	Abuse	36
train_isixhosa_00589	@username kanti unalo yini ixoki	Normal	32
train_isixhosa_00040	umnqundu wakhe wethu elaqeyandini. ##url	Abuse	40
dev_isixhosa_00532	yes ngawafaka amacici nami but ngokuhamba kwesikhath ngawayeka! angisayizwisisi nje kwelova namacici! ivele injubaqa izalifaka ekhaleni	Abuse	135
test_isixhosa_00202	"""hlampe ngimazi ngokumbona""  kusho ixoki selifuna uqhubeke nendaba. 🤣😂 ##url"	Normal	76
train_isixhosa_01053	usuke umubi impela uma usuhlala nemali, phela imali igeza wonk'  umuntu	Normal	71
train_isixhosa_02605	woza lana hawu!! kusho isidudla sisho kimi😋☺ ##url	Hate	50
train_isixhosa_02109	ubutywala buyakwazi ukwenza ubembi... kutsho isibhanxa endingasazi nosazi.	Abuse	74
train_isixhosa_01677	@username 🤣😂🤣😂🤣 xhosa ladies are always suspicious...bathi ke “isela alikufuni ukwebelwa lona” 🤣😂🤣😂🤣	Normal	100
train_isixhosa_02011	"""uyokhotha umnqundu ka nyoko"" 😭😭😭 ##url"	Abuse	39
dev_isixhosa_00063	so umtn uzxelele vele vele uba uzandiphaka emini ndijongile?? undenza ibharu shame.	Abuse	83
test_isixhosa_00029	amantombazane ngendlela ay'thanda ngayo imali, ukube itholakala ehlathini ngabe aphila khona aqome ney'mfene 🤣	Normal	110
test_isixhosa_00365	@username nghlebele ixoki, 😭	Normal	28
dev_isixhosa_00457	inkwenkwe enkulu 😂😂😂😂	Normal	21
test_isixhosa_00007	@username nangu’umsunu kanyoko edakwa bo	Abuse	40
train_isixhosa_00241	😂😂 inkawu ityiwa ilila elimpopo, imfene isinda ngogoloza 😂😏 ##url	Normal	65
train_isixhosa_01823	akumnandi emthatha namhlanje kunuka umsunu😭😭	Abuse	44
train_isixhosa_00106	@username umnqundu wakho, lushian. 😂😂😂	Abuse	38
train_isixhosa_02583	"""inkawu ityiwayo nefele layo emdantsane, imfene isinda ngo goloza"""	Normal	66
train_isixhosa_01936	@username the same way i have been celebrating for the past 23 years akukho mgodoyi wangitshela udoti cyril uyasidaelwa usaba abelungu ucindezela thina	Abuse	151
dev_isixhosa_00060	isifebe esicisha ivibe ##url	Abuse	28
train_isixhosa_02670	"@username angithi  wena usukhethiwe  yimina  ""utsotsi"""	Normal	54
train_isixhosa_02340	@username xa enobhentsisa amanyundululu ayesenzeka kwimk he'll lose more than incanca. 🤣🤣🤣🤣	Normal	91
train_isixhosa_01166	@username futsek ungumbulali kwedini	Abuse	36
dev_isixhosa_00488	did y'all sell this game @username ??? sanusiqhela inqatha elinqumileyo, haibo	Normal	78
train_isixhosa_01654	umnqundu oqhala apho ##url	Abuse	26
train_isixhosa_02126	ihule intombi ethanda amadoda ##url	Abuse	35
dev_isixhosa_00312	@username ilawu cuddle khona kamnandi ke because once you let go uyawa phansi	Normal	77
train_isixhosa_00187	@username 😂uyambona ukuthi umbulali	Normal	35
test_isixhosa_00366	kushota unondatshaza, nebhenki apha. ##url	Abuse	42
train_isixhosa_01308	"iqaba ledlakadlaka rt @username : shezi any day nje ""@username : ""amanga ukuthi khona umuntu ongakhulumi amanga"" - shezi"""	Abuse	121
train_isixhosa_00588	kanti ngu mihlali on both pictures ??? kwedini sudlala ngathi 😂😂😂🤣 ##url	Abuse	72
train_isixhosa_00575	@username aphole ustufuza bakithi,maye muhle kodwa	Normal	50
train_isixhosa_00176	ngaske ndithume uhili ayondithengela esi sonka	Normal	46
test_isixhosa_00486	ootsotsi beentsula 😭😢😩😂😂	Normal	24
train_isixhosa_01984	@username isela eli ngesixhosa........ ##url	Normal	44
train_isixhosa_01207	who ever started dark skinned slander msunu kanyoko in fact golo lanyoko ngcili egxiza ibunu nhlunu	Abuse	99
train_isixhosa_01162	nje! @username : umfundisi akamzal'umfundisi bongzsidu: ukwanda kwalilwa umthakathi...	Abuse	86
train_isixhosa_02532	@username isidlwengu sofika usatunusile 🤣🤣🤣 aikubhovoze	Normal	55
train_isixhosa_00293	@username ndifuna lo mntana uyintombi even 🤣 andiyifuni inkwenkwe as i first born 🤷🏿‍♂️	Normal	87
test_isixhosa_00347	lithethile inxila guys ##url	Abuse	28
train_isixhosa_01242	mamakho omuncu. futsek futhi ngoku. rha ##url	Abuse	45
train_isixhosa_01744	uzoz valela amathuba mfethu sometimes akaka decide mntana sometimes ulinde ibharu yakhe inye at times ufuna ukwazi ingathi kanti uyikaka yomntu nje enge kwazi nothetha so uyazi valela xa usithi yes/no zisuka ##url	Abuse	213
train_isixhosa_00814	lol, indoda iyawa iphinde ivuke njenge pipi layo rt	Normal	51
train_isixhosa_00492	lenja yakho inenhliziyo embi umthakathi uqobo ##url	Abuse	51
train_isixhosa_01748	ingathi utsotsi wempundu lo mjita #dmf	Normal	38
test_isixhosa_00130	@username what ...ukhalela umuntu ongamazi uzuthukane pho ..asbheke ubani inkwenkwe ke lana ..umazi akakwazi ..weeh umuncu 😂😂😂	Abuse	126
train_isixhosa_02177	i hate people who take my stuff without my permission, sogqiba umama uzothi mandingabi nenzondo! ndakwenza inkawu ngenja mna	Normal	124
train_isixhosa_00330	ootsotsi bakhe baqhekeza bekhona abantu at a house in my street.	Normal	64
test_isixhosa_00521	mina ngasuka ekhaya ngithi ngizogana kanti ngizogana isifebe sendoda!	Abuse	69
train_isixhosa_02467	@username uqhelwa umnqundu ngelaxesha 😂	Abuse	39
train_isixhosa_02491	hamb’usithi mna ndiyakubambezela, tshomi zakho zithi ndiyakuleqa. abakwazi ukuthi ubenza isidenge, mna nawe hlala sinjena ##url	Abuse	127
train_isixhosa_02390	"kuthwa zimnandi incanca zabantwana ""@username : gotta feeling lo meza ngumntana ka 93. but andimind(y) incanca yincanca wethu :""""""""d"""	Normal	133
dev_isixhosa_00289	don't be that guy eyaziwa ngothanda uvusa idash kodwa isela into engapha kwalo dash	Normal	83
dev_isixhosa_00464	hai ndiyasokoliswa kodwa lanto bayifunayo ikula annual report 😒	Normal	63
train_isixhosa_01234	"when people say ""umsunu wakho"", gotta say ""umsunu wakho nawe umnqundu"". be just as violent. people are evil."	Abuse	108
train_isixhosa_00357	@username uyalazi imenemene 😭🤣	Normal	30
train_isixhosa_00774	👩🏾: “u-boy akanakudla babakhe.” 😔  👨🏻: “nami bengidla igundwane ungibona nje 😕, uma ubhekile angawudla umsila?”	Normal	111
train_isixhosa_02079	fezile iqaba straight 😂🔥 #isibaya	Abuse	33
train_isixhosa_00792	xa ikaka isithi if the shoe fits ngaske uyilayite ngempama because iyakubemisela	Abuse	80
train_isixhosa_01547	@username ngawe ophaphayo kwedini..	Abuse	35
train_isixhosa_01256	i was such a mess izolo. ukuba niyayazi injakazi. 😭😭😭	Hate	53
train_isixhosa_01084	@username mna where im stay we anc members senza sure ukuthi ayiexist i dnt want to lie  cse ngekhe siphathwe ngabo akuyiboni kwa ukuyibona even next year sizokwenza sure singamavolontiya ukuthi ayiveli nangonwele  igeza gqithi	Normal	227
train_isixhosa_00361	ndiyalazi igqwirha xandi libona ##url	Normal	37
test_isixhosa_00067	@username yem-yem, ndandityikityela wena kwedini yakuthi apha...ndingqina. siiiiiii!!!	Abuse	86
train_isixhosa_00562	@username ndizifuna kula nkonzo. isidudla sika go back apha kum please.	Normal	71
train_isixhosa_00811	andimhle ndenza umsunu wenja kodwa andiyi ndawo	Abuse	47
train_isixhosa_01736	@username oh satsho isifebe esingenayo nemali yokuthenga streetwise 1 😂😂😂	Abuse	73
train_isixhosa_00993	@username lelinye igeza elo😂😂😂😂😂 ndimthandaa!	Abuse	45
train_isixhosa_01549	a relationship with another tribe 😭😭 lobhuthi is sweeet haibo ndifuna ukuqathwa ndendzwe isibhanxa ngalamaxoki akuthi😊	Normal	118
train_isixhosa_02517	@username akho need to be inkazana uthukise .	Normal	45
train_isixhosa_00847	"nkohlakalo 😂 ""@username : following inkwenkwe &gt; watching bafana bafana"""	Normal	74
train_isixhosa_00320	ukuba ndingaphinda ndizale inkwenkwe igama layo ingangubangumhlaba.	Normal	67
train_isixhosa_00781	"ndibawela ubhala into ngomsebenze qha moss ndamkela impimpi on my social media because mama wandifundisa ""cina izihlobo zakho kufuphi, kodwa intshaba zakho..."""	Normal	159
train_isixhosa_02074	@username iqaba wena mfowethu ligama elalisetyenziswa ukubiza abantu abangafundanga, nababe ngaguqukelanga kwinkolo yobu kristu. intsusa ke yeligama : ababantu babeqaba imbola, babesohlulwa kanjalo kubantu abafundileyo abaguqukele kwinkolo yobukristu. eligama xaliphelele “iqabimbola.	Normal	284
train_isixhosa_00650	@username iqaba sithi ngumntu ongazinto other words noba ungafunda uliqaba qha if awazinto	Normal	90
train_isixhosa_02364	@username yambona kodwa umuntu ka zee? igeza!	Abuse	45
train_isixhosa_02564	😂😂😂 inkawu idliwa ilila ##url	Normal	29
train_isixhosa_00259	@username uthwele ngawo lamazinyo wawalungisa iyahamba imali	Normal	60
train_isixhosa_00988	fikile mbalula is busy running his like unondatshaza otyele umntu endodeni. instead of focusing on his party that is meant to run gov but failing to do so, busy unyuse onondrokhwe ku twitter ngathi yinkazana endala.	Abuse	215
train_isixhosa_00501	@username lol vele nginguye ustufuza 😋😋😋	Normal	40
train_isixhosa_01117	@username r0.50c uryt nakhona ungathengwa izikhotha mdidi ##url	Abuse	63
train_isixhosa_02269	mhlolokazi kukho lo tata ofika njalo endlini yakho #baleka ezinye izinto azifuni idolo azifun' ixoxo baleka qha	Normal	111
train_isixhosa_00553	vele uwena ixoki wenza angathi uyacima iphemba mxm 😡😡😡😡😡😡😡😡😡😡😡 ##url	Normal	68
train_isixhosa_01831	😭😭😭😭🤣🤣🤣🤣🤣 buyela ekhaya kwedini ##url	Abuse	37
train_isixhosa_01581	ingxaki awuliboni msinya igeza, wethuka lingaphakathi ta lager .. ##url	Normal	71
train_isixhosa_02293	niyandiqhela shame ibhentse.	Normal	28
train_isixhosa_02055	theth'ikaka. awumdala for ulahlekisa umntana 😕. ##url	Abuse	53
test_isixhosa_00574	@username khufumane igintsa wethu so we can live our best lives. 🤣😂 ##url	Normal	73
dev_isixhosa_00547	lmfao ootsotsi basemthatha bayatyilwa 😂😂😂😂 yini emini epha lo ucimba uzothatha iphone kabani?	Normal	93
train_isixhosa_00977	@username #umthakathi namaboys. 🥺	Abuse	33
train_isixhosa_01529	emtee uthwele kanzima lakuthwitha😂😂😂😂😂	Normal	38
test_isixhosa_00425	i'd never understand this concept yokwenza umntu isidenge... 😏😏	Normal	63
train_isixhosa_02635	ok uhluphile namhlanje, hhamba uyekini manje 😓 @ ilawu botanical hotel &amp; studios ##url	Normal	90
train_isixhosa_00161	losisi uthi ndine ntliziyo encinci   i replied :ewe sisi enye ikula sisi ndincuma naye ##url	Normal	92
train_isixhosa_02065	@username umthakathi wangempela u nkabinde.#isibaya	Normal	51
dev_isixhosa_00285	mina ngabona ngokuth behlale mama pipi eplastic eyindlini kuth basifuna sifile singadoda	Normal	88
test_isixhosa_00312	@username levosho iyayyigqobhoza ibhlukhwe kuzovela incanca ngoku	Normal	65
train_isixhosa_00749	@username utyiwa ukudlula umarhosha. ##url	Abuse	42
train_isixhosa_01820	"""wathi uthixooo, thatha ivaskom uvuk'uvase...phuuu uyanuka!"" ##url"	Abuse	66
train_isixhosa_01857	loool indoda iwa ivuke njenge pipi lakhe nkosazana. ngizovuka soon ##url	Normal	72
train_isixhosa_00312	unemployment rate is 25.5% in sa kodwa kukho ibharu eziya espan zinxilile ezinye azispani ngemondays its tough out there.	Abuse	121
train_isixhosa_00944	@username uyathwasa lo..buya kwedini uzosabela ubizo lwakho...qha qwaba!	Normal	72
train_isixhosa_01787	only if uzakutshata iqabakazi, cause isifundiswa won't lol@username : molokazana lol rt @username : ngubani ozawmane epheka umphokoqo? rt @username 	Normal	148
train_isixhosa_00680	@username yimbi inkawu yakho 😂 ##url	Hate	36
dev_isixhosa_00216	@username kubi andithi kukho imandate ethi ihagu azityiswa pudding kulo nyaka.	Normal	78
test_isixhosa_00132	ikula lakithi 😅 ##url	Hate	21
dev_isixhosa_00013	@username uthwele kanzima nkunzi	Normal	32
dev_isixhosa_00266	#oomf ngathi igundwane liququda umbila kuleyo twitpic	Normal	53
train_isixhosa_00505	@username ukube wawukhona ngomzabalazo wawuyoba impimpi sengikubonile 😂😂😂😂😂😂	Normal	76
train_isixhosa_01908	"yesterday i was at the funeral of yenye yemndeni endihlobene nayo...guess what ndithe xa ndisiya esithembeni ebuhlanti they yelled🗣 at me saying "" ifunani inkwenkwe endala esithebeni samadoda"" 💔💔😭 eastern cape kubi ##url"	Normal	220
train_isixhosa_02566	bathi nanku umxabanisi 🤣🤣🤣 ##url	Normal	32
train_isixhosa_01245	masheshisa kwakhala isayoni , sambamba samyeka ubhuti kwaqthak inyoka kanti uthwele ubafo🐍 😊🔥 #sigiyangengoma	Normal	109
train_isixhosa_01837	kuthwa ulala njani ungenamali? lombuzo uyandihlaba maaaan nditsho nje ngoku ndigade abantu apha emsebenzini wam endibaziyo ba abanamali and namathuba wabo wokuba babe nemali amfiliba, nam andilelanga andinayo ne cent le yobetha inja. ##url	Normal	239
train_isixhosa_02368	@username ustufuza kodwa wamuhle	Normal	32
train_isixhosa_00823	@username ake siqale ngalesidamudamu esuwena mgodoyi ndini. ngizohlonipha ubaba nje qha ukube akunjalo bengizokulanda ngenhlamba ongeke uphinde uyikhohlwe. kwayelomgodoyi awukufanele ukubizwa ngawo	Abuse	197
train_isixhosa_00727	@username izigebenga😂😂😂 literally ngoba ey bayabulala ke wethu.	Normal	63
train_isixhosa_01933	ndimhle gqithi for ikaka😏	Abuse	25
train_isixhosa_00538	no wonder irhona kangaka le yase ndlini, ilala ikaka… uqamela njani ngesithende @username ?	Abuse	91
train_isixhosa_02370	mnqund’wakho nokanyoko nonyoko khulu for uzala isidenge sesidwedwe setyhagi ##url	Abuse	81
train_isixhosa_02480	i shudder to think mamam ngeyi handlishe njani lento... mamam yaloyika ibhulu akazenzi, ngenyukelwe yinto yonke enyukayo kla memo bawo!	Normal	135
train_isixhosa_02585	@username that's one unlucky fellow. bazombiza futhi xa kunquma inqatha.	Normal	72
train_isixhosa_00254	amabele agwaza utsotsi!!!! ##url	Normal	32
test_isixhosa_00181	akhonto idika ukogqitha inkwenkwe!! izolala ebhedini yam, next thing iyandikhaba!!	Normal	82
dev_isixhosa_00276	futsek dlala nabangani bakho obuya msuthu notshakhuma uyeke ukusijwayela kabi , ##url	Abuse	85
test_isixhosa_00547	isidenge sibotshwa kowaso	Abuse	25
train_isixhosa_01412	"@username arabe are ""kusele lo mgodoyi bathi umgaz akafun klala"" kodwa ngiyeza😂🤣😂🤣😂🤣 ##url"	Abuse	90
train_isixhosa_01633	@username awukhuluma umsunu yezwa 😂😂 isfebe sivikela esinye isfebe	Abuse	66
train_isixhosa_00455	mzamele inkazana ke okungenani or mthengele yoghurt 😂 ##url	Abuse	59
train_isixhosa_00922	kwayekwa nyhani ubethwa ezikolweni! kuyacaca, injubaqa zonwabile ##url	Abuse	70
test_isixhosa_00196	utsotsi nje lo #datemyfamily	Normal	28
test_isixhosa_00064	mhlawumbi people look at me bagqibe ba ndifanelwe kukwenziwa isidenge. yho 💔	Abuse	76
train_isixhosa_00475	lindibhalise kakubi ela qgwirha that was our invigilating our paper, ndibuza ikaka kodwa ndiyazngenela,mthuke wanya msunu wakhe	Abuse	127
train_isixhosa_01019	@username 😂😂😂 futsek idyani ehamba nqunu 🚩🚩🚩🚩🚩	Abuse	46
train_isixhosa_01098	@username i know that nandi, umuncu akazenzi. sesokugqibela isibhanxa esi	Abuse	73
train_isixhosa_01851	“konuk’ umsunu kaloku” 😍	Abuse	24
train_isixhosa_01767	wakhala utsotsi omkhulu mandende 😭😭	Normal	35
train_isixhosa_02392	@username ukhona kanti ustufuza?😍	Normal	33
test_isixhosa_00413	isela nathi ngoku.	Normal	18
test_isixhosa_00375	niyanyanyisa ngathi ningafa nonke lapho eoffice lenu this year mgodoyi ##url ##url	Abuse	82
train_isixhosa_00412	yeh mdidi umfundisi uthi uzanini enkozweni? ##url	Abuse	49
train_isixhosa_00156	@username ngiswima nopumla kasomnandi , philani msomi, sphathakahle igeza, sbusiso inunu neqhawe lam usothole @username 	Normal	120
train_isixhosa_01341	"ngena usuthi ""haibo angyazi mina lento"" uthwele izandla ekhanda, angeke bakxoshe, ##url"	Normal	87
train_isixhosa_00863	siyakuvuma msunu kanyoko,  uyinja! ##url	Abuse	40
dev_isixhosa_00153	@username ikula lonke 😂😂😂	Hate	25
train_isixhosa_01321	@username akagunde nye ngathi uyanuka	Abuse	37
train_isixhosa_00291	uye ebank, ufune iloan uyinikwe uthenge legrader kudala uyifuna @username gqiba isibhanxa siyenze lento 🤣🤣🤣 ##url	Abuse	113
train_isixhosa_00593	@username lmfao haha utyiwa njani umarhosha?	Normal	44
train_isixhosa_02395	iyabaqeda abantu inkawu 😂 ##url	Normal	31
train_isixhosa_00202	@username if we dnt change all our women bazophelelela empumalanga.sizosala sikhamisile okwenyoka iginya ixoxo elikhulu ukwedlula umulomo wayo	Normal	142
train_isixhosa_01647	boniswa iphixiphixi nxa #etvscandal	Abuse	35
dev_isixhosa_00335	@username ngyasola uthwele @username ngendlela awina ngayo #ungqondongqondo @username 	Normal	86
test_isixhosa_00453	atleast ndimxelele intle incanca yakhe 😭😭😭😭😭😭😭😭😭. andizolala kakuhle kengoku ##url ##url	Normal	88
dev_isixhosa_00007	uthetha umsunu kwedini! ##url	Abuse	29
test_isixhosa_00329	@username but na khona uku xolela   ingcuka ngoba isa suthi	Normal	59
train_isixhosa_00403	@username unxilile kwedini utsho bangxathu apha😂😂😂 ##url	Abuse	56
train_isixhosa_01322	thetha kwedini.isizwe esi mnyama si jonge kuwe to verify what was said.kaloku wawu khonkotha more than other dogs ##url	Abuse	119
train_isixhosa_01943	angaqhekeka nabkhe ngomso oku ke lamadikizela, akayifuni lanto yohluthwa inqatha elibona🤣🤣🤣 ##url	Normal	97
train_isixhosa_01196	niyayithetha marn ibhentse yenja kule app. aningeni ndawo ezindabeni zabantu. if you can't sympathise with her current situation why ningavele nidlule ngathi anibonanga. amankazana akhohlakalene gqitha kuba uba ibinguwe obekwesisimo ubuzofuna uvelwa ngabantu. ##url	Abuse	265
train_isixhosa_02478	limenemene, iphixiphixi lento engazaziyo. ##url	Abuse	47
train_isixhosa_01199	@username ngyaysaba indawo enamahlathi uzothi usaphezu komdavazo ubone inkawu ikushayela izandla	Normal	96
train_isixhosa_00485	"😂😂😂😂""@username : frog blocked all y'all 😂😂😂😂😂 2015 bafets ixoxo nexoxo liyaziblockela wena ufuna ukublockelwa uban"""	Normal	115
dev_isixhosa_00235	hhai mina ngiyaxakeka nje, lomuntu wancwabiwa umncwabo onswempu kodwa kuze kube yimanje umbulali wakhe akaze aboshwe #senzomeyiwa	Normal	129
train_isixhosa_00005	@username umnqundu ka government neetshomi zakhe	Abuse	48
train_isixhosa_00213	if umnt' ukuqhel' ikaka uveske nje umthengele le way ##url	Abuse	58
train_isixhosa_01841	#ukhozifmvabs @username sivukile bo kwelakithi e nkandla kwa ngono baphile abantu namathusi onke ezweni o mfene @username 	Normal	122
dev_isixhosa_00509	@username ikaka lakho lelo #makaka	Abuse	34
train_isixhosa_01015	@username usislima sokugqibela wena mdidi	Abuse	41
train_isixhosa_02504	lol ixelegu lenukukazi😂😂😂 ##url	Abuse	31
train_isixhosa_01641	he is umdlwembe lamkhulu ##url	Abuse	30
train_isixhosa_02561	everytime he says 'frontline workers'  ukuthi ngithi futsek but angba thuki abantu abadala mina 🤷🏽‍♀️ #cyrilramaphosa	Abuse	117
train_isixhosa_01947	@username -lincono kakhulu igolo nja yami. limnandi.	Normal	52
train_isixhosa_01423	@username lomkhulu uye owayehamba phambili kubaba yazi anginamsebenzi uthini vele utsotsi uyahamba ekhulumile lomkhulu engakhulumanga	Normal	133
dev_isixhosa_00160	unless uskuifela uhili ##url	Normal	28
train_isixhosa_00906	@username “ibhentse” ke khekhe la bafana?	Normal	41
train_isixhosa_01621	ngeke waba ixoki njengo-ngwebedla. ayikho indoda enje emhlabeni... #isibaya	Normal	75
dev_isixhosa_00130	“igintsa lokutya” a whole fucking dyani 😂😣 ##url	Abuse	48
train_isixhosa_02567	"😂 😂 😂 ""@username : ziphalele itshomi zam...enye inxila iwise iintente zomtshato..enye inxile yashiya imbiza estovini,latsha i kitshi..smh :""d"""	Normal	142
train_isixhosa_00239	lanquma inqatha💔💔💔💔  #shutdownsouthafrica	Normal	41
train_isixhosa_00711	@username usebone enye impimpi yini?	Normal	36
dev_isixhosa_00090	ngishaqekile ngibambe ongezansi lobhuti nje uzenze iqaba ##url	Normal	62
dev_isixhosa_00442	ndinxila ikaka kodwa. 😂	Abuse	23
train_isixhosa_00813	this is what said in my prayer last night and owam uthixo akayosiso isithulu! ##url	Normal	83
train_isixhosa_01910	uyayithanda incanca utyty 😂 ##url	Normal	33
train_isixhosa_00431	@username inja ngumntu owebayo, otshisa apho usisi wam nobhuti wam asebenza khona condemning them to porverty. inja ngumgodoyi otshisa lento izisa impilo kubantu bakuthi. mazife ezo zinja if ngusisi nobhuti bakho lonja, i don't have to tell you ithini ngawe.	Abuse	258
train_isixhosa_02032	"""@username : @username futsek yekani omnye nina""lol"""" zohlala engu lwatha umparie.. ubelwa nanga lamajita ahamba nawo ngoku.."	Abuse	125
train_isixhosa_00077	uzofaka isicelo esisha umbulali wangesobandlululo ##url	Normal	55
train_isixhosa_01913	@username kodwa ugqibo plita inkazana phambi kwam😭	Normal	50
train_isixhosa_00144	@username lol kuzalwa igeza kanti. 🤣🎂🎊🎉	Abuse	39
train_isixhosa_02422	inkukuma yodwa ke le.	Normal	21
train_isixhosa_00109	@username msasi umbulali makabolele ejele strand!	Normal	49
train_isixhosa_00253	khwezi is just wicked nje umthakathi nje! #umlilo	Abuse	49
train_isixhosa_02255	champagne pipi akanake intombi yakhe.	Abuse	37
train_isixhosa_02563	abakhali abantwana bafuna imali ye pipi 🗣🗣🗣	Normal	43
train_isixhosa_00472	@username akusiyo imfene le sisi, inkawu. futhi, akufani nje.	Normal	61
train_isixhosa_02105	@username uzombona maduze uyihlo kwedini ungaxhalabi maarn..	Normal	60
train_isixhosa_02602	uske waphapha lonto kwedini😒😒😒 ##url	Abuse	36
train_isixhosa_01230	"sbwl ukulanda order yam ekfc ngihambe nobabe🙈 nasingena kungene abotsotsi abay2 bathi ""zonke phansi!""🔫🔫 akhale ubabe😭 utsotsi oy1 athi ""yewena sfebe ngithe phansi!""🔫 libile igazi lam😠 ngisukume ngikhulume ngalevoice yam yakarambo ngithi ""yey wena shlama ubiza bani ngesfebe?"	Abuse	274
train_isixhosa_01626	@username 😂😂😂 ibilambhile inja 😂😂 ##url	Normal	39
dev_isixhosa_00385	bhonyongo , sibhongo,  siqudeyi, magqamfana  majority of people with these names ngamasela ootsotsi   #xhosanamesexplained	Normal	122
train_isixhosa_02326	@username mgodoyi nywe nywe...... ngumsunu kanyoko lofeba ngawo malebe ohlanya...sbotho sekhanda le pipi lezimbabwe	Abuse	115
train_isixhosa_02341	@username yaybona lakaka ayenzileyo?goin for glory aqale apass-e itywetywe xa esemrk-ini mnxim	Abuse	94
train_isixhosa_00226	isifebe sendoda engenanqondo! ##url	Abuse	35
train_isixhosa_00498	ninxila ikaka futhi	Abuse	19
train_isixhosa_01825	@username urhulumente nesebe lezothutho belibele kukurhuqa iinyawo nje benganikezi ngezi mpepha-mvume, iyozala udlolwazana le meko @username ,	Normal	142
train_isixhosa_00121	injubaqa eqaqadekileyo 😤	Abuse	24
train_isixhosa_01200	@username sund’qhela ibhentse sesihle 😤	Abuse	39
train_isixhosa_01765	@username aba bebemfuna egageni izolo besithi uyimpundulu?	Normal	58
train_isixhosa_01723	bayalamba abanye abantwana, oomarhosha bastrik(ile)😂😂😂😂😂 ##url	Abuse	62
test_isixhosa_00031	ukwenziwa umnqundu.  😭 ##url	Abuse	28
train_isixhosa_00447	"as for ""wathinta abafazi wathint' ibhokodo, wathinta isitabane wathint' igabade"" :""""d"	Hate	85
dev_isixhosa_00354	@username oko ndashumanela andsayazi nono. makubanjwe ihagu ixhelwe kojiwe kubemnandi wethu. kwenziwe izishumane braai one skhathi	Normal	130
train_isixhosa_00122	ude klerk: umbulali wamukelwe ngezandla ezimhlophe, owabulala abantu bakithi kodwa kuzuma babanga umsindo. sinenkinga bantu abamnyama.	Normal	134
train_isixhosa_02140	@username mabatshate, andiyazi eyatyebisa ihagu kakade, ndingena phi mna?oxhela eyakhe akabuzwa nto zakuthi.	Normal	108
train_isixhosa_01360	abecinga uzompendula xa ethetha ikaka ngawe ##url	Abuse	49
train_isixhosa_02134	uboli thengela icurry igqwirha. ##url	Abuse	37
test_isixhosa_00374	@username ndibona isilwanyana esinye apha mna.	Normal	46
train_isixhosa_01377	ubhuti uthwele imali yakhe😂😂😂 ##url	Normal	35
train_isixhosa_01711	ewe ungamenzakalisa umntu umenze isidalwa sakho but ekugqibeleni umntu ayingo wakho sonke sizizidalwa zika thixo.	Normal	113
train_isixhosa_01719	"""zitholele umsunu oshisayo ngamanani aphansi"" 😂😂😂😂😂😂😂😂😂😂😂😂"	Abuse	58
train_isixhosa_02344	@username .@username . uyabona bhutiza xanibambe isela ze niliqamaqame lona lilile. liyalilisela kengoku	Normal	104
train_isixhosa_02487	ayikho into ebuhlungu nje ngo kuthi ufike uvotele umuntu awine mese zibona kuthi sencono ku nathi akhohlw kuthi ama vote ethu am'beke lapha akhona namhlanje humble yourself one day uzothi asivote vele sithi umsunu ngeke sivotele	Abuse	228
test_isixhosa_00172	@username umnqundu wakhe wethu, uthi nditshilo.	Abuse	47
test_isixhosa_00337	@username ukujwayela kabi? lowo mgodoyi.	Abuse	40
train_isixhosa_01847	@username ngumntu naye bekutheni kuze ati#futsek?  to be a deputy prsdnt does not means mele ucwanywe entloko	Abuse	109
train_isixhosa_02574	futsek asifuni ukuthandazelwa nguwe wenz' izandla ezimdaka ezinama bhadi apha... moeren ##url	Abuse	93
train_isixhosa_02456	andizi, ixoxo nexoxo umazigxumele 🤷🏾‍♂️ ##url	Normal	45
test_isixhosa_00218	lo mshana akabhebhe ku nkawana athule...	Normal	40
train_isixhosa_02639	@username kuzalwa inkazana apha ngomvulo xhego,  ngase ndibhubhe ngalomzuzu 😬😬 ##url	Normal	84
train_isixhosa_02300	@username kutheni ungathanga futsek or uykhuphele phandle 😅	Abuse	59
train_isixhosa_02311	niyayitweeta ikaka xanithanda.	Abuse	30
test_isixhosa_00377	umnqundu uqala apha ke 😂 sad but funny😂 ##url	Abuse	45
train_isixhosa_00933	@username #imibuliso ncebakazi xhango, masixole nyathi, nyameka khunga, mpumi nonzinzi, namahomba, angie peta, mpumi mafele	Normal	123
train_isixhosa_01509	oohili bangaka izigebenga zingaka...	Normal	36
dev_isixhosa_00366	bambhisa anye unondatshaza onokwenza lento kweyam imoto ##url	Abuse	61
train_isixhosa_01970	goduka uyoy'xhelela ibhokhwe uyazise kwabadala, then ubuye uyiboleke igintsa for a weekend. ##url	Normal	97
dev_isixhosa_00355	"""kuzonuka umsunu. ""  lesson of the day.  #uyajola99"	Abuse	51
test_isixhosa_00466	siphiwe ngcobo , founder of ilawu hospitality group, winner of job creator of the year 2017… ##url	Normal	98
train_isixhosa_00474	@username uthwele clearly 😂 #gqeberhatheempire	Normal	46
train_isixhosa_00016	ukwenziwa isibhanxa 💔 ##url	Abuse	27
train_isixhosa_00297	akunzima uqala imenemene elitsha...  khanibe nijola ndisa qweba isbindi sobhanxwa 😏	Normal	83
train_isixhosa_00607	umgowo womjolo undenzela ikaka😩	Abuse	31
test_isixhosa_00443	@username uthetha ikaka umbi phi apha kule picture	Abuse	50
train_isixhosa_02408	@username fondini idonkey inde kwaye inomsila omde, yi hyena lena, ingcuka ngesixhosa...	Normal	88
train_isixhosa_00692	"""izigi zemfene ehamba yodwa azilingani nezemfene ebelethe umthakathi ziya gqugquza""  @username "	Abuse	95
dev_isixhosa_00515	bese uzofaka uhudson mgodoyi 😭😭😭 ##url	Abuse	38
train_isixhosa_00673	#ukhozifmtop20 @username lengoma eku rewind⏩⏩eka zola 7-umdlwembe🚶💃💃💃 @username #ukhozi59 🍸🍹🍾🎂🍰🍾🍾🍾🍾 ##url	Abuse	105
train_isixhosa_02459	🤣🤣🤣ufuna ubheja inkazana. ##url	Normal	31
train_isixhosa_00039	@username isela “elalisiza” abafana bakwa gupta😂😂😂😂🤣 by bringing eskom to its knees 😩.	Normal	86
train_isixhosa_01750	same.. ingathi leli liqhawuke ezintambeni igeza lo mntana ##url	Abuse	63
test_isixhosa_00108	@username msunu kanyoko slwanyazane ndini	Abuse	41
dev_isixhosa_00463	@username ayondawo uqumbu yhuu, gcwele ootsotsi.	Normal	48
train_isixhosa_00978	@username zamnandi izingoma baphile abakwa thusi o mfene ngyabathanda	Normal	69
train_isixhosa_00477	issa good night 😴  inja yekhaza elangikhona😫 ##url	Normal	50
train_isixhosa_01900	@username ngathi uyanuka 😤😷	Abuse	27
dev_isixhosa_00317	hayibo ikaka yomuntu lo!! ##url	Abuse	31
test_isixhosa_00448	"lol. shurup!""@username : thixo yiza ngokwakho uyesu ngumntwana rt""_ibradley: lala ngoku pipi ndini!"""""	Abuse	101
test_isixhosa_00303	indoda yomxhosa isela utywala, itye inyama nantoni kanene?	Normal	58
dev_isixhosa_00528	ngoba ihairline inja 😢 ##url	Normal	28
train_isixhosa_00664	ezintwana zinxila ikaka smh.	Abuse	28
test_isixhosa_00357	this monkey entered my room ngilele and went straight for an nutriday container ene stock sami nemali phakathi yashaya yacitsa ngimi loyo ngihamba ngifunana nenkawu batsi badibane nayo iyoshona le ko p block ihamba hayi kancane, nx ngatsi ingaba high ife mani umsunu wayo	Abuse	271
train_isixhosa_00244	kemna andiyijaiveli ikaka ebethwe ngocingo, umntu makafe bhetele ##url	Abuse	70
train_isixhosa_01972	@username njalo nje wena uyakhala mekushone isela uthi ulahlekelwe😅	Normal	67
test_isixhosa_00066	@username ngathi ungavele uyidubule inja bese ulengisa yona ngesende	Abuse	68
test_isixhosa_00330	@username sisandofunda ukutya incanca ngoku ufuna sikhothe iimpundu. give us a break 😩	Normal	86
train_isixhosa_00303	@username bebemamkela ejozi😂😂😂azoyeka ibharu tendencies zase kapa💀	Abuse	66
train_isixhosa_01160	😂😂😂😂 rt @username isifebe sendawo @username 	Abuse	44
train_isixhosa_00839	@username 🍻 inxila madoda	Normal	25
train_isixhosa_02348	@username 🤣🤣🤣🤣 igintsa lamanzi.	Normal	31
train_isixhosa_00026	uyamaz lomlisa lombiza nge mfene? #isibaya	Normal	42
train_isixhosa_00313	"hayi kwedini ndakunyisa | @username ""@username : @username haha awyaz lanto ndandhlala nayo eres ingenangqondo ifana nawe"""	Abuse	122
test_isixhosa_00540	ndingu mnzolo - umnyamana - unzila kanzothwana - umqwathi - ublangwe -… ##url	Normal	77
train_isixhosa_01220	iyay'dliva, watsho uhili	Normal	24
dev_isixhosa_00474	let me rephrase, uthatha ihule uli 560(e)? iibras zizomtya xazifuna..	Abuse	69
train_isixhosa_01708	@username futsek indaba yakhe	Abuse	29
dev_isixhosa_00233	@username usisilingo nje somntana wena.	Normal	39
train_isixhosa_01373	@username wamuhle ustufuza omncane	Normal	34
train_isixhosa_00054	ihule in xhosa😂😂😂😂😂😂😂 ##url	Abuse	27
train_isixhosa_00902	@username i meant mawungena mali,asikho isifebe esizolahla.	Abuse	59
train_isixhosa_01666	@username ungamenz’ inkedama uolona, unoyise…pho, uzodinga njani umntu ozokwenza u-accounte? “udyakalashe uyabuyela ezigusheni” sitsho isixhosa! unless ke ufuna imenemene, rather uyo-account(iswa) apho wawuyifundiswe khona i-accounting leyo nhoko seyingudecember, amajoyini ayeza!	Normal	280
train_isixhosa_00450	with all due respect, umnqundu wakho ♥️ ##url	Abuse	45
train_isixhosa_00791	@username sundenza ikaka yomntu ndizobuza ngokustanelwa kwakho 🤦🏿‍♂️🤦🏿‍♂️	Abuse	73
train_isixhosa_00536	ttgo uyamcula umnqundu #vuzuhustle	Abuse	34
train_isixhosa_01566	game of thrones untswempu if ufuna ubona ibhentse otherwise akhonto ibitheni	Normal	76
train_isixhosa_00797	@username msunu kanyoko thula	Abuse	29
train_isixhosa_01577	hay kaloku mandibuyele back eskolweni xa kucaba ndiphangelela taxi fare. #sel'iqaba namanje	Normal	91
dev_isixhosa_00196	@username siyabonga ngwenya yami uthwele imiphefumulo yabantu njalo ai yoh	Normal	74
test_isixhosa_00250	thixo khusela isidalwa sakho siyongwana emonti	Normal	46
train_isixhosa_02437	ndikhumbula ibhentse. 😥	Normal	23
train_isixhosa_01091	"@username awu lasho madoda igeza likamashabalala lathi ""ubani oyofakaza ngami"" hey ngempela kaze ubani oyofakaza!!! #wnb"	Normal	120
train_isixhosa_00836	masende akho .. ftsek ##url ##url	Abuse	33
test_isixhosa_00019	uhili akazazi nokuba makabe yinkwenkwe okanye indoda, sizakuyicela ivuthiwe. ##url	Normal	82
train_isixhosa_00503	@username ya iqiniso leli; ne cherry nepipi elisha igeza nyani...	Normal	65
test_isixhosa_00026	@username 🤣😂🤣😂edolophini ke abaziqondi ezinto zentonga ke, nguwe lowo buzobonwa as igeza	Normal	88
train_isixhosa_00248	alitshisi lunuka ikaka ecape town..	Abuse	35
test_isixhosa_00454	kevin de bruyne inja yezinja bafethu 🙆‍♂️🙆‍♂️🙆‍♂️ #belgium #euro2021	Normal	68
dev_isixhosa_00454	my mom always says 'umntu ubombeka kulendawo akubeke kuyo. uba ukwenza muncu, nawe zenze isidenge esikhulu' ❤	Normal	109
dev_isixhosa_00307	ootsotsi basemthatha abakhathali.	Normal	33
dev_isixhosa_00349	somizi  uzokwenza isibhanxa i swear 😂😂😂😂😂😂😂😂😂😂 #idolssa #telkomfam	Normal	66
train_isixhosa_01489	@username awu inja isivula ngobuso 😀😀🙌🏾	Normal	39
dev_isixhosa_00224	@username mabhadela, mamntungwa  mna ndingu mnqarhwane, z'duli, hintsabe, hlab'ilawu, ndise komani(queenstown) ngokuhlala	Normal	121
train_isixhosa_00563	@username inja iphuza ipeanut butter.	Normal	37
test_isixhosa_00201	fanakalo umsunu wakho obhadlile ❤️ ##url	Abuse	40
train_isixhosa_00940	@username amalebe kanyoko…umdidi uhlangene mgodoyi	Abuse	50
dev_isixhosa_00503	umbulali  uhlala ntofo ntofo ngegazi lengane zabantu ##url	Normal	58
test_isixhosa_00226	kanene ikhona enye inja yam yaphakwa apha yashiywa nedzungu yodwa 😭 ##url	Normal	73
train_isixhosa_02576	o_o?? #dafuqdidijustread?? rt @username : uyakudibana nenyoka isela i-savanna.	Normal	78
train_isixhosa_00941	pain yokubona umthakathi wangakini ephuza reboost ngo6 ntambama😭😭😭 ##url	Abuse	72
test_isixhosa_00578	@username masende akho wena uyangizwa sfebe !!!!!	Abuse	49
train_isixhosa_02565	ootsotsi baningi la ngaphandle😂😂😂😂😂 ##url	Normal	41
train_isixhosa_00858	indoda yomxhosa isela utywala, itye inyama nantoni kanene?	Normal	58
train_isixhosa_00810	@username lmao lizogula iqaba 🤣🤣🤣😭	Normal	34
train_isixhosa_01227	isifebe ke lesi ngo 15:04 yena usezolala ema salon nefoni izocima? cha mina bengizothi engaphinde abuye bese ngi delete konke okwakhe ##url ##url	Abuse	145
train_isixhosa_02661	the remix #isibhanxa @username 	Abuse	31
train_isixhosa_01339	"""yoh. ushaya ngama bele akhomba utsotsi"" 🔥🔥🔥   malumes is actually the goat for mapakisha."	Normal	90
dev_isixhosa_00051	uzodabula inja ngempama ublade #isibaya	Normal	39
train_isixhosa_02097	@username lol...yeka isibhanxa esi	Abuse	34
test_isixhosa_00399	@username iba nombono wenja yomzingeli ipakanyelwa ziimfene. ngamasikizi kwabantliziyo inkene-nkene. iskondi sigqithisw' amafu ngabahlali mhla besifumene. isidlwengu sikhale is bhokhwe sicukuca sicham' is'chenene. abe umhlali es'bambe ngaphambili, ejonga ba ukuba asithene 🙆🏿‍♂️🙆🏿‍♂️🔥🔥🔥	Normal	286
train_isixhosa_00929	looking for inxilakazi #umjolowithazola ##url	Abuse	45
test_isixhosa_00535	@username hawu usekhona wena mgodoyi😳😳😳😳😳😳😳	Abuse	43
dev_isixhosa_00002	"nifuna ukungenza ixoki. ngithi ""bayede"" kwakhangela ngibe ngithi ""umntwana"" kwakhetha 😂 a friend sent me this, cropped out his name - i'm comfortable sharing this because i know him - but i get these messages all time in all social media platforms. uzulu uthini kahlekahle? ##url"	Normal	279
train_isixhosa_01846	let's say ndikhule ndingu mfene and that's my mom's clan name, and then ekukhuleni ndenze imbeleko ngesiduko sika tata ndibe ngusweleba, and kengoku andizishayi ngothi ndingu sweleba xa ndibuzwa ndingumni, ndiye ndithi ndingu mfene. ndirongo? 🗿	Normal	244
train_isixhosa_01186	unondatshaza or itsili ##url	Abuse	28
train_isixhosa_00965	#101thingsineverdid to hit a girl. inja ndiyayivuthulula ke kodwa 🤫	Normal	67
dev_isixhosa_00085	"&gt;&gt;&gt;&gt;&gt;&gt;&gt; @username : kuthwa ufake totosi yakhe ekukwini yenye inkazana. rt @username : what has black coffee done?"""	Normal	135
test_isixhosa_00187	"""hhay nkawana uk'gxobeka #itende nje kujwayelekile"" 😅😅😅 #nkawana vs #bhutfez part 3"	Normal	83
train_isixhosa_00118	@username 🤣🤣🤣🤣🤣🤣🤣🤣🤣🤣  nditheth' ikaka?	Abuse	38
train_isixhosa_00137	@username yeka ubhala ngendaba zomama qha wena zinintsi izinto ezitshisa ibunzi zamadoda. phuma mgodoyi	Abuse	103
test_isixhosa_00060	@username iyagowa injubaqa 😂	Abuse	28
test_isixhosa_00177	ey awusmele nawe nokuba sensitive 🚮🚮 futsek!!! m🔜 if that's how you feel then yes she's a homophone including me lapho,uyajabula ke??? 🤷🏽‍♂️🤷🏽‍♂️sesizotshelwa uwe manje ukuthi sithini ngama data ethu? go on and search for everyone's employer uzobathola endunu🖕🏿🖕🏿 ##url	Abuse	269
train_isixhosa_02596	uba ujola nam funeke uyazi isex yenziwa oko kuqhawuka incanca. 🍆	Normal	64
train_isixhosa_01571	@username awuzazi ubana uyahlupha wena mdidi wenja? ##url	Abuse	57
train_isixhosa_00634	@username uhili uphuma ezingcongolweni😅😅😅	Normal	41
train_isixhosa_00577	"""@username : isibhanxa - moneoa""♥"	Normal	33
dev_isixhosa_00240	@username ivukaphi inja ye game	Normal	31
train_isixhosa_01726	awu madoda kabi ixoxo alizingelwanga. lizalwa enhle intokazi le 🤛🤛 ##url	Normal	72
train_isixhosa_00975	"""ndivusa ibharu ngempama isajonge ukuba ndinxibe eyiphi iteki"" #ewenje™ the hustle never ends"	Abuse	93
dev_isixhosa_00559	ngake ngashayelwa ukuthi ngiwise lo mgodoyi waphuka indlebe 😭🙌🏼 ##url	Abuse	69
train_isixhosa_00913	eyyy iyalala indoda evuka ixhele ihagu kutyiwe ibacon kokwayo	Normal	61
train_isixhosa_00874	@username umthakathi? kade baqala ukuthakatha abantu ##url	Abuse	58
train_isixhosa_02479	undiqhela ikaka yazi msunu kanyoko ##url	Abuse	40
train_isixhosa_02533	ustufuza , sayodlala nabanye abantwana📍🤌 ##url	Normal	46
dev_isixhosa_00228	ndiyaku thanda wena kodwa undendza isibhanxa	Normal	44
train_isixhosa_00726	sikhona senziwa umnqundu ##url	Abuse	30
test_isixhosa_00306	inkawu ityiwa ilila 😿emdantsane, ask @username isinda ngogoloza  last meeting @username yagoloza, sizakuyivingcela kulempela veki⚽⚽ ##url	Normal	137
train_isixhosa_00266	@username esizhoseni kuye kuthiwe. iyafa inja iyokulahlwa xa abantu bedikiwe yinto. lomfo usingxolisela ukumkhathalela.	Normal	119
train_isixhosa_02508	@username hayi kwedini ibhentse mayingakunqwakuzisi😂😂 ##url	Normal	59
train_isixhosa_01483	indlovu isilwanyana sasekhaya mandlovu mantungwa umancobo ugengezi idlovu esela kwihlathi elikhlu uhoho ndim ke lowe #zaziimvelaphiyakho ##url	Normal	142
dev_isixhosa_00434	😂 😂 😂 😂 😂 why then sidinga amapolisa if kulula kanje ukubona ootsotsi? basekhona abantu abacinga kanje? ##url	Normal	109
train_isixhosa_01018	@username akukho nesinye isilwanyana endingasoyikiyo. ndiqobisa nje kwiinkukhu namantshontsho ezinja 😄😂	Normal	103
train_isixhosa_00801	wena ngulube ephaliwe uvumbuka usuzosibhuqa nje la masende kayihlo abovu yeyi lalela focus phala phala farm criminal charges you shit and this story has not confirmed 👇👇👇👇 ##url ##url	Abuse	183
train_isixhosa_00353	kuthiwa igeza lichilwa kowalo. nathi sinelethu igeza pha ekhaya elingu @username 🤣🤣🤣 ##url	Normal	90
dev_isixhosa_00336	ayiphele msunu kanyoko.....you need to behave your fucken white crayon...lendoda iyakhala ngokushonelwa yingane wena uyasineka slima ##url	Abuse	138
train_isixhosa_01352	😂 uvuka after sowthe it's over ubone ihagu ngeloxesha ibingumvundla ngok benijola@username 	Normal	91
train_isixhosa_00435	@username if the impimpi is a boy,uyaz'fela ngawe. becareful not to think he is supportive in this heartbreak,uzodliwa ulahlwe futhi 🤞	Normal	134
train_isixhosa_01280	@username umnyamana uyinqoloba impela engabhala izincwadi ezinohlonze ngyamvuma mina i memory yakhe ngyafisa kubanjengaye nami ukhulile kodwa wazi izinto zakudalo #ezangempelasonto @username 	Hate	191
test_isixhosa_00378	"incasa epha ""@username : i healthy nje""@username : imnandi ""@username : niyayithanda incanca babies."""""""	Normal	103
dev_isixhosa_00148	uwazelaphi umgidi kwedini lmaaaooo ##url	Abuse	40
test_isixhosa_00228	@username 😎😂😂😂😂😆wena utsotsi kanti	Normal	34
train_isixhosa_02049	uxolisela yonke ikaka ##url	Abuse	27
dev_isixhosa_00161	soze ndizilibale incukuthu ezasiqushayo kulamzi siyekwi pasika @username jozi	Normal	77
test_isixhosa_00359	#norma uyatwela lenza ngoluhlobo igqwirha xa lizokufa. amagama abantu yhooo🙆‍♀️	Abuse	79
train_isixhosa_01011	"injalo nje! liyinja isela! ""@username : @username ke nnete nkabiyam"""	Abuse	68
train_isixhosa_01386	imenemene ngulamduduzi, ukujule emlonyeni weengonyama, like tshwaaa!!, phakathi inside.   ayotshomi yakho lamjita, ukufuna ufile feee. ##url	Abuse	140
train_isixhosa_01885	"esinye isibhanxa esingayaziyo ne hug unosisi""@username : who was the last person you hugged? #qna"""	Abuse	98
train_isixhosa_00157	igeza lensizwa madoda ##url	Normal	27
train_isixhosa_01362	@username unyanisile ngumntana we nkazana kwaye lo nkazana ngu sisi/dadobawo nomama lo wendele ku tata xa ekowabo kukho umcimbi yinkazana, kude xa kuthonjisiwe intonjane kukhwazwe kuthwe inkazana, avele udadobawo azothatha isiphika ayotyisa la ntonjane	Normal	252
train_isixhosa_01046	@username uhili uphumile ezongcongolweni...	Normal	43
train_isixhosa_02592	inkulu ke noko le pipi ##url	Abuse	28
train_isixhosa_01915	morata uzokwenza ikaka again 😂😂	Abuse	31
train_isixhosa_02536	😂🤣🤣😂🤣🤣 angeke labantu ba hype yonke inkukuma ##url	Normal	50
train_isixhosa_00798	@username wazibambela isela😂😂   stealing of intellectual property and copy rights infringement  is a crime.	Normal	107
dev_isixhosa_00296	"lol ""@username : masende akho ##url"	Abuse	35
train_isixhosa_00493	heeeeeeee wavela umthakathi sembonile mulimisi#muvhango	Abuse	55
train_isixhosa_01316	lanquma inqatha emnquma: amanzi ayaphela, kubongonzwa abahlali ukuba benze konke abanako kulondolozo lwawo...: ##url	Normal	116
test_isixhosa_00137	woke up to this . angisayi emsebenzini🤞😖  good morning,  uyanithanda ustufuza 🥰 niyezwa? ##url	Normal	94
train_isixhosa_00197	bakhona abantwana abaqaqadekileyo abancanyiweyo asoze mna ndinyuke ndisihla istrato zase monti ndikhangela injubaqa yam endiyazi yinto yayo le ndingam linda nge funeral cover ##url	Normal	180
train_isixhosa_00494	👌spot on...   specially the last part, absolutely hate ukwenziwa isibhanxa ndivele ndiqeqe ##url	Normal	96
train_isixhosa_01358	@username ngathi uyanuka lo 🤢🤮 ##url	Abuse	36
train_isixhosa_00826	@username ukwanda kwaliwa umthakathi bakithi.shenge.bayede.🙌🙌🙌🙏.	Normal	64
test_isixhosa_00280	nali igeza lakwa gwamanda ##url	Abuse	31
train_isixhosa_00218	coz xa umntu unomthathela just a snap shot of how blunt you actually are in a social setting anganyukelwa yi high-high hence kufuneka uliyeke iqaba liziqabe. ##url	Abuse	163
train_isixhosa_01807	uthi ufonela umawakho ngenumber yentombi yakho avele athi umzali wakho awusho eyasiphi isifebe lenumber ongifonela ngayo namhlanje 🙄🙄 eish ma ##url	Abuse	147
train_isixhosa_02516	inkawu idliwa ilila	Normal	19
train_isixhosa_01083	“akekho umntu oyaziyo into eyatyebisa ihagu.” 😄kutshiwo kwaxhosa	Normal	64
test_isixhosa_00224	ngendlela engimthanda ngayo umnyamana wami	Normal	42
train_isixhosa_02618	"""@username : i know uvotela ianc, but le yokukhalela incanca yam ngathi libele andivani nayo @username "" must you be so graphic?"	Normal	128
train_isixhosa_02372	qondile nje, kudala bedlala incanca aba	Normal	39
train_isixhosa_01325	niyawondlula kodwa umsunu ezibhedin zethu 🛌	Abuse	43
dev_isixhosa_00110	bayalunga bavotela umbulali usezobabulala ngendlala ##url	Normal	57
dev_isixhosa_00316	@username 😂😂 funa undiphoxa? go on ndakubonisa inkawu ngenja 🤣🤣	Normal	63
train_isixhosa_00436	@username kumnandi ebantwini abanemali apha, abangahambi bephepha ootsotsi.	Normal	75
dev_isixhosa_00378	"engabe isoka/myeni kabani *hides*: ""@username : @username aybo umnyamana onjena ☺"""	Hate	82
train_isixhosa_00240	inokuba ndim ibharu, kodwa ibraz ezithanda le setup ziyandixaka.. ##url	Abuse	71
dev_isixhosa_00263	senzo’s family was supposed to sebenza his corpse … ngabe umbulali siyamazi manje! #senzomeyiwa ##url	Normal	101
train_isixhosa_01239	netha mvula naba  ootsotsi	Normal	26
train_isixhosa_01985	@username so masende akho	Abuse	25
dev_isixhosa_00455	@username isela elikhulu lo madikizela!!!	Normal	41
train_isixhosa_01498	mdidi, uyofika skhath'ban? @username 	Abuse	37
train_isixhosa_00129	@username mnyisile inkazana ndini 😂😂😂	Abuse	37
train_isixhosa_01586	@username ng'zama ukusiza nangu ezoba ustufuza.	Normal	47
train_isixhosa_01624	“ndicela undiphe ihagu“ 😩 ##url	Normal	31
train_isixhosa_00787	kukho inkwenkwe endihlekisana nayo. ##url	Normal	41
test_isixhosa_00502	@username ngibusy ngokwanele. angifune mfene eduze kwami.	Normal	57
test_isixhosa_00211	niyayinxila kodwa ikaka. nizosivalelisa obu tywala siphinde sibusokole. moerskont 🙆🏾‍♂️ 😭	Abuse	89
test_isixhosa_00085	mxelele ba ndithe umsunu kanyoko ##url	Abuse	38
train_isixhosa_01901	@username umnqundu wakho! uvile?	Abuse	32
train_isixhosa_00072	@username yhu umnqundu wakhe sana ,usincedile!!	Abuse	47
train_isixhosa_01660	kuzoxhelwa ihagu kulomzi,kuthwa ongatyi hagu makayothenga ichicken chunx😭😏	Normal	74
train_isixhosa_02070	uyabingelela ustufuza thofoza❤️😍 ##url	Normal	38
train_isixhosa_00356	ahahaha ndinetshiki kemna andifuni kwamntu ozondbuza inqatha elinqumileyo . ndikuphendula iketse nam @username 	Normal	111
test_isixhosa_00309	@username futsek izile 😂😂😂😂	Abuse	27
train_isixhosa_02038	"la ngoma ithi ""umama uyajabula ma ngishaya ibhulu"" 😂😂😂"	Normal	54
train_isixhosa_01670	"umrobhozo “@username : iphixiphixi ""@username : izi-ndree (crazy) #funnyzuluwords""”"	Normal	83
train_isixhosa_00088	bothlale ngathi igundwane 😂😂😂 that voice no  #idolssa	Normal	53
test_isixhosa_00025	@username akasasho nokuth sbunu or sinqa ke...yoh legama lo mdidi kodwa!!!	Normal	74
train_isixhosa_02500	niyawubuza umnqundu sometimes.	Abuse	30
train_isixhosa_02206	nomarussia indoda enothando kodwa isidenge. 😂😂😂😂	Abuse	48
train_isixhosa_02171	@username yini ixelegu 😂😂😂? no offense bhut @username kodwa kzwakala ngath inkunz yesdakwa ebuya ngokzolala, isifak iscathulo essodwa nesokisi elimanzi nganhlanye 😂😂😂 ##url	Normal	172
train_isixhosa_01838	carol. base ingathi yila tshomi isela ilile oko oko ##url	Normal	57
train_isixhosa_00860	@username ukuthi ele ntombi lijwayele ukuma lithi mpo likhombe utsotsi.	Normal	71
train_isixhosa_01333	@username ba ufuna ukhupha iimali zotyela igintsa hamba yiya kulogugulethu😂	Normal	75
train_isixhosa_02260	@username haibo, makonwatywe unyaka uphelile sobalisa ntoni xa silibele kufihla umxabanisi, mazisetyenzwe eziway bra	Normal	116
train_isixhosa_00582	@username umarhosha wedikazi lona	Abuse	33
train_isixhosa_00992	inja yenja!! umgodoyi, inja 😭 ##url	Abuse	35
test_isixhosa_00569	lol , omnye utsotsi wanyethela umama kubontsi, wagoba uoledi wathatha iphone omnye epokotweni kwesistrato. ##url	Normal	112
test_isixhosa_00072	@username probably suspended with pay only to be redeployed somewhere else… or kanjani @username ? angithi utsotsi akalahlwa!🤣🤣🤣🤣🤣	Normal	130
test_isixhosa_00386	@username kugcwele impimpi lapha	Normal	32
train_isixhosa_02253	zala inkwenkwe and you'll see these kind of things😂😂😂 ##url	Normal	59
test_isixhosa_00509	yini ngawe wena mgodoyi @username 	Abuse	34
test_isixhosa_00525	@username gqithi. kungakwa-rha futsek	Abuse	37
train_isixhosa_02252	“@username : lo baba utsotsi nje straight #khumbulekhaya”--nje!!	Normal	64
dev_isixhosa_00159	@username hahaha mabhuma u used to do that nawusakhula, uboleke umuntu ilawu lakho 😂🤣🤣🤣	Hate	87
test_isixhosa_00333	@username nasi isicaka sikathixo	Normal	32
train_isixhosa_01532	":'( kakhulu rt""@username : ""@username : @username noba ide yancinci incanca kuhamba eyifaka""yhooooo🙌🙌😂😂 kubi apha phandle"""	Normal	122
test_isixhosa_00503	laxokiza ixoki kweze minister idedele ngobe#sigiyangengoma	Normal	58
train_isixhosa_01854	ngathi ixoxo 🤧 ##url	Normal	20
train_isixhosa_00402	@username uthwele kaloku 😂	Normal	26
train_isixhosa_00683	@username nalo elase gwadana igqwirha liqala	Abuse	44
train_isixhosa_01271	inkawu idlala ngesikhwebu 😂😂😂 ##url	Normal	35
train_isixhosa_01481	umntu ozel inkwenkwe uvuka kunetha😭 ##url	Normal	41
test_isixhosa_00284	@username cuddles zokunya. awnayo nendoda. futsek!	Abuse	50
test_isixhosa_00094	uthwele lona ungafa! ##url ##url	Normal	32
dev_isixhosa_00462	anifuni vele ukusho kuth ubani isela 😑😬	Normal	39
train_isixhosa_00044	can't believe that kuyo yonke le mess esikuyo as a country sisavuyiswa butywala obungavalwanga.😭  igqwirha elisithakathayo lise ngumakoti.	Abuse	138
train_isixhosa_02448	@username kusekutsha  inde indlela  we need to knw whose #mistermind apa uhili akskaphumi ezingcongolweni sa isadinga more answers	Normal	130
train_isixhosa_00465	@username 😂😂😂 uthwele kanzima ngawe	Normal	35
train_isixhosa_00884	iyayidlala ikaka ibafanabafana qa	Abuse	33
test_isixhosa_00483	@username ongenawo amaphepha amnika imvume yokuba lana esouth africa akahambe umdlwembe ongadala omkhulu umonakalo yekani ubuxoki nobumenemene @username 	Abuse	153
dev_isixhosa_00568	ngase kubekho umntu ozakuthetha amasimba khe ndisebenzise la video ka futsek bitch... 🤣🤣🤣🤣🤣🤣	Abuse	92
dev_isixhosa_00563	@username 🤗😂funa kwazi mhlampe umbulali nje	Normal	43
test_isixhosa_00440	ndingalahlela nehlanya ngoku...rt@username : @username kuzolunga wethu, nyamezela, kodwa ke kuyo yonke lonto, ungatyisi ihagu i cake please.	Normal	140
train_isixhosa_00764	this year bayekeni ootsotsi beentsula nijole namadoda anenjongo ngani please.	Normal	77
test_isixhosa_00185	@username zinja mgodoyi lemi khangcala!!	Abuse	40
train_isixhosa_02035	yeka amandla ami okukwenza ustufuza ##url	Normal	41
train_isixhosa_01407	yoooo he is isidenge why did he tell you about our culture anyway akufanele ndithethe ngento zase suthwini ##url	Abuse	112
dev_isixhosa_00218	awu kodwa mdidi yini 😩😩😩 ##url	Abuse	30
train_isixhosa_01384	awu ngeke chippa ibeke ixoxo kulela pali.	Normal	41
dev_isixhosa_00036	uyasazi isidubuli sesangozwi esingenalizwi u -h- ka uhili nesinelizwi u-h- ka iholo?	Normal	84
train_isixhosa_02573	@username uyanuka lo ....ngeke ungibone ngamane ngibulawe indlala... ##url	Abuse	74
dev_isixhosa_00109	akumnandi ukusiyeka isibhanxa siloqe sodwa apha😂  kaloku zona zizi opinion leaders and are the custodians of the universal truths zomhlaba😂😂	Abuse	140
train_isixhosa_00550	i once tweeted about seeing a dragon in tembisa nathi ngyahlanya, bhekani nantsi mfene etembisa 😩 @username yabona lento yok’letha amapedi abo @username ekasi! us’bulele ##url	Normal	175
test_isixhosa_00165	ksamele siphuze futhi kule weekend ezayo... umuntu uthwele kanzima 🤦🏼‍♀️ ##url	Normal	78
train_isixhosa_00329	ndiyayibawela le healthy lifestyle ndiyayizama krestu ndincede undenze isicaka sayo	Normal	83
train_isixhosa_00411	iyandonyanyisa le tweet bc khange umkhalimele ethetha ikaka yakhe apha which means you condone what she said. you can't police how we react bc that means you agree with her. umsunu wenu nobabini ke futhi ##url	Abuse	209
dev_isixhosa_00045	ayika zalwa inkazana enondixelela mandithini nge mali yam ,tyini thiza #lrt	Abuse	75
train_isixhosa_02443	@username ubatyiwe wena kwedini....	Abuse	35
test_isixhosa_00053	my biggest fear kukwenziwa isibhanxa	Abuse	36
train_isixhosa_00725	eyonanto ndiyaziyo kukufota ibhentse 😭	Normal	38
train_isixhosa_00596	satsho isibhanxa sokuqala nesokugqibela 'we are not all fools' 😂😂😂😂😂😂 ##url	Abuse	75
dev_isixhosa_00364	@username oksalayo ixoki angakudayisa nase maphoyiseni kade nenza naye izinto	Normal	77
dev_isixhosa_00443	@username wamuhle ustufuza omncane	Normal	34
test_isixhosa_00315	@username ukuluma amasimba wena mgodoyi	Abuse	39
train_isixhosa_02534	ngathi le promo gig ye covid-19 bayinike isibhanxa	Abuse	50
train_isixhosa_01792	"esifresh like bucie. yathandeka yena nakum""@username : uyathandwa ngumama ubongie nd nam ndiyamthanda ncoooh isidudla sam#idolssa"""	Normal	130
train_isixhosa_00850	“mhlampe ngimazi ngokum’bona”  kusho ixoki lifuna uqhubeke nendaba	Normal	66
test_isixhosa_00505	@username ngiyakuthanda yezwa kakhulu........kodwa fusegi awumithiswanga yithi nobubi mgodoyi	Abuse	93
train_isixhosa_00090	#sigiyangengoma @username angichomi angichwensi mahle amantombazane akwa thusi ko mfene @username 	Normal	98
test_isixhosa_00516	views from umsunu wethu.	Abuse	24
train_isixhosa_02653	@username dude iqaba eliwumina linganinyisa if bengihhola leyomali😭	Normal	67
dev_isixhosa_00094	yazi kwazi angenze umsebenzi wokuthungatha wena masende akho ##url	Abuse	66
dev_isixhosa_00322	yhey ubullet usiphakela ngathi ufeeder ihagu ezo xhelwa 😭😭	Normal	58
train_isixhosa_00400	@username uma eyifunela into e serious angisiboni isidingo sokungamniki kodwa engajwayeli ukungicela ixoxo  umazigxumele @username #wnb	Normal	135
train_isixhosa_00920	“@username : @username zungakulinge ufake umamami kulento.#musa ukungiphalazela lana wena mgodoyi fokofo mani ay zibeka	Abuse	119
train_isixhosa_02537	ingcuka yembethe ifele legusha ##url	Normal	36
train_isixhosa_01737	besidlala ngamanzi 🏊‍♀️ no rocksilversa khulekanimdlalose 🏖🏖 @ ilawu lodge, newcastle ##url	Normal	91
test_isixhosa_00323	imali iyi-super glue ihlanganisa isidudla nesi-lender #singingwithcleo	Hate	70
train_isixhosa_02455	ukunika inkazana imali yokuza ingezi. ##url	Normal	43
dev_isixhosa_00393	igqwirha ali announci 😭 ##url	Normal	29
train_isixhosa_00721	kukho iqhalo elithi ihule lilala kwibedi ngebedi	Abuse	48
train_isixhosa_00208	@username nalo ilawu kwakudala liyenza lento yalo ##url	Hate	55
train_isixhosa_01735	guys ngubani owakhe walibona igqwirha apha kuni.	Normal	48
dev_isixhosa_00387	ngoba kuphila wena mdidi omkhulu, nathi siyaphila ❤️ ##url	Abuse	58
train_isixhosa_01400	@username 😭😭😭😭😭 igintsa elinamazinyo ashotayo liyoyikisa 🙆🏿‍♂️🙆🏿‍♂️😭😭😭😭	Normal	71
train_isixhosa_02425	ubuye futhi  ndenziwa inxila apha andithandi ##url	Normal	50
train_isixhosa_00168	"relaxer uzodroppa usemabala noise manje ""@username : inja leyo kodwa isibulalisa indlala.. @username """	Normal	102
test_isixhosa_00093	ukuba imenemene kuqala lapho..stop ass licking .. ##url	Abuse	55
train_isixhosa_01265	iqaba, iqaba nje kwaphela.	Normal	26
train_isixhosa_01730	"kazi ngathi unuka ini! rt""@username : urick ross ngathi uyanuka nje"""	Abuse	68
train_isixhosa_01591	@username yawubiza nge umnqundu kele in sum episodes🤣	Abuse	53
train_isixhosa_01233	abuhlung’amagam’esixhosa:  •umgqakhwe •ivezandlebe  •isizananina  bizani amanye ##url	Normal	85
train_isixhosa_02017	"inja yakhona ""@username : ##url"	Normal	31
train_isixhosa_01118	ndibona esinye isibhanxa apha eqonce, sinxibe kakuhle, sizenza cool, asinxibanga mask. sbhanxa somntu esi... 🤦🏾‍♂️🤦🏾‍♂️😏😏	Abuse	121
test_isixhosa_00461	@username or umthakathi .😹i was watching a documentary on why these birds carry lots of viruses. and it came to my mind ukuthi there's valid reason why our people never loved this bird/rat . we must never underestimate the intelligence capacity yebantu abansundu.	Abuse	263
train_isixhosa_00190	inja (oweslisa) injakazi (owesfazane) ziyahambisana lezizinto izinja zonke	Hate	74
train_isixhosa_00027	ningaphinde nidlale ikaka ke 👊🏾 ##url	Abuse	37
dev_isixhosa_00087	@username ngiyibonile leyo pipi encane	Normal	38
train_isixhosa_01240	@username the moment you don't see an amount published kuthiwe jikela ngasemva (inbox) then you should know uba kukho isifombo sekaka ye price ekulindileyo 🤣🤣🤣	Abuse	159
test_isixhosa_00134	@username uzongiqhatha 😭😭😭 angifune pipi mina	Normal	45
train_isixhosa_02378	"hawu""@username : cishe ngashada isifebe :/"""	Abuse	43
train_isixhosa_02637	usathi uya dansa ne ngane uvele uzwe inja isik'gquzula nge wheelchair, isidakiwe. ama breki awasa bambi 😭 😭💀 ##url	Normal	114
test_isixhosa_00048	@username 😂😂 ngubani lo mfene mkhuluwa?	Normal	39
train_isixhosa_01065	mxm lo mgodoyi ##url	Abuse	20
dev_isixhosa_00431	igeza lendalo album loading ##url	Normal	33
train_isixhosa_00416	uphumile uhili ezingcongolweni ##url	Normal	36
dev_isixhosa_00436	@username basfundisa ngayo nange xoxo ngathy umsebenzi uzowuthola if wazi kuthi ixoxo linama thumbu ama ngaki	Normal	109
train_isixhosa_01449	chubby girls worldwide 🌐 gorgeous gorgeous girls 🔥 🥵 ustufuza bafwethu ♨️ ##url	Normal	79
train_isixhosa_00463	@username “kwedini kasisi uweak maan, isisi uyakufekethisa”	Abuse	59
test_isixhosa_00271	@username kaze elabani lela pipi, yenina senidla ama pipi🤔	Normal	58
train_isixhosa_00566	@username mthiya awudlale umdlwembe angive niyithanda leyongoma pls@username #vmbs	Abuse	82
train_isixhosa_00491	@username ubuzele ukuzoqeda nge pipi lana emzansi bafo.. wiqhathile i-tl	Normal	72
train_isixhosa_00784	yebethuna inoba uzichamisaphi ingcuka us'cotho  #igazi	Normal	54
dev_isixhosa_00053	@username intombazane igeza ekseni sisi 😩🤣	Normal	42
train_isixhosa_01503	@username hayi bo 😳. isicaka somninintozonke, unyawontle,umthanjiswa oyingcwele ufuna ukulenca.😅😂🤣⚰️ ##url	Normal	106
train_isixhosa_02214	yhoooo andisayikhumbuli incanca😭😭😭 ##url	Normal	40
dev_isixhosa_00392	lmfao uphethe bite 😂😂😂 #inkawu ngempela 😂😂😂 @ ohlange, inanda ##url	Normal	67
train_isixhosa_00752	aibo ustufuza sithi sifuna ukukhokhelwa unando's ngabo baqambe imeal begama lakhe. yehheni, akacele iplate uboyzin and keep it moving.	Normal	134
dev_isixhosa_00096	@username sisi phuma kuye vele ubesisigenge sakhe  uyazazi wena ubhadlile ngoba nguye isidenge.	Abuse	95
train_isixhosa_01113	lmao undenza inxila ##url	Normal	25
dev_isixhosa_00444	#igazi yabona umnqundu uqala apho jonga	Abuse	39
test_isixhosa_00148	@username ubatyiwe wena kwedini....	Normal	35
train_isixhosa_02483	asisalali emakhaya silala ehlathini dubula gerila........ van riebeeck isela lokuqala............🎼🎶🎵 ##url	Normal	106
train_isixhosa_01824	we are all brothers, mna ndizalwa ngumamsukwini le isecaleni kwam ingumsukwini le yebhatyi epink ngugqwashu ilawu nayo, siyabulela wethu akhonto ##url	Normal	150
train_isixhosa_00102	"mamelani apha, ""inkawu ityiwa ilila e mdantsane, imfene yona isinda ngokugoloza""."	Normal	81
train_isixhosa_02512	@username ligxothiwe igqwirha eli ubuthetha ngalo izolo 🤣 ##url	Abuse	63
test_isixhosa_00073	lol ingxaki umntu nimfakela islow down nina so ivital nalanto yoba ukhe uzenze igqwirha sometimes uzithwebule ##url	Normal	115
train_isixhosa_01941	"""igundwane"" hehehe mlomo ngathethi manga#ilm#gagasifm"	Normal	53
dev_isixhosa_00099	@username uthi ngiyc'kiko sayiph' imbiza wena? mgodoyi	Abuse	54
train_isixhosa_01579	ewuuu ithemba alilahlwa, kodwa ezinye izinto zingakwenza ulilahle 🚮🤞 ##url	Normal	74
test_isixhosa_00258	ey bethuna. ufike ihun ayikwazi nokwazi ngoba kaloku isigebenga sakho akhange sithethe ngawe. sorry kuwe ❤ ##url	Normal	112
train_isixhosa_02274	nizophunyelwa izimali zokuba impimpi😂😂😂 ##url	Normal	45
train_isixhosa_00633	ngesixhosa kukudelela ukuncoma umfazi wenye indoda. mna ndizibuze ukuba kutheni engazekanga ihagu ngoba noba utshatile xa emhle mhle qwaba	Normal	138
dev_isixhosa_00175	ingxaki incanca funeka zibethiwe ngoba azimameli otherwise ngendisithi mayivalwe iporn but i care about my kings	Normal	112
train_isixhosa_01309	it has to be ukwenziwa isibhanxa telling people that ukwi relationship naye but yena uthetha something else, or wenza nje. ##url	Abuse	128
train_isixhosa_01674	nanku mnqarhwane, uhintsabe, us'duli, hlab' ilawu unjonti izinto z'katuku... ##url ##url	Normal	88
dev_isixhosa_00533	shame igeza lidibana nendoda inganxibanga lathi:yho,yakufanela wethu le suit yakho emnyama qha iyakupitsa...kuthen utie uwunxibe ezantsi so?	Normal	140
train_isixhosa_02543	"as soon as athi ""futsek"" you know kuzoba lit 😂😂. oko u @username wathukwa efika nje eclassini."	Abuse	94
train_isixhosa_01732	ndizaku qhaqha umnqundu. o_+ rude ppl	Abuse	37
train_isixhosa_01154	@username uyakuqhatha isifombo athi masinyuke intaba kuba sizakubuya siright	Hate	76
train_isixhosa_00298	into kazeni impimpi enkulu eyathengisa umzilikazi kwabakazulu. @ durban, kwazulu-natal ##url	Abuse	92
train_isixhosa_02342	impimpi yinto enjena bakithi. ##url	Normal	35
train_isixhosa_00035	":'''d ""@username : ungazosidakelwa wena msunu kanyoko. nansi ingqhuza idakwa ngezintathakusa ""@username : zulus be like i'm going to ""shoplite"""	Abuse	143
train_isixhosa_02526	"hawu ""@username : isifebe size ngomlalo."""	Abuse	41
train_isixhosa_01898	@username isifebe ngunyoko nja ... andiqondi noba uyazazi kwayena wamithiswa ngubani	Abuse	84
dev_isixhosa_00377	@username ngakhotha amalebe ka nyoko waze wachama mgodoyi	Abuse	57
dev_isixhosa_00357	@username please pass message to her ukuthi ngithe msunu kanyoko! yibo abantu abadla phezulu ngecorruption, inja zabantu umgodoyi	Abuse	129
test_isixhosa_00492	"😂😂😂 maqede zithi ""sicela amaswidi malume"" lapho u-broke uyanuka ##url"	Normal	69
dev_isixhosa_00207	molo @username no @username ndibulisa bonke abaphulaphule i @username kumagumbi amane omhlaba,mna ndimamele ndise pitoli alitshisi likhupha uhili ezingcongolweni elilanga.	Normal	171
train_isixhosa_00871	@username josta dladla bafo... kunuka umsunu manje egroundin 😭😭😭😭😭	Abuse	66
train_isixhosa_01180	@username 🤣🤣🤣 ayibaleki incanca wethu	Normal	37
test_isixhosa_00550	uba uzoqhubeka akwenze isibhanxa ##url	Abuse	38
test_isixhosa_00533	isigebengu, utsotsi, i think ##url	Normal	34
test_isixhosa_00104	@username senavezela ukudla ibhentse 😭mina soze ngikudle loko 💔 ##url	Normal	69
train_isixhosa_00676	@username iheeee iqaba bakithi 😂😂😂😂😂😂😂😂	Normal	39
train_isixhosa_01761	"kwakubi ""@username : ngathi umlomo ka oomf uyanuka uma ngimbheka nje"""	Abuse	69
train_isixhosa_01096	in my next life, andifuni nobunjani utywala. kusuke imoto emotherwell kwakusasa before 11 izondilandela utywala etown, on a sunday?! futsek marn😩😩😩...	Abuse	150
train_isixhosa_02230	@username ileli pipi nje	Normal	24
train_isixhosa_00953	@username not even umsunu wakho 🙁	Abuse	33
train_isixhosa_00349	@username inxila lelo 🍻	Normal	23
train_isixhosa_02528	ndinyelekile ke namhlanje sesinye isibhanxa sesidenge sasekhaya esingabhadlanga. am so pissed amd angry	Abuse	103
test_isixhosa_00407	@username suke sezoslayiza utsotsi. lol	Normal	39
train_isixhosa_02569	@username kwange phula umoya yazi inhliziywo yami ibhobhoza igazi. inja umgodoyi isilwana	Abuse	89
test_isixhosa_00431	@username kusaba igolo kanyoko mfana...phuma kimi mgodoyi	Abuse	57
test_isixhosa_00237	"😢❤ ""@username : inxila❤ ""@username : andinxile❤"""""	Normal	49
dev_isixhosa_00318	@username xa ubumbonile kengoku yena , kwathini ungandiboni mna ngoba i was literally right next to her. mfxm , futsek lutho	Abuse	124
dev_isixhosa_00485	@username ukwazile uyiwina intliziyo yakho,was the meaning of imenemene❤️❤️❤️ ##url	Normal	83
dev_isixhosa_00107	isifebe.   wow sithelosifebesendawo👏 ##url	Abuse	42
train_isixhosa_01790	nguye umnqundu necherri yakhe ngumqundu , yiminqundu ##url	Abuse	58
train_isixhosa_00717	uyanuka nokunuka 😂😂😂😂 mastermind kodwa #uzalo	Abuse	45
test_isixhosa_00428	@username yiyo lensangu ekwenza umdlwembe vele!? uwuskhotheni phela wena! unyoko uthini ngalokho!?	Abuse	98
test_isixhosa_00106	konje last year december i was arrested for beating up someone who called me ngo msunu kanyoko. took me for granted ngoba ngimfishane wathi uzongshaya 🤦🏽‍♂️..	Abuse	158
train_isixhosa_01121	@username ngumlo lokukundibiza ixoki based on your belief. ndiyakucela hlukana nam.	Abuse	83
dev_isixhosa_00171	@username wayithenga ngamalini impundulu? ##url	Normal	47
train_isixhosa_00083	uyinja  mgodoyi  ushela  abafazi  babant	Abuse	40
train_isixhosa_01649	@username aw kodwa ustufuza kamam’ncane ♥️	Normal	42
dev_isixhosa_00174	@username :konakele phi makhosi ?yangathi sizakohluthwa inqatha emlonyeni. masingavumel umoya usifefule.	Normal	104
train_isixhosa_00822	inja iyohlala iyinja 😂😂😂	Normal	24
train_isixhosa_00497	using those other shangaan words to greet it felt like ngithuke inhlamba edlula umsunu kanyoko	Abuse	94
train_isixhosa_02158	injubaqa yinjubaqa. 😂 ##url	Abuse	27
train_isixhosa_02308	#sigiyangengoma @username umbulali uyazizamela khumbula amasatma ayese ec @username ##url	Normal	89
train_isixhosa_02150	awukwazi ukuthi ube usopolitiki bese ungabi iphixiphixi.	Normal	56
train_isixhosa_01752	uyaykhalisa ikaka lodriver qha syamoyika sonke kuba uzovele athi masthenge ezethu	Abuse	81
train_isixhosa_01077	the way ngisaba ngakhona ixoxo 🐸😭😩i could die	Normal	45
train_isixhosa_00191	@username uyatshiseka, izinto zotyisa ihagu ipudding 🤣🤣🤣	Normal	56
train_isixhosa_00457	@username ngithe mina ngiwumama womuntu ngoba ungibiza ustufuza	Normal	63
train_isixhosa_01994	@username sies.amakhosi adlala ibhentse,yeses	Abuse	45
train_isixhosa_00250	"in isixhosa kukho intetha ethi ""amehlo akaphakelani"" ,it then goes on to say ""awakho aphak'ikaka"" 😂 ##url"	Abuse	105
train_isixhosa_02259	@username nantsi incukuthu sisi. ##url	Normal	38
train_isixhosa_00709	wha she said ~~&gt; rt @username : ukunyoluka kukuqala kwenkathazo. uzuthi benditshilo	Normal	86
train_isixhosa_02057	nanku umthakathi. nqandani.! ##url	Abuse	34
train_isixhosa_00773	inyama yangaphakathi ye mfene. ##url	Normal	36
train_isixhosa_01886	"ibhentse! ""@username : irhebhebhe “@username : pussy in xhosa? #knowyourxhosa"""""	Normal	79
train_isixhosa_01134	@username inja umgodoyi nobuso obuchichayo ghaaa!! ##url	Abuse	56
train_isixhosa_02185	yeeey isidenge uleeto ungaze umsakaze ngempama #skeemsaam	Abuse	57
train_isixhosa_00364	@username uwubhalile umnqundu ke lo	Abuse	35
dev_isixhosa_00450	kubekho injubaqa ezithi uyatyeba. ukuhlasela amafutha its not into ya over night.	Abuse	81
train_isixhosa_02201	umbulali we mbodla✌✌✌✌ ##url	Normal	28
train_isixhosa_00742	tyhi sityiwe kodwa uthetha ikaka ##url	Abuse	38
dev_isixhosa_00274	2019 is the year of ungavumi bakwenze umnqundu. ‼️‼️‼️	Abuse	54
train_isixhosa_01950	umnqundu uqala apho! 😐😏🤦‍♀️ ##url	Abuse	33
train_isixhosa_00385	kudala nda accuzwa ngezinto ndingazenzi. until ndadecider ukuba futsek ngaske kuny**e once ##url	Abuse	96
test_isixhosa_00348	awuthi sibambe a light snack and drinks kwa-s'phiwe. @ ilawu botanical hotel &amp; studios ##url	Normal	96
train_isixhosa_00245	@username slyzile ke utsotsi!	Normal	29
train_isixhosa_02166	coz wenziwa umsunu 😔	Abuse	20
test_isixhosa_00442	@username 😂😂😂😂libonwa ndim kuqala imenemene ndilicaphukela ukufa, oomandingaphoswa😏😏😒	Normal	85
train_isixhosa_00595	@username inkawu idlala ngeskhwebu... isizulu asitolikwa.	Normal	57
train_isixhosa_00045	@username mashaba eva been umnqundu wena? 🤣🤷‍♂️🤔	Abuse	48
test_isixhosa_00251	wayesxelela uba odakada bagcwele inqatha 😭😭😭😭😭 ##url	Normal	52
dev_isixhosa_00039	julius has solid sources in the enemy camp! kukho igundwane ekhaya....	Normal	70
train_isixhosa_02208	inxila, ibanjwa libona izidenge. ##url	Abuse	38
train_isixhosa_00273	deleting your initial tweet cause ikaka zetshom zakho zizothi uthesti. 😢	Abuse	72
train_isixhosa_01500	anganya umxhosa ongathi intombi yami inkazana😩	Abuse	46
train_isixhosa_01255	@username niphiliswa is’futsek egoli 😭🤞🏾	Abuse	40
test_isixhosa_00051	nx yazi @username : :( rt @username : awuzizwa ukuthi uyanuka sisi? ##url	Abuse	73
dev_isixhosa_00519	umntu athete ikaka, aqibe ahleke	Abuse	32
train_isixhosa_00351	uysho uthanda isishwapa nou😂😂😂 ##url	Hate	36
train_isixhosa_00063	kulula ukuba umuntu wesifazane, izinto mazingahlangani uvele uze ku twitter udayise ngo mdidi. ##url	Normal	100
test_isixhosa_00561	@username inja nje enomona eyasho njalo	Abuse	39
train_isixhosa_01833	ngiphila ngokweyisa mina msunu kanyoko	Abuse	38
train_isixhosa_00324	@username imenemene lilapha kwaba. @username mayenze izigqibo ngabo after ubenze abantu kangaka, babonga ngeplayiti yekwali. mxxxxxm ndini thembe kangaka @username 😭💔 ##url	Normal	172
dev_isixhosa_00498	#kasitaughtme ixoxo nexoxo liyazigxumela.	Normal	41
train_isixhosa_02449	uphunyuka bemphethe, inja yegame, the best ever. ukhokho vula, umavula kuvaliwe kuba yena uwela umfula ugcwele. unyana kathuma mina,simthuma emabhida yena ushona at kairo to give us those moments. ubro robistooooo sithi qimmmmmmm yena uthi shelele @username #marawamoments ##url	Normal	278
train_isixhosa_00214	zuma uhili uphumile ezingcongolweni #nkandlareport	Normal	50
train_isixhosa_01052	suvuma ida ikwenze isidenge kanjena, zola! ##url	Abuse	48
train_isixhosa_01963	sis ouma umsunu omkhulu-_____-	Abuse	30
dev_isixhosa_00104	@username ngyavuma😩, i can imagine igundwane lami lilimele.. zomgeza shem	Normal	73
train_isixhosa_01391	@username mxelele ngithe mdidi wakhe wena chris. 😂😂😂😂	Abuse	53
dev_isixhosa_00257	@username ngathi u lunga utsotsi	Abuse	32
train_isixhosa_01720	@username usufuna ukushaya indlwabu nge pipi lami😂😂😂 ##url	Normal	58
train_isixhosa_01634	hayi nathi, each year my grandmother without fail wayesixhelela iinkukhu. when i passed matric waxhela ihagu, even though ndandingayityi at the time. ##url	Normal	155
train_isixhosa_01668	umona yimbiza engavuthwa tuu bantakwethu. yilento ke thina bantu bamnyama sisokola kangaka. zintliziyo ezimdaka. ubutyebi abuvani ne nkohlakalo ngaphandle koba uthwele. yekani umona nizofa fiii	Normal	193
test_isixhosa_00150	uswel' izinyo uyanuka 💔💔🙊🙊 ...  igcokama liqhuba intwala ngewisa yerr	Abuse	69
train_isixhosa_01739	@username uyaphazama khaya not everybody ongaseliyo yiplayer. iplayer yiplayer isela ingaseli	Normal	93
train_isixhosa_00738	@username izakuslyza ibharu yakho	Abuse	33
test_isixhosa_00318	@username hlala apho, siyiyeke injubaqa iye es'tratweni :)	Abuse	58
train_isixhosa_02052	slimele impimpi ezaziwayo ##url	Normal	31
train_isixhosa_02664	@username yeka lomfo atreyne unondatshaza wakhe 🤣🤣	Abuse	50
train_isixhosa_02024	bakjwayela umsunu wena njomane...🖕🏾🖕🏾 ##url	Abuse	43
train_isixhosa_01687	@username uvotelwe unyoko. masende akho.	Abuse	40
train_isixhosa_01470	rt @username : isifebe usibona emehlweni nje ukuthi, unondindwa ke lo!!!	Abuse	72
train_isixhosa_01600	😂 yho, kuzakungonjwa isibhanxa! ##url	Abuse	37
dev_isixhosa_00214	likuthandile ikapa kwedini yazibo uyahlambeka? inoba unayo nentombi ngoku ##url	Normal	79
test_isixhosa_00096	@username #beeuwfm iright kakhulu lenkqubo ingu #cheaterssa . veza ixoki libonwe lilizwe lonke. asinamali yama private detectives olandela amaxoki. iright kakhulu lenkqubo. mayiqhubeke @username 	Normal	195
train_isixhosa_02306	@username zenziwa ngabom uba zibe njalo. ukunyoluka kuqatsele.	Normal	62
train_isixhosa_00247	usebuyile umbulali with another account asambe syowenza njalo!!	Normal	63
dev_isixhosa_00014	@username 😂😂😂 uyaphoswa wena. utsotsi wokuqala azakumsebenza ngubro burning/berning whatever his name is	Normal	104
train_isixhosa_01198	@username 😂😅😅😅🤔into yami ndiyayithanda noma isela utywala, ndincanywa yiyo....	Normal	78
train_isixhosa_00557	@username yazi ikholona le iveze ubuchule obuninzi,kwaye uyabona xa obubuchule bungasetyenziswa xa izigebenga ezenze ubugebenga,kanye nabo babulala abantu ngobusuku kuthiwe kusaphandwa,ngoku xa kungasetyenziswa obubuchwephesha akukho sigilamkhuba ekungathiwa asibanjwanga akhe busetyenziswe	Normal	290
train_isixhosa_01268	lol uyayinxila ikaka. smh. ##url	Abuse	32
test_isixhosa_00388	"""une pipi enkulu esethu,,,, my friend akawuvali umlomo"" hayini 🤭🤭 ##url"	Normal	71
dev_isixhosa_00267	@username why ethi umuntu wami isifebe😂	Abuse	39
train_isixhosa_01871	tito mboweni is a prime example of noba umntu angafunda athini, iqaba lizo hlala liliqaba	Abuse	89
train_isixhosa_01264	ikaka zisela zilahleke 😭	Abuse	24
train_isixhosa_01882	@username ufuna ukukhatywa amasende wena kwedini!	Abuse	49
train_isixhosa_00632	@username vuke cinga lomntu udlwengule uhili kanti uhili lo yintoni na kahlekahle ngumntu,sislwanyana or ngumoya omdaka?***	Normal	123
dev_isixhosa_00345	@username seba phela bonke abafazi bakhe kodwa usaphila. i think uthwele ngabo 😔😔	Normal	81
dev_isixhosa_00395	@username ngiswima nophilani msomi, sphathakahle igeza, sbusiso inunu, pumla nosomnandi @username 	Normal	98
train_isixhosa_01806	iyixhaphaze ihagu ikuku yakhe mfethu iyisulele e ntloko 🙆🏿‍♂️ imdubule intshontsho imithise, imnyele imshiye ebugxwayibeni. wena you're just there as a shoulder to cry on. you offer more than that she gives you that brian lara bat 😭💔🙄 ##url	Abuse	240
dev_isixhosa_00158	isifebe somfundisi lesi ayanda lol #uzalo	Abuse	41
train_isixhosa_01904	ubani inkawu? “@username : ngesiswati kutsiwa 'inkawu ayihlekwa'.....”	Hate	70
test_isixhosa_00017	@username lmao limo is an alias, ndibhidisa umthakathi 💀😂😂😂	Normal	59
train_isixhosa_01976	saphinda sasikelwa inqatha😊♥️🏧 #ithemba ##url	Normal	45
dev_isixhosa_00135	soze ndizilibale incukuthu ezasiqushayo kulamzi siyekwi pasika @username jhb	Normal	76
test_isixhosa_00477	@username inja yakini iyivila maykkonkotha ithi woof! etc etc etc!	Normal	66
train_isixhosa_00778	@username levi uthwele kanzima	Normal	30
train_isixhosa_01224	@username technically ewe but siphila kwi mini zogqibela funeke wombelele ibhentse uze ube cool 🤣🤣🤣	Normal	99
train_isixhosa_00905	@username kodwa incanca niy'munca kuze kuqwebez'ikhanda	Normal	55
dev_isixhosa_00299	@username awkahle wena msunu kanyoko ufunani lana sfebe	Abuse	55
train_isixhosa_02012	"haha inkawu idliwa ilila. rt ""@username : xa undixelela ukuba une-periods sesisebhedini, uthi mandiyithini lonto mna?!"""	Normal	119
test_isixhosa_00528	uyayinxila ikaka ke emonti wena 😂 ##url	Abuse	39
train_isixhosa_02042	@username kwayekwa uthi “ihule” quantum ngoku 😂🤣🤣🤣	Abuse	50
train_isixhosa_01438	"""ngumamakho othetha ikaka"" 😭😭😭😭😭😭 ##url"	Abuse	39
train_isixhosa_02539	@username hay futsek nguthixo umampintsha  ngoku	Abuse	48
dev_isixhosa_00374	"kuthwa uhili wagxothwa eziyoni ngenye imini waphuma embombozela esithi  ""nide nigcise ngesifuthufuthu nesiyezi.""🤣🤣🤣🤣"	Normal	116
train_isixhosa_01866	angikaze ngisibona isitabane esine bhesi 🤔	Hate	42
train_isixhosa_01795	@username ungazophapha ngam wena...futsek!	Abuse	42
test_isixhosa_00076	amabele ebseni bendoda  ngzoknyoba wena msunu kanyoko ##url	Abuse	59
train_isixhosa_00307	"""@username : @username ixoxo ligxumela exhaphozini"" ""ixhegu lixoxisa uthixo"""	Normal	76
test_isixhosa_00286	@username obvious kufanele lispane iqaba	Abuse	40
train_isixhosa_02100	"""uthi undiphathele umolokazana kanti undiphathele unomokhwe egoli"" yhuuu jessica mbangeni #igoli 😱😱 thixo"	Abuse	105
train_isixhosa_00846	mnqobi akasozi ayeke ukunyoluka #isithembisomzansi	Normal	50
train_isixhosa_02327	"yhe maan! ""@username : yazi umuntu acothoze nje phambi kwami ngathi isitabane esisanda kudliwa."""	Hate	96
train_isixhosa_00486	yabhoka inkazana yakhe 🤣🤣🤣🤣  #uyajola99	Normal	39
test_isixhosa_00297	inja leya ke mfanami ##url	Normal	26
test_isixhosa_00429	🤣🤣🤣🤣🤣🤣🤣🤣🤣🤣🤣🤣  kuthwa amantombazana asemtata aleqa ihagu limongoze	Normal	65
train_isixhosa_02460	nanku mnqarhwane, uhintsabe, us'duli, hlab' ilawu unjonti izinto z'katuku... ##url ##url	Normal	88
train_isixhosa_02045	@username igolo lakho lelo.. ramaphosa umsunu	Abuse	45
train_isixhosa_01153	@username ngakufonela mgodoyi ulibele ukubhiyoza.	Abuse	49
train_isixhosa_01474	imenemene leli. lisho nge-smile nezwi eliphansi 😂😂😂😂 ##url	Normal	58
train_isixhosa_02651	iphixiphixi lendoda 🙆🤦 #uzalo	Abuse	29
test_isixhosa_00190	ingase ndihlifize ibhentse kanje ngalantwana ityele uputco.	Normal	59
dev_isixhosa_00380	u nongoloza umsunu kanini ##url	Abuse	31
train_isixhosa_01159	nanko unondatshaza , fihlani abantu benu 😅😅😅😅 ##url	Abuse	51
train_isixhosa_02619	@username isidenge nguwe. theni ungatsho kwezinye iipresenters phaya ethivini uba mazifunde iilwimi zethu? why luyanda? khawusimele. khawuqale ngaba baxakwa nakubiza amagama ethu enkobe kuqala, kodwa bazalelwe emzantsi #nyannyan	Abuse	228
train_isixhosa_01650	#lrt ngizitholele iqaba lam 😂😭❤	Normal	31
test_isixhosa_00422	"ixoxo nexoxo umazigxumela rt ""@username : @username mina ingvuse ngo 6h38 kodwa lutho ukphuma engubeni...ubongzama"""	Normal	115
train_isixhosa_00891	ndazalelwa apha kwedini zange kuphele ne 2 minutes ndabe sendi gqaya ngamalitye ##url	Normal	85
train_isixhosa_01782	wawuyinxila ikaka futhi ##url	Abuse	29
train_isixhosa_02410	nanika inkwenkwe nina u10 ##url	Normal	31
dev_isixhosa_00353	#generationsthelegacy lucy uyayishaya impama kuginqike isidudla lol	Hate	67
train_isixhosa_01148	ngase naye bamenze inkazana  kulo jail, kunzima noyothenga umarhosha lho wakwambala okanye ke azame unkaringa xa elamba. ##url	Normal	126
train_isixhosa_02003	lanquma inqatha . ##url	Normal	23
train_isixhosa_01177	igqwirha lendoda elingubhonyongo!!! yinton le ibikulati?  #matatiele	Abuse	68
train_isixhosa_00230	inja endala mayihlale phandle! ##url	Normal	36
train_isixhosa_00308	nansi impimpi mxm 😟 #ehostela	Abuse	29
train_isixhosa_01814	xhosa parents deserve an award,kaloku akukho lula ukhulisa imenemene. ##url	Normal	75
train_isixhosa_01731	a clean chat.. manje umzali maye “toxic” uyamondla mase tohoza? noma ixoxo liyazi gxumela.	Normal	90
train_isixhosa_00877	@username i know umthakathi wezindana in a container😩😩😩	Abuse	55
train_isixhosa_00053	ina @username , hambo sifunela ngubani lo kuthetwa ngaye apha uyeke ibhentse zethu. ##url ##url	Abuse	95
train_isixhosa_01275	masende akho 😂😂😂😂😂 ##url	Abuse	24
train_isixhosa_01167	😷 ⬅️nali imenemene elikhulu😱😲kudala layazi uba kuzobakho icorona	Abuse	64
train_isixhosa_02551	@username nkosazane angisona isidudla kodwa namhla sivulekile isikhala enhlizweni yakho uzungikhumbule ngizosigcwalisa	Normal	118
test_isixhosa_00491	uthetha umsunu kwedini! ##url	Abuse	29
train_isixhosa_00181	@username ulilahle wena kodwa!	Abuse	30
dev_isixhosa_00500	@username hlubi kunzima kule country kwaye inkawu ityiwa ilila yona imfene isinda ngogoloza🤔  lilonke wonke umntu ufuna ubayi politician atye lemali yerhafu ayosulele entloko phofu esithele ngoba ufuna unceda uluntu lwase🇿🇦 ##url	Normal	229
train_isixhosa_02152	lendoda evinces all characteristics of an impimpi/agent/spy. hayi iyakwazi ukuthengisa ngabantu nangezwe layo koo baas bayo. ##url	Normal	130
train_isixhosa_01344	@username isifebe asihlali ematrasini ...... thatha polinsky 🔥🔥🔥🔥🔥🔥🔥 ##url	Hate	74
train_isixhosa_02617	gogo igintsa straight; angisibhayi iskelemu sakhe ##url	Normal	55
train_isixhosa_01031	inkazana entle eneqwakaza imbi qha 😤😤	Abuse	37
train_isixhosa_00825	@username 😂😂 makathi ufuna igintsa aphume ecaleni.	Normal	50
test_isixhosa_00349	nelizwi likayihl'omkhilu kwedini. phung'umhlonyane zophila. nyamezela mthembu kozolunga ##url	Normal	93
test_isixhosa_00126	@username uzenza igeza lo undidike finish	Normal	41
train_isixhosa_01595	@username wena uyawakhuluma amasimba mgodoyi	Abuse	44
train_isixhosa_01188	💀 lo sis okhulumayo ngiyazi ukuthi isidudla... ##url	Hate	52
train_isixhosa_00105	ubani ukhumbula isidudla somoya?	Normal	32
train_isixhosa_01505	esastory sikasabelo of his friend finding his gf cheating kwicamera zeskolo kodwa ebeyojonga isela 😂😂😂😂😭😭😭😭	Normal	107
train_isixhosa_01781	skhwebu sidlala inkawu.. ##url	Normal	30
train_isixhosa_00437	ixoxo nexoxo liyazi gxumela wena, ufuna ugxunyelwa ngubani?	Normal	59
test_isixhosa_00069	@username mamela la mxolisi susiqhela umnqundu kwedini ##url	Abuse	60
train_isixhosa_02493	umntu maka trappe inja yakhe💆🏾‍♀️ ##url	Abuse	39
test_isixhosa_00553	ndizolala ndivule iminyango kushushu ebhayi. ongenileyo emagcekeni akwa xaba uyodibana ne boerboel imenzele inkawu ngenja.	Normal	122
test_isixhosa_00368	e hambhe inja!!! ##url	Normal	22
train_isixhosa_00004	@username qula kwedini iyaho 🔥	Normal	30
test_isixhosa_00424	got a haircut this afternoon. rha andimhle ndenza umsunu kanyoko 😭🔥	Abuse	67
train_isixhosa_01931	@username isifebe sohlala isisifebe	Hate	35
train_isixhosa_01688	@username kufakwa inkwenkwe 😂	Normal	29
train_isixhosa_00827	akuseshushu kodwa khona inxila elehla lonyuka. 🔥😢	Normal	49
train_isixhosa_00370	@username zinintsi into ongazaziyo kwedini yithi siku fake eskolweni	Abuse	68
train_isixhosa_00631	@username hayi🤣🤣🤣🤣kukho abasisi basezikoneni... futsek	Abuse	54
train_isixhosa_02059	ndiqhelwa ikaka hay nje kancinci.	Abuse	33
dev_isixhosa_00325	issa... masende akho ##url	Abuse	26
train_isixhosa_01403	usihloniphe isidudla the whole time kwifamily gathering👩‍🦱 kanti esango 2004	Normal	76
dev_isixhosa_00283	angithi uyazi ukuthi ixoxo ne xoxo liyazixumela. ##url	Normal	54
train_isixhosa_00925	"@username thi sounds like ""nxiba uzenze imofi uzosela baby, ilahlile le bhari""🤣🤣🤣"	Abuse	81
train_isixhosa_01094	@username ngakhohlwa isdabula mdidi please	Normal	42
train_isixhosa_00560	@username awuphelelwa nja 😭😂	Normal	28
train_isixhosa_02190	ndithi sendimkhumbula phinde ndicinge ba unxile uyanya ndithi futsek and carry on with life. ##url	Abuse	98
train_isixhosa_00439	@username ushota ngomthandazo 😂😂😂😂😂😂😂😂😂😂😂😂😂😂 into ebuhlungu awuva kwa pipi ##url	Normal	80
train_isixhosa_00311	ndilonyanya kakhulu iphixiphixi lemenemene without a f*%#n back bone!!!	Abuse	71
train_isixhosa_00301	ndingusukwini, ilawu, udibashe, inja ebomvu, utiki ayivhani napokotho. yitye yonke namhlanje, soyisebenzela ngomso!  ##url	Normal	122
train_isixhosa_00279	"“@username : igolo nje lelo. ""@username : @username uthini ngales'shlama uwenger? inja lomjita.. inja kasatane""” &lt;calm down my ninja&gt;"	Abuse	139
train_isixhosa_00415	@username bathe owaseswatini nje umbulali	Normal	41
test_isixhosa_00408	i understand him lento yokwenzela future generation ube ungena mali ngoku, ixoxo ne xoxo liyazi gxumela wena funa gxunyelwa ubani ##url	Normal	135
train_isixhosa_02471	@username ukucikoza kusezakuphela. isela lisezakuphendula onke lamatyala soloko liwabaleka. #jz783	Normal	98
train_isixhosa_02323	😂😂green salad nomgqusho...hayi asikwazi okwatyebisa ihagu	Normal	57
dev_isixhosa_00409	@username gwe ndaqhelwa ikaka nguwe phaya ndoda, nanikhaphe mna all you had to do is turn back at the gate now niyangena niyoncuma phaya nisijonge ebusweni sithetha 🤦🏿‍♂️🙆🏿‍♂️. isathenga oksalayo eyam imali 😂😂	Abuse	209
test_isixhosa_00353	ngubani impimpi 😂😂😂😂😂 #zumavote #noconfidence	Normal	45
train_isixhosa_01889	"if ""umnqundu kanyoko"" was a person. 🙆😎  😀🤣😅😂😀🤣😂😀😅🤣😂😀🤣😀😅 ##url"	Abuse	61
train_isixhosa_02225	so now silapha, andidikwe ngamadoda anobugqwirha, ukunyoluka nokungcola! ##url	Abuse	78
train_isixhosa_02595	niyalamba mina shame ,my dms kugcwele izimenqe ,ikaka ezilambileyo	Abuse	66
train_isixhosa_01804	@username kudlaliwe ngathi ka'university of mdidi ##url	Normal	55
test_isixhosa_00267	"and they like  ""yhu bendizambonisa inkawu ngenja kelo aka ukuba ebeyi ex yam"""	Normal	77
train_isixhosa_02262	@username qhusaaa umnqundu ujuliwe babes..	Abuse	42
train_isixhosa_00735	@username unayo yini imali ustufuza mnumzane? ##url	Normal	51
test_isixhosa_00161	mdidi wakho loyo ##url	Abuse	22
test_isixhosa_00189	ungaze ulithembe ibhulu emsebenzini🤞	Normal	36
train_isixhosa_02394	@username awumhle ke ngeloxesha. ndingaylenca inye loo pipi yakho qha uproblematic	Abuse	82
dev_isixhosa_00343	bathi ixoxo nexoxo umazigxumela but sometimes leli eliyimi ixoxo uthixo ulibeka emhlane bese eyaligxumela#iamblessed	Normal	116
train_isixhosa_00022	@username 😂😂😂 ayikhathali inja 🔥	Normal	32
train_isixhosa_00089	andisabaweli ugoduka kule town ndikuyo. ndiyozithi fatha-fatha ngala 🍷 ikula fridge	Normal	83
train_isixhosa_02634	@username yazi ngizodakelwa ikwerekwere 🤣🤬	Hate	42
dev_isixhosa_00072	loool kanjani bcs andithi umlomo wakhe uyanuka ##url	Abuse	52
train_isixhosa_00405	@username umnqundu wakhe plus.....	Abuse	34
dev_isixhosa_00365	@username azifebisani, they assist isifebe sibeyilento sifuna bayiyo	Abuse	68
dev_isixhosa_00246	ngiyalisaba igundwane nkosi jesu. i'm not coping right now 😭😭😭	Normal	62
train_isixhosa_00449	asisalali emakhaya silala ehlathini dubula gerila........ van riebeeck isela lokuqala............🎼🎶🎵 ##url	Normal	106
dev_isixhosa_00501	@username ikaka yantoni ngoku? udibana phi nekaka?	Abuse	50
train_isixhosa_00946	iyahlekisa igay epheth'ipitsa kodwa.  iyithi qhiw ngathi ibambe ichainer elbophe inja yomlungu ehamba phambili kunaye! .	Normal	120
dev_isixhosa_00435	le mini indenzela inkawu ngenja, iyandibhuqa straight. 🙂	Normal	56
train_isixhosa_02599	@username imenemene leli mavundla, he is so useless.	Abuse	52
train_isixhosa_01870	yhooooo inkazana ethetha kakhulu indenzela nje iheadache 😤😤😬 ##url	Normal	66
train_isixhosa_01008	budala kwedini 😅 ##url	Abuse	22
train_isixhosa_00515	waze wanuka kabi umuntu akanuki ikwapha kodwa uyanuka nje	Abuse	57
train_isixhosa_00216	@username magdalena isifebe esikhulu sabhay'bhelini	Abuse	51
dev_isixhosa_00055	ucinga cassper ngamamela wena 🤣🤣 uzimpundu ##url	Abuse	48
train_isixhosa_01027	i went to lowo shuni for the first time last year courtesy of i-10.. being iqaba ngaphuzela ukudakwa ngacishe ngabuya ngithwelwe🤦‍♂️ ##url	Normal	138
dev_isixhosa_00082	@username 🤣akazazi nje iphixiphixi	Abuse	34
train_isixhosa_00203	nkawana ❤️ fezile. and then there is u qondhi #isibaya #isibayamzansi	Normal	69
dev_isixhosa_00372	@username uyanuka umlomo wakho unuka umrudo! sies!	Abuse	50
train_isixhosa_01564	uzomsula njani kengoku umnqundu wakho?😭😭😭 ##url	Abuse	47
dev_isixhosa_00493	uyanuka lobhuti ohleli ecang'kwam...noba uphuma  kwi night shift? aargh!	Normal	72
train_isixhosa_00496	@username isela ulbuka nje ##url	Normal	32
train_isixhosa_02431	@username nayi inkwenkwe trying to be famous in your name ukujwayela kabi ##url	Normal	79
train_isixhosa_01277	@username yintoni inkazana? utsho umbuzo.	Normal	41
dev_isixhosa_00352	@username yah umuntu uzalelwe inja endlini #delayed	Normal	51
train_isixhosa_02494	uyasazi isidenge? nguwe tamkhulu ##url	Abuse	38
dev_isixhosa_00301	kwasho esinye isidenge sathi bayazala abanye omama	Abuse	50
train_isixhosa_00704	@username ndiyakwazi nokuthena ihagu mna qha ke andiyikwazi	Normal	59
train_isixhosa_02294	@username yho ndingayincama inkwenkwe yho 😢😭😭😭	Normal	46
train_isixhosa_01244	"akuqhwabe emva koko athi ""hela futsek baleka, usamele ntoni?"" 😂😂😂😂😂😂 ##url"	Abuse	74
train_isixhosa_01073	xa uku-i.g kwedini awukho straight tuu 😊	Normal	40
train_isixhosa_01069	@username bayeke benjalo wena bazobona phambili. pipi endunu. 👍🏾 ##url	Normal	70
train_isixhosa_00592	sometimes you don’t even have to fall out with a hun for her to do u like that, uqinisa ubuhlobo nelinye igqwirha! ##url	Abuse	120
train_isixhosa_01133	@username asoze ngcono kuvalwe mjolo lowo imali engaka madoda otshezi ngaba bandizele ngomva yini umama no busi besekhona nika inkazana 2blocks	Normal	143
train_isixhosa_00155	feba mntase kwaye incanca ayilochebetyu lesephu ayizuphela. ##url	Normal	65
train_isixhosa_00627	"eybo!😂😂😂 ""@username : isidudla esinxiba uallwhite vele bengathi ngu5litre wamasi☹"""	Normal	82
train_isixhosa_02217	@username esinye isidenge sifuna a ridiculous favour, ngase ndimkhabe esinqeni	Abuse	78
train_isixhosa_01876	ihagu ihlala ebuhlanti ? ##url	Normal	30
test_isixhosa_00208	"----&gt;""@username : nathi sifuna ukuyibona le pipi hau 🙈"""	Normal	58
train_isixhosa_00652	see why ndingafuni nokuyibona inkwenkwe? @username ##url	Normal	56
train_isixhosa_02525	@username pumla ..philani msomi...sphathakahle igeza...nkanyiso vumisa ..nosomnandi umdidiyeli wensizwa kumantshontsho @username 	Normal	129
dev_isixhosa_00371	andiyaz inkwenkwe efikisayo, but my network is also acting up ##url	Normal	67
train_isixhosa_01636	it never was. ziqamza umnqundu ezi poni. noske zithule zonwaye amasende qha 🤷🏿‍♂️ ##url	Abuse	87
test_isixhosa_00092	umthendeleko, indovozi, umdavazo, incanca, islonda esingapholi, inuh , eyyy maningi amagama alento 👨💗 ##url	Normal	107
train_isixhosa_02161	@username ixoxo nexoxo 🤣🤣🤣🤣	Normal	27
train_isixhosa_01126	akumnandi uphekela inkazana. wenza pasta ogqiba ufake ne garnish for visuals	Normal	76
train_isixhosa_01521	kubetha u10 ngoku, kunini ndisithi ndizofunda, inene igqwirha elindibulalayo inoba lihamba nomthandazo phakathi, soze uve!	Abuse	122
train_isixhosa_01968	thula utye ibhentse le! 🙄 ##url	Normal	31
test_isixhosa_00415	isifebe sohlezi siyisifebe	Abuse	26
dev_isixhosa_00108	dear : pipi🍆 awusebenzi , awfundi kodwa indlela ovuka ngayo ekuseni iyamangaza😭	Normal	79
train_isixhosa_02377	utshayile uyanuka ngoku....!	Abuse	28
dev_isixhosa_00508	🤣🤣🤣🤣🤣🤣 andigezi kodwa guy neh 🤣🤣🤣 but kodwa ibhentse le ingaphandle ithini into yayo uphi uthayithi choymi!? usibinisa ijisitringi nje emnyama hayi hayi noyno 🤣🤣🤣🤣🤣 ##url	Normal	170
test_isixhosa_00420	@username unxilile kwedini kodwa uyas ower usikhusela uthi masithini,noba bribiwe ngusathana andikuqondi usewasarha bu anc😂😂😂😂 ##url	Abuse	132
dev_isixhosa_00451	@username ngathi uthwele gogo ngeke	Normal	35
dev_isixhosa_00264	i don’t mind sidlale ngokuthukana but “msunu kanyoko” angeke shem🙆🏾‍♂️akusadlalwa clearly	Abuse	89
train_isixhosa_01231	zuluboy uhamba ngathi iqaba	Abuse	27
train_isixhosa_00171	inja yecici ! ##url	Normal	19
train_isixhosa_01657	ndivuselwe ikaka tbh.	Abuse	21
train_isixhosa_00084	waphumma uhili ezingcongolweni mandela sold us	Normal	46
dev_isixhosa_00292	ootsotsi basephondweni 😂😂😂 ##url	Normal	32
train_isixhosa_00608	@username nato(ghetto charmer) yashela intombi(ukraine) ye gintsa(russia). manje igintsa lifuna isfebe salo sibuye njengoba sabaleka nemali yaso, sthembisa kudubula kwasan ezongena indaba zabo 🤧	Abuse	194
train_isixhosa_00768	😂😂😂 nali igeza liziphambanisa ##url	Normal	35
train_isixhosa_00681	ndithe ndisahlek' usisipho, sajika ngam isidenge😂😂😂😂. ingase ndimsoone ##url	Abuse	76
train_isixhosa_01629	yeka ukumthanda kwami 😫😫😫 ixelegu lo-anti ##url	Abuse	47
dev_isixhosa_00481	if igqwirha was a person 🙄🙄🙄#mnakwethu ##url	Normal	44
train_isixhosa_01456	i'vanz iphela umsunu ka'nyoko	Abuse	29
train_isixhosa_00358	@username yintsumantsumane leyo tshawe, mabagobe uphondo abafundi kuba ezi ntshukumo zoqhankqalazo zizozala udlolwazana kamva @username ,	Normal	137
train_isixhosa_00479	@username #sjl bendithe lo nyawontle makagxotwe klo khambi kuba uzakumosha ilali ngk , kuba unenyawo le mfene , ngu mfundisi mbumbulu , hayi makahambe mntaka cc, lonto une voice eqhathayo emandi	Normal	194
dev_isixhosa_00151	@username unoqatiko intwe ngamameliyo	Abuse	37
train_isixhosa_01169	😂😅😅 inxila li judge-ja elinye inxila awuyazi lonto ##url ##url	Normal	62
train_isixhosa_02571	@username lol bendixela nje wena, lumkelani ingcuka 🤷‍♂️ ##url	Normal	62
train_isixhosa_00994	"@username hayi maan one yikaka lo mbuzo 🤣🤣🤣🤣 ngeske yathi le ntaka ""futsek ngowethu sonke"" qha"	Abuse	94
dev_isixhosa_00162	"' uumama nobaba balele wena ubusy ubhebhana nami. msunu kanyoko. ngibhebhe. msunu kanyoko. ngibephebhe ungipetule. msunu kanyoko ' :""-d"	Abuse	135
train_isixhosa_00395	stayers, please don’t argue with sandf. eza chap ziyasikhaba isibhanxa. stay at home. phuma to eshop uphinde ubuyele..ungabe ukhwaza your rights or uzokhatywa!! niyasibona isandla selijoni mos? ##url	Abuse	199
train_isixhosa_00175	usokwenza umnqundu sisi, phuma kuye ##url	Abuse	41
dev_isixhosa_00539	"khayelitsha, cape town people, lets confuse them ""iyeza lazaphela, impuku, iimpukakane, neenconconi.... ndim umbulali"""	Normal	118
dev_isixhosa_00187	@username kodwa owaserands uyanuka hona	Abuse	39
train_isixhosa_01756	zola - umdlwembe!  😁😁😁😁😁😁😁😁😁	Abuse	28
train_isixhosa_00116	@username kuthiwa uyinkwenkwe wena andile and ubonakala ngezenzo kwedini. uthetha gqithi ungekoluki. nanku udec ke	Abuse	114
train_isixhosa_01998	ibuhlungu maan into ka senzo umntu afe kuthuleke ngathi kufe inja 😭😭😭 kodwa bakhona abantu ababonileyo umbulali 💔 ##url	Normal	119
train_isixhosa_02469	@username ubothi allegedly ke apha, abantu bazocinga uthwele nyani	Normal	66
dev_isixhosa_00064	#barcabayern @username msunu kanyoko ningikhipha emalini kade nginithwele ngeqoma ##url	Abuse	87
train_isixhosa_02598	@username impimpi ye msebenzini lona😂😂😂 #runs	Normal	45
train_isixhosa_01156	@username labo bazenza igundwane eliluma lipholisa.	Normal	51
train_isixhosa_01927	@username khohlakele lo mgodoyi	Abuse	31
dev_isixhosa_00275	itya ngomlomo bhuti, sukhupha ikaka ngawo. ##url	Abuse	48
test_isixhosa_00473	being called a youngin is cool but inkwenkwe, uyanga mxhosa ndini	Normal	65
train_isixhosa_02572	uthini wena mgodoyi??? 😭😭😭🤣🤣🤣 ##url	Abuse	35
train_isixhosa_02061	@username ababantu ngama menemene xa be bonke. ngama nyoronyoro	Normal	63
test_isixhosa_00035	"pop smoke's music whispers in your ear uba ""yonwaba laaitie unxile kakhulu and kamandi, kodwa umntu uba ukuqhela ikaka, umqhele ikaka nawe. kodwa most important, yonwaba sani."""	Abuse	176
train_isixhosa_00771	umbulali 'akayena umuntu onodlame' ##url	Normal	40
train_isixhosa_01553	yayingomnye umntu lo! isilwanyana.  is he still alive? ##url	Normal	60
train_isixhosa_00912	there is a difference between inkwenkwe nendoda yaqo😁😝 ##url	Normal	60
test_isixhosa_00195	@username trash! isimba! uyanuka!	Abuse	33
dev_isixhosa_00070	"u""baby mama ukuthuka kuze kuphele i""power hour""  uthi hay no sekacedile kanti dololo aphinde akushaye nge call back ka-please call ""mdidi kanyoko"" 😂😂😂😂"	Abuse	151
train_isixhosa_00617	kuthandaza ngisho umthakathi.	Abuse	29
train_isixhosa_00113	@username 😂😂😂😂😂😂inja ye module leya	Normal	35
train_isixhosa_01840	remember it's an exchange of energies ungenziwa isibhanxa	Normal	57
train_isixhosa_00619	iyacaphukisa yazi into yokwenziwa isibhanxa. ungazibhaqa sowumcaphukela umntu ngenxayalento.	Abuse	92
train_isixhosa_02626	yho umsunu wakhe ##url	Abuse	22
train_isixhosa_00271	@username inja ingenaphi manje ngoba ilenja edakwayo.	Normal	53
train_isixhosa_00007	@username ungumakhulu omdala o bitter futsek bully ndini	Abuse	56
train_isixhosa_00530	ladutyulwa ibhulu 😃😃😃	Normal	21
train_isixhosa_00817	lmaooo..futsek,yiza nalo pavi yakho 😂😂😂😂😂😂 ##url	Abuse	48
train_isixhosa_01491	@username lol igintsa ave eba mahle kodwa uke uwabone	Normal	53
dev_isixhosa_00338	mina ngizikhulumele side lam nje ngile type ethanda izidudla nje 🤞 no matter what ngawonke ama season isidudla ngiyasithanda  #bbw #chubby #biggirls ##url	Normal	154
train_isixhosa_00696	legendary building... i remember kukho enye ibharu kwakuthiwa ngu gqozo izama ukubhukuqa injengele ubantubonke holomisa kodwa ayalunga... mthatha stood still that day kukhala… ##url	Abuse	181
train_isixhosa_02081	@username yee wena tumi... in xhosa sukuphambana!!! unxilile kwedini	Abuse	68
train_isixhosa_01665	isifundo bafazi base mzansi: yekani ukukhuluma izindaba ezibucayi zomndeni nesizwe.thatha ixoxo lakho elimnyama ulibhaxabule ekhaya nodwa.💁	Normal	139
train_isixhosa_00322	mgodoyi ulanga #mnakwethumzansi	Abuse	31
train_isixhosa_02432	@username igeza libotshwa kowalo @username #uwfmbee  #ngqondi	Normal	61
train_isixhosa_02001	vrou ka gxabhashe yayibetha ibharu #uzalo	Abuse	41
train_isixhosa_00236	muntu abambelele nge pipi lakho olwandle aqede angakubongi nange roundinyana eyodwa😭😭😭😭	Normal	87
train_isixhosa_02191	inja ethanda ilekese? izitya njani lzk or lolunye uhlobo lwelekese? ##url	Normal	73
test_isixhosa_00071	ngase ufumane inkwenkwe kengoku. ##url	Normal	38
train_isixhosa_01576	uyawaz umsunu 😂😂😂😂 ##url	Abuse	24
train_isixhosa_00264	@username iqaba kanene 🙈😂	Normal	25
train_isixhosa_02591	bayayiqhuba ikaka abamama kle qonce! why big a big car uxakwe kuyoqhuba?!	Abuse	73
train_isixhosa_01435	umnqundu wakho kehle ##url	Abuse	26
train_isixhosa_01768	@username #uwfmbee @username vuke ndicinga lento yamajita adlwengula abantwana abancinci uba inoba bafana nesiphi isilwanyana esikhohlakeleyo, ngoba inoba asikho isilwanyana esikhohlakele njengabo @username 	Normal	207
train_isixhosa_00427	@username mdidi wakho omkhulu 🤣 ##url	Abuse	37
dev_isixhosa_00479	@username washa lento each time uqeda ukugeza. umnsinsila uyanuka.	Normal	66
train_isixhosa_02183	akayodiva unomnyamazana #disembashopping ##url	Hate	46
train_isixhosa_00042	isilwanyana-- yinto yonke enenyawo ezine inyamakazi--sisilwanyana sasendle esizingelwayo imfuyo--sisilwanyana sasekhayo  isinambuzane--yigrorho ##url	Normal	149
test_isixhosa_00447	@username 2 minutes after forgiveness.. so uqalile futhi... heeeey nangu muntu bakithi 😂😂😂😂😂😂😂 khuzeka mdidi 🤣🤣🤣🤣 ##url	Abuse	119
dev_isixhosa_00290	@username isela ifanta, kumnandi 😂😂😭	Normal	36
dev_isixhosa_00030	alikho nelinye ke ibhulu trapped in a blackman ##url	Normal	52
dev_isixhosa_00370	i10 isinuka inja efile nxa ##url	Normal	32
train_isixhosa_02137	@username linda kancane uzobona kuyenzeka  mgodoyi	Abuse	50
train_isixhosa_01659	undenza imenemene, ndizakubetha	Abuse	31
train_isixhosa_00766	inkinga nge pipi elimnandi uvele uhlanye nje 😭🤣🤣	Normal	48
train_isixhosa_00379	@username pho vele ngilindeni.. angiyeke ukuba iqaba ##url	Normal	58
dev_isixhosa_00446	soze ndizilibale incukuthu ezasiqushayo kulamzi siyekwi pasika @username 	Normal	73
test_isixhosa_00144	akukhonto igeza njenge nkwenkwe eyaziyo ba iyathandwa	Normal	53
train_isixhosa_01488	"lol ""@username : ekse :""d ""@username : lol rt @username : uyarhaleleka kodwa umarhosha ngoku..”"""""	Abuse	97
dev_isixhosa_00024	abantu kutheni bemane bendibuza umnqundu nge fanny pack/moon bag yam?	Abuse	69
train_isixhosa_02519	@username ndisela namakhwenkwe nangoku kwedini?! ##url	Abuse	54
test_isixhosa_00412	ixessha lonqula..ngwanya kamajola, mphankomo qengeba, thole lomthwakazi. amazangwa ooncuthu'mlanjana sohobese, khwalo  kwedini kagxelesh'umgquba ##url	Normal	150
train_isixhosa_02104	@username andisazingeni. ndehla entabeni ndityethwe ngehashi, iqaba lindishenxise ikomityi yedolo. kwaphela netalente yokba yimbaleki. phofu ndimdala for lomdlalo.	Normal	163
train_isixhosa_01718	my 3 year old uyakwazi ukuxhela ihagu ayikarabhe 🤔 ##url	Normal	56
test_isixhosa_00336	but nkawana was not in a relationship with fezile #isibaya	Normal	58
test_isixhosa_00335	"bangibizwa ngo""msunu kanyoko"" last year december... you don't want to know what happened next ##url"	Abuse	99
train_isixhosa_00046	guys akhonto inxila njengo mqombothi 😂😂 uthi vram that time uwebile xa kunomcimbi 😂😂😂	Normal	85
train_isixhosa_00835	rhaaaaa, ungakulinge uze nalokaka apha.. futsek.. ##url	Abuse	55
train_isixhosa_02020	isidlwengu : andinakulala ndodwa kubanda ⬇️ ##url via @username &amp;#039;solezwe lesixhosa	Normal	91
train_isixhosa_02338	@username but zintle for injubaqa enguye 😫	Abuse	42
train_isixhosa_00397	niyayiqonda ihagu itenwa amasende ? 😭😭😭	Normal	39
test_isixhosa_00045	"""umnqundu ka sasuke"" 😭😭😭😭😭😭😭😭😭😭😭😭😭😭😭😭😭😭😭😭😭😭😭😭😭😭😭😭😭"	Abuse	50
train_isixhosa_01888	khuzani inja nogodo ##url	Normal	25
train_isixhosa_00023	iblukhwe yalo bhuti uthwele umqwazi 😩😩😩 ##url	Normal	45
dev_isixhosa_00417	@username lida'shiphu, block'a mgodoyi enye once 👊🏿	Abuse	51
dev_isixhosa_00412	"igundwane  rt""@username : bangani anisho u ig: usho ukuthini?"""	Normal	62
train_isixhosa_01283	ndibawela incanca 😢	Normal	19
train_isixhosa_01587	ungudothi nje wena, amapolisa afanele ukukudubula wena kuqala, awungowoboshwa ufanelwe yimbumbulu qha, mgodoyi wekwekwe nxa benzeni abantwana ngoku wenja? ##url	Abuse	160
train_isixhosa_00703	uma sithi sisingle sichaza ukuthi ukhona okhona!! kodwa wena mawungamehlula nje uzimisele ungawina.....it's like ikhona inja kodwa ayilumi🚶	Normal	139
train_isixhosa_02361	umamelele ukuthetha ikaka wena ngamazinyo amabi ##url	Abuse	53
train_isixhosa_00808	xa nine chance bo sisi wayekeni amagintsa, nee murder case zawo ngoba akuphumeki kwezinto uphila kuba ubone kakhulu also ukhapha umbulali e court ekuxelela wabulala but ucinga xinguwe awzophelela kwi box? why what’s so special ngawe? niyazithanda into ezithethisayo mani	Normal	270
dev_isixhosa_00069	@username isifebe sikanondindwa ngunyoko rubbish your bloody shit	Abuse	65
train_isixhosa_01511	to the guys ezithenga oomarhosha, niyababuza iziduko/izibongo? or ninqwamza nje 😏	Abuse	81
train_isixhosa_00114	@username i wish nkawana can confuse fezile kancane nje , adideke angazi ukuthi ufuna bani phakathi kwakhe noqondi , just nje 😑😎😎😌	Normal	130
train_isixhosa_02162	@username qasha isela liyobamba amanye. liyazazi indlela.🤓	Normal	58
train_isixhosa_00337	@username why apha emzansi xa kugilwa umntu obhinqileyo leyo case is gonna trend u mzansi wonka a but xa kuyindoda, kuthiwa zabazaba. kalokhu usenzo meyiwa akakaboshwa umbulali but wonke umntu uyazi kuba isizathu ingoba kuthinteka umntu wesfazane but kuba usenzo who killed a woman, iyooo!	Normal	289
train_isixhosa_00837	@username ndifuye ihule apha endlini. icacile. i’m chasing it out ngomso	Abuse	72
dev_isixhosa_00145	ihule lilala kwibed(i) ngeebed(i). #xhosa	Abuse	41
train_isixhosa_01874	uyaphuma uhili ezingcongolweni ngoku!!! the silence of supposed investigative journalists is loud. the apple cart is unsettled. yhooooo. we live in interesting times. inyani so ngamanzi olwandle. ihamba iphinde ibuye. yiza nazo tokiyo. nabanye mabavele. sotya efileyo! @username 	Normal	279
test_isixhosa_00081	namanga wawushefile. ukugilile gabbadiya. 😂😂 ntombi yakho dliwe ixoxo son. ##url	Normal	80
train_isixhosa_00865	ngibona ngama smart shopper kwi wallet ukuthi no umuntu uthwele kanzima... smh	Normal	78
test_isixhosa_00114	@username tshela unyoko negolo lakhe elinukayo ukuthi futsek msunu wakho!!!!	Abuse	76
train_isixhosa_01895	@username uyayinyuba ikaka msunu. 😒😒😂😂	Abuse	38
train_isixhosa_02258	inkazana eqabulayo   🚩🚩🚩🚩🚩🚩🚩🚩	Normal	29
train_isixhosa_02202	@username igqwirha lethu 😍	Abuse	26
train_isixhosa_01070	ixoxo nexoxo liyaziphandela wenah ufuna ukuphandelwa ubani💣💥👈 @ soweto, gauteng ##url	Normal	85
test_isixhosa_00542	leftovers?! ngathi ubuyi plate yokuxhafuza nje uba ihagu le idinwe iindlathi. tsi asile amadoda 😩😩	Normal	98
dev_isixhosa_00028	ngusebekho inja yasebakhwetheni😂😂💀 ##url	Normal	40
train_isixhosa_01340	yesana uyawuqonda umsunu? uyamqonda uthixo? zidobana njani kwi sentence enye?! 👀😲😭 ##url	Abuse	88
train_isixhosa_01181	ubonga utsotsi wakudala ##url	Normal	29
train_isixhosa_01848	bakwenzani? rt @username ngizalelwe inja endlini inkosi	Normal	55
train_isixhosa_02545	@username ai cha, umthakathi ngempela bafo ##url	Abuse	48
train_isixhosa_02169	"uma ufuna ukumela isithembu sakho as a man ""yekela ukuba ixoki"" #kingsomnala #ilobolo ##url"	Normal	91
dev_isixhosa_00360	"yebo! ""@username : jason isifebe sakwadlomo"""	Abuse	44
train_isixhosa_00644	akumandi u-housta umntu ongaseliyo bethuna. ayifunxa man la drink ikula fridge ndiphole apha entloko. be mbi xakukho amanxanwa, uwhaaa!	Normal	135
train_isixhosa_02304	@username uyanyuba futhi kodwa ugqibo bhala ikaka. ##url	Abuse	56
dev_isixhosa_00215	@username umnqundu uqala right there 🙄	Abuse	38
train_isixhosa_01839	@username manje senzeni ngalokho wena mdidi wenja ##url	Abuse	55
train_isixhosa_01496	msunu wakhe. watella loyo mgodoyi ##url	Abuse	39
train_isixhosa_01387	-inja yam ivele yangbuza ukuthi ngzophuma nini echesterville😂🤞🏾	Normal	63
train_isixhosa_00564	@username ukhona kanti ustufuza?😍	Normal	33
train_isixhosa_01813	@username umsunu wakho again with whatever you are watching	Abuse	59
train_isixhosa_01343	lemfene yenza inja ka bafo iyeke noku khonkhotha wendu. ngiyithanda kabi ##url	Normal	78
dev_isixhosa_00376	usithathaphi isibindi sokufuna ukumuncwa incanca edlwengula 🙆🏿‍♂️ ngemlumile umakhulu yazi ##url	Normal	96
test_isixhosa_00272	@username mafa-kukuba umbulali nokuba angabulala atyhutyhe kodwa uzofumaneka ekugqibeleni kwaye umthetho mawudlale indima yawo@username ,ct	Normal	139
train_isixhosa_01899	"enkosi""@username : ulibona ngogqiba imali yakho ogqiba likushiye xa ungenayo ""@username : @username ulibona njani ? nditsho ihule elo"""""	Abuse	135
train_isixhosa_00930	andimazi la msunu kanyoko we ndlela eya ezibeleni uyawze alunge nini. caba ngoku umntu funeka aqhubhe ingathi ukwi convoy yomtshato.	Abuse	132
