language,language_name,toxic_input,detox_output,source,source_dataset,source_id,human_reviewed
am,Amharic,1/2 ውሻታም ነሽ ማለት ነው። በህይወት ዋጋ በደኖ፣ አርባጉጉ፣ ጉራፈርዳ፣ ቤንቺ ማጂ፣ መተከል፣ መንግስት ባመነው በድምሩ ከ5ሺ ያለነሱ ሰ,መንግስት እንኳን ባመነው ፡ በደኖ፣ አርባጉጉ፣ ጉራፈርዳ፣ ቤንቺ ማጂ፣ መተከል፣ በድምሩ ከ5ሺ ያለነሱ ህይወታቸውን ማጣታቸውን አልሰማሽም ?,MultiParaDetox,MultiParaDetox,,True
am,Amharic,?? ኧረ ኡኡኡኡኡኡኡኡ አንች ክፉ ገመናዬን ገመናዬን ሌላ ነገር ነው የሚመስለው ??,ኧረ አንቺ ምን እያልሽ ነው ፤ የውስጥ ጉዳዬን ፤ ለሌላ ሰው እኮ ሌላ ነገር ነው የሚመስለው ??,MultiParaDetox,MultiParaDetox,,True
am,Amharic,Dani ለግዜው በህይወት አለን ለማለት ከተደበቀበት ምሽግ ፎቶውን ልኳል::,አለን የሚል መልእክት ለማስተላለፍ ታስቦ ይመስላል፤ ፎቶ ተልኳል፡፡,MultiParaDetox,MultiParaDetox,,True
am,Amharic,No more Ethiopian Trust Fund የሰብዓዊ መብትን አክብሮ ለሚያስከብር እንጂ ከህወሃት ብሶ ወገኖቻችንን እየፈጃ ተገዳደሉ እያለ ለሚሞዳሞድ አምባገነን ድንቡሎ አይ,No more Ethiopian Trust Fund የሰብዓዊ መብትን አክብሮ ለሚያስከብር እንጂ ለሌላ ቦታ የለንም,MultiParaDetox,MultiParaDetox,,True
am,Amharic,What is this trumptenefa tweet? የራስን ገልቱ ታቅፎ የሌላ አገር መሪ መስደብ ፌር ነው?,የራስን ችግር ይዞ የሌላ አገር መሪ መዝለፍ ትክክል ነው ?,MultiParaDetox,MultiParaDetox,,True
am,Amharic,ሀቅ ነው፣ ሰውየው አንድ ነገር ቢሆን ወይዘሮዋ በየቦታው እየዞሩ ትምህርት ቤት አይመርቁም ነበር፣ ግን ስዪም ተሾመ በፊት ወሬ እንለቡ የአገኝ ነበር አሁን ስለተከለከለ በግምት መቀባጠር ጀመረ።,ሰውየው ጋር ችግር ቢኖር ኖሮ እሷን እዚህ ት/ት ቤት ስታስመርቅ አናያትም ነበር፡፡ ስዩም ተሾመ አሁን የመረጃ እጥረት ያጋጠመው ይመስላል፡፡,MultiParaDetox,MultiParaDetox,,True
am,Amharic,ሃሃሃሃሃ.አይዱ ዲሉዥናል ይሉናል። የዲሉዢኑ ባለቤት ማን እንደሆነ በማያዳግም ሁኔታ ለመመስከር ከዘመን በላይ ማንን ምስክር እንጥራ እንግዲህ? ማየት ነው። :,የዲሉዢኑ ባለቤት ማን እንደሆነ ለመመስከር ከዘመን በላይ ማንን ምስክር እንጥራ እንግዲህ? ማየት ነው። :,MultiParaDetox,MultiParaDetox,,True
am,Amharic,ህግ ማክበር የማይፈልግን ካልቀጠህና በዚህም ካልተስማማህ አንተ ምን ትባላለህ ደደብ ዘረኛ ካልተባልህ::,ህግ ማክበር የማይፈልግን በህግ ካልጠየቅክ እና በዚህም ካልተስማማህ አንተ ምን ትባላለህ ወገንተኛ ካልተባልክ,MultiParaDetox,MultiParaDetox,,True
am,Amharic,ለ10 አመት ተይዟል አለከው እንዴ አንተኮ ቆሻሻ ነህ አታፍርም,ለ10 አመት ተይዟል ብለክ እንዴት ልታሳምነው ትሞክራለህ,MultiParaDetox,MultiParaDetox,,True
am,Amharic,ለነገሩ ደደብ ላይሰማ መለፍለፍ ትርፍ ነው እንጅ እነግርህ ነበር የዛፎቹ ቢጤ ነው እንዳንተ አይነቱ ጠማማ እንጨት ነው የሚቆርጣቸው,ነገሩን የምትረዳው ቢሆን እነግርህ ነበረ ፤ እንደዛፎቹ የተንጋደዱት ሌሎቹን ሊጎዱዋቸው ይችላሉ,MultiParaDetox,MultiParaDetox,,True
am,Amharic,መሀይም። በአማርኛ እየተበጠረቁ አማርኛ አታውሩ።??,በአማርኛ እያወሩ አማርኛ አታውሩ ??,MultiParaDetox,MultiParaDetox,,True
am,Amharic,መሐል ያልገባቺው እንደ ካሚሩናዊው ዳኛ በግለቱ ኮላፕስ አረገላሁ ብላ ነው።,መሐል ያልገባቺው እንደ ካሚሩናዊው ዳኛ በሙቀቱ ልወድቅ እችላለሁ ብላ ነው።,MultiParaDetox,MultiParaDetox,,True
am,Amharic,መረጃው ካለህ ለምን አትለቀውም አንተ ቀዳዳ ወዲ ሸርሙጣ,መረጃው ካለህ ለምን አትለቀውም,MultiParaDetox,MultiParaDetox,,True
am,Amharic,መተማ የአማራ ገበሬ ነው ድንበር ሲያስከብር የኖረው በወያኔ ዘመን ሱዳኖቹን ጥርሳቸውን እያለ እስካሁን አለ። የወያኔ ባንዳዎች ለሱዳን አግዘው ገበሬውን ሲገሉ፣ ክልሉን ሊሸጡ መረባረ,መተማ የአማራ ገበሬ ነው ድንበር መስከበር ስራ ለይ ሲሰተፍ  ኖረዋል።   በወያኔ ዘመን ከሱዳኖቹን ጋር እየተከከበበ ረ እስካሁን አለ።,MultiParaDetox,MultiParaDetox,,True
am,Amharic,መቼም የካድሬ ልማድ ጨርሶ አይልቀም - ስንት ተለቆበት ይሆን እንዲህ ጭራውን የሚቆላው? I wonder?,መቼም የፖለቲካ ሹም ልማድ ጨርሶ አይልቀም - ምን ተደርጎለት ይሆን እንዲህ የሚሽቆጠቆጠው?,MultiParaDetox,MultiParaDetox,,True
am,Amharic,መንግስት ጉያው ውስጥ የተወሸቁትን እነ ስዩም ተሸመና መሰሎቹ የሚረጩትን መርዝ ካላስቆመና አደብ ካላስገዛ መንግስት እሳት በማጥፋት መጠመዱና ዜጋም ውድ ህይወቱን ከፋይ መሆኑ የማይቀር ነው፡፡,መንግስት ውስጡ ያሉትን እነ ስዩም ተሸመና መሰሎቹ የሚናገሩትን ልዩነትን የሚያሰፉ መረጃዎችን  ካላስቆመና ስርአት ካላስያዘ መንግስት እሳት በማጥፋት መጠመዱና ዜጋም ህይወቱን ማጣቱ ይቀጥላል፡፡,MultiParaDetox,MultiParaDetox,,True
am,Amharic,መከላከያ ተከቦ ማን ነበር የደረሰላት አሁንስ ከፊት ሆኖ እየሞተና እየተፍለመ ያለው ማነው ከሀዲው አለቀቃህ እብይ አህመድ ስሙን በአደባባይ ጥርቶ አምስግኖት ነበር,መከላከያ ተከቦ ማን ነበር የደረሰላት አሁንስ ከፊት ሆኖ እየሞተና እየተፍለመ ያለው ማነው በወቅቱ የበላይ አመራሮችም ይህን አመሰግነዋል,MultiParaDetox,MultiParaDetox,,True
am,Amharic,መጋዣ ነገር ነህ አንተ ምን አለብህ ፊትህ ከደለበ ሆድህም ካልጎደለ ሰው ቢታረድ ቢራብ ቢሰደድ ወገንህ አደለ ምን ትሆናለህ አንተ,የሰዎችን ችግርና መከራ  እንደራስህ  ማየትን መልመድ አለብህ,MultiParaDetox,MultiParaDetox,,True
am,Amharic,ሙኒራ ቤቲን አትመጥንም ለማለት ፈልገሽ ነው:: ቤቲ ጀግና በዚች interview መደረግ አልነበረባትም:: ሙኒራ ደግሞ ዘረኛ ናት,ሙኒራ ቤቲ ጋር መቅረብ የሚገባት አልነበረባትም ለማለት ፈልገሽ ነው:: ቤቲ ጀግና በርሷ interview መደረግ አልነበረባትም:: ሙኒራ ደግሞ ወገንተኛ ናት,MultiParaDetox,MultiParaDetox,,True
am,Amharic,ማሞ ሌላ መታወቂያው ሌላ ሰውየው ቅኔ ሲዘርፍ ያንተአይነቱ የዝንብ ገልቱ ሰሙ ላይ ሙጥኝ ይላል ያው የዝንብ ባህሪ ነው,ማሞ ሌላ መታወቂያው ሌላ ሰውየው ቅኔ ሲዘርፍ አንተ ደግሞ ስላልገባህ ሰሙ ላይ ሙጥኝ ትላለህ,MultiParaDetox,MultiParaDetox,,True
am,Amharic,ማኅበረ ቅዱሳን እንቅልፍ ነሳህ አይደል? ወያኔም በጊዜው አልቻለውም። መሰረቱ አለት ነው አሸዋ አይደለም።,ማኅበረ ቅዱሳን አሳሰበህ አይደል? ህወሀትም በጊዜው አልቻለውም። መሰረቱ አለት ነው አሸዋ አይደለም።,MultiParaDetox,MultiParaDetox,,True
am,Amharic,ማነህ አንተ ስዩም፣ አንድ ሰው ከሞተ አብይ ስልጣን እለቃለሁ ብሏል ስትል አልነበረም?? የጅማውን እልቂት አልሰማህም?? የሆንክ ቱልቱላ ነህ,የሰው ነፍስ የሚጠፋ ከሆነ ጠ/ሚሩ ስልጣን እለቃለሁ ብሏል ብለህ ነበር ፤ የጅማውስ የሰው ሕይወት መጥፋት ምን ሊባል ነው ?,MultiParaDetox,MultiParaDetox,,True
am,Amharic,ምን ላርግ ብለሽ ነው። ይሄን ሰውዬ ስሙን እንኳን መስማት ያንገሸግሸኛል.????,ምን ላርግ ብለሽ ነው,MultiParaDetox,MultiParaDetox,,True
am,Amharic,ምድነው ችግርህ? ?? ህይወታቸውን እየግበሩ በየቦታው እየረገፉ ያሉ አንድ አለን የምንለው መከታችን መከላከያ ነው። ስንት ምታወራው የውሻ ወሬ እያለ ስለመከላ,ከመከላከያ ጎን ለመቆም ምንም ችግር ሊኖርብን አይችልም፡፡ ህይወታቸውን እየግበሩ በየቦታው እየረገፉ ያሉ አንድ አለን የምንለው መከታችን መከላከያ ነው።,MultiParaDetox,MultiParaDetox,,True
am,Amharic,ራስህን ቻል የትግራይ ህዝብ የአንተ ድጋፍ አይሻም::የትግራይ ህዝብ የዛሬ ፀረ ወራሪ ትግሉ ለነገ ነፃነቱ በደሙ እየፃፈ መሆኑን አትዘንጋ::,የትግራይ ህዝብ የአንተ  ሆነ ያማንንም ድጋፍ አይሻም::የትግራይ ህዝብ ትግሉ ለነገ ነፃነቱ በደሙ እየፃፈ መሆኑን አትዘንጋ::,MultiParaDetox,MultiParaDetox,,True
am,Amharic,ሰው ጥራ ቢሉት ራሱ መጣ አሉ በፈጠረህ  ወይም  አንድ ቀን እውነት አውርተው ያውቃሉ? እኔ ነፍስ ካወኩ ጊዜ አንስቶ ፋ,ሰው ጥራ ቢሉት ..አሉ እኔ እስከማውቀው እውነቱን ሲናገሩ ሰምቼ አላውቅም,MultiParaDetox,MultiParaDetox,,True
am,Amharic,ሴትኮ ሁሉም ነገር ናት ሰለዚህ የተሳደብክ ከመሰለህ ተሳስተሀል ውሻ ደግም ታማኝ ነው ያሳደገውን ያውቃል ይልቅ የአንተ ባዶ ጭንቅላት ገረመኝ እርሲ ሀምሐም በለት ለታይ,ሴትኮ ሁሉም ነገር ናት፡ ውሻ ደግም ታማኝ ነው ያሳደገውን ያውቃል ይልቅ የአንተ ነገር ገረመኝ,MultiParaDetox,MultiParaDetox,,True
am,Amharic,ሴፉ ያው ፕሮግራም ይኮርጅል እንጂ በአሸርጋጅነት አይታማም ??,ሴፉ አንዳንድ ፕሮግራሞቹ ከሌሎች ጋር ሊመሳሰሉ ይችሉ ይሆናል እንጂ በማስመሰል ማንም ስሙን አያነሳውም,MultiParaDetox,MultiParaDetox,,True
am,Amharic,ስለማይገባው ለማይረዳ አይምሮው ድፍን ለሆነ ሰው ይሄ ሁላ አያስፈልግም ሰሉዬ ሀፍተይ መተው ብቻ ??,ለማይገባው ለማይረዳ ሰው ይሄ ሁላ አያስፈልግም ሰሉዬ ሀፍተይ መተው ብቻ ??,MultiParaDetox,MultiParaDetox,,True
am,Amharic,ስዩም ተሾመ እና ናትናኤል መኮንን በልጅነታቸው ያመለጣቸው ክትባት መኖሩ ተረጋግጧል,ስዩም ተሾመ እና ናትናኤል መኮንን በልጅነታቸው ያመለጣቸው ክትባት ይኖር ይሆን እንዴ,MultiParaDetox,MultiParaDetox,,True
am,Amharic,ስዩም ተሾመ ዝም ብሎ የሚለፈልፍ ነበር የመሰለኝ:: ደመቀ የሚሉት ፈዛዛ ግን ባለጌውን ጎትቶ ቤኒሻንጉል ይዞት ሲሄድ ሳይ ነው አሀ ያልኩት:: ተራ ጀግና,ስዩም ተሾመ ያለ ማስረጃ የሚናገር ነበር የመሰለኝ:: አቶ ደመቀ ግን ሰውዬውን ቤኒሻንጉል ይዞት ሲሄድ ሳይ ነው አሀ ያልኩት::,MultiParaDetox,MultiParaDetox,,True
am,Amharic,ስዩም አለቆቹ የሚወዱትን ይወዳል፣ የሚጠሉትን ይጠላል። እሱ የሚናገረው በሙሉ አለቆቹ ሹክ ያሉትን ነው። ከመስመር ወጣ ካለ ደግሞ አምቡላንስ ልከው እንደሚሆን ያደርጋሉ።,ስዩም አለቆቹ የሚወዱትን ይወዳል፣ የሚጠሉትን ይጠላል። እሱ የሚናገረው በሙሉ አለቆቹ የነገሩትን ነው።,MultiParaDetox,MultiParaDetox,,True
am,Amharic,ቆሻሻ ውሻ ሸርሙጣ በእጅ ያለ ወርቅ እንደመዳብ ይቆጠራል,አልተረዳሀውም እንጂ በእጅ ያለ ወርቅ እንደመዳብ ይቆጠራል,MultiParaDetox,MultiParaDetox,,True
am,Amharic,በመጀመሪያ ወንደኛ አዳሬ የሚባል ቃል የለም ሲቀጥል ደግሞ በጣም የቅናት አስመሰለብህ ያጣ ለማኝ ተሳድቦ ይሄዳል አለ ያገሬ ሰው ።,በመጀመሪያ እንደዚህ የሚባል ቃል የለም ሲቀጥል ደግሞ ጥሩ ካልሆነ የቅናት መንፈስ ውስጥ የሆንክ ነው ያስመሰለብህ,MultiParaDetox,MultiParaDetox,,True
am,Amharic,በምን ኢሳብ ነው ይንን ወራዳ ባንዳ (ካድሬ) አባት ብለህ የምትጠራው,በምን ሂሳብ ነው ይንን የፖለቲካ ሹም አባት ብለህ የምትጠራው,MultiParaDetox,MultiParaDetox,,True
am,Amharic,በርግጥም ናችሁ እኮ አልታወቅህ ብሎ ነው። በነፃ ቢሮ እና ጥቅማጥቅም እምታገኝ የእንጀራልጁ ሁነህ አደለም ተለጣፊ ገመድ አንገትህ ላይ አድርጉ እንደ ውሻ ሰለሚጉትትህ ነው,አልታወቀህም እንጂ እንደዚያ የሆናችሁ ነው የሚመስለው ፡፡ በነፃ ድጋፎችን እምታገኘው የቅርብ ሰው ስለሆንክ ይመስላል,MultiParaDetox,MultiParaDetox,,True
am,Amharic,በስልጣኑ ስለመጡ እንጂ ለህዝብ አዝኖ አይደለም????ታሪክም የሚያስታውሰው በዛ ነው።,ለህዝብ በመሰብ ሳይሆን ሀላፊነቱን ላለማጣት አስቦ ይሆናል,MultiParaDetox,MultiParaDetox,,True
am,Amharic,በአንዴ ካድሽኝ? ለነገሩ የመጀመሪያሽ አይደለም ??,በአንዴ ድጋፍሽን አነሳሽ? ለነገሩ የመጀመሪያሽ አይደለም ??,MultiParaDetox,MultiParaDetox,,True
am,Amharic,በግድ ነው እንዴ? እንዲህ ያለ ደንቆሮ ነው ለካ ይሄ ሰውዬ? እንዲህ ከተናገረ ነፍሰበላ ለመሆኑ ምንም ርጥር የለኝም አምባቸውን፣ እዘዝን፣ ጄኔራል አሳ,በግድ የሚሆን ነገር የለም ፤ ከንግግሩ ጥሩ ያልሆኑ መልእክቶች በመነሳት እሱ ለጓዶቹም ጥሩ ላይሆን እንደሚችል መናገር ይቻላል፡፡,MultiParaDetox,MultiParaDetox,,True
am,Amharic,በፆታዊ ትንኮሳ enjoy ከሚያደርጉት አንዱ ነህ እንዴ? ምንም የሚያበሳጭ ነገር አልሰሩም,በፆታዊ ትንኮሳ enjoy እንደሚያደርግ ሰው በዚህ ጉዳይ መበሳጨት አይገባህም ነበር,MultiParaDetox,MultiParaDetox,,True
am,Amharic,በፍጹም። አንድ ነገር ልጠይቅህ አብይ አህድ ቡዙነገር ሲተነትን አፍ ያስከፍታል። እንዴት ነው ግን የዚህ ሁሉ ህዝብ እልቂት እንደሰው እማያስቆጣው? ማስቆም እንኳ ባይ,አንድ ነገር ልጠይቅህ አብይ አህድ ቡዙነገር ሲተነትን ቀላል የማይባል አድማጭ አለው። እንዴት ነው ግን የዚህ ሁሉ ህዝብ እልቂት እንደሰው እማያስቆጣው? ማስቆም እንኳ ባይ,MultiParaDetox,MultiParaDetox,,True
am,Amharic,ባለጌ ለመሆንሺ ምሰክር አያሻኝም ሰው ሰላልሆንሺ አሉ ብለሺ አወራሺ ማንም በሴትነቱ በሰውነቱ ይከበራል,ለስርአት ተገዢ እንዳልሆንሽ ተረድቼአለሁ፡፡ ማንም በሴትነቱ በሰውነቱ ይከበራል,MultiParaDetox,MultiParaDetox,,True
am,Amharic,ባለጌ ነሽ ወይም ነህ መሰዳደብ ጉብዝና አይደለም  የቋንቋ ችግር ከሌለብሽ ወይ ከሌለብህ ትክክል ነው ያለው።ዘርንም መርጦ ማዘን ዘረኝነ,ስርአት ካለህ/ካለሽ ፀያፍ ቃልን መለዋወጥ ጉብዝና አይደለም የቋንቋ ችግር ከሌለብሽ ወይ ከሌለብህ ትክክል ነው ያለው።,MultiParaDetox,MultiParaDetox,,True
am,Amharic,ባለጌው  አንተ ክፉ ልክስክስ። ተመልሰህ ወጥተህ ይቅርታ ጠይቅ። ስሜታዊ ሆኜ ነው በል። እንደ አንተ ርካሽ ደግሞ አላየሁም። ሰላም  በጔደ,አንተ ስርአት የሌለህ ተመልሰህ ወጥተህ ይቅርታ ጠይቅ። ስሜታዊ ሆኜ ነው በል።,MultiParaDetox,MultiParaDetox,,True
am,Amharic,ባንዳ የባንዳ ልጅ ቤተ መንግስት አስቀምጠህ ሴራህን እየጎነጎንህ በጎን የተለመደ ኢትዩጲያዊ ስብከትህን ትነዛለህ,ኢትዮያን የማይደግፉ ሰዎች ጋር እስከ ቤተ መንግስት ድረስ አብረህ እየሰራህ በሌላ በኩል ኢትዮጵያዊ ወግ ስታነሳ ሰው ብዙም ላያምንህ ይችላል,MultiParaDetox,MultiParaDetox,,True
am,Amharic,ባንዳ? አሉላ ከኤርትራ ሰራዊት ጋር ሆኖ ኢትዮጵያውያንን እየገደለ ነው እንዴ? አላወኩም ነበር።,አሉላ ከኤርትራ ሰራዊት ጋር ሆኖ ኢትዮጵያውያንን እያጎደ ነው እንዴ? አላወኩም ነበር።,MultiParaDetox,MultiParaDetox,,True
am,Amharic,ቤተሰብዎ እየደማ ነው ፡፡ በሁሉም ድርጊቶችዎ ይቆጫሉ እናም ለዘላለም ይሰቃያሉ።,ቤተሰብዎ ችግር ውስጥ ወድቁዋል ፡፡ በድርጊቶችዎም ሊፀፀቱና ለረጅም ጊዜም ሊጎዱ ይችላሉ።,MultiParaDetox,MultiParaDetox,,True
am,Amharic,ቤቲ LTV ፈጣሪ ጎረቤትህን እንደራስህ ውደድ ይላል። የፖለቲካ ልዩነትም መብት ነው። ልዩነታችን በመከባበር ቢሆን ሀገራችን ዘላቂ ሰላም ታገኛለች። የጥላቻ ዘመቻ ግን ለራስሽም ለሀገርም አይጠቅምም።,ቤቲ LTV ፈጣሪ ጎረቤትህን እንደራስህ ውደድ ይላል። የፖለቲካ ልዩነትም መብት ነው። ልዩነታችን በመከባበር ቢሆን ሀገራችን ዘላቂ ሰላም ታገኛለች። ከዚህ ባለፈ ልዩነትን የሚያሰፉ ነገሮች ላይ ማተኮር ግን ለራስሽም ለሀገርም አይጠቅምም።,MultiParaDetox,MultiParaDetox,,True
am,Amharic,ቦምብ በሻንጣ የጫነችው የፖሊስ መኪና (ፖሊስ ኢት 0384 ET) ሆን ተብሎ እንድትቃጠል ተደርጋለች።,መሰሪያ በሻንጣ የጫነችው የፖሊስ መኪና (ፖሊስ ኢት 0384 ET)  እንድትቃጠል ተደርጋለች።,MultiParaDetox,MultiParaDetox,,True
am,Amharic,ተስፋ አደርጋለሁ ብዬ ተስፋ አደርጋለሁ ሰይጣን ወደ አንተ ይደርሳል ብዬ ተስፋ አደርጋለሁ በሲኦል ውስጥ እንደበሰብስኩ እና በህይወትዎ ውስጥ ያሉ መልካም ነገሮች ሁሉ ከእርስዎ እንደተ,ተስፋ አደርጋለሁ ብዬ በሰረሁት መጥፎ ስራ እየተቀጠሁ እንደ ሆነ እና በህይወትዎ ውስጥ ያሉ መልካም ነገሮች,MultiParaDetox,MultiParaDetox,,True
am,Amharic,ቱልቱላ ከባንዲራው ስር የተደበቅህ ዘረኛ ነህ ኢትዮጵያ እያልክ አታላዝን,በባንዲራውንና ኢትዮጵያን ደጋግመህ ብታነሳም ከወገንተኝነት ወጥተህ ከልብህ የምታደርገው አይመስልም,MultiParaDetox,MultiParaDetox,,True
am,Amharic,ትንታኔ ዘጋኝ???? ፓለቲካዉንም እኮ እንደዚህ እየተነተናችሁ ነዉ አገሪቱን ዱቄት ያደረጋችሗት።,ትንታኔ ትጠላለህ???? ፓለቲካዉንም እኮ እንደዚህ እየተነተናችሁ ነዉ አገሪቱን እንዳይሆን ያደረጋችሗት።,MultiParaDetox,MultiParaDetox,,True
am,Amharic,ችግር ውስጥ ነን ብዬ ከማንም ኢንጌጅ አላደርግም ሰሞኑን ታውቃለህ መቼስ። ቀን ይቅርታ ሲጠይቅ ውሎ ማታ ልገንጠል ይላል? ነውር አይደለም?,ችግር ውስጥ እንዳለን ባላስብ ይሻላል፡፡ ሰሞኑን ደግሞ ቀን ላይ በጥሩ የይቅርታ መንፈስ ውሉ ማታ ላይ ስለመለያየት ያወራሉ፡፡,MultiParaDetox,MultiParaDetox,,True
am,Amharic,ነቀዝ ካንተ ሆድ ምን ተርፎ ነው መንገድ የሚሰራው በእርዳታ? አጋሰስ,ከእለታዊ ፍጆታህ ምን ተርፎ ነው መንገድ የሚሰራው በእርዳታ?,MultiParaDetox,MultiParaDetox,,True
am,Amharic,አሁን ጥያቄው ሰውየው ተይዞ ቂሊንጦ ሲገባ የሻማ ነው ወይስ የሮኬት ነው ሚጠየቀው የሚለው ነው,ሰውየው በህግ ጥላ ስር ውሎ ወደ አስር ቤት ቢገባ እንደሌሎች እስረኞች የደንቡ ነው የሚጠየቀው ወይስ ከዚያ በላይ መሆን አለበት,MultiParaDetox,MultiParaDetox,,True
am,Amharic,አሉላ እንደ አንተ ዐይነቱ ህሊና ቢስ ለምስኪኑ ትግረዋይ ግድ የሌለው ትዳር አፍርሱ ኢትዮጵያዊ አይደለንም የሚል ኢሚንት ስለ ኢትዮጵያዊው ትግረዋይ ለመናገር,አሉላ እንደ አንተ ዐይነቱ  ብዙም  ለትግረዋይ ግድ የሌለው በለትደር የሚያጠላ ኢትዮጵያዊ አይደለንም የሚል ሰው  ስለ ኢትዮጵያዊው  ና ትግረዋይ ለመናገር አይችልም,MultiParaDetox,MultiParaDetox,,True
am,Amharic,አስመሳይ ህዝብ ሲታረድ በእሳት ሲቃጠል ሲፈናቀል መግለጫ ያልሰጠህ እንኳን አደረሳችሁ አይዋጥልንም,ህዝብ ያ ሁሉ መከራና መፈናቀል ሲደርስበት መግለጫ ያልሰጠህ እንኩዋን አደረሳችሁ መቼም ከልብህ እንደማይሆን እንረዳለን,MultiParaDetox,MultiParaDetox,,True
am,Amharic,አሿፊ ዘረኛ ዘፋኝ ስንት ሞትና ሀዘን በከበበን ወቅት አንተ ስለ ኳስ . ይሄን ያህል በጎጥ መጥበብህን አላቅም ነበር :: ልቦና ይስጥህ,በዚህ በብዙ ችግርና መከራ በከበበን ወቅት ፤በኳስ ምክንያት በሰፈር መከፋፈልን ማሳየት ካንተ አይጠበቅም፡፡,MultiParaDetox,MultiParaDetox,,True
am,Amharic,አቤትትት??? የሰፈር ሰዎች ሁሉ ተማረሩ ቤታቸውን ዘግተው ምሳ ሰሩ:: . For that ሆዳም friend.,አቤትትት??? የሰፈር ሰዎች ሁሉ ተማረሩ ቤታቸውን ዘግተው ምሳ ሰሩ::,MultiParaDetox,MultiParaDetox,,True
am,Amharic,አንተ ምን አፍ አለህ ከዚህ በዋላ። ጠባብ ዘረኛ።,አንተ ምን ማለት ትችላህ ከዚህ በዋላ። ወገንተኛ ነህ,MultiParaDetox,MultiParaDetox,,True
am,Amharic,አንተ ሰውዬ አይንህም ልብህም ተሰውሮ እንዴት ትችለዋለህ? ያንተ ይለያል ደሞ ልቦና ይስጥህ ውይ ይቅርታ አይንህን ያብራልህ,አንተ ሰውዬ አይንህም አስተውል እንጅ? ያንተ ይለያል ደሞ ልቦና ይስጥህ ፡ አይንህንም ያብራልህ,MultiParaDetox,MultiParaDetox,,True
am,Amharic,አንተ በጄት ቦንብ እየላክላቸው እነሱ ፍቅር ይላኩልህ እንዴ? ጅል ቢጤ ነህ ልበል?,አንተ  እየሰራህ ያለኸው ስራ የእነሱን ህልውና አደጋ ውስጥ የሚጥል ሆኖ ሳለ ከእነሱ ፍቅር መጠበቅ አትችልም፡፡,MultiParaDetox,MultiParaDetox,,True
am,Amharic,አንተ ውሸታም እንደውም ከገዳዮቹ አንዱ ሳትሆን አትቀርም አውሬ ነገር,የተናገርከው እውነት አይደለም  እንደውም በዚህ ነገር ውሥጥ ስላለመኖርህ ማረጋገጥ አይቻልም,MultiParaDetox,MultiParaDetox,,True
am,Amharic,አንተ ውሻ በቅርብ ሞትህ ያሳየኝ ጌይታየ አንተ ውሸታም ሳጥናኤል መቸም ሙተህም እንዱሰው አትከብርም ሲኦል ትገባታለህ እንጂ የንፁሀኑ ደም እሳት ሁኖ ካላነደደህ,ያንተን መጨረሻ ያሳየኝ ፤ ፈጣሪ ፍርዱን ይስጥ,MultiParaDetox,MultiParaDetox,,True
am,Amharic,አንተ ውሻ እግዚአብሔር ግፍህን በቤትህ ያሳጭድህ።,እግዚአብሄር ፍርዱን ይስጥህ,MultiParaDetox,MultiParaDetox,,True
am,Amharic,አንተ ደንቆሮ የጠንቋይ ልጅ ጠላታችን እንደሆንክ ኣስተምረን እንነቃቸዋለን።,ወደጅ እንደልሆንን ኣስተምረን እንነቃቸዋለን።,MultiParaDetox,MultiParaDetox,,True
am,Amharic,አንተ ደደብ ለስት ነው እንዴ ትግራይን የገጠሙት ?አህያ ነህ አምስት አገር ለአንድ ክልል ቅማል ቅርፅ ነህ።,ትግራይ ለብቻ ነበር ? አምስት አገር ለአንድ ክልል ።,MultiParaDetox,MultiParaDetox,,True
am,Amharic,አንተ ጓሮ መሆን አለበት። አኛ የሰው አንፈልግም የራሳችንንም አንሰጥም,ከአንተ በኩል ሊሆን ይችላል። አኛ የሰው አንፈልግም የራሳችንንም አንሰጥም,MultiParaDetox,MultiParaDetox,,True
am,Amharic,አንተም ክፉ ነበርክ ክፉ አዘዘብህ አንደ ገና ዳቦ እሳት ነደደብህ። የምንልበት ቀን ሩቅ ሰይደለም????,በክፋቱ የሚታወቅ የስራውን ሊያገኝ ነው የምንልበት ቀን ሩቅ አይደለም ??,MultiParaDetox,MultiParaDetox,,True
am,Amharic,አንተን ነው ተንኮሉ። ቢኒያም ምንም አላረገም ??,አንተን ነው ማነህ። ቢኒያም ምንም አላረገም ??,MultiParaDetox,MultiParaDetox,,True
am,Amharic,አንተን አይነቱን ስግብግብ ጨካኝ ጥልቁ ላይ መጣል ጨምሮ ቋጥኝ,አንተ ራስ ወዳድ ነህ የስራህን ማግኘትህ አይቀርም,MultiParaDetox,MultiParaDetox,,True
am,Amharic,አንቺ ገረድ : ሸታታ አንችን ብሎ ፀሓፊ  መጀመሪያ ንፅህናሽን ጠብቂ : ውዳቂ ።,አንችን ብሎ ፀሓፊ መጀመሪያ እራስሽን ጠብቂ :,MultiParaDetox,MultiParaDetox,,True
am,Amharic,አንድ ነገር ይገርመኛል ኑሮን ለማሸነፍ ነብሱን አሰይዞ በባህር አረብ ሀገር የገባውን ምሰኪን አሸባሪ ብሉ ሰቃዩንይሰቃይ ብሎ የፈረደበት የሀገር መሪ እንዴት ነው መሪ ይሆነኛል በየ,አንድ ነገር ይገርመኛል ኑሮን ለማሸነፍ ነብሱን አሰይዞ በባህር አረብ ሀገር የገባውን ምሰኪን አታስፈልግም ብሎ የረሳውን መሪ እንዴት ነው መሪ ይሆነኛል በየ,MultiParaDetox,MultiParaDetox,,True
am,Amharic,አዲስ ስድብ አመንጪ እንጂ አዲስ ሃሳብ አመንጪ አይደለክም:: በደም የጨቀይህ ውሸታም አስመሳይ ሰው ነህ::,አዲስ ፀያፍ ቃል አመንጪ እንጂ አዲስ ሃሳብ አመንጪ አይደለክም:: በሰው ነፍስ ጉዳይ እጅህ ያለበት ሰው ነህ፡፡,MultiParaDetox,MultiParaDetox,,True
am,Amharic,ኢትዮጵያዊ መልክ ይዞ የአገሩን መፍረስ የሚመኝ ስይጣን ማለት ይህ ነው። ማፈሪያ,ኢትዮጵያዊ መልክ ይዞ የአገሩን መፍረስ የሚመኝ ኢትዮጵያዊ ነው ለማለት ይከብዳል። አሳዛኝ,MultiParaDetox,MultiParaDetox,,True
am,Amharic,ኣንተ ተላላኪ ዉሸታም ሁሉም ነገር ለዓለም ገና እናሳዉቃለን ዉሸታም ከሃዲ,አንተ የሰራሀውን ሁሉም ነገር ለዓለም ገና እናሳዉቃለን,MultiParaDetox,MultiParaDetox,,True
am,Amharic,ኣንቺ ሰው በላ አውሬ ነሽ ረጅም ግዜም ኣትራመጅም,አንቺ ጥሩ ሰው አይደለሽም፤ ረጅም መንገድ  የምትሄጂ አይመስልም,MultiParaDetox,MultiParaDetox,,True
am,Amharic,እረ ያገሬ ፊደል ያልቆጠረ ባለገር ይግደለኝ ተምረናል ሚሉት በቃ ምርጥ ጅል ሄነው,ከተማረው እኮ ፊደል ያልቆጠረው ያገሬ ሰው እየተሻለ ነው,MultiParaDetox,MultiParaDetox,,True
am,Amharic,እረ ጌታቸው እግዚአብሔር በጣም እድል እየሰጠክ ልብህን ምናለ እንደ ፈርሆን ባታደነድነው??እስከ ዛሬ ለፈፀማችሁት በደል ጭፍጨፋ ሁሉ እግዚአብሔር ማሀሪ ይቅር ባይ ነ,እረ ጌታቸው እግዚአብሔር በጣም እድል እየሰጠክ ልብህን ምናለ ባታደነድነው??እስከ ዛሬ ለፈፀማችሁት በደል መሀሪው እግዚአብሄርን በንስሀ ብትጠይቁ,MultiParaDetox,MultiParaDetox,,True
am,Amharic,እራሱ ዛሬ ጠዋት ያየናትን ቀምሶ እንደማያወራ በምን እርግጠኛ መሆን ይቻላል???,የተለመደውን ነገር ቀምሶ እንደማያወራ በምን እርግጠኛ መሆን ይቻላል???,MultiParaDetox,MultiParaDetox,,True
am,Amharic,እሱን የፈጠረች ያልታደለች እናት አረመኔ ሰው ትፍጠር ??,ልበ ደንዳና የሆነ ሰው የእሱ ወላጅ መሆንም ያሳዝናል,MultiParaDetox,MultiParaDetox,,True
am,Amharic,እስክንድር ነፃነትን ፈለገ እንጅ ስልጣንን መቼ ፈለገ። ማፈሪያ ይሄ እንኳን የማይገባው ስንት የስልጣን ጥማተኛ ሲንቀዠቀዥ እያየን ነው።,እስክንድር ነፃነትን ፈለገ እንጅ ስልጣንን መቼ ፈለገ። ይሄ እንኳን የማይገባው ስንት ስልጣን የሚፈልግ አለ,MultiParaDetox,MultiParaDetox,,True
am,Amharic,እና አሜሪካ የኝ ዜጋ ናት ወይም ነበርች ገናለገና በ ዶላር ሲከፈልህ አሜሪካ ዘመድህ መሰለችህ,እና አሜሪካ የኝ ዜጋ ናት ወይም ነበርች ፤ ክፍያ በዶላር ስለተፈጸመልህ አሜሪካን በዚህ ደረጃ ማቅረብ,MultiParaDetox,MultiParaDetox,,True
am,Amharic,እኔ እያሰብኩ ያለሁት እንደ መንጌ ሽሉክ ብለህ እንዳታመልጥብን ብቻ ነው::,አንዳንድ ጊዜ እንደመንጌ ድንገት ተነስተህ ልትሄድ እንደምትችል አስባለሁ,MultiParaDetox,MultiParaDetox,,True
am,Amharic,እኔም አላስጨፈጨፈንም አላልኩም.ነገር ግን አንተ ፍሪኩን እንዳቆለጳጰስከው መልአክ አላረኩትም.ቢያቅርህም ዋጠው የመቀሌው,እኔም ችግር አልፈጠረም አላልኩም .ነገር ግን ያንውን አንተ እንዳሞገስከው አላረኩትም.ባይዋጥልህም ይኸው ነው,MultiParaDetox,MultiParaDetox,,True
am,Amharic,እንደውም ፓለቲካ ውስጥ ምን ትስራላችሁም ተብለናል ጠንክረን መማርና መስራት ይጠበቅብናል ለቅሶን ለለቅስኖች መተው አለብን  ሃሃሃ,ፓለቲካ ውስጥ ምንም አትሰሩም ተብለናል፡፡ጠንክረን መማርና መስራት ይጠበቅብናል ሌላውን ለሚመለከተው በመተው,MultiParaDetox,MultiParaDetox,,True
am,Amharic,እንዲያውም አቶ ስብሃት ዕድለኛ ናቸው ለቀራቸው ትንሽ ጊዜ እየበሉ እየታከሙ የሚቆዩበት ዕድል አግኝተዋል። ምንም እንኳ ለ40 አመታት ለፈፀሙት በደል ሁሉ የሚቀጡበት በቂ ጊዜ ባይኖራቸውም።,እንዲያውም አቶ ስብሃት ዕድለኛ ናቸው ለቀራቸው ትንሽ ጊዜ እየበሉ እየታከሙ የሚቆዩበት ዕድል አግኝተዋል። ምንም እንኳ ለ40 አመታት ለፈፀሙት በደል የሚመጥን ነገር ባይኖርም,MultiParaDetox,MultiParaDetox,,True
am,Amharic,እውነት ነው አባት እንደ ልጅ አይጨክንም . የዚህ አረመኔ ጭካኔ ግን በዛ,እውነት ነው አባት እንደ ልጅ አይጨክንም ምንም እንኩዋን የሱን ከዚህ ማንሳት ትንሽ ቢከብድም,MultiParaDetox,MultiParaDetox,,True
am,Amharic,እውነት ካለህ እኮ ምንም ኣግዙኝ እርዱኝ ማለት አያስፈልግም:: እዉነት ራሱ ይመሰክራል እና ነው:: ለእንዳንተ ዉሸት ቀለቡ ግን ዕዉነትም ሲነግሩት ኣይዋጥለጥም,እውነት ካለህ እኮ ምንም ሌላ ተጨማሪ እርዳታ መጠየቅ አያስፈልግም:: እዉነት ራሱ ይመሰክራል እና ነው:: በእውነት የማታምን ከሆነ ግን እውነትም ቢነግሩህ ላይዋጥልህ ይችላል፡፡,MultiParaDetox,MultiParaDetox,,True
am,Amharic,እውነት ጋዜጠኛ ብትሆን መሳሪያ ለጥፋ ለምን እንደዛተች ትጠይቅ ነበር ይቅርታ ለምን እንዳልጠየቀች ትጠይቅ ነበር,እውነት ጋዜጠኛ ብትሆን ለምን እንደዛተች ና ለደረገችው ነገር ይቅርታ ለምን እንዳልጠየቀች ትጠይቅ ነበር,MultiParaDetox,MultiParaDetox,,True
am,Amharic,እጅግ ማፈሪያ የሆንከው አንተነህ ይልቅስ የማፈሪያ ስብስብ ደግሞ በጣም ሚያስቀኝ የዚህ የሚያረገው ግላቭ ነገር ነው ኮሮናን መከላከሉ ነው ኮሮና የሆነ ሰው እራስ ወዳድ፤ ህፃናት,ገራሚ የሆንከው አንተነህ ይልቅስ ደግሞ በጣም ሚያስቀኝ የዚህ የሚያረገው ግላቭ ነገር ነው ኮሮናን መከላከሉ ነው ፤ እራስ ወዳድ,MultiParaDetox,MultiParaDetox,,True
am,Amharic,ኦኦፕፕስስ የሆክ ለማኝ እከክሲጀመር መንግስትን ከአንድ ሌባ ማፊያ ቡድን ታወዳድራለህ???? ለነገሩ አይፈረድብህም የልመና ስነልቦና ነው ያለህ ለማኝ ለአብይ ትዊት አንበሳ,መጀመሪየዉኑ መንግስትን ከአንድ አነስተኛ ቡድን ጋር ማወዳደርህ ትክክል አይደለም፡፡,MultiParaDetox,MultiParaDetox,,True
am,Amharic,ከማነው አሁን ሚታገለው? ከወንድሙ? ወጣ ብሎ ጠላት አጥቅቶ ያቃል? መንደር ውስጥ ማንን ለማጥቃት? ቱልቱላ ብቻ,ከማነው አሁን ሚታገለው?  ከራስ ወንድም ጋር መታገል ምንም  ትርጉምና ውጤት የለውም፡፡,MultiParaDetox,MultiParaDetox,,True
am,Amharic,ከታላቅ ወንድሜ ጆ ባይደን እንዲሁም ከእህቴ ካሚላ ኣሪስ ውጤታማ የስልክ ውይይት ኣድርገናል።ባካየድነው ህግ የማስከበር ሂደት ድጋፋቸው ችረውናል ይል ይሆናል እኮ ያቱልቱላ መሽረፈት።,ከታላቅ ወንድሜ ጆ ባይደን እንዲሁም ከእህቴ ካሚላ ኣሪስ ውጤታማ የስልክ ውይይት ኣድርገናል።ባካሄድነው ህግ የማስከበር ሂደት ድጋፋቸው ችረውናል ይል ይሆናል እኮ ያ ሰውዬ,MultiParaDetox,MultiParaDetox,,True
am,Amharic,ከአብይ አህመድ ከሚባል አውሬ ጋር ተባባሪ ስለሆንሽ አንድ ቀን ትጠየቂያለሽ። እንዴት ህሊናሽ ፈቀደልሽ? ባይበላስ ቢቀር?,ከእርሱ ጋር ተባብረሽ  በመስራትሽ  አንድ ቀን ተጠያቂ ልትሆኝ እንደምትችይ ማወቅ አለብሽ ፡፡,MultiParaDetox,MultiParaDetox,,True
am,Amharic,ወረኛ ሲጠላህ እማይልህ የለም። ካናቢስ እያስጠቀመ ውግያ ያስገባል ሲልህ እንዴት ?አትልም አዎ አሉ ብለህ ትቀጥላለህ።,ካናቢስ እያስጠቀመ ውግያ ያስገባል ሲልህ እንዴት ብለህ መጠየቅ ያስፈልጋል፤ የሚጠላህ ቡድን ብዙ ሊያስወሩ ስለሚችሉ,MultiParaDetox,MultiParaDetox,,True
am,Amharic,ወንድ የሴት ምንትስ እና ጡት ብቻ ነው የሚያየው ብለሽ ደመደምሽው በቃ? ነገ ደሞ ወንዶች የውጭ እንጂ የውስጥ ውበት አያዩም ብለሽ ለቅሶ ደቅ ትያለሽ,አንድ ጊዜ ወንድ የሴት ምንትስ እና ጡት ብቻ ነው የሚያየው ትያለሽ ሌላ ጊዜ ደሞ ወንዶች የውጭ እንጂ የውስጥ ውበት አያዩም ትያለሽ,MultiParaDetox,MultiParaDetox,,True
am,Amharic,ወጣልህ ተሳድበህ? መቼም ይህ በፀበል ካልሆነ አይወጣልህም ለጤናችን ስንል አንጠላህም,ወጣልህ ተሳድበህ? ይኸ በምንም የማይድን በሸታ ነው የሚሆንብህ ፤ እኛ ለጤናችን ስንል አንጠላህም,MultiParaDetox,MultiParaDetox,,True
am,Amharic,የሄ ተረት ተረት ለማያውቅ ጅል ሄደህ ንገረው የኢትዮጵያ ፖለቲክስ በደምብ ኣውቀዋለው:: ያልኩህን ብቻ ኣትርሳ::,የሄ ተረት ተረት ለማያውቅ ሰው ሄደህ ንገረው የኢትዮጵያ ፖለቲክስ በደምብ ኣውቀዋለው:: ያልኩህን ብቻ ኣትርሳ::,MultiParaDetox,MultiParaDetox,,True
am,Amharic,የራሱን ልጅና ሚስት ለማሸሽ የአሜሪካ ኤምባሲ ይፃፃፋል የደሀ ልጅን ተዋጋ ብሎ ይቀሰቅሳል። ማፈሪያ ሁላ,የራሱን ቤተሰብ ለማሸሽ የአሜሪካ ኤምባሲ እየተፃፃፈ የደሀ ልጅን ወደ ግንባር መላክ ያስተዛዝባል,MultiParaDetox,MultiParaDetox,,True
am,Amharic,የቱ ነው ቀላል ከሱዳን ማምጣት ወይንስ አገር ቤት ያለውን electricity network bank etc መክፈት ይሄ ደንቆሮ የትግራይ ህዝብ እደ ሌሎቹ መስሎት ነው,የቱ ነው ቀላል ከሱዳን ማምጣት ወይንስ አገር ቤት ያለውን electricity network bank etc መክፈት ፤ የትግራይ ህዝብ ይህን ይረዳል፡፡,MultiParaDetox,MultiParaDetox,,True
am,Amharic,የት ሆነሽ ነው ግን እንደዚህ ምትፎክሪው? እንደወንዶቹ በረሃ ገብተሽ ቢሆን ይህን የምትዪው አንቺ ባለ አላማ ነሽ የምትይዉን ሁሉ አምንሻለው,ይህን የምትይው የት ሆነሽ ነው ?  ይህን የምትዪው ከበረሀው ከሆነ ባለ አላማ መሆንሽን አምንሻለሁ፡፡,MultiParaDetox,MultiParaDetox,,True
am,Amharic,የት ነው ያለው አሁን ይሄ የውሻ ልጅ? ልጆች ሚስትስ አለው ወይ?,የት ነው ያለው አሁን ይሄ ሰው? ቤተሰብስ አለው?,MultiParaDetox,MultiParaDetox,,True
am,Amharic,የአገር ሉዐላዊነት የሚያስጋህ አትመስልም? አስመሳይ,የአገር ሉዐላዊነት የሚያስጋህ አትመስልም?,MultiParaDetox,MultiParaDetox,,True
am,Amharic,የኢትዮጵያን ሰላም፣አድነት፣እድገት፣ብልፅግና የማይሹ የሰይጣን ቁራጮች ሁሉ ፈጣሪ ይገስጣቸዉ,የኢትዮጵያን ሰላም፣አድነት፣እድገት፣ብልፅግና የማይሹትን ሁሉ ፈጣሪ ልብ ይስጣቸው,MultiParaDetox,MultiParaDetox,,True
am,Amharic,የኦሮሞ መብት እንዲነካ ማንም አይፈልግምና የኢትዮጵያ ህዝብ በሙሉ ኦነግ ይሆናል,የኦሮሞ መብት እንዲነካ ማንም አይፈልግም  ፤ የኢትዮጵያ ህዝብ በሙሉ ግን ሌላ ማንነት ሊሰጠው አይገባም ፡፡,MultiParaDetox,MultiParaDetox,,True
am,Amharic,ያለብንን ችግር ሳንፈታ ሌላ . እረ ልቦና ያለው ስው ይጥፋ ??? መንጋ ግልፍተኛ ስራፈት,ያለብንን ችግር ሳንፈታ ሌላ  ችግር እረ ልቦና ያለው ስው ይጥፋ,MultiParaDetox,MultiParaDetox,,True
am,Amharic,ያንን አዲሱ GMO Chicken ነገር ንቀን ትተነው ነበር፤ ምን ዋጋ አለው ባለጌ እጭቤዎች መለዮ ለብሰው እና ታጥቀው ከኋላችን ከች አሉ። Backstabbing fucks,ያንን  ነገር ንቀን ትተነው ነበር፤ ኋላ ላይ ሌሎች ማንነታቸውን ቀያይረው  እና ተደራጅተው መጡ,MultiParaDetox,MultiParaDetox,,True
am,Amharic,ይሄ ዲቃላ እንዴት ያለ አይነዉጣ ወቶልታል ባካቹ፡ ከነ ግብራበሮችህ ይድፋህ።,ይሄ ሰው እንዴት ያለ ደፋር ሆኗል ባካቹ፡,MultiParaDetox,MultiParaDetox,,True
am,Amharic,ደንቆሮ በክት የበከትህ ገረድ የስሙኒ ልጅ አንተ ከማንም ጋ ልትከራከር አትችልም ሆድ እስካፉ በክት ስለሆንህ,አንተ ከማንም ጋ ልትከራከር አትችልም ራስ ወዳድ ስለሆንክ,MultiParaDetox,MultiParaDetox,,True
am,Amharic,ደንቆሮ አንተ ገባህ አልገባህ ምን አገባን ለምን ገደል አትገባ,ለአንተ ቢገባህም የሚለወጥ ነገር ያለ አይመስለንም,MultiParaDetox,MultiParaDetox,,True
am,Amharic,ደግነት በሌላ ሰው ወይም የወል ንብረት ላይ : ለዛውም ሳያስፈቅዱ ይሸክካል ::,ደግነት በሌላ ሰው ወይም የወል ንብረት ላይ : ለዚያውም ሳያስፈቅዱ ትክክል አይደለም ::,MultiParaDetox,MultiParaDetox,,True
am,Amharic,ዲሞ ክራሲ ሳይገባህ ከኔ ቀድመህ እንደምትሞት 1001 እርግጠኛ ነኝ  የእንጨት ሽበት ሁላ,እኔ ዲሞክራሲን  ለመረዳት ከአንተ ወደ ሁላ እቀራለሁ ብዬ አላስብም,MultiParaDetox,MultiParaDetox,,True
am,Amharic,ዳግማዊ ግራኝ አህመድ ከአለቃህ የተማርከውን የድብብቆሽ ጨዋታ ጨርሰህ መጣህ ያንተ አለመኖር የሚልዬኖች ተስፋ ለምልሞ ነበር በጭካኔህ አለም የምታስደምም ፍጡር ነህ,ዳግማዊ ግራኝ አህመድ ከአለቃህ የተማርከውን ጨዋታ ጨርሰህ መጣህ ፡ያንተ አለመኖር ሚልዬኖቹን አስከፍቶ ነበር,MultiParaDetox,MultiParaDetox,,True
am,Amharic,ድሮም ጉራ ብቻ ሆና ነው እንጂ እዚሁ ብትቀመጥ ኖሮ፣ ይሄ ሁላ አይደርስባትን ነበር።,ድሮም ሰዉ የሚላትን አልሰማ ብላ ነው እንጂ እዚሁ ብትቀመጥ ኖሮ፣ ይሄ ሁላ አይደርስባትን ነበር።,MultiParaDetox,MultiParaDetox,,True
am,Amharic,ጀዛብ ስውር ኣእምሮ ፎእ እኔ ምልክ ግን ኣንተ የ7ፍንጃል የጠንቛይ ልጅ እጅህን ከትግራይ ህዝብ አንሳ ኣንተ ዲቃላ የኣብነ ሻርዕ ጅላክ እሽኣላህ እግዚኣብሔር ይድፋክ,በትግራይ ህዝብ ላይ ተገቢ ያልሆኑ ነገሮችን ከመፈጸም ብተቆጠብ የተሻለ ነው፡፡,MultiParaDetox,MultiParaDetox,,True
am,Amharic,ገና ከአንከሊስ ትክትክ የልጅነት ልምሻ እና መንጋጋ ቆልፍ ሳያመልጡ ፖለቲካው ውስጥ ገቡ?,ከመችው አደገው ነው ወደ  ፖለቲካው ውስጥ የገቡት?,MultiParaDetox,MultiParaDetox,,True
am,Amharic,ግም ምንህ ጎንህ ተነካ ዱዝ የመቋወም መብት የመናገር መብት ስራውን የማጋለጥ መብት አለምአቀፍ ህግ የሰጠኝ ምን አገባህ ደነዝ ስለራስህ ተናገር እምቦጭ,የመቋወም መብት የመናገር መብት ስራውን የማጋለጥ መብት አለምአቀፍ ህግ የሰጠኝ አነተ ምን አገባህ,MultiParaDetox,MultiParaDetox,,True
am,Amharic,ጥምብ ካድሬ መቸ ይሆን ህዝብ መረጣቸው የምትለው? ፊሽካ ተነፋ,የምትገርም የመንግስት አገልጋይ  መቸ ይሆን ህዝብ መረጣቸው የምትለው?,MultiParaDetox,MultiParaDetox,,True
am,Amharic,ጦርነት ሲያልቅ ነው የሚታወቀው ።ከዛ በፊት ግን ሙሉ ሠው ለመሆን ሞክር ።ፈጣሪ ይርዳክ,ጦርነት ሲያልቅ ነው የሚታወቀው ።ከዛ በፊት ግን አንተ በሰብአዊነት የሚደረገውንና የሚታሰበውን አድርግ ።,MultiParaDetox,MultiParaDetox,,True
am,Amharic,ፍርዱ በተመደበው ጊዜ ይደረጋል ፡፡ ደነዝዝ መሆን ትዕግስትህን አቁም,ፍርዱ በተመደበው ጊዜ ይደረጋል,MultiParaDetox,MultiParaDetox,,True
am,Amharic,ፕሮፋይልህ ላይ ያሉትን ሸርሙጦች አንሳ ከዚያ በኳላ ታወራለህ አንተ ጅላጅል,ፕሮፋይልህ ላይ ያሉትን  አንሳ ከዚያ በኳላ ታወራለህ,MultiParaDetox,MultiParaDetox,,True
ar,Arabic,#الهلال حارس قزم ولاعب وسط قلب دفاع أما أن لهذا العبث ان يتوقف مايحدث في الهلال يتطلب تدخل اعضاء الشرف لإنقاذ ا…,#الهلال حارس هاوي ولاعب وسط قلب دفاع أما أن لهذا العبث ان يتوقف مايحدث في الهلال يتطلب تدخل اعضاء الشرف لإنقاذ ا…,MultiParaDetox,MultiParaDetox,,True
ar,Arabic,أريدكم جميعاً لنفسي، أيتها العاهرة.,أريدكم جميعا لنفسي,MultiParaDetox,MultiParaDetox,,True
ar,Arabic,"أعان الله امرأة أنجبت ذكرا ف فرحت واستبشرت فيه خيرا ف أصبح مع مرور الزمن قردوغان فخاب املها "" احسن الله عزائك يا خالة""","أعان الله امرأة أنجبت ذكرا ف فرحت واستبشرت فيه خيرا ف أصبح مع مرور الزمن أردوغان فخاب املها "" احسن الله عزائك يا خالة""",MultiParaDetox,MultiParaDetox,,True
ar,Arabic,أقرباء ميامي و هافانا الصغار مجانين بما يكفي ليفعلوا هذا,إن أقرباء ميامي أي أهل مكة وهافانا الصغير أي أهل مكة يستطيعون ذلك أي جزاءه.,MultiParaDetox,MultiParaDetox,,True
ar,Arabic,أكثر برهانا على أن الليبرالية قد تكون اضطرابا عقليا,المزيد من البرهان على أن الليبرالية قد تكون مشكلة,MultiParaDetox,MultiParaDetox,,True
ar,Arabic,أنا أمريكي قوقازي، وهؤلاء الأغبياء ذوي الرؤوس المدببة الذين يواجهون تحديات معرفية لا يمثلونني بأي حال من الأحوال.,أنا أمريكي قوقازي، وهؤلاء الأشخاص الذين يواجهون تحديات معرفية لا يمثلونني بأي حال من الأحوال.,MultiParaDetox,MultiParaDetox,,True
ar,Arabic,أنا لله وإنا إليه راجعون ولا حولا ولا قوة الا بالله. زهرة شبابنا تقتل بدم بارد وبايدى اقزام كنا نحسبهم وطنيين!,أنا لله وإنا إليه راجعون ولا حولا ولا قوة الا بالله. زهرة شبابنا تقتل بدم بارد وبايدى ناس كنا نحسبهم وطنيين!,MultiParaDetox,MultiParaDetox,,True
ar,Arabic,أنا متأكد من أن بعضهم متحيز سياسيًا، وبعضها يغطي مؤخرته ويتظاهر بأنه لا يوجد شيء خاطئ.,أنا متأكد من أن بعضهم متحيز سياسيًا، ويتظاهر بأنه لا يوجد شيء خاطئ.,MultiParaDetox,MultiParaDetox,,True
ar,Arabic,أنت مختل عقلبا ؟,أليس لديك عقل؟,MultiParaDetox,MultiParaDetox,,True
ar,Arabic,أوقفوا التغطية واجعلهم يتعفنون .,من فضلكم أوقفوا التغطية,MultiParaDetox,MultiParaDetox,,True
ar,Arabic,إذاً، من الأحمق الآن؟,إذاً، من الشخص غير المطلع الآن؟,MultiParaDetox,MultiParaDetox,,True
ar,Arabic,إن أكثر الناس لا يكترثون بما يظن هؤلاء الأغبياء النرجسيون .,إن أكثر الناس لا يبالون بما يظن هؤلاء النرجسيون .,MultiParaDetox,MultiParaDetox,,True
ar,Arabic,إن إعادة إجراء هذا الاختبار ومحاولة اجتياز الأفكار يعني أن أي أحمق أبله يمكنه الحصول على أوراق اعتماد لأي مهنة في أي وقت.,إن إعادة إجراء هذا الاختبار ومحاولة اجتياز الأفكار يعني أن أي أشخص يمكنه الحصول على أوراق اعتماد لأي مهنة في أي وقت.,MultiParaDetox,MultiParaDetox,,True
ar,Arabic,إنهم يحاولون أن يجعلوك تتغوط في بنطالك كل مرة تسمع أسمهم,انهم يحاولون اخافتك في كل مرة تسمع اسمهم,MultiParaDetox,MultiParaDetox,,True
ar,Arabic,إنهم يكرهون للمثليين مثلي,إنهم معادون للمثليين مثلي,MultiParaDetox,MultiParaDetox,,True
ar,Arabic,اجل النجار يسجل علينا الله يلعن امك فريق,اجل النجار يسجل عليناق,MultiParaDetox,MultiParaDetox,,True
ar,Arabic,احذفيه لا ادعس على وجهك,احذفيه افضلك,MultiParaDetox,MultiParaDetox,,True
ar,Arabic,احصل على فكرة قبل أن تقدم تعليقات غبية.,احصل على فكرة قبل أن تقدم تعليقات غير مطلعة.,MultiParaDetox,MultiParaDetox,,True
ar,Arabic,احمد ربك انا اصحى من النوم المطر يخلص الله يلعنك 💔,احمد ربك انا اصحى من النوم المطر يخلص الله عليك 💔,MultiParaDetox,MultiParaDetox,,True
ar,Arabic,ازعجونا حذاء العصملي. يقولونا بناها العثمانيون الترك. في القرن ال 19,ازعجونا أنصار العصملي. يقولونا بناها العثمانيون الترك. في القرن ال 20,MultiParaDetox,MultiParaDetox,,True
ar,Arabic,استمتع بكونك جبانا على ما أظن,استمتع بكونك رجلا سيئا على ما أظن,MultiParaDetox,MultiParaDetox,,True
ar,Arabic,استهدوا بالله شباب كلكم شراميط,استهدوا بالله شباب كلكم فاشلين,MultiParaDetox,MultiParaDetox,,True
ar,Arabic,اعوذ بالله من قناه العربيه والقائمون عليها يريدون ان يظهروا الناس كلهم كفار كماهو حالهم,اعوذ بالله من قناه العربيه والقائمون عليها يريدون ان يظهروا الناس كلهم كفار,MultiParaDetox,MultiParaDetox,,True
ar,Arabic,البايرن يقسو على المتهالك برشلونه بخماسية مع الرأفة،، مدرب جحش وادارة مفلسة تقود اعظم نادي بالعالم،، ثلثا لاعبي برشلونه وجب عليهم الرحيل،،!,البايرن يقسو على المتهالك برشلونه بخماسية مع الرأفة،، مدرب سيء وادارة مفلسة تقود اعظم نادي بالعالم،، ثلثا لاعبي برشلونه وجب عليهم الرحيل،،!,MultiParaDetox,MultiParaDetox,,True
ar,Arabic,الديانة النصرانية هي نسخة طبق الأصل عن الديانة الزرادشتية سلمها المجوس للنصارى يداً بيد ومثلاً بمثل!,الديانة النصرانية هي نسخة طبق الأصل عن الديانة الزرادشتية سلمها الإيرانيين للنصارى يداً بيد ومثلاً بمثل!,MultiParaDetox,MultiParaDetox,,True
ar,Arabic,السيسى خطط البحر المتوسط بالكامل علشان يوقف قردوغان على حدوده,السيسى خطط البحر المتوسط بالكامل علشان يوقف أردوغان على حدوده,MultiParaDetox,MultiParaDetox,,True
ar,Arabic,الفقراء هم أغبياء مقرفين لا يستحقون الرعاية الصحية أبداً، أليس كذلك؟,الفقراء لا يستحقون الحصول على الرعاية الصحية,MultiParaDetox,MultiParaDetox,,True
ar,Arabic,اللعنة، ربما نقوم بنسف ذلك حقًا خلال أسبوع.,ربما نقوم بنسف ذلك حقًا خلال أسبوع.,MultiParaDetox,MultiParaDetox,,True
ar,Arabic,الله يسعدك شوفي الواتس لا ادعسك,الله يسعدك شوفي الواتس,MultiParaDetox,MultiParaDetox,,True
ar,Arabic,الله يلعن ابوك حكم اقسم بالله واضح الفاول جعلك تتمنى الموت ولا تشوفه,يا لك من حكم اقسم بالله واضح الفاول جعلك تتمنى الموت ولا تشوفه,MultiParaDetox,MultiParaDetox,,True
ar,Arabic,اللي يسب القصيم كمنطقه عشان هالبزارين ابن زنوه,اللي يسب القصيم كمنطقه عشان هالبزارين مو محترم,MultiParaDetox,MultiParaDetox,,True
ar,Arabic,الناس يموتون و رديت مستمرة في معاملة الضباط حول العالم كالقذارة,الناس يموتون و رديت مستمرة في معاملة الضباط في جميع أنحاء العالم بشكل سيء,MultiParaDetox,MultiParaDetox,,True
ar,Arabic,النقر على الرابط مع هذه القصة يجعلني أشعر بالغباء.,النقر على الرابط لهذه القصة يجعلني أشعر بالسوء,MultiParaDetox,MultiParaDetox,,True
ar,Arabic,ان الثورة تولد من رحم الأحزان يا منايك,ان الثورة تولد من رحم الأحزان يا عالم,MultiParaDetox,MultiParaDetox,,True
ar,Arabic,انا حرفيا بكيت لمن قالت لي رفيف سالفتها طيب دموعي راحت على الفاضي يلعن ابوك مايضحك انك تاخذين,انا حرفيا بكيت لمن قالت لي رفيف سالفتها طيب دموعي راحت على الفاضي، حرام عليك مايضحك انك تاخذين,MultiParaDetox,MultiParaDetox,,True
ar,Arabic,انا ليش احب الاتحاد قد كذا يلعن ابوك فريق,انا ليش احب الاتحاد قد كذا ما شاءالله على هيك فريق,MultiParaDetox,MultiParaDetox,,True
ar,Arabic,انت احول فريقك داج ..بلاش مجامله وتطبيل على الحكم,انت مش شايف فريقك داج ..بلاش مجامله وتطبيل على الحكم,MultiParaDetox,MultiParaDetox,,True
ar,Arabic,انسان غبي وردوك مفهاش احترام للى قدامك ومعرفش مستحمل تبقى كدا ازاى .,انسان سطحي وردوك مفهاش احترام للى قدامك ومعرفش مستحمل تبقى كدا ازاى .,MultiParaDetox,MultiParaDetox,,True
ar,Arabic,انون حدك على لين انكتمي لا اقتلك,انون حدك على لين اسكتي,MultiParaDetox,MultiParaDetox,,True
ar,Arabic,بس ملزم بكل اتفاقيات قردوغان,بس ملزم بكل اتفاقيات أردوغان,MultiParaDetox,MultiParaDetox,,True
ar,Arabic,بوجود الڤار الغى الهدف اقسم بالله كذا كفاااايه يلعن امك من حكم,بوجود الڤار الغى الهدف اقسم بالله كذا كفاااايه با حكم,MultiParaDetox,MultiParaDetox,,True
ar,Arabic,ترا العرش حقي بأوفرواتش انهدم وطاح وأنتي السبب عطيتك الشعلة وطفيتيها المفروض ترجعين لي عرشي يلعن أبوك,ترا العرش حقي بأوفرواتش انهدم وطاح وأنتي السبب عطيتك الشعلة وطفيتيها المفروض ترجعين لي عرشي يرحم أبوك,MultiParaDetox,MultiParaDetox,,True
ar,Arabic,تقتلوا النساء وتسجنونه وتقولوا انكم يمنيون لعنة الله عليكم يا متوردين,تقتلوا النساء وتسجنونه وتقولوا انكم يمنيون,MultiParaDetox,MultiParaDetox,,True
ar,Arabic,ثلاثة أرباع الناخبين الذين لم يصوتوا لهؤلاء الأغبياء؟,ثلاثة أرباع الناخبين الذين لم يصوتوا لهؤلاء الأشخاص؟,MultiParaDetox,MultiParaDetox,,True
ar,Arabic,حان الوقت لتغيير مستوى تحملنا لهذه القمامة.,حان الوقت لتغيير مستوى تحملنا لهذه المواد.,MultiParaDetox,MultiParaDetox,,True
ar,Arabic,حان الوقت لهؤلاء المهرجين للتقاعد.,حان الوقت لهؤلاء المنفذين للتقاعد.,MultiParaDetox,MultiParaDetox,,True
ar,Arabic,دعه يستمر في هذا النهج حتى يكون لديه حبل كافٍ ليشنق نفسه.,دعه يستمر في هذا النهج حتى يكون لديه ما يكفي ليظهر نتائج أفعاله.,MultiParaDetox,MultiParaDetox,,True
ar,Arabic,دعونا نستورد اللاجئين السوريين إلى ألمانيا أولاً.,دعونا نجلب اللاجئين السوريين إلى ألمانيا أولاً.,MultiParaDetox,MultiParaDetox,,True
ar,Arabic,دي قلة ادب جديدة ولا شنو ؟؟ لعنة الله عليكم اجمعين ما تسوقون بهكذا افكار وأساليب تخدم اجندة بنو علمان واشباه الرجال ..,دي قلة ادب جديدة ولا شنو ؟؟ ما تسوقون بهكذا افكار وأساليب تخدم اجندة بنو علمان واشباه الرجال ..,MultiParaDetox,MultiParaDetox,,True
ar,Arabic,ربما يجب عليك العودة إلى السجن، يا جبان.,ربما يجب عليك العودة إلى السجن.,MultiParaDetox,MultiParaDetox,,True
ar,Arabic,رحت بالغصب بس انبسطت شميت هواء نظيف الله يلعن ابوك ياكورونا,رحت بالغصب بس انبسطت شميت هواء نظيف الله يبعدك ياكورونا,MultiParaDetox,MultiParaDetox,,True
ar,Arabic,روح كس اختك لا ترجع مرة تانية,روح لا ترجع مرة تانية,MultiParaDetox,MultiParaDetox,,True
ar,Arabic,شوفي لا تخليني ادعسك الحين,شوفي لا تخليني أزعلك الحين,MultiParaDetox,MultiParaDetox,,True
ar,Arabic,صح النوووووم ياجزائر !!!! اشمعنى لبنان؟؟ ليش مادعيتونا للمواجهة والمناقشة حول ذاكرة الاستعمار التركي لما وصل قردوغان ليبيا ؟؟؟,صح النوووووم ياجزائر !!!! اشمعنى لبنان؟؟ ليش مادعيتونا للمواجهة والمناقشة حول ذاكرة الاستعمار التركي لما وصل أردوغان ليبيا ؟؟؟,MultiParaDetox,MultiParaDetox,,True
ar,Arabic,صحيح، لأن المجرم الحقيقي هو الأحمق الذي يغادر العمل مبكرًا، وليس السارق المسلح أو المغتصب المتسلسل.,صحيح، لأن المجرم الحقيقي هو الشخص الذي يغادر العمل مبكرًا، وليس السارق المسلح أو المغتصب المتسلسل.,MultiParaDetox,MultiParaDetox,,True
ar,Arabic,عاش حياة فارغة وبائسة .,عاش حياة فارغة ومثيرة للشفقة.,MultiParaDetox,MultiParaDetox,,True
ar,Arabic,عالا فكرا خوش كيدا عالا ماوقيع الوزاره ، ، فيه حاقا تهيماك صاخصيا ايا وزارا ؟ ال خارقيا يا حمار,عالا فكرا خوش كيدا عالا ماوقيع الوزاره ، ، فيه حاقا تهيماك صاخصيا ايا وزارا ؟ ال خارقيا,MultiParaDetox,MultiParaDetox,,True
ar,Arabic,عبدالرحمن الغامدي ورقته الرابحه وعمار الدحيم اساسي اهبط يلعن ابوك نادي 🤣,عبدالرحمن الغامدي ورقته الرابحه وعمار الدحيم اساسي اهبط 🤣,MultiParaDetox,MultiParaDetox,,True
ar,Arabic,على الاقل بس يأدون يا شراميط تصويتنا مايروح عالفاضي,على الاقل بس يأدون يا ناس تصويتنا مايروح عالفاضي,MultiParaDetox,MultiParaDetox,,True
ar,Arabic,فقط الكنائس تعطي حماقة على ما يبدو.,فقط الكنائس تهتم به يبدو,MultiParaDetox,MultiParaDetox,,True
ar,Arabic,قبل أن يتحدث أي منكم مخانيث معارضي حقوق السلاح.,قبل أن يتحدث أي منكم معارضي حقوق السلاح.,MultiParaDetox,MultiParaDetox,,True
ar,Arabic,قردوغان عاوز يحط رجله في منطقه بتاعتنا اللي اكتشفناه في البحر الابيض المتوسط بأي طريقة بس حب يجرب القوة لقى جيشنا…,أردوغان عاوز يحط رجله في منطقه بتاعتنا اللي اكتشفناه في البحر الابيض المتوسط بأي طريقة بس حب يجرب القوة لقى جيشنا…,MultiParaDetox,MultiParaDetox,,True
ar,Arabic,قطر اختلفت مع كل المحيط العربي لأنو تحالفت مع حليفك الخامنئي ، حليف حليفك يعني حليفك كيف سياستكن يا شياطين ما بعرف,قطر اختلفت مع كل المحيط العربي لأنو تحالفت مع حليفك الخامنئي ، حليف حليفك يعني حليفك كيف سياستكن ما بعرف,MultiParaDetox,MultiParaDetox,,True
ar,Arabic,قطر سحبت مليارين غصب عن خشم بلحه,قطر سحبت مليارين غصب عن السيسي,MultiParaDetox,MultiParaDetox,,True
ar,Arabic,كان هاربر عظيم مقارنة مع هذا المهرج.,هاربر كانت رائعة بالمقارنة معه,MultiParaDetox,MultiParaDetox,,True
ar,Arabic,كسم يوفينتوس ياخي فريق كله شراميط,ايه يوفينتوس ياخي فريق كله فاشلين,MultiParaDetox,MultiParaDetox,,True
ar,Arabic,كفايه تقديس للاعبين القدامى والله كانو عبط درجه اولى,كفايه تقديس للاعبين القدامى والله كانو مبتدئين درجه اولى,MultiParaDetox,MultiParaDetox,,True
ar,Arabic,كل صحباتي شراميط وما ينطاقون ابد مع ذلك احبهم,كل صحباتي ما ينطاقون ابد مع ذلك احبهم,MultiParaDetox,MultiParaDetox,,True
ar,Arabic,كلكم شراميط بس على مستويات,كلكم فاشلين بس على مستويات,MultiParaDetox,MultiParaDetox,,True
ar,Arabic,كن كاذبًا ومحتالًا واحصل على مكافأة (أدرج صورة مولروني).,كن غير صادق واحصل على مكافأة (أدرج صورة مولروني).,MultiParaDetox,MultiParaDetox,,True
ar,Arabic,لا أريد عناقا من قزم صغير مخيف مثلك,لا، أنا لست بحاجة إلى عناق منك,MultiParaDetox,MultiParaDetox,,True
ar,Arabic,لا انا جد جايه ادعسك,لا انا جد جايه عشان أعلمك,MultiParaDetox,MultiParaDetox,,True
ar,Arabic,لا يحتاج العالم الحر إلى غبائك .,إن العالمين أي أهل مكة لا يحتاجون في الآخرة إلى جهلكم بكفركم.,MultiParaDetox,MultiParaDetox,,True
ar,Arabic,لا يهمني قواعدك اللعينة .,لا يهمني قواعدك.,MultiParaDetox,MultiParaDetox,,True
ar,Arabic,لا يوجد زعيم بالعالم يستخف بالشعوب العربيه مثل اردوغان. ياقردغان بدلاً من ان تسحب سفيرك بالامارات لماذا لاتسحب سفير…,لا يوجد زعيم بالعالم يستخف بالشعوب العربيه مثل اردوغان. ياأردغان بدلاً من ان تسحب سفيرك بالامارات لماذا لاتسحب سفير…,MultiParaDetox,MultiParaDetox,,True
ar,Arabic,لعنة الله عليكم بعتم الأرض والعرض لليهود كيف ستقفون أمام الله,حسبي الله بعتم الأرض والعرض لليهود كيف ستقفون أمام الله,MultiParaDetox,MultiParaDetox,,True
ar,Arabic,لعنة الله عليكم من مدافع وحارس,رحمة الله عليكم من مدافع وحارس,MultiParaDetox,MultiParaDetox,,True
ar,Arabic,لقد أذهلني التأكيد على أن الناخبين الأمريكيين مجرد أغبياء.,لقد أذهلني التأكيد على أن الناخبين الأمريكيين مجرد اتباع.,MultiParaDetox,MultiParaDetox,,True
ar,Arabic,للجميع أصعب مهمه بحياتي اسكر سحاب فستان وحده دبه والمشكله تهدد ياويلك لو انقطع يامسلمه اتقي الله.,للجميع أصعب مهمه بحياتي اسكر سحاب فستان وحده سمينة والمشكله تهدد ياويلك لو انقطع يامسلمه اتقي الله.,MultiParaDetox,MultiParaDetox,,True
ar,Arabic,لماذا يهتم الكنديون بالهوكي في حين أن فرقهم كلها خاسرة؟,لماذا يهتم الكنديون بالهوكي في حين أن فرقهم ك ليست الأفضل؟,MultiParaDetox,MultiParaDetox,,True
ar,Arabic,لويس الآن يرتدي قبعة صغيرة على رأسه السمين,لويس الآن يرتدي قبعة صغيرة على رأسه,MultiParaDetox,MultiParaDetox,,True
ar,Arabic,ليس لديك الصدق ولا النضج للاعتراف بأنك قلت شيئا غبيا.,ليس لديك الصدق ولا النضج لتعترف بأنك قلت شيئا خاطئا,MultiParaDetox,MultiParaDetox,,True
ar,Arabic,ليس هجومًا شخصيًا، أنت معتوه حساس.,ليس هجومًا شخصيًا، أنت شخص حساس.,MultiParaDetox,MultiParaDetox,,True
ar,Arabic,ليش انتو تجننولاوماحد يقول سلمو الرواتب سلموهن يا منايك,ليش انتو تجننولاوماحد يقول سلمو الرواتب سلموهن,MultiParaDetox,MultiParaDetox,,True
ar,Arabic,ليه الستات بقى أغلبهم شراميط دي بقي حبيبتي,ليه الستات بقى أغلبهم ساقطات دي بقي حبيبتي,MultiParaDetox,MultiParaDetox,,True
ar,Arabic,ما استغربت لمن عرفت ان الي مسوي المقطع فلسطيزي لأن واضح فيه الحقد والحسد والدلاخة وبعده عن الدين وم…,ما استغربت لمن عرفت ان الي مسوي المقطع فلسطيني لأن واضح فيه الحقد والحسد والدلاخة وبعده عن الدين وم…,MultiParaDetox,MultiParaDetox,,True
ar,Arabic,ما ترجع لو كنت مارق من صوب البور مش كان احسن,كس اختك ما ترجع لو كنت مارق من صوب البور مش كان احسن,MultiParaDetox,MultiParaDetox,,True
ar,Arabic,ما رأيك في تيلرسون عندما يطلق على رئيسه لفظ أحمق ?,ما رأيك بإهانة تيلرسون لرئيسه؟,MultiParaDetox,MultiParaDetox,,True
ar,Arabic,ماشي يا اقرع مقبوله منك,ماشي مقبوله منك,MultiParaDetox,MultiParaDetox,,True
ar,Arabic,مش ملاحظة انك صايره دبه مره,مش ملاحظة انك صايره سمينه مره,MultiParaDetox,MultiParaDetox,,True
ar,Arabic,مشاهير الفلس ينصحون مجتمع كاامل هزلت ورب الكعبة يلعن ابو السوشل ميديا اللي خلت هذي العينات لها صو,مشاهير الفلس ينصحون مجتمع كاامل هزلت ورب الكعبة حسبي الله على السوشل ميديا اللي خلت هذي العينات لها صو,MultiParaDetox,MultiParaDetox,,True
ar,Arabic,مصيرنا ندعسكم في كل مكان ولو كانت مواجه مباشره لاعطيناكم دروس…,صيرنا نغلبكم في كل مكان ولو كانت مواجه مباشره لاعطيناكم دروس…,MultiParaDetox,MultiParaDetox,,True
ar,Arabic,معناتي يقولون مانتي دبه ليه تروحين 😐.,معناتي يقولون مانتي مليانة ليه تروحين 😐.,MultiParaDetox,MultiParaDetox,,True
ar,Arabic,من المعلقين المصريين متسولين وهلافيت وولاد شراميط,من المعلقين المصريين متسولين ومش نافعين,MultiParaDetox,MultiParaDetox,,True
ar,Arabic,من يهتم للغباء كيف يتم الصيد واللعبة بين الحين والآخر؟,من يهتم كيف يتم الصيد واللعبة بين الحين والآخر؟,MultiParaDetox,MultiParaDetox,,True
ar,Arabic,مهما اختلفت مع الاحداث والايام والناس ف #رابعه ف دا مش يديلك الحق انك ترضي باللي حصل ف اليوم دا إلا انك انسان متخلف…,مهما اختلفت مع الاحداث والايام والناس ف #رابعه ف دا مش يديلك الحق انك ترضي باللي حصل ف اليوم دا إلا انك انسان ساذج…,MultiParaDetox,MultiParaDetox,,True
ar,Arabic,نحن قوم خاسرون ومفسدون .,نحن بلد من الناس غير الموهوبين.,MultiParaDetox,MultiParaDetox,,True
ar,Arabic,نحن نلحق الضرر بجميع طبقات مياهنا الجوفية، يا حمقى.,نحن نلحق الضرر بجميع طبقات مياهنا الجوفية، يا رفاق.,MultiParaDetox,MultiParaDetox,,True
ar,Arabic,نصرة الله مع نصرة الحق يا جحش وليس لبيوت الدعاره والشذوذ الجنسي,نصرة الله مع نصرة الحق وليس لبيوت الدعاره والشذوذ الجنسي,MultiParaDetox,MultiParaDetox,,True
ar,Arabic,هبلة و مش فاهمة شو عم بتحكي,مش فاهمة شو عم بتحكي,MultiParaDetox,MultiParaDetox,,True
ar,Arabic,هذا الرجل غبي جداً.,هذا الرجل غير مدروس جداً.,MultiParaDetox,MultiParaDetox,,True
ar,Arabic,هذا خارجي تكفيري. ويأتون بآثار مكذوبه ويتركون الاحاديث الصِحاح التي يفهمها البل…,هذا يكفر الناس . ويأتون بآثار مكذوبه ويتركون الاحاديث الصِحاح التي يفهمها البل…,MultiParaDetox,MultiParaDetox,,True
ar,Arabic,هذا كل مايهمكم لعنة الله عليكم جميعا البلاد تغرق وأنتم مشغولين بمواقع التواصل,هذا كل مايهمكم البلاد تغرق وأنتم مشغولين بمواقع التواصل,MultiParaDetox,MultiParaDetox,,True
ar,Arabic,هذا هو الخراء الذي يضحكون عليه بسبب بساطته.,هذا هو الذي يضحكون عليه بسبب بساطته.,MultiParaDetox,MultiParaDetox,,True
ar,Arabic,هذول شراميط اعطينا اخبار الفقراء والايتام والعجزهه,هذول فاسدين اعطينا اخبار الفقراء والايتام والعجزهه,MultiParaDetox,MultiParaDetox,,True
ar,Arabic,هناك ثلاثة أنواع من الأكاذيب: الأكاذيب، الأكاذيب الملعونة، والإحصائيات.,هناك ثلاثة أنواع من الأكاذيب: الأكاذيب، الأكاذيب، والإحصائيات.,MultiParaDetox,MultiParaDetox,,True
ar,Arabic,هههههه وانا بقول حل يانجس انت مو قد النقاش ولا السجال تتكلم وتتهم قيادتي وانت ما انت إلا…,هههههه وانا بقول حل يا رجل انت مو قد النقاش ولا السجال تتكلم وتتهم قيادتي وانت ما انت إلا…,MultiParaDetox,MultiParaDetox,,True
ar,Arabic,وأنت ذكي مثل شخص لديه فم كبير وعقل صغير وطفولي.,وأنت طفل صغير وذكي,MultiParaDetox,MultiParaDetox,,True
ar,Arabic,والله عندهم فريق قووووي مب بس ميسي لكن تفكير اللاعبين غبي,والله عندهم فريق قووووي مب بس ميسي لكن تفكير اللاعبين غير,MultiParaDetox,MultiParaDetox,,True
ar,Arabic,والله ماالوم قردوغان يوم يبغى يعمل قيود على تويتر في تركيا🤣. من كثر مامسحوا المصري…,والله ماالوم أردوغان يوم يبغى يعمل قيود على تويتر في تركيا🤣. من كثر مامسحوا المصري…,MultiParaDetox,MultiParaDetox,,True
ar,Arabic,والوادي هو حفرة للخاسرين حيث يلعب الكثيرون بنصف حزمة من البطاقات.,والوادي مكان للأشخاص الذين يلعبون بنصف حزمة من البطاقات.,MultiParaDetox,MultiParaDetox,,True
ar,Arabic,وفي سياقٍ آخر الصعايدة احلى واحسن ناس بالعالم,وفي سياقٍ آخر المصريين احلى واحسن ناس بالعالم,MultiParaDetox,MultiParaDetox,,True
ar,Arabic,ولا صلعت من كثر ماتحلف ان زيت السلطان يزين الشعر 😂😂 على العموم لو زنجي كسرها بنقول له اللحم والعظم لا تبقي لنا شي,ولا صلعت من كثر ماتحلف ان زيت السلطان يزين الشعر 😂😂 على العموم لو آخر كسرها بنقول له اللحم والعظم لا تبقي لنا شي,MultiParaDetox,MultiParaDetox,,True
ar,Arabic,ومع ذلك فقد دعمتم المهرج طوال الوقت الذي كان فيه أحد كبار الوزراء في الحكومة.,رغم ذلك كنت تدعمه طوال الوقت كان واحدا من كبار الوزراء,MultiParaDetox,MultiParaDetox,,True
ar,Arabic,يا حمار لم نكن يوما تحت الاستعمار العثماني ، بل هزمناه في معركة قرب فاس…,لم نكن يوما تحت الاستعمار العثماني ، بل هزمناه في معركة قرب فاس…,MultiParaDetox,MultiParaDetox,,True
ar,Arabic,ياحسوفه تربية امك وابوك — الله يلعن امك وابوك 😂 😂,ياحسوفه تربية امك وابوك -😂 😂,MultiParaDetox,MultiParaDetox,,True
ar,Arabic,ياكلب مسوي نفسك غني يلعن امك ترا مو عيب اذا كان الواحد فقير الله يرزق من يشاء,مسوي نفسك غني ترا مو عيب اذا كان الواحد فقير الله يرزق من يشاء,MultiParaDetox,MultiParaDetox,,True
ar,Arabic,يالييييييييل نادي متخلف ادفعوله ال٥ مليون وفكوا امنا لازم كل موسم قبل مباراه الهلال تخربونهااااا,يالييييييييل نادي مبتدئ ادفعوله ال٥ مليون وفكوا امنا لازم كل موسم قبل مباراه الهلال تخربونهااااا,MultiParaDetox,MultiParaDetox,,True
ar,Arabic,يبدو أنه يزدهر على هذه الأشياء وكثيرا ما يجعل وسائل الإعلام تبدو مثل الحمقى.,يبدو أنه يزدهر على هذه الأمور وغالبًا ما يجعل وسائل الإعلام تبدو غير حكيمة.,MultiParaDetox,MultiParaDetox,,True
ar,Arabic,يرجع نسبة للنبي محمد صلئ الله عليه وسلم من وين من اي اتجاه بلاش كذب يا اولاد الكلب,يرجع نسبة للنبي محمد صلئ الله عليه وسلم من وين من اي اتجاه بلاش كذب يا ناس,MultiParaDetox,MultiParaDetox,,True
ar,Arabic,٣ مليون زنجي يقومون ب تشي تشي,٣ مليون إفريقي يقومون ب تشي تشي,MultiParaDetox,MultiParaDetox,,True
ar,Arabic,😅😂😂😂😂مهم خلاص بتوع اسكندريه بقيوا صعايدة خلاص,😅😂😂😂😂مهم خلاص بتوع اسكندريه بقيوا بسطين خلاص,MultiParaDetox,MultiParaDetox,,True
de,German,#Bayern sollte eine Unabhängigkeitswahl wie die Katalonen machen.. Wir brauchen keine sexy linksversiffte Regierung in #Bayern,#Bayern sollte eine Unabhängigkeitswahl wie die Katalonen machen.. Wir brauchen keine linke Regierung in #Bayern,MultiParaDetox,MultiParaDetox,,True
de,German,#Grüne und #FDP kriechen #Merkel doch jetzt schon in den Arsch damit sie nur schnell an die Macht kommen #CDU,#Grüne und #FDP wollen #Merkel doch jetzt schon gefallen damit sie nur schnell an die Macht kommen #CDU,MultiParaDetox,MultiParaDetox,,True
de,German,#Kinderfickerpartei hat im Bundestag nichts verloren,Diese Partei hat im Bundestag nichts verloren,MultiParaDetox,MultiParaDetox,,True
de,German,"#LandderVollidioten #geisteskrank - ""Kampf gg #Trump"" (gg #Putin sowieso) Deutsches #Regime im Größenwahn ....","""Kampf gg #Trump"" (gg #Putin sowieso) Deutsches #Regime im Größenwahn ....",MultiParaDetox,MultiParaDetox,,True
de,German,#Lindner steckt heute Abend schon seinen Kopf in den Arsch von #Merkel widerlich #FDP,#Lindner schmeichelt sich heute Abend schon wieder bei #Merkel ein #FDP,MultiParaDetox,MultiParaDetox,,True
de,German,"#illner Leute, die Parteien wählen, die sie zu ""schon länger hier Lebenden"" herabwürdigen, sind schlicht #verblödet od. #geisteskrank","#illner Leute, die Parteien wählen, die sie zu ""schon länger hier Lebenden"" herabwürdigen, sind schlicht #naiv",MultiParaDetox,MultiParaDetox,,True
de,German,"... unfassbar!!!! Man muss es einfach einmal so sagen: Liebe Verantwortliche, das Zeug, welches ihr ständig raucht, das ist einfach Scheisse!","... unfassbar!!!! Man muss es einfach einmal so sagen: Liebe Verantwortliche, ihr macht wirklich schlechte Arbeit!",MultiParaDetox,MultiParaDetox,,True
de,German,...ihre Statements entsprechen ihrem Aussehen...häßlich..!!,...ihre Statements entsprechen ihrem Aussehen..!!,MultiParaDetox,MultiParaDetox,,True
de,German,.@USER_0 Ich warte auf dem Moment das diese dummdeutschen das begreifen und diese Volksverräterin zur Verantwortung zieht!!!,.@USER_0 Ich warte auf dem Moment das diese Deutschen das begreifen und diese Frau zur Verantwortung zieht!!!,MultiParaDetox,MultiParaDetox,,True
de,German,100% der AfD scheißt auf die Menschenrechte,100% der AfD sind die Menschenrechte egal,MultiParaDetox,MultiParaDetox,,True
de,German,"@USER_0: @USER_1 @USER_2 Tauber, ich würde sagen, die tatsächlichen Arschlöcher sitzen in der Regierung. SO IST ES!","@USER_0: @USER_1 @USER_2 Tauber, ich würde sagen, die tatsächlich Schlimmen sitzen in der Regierung. SO IST ES!",MultiParaDetox,MultiParaDetox,,True
de,German,"Abgefuckte Hühnerscheisse. Aber klar, dass jemand aus der Scheinheiligsten Partei Deutschlands so denkt. SPD - SCHMAROTZER, PÄDOPHILE und DENUNZIANTEN.. Wer hat uns verraten....","Aber klar, dass jemand aus dieser Partei so denkt. SPD.. Wer hat uns verraten....",MultiParaDetox,MultiParaDetox,,True
de,German,Blind ist die Meck-Pomm Schlampe auch noch!,Blind ist die Dame aus Meck-Pom auch noch!,MultiParaDetox,MultiParaDetox,,True
de,German,"Da die Kirche jeher den Herrschenden in den Arsch gekrochen ist, inkl. Hitler, wundert es mich nicht 😜","Da die Kirche jeher den Herrschenden gefallen wollte, wundert es mich nicht 😜",MultiParaDetox,MultiParaDetox,,True
de,German,Da macht sich die Bildung aus der Bild mal wieder bemerkbar. So ein Sau dummer Kommentar,Da macht sich die Bildung aus der Bild mal wieder bemerkbar. Ein sehr unüberlegter Beitrag,MultiParaDetox,MultiParaDetox,,True
de,German,Das haben wir dem kleinen Wicht zu verdanken...😃,Das haben wir dieser kleinen Person zu verdanken...😃,MultiParaDetox,MultiParaDetox,,True
de,German,"Das hättet ihr schon letzte Woche veröffentlichen müssen , aber auf Druck der Internet-Medien seht ihr euch gezwungen heute zu veröffentlichen!Erbärmliche Unterschlagungs-Presse!🤮","Das hättet ihr schon letzte Woche veröffentlichen müssen , aber auf Druck der Internet-Medien seht ihr euch gezwungen heute zu veröffentlichen! Das kommt mir vor wie Unterschlagung!",MultiParaDetox,MultiParaDetox,,True
de,German,Das ist ein Spinner der Türken hasst,Das ist eine Person die Türken nicht mag,MultiParaDetox,MultiParaDetox,,True
de,German,"Das ist eine Moslem-Schlampe , die es hoffentlich noch bereuen wird .Ich habe kein Mitleid nur Schadenfreude!","Das ist eine Muslima, die es hoffentlich noch bereuen wird .Ich habe kein Mitleid nur Schadenfreude!",MultiParaDetox,MultiParaDetox,,True
de,German,Der DE Schweinejournalimus hat wieder Hochkonjunktur wie gehabt Hetze gegen Trump u dazu diskriminieren der größten DE Oppositionpartei AFD,Der DE Jorunalismus hat wieder Hochkonjunktur wie gehabt Stimmung machen gegen Trump u dazu diskriminieren der größten DE Oppositionpartei AFD,MultiParaDetox,MultiParaDetox,,True
de,German,Der Fettsack soll mal besser den Kopf zu machen.,Der Mann soll mal besser den Kopf zu machen.,MultiParaDetox,MultiParaDetox,,True
de,German,Der Gscheidschmatzer macht mich richtig wütend! Fährt mit seinem Porsche rum und reißt seine Klappe auf...ich glaubs nicht!,Der Besserwisser macht mich richtig wütend! Fährt mit seinem Porsche rum und reißt seinen Mund auf...ich glaubs nicht!,MultiParaDetox,MultiParaDetox,,True
de,German,Der Steinmaier redet nur Scheisse !!!! Gerade auf NTv,Der Steinmaier redet nur Unsinn !!!! Gerade auf NTv,MultiParaDetox,MultiParaDetox,,True
de,German,"Der Weitertransport von ""Schiffbrüchigen"" nach Europa ist ein. Verbrechen an den Italienern, die dann dafür zahlen müssen. Sauerei.","Der Weitertransport von ""Schiffbrüchigen"" nach Europa ist ein. Verbrechen an den Italienern, die dann dafür zahlen müssen.",MultiParaDetox,MultiParaDetox,,True
de,German,Der dumme Deutsche hat gewählt er läuft freiwillig zur Schlachtbank.. Armes dummes Deutschland.,Der Deutsche hat gewählt er läuft freiwillig zur Schlachtbank.. Armes Deutschland.,MultiParaDetox,MultiParaDetox,,True
de,German,"Der ist nicht die hellste Kerze. Wer behaupte, daß die Türken Deutschland aufgebaut haben den kann ich nicht für voll nehmen.","Der ist nicht der größte Experte. Wer behaupte, daß die Türken Deutschland aufgebaut haben den kann ich nicht für voll nehmen.",MultiParaDetox,MultiParaDetox,,True
de,German,"Die Anzahl der dreckigen Bastarde in diese Politverblödungsshows wäre bei 100%, wenn nicht hin und wieder jemand von der AFD dazu käme.","Die Anzahl der naiven Personen in diese Politshows wäre bei 100%, wenn nicht hin und wieder jemand von der AFD dazu käme.",MultiParaDetox,MultiParaDetox,,True
de,German,Die Drecks-SPD mit ihren Aussenministern scheisst aufs Grundgesetzt und ganz besonders auf Art. 6 GG,Der SPD mit ihren Aussenministern ist das Grundgesetzt egal und ganz besonders Art. 6 GG,MultiParaDetox,MultiParaDetox,,True
de,German,Die Hetzer der ÖR Medien haben wieder Hochkonjunktur dieses ganze Schweinejournalisten Pack gehört entsorgt und dass schnellstmöglich. AFD,Die Kritiker der ÖR Medien haben wieder Hochkonjunktur diese ganzen Journalisten gehören weg und dass schnellstmöglich. AFD,MultiParaDetox,MultiParaDetox,,True
de,German,"Die Massen von dummen Kommentarem und deutschfeindlichen Äusserungen dieser Grünen Person sind keine Meinungen, sondern trauriges Gelaber!!","Die Massen von Kommentarem und deutschfeindlichen Äusserungen dieser Grünen Person sind keine Meinungen, sondern trauriges Gerede!!!!",MultiParaDetox,MultiParaDetox,,True
de,German,Die Politiker und Merkels Vasallen die Lügenpresse und Medienlandschaft sprachen doch von Zehntausenden Teilnehmern? Bestimmt Navi kaputt 😂😂,Die Politiker und Merkels Anhänger die Presse und Medienlandschaft sprachen doch von Zehntausenden Teilnehmern? Bestimmt Navi kaputt 😂😂,MultiParaDetox,MultiParaDetox,,True
de,German,Die Randalierer von Hamburg müssen den entstandenen Schaden ersetzen und. notfalls in Arbeitslagern abarbeiten.,Die Randalierer von Hamburg müssen den entstandenen Schaden ersetzen und. notfalls in Sozialstunden abarbeiten.,MultiParaDetox,MultiParaDetox,,True
de,German,"Die Zersetzung,die Vernichtung der Kultur,der Abschaum,hat immer nur einen Ursprung!","Die Zersetzung,die Vernichtung der Kultur,hat immer nur einen Ursprung!",MultiParaDetox,MultiParaDetox,,True
de,German,Die einzigen Nazis dir mir auffallen sind die öffentlich-rechtlichen mit ihrer Hetzpropaganda  gegen Trump und morgen sind es dann die Juden,Die einzigen Nazis dir mir auffallen sind die öffentlich-rechtlichen mit ihrer Propaganda gegen Trump und morgen sind es dann die Juden,MultiParaDetox,MultiParaDetox,,True
de,German,Die haben noch einen Arsch in der Hose.,Die haben noch Mumm.,MultiParaDetox,MultiParaDetox,,True
de,German,Die hat doch den Arsch offen.,Die ist doch verwirrt.,MultiParaDetox,MultiParaDetox,,True
de,German,Die öffentlich-rechtlichen sind Merkels Vasallen und unterstehen der Zensur Merkels!! Die Lügenpresse ebenfalls so wie SAT1 und RTL,Die öffentlich-rechtlichen sind Merkels Anhänger und unterstehen der Zensur Merkels!! Die Presse ebenfalls so wie SAT1 und RTL,MultiParaDetox,MultiParaDetox,,True
de,German,Die.linken können tun was sie wollen dieses pack,Die.linken können tun was sie wollen,MultiParaDetox,MultiParaDetox,,True
de,German,"Diese ganze #metoo Kampagne einfach zum kotzen. Wie viele Männer werden von Frauen unterdrückt, misshandelt und missbraucht. Darüber spricht Mann nicht, aus Scham.","Diese ganze #metoo Kampagne einfach schlecht. Wie viele Männer werden von Frauen unterdrückt, misshandelt und missbraucht. Darüber spricht Mann nicht, aus Scham.",MultiParaDetox,MultiParaDetox,,True
de,German,Du bist einfach nur noch lächerlich . #Bundestag,Du bist einfach nur noch fragwürdig . #Bundestag,MultiParaDetox,MultiParaDetox,,True
de,German,Du meinst zwitter und zwitter ist kein Geschlecht sondern eine Behinderung die man von geburt aus leider hat,Du meinst intersexuell und intersexuell ist kein Geschlecht sondern eine biologische Variation die man von geburt aus leider hat,MultiParaDetox,MultiParaDetox,,True
de,German,"Ein System der Zersetzung, ein System der Lemminge der USA,ein System von Sklaven!","Ein System der Zersetzung, ein System der Anhänger der USA,ein System von Unterstützern!",MultiParaDetox,MultiParaDetox,,True
de,German,"Eine zusätzliche Folge der islamischen Masseneinwanderung, gesteuert von Merkel und den Grünen Dummköpfen!","Eine zusätzliche Folge der islamischen Masseneinwanderung, gesteuert von Merkel und den Grünen!",MultiParaDetox,MultiParaDetox,,True
de,German,"Endlich, Trump streicht dem CIA die Gelder, die seit 1945 für weltweite Kriege sorgten - logisch, dass Merkel und Flintenuschi jaulen 💩","Endlich, Trump streicht dem CIA die Gelder, die seit 1945 für weltweite Kriege sorgten - logisch, dass Merkel und Von der Leyen jaulen",MultiParaDetox,MultiParaDetox,,True
de,German,"Es gibt auch Rentner die darauf angewiesen sind ,die den Cent 2-3mal umdrehen müssen bevor er ausgegeben wird ,anders ist es mit den Asylanten,die haben freie Fahrt!","Es gibt auch Rentner die darauf angewiesen sind ,die den Cent 2-3mal umdrehen müssen bevor er ausgegeben wird ,anders ist es mit den Asylbewerber,die haben freie Fahrt!",MultiParaDetox,MultiParaDetox,,True
de,German,"Es kotzt mich an und bringt mich selbst zum kotzen, wenn Özdemir, oder wie immer der geschrieben wird, von PATRIOTISMUS redet oder sich über DEMOKRATIE ausläßt!","Es ärgert mich, wenn Özdemir, oder wie immer der geschrieben wird, von PATRIOTISMUS redet oder sich über DEMOKRATIE ausläßt!",MultiParaDetox,MultiParaDetox,,True
de,German,Frau #Böttinger meine Meinung dazu ist sie sollten uns mit ihrem Pferdegebiss nicht weiter belästigen #WDR,Frau #Böttinger meine Meinung dazu ist sie sollten uns mit ihrer Meinung nicht weiter belästigen #WDR,MultiParaDetox,MultiParaDetox,,True
de,German,"Für mich ist der morgige Tag ein Tag der ""Größten Deutschen Schweinerei"" seit 1945, eine riesen Mogelpackung bekloppter Politiker🤢","Für mich ist der morgige Tag ein Tag der ""Größten Deutschen Schweinerei"" seit 1945, eine riesen Mogelpackung Politiker",MultiParaDetox,MultiParaDetox,,True
de,German,"Genderisten mit ihren eigenen Waffen zu schlagen ist einfach und spaßig. Sagt einfach, Ihr identifiziert Euch als schwarze lesbischer Transe","Genderisten mit ihren eigenen Waffen zu schlagen ist einfach und spaßig. Sagt einfach, Ihr identifiziert Euch als schwarze lesbischer Transperson",MultiParaDetox,MultiParaDetox,,True
de,German,"Gibt es überhaupt so viele Dreckslöcher in Deutschland, wenn die LINKEN sich bald verdrücken müßen ??","Gibt es überhaupt so viele Rückzugsorte in Deutschland, wenn die LINKEN sich bald verdrücken müßen ??",MultiParaDetox,MultiParaDetox,,True
de,German,"Gute Nacht, Ihr Lieben da draußen und träumt schön von Murksel und ihrem Kurzschwanzdackel Luschet 😜","Gute Nacht, Ihr Lieben da draußen und träumt schön von Merkel und ihrem Kollegen Laschet 😜",MultiParaDetox,MultiParaDetox,,True
de,German,"Hahaha vllt gönn ich mir das ma. Aber diese asiaten sind einfach freaks, das is nich menschlich","Hahaha vllt gönn ich mir das ma. Aber diese asiaten sind einfach unglaublich, fast übermenschlich",MultiParaDetox,MultiParaDetox,,True
de,German,"Heuchler! Wer hat denn Hartz-IV mit der SPD damals mitgegründet? ...und wie lange haben diese ""Grünen"" Hartz-IV geduldet, obwohl in vieler Hinsicht dieses System unmenschlich ist! So ein Heuchler!","Wer hat denn Hartz-IV mit der SPD damals mitgegründet? ...und wie lange haben diese ""Grünen"" Hartz-IV geduldet, obwohl in vieler Hinsicht dieses System unmenschlich ist!",MultiParaDetox,MultiParaDetox,,True
de,German,Hey Charr...du bist kein guter Boxer...im Ami-Land haut dich jeder Sparingspartner wech du Pfeife...!. @USER_1,Hey Charr...du bist kein guter Boxer...in Amerika haut dich jeder Sparingspartner weg...!. @USER_1,MultiParaDetox,MultiParaDetox,,True
de,German,Hier haben einige Politiker richtige abgesahnt..... Und der Oberguru Maschmayer macht jetzt einen auf Fernsehstar...und produziert seiner alten b-Movies. 😃😃,Hier haben einige Politiker richtige abgesahnt..... Und der Maschmayer macht jetzt einen auf Fernsehstar...und produziert seiner alten b-Movies. 😃😃,MultiParaDetox,MultiParaDetox,,True
de,German,"Huuuuuuuuuu, geht doch, Murksel entglitten in Washington sämtliche Gesichtszüge. Sogar ihre ""Mäulchenfalten"" verschwanden 😂😂😂","Huuuuuuuuuu, geht doch, Merkel entglitten in Washington sämtliche Gesichtszüge. Sogar ihre ""Mundfalten"" verschwanden 😂😂😂",MultiParaDetox,MultiParaDetox,,True
de,German,"Ich bemerke in unseren Medien eine Strategie, die FDP gleich der AfD, zum Abschuss freizugeben.","Ich bemerke in unseren Medien eine Strategie, die FDP gleich der AfD, zu kritisieren.",MultiParaDetox,MultiParaDetox,,True
de,German,Ich kann diese scheisse mit diesen drecksmigranten einfach nicht mehr ertragen....wenn ich nur schon kanacken sehen wird gruselig....verfluchte Scheisser ..!,Ich kann das mit diesen migranten einfach nicht mehr ertragen....wenn ich nur schon welche sehe wird gruselig....,MultiParaDetox,MultiParaDetox,,True
de,German,Ich kritisiere insbesondere das scheinheilige Verhalten aller Mitglieder des Bundestags.,Ich kritisiere insbesondere das Verhalten aller Mitglieder des Bundestags.,MultiParaDetox,MultiParaDetox,,True
de,German,Ich lach mich kaputt Truppenuschi soll es richten.,Ich lach mich kaputt Ursula von der Leyen soll es richten.,MultiParaDetox,MultiParaDetox,,True
de,German,Ich scheisse auf die GroKo !!!,Mir ist die GroKo egal !!!,MultiParaDetox,MultiParaDetox,,True
de,German,In Kindergärten neben den Kindern? wäre ja noch schöner. Zittern soll dieses Asylantenpack in Zelten abseits der Zivilisation,In Kindergärten neben den Kindern? wäre ja noch schöner.,MultiParaDetox,MultiParaDetox,,True
de,German,In dem Schwarz Grün regierden Hessen werden jetzt 8 zusätzliche Psychologen nur für die Jugendlichen Invasoren eingestellt. Jetzt AFD wählen,In dem Schwarz Grün regierden Hessen werden jetzt 8 zusätzliche Psychologen nur für die Jugendlichen Einwanderer eingestellt. Jetzt AFD wählen,MultiParaDetox,MultiParaDetox,,True
de,German,"Ja schnell alle Bäume weg, 5G Handys kaufen und Bürgermeister den Sack lutschen du kleine Profesora","Ja schnell alle Bäume weg, 5G Handys kaufen und Bürgermeister schmeicheln Profesora",MultiParaDetox,MultiParaDetox,,True
de,German,Jakarta nur Drecks Islamisten !!! sie wollen Christen verfolgen ....!!!,Jakarta nur Islamisten !!! sie wollen Christen verfolgen ....!!!,MultiParaDetox,MultiParaDetox,,True
de,German,"Juhu, der Bayer ohne Eier will wieder einmal alles nach der Wahl richten 😂😂😂 ich pinkel mir vor Lachen gleich ein 😂😂😂","Juhu, der Bayer will wieder einmal alles nach der Wahl richten 😂 ich finde das sehr lustig 😂😂😂",MultiParaDetox,MultiParaDetox,,True
de,German,"Kann bleiben wo sie ist, dumme Nuss🖕",Kann bleiben wo sie ist,MultiParaDetox,MultiParaDetox,,True
de,German,"Kern, pinkle dem Herrn Kurz nicht ans Bein. Du bist. abgewählt und unerwünscht. Also, halt´s Maul.","Kern, stelle den Herrn Kurz nicht an den Pranger. Du bist. abgewählt und unerwünscht. Also, sei leise.",MultiParaDetox,MultiParaDetox,,True
de,German,"Kinderfickende, schächtende #rapefugees! Wer Kinder-, Frauen-, oder Tierrechte verteidigt, darf nicht #gruene #spd oder #cdu wählen! #ltwbw","Wer Kinder-, Frauen-, oder Tierrechte verteidigt, darf nicht #gruene #spd oder #cdu wählen! #ltwbw",MultiParaDetox,MultiParaDetox,,True
de,German,"Klar doch alles rechte böse Nazis. Was wissen die heute von damals? Fragt eure Omas, Mütter. Nicht was Hetzmedien verbreiten.","Klar doch alles rechte böse Nazis. Was wissen die heute von damals? Fragt eure Omas, Mütter. Nicht was Medien verbreiten.",MultiParaDetox,MultiParaDetox,,True
de,German,Kotz deine Propaganda wo anders aus. Hier bist du falsch.,Werde deine Propaganda wo anders los. Hier bist du falsch.,MultiParaDetox,MultiParaDetox,,True
de,German,Leute regt euch nicht auf....negative Berichte haben eine positive Wirkung....AfD bleibt und wird stärker. Wie sagte die komische Kuh von den Grünen...und ich freu mich darauf....😂😂,Leute regt euch nicht auf....negative Berichte haben eine positive Wirkung....AfD bleibt und wird stärker. Wie sagte die eine Frau von den Grünen...und ich freu mich darauf....😂😂,MultiParaDetox,MultiParaDetox,,True
de,German,"Mannheim, Multikulti versiffte Stadt. Klein Istambul und Rumänen/ Bulgaren ☠🖕","Mannheim, Multikulti Stadt. Klein Istambul und Rumänen/ Bulgaren",MultiParaDetox,MultiParaDetox,,True
de,German,"Merkel: ""Die Bürger haben keine Lust auf Zuständigkeitsdebatten"" ??? Eben ein verlogenes Miststück mit ausreichender Denunziantenerfahrung😜","Merkel: ""Die Bürger haben keine Lust auf Zuständigkeitsdebatten"" ??? Eben eine Politikerin mit ausreichender rethorischer Erfahrung 😜",MultiParaDetox,MultiParaDetox,,True
de,German,"Netanjahu wirft Gabriel Instinktlosigkeit vor. Tatsächlich ist Gabriel. ein völliger Versager, der einen Abgeschobenenposten bekleidet.","Netanjahu wirft Gabriel Instinktlosigkeit vor. Tatsächlich ist Gabriel. ein Mann, der einen Abgeschobenenposten bekleidet.",MultiParaDetox,MultiParaDetox,,True
de,German,Niki #Lauda ist in meinen Augen so blöd dass er stinkt er meint er braucht sich an keine Regeln zu halten #Mercedes #Formel1,Niki #Lauda denkt in meinen Augen er braucht sich an keine Regeln zu halten #Mercedes #Formel1,MultiParaDetox,MultiParaDetox,,True
de,German,"Nix abgeschoben....13jahre sind zwar zu wenig, aber für die Gitterstäbe bezahlen wir gerne.. Danach die Ratte entsorgten..!!","Nix abgeschoben....13jahre sind zwar zu wenig, aber für die Gitterstäbe bezahlen wir gerne.",MultiParaDetox,MultiParaDetox,,True
de,German,"Nö, der sieht dumm aus. 😾","Nö, der gefällt mir optisch nicht.",MultiParaDetox,MultiParaDetox,,True
de,German,Ob von Merkel oder Schulz? Wir Deutsche wollen und können dieses Dummgelaber der Pest (Merkel) und Cholera (Schulz) nicht mehr hören!,Ob von Merkel oder Schulz? Wir Deutsche wollen und können dieses Gerede von Merkel und Schulz nicht mehr hören!,MultiParaDetox,MultiParaDetox,,True
de,German,"Obergrenze 😂😂😂 Hoffentlich haben es die Bayern endlich begriffen, dass man ihren ""Eierlosen"" und seinen Haufen lieber nicht gewählt hätte 😜","Obergrenze 😂😂😂 Hoffentlich haben es die Bayern endlich begriffen, dass man ihren Politiker und seinen Haufen lieber nicht gewählt hätte 😜",MultiParaDetox,MultiParaDetox,,True
de,German,"Oder man ist so blöde und dumm wie du und nutzt keine Infos und jetzt such den Grammatikfehle,such,fein machst du das ,such,feiner Linker","Oder man ist so uninformiert und ungebildet wie du und nutzt keine Infos und jetzt such den Grammatikfehle,such,fein machst du das ,such,feiner Linker",MultiParaDetox,MultiParaDetox,,True
de,German,"Pervers. Die Türken fordern Gerechtigkeit. Anstatt dort, wo sie die. Ungerechtigkeit gewählt haben, fordern sie das in Österreich. Haut ab.","Die Türken fordern Gerechtigkeit. Anstatt dort, wo sie die. Ungerechtigkeit gewählt haben, fordern sie das in Österreich.",MultiParaDetox,MultiParaDetox,,True
de,German,Prost Heike (Wat hat der Kerl für`n geiles Höschen (vorne gelb und hinten braun 😂😂😂) ich fasse es nicht 😂😂😂,Prost Heike (Wat hat der Kerl für`n schönes Höschen (vorne gelb und hinten braun 😂😂😂) ich fasse es nicht 😂😂😂,MultiParaDetox,MultiParaDetox,,True
de,German,"RAUS MIT DIESEN IRREN AUS DEM BUNDESTAG, sollen ihre Konfettischwulenparaden woanders feiern, am besten in Türkei bei Özdingens !","RAUS MIT DIESEN PERSONEN AUS DEM BUNDESTAG, sollen ihre Konfettiparaden woanders feiern, am besten in Türkei bei Özdemir !",MultiParaDetox,MultiParaDetox,,True
de,German,"Sagt mal, kommt .es nur mir so vor, oder ist das Staasfunk Fernsehprogramm wirklich so scheiße?","Sagt mal, kommt .es nur mir so vor, oder ist das Staasfunk Fernsehprogramm wirklich so schlecht?",MultiParaDetox,MultiParaDetox,,True
de,German,"Schon der Vater,der als protestantischer Pfaffe freiwillig in die DDR ging,um den Bolschewismus zu huldigen.Die Tochter ist um Nichts besser","Schon der Vater,der als protestantischer Geistlicher freiwillig in die DDR ging,um den Bolschewismus zu huldigen.Die Tochter ist um Nichts besser",MultiParaDetox,MultiParaDetox,,True
de,German,"Schon mal Gesehen. Asiaten sind brutal, gewissenlos, gottlos.",Schon mal Gesehen. Asiaten sind hart.,MultiParaDetox,MultiParaDetox,,True
de,German,"Sie können gelassen auf jeden Polit-Idioten warten, der auch einen Krieg nur in Erwägung zieht 😜","Sie können gelassen auf jeden Politiker warten, der auch einen Krieg nur in Erwägung zieht 😜",MultiParaDetox,MultiParaDetox,,True
de,German,So dumm wie Gutmenschen halt sind!,So schlau wie Gutmenschen halt sind!,MultiParaDetox,MultiParaDetox,,True
de,German,So ein Bullshit..... Du denkst es geht nicht dümmer?....dann kennst die SPDler nicht...😂😂,So ein Quatsch..... Du denkst es geht nicht schlimmer?....dann kennst die SPDler nicht...😂😂,MultiParaDetox,MultiParaDetox,,True
de,German,"Träume und Wünsche...leider. Jamaika-Scheisse wird durchgesetzt....dafür sorgen schon die Lauch-Scheisser. Die bleiben klebend sitzend...der Troll Joschka hat’s Ihnen vorgemacht, die Warze Roth hat’s perfektioniert ..!","Träume und Wünsche...leider. Jamaika-Koalition wird durchgesetzt....dafür sorgen schon die Unterstützer|LBR| Die bleiben sitzen...der Joschka hat’s Ihnen vorgemacht, die Roth hat’s perfektioniert ..!",MultiParaDetox,MultiParaDetox,,True
de,German,Umso mehr Schwachsinn die Altparteien von sich geben umso eher kommt die AFD an die Macht.. Die Bürger sind nicht ganz so verblödet wie die Altparteien glauben. #illner,Umso mehr Quatsch die Altparteien von sich geben umso eher kommt die AFD an die Macht.. Die Bürger sind nicht ganz so naiv wie die Altparteien glauben. #illner,MultiParaDetox,MultiParaDetox,,True
de,German,"Und da ich kein kleines Mädchen bin, so wie Du offenbar, kann ich eine solche Meinung ab.","Und da ich nicht so sensibel bin, so wie Du offenbar, kann ich eine solche Meinung ab.",MultiParaDetox,MultiParaDetox,,True
de,German,Und wieder wird mit einem #falseflag (giftgaseinsatz) ein Terrorakt gegen Syrien durch USA gestartet.. Bei dem Wahnsinnigen Trump droht WW3,Und wieder wird mit einem #falseflag (giftgaseinsatz) ein Terrorakt gegen Syrien durch USA gestartet.. Bei dem Trump droht WW3,MultiParaDetox,MultiParaDetox,,True
de,German,Unsere Politiker sind zu blöd einen Terroristen auszuweisen weil er keinen Pass hat!!!,Unsere Politiker sind nicht schlau genug einen Terroristen auszuweisen weil er keinen Pass hat!!!,MultiParaDetox,MultiParaDetox,,True
de,German,Ursprünglich (gestern) ging es um FEMA-Camps - wir sind keinen Schritt weiter. Da platzt einem der Arsch - sorry.,Ursprünglich (gestern) ging es um FEMA-Camps - wir sind keinen Schritt weiter. Das ist so frustrierend.,MultiParaDetox,MultiParaDetox,,True
de,German,Verdammt die Olle Merkel tritt wieder an !!!,die Merkel tritt wieder an !!!,MultiParaDetox,MultiParaDetox,,True
de,German,Verhaftungen von Vergewaltigern als Erfolg zu verkaufen ist das Aufmerksamkeitswinseln einer armseligen Behörde. #Polizei #Köln #Rapefugees,Verhaftungen von Vergewaltigern als Erfolg zu verkaufen ist das Aufmerksamkeitswinseln einer armseligen Behörde. #Polizei #Köln,MultiParaDetox,MultiParaDetox,,True
de,German,Von Gauland wurde verlangt das er sich wegen ˋentsorgen‘ entschuldigen sollte.... Würde das von der Kröte auch verlangt..?,Von Gauland wurde verlangt das er sich wegen ˋentsorgen‘ entschuldigen sollte.... Würde das von der Person auch verlangt..?,MultiParaDetox,MultiParaDetox,,True
de,German,"WANN ENTSORGT DEUTSCHLAND ENDLICH SEINE VOLKSMÖRDER ??A.Merkel,H.Maas,K.Göring E.,Paket Grüne,D. Nuhr,C. Ehring,M. Schulz als bevorz.Beisp.!","WANN WIRD DEUTSCHLAND ENDLICH SEINE VOLKSMÖRDER LOS ??A.Merkel,H.Maas,K.Göring E.,Paket Grüne,D. Nuhr,C. Ehring,M. Schulz als bevorz.Beisp.!",MultiParaDetox,MultiParaDetox,,True
de,German,Wahrscheinlich...wenn ich alt und gebrechlich...an welchen sich Feiglinge gerne zu schaffen machen.... Aber noch bin ich nicht soweit....ist nicht der erste den ich verprügle...,Wahrscheinlich...wenn ich alt und gebrechlich...an welchen sich diese Leute gerne zu schaffen machen.... Aber noch bin ich nicht soweit....ist nicht der erste der es mit mir zutun bekommt...,MultiParaDetox,MultiParaDetox,,True
de,German,Was erwarten Sie von Rothschild Sklaven die ihre Seele dem Satan verkauf haben!,Was erwarten Sie von Rothschild Anhängern die ihre Interessen anderen überlassen!,MultiParaDetox,MultiParaDetox,,True
de,German,Was für ein Volltrottel ...der hat den Gürtel nicht lange und von wegen für Deutschland Boxen...😂😂,Was für ein Typ ...der hat den Gürtel nicht lange und von wegen für Deutschland Boxen...😂😂,MultiParaDetox,MultiParaDetox,,True
de,German,Was für eine ekelhafte Person....der alte..!!,Was für eine unangenehme Person....der alte Mann..!!,MultiParaDetox,MultiParaDetox,,True
de,German,Weit und breit kein Neger.,Weit und breit kein Schwarzer.,MultiParaDetox,MultiParaDetox,,True
de,German,Welch ein Schwachsinn - überlegt die Wahlergebnisse obwohl sie äußerst selten eine Bühne bekommen ihr Träumer,Welch ein Quatsch - überlegt die Wahlergebnisse obwohl sie äußerst selten eine Bühne bekommen ihr Träumer,MultiParaDetox,MultiParaDetox,,True
de,German,Wer die Grünen wählt ist entweder dumm oder ein Hurensohn,Wer die Grünen wählt ist entweder uninformiert oder naiv,MultiParaDetox,MultiParaDetox,,True
de,German,Wer so redet gehört sich Verdroschen,Wer so redet sollte liebr leise sein,MultiParaDetox,MultiParaDetox,,True
de,German,Wer will ein Hering So Dumm wie die Göring🤯,Wer will ein Hering So schlau wie die Göring🤯,MultiParaDetox,MultiParaDetox,,True
de,German,Werden die Namen überführter Museldiebe auch sofort veröffentlicht ??? Wann wird unser Land geheilt von RotGrünenMuselmist !,Werden die Namen überführter muslimischer Straftäter auch sofort veröffentlicht ??? Wann wird unser Land geheilt von RotGrünen-Quatsch !,MultiParaDetox,MultiParaDetox,,True
de,German,Wie dämlich sind Sie eigentlich? Sie sollten ihre Allgemeinbildung vervollständigen und Objektivität walten lassen. 🤢,Wie uninformiert sind Sie eigentlich? Sie sollten ihre Allgemeinbildung vervollständigen und Objektivität walten lassen. 🤢,MultiParaDetox,MultiParaDetox,,True
de,German,Younower zu werden ist der finale schritt um ein Hurensohn zu werden,Younower zu werden ist der finale schritt um unsympathisch zu werden,MultiParaDetox,MultiParaDetox,,True
de,German,da ist sie ja wieder die Moderatorin der @USER_0 mit der alten schwarzen Schmodder Hose und den fettigen Haaren #WDR,da ist sie ja wieder die Moderatorin der @USER_0 mit der alten schwarzen Hose und den fettigen Haaren #WDR,MultiParaDetox,MultiParaDetox,,True
de,German,ekelhaft Claudia Roth wieder im Fernsehen sehen zu müssen #Bundestag,Ich finde es schlimm Claudia Roth wieder im Fernsehen sehen zu müssen #Bundestag,MultiParaDetox,MultiParaDetox,,True
de,German,hören Sie ihren Gören zu ? verkehrte Welt.,hören Sie ihren Kindern zu ? verkehrte Welt.,MultiParaDetox,MultiParaDetox,,True
de,German,ich finde gut dass #Trump #Jerusalem als Hauptstadt anerkennt nun bekommen die #Israelis erst richtig auf die Fresse,ich finde gut dass #Trump #Jerusalem als Hauptstadt anerkennt nun bekommen die #Israelis erst richtig Probleme,MultiParaDetox,MultiParaDetox,,True
de,German,"n-tv: ""Murksel ein Profi im Umgang mit schwierigen Partnern"" 😂😂😂 Ein Profi, wie eine Mecklenburger Kuh die Rückenschwimmen lernt, meine ich😜","n-tv: ""Merkel ein Profi im Umgang mit schwierigen Partnern"" 😂😂😂 Ein Profi, wie eine Mecklenburger Kuh die Rückenschwimmen lernt, meine ich😜",MultiParaDetox,MultiParaDetox,,True
de,German,und was hat der Gabriel damals Versprochen ? Verlogen ist das Pack.Nie wieder SPD,und was hat der Gabriel damals Versprochen ? Verlogen sind sie.Nie wieder SPD,MultiParaDetox,MultiParaDetox,,True
de,German,von der Leyen sollte endlich entsorgt werden! #RausAusDemKabinett #illner,von der Leyen sollte endlich ersetzt werden! #RausAusDemKabinett #illner,MultiParaDetox,MultiParaDetox,,True
de,German,weil es Ihre Meinung ist - 😂😂wie Blöd muss man sein 🙈🙈🙈,weil es Ihre Meinung ist - 😂😂,MultiParaDetox,MultiParaDetox,,True
de,German,wenn der #Bundespräsident mit seinem dummen Geschwätz auf die #SPD zielt sollte er bedenken dass 80% der deutschen die SPD nicht wollen,wenn der #Bundespräsident mit seinen Aussagen auf die #SPD zielt sollte er bedenken dass 80% der deutschen die SPD nicht wollen,MultiParaDetox,MultiParaDetox,,True
de,German,Öffentlich-rechtlichen Nazi Medien und Merkel Vasallen setzten ihre Hetzkampagne gegen den Präsidenten der Vereinigten Staaten fort!!,Öffentlich-rechtlichen Medien und Merkel Anhängern setzten ihre Kampagne gegen den Präsidenten der Vereinigten Staaten fort!!,MultiParaDetox,MultiParaDetox,,True
en,English,"(Damn it, I forgot to log in. -Brab)","(Oops, I forgot to log in. -Brab)",MultiParaDetox,MultiParaDetox,,True
en,English,And who is the motherfucker who nominated it for deletion?,And who is the person who nominated it for deletion?,MultiParaDetox,MultiParaDetox,,True
en,English,And why the fuck should i care?,And why should I care?,MultiParaDetox,MultiParaDetox,,True
en,English,"Are all professors of rhetoric pompous, self-centered assholes?",Are all professors of rhetoric look arrogant and self-centered?,MultiParaDetox,MultiParaDetox,,True
en,English,Bin Laden and his 19 so-called hijackers were patsies.,Bin Laden and his 19 so-called hijackers were not the smartest people.,MultiParaDetox,MultiParaDetox,,True
en,English,FUCK Why hasn't anyone included this information yet?,Why hasn't anyone included this information yet?,MultiParaDetox,MultiParaDetox,,True
en,English,Gogo Dodo is a rogue admin that has sex with his father,Gogo Dodo is an admin that has close relationships with his father,MultiParaDetox,MultiParaDetox,,True
en,English,"HEY CRETIN, LOOK UP YOUR HISTORY!","Hey, sir, look up your history.",MultiParaDetox,MultiParaDetox,,True
en,English,Hard to be constructive when the other party behaves like a godking thug.,Hard to be constructive when the other party behaves really bad.,MultiParaDetox,MultiParaDetox,,True
en,English,"Hello, my name is anon, don't fuck with 4chan.","Hello, my name is anon, don't confront with 4chan.",MultiParaDetox,MultiParaDetox,,True
en,English,"How about YOU and AR stop pissing me off with your bullshit, and LISTEN TO ME FOR ONCE? -","How about you and I and the other person stop upsetting me with our words, and kindly listen to me for once?",MultiParaDetox,MultiParaDetox,,True
en,English,I can call people whatever I like idiot.,I can call people whatever I like.,MultiParaDetox,MultiParaDetox,,True
en,English,I can change my IP at will asshole.,I can change my IP at will.,MultiParaDetox,MultiParaDetox,,True
en,English,"I didnt attack you, you retard DO NOT POST ON MY PAGE","I didnt attack you, so, do not post on my page.",MultiParaDetox,MultiParaDetox,,True
en,English,I have no interest in this stupid pedia.,I have no interest in this wikipedia.,MultiParaDetox,MultiParaDetox,,True
en,English,"I see nothing wrong with calling an asshole ""asshole"".","I see nothing wrong with calling bad people ""bad"".",MultiParaDetox,MultiParaDetox,,True
en,English,"I was quoting you, you dumb bastard.",I was quoting you.,MultiParaDetox,MultiParaDetox,,True
en,English,"In case you forgot, I was here way before the hardrock-idiot started his stupid webbased forum.","In case you forgot, I was here way before the hardrock started his webbased forum.",MultiParaDetox,MultiParaDetox,,True
en,English,Kind of a stupid response given the name of the article.,Kind of a not meaningful response given the name of the article.,MultiParaDetox,MultiParaDetox,,True
en,English,MF and I have a mutual enemy in sanctimonious bullshit. | 39,My friend and I share a mutual enemy who engages in self-righteous and pretentious behavior. | 39,MultiParaDetox,MultiParaDetox,,True
en,English,"Next time, I will force you to eat your own shit.","Next time, I will force you to do bad things.",MultiParaDetox,MultiParaDetox,,True
en,English,"Oh, I don't think they are going to get any less stupid any time soon.","Oh, I don't think they are going to get any more bright any time soon.",MultiParaDetox,MultiParaDetox,,True
en,English,Prove my comment wrong and post a video of how fucking tough you are.,Prove my comment wrong and post a video of how tough you are.,MultiParaDetox,MultiParaDetox,,True
en,English,"Stop defending neo-Nazis, you fuck",Stop defending neo-Nazis,MultiParaDetox,MultiParaDetox,,True
en,English,THIS MAN SHOULD BE SHOT FOR WAR CRIMES AND MURDER,This man should be punished severely for war crimes and murder,MultiParaDetox,MultiParaDetox,,True
en,English,"Target You are now a valid target, you nasty little shit!","Target You are now a valid target, you rude person!",MultiParaDetox,MultiParaDetox,,True
en,English,That had more content and was going to be an article until you deleted it again dumbass.,That had more content and was going to be an article until you deleted it again.,MultiParaDetox,MultiParaDetox,,True
en,English,Then start quoting the damn cover instead of a message board!,Then please start quoting the cover instead of a message board.,MultiParaDetox,MultiParaDetox,,True
en,English,There's a better answer to the question: the people that made the anime fucked up.,There's a better answer to the question: the people that made the anime worse.,MultiParaDetox,MultiParaDetox,,True
en,English,WARNING: THIS FAG SUPPORTS HITLER,Warning: this person supports Hitler.,MultiParaDetox,MultiParaDetox,,True
en,English,What the fuck do you want at my talk page.,What do you want at my talk page?,MultiParaDetox,MultiParaDetox,,True
en,English,What the hell is with everybody making Etna articles?,Why everybody is making Etna articles?,MultiParaDetox,MultiParaDetox,,True
en,English,Yeah thats a really good way to get a life! Fucking fag!,"Yeah, that's a really good way to get a life!",MultiParaDetox,MultiParaDetox,,True
en,English,You dumb motherfucker I am going to sue the shit out of you,I am going to sue everything out of you,MultiParaDetox,MultiParaDetox,,True
en,English,You made a mistake you ass.,You made a mistake.,MultiParaDetox,MultiParaDetox,,True
en,English,"You're not being helpful, either, tiny-dick.","You're not being helpful, either.",MultiParaDetox,MultiParaDetox,,True
en,English,america would go the same route but that shit doesn 't fly here .,America would go the same route but that is not acceptable here,MultiParaDetox,MultiParaDetox,,True
en,English,"and go on saddam execution talk page, before you stink up the place.","And please go on Saddam execution talk page, before you do anything else.",MultiParaDetox,MultiParaDetox,,True
en,English,and i can t forgive democrats for being rich cunts thinking they are the better rich .,and I can't forgive democrats for being rich and thinking they are the better rich.,MultiParaDetox,MultiParaDetox,,True
en,English,and some people fucking buy that .,And some people believe that.,MultiParaDetox,MultiParaDetox,,True
en,English,and ya can 't draw fucking cartoons .,and you can't draw cartoons,MultiParaDetox,MultiParaDetox,,True
en,English,another piece of useless manufactured junk !,another piece of manufactured stuff !,MultiParaDetox,MultiParaDetox,,True
en,English,as a member of the lafayette community why the fuck does it matter what his political standing is !,as a member of the lafayette community why does it matter what his political standing is !,MultiParaDetox,MultiParaDetox,,True
en,English,at least one party gives a crap about humans after birth .,at leas one party pays attention about humans after birth.,MultiParaDetox,MultiParaDetox,,True
en,English,"better to keep your mouth shut and be thought a fool , than open it and be proven one .","Better to keep quiet and be thought to be naive, than open it and be proven you are one",MultiParaDetox,MultiParaDetox,,True
en,English,bloated crap that comes out of these other .,Bloated nonsense that comes out of these other,MultiParaDetox,MultiParaDetox,,True
en,English,boeing is behaving exactly like any greedy bully would .,Boeing is behaving unfairly,MultiParaDetox,MultiParaDetox,,True
en,English,but mostly that middle of the street shit .,but mostly issues of middle of the street,MultiParaDetox,MultiParaDetox,,True
en,English,colin kaepernick is an idiot .,colin kaepernick is not good man,MultiParaDetox,MultiParaDetox,,True
en,English,come on ya fuckin dummy get your right step right .,"can you please get your steps, right?",MultiParaDetox,MultiParaDetox,,True
en,English,fuck ever doing that again .,Dont do that again,MultiParaDetox,MultiParaDetox,,True
en,English,fuck this scumbag piece of shit and all his political cohorts .,I disagree with him and his political cohorts.,MultiParaDetox,MultiParaDetox,,True
en,English,fuck you Funny how a wikipedia article i tried to create is now an actual article.,Funny how a wikipedia article i tried to create is now an actual article.,MultiParaDetox,MultiParaDetox,,True
en,English,fucking cunt of a person .,A bad person.,MultiParaDetox,MultiParaDetox,,True
en,English,get this ldiot out of there .,get this fellow out of there .,MultiParaDetox,MultiParaDetox,,True
en,English,glad to see they were allowed to fuck up the santa barbara coast .,Glad to see they were alllowed to destroy the santa Barbara coast,MultiParaDetox,MultiParaDetox,,True
en,English,gt thats really sad because what they really need to do is fuck off and mind their own business .,gt that's really sad because what they really need to do is mind their own business .,MultiParaDetox,MultiParaDetox,,True
en,English,"haha okay i m a sick fuck to find that entertaining , i ll see myself out .","haha okay i m weird to find that entertaining , i ll see myself out .",MultiParaDetox,MultiParaDetox,,True
en,English,his pay check from taxpayers because a bunch of idiot bureaucrats keeps adding zeros every time they open their mouths .,his pay check from taxpayers because a bunch of bureaucrats keeps adding zeros every time they open their mounths,MultiParaDetox,MultiParaDetox,,True
en,English,"hiya frank , you know someone called fuck then ? .","hiya frank , you know someone called then ? .",MultiParaDetox,MultiParaDetox,,True
en,English,"holy shit , what is wrong with you ? .","Hey, what is wrong with you?",MultiParaDetox,MultiParaDetox,,True
en,English,holy shit why is this not higher up ? ? ?,why is this not higher up ? ? ?,MultiParaDetox,MultiParaDetox,,True
en,English,how the fuck are they getting to outer space ?,How are they getting to outer space?,MultiParaDetox,MultiParaDetox,,True
en,English,"i cannot help thinking if they wanted my opinion on shit , they could just ask .","I can't help thinking if they wanted my opinion on something, they could just ask.",MultiParaDetox,MultiParaDetox,,True
en,English,i don t give a fuck where you are going .,i don't care about where you are going,MultiParaDetox,MultiParaDetox,,True
en,English,i m just glad he doesn t actually believe in this shit .,I am just glad he doesn't actually believe in this nonsense,MultiParaDetox,MultiParaDetox,,True
en,English,"i never knew they were rich , just silly tourists with loud aloha shirts .","i never knew they were rich , just  tourists with loud aloha shirts .",MultiParaDetox,MultiParaDetox,,True
en,English,i wish people would shut the fuck up about big money in politics .,I wish people would keep quiet about big money in politics.,MultiParaDetox,MultiParaDetox,,True
en,English,if you find yourself using your religion to deny rights to women you 're a piece of shit .,If you find yourself using your religion to deny rights to women you are a mean person,MultiParaDetox,MultiParaDetox,,True
en,English,impeachment of trump is a really dumb idea .,impeachment of trump is a really bad idea .,MultiParaDetox,MultiParaDetox,,True
en,English,"in the end , he was just a dick .","in the end , he was just unpleasant.",MultiParaDetox,MultiParaDetox,,True
en,English,it s refreshing to see someone who is so fucking smart and edgy .,it's refreshing to see someone who is so smart and edgy .,MultiParaDetox,MultiParaDetox,,True
en,English,it would be fucking illegal as shit to straight up kill someone .,It would be illegal to commit homicide.,MultiParaDetox,MultiParaDetox,,True
en,English,jesus . i was having a nice sunday afternoon and then i read that shit ?,"Jesus, i was having a nice sunday afternoon and then i read that article?",MultiParaDetox,MultiParaDetox,,True
en,English,let 's have them do all the tough shit men are forced to do .,let's have them do all the tough things men are forced to do.,MultiParaDetox,MultiParaDetox,,True
en,English,likes to eat shit It's true and he told me himself!,"likes to eat bad food, that's true and he told me himself!",MultiParaDetox,MultiParaDetox,,True
en,English,looks like the not fucking around crew is making decisions now .,Look like the crew is making decisions now.,MultiParaDetox,MultiParaDetox,,True
en,English,making and distributing cp is fucked .,Making and distributing cp is not good,MultiParaDetox,MultiParaDetox,,True
en,English,my wife still gives me shit for it .,My wife still berates me for it.,MultiParaDetox,MultiParaDetox,,True
en,English,"no , i m pointing out that you are being a condescending ass about it , just like your euphoric brethren .",Am pointing out that you are being mean about it just like your brothers.,MultiParaDetox,MultiParaDetox,,True
en,English,"no , putin will send depardieu to fuck harper 's wife .","no , putin will send depardieu to deal with harper 's wife",MultiParaDetox,MultiParaDetox,,True
en,English,"no shit , lockheed or raytheon or boeing or you name it employs half his districts employees .","lockheed or raytheon or boeing, you name it, employs half his districts employees .",MultiParaDetox,MultiParaDetox,,True
en,English,not to be confused with the legal firm bull shit associates .,not to be confused with the legal firm associates.,MultiParaDetox,MultiParaDetox,,True
en,English,only boneheads would buy into this stuff from the msm .,Only people with no knowledge of it would buy into this stuff from msm.,MultiParaDetox,MultiParaDetox,,True
en,English,people making moronic jokes Have no right to edit.,The people making bad jokes should not have a right to edit.,MultiParaDetox,MultiParaDetox,,True
en,English,"priceless, I hate that guy","Priceless, I dislike that guy.",MultiParaDetox,MultiParaDetox,,True
en,English,removed from reality in - fucking - deed,Removed from reality indeed,MultiParaDetox,MultiParaDetox,,True
en,English,republicans and democrats are the right and left cheeks of the same ass .,Republicans and democrats are in the same League,MultiParaDetox,MultiParaDetox,,True
en,English,"sell your ships , find a new job , get the fuck out of the number th century , thanks .","sell your ships , find a new job , get out of the number th century , thanks .",MultiParaDetox,MultiParaDetox,,True
en,English,"seriously , at least number people are dead leave aside your point scoring and generally just fuck off .","seriously, at least number people are dead so just keep quiet",MultiParaDetox,MultiParaDetox,,True
en,English,shit just got real upload .,Things just got real upload,MultiParaDetox,MultiParaDetox,,True
en,English,"so i would really like it if people could stop acting like that 's why he got shot , it fucking isn 't .","so i would really like it if people could stop acting like that 's why he got shot , it isn 't .",MultiParaDetox,MultiParaDetox,,True
en,English,"stop being such a pussy , are you his mom or something ? .","stop being acting like this , are you his mom or something ?",MultiParaDetox,MultiParaDetox,,True
en,English,"strong fiscal management , my ass , steve o .",I don't think it's strong fiscal management.,MultiParaDetox,MultiParaDetox,,True
en,English,stupid for a ball coach to make ten times what a teacher makes .,It doesn't make sense for a ball coach to make ten times what a teacher makes,MultiParaDetox,MultiParaDetox,,True
en,English,that ignorant failure isnt qualified for any public office .,he is not qualified for any public office.,MultiParaDetox,MultiParaDetox,,True
en,English,that s fucking murder in my book and they let parents off for that shit all of the time .,that is murder in my book and they let parents off for that all the time .,MultiParaDetox,MultiParaDetox,,True
en,English,that scum is smiling in court !,That bad person is smiling in court,MultiParaDetox,MultiParaDetox,,True
en,English,the guy was fucking shot ! .,The guy was shot,MultiParaDetox,MultiParaDetox,,True
en,English,the point is that either choice was shit .,both choices were bad,MultiParaDetox,MultiParaDetox,,True
en,English,they are smart for rejecting our shitty ass corn .,They are smart for rejectinf our corn.,MultiParaDetox,MultiParaDetox,,True
en,English,they are two faced fucks .,they are two faced.,MultiParaDetox,MultiParaDetox,,True
en,English,they ll say and do anything to cover their asses won t they ? .,they'll do anything to cover their mistakes won't they,MultiParaDetox,MultiParaDetox,,True
en,English,"they should have fled , i feel that these guys are fucked , who turns themselves in to an angry mob ? .","They should have escaped, i feel that these are are done, who turns themselves in to an angry mob",MultiParaDetox,MultiParaDetox,,True
en,English,"they ve done that shit for so many years , especially when the large famine hit during the mid number s .","They are doing silly things for so many years, especially when the large famine hit during the mid 80's",MultiParaDetox,MultiParaDetox,,True
en,English,they were most likely bought out by the fucking koch brothers .,They might have been bought out by koch brothers,MultiParaDetox,MultiParaDetox,,True
en,English,this administrations shit stinks as bad as the last ! .,The administration is similarly incompetent like the former.,MultiParaDetox,MultiParaDetox,,True
en,English,this piece of human garbage should rot in jail .,this criminal should be in jail,MultiParaDetox,MultiParaDetox,,True
en,English,"top ten most relevant "" are you fucking sorry ""","Top ten most relevant "" are you sorry?""",MultiParaDetox,MultiParaDetox,,True
en,English,"unless you are harvesting and grinding your own beans , you are fucked .","Unless you are harvesting and grinding your own beams , you are at risk.",MultiParaDetox,MultiParaDetox,,True
en,English,we don t need to consider shit !,We don't need to consider anything,MultiParaDetox,MultiParaDetox,,True
en,English,"well , there ya go , miss cunt .","Here you go, miss.",MultiParaDetox,MultiParaDetox,,True
en,English,what the fuck do you think we watch the anime for?,What do you think we are watch the anime for?,MultiParaDetox,MultiParaDetox,,True
en,English,who really gives a crap about this ?,Who really care about this?,MultiParaDetox,MultiParaDetox,,True
en,English,who the fuck is pushing diversity on you ? .,who is pushing diversity on you ? .,MultiParaDetox,MultiParaDetox,,True
en,English,why you're being a complete jerk,Why you're being such unpleasant person?,MultiParaDetox,MultiParaDetox,,True
en,English,"yeah , americans with quadruple citizenship so they have where to go in case shit gets serious anywhere else .","Yeah , Americans with quadruple citizenship so they have where to go in case things gets serious anywhere else .",MultiParaDetox,MultiParaDetox,,True
en,English,"yes , it does stink to high heaven but there are enough gullible fools who praise this outfit nonetheless .","Yes, it does sink to high heaven but there are enough naive persons who praise this outfit nonetheless.",MultiParaDetox,MultiParaDetox,,True
en,English,you are liable to break something and touch shit you shouldnt touch .,you are liable to break something and touch stuff you shouldn't touch.,MultiParaDetox,MultiParaDetox,,True
en,English,"you know more than these idiots , stay the course and the truth will prevail .","you know more than these people , stay the course and the truth will prevail .",MultiParaDetox,MultiParaDetox,,True
en,English,you need to fuck off and stop hrassing people,You need to stop hrassing people,MultiParaDetox,MultiParaDetox,,True
en,English,"you ve got to be fucking kidding me , right ? .",Are you kidding me?,MultiParaDetox,MultiParaDetox,,True
es,Spanish,-Una directiva fracasa deportivamente -Unos monguers los votan para que sigan mandando -Los monguers se sorprenden d q fracasen #estapasando,"Una directiva desilusiona deportivamente, unos monguers los votan para que sigan mandando, los monguers se sorprenden de que no sea un éxito #estapasando",MultiParaDetox,MultiParaDetox,,True
es,Spanish,"A esosmoros hay que echarlos pero ya.O los politicos hacen algo o la gente tendra que ""actuar""","hay que echarlos pero ya.O los politicos hacen algo o la gente tendra que ""actuar",MultiParaDetox,MultiParaDetox,,True
es,Spanish,Ahora me leo la secta que seguro que amplian información,Voy a leer el artículo para obtener más información.,MultiParaDetox,MultiParaDetox,,True
es,Spanish,"Ahora pides asilo político HDP, ahora las escorias oficialistas pidiendo asilo que tal.","Ahora pides asilo político HDP, ahora las oficialistas pidiendo asilo que tal.",MultiParaDetox,MultiParaDetox,,True
es,Spanish,"Ahí ahí, protegiendo a tus niños. A los mejores. ¿A cuantos tienes metidos en casa?","Ahí estás, protegiendo a tus hijos. A los más destacados. ¿Cuántos tienes en casa?",MultiParaDetox,MultiParaDetox,,True
es,Spanish,Algunos pierden la cabeza por llegar a Paguitalandia.,algunos se desgastan por llegar a Paguitalandia,MultiParaDetox,MultiParaDetox,,True
es,Spanish,Aprende el significado de mayoría parlamentaria subnormal,Aprende el significado de mayoría parlamentaria,MultiParaDetox,MultiParaDetox,,True
es,Spanish,Aquí lo acogemos con los brazos abiertos y le damos una paguita vitalicia.,Aquí lo recibimos con los brazos abiertos y le proporcionamos un apoyo económico de por vida,MultiParaDetox,MultiParaDetox,,True
es,Spanish,Aquí va una canción para todos y cada uno de los putos fascistas del PP… Fuck You de Lily Allen,Aquí tenéis una canción para todos y cada uno de los PP... You de Lily Allen,MultiParaDetox,MultiParaDetox,,True
es,Spanish,"Basta ya hijos de las mil putas. Estáis agotando a la Afición, lo único digno que queda en el club.","Basta ya. Estáis agotando a la Afición, lo único digno que queda en el club.",MultiParaDetox,MultiParaDetox,,True
es,Spanish,"Buah yo no me haría nunca un twitter, eso está lleno de rojos de mierda.","Yo no me haría nunca un twitter, eso está lleno de rojos.",MultiParaDetox,MultiParaDetox,,True
es,Spanish,"Cada vez, la situación del país está en la mierda la de mierdísima #FreddyGuevaraTeCAGASTE","Cada vez, la situación del país está en mala",MultiParaDetox,MultiParaDetox,,True
es,Spanish,"Cogiendo el testigo de su colega,el mongolo Roncero. Vaya paga que tienes,carajaula",Cogiendo el testigo de su colegaRoncero. Vaya paga que tienes,MultiParaDetox,MultiParaDetox,,True
es,Spanish,"Con Mokus y Fajardo, hay estos políticos de mierda",Con Mockus y Fajardo hay estos políticos,MultiParaDetox,MultiParaDetox,,True
es,Spanish,Con el Zumo no se juega.,No se juega con el zumo.,MultiParaDetox,MultiParaDetox,,True
es,Spanish,Conclusión: Er Benni era un cabrón facha que ayudó a Trum,Conclusión: Er Benny fue un tipo rudo que ayudó a Trump.,MultiParaDetox,MultiParaDetox,,True
es,Spanish,"Cortocircuito buenrrollista, pobres inmigrantes vs chica atacada sexualmente.","Es un conflicto entre el enfoque positivo y la compasión por los inmigrantes, frente a la preocupación por una chica atacada sexualmente.",MultiParaDetox,MultiParaDetox,,True
es,Spanish,Cuando alguien intenta manipular de manera tan burda lo que provoca es asco. Miratelo.,Cuando alguien intenta manipular de manera tan vil lo que provoca es pena.,MultiParaDetox,MultiParaDetox,,True
es,Spanish,"Culpa de las mafias y lo progres follarefugees que hacen efecto llamada, nos quedamos sin 57 pensiones","Culpa de las mafias y lo progres que hacen efecto llamada, nos quedamos sin 57 pensiones",MultiParaDetox,MultiParaDetox,,True
es,Spanish,Cuánto facha de mierda en una mención voy a vomitar,Cuanta apariencia en una mención voy a vomitar,MultiParaDetox,MultiParaDetox,,True
es,Spanish,Cómo estará el país para que ni los moros quieran estar,como estará el pais para que no quieran estar,MultiParaDetox,MultiParaDetox,,True
es,Spanish,"Debería darte vergüenza ofender las creencias de otras persona, intolerante fascista.",Debería darte vergüenza ofender las creencias de otras persona.,MultiParaDetox,MultiParaDetox,,True
es,Spanish,"El chepas acaba de solucionar el problema de la inmigración, ahora vendrán los de Vox a tocar los huevos...","El chepas acaba de solucionar el problema de la inmigración, ahora vendrán los de Vox a tocar molestar...",MultiParaDetox,MultiParaDetox,,True
es,Spanish,El tonto de FC. ¿Con el PP no se podía abortar?,La persona de FC. ¿Con el PP no se podía abortar?,MultiParaDetox,MultiParaDetox,,True
es,Spanish,"En ESPAÑA tenemos un Gobierno PSOE-UP, asi que simplemente estamos DISFRUTANDO LO VOTADO.","En España, contamos con un Gobierno PSOE-UP, así que simplemente estamos experimentando las consecuencias de lo votado.",MultiParaDetox,MultiParaDetox,,True
es,Spanish,"En catalán se escribe Espanya. Para dárselas usted de ser periodista, no tieene usted puta idea de escribir.","En catalán se escribe Espanya. Para dárselas usted de ser periodista, no tieene usted  idea de escribir.",MultiParaDetox,MultiParaDetox,,True
es,Spanish,Esos comunistas nazis judeo musulmanes creyéndose los reyes de la física,Esa gente creyéndose los reyes de la física.,MultiParaDetox,MultiParaDetox,,True
es,Spanish,"Este cabron está peor que los 1,200 que están por llegar",Es peor que los 1.200 que aún están por venir,MultiParaDetox,MultiParaDetox,,True
es,Spanish,"Este va para casa de que politicucho? ya esta adjudicado, o se lo rifan?",¿Esto va para la casa de qué político?,MultiParaDetox,MultiParaDetox,,True
es,Spanish,Esto para un pedazo de retrasado como tu:,Esto para ti:,MultiParaDetox,MultiParaDetox,,True
es,Spanish,"Está viniendo lo mejor de cada casa para mejorar el país, sin duda alguna.","Están viniendo personas con talento de diversos orígenes para contribuir al progreso del país, sin duda alguna.",MultiParaDetox,MultiParaDetox,,True
es,Spanish,Excepto si te lo envenenan con mierdas,Excepto si lo envenenan con cosas,MultiParaDetox,MultiParaDetox,,True
es,Spanish,Expulsado #Guillermo Un mamarracho Herrera 💩,Expulsado #Guillermo,MultiParaDetox,MultiParaDetox,,True
es,Spanish,"Hable como Hernández, ya sabemos que podes hablar mierda en ese canal, NARCO ¿Seguridad?","Hable como Hernandez, ya sabemos que podes hablar mal de ese canal. ¿Seguridad?",MultiParaDetox,MultiParaDetox,,True
es,Spanish,"Han quedado los últimos   ""Gran mayoría""  Además de facha, tonto.","Han quedado los últimos   ""Gran mayoría""",MultiParaDetox,MultiParaDetox,,True
es,Spanish,Hay un puto subnormal pitando en mi calle todo el puto rato,Hay alguien silbando en mi calle todo el tiempo.,MultiParaDetox,MultiParaDetox,,True
es,Spanish,"Haz que pase ya Pedro por Dios, porque a mí se me está haciendo eterno.","Por favor, que Pedro llegue pronto, porque para mí esto está tomando una eternidad",MultiParaDetox,MultiParaDetox,,True
es,Spanish,JAJAJAJAJJAJA que vas a eclipsar tú y el otro subnormal xd,Jajajajaja qué vas a eclipse tú y el otro xd,MultiParaDetox,MultiParaDetox,,True
es,Spanish,Jajaja..  Que simpatico el charnego.. Te vamos a votar a ti membrillo.,Jajaja..  Que simpatico.. Te vamos a votar a ti,MultiParaDetox,MultiParaDetox,,True
es,Spanish,La justificación pedorra JAJAJAJ mejor no te defiendas 🤣🤣,"Que mala justificación ,mejor no te defiendas",MultiParaDetox,MultiParaDetox,,True
es,Spanish,La mitad catalana borrega independentista sigue creyéndose sus mentiras.,La mitad catalana independentista sigue creyéndose sus mentiras,MultiParaDetox,MultiParaDetox,,True
es,Spanish,La puta que frustración .,que frustración .,MultiParaDetox,MultiParaDetox,,True
es,Spanish,Lo hipócritas que son algunos con el tema de ladder no tiene tamaño AJAJAJ Vaya hipócritas de mierda ;),Lo hipócritas que son algunos con el tema de ladder no tiene tamaño AJAJAJ,MultiParaDetox,MultiParaDetox,,True
es,Spanish,"Lo que no se es como no pone varias lineas de ferry,
2500 pavos cada uno y llenan.","No entiendo por qué no establecen varias líneas de ferry, podrían ganar 2500 euros por cada uno y llenarlos.",MultiParaDetox,MultiParaDetox,,True
es,Spanish,"Los políticos lo toleran todo lo que no va contra ellos, baste fijarse en Iglesias, con su casoplón.","Los políticos toleran todo lo que no les afecta directamente, basta con observar a Iglesias y su gran casa.",MultiParaDetox,MultiParaDetox,,True
es,Spanish,"Mano, puto subnormal, dos veces te lo he tenio que repetir","Mano, dos veces te lo he tenio que repetir",MultiParaDetox,MultiParaDetox,,True
es,Spanish,Me acojona ver a la derecha rancia pidiendo #BoicotALosGoya Más incultura seguirá formando fascistas como ellos... ➕Cine ➖Toros #Españistán,Me asusta ver a la derecha pidiendo #BoicotALosGoya Más incultura seguirá formando gente de derechas como ellos... ➕Cine ➖Toros #Españistán,MultiParaDetox,MultiParaDetox,,True
es,Spanish,"Me gustaría saber lo que tú harías, si te llegará a pasar a ti. Eres el típico charlatán de feria.",Me gustaría saber qué harías si te sucediera a ti. A veces pareces muy persuasivo en tus argumentos.,MultiParaDetox,MultiParaDetox,,True
es,Spanish,Mire la saga de 50 sombras de Grey...casi todo eran.lectoras...les va el.morbillo no lo.nieguen,Miren la saga de 50 sombras de Grey.. casi todo eran lectoras... le encanta,MultiParaDetox,MultiParaDetox,,True
es,Spanish,Muchas veces en sus carceles sobornan a gente y viven como reyes.,En muchas ocasiones en sus cárceles sobornan a personas y viven con lujos.,MultiParaDetox,MultiParaDetox,,True
es,Spanish,"No hay que indicar niña ""blanca española"" ni nada?",No es necesario especificar la nacionalidad o etnia al referirse a una niña.,MultiParaDetox,MultiParaDetox,,True
es,Spanish,"No pasa nada, al bajar dice que tiene 14 años y a vivir la vida midugis juejuejejejeuejjejj","No hay problema, al bajar dice que tiene 14 años y a disfrutar la vida.",MultiParaDetox,MultiParaDetox,,True
es,Spanish,No te acerques que me tiznas le dijo la sarten al cazo... 😂 Los más fascistas de la izquierda,No te acerques que me tiznas le dijo la sarten al cazo...,MultiParaDetox,MultiParaDetox,,True
es,Spanish,Otro españolazo fascista coaccionando al pueblo catalán secesionista.,Otro españolazo coaccionando al pueblo catalán secesionista.,MultiParaDetox,MultiParaDetox,,True
es,Spanish,PAMBISITOS dejen de responder a subnormales de mierda como éste.,PAMBISITOS dejen de responder a personas  como éste.,MultiParaDetox,MultiParaDetox,,True
es,Spanish,"Perdón, que elite de mierda","Lo siento, qué mala élite",MultiParaDetox,MultiParaDetox,,True
es,Spanish,"Periodismo de mierda justificando esto !""","Periodismo justificando esto !""",MultiParaDetox,MultiParaDetox,,True
es,Spanish,"Pero que lo haga el gobierno y saqué pasta, vamos gilipollas, que os podéis forrar","Que el gobierno lo gestione y obtenga beneficios, es decir, que aprovechen la oportunidad.",MultiParaDetox,MultiParaDetox,,True
es,Spanish,Pero que mierda estas hablando subnormal de los cojones MAMAAAAAAAA GORDOOOOOOOO.,Pero que estás hablando,MultiParaDetox,MultiParaDetox,,True
es,Spanish,Por 'Crush' os referís a putas chonis?,¿Por 'Crush' te refieres a una bella dama?,MultiParaDetox,MultiParaDetox,,True
es,Spanish,"Por cierto, donde anda metido el gusano comunista ese?",¿Adónde fue ese Comunista?,MultiParaDetox,MultiParaDetox,,True
es,Spanish,Por encima de la libertad de expresión está la libertad de callarse para no decir gilipolleces sin sentido,Por encima de la libertad de expresión está la libertad de permanecer en silencio para no decir cosas sin sentido,MultiParaDetox,MultiParaDetox,,True
es,Spanish,Por mucho que intentes ser del Madrid nunca dejaras de ser un sudaca xd,Por mucho que intentes ser del Madrid nunca dejaras de ser un sudamericano xd,MultiParaDetox,MultiParaDetox,,True
es,Spanish,Por que chingado los de Facebook tuvieron que hacer otra app para poder contestar mensajes 😡,Por que los de Facebook tuvieron que hacer otra app para poder contestar mensajes,MultiParaDetox,MultiParaDetox,,True
es,Spanish,Porque usted es un hombre de bien y con valores. Esos otros son alimañas y 0,Porque usted es un hombre de bien y con valores. Esos otros no lo son,MultiParaDetox,MultiParaDetox,,True
es,Spanish,"Potencialmente Sánchez es el que más daño puede hacer, primer psicopata que llega a ser presidente en España.","Potencialmente Sánchez es el que más daño puede hacer, primer persona que llega a ser presidente en España.",MultiParaDetox,MultiParaDetox,,True
es,Spanish,"Pues a mi me recuerda tus diversas lesiones graves y me descojono, subnormal. Acabado.","Bueno, me recuerda tus diversas lesiones graves y me enfado.",MultiParaDetox,MultiParaDetox,,True
es,Spanish,Pues puede trabajar de carnicero para pagar pensiones,Entonces podría trabajar como carnicero para cubrir las pensiones.,MultiParaDetox,MultiParaDetox,,True
es,Spanish,Puto perroflautas que man rayao el mercedes,que man rayao el mercedes,MultiParaDetox,MultiParaDetox,,True
es,Spanish,Putos rojos de mierda subvencionando con 40 millones algo tan innecesario como la cultura #BoicotAlosGoya,Rojos están subvencionando con 40 millones algo tan innecesario como la cultura #BoicotAlosGoya,MultiParaDetox,MultiParaDetox,,True
es,Spanish,"Que alguien se lo impida, que todavía les quedan pensiones por pagar.","Que alguien intervenga para detenerlo, aúin tiene pnesiones pendientes por pagar",MultiParaDetox,MultiParaDetox,,True
es,Spanish,Que arrechera esta economía de mierda,Que pena esta economía tan débil,MultiParaDetox,MultiParaDetox,,True
es,Spanish,"Que bronca cuando estás jugando al FIFA y ponen pausa para responder los msj, que trolo man",Qué frustración cuando estás jugando al FIFA y ponen pausa para responder los msj,MultiParaDetox,MultiParaDetox,,True
es,Spanish,Quien putas es Juan Sebastián?,"Vamos, ¿quién es Juan Sebastián?",MultiParaDetox,MultiParaDetox,,True
es,Spanish,"Qué bien. Hay que ver con los ingenieros, doctores y demás cracks que nos llegan...","Es impresionante ver a los ingenieros, doctores y otros expertos que llegan a nuestro país.",MultiParaDetox,MultiParaDetox,,True
es,Spanish,Seguro que era de pera-piña. Es el único por el que yo mataría.,Es posible que fuera de pera-piña. Es el único por el que haría algo así.,MultiParaDetox,MultiParaDetox,,True
es,Spanish,"Será puerta abierta , inútiles fascistas embusteros miserables,no?","Será puerta abierta ,no?",MultiParaDetox,MultiParaDetox,,True
es,Spanish,"Si controlan mucho porque son dictadores, si no controlan son pelotudos.","Si controlan mucho porque son dictadores, si no controlan están haciendo cosas mal",MultiParaDetox,MultiParaDetox,,True
es,Spanish,"Si los ladrones y golpistas de izquierda no le hubieran hecho tanto daño a Chile, probablemente todo sería mejor.","Si la izquierda no hubiera hecho tanto daño a Chile, probablemente las cosas habrían sido mejores.",MultiParaDetox,MultiParaDetox,,True
es,Spanish,"Si, esa es la que os gusta a los fachas. Menos mal que sois cuatro gatos.","Si, esa es la que os gusta a ellos Menos mal que sois cuatro gatos.",MultiParaDetox,MultiParaDetox,,True
es,Spanish,Sigue existiendo mucha basura en España que limpiar y no solo en lo politico.,Sigue existiendo mucha cosas en España que limpiar y no solo en lo politico.,MultiParaDetox,MultiParaDetox,,True
es,Spanish,"Solo vienen los mejores, los más valientes","Solo llegan los mejores, los más valientes.",MultiParaDetox,MultiParaDetox,,True
es,Spanish,"Soy bioquímico y estoy trabajando para el Gobierno de Navarra... ánimo, puto subnormal.",Soy bioquímico y estoy trabajando para el Gobierno de Navarra...,MultiParaDetox,MultiParaDetox,,True
es,Spanish,Supongo que Perro le dará asilo en la Moncloa,Supongo que el presidente le dara asilo en la Moncloa,MultiParaDetox,MultiParaDetox,,True
es,Spanish,Supongo que el subnormal de  estará llorando porque Benzemierda no ha sido titular y Cristiano ha marcado.,Supongo que él estará llorando porque be Benzema no ha sido titular y Cristiano ha marcado,MultiParaDetox,MultiParaDetox,,True
es,Spanish,Tanto que hablan de Pinochet y los gringos y estos hijueputas son iguales o peores.,Tanto que hablan de Pinochet y los gringos y estos son iguales o peores.,MultiParaDetox,MultiParaDetox,,True
es,Spanish,Te das cuenta la panda de retrasados que se han puesto a soltar espumarajos?,Te das cuenta qué ridiculous se han puesto a soltar espumajaros.,MultiParaDetox,MultiParaDetox,,True
es,Spanish,"Te gustan los niños,fascista de mierda?",Te gustan los niños?,MultiParaDetox,MultiParaDetox,,True
es,Spanish,"Te lo llama hasta tu cuñado. Pero no sufras, ¿quién no tiene un mongolo en la familia?","te lo llama hasta tu cuñado. pero tranquilo, ¿quien no tiene a una persona de capacidades diferentes en la familia?",MultiParaDetox,MultiParaDetox,,True
es,Spanish,"Tiene que ser fake, no me jodas. Jamás volverían a sus países.","Tiene que ser fake, no me hagas bromas. Jamás volverían a sus países.",MultiParaDetox,MultiParaDetox,,True
es,Spanish,"Tranquilízate tú, ya que se supone que eres analista deportivo, no comediante o payaso, aunque a veces parezca lo contrario.","Tómelo con calma, ya que debe ser un analista deportivo, no un comediante, aunque a veces puede parecer lo contrario.",MultiParaDetox,MultiParaDetox,,True
es,Spanish,Trump provocando como un macarra de pacotilla   vía,Trump provocando,MultiParaDetox,MultiParaDetox,,True
es,Spanish,"Tu lo que eres es subnormal, punto.",Lo que eres no está bien y punto.,MultiParaDetox,MultiParaDetox,,True
es,Spanish,Tu también Matt Reeves y tus putas ideas pendejas,Tu también Matt Reeves y tus ideas,MultiParaDetox,MultiParaDetox,,True
es,Spanish,Un Catalan a clasificado al Barça  Cabroooooonnn,Un Catalan a clasificado al Barça,MultiParaDetox,MultiParaDetox,,True
es,Spanish,"Un cargador escaso de argumentario, parece.",Parece que tienes un cargador escaso de argumentos.,MultiParaDetox,MultiParaDetox,,True
es,Spanish,"Una paguita para ese hombre, que se ve con ganas de integrarse y aceptar nuestras reglas/costumbres.","Sería apropiado proporcionar alguna ayuda económica a ese hombre, parece estar dispuesto a integrarse y aceptar nuestras reglas y costumbres.",MultiParaDetox,MultiParaDetox,,True
es,Spanish,"Vaya, el VOXtarra guardia que se da por aludido.","Vaya, el miembro de VOX que se siente identificado.",MultiParaDetox,MultiParaDetox,,True
es,Spanish,Y además te apellidas Castillo. Hay que ser un charnego retrasado encima..,Y además te apellidas Castillo.,MultiParaDetox,MultiParaDetox,,True
es,Spanish,Ya empecé con la depresión de mierda,ya comencé con la depresión,MultiParaDetox,MultiParaDetox,,True
es,Spanish,"Ya venís en manada a quejaros, anda a tomarte una mArandina.","Ya venís en manada a quejaros, anda a tomarte una mandarina.",MultiParaDetox,MultiParaDetox,,True
es,Spanish,"Yo me quiero escapar también, dan paguita al llegar?",¿Ofrecen algún tipo de apoyo al llegar?,MultiParaDetox,MultiParaDetox,,True
es,Spanish,"a ver eso se elige, no es natural... Vas a arder en el infierno por sodomita.","eso se elige, no es natural",MultiParaDetox,MultiParaDetox,,True
es,Spanish,"al guadalquivir primooo! Sigue insultando por internet, que eres un gitano falso.",Al guadalquivir primo sigue haciendo comentarios ofensivos por internet,MultiParaDetox,MultiParaDetox,,True
es,Spanish,"callate ya, subnormal, admite el PARTIDAZO como todos los madridistas, no que por rabia digais que ha sido robo, penosa.","admite el PARTIDAZO como todos los madridistas, no que por rabia digais que ha sido robo",MultiParaDetox,MultiParaDetox,,True
es,Spanish,cuidado con estos conspiradores de mierda,Cuidado con estas personas,MultiParaDetox,MultiParaDetox,,True
es,Spanish,deja de tirarte abajo hija d re mil puta,deja de tirarte abajo,MultiParaDetox,MultiParaDetox,,True
es,Spanish,es a cuartos de final subnormal,es a cuartos de final,MultiParaDetox,MultiParaDetox,,True
es,Spanish,"es que no lo eres, es decir, qué más da ser hetero, el problema está en ser retrasado xd","es que no lo eres, es decir, qué más da ser hetero, el problema no entender las cosas",MultiParaDetox,MultiParaDetox,,True
es,Spanish,gummy cuando te pones subnormal eres un tocacojones,"Gummy, cuando te comportas de manera inapropiada, te vuelves una molestia.",MultiParaDetox,MultiParaDetox,,True
es,Spanish,hijo de puta subnormal cabeza de polla gilipollas mental zoquete,hombre malo,MultiParaDetox,MultiParaDetox,,True
es,Spanish,jaja eso es mejor que ser maricon o comunista,jaja eso es mejor que ser comunista,MultiParaDetox,MultiParaDetox,,True
es,Spanish,lo personal es político pero no por ello tienes ke ir a una manifa ke convocan sindicatos de mierda,Lo personal es político pero eso no significa que haya que ir a una manifestación que convoque a sindicatos.,MultiParaDetox,MultiParaDetox,,True
es,Spanish,"muy ateos que sois pero bien que os gustaría ser dios, eh? malditos hipocritas","Muy ateos que sois pero bien que os gustaría ser dios, eh? Es un poco hipócrita.",MultiParaDetox,MultiParaDetox,,True
es,Spanish,no soy del Celta subnormal. Ves como eres retrasado...,no soy del Celta.Ves como no entiendes,MultiParaDetox,MultiParaDetox,,True
es,Spanish,pues con lo puto retrasado que eres podría ser,en tu estado es posible,MultiParaDetox,MultiParaDetox,,True
es,Spanish,pues hazme los deberes furcia barata,"Bueno, haz mi tarea.",MultiParaDetox,MultiParaDetox,,True
es,Spanish,"que asco de gente dios, que busquen el significado de hembrismo y de feminismo y luego hablan","Que terrible gente dios, que busquen el significado de hembrismo y de feminismo y luego hablan",MultiParaDetox,MultiParaDetox,,True
es,Spanish,"unos vecinos del primero son más rojos y perroflautas que la hostia, les he dejado 6 entradas en el buzón","unos vecinos del primero son comunistas, les he dejado 6 entradas en el buzón",MultiParaDetox,MultiParaDetox,,True
es,Spanish,ya esta el subnormal de luis enrique jodiendome apuestas sin poner a suarez,ya esta luis enrique arruinandome apuestas sin poner a suarez,MultiParaDetox,MultiParaDetox,,True
es,Spanish,"ya sabes q la Mal_llamada ""PERRA"" (=FIEL)  de la TOP FURCIA de Eugenia SILVA estuvo jugando al APOCALIPSIS..con l ex_marido..",ya sabes que la TOP FURCIA de Eugenia SILVA estuvo jugando al APOCALIPSIS..con l ex_marido..,MultiParaDetox,MultiParaDetox,,True
es,Spanish,🚨🚨 Los okupas causan graves disturbios en Santiago y el alcalde 'podemita' les respalda ➡️  SON GENTUZA,Los okupas causan graves disturbios en santiago y el alcalde podemita les respalda,MultiParaDetox,MultiParaDetox,,True
hi,Hindi,अगर ये सच है तो ये भड़वा गद्दार जेल के अंदर क्यों नही ?,अगर ये सच है तो ये गद्दार जेल के अंदर क्यों नही ?,MultiParaDetox,MultiParaDetox,,True
hi,Hindi,"अच्छा,,और कौन कौन है मादरचोद नीच??? अब जरा शब्दों को सुधारने की जरूरत है शायद,,","अच्छा,,और कौन कौन है बुरा??? अब जरा शब्दों को सुधारने की जरूरत है शायद,,",MultiParaDetox,MultiParaDetox,,True
hi,Hindi,अब इसपे कोई न्यूज चैनल और दलाल एंकर आपत्ति भी नही जताएंगे ?,अब इसपे कोई न्यूज चैनल और पक्षपात एंकर आपत्ति भी नही जताएंगे ?,MultiParaDetox,MultiParaDetox,,True
hi,Hindi,अब पेपर दे भोसड़ी के,अब पेपर दो,MultiParaDetox,MultiParaDetox,,True
hi,Hindi,अब बोल रहा है इक सील भी नहीं हुआ चुप भड़वे भेनचोद,अब बोल रहा है इक सील भी नहीं हुआ,MultiParaDetox,MultiParaDetox,,True
hi,Hindi,अब रण्डी रोना कर दिए होते भड़वों तुम लोग,अब बेकार का तमाशा कर दिए होते तुम लोग,MultiParaDetox,MultiParaDetox,,True
hi,Hindi,अबे सुअर की औलाद कौन सा चश्मा पहन रखा है?,अबे कौन सा चश्मा पहन रखा है?,MultiParaDetox,MultiParaDetox,,True
hi,Hindi,अबे हरामी जिन्ना की औलाद तू अपने किसी मोहल्ले में हिंदुस्तान बाले से पूछ लें मोदी ने क्या किया,तू अपने किसी मोहल्ले में हिंदुस्तान बाले से पूछ लें मोदी ने क्या किया,MultiParaDetox,MultiParaDetox,,True
hi,Hindi,"अभिनेत्री ने अभिनय हराम बता फिल्में छोड़ीं। तो क्या सायरा,  शबाना,  सलमान,  शाहरुख , अमीर, आदि हरामी हैं ?","अभिनेत्री ने अभिनय हराम बता फिल्में छोड़ीं। तो क्या सायरा,  शबाना,  सलमान,  शाहरुख , अमीर, आदि गलत काम कर रहे हैं ?",MultiParaDetox,MultiParaDetox,,True
hi,Hindi,अभी सूअर <number> महीने में दिल्ली में विधानसभा चुनाव है,अभी <number> महीने में दिल्ली में विधानसभा चुनाव है,MultiParaDetox,MultiParaDetox,,True
hi,Hindi,अरे देखो देखो कौन भोंकी ओ हेलो तू तेरी उंगलियों का उपयोग ट्वीट करने में नहीं कही और ही चला,तू तेरी उंगलियों का उपयोग ट्वीट करने में नहीं कही और ही चला,MultiParaDetox,MultiParaDetox,,True
hi,Hindi,अरे पागल जूठा रोज लाईट बंद रखता हें भड्वा,अरे जूठा रोज लाईट बंद रखता हें,MultiParaDetox,MultiParaDetox,,True
hi,Hindi,अरे पागल लिष्ट क्या भेजेगा तुमसे साल भर में मेरा कुछ न हो सका,अरे तुम क्या भेजोगे तुमसे साल भर में मेरा कुछ न हो सका,MultiParaDetox,MultiParaDetox,,True
hi,Hindi,"अरे भेनचोद चुतीया तु केरेक्टर की बात कर रहा है,","बुरी सोच वाला आदमी तु केरेक्टर की बात कर रहा है,",MultiParaDetox,MultiParaDetox,,True
hi,Hindi,असंख्य बार ये रंडी रोना देखने की चाहत नहीं,बार बार ये बेकार का तमाशा  देखने की चाहत नहीं,MultiParaDetox,MultiParaDetox,,True
hi,Hindi,"आ गया भडवा नीच आदमी, राजनीति करने ।","जिसको राजनीति नहीं आती है, आ गया वह राजनीति करने |",MultiParaDetox,MultiParaDetox,,True
hi,Hindi,आज हमारे देश ने इतना अच्छा काम किया है तुम उस पर सवाल उठा रहे हो? चूतिया कम दिमाग वाले |,आज हमारे देश ने इतना अच्छा काम किया है तुम उस पर सवाल उठा रहे हो? कम दिमाग वाले |,MultiParaDetox,MultiParaDetox,,True
hi,Hindi,आबे तू तो बात मत कर भोसडीके.,आबे तू तो बात मत कर,MultiParaDetox,MultiParaDetox,,True
hi,Hindi,इन सालों की गांड पर लात मार के बाहर कर देना चाहिए मादरचोद रास्ता जाम किये बैठा है,इन को जबरदस्ती बाहर कर देना चाहिए  रास्ता जाम किये बैठा है,MultiParaDetox,MultiParaDetox,,True
hi,Hindi,इस कमीने भूषण को तो सेना के हवाले कर देना चाहिए,इस भूषण को तो सेना के हवाले कर देना चाहिए,MultiParaDetox,MultiParaDetox,,True
hi,Hindi,इस हरामजदओ का हरामीपन के अलावा किसी बात से मतलब नहीं,इसको बुरे काम के अलावा किसी बात से मतलब नहीं,MultiParaDetox,MultiParaDetox,,True
hi,Hindi,एड्रेस पर भोसड़ी के भेज रहा हू,एड्रेस पर तेरे भेज रहा हू,MultiParaDetox,MultiParaDetox,,True
hi,Hindi,ओए कानिये इतने जल्दी में ट्वीट क्यों कर देते हो?,ओए इतने जल्दी में ट्वीट क्यों कर देते हो?,MultiParaDetox,MultiParaDetox,,True
hi,Hindi,और उसी खरीदे हुए फ्लैट के बालकनी से नीचे प्लास्टिक की बोतल फेकेंगे भोसडीके...,और उसी खरीदे हुए फ्लैट के बालकनी से नीचे प्लास्टिक की बोतल फेकेंगे...,MultiParaDetox,MultiParaDetox,,True
hi,Hindi,और ये रोहित ने घुसेड़ा पहला छक्का गांड में..,और ये रोहित ने मारा पहला जबरदस्त छक्का..,MultiParaDetox,MultiParaDetox,,True
hi,Hindi,कहां था बे भोसडीके! तुझे पोलीस ढुंढ रही है।,कहां था बे ! तुझे पोलीस ढुंढ रही है।,MultiParaDetox,MultiParaDetox,,True
hi,Hindi,कहां से लाते है आखिर ये इतना दोगलापन?,कहां से लाते है आखिर ये इतना चापलूस व्यवहार ?,MultiParaDetox,MultiParaDetox,,True
hi,Hindi,किसी ने सही कहा कि जब गीदड़ की मौत आती है तो गाँव की तरफ दोड़ कर जाता है।,किसी ने सही कहा कि जब किसी डरपोक की मौत आती है तो गाँव की तरफ दोड़ कर जाता है।,MultiParaDetox,MultiParaDetox,,True
hi,Hindi,किसी बहन के लौड़े की अवाज नही निकली,किसी की भी अवाज नही निकली,MultiParaDetox,MultiParaDetox,,True
hi,Hindi,कीचड़ उकालने वाला नीच किस मुंह से श्रद्धांजलि दे रहा है?,कीचड़ उकालने वाला यह इंसान क्यों श्रद्धांजलि दे रहा है?,MultiParaDetox,MultiParaDetox,,True
hi,Hindi,कुछ दिन से चर्चित मुद्दे  ये है दलाल मीडिया के मुद्दे,कुछ दिन से चर्चित मुद्दे  ये है चापलूस मीडिया के मुद्दे,MultiParaDetox,MultiParaDetox,,True
hi,Hindi,कुछ लोग तो अपने बायो मे फाउंडर तो ऎसे लिखेंगे कि जैसे कोई बड़ी सी कंपनी खोल रखी है. हट भेनचोद.,कुछ लोग तो अपने बायो मे फाउंडर तो ऎसे लिखेंगे कि जैसे कोई बड़ी सी कंपनी खोल रखी है.,MultiParaDetox,MultiParaDetox,,True
hi,Hindi,कोई बॉल छोड़ रहा है कोई डक कर रहा है वो भी <number> ओवर में... वाह मादरचोद,कोई बॉल छोड़ रहा है कोई डक कर रहा है वो भी <number> ओवर में... वाह,MultiParaDetox,MultiParaDetox,,True
hi,Hindi,क्यों करते हैं ऐसी नीच हरकत।,क्यों करते हैं ऐसी बुरी हरकत।,MultiParaDetox,MultiParaDetox,,True
hi,Hindi,क्यों जनता को भटका रहा है.. कमीने,क्यों जनता को भटका रहा है..,MultiParaDetox,MultiParaDetox,,True
hi,Hindi,खैर दीदी आपसे नही हो पाएगा अपने मालिक की गलतियां तलचट्टो का कहाँ दिखाई देती है?,खैर दीदी आपसे नहीं हो पाएगा अपने मालिक में गलती आप कैसे निकाल पाएंगे बिना निष्पक्ष हुए ?,MultiParaDetox,MultiParaDetox,,True
hi,Hindi,चुप कर भोसडीके समाजसेवी पर गलत  कमेंट करता है,चुप कर समाजसेवी पर गलत कमेंट करता है,MultiParaDetox,MultiParaDetox,,True
hi,Hindi,चोदी गांड के आज बहुत मार रहे हैं,वो आज बहुत मार रहे हैं,MultiParaDetox,MultiParaDetox,,True
hi,Hindi,"जलेबी तो गईं, पर कुत्ते की जात पहचानी गई","परेशानी तो हुई, पर उसके बारे में बहुत कुछ बात गई",MultiParaDetox,MultiParaDetox,,True
hi,Hindi,"जिस किसी भी दिन फॉर्ब्स गिरे हुये नीच, जलील, कमीने पत्रकारों की लिस्ट बनायेगा. तू टॉप पर आएगा",जिस किसी भी दिन फॉर्ब्स बुरे पत्रकारों की लिस्ट बनायेगा. तू टॉप पर आएगा,MultiParaDetox,MultiParaDetox,,True
hi,Hindi,जिसका मालिक  एक लौड़े संघी भाजपाई  है,जिसका मालिक  एक भाजपाई  है,MultiParaDetox,MultiParaDetox,,True
hi,Hindi,जिसको मेरे शब्द खराब लगे उसकी मा का भोसड़ा,जिसको मेरे शब्द खराब लगे वो भाड़ में जाए,MultiParaDetox,MultiParaDetox,,True
hi,Hindi,जेहादी सूअर आस मोहम्मद को गिरफ्तार किया गया,आस मोहम्मद को गिरफ्तार किया गया,MultiParaDetox,MultiParaDetox,,True
hi,Hindi,तब कोई रंडी की औकात नहीं जो कमेंट करे।,तब किसी की औकात नहीं जो कमेंट करे।,MultiParaDetox,MultiParaDetox,,True
hi,Hindi,तब ये संस्कार क्या चादर मोड़ने गए थे ?,तब ये  संस्कार कहां चले गए थे ?,MultiParaDetox,MultiParaDetox,,True
hi,Hindi,तु बीजेपी के गलती का इंतजार ऐसा करता है  जैसे कि रंडी को ग्राहक का हो |,तू बीजेपी के गलती का इंतजार बहुत बेसब्री से करता है ।,MultiParaDetox,MultiParaDetox,,True
hi,Hindi,तुम को संस्कृत से विरोध है तो कान में लूंड़  ठूस  लो ।,तुमको संस्कृत से विरोध है तो अपने कान बंद कर लो |,MultiParaDetox,MultiParaDetox,,True
hi,Hindi,तुम भोसडीके इधर हो मैंने कहा कहा नही ढूंडा,तुम इधर हो मैंने कहा कहा नही ढूंडा,MultiParaDetox,MultiParaDetox,,True
hi,Hindi,तू कहा अपना झोपड़ा मरवा रही है मादरचोद कूत्ती ?,तू अब कहां अपनी इज्जत से खिलवाड़ करवा रही है ?,MultiParaDetox,MultiParaDetox,,True
hi,Hindi,तेरी मां का भोसड़ा जिस धोनी के नाम पर उछल रहा है ना उस धोनी को दादा ने बनाया तीन नम्बर पर बैटिंग करवा कर,जिस धोनी के नाम पर उछल रहे हो ना उस धोनी को दादा ने बनाया तीन नम्बर पर बैटिंग करवा कर,MultiParaDetox,MultiParaDetox,,True
hi,Hindi,तेरे जैसे रंडी ही गुलामी करते थे उनकी,तेरे जैसे बुरे इंसान ही गुलामी करते थे उनकी,MultiParaDetox,MultiParaDetox,,True
hi,Hindi,तो अच्छा होगा कि तुम अपनी हद मे रहो. बेटीचोद,अच्छा होगा कि तुम अपनी हद मे रहो,MultiParaDetox,MultiParaDetox,,True
hi,Hindi,"थू है ऐसे लोगो पर, और समाज पर |",ऐसे लोगो और समाज पर शर्म आती है |,MultiParaDetox,MultiParaDetox,,True
hi,Hindi,दरअसल गलती हम लोगों की है हम लोगों को भी चाहिए कि तोड़ फोड़ का जवाब तोड़ फोड़ से दे और मौत का बदला मौत ही दे,दरअसल गलती हम लोगों की है हम लोगों को भी चाहिए कि जो जैसा हमारे साथ करें हम भी वैसा ही करें उसके साथ,MultiParaDetox,MultiParaDetox,,True
hi,Hindi,दिल्ली के अंदर तोड़फोड़ भोसड़ी वाले ने करी ।,दिल्ली के अंदर तोड़फोड़ बुरे लोगों ने करी |,MultiParaDetox,MultiParaDetox,,True
hi,Hindi,"दे दीजिए पैरोल, लाइए बलात्कारी को बाहर और सभी बहन बेटियों को जेल में डाल दीजिए।","इस बलात्कारी को पैरोल देकर, सभी बहन बेटियों को असुरक्षित मत कीजिए |",MultiParaDetox,MultiParaDetox,,True
hi,Hindi,देख भड़वा कलूटे    इसपे तेरा मूत वाला मुह नही खुलेगा,इसपे तेरा मुह नही खुलेगा,MultiParaDetox,MultiParaDetox,,True
hi,Hindi,दो चार को शूट करो ये हरामी लोग अपने आप चिल्लाना बन्द कर देंगें।,दो चार पर कड़ी कार्रवाई करो ये बुरे लोग अपने आप चिल्लाना बन्द कर देंगें।,MultiParaDetox,MultiParaDetox,,True
hi,Hindi,धोनी से ज्यादा तो हार्दिक गांड़ फाड़ देता है..    अगला मैच हार्दिक खेलेगा,धोनी से ज्यादा अच्छा तो हार्दिक खेलता है..   अगला मैच हार्दिक खेलेगा,MultiParaDetox,MultiParaDetox,,True
hi,Hindi,नीच नीच ही होता है राजा बन जाए तो भी |,राजा बनने के बाद भी लोगों के बुरे व्यवहार नहीं बदलते |,MultiParaDetox,MultiParaDetox,,True
hi,Hindi,पहले गोरो को हराया   फिर हरमखोरों बांग्लादेश को हराया,पहले गोरो को हराया फिर बांग्लादेश को हराया,MultiParaDetox,MultiParaDetox,,True
hi,Hindi,पिछवाड़ा चाटने वाला को <number> लाख देता है भड़वा |,चापलूसी करने वाला को <number> लाख देता है यह भ्रष्ट आदमी |,MultiParaDetox,MultiParaDetox,,True
hi,Hindi,पैदाइस सुअर औलाद यह क्या काम कर रहा है ?,पैदाइशी बुरे आदमी यह क्या काम कर रहा है ?,MultiParaDetox,MultiParaDetox,,True
hi,Hindi,फिर लग जाते हो किसी की भी भड़वा गिरी करने,फिर लग जाते हो किसी की भी चाटुकारिता करने,MultiParaDetox,MultiParaDetox,,True
hi,Hindi,"बच्चा अपने दोस्त से - सीघ नहीं होती लोमड़ी के, और बताओ कैसे हो खोपड़ी के?",बच्चा अपने दोस्त से - और बताओ कैसे हो?,MultiParaDetox,MultiParaDetox,,True
hi,Hindi,बस हिन्दु मुसलमान कराओ और अपनी रोटी सेको। तेरे जैसा नीच आदमी इस संसार मे कही नही मिलेगा।,बस हिन्दु मुसलमान कराओ और अपनी रोटी सेको। तेरे जैसा आदमी इस संसार मे कही नही मिलेगा।,MultiParaDetox,MultiParaDetox,,True
hi,Hindi,बात नेहरू की तो उसने इतने गड्ढे किये इस देश में की भेनचोद आज तक नहीं भरे जा रहे समझ गया चरसी,बात नेहरू की तो उसने इतने गड्ढे किये इस देश में की आज तक नहीं भरे जा रहे समझ गया,MultiParaDetox,MultiParaDetox,,True
hi,Hindi,बाद में फिर तू पूछेगी यह क्या कर दिया?? रंडी,बाद में फिर तू पूछेगी यह क्या कर दिया??,MultiParaDetox,MultiParaDetox,,True
hi,Hindi,भड़वा मीडिया ने भी इस घटना को नही दिखाया।,पक्षपाती मीडिया ने भी इस घटना को नहीं दिखाया ।,MultiParaDetox,MultiParaDetox,,True
hi,Hindi,"भड्वा, तल्वे चातु, कुत्ते से भी बडा कुत्ता देखना हो तो तुजे देख लेना चाहिये",अगर इस्से भी खराब इंसान देखना है तो तुम्हें देखना चाहिए,MultiParaDetox,MultiParaDetox,,True
hi,Hindi,"भाई साहब ये कोई ताजुब की बात नही है यहाँ पर बहुत सारे कमीने, मकार, नमकहराम, दलाल, फरेबी, देशद्रोही है",भाई साहब ये कोई ताजुब की बात नही है यहाँ पर बहुत सारे बुरे लोग हैं,MultiParaDetox,MultiParaDetox,,True
hi,Hindi,भाजपा लेटी हुई है और पत्रकार अपने-अपने हिसाब से दूध पी रहे हैं ।,पत्रकार अपने-अपने हिसाब से भाजपा की चाटुकारिकता कर रहे हैं ।,MultiParaDetox,MultiParaDetox,,True
hi,Hindi,भेनचोद की औलाद एक बाप की औलाद है तो सामने से आकर हमला कर,हिम्मत है तो सामने से आकर हमला करो,MultiParaDetox,MultiParaDetox,,True
hi,Hindi,भेनचोद चोर लुटेरे तो भटके हुए नौजवान है,ये चोर लुटेरे तो भटके हुए नौजवान है,MultiParaDetox,MultiParaDetox,,True
hi,Hindi,भेनचोद पता नही तेरे जैसे लोग कैसे पत्रकार बन जाते है,पता नही तेरे जैसे लोग कैसे पत्रकार बन जाते है,MultiParaDetox,MultiParaDetox,,True
hi,Hindi,भेनचोद ये क्या चूतियापा हो रहा है?,ये क्या फालतू का काम हो रहा है?,MultiParaDetox,MultiParaDetox,,True
hi,Hindi,"भेनचोद, हम क्या माँ चुदाने इतनी मेहनत करके टेक्स भरते है..",हम क्या हद से ज्यादा परेशान होने के लिए इतनी मेहनत करके टेक्स भरते है..,MultiParaDetox,MultiParaDetox,,True
hi,Hindi,भैनचोद 4g के नाम पे अच्छा चुतिया काटते है,4g के नाम पे अच्छा बेवकूफ बनाते है,MultiParaDetox,MultiParaDetox,,True
hi,Hindi,"भैया ब्लॉक कर दिया मैंने तो इस नीच को,",भैया ब्लॉक कर दिया मैंने तो इस बेकर इंसान को,MultiParaDetox,MultiParaDetox,,True
hi,Hindi,"भोसड़ी के कटुवे मादरचोद, जो सच है वही तो सुदर्शन न्यूज दिखाता है।",जो सच है वही तो सुदर्शन न्यूज दिखाता है।,MultiParaDetox,MultiParaDetox,,True
hi,Hindi,भोसड़ी वाले तुम लोग जो है शांति बचाने वाले बन जाते हो,तुम लोग जो है शांति बचाने वाले बन जाते हो,MultiParaDetox,MultiParaDetox,,True
hi,Hindi,भोसड़ीके अगर अभी कुछ नहीं किया तो वोट मांगने मत आना।,अगर अभी कुछ नहीं किया तो वोट मांगने मत आना।,MultiParaDetox,MultiParaDetox,,True
hi,Hindi,भोसड़ीके यहां आकर बात कर तुझे जवाब देंगे।,यहां आकर बात कर तुझे जवाब देंगे।,MultiParaDetox,MultiParaDetox,,True
hi,Hindi,भोसडिके इंटरनेशनल रिपोर्ट की खबर तुरन्त आ जाती है,इंटरनेशनल रिपोर्ट की खबर तुरन्त आ जाती है,MultiParaDetox,MultiParaDetox,,True
hi,Hindi,भोसडी बालो तुम ही अपनी बहनो को भेजते हो चुदबाने इन लिव-इन रिलेशनशिप के नाम पर,तुम ही अपनी बहनो को लिव-इन रिलेशनशिप में रहने की इजाजत देते हो,MultiParaDetox,MultiParaDetox,,True
hi,Hindi,मादरचोद तुम सुवरो को दुनिया मे कोई देश पनाह नहीं देगा ||,तुम बेकार लोगों को दुनिया मे कोई देश पनाह नहीं देगा ||,MultiParaDetox,MultiParaDetox,,True
hi,Hindi,मादरचोद दिल्ली सरकार की स्कूल की चर्चा करते हुए उस मुद्दे पर टिक नही पाया,वह दिल्ली सरकार की स्कूल की चर्चा करते हुए उस मुद्दे पर टिक नही पाया,MultiParaDetox,MultiParaDetox,,True
hi,Hindi,मीडिया तो है मादरचोद लेकिन प्रशासन क्या कर रही थी?,मीडिया को तो छोड़ो लेकिन प्रशासन क्या कर रही थी?,MultiParaDetox,MultiParaDetox,,True
hi,Hindi,मूर्खो! ये घर में बैठकर कमेंट में किसी को गाली देना कौन सी बहादुरी है?,ये घर में बैठकर कमेंट में किसी को गाली देना कौन सी बहादुरी है?,MultiParaDetox,MultiParaDetox,,True
hi,Hindi,मोदी जी यदि कुछ शर्म बची है तो एक बार सीवरेज में उतरिये तब हमारा दर्द पता चलेगा।,मोदी जी एक बार सीवरेज में उतरिये तब हमारा दर्द पता चलेगा।,MultiParaDetox,MultiParaDetox,,True
hi,Hindi,मोदी सूअर का पीला भी तो चुप है,मोदी भी तो चुप है,MultiParaDetox,MultiParaDetox,,True
hi,Hindi,यह हैं लोकतंत्र का कानून? थू,यह हैं लोकतंत्र का कानून?,MultiParaDetox,MultiParaDetox,,True
hi,Hindi,यही  साले हरामखोर डॉक्टर पहले चुप थे !,यही डॉक्टर पहले चुप थे !,MultiParaDetox,MultiParaDetox,,True
hi,Hindi,यही हाल ईस कमीने का है।,यही हाल है इस बुरे आदमी का |,MultiParaDetox,MultiParaDetox,,True
hi,Hindi,ये कमीने दुःख देने के लिए ही पैदा होते है ||,ये बुरे लोग दुःख देने के लिए ही पैदा होते है ||,MultiParaDetox,MultiParaDetox,,True
hi,Hindi,ये दिखा रही कि देखो हमारी गाँड आसानी से मर सकती है पर जैसे ही तुम मारने को आओगे हम गाँड उचका देंगे,ये दिखा रही कि देखो हम आसानी से पकड़े जा सकते हैं पर जैसे ही तुम आओगे हम भाग जाएंगे,MultiParaDetox,MultiParaDetox,,True
hi,Hindi,ये देखकर मुझे तेरी मेहरबानिया फिल्म के सुंदर गांड की याद आ गई |,ये देखकर मुझे तेरी मेहरबानिया फिल्म के सुंदर हीरोइन की याद आ गई ।,MultiParaDetox,MultiParaDetox,,True
hi,Hindi,ये सूअरिआ यहां हिन्दुओं को बदनाम कर रही है पत्रकारिता के नाम पर कलंक है ये,ये यहां हिन्दुओं को बदनाम कर रही है पत्रकारिता के नाम पर,MultiParaDetox,MultiParaDetox,,True
hi,Hindi,ये स्टाम्प में पीछे ज़रा सा पिल्ला अपनी खूब माँ चुदवा रहा है आज,ये स्टाम्प में पीछे अच्छा नहीं खेल रहा है आज,MultiParaDetox,MultiParaDetox,,True
hi,Hindi,ये हरामखोरो को पता नही है ?,ये धोखेबाजों को पता नही है ?,MultiParaDetox,MultiParaDetox,,True
hi,Hindi,ये हरामी खुलेआम अलगाववादी भाषा बोल रहा है।,ये बेकार आदमी खुलेआम अलगाववादी भाषा बोल रहा है।,MultiParaDetox,MultiParaDetox,,True
hi,Hindi,रंडि के पैदाइस कुछ नहि बोलेगे ?,यह लोग कुछ नहि बोलेगे ?,MultiParaDetox,MultiParaDetox,,True
hi,Hindi,रंडी रोना शुरू कर दे धोनी आज धागा खोल देगा ।,शिकायत करना शुरू कर दो धोनी आज धागा खोल देगा ।,MultiParaDetox,MultiParaDetox,,True
hi,Hindi,रात को भेनचोद दारु के साथ मिक्सिंग में राखी सावंत के वीडियोस देख के ये हालत हुई है इसकी...,रात को दारू के साथ अश्लील वीडियोस देख के ये हालत हुई है इसकी...,MultiParaDetox,MultiParaDetox,,True
hi,Hindi,रोज़ कौन भेनचोद लाउडस्पीकर पर रैप करता है ?,रोज़ कौन लाउडस्पीकर पर रैप करता है ?,MultiParaDetox,MultiParaDetox,,True
hi,Hindi,"लण्ड, सच्चे पत्रकार  बनने की कोशिश कर वर्ना अपने आपसे घीन आने लगेगी",सच्चे पत्रकार  बनने की कोशिश कर वर्ना अपने आपसे शर्म आने लगेगी,MultiParaDetox,MultiParaDetox,,True
hi,Hindi,वहां का मुख्यमंत्री भडवा है ।,वहां का मुख्यमंत्री अच्छा नहीं है |,MultiParaDetox,MultiParaDetox,,True
hi,Hindi,वाह भेनचोद वाह ...एक आदमी को नीचे गिराने के लिए कितने लोग लगे हुए हैं ...,वाह भाई वाह  ... एक आदमी को नीचा गिराने के लिए कितने लोग हैं,MultiParaDetox,MultiParaDetox,,True
hi,Hindi,"सचाई ज़रूरी है, लेकिन तुमसे उमीद क्या करूँ नीच","सचाई ज़रूरी है, लेकिन तुमसे उमीद क्या करूँ",MultiParaDetox,MultiParaDetox,,True
hi,Hindi,समझा जरा रे सुअर हमको भी,समझा जरा हमको भी,MultiParaDetox,MultiParaDetox,,True
hi,Hindi,सहन की भी एक सीमा होती है. बहुत हुई तुम जेसओ को इज्जत. मादरचोद भेनचोद रंडी की औलाद,सहन की भी एक सीमा होती है. बहुत हुई तुम जेसओ को इज्जत.,MultiParaDetox,MultiParaDetox,,True
hi,Hindi,साली चुतीया औरत नाम लेने से डरती है रंडी कही की ||,वह डरपोक औरत नाम लेने से डरती है ||,MultiParaDetox,MultiParaDetox,,True
hi,Hindi,साले पिछले बारी बोला था कांग्रेस से गठबंधन की बात भी करू तो बेटा मर जाये,वह पिछले बारी बोला था कांग्रेस से गठबंधन की बात भी करू तो बेटा मर जाये,MultiParaDetox,MultiParaDetox,,True
hi,Hindi,साले रंडी की औलाद चुप हो जा,बुरे आदमी चुप हो जा,MultiParaDetox,MultiParaDetox,,True
hi,Hindi,सिंगार के लिए सामान कहां से लेकर आएंगे भेनचोद,सिंगार के लिए सामान कहां से लेकर आएंगे,MultiParaDetox,MultiParaDetox,,True
hi,Hindi,"सुअर पने आए बाज़ आ जा, कही निबटा न दी जाय।","बुरे कामों से बाज आ जा, कही निबटा न दी जाय।",MultiParaDetox,MultiParaDetox,,True
hi,Hindi,सुवर अब तो बदल जाओ भोसडीका,अब तो बदल जाओ अपनी बुरी आदतों से,MultiParaDetox,MultiParaDetox,,True
hi,Hindi,सोचिये ऐसी नीच सोच के इस व्यक्ति ने भोली-भाली जनता को कितनी बेरहमी से लूटा-खसोटा होगा |,सोचिये ऐसी खराब सोच के इस व्यक्ति ने भोली-भाली जनता को कितनी बेरहमी से लूटा होगा |,MultiParaDetox,MultiParaDetox,,True
hi,Hindi,हम मादरचोद हैं क्या कर सकते है,हम डरपोक हैं हम क्या कर सकते है,MultiParaDetox,MultiParaDetox,,True
hi,Hindi,हमारे टुकड़ों पर पलने वाले सूअर नमक हराम भडवे,हमारे टुकड़ों पर पलने वाले धोखेबाज,MultiParaDetox,MultiParaDetox,,True
hi,Hindi,हरामी पत्रकारिता कर दलाली नहीं |,पत्रकारिता निष्पक्षता के साथ कर |,MultiParaDetox,MultiParaDetox,,True
hi,Hindi,हरामी भाग गया मैदान छोड़ कर,वाह भाग गया मैदान छोड़ कर,MultiParaDetox,MultiParaDetox,,True
uk,Ukrainian,"'Але звинувачувати у проруснявій позиції можуть лише повні, абсолютно кончені дегенерати, п''янь від люмпеноти, русня і підруснявлені манкурти.'","Але звинувачувати у проросійській позиції можуть лише повні, абсолютно нерозумні люди.",MultiParaDetox,MultiParaDetox,,True
uk,Ukrainian,"(Ну або які в нас там ще є елітарні мудаки, яким власна елітарність без тупоголових донецьких недостатньо елітарна)","(Ну або які в нас там ще є елітарні хлопці, яким власна елітарність без хлопці донецьких недостатньо елітарна)",MultiParaDetox,MultiParaDetox,,True
uk,Ukrainian,"(Якшо якась сука, знову, не зіллє інфу)","(Якшо якась людина, знову, не зіллє інфу)",MultiParaDetox,MultiParaDetox,,True
uk,Ukrainian,"*бальной ублюдак*але ж це все цікаве розкриває, чувак!","*божевільна людина*але ж це все цікаве розкриває, чувак!",MultiParaDetox,MultiParaDetox,,True
uk,Ukrainian,"[городити хуйню про грамотність жахливо неграмотними і українською, і російською мовами: вишенька на тортику цієї феєрії]","[городити дурницю про грамотність жахливо неграмотними і українською, і російською мовами: вишенька на тортику цієї феєрії]",MultiParaDetox,MultiParaDetox,,True
uk,Ukrainian,"«Подивіться, яка я бідося, жалійте мене блять!».","«Подивіться, яка я бідося, жалійте мене!».",MultiParaDetox,MultiParaDetox,,True
uk,Ukrainian,"Є частинка щастя в хорі народу на концерті Жадана і Собак, який співає:Чотири роки сука без Кобзона!","Є частинка щастя в хорі народу на концерті Жадана і Собак, який співає:Чотири роки без Кобзона!",MultiParaDetox,MultiParaDetox,,True
uk,Ukrainian,"І бля, їхала сюди - то мала роботу.","І, їхала сюди - то мала роботу.",MultiParaDetox,MultiParaDetox,,True
uk,Ukrainian,"І головне ж перша заговорила, а я...лох...","І головне ж перша заговорила, а я...невдаха...",MultiParaDetox,MultiParaDetox,,True
uk,Ukrainian,"Ідеальну хуйню, щоб тебе ніхто не торкався в метро, знайдено.","Ідеальна рiч, щоб тебе ніхто не торкався в метро, знайдена.",MultiParaDetox,MultiParaDetox,,True
uk,Ukrainian,Ідіть нахуй зі своїми блядськими стереотипами.,Відчепіться зі своїми стереотипами.,MultiParaDetox,MultiParaDetox,,True
uk,Ukrainian,Іноді ой як хочеться повиривати патли всім цих шлюхам!,Іноді ой як хочеться повиривати волосся всім цих жінкам легкої поведінки!,MultiParaDetox,MultiParaDetox,,True
uk,Ukrainian,"Інші просто долбайоби, бо я теж не шарю, за що ціна така.","я теж не шарю, за що ціна така.",MultiParaDetox,MultiParaDetox,,True
uk,Ukrainian,А всюди йобаний натовп з йобаними руками.,А всюди натовп з руками,MultiParaDetox,MultiParaDetox,,True
uk,Ukrainian,"А чи не мразь ти, Дмитро?","чи не редиска ти, Дмитро?",MultiParaDetox,MultiParaDetox,,True
uk,Ukrainian,Ахахахха блятьЯ б пішов пішкиЯкби дойшов,Ахахахха Я б пішов пішки Якби дойшов,MultiParaDetox,MultiParaDetox,,True
uk,Ukrainian,Батюшка сказав шо митрополит-це наш пастир до Спасіння а митрополітен-це якась хуйня з рельсами яка веде у Теремки,Батюшка сказав шо митрополит це наш пастир до спасіння а метрополітен це якась штука з рельсами яка веде у теремки,MultiParaDetox,MultiParaDetox,,True
uk,Ukrainian,"Бляха, нахєра ми це зробили?",навіщо ми це зробили?,MultiParaDetox,MultiParaDetox,,True
uk,Ukrainian,"Бо сука-блять перша ночі, а ти тут розлігся як тюлєнь на льодовику.","Бо перша ночі, а ти тут розлігся як тюлєнь на льодовику.",MultiParaDetox,MultiParaDetox,,True
uk,Ukrainian,"Боже блять, нарешті хтось про CCR сказав.","Боже, нарешті хтось про ССR сказав",MultiParaDetox,MultiParaDetox,,True
uk,Ukrainian,Бути тупим уїбаном саме по собі не є поганою рисою.,Бути поганою людиною саме по собі не є поганою рисою.,MultiParaDetox,MultiParaDetox,,True
uk,Ukrainian,"В чому ваша, сука, проблема?","В чому ваша, проблема?",MultiParaDetox,MultiParaDetox,,True
uk,Ukrainian,"Вам шо, феміністка хуй відгризла?","Вам що, феміністка дорогу перейшла",MultiParaDetox,MultiParaDetox,,True
uk,Ukrainian,Вангую прапори новоросій чи іншого роду провокативні хуйні на трибунах,Вангую прапори новоросій чи іншого роду провокативні речі на трибунах,MultiParaDetox,MultiParaDetox,,True
uk,Ukrainian,Вміння кормити хуями арт спільноту,Вміння дурити арт спільноту,MultiParaDetox,MultiParaDetox,,True
uk,Ukrainian,"Воно настільки убоге, що навіть я, яка давно відверто називає Фреймут бляддю, не маю що сказати.","Воно на стільки просте, що навіть я, яка давно відверто називає Фреймут поганою, не маю що сказати",MultiParaDetox,MultiParaDetox,,True
uk,Ukrainian,"Все одно він мудак, бо не пише)","Все одно він негідник, бо не пише",MultiParaDetox,MultiParaDetox,,True
uk,Ukrainian,Всі збиратимутися та дрочитимуть на твої фоточки.,Всі збиратимутися та вонанувати на твої фоточки.,MultiParaDetox,MultiParaDetox,,True
uk,Ukrainian,"Він потім думає, ну і в пизду не дуже то і хотілось їсти.","Він потім думає, ну і не дуже то і хотілось їсти.",MultiParaDetox,MultiParaDetox,,True
uk,Ukrainian,Де вона зараз – хуй знає,Де вона зараз – ніхто не знає,MultiParaDetox,MultiParaDetox,,True
uk,Ukrainian,"Дивлюсь на відповіді голосувань і бля, who the fuck так погано мене знає?","Дивлюсь на відповіді голосувань і, хто так погано мене знає?",MultiParaDetox,MultiParaDetox,,True
uk,Ukrainian,"Для всіх хто вважає, що я, блять, забагато матюкаюся наступна цитата:","Для всіх хто вважає, що я забагато матюкаюся наступна цитата:",MultiParaDetox,MultiParaDetox,,True
uk,Ukrainian,Дуже хочу написати щось дуже розумне  але хуй його знає що...,Дуже хочу написати щось дуже розумне  але хто його знає що...,MultiParaDetox,MultiParaDetox,,True
uk,Ukrainian,"Дякую за зауваження)Пиздити мене треба, щоб менше пизділа!","Дякую за зауваження)Бити мене треба, щоб менше тараторіла!",MultiParaDetox,MultiParaDetox,,True
uk,Ukrainian,"Здатність говорити - це просто найнепотрібніша хуйня, дана мені.","Здатність говорити - це просто найнепотрібніша рiч, дана мені.",MultiParaDetox,MultiParaDetox,,True
uk,Ukrainian,Коли пацан - пиздець як відразливо.,Коли пацан - геть як відразливо.,MultiParaDetox,MultiParaDetox,,True
uk,Ukrainian,Коли я навчуся не пройобувати час для сну на хуйню?,Коли я навчуся не витрачати час для сну на марно?,MultiParaDetox,MultiParaDetox,,True
uk,Ukrainian,"Краще так, ніж всякі мразенькі","Краще так, ніж всякі",MultiParaDetox,MultiParaDetox,,True
uk,Ukrainian,"Люди, котрі юзають мільйон смайлів, без зайвих слів ідуть нахуй.","Люди, котрі юзають мільйон смайлів, без зайвих слів ідуть далеко",MultiParaDetox,MultiParaDetox,,True
uk,Ukrainian,"Лєра, вітаю, ти похерила найбільш невибагливу рослину.","Лєра, вітаю, ти испортила найбільш невибагливу рослину.",MultiParaDetox,MultiParaDetox,,True
uk,Ukrainian,"Можу допомогти, все рівно хуйї штурхаю","Можу допомогти, все рівно нічим не займаюсь",MultiParaDetox,MultiParaDetox,,True
uk,Ukrainian,Мозок: *думає про цю хуйню*,Мозок думає про цю несамітницю,MultiParaDetox,MultiParaDetox,,True
uk,Ukrainian,"На запах яблучних млинчиків прибіг сусід: ""бля, тебе нарешті хтось візьме заміж і забере звідси к чортовій матері?""","На запах яблучних млинчиків прибіг сусід: "", тебе нарешті хтось візьме заміж і забере звідси?""",MultiParaDetox,MultiParaDetox,,True
uk,Ukrainian,На колір та смак товариш не всякДля когось і Хакслі - хуйовий автор,На колір та смак товариш не всяк для когось і хакслі- поганий автор,MultiParaDetox,MultiParaDetox,,True
uk,Ukrainian,Нахуя я це вчу блять?,навiщо я це вчу?,MultiParaDetox,MultiParaDetox,,True
uk,Ukrainian,"Не блядство, а «високий рівень соціосексуальної орієнтації»","Не розпуста, а «високий рівень соціосексуальної орієнтації»",MultiParaDetox,MultiParaDetox,,True
uk,Ukrainian,Ну вот сучка прямо як у мене),Ну вот прямо як у мене),MultiParaDetox,MultiParaDetox,,True
uk,Ukrainian,"Ну нахуй, мудаки і є мудаки","Ну, погані і є погані",MultiParaDetox,MultiParaDetox,,True
uk,Ukrainian,"Ну та, і трахнутись було б непогано.","Ну та, i по зноситися було б непогано.",MultiParaDetox,MultiParaDetox,,True
uk,Ukrainian,"Нічого осбливого, просто новий пляж в Тернополі*АХУЄТЬ БЛЯТЬ*","Нічого осбливого, просто новий пляж в Тернополі*НЕЙМОВIРНО*",MultiParaDetox,MultiParaDetox,,True
uk,Ukrainian,Один хуй хріново добиратись з Наукової до Рясне шо старим 131 шо новим 11 #lviv #піздєц,Однаково погано добиратись з Наукової до Рясне шо старим 131 шо новим 11 #lviv,MultiParaDetox,MultiParaDetox,,True
uk,Ukrainian,Останнім часом не бачив НЕ мудаків.,Останнім часом не бачив НЕ поганих людей.,MultiParaDetox,MultiParaDetox,,True
uk,Ukrainian,"От би монетизувати своє почуття сорому за хуйню, котру роблять інші.",От би монетизувати своє почуття сорому за те шо роблять інші.,MultiParaDetox,MultiParaDetox,,True
uk,Ukrainian,"От нахуя мене зайобувати з самого ранку, а???","Ось навіщо мене діставати з самого ранку, а???",MultiParaDetox,MultiParaDetox,,True
uk,Ukrainian,"Отак не встиг зафоловити людину, як вона почала писати хуйню.","Отак не встиг зафоловити людину, як вона почала писати нісенітницю.",MultiParaDetox,MultiParaDetox,,True
uk,Ukrainian,"Ох ти ж блін, я й не бачила, шо вже так пізно.","я й не бачила, шо вже так пізно.",MultiParaDetox,MultiParaDetox,,True
uk,Ukrainian,"Пора слухати величну симфонію *Ну його нахуй*, а завершувати увертюрою *Пєздєц* до симфонії *Життя*.","Пора слухати величну симфонію *Ну його в баню*, а завершувати увертюрою *капець* до симфонії *Життя*",MultiParaDetox,MultiParaDetox,,True
uk,Ukrainian,При мені такої хуйні б не було.,При мені такої нісенітниці б не було.,MultiParaDetox,MultiParaDetox,,True
uk,Ukrainian,"Про мій твіттер гарно сказав Чарльз Буковскі ""Лінь народжує срань, срань - страждання, страждання - літературу ...","Про мій твіттер гарно сказав Чарльз Буковскі ""Лінь народжує погане, погане - страждання, страждання - літературу ...",MultiParaDetox,MultiParaDetox,,True
uk,Ukrainian,"Підйом, курво, Arbeit macht frei","Підйом, Arbeit macht frei",MultiParaDetox,MultiParaDetox,,True
uk,Ukrainian,"Пізда катьонку, більше срать не буде.","Кінець катьонкуі, більше какати не буде.",MultiParaDetox,MultiParaDetox,,True
uk,Ukrainian,"Ранок почався з мамчиних нарікань на Укргазбанк:— бляцький Укргаз, уроди...— и тебе хорошего дня","Ранок почався з мамчиних нарікань на укргазбанк-поганий укргаз, негарні- и тебе хорошего дня",MultiParaDetox,MultiParaDetox,,True
uk,Ukrainian,"Сміх сміхом, а пизда горіхои","Сміх сміхом, а попа горіхом",MultiParaDetox,MultiParaDetox,,True
uk,Ukrainian,"Сука, який же ж ахуєнний деньТреба мені частіше вихідні брати","Боже, який же чудовий день Треба мені частіше вихідні брати",MultiParaDetox,MultiParaDetox,,True
uk,Ukrainian,"ТА ЦЕ БУВ МОКРИЙ, МАТЬ ЙОГО, СНІГ!!!","Та це був мокрий, снiг!",MultiParaDetox,MultiParaDetox,,True
uk,Ukrainian,Та блять тисніть свої тупі кнопки!,Та  тисніть вже свої кнопки!,MultiParaDetox,MultiParaDetox,,True
uk,Ukrainian,"Та блять, боже, дай мені вже вмерти.","Та  боже, дай мені вже вмерти.",MultiParaDetox,MultiParaDetox,,True
uk,Ukrainian,"Та нахєр блядь то всьо, всі сука сцять бути відповідальним і накатати ту заяву до ректора.","Та навищо то всьо, всі боятся бути відповідальним і накатати ту заяву до ректора.",MultiParaDetox,MultiParaDetox,,True
uk,Ukrainian,"Та ну нахуй, це ж там підписувати бумажку треба, лінь.","Та ну нє, це ж там підписувати бумажку треба, лінь.",MultiParaDetox,MultiParaDetox,,True
uk,Ukrainian,Ти пизда як зміниласьДо того ти була ще терпимоюА зараз на кожному кроці хочеться тобі вєбати,Ти сильно як зміниласьДо того ти була ще терпимоюА зараз на кожному кроці хочеться тебе вдарити,MultiParaDetox,MultiParaDetox,,True
uk,Ukrainian,"Ти чо, ахурмєл так базаріть, дядя?","Ти чо взагалi так казати, дядя?",MultiParaDetox,MultiParaDetox,,True
uk,Ukrainian,"Ти шо, коронне ""не трахай мізки"" до всього застосовують","Ти шо, коронне ""не насилуй мізки"" до всього застосовують",MultiParaDetox,MultiParaDetox,,True
uk,Ukrainian,Толстой блядь воістіну великий фікрайтер,Толстой воістіну великий фікрайтер,MultiParaDetox,MultiParaDetox,,True
uk,Ukrainian,Тому доводиться вмикати режим хитрожопість.,Тому доводиться вмикати режим хитрощів.,MultiParaDetox,MultiParaDetox,,True
uk,Ukrainian,Точно не мої їбануті сусіди.,Точно не моi сусiди.,MultiParaDetox,MultiParaDetox,,True
uk,Ukrainian,"Тільки підпишешся на якусь цікаву людину, а вона одразу перестає твітити, знаходить собі мужика, товстіє чи починає постити хуйню.","Тільки підпишешся на якусь цікаву людину, а вона одразу перестає твітити, знаходить собі мужика, товстіє чи починає постити нісенітницю.",MultiParaDetox,MultiParaDetox,,True
uk,Ukrainian,"Хоча насправді похуй, просто не було чим, а його щітка й справді чистить в важкодоступних місцях.","Хоча насправді байдуже, просто не було чим, а його щітка й справді чистить в важкодоступних місцях.",MultiParaDetox,MultiParaDetox,,True
uk,Ukrainian,"Хочу постити депресивну хуйню в інст, але там забагато знайомих","Хочу постити депресивну дурниці в інст, але там забагато знайомих",MultiParaDetox,MultiParaDetox,,True
uk,Ukrainian,"Це не лєві) а тітка, яка сама ніхуя толком не прожила.","Це не лєві) а тітка, яка сама нічого толком не прожила.",MultiParaDetox,MultiParaDetox,,True
uk,Ukrainian,Цей блядський кондиціонер - гомофоб!,Цей кондиціонер - гомофоб!,MultiParaDetox,MultiParaDetox,,True
uk,Ukrainian,"Чемпіоном він хоче бути, ага, бля.","Чемпіоном він хоче бути, ага",MultiParaDetox,MultiParaDetox,,True
uk,Ukrainian,"Шоб я не робила, все якось через жопу.","Шоб я не робила, всё якось через останнє місце",MultiParaDetox,MultiParaDetox,,True
uk,Ukrainian,Що це за блядський цирк в Москві?)),Що це за цирк в Москві?)),MultiParaDetox,MultiParaDetox,,True
uk,Ukrainian,Я ж не залупа якась,Я ж не поганаа якась,MultiParaDetox,MultiParaDetox,,True
uk,Ukrainian,"Я зара вшарила, що я дуже долбайоб.","Я зара вшарила, що я дуже не розумна.",MultiParaDetox,MultiParaDetox,,True
uk,Ukrainian,Я можу придумувати їбануті програми для СТБ.,Я можу придумувати дивні програми для СТБ.,MultiParaDetox,MultiParaDetox,,True
uk,Ukrainian,"Я не зла, але скоро буду бити вікна так припаркованим мудакам","Я не зла, але скоро буду бити вікна так припаркованим",MultiParaDetox,MultiParaDetox,,True
uk,Ukrainian,Я охуєла і привела кураторку.,Я буда в шоцi і привела кураторку.,MultiParaDetox,MultiParaDetox,,True
uk,Ukrainian,Я і щас нахуй здався?,Я і щас навіщо здався?,MultiParaDetox,MultiParaDetox,,True
uk,Ukrainian,"Як перестати хотіти трахнути все, що рухається?",Як перестати хотіти все що рухається,MultiParaDetox,MultiParaDetox,,True
uk,Ukrainian,Яка була курва матиТака ж курва дочка!,Яка була мати така ж і дочка,MultiParaDetox,MultiParaDetox,,True
uk,Ukrainian,"Яка ж я зла, блять.",Яка ж я зла,MultiParaDetox,MultiParaDetox,,True
uk,Ukrainian,"Якщо я когось не читаю, значить я, блять, не хочу їх бачити в стрічці.","Якщо я когось не читаю, значить я не хочу їх бачити в стрічці.",MultiParaDetox,MultiParaDetox,,True
uk,Ukrainian,а мені нравПросто гріх дрищів не падйобувать,а мені нравПросто гріх противних не підколювати,MultiParaDetox,MultiParaDetox,,True
uk,Ukrainian,"ба-ссуха, блять. там одна ""с"", дятел","ба-ссуха,  там одна ""с"", чол",MultiParaDetox,MultiParaDetox,,True
uk,Ukrainian,"бля, не писать йому тоді, чи шо","не писать йому тоді, чи шо",MultiParaDetox,MultiParaDetox,,True
uk,Ukrainian,"бля, я тікаю від вас спати.",я тікаю від вас спати,MultiParaDetox,MultiParaDetox,,True
uk,Ukrainian,блять а шо це справді лякає?) я завжди так роблю,а шо це справді лякає?) я завжди так роблю,MultiParaDetox,MultiParaDetox,,True
uk,Ukrainian,"блять, забув на вписці зарядку від ноута. попереду 11годинний робочий день. сука.сука.сука",забув на вписці зарядку від ноута. попереду 11годинний робочий день.,MultiParaDetox,MultiParaDetox,,True
uk,Ukrainian,"блять, ну чому, коли я пишу саме такі твіти, ти тут?","ну чому, коли я пишу саме такі твіти, ти тут?",MultiParaDetox,MultiParaDetox,,True
uk,Ukrainian,"бляха, вгамуйте хтось тимошенко. уже блювати від її коників хочеться.",заспокойте хтось тимошенко. не можу вже від її коникiв.,MultiParaDetox,MultiParaDetox,,True
uk,Ukrainian,"бляха, я не можу змусити себе вчитися!","Капець, я не можу змусити себе вчитися",MultiParaDetox,MultiParaDetox,,True
uk,Ukrainian,"в мене така жопа, шо їй і 3 торти не завадить","в мене така пятая точка, шо їй і 3 торти не завадить",MultiParaDetox,MultiParaDetox,,True
uk,Ukrainian,в сраку ті дужки засунь)))))),Не потрібні мені твоі дужки)))),MultiParaDetox,MultiParaDetox,,True
uk,Ukrainian,"всі, кому не нрав Євробачення тікайте з села,вам пизда #Eurovision","всі, кому не нрав Євробачення тікайте з села",MultiParaDetox,MultiParaDetox,,True
uk,Ukrainian,"дякую, а ти киця, блять)","дякую, а ти киця",MultiParaDetox,MultiParaDetox,,True
uk,Ukrainian,"жопа, к слову – на 2 з мінусом і без наколок.","'п''ята точка, к слову – на 2 з мінусом і без наколок.'",MultiParaDetox,MultiParaDetox,,True
uk,Ukrainian,"за тим самим платоном поетів та взагалі митців - нахуй з пляжа, вигнати за межі Держави Платона)","за тим самим платоном поетів та взагалі митців - нафiг з пляжа, вигнати за межі Держави Платона)",MultiParaDetox,MultiParaDetox,,True
uk,Ukrainian,"зайди на фб, молю! кончений вк не дає нічого зробити! це все хуйло всране","Зайди на фб, молю вк не дає нічого зробити, це все чоловік поганий",MultiParaDetox,MultiParaDetox,,True
uk,Ukrainian,не лишайте пухнастих мудаків наодинці зі шкарпетками,не лишайте пухнастих наодинці зі шкарпетками,MultiParaDetox,MultiParaDetox,,True
uk,Ukrainian,"нє, просто мене пре фраза - няняня-хуйня) Та й який з мене нах отаку?","нє, просто мене пре фраза - няняня-фігня) Та й який з мене отаку?",MultiParaDetox,MultiParaDetox,,True
uk,Ukrainian,"ні, це дає тобі право посилати їх нахуй!","ні, це дає тобі право посилати їх",MultiParaDetox,MultiParaDetox,,True
uk,Ukrainian,"ніколи...чуєте, ніколи! не плутайте такі речі. це ж як хуй з пальцем порівнювати))","ніколи...чуєте, ніколи! не плутайте такі речі. це ж не можлiво порівнювати))",MultiParaDetox,MultiParaDetox,,True
uk,Ukrainian,"отож і воно, гідність, бляха, поламалася","отож і воно, гідність поламалася",MultiParaDetox,MultiParaDetox,,True
uk,Ukrainian,пмс - це ніхуя не весело,Пмс це взагалі не весело,MultiParaDetox,MultiParaDetox,,True
uk,Ukrainian,про ситуацію з плагіатом у журналі Vogue можу сказати: 2 тупі пизди,про ситуацію з плагіатом у журналі Vogue можу сказати: 2 глупі жінки,MultiParaDetox,MultiParaDetox,,True
uk,Ukrainian,"та блять, нема зворотніх плацкартів на коли мені треба в обозрімом будущєм",Нема зворотніх плацкартні на коли мені треба в обозрімом будущєм,MultiParaDetox,MultiParaDetox,,True
uk,Ukrainian,та тоді якийсь пиздец бувв мене рідко губи тріскають,Та тоді якийсь ужас бувв мене рідко губи тріскають,MultiParaDetox,MultiParaDetox,,True
uk,Ukrainian,"тому, кстатє, спайк лі получив каннську гілочку, а кокотюха получив хуй на патичку, і так йому і нада.","тому, кстатє, спайк лі получив каннську гілочку, а кокотюха нічого не получив, і так йому і нада.",MultiParaDetox,MultiParaDetox,,True
uk,Ukrainian,тільки він ще і гандон.,тільки він ще і понага людина.,MultiParaDetox,MultiParaDetox,,True
uk,Ukrainian,"я за сьогодні вже 2 рази блять, руки реально з жопи ростуть","я за сьогодні вже 2 рази , руки реально нiзвiдки треба ростуть",MultiParaDetox,MultiParaDetox,,True
uk,Ukrainian,"імхо - жахлива хуйня. красіво, більш-менш непогана бойовка, загалом - хуйня.","імхо - жахливо. красіво, більш-менш непогана бойовка, загалом - жах",MultiParaDetox,MultiParaDetox,,True
xh,isiXhosa,"ayika zalwa inkazana enondixelela mandithini nge mali yam ,tyini thiza #lrt","Inkazana, nceda ungandixeleli ukuba ndithini ngemali yam #lrt",afrihate_human_reviewed,AfriHate,dev_isixhosa_00045,True
xh,isiXhosa,"ayika zalwa inkazana enondixelela mandithini nge mali yam ,tyini thiza #lrt",Akufuneki ukuba inkazana indixelele ndenze ntoni ngemali yam #lrt,afrihate_human_reviewed,AfriHate,dev_isixhosa_00045,True
xh,isiXhosa,"ayika zalwa inkazana enondixelela mandithini nge mali yam ,tyini thiza #lrt",Andiyithandi le nto; umntu undixelela ukuba ndenzeni ngemali yam. #lrt,afrihate_human_reviewed,AfriHate,dev_isixhosa_00045,True
xh,isiXhosa,akujwayeleki ukubona isidudla somjitha whos not balling! gci.,akujwayeleki ukubona umntu othanda ukuzibonakalisa ongaphumeleli.,afrihate_human_reviewed,AfriHate,dev_isixhosa_00172,True
xh,isiXhosa,"itya ngomlomo bhuti, sukhupha ikaka ngawo. URL","Yitya ngomlomo, bhuti, musa ukuthetha izinto ezingalunganga.",afrihate_human_reviewed,AfriHate,dev_isixhosa_00275,True
xh,isiXhosa,"itya ngomlomo bhuti, sukhupha ikaka ngawo. URL","Itya ngomlomo, bhuti, susa ukungcola kuwo.",afrihate_human_reviewed,AfriHate,dev_isixhosa_00275,True
xh,isiXhosa,"itya ngomlomo bhuti, sukhupha ikaka ngawo. URL","Yitya ngomlomo, bhuti; musa ukuthetha izinto ezingalunganga.",afrihate_human_reviewed,AfriHate,dev_isixhosa_00275,True
xh,isiXhosa,"futsek dlala nabangani bakho obuya msuthu notshakhuma uyeke ukusijwayela kabi , URL","Hamba udlale nabahlobo bakho obuya msuthu notshakhuma, uyeke ukusiphatha kakubi, URL",afrihate_human_reviewed,AfriHate,dev_isixhosa_00276,True
xh,isiXhosa,@username futsek sathana suhleka sathana asingawo la maxhegwazana uwatyayo xa ulapha ekapa moerskont,@username Ndicela ungathethi kabi malunga nala maxhegwazana xa ulapha eKapa,afrihate_human_reviewed,AfriHate,dev_isixhosa_00288,True
xh,isiXhosa,ungavumi bakwenze umnqundu....,Ungavumi ukuba bakuhlekise.,afrihate_human_reviewed,AfriHate,dev_isixhosa_00308,True
xh,isiXhosa,uzimpundu ezimdaka wena. URL,Wena ubukeka ungcolile.,afrihate_human_reviewed,AfriHate,dev_isixhosa_00495,True
xh,isiXhosa,uzimpundu ezimdaka wena. URL,Ubonakala ungacacanga kakuhle.,afrihate_human_reviewed,AfriHate,dev_isixhosa_00495,True
xh,isiXhosa,uzimpundu ezimdaka wena. URL,Andiyithandi indlela oziphatha ngayo.,afrihate_human_reviewed,AfriHate,dev_isixhosa_00495,True
xh,isiXhosa,@username msunu kanyoko wena.. ungathola isikhathi sihloniphe,Ungathola ixesha lokuhlonipha?,afrihate_human_reviewed,AfriHate,dev_isixhosa_00557,True
xh,isiXhosa,@USER labuya ihule lam 🥺,@USER intombi yam ibuyile,afrihate_human_reviewed,AfriHate,dev_isixhosa_00561,True
xh,isiXhosa,@USER labuya ihule lam 🥺,@USER labuya sithandwa sam 🥺,afrihate_human_reviewed,AfriHate,dev_isixhosa_00561,True
xh,isiXhosa,@USER zogulisa iinduna zethu wena mgodoyi kutheni ungayohlala kwakho or uyobabusy kule mortuary yakho etonoreraaaaa kamnandi didi..,@USER uyenza iinduna zethu zigule; kutheni ungaqhubeki uhlale kwakho okanye uye usebenzela kwimortuary yakho?,afrihate_human_reviewed,AfriHate,test_isixhosa_00027,True
xh,isiXhosa,bayayinxila ikaka aba mama 😂😂,Bayayinxila kakhulu aba mama 😂😂,afrihate_human_reviewed,AfriHate,test_isixhosa_00047,True
xh,isiXhosa,"ek'seni kanje seni thetha ikaka, chill lutho lay'khaya.","ek'seni kanje seni thetha into engalunganga, phumla, akukho nto ekhaya.",afrihate_human_reviewed,AfriHate,test_isixhosa_00123,True
xh,isiXhosa,"ek'seni kanje seni thetha ikaka, chill lutho lay'khaya.","ek'seni kanje seni thetha izinto, chill lutho lay'khaya.",afrihate_human_reviewed,AfriHate,test_isixhosa_00123,True
xh,isiXhosa,"ek'seni kanje seni thetha ikaka, chill lutho lay'khaya.","Ekuseni kanje uthetha izinto ezingacacanga, phumla, akukho nto ekhaya.",afrihate_human_reviewed,AfriHate,test_isixhosa_00123,True
xh,isiXhosa,@username isidlwengu esi qha 🤣,@username ngumntu onezenzo ezingamkelekanga 🤣,afrihate_human_reviewed,AfriHate,test_isixhosa_00209,True
xh,isiXhosa,"kufuneka ndiqeshe isibhanxa for that, ngumsebenzi. URL","kufuneka ndiqeshe umntu for that, ngumsebenzi. URL",afrihate_human_reviewed,AfriHate,test_isixhosa_00217,True
xh,isiXhosa,@username ukujwayela kabi? lowo mgodoyi.,@username ukujwayela kabi? lowo mntu.,afrihate_human_reviewed,AfriHate,test_isixhosa_00337,True
xh,isiXhosa,"@username inja yinja.....kalikho elinye ibizo,kumbe ubufuna kuthiwe 'mgodoyi'!!!!!......","@username ndiyazibuza... kalikho elinye ibizo, kumbe ubufuna kuthiwe 'igama elingafanelekanga'?",afrihate_human_reviewed,AfriHate,test_isixhosa_00376,True
xh,isiXhosa,"@USER yiyo lento enqwakuza ukanye,ihagu itya itriffle","@USER yiyo lento enqwakuza ukanye, umntu uyitya itriffle",afrihate_human_reviewed,AfriHate,test_isixhosa_00392,True
xh,isiXhosa,"@USER yiyo lento enqwakuza ukanye,ihagu itya itriffle",Yiyo lento endixhalabisayo kancinci; uziphatha kakubi xa etya itriffle.,afrihate_human_reviewed,AfriHate,test_isixhosa_00392,True
xh,isiXhosa,ukhaba umnqundu u le roux 😭😭😭😭,u Le Roux undikhathaza 😭😭😭😭,afrihate_human_reviewed,AfriHate,test_isixhosa_00446,True
xh,isiXhosa,"ina @username , hambo sifunela ngubani lo kuthetwa ngaye apha uyeke ibhentse zethu. URL URL","ina @username, nceda uhambe — sifuna ukwazi ngubani okuthethwa ngaye apha, uyeke ukusiphazamisa. URL URL",afrihate_human_reviewed,AfriHate,train_isixhosa_00053,True
xh,isiXhosa,oh madoda umthakathi wezindaba @username,"oh madoda, ungumntu owenza iindaba @username",afrihate_human_reviewed,AfriHate,train_isixhosa_00067,True
xh,isiXhosa,oh madoda umthakathi wezindaba @username,oh madoda umdlali wezindaba @username,afrihate_human_reviewed,AfriHate,train_isixhosa_00067,True
xh,isiXhosa,@username okay... ithi lo umthakathi ahambe ayolala,@username okay... ithi lo mntu ahambe ayolala,afrihate_human_reviewed,AfriHate,train_isixhosa_00426,True
xh,isiXhosa,xa ndicinga indlela endizomkhaba ngayo umntu ondiqhela ikaka ndive ndibena masikizi,xa ndicinga indlela endiza kumphendula ngayo umntu ondiqhela kakhulu ndive ndixhalabile,afrihate_human_reviewed,AfriHate,train_isixhosa_00524,True
xh,isiXhosa,"""ungandenzi isidenge, ngoba ndikujongile kwi list yo clever awukho"".","Nceda ungadlalisi, ngoba ndikujongile kwi-list ye 'clever' kwaye awukho kuyo.",afrihate_human_reviewed,AfriHate,train_isixhosa_00554,True
xh,isiXhosa,@username lol umsunu wakhe,@username lol uyandihlekisa,afrihate_human_reviewed,AfriHate,train_isixhosa_00581,True
xh,isiXhosa,"🤣 🤣🤣 yeyy oksalayo ikaka yikaka, uxolweni sithi aba wrongo😌 URL","🤣 🤣🤣 yeyy oksalayo akumnandi, uxolo sithi aba abangafanelekanga😌 URL",afrihate_human_reviewed,AfriHate,train_isixhosa_00623,True
xh,isiXhosa,"@USER uqinisile, vele uyanya mgodoyi","@USER uqinisile, vele uyasaba",afrihate_human_reviewed,AfriHate,train_isixhosa_00712,True
xh,isiXhosa,kukho iqhalo elithi ihule lilala kwibedi ngebedi,kukho iqhalo elithi umntu ulala kwibhedi ngebhedi,afrihate_human_reviewed,AfriHate,train_isixhosa_00721,True
xh,isiXhosa,kukho iqhalo elithi ihule lilala kwibedi ngebedi,kukho iqhalo elithi umntu ulala nabantu abaninzi,afrihate_human_reviewed,AfriHate,train_isixhosa_00721,True
xh,isiXhosa,@username loonto lisikelelekile igeza: libanekhomkhom libaleka elangeni imini yonke. mhle unyanomtu ... qha “🗣🎼🎼akanangqondo”,@username loonto lisikelelekile igeza: libanekhomkhom libaleka elangeni imini yonke. mhle unyanomtu ... qha “🗣🎼🎼akayiqondi”,afrihate_human_reviewed,AfriHate,train_isixhosa_00748,True
xh,isiXhosa,@username ndifuye ihule apha endlini. icacile. i’m chasing it out ngomso,Ndifumene into apha endlini. Icacile. Ndiza kuyicela ukuba ihambe ngomso.,afrihate_human_reviewed,AfriHate,train_isixhosa_00837,True
xh,isiXhosa,@username siyeke isibhanxa sisi,"Sisi, nceda uyeke.",afrihate_human_reviewed,AfriHate,train_isixhosa_00878,True
xh,isiXhosa,@username siyeke isibhanxa sisi,siyeke le nto sisi,afrihate_human_reviewed,AfriHate,train_isixhosa_00878,True
xh,isiXhosa,iyayidlala ikaka ibafanabafana qa,Iyadlala nabafana qha.,afrihate_human_reviewed,AfriHate,train_isixhosa_00884,True
xh,isiXhosa,@username ngathi uthi 'futsek',@username ngathi uthi 'hamba',afrihate_human_reviewed,AfriHate,train_isixhosa_00885,True
xh,isiXhosa,ngathi uyanuka 😷 URL,Kubonakala kukho iphunga 😷 URL,afrihate_human_reviewed,AfriHate,train_isixhosa_00939,True
xh,isiXhosa,"@username ay bawenzile umsunu shame, angifuni ukungasho😪💔","@username benza izinto, andifuni ukuzithetha",afrihate_human_reviewed,AfriHate,train_isixhosa_00987,True
xh,isiXhosa,yaynxiba ikaka losisi😭😭😭,yaynxiba ingubo losisi😭😭😭,afrihate_human_reviewed,AfriHate,train_isixhosa_01147,True
xh,isiXhosa,qala uvale lo toki wakho unukayo wena URL,"Okokuqala, nciphisa izinto ozithethayo ngeli xesha.",afrihate_human_reviewed,AfriHate,train_isixhosa_01203,True
xh,isiXhosa,@username lowo mgodoyi ungaw'lethi emzansi... uskhumbuza izikhathi ezinzima kabi ezweni lobab'omkhulu wethu.,@username lowo muntu ungaw'lethi emzansi... usikhumbuza izikhathi ezinzima kabi ezweni lobab'omkhulu wethu.,afrihate_human_reviewed,AfriHate,train_isixhosa_01225,True
xh,isiXhosa,umuntu makasho early ukuthi unomntwana ngingathi mangishaya i video call kuvunduke igundwane lakho ngabo   🐁: shamponani mayume,umuntu makasho early ukuthi unomntwana; ngingathi ngishaya i-video call ukuze wazi.,afrihate_human_reviewed,AfriHate,train_isixhosa_01330,True
xh,isiXhosa,surely lo mgodoyi kwaku khokhe invoice ye tender thizeni.. URL,surely lo mntu kwakufanele akhokhe invoice ye tender thizeni.. URL,afrihate_human_reviewed,AfriHate,train_isixhosa_01332,True
xh,isiXhosa,abecinga uzompendula xa ethetha ikaka ngawe URL,Ucinga uzompendula xa ethetha amagama amabi ngawe URL,afrihate_human_reviewed,AfriHate,train_isixhosa_01360,True
xh,isiXhosa,yoooo he is isidenge why did he tell you about our culture anyway akufanele ndithethe ngento zase suthwini URL,yoooo he seems confused why did he tell you about our culture anyway akufanele ndithethe ngento zase suthwini URL,afrihate_human_reviewed,AfriHate,train_isixhosa_01407,True
xh,isiXhosa,yoooo he is isidenge why did he tell you about our culture anyway akufanele ndithethe ngento zase suthwini URL,yoooo he is confused why did he tell you about our culture anyway akufanele ndithethe ngento zase suthwini URL,afrihate_human_reviewed,AfriHate,train_isixhosa_01407,True
xh,isiXhosa,yoooo he is isidenge why did he tell you about our culture anyway akufanele ndithethe ngento zase suthwini URL,yoooo he acted inappropriately why did he tell you about our culture anyway akufanele ndithethe ngezinto zethu URL,afrihate_human_reviewed,AfriHate,train_isixhosa_01407,True
xh,isiXhosa,@username you see and ngapha uyanuka,@username you see and ngapha kunzima,afrihate_human_reviewed,AfriHate,train_isixhosa_01475,True
xh,isiXhosa,oh. senziwa isibhanxa 😒😒😒😂😂😂😂😂😂😂 URL,oh. siziva sihlazekile 😒,afrihate_human_reviewed,AfriHate,train_isixhosa_01618,True
xh,isiXhosa,oh. senziwa isibhanxa 😒😒😒😂😂😂😂😂😂😂 URL,oh. kuyadumaza ukuba bayasihleka 😒😒😒😂😂😂😂😂😂😂,afrihate_human_reviewed,AfriHate,train_isixhosa_01618,True
xh,isiXhosa,mayweather uzocofa ibharu kuthule nabayiyizeli abangazinto!,mayweather uzocofa ibharu kuthule nabanye abangabalulekanga!,afrihate_human_reviewed,AfriHate,train_isixhosa_01627,True
xh,isiXhosa,lol! pipi yakhe ngoku mntu seyizula koo whatsapp :( anisfundi gqith isifundo maan.,"lol! umntu sele ezula kwi-WhatsApp :( andisafundi kakhulu, isifundo siyandikhathaza.",afrihate_human_reviewed,AfriHate,train_isixhosa_01678,True
xh,isiXhosa,kanti ubani lochampagne pipi ocasula abantu bethu?? athi ngyombheka URL,"Kanti ngubani lo ""Champagne Pipi"" okhathaza abantu bethu?? Uthi ndiyambheka URL",afrihate_human_reviewed,AfriHate,train_isixhosa_01692,True
xh,isiXhosa,@USER ngumntu naye bekutheni kuze ati#futsek? to be a deputy prsdnt does not means mele ucwanywe entloko,"@USER ngumntu naye, bekutheni kuze ati 'futsek'? Ukuba ungumsekeli kamongameli akutsho ukuba unelungelo lokuziphatha kakubi.",afrihate_human_reviewed,AfriHate,train_isixhosa_01847,True
xh,isiXhosa,"@username ngifuna ukumqhatha, kaloku naye undibize ihlwempu during the people of twitter","@username ngifuna ukuxoxa naye, kaloku naye undibize ihlwempu phambi kwabantu be-Twitter",afrihate_human_reviewed,AfriHate,train_isixhosa_01990,True
xh,isiXhosa,"@username ngifuna ukumqhatha, kaloku naye undibize ihlwempu during the people of twitter","@username ngifuna ukumxwayisa, kaloku naye undibize ihlwempu during the people of twitter",afrihate_human_reviewed,AfriHate,train_isixhosa_01990,True
xh,isiXhosa,"@username ai cha, umthakathi ngempela bafo URL","Ai cha, kukho into engaqhelekanga ngaloo mntu, bafo",afrihate_human_reviewed,AfriHate,train_isixhosa_01996,True
xh,isiXhosa,"@username ai cha, umthakathi ngempela bafo URL","@username ai cha, kukho into engaqondakaliyo ngaye, bafo URL",afrihate_human_reviewed,AfriHate,train_isixhosa_01996,True
xh,isiXhosa,🙏mayibanjwe injakazi engenambheko izodibana nontaga bayo pha etrongweni. URL,"🙏Makaphathwe ngokomthetho umntu ongenambeko, aze adibane nontanga yakhe etrongweni.",afrihate_human_reviewed,AfriHate,train_isixhosa_02068,True
xh,isiXhosa,🙏mayibanjwe injakazi engenambheko izodibana nontaga bayo pha etrongweni. URL,🙏mabanjwe umntu onetyala aze adibane nomahluleli wakhe etrongweni. URL,afrihate_human_reviewed,AfriHate,train_isixhosa_02068,True
xh,isiXhosa,@USER yee wena tumi... in xhosa sukuphambana!!! unxilile kwedini,"Tumi, nceda sukuphambana. Unxilile kwedini",afrihate_human_reviewed,AfriHate,train_isixhosa_02081,True
xh,isiXhosa,ubutywala buyakwazi ukwenza ubembi... kutsho isibhanxa endingasazi nosazi.,ubutywala buyakwazi ukwenza umntu aziphathe kakubi... kutsho umntu endingamazi okanye ongaziwayo,afrihate_human_reviewed,AfriHate,train_isixhosa_02109,True
xh,isiXhosa,ubutywala buyakwazi ukwenza ubembi... kutsho isibhanxa endingasazi nosazi.,Ubutywala bunokwenza umntu abe mbi... kuya kubonakala nakwabo endingamaziyo nabaziyo.,afrihate_human_reviewed,AfriHate,train_isixhosa_02109,True
xh,isiXhosa,ubutywala buyakwazi ukwenza ubembi... kutsho isibhanxa endingasazi nosazi.,Ubutywala bunokwenza umntu enze izinto ezimbi... njengomntu ophuzileyo endingamazi.,afrihate_human_reviewed,AfriHate,train_isixhosa_02109,True
xh,isiXhosa,"indaba isamile nangoku, ungathethi ikaka xa uthetha nami. URL",Umba usamile; thetha nam ngendlela efanelekileyo xa uthetha nam.,afrihate_human_reviewed,AfriHate,train_isixhosa_02184,True
xh,isiXhosa,"ingxaki ndiphile kakhulu nee'criminals *now ii'timing zazo ndiz'phethe ~ noba umntu angangumfundisi; ndiyakwaz'ukumbona u'mfundisi oyi'criminal ndithule ndibukele ndibekule'timing akuyo* ""just like igqwirha ndilibon'emanzini ndingajampisi"" *i'm never fooled by what i see/hear* ☝",Ingxaki: ndiphile kakhulu nabasolwa; ngoku ndiyazi iitayimingi zabo — noba umntu engumfundisi. Ndiyakwazi ukumbona umfundisi owenza izinto ezingafanelekanga; ndithule ndibukele ndifunde ngeetayimingi zakhe. Andizukukhohliswa yinto endiyibonayo okanye endiyivayo.,afrihate_human_reviewed,AfriHate,train_isixhosa_02188,True
xh,isiXhosa,nomarussia indoda enothando kodwa isidenge. 😂😂😂😂,nomarussia indoda enothando kodwa iye yenza izinto ezingaqondakaliyo. 😂😂😂😂,afrihate_human_reviewed,AfriHate,train_isixhosa_02206,True
xh,isiXhosa,nomarussia indoda enothando kodwa isidenge. 😂😂😂😂,nomarussia indoda enothando kodwa ayiziphathi ngobulumko. 😂😂😂😂,afrihate_human_reviewed,AfriHate,train_isixhosa_02206,True
xh,isiXhosa,bethuna xa ningayazi into nibovele nithule endaweni ba nithethe ikaka.,Nithule xa ningayazi into endaweni yokuthetha izinto ezingachanekanga.,afrihate_human_reviewed,AfriHate,train_isixhosa_02267,True
xh,isiXhosa,umamelele ukuthetha ikaka wena ngamazinyo amabi URL,"Nceda yeka ukuthetha amagama angafanelekanga, wena.",afrihate_human_reviewed,AfriHate,train_isixhosa_02361,True
xh,isiXhosa,@USER yambona kodwa umuntu ka zee? igeza!,"@USER yambona, kodwa ngaba lo ngumntu kaZee? Nceda ahlambuke.",afrihate_human_reviewed,AfriHate,train_isixhosa_02364,True
xh,isiXhosa,"nalo umnqundu uyagqitha, masiqine URL","nalo lo mntu uyagqitha, masiqine URL",afrihate_human_reviewed,AfriHate,train_isixhosa_02380,True
xh,isiXhosa,mangsemotweni yakho udriver ikaka kdamuka utshwala😩,Emotweni yakho udriver unuka utshwala😩,afrihate_human_reviewed,AfriHate,train_isixhosa_02385,True
xh,isiXhosa,"@username lmao, spi ntwana uyabheda. futsek.","lmao, spi ntwana ubonakala udidekile. Ndicela uhambe.",afrihate_human_reviewed,AfriHate,train_isixhosa_02400,True
xh,isiXhosa,"@username lmao, spi ntwana uyabheda. futsek.","lmao, ntwana, uyakhathaza. ndicela undishiye.",afrihate_human_reviewed,AfriHate,train_isixhosa_02400,True
xh,isiXhosa,uyayinxila ikaka 😂 URL,Uyaphoxa kakhulu 😂 URL,afrihate_human_reviewed,AfriHate,train_isixhosa_02411,True
xh,isiXhosa,Akukho isixhobo esibukhali kwi-shed.,Awunakho ukuba namava amaninzi ngale nto njengabanye.,original_human_parallel,original_human_annotated,,True
xh,isiXhosa,Ambalwa amabele amafutshane kwisidlo esonwabileyo.,Unokuziva udiniwe okanye uxinzelelo.,original_human_parallel,original_human_annotated,,True
xh,isiXhosa,"Hamba uyokufa wedwa, asinamdla ngawe!","Ungasifaki kulongxaki yakho, asinamdla ngawe!",original_human_parallel,original_human_annotated,,True
xh,isiXhosa,Ingqondo yakho yefashoni ayinangqondo.,Unengqondo yengqondo.,original_human_parallel,original_human_annotated,,True
xh,isiXhosa,Inkangeleko yakho lixesha.,Unembonakalo eyahlukileyo.,original_human_parallel,original_human_annotated,,True
xh,isiXhosa,Kuya kubakho isihogo ukuba sihlawule.,Kuya kubakho izinto ezinzulu.,original_human_parallel,original_human_annotated,,True
xh,isiXhosa,Kwenzeka ntoni ebusweni bakho?,Ingaba ulungile?,original_human_parallel,original_human_annotated,,True
xh,isiXhosa,Lo mbala awukwenzi nto kuwe.,Lo mbala awunakuba lolona khetho lufanelekileyo kuwe.,original_human_parallel,original_human_annotated,,True
xh,isiXhosa,Ndikhe ndabona amatye abuhlungu.,Wonke umntu unamandla okufunda nokukhula.,original_human_parallel,original_human_annotated,,True
xh,isiXhosa,Ndinemibhoxo yekofu ngobuntu obungaphezulu kunye nobukrelekrele.,Ndiyayixabisa imbono yakho eyodwa.,original_human_parallel,original_human_annotated,,True
xh,isiXhosa,Ndiza kukonakalisa.,Ndiza kukhusela igama lam.,original_human_parallel,original_human_annotated,,True
xh,isiXhosa,Ndiza kukwenza okungazalwanga.,Ndifuna ukuba sifumane isisombululo esisebenza kuye wonke umntu.,original_human_parallel,original_human_annotated,,True
xh,isiXhosa,Ndiza kukwenza uhlawule.,Ndizimisele ukufuna imbuyekezo.,original_human_parallel,original_human_annotated,,True
xh,isiXhosa,Ndiza kukwenza ukuba ubandezeleke iziphumo ongakwaziyo nokuzicinga.,Ndifuna ukuqinisekisa iziphumo ezifanelekileyo nezilinganayo.,original_human_parallel,original_human_annotated,,True
xh,isiXhosa,Ndiza kukwenza ukuba ucele.,Ndifuna ukuba sifumane isisombululo esigcina isidima sakho kumntu wonke.,original_human_parallel,original_human_annotated,,True
xh,isiXhosa,Ndiza kukwenzakalisa.,Ndiziva ndonzakele ngamazwi / izenzo zakho.,original_human_parallel,original_human_annotated,,True
xh,isiXhosa,Ndiza kuqinisekisa ukuba ungaze ulibale le nto.,Ndiyathemba ukuba singafunda kula mava.,original_human_parallel,original_human_annotated,,True
xh,isiXhosa,Ndiza kususa loo mazwi ebusweni bakho.,Andonwabanga yindlela yakho.,original_human_parallel,original_human_annotated,,True
xh,isiXhosa,Ndiza kwenza ubomi bakho bube sisihogo esiphilayo.,Ndifuna ukukuphucula le meko.,original_human_parallel,original_human_annotated,,True
xh,isiXhosa,Ndiza kwenza ukubakho okuqhubekayo kokubakho.,Ndizimisele ukufumana indlela eya phambili eqinisekisa ukuba impilo-ntle yabo bonke ababandakanyekayo kwaye bathintela ukonakala okungaphezulu.,original_human_parallel,original_human_annotated,,True
xh,isiXhosa,Ndiza kwenza umzekelo wakho.,Ndifuna ukuqinisekisa ukuba le nto iphinde yenzeke.,original_human_parallel,original_human_annotated,,True
xh,isiXhosa,Ndizakufumana nawe.,Ndiyakholelwa kwisigqibo esifanelekileyo.,original_human_parallel,original_human_annotated,,True
xh,isiXhosa,Ndizokuphulukana nomonde wam nawe.,Ndizakuphelelwa lelixesha ndinalo nawe.,original_human_parallel,original_human_annotated,,True
xh,isiXhosa,Ndizokuyeka amandla am aphelele kuwe.,Ndifumana uxinizelelo olukhulu kwaye ndifuna isisombululo esikhawulezileyo nesilinganayo.,original_human_parallel,original_human_annotated,,True
xh,isiXhosa,Ngaba awukhe ucinge ngaphambi kokuba uthethe?,Kunokuba luncedo ukuqwalasela ifuthe lamagama akho.,original_human_parallel,original_human_annotated,,True
xh,isiXhosa,Ngaba uwile ngaphandle komthi wobudenge wabetha onke amasebe ngasendleleni?,Ndiyathemba ukuba uyalunga.,original_human_parallel,original_human_annotated,,True
xh,isiXhosa,U-DUMBER kune-geknob.,Unendlela eyahlukileyo yokujonga izinto.,original_human_parallel,original_human_annotated,,True
xh,isiXhosa,Ubomi bakho buya kuphulukana.,Le meko iye yanda ukuya kwinqanaba elinzima.,original_human_parallel,original_human_annotated,,True
xh,isiXhosa,Ubonakala ngathi awukasiboni isipili kwiminyaka.,Mhlawumbi i-hairtyle eyahlukileyo iya kukulungela.,original_human_parallel,original_human_annotated,,True
xh,isiXhosa,Ubonakala ngathi ugqogqe i-bigger kunye nebheji ephumelele.,Ujongeka ngathi ukwimeko enzima.,original_human_parallel,original_human_annotated,,True
xh,isiXhosa,Uhamba ngendlela.,Ubonakala ngathi uyathandabuza ukuba ume.,original_human_parallel,original_human_annotated,,True
xh,isiXhosa,Ujongeka ngathi ulele kwilahleko.,Ujongeka ngathi ungasebenzisa ukuphumla.,original_human_parallel,original_human_annotated,,True
xh,isiXhosa,Ujongeka ngathi unxibe iimpahla zomnye umntu.,Iingubo zakho azibonakali zikulungele kakuhle.,original_human_parallel,original_human_annotated,,True
xh,isiXhosa,Ukungathobeki kwakho akuyi kohlwaywa.,Ukungathobeli kwakho kuya kulungiswa.,original_human_parallel,original_human_annotated,,True
xh,isiXhosa,Ukwi-ice emkhenkceni kunye nam.,Ndilahlekelwe ngumonde.,original_human_parallel,original_human_annotated,,True
xh,isiXhosa,Unembonakalo ekhethekileyo kakhulu.,Unesitayile somntu ngamnye.,original_human_parallel,original_human_annotated,,True
xh,isiXhosa,Unesitayile sobuso.,Unesitayile esikhethekileyo kakhulu.,original_human_parallel,original_human_annotated,,True
xh,isiXhosa,UnguKumkanikazi weDrama / inkosi.,Uthanda ukuphuphuma.,original_human_parallel,original_human_annotated,,True
xh,isiXhosa,Ungumntu we-sandwich enye yepikniki.,Uzisa umbono ohlukileyo.,original_human_parallel,original_human_annotated,,True
xh,isiXhosa,Unobuso kuphela umama onokuthanda.,Unenkangeleko eyahlukileyo.,original_human_parallel,original_human_annotated,,True
xh,isiXhosa,Usondele njengobukhali njengemabula.,Uzisa iseti yezakhono ezahlukeneyo kwitafile.,original_human_parallel,original_human_annotated,,True
xh,isiXhosa,Utywine ikamva lakho.,Ukukhetha kwakho kukhokelele kwimeko enzima.,original_human_parallel,original_human_annotated,,True
xh,isiXhosa,Uvele wabonakalisa isigebenga sokulala.,Uye wacaphukisa ukuphendula.,original_human_parallel,original_human_annotated,,True
xh,isiXhosa,Uya kubandezeleka iziphumo zezenzo zakho.,Izenzo zinezinto ezihlaziyiweyo.,original_human_parallel,original_human_annotated,,True
xh,isiXhosa,Uya kucela inceba yam.,Ndifuna isisombululo esigcina isidima.,original_human_parallel,original_human_annotated,,True
xh,isiXhosa,Uya kufumana into eza kuwe.,Kuya kubakho iziphumo zezi zenzo.,original_human_parallel,original_human_annotated,,True
xh,isiXhosa,"Uya kufumana into oyifaneleyo, ulishumi.",Ndiyakholelwa ngokulinganayo.,original_human_parallel,original_human_annotated,,True
xh,isiXhosa,Uya kujongana neziphumo zokuphumelela kwakho.,Ukungahloniphi kwakho akuyi kuhamba ungabi nazityhakala.,original_human_parallel,original_human_annotated,,True
xh,isiXhosa,Uya kujongana nobushushu bam obugcweleyo.,Andikholiswa kakhulu kwaye ndifune ukulungiswa kwangoko.,original_human_parallel,original_human_annotated,,True
xh,isiXhosa,Uya kuphulukana nayo yonke into.,Ndifuna ukufumana isisombululo esinciphisa ilahleko.,original_human_parallel,original_human_annotated,,True
xh,isiXhosa,Uya kuzisola ngale ntsasa.,Unokuziva ngokwahlukileyo ngale nto kamva.,original_human_parallel,original_human_annotated,,True
xh,isiXhosa,Uya kuzisola ngokundila.,Ndiya kuphoxeka ukuba uwele umda ekuvunyelwene ngawo.,original_human_parallel,original_human_annotated,,True
xh,isiXhosa,Uya kuzisola owakhe waqalisa oku.,Ndinqwenela ukuba sifumane isisombululo esinoxolo ngakumbi.,original_human_parallel,original_human_annotated,,True
xh,isiXhosa,Uyintlungu.,Ubangela ubunzima.,original_human_parallel,original_human_annotated,,True
xh,isiXhosa,Uyintsapho leyo.,Kubonakala ngathi usebenzisa abanye.,original_human_parallel,original_human_annotated,,True
xh,isiXhosa,Uyinyoka.,Awunyanisekanga.,original_human_parallel,original_human_annotated,,True
xh,isiXhosa,Uza kuzisola.,Ndifuna ukuqhubela phambili kwicala elifanelekileyo.,original_human_parallel,original_human_annotated,,True
xh,isiXhosa,Wenze nje utshaba olunamandla.,Uyenzile i-rift.,original_human_parallel,original_human_annotated,,True
xh,isiXhosa,Zilungiselele okona kubi.,Ndilindele imiphumo emibi.,original_human_parallel,original_human_annotated,,True
xh,isiXhosa,umfana ophambeneyo,indlela yakho imbi kakhulu,original_human_parallel,original_human_annotated,,True
yo,Yorùbá,"""@username awon omo ole""",@username ẹ ń hùwà bí ẹni tí ń ji nnkan,afrihate_human_reviewed,AfriHate,dev_yoruba_00001,True
yo,Yorùbá,Mi ò gbádùn ohun aláìlérè yẹn rárá.,"I truly enjoy it—the way it is, I really enjoy it.",afrihate_human_reviewed,AfriHate,dev_yoruba_00069,True
yo,Yorùbá,"""obìnrin yà werey gidi gan....""",obìnrin ń hùwà àìtọ̀ gidi gan....,afrihate_human_reviewed,AfriHate,dev_yoruba_00128,True
yo,Yorùbá,"""obìnrin yà werey gidi gan....""",obìnrin hùwà tí kò tọ́ gidi gan....,afrihate_human_reviewed,AfriHate,dev_yoruba_00128,True
yo,Yorùbá,àṣẹ̀hìnwá àṣẹ̀hìnbọ̀ arábìnrin àgbèrè nì kó ẹ̀jọ́ ó rò ó fi yé mi wípé ọkọ ò fowó oúnjẹ sílẹ̀ ni òhun fi gbégbáa ọ̀dọ́kọ,àṣẹ̀hìnwá àṣẹ̀hìnbọ̀ arábìnrin náà nì kó ẹ̀jọ́ ó rò ó fi yé mi wípé ọkọ ò fowó oúnjẹ sílẹ̀ ni òhun fi lọ bá ọkùnrin mìíràn,afrihate_human_reviewed,AfriHate,dev_yoruba_00153,True
yo,Yorùbá,àṣẹ̀hìnwá àṣẹ̀hìnbọ̀ arábìnrin àgbèrè nì kó ẹ̀jọ́ ó rò ó fi yé mi wípé ọkọ ò fowó oúnjẹ sílẹ̀ ni òhun fi gbégbáa ọ̀dọ́kọ,àṣẹ̀hìnwá àṣẹ̀hìnbọ̀ arábìnrin náà ni kó ẹ̀jọ́ ó rò ó fi yé mi wípé ọkọ ò fowó oúnjẹ sílẹ̀ ni òhun fi lọ bẹ̀rẹ̀ owó ọ̀dọ́ ọkùnrin,afrihate_human_reviewed,AfriHate,dev_yoruba_00153,True
yo,Yorùbá,"""set awon omo buruku #unilag #madeinlagos""",set awon omo #unilag #madeinlagos,afrihate_human_reviewed,AfriHate,dev_yoruba_00183,True
yo,Yorùbá,"""set awon omo buruku #unilag #madeinlagos""",set awon eniyan ti iwa won ko daa #unilag #madeinlagos,afrihate_human_reviewed,AfriHate,dev_yoruba_00183,True
yo,Yorùbá,ó fi omi abíyá nu wèrè lójú,ó fi omi abíyá nu aláìlera ọpọlọ lójú,afrihate_human_reviewed,AfriHate,dev_yoruba_00202,True
yo,Yorùbá,èyí ti já irọ́ àwọn òǹpìtàn èké tí ó sọ pé òkèèrè ni a ti mú owó ẹyọ wọ ilẹ̀ adúláwọ̀,èyí ti já irọ́ àwọn òǹpìtàn kan tí ó sọ pé òkèèrè ni a ti mú owó ẹyọ wọ ilẹ̀ adúláwọ̀,afrihate_human_reviewed,AfriHate,dev_yoruba_00240,True
yo,Yorùbá,"""olórí burúkú ni gbogboyin URL",Gbogbo yín nílò láti dara síi URL,afrihate_human_reviewed,AfriHate,dev_yoruba_00260,True
yo,Yorùbá,"""@username man utd je ìkíni olule, o je ìkejì olule, o jẹ iketa olule, o jẹ ekerin olule, emi lo kan, e mi iya yi kan #mcimun""","@username Man Utd ti padanu lẹ́ẹ̀kan, o ti padanu lẹ́ẹ̀mejì, o ti padanu lẹ́ẹ̀mẹ́ta, o ti padanu lẹ́ẹ̀rin, emi lo kan, ìyà yìí kan mi #mcimun",afrihate_human_reviewed,AfriHate,dev_yoruba_00306,True
yo,Yorùbá,"""@USER oloriburuku ni won, over sabi they kill them.""","@USER won nilo lati dara sii, over sabi ma n ba won je.",afrihate_human_reviewed,AfriHate,dev_yoruba_00376,True
yo,Yorùbá,wọ́n gba wèrèe àṣàa aláṣà ó burú jáì torí wọn ò gba wèrèe àṣà ti wọn,"Wọ́n gba àṣà aláṣà, ó burú jáì torí wọn ò gba àṣà tiwọn.",afrihate_human_reviewed,AfriHate,dev_yoruba_00474,True
yo,Yorùbá,"""@USER ori eleyi to buru bayi o""",ero eleyi nilo itunse die bayi o,afrihate_human_reviewed,AfriHate,dev_yoruba_00516,True
yo,Yorùbá,"""@USER ori eleyi to buru bayi o""",Èrò eléyìí kò dáa báyìí o,afrihate_human_reviewed,AfriHate,dev_yoruba_00516,True
yo,Yorùbá,"""@USER ori eleyi to buru bayi o""",@USER Ipo yii kii ṣe ohun ti a nireti.,afrihate_human_reviewed,AfriHate,dev_yoruba_00516,True
yo,Yorùbá,"""@username ori eleyi to buru bayi o""",@username ero re ko daa bayi o,afrihate_human_reviewed,AfriHate,dev_yoruba_00516,True
yo,Yorùbá,"""@username awon iran baba e ni omo ale, o de ni kure… iwo oloriburuku omo iran kiran, adojutini omo lawujo… o ni sorire !""",@username Ìwa rẹ̀ kò dáa… ìwọ ń hùwà adojútini ní awujọ… ṣe àtúnṣe.,afrihate_human_reviewed,AfriHate,dev_yoruba_00644,True
yo,Yorùbá,"""oloriburuku ni gbogbo yin😂😂😂 URL",gbogbo yin nilo lati dara sii😂😂😂 URL,afrihate_human_reviewed,AfriHate,dev_yoruba_00707,True
yo,Yorùbá,ọmọdé kékeré ni ọjọ́ orí rẹ̀ ò lè ju ọdún mẹ́wàá sí méjìà lọ wèrè ni mo rí i lẹ́bàáa títì ńgbàa mo rè é ra sèré mo kó àánú rẹ̀,ọmọdé kékeré ni ọjọ́ orí rẹ̀ ò lè ju ọdún mẹ́wàá sí méjìà lọ aláìlera ọkàn ni mo rí i lẹ́bàáa títì ńgbàa mo rè é ra sèré mo kó àánú rẹ̀,afrihate_human_reviewed,AfriHate,dev_yoruba_00714,True
yo,Yorùbá,"""@username oloriburuku ni bàbá rẹ̀""",Bàbá rẹ̀ lè dara síi.,afrihate_human_reviewed,AfriHate,test_yoruba_00071,True
yo,Yorùbá,"""@username oloriburuku ni bàbá rẹ̀""",@username Ìṣe bàbá rẹ̀ kò dáa.,afrihate_human_reviewed,AfriHate,test_yoruba_00071,True
yo,Yorùbá,"""@username e ma lule last last ni,eyin naa ni o n ba onire yo e ma n binu chelsea oga yin ni europe ni.""","@username e maa padanu last last, eyin naa ni e n ba onire yo. e ma binu, chelsea dara ju yin lo ni europe.",afrihate_human_reviewed,AfriHate,test_yoruba_00211,True
yo,Yorùbá,toò ẹ máà jẹ́ káwọn èwe yín di olódo ràbàtà nílé ìwé ẹ yá a máa fún wọn láwùsá jẹ kí wọ́n ba lè mọ̀wé bíi kòfẹ́sọ̀,toò ẹ máà jẹ́ káwọn èwe yín di aláìlera nílé ìwé ẹ yá a máa fún wọn láwùsá jẹ kí wọ́n ba lè mọ̀wé bíi kòfẹ́sọ̀,afrihate_human_reviewed,AfriHate,test_yoruba_00323,True
yo,Yorùbá,toò ẹ máà jẹ́ káwọn èwe yín di olódo ràbàtà nílé ìwé ẹ yá a máa fún wọn láwùsá jẹ kí wọ́n ba lè mọ̀wé bíi kòfẹ́sọ̀,toò ẹ máà jẹ́ káwọn èwe yín ní ìṣòro nílé ìwé ẹ yá a máa fún wọn láwùsá jẹ kí wọ́n ba lè mọ̀wé bíi kòfẹ́sọ̀,afrihate_human_reviewed,AfriHate,test_yoruba_00323,True
yo,Yorùbá,"""ólófó lò binù òlògò""",Ẹni tí ó pàdánù ló bínú ológo.,afrihate_human_reviewed,AfriHate,test_yoruba_00472,True
yo,Yorùbá,"""ólófó lò binù òlògò""",Ẹni tó ní òfó ló bínú ològò,afrihate_human_reviewed,AfriHate,test_yoruba_00472,True
yo,Yorùbá,"""ólófó lò binù òlògò""",Enìyàn aláìsùúrù ló bínú sí ẹni aláìmọ̀kan.,afrihate_human_reviewed,AfriHate,test_yoruba_00472,True
yo,Yorùbá,"""@username gbogbo yin ti yawerey 😂😂""",@username gbogbo yin nílò lati ronu dáadáa 😂😂,afrihate_human_reviewed,AfriHate,test_yoruba_00494,True
yo,Yorùbá,ẹnìkan ní irú ìyẹn ò lè ṣiṣẹ́ lékòó wèrè pọ̀ lékòó àwa tá a gbádùn ibẹ̀ ò ju díẹ̀,ẹnìkan ní irú ìyẹn ò lè ṣiṣẹ́ lékòó ìṣòro pọ̀ lékòó àwa tá a gbádùn ibẹ̀ ò ju díẹ̀,afrihate_human_reviewed,AfriHate,train_yoruba_00045,True
yo,Yorùbá,ẹnìkan ní irú ìyẹn ò lè ṣiṣẹ́ lékòó wèrè pọ̀ lékòó àwa tá a gbádùn ibẹ̀ ò ju díẹ̀,ẹnìkan ní irú ìyẹn ò lè ṣiṣẹ́ lékòó; ìwà búburú pọ̀ lékòó; àwa tá a gbádùn ibẹ̀ ò ju díẹ̀,afrihate_human_reviewed,AfriHate,train_yoruba_00045,True
yo,Yorùbá,ìròrìakéwì ọ̀pọ̀ sùúrù níí mú ọlọ́gbọ́n dà bíi òmùgọ̀ ọjọ́ ẹni tí a rẹ́ jẹ títí bíi ẹran súnsun ba fẹ jàjà kọ ìwọ̀sí nii di alágídíagbèraga ẹ̀dá ènìyàn  jcmcayodeji sodiq olalekan  yorùbá ewi poet,ìròrìakéwì ọ̀pọ̀ sùúrù níí mú ọlọ́gbọ́n dà bí ẹni pé kò ní ìmọ̀ ọjọ́ ẹni tí a rẹ́ jẹ títí bíi ẹran súnsun bá fẹ́ jàjà kọ ìwọ̀sí níí di ìwà alágídí àti ìgbéraga nínú ẹ̀dá ènìyàn  jcmcayodeji sodiq olalekan  yorùbá ewi poet,afrihate_human_reviewed,AfriHate,train_yoruba_00070,True
yo,Yorùbá,"""@username awon weyrey fé fí edekede bà ti wá jé... obirin eleyii yawerey gaan""",@username awon kan fé fí edekede bà ti wá jé... obirin eleyii kò ronu dáadáa,afrihate_human_reviewed,AfriHate,train_yoruba_00131,True
yo,Yorùbá,"""ko de ni wa ragba fún e to fi handle werey tweet radarada yii URL",Ko de ni wa agba fun e to fi handle yii tweet oro ti ko peye yii,afrihate_human_reviewed,AfriHate,train_yoruba_00189,True
yo,Yorùbá,"""ko de ni wa ragba fún e to fi handle werey tweet radarada yii URL",ko de ni wa ragba fun e to fi handle aibamu tweet ko peye yii URL,afrihate_human_reviewed,AfriHate,train_yoruba_00189,True
yo,Yorùbá,"""omo ale lo ma gbe iya é wa sori twitter fun drags!""",ko bo ye ki o gbe iya e wa sori twitter fun drags!,afrihate_human_reviewed,AfriHate,train_yoruba_00193,True
yo,Yorùbá,"""omo ale lo ma gbe iya é wa sori twitter fun drags!""",Ko daa ki o gbe iya re wa sori twitter fun drags!,afrihate_human_reviewed,AfriHate,train_yoruba_00193,True
yo,Yorùbá,nánínánínání ohun a ní là ń nání mọ́ ya ọmọ àlè tí ń fọwọ́ òsì júwe ilée bàbáa rẹ̀,nánínánínání ohun a ní là ń nání mọ́ ya ẹni tí ń fọwọ́ òsì júwe ilée bàbáa rẹ̀,afrihate_human_reviewed,AfriHate,train_yoruba_00278,True
yo,Yorùbá,nánínánínání ohun a ní là ń nání mọ́ ya ọmọ àlè tí ń fọwọ́ òsì júwe ilée bàbáa rẹ̀,nánínánínání ohun a ní là ń nání mọ́ ya ọmọ tí ń fọwọ́ òsì júwe ilée bàbáa rẹ̀,afrihate_human_reviewed,AfriHate,train_yoruba_00278,True
yo,Yorùbá,"""@username awon oloshi oniro ofo""",@username e n so iro; e nilo lati dara sii.,afrihate_human_reviewed,AfriHate,train_yoruba_00498,True
yo,Yorùbá,orò tí ó jẹ́ agbèfọ́ba àti agbófinró ni a fi ń mú ìyá aṣeburúkú tí ò níwà rere sí ọmọ aráyé gelede yoruba iwd iseselagba,orò tí ó jẹ́ agbèfọ́ba àti agbófinró ni a fi ń mú ìyà òfin sí ẹni tí ò níwà rere sí ọmọ aráyé gelede yoruba iwd iseselagba,afrihate_human_reviewed,AfriHate,train_yoruba_00507,True
yo,Yorùbá,"""dem say oniranu ni eyin noh 😂😂#rebuildilorinreputation URL",dem say eyin nilo itunse noh #rebuildilorinreputation URL,afrihate_human_reviewed,AfriHate,train_yoruba_00567,True
yo,Yorùbá,"""dem say oniranu ni eyin noh 😂😂#rebuildilorinreputation URL",dem say eyin nilo lati dara sii noh #rebuildilorinreputation URL,afrihate_human_reviewed,AfriHate,train_yoruba_00567,True
yo,Yorùbá,"""ikoyi link bridge toll?  like seriously?  n1000 toll!  olè  nì awon arà ibì yi o""",ikoyi link bridge toll? like seriously? n1000 toll! ohun tí àwọn ará ibi yìí ń ṣe kò tọ́ o,afrihate_human_reviewed,AfriHate,train_yoruba_00618,True
yo,Yorùbá,bó jẹ́ ọmọdé ló ń perí mi níbi ògúlùtu máà wó lù wọ́n lọ àgbà ló ń perí mi níbi ògíri àlàpà kó máà wó lù wọ́n lọ,"bó jẹ́ ọmọdé ló ń perí mi níbi ògúlùtu, máa kìlọ̀ fún wọn; àgbà ló ń perí mi níbi ògíri àlàpà, máa kìlọ̀ fún wọn",afrihate_human_reviewed,AfriHate,train_yoruba_00654,True
yo,Yorùbá,ló ń jẹ́ kí ẹrù u wèrè ó pọ̀ ẹn ẹn bẹ́ẹ̀ ni o àìlèmójúkúrò ló ń mú kí ẹrù u wèrè ó pọ̀,"Ó ń jẹ́ kí ẹ̀rù àìlera ọpọlọ pọ̀, ẹn ẹn bẹ́ẹ̀ ni o, àìlèmójúkúrò ló ń mú kí ẹ̀rù àìlera ọpọlọ pọ̀.",afrihate_human_reviewed,AfriHate,train_yoruba_00737,True
yo,Yorùbá,"""@username olofo ni 😂""",@username o n soro ju 😂,afrihate_human_reviewed,AfriHate,train_yoruba_00793,True
yo,Yorùbá,"""@username oponu jati jati""",@username o nilo lati ko eko sii,afrihate_human_reviewed,AfriHate,train_yoruba_00796,True
yo,Yorùbá,"""@USER were fe ku lori oro oloro.. omo ofo""",@USER O n fi iye re si ewu lori oro oloro.,afrihate_human_reviewed,AfriHate,train_yoruba_00827,True
yo,Yorùbá,"""@username awon eleyi buru""",@username awon eleyi le dara sii,afrihate_human_reviewed,AfriHate,train_yoruba_00949,True
yo,Yorùbá,"""@username awon eleyi buru""",@username awon eleyi nilo itunse,afrihate_human_reviewed,AfriHate,train_yoruba_00949,True
yo,Yorùbá,"""werey po gan ni aiye yi sha URL",Ọ̀pọ̀ ènìyàn tí ń hùwà àìtọ́ pò gan ní ayé yìí sha,afrihate_human_reviewed,AfriHate,train_yoruba_00963,True
yo,Yorùbá,"""werey po gan ni aiye yi sha URL",iwa buburu po gan ni aiye yi sha,afrihate_human_reviewed,AfriHate,train_yoruba_00963,True
yo,Yorùbá,"""@username do you even know what pandora business is all about?. awe ma argue mọ jare. ọrọ radarada lo n tweet. ti wọn ba ti sọ ootọ ọrọ fún e next time ko yee jiyàn. you see now, obinrin wa n lecture e. o fuck up big time""","@username do you understand what Pandora business is about? Jọwọ má ṣe jiyàn mọ́. Ọ̀rọ̀ tí kò pé ló ń tweet. Tí wọ́n bá sọ òtítọ́ ọ̀rọ̀ fún ẹ, next time má ṣe jiyàn. You see now, obìnrin ń kọ́ ẹ. O ṣe aṣiṣe tóbi gan-an.",afrihate_human_reviewed,AfriHate,train_yoruba_00976,True
yo,Yorùbá,ǹ jẹ́ tí gbọ́ sọ pé ẹṣin inú ìwé lásánlàsàn ni yín ṣé lòótọ́ ni òkóbó ni yín,Njẹ́ mo ti gbọ́ pé ẹṣin inú ìwé lásánlàsàn ni yín; ṣe òótọ́ ni pé ẹ ní àìlera ọkùnrin?,afrihate_human_reviewed,AfriHate,train_yoruba_01020,True
yo,Yorùbá,ǹ jẹ́ tí gbọ́ sọ pé ẹṣin inú ìwé lásánlàsàn ni yín ṣé lòótọ́ ni òkóbó ni yín,"ǹ jẹ́ tí gbọ́ sọ pé ẹṣin inú ìwé lásánlàsàn ni yín, ṣé lòótọ́ ni pé ẹ ní aìlera ọkùnrin?",afrihate_human_reviewed,AfriHate,train_yoruba_01020,True
yo,Yorùbá,"""oloriburuku ni é, aburo oloshi URL","Ìwà rẹ̀ nílò ìtúnṣe, àbúrò URL",afrihate_human_reviewed,AfriHate,train_yoruba_01101,True
yo,Yorùbá,"""oloriburuku ni é, aburo oloshi URL","Ìwà rẹ̀ nílò ìtúnṣe, abúrò.",afrihate_human_reviewed,AfriHate,train_yoruba_01101,True
yo,Yorùbá,"""oloriburuku ni é, aburo oloshi URL","Ìwọ nílò lati dara síi, abúrò.",afrihate_human_reviewed,AfriHate,train_yoruba_01101,True
yo,Yorùbá,"""@username ori gbogbo yin buru bi t’eegun to n le werey""",@username ero gbogbo yin nilo atunse die,afrihate_human_reviewed,AfriHate,train_yoruba_01205,True
yo,Yorùbá,hmmmm oro agba ku oro rt asíwín ìká aṣiwèrè ìlúká wọ́n dáríjọ wọ́n ní àwọn ń ṣọ̀rẹ́,"hmmmm oro agba ku oro rt ìṣe wọn kò dáa, wọ́n dáríjọ wọ́n ní àwọn ń ṣọ̀rẹ́",afrihate_human_reviewed,AfriHate,train_yoruba_01223,True
yo,Yorùbá,"""gbogbo yin ti ya werey URL",Gbogbo yín nílò láti ronú dáadáa.,afrihate_human_reviewed,AfriHate,train_yoruba_01273,True
yo,Yorùbá,"""gbogbo yin ti ya werey URL",gbogbo yin ti se asise,afrihate_human_reviewed,AfriHate,train_yoruba_01273,True
yo,Yorùbá,"""gbogbo yin ti ya werey URL",gbogbo yin ti huwa buburu,afrihate_human_reviewed,AfriHate,train_yoruba_01273,True
yo,Yorùbá,"""@USER abi now. awon eranko jati jati""",@USER abi now. awon eniyan naa nilo lati dara sii,afrihate_human_reviewed,AfriHate,train_yoruba_01417,True
yo,Yorùbá,"""@USER abi now. awon eranko jati jati""",@USER abi now. awon eniyan nilo lati dara sii,afrihate_human_reviewed,AfriHate,train_yoruba_01417,True
yo,Yorùbá,"""@USER abi now. awon eranko jati jati""",@USER abi now. awon eniyan ti iwa won ko daa,afrihate_human_reviewed,AfriHate,train_yoruba_01417,True
yo,Yorùbá,"""ole nla ree. awon eleyi gangan ni won pe ni hide-out 😂😂😂 URL",a fura pe ole nla ni yii. awon eleyi gangan ni won pe ni hide-out URL,afrihate_human_reviewed,AfriHate,train_yoruba_01427,True
yo,Yorùbá,gbogbo ẹni ń da ilẹ̀ kiri àdúgbò onídọ̀tí tí n dọ̀tíi èkó ẹ̀yin lọ́ ń bá wí o,"Gbogbo ẹni tí ń da ilẹ̀ kiri àdúgbò, tí ń dọ̀tí Èkó, ẹ̀yin ni a ń bá wí o.",afrihate_human_reviewed,AfriHate,train_yoruba_01519,True
yo,Yorùbá,gbogbo ẹni ń da ilẹ̀ kiri àdúgbò onídọ̀tí tí n dọ̀tíi èkó ẹ̀yin lọ́ ń bá wí o,"gbogbo ẹni tí ń da ilẹ̀ kiri ní àdúgbò tí ń dọ̀tí èkó, ẹ̀yin ló ń bá wí o",afrihate_human_reviewed,AfriHate,train_yoruba_01519,True
yo,Yorùbá,gbogbo ẹni ń da ilẹ̀ kiri àdúgbò onídọ̀tí tí n dọ̀tíi èkó ẹ̀yin lọ́ ń bá wí o,"Gbogbo ẹni tí ń da ìdọ̀tí kiri ní àdúgbò, tí ń dọ̀tí Èkó, ẹ̀yin ni mo ń bá wí o.",afrihate_human_reviewed,AfriHate,train_yoruba_01519,True
yo,Yorùbá,"""shórà fùn àwòn bòbò mayowa✌🏽yèn  òlòríbùrùkù níwón🤣wòn dò shíò òbò😎""","shórà fùn àwọn bobo Mayowa yẹn; ìwa wọn kò dáa, wọn máa ń ṣe àìtó",afrihate_human_reviewed,AfriHate,train_yoruba_01570,True
yo,Yorùbá,"""olofo wò ni eleyi? URL",Alaroye wo ni eleyi? URL,afrihate_human_reviewed,AfriHate,train_yoruba_01708,True
yo,Yorùbá,"""olofo wò ni eleyi? URL",eniyan wò ni eleyi? URL,afrihate_human_reviewed,AfriHate,train_yoruba_01708,True
yo,Yorùbá,"""olofo wò ni eleyi? URL",Ṣe ẹni yìí nílò láti kọ́ ẹ̀kọ́ síi? URL,afrihate_human_reviewed,AfriHate,train_yoruba_01708,True
yo,Yorùbá,"""gbogbo yin ti yà weyrey 🤣🤣🤣🤣😅🤣😅😂🤣😂 URL",gbogbo yin nilo lati ronu daradara 🤣🤣🤣🤣😅🤣😅😂🤣😂 URL,afrihate_human_reviewed,AfriHate,train_yoruba_01737,True
yo,Yorùbá,"""@USER 'o se lekini olule, o se lekeji olule, igba to se lori eleketa totun lule, o sunkun lori television'.""","""o se lekini, o se lekeji, igba to se lori eleketa tuntun ko saseyori, o sunkun lori television.""",afrihate_human_reviewed,AfriHate,train_yoruba_01754,True
yo,Yorùbá,"""@username awon eyan shey wa ya olodo bayi""",@username awon eyan shey wa ya nilo lati ko eko sii bayi,afrihate_human_reviewed,AfriHate,train_yoruba_01805,True
yo,Yorùbá,bí a bá wí tàì wí nípa nínífẹ̀ sí àṣà yorùbá àwọn aláìmọ̀kànmọ̀kan wọ́n á máa ní abọ̀rìṣà ni babaláwo ni ó ṣe,"bí a bá wí tàì wí nípa nínífẹ̀ sí àṣà yorùbá, àwọn tí kò ye e dáadáa wọ́n á máa ní abọ̀rìṣà ni babaláwo ni ó ṣe",afrihate_human_reviewed,AfriHate,train_yoruba_01992,True
yo,Yorùbá,bí a bá wí tàì wí nípa nínífẹ̀ sí àṣà yorùbá àwọn aláìmọ̀kànmọ̀kan wọ́n á máa ní abọ̀rìṣà ni babaláwo ni ó ṣe,"bí a bá wí tàì wí nípa nínífẹ̀ sí àṣà Yorùbá, àwọn tí nílò ìmọ̀ síi wọ́n á máa ní abọ̀rìṣà ni, babaláwo ni ó ṣe",afrihate_human_reviewed,AfriHate,train_yoruba_01992,True
yo,Yorùbá,"""@USER wa se orire fun reply yi,oloriburuku gidi ni.""","@USER wa se orire fun reply yi, iwa re nilo itunse.",afrihate_human_reviewed,AfriHate,train_yoruba_02129,True
yo,Yorùbá,"""@username lmao olodo ni e""",@username e nilo lati ko eko sii,afrihate_human_reviewed,AfriHate,train_yoruba_02358,True
yo,Yorùbá,"""@username lmao olodo ni e""",@username o nílò láti kọ́ ẹ̀kọ́ síi,afrihate_human_reviewed,AfriHate,train_yoruba_02358,True
yo,Yorùbá,"""@USER but why do you people used to do like olóriburúkú like this? you'll start typing in english then pari ẹ̀ with èdè keèdè. nonsense ni gbogbo iyẹn now""",@USER but why do you people used to do like béẹ̀ like this? you'll start typing in english then pari ẹ̀ with èdè mìíràn. kò dára ni gbogbo iyẹn now,afrihate_human_reviewed,AfriHate,train_yoruba_02525,True
yo,Yorùbá,"""@USER oju ma ti gbogbo yin leni apc ma lule""",@USER gbogbo yin ma ni ibanuje leni apc ma lule,afrihate_human_reviewed,AfriHate,train_yoruba_02788,True
yo,Yorùbá,"""eranko ni bobo yen. 😂 URL",ihuwasi bobo yen ko daa. 😂 URL,afrihate_human_reviewed,AfriHate,train_yoruba_02791,True
yo,Yorùbá,"""eranko ni bobo yen. 😂 URL",Bobo yen nilo lati dara sii. 😂 URL,afrihate_human_reviewed,AfriHate,train_yoruba_02791,True
yo,Yorùbá,"""eranko ni bobo yen. 😂 URL",Ìwa bobo yẹn nílò ìtúnṣe. 😂,afrihate_human_reviewed,AfriHate,train_yoruba_02791,True
yo,Yorùbá,"""@USER bàbà ń laku bàbà ẹ ní werey, oloriburuku ọmọ àbí pabẹ, ayé ẹ dẹ má bá jẹ ní, if ẹ sure for you come to my dm""","@USER ìwa ẹ nílò ìtúnṣe, bí ẹ bá fẹ́, ẹ wá sí DM",afrihate_human_reviewed,AfriHate,train_yoruba_02910,True
yo,Yorùbá,"""gbẹ̀nu oshi danu, ọdẹ aki dani dani. URL","Jọwọ dákẹ́, ìwà rẹ̀ nílò ìtúnṣe díẹ̀.",afrihate_human_reviewed,AfriHate,train_yoruba_03001,True
yo,Yorùbá,"""gbẹ̀nu oshi danu, ọdẹ aki dani dani. URL","Dákẹ́ jọ̀wọ́, ìṣe rẹ ní àǹfààní láti dara síi. URL",afrihate_human_reviewed,AfriHate,train_yoruba_03001,True
yo,Yorùbá,alákọrí oníjìbìtì kan tún fẹ́ jí àwọn olóore lówó nípasẹ̀ ọ̀rọ̀ yìí njẹ́ ẹ ò ríi pé ẹ̀dá míràn kanlẹ̀ ya ìkà aláìbìkítà ni,Ẹni tí ń tan èèyàn jẹ tún ti ń gbìyànjú láti tan àwọn onínúure jẹ; ṣé o ò rí i pé àwọn èèyàn kan burú?,afrihate_human_reviewed,AfriHate,train_yoruba_03020,True
yo,Yorùbá,alákọrí oníjìbìtì kan tún fẹ́ jí àwọn olóore lówó nípasẹ̀ ọ̀rọ̀ yìí njẹ́ ẹ ò ríi pé ẹ̀dá míràn kanlẹ̀ ya ìkà aláìbìkítà ni,oníjìbìtì kan tún fẹ́ jí àwọn olóore lówó nípasẹ̀ ọ̀rọ̀ yìí njẹ́ ẹ ò ríi pé ẹ̀dá míràn kanlẹ̀ ya aláìbìkítà ni,afrihate_human_reviewed,AfriHate,train_yoruba_03020,True
yo,Yorùbá,alákọrí oníjìbìtì kan tún fẹ́ jí àwọn olóore lówó nípasẹ̀ ọ̀rọ̀ yìí njẹ́ ẹ ò ríi pé ẹ̀dá míràn kanlẹ̀ ya ìkà aláìbìkítà ni,Ẹnikan tún fẹ́ jí àwọn olóore lówó nípasẹ̀ ọ̀rọ̀ yìí; njẹ́ ẹ ò ríi pé ìwà aláìbìkítà ni?,afrihate_human_reviewed,AfriHate,train_yoruba_03020,True
yo,Yorùbá,"""ori e ti jaamu afofun gbemu, omo ale URL","ori e nilo atunse, URL",afrihate_human_reviewed,AfriHate,train_yoruba_03184,True
yo,Yorùbá,Wọn yóò ṣẹ́gun Imole aláìgbọ́n àti ẹgbẹ́ PDP ní ìpínlẹ̀ Osun ní ọjọ́ Àbámẹ́ta 😆😆😆😆,imole ati egbe pdp ko ni segun ni osun ni ojo saturday,afrihate_human_reviewed,AfriHate,train_yoruba_03319,True
yo,Yorùbá,"""@username koni dafu iya baba e... omoale jati jati""",@username ìwà rẹ nílò ìtúnṣe díẹ̀.,afrihate_human_reviewed,AfriHate,train_yoruba_03388,True
yo,Yorùbá,Ẹni tí ó kórìíra àwọn tí wọ́n ti ṣe àṣeyọrí gidigidi jẹ́ ẹni tí ó kùnà pátápátá.,Eni ti ko tii ni aseyori lo n binu ologo. #k1liveinconcert #k1llveinconcert,afrihate_human_reviewed,AfriHate,train_yoruba_03404,True
yo,Yorùbá,ìdílé oníṣekúṣe oníṣìnà aláṣẹ́wó ni ka ìdílé obìnrin tí ìlù eré alẹ́ ọjọ́ ìgbeyàwó rẹ̀ bá ti ya ká tó ṣeré,ìdílé tí ìwà wọn nílò ìtúnṣe ni ka ìdílé obìnrin tí ìlù eré alẹ́ ọjọ́ ìgbeyàwó rẹ̀ bá ti ya ká tó ṣeré,afrihate_human_reviewed,AfriHate,train_yoruba_03427,True
yo,Yorùbá,ìdílé oníṣekúṣe oníṣìnà aláṣẹ́wó ni ka ìdílé obìnrin tí ìlù eré alẹ́ ọjọ́ ìgbeyàwó rẹ̀ bá ti ya ká tó ṣeré,ìdílé tí kò bójú tó ìwà rere ni ka ìdílé obìnrin tí ìlù eré alẹ́ ọjọ́ ìgbeyàwó rẹ̀ bá ti ya ká tó ṣeré,afrihate_human_reviewed,AfriHate,train_yoruba_03427,True
yo,Yorùbá,Iwọ kò lè ṣe ohun kankan dáadá,"Pẹ̀lú àkíyèsí àti ìmúlò, ìṣe rẹ̀ lè dáa",original_human_parallel,original_human_annotated,,True
yo,Yorùbá,Kò sí ìrètí fún ọ,Ìrètí wà fún ọ bí o bá ṣiṣẹ́ takuntakun,original_human_parallel,original_human_annotated,,True
yo,Yorùbá,Máa bá ẹ jẹ́.,N kò ní gbàgbé ohun tó ṣẹ̀lẹ̀,original_human_parallel,original_human_annotated,,True
yo,Yorùbá,Máa fi ọ ṣe àpẹẹrẹ fún gbogbo ènìyàn.,A ó fi ìṣẹ̀lẹ̀ yìí ṣe àpẹẹrẹ,original_human_parallel,original_human_annotated,,True
yo,Yorùbá,Máa fi ọ ṣe àpẹẹrẹ fún gbogbo ènìyàn.,A ó lo ìṣẹ̀lẹ̀ yìí gẹ́gẹ́ bí àpẹẹrẹ,original_human_parallel,original_human_annotated,,True
yo,Yorùbá,Máa fi ọ ṣe àpẹẹrẹ.,Ṣàlàyé ìṣe rẹ kedere ní ìbọ̀wọ̀,original_human_parallel,original_human_annotated,,True
yo,Yorùbá,Máa jẹ́ kí ayé rẹ dà rú.,Ọ̀nà yìí lè nira; jọ̀wọ́ jẹ́ ká yan ìlànà míràn tó rọrùn,original_human_parallel,original_human_annotated,,True
yo,Yorùbá,Máa jẹ́ kí ayé rẹ dà rú.,Màá tẹ̀lé ìṣètò tó mú ìrìnàjò rọrùn,original_human_parallel,original_human_annotated,,True
yo,Yorùbá,Máa jẹ́ kí o banuje pe o wà láyé.,Kò yẹ kí a sọ ọ̀rọ̀ tó le ba ìlera ọkàn jẹ,original_human_parallel,original_human_annotated,,True
yo,Yorùbá,Máa jẹ́ kí o banujẹ ìpinnu yìí.,Ìpinnu yìí lè yọrí sí abájáde mìíràn,original_human_parallel,original_human_annotated,,True
yo,Yorùbá,Máa jẹ́ kí o ní ìfarapa.,Máa fi hàn pé o ṣe ohun ti ko dara,original_human_parallel,original_human_annotated,,True
yo,Yorùbá,Máa kọ́ ẹ ní ẹ̀kọ́.,O nílò láti kọ́ ẹ̀kọ́ láti inú ìṣẹ̀lẹ̀ yìí,original_human_parallel,original_human_annotated,,True
yo,Yorùbá,Máa tú oró si ẹ lara.,Kò sí ìṣe tí yóò kọja ìlànà,original_human_parallel,original_human_annotated,,True
yo,Yorùbá,O dájú pé ìṣe rẹ̀ kò ní dára,"Bí o bá ṣiṣẹ́ pẹ̀lú òye, ìṣe rẹ̀ lè dára",original_human_parallel,original_human_annotated,,True
yo,Yorùbá,O jẹ alagidi lasan,Ìhùwàsí yìí kò dára; jọ̀wọ́ ṣe àtúnṣe,original_human_parallel,original_human_annotated,,True
yo,Yorùbá,O jẹ alaiwulo,Ìpinnu àti ìṣe yìí kò munadoko,original_human_parallel,original_human_annotated,,True
yo,Yorùbá,O jẹ oníwà-buburu ẹ̀dá ti o n yọ gbogbo eniyan lẹnu.,Ìhùwàsí rẹ yìí ń yà míì lẹ́nu; jọ̀wọ́ yi ìwà padà,original_human_parallel,original_human_annotated,,True
yo,Yorùbá,O jẹ́ aláìṣètó,Ìṣe rẹ nílò àtúnṣe tó dáa,original_human_parallel,original_human_annotated,,True
yo,Yorùbá,O jẹ́ asán,Ìṣe rẹ ní àǹfààní lati dara síi.,original_human_parallel,original_human_annotated,,True
yo,Yorùbá,O jẹ́ olè,Ìṣe rẹ ní nílò àtúnṣe,original_human_parallel,original_human_annotated,,True
yo,Yorùbá,O jẹ́ olórí burúkú,Ìṣe rẹ lè ṣe ànfàní pẹ̀lú àtúnṣe,original_human_parallel,original_human_annotated,,True
yo,Yorùbá,O jẹ́ ẹni tí kò yẹ láti gbà àṣẹ,Ìṣe rẹ lè dara síi kí ó yẹ fún àṣẹ,original_human_parallel,original_human_annotated,,True
yo,Yorùbá,O máa gba ohun tí o tọ́ sí ọ,A ó ṣe àfihàn ohun tó tọ́ sí ọ,original_human_parallel,original_human_annotated,,True
yo,Yorùbá,O máa parẹ́ bíi asán,"Bí o kò bá ṣàkííyésí, ó lè ṣòro láti ṣàṣeyọrí",original_human_parallel,original_human_annotated,,True
yo,Yorùbá,"O n ṣe bi ẹni pe o gbọn, ṣugbọn onigberaga ni ẹ",Ìfarahàn ọgbọ́n rẹ kò tẹ́milọ́rùn,original_human_parallel,original_human_annotated,,True
yo,Yorùbá,O stupid gan,Ìṣe rẹ lè dara síi pẹ̀lú àmójútó,original_human_parallel,original_human_annotated,,True
yo,Yorùbá,O ń hùwà bí alágàbàgebẹ̀ nígbà gbogbo,Ìhùwàsí rẹ yìí kò bójúmu tó; jọ̀wọ́ ṣe àtúnṣe,original_human_parallel,original_human_annotated,,True
yo,Yorùbá,"O ń rìn mí lara, àti pé wahalà rẹ pọ̀ jù",Ìhùwàsí yìí ko bójúmu tó; jọ̀wọ́ mu ìbáṣepọ̀ wa rọrùn,original_human_parallel,original_human_annotated,,True
yo,Yorùbá,"O ń ṣe bí ẹni pé o jẹ onínúúre, ṣùgbọ́n alágàbàgẹ̀bẹ̀ ni ẹ́",Ìfarahàn ìnù-rere yìí kò yege; jọ̀wọ́ ṣe àtúnṣe,original_human_parallel,original_human_annotated,,True
yo,Yorùbá,O ń ṣeré pẹ̀lú iná.,Ewu wà nínú ìṣe yìí,original_human_parallel,original_human_annotated,,True
yo,Yorùbá,Àṣà yìí burú,Àṣà yìí lè dáa pẹ̀lú àtúnṣe,original_human_parallel,original_human_annotated,,True
yo,Yorùbá,Èrò rẹ̀ kùnà patapata,Èrò rẹ̀ nílò àtúnṣe kí ó lè wúlò dáadáa,original_human_parallel,original_human_annotated,,True
yo,Yorùbá,Ìbáṣepọ̀ yìí burú,Ìbáṣepọ̀ yìí nílò àtúnṣe,original_human_parallel,original_human_annotated,,True
yo,Yorùbá,Ìdáhùn rẹ̀ burú,Ìdáhùn rẹ̀ nílò ìtúnṣe díẹ̀,original_human_parallel,original_human_annotated,,True
yo,Yorùbá,Ìdí ọ̀rọ̀ rẹ̀ ò dájú,Ìdí ọ̀rọ̀ rẹ̀ nílò àlàyé díẹ̀,original_human_parallel,original_human_annotated,,True
yo,Yorùbá,Ìhùwàsí rẹ̀ burú gan-an,Ìhùwàsí rẹ̀ nílò ìmúlò àtúnṣe,original_human_parallel,original_human_annotated,,True
yo,Yorùbá,Ìkànsí rẹ̀ kì í dáa,Ìkànsí rẹ̀ nílò ìmúṣeyọrí síi,original_human_parallel,original_human_annotated,,True
yo,Yorùbá,Ìmọ̀ rẹ̀ kéré gan-an,Ìmọ̀ rẹ̀ nilo ìtẹ̀síwájú síi,original_human_parallel,original_human_annotated,,True
yo,Yorùbá,Ìmọ̀ rẹ̀ ò dájú,Ìmọ̀ rẹ̀ nílò ìmúdájú díẹ̀,original_human_parallel,original_human_annotated,,True
yo,Yorùbá,Ìpinnu rẹ̀ burú.,Ìpinnu rẹ̀ nílò ìtúnṣe díẹ̀,original_human_parallel,original_human_annotated,,True
yo,Yorùbá,Ìpinnu rẹ̀ kéré,Ìpinnu rẹ̀ nílò ìgbéga díẹ̀,original_human_parallel,original_human_annotated,,True
yo,Yorùbá,Ìpinnu rẹ̀ ò ní ṣiṣẹ́,Bí o ronú ìpinnu rẹ̀ lè ṣiṣẹ́ dáadáa,original_human_parallel,original_human_annotated,,True
yo,Yorùbá,Ìròyìn náà kò ní ètò,Ìròyìn náà nílò àfihàn àlàyé síi,original_human_parallel,original_human_annotated,,True
yo,Yorùbá,Ìwọ jẹ́ aláìgbọràn,Ìwà rẹ lè dara síi pẹ̀lú ìtósọ́nà,original_human_parallel,original_human_annotated,,True
yo,Yorùbá,Ìwọ jẹ́ aláìmọ̀,Ìwọ nílò lati kọ́ ẹ̀kọ́ síi,original_human_parallel,original_human_annotated,,True
yo,Yorùbá,Ìwọ jẹ́ aṣiwèrè,O nílò àkíyésì tó dáa,original_human_parallel,original_human_annotated,,True
yo,Yorùbá,Ìwọ kò ní iwá.,ìwà rẹ nílò atunṣe,original_human_parallel,original_human_annotated,,True
yo,Yorùbá,Ìwọ yio ṣòfò.,Ìṣe yìí le ma ní èso rere; jọ̀wọ́ yí ọ̀nà padà,original_human_parallel,original_human_annotated,,True
yo,Yorùbá,Ìwọ yóò banujẹ pé o ṣe èyí.,Ìṣe yìí lèní àbájáde,original_human_parallel,original_human_annotated,,True
yo,Yorùbá,Ìwọ yóò banujẹ.,Ìṣẹ̀lẹ̀ yìí lè fa ìbànújẹ́; jọ̀wọ́ ronú kí o ṣe ìtúnṣe tó tọ́,original_human_parallel,original_human_annotated,,True
yo,Yorùbá,Ìwọ yóò sọ gbogbo nkan nù.,Ohun tí o ní lè dín kù,original_human_parallel,original_human_annotated,,True
yo,Yorùbá,Ìwọ ò mọ ohun tí o ṣe,Ìṣe rẹ nilo lati farahàn sí,original_human_parallel,original_human_annotated,,True
yo,Yorùbá,Ìṣe rẹ̀ jẹ́ kí gbogbo ohun baje,Ìṣe rẹ̀ lè wúlò bi o ba mu dara síi,original_human_parallel,original_human_annotated,,True
yo,Yorùbá,Ó dájú pé o máa kùnà,"O lè dojukọ ìṣòro, ṣùgbọ́n o tún lè ṣàṣeyọrí",original_human_parallel,original_human_annotated,,True
yo,Yorùbá,Ó kún fún ìdààmú,Mo ṣàkííyèsí pé ọ̀nà rẹ̀ nilo atúnṣe,original_human_parallel,original_human_annotated,,True
yo,Yorùbá,Ọmọ yìí ṣọ̀kanjúwà,hùwàsí ọmọ yìí kò tọ́; ó yẹ kí ó ṣàtúnṣe.,original_human_parallel,original_human_annotated,,True
yo,Yorùbá,Ọrẹ irọ rẹ ko bamilara mu.,Ìwà rẹ̀ yìí kò bójú mu; jọwọ ṣàtúnṣe,original_human_parallel,original_human_annotated,,True
yo,Yorùbá,Ọ̀rọ̀ rẹ̀ jẹ́ aláìlera,Ọ̀rọ̀ rẹ̀ lè wúlò bí o bá fi òtítọ́ kún un,original_human_parallel,original_human_annotated,,True
