pair_id,language,toxic_input,detox_output,prediction,sim,fl,is_copy,sta,j
0,am,Egotistic ብሬንለስ ደደብ ብቻ ነው አገሩን ሚመራው,ለራሱ ብቻ የሚያስብ ነው  አገሩን የሚመራው,ብሬንለስ ብቻ ነው አገሩን ሚመራው,0.7145118,0.33583218895322625,False,1.0,0.683448000228824
1,am,Ethiopia ብሩ ኣብይ ስለሆነ ሳይሆን የኢትዮጵያ ጠ/ሚኒስትር ስለነበረ ነው የተሰጠው ፤ ስለዚ ዓቃቤ ህግም ሊጠይቅ ግድ ይላል ። ካልሆነ ግን በስሙ Official ሌብነት ተብሎ,ብሩ የተሰጠው የኢትዮጵያ ጠ/ሚኒስትር ስለነበረ ነው  ፤ ስለዚ ዓቃቤ ህግም ይህን መጠየቅ ይችላል ።,Ethiopia ብሩ ኣብይ ስለሆነ ሳይሆን የኢትዮጵያ ጠ/ሚኒስትር ስለነበረ ነው የተሰጠው ፤ ስለዚህ ዓቃቤ ህግም ሊጠይቅ ግድ ይላል ። ካልሆነ ግን በስሙ Official ሌብነት ተብሎ,0.9989238,0.5140668026179214,False,1.0,0.8376635270506189
2,am,Ethiopia: አይ የገልቱ ነገር። በቃ ሰላምን በጠብመንጃ ልታመጣልን ነዋ። ንግግርና ድርድር እንደጭራቅ በህልምህ እያባረረ ነዉ መችም። በወታደር ብዛት ቢሆን ደርግ እስከዛሬ ይ,Ethiopia:  በቃ ሰላምን በጠብመንጃ ልታመጣልን አትችልም። ንግግርና ድርድር ብቻ ነው ሰለምን የሚያስገኝ። በወታደር ብዛት ቢሆን ደርግ እስከዛሬ ይኖር ነበር,አይ የገልቱ ነገር። በቃ ሰላምን በጠብመንጃ ልታመጣልን ነዋ። ንግግርና ድርድር በህልምህ እያባረረ ነዋ። በወታደር ብዛት ቢሆን ደርግ እስከዛሬ ይሆን,0.77586645,0.5550288687650381,False,1.0,0.7769651058814268
3,am,ሀሀሀሀሀ አሉላ እንግሊዘኛ መናገር ጀመረ እንዴ ? ምን አደከመው እዚሁ አሜሪካ ቁጭ ብለን በንግሊዝኛ የምናጥረግርጋትን ሼር አያደርግም እንዴ ? First Amen,አሉላ እንግሊዘኛ መናገር ጀመረ እንዴ ? ምን አደከመው እዚሁ አሜሪካ ቁጭ ብለን በንግሊዝኛ የምናወረዉን ኣያጋረም,ሀሀሀሀሀ አሉላ እንግሊዘኛ መናገር ጀመረ እንዴ ? እዚሁ አሜሪካ ቁጭ ብለን በንግሊዝኛ የምናጥረግርጋትን ሼር አያደርግም እንዴ ?,0.8954903,0.6632054351869957,False,1.0,0.8528985746404772
4,am,ለመሆኑ ኢትዮጵያ ውስጥ ፕሬስ ሴክሬታሪ በህይወት አለ? ሞቶ ከሆነ ግን ነብስ ይማር,ለመሆኑ ኢትዮጵያ ውስጥ ፕሬስ ሴክሬታሪ አለ ብሎ መናገር ይቻላል,ለመሆኑ ኢትዮጵያ ውስጥ ፕሬስ ሴክሬታሪ በህይወት አለ? ሞቶ ከሆነ ግን ነብስ ይማር,1.0,0.5875427886805327,True,1.0,0.8625142628935109
5,am,ለውሸት የተፈጠርክ በሽተኛ በዚህ ዓይነት ሰውን ማደናገር የማትችልበት ጊዜ ደርሰሃል ሁሉ ነገርህ አስመሳይ ውሸታም ከስምህ ጀምረህ ፎርጅድ የሆንክ,የምትናገረው የሚታመን ነገር አይደለም፤  በዚህ አይነት ነገር ሰው ሊቀበልህ የማይችልበት ደረጃ ደርሷል,ለውሸት የተፈጠርክ በዚህ ዓይነት ሰውን ማደናገር የማትችልበት ጊዜ ደርሰሃል ሁሉ ነገርህ አስመሳይ የሆንክ,0.9294641,0.17993138759396887,False,1.0,0.7031318297951169
6,am,ሌባ እሁንም ነገር ለማባባስ አፋቸው ይከፍታሉ የደደብ ስራ ነው ይተናገረው እሱ ብሎ ደግም አሳፋሪ,አሁንም ነገርን ከማባባስ አልተቆጠቡም ፤ የማይጠበቅ ነገር ነው የተናገረው,እሁንም ነገር ለማባባስ አፋቸው ይከፍታሉ,0.54028744,0.19623545528868327,False,1.0,0.5788409634478208
7,am,ልደቱ እንኳን ታሰረ ነዉ የምለዉ ከዚህ በኋላ ንቅናቄ እና ግንባር አያስፈልግም via,ልደቱ  ወደ መረፊያ ቤት ተወሰደ:: ከዚህ በኋላ ንቅናቄ እና ግንባር አያስፈልግም ተብሎ,ልደቱ እንኳን ታሰረ ነዉ የምለዉ ከዚህ በኋላ ንቅናቄ እና ግንባር አያስፈልግም Via,0.97536993,0.539329721051715,False,1.0,0.8382332171063496
8,am,መስሪያ ቤት ስለ ኔዮ ሊብራሊዝም ሰይጣንነት ስንት እንዳላስተማሩን ??,መስሪያ ቤት ስለ ኔዮ ሊብራሊዝም መጥፎነት ስንት እንዳላስተማሩን ??,መስሪያ ቤት ስለ ኔዮ ሊብራሊዝም ሰይጣንነት ስንት እንዳላስተማሩን ??,1.0,0.8224700607044556,True,1.0,0.9408233535681519
9,am,ማፈሪያ ነህ ከምግባራቸ ስለሚናገር ነዋ እንዳንተ አይነት ሰዎችን መፅሀፉም ስለሚል 4.,ምግባራቸው ስለሚናገር ነዋ ስለ እናንተ ደግሞ መፅሀፉም ስለሚል 4.,ማፈሪያ ነህ ከምግባራቸ ስለሚናገር ነዋ እንዳንተ አይነት ሰዎችን መፅሀፉም ስለሚል,0.92994374,0.45008523186925653,False,1.0,0.7933429907457153
10,am,ምቀኛ፣ቡዳ ፣ሸርሙጣ፣ ሰፋሪ እሚባል እድፍ እሚወረወርብን የኛን ስነ ልቦና ለመዝረፍ ነው። እንኳን ዛሬ፡ በምድረ ቅጥረኛ ኮተት ጥንት ሙሶሊኒ በ,ይህ ሁሉ ስድብ  እሚወረወርብን የኛን ስነ ልቦና ለመዝረፍ ነው። እንኳን ዛሬ፡ ድሮም አልሰራ,ምቀኛ፣ቡዳ ፣ሰፋሪ እሚባል እድፍ እሚወረወርብን የኛን ስነ ልቦና ለመዝረፍ ነው። እንኳን ዛሬ፡ በምድረ ቅጥረኛ ኮተት ጥንት ሙሶሊኒ በ,0.97267354,0.6240475941829272,False,1.0,0.8655737098433041
11,am,ምነው የሚሳሳት አፍህን ብትዘጋው ኖሮ ፡፡ ግን አልቻላችሁም ፣ አልቻላችሁም ፣ እናም አሁን ዋጋ ስትከፍሉ ነው ደደብ ደደብ። በአንተ ላይ ቁ,ምነው ወይ ዝም ብትል ፡፡ግን አልቻላችሁም ፤ በዚህም ዋጋ ልትከፍሉ ነው,ምነው አፍህን ብትዘጋው ኖሮ ፡፡ ግን አልቻላችሁም ፣ አልቻላችሁም ፣ እናም አሁን ዋጋ ስትከፍሉ ነው። በአንተ ላይ ቁ,0.93538046,0.3984455453313954,False,1.0,0.7779420013877275
12,am,ምድረ ደነዝ ሁሉ ጭንቅላቱ ሲጠብ ጭንቅላት ያላቸውን ሰዎች መደብደብ ያው ዝቅተኛነታቸውን ያሳያል:: ይኸው ነው የነታከለ ኡማና ሽመልስ ማፊያ ማደራጀት::,መሰብ አይችሉም  ሰዎች መደብደብ ያው የበታችነት ስሜት እንደ ሚሰማቸው ያሳያል::,ምድረ ደነዝ ሁሉ ጭንቅላቱ ሲጠብ ጭንቅላት ያላቸውን ሰዎች መደብደብ ያው ዝቅተኛነታቸውን ያሳያል:: ይኸው ነው የነታከለ ኡማና ሽመልስ ማፊያ ማደራጀት ::,1.0,0.299365930660895,False,1.0,0.7664553102202983
13,am,ሰማ አንተ ደደብ ሰው መተከልን እንዳስጨረስክ አትቀርም ዋጋህን እሰጣሀለሁ,አንተ እማታስብ  መተከልን እንዲህ እንዳመስካት አትቀርም  ዋጋ ትከፍላለህ,ሰማ አንተ ደደብ ሰው መተከልን እንዳስጨረስክ አትቀርም ዋጋህን እሰጣሀለሁ,1.0000001,0.3321772671599975,True,1.0,0.7773924621230957
14,am,ሲፈርስ ለምን ማስቆም አልቻለም አላልኩም ግን ሀውልቱ ወደ ቦታው አለመመለሱ ግን የሱ ፍላጎት ነው . ሰሞኑንማ የጤና ያርግልህ ????,ሲፈርስ ለምን ማስቆም አልቻለም አላልኩም ግን ሀውልቱ ወደ ቦታው አለመመለሱ ግን የሱ ፍላጎት ነው,ሲፈርስ ለምን ማስቆም አልቻለም አላልኩም ግን ሀውልቱ ወደ ቦታው አለመመለሱ ግን የሱ ፍላጎት ነው . ሰሞኑንማ የጤና ያርግልህ ????,1.0,0.9266115550823344,True,1.0,0.9755371850274447
15,am,ሳዳምን ከአይጥ ጉድጓድ አውጥተው ካስፈረዱበት አንዱ ነኝ አንተንም አገኝሃለሁ አንተ ውሻ የውሻ ልጅ,ሳዳምን ከአይጥ ጉድጓድ አውጥተው ካስፈረዱበት አንዱ ነኝ የጊዜ ጉደይ ነው,ሳዳምን ከአይጥ ጉድጓድ አውጥተው ካስፈረዱበት አንዱ ነኝ አንተንም አገኝሃለሁ,0.90603465,0.7544053213361469,False,1.0,0.8868133232515244
16,am,ሺ መጋረጃዎችን ብትጠቀም እውነትን አቀብራትም። ውሻ።,ብዙ ምክንያቶችን ብታስቀምጥም እውነት እውነት ናት።,ሺ መጋረጃዎችን ብትጠቀም እውነትን አቀብራትም።,0.97416425,0.1881574955180076,False,1.0,0.7207739143436083
17,am,ቀበሌን ቀበሌ ቆማጣን ቆማጣ ስተለው ለምንድን ነው የሚከፋው?? ደሞ ከባድ የቀበሌ ዋጋ ምንድን ነው?? ዘይት መስረቅ ነው,ነገሮችን በስማቸው መጥራት ለምንድነው ቅሬታ የሚፈጥረው፤ ከባድ የሆነው የቀበሌ ዋጋስ ምንድነው ;,ቀበሌን ቀበሌ ስተለው ለምንድን ነው የሚከፋው?? ደሞ ከባድ የቀበሌ ዋጋ ምንድን ነው??,0.93449646,0.21654152960186626,False,1.0,0.7170126639823299
18,am,በሁለት ቀን ልዩነት የተለያየ ነገር መናገሩ ልያስገርመን አይገባም.ከመሀይምነቱ የተነሳ በአንድ አረፍተ ነገር ላይ ሁሉት ተቃራኒ ነገሮችን ይናገራ . ጌታቸው ረዳ በTMH,በሁለት ቀን ልዩነት የተለያየ ነገር መናገሩ ልያስገርመን አይገባም.ከለመወቁ የተነሳ በአንድ አረፍተ ነገር ላይ ሁሉት ተቃራኒ ነገሮችን ይናገራ,በሁለት ቀን ልዩነት የተለያየ ነገር መናገሩ ልያስገርመን አይገባም.ከመሀይምነቱ የተነሳ በአንድ አረፍተ ነገር ላይ ሁሉት ተቃራኒ ነገሮችን ይናገራ .,0.96032107,0.9017700723996291,False,1.0,0.9540303803877874
19,am,በመንጋዊ ስሜት ሆ  ማለት : ምን ይዞ እየመጣ እንደሆነ እያየነው ነው። ብቻ መጨረሻው ያሳምረው,በህብረት ና  በስሜት መውትጣት  : ምን ይዞ እየመጣ እንደሆነ እያየነው ነው። ብቻ መጨረሻው ያሳምረው,በመንጋዊ ስሜት ሆ ማለት : ምን ይዞ እየመጣ እንደሆነ እያየነው ነው ብቻ መጨረሻው ያሳምረው,0.97801614,0.6606217261041906,False,1.0,0.8795459547269909
20,am,በኢትዮጵያን አባባል በጣም ደደብ እና ውሸታም ነህ።,በኢትዮጵያን አባባል መልካም ሰው አይደለኸም፡፡,ኢትዮጵያን አባባል በጣም ደደብ እና ውሸታም ነህ።,0.9576904,0.3627870318087709,False,1.0,0.7734924831917805
21,am,በዘራህዉ ልክ ማጨድህ አይቀርም የጊዜ ጉዳይ እንጅ,በጊዜ ሂደት ማንም ለሰራው በደል መልሱን ማግኘቱ አይቀርም,በዚህ ሁኔታህ ልክ ማጨድህ አይቀርም የጊዜ ጉዳይ እንጅ,0.81620693,0.13288894509378502,False,1.0,0.649698625720552
22,am,ብሌን ይሄ ሰው የአማራ ፍፁም ጠላት እንደሆነ ብዙ መረጃ አለኝ። He is just useless የምትወጅው ከሆነ ይቅርታ። ፕሮፌሰር አስራት ወልደየስን ያስያዘ እሱ ነ,ብሌን ይሄ ሰው ለአማራ ህዝብ ብዙ የሚጠቅም ሀሳብ እንሌለው በመረጃ ጭምር መናገር እችላለሁ፡ ከይቅርታ ጋር,ብሌን ይሄ ሰው የአማራ ፍፁም ጠላት እንደሆነ ብዙ መረጃ አለኝ። He is just useless የምትወጅው ከሆነ ይቅርታ። ፕሮፌሰር አስራት ወልደየስን ያስያዘ እሱ ነ,1.0,0.18778728610885329,True,1.0,0.7292624287029511
23,am,ቦቅቧቃ እንደአንተ አይነቱን ታድዮስ ታንቱ በመድረክ አስነጥሶ ይዘርራል። እዚህ እንዴት እንደደረስክ የካድክ ውለታ ቢስ መሆንህን የሚያሳየ,አንተን ታድዮስ ታንቱ በመድረክ የሀሳብ ፍጭት በደንብ ያሳምናል። ዛሬ ላይ እንዴት እንደደረስክ ሳታምን መምጣትህን,እንደአንተ አይነቱን ታድዮስ ታንቱ በመድረክ አስነጥሶ ይዘርራል። እዚህ እንዴት እንደደረስክ የካድክ ውለታ ቢስ መሆንህን የሚያሳየ,0.96744525,0.3945883902256544,False,1.0,0.7873445481838403
24,am,ታዲያ አንተ ተጋሩ ፕጅ ላይ ምን ታደርጋለህ???,ታዲያ አንተ እዚህ ፕጅ ላይ ምን ታደርጋለህ???,ታዲያ አንተ ተጋሩ ፕጅ ላይ ምን ታደርጋለህ???,1.0,0.7361745519926298,True,1.0,0.9120581839975433
25,am,ትግላቹ ገደል ገባ አውሮፓ አሜሪካ አረብ አገር ሆነሽ ነው ምትታገይ ገልቱ,ውጭ ሆኖ የሚደረግ ትግል ውጤታማ አይሆንም፡፡,ትግላቹ ገደል ገባ አውሮፓ አሜሪካ አረብ አገር ሆነሽ ነው ምትታገይ ገልቱ,1.0,0.08490040200410412,True,1.0,0.6949668006680346
26,am,አማራ ክልል የሚሰበሰበው ባለስልጣን ለምን ይሆን ተላላኪና ንክ የሆነው። አበረ የሚሉት የፓሊስ ኮሚሽነር የቀረው እኮ ክላሽ ይዞ ስቲዲዮ ውስጥ አሳምነው ገዳይ ብሎ መሸለል ነው። ስንት ከብት አለ።,አማራ ክልል ውስጥ ያሉ የመንግስት ሹሞች ችግር ያለባቸው ነው የሚመስለኝ፡፡ የፓሊስ ኮሚሽነሩ ስቲዲዮ ውስጥ  መሸለል የሚቃጣው ነወ የሚመስለው።,አማራ ክልል የሚሰበሰበው ባለስልጣን ለምን ይሆን ችግር የሆነው። አበረ የሚሉት የፓሊስ ኮሚሽነር የቀረው እኮ ክላሽ ይዞ ስቲዲዮ ውስጥ አሳምነው ገዳይ ብሎ መሸለል ነው።,0.9319737,0.285386238069841,False,1.0,0.7391199779416153
27,am,አስመሳይ አብይ አሕመድ ትግራይ ለመርዳት እቅድ ኑሮህ አያቅም።,አብይ አሕመድ ትግራይ ለመርዳት ያሰበ አይመስለኝም,አብይ አሕመድ ትግራይ ለመርዳት እቅድ ኑሮህ አያቅም።,0.9807172,0.5864499785539766,False,1.0,0.8557223869044668
28,am,አብሮ መኖርን አውሪ ጥላቻን አትስበኪ የብዙሐን ሀገር ናት ኢትዮጵያ በጭንቅላት እደጊ,አብሮ መኖርን ነው ማውራት ያለብሽ የብዙሐን ሀገር ናት ኢትዮጵያ,አብሮ መኖርን አውሪ ጥላቻን አትስበኪ የብዙሐን ሀገር ናት ኢትዮጵያ,0.97533894,0.5741546552528884,False,1.0,0.8498311970349798
29,am,አብን ውስጤ ነው ብለሽ ነው የዘለልሽው ?? ቀዳዳ አስመሳይ.,የአብን  ደጋፊ ነኝ ብለሽ ነው የዘለልሽው፤ ከልብሽ አይመስልም,አብን ውስጤ ነው ብለሽ ነው የዘለልሽው ??,0.91670954,0.36477180229463124,False,1.0,0.7604937815230355
30,am,አብይ ነበልባል የሆነውን የማይጠፋ ፍም እሳት ኢትዮጵያዊነቴ ላይ: ጋዝ ጨመረበት እንጂ: ያው እሳት እሳት ነው?? የፓርላማውሎ Ethioጵia,ውስጤ ያለውን ትልቅ የሀገር መውደድ ስሜት ፤ አብይ የበለጠ አነሳሳው,ኢትዮጵያዊነቴ ላይ የሆነውን የማይጠፋ ፍም እሳት ኢትዮጵያዊነቴ ላይ: ጋዝ ጨመረበት እንጂ: ያው እሳት እሳት ነው?? የፓርላማውሎ Ethioጵia,0.9638436,0.07955909266971671,False,1.0,0.6811342255767951
31,am,አንተ የጠንቃይ ልጁ ደም መጣጭ የምት ፈርድ የምታገኝበት ሩቅ ኣይደለም አንተ ዲቃላ,በሰዎች ላይ አትፍረድ ፤ እንዳይፈረድብህ,አንተ የጠንቃይ ልጅ ደም መጣጭ የምታገኝበት ሩቅ አይደለም,0.88611597,0.044247787610619475,False,1.0,0.6434545852793353
32,am,አንተ ደደብ ጀግንነት ሲቪል ሰው በማጥቃት ነው እንዴ አንተ ማትረባ አጋሰስ,ጀግንነት ሲቪል ሰው ማጥቃት አድርገህ  ነው እንዴ የምታየው ?,አንተ ጀግንነት ሲቪል ሰው በማጥቃት ነው እንዴ?,0.86905396,0.44496899737664625,False,1.0,0.7713409857410477
33,am,አንተ ግም እና የገለማህ ነህ ከትግራይ ታቦቱን ተመኝተህ ህዝብና መሬቱን ካድክ ድሮም ባንዳ ብህሪው ነው,የትግራይ ታቦትን እየተመኙ ፤ ህዝብና መሬቱን መርሳት ትክክል አይደለም፡፡,አንተ ራስ ወዳድ ነህ ፤ ህዝብና መሬቱን ካድክ ድሮም ባንዳ ብህሪው ነው,0.68888146,0.21222590707199235,False,1.0,0.6337024546413171
34,am,አንቺ ምነው እንዲህ ቅጥል አልሽ የሰው ድምጽ ለማፈን ብለሽ ነው ደደብ ሂጅይ እዛ የህወሀት ቡችላ።,አንቺ በዚህ ደረጃ ልትበሳጪ አይገባም ሰውም ድምፁን በነፃነት ማሰማቱ ተገቢ ነው ፡፡,አንቺ ምነው እንዲህ ቅጥል አልሽ የሰው ድምጽ ለማፈን ብለሽ ነው እዛ የህወሀት ቡችላ።,0.9669109,0.09195218737901666,False,1.0,0.686287695354824
35,am,አንች ዲቃላ ሞናሊዛ ላይ የደረሰው ግፍ ባንቺ እና በልጆችሽ ፤በእህትሽ ፤ቤተሰቦችሽ ይድረስሽ ቢያንስ አንቺ ሴት ነሽ ቆሻሻ።,በሞናሊዛ ላይ የደረሰው ግፍ ባንቺ እና ቤተሰቦችሽ ቢደርስስ,አንቺ ሞናሊዛ ላይ የደረሰው ግፍ ባንቺ እና በልጆችሽ ፤በእህትሽ ፤ቤተሰቦችሽ ይድረስሽ ቢያንስ አንቺ ሴት ነሽ ።,0.92959255,0.601083341399171,False,1.0,0.8435586304000147
36,am,አዎ ምን አባሽ አባትህ አገባህ እንደናንተ የአለም ህዝብ ድንጋይ ራስ መሰላችሁ ለእውነት ይቆማል ድንጋይ ራስ ኮተታም ሁላ,አይመለከታችሁም እንደናንተ የአለም ህዝብ ሁኔታውን የማይረዳ መሰላችሁ ለእውነት ይቆማል የማታስቡ,አዎ ምን አባትህ አገባህ እንደናንተ የአለም ህዝብ ድንጋይ ራስ መሰላችሁ ለእውነት ይቆማል,0.96261704,0.47984614156110067,False,1.0,0.8141543937471939
37,am,አዎ:አንመሰክራለን። ምን ታረገዋለህ:እነ ቴዲ : ሀጫሉ: አሰጌ: እያሉ:ምድረ :የወያኔ:አጫፋሪ:ቤተ መንግስት: ግብዣ:ተጠራ። ይገርማል። Ethiopia,አዎ:አንመሰክራለን። ምን ታረገዋለህ:እነ ቴዲ : ሀጫሉ: አሰጌ: እያሉ:ሁሉም:ደገፊ :ቤተ መንግስት: ግብዣ:ተጠራ።  Ethiopia,አዎ:አንመሰክራለን። ምን ታረገዋለህ:እነ ቴዲ : ሀጫሉ: አሰጌ: እያሉ:ምድረ :የወያኔ:አጫፋሪ:ቤተ መንግስት: ግብዣ:ተጠራ። ይገርማል።,0.9840655,0.7383331943472727,False,1.0,0.9074662224756515
38,am,አይ እስከሚቀጥለው ክሪስትማስ ይቆያል እንጂ ለምን ይነሳል ልበልህ? ዱቄታም??????,አይ እስከሚቀጥለው ክሪስትማስ ይቆያል እንጂ ለምን ይነሳል ልበልህ ?,አይ እስከሚቀጥለው ክሪስትማስ ይቆያል እንጂ ለምን ይነሳል ልበልህ?,0.9578264,1.0,False,1.0,0.9859421253204346
39,am,አፈር ብይ አሮጊት አንቺ አሁን አምሮብሽ ነው እምታቀሳስሪው ባለጌ ካሃዲ የነዚህ እንባ ይፋረዳችሁ አቺም ብስብስ አሮጊ በዚህ እድሜሽ ወደ ቤተክርስትያን እንጂ,ከአንቺ ይኸ አይጠበቅም ነበር ፤ የነዚህ እንባ ይፋረዳችሁ ፤ አንቺም በዚህ እድሜሽ ወደ ቤተክርስትያን እንጂ,አንቺ አሁን አምሮብሽ ነው እምታቀሳስሪው ካሃዲ የነዚህ እንባ ይፋረዳችሁ አቺም ብስብስ አሮጊ በዚህ እድሜሽ ወደ ቤተክርስትያን እንጂ,0.9276113,0.5575765182575632,False,1.0,0.8283959365553674
40,am,ኡዝቤኪስታን እና ታጃኪስታን የሉበትም። ጉራ ብቻ። ምርኮኛ,ኡዝቤኪስታን እና ታጃኪስታን የሉበትም። ምንድነው ብዙ ብዙ ማውራት,ኡዝቤኪስታን እና ታጃኪስታን በሉበትም። ምርኮኛ,0.82329446,0.5338922804790593,False,1.0,0.7857289137508424
41,am,ኤጭ ዘረኛ ሆንክ አንተም ግን አልታወቀህም መሰለኝ,አንተም ወገንተኛ ሆንክ መሰለኝ ግን አልታወቀህም መሰለኝ,አንተም ግን አልታወቀህም መሰለኝ,0.7079663,0.49817975527257624,False,1.0,0.7353820276466042
42,am,እሚያናድደኝ እየተሰራበትን ያለውን ሴራ አለማወቁ ነው። ፍትህ_ለ_ዞላ ??,እሚያናድደኝ እየተሰራበትን ያለውን ድብቅ ስራ አለማወቁ ነው። ፍትህ_ለ_ዞላ ??,እሚያናድደኝ እየተሰራበትን ያለውን ያለውን ሰው አለማወቁ ነው። ፍትህ_ለ_ዞላ ??,0.7997361,0.8038288848133693,False,1.0,0.867854989122411
43,am,እረ እህቶቼ በዙ ሰዎች.?? ይቺ ፉንጋ እንኳን እንደ ወንድሜ እኮ ነው የማይህ ትበለኝ ??,እረ እህቶቼ በዙ ሰዎች.?? ይቺም እንደ ወንድሜ እኮ ነው የማይህ ትበለኝ ??,እረ እህቶቼ በዙ ሰዎች.?? ይቺ እንኳን እንደ ወንድሜ እኮ ነው የማይህ ትበለኝ ??,0.9907332,0.8839267268545852,False,1.0,0.9582199777089034
44,am,እናትህ አንተ ጋድሚያ ተነስ ልትበቅል ነው እንዴ ስትል እንደመስማት Blessing የለም ??,እናትህ አንተ ተነስ እንጂ  ልትበቅል ነው እንዴ ስትል እንደመስማት Blessing የለም ??,አንተ ጋድሚያ ተነስ ልትበቅል ነው እንዴ ስትል እንደመስማት Blessing የለም ??,0.8332641,0.7552193070803926,False,1.0,0.8628278065176422
45,am,እንተ ደግሞ ጅል ነህ እንደ ገደል ማሚቶ የማታውቀውን ነገር ዝም ብለህ አታስተጋባ,አንተ ደግሞ የዋህ ነህ ፤ የተባለውንና  የማታውቀውን ነገር እንዳለ አትድገምልን,አንዳንድ ጊዜ ጥሩ ያልሆኑ ነገሮችን እንደገደል ማሚቶ የማታውቀውን ነገር ዝም ብለህ አታስተጋባ,0.68441886,0.27470254897027196,False,1.0,0.6530404686892992
46,am,እንደ አንተ አይነቶች ናቸዉ ሀገራችንን እያመሱ ያሉት ደንቆሮች መሀይሞች ጭንቅላታቸው የተመረዘ የጠበበ አንተ ስለሀገር,እናንተ ናችሁ ሀገራችንን እንዲህ ችግር ላይ የምትጥሏት ፤ አርቃችሁ አታስቡ፣ በጎውን ሀሳብ አታመጡ,አንተ ራስ ወዳድ ናችሁ ሀገራችንን እያመሱ ያሉት መሀይሞች ጭንቅላታቸው የተመረዘ አንተ ስለሀገር,0.6826442,0.21777250078115584,False,1.0,0.633472229728413
47,am,እዩት እሄን ጅል.አሁን በዚህ ሰአት ማምለክ ይሻላል ወይስ ስሙ ይቀየርልኝ ብሎ ማላዘን ??,እዩት እሄን ሰው.አሁን በዚህ ሰአት መቀበል ይሻላል ወይስ ስሙ ይቀየርልኝ ብሎ መጮህ ??,እዩት እሄን ጅል.አሁን በዚህ ሰአት ማምለክ ይሻላል ወይስ ስሙ ይቀየርልኝ ብሎ ማላዘን ??,1.0000001,0.6226632026267833,True,1.0,0.8742211072786908
48,am,ከነዚህ አውሬዎች ጋር የሚኖር አንድነት የለም:: እጣፈንታችን በእጃችን ነው::,ከነዚህ ሰዎች  ጋር የሚኖር አንድነት የለም:: እጣፈንታችን በእጃችን ነው::,ከነዚህ ጋር የሚኖር አንድነት የለም:: እጣፈንታችን በእጃችን ነው,0.84345376,0.819209426467824,False,1.0,0.8875543971277634
49,am,ከናንተ እንካን ጥሩ አንጠብቅም ግን ሰው ከሆንክ ትንሽ ሰብኣዊነት ካለህ ድምጽ እንካን ባትሆነን አፍህ,ካንተ ብዙ ባልጠብቅም ቢያንስ በሰብአዊነት ድምፅ እንኳን መሆን ባትችል ተቃውሞ አያስፈልግም,በዚህ ሁኔታ ላይ ጥሩ ነገር የለውም ፤ ሰው ከሆንክ ትንሽ ሰብኣዊነት ካለህ ድምፅ እንካን ባትሆነን አፍህ,0.6390263,0.14532307941897338,False,1.0,0.5947831212122693
50,am,ክልል መፈንቅለ መንግስት ይደረጋል? መረጃችሁን አስተካክሉ:: የሴራ ዜና ከጠሚ ቢሮ እየተቀበላችሁ ህዝብ አታምታቱ,ክልል መፈንቅለ መንግስት ሊያደርግ ይችላል? መረጃችሁን አስተካክሉ:: ሌላ ዜና ከተሰሰተ ምንጭ እየተቀበላችሁ ህዝብ አታሳስቱ,ክልል መፈንቅለ መንግስት ይደረጋል? መረጃችሁን አስተካክሉ::,0.8532595,0.4320706990731534,False,1.0,0.7617767343048513
51,am,የሆንህ የታሪክ አተላና ገገማ ነህ  በጣም ነው የምታናድደን ኩበት,ነገሮች ቶሎ የሚገቡህ ጥሩ ሰው አደለህም ፤ ታናድዳለህ,የሆንህ የታሪክ አተላና ገገማ ነህ በጣም ነው የምታናድደን ኩበት,1.0,0.0961370972880185,False,1.0,0.6987123657626729
52,am,የራሷ እያረረ የሰው ታማስላለች ለመሆኑ በየትኛው ሙራልህ ለ ቻይና happy የሚል መልዕክት ማስተላለፍ የፈለከው ?,ከእኛ ነባራዊ ሁንታ ጋር የማይጣጣምን ነገር፤ ለ ቻይና happy የሚል መልዕክት ለምን ማስተላለፍ እንደፈለክ አልገባኝም,የራሷ እያረረ የሰው ታማስላለች ለመሆኑ በየትኛው ሙራልህ ለቻይና happy የሚል መልዕክት ማስተላለፍ የፈለከው ?,0.9896061,0.3425682126670563,False,1.0,0.7773914317021596
53,am,የቀን ጅብስ አንደ አንቺ አይነቶቹ ናቸው፣ ስው የሚይርዱት ፣ ስው የሚያቃጥሉት እና የሚጭፍሩት መደመር እና መቀነስ ተማሪ ቡዳ,የመልካም አስትደደር ችግር ያለባቸው እንደ አንቺ አይነቶቹ ናቸው፣ ለሰው አዘኒታ የሌላቸው,የቀን ጅብስ አንደ አንቺ አይነቶቹ ናቸው ፣ ስው የሚይርዱት ፣ ስው የሚያቃጥሉት እና የሚጭፍሩት መደመር እና መቀነስ ተማሪ,0.98929214,0.29175923470423787,False,1.0,0.7603504598265428
54,am,የጀግናው ጄነራል አሳምነው ጽጌ የቀብር ስነ ስርዓት  ጀግና አይሞትም  ሞት በምላሳቸው ለሚደልሉን ባንዳዎች,የጀግናው ጄነራል አሳምነው ጽጌ የቀብር ስነ ስርዓት ጀግና አይሞትም ሞት በአፋቸው ስለሚያወሩት ሰዎች,የጀግናው ጄነራል አሳምነው ጽጌ የቀብር ስነ ስርአት ጀግና አይሞትም ሞት በምላሳቸው ለሚደልሉን,0.9949446,0.668740713433379,False,1.0,0.8878950952940365
55,am,ያንተ ቃል ከትዊተር አያልፍም እርሳቸው ግን በዚያው በክብራቸው ይቆያሉ።,አንተ በትዊተር ስለሳቸው በፃፍከው የእሳቸውን ክብር ዝቅ አያደርገውም,ያንተ ቃል ከትዊተር አያልፍም እርሳቸው ግን በዚያው በክብራቸው ይቆያሉ።,1.0000001,0.1774856965248544,True,1.0,0.7258286052447147
56,am,ይሄ በህዝብ ሲያዝ ፖሊስ ነኝ ፖሊስ ነኝ እያለ ሢለምን የነበረው ሲቪል መስሎ ቦምብ ለመጣል ሢያደባ የታየዘና እውነትም ፖሊስ ሆኖ ተገኝቷል ያውም ዋና ኤኒስፔክተር -,ይሄ በህዝብ ሲያዝ ፖሊስ ነኝ ሲል የነበረ ሌላ ጊዜ ሲቪል መስሎ አደጋ ሊያደርስ ሲንቀሳቀስ ተገኝቶ ፖሊስ ሆኖም ተገኝቷል,ይሄ በህዝብ ሲያዝ ፖሊስ ነኝ ፖሊስ ነኝ እያለ ሢለምን የነበረው ሲቪል መስሎ ቦምብ ለመጣል ሢያደባ የታየዘና እውነትም ፖሊስ ሆኖ ተገኝቷል ያውም ዋና ኤኒስፔክተር ፡፡,0.9669709,0.3825832329208471,False,1.0,0.7831847178278637
57,am,ይድረስ ለ ዘረኛው ዲቃላ  . መስሎህ እንጅ ነገ ሌላ ቀን ነው ።,ተራጋጋ መስሎህ እንጅ ነገ ሌላ ቀን ነው ።,ይድረስ ለዘረኛው ሰው ። መስሎህ እንጅ ነገ ሌላ ቀን ነው ።,0.8348159,0.7045612097883861,False,1.0,0.8464590430625493
58,am,ደነዝ። ሁሉም እንደናንተ በገንዘብ የሚገዛ ይመስላችኋል,ሁሉም እናንተ እንደምታስቡት በገንዘብ የሚታለል ይመስላችኋል,ሁሉም እንደናንተ በገንዘብ የሚገዛ ይመስላችኋል,0.84402907,0.43183732165963284,False,1.0,0.7586221302021571
59,am,ፌስ ቡክ ላይ ሴተኛ አዳሪ ይመስል ፎቶውን ሲለጥፍ የከረመ ሰው ገዳይና መሰሪው አብይን መደገፉ ባይገርምም አንተን የኢትዮጵያ ጠላት አድርጎ መሳሉ ሊያስገርምህ አይገባም  አብይ መሰሪ ገዳይ ነው,ፌስ ቡክ ላይ ተራ ፎቶዎችን የሚለጥፍ  ሰው ጠ/ሚሩን  መደገፉ  እና አንተን ጥሩ እንዳልሆነ ሰው ማቅረቡ  ሊያስገርምህ አይገባም,ፌስ ቡክ ላይ ሴተኛ አዳሪ ይመስል ፎቶውን ሲለጥፍ የከረመ ሰው ገዳይና መሰሪው አብይን መደገፉ ባይገርምም አንተን የኢትዮጵያ ጠላት አድርጎ መሳሉ ሊያስገርምህ አይገባም,0.9850427,0.32814275376175756,False,1.0,0.7710618149975105
60,ar,آمل أن يجدوهم ويشنقوهم عاليا,آمل أن يجدوهم ويضعوهم في العدالة,آمل أن يجدوهم ويشنقوهم عاليا,1.0,0.5200318256991591,True,1.0,0.8400106085663864
61,ar,أحقر جريدة شفتها بهذا الوجود,أسوأ جريدة شفتها بهذا الوجود,أحقر جريدة شفتها بهذا الوجود,1.0000002,0.8197110447396488,True,1.0,0.9399037610527426
62,ar,أنت واحد مليء بالكراهية ياصديقي!,أنت صديق لا يحب الآخرين,أنت واحد مليء بالكراهية ياصديقي.,0.9260314,0.23196443261115485,False,1.0,0.7193319477684258
63,ar,أنصار درامب المزريون يعتقدون أن أي شخص ليس أبيضاً هو بالتأكيد غير قانوني.,أنصار درامب يعتقدون أن أي شخص ليس أبيضاً هو بالتأكيد غير قانوني.,أنصار درامب يعتقدون أن أي شخص ليس أبيضاً هو بالتأكيد غير قانوني.,0.9817851,1.0,False,1.0,0.9939283728599548
64,ar,إذا جاء أي من الأطفال الذين لا يحترمون الديمقراطية، فسيكون ذلك هجرة غبية,إذا أتى أي من الأطفال الذين لا يحترمون الديمقراطية، فإنه سيكون استنزاف سيئ.,إذا جاء أي من الأطفال الذين لا يحترمون الديمقراطية، فسيكون ذلك هجرة غير مدروس,0.97010964,0.6568856633554354,False,1.0,0.8756651016358022
65,ar,اشرف وانزه من ابوك يا ابن سته وستين زنوه,اشرف وانزه من ابوك يا ابن سته وستين محترم,اشرف وانزه من ابوك يا ابن سته وستين زنوه,1.0,0.8410785846042266,True,1.0,0.9470261948680756
66,ar,"اضحك مع خرافات الرافضة 😂🤣 قال الخميني: "" سَببُ مُلوحَة مِياه البحرِ هُو بكاء الأسماكِ على مقتلِ الحسين.! 📚|[بحر الأنوار(ص: ١٢٥)]","اضحك مع خرافات الشيعة😂🤣 قال الخميني: "" سَببُ مُلوحَة مِياه البحرِ هُو بكاء الأسماكِ على مقتلِ الحسين.! 📚|[بحر الأنوار(ص: ١٢٥)]","اضحك مع خرافات الرافضة 😂🤣 قال الخميني: "" سَببُ مُلوحَة مِياه البحرِ هُو بكاء الأسماكِ على مقتلِ الحسين.! 📚|[بحر الأنوار(ص: ١٢٥)]",1.0,0.9452780600047176,True,1.0,0.9817593533349059
67,ar,اقسم بالله تعبتنا ياميسي يلعن امك ما اقواك ياخي 💙 💙,اقسم بالله تعبتنا ياميسي ما اقواك ياخي 💙 💙,اقسم بالله تعبتنا ياميسي يرحم امك ما اقواك ياخي 💙 💙,0.97211194,0.8784460801695944,False,1.0,0.9501860068511685
68,ar,البنات الي يقولون الولد خروف ترا الخروف مايلحق إلا التبن فهمتي ياهبلة منك ليها😏🤭 حلفت ماحد يشكرني ياعيال😌,البنات الي يقولون الولد خروف ترا الخروف مايلحق إلا التبن فهمتي منك ليها😏🤭 حلفت ماحد يشكرني ياعيال😌,البنات الي يقولون الولد ترا الخروف مايلحق إلا التبن فهمتي ياهبلة منك ليها😏🤭 حلفت ماحد يشكرني 😌,0.98131573,0.8202988855829845,False,1.0,0.9338715391950809
69,ar,الدكتور بيقولي بلاش عصبية مش عارف اني بتعامل مع منايك تربية زرايب,الدكتور بيقولي بلاش عصبية مش عارف اني بتعامل مع ناس بدون تربية,الدكتور بيقولي بلاش عصبية مش عارف اني بتعامل مع منايك تربية زرايب,1.0000001,0.8058198921652402,True,1.0,0.9352733371248432
70,ar,الرجاء تضمين كل الحماقات التي يفلت منها الحزب الديموقراطي أيضاً.,الرجاء تضمين كل الأمور التي يفلت منها الحزب الديموقراطي أيضاً.,الرجاء تضمين كل الحماقات التي يفلت منها الحزب الديموقراطي أيضاً.,1.0000001,0.8662805319729671,True,1.0,0.9554268837274189
71,ar,السبب الوحيد لهذا الغباء هو أنها على أرضها الفيدرالية,السبب الوحيد الذي يسمح بحدوث هذا هو أنها أرض فيدرالية,السبب الوحيد لهذا الشخص هو أنها على أرضها الفيدرالية,0.85943866,0.4749268559322445,False,1.0,0.7781218378976216
72,ar,الله يلعن ابوك قعدت اقرا قلت الولد بيسدح لهم الحين تغريدتين يجاوب,قعدت اقرا قلت الولد بيسدح لهم الحين تغريدتين يجاوب,الله يرحم ابوك قعدت اقرا قلت الولد بيسدح لهم الحين تغريدتين يجاوب,0.9688853,0.9426431746890791,False,1.0,0.9705094924109064
73,ar,الله يلعن امك حكم !!!!!!,احكم !!!!!!,الله يرحم امك حكم !!!!!!,0.9628525,0.6902498438868296,False,1.0,0.8843674406380577
74,ar,الله يلعن كس ام سخافتكم ي شراميط انفجار دمر نص بيروت سبب ضحايا و مفقودين تجون تسوون عليه نكت سافله مثلكم ؟ لكم مقا,اانفجار دمر نص بيروت سبب ضحايا و مفقودين تجون تسوون عليه نكت سافله؟ لكم مقا,الله يرحم كس ام سخافتكم ي بيروت سبب ضحايا و مفقودين تجون تسوون عليه نكت سافله مثلكم ؟ لكم مقا,0.87483984,0.7348566896153954,False,1.0,0.8698988439782948
75,ar,اللهم إنا نعوذ بك من الخبث و الخبائث ما بقى غير هالاشكال تملي علينا اوامرها لعنة الله عليكم,اللهم إنا نعوذ بك من الخبث و الخبائث ما بقى غير هالاشكال تملي علينا اوامرها حسبي الله عليكم,اللهم إنا نعوذ بك من الخبث و الخبائث ما بقى غير هالاشكال تملي علينا اوامرها,0.97420526,0.8489671467815079,False,1.0,0.9410574674299769
76,ar,اللي بيقول انت ليه مركز في كلام الناس ، يلعن ابوك ، انت متعرفش حاجة شوفت الحتة دي 😂,اللي بيقول انت ليه مركز في كلام الناس ، انت متعرفش حاجة شوفت الحتة دي 😂,اللي بيقول انت ليه مركز في كلام الناس ، انت متعرفش حاجة شوفت الحتة دي 😂,0.9291272,1.0,False,1.0,0.9763757387797037
77,ar,الناخبون الأغبياء حقا هنا كيف يمكن تفسير جاستن ترودو على أنه رئيس وزراء ؟,الناخبون غير المناسبين حقا هنا كيف يمكن تفسير القاضي ترودو على أنه رئيس الوزراء؟,الناخبون الأذكياء حقا هنا كيف يمكن تفسير جاستن ترودو على أنه رئيس وزراء؟,0.9890628,0.6093924785630457,False,1.0,0.8661517548884469
78,ar,انت لحقت درست الاتفاقيه وقست حق مصر اد ايه ولا قردوغان عيطلك . خليك فى حالك.,انت لحقت درست الاتفاقيه وقست حق مصر اد ايه ولا أردوغان عيطلك . خليك فى حالك.,انت لحقت درست الاتفاقيه وقست حق مصر اد ايه ولا أردوغان عيطلك . خليك فى حالك .,0.93102217,1.0,False,1.0,0.9770073890686035
79,ar,انها وعاء من الروث، وأنت تعرف ذلك .,هذا لا معنى له، كما تعلمون,انها ليست مشكلة، وأنت تعرف ذلك.,0.6071467,0.1295096098588851,False,1.0,0.578885430071319
80,ar,اول مرة اشوف قمر على هيئة بشر 🤦 🏻‍♂️ ❤ ️,اول مرة اشوف قمر على هيئة بشر,اول مرة اشوف قمر على هيئة بشر 🤦 🏼 ♂️,0.9927529,0.9622294564351893,False,1.0,0.9849941220318429
81,ar,بس اذا كان زنجي لا تزوجه القبائل لعدم تكافوء النسب,بس اذا كان إفريقي لا تزوجه القبائل لعدم تكافوء النسب,بس اذا كان لا تزوجه القبائل لعدم تكافوء النسب,0.9553608,0.8120091155406864,False,1.0,0.9224566285887371
82,ar,بعض الروائح النتنة لا يمكن التخلص منها .,بعض الروائح لا يمكن التخلص منها .,بعض الروائح النتنة لا يمكن تخلص منها .,0.98596764,0.699317936581044,False,1.0,0.8950951908964808
83,ar,بعيدا عن التنمر والتشمت لاكن شفت البيتموجي حق افنان وكانت دبة !! شلون تجي تتكلم ع الرشيقة هذاي😅,بعيدا عن التنمر والتشمت لاكن شفت البيتموجي حق افنان وكانت سمينة!! شلون تجي تتكلم ع الرشيقة هذاي😅,بعيدا عن التنمر والتشمت لاكن شفت البيتموجي حق افنان وكانت دبة !! شلون تجي تتكلم ع الرشيقة هذاي😅,1.0,0.920352093749925,True,1.0,0.9734506979166416
84,ar,تدخل تبغي تشوف كلام الناس وكيف بكو من الفرحه والمواقف تشوف فواتير وشحاذه ونصب الا لعنة الله عليكم,تدخل تبغي تشوف كلام الناس وكيف بكو من الفرحه والمواقف تشوف فواتير وشحاذه ونصب,تدخل تبغي تشوف كلام الناس وكيف بكو من الفرحه والمواقف تشوف فواتير وشحاذه ونصب,0.93418044,1.0,False,1.0,0.9780601461728414
85,ar,جالس انتظر بلوبي لي ٤ دقايق احتري الناس يدخلون عشان يبدا الماتش ، اخر واحد دخل كان هاك ومعطيه بلوك :) ، يلعن امك من…,جالس انتظر بلوبي لي ٤ دقايق احتري الناس يدخلون عشان يبدا الماتش ، اخر واحد دخل كان هاك ومعطيه بلوك :) ، …,جالس انتظر بلوبي لي ٤ دقايق احتري الناس يدخلون عشان يبدا الماتش ، اخر واحد دخل كان هاك ومعطيه بلوك :) ، يرحم امك من...,0.9901623,0.9612904907494323,False,1.0,0.9838176012446329
86,ar,خرجناك من اسيا ودعسناكم اكثر من مرا حرمناك من اسيا وصياحكم كان طرب واخذنا من…,خرجناك من اسيا وغلبناكم اكثر من مرا حرمناك من اسيا وصياحكم كان طرب واخذنا من…,خرجناك من اسيا ودعسناكم اكثر من مرا حرمناك من اسيا وصياحكم كان غير مدروس واخذنا منها,0.9304466,0.7895560874884411,False,1.0,0.9066675707481001
87,ar,خلصوا الناس مالقيت الا فلسطيزي تتناقش معه 🤔,خلصوا الناس مالقيت الا فلسطيني تتناقش معه 🤔,خلصوا الناس مالقيت الا فلسطيني تتناقش معه 🤔,0.9333339,1.0,False,1.0,0.9777779579162598
88,ar,ده مجمع شراميط ده ولا ايه,ده مجمع فاشلين ده ولا ايه,ده مجمع شراميط ده ولا ايه,1.0,0.5248982341474601,True,1.0,0.84163274471582
89,ar,ردوا مصريات الناس يا عكاريت وشوفوا كيف الميلاد بيصير مجيد والعام الجديد بيصير سعيد، لعنة الله عليكم وع,ردوا مصريات الناس وشوفوا كيف الميلاد بيصير مجيد والعام الجديد بيصير سعيد،,ردوا مصريات الناس يا عكاريت وشوفوا كيف الميلاد بيصير مجيد والعام الجديد بيصير سعيد,0.9615779,0.9186908120543946,False,1.0,0.9600895681192871
90,ar,سمها الغباء النهائي.,سمها سذاجة.,سمها الغباء النهائي.,1.0,0.18761439514625627,True,1.0,0.7292047983820854
91,ar,شويه شراميط بيتحدفوا علينا يعم 😂 💔,شويه ناس بيتحدفوا علينا يعم 😂 💔,شويه بيتحدفوا علينا يعم 😂 💔,0.94187605,0.777341142949867,False,1.0,0.9064057322533289
92,ar,صباح الخير أي سلام يا جحش ؟,صباح الخير أي سلام؟,صباح الخير أي سلام ؟,0.9358573,1.0,False,1.0,0.9786190986633301
93,ar,طيب لحجيه ليش ضايفني عندك,طيب ليش ضايفني عندك,طيب ليش ضايفني عندك,0.9073229,1.0,False,1.0,0.9691076278686523
94,ar,عد إلى هنا يا كسول ياشيوعي!,عد إلى هنا يا كسول بامن تؤيد الشيوعية!,عد إلى هنا ياشيوعي,0.7315225,0.3880722131817032,False,1.0,0.7065315712322291
95,ar,عليكم لعنة الله وغضبه وسخطه يا اعداء الله ورسوله اللهم ارينا فيهم عجائب قدرتك عاجلا غير آجل اللهم طهر,حسبي الله عليكم يا اعداء الله ورسوله اللهم ارينا فيهم عجائب قدرتك عاجلا غير آجل اللهم طهر,عليكم رحمة الله وغضبه وسخطه يا اعداء الله ورسوله اللهم ارينا فيهم عجائب قدرتك عاجلا غير آجل اللهم طهر,0.97722816,0.8561296997509217,False,1.0,0.9444526214745911
96,ar,عمكم ترامب يلي ضربه يا خولات و ليس انتم 🤣 🤣,عمكم ترامب يلي ضربه و ليس انتم 🤣 🤣,عمكم ترامب يلي ضربه و ليس انتم 🤣 🤣,0.95386934,1.0,False,1.0,0.984623114267985
97,ar,فريق غبي حتى البلنتي جاء بالغلط,فريق مبتدئ حتى البلنتي جاء بالغلط,فريق غبي حتى البلنتي جاء بالغلط,1.0000001,0.7245612119065563,True,1.0,0.9081871103719487
98,ar,في كثير من الأحيان يريدون فقط أن يثبتوا أفعالهم الغبية,في كثير من الأحيان يريدون فقط أن يصادقوا على أفعالهم.,في كثير من الأحيان يريدون فقط أن يثبتوا أفعالهم,0.9391583,0.7254828321065733,False,1.0,0.8882137175111714
99,ar,كس امكم مافيه احد يجاوبني,مافيه احد يجاوبني,امكم مافيه احد يجاوبني,0.94477385,0.93903288090021,False,1.0,0.9612689112417915
100,ar,كلهم اولاد قحبه تكالبو على فلسطين والاسلام بشكل خاص,كلهم تكالبو على فلسطين والاسلام بشكل خاص,كلهم اولاد قحبه تكالبو على فلسطين والاسلام بشكل خاص,0.9999999,0.8733221365794978,True,1.0,0.9577740057900694
101,ar,كلي خرا شراميط ما بيستردوا شي حتى شرفهم,اسكتي ما بيستردوا شي حتى شرفهم,كلي ما بيستردوا شي حتى شرفهم,0.8738204,0.8429033856167234,False,1.0,0.9055746032322061
102,ar,ليه انت ما عندك حمام؟ او بعدك بتعملها تحت الشجرة وبتمسح بالحجرة؟! لما قلت عنك غبي عنجد ما غل…,ليه انت ما عندك حمام؟ او بعدك بتعملها تحت الشجرة وبتمسح بالحجرة؟! لما قلت عنك ساذج عنجد ما غل…,ليه انت ما عندك حمام؟ او بعدك بتعملها تحت الشجرة وبتمسح بالحجرة؟! لما قلت عنك ما غلت؟,0.97721785,0.8616719090228048,False,1.0,0.9462965873640368
103,ar,ما حدا احسن من حدا كلهن منايك وولاد قحبة 🙏,ما حدا احسن من حدا 🙏,ما حدا احسن من حدا كلهن منايك وولاد قحبة 🙏,1.0,0.7211142268074113,True,1.0,0.9070380756024704
104,ar,متخلف ذا يحب يثير الجدل على ولا شي,غير مدرك ذا يحب يثير الجدل على ولا شي,متخلف ذا يحب يثير الجدل على ولا شي,1.0,0.7518663876958003,True,1.0,0.9172887958986001
105,ar,مدري مين جاب سيرة اليهود. يمكن لأنك غبي تعتقد إني تكلمت عن اليهود. ويمك…,مدري مين جاب سيرة اليهود. يمكن تعتقد إني تكلمت عن اليهود. ويمك…,مدري مين جاب سيرة اليهود. يمكن لأنك تعتقد إني تكلمت عن اليهود ويمك...,0.95850205,0.8457290350047214,False,1.0,0.9347436964063996
106,ar,مرة أخرى، المزيد من الألعاب الليبرالية الغبية.,مرة أخرى، المزيد من الألعاب الليبرالية السخيفة.,مرة أخرى، المزيد من الألعاب الليبرالية.,0.9656558,0.830262124047713,False,1.0,0.9319726425760443
107,ar,مش باقي خسارة، مش باقي حداد بقا، غضب الناس رح يفترسكم يا شراميط,مش باقي خسارة، مش باقي حداد بقا، غضب الناس رح يفترسكم,مش باقي خسارة، مش باقي حداد بقا، غضب الناس رح يفترسكم,0.9827789,1.0,False,1.0,0.9942596356074015
108,ar,مفش منه كلام هذا ياما قلنا شكلك دبه ومصرش شي يصير بلوك بعدها,مفش منه كلام هذا ياما قلنا شكلك سمينة ومصرش شي يصير بلوك بعدها,مفر منه كلام هذا ياما قلنا شكلك دبه ومصرش شي يصير بلوك بعدها,0.9569618,0.7941123960748603,False,1.0,0.9170247355545657
109,ar,من قال لك ايها المغفل ان الصحراويين لا يشبهوننا، من اين اتى المرابطون؟؟ الصحراء كانت ارضا خ…,من قال لك ايها الرجل ان الصحراويين لا يشبهوننا، من اين اتى المرابطون؟؟ الصحراء كانت ارضا خ…,من قال لك ايها المغفل ان الصحراويين لا يشبهوننا، من اين اتى المرابطون؟؟ الصحراء كانت ارضا خ...,0.99779093,0.9159608688656755,False,1.0,0.9712506005070033
110,ar,نهني الأطفال والابرياء على مقتل هالمجرم الخسيس كفو يا ترامب 💪,نهني الأطفال والابرياء على مقتل هالمجرم كفو يا ترامب 💪,نهني الأطفال والابرياء على مقتل هالمجرم كفو يا ترامب 💪,0.9789429,1.0,False,1.0,0.99298095703125
111,ar,هده الاخبار نشرا البارح كاتعاودو تنشروها لعنة الله عليكم,هده الاخبار نشرا البارح كاتعاودو تنشروها,هده الاخبار نشرا البارح كاتعاودو تنشروها,0.78319573,1.0,False,1.0,0.9277319113413492
112,ar,هذا أطول مني ب ٤٦ سنتمتر وأنا أشوف اللي أقصر مني ب ١٠ سنتمتر قزم أجل هذا وش يشوفني🙄,هذا أطول مني ب ٤٦ سنتمتر وأنا أشوف اللي أقصر مني ب ١٠ سنتمتر قصير أجل هذا وش يشوفني🙄,هذا أطول مني ب ٤٦ سنتمتر وأنا أشوف اللي أقصر مني ب ١٠ سنتمتر,0.98003894,0.7451974920406214,False,1.0,0.9084121443157153
113,ar,هذا ما يحدث عندما يرسل الحمقى صبيا ليقوم بعمل الرجال,هذا ما يحدث عندما ترسل فتى ليقوم بعمل رجل,هذا ما يحدث عندما يرسل صبيا ليقوم بعمل الرجال,0.95270896,0.6312133163808791,False,1.0,0.8613074253201156
114,ar,هل كان الخطأ لترامب أن جون بوديستا كان غبيًا بما فيه الكفاية ليفتح رسالة تصيد الكتروني؟,هل كان الخطأ لترامب أن جون بوديستا كان ساذجا بما فيه الكفاية ليفتح رسالة تصيد الكتروني؟,هل كان الخطأ لترامب أن جون بوديستا كان غير مدروس بما فيه الكفاية ليفتح رسالة تصيد الكتروني؟,0.9780521,0.8860838138603784,False,1.0,0.9547119645126534
115,ar,ههههه ٧٠سنه والاموال والتسليح يرسل لحكومة فلس وياسر عرفات يرفض اي صلح لحتى ماقال له حسني مبارك وقع يا…,ههههه ٧٠سنه والاموال والتسليح يرسل لحكومة فلسطين وياسر عرفات يرفض اي صلح لحتى ماقال له حسني مبارك وقع يا…,ههههه ٧٠سنه والاموال والتسليح يرسل لحكومة فلس وياسر عرفات يرفض اي صلح لحتى ماقال له حسني مبارك وقع يا...,0.99602145,0.9248255036781943,False,1.0,0.9736156510813606
116,ar,هو الاسماعيلى ده فريق متخلف يعنى ولا ايه يعنى ماهو عادى لو المصرى راح الماتش وعداكم كلكم ما تولعوا يعنى ماهو خايف ع…,هو الاسماعيلى ده فريق مبتدئ يعنى ولا ايه يعنى ماهو عادى لو المصرى راح الماتش وعداكم كلكم ما تولعوا يعنى ماهو خايف ع…,هو الاسماعيلى ده فريق متخلف يعنى ولا ايه يعنى لو المصرى راح الماتش وعداكم كلكم ما تولعوا يعنى ماهو خايف ع...,0.97736645,0.8242494458476491,False,1.0,0.9338719644321265
117,ar,والواحد بعترض ليه وهو مبسوط من شراميط عيلته,والواحد بعترض ليه وهو مبسوط من فاشلين عيلته,والواحد بعترض ليه وهو مبسوط من الشرميط عيلته,0.97458804,0.7570106060570251,False,1.0,0.9105328808647318
118,ar,وقفي صياح لا ادعس على رقبتك,وقفي صياح لا أزعل منك,وقفي صياح لا ادعس على رقبتك,1.0,0.5151416813536627,True,1.0,0.8383805604512209
119,ar,يا بقرة واحنا فين رحنا؟,واحنا وين رحنا؟,واحنا فين رحنا؟,0.706609,0.6296879046879047,False,1.0,0.7787656384614386
120,de,#HETZERIN 💩@USER_0💩 ⛔ #GEBLOCKT ! ⛔ WEG ist diese KRANKE deutschen - feindliche Person ! ⚠,#HETZERIN @USER_0 ⛔ #GEBLOCKT ! ⛔ WEG ist diese deutschen - feindliche Person ! ⚠,#HETZERIN 💩@USER_0💩 ⛔ #GEBLOCKT ! ⛔ WEG ist diese Deutschen - feindliche Person ! ⚠,0.9792054,0.8606910739295215,False,1.0,0.9466321678278357
121,de,"@USER_0de @USER_0 Bald seid ihr alle hier ""Entsorgt""!",@USER_0de @USER_0 Bald seid ihr alle hier weg!,"@USER_0de @USER_0 Bald seid ihr alle hier ""Entsorgt""",0.9516677,0.8659375183540854,False,1.0,0.9392017481313241
122,de,"@USER_13 @USER_15 @USER_9 @USER_3 @USER_4 @USER_7 @USER_1 @USER_14 @USER_6 @USER_12 @USER_5 @USER_10 @USER_11 Ne, das gibts nicht, ist der Vollpfosten immer noch da???","@USER_13 @USER_15 @USER_9 @USER_3 @USER_4 @USER_7 @USER_1 @USER_14 @USER_6 @USER_12 @USER_5 @USER_10 @USER_11 Ne, das gibts nicht, ist der Typ immer noch da???","@USER_13 @USER_15 @USER_9 @USER_3 @USER_4 @USER_7 @USER_1 @USER_14 @USER_6 @USER_12 @USER_5 @USER_10 @USER_11 NEIN, das gibts nicht, ist der Mensch immer noch da???",0.92156845,0.9270774930617054,False,1.0,0.9495486487912085
123,de,AUF DAS DER FUROR TEUTONICUS ERWACHT !zurhöllemitmerkel !,AUF DAS DER FUROR TEUTONICUS ERWACHT !wegmitmerkel !,AUF DAS DER FUROR TEUTONICUS ERWACHT !,0.90423286,0.7388987488152787,False,1.0,0.8810438694755968
124,de,An alle Pferde Hunde Katzen Kühe usw....ihr seid voll im Arsch...!,An alle Pferde Hunde Katzen Kühe usw....ihr seid voll in der Klemme...!,An alle Pferde Hunde Katzen Kühe usw....ihr seid voll im Arsch...!,1.0,0.8012608996828674,True,1.0,0.9337536332276225
125,de,"Auf zdf info die übliche Trump-Hetze, fehlt heute nur noch die Hetze gegen die DDR u. Russland > Dr. Goebbels lässt wieder grüßen 😜","Auf zdf info die übliche Trump-Kritik, fehlt heute nur noch die Propaganda gegen die DDR u. Russland > Dr. Goebbels lässt wieder grüßen 😜","Auf zdf info die übliche Trump-Hetze, fehlt heute nur noch die Hetze gegen die DDR u. Russland > Dr. Goebbels lässt wieder grüßen 😜",1.0,0.8214444845277762,True,1.0,0.940481494842592
126,de,"Behörden WARTEN auf mehrere Morde, von diesem Abschaum!","Behörden WARTEN auf mehrere Morde, von diesen Leuten!","Behörden WARTEN auf mehrere Morde, von dieser Person!",0.90545744,0.83038099285479,False,1.0,0.9119461432977372
127,de,"Da erkennt man, mit was für jämmerlichen Deppen die abgefuckte SPD aus Machtgeilheit 4 Jahre das Volk verraten und verkauft hat !!!","Da erkennt man, mit was für Leuten die SPD aus Machtgeilheit 4 Jahre das Volk verraten und verkauft hat !!!","Da erkennt man, mit was für jämmerlichen Deppen die SPD aus Machtgeilheit 4 Jahre das Volk verraten und verkauft hat !!!",0.9940631,0.9001771900223429,False,1.0,0.9647467564598301
128,de,"Da wird mal wieder stark Übertrieben, es werden paar hundert wenn es hoch kommt teilnehmen!. Natürlich wird die Lügenpresse was anderes sagen","Da wird mal wieder stark Übertrieben, es werden paar hundert wenn es hoch kommt teilnehmen!. Natürlich wird die Presse was anderes sagen","Da wird mal wieder stark Übertrieben, es werden paar hundert wenn es hoch kommt teilnehmen! Natürlich wird die Presse was anderes sagen",0.97386944,0.9703762627541255,False,1.0,0.9814152352312946
129,de,"Das Pflaster müsste über sein dummes Maul reichen,😷","Das Pflaster müsste über seinen Mund reichen,😷","Das Pflaster musste über seinen Maul reichen,😷",0.833001,0.7595039877934614,False,1.0,0.864168335121319
130,de,"Das sind doch überwiegend junge Männer, die uns überrennen wollen.. Die illegalen Invasoren brauchen Arbeit - in Arbeitslagern - fair.","Das sind doch überwiegend junge Männer, die zu uns kommen wollen.. Die Einwanderer ohne Papiere brauchen Arbeit.","Das sind doch überwiegend junge Männer, die uns überrennen wollen.. Die illegalen Invasoren brauchen Arbeit - in Arbeitslagern - fair",0.98593235,0.6281510400274419,False,1.0,0.8713611300620444
131,de,Das wird nie aufhören...die fucking Gutmenschen würden ihr eigenes opfern um diesen Völkerwahn aufrechtzuerhalten,Das wird nie aufhören...die Gutmenschen würden ihr eigenes opfern um diesen Völkerwahn aufrechtzuerhalten,Das wird nie aufhören...die Gutmenschen würden ihr eigenes opfern um diesen Völkerwahn aufzurechtzuerhalten,0.96829265,0.967732364348018,False,1.0,0.9786750059695523
132,de,Der Hank geht mir dermaßen auf die Eier.,Der Hank geht mir dermaßen auf die Nerven.,Der Hank geht mir dermassen auf die Eier.,0.9898732,0.6967085579729755,False,1.0,0.8955272429418789
133,de,Die 42. Volksverarsche fürs dumm Wahl-„Volk“,Die 42. Irreführung fürs Wahl-„Volk“,Die 42. Volksverarsche fürs Wahl-„Volk“,0.9405226,0.5579810887442765,False,1.0,0.8328345666284939
134,de,Die Pisser wollten schon immer unsere Länderein um jeden Preis und jetzt haben sie die Bruder .....,Die wollten schon immer unsere Länderein um jeden Preis und jetzt haben sie die Bruder .....,Die Pisser wollten schon immer unsere Länderein um jeden Preis und jetzt haben sie die Bruder .....,1.0,0.9573889182221084,True,1.0,0.9857963060740361
135,de,Die Welt von #Maas und #Merkel. Im Internet gibt’s Sperrung wenn nicht Staatsmeinung vertreten wird. In Hamburg gibts Schläge auf den Kopf,Die Welt von #Maas und #Merkel. Im Internet gibt’s Sperrung wenn nicht Staatsmeinung vertreten wird. In Hamburg kommt es zu Konflikten,Die Welt von #Maas und #Merkel. Im Internet gibt’s Sperrung wenn nicht Staatsmeinung vertreten wird. In Hamburg gibt’s Schläge auf den Kopf,0.99796206,0.8425447182360992,False,1.0,0.9468355919421946
136,de,"Die meisten Schiffbrüchigen sind doch keine Flüchtlinge, sondern. rücksichtslose Invasoren. Wann begreift Ihr politischen Hohlköpfe das?","Die meisten Schiffbrüchigen sind doch keine Flüchtlinge, sondern. rücksichtslose Einwanderer. Wann begreift Ihr Politiker das?","Die meisten Schiffbrüchigen sind doch keine Flüchtlinge, sondern. rücksichtslose Invasoren. Wann begreift Ihr politischen Köpfe das?",0.9942224,0.7999184380457599,False,1.0,0.9313802802061306
137,de,Die wievielte Generation Türken scheint hier auf der Straße zu sein ca.die 4te das Wespen Nest,Die wievielte Generation Türken scheint hier auf der Straße zu sein ca.die 4te,Die wievielte Generation Türken scheint hier auf der Straße zu sein ca.die 4te,0.9178759,1.0,False,1.0,0.9726252953211466
138,de,"Diese Migrantenkrieg der Schmarotzergegen Deutschland, ist schon in Vorbereitung!","Diese Migrantenkrieg der Einwanderer gegen Deutschland, ist schon in Vorbereitung!","Diese Migrantenkrieg gegen Deutschland, ist schon in Vorbereitung.",0.88629377,0.7820940972803965,False,1.0,0.8894626220543826
139,de,"Dummes Gelaber, Kern. Kurz stellt sich nicht gegen die Italiener. Er. will nur 200.000 Invasoren nicht nach Österreich einreisen lassen.","Unsinnige Aussage, Kern. Kurz stellt sich nicht gegen die Italiener. Er. will nur 200.000 Einwanderer nicht nach Österreich einreisen lassen.",Kern. Kurz stellt sich nicht gegen die Italiener. Er. will nur 200.000 Invasoren nicht nach Österreich einreisen lassen.,0.94247735,0.7817020185009629,False,1.0,0.9080597879891922
140,de,Eben ein Beisp. mehr für die kranken Hirne von Politikern. Dieser geistige Schwachsinn auch unserer Politiker wird sich leider bitter rächen,Eben ein Beisp. mehr für die Gedankenwelt von Politikern. Diese Denkweise auch unserer Politiker wird sich leider bitter rächen,Eben ein Beisp. mehr für die Politikern. Dieser geistige Schwachsinn auch unserer Politiker wird sich leider bitter rächen,0.9201005,0.7511572398354377,False,1.0,0.8904192499852766
141,de,"Facebook ist verkommen zu einem Medium, dass nur noch die Darmbewohner der abgefuckten Altparteien und die sogenannte Religion der Steinzeitzombies vertritt.","Facebook ist verkommen zu einem Medium, dass nur noch die Mitglieder der Altparteien und eine bestimmte Religion  vertritt.","Facebook ist verkommen zu einem Medium, dass nur noch die Gemeinschaft der Altparteien und die sogenannte Religion der Steinzeitzombies vertritt.",0.9526179,0.7371323440184254,False,1.0,0.8965834092335587
142,de,"Frauen u Christen bekommen Extraunterkünfte, um sie vor den #Asylanten zu schützen.U wer schützt die Deutschen wenn die rausgekommen?","Frauen u Christen bekommen Extraunterkünfte, um sie vor den #Asylbewerbern zu schützen.U wer schützt die Deutschen wenn die rausgekommen?","Frauen u Christen bekommen Extraunterkünfte, um sie vor den #Asylbewerber zu schützen.U wer schützt die Deutschen wenn die rausgekommen sind.",0.9849043,0.9576189876696426,False,1.0,0.9808410923050827
143,de,"Habe einige Male für ihn dolmetschen müssen - frag` mich besser nicht. Und wenn er Merkel sieht, kriegt er `nen Stän*** 😜","Habe einige Male für ihn dolmetschen müssen - fragmich besser nicht. Und wenn er Merkel sieht, freut er sich","Habe einige Male für ihn dolmetschen müssen - frag` mich besser nicht. Und wenn er Merkel sieht, kriegt er `nen Stän*** 😜",1.0000001,0.842773198152773,True,1.0,0.9475911057873542
144,de,Haben wir bei der Schwuchtel auch schon vermutet....,Haben wir bei dem Typ auch schon vermutet....,Haben wir bei der Person auch schon vermutet....,0.803306,0.8006373199531367,False,1.0,0.867981101165511
145,de,"Helmut Schmidt hatte allein mehr Verstand, als die gesamte Berliner Muschpoke zusammen 😜","Helmut Schmidt hatte allein mehr Verstand, als die gesamte Berliner Bevölkerung zusammen 😜","Helmut Schmidt hatte allein mehr Verstand, als die gesamte Berliner Gruppe zusammen 😜",0.9725948,0.8402873557322758,False,1.0,0.9376273844478374
146,de,Hier sind schon ein paar richtig dumme Menschen unterwegs..... Gegen wenn oder was habt ihr eigentlich vor der AfD gehetzt und gestänkert?. Ich pubertierende Pickelplantagen...,Hier sind schon ein paar richtig naive Menschen unterwegs..... Gegen wenn oder was habt ihr eigentlich vor der AfD gehetzt und gestänkert?.,Hier sind schon ein paar richtig naiv Menschen unterwegs..... Gegen wenn oder was habt ihr eigentlich vor der AfD gehetzt und gestänkert?. Ich pubertierende Plantagen!,0.9603813,0.9306016352342092,False,1.0,0.9636609880979368
147,de,Ich lass mir mein Land nicht von einer Horde Nafris und Antifaschisten nehmen deswegen bin ich #AFD wähler,Ich lass mir mein Land nicht von Norfafrikanern und Antifaschisten nehmen deswegen bin ich #AFD wähler,Ich lass mir mein Land nicht von einer Horde Nafris und Antifaschisten nehmen deswegen bin ich #AFD wähler,1.0000001,0.8389297963786605,True,1.0,0.9463099718626501
148,de,Ich schäme mich in solchem Verbrecherstaat mit deutschfeindlichen Ganoven-Richtern und korrupten Politikern zu leben!,Ich schäme mich in solchem Staat mit ungerechten Richtern und bestechlichen Politikern zu leben!,Ich schäme mich in solchem Staat mit deutschfeindlichen Politikern zu leben!,0.8851338,0.6600501133173018,False,1.0,0.8483946387360265
149,de,Irgendwie beruhigend das es woanders noch schwachsinnigere Politik gibt als bei den deutschen...,Irgendwie beruhigend das es woanders noch unverständlichere Politik gibt als bei den deutschen...,Irgendwie beruhigend das es woanders noch schwachsinniger Politik gibt als bei den deutschen.,0.96432054,0.765927797664061,False,1.0,0.9100827793640742
150,de,"Ja @USER_0? Pst, auch für dich nochmals, die Grenzen waren seit dem Schengen Abkommen offen, also was willst du bezwecken mit Staatsgrenzen schützen Gebrabbel?","Ja @USER_0? Pst, auch für dich nochmals, die Grenzen waren seit dem Schengen Abkommen offen, also was willst du bezwecken mit Staatsgrenzen schützen Gerede??","Ja @USER_0? Pst, auch für dich nochmals, die Grenzen waren seit dem Schengen Abkommen offen, also was willst du bezwecken mit Staatsgrenzen schützen!",0.9834389,0.9492611264874387,False,1.0,0.977566678513747
151,de,"Keine Unterhaltung, liebe Poetin, eher billige Wahlwerbung, weich klopfen der Wahlschafshirne 😜","Keine Unterhaltung, liebe Poetin, eher billige Wahlwerbung, weich klopfen die Wähler 😜","Keine Unterhaltung, liebe Poetin, eher billige Wahlwerbung, liebr Wahlschafshirne 😜",0.98087156,0.7362795359920365,False,1.0,0.9057170313938095
152,de,Klar doch . Die Schlimmsten im Lande sind die Rechten.die Moslems aber die Bedaerungswürdigen denen um JEDEN Preis geholfen werden muß.💩💩💩💩,Klar doch . Die Schlimmsten im Lande sind die Rechten.die Moslems aber die Bedaerungswürdigen denen um JEDEN Preis geholfen werden muß.,Klar doch . Die Schlimmsten im Lande sind die Rechten.die Moslems aber die Bedaerungswürdigen denen um JEDEN Preis helffen werden muß.💩💩💩💩,0.9760478,0.9339171395338594,False,1.0,0.9699883178087413
153,de,Kurz lasst dich nicht von der Trulla aufs Glatteis führen!,Kurz lasst dich nicht von der Frau aufs Glatteis führen!,Kurz lasst dich nicht von der Trulla aufs Glatteis führen!,1.0,0.8552008020871795,True,1.0,0.9517336006957265
154,de,Martin Schulz ist 2x sitzen geblieben und hat keinen Schulabschluss.. Wie kann denn so ein Nulltipper als Kanzlerkandidat aufgestellt werden?,Martin Schulz ist 2x sitzen geblieben und hat keinen Schulabschluss.. Wie kann denn so eie Person als Kanzlerkandidat aufgestellt werden?,Martin Schulz ist 2x sitzen geblieben und hat keinen Schulabschluss.. Wie kann denn so ein Kanzlerkandidat aufgestellt werden?,0.98837507,0.9070802824427634,False,1.0,0.9651517833845467
155,de,"Mensch, Kauder müsste sich doch bepissen vor lachen, wenn er über diese Lüge nachdenkt 😂😂😂","Mensch, Kauder müsste sich doch kaum halten können vor lachen, wenn er über diese Lüge nachdenkt 😂😂😂","Mensch, musste sich doch vor lachen, wenn er über diese Lüge nachdenkt 😂😂😂",0.8863595,0.6839879739137662,False,1.0,0.8567824955732349
156,de,"Merkel schaffte es, sich bis an die Seite der FDJ-Führung der DDR zu schleimen, um diese später zu verraten. Heute macht sie es auch so 😜","Merkel schaffte es, sich bis an die Seite der FDJ-Führung der DDR zu schmeicheln, um sich später abzuwenden. Heute macht sie es auch so 😜","Merkel schaffte es, sich bis an die Seiten der FDJ-Führung der DDR zu schleimen, um diese später zu verraten. Heute macht sie es auch so 😜",0.99473524,0.7707019455576666,False,1.0,0.921812395497982
157,de,"Mimimi ,,, und was machen unsere politisch-korrekten #safespace-Krieger dann im Ernstfall? Sich in die Hosen sch...?","Mimimi ,,, und was machen unsere politisch-korrekten #safespace-Krieger dann im Ernstfall? Angst bekommen?","Mimimi ,,, und was machen unsere politisch-korrekten #safespace-Krieger dann im Ernstfall? Sich in die Hosen sch...?",1.0,0.8481693005119417,True,1.0,0.949389766837314
158,de,"Mit Schulz kämen wir von der Pest (Merkel) zur Cholera (Schulz)! CDU uns SPD zusammen haben, unseren jetzigen Untergang zu verantworten!","Mit Schulz kämen wir vom einen Übel (Merkel) zum anderen Übel (Schulz)! CDU uns SPD zusammen haben, unseren jetzigen Untergang zu verantworten!","Mit Schulz kämen wir von der Pest (Merkel) zur Cholera (Schulz)! CDU uns SPD zusammen haben, unseren jetzigen Untergang zu verantworten!",1.0,0.8008798447203475,True,1.0,0.9336266149067826
159,de,Nazi Lügenpresse und Merkel Vasallen hetzen weiter gegen Trump!!,Presse und Merkel Unterstützer hetzen weiter gegen Trump!!,Nazi Presse und Merkel Unterstützer hetzen weiter gegen Trump!,0.91010296,0.9673746130462415,False,1.0,0.9591591921646042
160,de,"Prostituierte kann sich nicht mal ein Hartz IV leisten, Asylanten sucht euch Wichsvorlageni n Pornos!",Prostituierte kann sich nicht mal ein Hartz IV leisten,"Prostituierte kann sich nicht mal ein Hartz IV leisten, Asylbewerber sucht euch!",0.95730877,0.904278579313925,False,1.0,0.9538624495133331
161,de,"Schickt unsere Verdeidigungsministerin als Stangengirl zur Truppenbetreuung an die Front ,aber selbst dort wird sie Versagen.Eine Verteidigungsministerin ist Ein Hohn an die Truppe.Rommel wache auf!","Schickt unsere Verdeidigungsministerin zur Truppenbetreuung an die Front ,aber selbst dort wird sie Versagen.Eine Verteidigungsministerin ist Ein Hohn an die Truppe.Rommel wache auf!","Schickt unsere Verdeidigungsministerin als Stangengirl zur Truppenbetreuung an die Front ,aber selbst dort wird sie Versagen.Eine Verteidigungsministerin ist ein Typ.",0.92707473,0.799022211452863,False,1.0,0.908698980616378
162,de,"Sehe mir den Film an da ich ein dickes Fell habe. Aber eines ist Fakt. Wäre der Deutsche Islamisten, mein Kind würde ich ihn eigenhändig erschlagen.","Sehe mir den Film an da ich ein dickes Fell habe. Aber eines ist Fakt. Wäre der Deutsche Islamisten, mein Kind würde ich mich eigenhändig darum kümmern.","Sehe mir den Film an da ich ein dickes Fell habe. Aber eines ist Fakt. Wäre der Deutsche Islamisten, mein Kind würde ich ihn eigenhändig erschlagen.",1.0,0.8606455166894197,True,1.0,0.9535485055631399
163,de,So ein Schwein sitzt noch da oben? Pfui Teufel!,So einer sitzt noch da oben? Oh je!,So ein Schwein sitzt noch da oben?,0.9662036,0.6331509942017188,False,1.0,0.8664515215225416
164,de,"Solange bei Politikern der Dünnschiss aus der Fresse kommt, wird sich nichts ändern. Es stinkt weiter !!!","Solange die Politiker Quatsch erzählen, wird sich nichts ändern.","Solange bei Politikern der Quatsch aus der Fresse kommt, wird sich nichts ändern. Es stinkt weiter !!!",0.9508227,0.6325189904679817,False,1.0,0.8611139004862958
165,de,Sry aber Preetz hat nicht viel beizutragen. Er MUSS der Politik in den Hintern kriechen damit sein Verein Zuschauer ins Stadion bekommt. Er ist abhängig von der Politik.,"Entschuldigung, aber Preetz scheint nicht viel beizutragen. Er ist auf gute Beziehungen zur Politik angewiesen, um sicherzustellen, dass sein Verein Zuschauer ins Stadion bekommt. Er ist abhängig von der Politik.",Sry aber Preetz hat nicht viel beizutragen. Er MUSS der Politik in den Hintern kriechen damit sein Verein Zuschauer ins Stadion bekommt. Er ist abhängig von der Politik.,1.0,0.5941033207124846,True,1.0,0.8647011069041616
166,de,"Stimmt, die BRD geht mir auch am ARSCH vorbei. DEUTSCHLAND gillt es gegen POLITVERBRECHER,wie Merkel,Schulz,u.MAAS zu schützen !!","Stimmt, die BRD ist mir auch egal. DEUTSCHLAND gillt es gegen Personen,wie Merkel,Schulz,u.MAAS zu schützen !!","Stimmt, die BRD geht mir auch am ARSCH vorbei. DEUTSCHLAND gillt es gegen Politiker, wie Merkel, Schulz,u.MAAS zu schützen !!",0.98680043,0.7764065521847623,False,1.0,0.9210689947966543
167,de,"UND DER DUSSELIGE GAUCK DENKT ER WÄRE WIEDER IN DER DDR UND LÄßT SICH HONECKERmäßig ALIMENTIEREN, GUTEN MORGEN-DEUTSCHLAND-??","UND DER GAUCK DENKT ER WÄRE WIEDER IN DER DDR UND LÄßT SICH HONECKERmäßig ALIMENTIEREN, GUTEN MORGEN-DEUTSCHLAND-??","UND DER DENKT ER WÄRE WIEDER IN DER DDR UND LÄßT SICH HONECKERmäßig ALIMENTIEREN, GUTEN MORGEN-DEUTSCHLAND-??",0.955678,0.931595550762175,False,1.0,0.9624245123023982
168,de,"Wenn die Hälfte der Moslime den Handschlag verweigert, hilft nur. ein Tritt in den Arsch, der sie zurückschickt nach Afrika.","Wenn die Hälfte der Moslime den Handschlag verweigert, hilft nur. jemand, der sie zurückschickt nach Afrika.","Wenn die Hälfte der Moslime den Handschlag verweigert, hilft nur. ein Tritt, der sie zurückschickt nach Afrika.",0.9821289,0.905271327726112,False,1.0,0.9624667486323469
169,de,auch heute wieder nur drittklassige #Laiendarsteller in einem extrem beschissenen #Tatort #ARD,auch heute wieder nur drittklassige #Laiendarsteller in einem schlechten #Tatort #ARD,auch heute wieder nur drittklassige #Laiendarsteller in einem extrem schissenen #Tatort #ARD,0.99467707,0.8718117299443516,False,1.0,0.9554962655824434
170,de,dieser Holtmann scheint ein Grüner-Bastard zu sein! #BerichtAusBerlin,dieser Holtmann scheint ein Grüner-Anhänger zu sein! #BerichtAusBerlin,dieser Holtmann scheint ein Grüner-Anhänger zu sein! #BerichtAusBerlin,0.9418155,1.0,False,1.0,0.9806051651636759
171,de,"gibts diese Woche einen Wettbewerb zwischen #maischberger und #lanz, wer die Gast*in mit der hässlichten Fresse hat?","gibts diese Woche einen Wettbewerb zwischen #maischberger und #lanz, wer die Gast*in mit dem auffälligsten Gesichthat?","gibts diese Woche einen Wettbewerb zwischen #maischberger und #lanz, wer die Gast*in mit der hässlichten Fresse hat!",0.9778339,0.8015805649505207,False,1.0,0.9264714972094081
172,de,idiotischer Kommentar. Aufm Supermannheft gepennt?,schlechter Kommentar. Aufm Supermannheft gepennt?,Idiotischer Kommentar. Aufm Supermannheft gepennt.,0.89881873,0.8103465871025699,False,1.0,0.9030551061368511
173,de,schlimmer sind jene Fanatiker die Islamisten hofieren. Jung als Nazi zu bezeichnen ist unendlich dumm!!,schlimmer sind jene Fanatiker die Islamisten hofieren. Jung als Nazi zu bezeichnen ist naiv!!,schlimmer sind jene Fanatiker die Islamisten hofieren. Jung als Nazi zu bezeichnen ist unendlich naiv,0.97400916,0.9268998527715477,False,1.0,0.9669696696662199
174,de,viel gefährlicher ist Oberdummzicke Sheitan Chebli,viel gefährlicher ist Sheitan Chebli,viel gefährlicher ist Sheitan Chebli,0.92706716,1.0,False,1.0,0.9756890535354614
175,de,welches Meth nimmt eigentlich @USER_0? Ihre Haut sieht ja fürchterlich aus und dann das ständige blinzeln #furchtbar #maischberger,was nimmt eigentlich @USER_0? Ihre Haut sieht ja nicht gut aus und dann das ständige blinzeln #maischberger,welches Meth nimmt eigentlich @USER_0? Ihre Haut sieht ja fürchterlich aus und dann das ständige blinzeln #furchtbar #maischberger,1.0,0.8132703084025187,True,1.0,0.9377567694675063
176,de,wie kann man nur derart strunzdumme Moderatoren wie bei #taff auf #ProSieben beschäftigen,wie kann man nur solche Moderatoren wie bei #taff auf #ProSieben beschäftigen,wie kann man nur derart Moderatoren wie bei #taff auf #ProSieben beschäftigen,0.98556846,0.8678457970433117,False,1.0,0.9511380869485498
177,de,wir brauchen das scheiß #Europa nicht ich bin #Deutscher und kein Europäer #btw2017,wir brauchen das #Europa nicht ich bin #Deutscher und kein Europäer #btw2017,wir brauchen das #Europa nicht ich bin #Deutscher und kein Europäer #btw2017,0.96838737,1.0,False,1.0,0.9894624551137289
178,de,"Über 87% der Deutschen Wähler die eine Altpartei wählten, sind für mich strohdumm!!!","Über 87% der Deutschen Wähler die eine Altpartei wählten, sind für mich ungebildet!!!","Über 87% der Deutschen Wähler die eine Altpartei wählten, sind für mich egal!",0.94041556,0.8437793407631708,False,1.0,0.9280649673207865
179,de,"😂😂😂 Phantomschmerz (fehlende Eier) und Machtgeilheit zwangen heute erneut den ""Bayern-Horsti"" ohne Vaseline  in den Ar*** der Kanzlerette 😜","😂😂😂 Phantomschmerz und Machtgier zwangen heute erneut den ""Bayern-Horsti"" sich bei der Kanzlerin einzuschmeicheln 😜","😂😂😂 Phantomschmerz (fehlende Eier) und Machtgeilheit zwangen heute erneut den ""Bayern-Horsti"" ohne Vaseline in den Ar*** der Kanzlerette 😜",1.0000001,0.6643912379957938,False,1.0,0.8881304524016945
180,en,And how can you justify a moronic 2 day block?,And how can you justify a 2 day block?,And how can you justify a bad 2 day block?,0.9239299,0.885557590728214,False,1.0,0.9364958401538303
181,en,Bullshit William Penn used the phrase too.,William Penn used the phrase too.,William Penn used the phrase too.,0.95768094,1.0,False,1.0,0.9858936468760172
182,en,DIGIT are you suggesting that should be enough to keep these uppity blacks satisfied ?,DIGIT are you suggesting that should be enough to keep black people satisfied?,DIGIT are you suggesting that should be enough to keep these blacks satisfied?,0.97968626,0.8328123179408875,False,1.0,0.9374995260547587
183,en,Do you have to be such a dick to him?,Do you have to be such rude to him?,Do you have to be mean to him?,0.86023295,0.5897093520267684,False,1.0,0.8166474337612218
184,en,"I guess so will you if you revert again, bitch.",I guess so will you if you revert again.,I guess so will you if you revert again.,0.8589803,1.0,False,1.0,0.9529934326807658
185,en,"Oh, that was my dumbass mistake.","Oh, that was my mistake.","Oh, that was my mistake.",0.8836167,1.0,False,1.0,0.9612055619557699
186,en,Probably because NO ONE GIVES A FUCK ABOUT MISS UPTON.,Probably because no one really cares about Miss Upton.,Probably because no one cares about Miss Patterson.,0.737469,0.7113829569085537,False,1.0,0.8162839914713999
187,en,STOP SENDING ME STUPID MESSAGES. I AM FIXING A MISTAKE IN THE ARTICLE.,Stop sending me messages. I am fixing a mistake in the article.,Stop sending me. I AM FIXING A MISTAKE IN THE ARTICLE.,0.8737722,0.23488169147708335,False,1.0,0.702884631799785
188,en,"Stop Vandalizing Wikipedia, jerk!",Stop Vandalizing Wikipedia!,Stop Vandalizing Wikipedia,0.80815476,0.9639149075818747,False,1.0,0.9240232231243679
189,en,That's what you get for being a faggot,That's what you get for being an unpleasant person.,That's what you get for being a bad person,0.80144316,0.6732979419420692,False,1.0,0.8249137005074333
190,en,These are public computers. Don't ban uss all because a few people are retarded.,These are public computers. Don't ban uss all because a few people are retarded.,These are public computers. Don't ban uss all because a few people are retarded.,1.0,1.0,True,1.0,1.0
191,en,"WHAT A FAGGOT, I'M GLAD HE'S DEAD!!!","What a person, I'm glad that he passed away.",I'm glad he's deAD.,0.3728027,0.18638915693787184,False,1.0,0.5197306205035165
192,en,What the hell are you on about?,What are you on about?,What are you on about?,0.89923096,1.0,False,1.0,0.9664103190104166
193,en,Women with masculine spirits are trash.,Women with masculine spirits are not my type.,Women with masculine spirits are not good.,0.76982677,0.8159525039285966,False,1.0,0.8619264245857977
194,en,but redditors are too busy sucking bernie s dick to care .,but redditors are too busy to care .,but redditors are too busy sucking on beanie,0.7866199,0.7146295005403487,False,1.0,0.8337498007324844
195,en,can t people just leave cuba alone so it can get it s feet under itself for number fuckin minutes ? .,Can people just leave Cuba to itself so it can get its feet under itself for number minutes?,Can't people just leave Cuba alone so it can get it s feet under itself for number of minutes?,0.95868635,0.8004383418856122,False,1.0,0.9197082312205783
196,en,"careful , you just described the goonies , and that shit was classic .","careful , you just described the goonies , and that was classic","careful , you just described the goonies , and that was classic .",0.9794564,0.9959711693524601,False,1.0,0.991809198021865
197,en,dont be a dick and add stupid and clear vandalism to articles .,Do not be like that and add clear vandalism to the article.,dont be mean and add vandalism to articles,0.7571265,0.42502296322891664,False,1.0,0.7273831577907321
198,en,dont cut off your nose to spite your face .,Don't annoy me,dont cut off your nose to spite your face .,1.0000001,0.10295941874889243,True,1.0,0.7009865126527273
199,en,dont try to spook me you dick!,Don't try to spook me!,dont try to spook me,0.81292355,0.7203881559468079,False,1.0,0.8444372355175274
200,en,"fuck it , we 'll do it live .","Leave it, we will do it live",We 'll do it live.,0.78949034,0.4219691651103245,False,1.0,0.7371531690835074
201,en,fuck red light cameras and the money grubbing cities that use them .,I don’t like red light cameras and the cities that use them.,The Red Light Cameras and the cities that use them are not good.,0.7560891,0.6334658011132748,False,1.0,0.796518297471413
202,en,fucking barbarian gooks got a lot of nerve to mess with us .,barbarian gooks got a lot of nerve to mess with us.,They got a lot of nerve to mess with us.,0.6873826,0.6705319533605432,False,1.0,0.7859715107367785
203,en,"good damn , that show kicks so much ass .","good god , that show is very nice","good damn , that show kicks so much",0.8897019,0.3783794788685594,False,1.0,0.7560271272449742
204,en,gt obama is a lying sack of shit .,gt Obama is not always right.,gt obama is not good person,0.5889268,0.34616046729978256,False,1.0,0.6450290864815194
205,en,"holy shit , you re that super aggressive udyr i played with two days ago ! .",you re that super aggressive udyr i played with two days ago !,you re that super aggressive Udyr i played with two days ago !,0.86484045,0.9249247174972361,False,1.0,0.9299217217999719
206,en,honestly hope that cockeyed fuck steps out from his keyboard and gets absolutely destroyed .,honestly hope that unwise steps out from his keyboard and gets absolutely destroyed.,honestly hope that he steps out of his keyboard and gets absolutely destroyed .,0.92073673,0.815931138096779,False,1.0,0.9122226227318344
207,en,how about fuck whiny cunts who buy seats knowing others will recline around them and then bitch about it .,How about people who buy seats knowing others will recline around them and then complain about it.,How about people who buy seats knowing others will recline around them and then bitch about it?,0.86082196,0.8654118595948147,False,1.0,0.9087446073171274
208,en,"i 'm ready to actually do something to make this shit stop , but what can i do ?","I am ready to do something to make this stop, but what can i do?","I'm ready to do something to make this mess, but what can I do?",0.8968585,0.7655485205182906,False,1.0,0.8874690112911819
209,en,i cant believe we are even discussing crap like this .,i can't believe we are even discussing thing like this,I can't believe we are even discussing something like this.,0.9142471,0.8948490754364429,False,1.0,0.9363653903404373
210,en,i m tired of dick jokes .,i m tired of  jokes,I am tired of jokes.,0.8621248,0.8799203408143428,False,1.0,0.9140150471654702
211,en,"if you continue being a jackass , you will be blocked from editing wikipedia .","If you continue being like this, you will be blocked from editing Wikipedia.","If you continue being a jackass , you will be blocked from editing Wikipedia.",0.96727526,0.8472411654369961,False,1.0,0.9381721424386544
212,en,if you think a town in texas would cover this kind of shit up you re insane .,If you think a town in Texas would cover these things your wrong.,If you think a town in texas would cover something like this up you are insane.,0.97115517,0.6057986921153775,False,1.0,0.8589846195804514
213,en,"instead of trying to make a difference , ye old witch was more interested in making a statement .","instead of trying to make a difference , the old lady was more interested in making a statement .","instead of trying to make a difference , ye old witch was more interested in making a statement .",1.0,0.8637211629683316,True,1.0,0.9545737209894439
214,en,it 's just dumb fucking luck .,it 's just luck .,it 's just bad luck .,0.8287013,0.6892812967369565,False,1.0,0.8393275380157633
215,en,it sucks that youre an awful person .,It hurts that you have a bad character,it doesn't make sense that you are an unpleasant person.,0.67026716,0.22762888414808033,False,1.0,0.632632016285088
216,en,its my talk page. keep the bitching off it. thanks.,It is my talk page. Stay away from it. Thanks.,its my talk page. keep it quiet. Thanks.,0.94749695,0.49399696273461763,False,1.0,0.8138313044536636
217,en,its one of those you don t know what your saying so i m correcting you cunts .,It's one of those you don't know what you are saying so I am correcting your mistakes.,its one of those you don't know what your saying so I am correcting you.,0.95731467,0.769317060360721,False,1.0,0.9088772434822093
218,en,"joke 's on you , you intolerant fuck .",Joke's on you,joke 's on you,0.4558938,0.8772426647426648,False,1.0,0.7777121597688054
219,en,minorities bitch and moan when the police uphold the law .,Minorities don't like when the police uphold the law,minorities are not good at all when the police uphold the law .,0.78625,0.6959174220159258,False,1.0,0.8273891390825181
220,en,"no , that s fucking bullshit .","No, that is so wrong","No, that's bad stuff.",0.8217369,0.3335965365470721,False,1.0,0.7184444695810899
221,en,p. s. i do own all of those pictures bitch .,i own all those pictures.,p. s. i do own all of those pictures .,0.9643481,0.7445877133948677,False,1.0,0.9029785970563052
222,en,parliament is a lame duck .,Parliament is dull,Parliament is not good.,0.62724084,0.6694550480501215,False,1.0,0.7655652948901507
223,en,"that said , i hope they get a great attorney and sue the shit out of the cops .","that said , i hope they get a great attorney and sue the cops .","that said , i hope they get a great attorney and sue the cops .",0.96902657,1.0,False,1.0,0.9896755218505859
224,en,thats an asinine racist comment .,thats a racist comment .,That's a racist comment.,0.8800146,0.8117414429975043,False,1.0,0.8972520137890342
225,en,the germans today are the same blind brainless followtheleader sheep they were inand throughout their history .,The germans today are the same they were in and throughout their history,the germans today are the same person who lived with the people they were inand throughout their history.,0.7751732,0.8682802336013302,False,1.0,0.8811511402857298
226,en,the object is to waste peoples time deconstructing your foolish effusions .,the object is to waste peoples time deconstructing your effusions .,The object is to waste peoples time deconstructing your effusions.,0.93576,0.9816333278390545,False,1.0,0.9724644496829238
227,en,then drench the fucking thing with bbq sauce !,Please drench the meat with bbq sauce,then drench the thing with bbq sauce .,0.90350455,0.5669580673381192,False,1.0,0.8234875392650399
228,en,they don t give a shit about terrorism .,They don’t care about terrorism at all.,They don't care about terrorism.,0.8701385,0.7127425309360824,False,1.0,0.8609603522996373
229,en,this deadly behavior is why abusive police in the 60s were referred to as pigs .,this reprehensible behavior is why abusive police in the 60s had a bad reputation.,This deadly behavior is why abusive police in the 60s were referred to as pigs.,0.968022,0.5502621658426285,False,1.0,0.8394280515704473
230,en,those things are complete and utter pieces of shit .,Those things are meaningless,those things are complete and unpleasant,0.73076606,0.5011052026088548,False,1.0,0.7439570868589982
231,en,time to wage war and blow shit up .,Time to wage war and change somethings,time to wage war and blow up anything,0.81952053,0.5315908423483258,False,1.0,0.7837037918110651
232,en,"turkey could invade , and russia wouldn 't be able to do shit about that either .",Turkey could invade and Russia wouldn't be able to do anything about it,"turkey could invade , and russia wouldn't be able to do anything about that either",0.94508183,0.8300533064787332,False,1.0,0.9250450455011509
233,en,"we shouldn t be shitting on his good name , and saying what he should , and shouldn t have done .",we should not desecrate his name instead we should have done better.,"We shouldn't be complaining on his good name , and saying what he should , and shouldn't have done anything else",0.90217316,0.35752537961085024,False,1.0,0.7532328470391677
234,en,west is the spoiled shit .,west is bad.,west is the worst person,0.66291136,0.34793075460322753,False,1.0,0.6702807033662269
235,en,what a bunch of sick lies !,What a bunch of lies,what a bunch of lies ?,0.7389542,0.9110221147053408,False,1.0,0.8833254337149516
236,en,what the hell question are you talking about ?,what is the question are you talking about?,What are you talking about?,0.71739143,0.5631842394638884,False,1.0,0.7601918902651743
237,en,why should i give a fuck !,Why do I have to worry?,Why should I care?,0.730125,0.13651281529907427,False,1.0,0.6222126084375516
238,en,"yea , who the fuck is government to be involved my my your kids education ? .","yes, who is the government to be involved in my education of my children? .","yea , who is government to be involved in my my kids education ?",0.9648446,0.6219403490001353,False,1.0,0.8622616444883874
239,en,you missed the fucked up sentence .,you missed the messed up sentence,You missed the sentence.,0.82585603,0.58028097544313,False,1.0,0.8020456684768217
240,es,"#CeseDefinitivoCPCCS estos miserables su salida del CPCCS va hacer mas rápido q su puta nombramiento,","#CeseDefinitivoCPCCS  su salida del CPCCS va hacer mas rápido que su nombramiento,",#CeseDefinitivoCPCCS estos individuos su salida del CPCCS va hacer mas rápido que su nombre,0.8859864,0.8381733847810033,False,1.0,0.9080532575035494
241,es,"- Porque se que es la única forma que me visiten todos los fines de semana, borrachos malparidos",- Porque se que es la única forma que me visiten todos los fines de semana.,Porque se que es la única forma que me visiten todos los fines de semana,0.856858,0.9719540535992897,False,1.0,0.9429373562199048
242,es,"6 años ha tardado en mostrarse el tarado mental más grande, bravo 👏","6 años ha tardado en mostrarse el personaje más grande, bravo 👏",6 años ha tardado en mostrarse el más grande problema mental 👏,0.857403,0.6626102643841305,False,1.0,0.8400044149039122
243,es,: #ModeloPodemos Ser comunistas y joder España  #LaHoraAzulPP278,: #Modelpodemos ser comunistas y vencer a España  # LaHoraAzulPP278,#ModeloPodemos ser comunistas y joder España #LaHoraAzulPP278,0.9657724,0.7552532663954513,False,1.0,0.9070085522536839
244,es,A Emery se la devuelven por subnormal. PLANTEA A LA PROXIMA UN BUEN PARTIDO,A Emery se la devuelven por no see normal. PLANTEA A LA PROXIMA UN BUEN PARTIDO,Emery se la devuelven por malo. PLANTEA A LA PROXIMA UN BUEN PARTIDO,0.9058407,0.8192245569718907,False,1.0,0.9083550839587393
245,es,"Ah, porque se va y viene la hija puta. Están haciendo el subnormal apagando y encendiendo","Ah, porque esta hija va y viene. Hacen algo anormal, se apagan y se encienden.","Ah, porque se va y viene la hija. Están haciendo algo malo",0.8044087,0.37003930389480905,False,1.0,0.7248160109903982
246,es,Ahora un nazi en RTVE #lahoraespinosadelosmonteros,Ahora este hombre en RTVE #lahoraespinosadelosmonteros,Ahora es un nacionalsocialista en RTVE. #lahoraespinosadelosmonteros,0.8337995,0.6892329191449478,False,1.0,0.8410108001789515
247,es,Blocs y a otra cosa No le des publicidad al monguer,Blocs y a otra cosa No le des publicidad,No le des publicidad al monguer,0.7387748,0.5322420737604208,False,1.0,0.7570056167397204
248,es,Buena gente acogemos en nuestro país. Traen lo mejorcito de la cultura de su país.,"Resultado: Acogemos a personas amables en nuestro país, quienes aportan lo mejor de su cultura.",Buena gente acogemos en nuestro país. Traen lo mejorcito de su cultura.,0.9844839,0.45011594508363956,False,1.0,0.8115332809232148
249,es,Celebrando mas feliz una victoria del Barsa que una del Sevilla... Este subnormal no me representa como sevillista,Celebrando mas feliz una victoria del Barsa que una del Sevilla... No me representa como sevillista,Celebrando mas feliz una victoria del Barça que una del Sevilla... No me represento como sevillista,0.9261358,0.9131938011871401,False,1.0,0.9464431932047548
250,es,Como puede ser un icono feminista una facha como ella?? 👀 estamos locos o qué?,¿Cómo puede ser ella un ícono feminista?,Como puede ser un icono feminista una facha como ella?? 👀 estamos locos o qué?,1.0,0.5535537607687668,True,1.0,0.8511845869229223
251,es,Conclusión: pura mierda de paranormal....,Conclusión: pura de paranormal.,Conclusión: pura ignorancia....,0.77279717,0.5567897577373194,False,1.0,0.7765289750128325
252,es,Cómo me alegro de la remontada por todos los madridistas insoportables y por el subnormal miarma de Emery!!,Cómo me alegro de la remontada por todos los madridistas y por el miarma de Emery!!,Cómo me alegro de la resistencia por todos los madridistas insoportables y por Emery.,0.8577419,0.6404513399784135,False,1.0,0.8327310774387375
253,es,Dios mi madre es subnormal en serio,Dios mi madre está mal en serio.,"Dios, mi madre es incómoda en serio",0.9032934,0.5263550192179178,False,1.0,0.8098827968061597
254,es,"ESTA NOCHE, MANDA MI POLLA (un primo suyo)",Esta noche manda mi primo,"ESTA NOCHE, MANDA MI POLLO (un primo suyo)",0.9966619,0.13966624951805695,False,1.0,0.7121093836640187
255,es,"En 2013 Dalas ya se sabía que era retrasado, que cojones?!",En el 2013 salas ya se sabía que era más lento,"En 2013, Dalas ya sabía que era retrasado.",0.91293573,0.4669265202167325,False,1.0,0.7932874180039661
256,es,Ese buen hombre por lo menos pagará 7 u 8 pensiones. Es el más valiente sin duda.,Ese hombre generoso seguramente esté contribuyendo con al menos 7 u 8 pensiones. Es admirable su valentía.,Ese hombre por lo menos pagará 7 u 8 pensiones. Es el más valiente sin duda.,0.97711366,0.34555570072460684,False,1.0,0.7742231216249483
257,es,Este es el maricón de Aida?,Este es el de Aida?,Este es el maricón de Aida.,0.8751103,0.6267880575345323,False,1.0,0.8339661285773371
258,es,"Estos críos.... Qué pillastres..... Son unos terremotos los angelitos... Qué energía la de estos chicos... El futuro, son el futuro.....","Estos niños son bastante traviesos, llenos de energía y travesuras. Representan el futuro con toda su vitalidad.","Estos chicos... ¿Qué terrible? Son unos terremotos los angelitos... Qué energía la de estos chicos... El futuro, son el futuro.....",0.96013546,0.27026018841802796,False,1.0,0.7434652161059767
259,es,"Estás enfermo y no quieres ver.

Cada uno que arregle los problemas de su casa, aquí ya tenemos bastantes.","Tienes un problema y no quieres ver. 
Cada uno que arregle los problemas de su casa, aquí ya tenemos bastantes.","Estás enfermo y no quieres ver. Cada uno que solucione los problemas de su casa, aquí ya tenemos bastantes cosas.",0.983724,0.737607358292017,False,1.0,0.9071104521205934
260,es,Ghostt subnormal se nota a la legua que eres tú el ... — Mira como llora el puto bizco,Ghostt  se nota a la legua que eres tú el ... — Mira como llora,Ghostt se nota a ti mismo — Mira cómo llora,0.69180495,0.44021434900268,False,1.0,0.7106730981571943
261,es,"Gobierno de mierda""",Gobierno ineficiente,"Gobierno de mierda.""",0.9567769,0.36596985092146406,False,1.0,0.7742489226340692
262,es,Gran puta estos chinos de mierda vinieron a arruinar mi año 😭,Estos chinos vinieron a arruinar mi año,estos chinos vinieron a arruinar mi año,0.8123232,0.9671097545854219,False,1.0,0.9264776557363393
263,es,Habla en español catalán de mierda.,Habla español catalán,Habla en español catalán.,0.8835075,0.8573304610407526,False,1.0,0.9136126503996111
264,es,"Habla español, catalán de mierda 😋",Habla español,"Habla español, catalán",0.8120824,0.8536427958521794,False,1.0,0.8885750685702943
265,es,"Jajajajaja turco, subnormal, cuñado e español madremía.... PLENOOOO","Jajajajaja turco, cuñado e español madremía.... PLENOOOO","Jajajajaja turco, cuñado e español madremía....",0.88827586,0.860379492175574,False,1.0,0.9162184513052288
266,es,"La jueza archiva la paliza de los trozos de mierda fascistas a Lagarder, porque la  no entregó la denuncia",La jueza archiva el problema de los fascistas a Lagarder porque no  entregó la denuncia,"La jueza archiva la paliza de los trozos de mierda a Lagarder, porque la no entregó la denuncia",0.9484651,0.6232429020915446,False,1.0,0.8572360036543349
267,es,Le han dado por lo que habrá robado antes y por lo que robará cuando salga del hospital.,Recibió una lección por lo que robó y robará en un futuro,Le han dado por lo que habrá robado antes y por lo que robará cuando salga del hospital.,0.99999994,0.3041458020309688,True,1.0,0.7680485808087747
268,es,"Le pega 16 tiros y le grita ""No te muevas"", menudo subnormal.","Le dispara 16 veces y le grita ""No te muevas"", que individuo","Le pega 16 tiros y le grita ""No te muevas"".",0.90961844,0.4755487103000846,False,1.0,0.7950557158634254
269,es,Lo que está claro es que ha llegado un ladrón menos.,Lo que esta claro es que hay menos ladrones,Lo qué está claro es que llega un poco más.,0.73127246,0.3470202357214704,False,1.0,0.6927642315838739
270,es,"Los gallegos viejos, en gran parte, son basura franquista.  Entre los jóvenes ya hay mucha más dignidad.",Los gallegos viejos en gran parte son franquistas entre jóvenes ya hay mucha más dignidad,"Los gallegos viejos, en gran parte, son franquistas. En los jóvenes ya hay mucha más dignidad.",0.9653248,0.8190241912154825,False,1.0,0.9281163367678215
271,es,Luego si empiezan a aparecer los cadáveres de esta basura alguien se echara las manos a la cabeza.,Luego si empiezan a aparecer los cadáveres alguien se echara las manos a la cabeza,"Luego si empiezan a aparecer los cadáveres de esta persona, alguien se echa las manos a la cabeza.",0.91449165,0.87474001659564,False,1.0,0.9297438900126743
272,es,"Mamona, tengan la mierda que tengan ellos, lo nuestro sigue siendo igual de lamentable",Tengan los que tengan ellos igual lo nuestro sigue lamentable,"tengan la mala noticia que tengan ellos, lo nuestro sigue siendo igual de lamentable",0.7474988,0.7051857821902395,False,1.0,0.8175615308271765
273,es,Me confirman por aquí que mi padre es subnormal.,Me confirman por aquí que mi padre está loco.,Me confirmen por aquí que mi padre es inapropiado.,0.9326749,0.6950330363100672,False,1.0,0.8759026403687367
274,es,No los vio el open arms,El Open Arms no los avistó.,No les vio el open arms,0.99422026,0.1851811640698521,False,1.0,0.7264671402917573
275,es,Nose que esperan para cerrar toda esa mierda,No sé que esperan para cerrar eso,No sé qué esperar para cerrar toda esa cosa,0.7346105,0.5685600935912983,False,1.0,0.7677235305142687
276,es,Pero que pedazo de retrasada,Pero qué tipo de persona.,Pero ¿qué te comportas de manera inapropiada?,0.5612488,0.2510794084632225,False,1.0,0.6041093959200325
277,es,"Pinche gobierno de mierda, no ayudan pero como estorban HDSPM.","gobierno, no ayudan pero como estorban HDSPM.",No ayuden a HDSPM.,0.6656414,0.1986905578531547,False,1.0,0.6214439949644183
278,es,Pura supervivencia. Me pones en riesgo? Te mato.,Esto es pura supervivencia. ¿Me pones en riesgo? Será mejor que no lo hagas.,Me ponen en riesgo?,0.5939084,0.20004041368330033,False,1.0,0.5979829476097044
279,es,"Que asco da la gente homófoba, COMENTO. — MUCHO ASCO",No soporta la gente homófoba,Que pena la gente homófoba. — Que pena,0.59658974,0.5938191109895172,False,1.0,0.7301362850268504
280,es,Que manera de perder la cabeza por un zumo.,Resultado: Perder la calma por un zumo es exagerado.,Que manera de perder la cabeza por un zumo.,1.0000001,0.4258075603637326,True,1.0,0.808602559857674
281,es,Quién es este subnormal y por qué ha soltado semejante subnormalez?,Quién es él y por qué ha soltado semejante palabra,Quien es este hombre y por qué ha soltado semejante cosas,0.8127795,0.6300137339520328,False,1.0,0.8142644067104615
282,es,"Solo la fe, el dogmatismo y la estupidez te pueden hacer votar a un elemento como este #SanchezVeteATuCasa","Solo la fe, el dogmatismo y falta del sentido común te pueden hacer votar a un elemento como este #SanchezVeteATuCasa","Solo la fe, el dogmatismo y la estupidez pueden hacer votar a un elemento como este #SanchezVeteATuCasa",0.9897764,0.7780053743626537,False,1.0,0.9225939157573998
283,es,"Sí, para que lo suelten a la media hora. Alguien que hace eso sólo aprende de una manera.","Sí, pero suelen liberarlo después de media hora. Alguien que recurre a eso solo aprende de una manera.","Sí, para que lo suelten a media hora. Alguien que haga eso sólo aprende de una manera diferente.",0.94725513,0.5525466167152672,False,1.0,0.8332672504325956
284,es,"Sólo me hacen encabronar, no debemos nada a Centroamérica ni los invasores para regalarles dinero.","Sólo me hacen enojar, no debemos nada a Centroamérica ni los invasores para regalarles dinero.",No debemos nada a Centroamérica ni los invasores para ofrecerles dinero.,0.88227594,0.6912151039420283,False,1.0,0.8578303476432535
285,es,Y el mamón se vuelve a París con dos palmos de narices,Y se vuelve a París con dos palmos de narice,Y el mamón se vuelve a París con dos palmos de narices,1.0,0.9281336822852588,True,1.0,0.9760445607617529
286,es,"Y lo dice un mongolo que se está forrando en la ""democrática"" Catar, para el parné no tiene problemas democráticos","Y lo dice uno que se está forrando en la ""democrática"" Catar, para el parné no tiene problemas democráticos","Y lo dice un hombre que se está forrando en la ""democrática"" Catar, para que no tenga problemas democráticos",0.88372713,0.7924105318304052,False,1.0,0.8920458883681612
287,es,Ya empiezan los sinvergüenzas..  No faltes al respeto Rumano de mierda..,"Los sinvergüenzas están empezando ... No seas irrespetuoso, rumana ...",Ya empiezan los sinvergüenzas.. No faltes al respeto Rumano.,0.96992284,0.41471610293805844,False,1.0,0.7948796478444345
288,es,"Yo lo se, los mismos fascistas corruptos ladrones que estan acabando con la Civilización en la Tierra","Yo lo se, los mismos que estan acabando con la Civilización en la Tierra","Yo lo sé, los mismos fascistas corruptos que estan acabando con la Civilización en la Tierra",0.9783859,0.8638026520110542,False,1.0,0.9473961924346743
289,es,da cobertura a terroristas de #Venezuela La deriva fascista del  y sus medios es muy preocupante. #ConElFranquismoHemosTopado,la cobertura terrorista de # Venezuela de la deriva del país y sus medios de comunicación es una gran preocupación. #Conelfranquismo,Da cobertura a terroristas de #Venezuela,0.68504214,0.27534259054671956,False,1.0,0.6534615778049205
290,es,"fijate, todo tiene su lado bueno, hasta el puto coronabicho","Fíjate, todo tiene su lado bueno.","fijate, todo tiene su lado bueno, hasta el coronabicho",0.94786143,0.7725356091864526,False,1.0,0.9067990140718759
291,es,"los Salesianos de San Francisco de Sales, Los Marianistas y los fascistas vecinos del San Cirano nos ablandaron en exceso.","los Salesianos de San Francisco de Sales, Los Marianistas y los vecinos del San Cirano nos ablandaron en exceso.","Los Salesianos de San Francisco de Sales, Los Marianistas y los vecinos de San Cirano nos ablandaron",0.9129298,0.8710978984016242,False,1.0,0.9280092239107708
292,es,"lástima que sea un fascista, un machista, un subnormal y odie Catalunya","Es lamentable que esta persona sea partidaria del fascismo, el machismo y muestre un desprecio hacia Cataluña.","lástima que sea un machista, un machista, y odie Catalunya",0.8940741,0.18452293573148168,False,1.0,0.692865672702018
293,es,para vos y todos los trolos panelistas putos de Fox,Para vos y todos los de Fox,para todos los panelistas de Fox,0.78550595,0.49163866504634834,False,1.0,0.7590482051657484
294,es,por desgracia aún no entregan Goyas por el simple hecho de ser subnormal. Deberían empezar,por desgracia aún no entregan Goyas,Por desgracia aún no entregan a Goyas por el simple hecho de ser un personaje. Deberían empezar,0.8770826,0.653716042693302,False,1.0,0.843599542993918
295,es,pues mucho  no entiendo pq llamarlo asi cuando la palabra no es ofensiva  putos progres,Pues mucho no entiendo pq llamarlo asi cuando la palabra no es ofensiva,"Bueno, muchas veces no entiendo qué significa llamarlo asi cuando la palabra no es ofensiva",0.85345805,0.7602298980458447,False,1.0,0.8712293149863305
296,es,solo 4? maldito hijo de puta fascista,solo son 4?,solo 4?,0.58000654,0.2923632880529432,False,1.0,0.6241232759581893
297,es,son sus costumbres y hay que respetarlas..,Son tradiciones que merecen ser respetados,Son sus costumbres y hay que respetarlas.,0.96306753,0.26377744312925255,False,1.0,0.7422816582383153
298,es,"ufff eso es como construir puertas lógicas con legos; se puede, pero estás haciendo el imbécil.","ufff eso es como construir puertas lógicas con legos; se puede, pero estás haciendo algo qué no tiene sentido.","eso es como construir puertas lógicas con legos; se puede, pero estás haciendo algo malo.",0.8983836,0.7895541148830582,False,1.0,0.8959792440947271
299,es,ya ves además a los policías nazis que tendrá esa en el whatsapp… como para creerse algo.,ya ves además a los policías que tendrá esa en el whatsapp… como para creerse algo.,ya ves además a los policías nazis que tendrá esa en el WhatsApp... como para creer algo.,0.98315644,0.7538528608109262,False,1.0,0.9123364344843794
300,hi,अगर नुकसान नही है तो फिर तुम भड़वों की तरह रंडी रोना क्यों रो रहे हो ?,अगर नुकसान नही है तो फिर तुम तमाशा क्यों कर रहे हो ?,अगर नुकसान नही है तो फिर तुम बेकार लोगों की तरह रंडी रोना क्यों रो रहे हो ?,0.9507422,0.6639271042149164,False,1.0,0.8715564297769102
301,hi,अगर ये लक्षण महसूस हो रहे हैं तो तुरंत मोदी_भक्ति छोड़ दो चुतियो,अगर ये लक्षण महसूस हो रहे हैं तो तुरंत मोदी_भक्ति छोड़ दो,अगर ये लक्षण महसूस हो रहे हैं तो तुरंत मोदी_भक्ति छोड़ दो,0.98468816,1.0,False,1.0,0.9948960542678833
302,hi,अनुभव सिन्हा तेरा बाप लगता हे इसलिए तुझे उसकी फिल्म अच्छी लगती है ?,अनुभव सिन्हा तेरा क्या लगता है ? तुझे उसकी फिल्म अच्छी लगती है ?,अनुभव सिन्हा तेरा बाप लगता हे इसलिए तुझे उसकी फिल्म अच्छी लगती है ।,0.9597634,0.7438754877369645,False,1.0,0.9012129651480597
303,hi,अबे पांडिया विकेट देख के बोल नही मारनी रन आउट के लिए लौंडिया की गांड़ समझ कर मार..,अबे पांडिया रन आउट के लिए विकेट को अच्छे से देख कर बोल मार..,अबे पांडिया विकेट देख के बोल नही मारनी रन आउट के लिए समझ कर मार..,0.9400709,0.517990918332135,False,1.0,0.8193539484917439
304,hi,"अबे फर्जी इंसान, तेरे गान्ड के नीचे भड़वे उत्पात मचा रहे , उसपर जबान खोल..","अबे फर्जी इंसान, तेरे पीछे बुरे लोग उत्पाद मचा रहे, उसपर जबान खोलो ..","अबे इंसान, तेरे गान्ड के नीचे उत्पात मचा रहे , उसपर जबान खोल..",0.8515127,0.5277528378113592,False,1.0,0.7930885027761091
305,hi,अब्दुल रज्जाक खान को जी न्यूज  वाले क्यो  बुलाते है ऐ मादरचोद,अब्दुल रज्जाक खान को जी न्यूज  वाले क्यो  बुलाते है,अब्दुल रज्जाक खान को जी न्यूज वाले क्यो बुलाते है,0.9790702,1.0,False,1.0,0.9930233955383301
306,hi,अरे दलाल मिडीया वालो जरा विपक्षी चोर उचक्के को तो देश हितमे सवाल पुछकर देखो क्या जबाब आताहै भेनचोद,अरे मिडीया वालो जरा विपक्ष को तो देश हितमे सवाल पुछकर देखो क्या जबाब आता है,अरे पक्षपाती वालो जरा विपक्षी चोर उचक्के को तो देश हितमे सवाल पुछकर देखो क्या जबाब आताहै,0.8552494,0.7884903267855915,False,1.0,0.8812465772309394
307,hi,असिफा पर चिलाने वालो अब कहा गये भोसडीके?,आसिफा पर चिल्लाने वाले अब कहां है?,असिफा पर चिलाने वालो अब कहा गये,0.86087954,0.5305168508996185,False,1.0,0.7971321304476797
308,hi,इतना दोगला पन कहा से लाते हो लुच्चो ?,इतना चाटुकारिता कहा से लाते हो?,इतना दोगला पन कहा से लाते हो?,0.98577654,0.48655449859237726,False,1.0,0.8241103474032085
309,hi,इतना सब कुछ होने के बाद भी मैं पूरे भरोसे से कह रहा हूँ ये दलाल दलाली करते रहेंगे।,इतना सब कुछ होने के बाद भी मैं पूरे भरोसे से कह रहा हूँ ये बुरे काम नहीं रोकेंगे |,इतना सब कुछ होने के बाद भी मैं पूरे भरोसे से कह रहा हूँ ये बुरे आदमी रहेंगे |,0.8425851,0.8137586013232516,False,1.0,0.8854478960485871
310,hi,"इन जैसे चमार, सुअर का प्रमोशन करके मै इन्हें फेसबुक से ट्विटर पर ले आई हूं।",इन जैसे बुरे लोगों का प्रमोशन करके मै इन्हें फेसबुक से ट्विटर पर ले आई हूं।,इन जैसे बुरे लोगों का प्रमोशन करके मै इन्हें फेसबुक से ट्विटर पर ले आई हूं |,0.8577513,0.9825933301320885,False,1.0,0.9467815466679207
311,hi,इनकी सेलेरी पहुंच जायेगी घर पर और गरीब जनता फिर से वही रंडी रोना शुरू कर देगी कि विकास नही हुआ |,इनकी सेलेरी पहुंच जायेगी घर पर और गरीब जनता फिर से वही रोना शुरू कर देगी कि विकास नही हुआ |,इनकी सेलेरी पहुंच जायेगी घर पर और गरीब जनता फिर से वही रंडी रोना शुरू कर देगी कि विकास नही हुआ।,0.9982115,0.9591865504908685,False,1.0,0.9857993511732461
312,hi,इस बारे मे ना तो हरामी मीडिया ने मुंह खोला और ना ही सरकार द्वारा कोई ठोस कदम उठाया गया !,इस बारे मे ना तो मीडिया ने मुंह खोला और ना ही सरकार द्वारा कोई ठोस कदम उठाया गया !,इस बारे मे ना तो मीडिया ने मुंह खोला और ना ही सरकार द्वारा कोई ठोस कदम उठाया गया ।,0.92735356,0.9834578851210974,False,1.0,0.9702704820152092
313,hi,इस बेटीचोद का बेटा मरा नहीं अभी तक,इस का बेटा मरा नहीं अभी तक,इस बेटीचोद का बेटा मरा नहीं अभी तक,1.0,0.8424927264754375,True,1.0,0.9474975754918126
314,hi,इसकी जाँच होनी चाहिए | इसके पीछे देश के टुकड़े-टूकडे करने वाली हरामी की शक्तियों तो नहीं  हैं |,इसकी जाँच होनी चाहिए | इसके पीछे देश को बर्बाद करने वाले बुरे लोगों की शक्तियों तो नहीं हैं |,इसकी जाँच होनी चाहिए | इसके पीछे देश के टुकड़े-टूकडे करने वाली शक्तियों तो नहीं हैं |,0.95370585,0.6957178740584067,False,1.0,0.883141240440581
315,hi,इसे तो इसकी करतूत के लिए सरेआम बीच सड़क पर डाल कर जूतों से पीटते हुए बाल मूंड व मुँह काला करना चाहिए,इसे तो इसकी करतूत के लिए कार्रवाई होनी चाहिए और सख्त से सख्त सजा मिलनी चाहिए ।,इसे तो इसकी करतूत के लिए सरेआम बीच सड़क पर डाल कर जूतों से पीटते हुए बाल मूंड व मुँह काला करना चाहिए,1.0,0.3760226099478284,True,1.0,0.7920075366492761
316,hi,कमीना कातिल को चौराहे पर खड़ा करके गोली मार देनी चाहिये |,इस कत्ल के आरोपित पर कड़ी से कड़ी कार्रवाई करनी चाहिये |,कमीना को चौराहे पर खड़ा करके गोली मार देनी चाहिए |,0.9198917,0.1855837880999773,False,1.0,0.7018251677165736
317,hi,काहे के प्रोफेशनल बे भड़वा गिरी और दलाली के ?,काहे के प्रोफेशनल बे गलत काम करने के ?,काहे के प्रोफेशनल बे गिरी और दलाली के !,0.83638513,0.591183541919016,False,1.0,0.8091895576004263
318,hi,केजरीवाल चोर तबरेज़ अंसारी के परिवार को पैसा और नौकरी दे रहा हैं।,केजरीवाल तबरेज़ अंसारी के परिवार को पैसा और नौकरी दे रहा हैं।,केजरीवाल तबरेज़ अंसारी के परिवार को पैसा और नौकरी दे रहा हैं ।,0.9799324,1.0,False,1.0,0.993310809135437
319,hi,केजरीवाल हरामी सुअर भड़वा है | ऐसा मेरे मोहल्ले वाले लोग कह रहे थे ||,केजरीवाल अच्छा आदमी नहीं है | ऐसा मेरे मोहल्ले वाले लोग कह रहे थे ||,केजरीवाल बुरे आदमी नहीं है | ऐसा मेरे मोहल्ले वाले लोग कह रहे थे |,0.70464754,0.8401909727472369,False,1.0,0.8482795045977931
320,hi,खुद का खून जला जला कर ये एनामिक होने को पूरी तरह से ततपर दिखते है,बात बात पर गुस्सा होने को पूरी तरह से ततपर दिखते है,खुद का खून जला जला कर ये एनामिक होने को पूरी तरह से ततपर दिखते है,1.0,0.6140289450486334,True,1.0,0.8713429816828778
321,hi,गेंडे की औलाद   भड़वे-दलाल   देशद्रोही-गद्दार   हरामखोर कमीने   और कुछ बाकी रह गया हैं तो आप खुद समझ जाईए,सारी गालियां उसको दे दी  और कुछ बाकी रह गया हैं तो आप खुद समझ जाईए,वह देशद्रोही-गद्दार देशद्रोही और कुछ बाकी रह गया हैं तो आप खुद समझ जाईए,0.714558,0.6327611901272435,False,1.0,0.7824397318200634
322,hi,जब बात किसी को बदनाम करने की होती है तो कुछ लोग कुत्ते से भी ज्यादा तेज भोंकते हैं,जब बात किसी को बदनाम करने की होती है तो कुछ लोग बहुत तेजी दिखाते हैं,जब बात किसी को बदनाम करने की होती है तो कुछ लोग तेज भोंकते हैं,0.83791125,0.7452408115671425,False,1.0,0.8610506865914115
323,hi,जिधर देखो इशक़ के बिमार बैठे है  हज़ारो मर गयें लाखो तैयार है कमीने,जिधर देखो इशक़ के बिमार बैठे है हज़ारो मर गयें लाखो तैयार है,जिधर देखो इशक़ के बिमार बैठे है हज़ारो मर गयें लाखो तैयार है,0.9914626,1.0,False,1.0,0.9971541961034139
324,hi,"झोंपड़ी के, कुछ दिन पहले तक तो तू उस के लिये छाती पीट रहा था।",कुछ दिन पहले तक तो तू उस के लिये मातम मना रहा था।,कुछ दिन पहले तक तो तू उस के लिये छाती पीट रहा था।,0.9409348,0.7351377638142345,False,1.0,0.8920241803580203
325,hi,तेरी बहन को चोदु मादरचोद भोसड़ी वालों  उसका नाम बिच में क्यु लाते हो.!,उसका नाम बिच में क्यु लाते हो.!,तेरी बहन को बिच में क्यु लाते हो?,0.7098776,0.6056254797538798,False,1.0,0.7718343633201613
326,hi,तेरे गांड मारके गोपाल नाम नही रख दिया तो बोलना|,तेरी कुटाई गोपाल नाम नही रख दिया तो बोलना|,गोपाल नाम नही रख दिया तो बोलना,0.87382704,0.727957848928298,False,1.0,0.867261629707921
327,hi,तेरे मुह में अब बवासीर हो गया होगा |,तुम कुछ भी बोल नहीं पा रहे होगे |,तेरा मुह में अब बेकार हो गया होगा |,0.8385495,0.15311608312198366,False,1.0,0.6638885259551103
328,hi,दम हैं गाँड मैं यह काम करने की?,दम हैं यह काम करने की?,दम हैं मैं यह काम करने की,0.72297883,0.828033282223389,False,1.0,0.8503373708536378
329,hi,धिक्कार है ऐसे व्यक्ति पर,लानत है ऐसे व्यक्ति पर,ऐसे व्यक्ति पर सख्त कार्रवाई होनी चाहिए,0.63705385,0.5414158069592401,False,1.0,0.7261565514240558
330,hi,पकिस्तान वाले ट्विस्टर पे मैच फिक्स वाला रन्डी रोना कर रहे हैं,पकिस्तान वाले ट्विस्टर पे मैच फिक्स का तमाशा खड़ा कर रहे हैं,पकिस्तान वाले ट्विस्टर पे मैच फिक्स वाला बेकार आदमी रोना कर रहे हैं,0.80655956,0.7311245656284511,False,1.0,0.8458947094371855
331,hi,पत्रकारों को ज़बरदस्ती मूत पिलाने की ज़रूरत ही नहीं |,पत्रकारों से जबरदस्ती कोई काम करवाने की जरूरत नहीं |,पत्रकारों की ज़बरदस्ती बुरी आदतों की ज़रूरत ही नहीं है |,0.7725105,0.385343419127945,False,1.0,0.7192846492307994
332,hi,बिना बारूद की मिसाइल साले भड़वे,बिना किसी दम के बड़ी-बड़ी बातें करने वाले,बिना बारूद की मिसाइल,0.8920634,0.12755577282147743,False,1.0,0.6732063840363991
333,hi,बेटा ये ऑरेंज है ना कि भगवा। समझे भड़वा।,बेटा ये ऑरेंज है ना कि भगवा। समझे।,बेटा ये ऑरेंज है ना कि भगवा। समझे,0.9858227,0.9669155260522919,False,1.0,0.9842460678881988
334,hi,भड़वा मगर तुजे तो पता चले !,मगर तुजे तो पता चले !,मगर तुजे तो पता चले ।,0.71723145,0.9247065434565434,False,1.0,0.8806459986405336
335,hi,भड़वे तुम से तो ये जानवर भी समझदार है,तुम से तो ये जानवर भी समझदार है,तुम से तो ये जानवर भी समझदार है,0.9439024,1.0,False,1.0,0.9813007911046346
336,hi,भेनचोद...  समझ नही आ रहा केस किस खुशी में चल रहा है.,समझ नही आ रहा केस किस खुशी में चल रहा है.,समझ नही आ रहा केस किस खुशी में चल रहा है ?,0.8249535,0.9647854970528313,False,1.0,0.9299129978363259
337,hi,भोंसड़ी के तेरे पिछवाड़े में कांग्रेस का पंजा पड़ेगा तो समझ मे आएगा,जब कांग्रेस जीतेगी तभी तुझे समझ मे आएगा,कांग्रेस के तेरे पिछवाड़े में कांग्रेस का पंजा पड़ेगा तो समझ मे आएगा,0.9342346,0.3869379686861405,False,1.0,0.7737241959422553
338,hi,भोंसड़ी लगता है के तुम पैदा भी नौटंकी से ही हुए थे |,लगता है के तुम पैदा भी नौटंकी से ही हुए थे |,लगता है के तुम पैदा भी नौटंकी से ही हुए थे ।,0.9391261,0.9671097545854219,False,1.0,0.9687452762998464
339,hi,भोसड़ी के तू अच्छा नहीं नाच रहा है ।,तू अच्छा नहीं नाच रहा है ।,तू अच्छा नहीं नाच रहा है |,0.8795793,0.942303778236441,False,1.0,0.9406276946284149
340,hi,ममता_बनर्जी ने तड़ीपार_गैंडे शाह को औकात पे ला दिया,ममता_बनर्जी ने शाह को औकात पे ला दिया,ममता_बनर्जी ने तड़ीपार_गैंडे शाह को औकात पे ला दिया,1.0,0.8550629246065792,True,1.0,0.9516876415355263
341,hi,मरने दो इन हरामी लड़कियों को,मरने दो इन बुरी लड़कियों को,मरने दो इन बुरे लोगों को,0.8588207,0.5348875225593964,False,1.0,0.7979027331209951
342,hi,मादरचोद उधर नेटवर्क का प्रॉब्लम है तो गांड मराने सिम कार्ड इश्यू करते हो उस एरिया में?,उधर नेटवर्क का प्रॉब्लम है तो सिम कार्ड क्यों इश्यू करते हो उस एरिया में?,उधर नेटवर्क का प्रॉब्लम है तो उस एरिया में सिम कार्ड इश्यू करते हो उस एरिया में।,0.85827297,0.7949092870296355,False,1.0,0.8843940855841277
343,hi,"मादरचोद, मां के लोड़े, लड़ पाते नहीं हो","बातें तो बड़ी करते हो, लड़ पाते नहीं हो","मां के लोड़े, लड़ पाते नहीं हो",0.91971266,0.4729499952503975,False,1.0,0.7975542193157453
344,hi,मादरजात राजनेताओं और भड़वा पत्रकारों के मुंह से उफ्फ तक नहीं निकलता,राजनेताओं और पत्रकारों के मुंह से उफ्फ तक नहीं निकलता,राजनेताओं और पत्रकारों के मुंह से उफ्फ तक नहीं निकलता,0.90524596,1.0,False,1.0,0.9684153199195862
345,hi,मीडिया चूड़ियाँ तोड़ कर विधवा हो चुकी होती।,मीडिया बिल्कुल ही चुप हो चुकी होती।,मीडिया को तोड़ कर विधवा हो चुकी होती |,0.9210197,0.4168573997968166,False,1.0,0.7792923577147631
346,hi,यहाँ भोसडीके हम चार लौंडे बैठ के मैच देख रहे,यहाँ हम चार लौंडे बैठ के मैच देख रहे,यहाँ हम चार लौंडे बैठ के मैच देख रहे,0.947004,1.0,False,1.0,0.9823346734046936
347,hi,ये भेनचोद दो शब्द सही से नहीं लिख सकता और पत्रकार बना घूम रहा है.,ये दो शब्द सही से नहीं लिख सकता और पत्रकार बना घूम रहा है.,ये दो शब्द सही से नहीं लिख सकता और पत्रकार बना घूम रहा है ।,0.9429417,0.9764324872308421,False,1.0,0.9731247374949671
348,hi,ये ममता भेन के लवडी तेरे गांड मे दम है तो बंगाल के बाहर एक छोटासा भी नमुना दीखादे,ये ममता तेरे मे दम है तो बंगाल के बाहर एक छोटासा भी नमुना दीखा दे,ये ममता भेन तेरे गांड मे दम है तो बंगाल के बाहर एक छोटासा भी नमुना दीखादे,0.93808794,0.8701111811079933,False,1.0,0.9360663737746858
349,hi,ये मादरचोद किसी के नही होते....,ऐसे लोग किसी के नही होते....,ये किसी के नही होते....,0.89307404,0.7415818940207448,False,1.0,0.8782186432217586
350,hi,ये रंडी कांग्रेस की बड़ी दुश्मनों में से एक,ये कांग्रेस की बड़ी दुश्मनों में से एक,ये कांग्रेस की बड़ी दुश्मनों में से एक,0.9235959,1.0,False,1.0,0.9745319684346517
351,hi,ये हराम की खाने वाले पुलिस वाले जो गुनहगार उसको तो पकड़ नही पाती,ये भ्रष्ट पुलिस वाले जो गुनहगार उसको तो पकड़ नही पाती,ये पुलिस वाले जो गुनहगार उसको तो पकड़ नही पाती,0.87579477,0.8387102662433132,False,1.0,0.9048350115255829
352,hi,ये हरामी अपनी हरकतों से बाज नही आ रहे है,ये बुरे लोग अपनी हरकतों से बाज नही आ रहे है,ये अपनी हरकतों से बाज नही आ रहे है,0.85494196,0.7539509084369233,False,1.0,0.8696309575287994
353,hi,ये हैं सुअर के पिल्ले हरामी कालापानी भेजिये हराम की औलादो को..,ये हैं बेकार लोग कड़ी कार्रवाई करिए इन बेकार लोगों पर ..,ये हैं बुरे लोग कालापानी भेजिये हराम की औलादो को..,0.7354185,0.2003534552472946,False,1.0,0.6452573179211257
354,hi,सरदाना जी थोड़ा कम जहर उगला करो।,सरदाना जी थोड़ा कम नफरत फैलाया करो,सरदाना जी थोड़ा कम काम करो |,0.75231636,0.556532407166181,False,1.0,0.7696162542904808
355,hi,साला दल्ला वोट के कुछ भी कर सकता है |,वह वोट के कुछ भी कर सकता है |,वह वोट के कुछ भी कर सकता है।,0.7652458,0.9454783814110439,False,1.0,0.9035747255536609
356,hi,सुवर कहि के इनकी भी बहन बेटियो के साथ नहीं होंना चाहिए यह सब,बेकार आदमी इनकी भी बहन बेटियो के साथ नहीं होंना चाहिए यह सब,सुवर कहि के इनकी भी बहन बेटियो के साथ नहीं होंना चाहिए यह सब,0.99999994,0.8080924595343846,True,1.0,0.9360307999765799
357,hi,सूअर की तरह बच्चे पैदा कर लेते हैं उनके लिए खाने को भी इंतजाम करना पड़ता है,इतने सारे बच्चे पैदा कर लेते हैं उनके लिए खाने को भी इंतजाम करना पड़ता है,बच्चे पैदा कर लेते हैं उनके लिए खाने को भी इंतजाम करना पड़ता है,0.82368386,0.8811456320628777,False,1.0,0.9016098299935544
358,hi,हरामखोर हरामी को भगाओ अपने डिवेट से।।,इसे भगाओ अपने डिवेट से।,बुरे आदमी को भगाओ अपने डिवेट से।।,0.7696773,0.7518241411060859,False,1.0,0.8405004741619285
359,hi,हरामी भोसड़ीके बिजली चोर हो तुम,बुरे इंसान बिजली चोर हो तुम,बिजली चोर हो तुम,0.8314358,0.5897337610526524,False,1.0,0.8070565202171154
360,uk,"""Приватбанк - професійно шлемо нахуй""Подзвони їм.",Приватбанк - професійно шлемо Подзвони їм.,"Приватбанк - професійно шлемо нісенітницю""Подзвон їм",0.8778001,0.786024331708045,False,1.0,0.887941479570101
361,uk,"' відчуваю себе говнарем, бо знаю цю пісню напам''ять'","'відчуваю себе дивно, бо знаю цю пісню напам''ять'","'відчуваю себе поганою людиною, бо знаю цю пісню напам''ять'",0.8896594,0.8006475691738976,False,1.0,0.896768991309512
362,uk,"'Рубрика ""Всім похуй на ті всраті діалоги"":Итс соу світ вен після п''янки всі звітують, що дома.'","'Рубрика ""Всім начхати  на ті всраті діалоги"":Итс соу світ вен після п''янки всі звітують, що дома.'","Рубрика ""Всім похуй на ті всраті діалоги"": Ітс соу світ вен після п''янки всі звітують, що дома '",0.94772637,0.8146738073131118,False,1.0,0.9208000587390752
363,uk,"'Хочу вирубити одну кончену сучку на роботі, але я не б''ю старших.'","'Злить одна людина на роботі, але я не б''ю старших'","'Хочу вирубити одну кончену сучку на роботі, але я не б''ю старших'",0.9745065,0.6120515398056341,False,1.0,0.8621860123962506
364,uk,"-ЦЕ ТИ МЕНЕ ЩА ЖИРНИМ ОБІЗВАЛА, ТА?!","-ЦЕ ТИ МЕНЕ ЩА ТОВСТИМ ОБІЗВАЛА, ТА?!","ЦЕ ТИ МЕНЕ ЩА ЖИРНИМ ОБІЗВАЛА, ТА?!",0.8757166,0.7069567318837017,False,1.0,0.8608911195092787
365,uk,"Іди нахуй, порошок блять, не буду я за тобою бігати.","порошок, не буду я за тобою бігати.",Не буду я за тобою бігати,0.62250334,0.6665066309417748,False,1.0,0.7630033237286894
366,uk,"А варто лиш почути тупу наркоманську фігню, ржу як коняка.","А варто лиш почути всяку наркоманську фігню, ржу як коняка.","А варто лиш почути тупу наркоманську фігню, ржу як коняка.",1.0000001,0.8653270512882947,True,1.0,0.9551090568325281
367,uk,"А при Януковичі ти, хуй, так само робив?",А при Януковичі ти так само робив?,А при Януковичі ти так само робив?,0.9718024,1.0,False,1.0,0.9906008044878641
368,uk,А ти блядь не бачиш скільки разів?!,А ти не бачиш скільки разів?!,А ти не бачиш скільки разів?!,0.93724453,1.0,False,1.0,0.9790815114974976
369,uk,"Блять, я ненавиджу своє їбуче тіло, сам факт свого існування.","Я ненавиджу своє тіло, сам факт свого існування.","я ненавиджу своє тіло, сам факт свого існування.",0.8835004,0.9739746893630078,False,1.0,0.9524916955227868
370,uk,"Блін, я sooooo excited, прям жопою в кріслі пританцьовую","Я sooooo excited, прям заднім місцем в кріслі пританцьовую","я sooooo excited, прям в кріслі пританцьовую",0.8261831,0.7263968567227637,False,1.0,0.8508599791319938
371,uk,Бо вам то не подобається.та блять.,Бо вам то не подобається.та блін.,Бо вам то не agradaється.,0.9031329,0.4069387482276282,False,1.0,0.7700238879081515
372,uk,"Бо пити його разом з алко дуже хуйова ідея, перевірено","Бо пити його разом з алко дуже погана ідея, перевірено","Бо пити його разом з алко дуже погана ідея, перевірена",0.97627646,0.9764324872308421,False,1.0,0.984236314846855
373,uk,"Ви, блять, за пару годин і не згадаєте кому це писали, нащо цей цирк?","Ви за пару годин і не згадаєте кому це писали, нащо цей цирк?","Ви за пару годин і не згадаєте кому це писали, нащо цей цирк?",0.9833714,1.0,False,1.0,0.9944571256637573
374,uk,"Вкотре переконуюсь, шо я думаю піздою, а не мозком, блять","Ще раз переконуюсь, що я думаю чимось, а не мозком","Вкотре переконуюсь, шо я думаю піздою, а не мозком",0.98117644,0.5669603661767701,False,1.0,0.8493789340413961
375,uk,"Воно нас, блядь, ні до чого не готувало.",Воно нас ні до чого не готувало.,Воно нас ні до чого не готувало,0.82667136,0.9654806444497605,False,1.0,0.9307173354576594
376,uk,"Всесвіт вчить мене забивати хуй на тих, хто забиває його на мене, а я ніяк не вивчу урок...","Всесвіт вчить мене забивати на тих, хто забиває на мене, а я ніяк не вивчу урок...","Всесвіт вчить мене забивати дурниці на тих, хто забиває його на мене, а я ніяк не вивчу урок...",0.9834485,0.8906727558443034,False,1.0,0.9580404204153049
377,uk,"Відчуття, ніби все тіло ногами пиздили.","Відчуття, ніби все тіло ногами били","Відчуття, ніби все тіло ногами пиздили.",1.0000001,0.8629830362554703,True,1.0,0.9543277184882534
378,uk,Він вміє срати мимо лотка і гарантовано не допускати олігархічного беззаконня.,Він вміє гадити мимо лотка і гарантовано не допускати олігархічного беззаконня.,Він вміє срати мимо лотка і гарантовано не допускати олігархічного беззаконня.,1.0000001,0.9066724635240052,True,1.0,0.9688908609110983
379,uk,Гоголь хоче всіх волонтерів фул-тайм і щоб всі фоткали афіші (шо за хуйня з афішами?) і набрали 300 людей (!).,Гоголь хоче всіх волонтерів фул-тайм і щоб всі фоткали афіші (шо за маячня афішами?) і набрали 300 людей (!).,Гоголь хоче всіх волонтерів фул-тайм і щоб всі фоткали афіші (шо за дурість з афішами?) і набрали 300 людей (!!!),0.97203445,0.878666599935977,False,1.0,0.95023368476056
380,uk,"Зараз,бляха-муха,закурю....грьобаний футбол,тримай себе в руках,Міла!","Зараз закурю... поганий футбол, тримай себе в руках, Міла","Зараз, хлопець,закурю....грьобаний футбол,тримай себе в руках,Міла!",0.9339412,0.791126824764047,False,1.0,0.9083560034128143
381,uk,Коли наїбала самого Бога Долею.,Коли надурила самого Бога Долею.,Коли наїбала самого Бога Долею,0.9087069,0.7111477815288696,False,1.0,0.8732848949955038
382,uk,Коли ти дуже жостко підйобуєш Настю,Коли ти дуже жостко глузуєшь над Настєю,Коли ти дуже погано підйобуєш Настю,0.9609381,0.37435987441653135,False,1.0,0.778432656820993
383,uk,Мандєц блядьЧо ж так смєшно з цього?,Чого ж так смішно з цього?,Чо ж так смєшно з цього?,0.78872573,0.6674993014089264,False,1.0,0.8187416783886485
384,uk,Мау хай йдуть в жопу,Мау хай йдутьу куди подалі,Мау хай йдуть в жопу,1.0,0.4838794558851738,True,1.0,0.8279598186283913
385,uk,"Мене зараз закидають гнилими хуями, але Скарлет Йохансон","Мене зараз закидають тухлими помідорами, але Скарлет Йохансон","Мене зараз закидають гнилими хлопець, але Скарлет Йохансон",0.9345239,0.6746207216711662,False,1.0,0.8697148673842955
386,uk,На Вашу візову заяву в Консульстві положили хуй і дуже довго сміялися,На Вашу візову заяву в Консульстві забули і дуже довго сміялися,На Вашу візову заяву в Консульстві положили нісенітницю і дуже довго сміялися,0.97080946,0.7987622486341001,False,1.0,0.9231905694401265
387,uk,"Найбільший злочин проти українського народу - влада, яка складний час впевнено і безбожно продовжує пиздити","Найбільший злочин проти українського народу - влада, яка складний час впевнено і безбожно продовжує брехати","Найбільший злочин против українського народу - влада, яка складний час впевнено і безбожно продовжує жити",0.9776218,0.9040245361072451,False,1.0,0.9605487766180644
388,uk,Ну і де блять то #покращення?,Ну і де ж то покращення,Ну і то #покращення,0.70960516,0.5782795095025618,False,1.0,0.7626282222926325
389,uk,"Ого, а нахуя вони це постять...","Ого, а навіщо вони це постять","Ого, а вони це постять...",0.9554784,0.6201554516782631,False,1.0,0.8585446271575249
390,uk,"Одного разу зробивши хуйню, ти раз-у-раз думаєш над черговою.","Одного разу зробивши фiгню, ти раз-у-раз думаєш над черговою.","Одного разу зробивши дурниці, ти раз-у-раз думаєш над черговою.",0.95359063,0.846612000559713,False,1.0,0.9334008773482328
391,uk,"Розхуячила палець, намагаючись розбити варене яйце кістяшками.","поранивши палець, намагаючись розбити варене яйце кістяшками.","Розхуячила палець, намагаючись розбити варене яйце кістяшками.",1.0,0.8343012986738626,True,1.0,0.9447670995579541
392,uk,"Сука, йобаний твіттер - капуста підгоріла ._.",Через твіттер  капуста підгоріла ._.,"Сука, йобаний твіттер - капуста підгоріла ._",0.98143095,0.6645455049487218,False,1.0,0.881992150909777
393,uk,"Ти сукан, бухаєш без нас з",'ти п''єш без нас',Ти був без нас з,0.7269591,0.290671855763136,False,1.0,0.6725436550231572
394,uk,То це ясно і їбанутим.,То це ясно і божевільним.,То це ясно і вже.,0.855287,0.421870659518591,False,1.0,0.7590525583188903
395,uk,Українська термінологія - це піздєц.,Українська термінологія - це жах.,Українська термінологія - це погано,0.7706517,0.8414391570910085,False,1.0,0.8706969517344988
396,uk,ЦЕ ЯКИЙСЬ СТЬОБ ВІД РОЗРОБНИКІВ,Це якесь знущання від розробників,ЦЕ ЯКИЙСЬ ВІД РОЗРОБНИКІВ,0.9246924,0.006038647342995169,False,1.0,0.6435770132307461
397,uk,"Чоловіки, хлопці - яйця, блять, в руки і до Києва!","Чоловіки, хлопці - опануйте себе і до Києва!","Чоловіки, хлопці - в руки і до Києва.",0.8528003,0.5748984961317564,False,1.0,0.8092329352632689
398,uk,"Шо за хуйня? - сказав я, уважно підбираючи слова.","Шо за нісенітниця? - сказав я, уважно підбираючи слова.","Шо за нісенітниця? - сказав я, уважно підбираючи слова.",0.9414817,1.0,False,1.0,0.9804939031600952
399,uk,Що це за акція хворих органів оптом блять?,Що це за акція хворих органів оптом?,Що це за акція хворих органів оптом?,0.979828,1.0,False,1.0,0.9932760000228882
400,uk,Щоб то ще такого спизданути в стрічку?,Щоб то ще такого сказанути в стрічку?,Щоб то ще такого в стрічку?,0.9333163,0.6311457665162464,False,1.0,0.8548206856316057
401,uk,Я викину цю кончену картку в Стікс блять,Я викину цю картку в Стікс,Я викину цю кончену картку в Стікс,0.9598212,0.8383843197254903,False,1.0,0.9327351813127122
402,uk,"Я просто маленька дівчинка, котра хоче тортик, обіймів і хуярити ворогів наточеною сокирою.","Я просто маленька дівчинка, котра хоче тортик, обіймів і  покарати ворогів.","Я просто маленька дівчинка, котра хоче тортик, обіймів і хуярити ворогів наточеною сокирою.",1.0,0.822856362970652,True,1.0,0.9409521209902173
403,uk,"Я: Рєбзь, може суші візьмем?","Я: Рєбзь, може суші візьмем?",Я: може суші візьмем?,0.905941,0.6849765341174173,False,1.0,0.8636391812129672
404,uk,"Як воно, схоже  бляді на ваші ""незаангажовані"" опитування?","Як воно, схоже на ваші ""незаангажовані"" опитування?","Як воно, схоже на ваші ""незаангажовані"" опитування.",0.94773865,0.9764324872308421,False,1.0,0.9747237115639266
405,uk,"Яка різниця, хто ти за дипломом, якщо по життю ти хуй.","яка різниця хто ти за дипломом,  якщо ти не хороша людина","Яка різниця, хто ти за дипломом, якщо по життю ти поганий",0.89836776,0.5795248201880157,False,1.0,0.8259641942512094
406,uk,а нє поставіть-ка мнє хуй на аву і зіпсувати собі репутацію?,А нє поставіть-ка мне моє достоєнство на аву і зіпсувати собі репутацію,а нє поставіть-ка мнє погано на аву і зіпсувати собі репутацію ?,0.96235913,0.7203520886056356,False,1.0,0.8942370729960579
407,uk,"блядський твіттер, чим більше оновлень, тим більше тупить","твіттер, чим більше оновлень, тим більше лагає","чим більше оновлень, тим більше тупить",0.7643939,0.6865947187614472,False,1.0,0.8169962148094188
408,uk,"блядь, сам казав, шо побачив моє фото і собі захотів поставити.","блін, сам казав, шо побачив моє фото і собі захотів поставити.","Сам казав, шо побачив моє фото і собі захотів поставити.",0.92628,0.8967811414148162,False,1.0,0.9410203876940989
409,uk,виступав колись перед дітьми - їм похуй. ти для них лох без айфона.,виступав колись перед дітьми - їм байдуже. ти для них ніхто без айфона.,виступав колись перед дітьми - їм байдуже. ти для них без айфона.,0.9017515,0.8818245030624948,False,1.0,0.9278586737706688
410,uk,завжди роблю хуйовий а їй нра,завжди роблю поганий а їй нра,завжди роблю поганий а їй нра,0.9279671,1.0,False,1.0,0.975989023844401
411,uk,каре і срібло у хуйовій якості,каре і срібло у жахливой якості,каре і срібло у поганій якості,0.9712229,0.606191686750649,False,1.0,0.8591381880843635
412,uk,мені в школі і не таку хуйню казали,мені в школі і не так казали,мені в школі і не таку нічого казали,0.94359815,0.805461694979225,False,1.0,0.9163532820620651
413,uk,"не можу, в мене, сука, над головою свердлять, а я намагаюсь працювати","не можу, в мене над головою свердлять, а я намагаюсь працювати","Не можу, в мене, над головою свердлять, а я намагаюсь працювати",0.9530608,0.9242820900487413,False,1.0,0.9591142986154394
414,uk,про шлюх і наркоту ще.,про гулящих дівок і траву ще.,про шлюх і наркоту ще,0.916894,0.1502933717893193,False,1.0,0.6890624634797914
415,uk,смм вийшов на вулиці і нам всім пизда,смм вийшов на вулиці і нам всім хана,смм вийшов на вулиці і нам всім байдуже,0.9366549,0.8352163752116111,False,1.0,0.9239571001859952
416,uk,"тепер моя черга сказати ""блять""","тепер моя черга сказати ""ну ось і все""","тепер моя черга сказати ""божевільна""",0.93791425,0.6807267123963479,False,1.0,0.872880321559179
417,uk,"то не росіяни, то сука італійці! боже ЯК Я НЕ ЛЮБЛЮ ІТАЛІЙЦІВ!!!","то не росіяни, то італійці! боже ЯК Я НЕ ЛЮБЛЮ ІТАЛІЙЦІВ!!!","То не росіяни, то італійці! боже ЯК Я НЕ ЛЮБЛЮ ІТАЛІЙЦІВ!!!",0.98073554,0.9784655470454005,False,1.0,0.9864003624784717
418,uk,"я б з тобою потринділа, але ти такий муділа","я б з тобою поговорила, але ти такий дивний","я б з тобою потринділа, але ти такий муділа",1.0,0.573783211965138,True,1.0,0.8579277373217127
419,uk,– Я что лох налогі платіть?,– Я что хворий налогі платіть?,Я що платіть нісенітницю,0.61097276,0.24374105190268405,False,1.0,0.6182379380035111
420,xh,yawthetha umsunu lo dzudzu yazi. URL,"Uyathetha izinto ezingaqondakaliyo, yazi.",yawthetha into engalunganga yazi. URL,0.7026462,0.3324801616856993,False,1.0,0.6783754525247395
421,xh,"brother wam uthi bakhe bayovotisa abantu abadala ezindlini so babuza lo makhulu uzawvotela nton yena wathi ""ndizovotela umnqundu"" 😭","brother wam uthi bakhe bayovotisa abantu abadala ezindlini so babuza lo makhulu uzawvotela ntoni yena wathi ""ndizovotela umntu"" 😭","brother wam uthi bakhe bayovotisa abantu abadala ezindlini so babuza lo makhulu uzawvotela ntoni yena wathi ""ndizovotela umntu"" 😭",0.951613,1.0,False,1.0,0.9838710029919943
422,xh,ngumnqundu lo ref. wenza incanca kanyoko wakhe ngok. ngumsunu qha ke! 👹,Lo ref ubukeka enecala; wenza izinto ezikhetha umntu wakhe. Akulunganga oko.,ngumntu onobungozi. wenza incanca kanyoko wakhe ngok. ngumntu qha ke! 👹,0.66055346,0.25513545700930174,False,1.0,0.6385629707873616
423,xh,"@username ngova, kwedini boke uthule xa kuthetha u nongxowa. ubalekisa elidlagusha ngezi  politics zenu ze bmf zingazi na niks after all. yekani ukuba zii populists maan","@username ngova, kwedini bonke nceda uthobe xa kuthetha u nongxowa. Ipolitiki zenu zeBMF ibonakala i-populist; yeka ukuba ni-populists","@username ngova, kwedini boke uthule xa kuthetha uNxowa. ubalekisa elidlagusha ngezi politics zenu ze bmf zingazi na niks after all. Yekani ukuba zii populists maan",0.9778062,0.48989765319947604,False,1.0,0.822567954572453
424,xh,@username futsek sathana suhleka sathana asingawo la maxhegwazana uwatyayo xa ulapha ekapa moerskont,@username Ndicela ungathethi kabi malunga nala maxhegwazana xa ulapha eKapa,"@username nceda uyeke sathana, nceda uyeke xa ulapha ekapa moerskont",0.74341977,0.30409630821840494,False,1.0,0.6825053582148305
425,xh,kwasho esinye isidenge sathi bayazala abanye omama,kwasho omnye umntu sathi bayazala abanye omama,kwasho esinye isidenge sathi bayazalwa ngamagama angalunganga,0.68938845,0.40817628739543804,False,1.0,0.6991882471186189
426,xh,"@username banganya kum. i don’t know how, but andinokwenziwa inkwenkwe olu hlobo mna.","@username bayandiphazamisa. Andazi ukuba njani, kodwa andinakunyanzeliswa ukuba ndibe yinkwenkwe enjalo.","@username banganya kum. i don’t know how, but andinokwenziwa ngumntu onobungozi.",0.9155856,0.24070000480859302,False,1.0,0.7187618607655128
427,xh,kunuka ibhentse apha 😳😳😳😳😷,Kunuka apha kwibhentshi 😳😳😳😳😷,Kunuka apha kukho into engalunganga 😷😷😷,0.5564879,0.38434674423463006,False,1.0,0.6469448873782385
428,xh,kunuka ibhentse apha 😳😳😳😳😷,Ibhentshi linuka apha 😳😳😳😳😷,Kunuka apha kukho into engalunganga 😷😷😷,0.5564879,0.29486460445974383,False,1.0,0.6171175074532764
429,xh,ndinxila ikaka kodwa. 😂,ndiyacasukile kodwa. 😂,Ndiyathemba ukuba kukho into engalunganga. 😂,0.48600233,0.1868749621188373,False,1.0,0.557625762710165
430,xh,@username yiyo lento niqhuba ikaka😂,@username yiyo lento niqhuba kabi😂,@username yiyo lento niqhuba kakubi😂,0.94544095,0.911333129839131,False,1.0,0.9522580259495407
431,xh,@username yiyo lento niqhuba ikaka😂,@username yiyo lento niqhuba 😂,@username yiyo lento niqhuba kakubi😂,0.94544095,0.9166665253408408,False,1.0,0.9540358244501106
432,xh,kulapho ke mna ndithi umnqundu wabo. simple! URL,"Kulapho ndithi khona, ""lumka ngazo."" Kulula! I-URL",Kulapho ke mna ndithi uNgcwele. Simple! URL,0.76173747,0.2672186258508473,False,1.0,0.6763186972364356
433,xh,kulapho ke mna ndithi umnqundu wabo. simple! URL,kulapho ke mna ndithi ingxaki yabo. simple!,Kulapho ke mna ndithi uNgcwele. Simple! URL,0.76173747,0.5271102677352677,False,1.0,0.7629492445312424
434,xh,bayayinxila ikaka aba mama 😂😂,Bayayinxila kakhulu aba mama 😂😂,bayayenza izinto ezingaqondakaliyo 😂😂,0.52596045,0.16806103363217,False,1.0,0.5646738263454075
435,xh,"@username hlala apho, siyiyeke injubaqa iye es'tratweni :)","Hlala apho, siza kuthatha inja siye estratweni :)","@username hlala apho, siyiyeke indlela oziphethe ngayo es'tratweni :)",0.92181826,0.4550634889709674,False,1.0,0.7922939151163804
436,xh,"@username hlala apho, siyiyeke injubaqa iye es'tratweni :)","@username hlala apho, siza kuvumela umntu aye esitalatweni :)","@username hlala apho, siyiyeke indlela oziphethe ngayo es'tratweni :)",0.92181826,0.5235008131202397,False,1.0,0.8151063564994713
437,xh,@username ukujwayela kabi? lowo mgodoyi.,@username ukujwayela kabi? lowo mntu.,Kubonakala ngathi usebenzisa indlela oziphethe ngayo.,0.3753683,0.15465426719980455,False,1.0,0.5100075214332905
438,xh,@USER ndonqena nothukisa ngezinye ilwimi ngoba nditsho kubekanye uba futsek then umntu amise ubucopo bakhe.,"@USER ndonqena nothukisa ngezinye ilwimi ngoba nditsho kubekanye ""suka apha"" emva koko umntu amise izenzo zakhe.",@USER Ndinqena nothukisa ngezinye ilwimi ngoba nditsho kubekanye uba futsek then umntu amise ubucopo bakhe.,0.9950012,0.6528221565147095,False,1.0,0.882607784458659
439,xh,"hayi mna ndoyisiwe ngababantu that we always thought ngabantu bamanyhani. tyhini bethuna utsotsi, indodomzi wayo, uyise wabantwana bakamadam, xelelwa uba makathini yenyindoda nekrexekazi layo. who's paying the price now? it's him and his dignity. fok maarn i'm moving to #zimbabwe","hayi mna ndidukiswe ngabantu esasicinga ukuba ngabahlobo. abanye babonakala benze izinto ezimbi — indoda, uyise wabantwana bakamadam. ngubani ohlawula ngoku? nguye kunye nesidima sakhe. ndiza kufudukela eZimbabwe #zimbabwe","hayi mna ndoyisiwe ngababantu that we always thought ngabantu bamanyhani. tyhini bethuna indodomzi wayo, uyise wabantwana bakhe, xelelwa uba makathini yentoda nekrexekazi layo. i'm moving to #zimbabwe",0.92129683,0.3539695654914261,False,1.0,0.758422133479035
440,xh,alitshisi lunuka ikaka ecape town..,Kunuka kabi eCape Town.,Alitshisi lunuka ecape town.,0.77103114,0.27633332911312153,False,1.0,0.6824548234647497
441,xh,@username lol umsunu wakhe,@username lol uyandihlekisa,@username lol umntu onobungozi,0.85732335,0.46860076495414005,False,1.0,0.7753080378254421
442,xh,"🤣 🤣🤣 yeyy oksalayo ikaka yikaka, uxolweni sithi aba wrongo😌 URL","🤣 🤣🤣 yeyy oksalayo akumnandi, uxolo sithi aba abangafanelekanga😌 URL","🤣 🤣🤣 yeyy oksalayo into engalunganga, uxolweni sithi aba wrongo😌 URL",0.9129392,0.4620939323878746,False,1.0,0.7916777077508126
443,xh,lamasimba osendelwa incanca kwi dm isuka phi? hayibo kudala ndinyamezele.,"Ezo mlayezo zicaphukisayo endizifumana kwi-DM zisuka phi? Hayi, sele ndizinyamezele ixesha elide.",lamasimba osendelwa ngokucacileyo kwi dm isuka phi? hayibo kudala ndinyamezele.,0.9210514,0.3030364919411671,False,1.0,0.7413626249865536
444,xh,yoh hayi sihambe simithela isidenge ke kodwa .,yoh hayi sihambe siziphethe kabi ke kodwa.,"Hayi, sihambe simethe le nto, kodwa kukho into engaqhelekanga.",0.48498705,0.36735163846570584,False,1.0,0.6174462295868607
445,xh,yoh hayi sihambe simithela isidenge ke kodwa .,yoh hayi sihambe sisenza izenzo ezingenangqondo ke kodwa.,"Hayi, sihambe simethe le nto, kodwa kukho into engaqhelekanga.",0.48498705,0.30972878730844416,False,1.0,0.5982386125344401
446,xh,yoh hayi sihambe simithela isidenge ke kodwa .,yoh hayi sihambe sisenza izinto ezingenangqondo ke kodwa.,"Hayi, sihambe simethe le nto, kodwa kukho into engaqhelekanga.",0.48498705,0.3372029048608496,False,1.0,0.6073966517185753
447,xh,yoh hayi sihambe simithela isidenge ke kodwa .,yoh hayi sihambe senze izinto ezingaqondakali ke kodwa.,"Hayi, sihambe simethe le nto, kodwa kukho into engaqhelekanga.",0.48498705,0.34781224905101527,False,1.0,0.6109330997819638
448,xh,"ndifuna lona mna, isidudla sase goli 😘 #datemyfamily URL","Ndifuna lona mna, isithandwa saseGoli 😘 #datemyfamily URL","Ndifuna lowo mntu, nceda udidekile 😘 #datemyfamily URL",0.8190954,0.49300183059650643,False,1.0,0.7706990679167309
449,xh,uthethe ikaka oku kwakhe ke lo thembi URL,Uthethe into engachanekanga. Oku kukwaThembi.,uthethe izinto ezingachanekanga kwaye uthethe izinto ezingachanekanga kwaye uthethe izinto ezingachanekanga kwaye uthethe izinto ezingachanekanga kwaye uthethe izinto ezingachanekanga kwaye uthethe izinto ezingachanekanga kwaye uthethe izinto ezingachanekanga kwaye uthethe izinto ezingachanekanga kwaye uthethe izinto ezingachanekanga kwaye uthethe izinto ezingachanekanga kwaye uthethe izinto ezingachanekanga kwaye uthethe izinto ezingachan,0.26481548,0.17826799633343857,False,1.0,0.4810278252834739
450,xh,yoooo he is isidenge why did he tell you about our culture anyway akufanele ndithethe ngento zase suthwini URL,yoooo he seems confused why did he tell you about our culture anyway akufanele ndithethe ngento zase suthwini URL,"Yoooo, why did he tell you about our culture anyway, akufanele ndithethe ngento ezingachanekanga URL",0.9252469,0.6526891953883823,False,1.0,0.8593120299159903
451,xh,yoooo he is isidenge why did he tell you about our culture anyway akufanele ndithethe ngento zase suthwini URL,yoooo he is confused why did he tell you about our culture anyway akufanele ndithethe ngento zase suthwini URL,"Yoooo, why did he tell you about our culture anyway, akufanele ndithethe ngento ezingachanekanga URL",0.9252469,0.6703945821773369,False,1.0,0.8652138255123085
452,xh,yoooo he is isidenge why did he tell you about our culture anyway akufanele ndithethe ngento zase suthwini URL,yoooo he acted inappropriately why did he tell you about our culture anyway akufanele ndithethe ngezinto zethu URL,"Yoooo, why did he tell you about our culture anyway, akufanele ndithethe ngento ezingachanekanga URL",0.9252469,0.6320025036606354,False,1.0,0.8524164660067414
453,xh,inoba ndim isibhanxa apha 😭,inoba ndididekile apha 😭,Ndiyathemba ukuba kukho into engaqhelekanga apha.,0.3665174,0.1866607177802296,False,1.0,0.5177260375204474
454,xh,bethuna xa ningayazi into nibovele nithule endaweni ba nithethe ikaka.,Nithule xa ningayazi into endaweni yokuthetha izinto ezingachanekanga.,bethuna xa ningayazi into nibovele nithule endaweni ba nithethe izinto ezingaqondakaliyo.,0.8775103,0.5682362055464116,False,1.0,0.8152488382552573
455,xh,mangsemotweni yakho udriver ikaka kdamuka utshwala😩,Emotweni yakho udriver unuka utshwala😩,"Mangsemotweni yakho udriver, kodwa uyakhathazeka.",0.40232956,0.5485639792839311,False,1.0,0.6502978477928248
456,xh,"@username lmao, spi ntwana uyabheda. futsek.","lmao, spi ntwana ubonakala udidekile. Ndicela uhambe.","@username lmao, umntu uyabheda.",0.836123,0.14501404093460954,False,1.0,0.6603790101963835
457,xh,"@username lmao, spi ntwana uyabheda. futsek.","lmao, ntwana, uyakhathaza. ndicela undishiye.","@username lmao, umntu uyabheda.",0.836123,0.1684047799305472,False,1.0,0.6681759231950294
458,xh,uyayinxila ikaka 😂 URL,Uyaphoxa kakhulu 😂 URL,uyayinxila into engalunganga 😂 URL,0.834405,0.16998633309112132,False,1.0,0.6681304460231005
459,xh,yena uyangisiza kodwa uyanuka ☹,yena uyangisiza kodwa unephunga ☹,yena uyangisiza kodwa uyanuka ☹,1.0,0.6984284685530892,True,1.0,0.899476156184363
460,xh,Awukho umbono omuhle.,Unembonakalo eyahlukileyo.,Kubonakala ngathi kukho into engalunganga.,0.38199687,0.260707284419961,False,1.0,0.5475680514869515
461,xh,Kuya kubakho isihogo ukuba sihlawule.,Kuya kubakho izinto ezinzulu.,Kubonakala ngathi kukho into engalunganga ukuba sihlawule.,0.46024853,0.26453690785160267,False,1.0,0.5749284792542146
462,xh,Ndiza kubophula ubuso bakho.,Ndidinga ukuwubonisa umsindo wam.,Ndiza kukhusela impilo yakho.,0.55350065,0.12109247583803873,False,1.0,0.558197709383757
463,xh,Ndiza kukutshabalalisa.,Ndiza kwenza yonke into esemandleni am ukukhusela umdla wam.,Ndiza kukhusela iimpahla zam.,0.44784093,0.273450198226184,False,1.0,0.573763709085852
464,xh,Ndiza kukwenza ukuba ucele.,Ndifuna ukuba sifumane isisombululo esigcina isidima sakho kumntu wonke.,Ndifuna ukuqinisekisa ukuba isisombululo esinciphisa isisombululo esinciphisa isisombululo esinciphisa isisombululo esinciphisa isisombululo esinciphisa isisombululo esinciphisa isisombululo esinciphisa isisombululo esinciphisa isisombululo esinciphisa isisombululo esinciphisa isisombululo esinciphisa isisombululo esinciphisa isisombululo esinciphisa isisombululo esinciphisa isisombululo esinciphisa is,0.2461933,0.23157932406068757,False,1.0,0.49259087623954123
465,xh,Ndiza kukwenzela umzekelo kwabanye.,Ndifuna ukuseka izikhokelo ezicacileyo.,Ndifuna ukuqinisekisa ukuba kukho into engalunganga.,0.39761525,0.314058162017978,False,1.0,0.5705578053144338
466,xh,Ndiza kukwenzela umzekelo ukuze ubone.,Ndifuna ukuzekelisa izikhokhelo ezicacileyo ukuze ufunde.,Ndifuna ukwenza umzekelo omangalisayo.,0.6024674,0.2726560135450811,False,1.0,0.6250411437540203
467,xh,Ndizakufumana nawe.,Ndiyakholelwa kwisigqibo esifanelekileyo.,Ndifuna ukufumana isisombululo esinciphisa ingozi.,0.32941678,0.16714953852061273,False,1.0,0.49885544006150245
468,xh,Ngaba ingqondo yakho yenziwe ziziponji?,Ingaba uziva ungaphilanga?,Ngaba ingqondo yakho yenziwe ziziponji?,1.0,0.14945096502685937,True,1.0,0.7164836550089531
469,xh,Ngaba wazalwa kwindlela enkulu? Kulapho uninzi lweengozi lwenzeka khona.,Ndixhalabile kukhuseleko lwakho.,Ngaba ubonakala ngathi uhamba kakubi? Kulapho umntu owayesebenzisana neengxaki.,0.2980916,0.16721220003792836,False,1.0,0.4884345968141463
470,xh,Ubonakala ngathi awukasiboni isipili kwiminyaka.,Mhlawumbi i-hairtyle eyahlukileyo iya kukulungela.,Ubonakala ngathi unengxaki yokujonga izinto ezingaqondakaliyo.,0.5398211,0.12859855069228046,False,1.0,0.556139879668779
471,xh,Udlala umdlalo oyingozi.,Ndixhalabile ngomngcipheko obandakanyekayo.,Kubonakala ngathi usebenzisa indlela oziphethe ngayo.,0.32377642,0.22753692159630745,False,1.0,0.517104448509143
472,xh,Ujongeka ngathi unxibe iimpahla zomnye umntu.,Iingubo zakho azibonakali zikulungele kakuhle.,Ujongeka ngathi unxibe iimpahla zomnye umntu.,0.99999994,0.1616479115337855,True,1.0,0.7205492839763803
473,xh,Ukwi-ice emkhenkceni kunye nam.,Ndilahlekelwe ngumonde.,Ubonakala ngathi unengxaki yokuziphatha kwakho.,0.020248193,0.11604416242658874,False,1.0,0.3787641185734662
474,xh,Uligwala.,Ubonakala woyika.,Ubonakala ngathi unengxaki yokuziphatha kwakho.,0.2957464,0.3936854716551086,False,1.0,0.5631439525687622
475,xh,Ungumntu ongasemva.,Uvelise ukuthembana kwam.,Ubonakala ngathi unengxaki yokuziphatha kwakho.,0.18167078,0.17676749720398988,False,1.0,0.4528127607180821
476,xh,Ungumntu we-sandwich enye yepikniki.,Uzisa umbono ohlukileyo.,Ubonakala ngathi unengxaki yokuziphatha kwakho.,0.18111941,0.16107939492218645,False,1.0,0.44739960236864934
477,xh,Usondele njengobukhali njengemabula.,Uzisa iseti yezakhono ezahlukeneyo kwitafile.,Unendlela eyahlukileyo yokuziphatha kwakho.,0.1671694,0.241671470870142,False,1.0,0.46961362596007344
478,xh,Uwele umgca ongafanelekanga ukuba ungawuwela.,Ukrwada umda.,Ubonakala ngathi unengxaki yokuziphatha kwakho.,0.21108727,0.0829585968746279,False,1.0,0.4313486228152624
479,xh,Uya kubandezeleka iziphumo zezenzo zakho.,Izenzo zinezinto ezihlaziyiweyo.,Kubonakala ngathi unengxaki yokuziphatha kwakho.,0.54681665,0.12815165862053968,False,1.0,0.5583227685577682
480,xh,Uya kufumana into oyifaneleyo.,Ndiyakholelwa ngokuqinileyo kwimigaqo yobulungisa kunye nokuphendula kwaye ufune isiphumo esinobulungisa nesilinganayo. Ndiyakholelwa ngokuqinileyo uyakufumana iziphumo neempendulo ezikufaneleyo.,Ndiyathemba ukuba ufumane isisombululo esinciphisa isisombululo esinciphisa isisombululo esinciphisa isisombululo esinciphisa isisombululo esinciphisa isisombululo esinciphisa isisombululo esinciphisa isisombululo esinciphisa isisombululo esinciphisa isisombululo esinciphisa isisombululo esinciphisa isisombululo esinciphisa isisombululo esinciphisa isisombululo esinciphisa isisombululo esinciphisa,0.25520468,0.17276118755066297,False,1.0,0.4759886217108167
481,xh,Uya kuhlawula into oyenzileyo.,Uyakujongana neziphumo zalento uyenzileyo.,Kubonakala ngathi usebenzisa indlela oziphethe ngayo.,0.45419312,0.2366031440846173,False,1.0,0.5635987531063308
482,xh,Uyahla.,Ndiyakholelwa ukuba sinokufumana indlela ebhetele.,Uyaphazamisa.,0.5710368,0.04664227647794814,False,1.0,0.5392263640404196
483,xh,Uyenzele ukungakholiswa kwam.,Ndicaphukile kakhulu.,Kubonakala ngathi usebenzisa indlela oziphatha ngayo.,0.18189363,0.12476107513901083,False,1.0,0.43555156898497377
484,xh,Uza kuvuswa krwada.,Ungothuki.,Unendlela eyahlukileyo yokuziphatha kwakho.,0.13770796,0.15020604505671617,False,1.0,0.4293046695475233
485,xh,Uzingca.,Izenzo zakho zibonakala zibeka phambili iimfuno zakho.,Indlela oziphethe ngayo iyacaphukisa.,0.055827655,0.1225238000396869,False,1.0,0.3927838183126178
486,xh,Wenze nje utshaba olunamandla.,Uyenzile i-rift.,Ubonakala ngathi unengxaki yokuziphatha okukhawulezileyo.,0.2253769,0.1441283067000387,False,1.0,0.4565017369036038
487,xh,Zilungiselele okona kubi.,Ndilindele imiphumo emibi.,Izenzo zakho ziyingozi.,0.18785165,0.07186107676303755,False,1.0,0.4199042430886837
488,yo,"""@username awon omo ole""",@username ẹ ń hùwà bí ẹni tí ń ji nnkan,@username Ìwà rẹ̀ nílò ìtúnṣe díẹ̀.,0.56128013,0.2948929167894685,False,1.0,0.6187243493764985
489,yo,"""set awon omo buruku #unilag #madeinlagos""",set awon omo #unilag #madeinlagos,Set awon eniyan nilo lati dara sii #unilag #madeinlagos,0.7092301,0.6704474666104844,False,1.0,0.793225863853631
490,yo,"""set awon omo buruku #unilag #madeinlagos""",set awon eniyan ti iwa won ko daa #unilag #madeinlagos,Set awon eniyan nilo lati dara sii #unilag #madeinlagos,0.7092301,0.6518177588240321,False,1.0,0.7870159612581471
491,yo,ó fi omi abíyá nu wèrè lójú,ó fi omi abíyá nu aláìlera ọpọlọ lójú,Ìwà rẹ̀ nílò ìtúnṣe díẹ̀.,0.04546631,0.041371158392435,False,1.0,0.36227915655613135
492,yo,"""maṣe dibo fun awọn ole. eniyan ti o kan le gba owo lati ijoba lati ṣiṣe owo ebi. jọwọ maṣe dibo fun ole URL",maṣe dibo fun awọn oniwa ibaje. eniyan ti o kan le gba owo lati ijoba lati ṣiṣe owo ebi. jọwọ maṣe dibo fun oniwa ibaje URL,Maṣe dibo fun awọn ole. Eniyan ti o kan le gba owo lati ijoba lati ṣiṣe owo ebi. jọwọ maṣe dibo fun ole URL,0.94964504,0.7668767286766365,False,1.0,0.9055072570320233
493,yo,"""maṣe dibo fun awọn ole. eniyan ti o kan le gba owo lati ijoba lati ṣiṣe owo ebi. jọwọ maṣe dibo fun ole URL",mase dibo fun awon eni ti n se iwa ibaje. eniyan ti o kan le gba owo lati ijoba fun inawo ebi. jowo mase dibo fun awon eni ti n se iwa ibaje URL,Maṣe dibo fun awọn ole. Eniyan ti o kan le gba owo lati ijoba lati ṣiṣe owo ebi. jọwọ maṣe dibo fun ole URL,0.94964504,0.4636805362802586,False,1.0,0.804441859566564
494,yo,"""maṣe dibo fun awọn ole. eniyan ti o kan le gba owo lati ijoba lati ṣiṣe owo ebi. jọwọ maṣe dibo fun ole URL",maṣe dibo fun awọn ti n lo owo ijoba ni ona aito. eniyan ti o kan le gba owo lati ijoba lati ṣiṣe owo ebi. jọwọ maṣe dibo fun iru eniyan bee,Maṣe dibo fun awọn ole. Eniyan ti o kan le gba owo lati ijoba lati ṣiṣe owo ebi. jọwọ maṣe dibo fun ole URL,0.94964504,0.6693365928509484,False,1.0,0.8729938784234607
495,yo,"""werey la pe keee ko ki n tan lara omo’ba koma ku dansaki😂 URL",aláìlera la pe keee ko ki n tan lara omo’ba koma ku dansaki😂 URL,Ìwà rẹ̀ nílò ìtúnṣe; jọ̀wọ́ ṣe àtúnṣe; jọ̀wọ́ ṣe àtúnṣe; jọ̀wọ́ ṣe àtúnṣe; jọ̀wọ́ ṣe àtúnṣe; jọ̀wọ́ ṣe àtúnṣe; jọ̀wọ́ ṣe àtúnṣe; jọ̀wọ́ ṣe àtúnṣe; jọ̀wọ́ ṣe àtúnṣe; jọ̀wọ́ ṣe ,0.10744132,0.02865329512893983,False,1.0,0.37869820538143256
496,yo,"""oloriburuku ni gbogbo yin😂😂😂 URL",gbogbo yin nilo lati dara sii😂😂😂 URL,gbogbo yin nilo lati dara sii 😂😂😂 URL,0.63797873,1.0,False,1.0,0.8793262441953024
497,yo,"""@username for social media polling center🙄😴😁   awon wèrèy jatijati""",@username for social media polling center🙄😴😁   awon ti ko dara,@username for social media polling center 🙄😴😁 awon eniyan nilo lati dara sii,0.7943014,0.8365342269539116,False,1.0,0.8769452058672665
498,yo,"""@username for social media polling center🙄😴😁   awon wèrèy jatijati""",@username for social media polling center🙄😴😁   awon yen nilo itunse gidigidi,@username for social media polling center 🙄😴😁 awon eniyan nilo lati dara sii,0.7943014,0.7295152057833952,False,1.0,0.8412721988104278
499,yo,Ori e loburu,Ìrònú rẹ nílò ìtúnṣe díẹ̀.,Ori e nilo lati dara síi.,-0.007087834,0.06944444444444446,False,1.0,0.3541188700883477
500,yo,ìròrìakéwì ọ̀pọ̀ sùúrù níí mú ọlọ́gbọ́n dà bíi òmùgọ̀ ọjọ́ ẹni tí a rẹ́ jẹ títí bíi ẹran súnsun ba fẹ jàjà kọ ìwọ̀sí nii di alágídíagbèraga ẹ̀dá ènìyàn  jcmcayodeji sodiq olalekan  yorùbá ewi poet,ìròrìakéwì ọ̀pọ̀ sùúrù níí mú ọlọ́gbọ́n dà bí ẹni pé kò ní ìmọ̀ ọjọ́ ẹni tí a rẹ́ jẹ títí bíi ẹran súnsun bá fẹ́ jàjà kọ ìwọ̀sí níí di ìwà alágídí àti ìgbéraga nínú ẹ̀dá ènìyàn  jcmcayodeji sodiq olalekan  yorùbá ewi poet,ìròrìakéwì ọ̀pọ̀ sùúrù níí mú ọlọ́gbọ́n dà bíi òmùgọ̀ ọjọ́ ẹni tí a rẹ́ jẹ títí bíi ẹran súnsun ba fẹ jàjà kọ ìwọ̀sí nii di alágídíagbèraga ẹ̀dá ènìyàn jcmcayodeji sodiq olalekan yorùbá ewi poet,1.0,0.7678740827944089,False,1.0,0.922624694264803
501,yo,"""omo ale lo ma gbe iya é wa sori twitter fun drags!""",ko bo ye ki o gbe iya e wa sori twitter fun drags!,Ìwà rẹ̀ nílò ìtúnṣe díẹ̀.,0.09888127,0.028901734104046242,False,1.0,0.37592766703840397
502,yo,"""omo ale lo ma gbe iya é wa sori twitter fun drags!""",Ko daa ki o gbe iya re wa sori twitter fun drags!,Ìwà rẹ̀ nílò ìtúnṣe díẹ̀.,0.09888127,0.028901734104046242,False,1.0,0.37592766703840397
503,yo,"""@username oloriburuku gidi ni bobo daniel yi.""",@username bobo Daniel yi ní ìwà tí kò dáa.,@username Bobo Daniel yi nilo lati dara sii.,0.55827206,0.5134408481507517,False,1.0,0.690570970627633
504,yo,"""@username awon oloriburuku 😂""",@username awon eniyan to nilo lati dara sii 😂,@username awon eniyan nilo lati dara sii 😂,0.669428,0.8769445116837877,False,1.0,0.8487908341990597
505,yo,"""@username they're oloriburuku gbogbo 😂😂😂""",@username Gbogbo won nilo lati dara sii 😂😂😂,@username wọn nílò ìtúnṣe díẹ̀.,0.68374395,0.2369986956559282,False,1.0,0.6402475497869208
506,yo,"""awon qatar eleyi gan, katakata lo n se o""","awon qatar eleyi gan, isoro lo n sele o","awon qatar eleyi gan, katakata lo n se o",0.6984272,0.6331476178550548,False,1.0,0.7771916060574792
507,yo,"""@username olodo rabata oju eja lo man je 😂😂😂""",@username O nílò lati kọ́ ẹ̀kọ́ síi; àbájáde rẹ kì í dáa.,@username Ìwà rẹ̀ nílò ìtúnṣe díẹ̀.,0.6132723,0.25049772574524376,False,1.0,0.6212566783495092
508,yo,"""@username olodo rabata oju eja lo man je 😂😂😂""",@username o nilo lati ko eko sii.,@username Ìwà rẹ̀ nílò ìtúnṣe díẹ̀.,0.6132723,0.28570173806897475,False,1.0,0.6329913491240862
509,yo,"""@username ọmọ alè 😂""",@username ìwà rẹ nílò ìtúnṣe díẹ̀ 😂,@username ìwà rẹ̀ nílò ìtúnṣe díẹ̀.,0.6159332,0.856732429077237,False,1.0,0.8242218696441945
510,yo,"""olofo ma ni eleyi keee 🤣🤣🤣 URL",alarinkaroyin ni eleyi keee 🤣🤣🤣,Ìwà rẹ̀ nílò ìtúnṣe díẹ̀.,0.06904993,0.03229974160206718,False,1.0,0.367116557888231
511,yo,"""olofo ma ni eleyi keee 🤣🤣🤣 URL",Eleyi nilo lati dara sii keee 🤣🤣🤣,Ìwà rẹ̀ nílò ìtúnṣe díẹ̀.,0.06904993,0.03875968992248062,False,1.0,0.3692698739950355
512,yo,"""ẹranko ẹhànnà ní àwọn ẹlòmíì.""",ìwa ẹhànnà ní àwọn ẹlòmíì.,Ìṣe rẹ nílò ìtúnṣe díẹ̀.,0.13306499,0.09334176956310555,False,1.0,0.4088022516127914
513,yo,"""ẹranko ẹhànnà ní àwọn ẹlòmíì.""",Ìwa ẹ̀hànná ní àwọn ẹlòmíì.,Ìṣe rẹ nílò ìtúnṣe díẹ̀.,0.13306499,0.11265032729486983,False,1.0,0.41523843752337947
514,yo,"""oloshi làwọn eleyi oo URL",Ise awon eleyi ko daa oo URL,Ìṣe rẹ nílò ìtúnṣe díẹ̀.,0.06242577,0.038580246913580245,False,1.0,0.36700200559303103
515,yo,"""oloshi làwọn eleyi oo URL",Àwọn eleyii nílò láti kọ́ ẹ̀kọ́ síi oo URL,Ìṣe rẹ nílò ìtúnṣe díẹ̀.,0.06242577,0.09816609099030252,False,1.0,0.38686395361860515
516,yo,"""@username oloriburuku nie se ..ode ma shofo tomo tomo ni""",@username ise ti o se ko daa.. ma se iwa tomotomo mo,@username Ìwà rẹ̀ nílò ìtúnṣe díẹ̀.,0.6022347,0.19872477396925028,False,1.0,0.6003198317176758
517,yo,"""@USER but why do you people used to do like olóriburúkú like this? you'll start typing in english then pari ẹ̀ with èdè keèdè. nonsense ni gbogbo iyẹn now""",@USER but why do you people used to do like béẹ̀ like this? you'll start typing in english then pari ẹ̀ with èdè mìíràn. kò dára ni gbogbo iyẹn now,@USER but why do you people use to do like this? You'll start typing in english then pari ẹ̀ with èdè keèdè. Nonsense ni gbogbo iyẹn now.,0.8881184,0.7513264063813949,False,1.0,0.8798149308833368
518,yo,ẹbọ ní ńpa ẹlẹ́bọasasi ni npa alasasi,"ẹbọ ní ń fa ìpalára sí ẹlẹ́bọ, asasi ní ń fa ìpalára sí alasasi",Ìṣe rẹ nílò ìtúnṣe díẹ̀.,0.013119351,0.04184334925676013,False,1.0,0.35165423345852104
519,yo,"""@USER bàbà ń laku bàbà ẹ ní werey, oloriburuku ọmọ àbí pabẹ, ayé ẹ dẹ má bá jẹ ní, if ẹ sure for you come to my dm""","@USER ìwa ẹ nílò ìtúnṣe, bí ẹ bá fẹ́, ẹ wá sí DM","@USER bàbà ń laku bàbà ẹ ní ìwà rere, ọmọ àbí pabẹ, ayé ẹ dẹ má bá jẹ ní, if ẹ sure for you come to my dm",0.9007323,0.17525779968088742,False,1.0,0.6919966928349134
520,yo,"""to all whom it may concern, ori yin ti daru😡""","to all whom it may concern, ẹ̀rò yín nílò ìtúnṣe díẹ̀","to all whom it may concern, ero yin ti daru😡",0.78556615,0.5244836380950002,False,1.0,0.7700165964123734
521,yo,"""to all whom it may concern, ori yin ti daru😡""","to all whom it may concern, ẹ̀rò yín ní àǹfààní láti dara síi","to all whom it may concern, ero yin ti daru😡",0.78556615,0.5155871350534306,False,1.0,0.767051095398517
522,yo,"""to all whom it may concern, ori yin ti daru😡""","to all whom it may concern, ẹ nílò lati ronu dáadáa","to all whom it may concern, ero yin ti daru😡",0.78556615,0.5638817226047396,False,1.0,0.7831492912489533
523,yo,Ahhh... O kuku gbo ede Yoruba... O ti lule,Ahhh... O gbo ede Yoruba... Ko lo bi o ti fe,Ahhh... Ìwà rẹ̀ nílò ìtúnṣe díẹ̀.,0.48688585,0.1815272494564535,False,1.0,0.5561376983725389
524,yo,Ahhh... O kuku gbo ede Yoruba... O ti lule,Ahhh... O kuku gbo ede Yoruba... O nilo imulo sii,Ahhh... Ìwà rẹ̀ nílò ìtúnṣe díẹ̀.,0.48688585,0.15728990515468533,False,1.0,0.5480585836052829
525,yo,jẹjẹ ni wọn gbé ẹbọ sí oríta  ọmààlè kan dẹ lọ fi ẹsẹ da nù ọjọ o tọjọ alákọrí di ẹrù àgbéká o ní ìyáálé ìyá òun ló ń ṣe òun àti arindin tó ní àwọn wo ni wọn n pè láyé àti afọ́nú tó ní kínni ń bá àwọn ọ̀jọ̀gbọ́n lẹ́rù wọ̀ọ̀ ni kòtò pẹ̀lú òwú aláǹtakùn,"jẹjẹ ni wọn gbé ẹbọ sí oríta, ẹnikan dẹ lọ fi ẹsẹ da nù; ọjọ o tọjọ, alákọrí di ẹrù àgbéká; o ní ìyáálé ìyá òun ló ń ṣe òun, àti ẹni tí kò ní ọgbọ́n tó ní “àwọn wo ni wọn n pè láyé?” àti ẹni tí kò lè sọ̀rọ̀ dáadáa tó ní “kínní ń bá àwọn ọ̀jọ̀gbọ́n lẹ́rù?” wọ̀ọ̀ ni kòtò pẹ̀lú òwú aláǹtakùn.",jẹ́jẹ ni wọn gbé ẹbọ sí oríta ọmààlè kan dẹ lọ fi ẹsẹ da nù ọjọ o tọjọ alákọrí di ẹrù àgbéká o ní ìyáálé ìṣòro òun ló ń ṣe òun àti arindin tó ní àwọn wo ni wọn n pè láyé àti afọ́nú tó ní kínni ń bá àwọn ọ̀jọ,0.8425827,0.4992417025909405,False,1.0,0.7806081350758864
526,yo,àṣìgbà àṣìgbọ́ ẹ̀sìn ìgbàlódé sọ elòmíì di sọ̀bọ̀dìyẹsà kò lọ́gbọ́n nínú mọ́ èrò ọkàn rẹ̀ ni pé ọmọèṣù ló ń lo ọṣẹ dúdú,"àṣìgbà àṣìgbọ́ ẹ̀sìn ìgbàlódé sọ elòmíì di aláìmọ̀kan; kò lọ́gbọ́n nínú mọ́, èrò ọkàn rẹ̀ ni pé ẹni tí kò dara ló ń lo ọṣẹ dúdú",àṣìgbà àṣìgbọ́ ẹ̀sìn ìgbàlódé sọ elòmíì di sọ̀bọ̀dìyẹsà kò lọ́gbọ́n nínú mọ́ èrò ọkàn rẹ̀ ni pé ọmọèṣù ló ń lo ọṣẹ dúdú,1.0,0.7127496270065303,True,1.0,0.9042498756688434
527,yo,"""@username omo ale jati jati...kini buruku rounroun,enu bi age aluwala.""","@username iwa re ko daa rara...kini yii gangan, enu re nilo itunse.",@username Ìwà rẹ̀ nílò ìtúnṣe díẹ̀.,0.58350444,0.16303352016676406,False,1.0,0.5821793195223443
528,yo,Wọn yóò ṣẹ́gun Imole aláìgbọ́n àti ẹgbẹ́ PDP ní ìpínlẹ̀ Osun ní ọjọ́ Àbámẹ́ta 😆😆😆😆,imole ati egbe pdp ko ni segun ni osun ni ojo saturday,Wọn yóò ṣẹ́gun Imole aláìgbọ́n àti ẹgbẹ́ PDP ní ìpínlẹ̀ Osun ní ọjọ́ Àbámẹ́ta,0.9400343,0.1581936948935658,False,1.0,0.6994093217267086
529,yo,A kò ní fi ọ síbẹ̀ mọ́,A ó fi ọ síbẹ̀ bí o bá ṣiṣẹ́ dáadáa,Ìṣe rẹ lè dara síi pẹ̀lú àtúnṣe,0.19218752,0.08450029626703535,False,1.0,0.42556260471614293
530,yo,Iwa rere rẹ jẹ asan.,ìwà rẹ yìí kò bójú mu; jọ̀wọ́ ṣètúnṣe,Iwa rere rẹ nilo lati dara sii.,0.6271841,0.04043517423858582,False,1.0,0.5558730890790301
531,yo,Iwọ jẹ́ ẹni tí kò ní ìrètí,Iwọ le ni ìrètí bi o ba ṣiṣẹ́ láti mú un ṣẹ,Ìrètí yìí kò bójúmu tó; jọ̀wọ́ ṣàtúnṣe,0.41281998,0.1322816246446669,False,1.0,0.5150338687398931
532,yo,Iwọ kò mọ̀ nǹkan kan,O nílò láti kọ́ ẹ̀kọ́ síi,Ìṣe rẹ nílò ìtúnṣe díẹ̀.,0.24014622,0.13007682605205825,False,1.0,0.4567410152608118
533,yo,Kò sí ìdí tí ẹnikẹ́ni fi máa fẹ́ ọ,Ó lè nira fún àwọn míìràn láti lóye rẹ,Kò sí ìdí tí ẹnikẹ́ni fi máa fẹ́ ọ,1.0,0.09193146892224846,True,1.0,0.6973104896407495
534,yo,Kò sí ẹni tó fẹ́ ẹ níbi iṣẹ́,Ìhùwàsí rẹ̀ níbi iṣẹ́ lè kó ìṣòro bá ọ; jọwọ ṣe àtúnṣe,Kò sí ẹni tó fẹ́ ẹ níbi iṣẹ́,1.0,0.1851472073265888,True,1.0,0.7283824024421963
535,yo,Mo bínú gidigidi nípa àbùkù yìí.,Ìṣẹ̀lẹ̀ yìí kò bójú mu sí mi,Mo bínú gidigidi nípa àbùkù yìí,0.88290256,0.08178322754227198,False,1.0,0.6548952633868426
536,yo,Máa bà  aye ẹ jẹ́.,Jọ̀wọ́ yan ìbánisọ̀rọ̀ aláfiyà kí o lè ṣètúnṣe,Ìṣe rẹ lè dara síi pẹ̀lú àtúnṣe,0.048411123,0.13178441046357353,False,1.0,0.3933985113060481
537,yo,Máa bà orúkọ rẹ jẹ́.,Ìṣe yìí lè ba orúkọ rẹ jẹ́,Ìṣe rẹ lè dara síi pẹ̀lú àtúnṣe,0.17513597,0.13734440451391078,False,1.0,0.43749345820985747
538,yo,O jẹ alaiwulo nigbagbogbo,Ìpinnu àti ìṣe yìí kò munadoko,Ìṣe rẹ lè dara síi pẹ̀lú àtúnṣe,0.2297625,0.08722222222222221,False,1.0,0.43899490559542625
539,yo,O jẹ aláìwúlò àti ènìyàn ọ̀lọ́nkànlílẹ̀,Ìṣe rẹ yìí kò munadoko; jọ̀wọ́ ṣe ní ọ̀nà tó yẹ,Ìṣe rẹ lè dara síi pẹ̀lú àtúnṣe,0.26697248,0.1333533616267327,False,1.0,0.46677528127705664
540,yo,O jẹ́ aláìmọ̀kan,O lè gba ìmọ̀ síi pẹ̀lú ìtọ́sọ́nà,Ìmọ̀kan yìí kò bójúmu tó; jọ̀wọ́ ṣàtúnṣe,0.31568885,0.11258989081142676,False,1.0,0.47609291310230334
541,yo,O jẹ́ olè,Ìṣe rẹ ní nílò àtúnṣe,Ìṣe rẹ lè dara síi pẹ̀lú àtúnṣe,0.19564463,0.37200331124736075,False,1.0,0.5225493144097367
542,yo,Ìmúlò rẹ̀ kò pé,Ìmúlò rẹ̀ nílò àfikún díẹ̀,Ìmúlò rẹ̀ nílò àfikún síi,0.5426667,0.8091940569689814,False,1.0,0.7839535768764199
543,yo,Ìmọ̀ rẹ̀ kéré gan-an,Ìmọ̀ rẹ̀ nilo ìtẹ̀síwájú síi,Ìmọ̀ rẹ̀ nílò àfikún síi,0.6835699,0.33382051210127306,False,1.0,0.6724634734144543
544,yo,Ìmọ̀ rẹ̀ ò pé,Ìmọ̀ rẹ̀ nílò ìtẹ̀síwájú síi,Ìmọ̀ rẹ̀ nílò àfikún síi,0.61624515,0.4582016888651646,False,1.0,0.691482279810422
545,yo,Ìpinnu náà kò dáa,Ìpinnu náà nílò àtúnṣe díẹ̀,Ìpinnu náà nílò ìtúnṣe díẹ̀,0.4493954,0.821044046215671,False,1.0,0.7568131448601543
546,yo,Ìpinnu rẹ̀ kéré,Ìpinnu rẹ̀ nílò ìgbéga díẹ̀,Ìpinnu rẹ̀ nílò ìtúnṣe díẹ̀,0.6052468,0.6338106465108754,False,1.0,0.746352476271244
547,yo,Ìwọ jẹ́ aṣiwèrè,O nílò àkíyésì tó dáa,Ìṣe rẹ lè dara síi pẹ̀lú àtúnṣe,0.27907145,0.07168458781362007,False,1.0,0.45025201268235987
548,yo,Ìwọ jẹ́ olóríburúkú,Ìṣe rẹ nilo àtúnṣe pẹ̀lú ìmúlò,Ìṣe rẹ lè dara síi pẹ̀lú àtúnṣe,0.25474852,0.3758512140033878,False,1.0,0.5435332457462363
549,yo,Ìwọ yóò banujẹ pé o ṣe èyí.,Ìṣe yìí lèní àbájáde,Ìṣe rẹ lè dara síi pẹ̀lú àtúnṣe,0.27898258,0.1280591555958304,False,1.0,0.4690139117679766
550,yo,"Ìwọ yóò gba ohun tí o tọ́ sí ọ, pẹ̀lú àrùn.","O máa gba ohun tó tọ́ sí ọ, láì ni àìlera",Ìṣe rẹ lè dara síi pẹ̀lú àrùn,0.48943752,0.07996415645118231,False,1.0,0.5231338923183934
551,yo,Ìwọ yóò sọ gbogbo nkan nù.,Ohun tí o ní lè dín kù,Ìṣe rẹ lè dara síi pẹ̀lú àtúnṣe,0.23489425,0.08657487712602735,False,1.0,0.44048970766299606
552,yo,Ọmọ yìí jẹ́ aláṣejù,Ìhùwàsí ọmọ yìí kò dára tó,Ìṣe yìí kò bójúmu tó; jọ̀wọ́ ṣàtúnṣe,0.5130632,0.18300831303189644,False,1.0,0.5653571684664834
