pair_id,group_id,language,toxic_input,detox_reference,generated,is_empty,has_sentinel,is_copy_of_input,is_copy_of_input_loose,is_generic_template,behaviour_label,split,seed,sta_supported,sta,sta_unvalidated,sim,fl,j,j_unvalidated
am-0003,am-g0236,am,ኣንተ ተላላኪ ዉሸታም ሁሉም ነገር ለዓለም ገና እናሳዉቃለን ዉሸታም ከሃዲ,አንተ የሰራሀውን ሁሉም ነገር ለዓለም ገና እናሳዉቃለን,,False,False,False,False,False,no_generation,train,1337,True,,,,,,
am-0004,am-g0135,am,ብዙም አትፈንጥዝ ጋሽ ሄኖክን በሀሣብ ሞግተው የዛሬ አስፈራሪ የነገ ፈሪ ይሆናል,ብዙም መደሰት ሳያሰፈልግ ጋሽ ሄኖክን በሀሣብ መሞገቱ የተሻለ ነው፡፡ ነገ ነገሮች በዚሁ ላይቀጥሉ ይችላሉ፡፡,,False,False,False,False,False,no_generation,train,1337,True,,,,,,
am-0006,am-g0280,am,እውነት ካለህ እኮ ምንም ኣግዙኝ እርዱኝ ማለት አያስፈልግም:: እዉነት ራሱ ይመሰክራል እና ነው:: ለእንዳንተ ዉሸት ቀለቡ ግን ዕዉነትም ሲነግሩት ኣይዋጥለጥም,እውነት ካለህ እኮ ምንም ሌላ ተጨማሪ እርዳታ መጠየቅ አያስፈልግም:: እዉነት ራሱ ይመሰክራል እና ነው:: በእውነት የማታምን ከሆነ ግን እውነትም ቢነግሩህ ላይዋጥልህ ይችላል፡፡,,False,False,False,False,False,no_generation,train,1337,True,,,,,,
am-0019,am-g0114,am,በንጹሃን ደም መቀለድ ውጤቱ መጥፋት ነው። የክፋት ጥጉ መጥፋት ነው። ንጹሃን እንዲታረዱ ያደረግኸው ሴራ ጠልፎ ሊጥልህ እደጅህ ቆሟል።,በንጹሃን ደም መቀለድ ውጤቱ መጥፋት ነው። በየቦታው ወድቀው የቀሩት ንፁኀን  ሕይወት በቅርቡ ከፈጣሪ የስራህን ያሰጥሀል,,False,False,False,False,False,no_generation,train,1337,True,,,,,,
am-0022,am-g0313,am,ወንጀሎች እንደልባቸው የሚፈነጩባት አገር ማየት ኣንፈልግም መንግሥት አደብ ያስገዛልን ነው ያልከው ??? ኢትዮጵያ ውስጥ ከአብይ በላይ ወንጀለኛ የለም,ወንጀሎች እንደልባቸው የሚፈነጩባት አገር ማየት ኣንፈልግም መንግሥት አደብ ያስገዛልን ።,,False,False,False,False,False,no_generation,train,1337,True,,,,,,
am-0023,am-g0127,am,ባለጌ ለመሆንሺ ምሰክር አያሻኝም ሰው ሰላልሆንሺ አሉ ብለሺ አወራሺ ማንም በሴትነቱ በሰውነቱ ይከበራል,ለስርአት ተገዢ እንዳልሆንሽ ተረድቼአለሁ፡፡ ማንም በሴትነቱ በሰውነቱ ይከበራል,,False,False,False,False,False,no_generation,train,1337,True,,,,,,
am-0025,am-g0040,am,ለውሸት የተፈጠርክ በሽተኛ በዚህ ዓይነት ሰውን ማደናገር የማትችልበት ጊዜ ደርሰሃል ሁሉ ነገርህ አስመሳይ ውሸታም ከስምህ ጀምረህ ፎርጅድ የሆንክ,የምትናገረው የሚታመን ነገር አይደለም፤  በዚህ አይነት ነገር ሰው ሊቀበልህ የማይችልበት ደረጃ ደርሷል,,False,False,False,False,False,no_generation,train,1337,True,,,,,,
am-0027,am-g0385,am,ጉራ ብቻ ግንቦት ሃያ መከበር ካቆመ ሶስት ዓመት ሞላው ተመስገን አንተም ዝም ብለህ አለቃቅስ,ወሬ ብቻ አታብዙ  ግንቦት ሃያ መከበር ካቆመ ሶስት ዓመት ሞላው ተመስገን አንተም ዝም ብለህ አታዉራ,,False,False,False,False,False,no_generation,train,1337,True,,,,,,
am-0037,am-g0098,am,ቀድሞ ነበር እንጂ መጥኖ መደቆስ አሁን ምን ያደርጋል ድስት ጥዶ ማልቀስ። ጉራ ብቻ  ለዚሁ ነበር ያ ሁላ ፉከራ ???,ቀድሞ ነበር እንጂ መጥኖ መደቆስ አሁን ምን ያደርጋል ድስት ጥዶ ማልቀስ። ወሬ ብቻ ምንም አያሰራም፡ ተግበር,,False,False,False,False,False,no_generation,train,1337,True,,,,,,
am-0038,am-g0310,am,ወንድ የሆነማ ቆሞ ይሸናል። ደግሞ ለሰነፍ ቆሞ ሊሸና ያምረዋል እንዴ? ያው እንደ ለመደው ቁጭ ብሎ ይሽና እንጂ። ወሬ አያብዛ ጀግንነት በስራ እንጂ መች በቀረርቶ በፉከራ ሆነና።,ጀግንነት በስራ ይገለጻል እንጂ በወሬ ሊሆን አይችልም ፡፡,,False,False,False,False,False,no_generation,train,1337,True,,,,,,
am-0039,am-g0340,am,የኢትዮጵያ ሕዝብ ማወቅ ያለበት ታላቅ ሴራ ሀገር ወዳዱንና ባለ integrity ጄ/ል ሰዓረ መኮንን የገደለውና እንዴትስ ሊገደሉ እንደቻሉ ማወቅ አለበት:: ኢትዮጵያ ሀገሬ ሞ,የኢትዮጵያ ሕዝብ ማወቅ ያለበት ትልቅ ጉዳይ ሀገር ወዳዱንና ባለ integrity ጄ/ል ሰዓረ መኮንን የገደለውና እንዴትስ ሊገደሉ እንደቻሉ ማወቅ አለበት:: ኢትዮጵያ ሀገሬ ሞ,,False,False,False,False,False,no_generation,train,1337,True,,,,,,
am-0040,am-g0174,am,አብይ አህመድ ጨካኝ ነው:: ከሱ ጋር ሲወዳደር መንግስቱ ኀ/ማርያም የመጨረሻ ሩህሩህ አይደለም እንዴ::?? ከአብይ አንፃር መንግስቱ ደግና ሰፍሳፋ ሆኖ ነው ያገኘነው:: አብይ ህፃና,ከ ጠ/ሚ አብይ አህመድ አንፃር ፡ መንግስቱ ኀ/ማርያም ሩህሩህ እና ደግ ሰው እንደሆነ ነው እኔ የምረዳው፡፡,,False,False,False,False,False,no_generation,train,1337,True,,,,,,
am-0050,am-g0131,am,ባንዳ? አሉላ ከኤርትራ ሰራዊት ጋር ሆኖ ኢትዮጵያውያንን እየገደለ ነው እንዴ? አላወኩም ነበር።,አሉላ ከኤርትራ ሰራዊት ጋር ሆኖ ኢትዮጵያውያንን እያጎደ ነው እንዴ? አላወኩም ነበር።,,False,False,False,False,False,no_generation,train,1337,True,,,,,,
am-0051,am-g0010,am,Ethiopia: አይ የገልቱ ነገር። በቃ ሰላምን በጠብመንጃ ልታመጣልን ነዋ። ንግግርና ድርድር እንደጭራቅ በህልምህ እያባረረ ነዉ መችም። በወታደር ብዛት ቢሆን ደርግ እስከዛሬ ይ,Ethiopia:  በቃ ሰላምን በጠብመንጃ ልታመጣልን አትችልም። ንግግርና ድርድር ብቻ ነው ሰለምን የሚያስገኝ። በወታደር ብዛት ቢሆን ደርግ እስከዛሬ ይኖር ነበር,,False,False,False,False,False,no_generation,train,1337,True,,,,,,
am-0052,am-g0384,am,ገደል ግባ አንተ የህውሃት ሽንት ጨርቅ አጣቢ ድጋሚ 100ግዜ ነው ምነግርህ ግደል ግባ ሄደህ ለማያቅህ ታጠን,ዘወር በል ከዚህ የፈለከውን መሆን ትችላለህ አንተ የህዋሀት ደጋፊ,,False,False,False,False,False,no_generation,train,1337,True,,,,,,
am-0060,am-g0266,am,እንተ ደግሞ ጅል ነህ እንደ ገደል ማሚቶ የማታውቀውን ነገር ዝም ብለህ አታስተጋባ,አንተ ደግሞ የዋህ ነህ ፤ የተባለውንና  የማታውቀውን ነገር እንዳለ አትድገምልን,,False,False,False,False,False,no_generation,train,1337,True,,,,,,
am-0062,am-g0128,am,ባለጌ ነሽ ወይም ነህ መሰዳደብ ጉብዝና አይደለም  የቋንቋ ችግር ከሌለብሽ ወይ ከሌለብህ ትክክል ነው ያለው።ዘርንም መርጦ ማዘን ዘረኝነ,ስርአት ካለህ/ካለሽ ፀያፍ ቃልን መለዋወጥ ጉብዝና አይደለም የቋንቋ ችግር ከሌለብሽ ወይ ከሌለብህ ትክክል ነው ያለው።,,False,False,False,False,False,no_generation,train,1337,True,,,,,,
am-0063,am-g0071,am,ምነው የሚሳሳት አፍህን ብትዘጋው ኖሮ ፡፡ ግን አልቻላችሁም ፣ አልቻላችሁም ፣ እናም አሁን ዋጋ ስትከፍሉ ነው ደደብ ደደብ። በአንተ ላይ ቁ,ምነው ወይ ዝም ብትል ፡፡ግን አልቻላችሁም ፤ በዚህም ዋጋ ልትከፍሉ ነው,,False,False,False,False,False,no_generation,train,1337,True,,,,,,
am-0064,am-g0244,am,እረ እህቶቼ በዙ ሰዎች.?? ይቺ ፉንጋ እንኳን እንደ ወንድሜ እኮ ነው የማይህ ትበለኝ ??,እረ እህቶቼ በዙ ሰዎች.?? ይቺም እንደ ወንድሜ እኮ ነው የማይህ ትበለኝ ??,,False,False,False,False,False,no_generation,train,1337,True,,,,,,
am-0065,am-g0084,am,ሰይጣንም ለአመሉ ከመፀሐፍ ቅዱስ ይጠቅሳል። ኃይማኖቱን ተወውና ፖለቲካውን በወጉ ያዘው። ጌታ የቀየር ተላላኪ ባሪያ ምን አፍ አለኝ ብሎ ያወራል? መጀመሪያ ከተ,ምን ለአመሉ ከመፀሐፍ ቅዱስ ይጠቅሳል .. ኃይማኖቱን ተወውና ፖለቲካውን በደንብ ያዘው። አሁን ምን አፍ አለኝ ብሎ ያወራል?,,False,False,False,False,False,no_generation,train,1337,True,,,,,,
am-0067,am-g0206,am,አንተም ክፉ ነበርክ ክፉ አዘዘብህ አንደ ገና ዳቦ እሳት ነደደብህ። የምንልበት ቀን ሩቅ ሰይደለም????,በክፋቱ የሚታወቅ የስራውን ሊያገኝ ነው የምንልበት ቀን ሩቅ አይደለም ??,,False,False,False,False,False,no_generation,train,1337,True,,,,,,
am-0076,am-g0235,am,ኢትዮጵያዊ መልክ ይዞ የአገሩን መፍረስ የሚመኝ ስይጣን ማለት ይህ ነው። ማፈሪያ,ኢትዮጵያዊ መልክ ይዞ የአገሩን መፍረስ የሚመኝ ኢትዮጵያዊ ነው ለማለት ይከብዳል። አሳዛኝ,,False,False,False,False,False,no_generation,train,1337,True,,,,,,
am-0084,am-g0231,am,አፈር ብይ አሮጊት አንቺ አሁን አምሮብሽ ነው እምታቀሳስሪው ባለጌ ካሃዲ የነዚህ እንባ ይፋረዳችሁ አቺም ብስብስ አሮጊ በዚህ እድሜሽ ወደ ቤተክርስትያን እንጂ,ከአንቺ ይኸ አይጠበቅም ነበር ፤ የነዚህ እንባ ይፋረዳችሁ ፤ አንቺም በዚህ እድሜሽ ወደ ቤተክርስትያን እንጂ,,False,False,False,False,False,no_generation,train,1337,True,,,,,,
am-0085,am-g0271,am,እንደውም ፓለቲካ ውስጥ ምን ትስራላችሁም ተብለናል ጠንክረን መማርና መስራት ይጠበቅብናል ለቅሶን ለለቅስኖች መተው አለብን  ሃሃሃ,ፓለቲካ ውስጥ ምንም አትሰሩም ተብለናል፡፡ጠንክረን መማርና መስራት ይጠበቅብናል ሌላውን ለሚመለከተው በመተው,,False,False,False,False,False,no_generation,train,1337,True,,,,,,
am-0087,am-g0387,am,ጌጃ አንዳንዴ ገገማ ሙድ የማይገባውም ይሆናል ??,ነገሮችን ቶሎ የሚረዳ ሰው አይደለም,,False,False,False,False,False,no_generation,train,1337,True,,,,,,
am-0088,am-g0316,am,ውሾች የማንም ወሮበሎች ከገደሉ መንግሥት ነው ማለት ምን ማለት ነው አንተም ተጨመር ደደብ።,ሌሎች በፈፀሙት ጥቃት መንግሥትን መውቀሰ አይገባም::,,False,False,False,False,False,no_generation,train,1337,True,,,,,,
am-0089,am-g0365,am,ይህ ሰውየ ማለት ያ አበበ ግላውን ባልዋለበት ሲወነጅል የነበረው ነው አይደል?,እሱ ማለት ያ አበበ ግላውን ባልሰራው ስራ ስሙን ሲጠራ  የነበረው ነው አይደል?,,False,False,False,False,False,no_generation,train,1337,True,,,,,,
am-0095,am-g0230,am,አጭሰህ ነው የፃፍከው ??ሰው በላ አውሬዎች ደሞ,ምን ሆነህ  ነው ይህን የፃፍከው ?,,False,False,False,False,False,no_generation,train,1337,True,,,,,,
am-0097,am-g0123,am,በግድ አማራን መምራት አይቻል እጃችሁን X አጣምራችሁ ፀጉራችሁን ተላጭታችሁ እንደጅል 3 አመት ስታላዝኑ ጀግናው አማራ በቀናቶች ነፍጡን ይዞ ሁሉን እያጋየ,በግድ አማራን መምራት አይቻል እጃችሁን X አጣምራችሁ ፀጉራችሁን ተላጭታችሁ አይደልም ነገሩ,,False,False,False,False,False,no_generation,train,1337,True,,,,,,
am-0107,am-g0394,am,ፈሪ ለናቱ ያልክ ትመስላለሕ ፤ ዜና ወዲሕ ጋዜጠኛ ወዲያ ይሏል። አቅምን አውቆ መጣፍ ጥሩ ነው ጋብዜሃለው ጋሽ ኤልያስ ኮንሰርት ምናምኑን ዘግብ,ጋዜጠኛ እውነተኛ ዜናን ለመስራት ፍርሀት ሊገባው አይገባም፡፡,,False,False,False,False,False,no_generation,train,1337,True,,,,,,
am-0109,am-g0392,am,ጥምብ ካድሬ መቸ ይሆን ህዝብ መረጣቸው የምትለው? ፊሽካ ተነፋ,የምትገርም የመንግስት አገልጋይ  መቸ ይሆን ህዝብ መረጣቸው የምትለው?,,False,False,False,False,False,no_generation,train,1337,True,,,,,,
am-0116,am-g0021,am,What is this trumptenefa tweet? የራስን ገልቱ ታቅፎ የሌላ አገር መሪ መስደብ ፌር ነው?,የራስን ችግር ይዞ የሌላ አገር መሪ መዝለፍ ትክክል ነው ?,,False,False,False,False,False,no_generation,train,1337,True,,,,,,
am-0118,am-g0132,am,ቤተሰብዎ እየደማ ነው ፡፡ በሁሉም ድርጊቶችዎ ይቆጫሉ እናም ለዘላለም ይሰቃያሉ።,ቤተሰብዎ ችግር ውስጥ ወድቁዋል ፡፡ በድርጊቶችዎም ሊፀፀቱና ለረጅም ጊዜም ሊጎዱ ይችላሉ።,,False,False,False,False,False,no_generation,train,1337,True,,,,,,
am-0124,am-g0287,am,ኦኦፕፕስስ የሆክ ለማኝ እከክሲጀመር መንግስትን ከአንድ ሌባ ማፊያ ቡድን ታወዳድራለህ???? ለነገሩ አይፈረድብህም የልመና ስነልቦና ነው ያለህ ለማኝ ለአብይ ትዊት አንበሳ,መጀመሪየዉኑ መንግስትን ከአንድ አነስተኛ ቡድን ጋር ማወዳደርህ ትክክል አይደለም፡፡,,False,False,False,False,False,no_generation,train,1337,True,,,,,,
am-0125,am-g0356,am,ይሄ ባለጌ ምን ማለቱነው ነጭ ለብሶ መከላከያ ውስጥ የገባው?,ይሄ ሰው ምን ማለቱነው ነጭ ለብሶ መከላከያ ውስጥ የገባው?,,False,False,False,False,False,no_generation,train,1337,True,,,,,,
am-0128,am-g0315,am,ውሎህን የምታውቀው አንተ ነህ።ሆዳም ከምግብና መጠጥ ቤት ውጪ አያውቅም,ውሎህን የምታውቀው አንተ ነህ። ራሱን የሚንከባከብ ምግብ ቤትና መጠጥ ቤት ያዘወትር ይሆናል፡፡,,False,False,False,False,False,no_generation,train,1337,True,,,,,,
am-0129,am-g0001,am,3:30 Jaal Maroo አልጀዚራ ላይ ይቀርባል ሲባል አጅሬው 3 ሰዓት ላይ ሙሉ ከተማ መብራት ድርግም,3:30 Jaal Maroo አልጀዚራ ላይ ይቀርባል ሲባል የመብራት ሀይሉ ሰው 3 ሰዓት ላይ ሙሉ ከተማ መብራቱን አጠፋው,,False,False,False,False,False,no_generation,train,1337,True,,,,,,
am-0131,am-g0091,am,ስለማይገባው ለማይረዳ አይምሮው ድፍን ለሆነ ሰው ይሄ ሁላ አያስፈልግም ሰሉዬ ሀፍተይ መተው ብቻ ??,ለማይገባው ለማይረዳ ሰው ይሄ ሁላ አያስፈልግም ሰሉዬ ሀፍተይ መተው ብቻ ??,,False,False,False,False,False,no_generation,train,1337,True,,,,,,
am-0132,am-g0205,am,አንተም እኮ ወያኔ በሚከፍልክ መጠን ነበር ኮምፒውተር ስር ተወሽቀህ የምትፅፈው ልቡማ ቢኖርህ ሄደህ ጓዶችህኖ ትረዳ ነበር ገና እያንዳንዷ ተለቅማ ትገባታለች ከሀዲ,አንተም  በሚከፈልህ መጠን ነበር በ ኮምፒውተር  ተጥቅመህ ስትጽፍ የነበረው,,False,False,False,False,False,no_generation,train,1337,True,,,,,,
am-0135,am-g0252,am,እስክንድር ነፃነትን ፈለገ እንጅ ስልጣንን መቼ ፈለገ። ማፈሪያ ይሄ እንኳን የማይገባው ስንት የስልጣን ጥማተኛ ሲንቀዠቀዥ እያየን ነው።,እስክንድር ነፃነትን ፈለገ እንጅ ስልጣንን መቼ ፈለገ። ይሄ እንኳን የማይገባው ስንት ስልጣን የሚፈልግ አለ,,False,False,False,False,False,no_generation,train,1337,True,,,,,,
am-0142,am-g0086,am,ሲፈርስ ለምን ማስቆም አልቻለም አላልኩም ግን ሀውልቱ ወደ ቦታው አለመመለሱ ግን የሱ ፍላጎት ነው . ሰሞኑንማ የጤና ያርግልህ ????,ሲፈርስ ለምን ማስቆም አልቻለም አላልኩም ግን ሀውልቱ ወደ ቦታው አለመመለሱ ግን የሱ ፍላጎት ነው,,False,False,False,False,False,no_generation,train,1337,True,,,,,,
am-0146,am-g0233,am,ኢትዮጵያ የምታሳዝነኝ እንደ አንተ አይነት ደነዝ መግለጫ ሲሰጥ አንተ ድዳም,ኢትዮጵያ የምታሳዝነኝ እንደ አንተ አይነት ሰው  መግለጫ ሲሰጥ,,False,False,False,False,False,no_generation,train,1337,True,,,,,,
am-0149,am-g0337,am,የአለም ጤና ድርጅት ዳይሬክተር ስለ ጎጠኝነት ሴራ እያሤርህ በመሆኑ በጣም አፍረንብሃል።,የአለም ጤና ድርጅት ዳይሬክተር በሰራሀው ስራ ደስተኛ አይደለንም,,False,False,False,False,False,no_generation,train,1337,True,,,,,,
am-0155,am-g0277,am,እንዴ ማህዚ ከሙፈሪያት ጋር ሠነሳት አልነበረብሽም አትመጥንም,ማህዚ ከሙፈሪያት ጋር መነሳትሽ አስገርሞኛል,,False,False,False,False,False,no_generation,train,1337,True,,,,,,
am-0157,am-g0014,am,Jeylan hybrid ጁንታ TPLF-OLF እኔ የሚገርመኝ እራስህን ለምን ታሞኛለህ ሞኝ ሲንጠራራ የረዘመ ይመስለዋል,እራስህን ለምን እንደምትሸውድ አይገባኝም,,False,False,False,False,False,no_generation,train,1337,True,,,,,,
am-0160,am-g0350,am,ያለብንን ችግር ሳንፈታ ሌላ . እረ ልቦና ያለው ስው ይጥፋ ??? መንጋ ግልፍተኛ ስራፈት,ያለብንን ችግር ሳንፈታ ሌላ  ችግር እረ ልቦና ያለው ስው ይጥፋ,,False,False,False,False,False,no_generation,train,1337,True,,,,,,
am-0163,am-g0110,am,በርግጥም ናችሁ እኮ አልታወቅህ ብሎ ነው። በነፃ ቢሮ እና ጥቅማጥቅም እምታገኝ የእንጀራልጁ ሁነህ አደለም ተለጣፊ ገመድ አንገትህ ላይ አድርጉ እንደ ውሻ ሰለሚጉትትህ ነው,አልታወቀህም እንጂ እንደዚያ የሆናችሁ ነው የሚመስለው ፡፡ በነፃ ድጋፎችን እምታገኘው የቅርብ ሰው ስለሆንክ ይመስላል,,False,False,False,False,False,no_generation,train,1337,True,,,,,,
am-0167,am-g0181,am,አንተ ማመን ካልፈለግክ ምንም ቢሉህ ማመን አትፈልግም። እህትህ ተደፊሪያለሁ ካለችህ አንተ ማን ነህ አይ ውሸትሽ ነው,አንተ ማመን ካልፈለግክ ምንም ቢሉህ ማመን አትፈልግም። እህትህ ጥቃት ደርሶብኛል ካለችህ አንተ እንዴት ነው ውሸትሽ ነው,,False,False,False,False,False,no_generation,train,1337,True,,,,,,
am-0170,am-g0238,am,ኣንቺ ሰው በላ አውሬ ነሽ ረጅም ግዜም ኣትራመጅም,አንቺ ጥሩ ሰው አይደለሽም፤ ረጅም መንገድ  የምትሄጂ አይመስልም,,False,False,False,False,False,no_generation,train,1337,True,,,,,,
am-0175,am-g0257,am,እናትህ አንተ ጋድሚያ ተነስ ልትበቅል ነው እንዴ ስትል እንደመስማት Blessing የለም ??,እናትህ አንተ ተነስ እንጂ  ልትበቅል ነው እንዴ ስትል እንደመስማት Blessing የለም ??,,False,False,False,False,False,no_generation,train,1337,True,,,,,,
am-0176,am-g0182,am,አንተ ምን አፍ አለህ ከዚህ በዋላ። ጠባብ ዘረኛ።,አንተ ምን ማለት ትችላህ ከዚህ በዋላ። ወገንተኛ ነህ,,False,False,False,False,False,no_generation,train,1337,True,,,,,,
am-0180,am-g0203,am,አንተ ጓሮ መሆን አለበት። አኛ የሰው አንፈልግም የራሳችንንም አንሰጥም,ከአንተ በኩል ሊሆን ይችላል። አኛ የሰው አንፈልግም የራሳችንንም አንሰጥም,,False,False,False,False,False,no_generation,train,1337,True,,,,,,
am-0189,am-g0237,am,ኣንተ ድቃላ ቀንህ ጠብቅ ሽንታም ቀንህ እየደረሰ ነው,በዚህ ሁኔታህ ብዙ ጊዜ ላይኖርህ ይችላል ፤ ብታርፍ አይሻልም,,False,False,False,False,False,no_generation,train,1337,True,,,,,,
am-0191,am-g0130,am,ባንዳ የባንዳ ልጅ ቤተ መንግስት አስቀምጠህ ሴራህን እየጎነጎንህ በጎን የተለመደ ኢትዩጲያዊ ስብከትህን ትነዛለህ,ኢትዮያን የማይደግፉ ሰዎች ጋር እስከ ቤተ መንግስት ድረስ አብረህ እየሰራህ በሌላ በኩል ኢትዮጵያዊ ወግ ስታነሳ ሰው ብዙም ላያምንህ ይችላል,,False,False,False,False,False,no_generation,train,1337,True,,,,,,
am-0194,am-g0289,am,ከህዝቡ ጀርባ ሆነህ እንደ ውሻ ከምትጮህ እንደ ጀግናው መከላከያ ዘራዊት ፊት አውራር ሆነህ ለምን አትፋለምም ደነስ ሁላ,ከኋላ ሆነህ ሀሳብ ብቻ ከምትሰጥ ከመከላከያ ሰራዊት ጎን መሰለፍና ማገዝ ይቻላል,,False,False,False,False,False,no_generation,train,1337,True,,,,,,
am-0198,am-g0156,am,አሁንም አንደበተ ጎደሎ ተሆኛለሽ እንዴ። በራስሽ ሰውነት የማዘዝ መብቱ የአንቺ ቢሆንም ከኢትዮጵያዊነት ባህል በመዝለልሽ ነው አስተያየት የተነገረሽ ጭራሽ ቡራ ከዮ ትያለሽ ማፈሪያ ነሽ??,አሁንም አንደበተ እንደሌለው ተሆኛለሽ እንዴ። በራስሽ ሰውነት የማዘዝ መብቱ የአንቺ ቢሆንም ከኢትዮጵያዊነት ባህል በመዝለልሽ ነው አስተያየት የተነገረሽ መቆጣት የለብሽም,,False,False,False,False,False,no_generation,train,1337,True,,,,,,
am-0200,am-g0243,am,እረ ባካችሁ በልክ አድርጉት እኛ እናቃጥራለን እነሱ ንቀታቸው አይጣል ነው ጉራ ብቻ,እረ ባካችሁ በልክ አድርጉት እኛ እንለፈልፋለን እነሱ ምንም ትኩተረት ላይሰጡት ፤ ዝም ብሎ ራስን ከፍ ማድረግ ትርጉም የለውም,,False,False,False,False,False,no_generation,train,1337,True,,,,,,
am-0202,am-g0224,am,አዎ ምን አባሽ አባትህ አገባህ እንደናንተ የአለም ህዝብ ድንጋይ ራስ መሰላችሁ ለእውነት ይቆማል ድንጋይ ራስ ኮተታም ሁላ,አይመለከታችሁም እንደናንተ የአለም ህዝብ ሁኔታውን የማይረዳ መሰላችሁ ለእውነት ይቆማል የማታስቡ,,False,False,False,False,False,no_generation,train,1337,True,,,,,,
am-0203,am-g0220,am,አንድ የተሻለ አስተሳሰብ ያለው ሰው እንዃን የላችሁም? የምትሰሩት ስራ ለፎቶ ብቻ ነው? ያንቺ ደሞ ይለያል አስመሳይ። ላም,ከእናንተ ውስጥ የተሻለ ሀሳብ የሚያመጣ ሰው ዕያየሁ አይደለም፤ የሚሰሩ ስራዎች በፎቶ ለመታየት መሆን የለባቸውም,,False,False,False,False,False,no_generation,train,1337,True,,,,,,
am-0204,am-g0376,am,ዲሞ ክራሲ ሳይገባህ ከኔ ቀድመህ እንደምትሞት 1001 እርግጠኛ ነኝ  የእንጨት ሽበት ሁላ,እኔ ዲሞክራሲን  ለመረዳት ከአንተ ወደ ሁላ እቀራለሁ ብዬ አላስብም,,False,False,False,False,False,no_generation,train,1337,True,,,,,,
am-0205,am-g0072,am,ምን ላርግ ብለሽ ነው። ይሄን ሰውዬ ስሙን እንኳን መስማት ያንገሸግሸኛል.????,ምን ላርግ ብለሽ ነው,,False,False,False,False,False,no_generation,train,1337,True,,,,,,
am-0206,am-g0139,am,ተስፋ አደርጋለሁ ብዬ ተስፋ አደርጋለሁ ሰይጣን ወደ አንተ ይደርሳል ብዬ ተስፋ አደርጋለሁ በሲኦል ውስጥ እንደበሰብስኩ እና በህይወትዎ ውስጥ ያሉ መልካም ነገሮች ሁሉ ከእርስዎ እንደተ,ተስፋ አደርጋለሁ ብዬ በሰረሁት መጥፎ ስራ እየተቀጠሁ እንደ ሆነ እና በህይወትዎ ውስጥ ያሉ መልካም ነገሮች,,False,False,False,False,False,no_generation,train,1337,True,,,,,,
am-0209,am-g0076,am,ምድረ ደነዝ ሁሉ ጭንቅላቱ ሲጠብ ጭንቅላት ያላቸውን ሰዎች መደብደብ ያው ዝቅተኛነታቸውን ያሳያል:: ይኸው ነው የነታከለ ኡማና ሽመልስ ማፊያ ማደራጀት::,መሰብ አይችሉም  ሰዎች መደብደብ ያው የበታችነት ስሜት እንደ ሚሰማቸው ያሳያል::,,False,False,False,False,False,no_generation,train,1337,True,,,,,,
am-0210,am-g0258,am,እናንተ አይደላችሁም እንዴ እዚህ የደረሳችሁን ። አረ እፈር ዮሆንክ እስስት,እናንተ ናችሁ እዚህ ያደረሳችሁን ፡ በዚህ ልትኮራ አይገባም,,False,False,False,False,False,no_generation,train,1337,True,,,,,,
am-0211,am-g0241,am,ኤጭ ዘረኛ ሆንክ አንተም ግን አልታወቀህም መሰለኝ,አንተም ወገንተኛ ሆንክ መሰለኝ ግን አልታወቀህም መሰለኝ,,False,False,False,False,False,no_generation,train,1337,True,,,,,,
am-0212,am-g0210,am,አንተን የተቀበለ ሰይጣንም ቢሆን ካስተዳደረ የሰው ሰቀቀን የሰው ሀዘንና ለቅሶ ምንም አይመስልህም በሆነው ነገር አይዘኑ ሁሉ ነው እያልክ ያለኸው?,አንተን የተቀበለ ማንም ቢሆን ካስተዳደረ በሰው ምንም አይነት  ችግር ቢመጣ በሆነው ነገር ሁሉ አይዘኑ እያልክ ያለህ ነው የሚመስለው,,False,False,False,False,False,no_generation,train,1337,True,,,,,,
am-0219,am-g0049,am,መልዕክቱ ለባለጌው ሹመኛና ከፈራ እንኳን እኔ ውቃቢዬ የኢትዮጵያን ሰንደቅ ነው ይበልጥ የሚወድ እሱን ስጡኝ ማለት ላልቻለው ሾካካ ነው።,መልዕክቱ ለዚያ ሹመኛና ከፈራ እንኳን እኔ መንፈሴ የኢትዮጵያን ሰንደቅ ነው ይበልጥ የሚወድ እሱን ስጡኝ ማለት ላልቻለው ሰዉዬ ነው።,,False,False,False,False,False,no_generation,train,1337,True,,,,,,
am-0221,am-g0255,am,እነደግም ሰው መስለከኝ ለካ ሳር የሚበላ የሰው እሰሳ ነክ ካድሬ ጠላሁ,ጥሩ ሰው ትመስለኝ ነበረ ፤ ለመንግስት ሹም ጥሩ አመለካከት ላይኖረኝ ነው,,False,False,False,False,False,no_generation,train,1337,True,,,,,,
am-0222,am-g0015,am,Knock3who is there?Do uve anything to say . አማራ ጨዎ ህዝብ ነው። መድፈር በዘሩም የለ። ያንቺ አይነት የ360ውሾች አይነት የህዎት ዲቃላ,አማራ ጨዋ ህዝብ ነው። ደፈር ነው። ያንቺ አይነት  አየደለም,,False,False,False,False,False,no_generation,train,1337,True,,,,,,
am-0223,am-g0054,am,መተማ የአማራ ገበሬ ነው ድንበር ሲያስከብር የኖረው በወያኔ ዘመን ሱዳኖቹን ጥርሳቸውን እያለ እስካሁን አለ። የወያኔ ባንዳዎች ለሱዳን አግዘው ገበሬውን ሲገሉ፣ ክልሉን ሊሸጡ መረባረ,መተማ የአማራ ገበሬ ነው ድንበር መስከበር ስራ ለይ ሲሰተፍ  ኖረዋል።   በወያኔ ዘመን ከሱዳኖቹን ጋር እየተከከበበ ረ እስካሁን አለ።,,False,False,False,False,False,no_generation,train,1337,True,,,,,,
am-0228,am-g0198,am,አንተ ደንቆሮ የጠንቋይ ልጅ ጠላታችን እንደሆንክ ኣስተምረን እንነቃቸዋለን።,ወደጅ እንደልሆንን ኣስተምረን እንነቃቸዋለን።,,False,False,False,False,False,no_generation,train,1337,True,,,,,,
am-0238,am-g0229,am,አገር ወዳድ ለመምሰል ነው እንዴ?ምክንያቱም ምን አይነት ዘረኛ አንደሆንሽ በደንብ እናውቅሻለህ ስለዚህ አትላላጪ።እንደዛ ባይሆን ኖሮ አንቺ በሰራሽው ወንጀል,አገር ወዳድ ነሽ እንዴ?ምክንያቱም ምን አይነት ሰው አንደሆንሽ በደንብ እናውቅሻለህ ስለዚህ ብዙ አታዊሪ።እንደዛ ባይሆን ኖሮ አንቺ በሰራሽው ስራ,,False,False,False,False,False,no_generation,train,1337,True,,,,,,
am-0246,am-g0332,am,የት አባቱ ይደርሳል ይሄ የድንጋይ ዘመን ፋራ:: ብሎክ በማድረግ ማሳፈር ነው:: መልስ አያስፈልግም,የትም አይደርስም ፣ ነገር ቶሎ የማይገባው ብሎክ ማድረግ እንጂ መልስ መስጠት አያስፈልግም,,False,False,False,False,False,no_generation,train,1337,True,,,,,,
am-0252,am-g0041,am,ለዚኖራል በሬየን ያረድኩት አለአበው ከቅሌትጋር መያዙ ላይቀር በልቶ ያልጠገበውን ያገሬውን ሰው ያስጨረሰው በዛምላሱ ምን ያወራ ይሆን?,ለዚኖራል በሬየን ያረድኩት አለአበው ከእንዲህ አይነት ስራ ጋር መያዙ ላይቀር በልቶ ያልጠገበውን ያገሬውን ሰው እንዲጎዳ አድርጎ፤ እስቲ አሁን ምን ያወራ ይሆን?,,False,False,False,False,False,no_generation,train,1337,True,,,,,,
am-0253,am-g0104,am,በህል አለም ነው ያለሀው አቶ ሾርት ሚሞሪ የምታወራውን እንኮን ለሰው ለራስህም አትድገመው መቼስ ጅል አይሙት ኢሳያስ የአሽከር አሽከር,በህል አለም ያለህ ያህል ነው ነገሮችን የምትረሳወ ፤ የምታወራውን ለራስህም ባትደግመው ይሻላል፡፡,,False,False,False,False,False,no_generation,train,1337,True,,,,,,
am-0254,am-g0155,am,አሁን ጥያቄው ሰውየው ተይዞ ቂሊንጦ ሲገባ የሻማ ነው ወይስ የሮኬት ነው ሚጠየቀው የሚለው ነው,ሰውየው በህግ ጥላ ስር ውሎ ወደ አስር ቤት ቢገባ እንደሌሎች እስረኞች የደንቡ ነው የሚጠየቀው ወይስ ከዚያ በላይ መሆን አለበት,,False,False,False,False,False,no_generation,train,1337,True,,,,,,
am-0258,am-g0284,am,እዩት እሄን ጅል.አሁን በዚህ ሰአት ማምለክ ይሻላል ወይስ ስሙ ይቀየርልኝ ብሎ ማላዘን ??,እዩት እሄን ሰው.አሁን በዚህ ሰአት መቀበል ይሻላል ወይስ ስሙ ይቀየርልኝ ብሎ መጮህ ??,,False,False,False,False,False,no_generation,train,1337,True,,,,,,
am-0259,am-g0379,am,ዶ/ር ዐቢይን በመግደል ጠ/ርነትን ለመቆናጠጥ የሚያልም የቀን ጅብ እንዴት ጅል ነው ወዳጆቼ,በሀይል ጠቅላይሚኒስቴር ለመሆን ማሰብ አርቆ አለማሰብን ያሳያል፡፡,,False,False,False,False,False,no_generation,train,1337,True,,,,,,
am-0260,am-g0217,am,አንች ዲቃላ ሞናሊዛ ላይ የደረሰው ግፍ ባንቺ እና በልጆችሽ ፤በእህትሽ ፤ቤተሰቦችሽ ይድረስሽ ቢያንስ አንቺ ሴት ነሽ ቆሻሻ።,በሞናሊዛ ላይ የደረሰው ግፍ ባንቺ እና ቤተሰቦችሽ ቢደርስስ,,False,False,False,False,False,no_generation,train,1337,True,,,,,,
am-0261,am-g0000,am,1/2 ውሻታም ነሽ ማለት ነው። በህይወት ዋጋ በደኖ፣ አርባጉጉ፣ ጉራፈርዳ፣ ቤንቺ ማጂ፣ መተከል፣ መንግስት ባመነው በድምሩ ከ5ሺ ያለነሱ ሰ,መንግስት እንኳን ባመነው ፡ በደኖ፣ አርባጉጉ፣ ጉራፈርዳ፣ ቤንቺ ማጂ፣ መተከል፣ በድምሩ ከ5ሺ ያለነሱ ህይወታቸውን ማጣታቸውን አልሰማሽም ?,,False,False,False,False,False,no_generation,train,1337,True,,,,,,
am-0262,am-g0108,am,በመጀመሪያ ደደብ አንተ ነህ ሲቀጥል ደግሞ ምን አባህ አገባህ መች እንደከፈትኩት አርፈህ እዛዉ በለስህን ብላ ቀለዋጭ።,በመጀመሪያ አንተ ነህ ነገር የማይገባህ ሲቀጥል ደግሞ ምን  አገባህ መች እንደከፈትኩት,,False,False,False,False,False,no_generation,train,1337,True,,,,,,
am-0263,am-g0262,am,እኔ እያሰብኩ ያለሁት እንደ መንጌ ሽሉክ ብለህ እንዳታመልጥብን ብቻ ነው::,አንዳንድ ጊዜ እንደመንጌ ድንገት ተነስተህ ልትሄድ እንደምትችል አስባለሁ,,False,False,False,False,False,no_generation,train,1337,True,,,,,,
am-0266,am-g0089,am,ሴትኮ ሁሉም ነገር ናት ሰለዚህ የተሳደብክ ከመሰለህ ተሳስተሀል ውሻ ደግም ታማኝ ነው ያሳደገውን ያውቃል ይልቅ የአንተ ባዶ ጭንቅላት ገረመኝ እርሲ ሀምሐም በለት ለታይ,ሴትኮ ሁሉም ነገር ናት፡ ውሻ ደግም ታማኝ ነው ያሳደገውን ያውቃል ይልቅ የአንተ ነገር ገረመኝ,,False,False,False,False,False,no_generation,train,1337,True,,,,,,
am-0277,am-g0112,am,በትግራይ ክልል ስለተፈጠረው የማህበራዊ ቀውስ ትንፍሽ የማይል፣ በአንፃሩ ስለማዳጋስካር የረሃብ ክስተት ትንታኔና ዲስኩር የሚሰጥ ብሔራዊ ቴሌቭዥን ያለን አሳዛኝ ህዝቦች እኮ ነን EBC ማፈሪያ_ሚዲያ,የእኛ ቴሌቪዥን በትግራይ ክልል ስለተፈጠረው የማህበራዊ ቀውስ ምንም ሳይል ፣ በአንፃሩ ስለማዳጋስካር የረሃብ ክስተት ጥልቅ ትንታኔ  ሲሰጥ ሲታይ እንደ ሀገር ያሳዝናል ፡፡,,False,False,False,False,False,no_generation,train,1337,True,,,,,,
am-0279,am-g0226,am,አይ አንተ አህያ ሜዳ ላይ ምን እየተሰራ እነዳለ በደንብ ስለምታቅ ለግዜው ዝምህ ሸፈጥ ስራ,አይ አንተ ሜዳ ላይ ምን እየተሰራ እነዳለ በደንብ ስለምታቅ ለግዜው በድብቅ የራስህን ስራ,,False,False,False,False,False,no_generation,train,1337,True,,,,,,
am-0283,am-g0008,am,Egotistic ብሬንለስ ደደብ ብቻ ነው አገሩን ሚመራው,ለራሱ ብቻ የሚያስብ ነው  አገሩን የሚመራው,,False,False,False,False,False,no_generation,train,1337,True,,,,,,
am-0286,am-g0006,am,DW ናችሁ ወይም ግንዛቤ የላችሁም ካልክ ወዲያ የምን ሊል አስቦ ነው? የምን ጥሩና መጥፎ ነው? እንዲህ ካመናችሁ እንዲህ ናችሁ እያልከን አይደል? ??,ብዙም ግንዛቤ የላችሁም ።  ምን ሊል አስቦ ነው? የምን ጥሩና መጥፎ ነው? እንዲህ ካመናችሁ እንዲህ ናችሁ እያልከን አይደል? ??,,False,False,False,False,False,no_generation,train,1337,True,,,,,,
am-0288,am-g0152,am,አሁን በዚህ ሪፖርት ምኑ ነው ዋዜማን የወያኔ አፍ የሚያስብለው? የጠቅላዩን ስብከት ብቻ መስማት ለሚፈልግ ዋልታ፣ ፋና፣ ኢቢሲ . አሉ።,በዚህ ሪፖርት ውስጥ ዋዜማን እንደዚያ የሚያስብል  ነገር ያለ አይመስለኝም? የአንደ ወገን ሀሳብ ብቻ መስማት ለሚፈልጉ የመንግስ ሚዲያዎችን መስማት ይችላል፡፡,,False,False,False,False,False,no_generation,train,1337,True,,,,,,
am-0289,am-g0055,am,መቼም የካድሬ ልማድ ጨርሶ አይልቀም - ስንት ተለቆበት ይሆን እንዲህ ጭራውን የሚቆላው? I wonder?,መቼም የፖለቲካ ሹም ልማድ ጨርሶ አይልቀም - ምን ተደርጎለት ይሆን እንዲህ የሚሽቆጠቆጠው?,,False,False,False,False,False,no_generation,train,1337,True,,,,,,
am-0291,am-g0393,am,ጦርነት ሲያልቅ ነው የሚታወቀው ።ከዛ በፊት ግን ሙሉ ሠው ለመሆን ሞክር ።ፈጣሪ ይርዳክ,ጦርነት ሲያልቅ ነው የሚታወቀው ።ከዛ በፊት ግን አንተ በሰብአዊነት የሚደረገውንና የሚታሰበውን አድርግ ።,,False,False,False,False,False,no_generation,train,1337,True,,,,,,
am-0293,am-g0200,am,አንተ ደደብ ጀግንነት ሲቪል ሰው በማጥቃት ነው እንዴ አንተ ማትረባ አጋሰስ,ጀግንነት ሲቪል ሰው ማጥቃት አድርገህ  ነው እንዴ የምታየው ?,,False,False,False,False,False,no_generation,train,1337,True,,,,,,
am-0295,am-g0346,am,የደርግ ልጅ ደርጋዊነትን ስትሰብክ.ምን ታድርግ? ሕግ የሚባል ነገር እንዳለ ያ አረመኔ አባቷ አላስተማራትማ,የደርግ ልጅ ደርጋዊነትን ስትሰብክ.ምን ታድርግ? ሕግ የሚባል ነገር እንዳለ  አባቷ አላስተማራትማ,,False,False,False,False,False,no_generation,train,1337,True,,,,,,
am-0307,am-g0025,am,ሀቅ ነው፣ ሰውየው አንድ ነገር ቢሆን ወይዘሮዋ በየቦታው እየዞሩ ትምህርት ቤት አይመርቁም ነበር፣ ግን ስዪም ተሾመ በፊት ወሬ እንለቡ የአገኝ ነበር አሁን ስለተከለከለ በግምት መቀባጠር ጀመረ።,ሰውየው ጋር ችግር ቢኖር ኖሮ እሷን እዚህ ት/ት ቤት ስታስመርቅ አናያትም ነበር፡፡ ስዩም ተሾመ አሁን የመረጃ እጥረት ያጋጠመው ይመስላል፡፡,,False,False,False,False,False,no_generation,train,1337,True,,,,,,
am-0310,am-g0197,am,አንተ ደንቆሮ የሸርሙጣ ልጅ አህያ ቦዶ ጭንቅላት ዘረኛ የሴት ልጅ አቅምህን እውቅ እንዳ አንተ አይነቱ ተላላኪ ነው አገራችን እንዳትረጋጋ ያደረጋት ቆሻሻ,አቅምህን ብታውቅ ደህና ነው ፤ እናንተ ናችሁ ባንድ በኩል ሀገሪቱ እንዳትረጋጋ ያደረጋችኋት,,False,False,False,False,False,no_generation,train,1337,True,,,,,,
am-0319,am-g0195,am,አንተ የሸርሙጣ ልጅ ጠብቅ አንተም አብይም ዋጋችሁን ታኛላችሁ,አንድ ቀን አንተም አብይም ዋጋችሁን መክፈላችሁ አይቀርም,,False,False,False,False,False,no_generation,train,1337,True,,,,,,
am-0321,am-g0143,am,ቱልቱላ ከፍታን የሚገለፀው በስራ እንጂ በወሬ አይደለም ሙሉ ከተማ እያቃጠልክ ፣የሰው ልጅ በምታስተዳድረው ክልል ዘቅዝቀህ እየሰቀልከ ፣ሰው ቆጥቦ የሰራው,ከፍታን የሚገለፀው በስራ እንጂ በወሬ አይደለም ከተማው እንዳልነበረ እየሆነ ፣የሰው ልጅ በምታስተዳድረው ክልል ከሰው ክብር ውጭ እየተደረገ ፣ሰው ቆጥቦ የሰራው,,False,False,False,False,False,no_generation,train,1337,True,,,,,,
am-0328,am-g0275,am,እንዳንተ አይነቱ ነው የታሪክ አተላ የሚባል አውቃችሁ ሞታችዋል,እውቀታችን ሀገራችንን የምናገለግልበት መሳሪያ እንጂ የምንመጻደቅበት ሊሆን አይገባውም,,False,False,False,False,False,no_generation,train,1337,True,,,,,,
am-0330,am-g0398,am,ፍርፋሪ ጣይ ብቶንማ አፈር በልተህ ነበር።እከክ ነገር ነህ አንተን ብሎ ተሳዳቢ ደደብ።,ለትንሽ ነው ከአደጋ ያመለጥከው፤ ትርፍ ቃል መናገርም ከአንተ አይጠበቅም፡፡,,False,False,False,False,False,no_generation,train,1337,True,,,,,,
am-0331,am-g0097,am,ቀባጣሪ ቆሻሻ ለስልጣንና ለገንዘብ አይንሽ የታዉረ ቆሻሻ የኤርሚያስ ገሰ ታናሽ እህት መቸም እንዳንች አይነቱ ገልቱ በጭብጨባ የሚሰክር ሰው ቦታ የላትም,ለስልጣንና ለገንዘብ እይታሽ ተከልሎ ጥሩ ነገር የለሽም፡፡ ጥሩ ቦታም አይኖርሽም,,False,False,False,False,False,no_generation,train,1337,True,,,,,,
am-0332,am-g0101,am,ቆሻሻ ባንዳ ጊዜ የሰጠህ መስሎህ በአምኒስቲ ጭምብል ታቀረሻለህ አደል።የጊዜ ጉዳይ ነው.,በአምንስቲ በኩል በዚህ ጊዜ ይህን ማለትህ ትክክል አይደለም,,False,False,False,False,False,no_generation,train,1337,True,,,,,,
am-0334,am-g0053,am,መስሪያ ቤት ስለ ኔዮ ሊብራሊዝም ሰይጣንነት ስንት እንዳላስተማሩን ??,መስሪያ ቤት ስለ ኔዮ ሊብራሊዝም መጥፎነት ስንት እንዳላስተማሩን ??,,False,False,False,False,False,no_generation,train,1337,True,,,,,,
am-0335,am-g0201,am,አንተ ዶማ የሚያሳዝነው ሌላ የትግራይና የሀገራችን ትውልድ ለናንተ ዐይነቱ ውሻ ብሎ መሞቱና አካሉን ማጣቱ ነው የሚያሳዝነው።,የሚያሳዝነው ሌላ የትግራይና የሀገራችን ትውልድ ለጥቂቶቸ ተብሎ መሞቱና አካሉን ማጣቱ ነው የሚያሳዝነው።,,False,False,False,False,False,no_generation,train,1337,True,,,,,,
am-0338,am-g0295,am,ከናንተ እንካን ጥሩ አንጠብቅም ግን ሰው ከሆንክ ትንሽ ሰብኣዊነት ካለህ ድምጽ እንካን ባትሆነን አፍህ,ካንተ ብዙ ባልጠብቅም ቢያንስ በሰብአዊነት ድምፅ እንኳን መሆን ባትችል ተቃውሞ አያስፈልግም,,False,False,False,False,False,no_generation,train,1337,True,,,,,,
am-0339,am-g0023,am,jerry Tigray እንዴው ለአፍህ አይከብድህም ቦቅቧቃ ብለህ ስትሳደብ አንተ ቀፎ አንተም ታውቀዋለሀሸ ጀግናነቱን በየጉድጓዱ ውስጥ የሸጎጠህን ጀግና በግሙ አፍህ,ጀግነነቱን እያወቅክ በተቃራኒው መግለፅህ እራስን እንደሸወድ ነው የሚቆጠርብህ,,False,False,False,False,False,no_generation,train,1337,True,,,,,,
am-0343,am-g0248,am,እርስዎ እና ዘረኛ መሪዎ በዝግታ እና በህመም ይሞታሉ,እርስዎ እና ከፋፋይ መሪዎ ብዙም ድምፅ ሳይሰማ ይሸኛሉ,,False,False,False,False,False,no_generation,train,1337,True,,,,,,
am-0345,am-g0169,am,አቤትትት??? የሰፈር ሰዎች ሁሉ ተማረሩ ቤታቸውን ዘግተው ምሳ ሰሩ:: . For that ሆዳም friend.,አቤትትት??? የሰፈር ሰዎች ሁሉ ተማረሩ ቤታቸውን ዘግተው ምሳ ሰሩ::,,False,False,False,False,False,no_generation,train,1337,True,,,,,,
am-0348,am-g0081,am,ሰው በላው አውሬ ጀነራል አብርሃ ወልደማርያም (ኳርተር) ለዘላለሙ አሸልቧል::,ጀነራል አብርሃ ወልደማርያም (ኳርተር) ህይወቱ አልፏል፡፡,,False,False,False,False,False,no_generation,train,1337,True,,,,,,
am-0349,am-g0094,am,ስዩም አለቆቹ የሚወዱትን ይወዳል፣ የሚጠሉትን ይጠላል። እሱ የሚናገረው በሙሉ አለቆቹ ሹክ ያሉትን ነው። ከመስመር ወጣ ካለ ደግሞ አምቡላንስ ልከው እንደሚሆን ያደርጋሉ።,ስዩም አለቆቹ የሚወዱትን ይወዳል፣ የሚጠሉትን ይጠላል። እሱ የሚናገረው በሙሉ አለቆቹ የነገሩትን ነው።,,False,False,False,False,False,no_generation,train,1337,True,,,,,,
am-0358,am-g0185,am,አንተ በጄት ቦንብ እየላክላቸው እነሱ ፍቅር ይላኩልህ እንዴ? ጅል ቢጤ ነህ ልበል?,አንተ  እየሰራህ ያለኸው ስራ የእነሱን ህልውና አደጋ ውስጥ የሚጥል ሆኖ ሳለ ከእነሱ ፍቅር መጠበቅ አትችልም፡፡,,False,False,False,False,False,no_generation,train,1337,True,,,,,,
am-0361,am-g0251,am,እሱን ያ አብይ ተይቀው ዝም ብለህ አትዘባርቅ ። አንተ እስኪ ተዋጋ ከዛ ሌላውን ቦቅቧቃ ትላለህ,እሱን የሚመለከታቸውን መጠየቅ ይቻላል፤ በግምት ግን አትናገር፡፡ መጀመሪያ አንተ ታገል እና ሌላው ኋላ ይደርሳል፡፡,,False,False,False,False,False,no_generation,train,1337,True,,,,,,
am-0364,am-g0357,am,ይሄ የደደብ የተሳዳቢ ቦታ አይደለም ቦታህን ፈልግ:: እኛ ለሚሰማ ለሚጠይቅ ለሚያነብ ብቻ ነው ቦታ ያለን::,እዚህ ቦታ እኛ ስድብን አንቀበልም  :: ማወቅ ያለብህ እኛ ለሚሰማ ለሚጠይቅ ለሚያነብ ብቻ ነው ቦታ ያለን::,,False,False,False,False,False,no_generation,train,1337,True,,,,,,
am-0372,am-g0065,am,ማሞ ሌላ መታወቂያው ሌላ ሰውየው ቅኔ ሲዘርፍ ያንተአይነቱ የዝንብ ገልቱ ሰሙ ላይ ሙጥኝ ይላል ያው የዝንብ ባህሪ ነው,ማሞ ሌላ መታወቂያው ሌላ ሰውየው ቅኔ ሲዘርፍ አንተ ደግሞ ስላልገባህ ሰሙ ላይ ሙጥኝ ትላለህ,,False,False,False,False,False,no_generation,train,1337,True,,,,,,
am-0375,am-g0026,am,ሀገርና መሪን መለየት እማ ይችል መሀይም ሁላ መንግስት በመጣ በሄደ ቁጥር ኢትዮጵያ ይፍረስ ይላል ሀገር ማንም ይሂድ ይምጣ ዘላለም ምትኖር ናት።,ሀገርና መሪን ለይተን ማየት መቻል ፡፡ የትኛውም መንግስት ቢመጣና ቢሄድ ኢትዮጵያ እንደ ሀገር ለዘላለም ምትኖር ናት።,,False,False,False,False,False,no_generation,train,1337,True,,,,,,
am-0378,am-g0060,am,መጀመሪያ አሜን የተጻፈው ነገር ጥሩ ነው። ግን 100 እርግጠኛ ነኝ እጆችሽ ያቃጠለሽ ነው ክርስትና ብለሽ የጻፍሽው ለምን ቢባል አንቺ አንድዋ ሰይጣን ስለሆንሽ ።??,መጀመሪያ አሜን የተጻፈው ነገር ጥሩ ነው። አንቺ ስለ ክርስትና  የጻፍሽው  ግን ትክክል አይደለም፡፡,,False,False,False,False,False,no_generation,train,1337,True,,,,,,
am-0379,am-g0261,am,እኔ እምልክ ዱክትርናህን በመሀይምነት ነው ኣ የተቀበልከው ስላንተ ቦለቲካ ሳይሆን የእናቱን ጡት መጥባት ስላልቻለው,ትምህርትህ የአመለካከት ብስለትህ ማሳያ ሊሆን ይገባዋል,,False,False,False,False,False,no_generation,train,1337,True,,,,,,
am-0381,am-g0100,am,ቅርሻታምስ እንተው ራስስህ ነህ ከአፍህ የሚወጣው ይሽታል አስተሳሰብህም እንደዛው ነው ባለጌ ነህ አሳዳጊ የበደለህ። እደግመዋለውአዎ ይህ ወንድሞቹን የበላ አውሬ ነው ።,የምትናገረው ነገር ሰውን የሚያስከፋ ነው ፤ ስርአት የለህም,,False,False,False,False,False,no_generation,train,1337,True,,,,,,
am-0382,am-g0149,am,ትግላቹ ገደል ገባ አውሮፓ አሜሪካ አረብ አገር ሆነሽ ነው ምትታገይ ገልቱ,ውጭ ሆኖ የሚደረግ ትግል ውጤታማ አይሆንም፡፡,,False,False,False,False,False,no_generation,train,1337,True,,,,,,
am-0387,am-g0042,am,ለግምብራስማ አሳነሰው . ትንሽ ደረቅ ብታደርግለት ብዬ እኮ ነው .,ትንሽ ብታስተካክለው ብዬ ነው፡፡,,False,False,False,False,False,no_generation,train,1337,True,,,,,,
am-0390,am-g0193,am,አንተ የሰው አተላ መቼም ቢሆን ኢትዮጵያ ላንተ አይነቱ ነጭ ነጫጭባ ዝቅ ብላ አታቅም ድሮም አሳማ ቆሻሻ ይወዳል፣ ነጭ አሳማ/The,ኢትዮጵያ በታሪኳ ለፈረንጅ ዝቅ ብላ አታቅም,,False,False,False,False,False,no_generation,train,1337,True,,,,,,
am-0394,am-g0057,am,መንግስት ጉያው ውስጥ የተወሸቁትን እነ ስዩም ተሸመና መሰሎቹ የሚረጩትን መርዝ ካላስቆመና አደብ ካላስገዛ መንግስት እሳት በማጥፋት መጠመዱና ዜጋም ውድ ህይወቱን ከፋይ መሆኑ የማይቀር ነው፡፡,መንግስት ውስጡ ያሉትን እነ ስዩም ተሸመና መሰሎቹ የሚናገሩትን ልዩነትን የሚያሰፉ መረጃዎችን  ካላስቆመና ስርአት ካላስያዘ መንግስት እሳት በማጥፋት መጠመዱና ዜጋም ህይወቱን ማጣቱ ይቀጥላል፡፡,,False,False,False,False,False,no_generation,train,1337,True,,,,,,
am-0396,am-g0311,am,ወንድ የሴት ምንትስ እና ጡት ብቻ ነው የሚያየው ብለሽ ደመደምሽው በቃ? ነገ ደሞ ወንዶች የውጭ እንጂ የውስጥ ውበት አያዩም ብለሽ ለቅሶ ደቅ ትያለሽ,አንድ ጊዜ ወንድ የሴት ምንትስ እና ጡት ብቻ ነው የሚያየው ትያለሽ ሌላ ጊዜ ደሞ ወንዶች የውጭ እንጂ የውስጥ ውበት አያዩም ትያለሽ,,False,False,False,False,False,no_generation,train,1337,True,,,,,,
am-0398,am-g0061,am,መጋዣ ነገር ነህ አንተ ምን አለብህ ፊትህ ከደለበ ሆድህም ካልጎደለ ሰው ቢታረድ ቢራብ ቢሰደድ ወገንህ አደለ ምን ትሆናለህ አንተ,የሰዎችን ችግርና መከራ  እንደራስህ  ማየትን መልመድ አለብህ,,False,False,False,False,False,no_generation,train,1337,True,,,,,,
ar-0001,ar-g0340,ar,ههه واضح مين اللي يبيع ارضه ومين اللي يدافع عن ارضه وحررها من المجوس,ههه واضح مين اللي يبيع ارضه ومين اللي يدافع عن ارضه وحررها من الإيرانيين,,False,False,False,False,False,no_generation,train,1337,True,,,,,,
ar-0005,ar-g0131,ar,تخيل تقطع وريدك في بانيو الحمام عشان سوسو قالت عليك يا دبة وهههههههه,تخيل تقطع وريدك في بانيو الحمام عشان سوسو قالت عليك يا سمينة وهههههههه,,False,False,False,False,False,no_generation,train,1337,True,,,,,,
ar-0009,ar-g0191,ar,ضاعت فلوسك يا دبه ببلاش,ضاعت فلوسك ببلاش,,False,False,False,False,False,no_generation,train,1337,True,,,,,,
ar-0011,ar-g0090,ar,الله يلعن كس ام سخافتكم ي شراميط انفجار دمر نص بيروت سبب ضحايا و مفقودين تجون تسوون عليه نكت سافله مثلكم ؟ لكم مقا,اانفجار دمر نص بيروت سبب ضحايا و مفقودين تجون تسوون عليه نكت سافله؟ لكم مقا,,False,False,False,False,False,no_generation,train,1337,True,,,,,,
ar-0021,ar-g0027,ar,إجمع مالاً بقدر ما تستطيع ، لا تكن غبي مِثل أبيك ، فإن كل شيء سهل بالمال يا بُني,إجمع مالاً بقدر ما تستطيع ، لا تكن مِثل أبيك ، فإن كل شيء سهل بالمال يا بُني,,False,False,False,False,False,no_generation,train,1337,True,,,,,,
ar-0024,ar-g0207,ar,غير صحيح لان قردوغان في ورطه,غير صحيح لان أردوغان في ورطه,,False,False,False,False,False,no_generation,train,1337,True,,,,,,
ar-0031,ar-g0322,ar,هتعدي الخط الأحمر امتئ ي قردوغان مرة 50 يوم,هتعدي الخط الأحمر امتئ ي أردوغان مرة 50 يوم,,False,False,False,False,False,no_generation,train,1337,True,,,,,,
ar-0034,ar-g0146,ar,جماعة السلطة عم تحكي عن شغب وتكسير بالمظاهرة اليوم، شغب وتكسير أكبر من إنفجار ٤ آب يا شراميط؟ سؤال بس 🤷‍♂️,جماعة السلطة عم تحكي عن شغب وتكسير بالمظاهرة اليوم، شغب وتكسير أكبر من إنفجار ٤ آب؟ سؤال بس 🤷‍♂️,,False,False,False,False,False,no_generation,train,1337,True,,,,,,
ar-0036,ar-g0051,ar,استغفر الله ربي واتوب اليك 💔 وين ترحون من الله يل السياسين الا لعنة الله عليكم 💔 💔,استغفر الله ربي واتوب اليك 💔 وين ترحون من الله يل السياسين الا حسبي الله عليكم 💔 💔,,False,False,False,False,False,no_generation,train,1337,True,,,,,,
ar-0038,ar-g0029,ar,إذاً، من الأحمق الآن؟,إذاً، من الشخص غير المطلع الآن؟,,False,False,False,False,False,no_generation,train,1337,True,,,,,,
ar-0040,ar-g0083,ar,اللعنة، ربما نقوم بنسف ذلك حقًا خلال أسبوع.,ربما نقوم بنسف ذلك حقًا خلال أسبوع.,,False,False,False,False,False,no_generation,train,1337,True,,,,,,
ar-0041,ar-g0284,ar,متخلف ذا يحب يثير الجدل على ولا شي,غير مدرك ذا يحب يثير الجدل على ولا شي,,False,False,False,False,False,no_generation,train,1337,True,,,,,,
ar-0042,ar-g0224,ar,كس امكم مافيه احد يجاوبني,مافيه احد يجاوبني,,False,False,False,False,False,no_generation,train,1337,True,,,,,,
ar-0045,ar-g0251,ar,لبنان مش محتاجه دعم من شراميط من أمثالكم كفو اذاكم عنها فقط لاغير,لبنان مش محتاجه دعم من أمثالكم كفو اذاكم عنها فقط لاغير,,False,False,False,False,False,no_generation,train,1337,True,,,,,,
ar-0047,ar-g0262,ar,لماذا يهتم الكنديون بالهوكي في حين أن فرقهم كلها خاسرة؟,لماذا يهتم الكنديون بالهوكي في حين أن فرقهم ك ليست الأفضل؟,,False,False,False,False,False,no_generation,train,1337,True,,,,,,
ar-0048,ar-g0217,ar,قردوغان 🐒 لم يتدخل في ليبيا او سوريا وقطر لحمايتهم او الخفاظ على مواردهم فهذا حال كل بلد يتدخل فيه هذ…,أردوغان لم يتدخل في ليبيا او سوريا وقطر لحمايتهم او الخفاظ على مواردهم فهذا حال كل بلد يتدخل فيه هذ…,,False,False,False,False,False,no_generation,train,1337,True,,,,,,
ar-0050,ar-g0208,ar,فريق غبي حتى البلنتي جاء بالغلط,فريق مبتدئ حتى البلنتي جاء بالغلط,,False,False,False,False,False,no_generation,train,1337,True,,,,,,
ar-0057,ar-g0215,ar,قردوغان دخل غازيا فمن مهد له الطريق,أردوغان دخل غازيا فمن مهد له الطريق,,False,False,False,False,False,no_generation,train,1337,True,,,,,,
ar-0059,ar-g0261,ar,لماذا لا تنزل ياحمار وتحتج على ذلك.,لماذا لا تنزل وتحتج على ذلك,,False,False,False,False,False,no_generation,train,1337,True,,,,,,
ar-0063,ar-g0120,ar,بس يا حمار هو انت بتعالج مجانا كله بمصاري,بس هو انت بتعالج مجانا كله بمصاري,,False,False,False,False,False,no_generation,train,1337,True,,,,,,
ar-0065,ar-g0246,ar,لا لا لا الحكم ده غبي اوي كده ليه,لا لا لا الحكم ده جاهل اوي كده ليه,,False,False,False,False,False,no_generation,train,1337,True,,,,,,
ar-0069,ar-g0359,ar,وجمهورنا مبسوط يقولك البريكان مو مطلوب منه يسجل لعنة الله عليكم 😭,وجمهورنا مبسوط يقولك البريكان مو مطلوب منه يسجل 😭,,False,False,False,False,False,no_generation,train,1337,True,,,,,,
ar-0071,ar-g0069,ar,الخسيس متحسف ع التداول والبقاء فوق ٨٦١٤ وده يرجع يتأكد منها قبل نهاية الجلسه والمزاد ويشاور عليها يمسكها ولا يشرمها 😎,متحسف ع التداول والبقاء فوق ٨٦١٤ وده يرجع يتأكد منها قبل نهاية الجلسه والمزاد ويشاور عليها يمسكها ولا يشرمها 😎,,False,False,False,False,False,no_generation,train,1337,True,,,,,,
ar-0072,ar-g0323,ar,هده الاخبار نشرا البارح كاتعاودو تنشروها لعنة الله عليكم,هده الاخبار نشرا البارح كاتعاودو تنشروها,,False,False,False,False,False,no_generation,train,1337,True,,,,,,
ar-0073,ar-g0334,ar,هذا يجب أن يكون أغبى وأفسد طريقة للمنافقة في تاريخ البشرية,يجب أن تكون هذه الطريقة الأكثر فسادا للمزايدة في تاريخ البشرية,,False,False,False,False,False,no_generation,train,1337,True,,,,,,
ar-0074,ar-g0326,ar,هذا الرجل يعرف كيف يقتل الشيوعيين مثل لا أحد آخر!,هذا الرجل يعرف كيف يتعامل مع الشيوعيين مثل لا أحد آخر!,,False,False,False,False,False,no_generation,train,1337,True,,,,,,
ar-0077,ar-g0306,ar,من المعلقين المصريين متسولين وهلافيت وولاد شراميط,من المعلقين المصريين متسولين ومش نافعين,,False,False,False,False,False,no_generation,train,1337,True,,,,,,
ar-0081,ar-g0188,ar,صح النوووووم ياجزائر !!!! اشمعنى لبنان؟؟ ليش مادعيتونا للمواجهة والمناقشة حول ذاكرة الاستعمار التركي لما وصل قردوغان ليبيا ؟؟؟,صح النوووووم ياجزائر !!!! اشمعنى لبنان؟؟ ليش مادعيتونا للمواجهة والمناقشة حول ذاكرة الاستعمار التركي لما وصل أردوغان ليبيا ؟؟؟,,False,False,False,False,False,no_generation,train,1337,True,,,,,,
ar-0082,ar-g0092,ar,اللهم عليك بالفاسدين الظالمين الملاعين اللهم عليك بكل وزير فاسد لعنة الله عليكم,اللهم عليك بالفاسدين الظالمين اللهم عليك بكل وزير فاسد,,False,False,False,False,False,no_generation,train,1337,True,,,,,,
ar-0084,ar-g0010,ar,أكثر برهانا على أن الليبرالية قد تكون اضطرابا عقليا,المزيد من البرهان على أن الليبرالية قد تكون مشكلة,,False,False,False,False,False,no_generation,train,1337,True,,,,,,
ar-0090,ar-g0335,ar,هذه ليست سياسة، هذه ليست سوى ثور مغرور للجماهير الجاهلة.,هذه ليست سياسة,,False,False,False,False,False,no_generation,train,1337,True,,,,,,
ar-0091,ar-g0260,ar,للجميع أصعب مهمه بحياتي اسكر سحاب فستان وحده دبه والمشكله تهدد ياويلك لو انقطع يامسلمه اتقي الله.,للجميع أصعب مهمه بحياتي اسكر سحاب فستان وحده سمينة والمشكله تهدد ياويلك لو انقطع يامسلمه اتقي الله.,,False,False,False,False,False,no_generation,train,1337,True,,,,,,
ar-0093,ar-g0071,ar,الدكتور بيقولي بلاش عصبية مش عارف اني بتعامل مع منايك تربية زرايب,الدكتور بيقولي بلاش عصبية مش عارف اني بتعامل مع ناس بدون تربية,,False,False,False,False,False,no_generation,train,1337,True,,,,,,
ar-0094,ar-g0281,ar,ما قصرت .. تطور الامر .. لعنة الله عليكم,ما قصرت .. تطور الامر ..,,False,False,False,False,False,no_generation,train,1337,True,,,,,,
ar-0096,ar-g0394,ar,يعني حياة المواطنين رخيصه عنكم .. ما يهمك من مات ع قد ما يهمك تثبت انك صح .. لعنة الله عليكم ولعنة الله ع السياسه والسياسيين,يعني حياة المواطنين رخيصه عنكم .. ما يهمك من مات ع قد ما يهمك تثبت انك صح .. مافي خير في السياسه والسياسيين,,False,False,False,False,False,no_generation,train,1337,True,,,,,,
ar-0098,ar-g0020,ar,أنصار درامب المزريون يعتقدون أن أي شخص ليس أبيضاً هو بالتأكيد غير قانوني.,أنصار درامب يعتقدون أن أي شخص ليس أبيضاً هو بالتأكيد غير قانوني.,,False,False,False,False,False,no_generation,train,1337,True,,,,,,
ar-0105,ar-g0060,ar,افضل تعليق شفته للمقطع كلام دبه 💔,افضل تعليق شفته للمقطع كلام واحدة سمينة💔,,False,False,False,False,False,no_generation,train,1337,True,,,,,,
ar-0109,ar-g0163,ar,دانتو شوية بنات شراميط اقسم بالله ي كلاب الفولو ي عرر,دانتو شوية بنات اقسم بالله ي بتوع الفول,,False,False,False,False,False,no_generation,train,1337,True,,,,,,
ar-0112,ar-g0160,ar,خرجناك من اسيا ودعسناكم اكثر من مرا حرمناك من اسيا وصياحكم كان طرب واخذنا من…,خرجناك من اسيا وغلبناكم اكثر من مرا حرمناك من اسيا وصياحكم كان طرب واخذنا من…,,False,False,False,False,False,no_generation,train,1337,True,,,,,,
ar-0113,ar-g0175,ar,ردوا مصريات الناس يا عكاريت وشوفوا كيف الميلاد بيصير مجيد والعام الجديد بيصير سعيد، لعنة الله عليكم وع,ردوا مصريات الناس وشوفوا كيف الميلاد بيصير مجيد والعام الجديد بيصير سعيد،,,False,False,False,False,False,no_generation,train,1337,True,,,,,,
ar-0117,ar-g0329,ar,هذا خارجي تكفيري. ويأتون بآثار مكذوبه ويتركون الاحاديث الصِحاح التي يفهمها البل…,هذا يكفر الناس . ويأتون بآثار مكذوبه ويتركون الاحاديث الصِحاح التي يفهمها البل…,,False,False,False,False,False,no_generation,train,1337,True,,,,,,
ar-0120,ar-g0165,ar,دعه يستمر في هذا النهج حتى يكون لديه حبل كافٍ ليشنق نفسه.,دعه يستمر في هذا النهج حتى يكون لديه ما يكفي ليظهر نتائج أفعاله.,,False,False,False,False,False,no_generation,train,1337,True,,,,,,
ar-0125,ar-g0011,ar,ألبرت أراكلين: لا يمكنني معرفة إذا كان منشورك ساخراً أو غبياً.,ألبرت أراكلين: لا يمكنني معرفة إذا كان منشورك ساخراً أو غير مدروس.,,False,False,False,False,False,no_generation,train,1337,True,,,,,,
ar-0126,ar-g0110,ar,انسان غبي وردوك مفهاش احترام للى قدامك ومعرفش مستحمل تبقى كدا ازاى .,انسان سطحي وردوك مفهاش احترام للى قدامك ومعرفش مستحمل تبقى كدا ازاى .,,False,False,False,False,False,no_generation,train,1337,True,,,,,,
ar-0131,ar-g0266,ar,لويس الآن يرتدي قبعة صغيرة على رأسه السمين,لويس الآن يرتدي قبعة صغيرة على رأسه,,False,False,False,False,False,no_generation,train,1337,True,,,,,,
ar-0137,ar-g0179,ar,سبحان الله كأنك تتكلم عن نفسك فيه احد ما أحتل مصر يابهيمه وشارع الهرم يشه…,سبحان الله كأنك تتكلم عن نفسك فيه احد ما أحتل مصر وشارع الهرم يشه…,,False,False,False,False,False,no_generation,train,1337,True,,,,,,
ar-0143,ar-g0116,ar,بدون ذكر الأغبياء مثل بيلوسي,الناس مثل بيلوسي ليسوا جيدين,,False,False,False,False,False,no_generation,train,1337,True,,,,,,
ar-0150,ar-g0099,ar,النقر على الرابط مع هذه القصة يجعلني أشعر بالغباء.,النقر على الرابط لهذه القصة يجعلني أشعر بالسوء,,False,False,False,False,False,no_generation,train,1337,True,,,,,,
ar-0152,ar-g0270,ar,ليش انتو تجننولاوماحد يقول سلمو الرواتب سلموهن يا منايك,ليش انتو تجننولاوماحد يقول سلمو الرواتب سلموهن,,False,False,False,False,False,no_generation,train,1337,True,,,,,,
ar-0153,ar-g0332,ar,هذا هو الخراء الذي يضحكون عليه بسبب بساطته.,هذا هو الذي يضحكون عليه بسبب بساطته.,,False,False,False,False,False,no_generation,train,1337,True,,,,,,
ar-0154,ar-g0061,ar,افهم تراك تعتبر زنجي بينهم,افهم تراك تعتبر أسمر بينهم,,False,False,False,False,False,no_generation,train,1337,True,,,,,,
ar-0162,ar-g0290,ar,مستحيل الشعب الفلسطيني كذا انت لاتمثل الشعب الفلسطيني يا حمار,مستحيل الشعب الفلسطيني كذا انت لاتمثل الشعب الفلسطيني,,False,False,False,False,False,no_generation,train,1337,True,,,,,,
ar-0167,ar-g0264,ar,لهذا السبب تخليت عن التدريس بسبب المتخلفين أمثالك,لهذا تخليت عن التدريس بسبب شخص مثلك,,False,False,False,False,False,no_generation,train,1337,True,,,,,,
ar-0168,ar-g0181,ar,سمها الغباء النهائي.,سمها سذاجة.,,False,False,False,False,False,no_generation,train,1337,True,,,,,,
ar-0169,ar-g0050,ar,ازعجونا حذاء العصملي. يقولونا بناها العثمانيون الترك. في القرن ال 19,ازعجونا أنصار العصملي. يقولونا بناها العثمانيون الترك. في القرن ال 20,,False,False,False,False,False,no_generation,train,1337,True,,,,,,
ar-0173,ar-g0273,ar,ليه الستات بقى أغلبهم شراميط دي بقي حبيبتي,ليه الستات بقى أغلبهم ساقطات دي بقي حبيبتي,,False,False,False,False,False,no_generation,train,1337,True,,,,,,
ar-0183,ar-g0038,ar,إني أقرأ ببطيء عن حرب فيتنام أاللعينة .,أقرأ، ببطء، mcmasters إهمال الواجب حول حرب فيتنام.,,False,False,False,False,False,no_generation,train,1337,True,,,,,,
ar-0185,ar-g0371,ar,ومن قالك يا اقرع انه مكنش عندنا ثقه ببلدنا 😏,ومن قالك انه مكنش عندنا ثقه ببلدنا 😏,,False,False,False,False,False,no_generation,train,1337,True,,,,,,
ar-0191,ar-g0254,ar,لعنة الله عليكم بعتم الأرض والعرض لليهود كيف ستقفون أمام الله,حسبي الله بعتم الأرض والعرض لليهود كيف ستقفون أمام الله,,False,False,False,False,False,no_generation,train,1337,True,,,,,,
ar-0192,ar-g0374,ar,يا إلهي، لقد ذهبت حتى الآن، إنه أمر سخيف !,أومج، أنت حتى الآن ذهبت أنها ليست جيدة!,,False,False,False,False,False,no_generation,train,1337,True,,,,,,
ar-0194,ar-g0070,ar,الخول جبران باسيل روح طلع حزب اللات والمليشيات الشيعية من بلدنا ليرجعوا النازحين يلي احتليتوا أراضيهم وهجرتون يا مجرمين,جبران باسيل روح طلع حزب اللات والمليشيات الشيعية من بلدنا ليرجعوا النازحين يلي احتليتوا أراضيهم وهجرتون,,False,False,False,False,False,no_generation,train,1337,True,,,,,,
ar-0197,ar-g0072,ar,الديانة النصرانية هي نسخة طبق الأصل عن الديانة الزرادشتية سلمها المجوس للنصارى يداً بيد ومثلاً بمثل!,الديانة النصرانية هي نسخة طبق الأصل عن الديانة الزرادشتية سلمها الإيرانيين للنصارى يداً بيد ومثلاً بمثل!,,False,False,False,False,False,no_generation,train,1337,True,,,,,,
ar-0200,ar-g0164,ar,دس السم في العسل عليكم لعنة الله,دس السم في العسل,,False,False,False,False,False,no_generation,train,1337,True,,,,,,
ar-0201,ar-g0277,ar,ما حدا احسن من حدا كلهن منايك وولاد قحبة 🙏,ما حدا احسن من حدا 🙏,,False,False,False,False,False,no_generation,train,1337,True,,,,,,
ar-0203,ar-g0389,ar,يبدو أنه يزدهر على هذه الأشياء وكثيرا ما يجعل وسائل الإعلام تبدو مثل الحمقى.,يبدو أنه يزدهر على هذه الأمور وغالبًا ما يجعل وسائل الإعلام تبدو غير حكيمة.,,False,False,False,False,False,no_generation,train,1337,True,,,,,,
ar-0206,ar-g0386,ar,ياكلب مسوي نفسك غني يلعن امك ترا مو عيب اذا كان الواحد فقير الله يرزق من يشاء,مسوي نفسك غني ترا مو عيب اذا كان الواحد فقير الله يرزق من يشاء,,False,False,False,False,False,no_generation,train,1337,True,,,,,,
ar-0207,ar-g0041,ar,اجل الاشكال هذه تفوز يلعن ابوك يازمن وابوك يافساد 😡,اجل الاشكال هذه تفوز ما شاءالله على هيك ازمن وابوك يافساد 😡,,False,False,False,False,False,no_generation,train,1337,True,,,,,,
ar-0212,ar-g0361,ar,وعمها يقول اخوك ممرض و محافظ عن صلاته م رح يكون متحرش و تغريدات عمها تفشللل تفكيره مره متخلف لدرجه…,وعمها يقول اخوك ممرض و محافظ عن صلاته م رح يكون متحرش و تغريدات عمها تفشللل تفكيره مره ساذج لدرجه…,,False,False,False,False,False,no_generation,train,1337,True,,,,,,
ar-0216,ar-g0351,ar,وأنت ذكي مثل شخص لديه فم كبير وعقل صغير وطفولي.,وأنت طفل صغير وذكي,,False,False,False,False,False,no_generation,train,1337,True,,,,,,
ar-0219,ar-g0310,ar,مهما اختلفت مع الاحداث والايام والناس ف #رابعه ف دا مش يديلك الحق انك ترضي باللي حصل ف اليوم دا إلا انك انسان متخلف…,مهما اختلفت مع الاحداث والايام والناس ف #رابعه ف دا مش يديلك الحق انك ترضي باللي حصل ف اليوم دا إلا انك انسان ساذج…,,False,False,False,False,False,no_generation,train,1337,True,,,,,,
ar-0224,ar-g0068,ar,البنات الي يقولون الولد خروف ترا الخروف مايلحق إلا التبن فهمتي ياهبلة منك ليها😏🤭 حلفت ماحد يشكرني ياعيال😌,البنات الي يقولون الولد خروف ترا الخروف مايلحق إلا التبن فهمتي منك ليها😏🤭 حلفت ماحد يشكرني ياعيال😌,,False,False,False,False,False,no_generation,train,1337,True,,,,,,
ar-0225,ar-g0195,ar,عاد يوم انك بطل وراك جبت شراميط تقسيم يحمونك ؟,عاد يوم انك بطل وراك جبت بلطجية تقسيم يحمونك ؟,,False,False,False,False,False,no_generation,train,1337,True,,,,,,
ar-0226,ar-g0079,ar,العراقيين ديبينون شكد همة انانيين من خلال رفضهم لقانون يحمي العائلة كلها مو بس البنية وشكد تفكيرهم متخلف ومحدود!!,العراقيين ديبينون شكد همة انانيين من خلال رفضهم لقانون يحمي العائلة كلها مو بس البنية وشكد تفكيرهم ضيق ومحدود!!,,False,False,False,False,False,no_generation,train,1337,True,,,,,,
ar-0233,ar-g0213,ar,في كل مرة تتعرض للإستغلال تأكد أن الخطأ عائد لك لا محالة ، كونك كُنت غبي وحسن النية لأشخاص عمرهم ما كانوا يستاهلون…,في كل مرة تتعرض للإستغلال تأكد أن الخطأ عائد لك لا محالة ، كونك كُنت ساذج وحسن النية لأشخاص عمرهم ما كانوا يستاهلون…,,False,False,False,False,False,no_generation,train,1337,True,,,,,,
ar-0239,ar-g0271,ar,ليش بتنطرب وبتسكر لمن بتجيب سيرة الحذاء يا زلمي مع إن كل واحد بفش خلقو ع ذوقو حسب مفهومو ثقافتو وعقلو…,ليش بتنطرب وبتسكر لمن بتجيب سيرة هذا الشخص يا زلمي مع إن كل واحد بفش خلقو ع ذوقو حسب مفهومو ثقافتو وعقلو…,,False,False,False,False,False,no_generation,train,1337,True,,,,,,
ar-0240,ar-g0000,ar,#الهلال حارس قزم ولاعب وسط قلب دفاع أما أن لهذا العبث ان يتوقف مايحدث في الهلال يتطلب تدخل اعضاء الشرف لإنقاذ ا…,#الهلال حارس هاوي ولاعب وسط قلب دفاع أما أن لهذا العبث ان يتوقف مايحدث في الهلال يتطلب تدخل اعضاء الشرف لإنقاذ ا…,,False,False,False,False,False,no_generation,train,1337,True,,,,,,
ar-0242,ar-g0243,ar,لا بد أن يكون لك أعداء آخرون الآن أسدي لنفسك معروفا واغرب عن وجهي,يجب أن يكون لديك بعض الأعداء الآخرين، الآن تفعل لنفسك معروفا وتذهب.,,False,False,False,False,False,no_generation,train,1337,True,,,,,,
ar-0246,ar-g0113,ar,اول مرة اشوف قمر على هيئة بشر 🤦 🏻‍♂️ ❤ ️,اول مرة اشوف قمر على هيئة بشر,,False,False,False,False,False,no_generation,train,1337,True,,,,,,
ar-0247,ar-g0046,ar,اذا الحين بالكمبيوتر كيف نتلاعب بالقرعه يا حمار 😅,اذا الحين بالكمبيوتر كيف نتلاعب بالقرعه 😅,,False,False,False,False,False,no_generation,train,1337,True,,,,,,
ar-0254,ar-g0206,ar,عيب تقارن دوري هبلان بجنه كره القدم,عيب تقارن دوري مبتدئين بجنه كره القدم,,False,False,False,False,False,no_generation,train,1337,True,,,,,,
ar-0258,ar-g0198,ar,عبدالرحمن الغامدي ورقته الرابحه وعمار الدحيم اساسي اهبط يلعن ابوك نادي 🤣,عبدالرحمن الغامدي ورقته الرابحه وعمار الدحيم اساسي اهبط 🤣,,False,False,False,False,False,no_generation,train,1337,True,,,,,,
ar-0259,ar-g0358,ar,وانتم ماذا فعلت عمائمكم يا أحفاد المجوس,وانتم ماذا فعلت عمائمكم يا أحفاد الشيعة,,False,False,False,False,False,no_generation,train,1337,True,,,,,,
ar-0260,ar-g0346,ar,هو كدا عرف يربي فعلا شراميط اخر زمن,هو كدا عرف يربي فعلا فاشلين اخر زمن,,False,False,False,False,False,no_generation,train,1337,True,,,,,,
ar-0264,ar-g0138,ar,تركتني عشاني قلتلها انتي دبه بمزح!!,تركتني عشاني قلتلها انتي سمينة بمزح!!,,False,False,False,False,False,no_generation,train,1337,True,,,,,,
ar-0267,ar-g0272,ar,ليفا ممكن بس ايمبابي؟؟😂😂 عشان سجل هاتريك في برشلونة وكم هدف في هبايل فرنسا!,ليفا ممكن بس ايمبابي؟؟😂😂 عشان سجل هاتريك في برشلونة وكم هدف في مبتدئين فرنسا!,,False,False,False,False,False,no_generation,train,1337,True,,,,,,
ar-0269,ar-g0375,ar,يا بقرة واحنا فين رحنا؟,واحنا وين رحنا؟,,False,False,False,False,False,no_generation,train,1337,True,,,,,,
ar-0270,ar-g0003,ar,أجل، لكن هذا الضراط جون أذكى منك بكثير,أجل، لكن جون أذكى منك بكثير,,False,False,False,False,False,no_generation,train,1337,True,,,,,,
ar-0272,ar-g0049,ar,ازاي دي مش فاولل يلعن ابوك حكم بقى دي عالخط,ازاي دي مش فاولل يا حكم بقى دي عالخط,,False,False,False,False,False,no_generation,train,1337,True,,,,,,
ar-0277,ar-g0109,ar,انتبهي ل كلامك حبيبي لا اجي ادعسك انا,انتبهي ل كلامك حبيبي لا اجي أعلمك انا,,False,False,False,False,False,no_generation,train,1337,True,,,,,,
ar-0282,ar-g0298,ar,مع الاسف حتى كتلنا السياسيه مسترخصه دماء العراقيين حتى مع الارهابيين مساومات لعنة الله عليكم,مع الاسف حتى كتلنا السياسيه مسترخصه دماء العراقيين حتى مع الارهابيين مساومات,,False,False,False,False,False,no_generation,train,1337,True,,,,,,
ar-0288,ar-g0385,ar,ياعم كس أمك هو إنت ما تعرفش اننا بعتنا زيارات و عاملين جسر جوى و فى مستشفى ميدانى اتعمل يلعن ميتين أمك إبن شرموطة,ياعم هو إنت ما تعرفش اننا بعتنا زيارات و عاملين جسر جوى و فى مستشفى ميدانى اتعمل,,False,False,False,False,False,no_generation,train,1337,True,,,,,,
ar-0291,ar-g0324,ar,هذا أطول مني ب ٤٦ سنتمتر وأنا أشوف اللي أقصر مني ب ١٠ سنتمتر قزم أجل هذا وش يشوفني🙄,هذا أطول مني ب ٤٦ سنتمتر وأنا أشوف اللي أقصر مني ب ١٠ سنتمتر قصير أجل هذا وش يشوفني🙄,,False,False,False,False,False,no_generation,train,1337,True,,,,,,
ar-0295,ar-g0222,ar,قطر سحبت مليارين غصب عن خشم بلحه,قطر سحبت مليارين غصب عن السيسي,,False,False,False,False,False,no_generation,train,1337,True,,,,,,
ar-0302,ar-g0199,ar,عد إلى هنا يا كسول ياشيوعي!,عد إلى هنا يا كسول بامن تؤيد الشيوعية!,,False,False,False,False,False,no_generation,train,1337,True,,,,,,
ar-0303,ar-g0344,ar,هو الاسماعيلى ده فريق متخلف يعنى ولا ايه يعنى ماهو عادى لو المصرى راح الماتش وعداكم كلكم ما تولعوا يعنى ماهو خايف ع…,هو الاسماعيلى ده فريق مبتدئ يعنى ولا ايه يعنى ماهو عادى لو المصرى راح الماتش وعداكم كلكم ما تولعوا يعنى ماهو خايف ع…,,False,False,False,False,False,no_generation,train,1337,True,,,,,,
ar-0306,ar-g0373,ar,وهو قطعة قمامة عديمة القيمة ينبغي أن يزال من منصبه في أقرب وقت ممكن.,وينبغي أن يعزل من منصبه في أقرب وقت ممكن.,,False,False,False,False,False,no_generation,train,1337,True,,,,,,
ar-0310,ar-g0058,ar,"اضحك مع خرافات الرافضة 😂🤣 قال الخميني: "" سَببُ مُلوحَة مِياه البحرِ هُو بكاء الأسماكِ على مقتلِ الحسين.! 📚|[بحر الأنوار(ص: ١٢٥)]","اضحك مع خرافات الشيعة😂🤣 قال الخميني: "" سَببُ مُلوحَة مِياه البحرِ هُو بكاء الأسماكِ على مقتلِ الحسين.! 📚|[بحر الأنوار(ص: ١٢٥)]",,False,False,False,False,False,no_generation,train,1337,True,,,,,,
ar-0314,ar-g0182,ar,سويت لاختي بطاقت تخرج وتعبت عليها وبالاخير قالت لحجيه م ابيها وراحت تسوي لنفسها اوكي حبي الله ياخدك😢😢💓💓,سويت لاختي بطاقت تخرج وتعبت عليها وبالاخير قالت م ابيها وراحت تسوي لنفسها اوكي حبي😢😢💓💓,,False,False,False,False,False,no_generation,train,1337,True,,,,,,
ar-0315,ar-g0294,ar,مش ملاحظة انك صايره دبه مره,مش ملاحظة انك صايره سمينه مره,,False,False,False,False,False,no_generation,train,1337,True,,,,,,
ar-0319,ar-g0274,ar,ليه انت ما عندك حمام؟ او بعدك بتعملها تحت الشجرة وبتمسح بالحجرة؟! لما قلت عنك غبي عنجد ما غل…,ليه انت ما عندك حمام؟ او بعدك بتعملها تحت الشجرة وبتمسح بالحجرة؟! لما قلت عنك ساذج عنجد ما غل…,,False,False,False,False,False,no_generation,train,1337,True,,,,,,
ar-0322,ar-g0180,ar,ستيفن كوك لة بصيرة ورؤية ثاقبة في الشرق الأوسط علشانة لايطيق قردوغان 😂,ستيفن كوك لة بصيرة ورؤية ثاقبة في الشرق الأوسط علشانة لايطيق أردوغان 😂,,False,False,False,False,False,no_generation,train,1337,True,,,,,,
ar-0323,ar-g0015,ar,أنت تعلم جيداً أنني لم أفعل عمل جاك اللعين .,أنت تعلم جيداً أنني لم أفعل شيئاً.,,False,False,False,False,False,no_generation,train,1337,True,,,,,,
ar-0324,ar-g0176,ar,روح كس اختك لا ترجع مرة تانية,روح لا ترجع مرة تانية,,False,False,False,False,False,no_generation,train,1337,True,,,,,,
ar-0340,ar-g0105,ar,انت احول فريقك داج ..بلاش مجامله وتطبيل على الحكم,انت مش شايف فريقك داج ..بلاش مجامله وتطبيل على الحكم,,False,False,False,False,False,no_generation,train,1337,True,,,,,,
ar-0341,ar-g0169,ar,دوري هبايل ثالث هدافين الابطال التاريخي وش يتميز عنه لوكاكو,دوري مبتدئين ثالث هدافين الابطال التاريخي وش يتميز عنه لوكاكو,,False,False,False,False,False,no_generation,train,1337,True,,,,,,
ar-0344,ar-g0381,ar,ياخوك نمزح بس انت لحجي,ياخوك نمزح بس انت بسيط,,False,False,False,False,False,no_generation,train,1337,True,,,,,,
ar-0347,ar-g0197,ar,عالا فكرا خوش كيدا عالا ماوقيع الوزاره ، ، فيه حاقا تهيماك صاخصيا ايا وزارا ؟ ال خارقيا يا حمار,عالا فكرا خوش كيدا عالا ماوقيع الوزاره ، ، فيه حاقا تهيماك صاخصيا ايا وزارا ؟ ال خارقيا,,False,False,False,False,False,no_generation,train,1337,True,,,,,,
ar-0349,ar-g0395,ar,يلعن امك انت وشعرك يارب حضور,يرحم امك انت وشعرك يارب حضور,,False,False,False,False,False,no_generation,train,1337,True,,,,,,
ar-0353,ar-g0331,ar,هذا ما يحدث عندما يرسل الحمقى صبيا ليقوم بعمل الرجال,هذا ما يحدث عندما ترسل فتى ليقوم بعمل رجل,,False,False,False,False,False,no_generation,train,1337,True,,,,,,
ar-0357,ar-g0006,ar,أريدكم جميعاً لنفسي، أيتها العاهرة.,أريدكم جميعا لنفسي,,False,False,False,False,False,no_generation,train,1337,True,,,,,,
ar-0358,ar-g0151,ar,حان الوقت لهؤلاء المهرجين للتقاعد.,حان الوقت لهؤلاء المنفذين للتقاعد.,,False,False,False,False,False,no_generation,train,1337,True,,,,,,
ar-0362,ar-g0286,ar,مدرب غبي مو عارف يوظف اللاعبين,مدرب ساذج مو عارف يوظف اللاعبين,,False,False,False,False,False,no_generation,train,1337,True,,,,,,
ar-0364,ar-g0372,ar,وهل الشريف يسمع لكلام شراميط من هي اليسا,وهل الشريف يسمع لكلام ساقطات من هي اليسا,,False,False,False,False,False,no_generation,train,1337,True,,,,,,
ar-0367,ar-g0158,ar,حوثيه و الاستايل بعد لحجي 🤢🤢,حوثيه والاستايل بعد بسيط 🤢🤢,,False,False,False,False,False,no_generation,train,1337,True,,,,,,
ar-0372,ar-g0147,ar,جونز هو مهرج متبجح يعتقد انه يمكن شراء أي شيء يريد، بما في ذلك الشعبية.,جونز يعتقد أنه يستطيع شراء أي شيء يريده، بما في ذلك الشعبية.,,False,False,False,False,False,no_generation,train,1337,True,,,,,,
ar-0376,ar-g0087,ar,الله يلعن ابوك حكم اقسم بالله واضح الفاول جعلك تتمنى الموت ولا تشوفه,يا لك من حكم اقسم بالله واضح الفاول جعلك تتمنى الموت ولا تشوفه,,False,False,False,False,False,no_generation,train,1337,True,,,,,,
ar-0385,ar-g0236,ar,كيفيك يا زنجي — انت عارف كم الساعه هسا؟,كيفيك يا اسمر — انت عارف كم الساعه هسا؟,,False,False,False,False,False,no_generation,train,1337,True,,,,,,
ar-0387,ar-g0139,ar,تعبت من أكاذيبك الخسيسة,تعبت من أكاذيبك,,False,False,False,False,False,no_generation,train,1337,True,,,,,,
ar-0390,ar-g0124,ar,بعيدا عن التنمر والتشمت لاكن شفت البيتموجي حق افنان وكانت دبة !! شلون تجي تتكلم ع الرشيقة هذاي😅,بعيدا عن التنمر والتشمت لاكن شفت البيتموجي حق افنان وكانت سمينة!! شلون تجي تتكلم ع الرشيقة هذاي😅,,False,False,False,False,False,no_generation,train,1337,True,,,,,,
ar-0393,ar-g0014,ar,أنا متأكد من أن بعضهم متحيز سياسيًا، وبعضها يغطي مؤخرته ويتظاهر بأنه لا يوجد شيء خاطئ.,أنا متأكد من أن بعضهم متحيز سياسيًا، ويتظاهر بأنه لا يوجد شيء خاطئ.,,False,False,False,False,False,no_generation,train,1337,True,,,,,,
ar-0394,ar-g0275,ar,ما استغربت لمن عرفت ان الي مسوي المقطع فلسطيزي لأن واضح فيه الحقد والحسد والدلاخة وبعده عن الدين وم…,ما استغربت لمن عرفت ان الي مسوي المقطع فلسطيني لأن واضح فيه الحقد والحسد والدلاخة وبعده عن الدين وم…,,False,False,False,False,False,no_generation,train,1337,True,,,,,,
ar-0396,ar-g0036,ar,إنهم يحاولون أن يجعلوك تتغوط في بنطالك كل مرة تسمع أسمهم,انهم يحاولون اخافتك في كل مرة تسمع اسمهم,,False,False,False,False,False,no_generation,train,1337,True,,,,,,
de-0001,de-g0007,de,#Lindner steckt heute Abend schon seinen Kopf in den Arsch von #Merkel widerlich #FDP,#Lindner schmeichelt sich heute Abend schon wieder bei #Merkel ein #FDP,,False,False,False,False,False,no_generation,train,1337,True,,,,,,
de-0003,de-g0293,de,"So ein schäbiger Lump, lässt Kinder im Krieg allein und Fahnenflucht","So eine Person, lässt Kinder im Krieg allein und Fahnenflucht",,False,False,False,False,False,no_generation,train,1337,True,,,,,,
de-0006,de-g0317,de,Und N24 geht mir auch aufs Arschloch heute morgen // Über Trump--er klage das Medien unehrlich sind!!?!?soll er mal nach🇩🇪kommen !!!!,Und N24 geht mir auch auf die Nerven heute morgen // Über Trump--er klage das Medien unehrlich sind!!?!?soll er mal nach🇩🇪kommen !!!!,,False,False,False,False,False,no_generation,train,1337,True,,,,,,
de-0007,de-g0096,de,Die Hetzer der ÖR Medien haben wieder Hochkonjunktur dieses ganze Schweinejournalisten Pack gehört entsorgt und dass schnellstmöglich. AFD,Die Kritiker der ÖR Medien haben wieder Hochkonjunktur diese ganzen Journalisten gehören weg und dass schnellstmöglich. AFD,,False,False,False,False,False,no_generation,train,1337,True,,,,,,
de-0008,de-g0322,de,Verdammt die Olle Merkel tritt wieder an !!!,die Merkel tritt wieder an !!!,,False,False,False,False,False,no_generation,train,1337,True,,,,,,
de-0011,de-g0367,de,dieser Holtmann scheint ein Grüner-Bastard zu sein! #BerichtAusBerlin,dieser Holtmann scheint ein Grüner-Anhänger zu sein! #BerichtAusBerlin,,False,False,False,False,False,no_generation,train,1337,True,,,,,,
de-0012,de-g0252,de,"Moin, moin, seid Ihr alle noch gesund und munter bei all dem geistigen Dünnpfiff im ""Merkel-Propagandaschrott"" ???😜","Moin, moin, seid Ihr alle noch gesund und munter bei all dem geistigen Quatsch in der ""Merkel-Propaganda"" ???😜",,False,False,False,False,False,no_generation,train,1337,True,,,,,,
de-0015,de-g0003,de,#Grüne und #FDP kriechen #Merkel doch jetzt schon in den Arsch damit sie nur schnell an die Macht kommen #CDU,#Grüne und #FDP wollen #Merkel doch jetzt schon gefallen damit sie nur schnell an die Macht kommen #CDU,,False,False,False,False,False,no_generation,train,1337,True,,,,,,
de-0017,de-g0262,de,"Nö, der sieht dumm aus. 😾","Nö, der gefällt mir optisch nicht.",,False,False,False,False,False,no_generation,train,1337,True,,,,,,
de-0021,de-g0010,de,#Sexuallkunde für #Flüchtlinge und #Migranten ... #Mama #Merkel bringt #Asylanten das ficken bei ... #Vergewaltigungen funktionieren bereits,#Sexuallkunde für #Flüchtlinge und #Migranten ... #Mama #Merkel bietet #Asylbewerbern Aufklärungsunterricht an  ... #Vergewaltigungen funktionieren bereits,,False,False,False,False,False,no_generation,train,1337,True,,,,,,
de-0022,de-g0215,de,"Ja schnell alle Bäume weg, 5G Handys kaufen und Bürgermeister den Sack lutschen du kleine Profesora","Ja schnell alle Bäume weg, 5G Handys kaufen und Bürgermeister schmeicheln Profesora",,False,False,False,False,False,no_generation,train,1337,True,,,,,,
de-0032,de-g0198,de,Ich will nicht das es Kriminellen Flüchtlingen Deserteuren und Feiglingen hier besser geht..erst recht nicht dem Afrika-Pack. Und weder bin ich Rassist noch ein Nazi noch xenophob....!,Ich will nicht das es Kriminellen Flüchtlingen und Deserteuren hier besser geht..erst recht nicht Menschen aus Afrika. Und weder bin ich Rassist noch ein Nazi noch xenophob....!,,False,False,False,False,False,no_generation,train,1337,True,,,,,,
de-0035,de-g0141,de,"Endlich, Trump streicht dem CIA die Gelder, die seit 1945 für weltweite Kriege sorgten - logisch, dass Merkel und Flintenuschi jaulen 💩","Endlich, Trump streicht dem CIA die Gelder, die seit 1945 für weltweite Kriege sorgten - logisch, dass Merkel und Von der Leyen jaulen",,False,False,False,False,False,no_generation,train,1337,True,,,,,,
de-0039,de-g0034,de,Also diesem Schweinepriester Lauterbach glaube ich keinen Cent....aber seiner Exfrau darf man getrost zuhören...seine Vita entspricht dem SPD-Standard...😃😃😃,Also diesem Lauterbach glaube ich keinen Cent....aber seiner Exfrau darf man getrost zuhören...seine Vita entspricht dem SPD-Standard...😃😃😃,,False,False,False,False,False,no_generation,train,1337,True,,,,,,
de-0041,de-g0396,de,wir brauchen das scheiß #Europa nicht ich bin #Deutscher und kein Europäer #btw2017,wir brauchen das #Europa nicht ich bin #Deutscher und kein Europäer #btw2017,,False,False,False,False,False,no_generation,train,1337,True,,,,,,
de-0042,de-g0255,de,Na klar kriegt der Lob von allen Seiten...ist ja ein Merkel-Blindenhund.. Wollt ihr tatsächliche Opfer sehen dann geht auf Friedhöfe oder sprecht mit den Angehörigen..!,Na klar kriegt der Lob von allen Seiten...ist ja ein Merkel-Anhänger.. Wollt ihr tatsächliche Opfer sehen dann geht auf Friedhöfe oder sprecht mit den Angehörigen..!,,False,False,False,False,False,no_generation,train,1337,True,,,,,,
de-0044,de-g0074,de,Dass wir diese ganzen IS-Kämpfer haben ist ausschließlich die. Schuld der Amerikaner. Scheinheiliges Volk.,Dass wir so viele IS-Kämpfer haben ist vor allem die. Schuld der Amerikaner.,,False,False,False,False,False,no_generation,train,1337,True,,,,,,
de-0046,de-g0163,de,"Gibt es überhaupt so viele Dreckslöcher in Deutschland, wenn die LINKEN sich bald verdrücken müßen ??","Gibt es überhaupt so viele Rückzugsorte in Deutschland, wenn die LINKEN sich bald verdrücken müßen ??",,False,False,False,False,False,no_generation,train,1337,True,,,,,,
de-0049,de-g0229,de,"Klar doch alles rechte böse Nazis. Was wissen die heute von damals? Fragt eure Omas, Mütter. Nicht was Hetzmedien verbreiten.","Klar doch alles rechte böse Nazis. Was wissen die heute von damals? Fragt eure Omas, Mütter. Nicht was Medien verbreiten.",,False,False,False,False,False,no_generation,train,1337,True,,,,,,
de-0051,de-g0312,de,"Träume und Wünsche...leider. Jamaika-Scheisse wird durchgesetzt....dafür sorgen schon die Lauch-Scheisser. Die bleiben klebend sitzend...der Troll Joschka hat’s Ihnen vorgemacht, die Warze Roth hat’s perfektioniert ..!","Träume und Wünsche...leider. Jamaika-Koalition wird durchgesetzt....dafür sorgen schon die Unterstützer|LBR| Die bleiben sitzen...der Joschka hat’s Ihnen vorgemacht, die Roth hat’s perfektioniert ..!",,False,False,False,False,False,no_generation,train,1337,True,,,,,,
de-0052,de-g0118,de,Die wievielte Generation Türken scheint hier auf der Straße zu sein ca.die 4te das Wespen Nest,Die wievielte Generation Türken scheint hier auf der Straße zu sein ca.die 4te,,False,False,False,False,False,no_generation,train,1337,True,,,,,,
de-0056,de-g0353,de,Wie dämlich sind Sie eigentlich? Sie sollten ihre Allgemeinbildung vervollständigen und Objektivität walten lassen. 🤢,Wie uninformiert sind Sie eigentlich? Sie sollten ihre Allgemeinbildung vervollständigen und Objektivität walten lassen. 🤢,,False,False,False,False,False,no_generation,train,1337,True,,,,,,
de-0059,de-g0241,de,"Mensch, Kauder müsste sich doch bepissen vor lachen, wenn er über diese Lüge nachdenkt 😂😂😂","Mensch, Kauder müsste sich doch kaum halten können vor lachen, wenn er über diese Lüge nachdenkt 😂😂😂",,False,False,False,False,False,no_generation,train,1337,True,,,,,,
de-0062,de-g0089,de,Deutschland das Land der drei Geschlechter der Duckmäuser und ja Sager der Toleranz Fanatiker. Das Land der Verblödung.,Deutschland das Land der drei Geschlechter der Angepassten und ja Sager der Toleranz Fanatiker.,,False,False,False,False,False,no_generation,train,1337,True,,,,,,
de-0063,de-g0183,de,"Ich bemerke in unseren Medien eine Strategie, die FDP gleich der AfD, zum Abschuss freizugeben.","Ich bemerke in unseren Medien eine Strategie, die FDP gleich der AfD, zu kritisieren.",,False,False,False,False,False,no_generation,train,1337,True,,,,,,
de-0066,de-g0080,de,Der IS eroberte in 100ten Städten auch die Ämter mit Mio Pässen u. verblödete Beamte wundern sich über Zig Identitäten von Krimigranten 😂😂😂,Der IS eroberte in 100ten Städten auch die Ämter mit Mio Pässen u. Beamte wundern sich über Zig Identitäten von Immigranten 😂😂😂,,False,False,False,False,False,no_generation,train,1337,True,,,,,,
de-0072,de-g0217,de,Jeder der in der Right Trash liste von irgendso nehm linken Hurensohn ist ist ein Ehrenmann,Jeder der in der Right Trash liste von irgendso nehm Linken ist ist ein Ehrenmann,,False,False,False,False,False,no_generation,train,1337,True,,,,,,
de-0074,de-g0193,de,Ich lass mir mein Land nicht von einer Horde Nafris und Antifaschisten nehmen deswegen bin ich #AFD wähler,Ich lass mir mein Land nicht von Norfafrikanern und Antifaschisten nehmen deswegen bin ich #AFD wähler,,False,False,False,False,False,no_generation,train,1337,True,,,,,,
de-0077,de-g0211,de,Ist mir scheissegal was der blöden Puppe angezogen wurde....Hauptsache Kent trägt eine Reichsuniform...!!,Ist mir egal was der Puppe angezogen wurde....Hauptsache Kent trägt eine Reichsuniform...!!,,False,False,False,False,False,no_generation,train,1337,True,,,,,,
de-0084,de-g0200,de,Ich würde Grüne mit einem Geschwür am Arsch der Welt bezeichnen. Ist aber meine persönliche Meinung. Ein Geschwür kann einen Körper zerstören oder ein ganzes Land.,Ich würde Grüne mit einem Geschwür der Welt bezeichnen. Ist aber meine persönliche Meinung. Ein Geschwür kann einen Körper zerstören oder ein ganzes Land.,,False,False,False,False,False,no_generation,train,1337,True,,,,,,
de-0085,de-g0076,de,Der DE Schweinejournalimus hat wieder Hochkonjunktur wie gehabt Hetze gegen Trump u dazu diskriminieren der größten DE Oppositionpartei AFD,Der DE Jorunalismus hat wieder Hochkonjunktur wie gehabt Stimmung machen gegen Trump u dazu diskriminieren der größten DE Oppositionpartei AFD,,False,False,False,False,False,no_generation,train,1337,True,,,,,,
de-0088,de-g0240,de,"Martin Schulz ist nichts, kann nichts und taugt nichts.Ein totaler. Versager, schon in der Schulzeit. Und trockener Alkoholiker.","Martin Schulz kann nichts und taugt nichts.Ein totaler. Versager, schon in der Schulzeit. Und trockener Alkoholiker.",,False,False,False,False,False,no_generation,train,1337,True,,,,,,
de-0090,de-g0184,de,"Ich brauche einen Blog, glaube ich, 140 Zeichen sind zu wenig. Get rid of #Islam #Muslims #rapefugees","Ich brauche einen Blog, glaube ich, 140 Zeichen sind zu wenig. Weg mit #Islam #Muslims",,False,False,False,False,False,no_generation,train,1337,True,,,,,,
de-0092,de-g0359,de,Younower zu werden ist der finale schritt um ein Hurensohn zu werden,Younower zu werden ist der finale schritt um unsympathisch zu werden,,False,False,False,False,False,no_generation,train,1337,True,,,,,,
de-0093,de-g0038,de,An alle Pferde Hunde Katzen Kühe usw....ihr seid voll im Arsch...!,An alle Pferde Hunde Katzen Kühe usw....ihr seid voll in der Klemme...!,,False,False,False,False,False,no_generation,train,1337,True,,,,,,
de-0097,de-g0195,de,Ich scheisse auf die GroKo !!!,Mir ist die GroKo egal !!!,,False,False,False,False,False,no_generation,train,1337,True,,,,,,
de-0104,de-g0067,de,"Das ist eine Moslem-Schlampe , die es hoffentlich noch bereuen wird .Ich habe kein Mitleid nur Schadenfreude!","Das ist eine Muslima, die es hoffentlich noch bereuen wird .Ich habe kein Mitleid nur Schadenfreude!",,False,False,False,False,False,no_generation,train,1337,True,,,,,,
de-0105,de-g0001,de,#Diesel-#Fahrverbote: Wie vorhergesagt nimmt ihnen das #Globalisten-#Dreckspack jetzt leistbare #Mobilität &amp; zerstört dt. Schlüsselindustrie,#Diesel-#Fahrverbote: Wie vorhergesagt nimmt ihnen das #Globalisten-Gruppe jetzt leistbare #Mobilität & zerstört dt. Schlüsselindustrie,,False,False,False,False,False,no_generation,train,1337,True,,,,,,
de-0106,de-g0223,de,"Kann bleiben wo sie ist, dumme Nuss🖕",Kann bleiben wo sie ist,,False,False,False,False,False,no_generation,train,1337,True,,,,,,
de-0109,de-g0027,de,"@USER_13 @USER_15 @USER_9 @USER_3 @USER_4 @USER_7 @USER_1 @USER_14 @USER_6 @USER_12 @USER_5 @USER_10 @USER_11 Ne, das gibts nicht, ist der Vollpfosten immer noch da???","@USER_13 @USER_15 @USER_9 @USER_3 @USER_4 @USER_7 @USER_1 @USER_14 @USER_6 @USER_12 @USER_5 @USER_10 @USER_11 Ne, das gibts nicht, ist der Typ immer noch da???",,False,False,False,False,False,no_generation,train,1337,True,,,,,,
de-0111,de-g0236,de,MEIN GOTT ! WAS HAT DIE SED-TRULLA MIT HILFE VON LINKEN U-BOOTEN AUS DEUTSCHLAND GEMACHT !?!? DAS DAS DAS DURFTE !!,MEIN GOTT ! WAS HAT DIE SED-FRAU MIT HILFE VON LINKEN U-BOOTEN AUS DEUTSCHLAND GEMACHT !?!? DAS DAS DAS DURFTE !!,,False,False,False,False,False,no_generation,train,1337,True,,,,,,
de-0118,de-g0339,de,"Wegen Pussys wie dir, gibt es in 🇩🇪keinen ernstzunehmenden Widerstand.","Wegen Menschen wie dir, gibt es in 🇩🇪keinen ernstzunehmenden Widerstand.",,False,False,False,False,False,no_generation,train,1337,True,,,,,,
de-0119,de-g0244,de,"Merkel: ""Die Bürger haben keine Lust auf Zuständigkeitsdebatten"" ??? Eben ein verlogenes Miststück mit ausreichender Denunziantenerfahrung😜","Merkel: ""Die Bürger haben keine Lust auf Zuständigkeitsdebatten"" ??? Eben eine Politikerin mit ausreichender rethorischer Erfahrung 😜",,False,False,False,False,False,no_generation,train,1337,True,,,,,,
de-0120,de-g0085,de,Der dumme Deutsche hat gewählt er läuft freiwillig zur Schlachtbank.. Armes dummes Deutschland.,Der Deutsche hat gewählt er läuft freiwillig zur Schlachtbank.. Armes Deutschland.,,False,False,False,False,False,no_generation,train,1337,True,,,,,,
de-0121,de-g0069,de,Das meiste geht eh wieder für die Asylanten drauf 🤮,Das meiste geht eh wieder für die Asylbewerber drauf,,False,False,False,False,False,no_generation,train,1337,True,,,,,,
de-0123,de-g0386,de,und was hat der Gabriel damals Versprochen ? Verlogen ist das Pack.Nie wieder SPD,und was hat der Gabriel damals Versprochen ? Verlogen sind sie.Nie wieder SPD,,False,False,False,False,False,no_generation,train,1337,True,,,,,,
de-0124,de-g0126,de,Du bist einfach nur noch lächerlich . #Bundestag,Du bist einfach nur noch fragwürdig . #Bundestag,,False,False,False,False,False,no_generation,train,1337,True,,,,,,
de-0125,de-g0324,de,Von Gauland wurde verlangt das er sich wegen ˋentsorgen‘ entschuldigen sollte.... Würde das von der Kröte auch verlangt..?,Von Gauland wurde verlangt das er sich wegen ˋentsorgen‘ entschuldigen sollte.... Würde das von der Person auch verlangt..?,,False,False,False,False,False,no_generation,train,1337,True,,,,,,
de-0130,de-g0258,de,"Nein, MAN USS regulieren, weil dieMieten sonst in dieHöhe steigen. Bauen bedeutet nicht, dass die Mieten sinken. Da werden wir massiv verarscht.","Nein, MAN USS regulieren, weil dieMieten sonst in dieHöhe steigen. Bauen bedeutet nicht, dass die Mieten sinken. Da werden wir hinters Licht geführt.",,False,False,False,False,False,no_generation,train,1337,True,,,,,,
de-0136,de-g0045,de,Bei diesen Kölner Staatsoberhäupter sind die Kölner verloren...oder verständlicher:...voll im Arsch..!!,Bei diesen Kölner Staatsoberhäupter sind die Kölner verloren...!!,,False,False,False,False,False,no_generation,train,1337,True,,,,,,
de-0138,de-g0332,de,"Was für Bullshit. Wenn er mit Wissen und Unterstützung von Merkel gehandelt hat, dann ist das ein Skandal der gesamten Bundesregierung!","Was für Unsinn. Wenn er mit Wissen und Unterstützung von Merkel gehandelt hat, dann ist das ein Skandal der gesamten Bundesregierung!",,False,False,False,False,False,no_generation,train,1337,True,,,,,,
de-0144,de-g0174,de,Hatte Yücel am Ende doch recht..?...ich bleibe bei meiner Aussage: 80% der deutsche sind verblödete Schwachsinnige... Ihnen ist 🇩🇪egal...!!,Hatte Yücel am Ende doch recht..?...ich bleibe bei meiner Aussage: 80% der deutsche sind ungebildete Leute... Ihnen ist 🇩🇪egal...!!,,False,False,False,False,False,no_generation,train,1337,True,,,,,,
de-0145,de-g0056,de,"Das Fette Schwein @USER_0 Gabriel Redet wieder auf ,alles vor der Wahl 2017 😂😂😂😂😂","@USER_0 Gabriel Redet wieder auf ,alles vor der Wahl 2017 😂😂😂😂😂",,False,False,False,False,False,no_generation,train,1337,True,,,,,,
de-0148,de-g0290,de,So ein Bullshit..... Du denkst es geht nicht dümmer?....dann kennst die SPDler nicht...😂😂,So ein Quatsch..... Du denkst es geht nicht schlimmer?....dann kennst die SPDler nicht...😂😂,,False,False,False,False,False,no_generation,train,1337,True,,,,,,
de-0149,de-g0320,de,Unsere Politiker sind zu blöd einen Terroristen auszuweisen weil er keinen Pass hat!!!,Unsere Politiker sind nicht schlau genug einen Terroristen auszuweisen weil er keinen Pass hat!!!,,False,False,False,False,False,no_generation,train,1337,True,,,,,,
de-0151,de-g0025,de,"@USER_0de @USER_0 In der Türkei, das Maul nicht riskieren und hier frech werden! Typisch Türke!","@USER_0de @USER_0 In der Türkei, nichts riskieren und hier frech werden! Typisch!",,False,False,False,False,False,no_generation,train,1337,True,,,,,,
de-0153,de-g0125,de,"Donald Trump ist ein Großmaul, das die Fakten zu den verkauften Autos. in D und USA nicht kennt. Er möge sein Maul halten.","Donald Trump ist eine Person, der die Fakten zu den verkauften Autos. in D und USA nicht kennt. Er möge leise sein.",,False,False,False,False,False,no_generation,train,1337,True,,,,,,
de-0154,de-g0113,de,Die hat doch den Arsch offen.,Die ist doch verwirrt.,,False,False,False,False,False,no_generation,train,1337,True,,,,,,
de-0157,de-g0285,de,"Sehe ich Kathrin Göring Eckart, Merkel, Gysi, Petry, Wagenknecht und all die anderen Wendehälse die uns heute regieren. Frage ich mich. War der Fall der Mauer ein Fehler.","Sehe ich Kathrin Göring Eckart, Merkel, Gysi, Petry, Wagenknecht und all die anderen wechselnhaften  Politiker die uns heute regieren. Frage ich mich. War der Fall der Mauer ein Fehler.",,False,False,False,False,False,no_generation,train,1337,True,,,,,,
de-0158,de-g0114,de,"Die liebt Wahlkampf, andere lieben ihre Familien. Zum kotzen, was die SPD alles tut, um an der Macht zu kleben.","Die liebt Wahlkampf, andere lieben ihre Familien. Erstaunlich, was die SPD alles tut, um an der Macht zu bleiben.",,False,False,False,False,False,no_generation,train,1337,True,,,,,,
de-0168,de-g0363,de,das hätte ich der #FDP nicht zugetraut alle Achtung! nur die #Grünen kriechen allen in den Arsch,das hätte ich der #FDP nicht zugetraut alle Achtung! nur die #Grünen schmeicheln sich bei allen ein,,False,False,False,False,False,no_generation,train,1337,True,,,,,,
de-0170,de-g0330,de,"Was die allermeisten immer noch nicht begriffen haben: Der #Islam hat seine eigenen #Menschenrechte, #scharia-basiert. Ihr Deppen!","Was die allermeisten immer noch nicht begriffen haben: Der #Islam hat seine eigenen #Menschenrechte, #scharia-basiert.",,False,False,False,False,False,no_generation,train,1337,True,,,,,,
de-0173,de-g0191,de,Ich kritisiere insbesondere das scheinheilige Verhalten aller Mitglieder des Bundestags.,Ich kritisiere insbesondere das Verhalten aller Mitglieder des Bundestags.,,False,False,False,False,False,no_generation,train,1337,True,,,,,,
de-0177,de-g0336,de,"Was habe ich mit dem Faschisten Erdogan zu tun? Und Dein Beileid kannst Du Dir hinschieben, wo die Sonne nie scheint.",Was habe ich mit dem Faschisten Erdogan zu tun? Und Dein Beileid kannst Du vergessen!,,False,False,False,False,False,no_generation,train,1337,True,,,,,,
de-0182,de-g0061,de,"Das einzige was @USER_1 bereut bedauert, dass er erwischt wurde.. Dieser Pädophile gehört eindeutig entsorgt...samt seiner Grünen Brut!!","Das einzige was @USER_1 bereut bedauert, dass er erwischt wurde.. Dieser Pädophile gehört eindeutig abgewählt...samt seiner Grünen Brut!!",,False,False,False,False,False,no_generation,train,1337,True,,,,,,
de-0183,de-g0137,de,"Ein schmieriger Sozi,ein Faschist der extremen Linken,ein Antideutsches Subjekt!","Ein Sozialist,ein Anhänger der extremen Linken,ein Antideutsches Subjekt!",,False,False,False,False,False,no_generation,train,1337,True,,,,,,
de-0188,de-g0315,de,Uiiii...die Häßlichkeit geht in die nächste Runde...,Uiiii... die nächste Runde...,,False,False,False,False,False,no_generation,train,1337,True,,,,,,
de-0190,de-g0050,de,"Da die Kirche jeher den Herrschenden in den Arsch gekrochen ist, inkl. Hitler, wundert es mich nicht 😜","Da die Kirche jeher den Herrschenden gefallen wollte, wundert es mich nicht 😜",,False,False,False,False,False,no_generation,train,1337,True,,,,,,
de-0194,de-g0249,de,"Mit Europa im Zentrum meinen die Polit🤡 wohl die verrottete, korrupte #EU","Mit Europa im Zentrum meinen die Politiker wohl die alte, korrupte #EU",,False,False,False,False,False,no_generation,train,1337,True,,,,,,
de-0199,de-g0143,de,Es gibt deutsche Weiber die sind geil drauf...deswegen wählen sie SPDund Grünen..!,Es gibt deutsche Frauen denen das gefällt...deswegen wählen sie SPDund Grünen..!,,False,False,False,False,False,no_generation,train,1337,True,,,,,,
de-0206,de-g0146,de,"Es kotzt mich an und bringt mich selbst zum kotzen, wenn Özdemir, oder wie immer der geschrieben wird, von PATRIOTISMUS redet oder sich über DEMOKRATIE ausläßt!","Es ärgert mich, wenn Özdemir, oder wie immer der geschrieben wird, von PATRIOTISMUS redet oder sich über DEMOKRATIE ausläßt!",,False,False,False,False,False,no_generation,train,1337,True,,,,,,
de-0208,de-g0250,de,"Mit Schulz kämen wir von der Pest (Merkel) zur Cholera (Schulz)! CDU uns SPD zusammen haben, unseren jetzigen Untergang zu verantworten!","Mit Schulz kämen wir vom einen Übel (Merkel) zum anderen Übel (Schulz)! CDU uns SPD zusammen haben, unseren jetzigen Untergang zu verantworten!",,False,False,False,False,False,no_generation,train,1337,True,,,,,,
de-0209,de-g0147,de,"Es wird Zeit,den Pfaffen zu zeigen,wer sie sind! Ein Verein der Gescheiterten und Weltfremden!","Es wird Zeit,den Geistlichen zu zeigen,wer sie sind! Ein Verein der Gescheiterten und Weltfremden!",,False,False,False,False,False,no_generation,train,1337,True,,,,,,
de-0210,de-g0273,de,Quatsch! Es gibt keine Fachktäfte aus dem Ausland! Außer in Kriminellen und Vergewaltiger-Bereich! Grüne Dummheit!,Quatsch! Es gibt keine Fachktäfte aus dem Ausland! Außer in Kriminellen Bereich!,,False,False,False,False,False,no_generation,train,1337,True,,,,,,
de-0212,de-g0151,de,"Frage mich schon seit Jahren, wieviel Stoff jemand intus haben muß, um solche deutschfeindlichen Idioten zu wählen?!","Frage mich schon seit Jahren, wieviel Stoff jemand intus haben muß, um solche deutschfeindlichen Personen zu wählen?!",,False,False,False,False,False,no_generation,train,1337,True,,,,,,
de-0213,de-g0130,de,"Dummes Gelaber, Kern. Kurz stellt sich nicht gegen die Italiener. Er. will nur 200.000 Invasoren nicht nach Österreich einreisen lassen.","Unsinnige Aussage, Kern. Kurz stellt sich nicht gegen die Italiener. Er. will nur 200.000 Einwanderer nicht nach Österreich einreisen lassen.",,False,False,False,False,False,no_generation,train,1337,True,,,,,,
de-0227,de-g0135,de,"Ein System der Zersetzung, ein System der Lemminge der USA,ein System von Sklaven!","Ein System der Zersetzung, ein System der Anhänger der USA,ein System von Unterstützern!",,False,False,False,False,False,no_generation,train,1337,True,,,,,,
de-0230,de-g0094,de,Die Drecks-SPD mit ihren Aussenministern scheisst aufs Grundgesetzt und ganz besonders auf Art. 6 GG,Der SPD mit ihren Aussenministern ist das Grundgesetzt egal und ganz besonders Art. 6 GG,,False,False,False,False,False,no_generation,train,1337,True,,,,,,
de-0231,de-g0014,de,"... unfassbar!!!! Man muss es einfach einmal so sagen: Liebe Verantwortliche, das Zeug, welches ihr ständig raucht, das ist einfach Scheisse!","... unfassbar!!!! Man muss es einfach einmal so sagen: Liebe Verantwortliche, ihr macht wirklich schlechte Arbeit!",,False,False,False,False,False,no_generation,train,1337,True,,,,,,
de-0232,de-g0084,de,"Der Weitertransport von ""Schiffbrüchigen"" nach Europa ist ein. Verbrechen an den Italienern, die dann dafür zahlen müssen. Sauerei.","Der Weitertransport von ""Schiffbrüchigen"" nach Europa ist ein. Verbrechen an den Italienern, die dann dafür zahlen müssen.",,False,False,False,False,False,no_generation,train,1337,True,,,,,,
de-0233,de-g0144,de,Es gäbe eine Lösung...wir sollten als Verstärkung die Maghreb-Polizei holen. Nichts fürchten die kleinen Schmarotzer mehr..!,Es gäbe eine Lösung...wir sollten als Verstärkung die Maghreb-Polizei holen. Nichts fürchten diese Personen mehr..!,,False,False,False,False,False,no_generation,train,1337,True,,,,,,
de-0235,de-g0391,de,warum muss ich mir in der @USER_0 einen deutschen Jammerlappen anhören #WDR,warum muss ich mir in der @USER_0 einen jammernden Deutschen anhören #WDR,,False,False,False,False,False,no_generation,train,1337,True,,,,,,
de-0242,de-g0058,de,Das Publikum klatscht für jeden scheiss sind wohl gekauft,Das Publikum klatscht für jede Kleinigkeit sind wohl gekauft,,False,False,False,False,False,no_generation,train,1337,True,,,,,,
de-0243,de-g0261,de,"Nix abgeschoben....13jahre sind zwar zu wenig, aber für die Gitterstäbe bezahlen wir gerne.. Danach die Ratte entsorgten..!!","Nix abgeschoben....13jahre sind zwar zu wenig, aber für die Gitterstäbe bezahlen wir gerne.",,False,False,False,False,False,no_generation,train,1337,True,,,,,,
de-0245,de-g0221,de,Jetzt wird Deutschland überschwemmt werden aber die Idioten wollten es ja nicht anders.,Jetzt wird Deutschland überschwemmt werden aber die wollten es ja nicht anders.,,False,False,False,False,False,no_generation,train,1337,True,,,,,,
de-0246,de-g0345,de,"Wenn Merkel Klitschko feiert,wird es gefährlich. Die Sklavin Obamas feiert einen neuen Sklaven.","Wenn Merkel Klitschko feiert,wird es gefährlich.",,False,False,False,False,False,no_generation,train,1337,True,,,,,,
de-0248,de-g0035,de,Also wenn die Türken bei euch so kacke sind kann ich auch nix machen 😂,Also wenn die Türken bei euch so drauf sind kann ich auch nix machen 😂,,False,False,False,False,False,no_generation,train,1337,True,,,,,,
de-0271,de-g0220,de,Jetzt warte ich nur noch darauf bis sich der Grüne Anal Ritter Volker Beck zu Wort meldet. Aber der Pudert sich gerade die Nase. :-),Jetzt warte ich nur noch darauf bis sich der Grüne Volker Beck zu Wort meldet. Aber der Pudert sich gerade die Nase. :-),,False,False,False,False,False,no_generation,train,1337,True,,,,,,
de-0272,de-g0308,de,Todenhöfer ist ein verlogener linker Islamlobbyist.  Leider sehr einflussreich,Todenhöfer ist ein unehrlicher linker Islamlobbyist. Leider sehr einflussreich,,False,False,False,False,False,no_generation,train,1337,True,,,,,,
de-0281,de-g0097,de,"Die Laien-Ministerin kann zwar nicht mehr ""werfen"", aber sie erzeugt bei. mir Geilheit: ""den Umschalter zu nutzen.""","Die Laien-Ministerin kann zwar nicht mehr ""werfen"", aber sie erzeugt bei. mir Interesse: ""den Umschalter zu nutzen.""",,False,False,False,False,False,no_generation,train,1337,True,,,,,,
de-0283,de-g0110,de,Die einzigen Nazis dir mir auffallen sind die öffentlich-rechtlichen mit ihrer Hetzpropaganda  gegen Trump und morgen sind es dann die Juden,Die einzigen Nazis dir mir auffallen sind die öffentlich-rechtlichen mit ihrer Propaganda gegen Trump und morgen sind es dann die Juden,,False,False,False,False,False,no_generation,train,1337,True,,,,,,
de-0284,de-g0098,de,"Die Masse versteht das nicht, sie sind so dumm gehalten das annähernd jede Hilfe zu spät kommt","Die Masse versteht das nicht, sie sind so naiv gehalten das annähernd jede Hilfe zu spät kommt",,False,False,False,False,False,no_generation,train,1337,True,,,,,,
de-0285,de-g0266,de,Oje Lindner....die gleiche Pfeife wie einst Westerwelle..!!,Oje Lindner....hat Ähnlichkeit mit Westerwelle..!!,,False,False,False,False,False,no_generation,train,1337,True,,,,,,
de-0293,de-g0287,de,"Seit wenigen Stunden zurück in Deutschland, was für eine lächerliche, manipulierte und verlogene Parteienlandschaft um Murksels Thron.","Seit wenigen Stunden zurück in Deutschland, was für eine nicht ernstzunehmende, manipulierte und unehrliche Parteienlandschaft um Merkels Thron.",,False,False,False,False,False,no_generation,train,1337,True,,,,,,
de-0294,de-g0235,de,"Lieber bezahlter Diener Putins, als Speichellecker einer korrumpierten deutschen Politik 😜","Lieber bezahlter Diener Putins, als einer korrumpierten deutschen Politik folgen😜",,False,False,False,False,False,no_generation,train,1337,True,,,,,,
de-0307,de-g0251,de,"Mittlerweile haben unsere Medien das Niveau des ""ND"" und TV vor 1989 in d. DDR. Kein Wunder bei der Lehrmeisterin, als ehem. AgitProperin 😜","Gerade auf N-TV ""Die neuen Waffen des Terrors"" mitbekommen !! RAUS MIT MOSLEMS, dann KEIN Terror! ☠️😡☠️",,False,False,False,False,False,no_generation,train,1337,True,,,,,,
de-0313,de-g0387,de,viel gefährlicher ist Oberdummzicke Sheitan Chebli,viel gefährlicher ist Sheitan Chebli,,False,False,False,False,False,no_generation,train,1337,True,,,,,,
de-0317,de-g0282,de,"Schon mal Gesehen. Asiaten sind brutal, gewissenlos, gottlos.",Schon mal Gesehen. Asiaten sind hart.,,False,False,False,False,False,no_generation,train,1337,True,,,,,,
de-0319,de-g0265,de,"Oder man ist so blöde und dumm wie du und nutzt keine Infos und jetzt such den Grammatikfehle,such,fein machst du das ,such,feiner Linker","Oder man ist so uninformiert und ungebildet wie du und nutzt keine Infos und jetzt such den Grammatikfehle,such,fein machst du das ,such,feiner Linker",,False,False,False,False,False,no_generation,train,1337,True,,,,,,
de-0320,de-g0304,de,"Stil der SPD seit Noske den ""Bluthund"" spielen durfte > diese Verräter am Volk","Stil der SPD seit Noske den ""Bluthund"" spielen durfte > diese konträre Haltung zum Volk",,False,False,False,False,False,no_generation,train,1337,True,,,,,,
de-0321,de-g0123,de,Dieser Hank ist wirklich ein Honk.,Dieser Hank ist wirklich komisch.,,False,False,False,False,False,no_generation,train,1337,True,,,,,,
de-0323,de-g0182,de,"Huuuuuuuuuu, geht doch, Murksel entglitten in Washington sämtliche Gesichtszüge. Sogar ihre ""Mäulchenfalten"" verschwanden 😂😂😂","Huuuuuuuuuu, geht doch, Merkel entglitten in Washington sämtliche Gesichtszüge. Sogar ihre ""Mundfalten"" verschwanden 😂😂😂",,False,False,False,False,False,no_generation,train,1337,True,,,,,,
de-0324,de-g0311,de,"Trump ist nicht eingeknickt und schon gar nicht vor diesen dummen Politikern, Lügenpresse und Nazimedien in Deutschland!!","Trump ist nicht eingeknickt und schon gar nicht vor diesen Politikern, Presse und Medien in Deutschland!!",,False,False,False,False,False,no_generation,train,1337,True,,,,,,
de-0330,de-g0175,de,Heiko Maas ist furchtbar. Sein gelabber sollte unter Strafe stehen. #berichtAUSberlin,Heiko Maas ist furchtbar. Seine Aussage sollte unter Strafe stehen. #berichtAUSberlin,,False,False,False,False,False,no_generation,train,1337,True,,,,,,
de-0332,de-g0029,de,@USER_1: @USER_2 @USER_0 Was für ein dummer Tweet!. Von diesen Typen kritisiert werden ist eine Ehre!. Die Rotfaschisten zittern!,@USER_1: @USER_2 @USER_0 Was für ein unüberlegter Tweet!. Von diesen Typen kritisiert werden ist eine Ehre!. Die Roten zittern!,,False,False,False,False,False,no_generation,train,1337,True,,,,,,
de-0333,de-g0256,de,"Naja,zu Lauterbach,ich kenne viele Leute die es besser machen würden und zum Dummerchen Thomalla , Merkel ist der Skandal, Watt für IRRE!","Naja,zu Lauterbach,ich kenne viele Leute die es besser machen würden und zu Thomalla , Merkel ist der Skandal! Das ist doch verrückt",,False,False,False,False,False,no_generation,train,1337,True,,,,,,
de-0343,de-g0091,de,"Die Anzahl der dreckigen Bastarde in diese Politverblödungsshows wäre bei 100%, wenn nicht hin und wieder jemand von der AFD dazu käme.","Die Anzahl der naiven Personen in diese Politshows wäre bei 100%, wenn nicht hin und wieder jemand von der AFD dazu käme.",,False,False,False,False,False,no_generation,train,1337,True,,,,,,
de-0345,de-g0295,de,So sind sie halt unsere Politschmarotzer....Lindner allerdings eine noch größere Pfeife als Westerwelle..,So sind sie halt unsere Politiker....Lindner allerdings noch schlimmer als Westerwelle..,,False,False,False,False,False,no_generation,train,1337,True,,,,,,
de-0349,de-g0382,de,schlimmer sind jene Fanatiker die Islamisten hofieren. Jung als Nazi zu bezeichnen ist unendlich dumm!!,schlimmer sind jene Fanatiker die Islamisten hofieren. Jung als Nazi zu bezeichnen ist naiv!!,,False,False,False,False,False,no_generation,train,1337,True,,,,,,
de-0350,de-g0081,de,Der Papst würde auch den Arsch des Teufels küssen wenn es ihm nützt,Der Papst würde auch alles tun wenn es ihm nützt,,False,False,False,False,False,no_generation,train,1337,True,,,,,,
de-0352,de-g0289,de,So dumm wie Gutmenschen halt sind!,So schlau wie Gutmenschen halt sind!,,False,False,False,False,False,no_generation,train,1337,True,,,,,,
de-0355,de-g0105,de,Die Welt von #Maas und #Merkel. Im Internet gibt’s Sperrung wenn nicht Staatsmeinung vertreten wird. In Hamburg gibts Schläge auf den Kopf,Die Welt von #Maas und #Merkel. Im Internet gibt’s Sperrung wenn nicht Staatsmeinung vertreten wird. In Hamburg kommt es zu Konflikten,,False,False,False,False,False,no_generation,train,1337,True,,,,,,
de-0359,de-g0360,de,"Zum Mitschreiben für die roten Ignoranten: Eine doppelte Staats-. bürgerschaft liegt vor, wenn - ja, jetzt wird es spannend. Was ist doppelt?","Zum Mitschreiben für die roten Leute: Eine doppelte Staats-. bürgerschaft liegt vor, wenn - ja, jetzt wird es spannend. Was ist doppelt?",,False,False,False,False,False,no_generation,train,1337,True,,,,,,
de-0367,de-g0106,de,"Die Zeit ist überreif für dass große Ausmisten in Politik, Justiz u Medien dieses ganze Rot Grün versiffte Parteibuch Pack zum Teufel jagen","Die Zeit ist überreif für dass große Ausmisten in Politik, Justiz u Medien diese ganze Rot Grün orientierte Parteibuch Gruppe verscheuchen",,False,False,False,False,False,no_generation,train,1337,True,,,,,,
de-0368,de-g0152,de,Frau #Böttinger meine Meinung dazu ist sie sollten uns mit ihrem Pferdegebiss nicht weiter belästigen #WDR,Frau #Böttinger meine Meinung dazu ist sie sollten uns mit ihrer Meinung nicht weiter belästigen #WDR,,False,False,False,False,False,no_generation,train,1337,True,,,,,,
de-0376,de-g0160,de,"Genderisten mit ihren eigenen Waffen zu schlagen ist einfach und spaßig. Sagt einfach, Ihr identifiziert Euch als schwarze lesbischer Transe","Genderisten mit ihren eigenen Waffen zu schlagen ist einfach und spaßig. Sagt einfach, Ihr identifiziert Euch als schwarze lesbischer Transperson",,False,False,False,False,False,no_generation,train,1337,True,,,,,,
de-0377,de-g0383,de,sehr gefährlich wenn Regenbogenhirne intoleranten Kriminellen die Grenzen öffnen!! Die schlimmste Gewaltwelle erleben aus dieser Richtung.,sehr gefährlich wenn tolerante Menschen intoleranten Kriminellen die Grenzen öffnen!! Die schlimmste Gewaltwelle erleben aus dieser Richtung.,,False,False,False,False,False,no_generation,train,1337,True,,,,,,
de-0385,de-g0133,de,ES WIRD SICH NIEMALS WAS ÄNDERN ;AUF DIESER wELT ;WENN NICHT DIE ELITÄREN AUSGELÖSCHT WERDEN !!! Die uns nur versklaven !!!,ES WIRD SICH NIEMALS WAS ÄNDERN ;AUF DIESER wELT ;WENN NICHT DIE ELITÄREN ABGESCHAFFT WERDEN !!! Die uns nur unterdrücken !!!,,False,False,False,False,False,no_generation,train,1337,True,,,,,,
de-0388,de-g0318,de,"Und da ich kein kleines Mädchen bin, so wie Du offenbar, kann ich eine solche Meinung ab.","Und da ich nicht so sensibel bin, so wie Du offenbar, kann ich eine solche Meinung ab.",,False,False,False,False,False,no_generation,train,1337,True,,,,,,
de-0393,de-g0299,de,"Solange bei Politikern der Dünnschiss aus der Fresse kommt, wird sich nichts ändern. Es stinkt weiter !!!","Solange die Politiker Quatsch erzählen, wird sich nichts ändern.",,False,False,False,False,False,no_generation,train,1337,True,,,,,,
de-0395,de-g0245,de,Merkels Dumm -Deutschen kann man alles erzählen!!,Merkels Deutschen kann man alles erzählen!!,,False,False,False,False,False,no_generation,train,1337,True,,,,,,
de-0398,de-g0328,de,Warum muss ein AFD Vogel dabei sein?,Warum muss einer von der AFD dabei sein?,,False,False,False,False,False,no_generation,train,1337,True,,,,,,
en-0003,en-g0394,en,"you know more than these idiots , stay the course and the truth will prevail .","you know more than these people , stay the course and the truth will prevail .",,False,False,False,False,False,no_generation,train,1337,True,,,,,,
en-0005,en-g0054,en,"In addition, I see no sock puppet, jackass.","In addition, I see no sock puppet.",,False,False,False,False,False,no_generation,train,1337,True,,,,,,
en-0006,en-g0380,en,who really gives a crap about this ?,Who really care about this?,,False,False,False,False,False,no_generation,train,1337,True,,,,,,
en-0008,en-g0017,en,"Are u there dick, wars back on!!!!",Are u there? The war is back on!,,False,False,False,False,False,no_generation,train,1337,True,,,,,,
en-0014,en-g0397,en,you see that kid talking to me i hate him he never leaves me alone.,"you see that kid talking to me i don't really like him, because he never leaves me alone.",,False,False,False,False,False,no_generation,train,1337,True,,,,,,
en-0015,en-g0062,en,New Zealanders are a pack of cunts. They need to get a mention.,New Zealanders are the people that need to get a mention.,,False,False,False,False,False,no_generation,train,1337,True,,,,,,
en-0016,en-g0226,en,i would have lost my shit * years * ago .,I would have gone crazy years ago.,,False,False,False,False,False,no_generation,train,1337,True,,,,,,
en-0018,en-g0058,en,Liars burn in Hell without Salvation.,Liars will face consequences without Salvation.,,False,False,False,False,False,no_generation,train,1337,True,,,,,,
en-0020,en-g0351,en,this deadly behavior is why abusive police in the 60s were referred to as pigs .,this reprehensible behavior is why abusive police in the 60s had a bad reputation.,,False,False,False,False,False,no_generation,train,1337,True,,,,,,
en-0022,en-g0275,en,"no shit , lockheed or raytheon or boeing or you name it employs half his districts employees .","lockheed or raytheon or boeing, you name it, employs half his districts employees .",,False,False,False,False,False,no_generation,train,1337,True,,,,,,
en-0025,en-g0206,en,i cant believe we are even discussing crap like this .,i can't believe we are even discussing thing like this,,False,False,False,False,False,no_generation,train,1337,True,,,,,,
en-0028,en-g0097,en,What the fuck do you want at my talk page.,What do you want at my talk page?,,False,False,False,False,False,no_generation,train,1337,True,,,,,,
en-0029,en-g0018,en,Bin Laden and his 19 so-called hijackers were patsies.,Bin Laden and his 19 so-called hijackers were not the smartest people.,,False,False,False,False,False,no_generation,train,1337,True,,,,,,
en-0033,en-g0326,en,the germans today are the same blind brainless followtheleader sheep they were inand throughout their history .,The germans today are the same they were in and throughout their history,,False,False,False,False,False,no_generation,train,1337,True,,,,,,
en-0035,en-g0189,en,his pay check from taxpayers because a bunch of idiot bureaucrats keeps adding zeros every time they open their mouths .,his pay check from taxpayers because a bunch of bureaucrats keeps adding zeros every time they open their mounths,,False,False,False,False,False,no_generation,train,1337,True,,,,,,
en-0036,en-g0074,en,STOP SENDING ME STUPID MESSAGES. I AM FIXING A MISTAKE IN THE ARTICLE.,Stop sending me messages. I am fixing a mistake in the article.,,False,False,False,False,False,no_generation,train,1337,True,,,,,,
en-0038,en-g0102,en,Yeah thats a really good way to get a life! Fucking fag!,"Yeah, that's a really good way to get a life!",,False,False,False,False,False,no_generation,train,1337,True,,,,,,
en-0039,en-g0129,en,because israeli rabbis never say fucked up shit .,Because israeli rabbis never say wrong stuff,,False,False,False,False,False,no_generation,train,1337,True,,,,,,
en-0043,en-g0105,en,You dumb motherfucker I am going to sue the shit out of you,I am going to sue everything out of you,,False,False,False,False,False,no_generation,train,1337,True,,,,,,
en-0044,en-g0236,en,"instead of trying to make a difference , ye old witch was more interested in making a statement .","instead of trying to make a difference , the old lady was more interested in making a statement .",,False,False,False,False,False,no_generation,train,1337,True,,,,,,
en-0046,en-g0386,en,why you're being a complete jerk,Why you're being such unpleasant person?,,False,False,False,False,False,no_generation,train,1337,True,,,,,,
en-0056,en-g0378,en,what the fuck is wrong with you ?,what is wrong with you?,,False,False,False,False,False,no_generation,train,1337,True,,,,,,
en-0059,en-g0086,en,That's really fucking stupid (no wonder I can never remember) !!,That's really inconvenient (no wonder I can never remember) !!,,False,False,False,False,False,no_generation,train,1337,True,,,,,,
en-0061,en-g0126,en,assad leaves and it will be a total shit show in syria .,Assad leaves and Syria will be in a mess.,,False,False,False,False,False,no_generation,train,1337,True,,,,,,
en-0076,en-g0391,en,yo buddy why are you saying mean shit to me ?,"Hey buddy, why are you saying mean things to me?",,False,False,False,False,False,no_generation,train,1337,True,,,,,,
en-0078,en-g0367,en,we don t need to consider shit !,We don't need to consider anything,,False,False,False,False,False,no_generation,train,1337,True,,,,,,
en-0080,en-g0100,en,Why even have the fucking talk pages if we can't comment on other users?,Why even have the talk pages if we can't comment on other users?,,False,False,False,False,False,no_generation,train,1337,True,,,,,,
en-0081,en-g0133,en,boeing is behaving exactly like any greedy bully would .,Boeing is behaving unfairly,,False,False,False,False,False,no_generation,train,1337,True,,,,,,
en-0082,en-g0224,en,i was a fucking dumbass kid though .,I was a weak kid though,,False,False,False,False,False,no_generation,train,1337,True,,,,,,
en-0089,en-g0254,en,keep your filthy paws off wikipedias articles unless you have something worthwhile to contribute .,Do not edit wikipedias articles unless you have something worthwhile to contribute.,,False,False,False,False,False,no_generation,train,1337,True,,,,,,
en-0091,en-g0308,en,so shut the hell up until you know what it is your talking about .,So keep quiet untill you know what you are talking about.,,False,False,False,False,False,no_generation,train,1337,True,,,,,,
en-0093,en-g0199,en,how about fuck whiny cunts who buy seats knowing others will recline around them and then bitch about it .,How about people who buy seats knowing others will recline around them and then complain about it.,,False,False,False,False,False,no_generation,train,1337,True,,,,,,
en-0096,en-g0076,en,"Shut the hell up JeremyA, stop posting nonsense.","Stop talking, Jeremy, stop posting nonsense.",,False,False,False,False,False,no_generation,train,1337,True,,,,,,
en-0100,en-g0109,en,You're being a first-class dick. Focus on how to edit this article properly.,You're being a first-class unpleasant person. Focus on how to edit this article properly.,,False,False,False,False,False,no_generation,train,1337,True,,,,,,
en-0101,en-g0265,en,military can be very stupid too .,Military can make a mistake.,,False,False,False,False,False,no_generation,train,1337,True,,,,,,
en-0102,en-g0399,en,"you're right, allmusic is the last shit.","you're right, Allmusic is the last disappointment.",,False,False,False,False,False,no_generation,train,1337,True,,,,,,
en-0105,en-g0388,en,"yeah , americans with quadruple citizenship so they have where to go in case shit gets serious anywhere else .","Yeah , Americans with quadruple citizenship so they have where to go in case things gets serious anywhere else .",,False,False,False,False,False,no_generation,train,1337,True,,,,,,
en-0106,en-g0353,en,"this is a special needs child with autism , not some angry little shit with no self control .","This child has autism, not behavioral issues",,False,False,False,False,False,no_generation,train,1337,True,,,,,,
en-0109,en-g0082,en,THIS SCHOOL DISTRICT SUCKS i know cause i go there,This school district is unsatifactory i know cause i go there,,False,False,False,False,False,no_generation,train,1337,True,,,,,,
en-0110,en-g0338,en,they are two faced fucks .,they are two faced.,,False,False,False,False,False,no_generation,train,1337,True,,,,,,
en-0115,en-g0299,en,she fucking lied to them about what she was doing .,she  lied to them about what she was doing .,,False,False,False,False,False,no_generation,train,1337,True,,,,,,
en-0117,en-g0033,en,Here is my badge of honor bitches ),Here is my badge of honor ),,False,False,False,False,False,no_generation,train,1337,True,,,,,,
en-0123,en-g0219,en,i m not trying to be a dick but i didn t think it was a cure for anything .,I didn't think it was a cure for anything.,,False,False,False,False,False,no_generation,train,1337,True,,,,,,
en-0124,en-g0207,en,i could understand how many people would shit their pants seeing a title like this,I could understand how many people would get scared seeing a title like this.,,False,False,False,False,False,no_generation,train,1337,True,,,,,,
en-0128,en-g0053,en,"I've come across Mokele before, he is a power hungry little bully.","I've come across Mokele before, he is a power hungry person.",,False,False,False,False,False,no_generation,train,1337,True,,,,,,
en-0131,en-g0012,en,And how can you justify a moronic 2 day block?,And how can you justify a 2 day block?,,False,False,False,False,False,no_generation,train,1337,True,,,,,,
en-0132,en-g0221,en,"i never knew they were rich , just silly tourists with loud aloha shirts .","i never knew they were rich , just  tourists with loud aloha shirts .",,False,False,False,False,False,no_generation,train,1337,True,,,,,,
en-0133,en-g0055,en,"In case you forgot, I was here way before the hardrock-idiot started his stupid webbased forum.","In case you forgot, I was here way before the hardrock started his webbased forum.",,False,False,False,False,False,no_generation,train,1337,True,,,,,,
en-0141,en-g0211,en,"i don t want to know his interests , try to understand his beliefs or see this little shits picture .","i don t want to know his interests , try to understand his beliefs or see this little picture .",,False,False,False,False,False,no_generation,train,1337,True,,,,,,
en-0143,en-g0227,en,ibrahim is kind of a dick lately .,Ibrahim has been kind of mean lately,,False,False,False,False,False,no_generation,train,1337,True,,,,,,
en-0146,en-g0046,en,"I just watched this guy on TED, and he is fucking epic.","I just watched this guy on TED, and he is really epic.",,False,False,False,False,False,no_generation,train,1337,True,,,,,,
en-0149,en-g0251,en,"joke 's on you , you intolerant fuck .",Joke's on you,,False,False,False,False,False,no_generation,train,1337,True,,,,,,
en-0151,en-g0172,en,glad to see they were allowed to fuck up the santa barbara coast .,Glad to see they were alllowed to destroy the santa Barbara coast,,False,False,False,False,False,no_generation,train,1337,True,,,,,,
en-0153,en-g0297,en,"sell your ships , find a new job , get the fuck out of the number th century , thanks .","sell your ships , find a new job , get out of the number th century , thanks .",,False,False,False,False,False,no_generation,train,1337,True,,,,,,
en-0154,en-g0081,en,THIS MAN SHOULD BE SHOT FOR WAR CRIMES AND MURDER,This man should be punished severely for war crimes and murder,,False,False,False,False,False,no_generation,train,1337,True,,,,,,
en-0157,en-g0094,en,This site is rubbish and is possibly slanderous.,This site is not of high quality and is possibly slanderous.,,False,False,False,False,False,no_generation,train,1337,True,,,,,,
en-0159,en-g0034,en,"How about YOU and AR stop pissing me off with your bullshit, and LISTEN TO ME FOR ONCE? -","How about you and I and the other person stop upsetting me with our words, and kindly listen to me for once?",,False,False,False,False,False,no_generation,train,1337,True,,,,,,
en-0160,en-g0370,en,"well , dunno about him being an asshole , but he was definitely a fucking moron .","well , dunno about him being not nice , but he was definitely not smart",,False,False,False,False,False,no_generation,train,1337,True,,,,,,
en-0164,en-g0016,en,"Are all professors of rhetoric pompous, self-centered assholes?",Are all professors of rhetoric look arrogant and self-centered?,,False,False,False,False,False,no_generation,train,1337,True,,,,,,
en-0166,en-g0235,en,"in the end , he was just a dick .","in the end , he was just unpleasant.",,False,False,False,False,False,no_generation,train,1337,True,,,,,,
en-0168,en-g0246,en,it would be fucking illegal as shit to straight up kill someone .,It would be illegal to commit homicide.,,False,False,False,False,False,no_generation,train,1337,True,,,,,,
en-0174,en-g0320,en,that scum is smiling in court !,That bad person is smiling in court,,False,False,False,False,False,no_generation,train,1337,True,,,,,,
en-0179,en-g0007,en,300 fucking years of mixing is MORE than enough to disqualify someone as part of a certain ethnic group.,Over 300 years of intermixing is sufficient to disqualify an individual from being considered as part of a specific ethnic group.,,False,False,False,False,False,no_generation,train,1337,True,,,,,,
en-0182,en-g0276,en,"not even from brainless , hypocritical marxist pigs .",not even from marxist people.,,False,False,False,False,False,no_generation,train,1337,True,,,,,,
en-0183,en-g0336,en,they are always puffing him up and blowing smoke up his butt and aggrandizing him and his fewaccomplishments .,the are always puffing him up and blowing smoke on him and aggrandizing him and his few accomplishments.,,False,False,False,False,False,no_generation,train,1337,True,,,,,,
en-0187,en-g0273,en,"no , that s fucking bullshit .","No, that is so wrong",,False,False,False,False,False,no_generation,train,1337,True,,,,,,
en-0191,en-g0042,en,I can change my IP at will asshole.,I can change my IP at will.,,False,False,False,False,False,no_generation,train,1337,True,,,,,,
en-0192,en-g0393,en,you bunch of asshats pushing your agenda instead of being neutrel .,You are all just pushing on your agenda instead of being neutral,,False,False,False,False,False,no_generation,train,1337,True,,,,,,
en-0193,en-g0190,en,"hiya frank , you know someone called fuck then ? .","hiya frank , you know someone called then ? .",,False,False,False,False,False,no_generation,train,1337,True,,,,,,
en-0194,en-g0197,en,"holy shit yeah , forgot about that one .",Just forget about that one,,False,False,False,False,False,no_generation,train,1337,True,,,,,,
en-0207,en-g0089,en,Then start quoting the damn cover instead of a message board!,Then please start quoting the cover instead of a message board.,,False,False,False,False,False,no_generation,train,1337,True,,,,,,
en-0210,en-g0132,en,bloated crap that comes out of these other .,Bloated nonsense that comes out of these other,,False,False,False,False,False,no_generation,train,1337,True,,,,,,
en-0211,en-g0166,en,fuck this scumbag piece of shit and all his political cohorts .,I disagree with him and his political cohorts.,,False,False,False,False,False,no_generation,train,1337,True,,,,,,
en-0212,en-g0078,en,Stay the fuck off my page,"Stay away of my page, please",,False,False,False,False,False,no_generation,train,1337,True,,,,,,
en-0214,en-g0392,en,you are liable to break something and touch shit you shouldnt touch .,you are liable to break something and touch stuff you shouldn't touch.,,False,False,False,False,False,no_generation,train,1337,True,,,,,,
en-0216,en-g0398,en,"you ve got to be fucking kidding me , right ? .",Are you kidding me?,,False,False,False,False,False,no_generation,train,1337,True,,,,,,
en-0218,en-g0093,en,This album is not a fucking Post-Grunge album.,This album is not a Post-Grunge album.,,False,False,False,False,False,no_generation,train,1337,True,,,,,,
en-0222,en-g0056,en,"Jobs never needed degrees they needed white faces, degrees were there to hinder niggas from getting in URL","Jobs never needed degrees they needed white people, degrees were there to hinder people of color from getting in URL",,False,False,False,False,False,no_generation,train,1337,True,,,,,,
en-0234,en-g0121,en,and some people fucking buy that .,And some people believe that.,,False,False,False,False,False,no_generation,train,1337,True,,,,,,
en-0236,en-g0204,en,"i always thought that was fucked you go to jail for not paying a bill yea , that ll be productive .","I always thought that was mess up going to jail for not paying a bill, that'll be productive",,False,False,False,False,False,no_generation,train,1337,True,,,,,,
en-0248,en-g0145,en,come on ya fuckin dummy get your right step right .,"can you please get your steps, right?",,False,False,False,False,False,no_generation,train,1337,True,,,,,,
en-0252,en-g0052,en,"I'm not going to reply to your ignorants comments, it's a zero!","I'm not going to reply to your comments, it means nothing to me!",,False,False,False,False,False,no_generation,train,1337,True,,,,,,
en-0253,en-g0061,en,Nazi Sean Hoyland vandalized these pages.,Sean Hoyland vandalized these pages.,,False,False,False,False,False,no_generation,train,1337,True,,,,,,
en-0257,en-g0065,en,"Oh, that was my dumbass mistake.","Oh, that was my mistake.",,False,False,False,False,False,no_generation,train,1337,True,,,,,,
en-0268,en-g0383,en,why do you guys do this shit out west ?,Why do you guys do this out of west?,,False,False,False,False,False,no_generation,train,1337,True,,,,,,
en-0274,en-g0335,en,these idiots are bound and determined to start a civil war !,these people are bound and determined to start a civil war!,,False,False,False,False,False,no_generation,train,1337,True,,,,,,
en-0278,en-g0143,en,colin kaepernick is an idiot .,colin kaepernick is not good man,,False,False,False,False,False,no_generation,train,1337,True,,,,,,
en-0281,en-g0083,en,"Target You are now a valid target, you nasty little shit!","Target You are now a valid target, you rude person!",,False,False,False,False,False,no_generation,train,1337,True,,,,,,
en-0287,en-g0306,en,"so i would really like it if people could stop acting like that 's why he got shot , it fucking isn 't .","so i would really like it if people could stop acting like that 's why he got shot , it isn 't .",,False,False,False,False,False,no_generation,train,1337,True,,,,,,
en-0295,en-g0313,en,"sure he should get punished , but three fucking years ? .",He should get punished surely but not for three years.,,False,False,False,False,False,no_generation,train,1337,True,,,,,,
en-0299,en-g0171,en,get this ldiot out of there .,get this fellow out of there .,,False,False,False,False,False,no_generation,train,1337,True,,,,,,
en-0300,en-g0345,en,"they should have fled , i feel that these guys are fucked , who turns themselves in to an angry mob ? .","They should have escaped, i feel that these are are done, who turns themselves in to an angry mob",,False,False,False,False,False,no_generation,train,1337,True,,,,,,
en-0306,en-g0259,en,lgbt whine and bitch all the way to the courts to have the twice declined decision overturned .,the lgbt community complained all the way to the courts to have the twice declined decision overturned .,,False,False,False,False,False,no_generation,train,1337,True,,,,,,
en-0307,en-g0359,en,"throwing his ass in jail is the best thing possible , since it protects others from his willful drunk driving .","Being sent to jail is the best thing possible, since it protects others from willful drunk driving.",,False,False,False,False,False,no_generation,train,1337,True,,,,,,
en-0310,en-g0369,en,"we shouldn t be shitting on his good name , and saying what he should , and shouldn t have done .",we should not desecrate his name instead we should have done better.,,False,False,False,False,False,no_generation,train,1337,True,,,,,,
en-0312,en-g0362,en,"top ten most relevant "" are you fucking sorry ""","Top ten most relevant "" are you sorry?""",,False,False,False,False,False,no_generation,train,1337,True,,,,,,
en-0315,en-g0309,en,so they don 't give a flying fuck about long term effects .,So they don't care about long term effects,,False,False,False,False,False,no_generation,train,1337,True,,,,,,
en-0322,en-g0238,en,it 's just dumb fucking luck .,it 's just luck .,,False,False,False,False,False,no_generation,train,1337,True,,,,,,
en-0326,en-g0261,en,looks like the not fucking around crew is making decisions now .,Look like the crew is making decisions now.,,False,False,False,False,False,no_generation,train,1337,True,,,,,,
en-0333,en-g0382,en,who the hell do you feminists think you are anyway ?,Who do these feminists think they are anyway?,,False,False,False,False,False,no_generation,train,1337,True,,,,,,
en-0335,en-g0248,en,its one of those you don t know what your saying so i m correcting you cunts .,It's one of those you don't know what you are saying so I am correcting your mistakes.,,False,False,False,False,False,no_generation,train,1337,True,,,,,,
en-0336,en-g0260,en,likes to eat shit It's true and he told me himself!,"likes to eat bad food, that's true and he told me himself!",,False,False,False,False,False,no_generation,train,1337,True,,,,,,
en-0341,en-g0283,en,p. s. i do own all of those pictures bitch .,i own all those pictures.,,False,False,False,False,False,no_generation,train,1337,True,,,,,,
en-0349,en-g0028,en,Gogo Dodo is a rogue admin that has sex with his father,Gogo Dodo is an admin that has close relationships with his father,,False,False,False,False,False,no_generation,train,1337,True,,,,,,
en-0350,en-g0180,en,he hasn t done shit for palestine .,He doesn't do anything for Palestine.,,False,False,False,False,False,no_generation,train,1337,True,,,,,,
en-0351,en-g0223,en,"i thought world leader just picked random shit to do , thank you for informing us ! .","I thought world leader just picked a random things to do ,thank you for informing us!.",,False,False,False,False,False,no_generation,train,1337,True,,,,,,
en-0355,en-g0158,en,fuck alcohol and anyone who drives while drinking the stuff .,Alcohol and everyone else who drinks and drives.,,False,False,False,False,False,no_generation,train,1337,True,,,,,,
en-0360,en-g0293,en,removed from reality in - fucking - deed,Removed from reality indeed,,False,False,False,False,False,no_generation,train,1337,True,,,,,,
en-0362,en-g0161,en,"fuck me , even afghanistan has number .",even afghanistan has a number.,,False,False,False,False,False,no_generation,train,1337,True,,,,,,
en-0363,en-g0307,en,so is torture why should they give a shit ? .,Is torture the reason why they care?,,False,False,False,False,False,no_generation,train,1337,True,,,,,,
en-0364,en-g0173,en,"good damn , that show kicks so much ass .","good god , that show is very nice",,False,False,False,False,False,no_generation,train,1337,True,,,,,,
en-0365,en-g0116,en,anarchy is basically a philosophy for dumb teenagers and marxism is about dead .,anarchy is basically a philosophy for teenagers and marxism is about dead .,,False,False,False,False,False,no_generation,train,1337,True,,,,,,
en-0366,en-g0067,en,Only a moron would think so.,Only a not clever person would think so.,,False,False,False,False,False,no_generation,train,1337,True,,,,,,
en-0368,en-g0280,en,now that is just a fucking dumb thing to say .,now that is just a useless thing to say.,,False,False,False,False,False,no_generation,train,1337,True,,,,,,
en-0369,en-g0072,en,Rubbish. I do not support your crappy encyclopedia and that's that.,I do not support your encyclopedia and that's that.,,False,False,False,False,False,no_generation,train,1337,True,,,,,,
en-0371,en-g0286,en,people making moronic jokes Have no right to edit.,The people making bad jokes should not have a right to edit.,,False,False,False,False,False,no_generation,train,1337,True,,,,,,
en-0381,en-g0169,en,fucking cunt of a person .,A bad person.,,False,False,False,False,False,no_generation,train,1337,True,,,,,,
en-0383,en-g0205,en,"i cannot help thinking if they wanted my opinion on shit , they could just ask .","I can't help thinking if they wanted my opinion on something, they could just ask.",,False,False,False,False,False,no_generation,train,1337,True,,,,,,
en-0384,en-g0200,en,"how else could it have become , with bribery being legal and shit ? .","How else could it have become, with bribery being legal?",,False,False,False,False,False,no_generation,train,1337,True,,,,,,
en-0387,en-g0159,en,fuck ever doing that again .,Dont do that again,,False,False,False,False,False,no_generation,train,1337,True,,,,,,
en-0395,en-g0128,en,at least one party gives a crap about humans after birth .,at leas one party pays attention about humans after birth.,,False,False,False,False,False,no_generation,train,1337,True,,,,,,
en-0397,en-g0303,en,"side - note , why the fuck does everything the us make have to be called "" joint . ""","side-note , why does everything the us make have to be called ""joint.""",,False,False,False,False,False,no_generation,train,1337,True,,,,,,
es-0001,es-g0046,es,Conclusión: pura mierda de paranormal....,Conclusión: pura de paranormal.,,False,False,False,False,False,no_generation,train,1337,True,,,,,,
es-0002,es-g0023,es,Algunos pierden la cabeza por llegar a Paguitalandia.,algunos se desgastan por llegar a Paguitalandia,,False,False,False,False,False,no_generation,train,1337,True,,,,,,
es-0003,es-g0266,es,"Si los ladrones y golpistas de izquierda no le hubieran hecho tanto daño a Chile, probablemente todo sería mejor.","Si la izquierda no hubiera hecho tanto daño a Chile, probablemente las cosas habrían sido mejores.",,False,False,False,False,False,no_generation,train,1337,True,,,,,,
es-0008,es-g0213,es,"Pero que lo haga el gobierno y saqué pasta, vamos gilipollas, que os podéis forrar","Que el gobierno lo gestione y obtenga beneficios, es decir, que aprovechen la oportunidad.",,False,False,False,False,False,no_generation,train,1337,True,,,,,,
es-0016,es-g0101,es,"Estás enfermo y no quieres ver.

Cada uno que arregle los problemas de su casa, aquí ya tenemos bastantes.","Tienes un problema y no quieres ver. 
Cada uno que arregle los problemas de su casa, aquí ya tenemos bastantes.",,False,False,False,False,False,no_generation,train,1337,True,,,,,,
es-0020,es-g0093,es,Este país se va a la mierda,nada puede salvar a este país,,False,False,False,False,False,no_generation,train,1337,True,,,,,,
es-0023,es-g0137,es,La única solución es irse de este país de mierda.,La única solución es irse de este país.,,False,False,False,False,False,no_generation,train,1337,True,,,,,,
es-0033,es-g0133,es,La mitad catalana borrega independentista sigue creyéndose sus mentiras.,La mitad catalana independentista sigue creyéndose sus mentiras,,False,False,False,False,False,no_generation,train,1337,True,,,,,,
es-0034,es-g0371,es,pues mucho  no entiendo pq llamarlo asi cuando la palabra no es ofensiva  putos progres,Pues mucho no entiendo pq llamarlo asi cuando la palabra no es ofensiva,,False,False,False,False,False,no_generation,train,1337,True,,,,,,
es-0036,es-g0346,es,gummy cuando te pones subnormal eres un tocacojones,"Gummy, cuando te comportas de manera inapropiada, te vuelves una molestia.",,False,False,False,False,False,no_generation,train,1337,True,,,,,,
es-0046,es-g0087,es,Esos comunistas nazis judeo musulmanes creyéndose los reyes de la física,Esa gente creyéndose los reyes de la física.,,False,False,False,False,False,no_generation,train,1337,True,,,,,,
es-0047,es-g0294,es,Tu también Matt Reeves y tus putas ideas pendejas,Tu también Matt Reeves y tus ideas,,False,False,False,False,False,no_generation,train,1337,True,,,,,,
es-0059,es-g0338,es,"el término correcto es ""seres humanos de color crema""","El término correcto es ""personas de tono crema"".",,False,False,False,False,False,no_generation,train,1337,True,,,,,,
es-0062,es-g0021,es,Ahora un nazi en RTVE #lahoraespinosadelosmonteros,Ahora este hombre en RTVE #lahoraespinosadelosmonteros,,False,False,False,False,False,no_generation,train,1337,True,,,,,,
es-0063,es-g0359,es,"muy ateos que sois pero bien que os gustaría ser dios, eh? malditos hipocritas","Muy ateos que sois pero bien que os gustaría ser dios, eh? Es un poco hipócrita.",,False,False,False,False,False,no_generation,train,1337,True,,,,,,
es-0064,es-g0118,es,"Hostia, como la quimioterapia, nos hace daño, pero si aguantamos lo suficiente, podemos vencer al cáncer.","Como la quimioterapia, nos hace daño, pero si aguantamos lo suficiente, podemos vencer al cáncer.",,False,False,False,False,False,no_generation,train,1337,True,,,,,,
es-0074,es-g0245,es,Que cabron el que publicó la foto de los finalistas de master chef😡😂😂,Que malo el que publicó la foto de los finalistas de master chef😡😂😂,,False,False,False,False,False,no_generation,train,1337,True,,,,,,
es-0076,es-g0053,es,Cuánto facha de mierda en una mención voy a vomitar,Cuanta apariencia en una mención voy a vomitar,,False,False,False,False,False,no_generation,train,1337,True,,,,,,
es-0078,es-g0348,es,hay que ser hp para robar un zumo en alta mar.,Hay que ser inconciente para robar un zumo en alta mar,,False,False,False,False,False,no_generation,train,1337,True,,,,,,
es-0079,es-g0136,es,La última mamarrachada de EA es tremenda.,La última payasada de EA es tremenda.,,False,False,False,False,False,no_generation,train,1337,True,,,,,,
es-0080,es-g0083,es,"Es su cultura y hay que respetarla. Un abrazo desde Ronda, Málaga.","Es importante respetar su cultura. Un saludo desde Ronda, Málaga.",,False,False,False,False,False,no_generation,train,1337,True,,,,,,
es-0082,es-g0362,es,no te sale bien el catalán prueba en francés... chupala hijo puta 😂😂😂,No te sale bien el catalan prueba en francés,,False,False,False,False,False,no_generation,train,1337,True,,,,,,
es-0083,es-g0024,es,Antes me como un whopper que decir algo bueno del subnormal ese,Antes me como un Whopper porque decir algo de él,,False,False,False,False,False,no_generation,train,1337,True,,,,,,
es-0085,es-g0322,es,"Ya venís en manada a quejaros, anda a tomarte una mArandina.","Ya venís en manada a quejaros, anda a tomarte una mandarina.",,False,False,False,False,False,no_generation,train,1337,True,,,,,,
es-0097,es-g0105,es,Ghostt subnormal se nota a la legua que eres tú el ... — Mira como llora el puto bizco,Ghostt  se nota a la legua que eres tú el ... — Mira como llora,,False,False,False,False,False,no_generation,train,1337,True,,,,,,
es-0100,es-g0360,es,no podia esperar a llegar a tierra para ponerse manos a la. obra,No podía esperar a llegar a tierra para comenzar a trabajar.,,False,False,False,False,False,no_generation,train,1337,True,,,,,,
es-0101,es-g0074,es,"En ESPAÑA tenemos un Gobierno PSOE-UP, asi que simplemente estamos DISFRUTANDO LO VOTADO.","En España, contamos con un Gobierno PSOE-UP, así que simplemente estamos experimentando las consecuencias de lo votado.",,False,False,False,False,False,no_generation,train,1337,True,,,,,,
es-0103,es-g0305,es,"Veo el tweet y digo ""mira un subnormal"" pero veo los reply y no, son unos cuantos más.","Veo el tweet y digo ""mira un personaje"" pero veo los reply y no, son unos cuantos más.",,False,False,False,False,False,no_generation,train,1337,True,,,,,,
es-0107,es-g0296,es,Un Catalan a clasificado al Barça  Cabroooooonnn,Un Catalan a clasificado al Barça,,False,False,False,False,False,no_generation,train,1337,True,,,,,,
es-0110,es-g0005,es,"- Porque se que es la única forma que me visiten todos los fines de semana, borrachos malparidos",- Porque se que es la única forma que me visiten todos los fines de semana.,,False,False,False,False,False,no_generation,train,1337,True,,,,,,
es-0115,es-g0054,es,Cómo estará el país para que ni los moros quieran estar,como estará el pais para que no quieran estar,,False,False,False,False,False,no_generation,train,1337,True,,,,,,
es-0119,es-g0086,es,"Eso no lo sabemos, puede que vinieran de pequeños. Si es asi, expulsión.","No podemos estar seguros, podrían haber venido de pequeños. Si es el caso, considerar la expulsión.",,False,False,False,False,False,no_generation,train,1337,True,,,,,,
es-0121,es-g0020,es,Ahora tampoco respetaréis la democracia fascistas de mierda???,Ahora tampoco respetaréis la democracia????,,False,False,False,False,False,no_generation,train,1337,True,,,,,,
es-0125,es-g0332,es,"al guadalquivir primooo! Sigue insultando por internet, que eres un gitano falso.",Al guadalquivir primo sigue haciendo comentarios ofensivos por internet,,False,False,False,False,False,no_generation,train,1337,True,,,,,,
es-0127,es-g0075,es,"En España los invasores tienen más derechos que los españoles, pura mierda trae Ebrard y López.","En España tienen más derechos que los españoles, esto lo aportan Ebrard y López.",,False,False,False,False,False,no_generation,train,1337,True,,,,,,
es-0128,es-g0130,es,"La historia reconocerá que fue el más pelele , inepto e hijo de puta presidente de la historia .",La historia reconocerá que fue el más inepto e hijo  presidente de la historia,,False,False,False,False,False,no_generation,train,1337,True,,,,,,
es-0131,es-g0032,es,Blocs y a otra cosa No le des publicidad al monguer,Blocs y a otra cosa No le des publicidad,,False,False,False,False,False,no_generation,train,1337,True,,,,,,
es-0139,es-g0279,es,"Sí, para que lo suelten a la media hora. Alguien que hace eso sólo aprende de una manera.","Sí, pero suelen liberarlo después de media hora. Alguien que recurre a eso solo aprende de una manera.",,False,False,False,False,False,no_generation,train,1337,True,,,,,,
es-0145,es-g0186,es,"No busquéis más, ya tenemos al tonto del hilo.","No busqueis mas, aqui esta quien faltaba",,False,False,False,False,False,no_generation,train,1337,True,,,,,,
es-0148,es-g0212,es,"Pero pedazo de subnormal, prefieres a Charlotte antes que Lana.","Pero, prefieres a Charlotte antes que Lana.",,False,False,False,False,False,no_generation,train,1337,True,,,,,,
es-0149,es-g0285,es,"Te lo llama hasta tu cuñado. Pero no sufras, ¿quién no tiene un mongolo en la familia?","te lo llama hasta tu cuñado. pero tranquilo, ¿quien no tiene a una persona de capacidades diferentes en la familia?",,False,False,False,False,False,no_generation,train,1337,True,,,,,,
es-0150,es-g0233,es,"Pues un héroe el que se bebió el zumo, de no haberlo hecho este estaría vendiendo corbatas por los bares","Realmente fue un acto heróico de quien se bebió el zumo. De no haberlo hecho, es probable que esa persona estuviera vendiendo corbatas en los bares",,False,False,False,False,False,no_generation,train,1337,True,,,,,,
es-0152,es-g0398,es,🚨🚨 Los okupas causan graves disturbios en Santiago y el alcalde 'podemita' les respalda ➡️  ASQUEROSO,🚨🚨 Los okupas causan graves disturbios en Santiago y el alcalde 'podemita' les respalda ➡️,,False,False,False,False,False,no_generation,train,1337,True,,,,,,
es-0153,es-g0378,es,te has equivocado de captura subnormal,te has equivocado de captura,,False,False,False,False,False,no_generation,train,1337,True,,,,,,
es-0156,es-g0128,es,La derechona sale a dar una vuelta por Barcelona.  vía,La derecha sale a dar una vuelta por Barcelona. Via,,False,False,False,False,False,no_generation,train,1337,True,,,,,,
es-0157,es-g0246,es,Que ganas de que metan al peluo en la carcel por subnormal😆😆😆,Espero que lo lleven a la cárcel por sus acciones inapropiadas.,,False,False,False,False,False,no_generation,train,1337,True,,,,,,
es-0158,es-g0177,es,"Mejores Autopistas?, Ese mancito Gómez dónde vive?, Seguro es un sureñito Petrista 😕🤘","Mejores Autopistas?, Ese Gómez dónde vive?, Seguro es un sureñito Petrista 😕🤘",,False,False,False,False,False,no_generation,train,1337,True,,,,,,
es-0160,es-g0185,es,"No a los politicos de mierda, nunca mas.","No a los politicos, nunca mas.",,False,False,False,False,False,no_generation,train,1337,True,,,,,,
es-0161,es-g0399,es,🚨🚨 Los okupas causan graves disturbios en Santiago y el alcalde 'podemita' les respalda ➡️  SON GENTUZA,Los okupas causan graves disturbios en santiago y el alcalde podemita les respalda,,False,False,False,False,False,no_generation,train,1337,True,,,,,,
es-0164,es-g0143,es,"Llévenlos a prisión, y una vez paguen la condena enviarlos a su país por deportación.","Llévenlos a prisión y, después de cumplir la condena, procedan con su deportación a su país.",,False,False,False,False,False,no_generation,train,1337,True,,,,,,
es-0166,es-g0395,es,¿Y este subnormal quién es?,"Y este hombre extraño, ¿quién es?",,False,False,False,False,False,no_generation,train,1337,True,,,,,,
es-0168,es-g0090,es,Estas elecciones les van a venir de perlas a los fachas de VOX.,Estas elecciones les van a venir de perlas a los  de VOX.,,False,False,False,False,False,no_generation,train,1337,True,,,,,,
es-0169,es-g0289,es,"Totalmente de acuerdo con la diputada, a esos cáfres asquerosos que no los vayan a dejar devolver a Bogotá.",Estoy totalmente de acuerdo con el diputado que no les permitirá regresar a Bogotá.,,False,False,False,False,False,no_generation,train,1337,True,,,,,,
es-0175,es-g0256,es,Qué mierda esa zozobra previa a los recortes de personal.,Qué zozobra previa a los recortes de personal.,,False,False,False,False,False,no_generation,train,1337,True,,,,,,
es-0176,es-g0388,es,ya me han venido los 4 fachas de turno a tocarme los cojones,Ya me han venido las 4 de turno a molestarme,,False,False,False,False,False,no_generation,train,1337,True,,,,,,
es-0179,es-g0230,es,"Pues si es así, que zorras que sois.","Bueno, si es así, ¿qué clase de gente eres.",,False,False,False,False,False,no_generation,train,1337,True,,,,,,
es-0186,es-g0341,es,"es que no lo eres, es decir, qué más da ser hetero, el problema está en ser retrasado xd","es que no lo eres, es decir, qué más da ser hetero, el problema no entender las cosas",,False,False,False,False,False,no_generation,train,1337,True,,,,,,
es-0188,es-g0069,es,"El gobierno de mierda, debería dejar de hablar hueás contra toda evidencia.","El gobierno, debería dejar de hablar hueás contra toda evidencia.",,False,False,False,False,False,no_generation,train,1337,True,,,,,,
es-0189,es-g0131,es,"La jueza archiva la paliza de los trozos de mierda fascistas a Lagarder, porque la  no entregó la denuncia",La jueza archiva el problema de los fascistas a Lagarder porque no  entregó la denuncia,,False,False,False,False,False,no_generation,train,1337,True,,,,,,
es-0190,es-g0313,es,"Y lo bien que les va siendo fachas, que no es gratis","Y lo bien que les va siendo conservadores, que no es gratis",,False,False,False,False,False,no_generation,train,1337,True,,,,,,
es-0192,es-g0006,es,-Una directiva fracasa deportivamente -Unos monguers los votan para que sigan mandando -Los monguers se sorprenden d q fracasen #estapasando,"Una directiva desilusiona deportivamente, unos monguers los votan para que sigan mandando, los monguers se sorprenden de que no sea un éxito #estapasando",,False,False,False,False,False,no_generation,train,1337,True,,,,,,
es-0194,es-g0381,es,"ufff eso es como construir puertas lógicas con legos; se puede, pero estás haciendo el imbécil.","ufff eso es como construir puertas lógicas con legos; se puede, pero estás haciendo algo qué no tiene sentido.",,False,False,False,False,False,no_generation,train,1337,True,,,,,,
es-0195,es-g0197,es,"No, lo que parece de ese siglo es su puta bazofia de programa.","No, lo que parece de ese siglo es su asqueroso programa",,False,False,False,False,False,no_generation,train,1337,True,,,,,,
es-0196,es-g0184,es,Ni caso a los gilipollas como el  es un fascista de mierda,"Ni caso a un tipo como él, es un extrema derecha",,False,False,False,False,False,no_generation,train,1337,True,,,,,,
es-0197,es-g0215,es,Pero que pedazo de retrasada,Pero qué tipo de persona.,,False,False,False,False,False,no_generation,train,1337,True,,,,,,
es-0200,es-g0310,es,"Y como siempre los nacotes sin educación diciendo groserías, son los que están en contra de este gran gobierno respetable.","Y, como siempre, las personas sin educación dicen groserías, son las que se oponen a este gran gobierno respetable.",,False,False,False,False,False,no_generation,train,1337,True,,,,,,
es-0203,es-g0045,es,Conclusión: Er Benni era un cabrón facha que ayudó a Trum,Conclusión: Er Benny fue un tipo rudo que ayudó a Trump.,,False,False,False,False,False,no_generation,train,1337,True,,,,,,
es-0208,es-g0239,es,"Que algunos saquéis la bilis contra mi 😍😍 jajajajaja , monguers y gordos ...",Que algunos saquéis la bilis contra mi 😍😍 jajajajaja,,False,False,False,False,False,no_generation,train,1337,True,,,,,,
es-0210,es-g0303,es,Ve na cuando habla Mazzoleni que puta,Ve na cuando habla Mazzoleni,,False,False,False,False,False,no_generation,train,1337,True,,,,,,
es-0212,es-g0232,es,"Pues súbete tu a repararlo, maricón",Pues súbete tu a repararlo,,False,False,False,False,False,no_generation,train,1337,True,,,,,,
es-0215,es-g0203,es,"Origen patológico , delincuencial , usurpante , ilegal resultado delicuncial usurpante y patológico","Origen patológico, ilegal resultado delicuncial usurpante y patológico",,False,False,False,False,False,no_generation,train,1337,True,,,,,,
es-0219,es-g0111,es,Hacete cargo forro de mierda,Asumir la responsabilidad,,False,False,False,False,False,no_generation,train,1337,True,,,,,,
es-0221,es-g0084,es,Esa fascista JAMAS sera presi de !😂😂😂,Una mala persona jamas sera presi de,,False,False,False,False,False,no_generation,train,1337,True,,,,,,
es-0222,es-g0049,es,"Costumbres tercermundistas que disfrutamos ya en Europa gracias a nuestros políticos progres, disfruten lo votado.","Costumbre de países en desarrollo que ya disfrutamos en Europa, gracias a los políticos simpatizantes, disfruten el logro",,False,False,False,False,False,no_generation,train,1337,True,,,,,,
es-0223,es-g0144,es,Lo hipócritas que son algunos con el tema de ladder no tiene tamaño AJAJAJ Vaya hipócritas de mierda ;),Lo hipócritas que son algunos con el tema de ladder no tiene tamaño AJAJAJ,,False,False,False,False,False,no_generation,train,1337,True,,,,,,
es-0225,es-g0116,es,"He puesto ""culo"" maemia, además de pequeño, mongolo. 😭","He puesto  maemia, además de pequeño, mongolo. 😭",,False,False,False,False,False,no_generation,train,1337,True,,,,,,
es-0233,es-g0025,es,Aprende el significado de mayoría parlamentaria subnormal,Aprende el significado de mayoría parlamentaria,,False,False,False,False,False,no_generation,train,1337,True,,,,,,
es-0234,es-g0044,es,"Con periodistas de mierda, con empleados de mierda.","Con malos periodistas, con malos empleados",,False,False,False,False,False,no_generation,train,1337,True,,,,,,
es-0237,es-g0221,es,Por 'Crush' os referís a putas chonis?,¿Por 'Crush' te refieres a una bella dama?,,False,False,False,False,False,no_generation,train,1337,True,,,,,,
es-0239,es-g0220,es,Pobre tarado que no sabes lo que dices .... pobre tarado,no sabes lo que dices,,False,False,False,False,False,no_generation,train,1337,True,,,,,,
es-0245,es-g0335,es,da cobertura a terroristas de #Venezuela La deriva fascista del  y sus medios es muy preocupante. #ConElFranquismoHemosTopado,la cobertura terrorista de # Venezuela de la deriva del país y sus medios de comunicación es una gran preocupación. #Conelfranquismo,,False,False,False,False,False,no_generation,train,1337,True,,,,,,
es-0246,es-g0085,es,Ese buen hombre por lo menos pagará 7 u 8 pensiones. Es el más valiente sin duda.,Ese hombre generoso seguramente esté contribuyendo con al menos 7 u 8 pensiones. Es admirable su valentía.,,False,False,False,False,False,no_generation,train,1337,True,,,,,,
es-0250,es-g0129,es,La esposa no solo hacia lofts sin licencia sino que ni siquiera tenía la carrera de arquitectura. Detalles sin importancia.,"La esposa no solo construía lofts sin licencia, sino que ni siquiera tenía formación en arquitectura. Son detalles sin importancia.",,False,False,False,False,False,no_generation,train,1337,True,,,,,,
es-0259,es-g0327,es,Yo voy a hacer #BoikotalosGoyas viendo la gala 😂😂 Que país de fachas!!!,Yo voy a hacer #BoikotalosGoyas viendo la gala 😂😂 Que país!!!,,False,False,False,False,False,no_generation,train,1337,True,,,,,,
es-0264,es-g0330,es,"a ver eso se elige, no es natural... Vas a arder en el infierno por sodomita.","eso se elige, no es natural",,False,False,False,False,False,no_generation,train,1337,True,,,,,,
es-0269,es-g0375,es,solo 4? maldito hijo de puta fascista,solo son 4?,,False,False,False,False,False,no_generation,train,1337,True,,,,,,
es-0272,es-g0393,es,¿A qué puta perra hora suben el link de #HTGAWM?,¿A qué hora cargan el enlace a #HTGAWM?,,False,False,False,False,False,no_generation,train,1337,True,,,,,,
es-0275,es-g0204,es,"Otro día de mierda, en éste mes de mierda, de éste año de mierda","Otro día malo, en éste mes malo, de éste año malo",,False,False,False,False,False,no_generation,train,1337,True,,,,,,
es-0276,es-g0166,es,ME JUEGAS PUTO RETO O COMO VA LA COSA PUTO RETRASADO,Me juegas al reto o cómo va la cosa,,False,False,False,False,False,no_generation,train,1337,True,,,,,,
es-0278,es-g0321,es,Ya te he respondido subnormal,Ya te respondí,,False,False,False,False,False,no_generation,train,1337,True,,,,,,
es-0280,es-g0135,es,La puta que frustración .,que frustración .,,False,False,False,False,False,no_generation,train,1337,True,,,,,,
es-0287,es-g0351,es,jaja eso es mejor que ser maricon o comunista,jaja eso es mejor que ser comunista,,False,False,False,False,False,no_generation,train,1337,True,,,,,,
es-0292,es-g0162,es,Los mierdas de ABC haciéndole campaña al Fracking.,ABC promociona el fracking.,,False,False,False,False,False,no_generation,train,1337,True,,,,,,
es-0294,es-g0056,es,Dale la vuelta a la camiseta y tienes el 6 del 6-1 de la REMONTADA MAMÓN!!!,Dale la vuelta a la camiseta y tienes el 6 del 6-1 de la REMONTADA!!!,,False,False,False,False,False,no_generation,train,1337,True,,,,,,
es-0296,es-g0077,es,En el fondo me alegro por el subnormal de Emery.,En el fondo me alegro por Emery.,,False,False,False,False,False,no_generation,train,1337,True,,,,,,
es-0298,es-g0106,es,"Gobierno de mierda""",Gobierno ineficiente,,False,False,False,False,False,no_generation,train,1337,True,,,,,,
es-0300,es-g0225,es,Por que chingado los de Facebook tuvieron que hacer otra app para poder contestar mensajes 😡,Por que los de Facebook tuvieron que hacer otra app para poder contestar mensajes,,False,False,False,False,False,no_generation,train,1337,True,,,,,,
es-0301,es-g0198,es,Nose que esperan para cerrar toda esa mierda,No sé que esperan para cerrar eso,,False,False,False,False,False,no_generation,train,1337,True,,,,,,
es-0305,es-g0208,es,"Para el podemitariado y los lobotomizados del noreste español, Cristina Pardo también es facha.","Para los de izquierdas del noreste español, Cristina Pardo también es de extrema derecha",,False,False,False,False,False,no_generation,train,1337,True,,,,,,
es-0313,es-g0027,es,Aquí lo acogemos con los brazos abiertos y le damos una paguita vitalicia.,Aquí lo recibimos con los brazos abiertos y le proporcionamos un apoyo económico de por vida,,False,False,False,False,False,no_generation,train,1337,True,,,,,,
es-0321,es-g0149,es,"Lo que no se es como no pone varias lineas de ferry,
2500 pavos cada uno y llenan.","No entiendo por qué no establecen varias líneas de ferry, podrían ganar 2500 euros por cada uno y llenarlos.",,False,False,False,False,False,no_generation,train,1337,True,,,,,,
es-0323,es-g0320,es,Ya empiezan los sinvergüenzas..  No faltes al respeto Rumano de mierda..,"Los sinvergüenzas están empezando ... No seas irrespetuoso, rumana ...",,False,False,False,False,False,no_generation,train,1337,True,,,,,,
es-0324,es-g0240,es,"Que algún shur se ofrezca a llevarlos gratis, no vaya a ser que el precio sea un impedimento para nadie","Sería genial que algún compañero se ofreciera a llevarlos de forma gratuita, para que el precio no sea un impedimento para nadie.",,False,False,False,False,False,no_generation,train,1337,True,,,,,,
es-0325,es-g0121,es,JAJAJAJAJJA Hostia puta que bueno JAJAJAJAJAJA,JAJAJAJAJJA wow que bueno JAJAJAJAJAJA,,False,False,False,False,False,no_generation,train,1337,True,,,,,,
es-0330,es-g0120,es,"Israelitas, chinos, moros, culés... así estaba el Bernabéu ese día, que daba entre pena y asco.","Israelitas, chinos, moros,... así estaba el Bernabéu ese día, que daba entre pena y asco.",,False,False,False,False,False,no_generation,train,1337,True,,,,,,
es-0340,es-g0030,es,"Así actúa la propaganda de la izquierda, como cualquier rancia dictadura","Así actúa la propaganda de la izquierda, como cualquier dictadura",,False,False,False,False,False,no_generation,train,1337,True,,,,,,
es-0341,es-g0161,es,"Los mejores, los más valientes y preparados.","Los mejores, los más valientes y preparados",,False,False,False,False,False,no_generation,train,1337,True,,,,,,
es-0342,es-g0286,es,"Te quisiste Imponer Malparido INDIO ESCORIA 👈No Pudiste, La reunión va  En la OEA.","Te quisiste Imponer una mala organización 👈No Pudiste, La reunión va  En la OEA.",,False,False,False,False,False,no_generation,train,1337,True,,,,,,
es-0344,es-g0354,es,"lo que es curioso es que todos los imbeciles que llevan bandera podemita demuestra ser imbecil,con nota","Lo qué es curioso es que todos los qué lleven bandera podemita demuestra cadecer de razonamiento, con nota",,False,False,False,False,False,no_generation,train,1337,True,,,,,,
es-0350,es-g0153,es,Los canis del 2000 y posteriores son aún más gilipollas que los anteriores.,Los canis del 2000 y posteriores son aún más malos que los anteriores.,,False,False,False,False,False,no_generation,train,1337,True,,,,,,
es-0351,es-g0306,es,"Viene a currar como el que mas, se le ve","Viene a trabajar como cualquier otro, se nota.",,False,False,False,False,False,no_generation,train,1337,True,,,,,,
es-0361,es-g0115,es,"Haz que pase ya Pedro por Dios, porque a mí se me está haciendo eterno.","Por favor, que Pedro llegue pronto, porque para mí esto está tomando una eternidad",,False,False,False,False,False,no_generation,train,1337,True,,,,,,
es-0364,es-g0189,es,"No hay que indicar niña ""blanca española"" ni nada?",No es necesario especificar la nacionalidad o etnia al referirse a una niña.,,False,False,False,False,False,no_generation,train,1337,True,,,,,,
es-0365,es-g0012,es,"A esosmoros hay que echarlos pero ya.O los politicos hacen algo o la gente tendra que ""actuar""","hay que echarlos pero ya.O los politicos hacen algo o la gente tendra que ""actuar",,False,False,False,False,False,no_generation,train,1337,True,,,,,,
es-0368,es-g0258,es,Responde carajo ganster  de mierda.,Responde ahora,,False,False,False,False,False,no_generation,train,1337,True,,,,,,
es-0373,es-g0265,es,Si fuese verdad se lo estaría pagando el gobierno y les darían una paga para que no tengan problemas económicos.,"Si eso fuera cierto, el gobierno les proporcionaría ayuda económica para evitar problemas financieros.",,False,False,False,False,False,no_generation,train,1337,True,,,,,,
es-0375,es-g0047,es,"Cortocircuito buenrrollista, pobres inmigrantes vs chica atacada sexualmente.","Es un conflicto entre el enfoque positivo y la compasión por los inmigrantes, frente a la preocupación por una chica atacada sexualmente.",,False,False,False,False,False,no_generation,train,1337,True,,,,,,
es-0377,es-g0243,es,"Que asco da la gente homófoba, COMENTO. — MUCHO ASCO",No soporta la gente homófoba,,False,False,False,False,False,no_generation,train,1337,True,,,,,,
es-0380,es-g0263,es,"Si controlan mucho porque son dictadores, si no controlan son pelotudos.","Si controlan mucho porque son dictadores, si no controlan están haciendo cosas mal",,False,False,False,False,False,no_generation,train,1337,True,,,,,,
es-0388,es-g0318,es,Ya decía yo que veía menos moros,Ya me había dado cuenta que veía menos personas de origen magrebí,,False,False,False,False,False,no_generation,train,1337,True,,,,,,
es-0394,es-g0094,es,"Este va para casa de que politicucho? ya esta adjudicado, o se lo rifan?",¿Esto va para la casa de qué político?,,False,False,False,False,False,no_generation,train,1337,True,,,,,,
es-0398,es-g0062,es,Disney se está riendo en vuestra puta cara,Disney se está riendo de ustedes,,False,False,False,False,False,no_generation,train,1337,True,,,,,,
hi-0001,hi-g0297,hi,मैच फिनिश कर देना चाहिए    गांड पे हाथ रख कर बैठ नहीं जाना चाहिए,मैच फिनिश कर देना चाहिए  ज्यादा देर नहीं करनी चाहिए,,False,False,False,False,False,no_generation,train,1337,True,,,,,,
hi-0006,hi-g0308,hi,यही एक आखरी रास्ता हो सकता है बाकी सूअर की औलाद किसी की नहीं होगी |,यही एक आखरी रास्ता हो सकता है बाकी बेकार लोग किसी के नहीं होंगे |,,False,False,False,False,False,no_generation,train,1337,True,,,,,,
hi-0009,hi-g0300,hi,मोदी सूअर का पीला भी तो चुप है,मोदी भी तो चुप है,,False,False,False,False,False,no_generation,train,1337,True,,,,,,
hi-0011,hi-g0281,hi,मादरचोद दिल्ली सरकार की स्कूल की चर्चा करते हुए उस मुद्दे पर टिक नही पाया,वह दिल्ली सरकार की स्कूल की चर्चा करते हुए उस मुद्दे पर टिक नही पाया,,False,False,False,False,False,no_generation,train,1337,True,,,,,,
hi-0013,hi-g0369,hi,साले की शक्ल ही सूअर जैसी लग रही है। जैसा काम वैसी शक्ल ।,उसकी शक्ल ही बेकार सी लग रही है | जैसा काम वैसी शक्ल ।,,False,False,False,False,False,no_generation,train,1337,True,,,,,,
hi-0014,hi-g0359,hi,समस्या तुम जैसे मादरचोद ढोंगी पुजारी है।,समस्या तुम जैसे ढोंगी पुजारी है।,,False,False,False,False,False,no_generation,train,1337,True,,,,,,
hi-0015,hi-g0334,hi,रंडि के पैदाइस कुछ नहि बोलेगे ?,यह लोग कुछ नहि बोलेगे ?,,False,False,False,False,False,no_generation,train,1337,True,,,,,,
hi-0022,hi-g0378,hi,सुवर कहि के इनकी भी बहन बेटियो के साथ नहीं होंना चाहिए यह सब,बेकार आदमी इनकी भी बहन बेटियो के साथ नहीं होंना चाहिए यह सब,,False,False,False,False,False,no_generation,train,1337,True,,,,,,
hi-0025,hi-g0270,hi,भोसडी बालो तुम ही अपनी बहनो को भेजते हो चुदबाने इन लिव-इन रिलेशनशिप के नाम पर,तुम ही अपनी बहनो को लिव-इन रिलेशनशिप में रहने की इजाजत देते हो,,False,False,False,False,False,no_generation,train,1337,True,,,,,,
hi-0028,hi-g0089,hi,और ये रोहित ने घुसेड़ा पहला छक्का गांड में..,और ये रोहित ने मारा पहला जबरदस्त छक्का..,,False,False,False,False,False,no_generation,train,1337,True,,,,,,
hi-0030,hi-g0260,hi,भोंसड़ी के तेरे पिछवाड़े में कांग्रेस का पंजा पड़ेगा तो समझ मे आएगा,जब कांग्रेस जीतेगी तभी तुझे समझ मे आएगा,,False,False,False,False,False,no_generation,train,1337,True,,,,,,
hi-0032,hi-g0326,hi,ये हराम का पिल्ला हरामखोर हरामी है जिस का खाता है उसी में ये हरामखोर छेद करता है।।,ये धोखेबाज जिस का खाता है उसी के साथ धोखा करता है।।,,False,False,False,False,False,no_generation,train,1337,True,,,,,,
hi-0035,hi-g0026,hi,"अभिनेत्री ने अभिनय हराम बता फिल्में छोड़ीं। तो क्या सायरा,  शबाना,  सलमान,  शाहरुख , अमीर, आदि हरामी हैं ?","अभिनेत्री ने अभिनय हराम बता फिल्में छोड़ीं। तो क्या सायरा,  शबाना,  सलमान,  शाहरुख , अमीर, आदि गलत काम कर रहे हैं ?",,False,False,False,False,False,no_generation,train,1337,True,,,,,,
hi-0041,hi-g0069,hi,इस हरामजदओ का हरामीपन के अलावा किसी बात से मतलब नहीं,इसको बुरे काम के अलावा किसी बात से मतलब नहीं,,False,False,False,False,False,no_generation,train,1337,True,,,,,,
hi-0042,hi-g0199,hi,"थू है ऐसे लोगो पर, और समाज पर |",ऐसे लोगो और समाज पर शर्म आती है |,,False,False,False,False,False,no_generation,train,1337,True,,,,,,
hi-0043,hi-g0241,hi,भड़वा मीडिया ने भी इस घटना को नही दिखाया।,पक्षपाती मीडिया ने भी इस घटना को नहीं दिखाया ।,,False,False,False,False,False,no_generation,train,1337,True,,,,,,
hi-0048,hi-g0237,hi,"भइया आपकी दलाली वाली पत्रकारिता ने जिस विचारधारा को बढ़ावा दिया है, उसी का असर है।","भइया आपकी खराब पत्रकारिता ने जिस विचारधारा को बढ़ावा दिया है, उसी का असर है।",,False,False,False,False,False,no_generation,train,1337,True,,,,,,
hi-0050,hi-g0212,hi,दोनों एक नंबर के हरामि हो,दोनों एक नंबर के बेकार आदमी हो,,False,False,False,False,False,no_generation,train,1337,True,,,,,,
hi-0051,hi-g0101,hi,"कायदे से आज थाला को बैटिंग का मौका नही मिलना चाहिए वरना थाला गाँड कूट देगा, इंडिया की",कायदे से आज थाला को बैटिंग का मौका नही मिलना चाहिए वरना थाला इंडिया को हरवा देगा,,False,False,False,False,False,no_generation,train,1337,True,,,,,,
hi-0053,hi-g0397,hi,हरामी भाग गया मैदान छोड़ कर,वाह भाग गया मैदान छोड़ कर,,False,False,False,False,False,no_generation,train,1337,True,,,,,,
hi-0058,hi-g0360,hi,सरदाना जी थोड़ा कम जहर उगला करो।,सरदाना जी थोड़ा कम नफरत फैलाया करो,,False,False,False,False,False,no_generation,train,1337,True,,,,,,
hi-0059,hi-g0189,hi,तेरी मर्यादा को तेरी गांड में घुसेड़ दूंगा समझा बे!!  कुछ भी उटपटांग लिखते रहते हो ???,तेरी मर्यादा तुझे याद दिला देंगे बे!!  कुछ भी उटपटांग लिखते रहते हो ???,,False,False,False,False,False,no_generation,train,1337,True,,,,,,
hi-0067,hi-g0221,hi,पहले गोरो को हराया   फिर हरमखोरों बांग्लादेश को हराया,पहले गोरो को हराया फिर बांग्लादेश को हराया,,False,False,False,False,False,no_generation,train,1337,True,,,,,,
hi-0068,hi-g0185,hi,"तू नही सुधरेगा तू कमीना का कमीना ही रहेगा , चूतिया।",तू नहीं सुधरेगा वैसा का वैसा ही रह जाएगा |,,False,False,False,False,False,no_generation,train,1337,True,,,,,,
hi-0072,hi-g0235,hi,बिना बारूद की मिसाइल साले भड़वे,बिना किसी दम के बड़ी-बड़ी बातें करने वाले,,False,False,False,False,False,no_generation,train,1337,True,,,,,,
hi-0076,hi-g0218,hi,पकिस्तान वाले ट्विस्टर पे मैच फिक्स वाला रन्डी रोना कर रहे हैं,पकिस्तान वाले ट्विस्टर पे मैच फिक्स का तमाशा खड़ा कर रहे हैं,,False,False,False,False,False,no_generation,train,1337,True,,,,,,
hi-0077,hi-g0337,hi,"राजनीति में एक आतंकी नेता आ गई हैं, कभी शहीद का अपमान कर रही तो क़भी राष्ट्रपिता की हत्यारे का सर्मथन","राजनीति में एक बुरी नेता आ गई हैं, कभी शहीद का अपमान कर रही तो क़भी राष्ट्रपिता की हत्यारे का सर्मथन",,False,False,False,False,False,no_generation,train,1337,True,,,,,,
hi-0081,hi-g0090,hi,कन्हैया कुमार का सूपड़ा साफ होने से दिल खुश हो गया।।  साले कुत्ते सूअर की औलाद !!,कन्हैया कुमार का सूपड़ा साफ होने से दिल खुश हो गया।। वह अच्छा आदमी नहीं है !!,,False,False,False,False,False,no_generation,train,1337,True,,,,,,
hi-0083,hi-g0039,hi,आ गए भोसडीके दल्ले भकचोदी लेकर।,आ गए बेकार की बात लेकर।,,False,False,False,False,False,no_generation,train,1337,True,,,,,,
hi-0084,hi-g0177,hi,तुम्हारे जेसे दल्ले का तो कहना ही क्या,तुम्हारे जेसे चापलूस लोगों का तो कहना ही क्या,,False,False,False,False,False,no_generation,train,1337,True,,,,,,
hi-0088,hi-g0214,hi,धोनी से ज्यादा तो हार्दिक गांड़ फाड़ देता है..    अगला मैच हार्दिक खेलेगा,धोनी से ज्यादा अच्छा तो हार्दिक खेलता है..   अगला मैच हार्दिक खेलेगा,,False,False,False,False,False,no_generation,train,1337,True,,,,,,
hi-0090,hi-g0293,hi,में उस समय सुन नही पाया था। हाँ हा हा हां ह क्योंकि उस समय मे बकचोदी में व्यस्त था,में उस समय सुन नही पाया था। हाँ हा हा हां ह क्योंकि उस समय मे बेकार की बातों में व्यस्त था,,False,False,False,False,False,no_generation,train,1337,True,,,,,,
hi-0091,hi-g0036,hi,"अरे हरामी, कम से कम <number> ने हमला किया!",कम से कम <number> ने हमला किया!,,False,False,False,False,False,no_generation,train,1337,True,,,,,,
hi-0093,hi-g0145,hi,"जलेबी तो गईं, पर कुत्ते की जात पहचानी गई","परेशानी तो हुई, पर उसके बारे में बहुत कुछ बात गई",,False,False,False,False,False,no_generation,train,1337,True,,,,,,
hi-0098,hi-g0366,hi,साला मैंने एक ट्वीट क्या किया सभी हेटर्स की गान्ड में मिर्च लग गई,मैंने एक ट्वीट क्या किया सभी हेटर्स मेरे पीछे ही पड़ गए,,False,False,False,False,False,no_generation,train,1337,True,,,,,,
hi-0103,hi-g0160,hi,तब कोई रंडी की औकात नहीं जो कमेंट करे।,तब किसी की औकात नहीं जो कमेंट करे।,,False,False,False,False,False,no_generation,train,1337,True,,,,,,
hi-0104,hi-g0028,hi,अरे दलाल मिडीया वालो जरा विपक्षी चोर उचक्के को तो देश हितमे सवाल पुछकर देखो क्या जबाब आताहै भेनचोद,अरे मिडीया वालो जरा विपक्ष को तो देश हितमे सवाल पुछकर देखो क्या जबाब आता है,,False,False,False,False,False,no_generation,train,1337,True,,,,,,
hi-0105,hi-g0051,hi,इन कांग्रेसी चूतियों को मेंशन कर कोनसा तीर मार रहा है,इन कांग्रेस वालों को मेंशन कर कौन सा तीर मार रहे हो,,False,False,False,False,False,no_generation,train,1337,True,,,,,,
hi-0111,hi-g0384,hi,"सोजा  भैनचोद, हर कोई नया नया चुटकुला करता रेहता हे","सोजा, हर कोई नया नया चुटकुला करता रेहता हे",,False,False,False,False,False,no_generation,train,1337,True,,,,,,
hi-0113,hi-g0034,hi,"अरे भोसडीके, कुछ ट्विट करणे से पहले व्हेरिफाय करणा सिखले.","अरे, कुछ ट्विट करणे से पहले व्हेरिफाय करणा सिखले.",,False,False,False,False,False,no_generation,train,1337,True,,,,,,
hi-0115,hi-g0135,hi,घर से बाहर आकर उन सांपो को सबक नही सिखा सकते?,घर से बाहर आकर उन को सबक नही सिखा सकते?,,False,False,False,False,False,no_generation,train,1337,True,,,,,,
hi-0117,hi-g0224,hi,पिछवाड़े में दम होता तो भागता नहीं हरामखोर,लड़ने की हिम्मत होती तो भागता नहीं धोखेबाज,,False,False,False,False,False,no_generation,train,1337,True,,,,,,
hi-0127,hi-g0333,hi,ये हैं सुअर के पिल्ले हरामी कालापानी भेजिये हराम की औलादो को..,ये हैं बेकार लोग कड़ी कार्रवाई करिए इन बेकार लोगों पर ..,,False,False,False,False,False,no_generation,train,1337,True,,,,,,
hi-0128,hi-g0096,hi,कल रिटायर होगा तो सब यही लोग थैंक यू धोनी वाले ट्वीट पर रंडी रोना करेंगे,कल रिटायर होगा तो सब यही लोग थैंक यू धोनी वाले ट्वीट पर तमाशा मचाएंगे,,False,False,False,False,False,no_generation,train,1337,True,,,,,,
hi-0130,hi-g0079,hi,एक बार अपनी पे आ गए ना भेनचोद तो अच्छा नहीं होगा,एक बार अपनी पे आ गए ना तो अच्छा नहीं होगा,,False,False,False,False,False,no_generation,train,1337,True,,,,,,
hi-0132,hi-g0398,hi,हरामी भोसड़ीके बिजली चोर हो तुम,बुरे इंसान बिजली चोर हो तुम,,False,False,False,False,False,no_generation,train,1337,True,,,,,,
hi-0135,hi-g0061,hi,इस बारे मे ना तो हरामी मीडिया ने मुंह खोला और ना ही सरकार द्वारा कोई ठोस कदम उठाया गया !,इस बारे मे ना तो मीडिया ने मुंह खोला और ना ही सरकार द्वारा कोई ठोस कदम उठाया गया !,,False,False,False,False,False,no_generation,train,1337,True,,,,,,
hi-0142,hi-g0139,hi,चुप कर भोसडीके समाजसेवी पर गलत  कमेंट करता है,चुप कर समाजसेवी पर गलत कमेंट करता है,,False,False,False,False,False,no_generation,train,1337,True,,,,,,
hi-0151,hi-g0162,hi,तब ये संस्कार क्या चादर मोड़ने गए थे ?,तब ये  संस्कार कहां चले गए थे ?,,False,False,False,False,False,no_generation,train,1337,True,,,,,,
hi-0155,hi-g0210,hi,दो चार को शूट करो ये हरामी लोग अपने आप चिल्लाना बन्द कर देंगें।,दो चार पर कड़ी कार्रवाई करो ये बुरे लोग अपने आप चिल्लाना बन्द कर देंगें।,,False,False,False,False,False,no_generation,train,1337,True,,,,,,
hi-0160,hi-g0371,hi,साले पिछले बारी बोला था कांग्रेस से गठबंधन की बात भी करू तो बेटा मर जाये,वह पिछले बारी बोला था कांग्रेस से गठबंधन की बात भी करू तो बेटा मर जाये,,False,False,False,False,False,no_generation,train,1337,True,,,,,,
hi-0166,hi-g0095,hi,"कल तक तो आवाजें उठ रही थी बलात्कारियों के लिए फाँसी का कानून बने! आज पेरोल दी जाने लगी ? वाह री राजनीति वाह!,,",कल तक तो आवाजें उठ रही थी बलात्कारियों के लिए फाँसी का कानून बने! राजनीति का अब क्या कहें आज पेरोल दी जाने लगी?,,False,False,False,False,False,no_generation,train,1337,True,,,,,,
hi-0169,hi-g0321,hi,ये मादरचोद किसी के नही होते....,ऐसे लोग किसी के नही होते....,,False,False,False,False,False,no_generation,train,1337,True,,,,,,
hi-0170,hi-g0282,hi,मादरचोद हम नेपाल चले जाएं ?,हम नेपाल चले जाएं ?,,False,False,False,False,False,no_generation,train,1337,True,,,,,,
hi-0181,hi-g0130,hi,गंडवे अपनी गांड खोल कर पूरा लुंड घुसावाने को तैयार  हो गए थे..,वह पूरी तरह से अपनी हार मान गए थे ..,,False,False,False,False,False,no_generation,train,1337,True,,,,,,
hi-0184,hi-g0271,hi,भोसडीके ऑनलाइन ट्रांसफर कर दे पूरा पैसा और चिल कर..,ऑनलाइन ट्रांसफर कर दे पूरा पैसा और चिल कर..,,False,False,False,False,False,no_generation,train,1337,True,,,,,,
hi-0185,hi-g0058,hi,इलेक्शन से पहले महापंडित बनता था,इलेक्शन से पहले वह बहुत ज्ञानी बनता था,,False,False,False,False,False,no_generation,train,1337,True,,,,,,
hi-0193,hi-g0178,hi,तुम्हारे साथ सारे विपक्षी भड़वा डांस कर रहे होते।,तुम्हारे साथ सारे विपक्षी बेकार की बातें कर रहे होते |,,False,False,False,False,False,no_generation,train,1337,True,,,,,,
hi-0194,hi-g0113,hi,कुत्ते के पत्ते के साथ तेरी धुलाई होगी भोसडीके |,तुम्हारी बहुत बुरी पिटाई होगी |,,False,False,False,False,False,no_generation,train,1337,True,,,,,,
hi-0196,hi-g0173,hi,तुम लोगों को क़ायदे से जूते पड़ने चाहिए ..,तुम लोगों को कायदे से मार पड़नी चाहिए ..,,False,False,False,False,False,no_generation,train,1337,True,,,,,,
hi-0197,hi-g0204,hi,"दलाल, भडवा भाग रे भाग !!","बुरे, पक्षपाती भाग रे भाग !!",,False,False,False,False,False,no_generation,train,1337,True,,,,,,
hi-0200,hi-g0358,hi,समझा जरा रे सुअर हमको भी,समझा जरा हमको भी,,False,False,False,False,False,no_generation,train,1337,True,,,,,,
hi-0204,hi-g0001,hi,<number> रंडी के चक्कर में पूरी कॉम बदनाम नहीं होनी चाहिए,<number> बुरी औरतें के चक्कर में पूरी कॉम बदनाम नहीं होनी चाहिए,,False,False,False,False,False,no_generation,train,1337,True,,,,,,
hi-0207,hi-g0253,hi,भेनचोद देश के जवानों का सम्मान ना करें उसको सम्मान देने की जरुरत नहीं,जो भी देश के जवानों का सम्मान ना करें उसको सम्मान देने की जरुरत नहीं,,False,False,False,False,False,no_generation,train,1337,True,,,,,,
hi-0210,hi-g0350,hi,वो क्या है ना कि कुत्ते और कुत्तें के पिल्ले को घी हजम नहीं होती,वो क्या है ना कि कुछ लोगों को अच्छी बातें भी अच्छी नहीं लगती,,False,False,False,False,False,no_generation,train,1337,True,,,,,,
hi-0211,hi-g0119,hi,कोठे की पैदाइस साला दल्ला भड़वा आजम,अच्छा आदमी नहीं है आजम,,False,False,False,False,False,no_generation,train,1337,True,,,,,,
hi-0212,hi-g0252,hi,भेनचोद देख इस को लोग मिलकर बेरहमी से पीट रहे है  !!,देख इस को लोग मिलकर बेरहमी से पीट रहे है !!,,False,False,False,False,False,no_generation,train,1337,True,,,,,,
hi-0215,hi-g0356,hi,सबसे बड़े हरामि तुम पत्रकार हो,सबसे बड़े बुरे तुम पत्रकार हो,,False,False,False,False,False,no_generation,train,1337,True,,,,,,
hi-0217,hi-g0175,hi,तुम सुअर भर तमीज़ से नहीं रह सकते।,तुम थोड़ी भी तमीज़ से नहीं रह सकते।,,False,False,False,False,False,no_generation,train,1337,True,,,,,,
hi-0220,hi-g0341,hi,लगता है मेरठ के लोग भड़वा बन गए है,लगता है मेरठ के लोग बेकार बन गए हैं,,False,False,False,False,False,no_generation,train,1337,True,,,,,,
hi-0221,hi-g0362,hi,सहन की भी एक सीमा होती है. बहुत हुई तुम जेसओ को इज्जत. मादरचोद भेनचोद रंडी की औलाद,सहन की भी एक सीमा होती है. बहुत हुई तुम जेसओ को इज्जत.,,False,False,False,False,False,no_generation,train,1337,True,,,,,,
hi-0226,hi-g0193,hi,तेरे गांड मारके गोपाल नाम नही रख दिया तो बोलना|,तेरी कुटाई गोपाल नाम नही रख दिया तो बोलना|,,False,False,False,False,False,no_generation,train,1337,True,,,,,,
hi-0228,hi-g0349,hi,वीडियो मे एक रंडी का बच्चा कविता सुना रहा है।,वीडियो मे एक बुरा आदमी कविता सुना रहा है।,,False,False,False,False,False,no_generation,train,1337,True,,,,,,
hi-0229,hi-g0060,hi,इस कमीने भूषण को तो सेना के हवाले कर देना चाहिए,इस भूषण को तो सेना के हवाले कर देना चाहिए,,False,False,False,False,False,no_generation,train,1337,True,,,,,,
hi-0230,hi-g0383,hi,सोचिये ऐसी नीच सोच के इस व्यक्ति ने भोली-भाली जनता को कितनी बेरहमी से लूटा-खसोटा होगा |,सोचिये ऐसी खराब सोच के इस व्यक्ति ने भोली-भाली जनता को कितनी बेरहमी से लूटा होगा |,,False,False,False,False,False,no_generation,train,1337,True,,,,,,
hi-0231,hi-g0055,hi,इन हरामी को सबक सिखाने का इससे अच्छा मौका नहीं मिलेगा ..,इन बुरे लोगों को सबक सिखाने का इससे अच्छा मौका नहीं मिलेगा ..,,False,False,False,False,False,no_generation,train,1337,True,,,,,,
hi-0234,hi-g0322,hi,ये रंडी कांग्रेस की बड़ी दुश्मनों में से एक,ये कांग्रेस की बड़ी दुश्मनों में से एक,,False,False,False,False,False,no_generation,train,1337,True,,,,,,
hi-0244,hi-g0206,hi,"दे दीजिए पैरोल, लाइए बलात्कारी को बाहर और सभी बहन बेटियों को जेल में डाल दीजिए।","इस बलात्कारी को पैरोल देकर, सभी बहन बेटियों को असुरक्षित मत कीजिए |",,False,False,False,False,False,no_generation,train,1337,True,,,,,,
hi-0249,hi-g0132,hi,गेंडे की औलाद   भड़वे-दलाल   देशद्रोही-गद्दार   हरामखोर कमीने   और कुछ बाकी रह गया हैं तो आप खुद समझ जाईए,सारी गालियां उसको दे दी  और कुछ बाकी रह गया हैं तो आप खुद समझ जाईए,,False,False,False,False,False,no_generation,train,1337,True,,,,,,
hi-0252,hi-g0022,hi,"अबे सिसोदिया, आंख मे सुग्गर का लुंड घुसा है, तेरे को किस एंगल से ये डुबलीकेट दिख रहा है","अबे सिसौदिया,  तेरे को किस एंगल से ये डुबलीकेट दिख रहा है",,False,False,False,False,False,no_generation,train,1337,True,,,,,,
hi-0254,hi-g0019,hi,अबे पांडिया विकेट देख के बोल नही मारनी रन आउट के लिए लौंडिया की गांड़ समझ कर मार..,अबे पांडिया रन आउट के लिए विकेट को अच्छे से देख कर बोल मार..,,False,False,False,False,False,no_generation,train,1337,True,,,,,,
hi-0256,hi-g0386,hi,हम मादरचोद हैं क्या कर सकते है,हम डरपोक हैं हम क्या कर सकते है,,False,False,False,False,False,no_generation,train,1337,True,,,,,,
hi-0259,hi-g0156,hi,"झोंपड़ी के, कुछ दिन पहले तक तो तू उस के लिये छाती पीट रहा था।",कुछ दिन पहले तक तो तू उस के लिये मातम मना रहा था।,,False,False,False,False,False,no_generation,train,1337,True,,,,,,
hi-0260,hi-g0255,hi,भेनचोद ये क्या चूतियापा हो रहा है?,ये क्या फालतू का काम हो रहा है?,,False,False,False,False,False,no_generation,train,1337,True,,,,,,
hi-0263,hi-g0127,hi,क्योंकि हरामी की फ़िल्म देखने के लिए अक्ल की जरूरत नहीं पड़ती ....,क्योंकि उसकी फिल्म देखने के लिए अक्ल की जरूरत नहीं पड़ती ....,,False,False,False,False,False,no_generation,train,1337,True,,,,,,
hi-0266,hi-g0379,hi,सूअर की तरह बच्चे पैदा कर लेते हैं उनके लिए खाने को भी इंतजाम करना पड़ता है,इतने सारे बच्चे पैदा कर लेते हैं उनके लिए खाने को भी इंतजाम करना पड़ता है,,False,False,False,False,False,no_generation,train,1337,True,,,,,,
hi-0271,hi-g0286,hi,मीडिया चूड़ियाँ तोड़ कर विधवा हो चुकी होती।,मीडिया बिल्कुल ही चुप हो चुकी होती।,,False,False,False,False,False,no_generation,train,1337,True,,,,,,
hi-0274,hi-g0050,hi,इतना सब कुछ होने के बाद भी मैं पूरे भरोसे से कह रहा हूँ ये दलाल दलाली करते रहेंगे।,इतना सब कुछ होने के बाद भी मैं पूरे भरोसे से कह रहा हूँ ये बुरे काम नहीं रोकेंगे |,,False,False,False,False,False,no_generation,train,1337,True,,,,,,
hi-0279,hi-g0187,hi,तेरा लौंडा  बहुत  बैट लेकर  घूमता  और  सरकारी  अफसर को  पीटता है ।,तेरा लौंडा सरकारी अफसर के बारे में कुछ भी बोलता है |,,False,False,False,False,False,no_generation,train,1337,True,,,,,,
hi-0281,hi-g0389,hi,हमारे देश तो ऐसे ही कह के लेंगे भेनचोद!,हमारे देश तो ऐसे ही कह के लेंगे!,,False,False,False,False,False,no_generation,train,1337,True,,,,,,
hi-0284,hi-g0396,hi,हरामी बेहिचक दलाली भी करनी है ?,बुरे आदमी बेहिचक पक्षपात भी करनी है ?,,False,False,False,False,False,no_generation,train,1337,True,,,,,,
hi-0291,hi-g0106,hi,"किसी से धक्का मुक्की तो करो, ये सूखा सूखा मैच मजा नहीं आ रहा है मादरचोद!","किसी से धक्का मुक्की तो करो, ये सूखा सूखा मैच मजा नहीं आ रहा है!",,False,False,False,False,False,no_generation,train,1337,True,,,,,,
hi-0301,hi-g0143,hi,जब गांड लगी फटने तो पूरा इलाका इनकी सुरक्षा में है ।,जब यह डर रहे हैं तो पूरा इलाका इनकी सुरक्षा में है ।,,False,False,False,False,False,no_generation,train,1337,True,,,,,,
hi-0306,hi-g0122,hi,क्यों करते हैं ऐसी नीच हरकत।,क्यों करते हैं ऐसी बुरी हरकत।,,False,False,False,False,False,no_generation,train,1337,True,,,,,,
hi-0307,hi-g0227,hi,फिर लग जाते हो किसी की भी भड़वा गिरी करने,फिर लग जाते हो किसी की भी चाटुकारिता करने,,False,False,False,False,False,no_generation,train,1337,True,,,,,,
hi-0309,hi-g0159,hi,"ढोंगी से भी एक कदम आगे , गट्टर की पैदाइश",तुम तो ढोंग रचने वाले से भी एक कदम आगे हो,,False,False,False,False,False,no_generation,train,1337,True,,,,,,
hi-0323,hi-g0125,hi,क्योंकि ऐसा बोलने वाले सड़क छाप सच्चे नहीं होते...,क्योंकि ऐसा बोलने वाले सच्चे नहीं होते...,,False,False,False,False,False,no_generation,train,1337,True,,,,,,
hi-0328,hi-g0234,hi,बाद में फिर तू पूछेगी यह क्या कर दिया?? रंडी,बाद में फिर तू पूछेगी यह क्या कर दिया??,,False,False,False,False,False,no_generation,train,1337,True,,,,,,
hi-0333,hi-g0243,hi,भड़वे तुम से तो ये जानवर भी समझदार है,तुम से तो ये जानवर भी समझदार है,,False,False,False,False,False,no_generation,train,1337,True,,,,,,
hi-0335,hi-g0296,hi,"मैंने तुझे ट्वीट करके बुलाया नही, अपने मर्जी से मरवाने आ गया!","मैंने तुझे ट्वीट करके बुलाया नही, अपने मर्जी से शर्मसार होने आ गया!",,False,False,False,False,False,no_generation,train,1337,True,,,,,,
hi-0336,hi-g0335,hi,रंडी रोना शुरू कर दे धोनी आज धागा खोल देगा ।,शिकायत करना शुरू कर दो धोनी आज धागा खोल देगा ।,,False,False,False,False,False,no_generation,train,1337,True,,,,,,
hi-0338,hi-g0272,hi,भोसडीके ये अफवाह नही सत्य है। सारे का हिस्सा खा रहे हो तुम लोग,ये अफवाह नही सत्य है। सारे का हिस्सा खा रहे हो तुम लोग,,False,False,False,False,False,no_generation,train,1337,True,,,,,,
hi-0340,hi-g0305,hi,यहां ट्वीटर पे बकैती करने से अच्छा है उन हिजड़ो को पकड़ो और उनकी गांड में गोली मारो।।,यहां ट्विटर पर बकैती करने से अच्छा है उनको पकड़ो और उन पर कार्रवाई करवाओ ||,,False,False,False,False,False,no_generation,train,1337,True,,,,,,
hi-0346,hi-g0123,hi,क्यों जनता को भटका रहा है.. कमीने,क्यों जनता को भटका रहा है..,,False,False,False,False,False,no_generation,train,1337,True,,,,,,
hi-0350,hi-g0040,hi,"आ गया भडवा नीच आदमी, राजनीति करने ।","जिसको राजनीति नहीं आती है, आ गया वह राजनीति करने |",,False,False,False,False,False,no_generation,train,1337,True,,,,,,
hi-0354,hi-g0025,hi,अब्दुल रज्जाक खान को जी न्यूज  वाले क्यो  बुलाते है ऐ मादरचोद,अब्दुल रज्जाक खान को जी न्यूज  वाले क्यो  बुलाते है,,False,False,False,False,False,no_generation,train,1337,True,,,,,,
hi-0363,hi-g0353,hi,शख्सियत काम से बनती है झूठ और फरेब से नही बनती गन्दी सोच वाले,शख्सियत काम से बनती है झूठ और फरेब से नही बनती बुरी सोच वाले,,False,False,False,False,False,no_generation,train,1337,True,,,,,,
hi-0366,hi-g0313,hi,ये दिखा रही कि देखो हमारी गाँड आसानी से मर सकती है पर जैसे ही तुम मारने को आओगे हम गाँड उचका देंगे,ये दिखा रही कि देखो हम आसानी से पकड़े जा सकते हैं पर जैसे ही तुम आओगे हम भाग जाएंगे,,False,False,False,False,False,no_generation,train,1337,True,,,,,,
hi-0369,hi-g0195,hi,तेरे जैसे रंडी ही गुलामी करते थे उनकी,तेरे जैसे बुरे इंसान ही गुलामी करते थे उनकी,,False,False,False,False,False,no_generation,train,1337,True,,,,,,
hi-0373,hi-g0120,hi,कोलकाता में डॉक्टर की पिटाई हुई तो मादरचोद मुम्बई में डॉक्टर हड़ताल पर गए !,कोलकाता में डॉक्टर की पिटाई हुई तो मुम्बई में डॉक्टर हड़ताल पर गए !,,False,False,False,False,False,no_generation,train,1337,True,,,,,,
hi-0380,hi-g0211,hi,दोगले यहाँ भी भरे पड़े हैं ।,दोनों तरफ साथ देने वाले यहां भी भरे पड़े हैं ।,,False,False,False,False,False,no_generation,train,1337,True,,,,,,
hi-0381,hi-g0167,hi,तुम अब विनाश काले विपरीत बुद्धि हो,तुम्हारी सोच अब खराब हो गई है,,False,False,False,False,False,no_generation,train,1337,True,,,,,,
hi-0382,hi-g0085,hi,ओर कोई नहीं सिर्फ़ तुझ जैसे कुत्ते पूछ रहे हैं भैनचोद,ओर कोई नहीं सिर्फ़ तुझ जैसे लोग ही पूछ रहे हैं,,False,False,False,False,False,no_generation,train,1337,True,,,,,,
hi-0383,hi-g0317,hi,ये भड़वा सरकार आखिर क्या करना चाहती है ।।।।,ये सरकार आखिर क्या करना चाहती है ।।।।,,False,False,False,False,False,no_generation,train,1337,True,,,,,,
hi-0385,hi-g0382,hi,सैनिक शहीद हुआ तो वह बच्चा नहीं था भेनचोद !,सैनिक शहीद हुआ तो वह बच्चा नहीं था !,,False,False,False,False,False,no_generation,train,1337,True,,,,,,
hi-0387,hi-g0152,hi,जिसको मेरे शब्द खराब लगे उसकी मा का भोसड़ा,जिसको मेरे शब्द खराब लगे वो भाड़ में जाए,,False,False,False,False,False,no_generation,train,1337,True,,,,,,
hi-0388,hi-g0256,hi,"भेनचोद, हम क्या माँ चुदाने इतनी मेहनत करके टेक्स भरते है..",हम क्या हद से ज्यादा परेशान होने के लिए इतनी मेहनत करके टेक्स भरते है..,,False,False,False,False,False,no_generation,train,1337,True,,,,,,
hi-0389,hi-g0372,hi,साले रंडी की औलाद चुप हो जा,बुरे आदमी चुप हो जा,,False,False,False,False,False,no_generation,train,1337,True,,,,,,
hi-0390,hi-g0323,hi,ये साले रंडी रोना रोते रहते हैं।। आज और आने वाले समय की बात करो ।,यह बेकार का रोना-धोना करते रहते हैं | | आज और आने वाले समय की बात करो ।,,False,False,False,False,False,no_generation,train,1337,True,,,,,,
hi-0391,hi-g0031,hi,अरे पागल लिष्ट क्या भेजेगा तुमसे साल भर में मेरा कुछ न हो सका,अरे तुम क्या भेजोगे तुमसे साल भर में मेरा कुछ न हो सका,,False,False,False,False,False,no_generation,train,1337,True,,,,,,
hi-0398,hi-g0030,hi,अरे पागल जूठा रोज लाईट बंद रखता हें भड्वा,अरे जूठा रोज लाईट बंद रखता हें,,False,False,False,False,False,no_generation,train,1337,True,,,,,,
hi-0399,hi-g0287,hi,मीडिया तो है मादरचोद लेकिन प्रशासन क्या कर रही थी?,मीडिया को तो छोड़ो लेकिन प्रशासन क्या कर रही थी?,,False,False,False,False,False,no_generation,train,1337,True,,,,,,
uk-0001,uk-g0061,uk,"Ахахах, єбать, добре, шо не поступав туди#КНЕУ_топчік","Ахахах добре, шо не поступав туди#КНЕУ_топчік",,False,False,False,False,False,no_generation,train,1337,True,,,,,,
uk-0006,uk-g0268,uk,Хороші спогади - це та ще хуйня.,Хороші спогади - це та ще штука.,,False,False,False,False,False,no_generation,train,1337,True,,,,,,
uk-0007,uk-g0075,uk,Бо вам то не подобається.та блять.,Бо вам то не подобається.та блін.,,False,False,False,False,False,no_generation,train,1337,True,,,,,,
uk-0008,uk-g0137,uk,Кольорова печать на звичайному папері 10 гривень блятьІдіть нахуй,Кольорова печать на звичайному папері 10 гривень Ідіть,,False,False,False,False,False,no_generation,train,1337,True,,,,,,
uk-0009,uk-g0033,uk,"І головне ж перша заговорила, а я...лох...","І головне ж перша заговорила, а я...невдаха...",,False,False,False,False,False,no_generation,train,1337,True,,,,,,
uk-0010,uk-g0038,uk,Ідіть нахуй зі своїми блядськими стереотипами.,Відчепіться зі своїми стереотипами.,,False,False,False,False,False,no_generation,train,1337,True,,,,,,
uk-0015,uk-g0029,uk,"Є частинка щастя в хорі народу на концерті Жадана і Собак, який співає:Чотири роки сука без Кобзона!","Є частинка щастя в хорі народу на концерті Жадана і Собак, який співає:Чотири роки без Кобзона!",,False,False,False,False,False,no_generation,train,1337,True,,,,,,
uk-0018,uk-g0167,uk,Нахара ти включила бізнес аккаунт в інста якщо ти школоло і тебе фоловлять тільки твої однокласники блять..,Навіщо ти включила бізнес аккаунт в інста якщо ти школярка і тебе фоловлять тільки твої однокласники..,,False,False,False,False,False,no_generation,train,1337,True,,,,,,
uk-0019,uk-g0243,uk,Так хочеться простого людського щоб до крові відпиздили по дупі.,"Так хочеться простого людського, щоб дуже побили по попі.",,False,False,False,False,False,no_generation,train,1337,True,,,,,,
uk-0021,uk-g0325,uk,"ба-ссуха, блять. там одна ""с"", дятел","ба-ссуха,  там одна ""с"", чол",,False,False,False,False,False,no_generation,train,1337,True,,,,,,
uk-0022,uk-g0366,uk,"обколються своєю марихуаною, а потім всяку хуйню роблятьнаркотики - зло","обколються своєю марихуаною, а потім всяку дурість роблятьнаркотики - зло",,False,False,False,False,False,no_generation,train,1337,True,,,,,,
uk-0025,uk-g0184,uk,Ну чьо Михасику не отримаєш ти того що ти блядь хочеш...,Ну чьо Михасику не отримаєш ти того що ти хочеш...,,False,False,False,False,False,no_generation,train,1337,True,,,,,,
uk-0033,uk-g0287,uk,"Чоловіки, хлопці - яйця, блять, в руки і до Києва!","Чоловіки, хлопці - опануйте себе і до Києва!",,False,False,False,False,False,no_generation,train,1337,True,,,,,,
uk-0035,uk-g0093,uk,"Воно нас, блядь, ні до чого не готувало.",Воно нас ні до чого не готувало.,,False,False,False,False,False,no_generation,train,1337,True,,,,,,
uk-0040,uk-g0128,uk,Йди на хуй під силу,Йди геть під силу,,False,False,False,False,False,no_generation,train,1337,True,,,,,,
uk-0043,uk-g0205,uk,"Ох ти ж блін, я й не бачила, шо вже так пізно.","я й не бачила, шо вже так пізно.",,False,False,False,False,False,no_generation,train,1337,True,,,,,,
uk-0044,uk-g0144,uk,"Лєна, краще мене кашею годуй, ніж піздюка.","Лєна, краще мене кашею годуй, ніж того хлопця.",,False,False,False,False,False,no_generation,train,1337,True,,,,,,
uk-0048,uk-g0316,uk,"Яка ж я зла, блять.",Яка ж я зла,,False,False,False,False,False,no_generation,train,1337,True,,,,,,
uk-0049,uk-g0382,uk,та тоді якийсь пиздец бувв мене рідко губи тріскають,Та тоді якийсь ужас бувв мене рідко губи тріскають,,False,False,False,False,False,no_generation,train,1337,True,,,,,,
uk-0050,uk-g0285,uk,"Чемпіоном він хоче бути, ага, бля.","Чемпіоном він хоче бути, ага",,False,False,False,False,False,no_generation,train,1337,True,,,,,,
uk-0051,uk-g0044,uk,А всюди йобаний натовп з йобаними руками.,А всюди натовп з руками,,False,False,False,False,False,no_generation,train,1337,True,,,,,,
uk-0055,uk-g0067,uk,Блядь та ну ви знущаєтесь?,та ну ви знущаєтесь?,,False,False,False,False,False,no_generation,train,1337,True,,,,,,
uk-0066,uk-g0371,uk,"приміщенняХАБУдозвільного РОЗВИТКУгромадських організацій (ок і тут ГО)Азовського РУХУ (щто?)рекрутингового центру полку ""АЗОВ""Ух бля!","приміщенняХАБУдозвільного РОЗВИТКУгромадських організацій (ок і тут ГО)Азовського РУХУ (щто?)рекрутингового центру полку ""АЗОВ""Ух",,False,False,False,False,False,no_generation,train,1337,True,,,,,,
uk-0073,uk-g0220,uk,"Підйом, курво, Arbeit macht frei","Підйом, Arbeit macht frei",,False,False,False,False,False,no_generation,train,1337,True,,,,,,
uk-0077,uk-g0196,uk,Один раз побув долбайобом і на все життя ним залишився.,Один раз побув поганим чоловіком і на все життя ним залишився.,,False,False,False,False,False,no_generation,train,1337,True,,,,,,
uk-0080,uk-g0045,uk,"А нахуя він, є від нього щось, окрім шкоди?","А навіщо він, є від нього щось, окрім шкоди?",,False,False,False,False,False,no_generation,train,1337,True,,,,,,
uk-0085,uk-g0299,uk,Я викину цю кончену картку в Стікс блять,Я викину цю картку в Стікс,,False,False,False,False,False,no_generation,train,1337,True,,,,,,
uk-0089,uk-g0357,uk,"не звертай уваги. мудаків мільйон, ти одна.)","не звертай уваги. таких мільйон, ти одна.)",,False,False,False,False,False,no_generation,train,1337,True,,,,,,
uk-0092,uk-g0009,uk,"'П''яний друг каже: "" ніколи не трахай дівчат з економічного...""'","'П''яний друг каже: "" ніколи займайся сексом с дівчатами з економічного...""'",,False,False,False,False,False,no_generation,train,1337,True,,,,,,
uk-0106,uk-g0112,uk,"До деяких людей не виникає інших питань, окрім ""Ти блять уже родився таким мудаком?"".","До деяких людей не виникає інших питань, окрім ""Ти уже родився таким?"".",,False,False,False,False,False,no_generation,train,1337,True,,,,,,
uk-0108,uk-g0347,uk,"жопа, к слову – на 2 з мінусом і без наколок.","'п''ята точка, к слову – на 2 з мінусом і без наколок.'",,False,False,False,False,False,no_generation,train,1337,True,,,,,,
uk-0110,uk-g0152,uk,"Можу допомогти, все рівно хуйї штурхаю","Можу допомогти, все рівно нічим не займаюсь",,False,False,False,False,False,no_generation,train,1337,True,,,,,,
uk-0114,uk-g0156,uk,Мужик що проходив мимо зацінив мою сраку.,Мужик що проходив мимо зацінив мою попу.,,False,False,False,False,False,no_generation,train,1337,True,,,,,,
uk-0119,uk-g0217,uk,"Про мій твіттер гарно сказав Чарльз Буковскі ""Лінь народжує срань, срань - страждання, страждання - літературу ...","Про мій твіттер гарно сказав Чарльз Буковскі ""Лінь народжує погане, погане - страждання, страждання - літературу ...",,False,False,False,False,False,no_generation,train,1337,True,,,,,,
uk-0120,uk-g0361,uk,"ну бля, я не вірю","ну, я не вірю",,False,False,False,False,False,no_generation,train,1337,True,,,,,,
uk-0124,uk-g0273,uk,"Хочеш їсти - їж, хочеш пити - пий, хочеш трахатися - ну, буває.","Хочеш їсти - їж, хочеш пити - пий, хочеш сексу - ну, буває.",,False,False,False,False,False,no_generation,train,1337,True,,,,,,
uk-0128,uk-g0375,uk,смм вийшов на вулиці і нам всім пизда,смм вийшов на вулиці і нам всім хана,,False,False,False,False,False,no_generation,train,1337,True,,,,,,
uk-0130,uk-g0332,uk,блять ото жиза я в шоці,ото жиза я в шоці,,False,False,False,False,False,no_generation,train,1337,True,,,,,,
uk-0137,uk-g0279,uk,"Це все сука Путін своє клімактічєскоє оружіє запустив, щоб нас зі світу зжити.","Це все Путін своє клімактічєскоє оружіє запустив, щоб нас зі світу зжити.",,False,False,False,False,False,no_generation,train,1337,True,,,,,,
uk-0139,uk-g0314,uk,"Як перестати хотіти трахнути все, що рухається?",Як перестати хотіти все що рухається,,False,False,False,False,False,no_generation,train,1337,True,,,,,,
uk-0142,uk-g0194,uk,О то в наших батьків частково така хуйня.,Ось у наших батьків частково така проблема,,False,False,False,False,False,no_generation,train,1337,True,,,,,,
uk-0145,uk-g0000,uk,"""Приватбанк - професійно шлемо нахуй""Подзвони їм.",Приватбанк - професійно шлемо Подзвони їм.,,False,False,False,False,False,no_generation,train,1337,True,,,,,,
uk-0146,uk-g0083,uk,"В чому ваша, сука, проблема?","В чому ваша, проблема?",,False,False,False,False,False,no_generation,train,1337,True,,,,,,
uk-0148,uk-g0084,uk,"Вам шо, феміністка хуй відгризла?","Вам що, феміністка дорогу перейшла",,False,False,False,False,False,no_generation,train,1337,True,,,,,,
uk-0152,uk-g0136,uk,Коли я навчуся не пройобувати час для сну на хуйню?,Коли я навчуся не витрачати час для сну на марно?,,False,False,False,False,False,no_generation,train,1337,True,,,,,,
uk-0154,uk-g0256,uk,Толстой блядь воістіну великий фікрайтер,Толстой воістіну великий фікрайтер,,False,False,False,False,False,no_generation,train,1337,True,,,,,,
uk-0157,uk-g0155,uk,Моє побажання на 2014-ий: хай би всі мудаки залишились в 2013-му.,Моє побажання на 2014-ий: хай би всі погані люди залишились в 2013-му.,,False,False,False,False,False,no_generation,train,1337,True,,,,,,
uk-0159,uk-g0091,uk,Вміння кормити хуями арт спільноту,Вміння дурити арт спільноту,,False,False,False,False,False,no_generation,train,1337,True,,,,,,
uk-0160,uk-g0379,uk,"сукаааа, я більше не полечу нікуди!!!!!",я більше не полечу нікуди!!!!!,,False,False,False,False,False,no_generation,train,1337,True,,,,,,
uk-0163,uk-g0039,uk,Іноді ой як хочеться повиривати патли всім цих шлюхам!,Іноді ой як хочеться повиривати волосся всім цих жінкам легкої поведінки!,,False,False,False,False,False,no_generation,train,1337,True,,,,,,
uk-0164,uk-g0319,uk,"Якщо шось не так, то відкрий, сука, рота і скажи.",Якщо шось не так то відкрий рота і скажи,,False,False,False,False,False,no_generation,train,1337,True,,,,,,
uk-0165,uk-g0151,uk,Можна я перестану буть такою як я є ало мені має буть похуй а чьото не похуй,Можна я перестану буть такою як я є ало мені має буть байдуже а чьото не байдуже,,False,False,False,False,False,no_generation,train,1337,True,,,,,,
uk-0168,uk-g0189,uk,"Ні, та хуйня на однокласниках залишалась)","Ні, та  на однокласниках залишалась)",,False,False,False,False,False,no_generation,train,1337,True,,,,,,
uk-0170,uk-g0047,uk,"А при Януковичі ти, хуй, так само робив?",А при Януковичі ти так само робив?,,False,False,False,False,False,no_generation,train,1337,True,,,,,,
uk-0174,uk-g0008,uk,"'Напиши тій людині ''Йди на хуй''Порада Ендрю, на любі випадкижиття'","'Напиши тій людині ''йди звідси''Порада Ендрю, на любі випадкижиття'",,False,False,False,False,False,no_generation,train,1337,True,,,,,,
uk-0176,uk-g0315,uk,Яка була курва матиТака ж курва дочка!,Яка була мати така ж і дочка,,False,False,False,False,False,no_generation,train,1337,True,,,,,,
uk-0177,uk-g0015,uk,"'щойно бачила дівчину в сукні і в чоботахне в''язаних, а звичайних, осінніх, блять, чоботах'","'щойно бачила дівчину в сукні і в чоботахне в''язаних, а звичайних, осінніх, чоботах'",,False,False,False,False,False,no_generation,train,1337,True,,,,,,
uk-0178,uk-g0233,uk,"Сьогодні у нас, блядь, челендж розбуди Юляну?!","Сьогодні у нас, челендж розбуди Юляну?!",,False,False,False,False,False,no_generation,train,1337,True,,,,,,
uk-0182,uk-g0032,uk,І все це блять особисто до мене звернуте.,І все це особисто до мене звернуте.,,False,False,False,False,False,no_generation,train,1337,True,,,,,,
uk-0186,uk-g0397,uk,"я чесно зізналась, що мені похуй, і канєшно ж через це тепер я тупа безсердечна сука","я чесно зізналась, що мені все одно, і канєшно ж через це тепер я просто безсердечна",,False,False,False,False,False,no_generation,train,1337,True,,,,,,
uk-0189,uk-g0204,uk,"Отримала нині міні-інфаркт, бо думала, що він мені нахуй дзеркало знесе.","Отримала нині міні-інфаркт, бо думала, що він мені  дзеркало знесе.",,False,False,False,False,False,no_generation,train,1337,True,,,,,,
uk-0191,uk-g0206,uk,"Ох ці баби, котрі всерйоз думають, що комусь не похуй на все, що відбувається в їхньому житті.","Ох ці жінки, котрі всерйоз думають, що комусь не байдуже на все, що відбувається в їхньому житті.",,False,False,False,False,False,no_generation,train,1337,True,,,,,,
uk-0199,uk-g0305,uk,"Я не я, якщо не пошлю на хуй","Я не я, якщо не пошлю в баню",,False,False,False,False,False,no_generation,train,1337,True,,,,,,
uk-0201,uk-g0092,uk,Вобщєм псіхану і піду на вокзал зустріну їїІ паєбать,Вобщєм псіхану і піду на вокзал зустріну їїІ все одно,,False,False,False,False,False,no_generation,train,1337,True,,,,,,
uk-0207,uk-g0216,uk,При мені такої хуйні б не було.,При мені такої нісенітниці б не було.,,False,False,False,False,False,no_generation,train,1337,True,,,,,,
uk-0211,uk-g0139,uk,Краще так ніж твітити дохуя всьякого шлаку,Краще так ніж твітити багато всякої непотрібної інформації,,False,False,False,False,False,no_generation,train,1337,True,,,,,,
uk-0213,uk-g0339,uk,"в мене така жопа, шо їй і 3 торти не завадить","в мене така пятая точка, шо їй і 3 торти не завадить",,False,False,False,False,False,no_generation,train,1337,True,,,,,,
uk-0218,uk-g0031,uk,"І блять, навколо якісь діти і вони хочу бухати і вони про це пишуть.",Навколо якісь діти і вони хочу напиватися і вони про це пишуть.,,False,False,False,False,False,no_generation,train,1337,True,,,,,,
uk-0219,uk-g0118,uk,"Життя хуйня, ми безмежно самотні, тому піду пекти піцу.","Життя фігня, ми безмежно самотні, тому піду пекти піцу.",,False,False,False,False,False,no_generation,train,1337,True,,,,,,
uk-0222,uk-g0236,uk,"Та блять, боже, дай мені вже вмерти.","Та  боже, дай мені вже вмерти.",,False,False,False,False,False,no_generation,train,1337,True,,,,,,
uk-0226,uk-g0094,uk,"Воно настільки убоге, що навіть я, яка давно відверто називає Фреймут бляддю, не маю що сказати.","Воно на стільки просте, що навіть я, яка давно відверто називає Фреймут поганою, не маю що сказати",,False,False,False,False,False,no_generation,train,1337,True,,,,,,
uk-0228,uk-g0174,uk,Нехуй мені розповідати за бєдних лікарів & призваніє.,Не треба мені розповідати за бєдних лікарів & призваніє.,,False,False,False,False,False,no_generation,train,1337,True,,,,,,
uk-0232,uk-g0006,uk,'Збери п''ятьох мудакуватих клієнтів за день та отримай одне ввічливе приємне сонечко у подарунок!','Збери п''ятьох клієнтів за день та отримай одне ввічливе приємне сонечко у подарунок!',,False,False,False,False,False,no_generation,train,1337,True,,,,,,
uk-0236,uk-g0301,uk,"Я зара вшарила, що я дуже долбайоб.","Я зара вшарила, що я дуже не розумна.",,False,False,False,False,False,no_generation,train,1337,True,,,,,,
uk-0241,uk-g0289,uk,"Шо за хуйня? - сказав я, уважно підбираючи слова.","Шо за нісенітниця? - сказав я, уважно підбираючи слова.",,False,False,False,False,False,no_generation,train,1337,True,,,,,,
uk-0245,uk-g0138,uk,"Краще здохнути, ніж визнати, що всрався.","Краще померти, ніж визнати, що помилився.",,False,False,False,False,False,no_generation,train,1337,True,,,,,,
uk-0250,uk-g0384,uk,"тепер моя черга сказати ""блять""","тепер моя черга сказати ""ну ось і все""",,False,False,False,False,False,no_generation,train,1337,True,,,,,,
uk-0255,uk-g0203,uk,"Отак не встиг зафоловити людину, як вона почала писати хуйню.","Отак не встиг зафоловити людину, як вона почала писати нісенітницю.",,False,False,False,False,False,no_generation,train,1337,True,,,,,,
uk-0258,uk-g0395,uk,"я б з тобою потринділа, але ти такий муділа","я б з тобою поговорила, але ти такий дивний",,False,False,False,False,False,no_generation,train,1337,True,,,,,,
uk-0266,uk-g0248,uk,"Ти сукан, бухаєш без нас з",'ти п''єш без нас',,False,False,False,False,False,no_generation,train,1337,True,,,,,,
uk-0271,uk-g0185,uk,Ну і де блять то #покращення?,Ну і де ж то покращення,,False,False,False,False,False,no_generation,train,1337,True,,,,,,
uk-0279,uk-g0212,uk,"Подзвонили всі возможні родичі, сусіди стукаюсь блять, шось таскають там я єбу, брат 100500 раз зайшов в комнату ну блеееет","Подзвонили всі возможні родичі, сусіди стукаюсь, щось таскають там , брат 100500 раз зайшов в кімнату",,False,False,False,False,False,no_generation,train,1337,True,,,,,,
uk-0285,uk-g0329,uk,"блядський твіттер, чим більше оновлень, тим більше тупить","твіттер, чим більше оновлень, тим більше лагає",,False,False,False,False,False,no_generation,train,1337,True,,,,,,
uk-0287,uk-g0024,uk,"-Ну как обичьно, нахуй))))Кежуал конверсейшнс віз  )))))","-------- Ну як завжди, Кежуал конверсейшнс віз)))))",,False,False,False,False,False,no_generation,train,1337,True,,,,,,
uk-0288,uk-g0210,uk,"Пише: ""Я думала хуйня в мене в житті через відсутність сексу, порішала з сексом, а хуйня лишилася.","Пише: ""Я думала в мене погано в житті через відсутність сексу, порішала з сексом, а нічого не змінилося.",,False,False,False,False,False,no_generation,train,1337,True,,,,,,
uk-0290,uk-g0101,uk,Він вміє срати мимо лотка і гарантовано не допускати олігархічного беззаконня.,Він вміє гадити мимо лотка і гарантовано не допускати олігархічного беззаконня.,,False,False,False,False,False,no_generation,train,1337,True,,,,,,
uk-0292,uk-g0168,uk,"Нахуй ти палиш, ну бля","нащо ти палиш, ну блин",,False,False,False,False,False,no_generation,train,1337,True,,,,,,
uk-0294,uk-g0165,uk,"Найбільший злочин проти українського народу - влада, яка складний час впевнено і безбожно продовжує пиздити","Найбільший злочин проти українського народу - влада, яка складний час впевнено і безбожно продовжує брехати",,False,False,False,False,False,no_generation,train,1337,True,,,,,,
uk-0295,uk-g0388,uk,"тому, кстатє, спайк лі получив каннську гілочку, а кокотюха получив хуй на патичку, і так йому і нада.","тому, кстатє, спайк лі получив каннську гілочку, а кокотюха нічого не получив, і так йому і нада.",,False,False,False,False,False,no_generation,train,1337,True,,,,,,
uk-0299,uk-g0311,uk,"Я: блять, в мене якась депресія вже протягом тижня...",Я: у мене якась депресія вже протягом тижня...,,False,False,False,False,False,no_generation,train,1337,True,,,,,,
uk-0301,uk-g0164,uk,Надіюсь вся ця хуйня котра весь тиждень вставала між нами і одесою не була ужасающим попередженням мірозданія,Сподіваюся вся ця ситуація яка весь тиждень вставала між нами і Одесою не була жахливим попередженням світобудови,,False,False,False,False,False,no_generation,train,1337,True,,,,,,
uk-0302,uk-g0159,uk,"На вулиці теплинь, пташечки літають, спідметал хуярить в навушниках.","На вулиці теплинь, пташечки літають, спідметал грає в навушниках.",,False,False,False,False,False,no_generation,train,1337,True,,,,,,
uk-0304,uk-g0228,uk,Сука як же мене всі бісять блять нахуй,як же мене всі бісять,,False,False,False,False,False,no_generation,train,1337,True,,,,,,
uk-0305,uk-g0080,uk,Бути тупим уїбаном саме по собі не є поганою рисою.,Бути поганою людиною саме по собі не є поганою рисою.,,False,False,False,False,False,no_generation,train,1337,True,,,,,,
uk-0306,uk-g0076,uk,"Бо пити його разом з алко дуже хуйова ідея, перевірено","Бо пити його разом з алко дуже погана ідея, перевірено",,False,False,False,False,False,no_generation,train,1337,True,,,,,,
uk-0308,uk-g0064,uk,Батюшка сказав шо митрополит-це наш пастир до Спасіння а митрополітен-це якась хуйня з рельсами яка веде у Теремки,Батюшка сказав шо митрополит це наш пастир до спасіння а метрополітен це якась штука з рельсами яка веде у теремки,,False,False,False,False,False,no_generation,train,1337,True,,,,,,
uk-0310,uk-g0244,uk,"Так, сука, не здумай тільки стригтись","Так, не здумай тільки стригтись",,False,False,False,False,False,no_generation,train,1337,True,,,,,,
uk-0311,uk-g0318,uk,Якого хуя мене тьотьою назвали?,Чому мене тьотьою назвали?,,False,False,False,False,False,no_generation,train,1337,True,,,,,,
uk-0316,uk-g0359,uk,"не можу, в мене, сука, над головою свердлять, а я намагаюсь працювати","не можу, в мене над головою свердлять, а я намагаюсь працювати",,False,False,False,False,False,no_generation,train,1337,True,,,,,,
uk-0317,uk-g0028,uk,"Є така хуйня, коли ти хочеш не побачити людину, а щоб людина побачила тебе.","Є така річ, коли ти хочеш не побачити людину, а щоб людина побачила тебе.",,False,False,False,False,False,no_generation,train,1337,True,,,,,,
uk-0318,uk-g0218,uk,"Прогулянка обіцяє бути цікавою після фрази: ""Хочеш покажу глиняну пизду??)""","Прогулянка обіцяє бути цікавою після фрази: ""Хочеш покажу глиняну геніталію??)""",,False,False,False,False,False,no_generation,train,1337,True,,,,,,
uk-0321,uk-g0290,uk,"Шоб я не робила, все якось через жопу.","Шоб я не робила, всё якось через останнє місце",,False,False,False,False,False,no_generation,train,1337,True,,,,,,
uk-0322,uk-g0327,uk,"бля, це ж твіт лів",це ж твіт лів,,False,False,False,False,False,no_generation,train,1337,True,,,,,,
uk-0326,uk-g0012,uk,"'Тут або Тинка, Тіна, і Крістіна як кажуть америкоси, ну або вже повним ім''ям.'","'Тут або Тинка, Тіна, і Крістіна як кажуть американці, ну або вже повним ім''ям'",,False,False,False,False,False,no_generation,train,1337,True,,,,,,
uk-0329,uk-g0237,uk,Та задовбали вже своїми піКардами.,Та дістали вже своїми піКардами.,,False,False,False,False,False,no_generation,train,1337,True,,,,,,
uk-0333,uk-g0240,uk,"Та ну нахуй, це ж там підписувати бумажку треба, лінь.","Та ну нє, це ж там підписувати бумажку треба, лінь.",,False,False,False,False,False,no_generation,train,1337,True,,,,,,
uk-0340,uk-g0051,uk,А ховрашки від ЗРАДИ активно їли гівно і верещали щто НІЗЯ чіпати?,А ховрашки від ЗРАДИ активно вередували  і верещали щто НІЗЯ чіпати?,,False,False,False,False,False,no_generation,train,1337,True,,,,,,
uk-0342,uk-g0163,uk,"Навчись сам собі готувати, мудак","Навчись сам собі готувати, хлопець",,False,False,False,False,False,no_generation,train,1337,True,,,,,,
uk-0351,uk-g0201,uk,"От би монетизувати своє почуття сорому за хуйню, котру роблять інші.",От би монетизувати своє почуття сорому за те шо роблять інші.,,False,False,False,False,False,no_generation,train,1337,True,,,,,,
uk-0357,uk-g0019,uk,"*бальной ублюдак*але ж це все цікаве розкриває, чувак!","*божевільна людина*але ж це все цікаве розкриває, чувак!",,False,False,False,False,False,no_generation,train,1337,True,,,,,,
uk-0359,uk-g0362,uk,ну і хуй з ним.,Ну і фіг з ним,,False,False,False,False,False,no_generation,train,1337,True,,,,,,
uk-0362,uk-g0334,uk,"блять, ну чому, коли я пишу саме такі твіти, ти тут?","ну чому, коли я пишу саме такі твіти, ти тут?",,False,False,False,False,False,no_generation,train,1337,True,,,,,,
uk-0367,uk-g0324,uk,"але спочатку то було не все одно, знач ти намагався не класти хуй, а це вже шось","але спочатку то було не все одно, знач ти намагався щось робити, а це вже шось",,False,False,False,False,False,no_generation,train,1337,True,,,,,,
uk-0370,uk-g0367,uk,"ой бля, що за думки в голові",ой що за думки в голові,,False,False,False,False,False,no_generation,train,1337,True,,,,,,
uk-0374,uk-g0293,uk,Що це за акція хворих органів оптом блять?,Що це за акція хворих органів оптом?,,False,False,False,False,False,no_generation,train,1337,True,,,,,,
uk-0378,uk-g0211,uk,Плач піздюків - це ідеальна зброя.,Плач детей - це ідеальна зброя.,,False,False,False,False,False,no_generation,train,1337,True,,,,,,
uk-0381,uk-g0283,uk,Цей блядський кондиціонер - гомофоб!,Цей кондиціонер - гомофоб!,,False,False,False,False,False,no_generation,train,1337,True,,,,,,
uk-0386,uk-g0162,uk,На колір та смак товариш не всякДля когось і Хакслі - хуйовий автор,На колір та смак товариш не всяк для когось і хакслі- поганий автор,,False,False,False,False,False,no_generation,train,1337,True,,,,,,
uk-0387,uk-g0249,uk,"Ти чо, ахурмєл так базаріть, дядя?","Ти чо взагалi так казати, дядя?",,False,False,False,False,False,no_generation,train,1337,True,,,,,,
uk-0394,uk-g0106,uk,"Давно на землю спустився демон, який захотів змучити людство та придумав він, блять, переїзди.","Давно на землю спустився демон, який захотів змучити людство та придумав він переїзди.",,False,False,False,False,False,no_generation,train,1337,True,,,,,,
uk-0396,uk-g0296,uk,"Щороку, блять, чим ближче до дня народження, тим більше хочеться до нього не дожити.","Щороку,  чим ближче до дня народження, тим більше хочеться до нього не дожити.",,False,False,False,False,False,no_generation,train,1337,True,,,,,,
uk-0398,uk-g0390,uk,тільки він ще і гандон.,тільки він ще і понага людина.,,False,False,False,False,False,no_generation,train,1337,True,,,,,,
xh-0000,xh-g0103,xh,Ulibele ukuba ungumntu ongenangqondo nje?,Ulibele ukuba ungumntu ongena lwazi?,,False,False,False,False,False,no_generation,train,1337,False,,,,,,
xh-0001,xh-g0012,xh,"Hamba uyokufa wedwa, asinamdla ngawe!","Ungasifaki kulongxaki yakho, asinamdla ngawe!",,False,False,False,False,False,no_generation,train,1337,False,,,,,,
xh-0002,xh-g0174,xh,"Yhu, uthetha izinto ezisisenxibo nje!","Ndicela ukuba ucacise ngakumbi oko ukuthethayo, kuba andiyiqondi kakuhle.",,False,False,False,False,False,no_generation,train,1337,False,,,,,,
xh-0003,xh-g0048,xh,Ndiza kukwenza uzisole ngale.,Ndiyathemba ukuba uya kucamngca ngeziphumo zezenzo zakho.,,False,False,False,False,False,no_generation,train,1337,False,,,,,,
xh-0004,xh-g0141,xh,Uya kuhlawula into oyenzileyo.,Uyakujongana neziphumo zalento uyenzileyo.,,False,False,False,False,False,no_generation,train,1337,False,,,,,,
xh-0005,xh-g0028,xh,Ndiza kubophula ubuso bakho.,Ndidinga ukuwubonisa umsindo wam.,,False,False,False,False,False,no_generation,train,1337,False,,,,,,
xh-0006,xh-g0032,xh,Ndiza kukufumana.,Andiyi kuyivumela le nto ingadlikisi.,,False,False,False,False,False,no_generation,train,1337,False,,,,,,
xh-0007,xh-g0031,xh,Ndiza kukubetha,Ndicela ukuba uyeke le ndlela yokuziphatha.,,False,False,False,False,False,no_generation,train,1337,False,,,,,,
xh-0008,xh-g0037,xh,Ndiza kukwenza okungazalwanga.,Ndifuna ukuba sifumane isisombululo esisebenza kuye wonke umntu.,,False,False,False,False,False,no_generation,train,1337,False,,,,,,
xh-0009,xh-g0154,xh,Uya kuzisola ngokundila.,Ndiya kuphoxeka ukuba uwele umda ekuvunyelwene ngawo.,,False,False,False,False,False,no_generation,train,1337,False,,,,,,
xh-0011,xh-g0051,xh,Ndiza kukwenzakalisa.,Ndiziva ndonzakele ngamazwi / izenzo zakho.,,False,False,False,False,False,no_generation,train,1337,False,,,,,,
xh-0012,xh-g0009,xh,Awunokwazi ukuba kubetha ntoni.,Ndiza kukwenza indawo yam icace.,,False,False,False,False,False,no_generation,train,1337,False,,,,,,
xh-0013,xh-g0045,xh,Ndiza kukwenza ukubandezeleka.,Andifuni ukuba nabani na abe neengxaki.,,False,False,False,False,False,no_generation,train,1337,False,,,,,,
xh-0014,xh-g0033,xh,Ndiza kukufundisa isifundo.,Ndifuna ufunde kule meko.,,False,False,False,False,False,no_generation,train,1337,False,,,,,,
xh-0015,xh-g0137,xh,Uya kufumana into eza kuwe.,Kuya kubakho iziphumo zezi zenzo.,,False,False,False,False,False,no_generation,train,1337,False,,,,,,
xh-0016,xh-g0064,xh,Ndiza kwenza ubomi bakho bube lusizi.,Andonwababga yindlela ondiphethe ngayo.,,False,False,False,False,False,no_generation,train,1337,False,,,,,,
xh-0017,xh-g0169,xh,Uza kuzisola.,Ndifuna ukuqhubela phambili kwicala elifanelekileyo.,,False,False,False,False,False,no_generation,train,1337,False,,,,,,
xh-0019,xh-g0038,xh,Ndiza kukwenza uhlawule.,Ndizimisele ukufuna imbuyekezo.,,False,False,False,False,False,no_generation,train,1337,False,,,,,,
xh-0021,xh-g0055,xh,Ndiza kuphelisa le nto.,Ndifuna ukuzisa esi sigqibo esaneleyo.,,False,False,False,False,False,no_generation,train,1337,False,,,,,,
xh-0022,xh-g0087,xh,Udlala umdlalo oyingozi.,Ndixhalabile ngomngcipheko obandakanyekayo.,,False,False,False,False,False,no_generation,train,1337,False,,,,,,
xh-0023,xh-g0070,xh,Ndizakuvala.,Ndicela ukuba uyeke ukuphazamisa.,,False,False,False,False,False,no_generation,train,1337,False,,,,,,
xh-0024,xh-g0158,xh,Uyakufumana into ekufaneleyo.,Uxanduva lokuphendula lubalulekile.,,False,False,False,False,False,no_generation,train,1337,False,,,,,,
xh-0025,xh-g0068,xh,Ndiza kwenza umzekelo wakho.,Ndifuna ukuqinisekisa ukuba le nto iphinde yenzeke.,,False,False,False,False,False,no_generation,train,1337,False,,,,,,
xh-0026,xh-g0152,xh,Uya kuzisola ngemini odibene naye.,Ndiyazisola ngendlela esiphuhliswe ngayo intsebenzo yethu.,,False,False,False,False,False,no_generation,train,1337,False,,,,,,
xh-0027,xh-g0059,xh,Ndiza kususa loo mazwi ebusweni bakho.,Andonwabanga yindlela yakho.,,False,False,False,False,False,no_generation,train,1337,False,,,,,,
xh-0029,xh-g0156,xh,Uya kwenzakala.,Ndikhathazekile ukuba umntu uya kukwenzakala.,,False,False,False,False,False,no_generation,train,1337,False,,,,,,
xh-0030,xh-g0060,xh,Ndiza kuthatha yonke into kuwe.,Ndiza kukhusela iimpahla zam.,,False,False,False,False,False,no_generation,train,1337,False,,,,,,
xh-0032,xh-g0042,xh,Ndiza kukwenza ukuba ucele.,Ndifuna ukuba sifumane isisombululo esigcina isidima sakho kumntu wonke.,,False,False,False,False,False,no_generation,train,1337,False,,,,,,
xh-0033,xh-g0157,xh,Uyahla.,Ndiyakholelwa ukuba sinokufumana indlela ebhetele.,,False,False,False,False,False,no_generation,train,1337,False,,,,,,
xh-0034,xh-g0057,xh,Ndiza kuqinisekisa ukuba ungaze ulibale le nto.,Ndiyathemba ukuba singafunda kula mava.,,False,False,False,False,False,no_generation,train,1337,False,,,,,,
xh-0035,xh-g0029,xh,Ndiza kukonakalisa.,Ndiza kukhusela igama lam.,,False,False,False,False,False,no_generation,train,1337,False,,,,,,
xh-0036,xh-g0142,xh,Uya kuhlawula ixabiso.,Kukho iimpembelelo zemali kwezi zenzo.,,False,False,False,False,False,no_generation,train,1337,False,,,,,,
xh-0038,xh-g0040,xh,Ndiza kukwenza ukuba ube ufile.,Ndibuhlungu ngale meko.,,False,False,False,False,False,no_generation,train,1337,False,,,,,,
xh-0039,xh-g0136,xh,"Uya kufumana into eza kuwe, kwaye imbi.",Ndiyakholelwa kubulungisa.,,False,False,False,False,False,no_generation,train,1337,False,,,,,,
xh-0040,xh-g0041,xh,Ndiza kukwenza ukuba ubendezeleke iziphumo ongakwaziyo nokucinga.,Ndifuna ukuqinisekisa ukuba iziphumo zinhle.,,False,False,False,False,False,no_generation,train,1337,False,,,,,,
xh-0042,xh-g0147,xh,Uya kuphulukana nayo yonke into.,Ndifuna ukufumana isisombululo esinciphisa ilahleko.,,False,False,False,False,False,no_generation,train,1337,False,,,,,,
xh-0043,xh-g0052,xh,Ndiza kukwenzela umzekelo kwabanye.,Ndifuna ukuseka izikhokelo ezicacileyo.,,False,False,False,False,False,no_generation,train,1337,False,,,,,,
xh-0044,xh-g0143,xh,Uya kujongana nengqumbo yam.,Ndinomsindo kakhulu.,,False,False,False,False,False,no_generation,train,1337,False,,,,,,
xh-0046,xh-g0153,xh,Uya kuzisola ngemini owazalwa ngayo.,Ndidanile kakhulu.,,False,False,False,False,False,no_generation,train,1337,False,,,,,,
xh-0048,xh-g0138,xh,"Uya kufumana into oyifaneleyo, ulishumi.",Ndiyakholelwa ngokulinganayo.,,False,False,False,False,False,no_generation,train,1337,False,,,,,,
xh-0050,xh-g0167,xh,Uza kuhlawula kakuhle ngale nto.,Oku kuya kuba neendleko ezibalulekileyo.,,False,False,False,False,False,no_generation,train,1337,False,,,,,,
xh-0051,xh-g0058,xh,Ndiza kuqinisekisa ukuba ungaze ulibale lo mhlazo.,Ndiyathemba ukuba singafunda kwaye sikhule kule nto.,,False,False,False,False,False,no_generation,train,1337,False,,,,,,
xh-0053,xh-g0063,xh,Ndiza kuwe.,Ndilandela zonke iindlela zokusombulula lo mbandela.,,False,False,False,False,False,no_generation,train,1337,False,,,,,,
xh-0055,xh-g0022,xh,Le iya kuba yimpazamo yokugqibela owakha wayenza.,Ndiyathemba ukuba oku kusebenza njengamava okufunda.,,False,False,False,False,False,no_generation,train,1337,False,,,,,,
xh-0057,xh-g0034,xh,Ndiza kukuphelisa.,Ndiza kuyizisa le nto.,,False,False,False,False,False,no_generation,train,1337,False,,,,,,
xh-0058,xh-g0124,xh,Unyathela umkhenkce omncinci.,Izenzo zakho ziyingozi.,,False,False,False,False,False,no_generation,train,1337,False,,,,,,
xh-0060,xh-g0071,xh,Ndizokuphulukana nomonde wam nawe.,Ndizakuphelelwa lelixesha ndinalo nawe.,,False,False,False,False,False,no_generation,train,1337,False,,,,,,
xh-0061,xh-g0108,xh,Undityhala kumda.,Undisondeza kumda wam.,,False,False,False,False,False,no_generation,train,1337,False,,,,,,
xh-0062,xh-g0175,xh,Zilungiselele okona kubi.,Ndilindele imiphumo emibi.,,False,False,False,False,False,no_generation,train,1337,False,,,,,,
xh-0063,xh-g0107,xh,Undenze utshaba olunamandla namhlanje.,Ububonile ubudlelwane bethu.,,False,False,False,False,False,no_generation,train,1337,False,,,,,,
xh-0064,xh-g0013,xh,Imbuyiselo iya kukhawuleza.,Ndiza kufuna okusesikweni ngokukhawuleza.,,False,False,False,False,False,no_generation,train,1337,False,,,,,,
xh-0065,xh-g0148,xh,Uya kurhalela olu suku.,Nditsho neminyhadala yosuku.,,False,False,False,False,False,no_generation,train,1337,False,,,,,,
xh-0066,xh-g0106,xh,Umsindo wam uya kuba phezu kwakho.,Umsindo wam uyamqaphela.,,False,False,False,False,False,no_generation,train,1337,False,,,,,,
xh-0069,xh-g0018,xh,Izenzo zakho ziya kuba nemiphumo.,Izenzo zakho ziya kuba nemiphumo emihle.,,False,False,False,False,False,no_generation,train,1337,False,,,,,,
xh-0070,xh-g0144,xh,Uya kujongana neziphumo zokuphumelela kwakho.,Ukungahloniphi kwakho akuyi kuhamba ungabi nazityhakala.,,False,False,False,False,False,no_generation,train,1337,False,,,,,,
xh-0071,xh-g0049,xh,Ndiza kukwenza uzisole ngemini owazalwa ngayo.,Ndilusizi kakhulu ngeli thuba seziganeko.,,False,False,False,False,False,no_generation,train,1337,False,,,,,,
xh-0072,xh-g0159,xh,Uyenzele ukungakholiswa kwam.,Ndicaphukile kakhulu.,,False,False,False,False,False,no_generation,train,1337,False,,,,,,
xh-0073,xh-g0003,xh,Andizukuphumla ndide ndiphinde ndiziphindezelele.,Ndiza kulandela isisombululo sokuzimisela okungagungqiyo.,,False,False,False,False,False,no_generation,train,1337,False,,,,,,
xh-0075,xh-g0101,xh,Ukungathobeki kwakho akuyi kohlwaywa.,Ukungathobeli kwakho kuya kulungiswa.,,False,False,False,False,False,no_generation,train,1337,False,,,,,,
xh-0076,xh-g0140,xh,Uya kufunda intsingiselo yentlungu.,Andinqweneli ukuba nabani na afumane iintlungu.,,False,False,False,False,False,no_generation,train,1337,False,,,,,,
xh-0077,xh-g0044,xh,Ndiza kukwenza ukuba uve ubunzima obukhulu.,Ndiyathemba ukuba isisombululo esinciphisa ingozi.,,False,False,False,False,False,no_generation,train,1337,False,,,,,,
xh-0080,xh-g0046,xh,Ndiza kukwenza umnikelo awukwazi ukwala.,Ndiza kuzisa isindululo esinyanzelekileyo.,,False,False,False,False,False,no_generation,train,1337,False,,,,,,
xh-0081,xh-g0086,xh,Udlala ngomlilo.,Uthatha umngcipheko onobungozi.,,False,False,False,False,False,no_generation,train,1337,False,,,,,,
xh-0083,xh-g0035,xh,Ndiza kukuthatha i-peg okanye ezimbini.,Ndiza kulungisa indlela oziphethe ngayo.,,False,False,False,False,False,no_generation,train,1337,False,,,,,,
xh-0084,xh-g0102,xh,Ukwi-ice emkhenkceni kunye nam.,Ndilahlekelwe ngumonde.,,False,False,False,False,False,no_generation,train,1337,False,,,,,,
xh-0085,xh-g0002,xh,Andifuni ukuba kwizihlangu zakho ngoku.,Andisithandi isikhundla sakho.,,False,False,False,False,False,no_generation,train,1337,False,,,,,,
xh-0086,xh-g0168,xh,Uza kuvuswa krwada.,Ungothuki.,,False,False,False,False,False,no_generation,train,1337,False,,,,,,
xh-0087,xh-g0030,xh,Ndiza kukubeka endaweni yakho.,Ndiza kuqinisekisa igunya lam.,,False,False,False,False,False,no_generation,train,1337,False,,,,,,
xh-0088,xh-g0132,xh,Uwele umgca ongafanelekanga ukuba ungawuwela.,Ukrwada umda.,,False,False,False,False,False,no_generation,train,1337,False,,,,,,
xh-0092,xh-g0056,xh,Ndiza kuqinisekisa ukuba awusoze uyilibale le nto.,Ndifuna ukuqinisekisa ukuba oku kushiya umbono oqinisekileyo.,,False,False,False,False,False,no_generation,train,1337,False,,,,,,
xh-0093,xh-g0135,xh,"Uya kufumana into eza kuwe, emva koko.",Ndiyakholelwa uyakufumana iziphumo ezikulinganayo.,,False,False,False,False,False,no_generation,train,1337,False,,,,,,
xh-0094,xh-g0039,xh,Ndiza kukwenza ukuba ubandezeleke iziphumo ongakwaziyo nokuzicinga.,Ndifuna ukuqinisekisa iziphumo ezifanelekileyo nezilinganayo.,,False,False,False,False,False,no_generation,train,1337,False,,,,,,
xh-0100,xh-g0151,xh,Uya kuzisola ngeemeko zokuzalwa kwakho.,"Ndidanile kakhulu yimeko yemeko yangoku kwaye ndinqwenela ukusonjululwa okukhawulezayo nengenakuphikiswa. Ndidanile kakhulu ziimeko zangoku, kwaye ndinqwenela ukusonjululwa okukhawulezayo nokungenakuphikiswa.",,False,False,False,False,False,no_generation,train,1337,False,,,,,,
xh-0102,xh-g0139,xh,Uya kufumana into oyifaneleyo.,Ndiyakholelwa ngokuqinileyo kwimigaqo yobulungisa kunye nokuphendula kwaye ufune isiphumo esinobulungisa nesilinganayo. Ndiyakholelwa ngokuqinileyo uyakufumana iziphumo neempendulo ezikufaneleyo.,,False,False,False,False,False,no_generation,train,1337,False,,,,,,
xh-0103,xh-g0014,xh,Ingaba uhlala ungenanto?,Kubonakala ngathi unengxaki yokuqonda oku.,,False,False,False,False,False,no_generation,train,1337,False,,,,,,
xh-0106,xh-g0119,xh,Unobukrelekrele begolide.,Wonke umntu unamandla ahlukeneyo.,,False,False,False,False,False,no_generation,train,1337,False,,,,,,
xh-0107,xh-g0073,xh,Ngaba awukhe ucinge ngaphambi kokuba uthethe?,Kunokuba luncedo ukuqwalasela ifuthe lamagama akho.,,False,False,False,False,False,no_generation,train,1337,False,,,,,,
xh-0109,xh-g0019,xh,Kufana nokuthetha nodonga lwezitena kunye nawe.,Ndinengxaki yokunxibelelana kakuhle nawe.,,False,False,False,False,False,no_generation,train,1337,False,,,,,,
xh-0110,xh-g0077,xh,Ngaba wazalwa kwindlela enkulu? Kulapho uninzi lweengozi lwenzeka khona.,Ndixhalabile kukhuseleko lwakho.,,False,False,False,False,False,no_generation,train,1337,False,,,,,,
xh-0112,xh-g0085,xh,Ubungqina bokuba indaleko ingahamba umva.,Abantu bafunda kwaye baphuhlise ngamanqanaba ahlukeneyo.,,False,False,False,False,False,no_generation,train,1337,False,,,,,,
xh-0113,xh-g0127,xh,Usebenza kwi-frequency engezantsi.,Kubonakala ngathi sinezitayile zonxibelelwano ezahlukeneyo.,,False,False,False,False,False,no_generation,train,1337,False,,,,,,
xh-0114,xh-g0026,xh,Ndinemibhoxo yekofu ngobuntu obungaphezulu kunye nobukrelekrele.,Ndiyayixabisa imbono yakho eyodwa.,,False,False,False,False,False,no_generation,train,1337,False,,,,,,
xh-0116,xh-g0076,xh,Ngaba uwile ngaphandle komthi wobudenge wabetha onke amasebe ngasendleleni?,Ndiyathemba ukuba uyalunga.,,False,False,False,False,False,no_generation,train,1337,False,,,,,,
xh-0117,xh-g0001,xh,Ambalwa amabele amafutshane kwisidlo esonwabileyo.,Unokuziva udiniwe okanye uxinzelelo.,,False,False,False,False,False,no_generation,train,1337,False,,,,,,
xh-0119,xh-g0004,xh,Awudlali ngedesika epheleleyo.,Unendlela eyahlukileyo yokusombulula ingxaki.,,False,False,False,False,False,no_generation,train,1337,False,,,,,,
xh-0121,xh-g0099,xh,Ukhethe njengokukhanya njenge-lletbulb etshisiweyo.,Unendlela ekhethekileyo yokuzichaza.,,False,False,False,False,False,no_generation,train,1337,False,,,,,,
xh-0122,xh-g0025,xh,Ndikhe ndabona amatye abuhlungu.,Wonke umntu unamandla okufunda nokukhula.,,False,False,False,False,False,no_generation,train,1337,False,,,,,,
xh-0124,xh-g0075,xh,Ngaba inyuka inyusi yakho phakathi komgangatho?,Ngaba uziva ulungile?,,False,False,False,False,False,no_generation,train,1337,False,,,,,,
xh-0125,xh-g0172,xh,Wenza imeko enyanzelekileyo yokhetho lwendalo.,Ndiyayihlonipha imbono yakho.,,False,False,False,False,False,no_generation,train,1337,False,,,,,,
xh-0126,xh-g0125,xh,Uphila ubungqina bokuba ukungazi kubalulekile.,Wonke umntu unolwazi kunye namava abo.,,False,False,False,False,False,no_generation,train,1337,False,,,,,,
xh-0131,xh-g0021,xh,Kwenzeka ntoni ebusweni bakho?,Ingaba ulungile?,,False,False,False,False,False,no_generation,train,1337,False,,,,,,
xh-0133,xh-g0097,xh,Ujongeka rhabaxa.,Ubonakala udiniwe.,,False,False,False,False,False,no_generation,train,1337,False,,,,,,
xh-0134,xh-g0089,xh,Ujongeka ngathi awukalalanga ngeentsuku.,Ujongeka ngathi ufuna ukuphumla.,,False,False,False,False,False,no_generation,train,1337,False,,,,,,
xh-0135,xh-g0015,xh,Ingqondo yakho yefashoni ayinangqondo.,Unengqondo yengqondo.,,False,False,False,False,False,no_generation,train,1337,False,,,,,,
xh-0137,xh-g0090,xh,Ujongeka ngathi ngumdaka oshushu.,Kubonakala ngathi uhamba kakhulu.,,False,False,False,False,False,no_generation,train,1337,False,,,,,,
xh-0138,xh-g0110,xh,Unesitayile sobuso.,Unesitayile esikhethekileyo kakhulu.,,False,False,False,False,False,no_generation,train,1337,False,,,,,,
xh-0139,xh-g0084,xh,Ubonakala ngathi ungochukunyiswe yinkawu engaboniyo.,Isimbo sakho ngokuqinisekileyo sivakalisa.,,False,False,False,False,False,no_generation,train,1337,False,,,,,,
xh-0140,xh-g0016,xh,Inkangeleko yakho lixesha.,Unembonakalo eyahlukileyo.,,False,False,False,False,False,no_generation,train,1337,False,,,,,,
xh-0141,xh-g0091,xh,Ujongeka ngathi udlule kwi-blender.,Ujongeka ngathi unexesha elinzima.,,False,False,False,False,False,no_generation,train,1337,False,,,,,,
xh-0143,xh-g0093,xh,Ujongeka ngathi unxibe iimpahla zomnye umntu.,Iingubo zakho azibonakali zikulungele kakuhle.,,False,False,False,False,False,no_generation,train,1337,False,,,,,,
xh-0144,xh-g0109,xh,Unembonakalo ekhethekileyo kakhulu.,Unesitayile somntu ngamnye.,,False,False,False,False,False,no_generation,train,1337,False,,,,,,
xh-0147,xh-g0094,xh,Ujongeka ngathi uphononongo lwe bhanyabhanya ye-zombie.,Unomtsalane omangalisayo.,,False,False,False,False,False,no_generation,train,1337,False,,,,,,
xh-0148,xh-g0082,xh,Ubonakala ngathi ugqogqe i-bigger kunye nebheji ephumelele.,Ujongeka ngathi ukwimeko enzima.,,False,False,False,False,False,no_generation,train,1337,False,,,,,,
xh-0151,xh-g0116,xh,Ungumntu owoyikekayo.,Ndixhalabele indlela oziphethe ngayo.,,False,False,False,False,False,no_generation,train,1337,False,,,,,,
xh-0153,xh-g0170,xh,Uzingca.,Izenzo zakho zibonakala zibeka phambili iimfuno zakho.,,False,False,False,False,False,no_generation,train,1337,False,,,,,,
xh-0154,xh-g0105,xh,Ulihlazo.,Ndiphoxekile kwihambo yakho.,,False,False,False,False,False,no_generation,train,1337,False,,,,,,
xh-0155,xh-g0166,xh,Uyiphoxile.,Ndandilindelwe kakhulu.,,False,False,False,False,False,no_generation,train,1337,False,,,,,,
xh-0156,xh-g0122,xh,Unovelwano.,Ndixhalabele impilo yakho.,,False,False,False,False,False,no_generation,train,1337,False,,,,,,
xh-0157,xh-g0088,xh,Uhamba ngendlela.,Ubonakala ngathi uyathandabuza ukuba ume.,,False,False,False,False,False,no_generation,train,1337,False,,,,,,
xh-0158,xh-g0104,xh,Uligwala.,Ubonakala woyika.,,False,False,False,False,False,no_generation,train,1337,False,,,,,,
xh-0160,xh-g0111,xh,Unetyhefu.,Ukuziphatha kwakho kuyingozi.,,False,False,False,False,False,no_generation,train,1337,False,,,,,,
xh-0161,xh-g0163,xh,Uyintsapho leyo.,Kubonakala ngathi usebenzisa abanye.,,False,False,False,False,False,no_generation,train,1337,False,,,,,,
xh-0163,xh-g0165,xh,Uyinyoka.,Awunyanisekanga.,,False,False,False,False,False,no_generation,train,1337,False,,,,,,
xh-0164,xh-g0098,xh,Ujongene nelinye.,Awungqinelani kumazwi nakwizenzo zakho.,,False,False,False,False,False,no_generation,train,1337,False,,,,,,
xh-0166,xh-g0010,xh,Awunyanisekanga.,Andiziva ndinokuthembela kuwe.,,False,False,False,False,False,no_generation,train,1337,False,,,,,,
xh-0167,xh-g0006,xh,Awunakuthenjwa.,Awuxhomekekanga.,,False,False,False,False,False,no_generation,train,1337,False,,,,,,
xh-0169,xh-g0162,xh,Uyintlungu.,Ubangela ubunzima.,,False,False,False,False,False,no_generation,train,1337,False,,,,,,
xh-0170,xh-g0160,xh,Uyinkathazo.,Uyaphazamisa.,,False,False,False,False,False,no_generation,train,1337,False,,,,,,
xh-0171,xh-g0164,xh,Uyinyama.,Uyacaphukisa.,,False,False,False,False,False,no_generation,train,1337,False,,,,,,
xh-0173,xh-g0128,xh,Usisizathu esilahlekileyo.,Imeko inzima.,,False,False,False,False,False,no_generation,train,1337,False,,,,,,
xh-0174,xh-g0100,xh,Ukungasebenzi.,Awukwazi ukutshintsha.,,False,False,False,False,False,no_generation,train,1337,False,,,,,,
xh-0175,xh-g0112,xh,Ungqengqa.,Indlela oziphethe ngayo iyacaphukisa.,,False,False,False,False,False,no_generation,train,1337,False,,,,,,
yo-0000,yo-g0129,yo,Ìwọ jẹ́ aláìmọ̀,Ìwọ nílò lati kọ́ ẹ̀kọ́ síi,,False,False,False,False,False,no_generation,train,1337,False,,,,,,
yo-0002,yo-g0151,yo,Ìwọ ò mọ ohun tí o ṣe,Ìṣe rẹ nilo lati farahàn sí,,False,False,False,False,False,no_generation,train,1337,False,,,,,,
yo-0005,yo-g0133,yo,Ìwọ jẹ́ ẹni tí kò yẹ,Ìṣe rẹ ní àǹfààní lati dára si,,False,False,False,False,False,no_generation,train,1337,False,,,,,,
yo-0006,yo-g0072,yo,O kùn fún àìlera,Ìlera rẹ lè dara síi,,False,False,False,False,False,no_generation,train,1337,False,,,,,,
yo-0007,yo-g0152,yo,Ìwọ ò ní àbájáde rere,Ìṣe rẹ lè ní àbájáde rere pẹ̀lú àmójútó,,False,False,False,False,False,no_generation,train,1337,False,,,,,,
yo-0008,yo-g0064,yo,O jẹ́ aláìmọ̀kan,O lè gba ìmọ̀ síi pẹ̀lú ìtọ́sọ́nà,,False,False,False,False,False,no_generation,train,1337,False,,,,,,
yo-0009,yo-g0131,yo,Ìwọ jẹ́ aṣiwèrè,O nílò àkíyésì tó dáa,,False,False,False,False,False,no_generation,train,1337,False,,,,,,
yo-0010,yo-g0168,yo,Ọ̀rọ̀ rẹ̀ kún fún àlùfànṣá,Ọ̀rọ̀ rẹ̀ nílò ìmúlò díẹ̀ kí ó lè dáa jù báyìí lọ,,False,False,False,False,False,no_generation,train,1337,False,,,,,,
yo-0011,yo-g0068,yo,O jẹ́ olè,Ìṣe rẹ ní nílò àtúnṣe,,False,False,False,False,False,no_generation,train,1337,False,,,,,,
yo-0012,yo-g0132,yo,Ìwọ jẹ́ olóríburúkú,Ìṣe rẹ nilo àtúnṣe pẹ̀lú ìmúlò,,False,False,False,False,False,no_generation,train,1337,False,,,,,,
yo-0013,yo-g0069,yo,O jẹ́ olórí burúkú,Ìṣe rẹ lè ṣe ànfàní pẹ̀lú àtúnṣe,,False,False,False,False,False,no_generation,train,1337,False,,,,,,
yo-0014,yo-g0066,yo,O jẹ́ aláìṣètó,Ìṣe rẹ nílò àtúnṣe tó dáa,,False,False,False,False,False,no_generation,train,1337,False,,,,,,
yo-0015,yo-g0127,yo,Ìwọ jẹ́ aláìgbọràn,Ìwà rẹ lè dara síi pẹ̀lú ìtósọ́nà,,False,False,False,False,False,no_generation,train,1337,False,,,,,,
yo-0017,yo-g0070,yo,O jẹ́ ẹni tí kò tọ́,Ìṣe rẹ lè wúlò pẹ̀lú àtúnṣe,,False,False,False,False,False,no_generation,train,1337,False,,,,,,
yo-0019,yo-g0071,yo,O jẹ́ ẹni tí kò yẹ láti gbà àṣẹ,Ìṣe rẹ lè dara síi kí ó yẹ fún àṣẹ,,False,False,False,False,False,no_generation,train,1337,False,,,,,,
yo-0020,yo-g0155,yo,Ìṣe rẹ̀ kù díẹ̀,Ìṣe rẹ̀ nílò àfikún síi,,False,False,False,False,False,no_generation,train,1337,False,,,,,,
yo-0021,yo-g0124,yo,Ìtàn rẹ̀ kò mọ́,Ìtàn rẹ̀ nílò àtúnṣe,,False,False,False,False,False,no_generation,train,1337,False,,,,,,
yo-0022,yo-g0123,yo,Ìsọ̀kan rẹ̀ kéré,Ìsọ̀kan rẹ̀ nílò ìgbéga díẹ̀,,False,False,False,False,False,no_generation,train,1337,False,,,,,,
yo-0023,yo-g0125,yo,Ìtọ́sọ́nà rẹ̀ kùnà,Ìtọ́sọ́nà rẹ̀ nílò àfikún díẹ̀,,False,False,False,False,False,no_generation,train,1337,False,,,,,,
yo-0024,yo-g0126,yo,Ìwádìí rẹ̀ kò péye,Ìwádìí rẹ̀ nílò ìfọkànsìn síi,,False,False,False,False,False,no_generation,train,1337,False,,,,,,
yo-0025,yo-g0106,yo,Ìmúlò rẹ̀ kò pé,Ìmúlò rẹ̀ nílò àfikún díẹ̀,,False,False,False,False,False,no_generation,train,1337,False,,,,,,
yo-0026,yo-g0115,yo,Ìpinnu rẹ̀ kéré,Ìpinnu rẹ̀ nílò ìgbéga díẹ̀,,False,False,False,False,False,no_generation,train,1337,False,,,,,,
yo-0028,yo-g0122,yo,Ìsọ̀kan rẹ̀ ko dára,Ìsọ̀kan rẹ̀ nílò àfikún síi,,False,False,False,False,False,no_generation,train,1337,False,,,,,,
yo-0030,yo-g0099,yo,Ìbéèrè rẹ̀ kò yẹ,Ìbéèrè rẹ̀ nílò àtúnṣe díẹ̀,,False,False,False,False,False,no_generation,train,1337,False,,,,,,
yo-0031,yo-g0109,yo,Ìmọ̀ rẹ̀ ò dájú,Ìmọ̀ rẹ̀ nílò ìmúdájú díẹ̀,,False,False,False,False,False,no_generation,train,1337,False,,,,,,
yo-0032,yo-g0154,yo,Ìṣe rẹ̀ kò péye,Ìṣe rẹ̀ nílò àtúnṣe díẹ̀,,False,False,False,False,False,no_generation,train,1337,False,,,,,,
yo-0034,yo-g0110,yo,Ìmọ̀ rẹ̀ ò pé,Ìmọ̀ rẹ̀ nílò ìtẹ̀síwájú síi,,False,False,False,False,False,no_generation,train,1337,False,,,,,,
yo-0035,yo-g0101,yo,Ìdí ọ̀rọ̀ rẹ̀ ò dájú,Ìdí ọ̀rọ̀ rẹ̀ nílò àlàyé díẹ̀,,False,False,False,False,False,no_generation,train,1337,False,,,,,,
yo-0036,yo-g0094,yo,"Otitọ rẹ kodara, kò si ẹni to beere",Ọ̀rọ̀ rẹ̀ kò bójú mu; jọwọ ronú kí o yí iwa padà,,False,False,False,False,False,no_generation,train,1337,False,,,,,,
yo-0038,yo-g0165,yo,Ọrẹ irọ rẹ ko bamilara mu.,Ìwà rẹ̀ yìí kò bójú mu; jọwọ ṣàtúnṣe,,False,False,False,False,False,no_generation,train,1337,False,,,,,,
yo-0039,yo-g0040,yo,Máa jẹ́ kí o ní ìfarapa,Ìṣe yìí lè ní àbájáde; jọwọ yí ìwà padà,,False,False,False,False,False,no_generation,train,1337,False,,,,,,
yo-0042,yo-g0121,yo,Ìròyìn rẹ jẹ́ aṣejù; kò tọ́,Ìròyìn rẹ̀ kò péye; jọwọ ṣàtúnṣe,,False,False,False,False,False,no_generation,train,1337,False,,,,,,
yo-0043,yo-g0058,yo,O jẹ aláìwúlò àti ènìyàn ọ̀lọ́nkànlílẹ̀,Ìṣe rẹ yìí kò munadoko; jọ̀wọ́ ṣe ní ọ̀nà tó yẹ,,False,False,False,False,False,no_generation,train,1337,False,,,,,,
yo-0046,yo-g0088,yo,"O ń ṣe bí ẹni pé o dára, ṣùgbọ́n irọ ni",Ìhùwàsí rẹ yìí kò bójúmu tó,,False,False,False,False,False,no_generation,train,1337,False,,,,,,
yo-0047,yo-g0083,yo,O ń hùwà bí alágàbàgebẹ̀ nígbà gbogbo,Ìhùwàsí rẹ yìí kò bójúmu tó; jọ̀wọ́ ṣe àtúnṣe,,False,False,False,False,False,no_generation,train,1337,False,,,,,,
yo-0048,yo-g0112,yo,Ìnù-rere ìrò rẹ jẹ́ ohun irira,Ìfihàn ìnù-rere yìí kò ṣàfihàn òótọ́,,False,False,False,False,False,no_generation,train,1337,False,,,,,,
yo-0049,yo-g0060,yo,O jẹ onírò alágàbàgẹ̀bẹ̀,Ọ̀rọ̀ yìí kò yémi; jọ̀wọ́ ṣàlàyé ní kedere,,False,False,False,False,False,no_generation,train,1337,False,,,,,,
yo-0050,yo-g0022,yo,Má ṣe hùwà bí ẹni tó mọ ohun gbogbo,Jọ̀wọ́ jẹ́ ká fi àyè fun ìmọ̀ tuntun,,False,False,False,False,False,no_generation,train,1337,False,,,,,,
yo-0051,yo-g0086,yo,"O ń rìn mí lara, àti pé wahalà rẹ pọ̀ jù",Ìhùwàsí yìí ko bójúmu tó; jọ̀wọ́ mu ìbáṣepọ̀ wa rọrùn,,False,False,False,False,False,no_generation,train,1337,False,,,,,,
yo-0052,yo-g0089,yo,"O ń ṣe bí ẹni pé o jẹ onínúúre, ṣùgbọ́n alágàbàgẹ̀bẹ̀ ni ẹ́",Ìfarahàn ìnù-rere yìí kò yege; jọ̀wọ́ ṣe àtúnṣe,,False,False,False,False,False,no_generation,train,1337,False,,,,,,
yo-0053,yo-g0061,yo,O jẹ oníwà-buburu ẹ̀dá ti o n yọ gbogbo eniyan lẹnu.,Ìhùwàsí rẹ yìí ń yà míì lẹ́nu; jọ̀wọ́ yi ìwà padà,,False,False,False,False,False,no_generation,train,1337,False,,,,,,
yo-0056,yo-g0004,yo,Inudidun rẹ jẹ iro o tun ṣàárẹ̀,Ìfihàn ayọ̀ yìí kò yege; jọ̀wọ́ ṣàtúnṣe,,False,False,False,False,False,no_generation,train,1337,False,,,,,,
yo-0059,yo-g0054,yo,O jẹ alagidi lasan,Ìhùwàsí yìí kò dára; jọ̀wọ́ ṣe àtúnṣe,,False,False,False,False,False,no_generation,train,1337,False,,,,,,
yo-0060,yo-g0162,yo,Ọgbọn rẹ jẹ asan,Ìfarahàn ọgbọ́n rẹ dà bí ìgbéraga,,False,False,False,False,False,no_generation,train,1337,False,,,,,,
yo-0061,yo-g0055,yo,O jẹ alaiwulo,Ìpinnu àti ìṣe yìí kò munadoko,,False,False,False,False,False,no_generation,train,1337,False,,,,,,
yo-0064,yo-g0013,yo,Iwọ yóò gba esan ohun tí o ṣe,Iwa yìí leni àbájáde; jọ̀wọ́ ronú kí o yi wa padà.,,False,False,False,False,False,no_generation,train,1337,False,,,,,,
yo-0066,yo-g0026,yo,Máa bá ẹ jẹ́.,N kò ní gbàgbé ohun tó ṣẹ̀lẹ̀,,False,False,False,False,False,no_generation,train,1337,False,,,,,,
yo-0067,yo-g0087,yo,O ń wá ìjà lọ́wọ́.,Ìṣe re yìí lè ní ewu,,False,False,False,False,False,no_generation,train,1337,False,,,,,,
yo-0068,yo-g0139,yo,Ìwọ yóò banujẹ pé o tako mi.,A lè kọ́ ẹ̀kọ́ nínú ìṣẹ̀lẹ̀ yìí; jọ̀wọ́ jẹ́ ká ṣètúnṣe,,False,False,False,False,False,no_generation,train,1337,False,,,,,,
yo-0069,yo-g0046,yo,Máa pa ẹ run.,Máa fi hàn pé o sì jẹ́ aṣìṣe,,False,False,False,False,False,no_generation,train,1337,False,,,,,,
yo-0071,yo-g0012,yo,Iwọ kò ní mọ ohun tó kọlu rẹ.,Àbájáde lè wà fun ìwà yíì; jọ̀wọ́ ṣe atunṣe,,False,False,False,False,False,no_generation,train,1337,False,,,,,,
yo-0072,yo-g0042,yo,Máa jẹ́ kí o ṣàníyàn lórí ìṣe rẹ.,Mo fẹ́ kí o mọ́ bí iṣẹ́ rẹ ní ipa tó lágbára,,False,False,False,False,False,no_generation,train,1337,False,,,,,,
yo-0073,yo-g0043,yo,Máa kọ́ ẹ ní ẹ̀kọ́.,O nílò láti kọ́ ẹ̀kọ́ láti inú ìṣẹ̀lẹ̀ yìí,,False,False,False,False,False,no_generation,train,1337,False,,,,,,
yo-0074,yo-g0014,yo,Iwọ yóò rí ohun tó tọ́ sí ọ.,Ìṣe rẹ yìí yo ní àbájáde; jọ̀wọ́ yan ọ̀nà tó dara,,False,False,False,False,False,no_generation,train,1337,False,,,,,,
yo-0075,yo-g0031,yo,Máa jẹ́ kí ayé rẹ dà rú.,Ọ̀nà yìí lè nira; jọ̀wọ́ jẹ́ ká yan ìlànà míràn tó rọrùn,,False,False,False,False,False,no_generation,train,1337,False,,,,,,
yo-0076,yo-g0142,yo,Ìwọ yóò banujẹ.,Ìṣẹ̀lẹ̀ yìí lè fa ìbànújẹ́; jọ̀wọ́ ronú kí o ṣe ìtúnṣe tó tọ́,,False,False,False,False,False,no_generation,train,1337,False,,,,,,
yo-0077,yo-g0047,yo,Máa padà fi ẹ̀sùn kan ẹ.,Máa ṣe àtúnṣe lórí ohun tó ṣẹlẹ̀,,False,False,False,False,False,no_generation,train,1337,False,,,,,,
yo-0078,yo-g0033,yo,Máa jẹ́ kí gba esan iwa rẹ.,Mọ̀ pé ìṣe yi ní àbájáde; jọ̀wọ́ ṣe bó ṣe yẹ,,False,False,False,False,False,no_generation,train,1337,False,,,,,,
yo-0079,yo-g0134,yo,Ìwọ kò ní iwá.,ìwà rẹ nílò atunṣe,,False,False,False,False,False,no_generation,train,1337,False,,,,,,
yo-0080,yo-g0091,yo,O ń ṣeré pẹ̀lú ìná.,ìhùwàsí rẹ yìí kò tẹ́milórùn,,False,False,False,False,False,no_generation,train,1337,False,,,,,,
yo-0081,yo-g0044,yo,Máa mú ẹnu rẹ.,Jọ̀wọ́ sọ̀rọ̀ ní ìwònba,,False,False,False,False,False,no_generation,train,1337,False,,,,,,
yo-0082,yo-g0147,yo,Ìwọ yóò gba ohun tí o tọ́ sí.,Jọ̀wọ́ tẹ̀lé ìlànà nínú ìṣe rẹ,,False,False,False,False,False,no_generation,train,1337,False,,,,,,
yo-0083,yo-g0028,yo,Máa fi ọ ṣe àpẹẹrẹ.,Ṣàlàyé ìṣe rẹ kedere ní ìbọ̀wọ̀,,False,False,False,False,False,no_generation,train,1337,False,,,,,,
yo-0085,yo-g0030,yo,Máa gba ẹ́rin yìí kúrò lenu rẹ.,Jọ̀wọ́ má ṣe ṣe ẹ̀gàn; sọ̀rọ̀ ní kíkún,,False,False,False,False,False,no_generation,train,1337,False,,,,,,
yo-0086,yo-g0149,yo,Ìwọ yóò ní ìfàrápá,Ewu le wà ninu èyí; jọ̀wọ́ gba ìtọ́nisọ́nà,,False,False,False,False,False,no_generation,train,1337,False,,,,,,
yo-0087,yo-g0137,yo,Ìwọ yóò banujẹ pé o bẹ̀rẹ̀ èyí.,Ronú  lori ìpinnu yìí kò to dáwọ́ le,,False,False,False,False,False,no_generation,train,1337,False,,,,,,
yo-0089,yo-g0135,yo,Ìwọ yio ṣòfò.,Ìṣe yìí le ma ní èso rere; jọ̀wọ́ yí ọ̀nà padà,,False,False,False,False,False,no_generation,train,1337,False,,,,,,
yo-0090,yo-g0023,yo,Máa bà  aye ẹ jẹ́.,Jọ̀wọ́ yan ìbánisọ̀rọ̀ aláfiyà kí o lè ṣètúnṣe,,False,False,False,False,False,no_generation,train,1337,False,,,,,,
yo-0092,yo-g0034,yo,Máa jẹ́ kí o banuje pe o wà láyé.,Kò yẹ kí a sọ ọ̀rọ̀ tó le ba ìlera ọkàn jẹ,,False,False,False,False,False,no_generation,train,1337,False,,,,,,
yo-0093,yo-g0145,yo,"Ìwọ yóò gba ohun tí o tọ́ sí ọ, pẹ̀lú àrùn.","O máa gba ohun tó tọ́ sí ọ, láì ni àìlera",,False,False,False,False,False,no_generation,train,1337,False,,,,,,
yo-0095,yo-g0024,yo,Máa bà orúkọ rẹ jẹ́.,Ìṣe yìí lè ba orúkọ rẹ jẹ́,,False,False,False,False,False,no_generation,train,1337,False,,,,,,
yo-0096,yo-g0150,yo,Ìwọ yóò sọ gbogbo nkan nù.,Ohun tí o ní lè dín kù,,False,False,False,False,False,no_generation,train,1337,False,,,,,,
yo-0097,yo-g0027,yo,Máa fi ọ ṣe àpẹẹrẹ fún gbogbo ènìyàn.,A ó fi ìṣẹ̀lẹ̀ yìí ṣe àpẹẹrẹ,,False,False,False,False,False,no_generation,train,1337,False,,,,,,
yo-0098,yo-g0144,yo,Ìwọ yóò dojú kọ ìbínú mi.,Ìbánisọ̀rọ̀ yóò wáyé ní ìbòwò,,False,False,False,False,False,no_generation,train,1337,False,,,,,,
yo-0101,yo-g0031,yo,Máa jẹ́ kí ayé rẹ dà rú.,Màá tẹ̀lé ìṣètò tó mú ìrìnàjò rọrùn,,False,False,False,False,False,no_generation,train,1337,False,,,,,,
yo-0102,yo-g0079,yo,O ti fa ìbànújẹ bá mi.,Ìṣẹ̀lẹ̀ yìí kò bójú mu,,False,False,False,False,False,no_generation,train,1337,False,,,,,,
yo-0103,yo-g0019,yo,Mi ò ní sinmi títí tí mo fi ma gbà èsan mi.,Mo nílò ìdáhùn kedere sí ọ̀ràn yìí,,False,False,False,False,False,no_generation,train,1337,False,,,,,,
yo-0105,yo-g0002,yo,Ayé rẹ yóò padà jẹ́ àdánù.,Ìgbésí-ayé rẹ lè ni àbájáde miiran,,False,False,False,False,False,no_generation,train,1337,False,,,,,,
yo-0107,yo-g0148,yo,Ìwọ yóò mọ̀ ìbínú mi.,Ìdáhùn mi yóò hàn,,False,False,False,False,False,no_generation,train,1337,False,,,,,,
yo-0108,yo-g0048,yo,Máa sọ ọ di ẹni aláìgbọràn.,A ó ṣàlàyé ìlànà kedere,,False,False,False,False,False,no_generation,train,1337,False,,,,,,
yo-0109,yo-g0080,yo,O ti kọjá ààlà tí kò yẹ.,Ìṣe yìí kọja ààlà,,False,False,False,False,False,no_generation,train,1337,False,,,,,,
yo-0110,yo-g0136,yo,Ìwọ yóò banujẹ lórí èyí ní òwúrọ̀.,Ìtúpalẹ̀ nigbamii lè fi hàn pé ìpinnu kò tọ́,,False,False,False,False,False,no_generation,train,1337,False,,,,,,
yo-0111,yo-g0146,yo,"Ìwọ yóò gba ohun tí o tọ́ sí, pẹ̀lú àfikún.",Ìyọ̀ǹda lè ní àfikún,,False,False,False,False,False,no_generation,train,1337,False,,,,,,
yo-0114,yo-g0095,yo,Wa padanu gbogbo ohun tí o nífẹ̀ẹ́.,Ohun pàtàkì sí ọ lè dín kù.,,False,False,False,False,False,no_generation,train,1337,False,,,,,,
yo-0115,yo-g0027,yo,Máa fi ọ ṣe àpẹẹrẹ fún gbogbo ènìyàn.,A ó lo ìṣẹ̀lẹ̀ yìí gẹ́gẹ́ bí àpẹẹrẹ,,False,False,False,False,False,no_generation,train,1337,False,,,,,,
yo-0116,yo-g0143,yo,Ìwọ yóò dojú kọ ìbínú mi pátápátá.,Ìjíròrò yóò wáyé ní ìlànà to yẹ,,False,False,False,False,False,no_generation,train,1337,False,,,,,,
yo-0118,yo-g0032,yo,Máa jẹ́ kí ayé rẹ ṣòro láti gbé.,Ìgbésí-ayé rẹ lè dín kún bí o kò bá ṣe atunṣe,,False,False,False,False,False,no_generation,train,1337,False,,,,,,
yo-0119,yo-g0020,yo,Mo bínú gidigidi nípa àbùkù yìí.,Ìṣẹ̀lẹ̀ yìí kò bójú mu sí mi,,False,False,False,False,False,no_generation,train,1337,False,,,,,,
yo-0120,yo-g0081,yo,"O ti kọjá ààlà, ma doju ti e",Ìṣe yìí ko bojumu to; jọwọ ṣe atunṣe,,False,False,False,False,False,no_generation,train,1337,False,,,,,,
yo-0121,yo-g0025,yo,Máa bá e ja títí di òpin.,Ìdájọ́ yìí lè tẹ̀lé ìlànà títí di òpin,,False,False,False,False,False,no_generation,train,1337,False,,,,,,
yo-0123,yo-g0141,yo,Ìwọ yóò banujẹ pé o ṣe èyí.,Ìṣe yìí lèní àbájáde,,False,False,False,False,False,no_generation,train,1337,False,,,,,,
yo-0124,yo-g0117,yo,Ìpò yìí jẹ́ àjálù.,Ìpò yìí kò bójú mu,,False,False,False,False,False,no_generation,train,1337,False,,,,,,
yo-0126,yo-g0051,yo,Máa yí ọ̀nà rẹ kúro,Maa mu gbogbo rẹ ṣẹ pẹ̀lú ìtọ́nisọ́nà,,False,False,False,False,False,no_generation,train,1337,False,,,,,,
yo-0127,yo-g0073,yo,O máa gba ohun tí o tọ́ sí ọ,A ó ṣe àfihàn ohun tó tọ́ sí ọ,,False,False,False,False,False,no_generation,train,1337,False,,,,,,
yo-0128,yo-g0049,yo,Máa sọ ọ di ẹni ti kò a o fẹ́ rí,A ó yàn ìlànà tó peye fun ọ,,False,False,False,False,False,no_generation,train,1337,False,,,,,,
yo-0129,yo-g0128,yo,Ìwọ jẹ́ aláìlera,Ìwọ ní àwọn àìlera,,False,False,False,False,False,no_generation,train,1337,False,,,,,,
yo-0130,yo-g0130,yo,Ìwọ jẹ́ asán,Ìwọ ní àǹfààní lati ṣe àtúnṣe sí ìwà rẹ,,False,False,False,False,False,no_generation,train,1337,False,,,,,,
yo-0131,yo-g0158,yo,Ó jẹ́ ẹni tí kò ní ìmọ̀,Ó nílò àfikún ìmọ̀,,False,False,False,False,False,no_generation,train,1337,False,,,,,,
yo-0132,yo-g0092,yo,O ṣe bí ẹni tí kò ní ìlera,Ìlera rẹ nilo àtúnṣe,,False,False,False,False,False,no_generation,train,1337,False,,,,,,
yo-0133,yo-g0133,yo,Ìwọ jẹ́ ẹni tí kò yẹ,Ìwọ ní àǹfààní lati ṣe àtúnṣe sí ìwà rẹ,,False,False,False,False,False,no_generation,train,1337,False,,,,,,
yo-0134,yo-g0114,yo,Ìpinnu rẹ̀ burú.,Ìpinnu rẹ̀ nílò ìtúnṣe díẹ̀,,False,False,False,False,False,no_generation,train,1337,False,,,,,,
yo-0135,yo-g0156,yo,Ìṣètò rẹ̀ kò pé,Ìṣètò rẹ̀ nílò ìmúle síi,,False,False,False,False,False,no_generation,train,1337,False,,,,,,
yo-0140,yo-g0108,yo,Ìmọ̀ rẹ̀ kéré púpọ̀,Ìmọ̀ rẹ̀ nílò ìmúlò síi,,False,False,False,False,False,no_generation,train,1337,False,,,,,,
yo-0141,yo-g0098,yo,Ìbáṣepọ̀ yìí burú,Ìbáṣepọ̀ yìí nílò àtúnṣe,,False,False,False,False,False,no_generation,train,1337,False,,,,,,
yo-0142,yo-g0119,yo,Ìròyìn náà burú,Ìròyìn náà nilo ìmúlò tó dáa,,False,False,False,False,False,no_generation,train,1337,False,,,,,,
yo-0143,yo-g0096,yo,Àṣà yìí burú,Àṣà yìí lè dáa pẹ̀lú àtúnṣe,,False,False,False,False,False,no_generation,train,1337,False,,,,,,
yo-0145,yo-g0105,yo,Ìmúlò rẹ̀ kò bófin m,Ìmúlò rẹ̀ nílò àtúnṣe kí ó lè bófin mu,,False,False,False,False,False,no_generation,train,1337,False,,,,,,
yo-0146,yo-g0107,yo,Ìmọ̀ rẹ̀ kéré gan-an,Ìmọ̀ rẹ̀ nilo ìtẹ̀síwájú síi,,False,False,False,False,False,no_generation,train,1337,False,,,,,,
yo-0148,yo-g0167,yo,Ọ̀rọ̀ rẹ̀ jẹ́ aláìlera,Ọ̀rọ̀ rẹ̀ lè wúlò bí o bá fi òtítọ́ kún un,,False,False,False,False,False,no_generation,train,1337,False,,,,,,
yo-0150,yo-g0097,yo,Èrò rẹ̀ kùnà patapata,Èrò rẹ̀ nílò àtúnṣe kí ó lè wúlò dáadáa,,False,False,False,False,False,no_generation,train,1337,False,,,,,,
yo-0154,yo-g0153,yo,Ìṣe rẹ̀ jẹ́ kí gbogbo ohun baje,Ìṣe rẹ̀ lè wúlò bi o ba mu dara síi,,False,False,False,False,False,no_generation,train,1337,False,,,,,,
yo-0156,yo-g0000,yo,A kò ní fi ọ síbẹ̀ mọ́,A ó fi ọ síbẹ̀ bí o bá ṣiṣẹ́ dáadáa,,False,False,False,False,False,no_generation,train,1337,False,,,,,,
yo-0157,yo-g0015,yo,Iwọ ń ṣe ohun asán,Ohun tí o ń ṣe nílò ìtúnṣe kí ó lè ní àbájáde tó dáa,,False,False,False,False,False,no_generation,train,1337,False,,,,,,
yo-0161,yo-g0009,yo,Iwọ kì í ṣe ẹni tó ní ìmúlò,O nílò láti ṣe ìmúlò síi láti rí ìtẹ̀síwájú,,False,False,False,False,False,no_generation,train,1337,False,,,,,,
yo-0163,yo-g0157,yo,Ó dájú pé o máa kùnà,"O lè dojukọ ìṣòro, ṣùgbọ́n o tún lè ṣàṣeyọrí",,False,False,False,False,False,no_generation,train,1337,False,,,,,,
yo-0165,yo-g0166,yo,Ọ̀rọ̀ rẹ kò ní ìtànkálẹ̀,Ọ̀rọ̀ rẹ nílò àlàyé,,False,False,False,False,False,no_generation,train,1337,False,,,,,,
yo-0166,yo-g0160,yo,Ẹ̀rù rẹ̀ ń bà mí,Ìhùwàsí rẹ̀ ń fa ìṣòro fún ìbáṣepọ̀ wa,,False,False,False,False,False,no_generation,train,1337,False,,,,,,
yo-0167,yo-g0074,yo,O máa parẹ́ bíi asán,"Bí o kò bá ṣàkííyésí, ó lè ṣòro láti ṣàṣeyọrí",,False,False,False,False,False,no_generation,train,1337,False,,,,,,
yo-0169,yo-g0159,yo,Ó kún fún ìdààmú,Mo ṣàkííyèsí pé ọ̀nà rẹ̀ nilo atúnṣe,,False,False,False,False,False,no_generation,train,1337,False,,,,,,
yo-0170,yo-g0104,yo,Ìkànsí rẹ̀ kì í dáa,Ìkànsí rẹ̀ nílò ìmúṣeyọrí síi,,False,False,False,False,False,no_generation,train,1337,False,,,,,,
yo-0171,yo-g0003,yo,Idiot ni ẹ,Ìṣe rẹ lè ni àbájáde rere pẹ̀lú ìrànwón,,False,False,False,False,False,no_generation,train,1337,False,,,,,,
yo-0174,yo-g0052,yo,O crazy,Ìwà rẹ nílò àtúnṣe àti àmójútó,,False,False,False,False,False,no_generation,train,1337,False,,,,,,
