pair_id,group_id,language,toxic_input,detox_reference,split,seed,model_id,checkpoint_path,decoding,generated_raw,generated,is_empty,has_sentinel,is_copy_of_input,is_copy_of_input_loose,matches_train_output,matches_frequent_train_output,matches_train_output_fuzzy,gen_char_len
am-0009,am-g0290,am,ከማነው አሁን ሚታገለው? ከወንድሙ? ወጣ ብሎ ጠላት አጥቅቶ ያቃል? መንደር ውስጥ ማንን ለማጥቃት? ቱልቱላ ብቻ,ከማነው አሁን ሚታገለው?  ከራስ ወንድም ጋር መታገል ምንም  ትርጉምና ውጤት የለውም፡፡,dev,42,google/mt5-base,models/mt5_detox_baseline/seed42,beam4,ማነው አሁን ሚታገለው? ከወንድሙ? ወጣ ብሎ ጠላት አጥቅቶ ያቃል? መንደር ውስጥ ማንን ለማጥቃት? ቱልቱላ ብቻ,ማነው አሁን ሚታገለው? ከወንድሙ? ወጣ ብሎ ጠላት አጥቅቶ ያቃል? መንደር ውስጥ ማንን ለማጥቃት? ቱልቱላ ብቻ,False,False,False,False,False,False,False,69
am-0046,am-g0037,am,ለነገሩ ደደብ ላይሰማ መለፍለፍ ትርፍ ነው እንጅ እነግርህ ነበር የዛፎቹ ቢጤ ነው እንዳንተ አይነቱ ጠማማ እንጨት ነው የሚቆርጣቸው,ነገሩን የምትረዳው ቢሆን እነግርህ ነበረ ፤ እንደዛፎቹ የተንጋደዱት ሌሎቹን ሊጎዱዋቸው ይችላሉ,dev,42,google/mt5-base,models/mt5_detox_baseline/seed42,beam4,ለነገሩ ደደብ ላይሰማ መለፍለፍ ትርፍ ነው እንጅ እነግርህ ነበር የዛፎቹ ቢጤ ነው እንደዛፎቹ ቢጤ ነው የሚቆርጣቸው,ለነገሩ ደደብ ላይሰማ መለፍለፍ ትርፍ ነው እንጅ እነግርህ ነበር የዛፎቹ ቢጤ ነው እንደዛፎቹ ቢጤ ነው የሚቆርጣቸው,False,False,False,False,False,False,False,72
am-0070,am-g0018,am,No more Ethiopian Trust Fund የሰብዓዊ መብትን አክብሮ ለሚያስከብር እንጂ ከህወሃት ብሶ ወገኖቻችንን እየፈጃ ተገዳደሉ እያለ ለሚሞዳሞድ አምባገነን ድንቡሎ አይ,No more Ethiopian Trust Fund የሰብዓዊ መብትን አክብሮ ለሚያስከብር እንጂ ለሌላ ቦታ የለንም,dev,42,google/mt5-base,models/mt5_detox_baseline/seed42,beam4,No more Ethiopian Trust Fund የሰብዓዊ መብትን አክብሮ ለሚያስከብር እንጂ ከህወሃት ብሶ ወገኖቻችንን እየፈጃ ተገዳደሉ እያለ ለሚሞዳሞድ አምባገነን ድንቡሎ አይ,No more Ethiopian Trust Fund የሰብዓዊ መብትን አክብሮ ለሚያስከብር እንጂ ከህወሃት ብሶ ወገኖቻችንን እየፈጃ ተገዳደሉ እያለ ለሚሞዳሞድ አምባገነን ድንቡሎ አይ,False,False,True,True,False,False,False,110
am-0108,am-g0363,am,ይህ ላንተና ለአስመሳይ ካድሬ ብቻ የሚሰራ ፕሮፖጋዳ ነው፡፡,ይህ ላንተና ለዳገፈዎቹ  ብቻ የሚሰራ ወሬ ነው፡፡,dev,42,google/mt5-base,models/mt5_detox_baseline/seed42,beam4,ይህ ላንተና ለአስመሳይ ካድሬ ብቻ የሚሰራ ፕሮፖጋዳ ነው፡፡,ይህ ላንተና ለአስመሳይ ካድሬ ብቻ የሚሰራ ፕሮፖጋዳ ነው፡፡,False,False,True,True,False,False,False,37
am-0126,am-g0369,am,ደህና ቤተሰብ ያለው ጉራጌ ጓደኛ አትይዥም . አመዳም የኔ አይነቱ ጋር ከምትዳረቂ,ደህና ቤተሰብ ያለው ጉራጌ ጓደኛ አትይዥም . እንደእኔ አይነቱ ድሀ ጋር ከምትዳረቂ,dev,42,google/mt5-base,models/mt5_detox_baseline/seed42,beam4,ደህና ቤተሰብ ያለው ጉራጌ ጓደኛ አትይዥም,ደህና ቤተሰብ ያለው ጉራጌ ጓደኛ አትይዥም,False,False,False,False,False,False,False,26
am-0130,am-g0360,am,ይሄም አንድ ማሳያ ነው አብይ (እስስት) ከትግራይ ህዝብ እና ከንብረቱ በላይ ለታንክ ያለው ፍቅር ከፍተኛ ነው። በተያያዘ ዜና ???? የትግራይ እናቶች ህፃናት እንባ ሲያ,ይሄም አንድ ማሳያ ነው አብይ  ለትግራይ ህዝብ እና ለንብረቱ  ያለው ፍቅር ከፍተኛ ነው። በተያያዘ ዜና ???? የትግራይ እናቶች ህፃናት,dev,42,google/mt5-base,models/mt5_detox_baseline/seed42,beam4,ይሄም አንድ ማሳያ ነው አብይ (እስስት) ከትግራይ ህዝብ እና ከንብረቱ በላይ ለታንክ ያለው ፍቅር ከፍተኛ ነው። በተያያዘ ዜና ???? የትግራይ እናቶች ህፃናት እንባ ሲያ,ይሄም አንድ ማሳያ ነው አብይ (እስስት) ከትግራይ ህዝብ እና ከንብረቱ በላይ ለታንክ ያለው ፍቅር ከፍተኛ ነው። በተያያዘ ዜና ???? የትግራይ እናቶች ህፃናት እንባ ሲያ,False,False,True,True,False,False,False,107
am-0161,am-g0386,am,ጌታቸው አሰፋ እንደ ጃል መሮ ነው የሞተው ወይስ የምር?,ጌታቸው አሰፋ ና ጃል መሮ  ምቱ እንዴ?,dev,42,google/mt5-base,models/mt5_detox_baseline/seed42,beam4,ጌታቸው አሰፋ እንደ ጃል መሮ ነው የሞተው ወይስ የምር?,ጌታቸው አሰፋ እንደ ጃል መሮ ነው የሞተው ወይስ የምር?,False,False,True,True,False,False,False,35
am-0164,am-g0279,am,እውነት ነው አባት እንደ ልጅ አይጨክንም . የዚህ አረመኔ ጭካኔ ግን በዛ,እውነት ነው አባት እንደ ልጅ አይጨክንም ምንም እንኩዋን የሱን ከዚህ ማንሳት ትንሽ ቢከብድም,dev,42,google/mt5-base,models/mt5_detox_baseline/seed42,beam4,እውነት ነው አባት እንደ ልጅ አይጨክንም . የዚህ ጭካኔ ግን በዛ,እውነት ነው አባት እንደ ልጅ አይጨክንም . የዚህ ጭካኔ ግን በዛ,False,False,False,False,False,False,False,41
am-0165,am-g0095,am,ሺ መጋረጃዎችን ብትጠቀም እውነትን አቀብራትም። ውሻ።,ብዙ ምክንያቶችን ብታስቀምጥም እውነት እውነት ናት።,dev,42,google/mt5-base,models/mt5_detox_baseline/seed42,beam4,ሺ መጋረጃዎችን ብትጠቀም እውነትን አቀብራትም።,ሺ መጋረጃዎችን ብትጠቀም እውነትን አቀብራትም።,False,False,False,False,False,False,False,29
am-0183,am-g0146,am,ታዲያ ለሱዳን ሲሆን እንደ ውሻ ጭራህን ቆልፈህ ቁጭ አልክ? የሚያግዝ የኢትዮጵያ ወታደር የሻቢያ ወታደር የሁሉም ክልሎች ልዩ ሀይል,ታዲያ ለሱዳን ሲሆን ለምን ዝም ማለት መረጥክ? የሚያግዝ የኢትዮጵያ ወታደር የኤርትራ ወታደር የሁሉም ክልሎች ልዩ ሀይል,dev,42,google/mt5-base,models/mt5_detox_baseline/seed42,beam4,ታዲያ ለሱዳን ሲሆን እንደ ውሻ ጭራህን ቆልፈህ ቁጭ አልክ? የሚያግዝ የኢትዮጵያ ወታደር የሻቢያ ወታደር የሁሉም ክልሎች ልዩ ሀይል,ታዲያ ለሱዳን ሲሆን እንደ ውሻ ጭራህን ቆልፈህ ቁጭ አልክ? የሚያግዝ የኢትዮጵያ ወታደር የሻቢያ ወታደር የሁሉም ክልሎች ልዩ ሀይል,False,False,True,True,False,False,False,82
am-0184,am-g0321,am,የሆንህ የታሪክ አተላና ገገማ ነህ  በጣም ነው የምታናድደን ኩበት,ነገሮች ቶሎ የሚገቡህ ጥሩ ሰው አደለህም ፤ ታናድዳለህ,dev,42,google/mt5-base,models/mt5_detox_baseline/seed42,beam4,የሆንህ የታሪክ አተላና ነህ በጣም ነው የምታናድደን ኩበት,የሆንህ የታሪክ አተላና ነህ በጣም ነው የምታናድደን ኩበት,False,False,False,False,False,False,False,36
am-0187,am-g0166,am,አስግረው እንደ አሳ፣ እንደ ውሻ እሰረው፤ ብሎ ለቆረጠ አሻራው ለጠፋ፣ ያለኔ ላለ ሰው፤ ቃል የለኝም እኔ መከራው ይምከረው።,መጠፎ ስራ የሰራና በሌላው ላይ የሚመኝ ዞሮ በራሱ ላይ ችግሩ መምጣቱ አይቀርም,dev,42,google/mt5-base,models/mt5_detox_baseline/seed42,beam4,አስግረው እንደ አሳ፣ እንደ ውሻ እሰረው፤ ብሎ ለቆረጠ አሻራው ለጠፋ፣ ያለኔ ላለ ሰው፤ ቃል የለኝም እኔ መከራው ይምከረው።,አስግረው እንደ አሳ፣ እንደ ውሻ እሰረው፤ ብሎ ለቆረጠ አሻራው ለጠፋ፣ ያለኔ ላለ ሰው፤ ቃል የለኝም እኔ መከራው ይምከረው።,False,False,True,True,False,False,False,78
am-0192,am-g0223,am,አወል አሎ ይህን ያህል የወረደ ሰብእና አለህ ብዬ ለማሰብ እንኳን ያቅተኛል። እውቀት ብቻውን ከንቱ ነው ለካ የምእራባውያንን ዲግሪዎች ሰብስቦ፣ ነገር ግን,አወል አሎ እንደዚህ አይነት ሰው ነህ ብዬ ለማሰብ እንኳን ያቅተኛል። እውቀት ብቻውን ብዙ ጥቅም የለውም ለካ የምእራባውያንን ዲአስተምህሮ ሰብስቦ፣ ነገር ግን,dev,42,google/mt5-base,models/mt5_detox_baseline/seed42,beam4,አወል አሎ ይህን ያህል የወረደ ሰብእና አለህ ብዬ ለማሰብ እንኳን ያቅተኛል። እውቀት ብቻውን ከንቱ ነው ለካ የምእራባውያንን ዲግሪዎች ሰብስቦ፣ ነገር ግን,አወል አሎ ይህን ያህል የወረደ ሰብእና አለህ ብዬ ለማሰብ እንኳን ያቅተኛል። እውቀት ብቻውን ከንቱ ነው ለካ የምእራባውያንን ዲግሪዎች ሰብስቦ፣ ነገር ግን,False,False,True,True,False,False,False,97
am-0213,am-g0211,am,አንቺ መተተኛ እዚህ ምን ታደርጊያለሽ? መጀመሪያ አንቺም መሪሽም መች እውነት ታውቃላችሁ,አንቺ ደግሞ እዚህ ምን ታደርጊያለሽ? መጀመሪያ አንቺም ሆነ መሪው መች እውነታውን ትናገላችሁ,dev,42,google/mt5-base,models/mt5_detox_baseline/seed42,beam4,አንቺ መተተኛ እዚህ ምን ታደርጊያለሽ? መጀመሪያ አንቺም መሪሽም መች እውነት ታውቃላችሁ,አንቺ መተተኛ እዚህ ምን ታደርጊያለሽ? መጀመሪያ አንቺም መሪሽም መች እውነት ታውቃላችሁ,False,False,True,True,False,False,False,55
am-0220,am-g0124,am,በጣም የማዝነው ያንተ ድክትርና ለዚህች ወልዳ ላሣደገችህ ሀገር ይህ ከሆነ አንተ የመጨረሻ ደደብ ወራዳ ሠው ነህ,ለዚህች ወልዳ ላሣደገችህ እና ላስተማረች ሀገር ካንተ የሚጠበቀው ይኸ አይደለም፡፡,dev,42,google/mt5-base,models/mt5_detox_baseline/seed42,beam4,በጣም የማዝነው ያንተ ድክትርና ለዚህች ወልዳ ላሣደገችህ ሀገር ይህ ከሆነ አንተ የመጨረሻ ወራዳ ሠው ነህ,በጣም የማዝነው ያንተ ድክትርና ለዚህች ወልዳ ላሣደገችህ ሀገር ይህ ከሆነ አንተ የመጨረሻ ወራዳ ሠው ነህ,False,False,False,False,False,False,False,66
am-0233,am-g0121,am,በዳንኤል ብርሃኔ ቁንጥጫ እና ግልምጫ በእንክብካቤ ያደገዉ የበፊቱ የhorn affair አምደኛ እና ተላላኪ፤ የዘንድሮዉ ሁሉን አዋቂ ተንታኝ አቶ ስዩም ተሾመ ወጥ አረገጠም ወይ??,ከእነ ዳንኤል ብርሃኔ ጋር በፊት በ horn affair አምደኛ ፤ አሁን ላይ ደግሞ የተለያዩ ጉዳዮችን ተንታኝ አቶ ስዩም ተሾመ አልተሳሳተም ወይ??,dev,42,google/mt5-base,models/mt5_detox_baseline/seed42,beam4,በዳንኤል ብርሃኔ ቁንጥጫ እና ግልምጫ በእንክብካቤ ያደገዉ የበፊቱ የhorn affair ተላላኪ፤ የዘንድሮዉ ሁሉን አዋቂ ተንታኝ አቶ ስዩም ተሾመ ወጥ አረገጠም ወይ??,በዳንኤል ብርሃኔ ቁንጥጫ እና ግልምጫ በእንክብካቤ ያደገዉ የበፊቱ የhorn affair ተላላኪ፤ የዘንድሮዉ ሁሉን አዋቂ ተንታኝ አቶ ስዩም ተሾመ ወጥ አረገጠም ወይ??,False,False,False,False,False,False,False,105
am-0239,am-g0150,am,ችግር ውስጥ ነን ብዬ ከማንም ኢንጌጅ አላደርግም ሰሞኑን ታውቃለህ መቼስ። ቀን ይቅርታ ሲጠይቅ ውሎ ማታ ልገንጠል ይላል? ነውር አይደለም?,ችግር ውስጥ እንዳለን ባላስብ ይሻላል፡፡ ሰሞኑን ደግሞ ቀን ላይ በጥሩ የይቅርታ መንፈስ ውሉ ማታ ላይ ስለመለያየት ያወራሉ፡፡,dev,42,google/mt5-base,models/mt5_detox_baseline/seed42,beam4,ችግር ውስጥ ነን ብዬ ከማንም ኢንጌጅ አላደርግም ሰሞኑን ታውቃለህ መቼስ። ቀን ይቅርታ ሲጠይቅ ውሎ ማታ ልገንጠል ይላል?,ችግር ውስጥ ነን ብዬ ከማንም ኢንጌጅ አላደርግም ሰሞኑን ታውቃለህ መቼስ። ቀን ይቅርታ ሲጠይቅ ውሎ ማታ ልገንጠል ይላል?,False,False,False,False,False,False,False,76
am-0247,am-g0047,am,ሐሳቡን ማሸነፍ ሲያቅታቸው አሳቢን ለማጥፋት ተነሱ፣አእምሮ ሲጎድላቸው ባለአእምሮውን ለማጨናገፍ ቆረጡ፣ ሀገር ወደ ዘመነ አብርሆት ስትጓዝ እነሱ ተቃራኒውን መረጡ፣,ሐሳቡን ማሸነፍ ሲያቅታቸው አሳቢን ለማደናቀፍ ተንቀሳቀሱ ፤ ሀገር ወደ ዘመነ አብርሆት ስትጓዝ እነሱ ተቃራኒውን መረጡ፣,dev,42,google/mt5-base,models/mt5_detox_baseline/seed42,beam4,ሐሳቡን ማሸነፍ ሲያቅታቸው አሳቢን ለማጥፋት ተነሱ፣አእምሮ ሲጎድላቸው ባለአእምሮውን ለማጨናገፍ ቆረጡ፣ ሀገር ወደ ዘመነ አብርሆት ስትጓዝ እነሱ ተቃራኒውን መረጡ፣ ሀገር ወደ ዘመነ አብርሆት ስትጓዝ እነሱ ተቃራኒውን መረጡ,ሐሳቡን ማሸነፍ ሲያቅታቸው አሳቢን ለማጥፋት ተነሱ፣አእምሮ ሲጎድላቸው ባለአእምሮውን ለማጨናገፍ ቆረጡ፣ ሀገር ወደ ዘመነ አብርሆት ስትጓዝ እነሱ ተቃራኒውን መረጡ፣ ሀገር ወደ ዘመነ አብርሆት ስትጓዝ እነሱ ተቃራኒውን መረጡ,False,False,False,False,False,False,False,139
am-0268,am-g0168,am,አቤት ከተቀደዱ አይቀር እንደ አሉላ ነው። ምንድነው የሚያጨሰው በማርያም,አቤት አሉላ እንዴት ነው የሚያጋንነው ፡፡ ምንድነው እንዲህ የሚያናግረው,dev,42,google/mt5-base,models/mt5_detox_baseline/seed42,beam4,አቤት ከተቀደዱ አይቀር እንደ አሉላ ነው። ምንድነው የሚያጨሰው በማርያም,አቤት ከተቀደዱ አይቀር እንደ አሉላ ነው። ምንድነው የሚያጨሰው በማርያም,False,False,True,True,False,False,False,45
am-0294,am-g0378,am,ድሮም ጉራ ብቻ ሆና ነው እንጂ እዚሁ ብትቀመጥ ኖሮ፣ ይሄ ሁላ አይደርስባትን ነበር።,ድሮም ሰዉ የሚላትን አልሰማ ብላ ነው እንጂ እዚሁ ብትቀመጥ ኖሮ፣ ይሄ ሁላ አይደርስባትን ነበር።,dev,42,google/mt5-base,models/mt5_detox_baseline/seed42,beam4,ድሮም ብቻ ሆና ነው እንጂ እዚሁ ብትቀመጥ ኖሮ፣ ይሄ ሁላ አይደርስባትን ነበር።,ድሮም ብቻ ሆና ነው እንጂ እዚሁ ብትቀመጥ ኖሮ፣ ይሄ ሁላ አይደርስባትን ነበር።,False,False,False,False,False,False,False,50
am-0297,am-g0046,am,ልደቱ እንኳን ታሰረ ነዉ የምለዉ ከዚህ በኋላ ንቅናቄ እና ግንባር አያስፈልግም via,ልደቱ  ወደ መረፊያ ቤት ተወሰደ:: ከዚህ በኋላ ንቅናቄ እና ግንባር አያስፈልግም ተብሎ,dev,42,google/mt5-base,models/mt5_detox_baseline/seed42,beam4,አንኳን ታሰረ ነዉ የምለዉ ከዚህ በኋላ ንቅናቄ እና ግንባር አያስፈልግም,አንኳን ታሰረ ነዉ የምለዉ ከዚህ በኋላ ንቅናቄ እና ግንባር አያስፈልግም,False,False,False,False,False,False,False,45
am-0300,am-g0227,am,አይ እስከሚቀጥለው ክሪስትማስ ይቆያል እንጂ ለምን ይነሳል ልበልህ? ዱቄታም??????,አይ እስከሚቀጥለው ክሪስትማስ ይቆያል እንጂ ለምን ይነሳል ልበልህ ?,dev,42,google/mt5-base,models/mt5_detox_baseline/seed42,beam4,አይ እስከሚቀጥለው ክሪስትማስ ይቆያል እንጂ ለምን ይነሳል ልበልህ?,አይ እስከሚቀጥለው ክሪስትማስ ይቆያል እንጂ ለምን ይነሳል ልበልህ?,False,False,False,False,False,False,False,42
am-0312,am-g0109,am,በምን ኢሳብ ነው ይንን ወራዳ ባንዳ (ካድሬ) አባት ብለህ የምትጠራው,በምን ሂሳብ ነው ይንን የፖለቲካ ሹም አባት ብለህ የምትጠራው,dev,42,google/mt5-base,models/mt5_detox_baseline/seed42,beam4,በምን ኢሳብ ነው ይንን አባት ብለህ የምትጠራው,በምን ኢሳብ ነው ይንን አባት ብለህ የምትጠራው,False,False,False,False,False,False,False,29
am-0314,am-g0056,am,መንግስቱን/ደርግን እንደ reference/benchmark መጠቀም መቼ ነው የተጀመረው?ከተጀመረስ ለሷ ብቻ ለምን ይሰራል?እንደውም ስለአባቷ ሰው በላነት ሳይሆን ለምን አትደግፈውም ይቺ,መንግስቱን እንደ reference/benchmark መጠቀም መቼ ነው የተጀመረው?ከተጀመረስ ለሷ ብቻ ለምን ይሰራል? ከፈለገች ለምን በደንብ አትደግፈውም,dev,42,google/mt5-base,models/mt5_detox_baseline/seed42,beam4,መንግስቱን/ደርግን እንደ reference/benchmark መጠቀም መቼ ነው የተጀመረው?ከተጀመረስ ለሷ ብቻ ለምን ይሰራል?እንደውም ስለአባቷ ሰው በላነት ሳይሆን ለምን አትደግፈውም ይቺ,መንግስቱን/ደርግን እንደ reference/benchmark መጠቀም መቼ ነው የተጀመረው?ከተጀመረስ ለሷ ብቻ ለምን ይሰራል?እንደውም ስለአባቷ ሰው በላነት ሳይሆን ለምን አትደግፈውም ይቺ,False,False,True,True,False,False,False,115
am-0315,am-g0283,am,እየህ አንተ የፕሮፖጋንዳ ሰለባ ነህ የፕሮፖጋንዳ ሰለባ ለመሆን ደሞ እንዳንተ ደደብ እና ደንቆሮ መሆን ብቻ ነው ሚጠበቅብህ ለማንኛውም ጀግኖ,አንተ ባለማስተዋልህ የፕሮፓጋንዳ መጠቀሚያ ሆነሀል፡፡,dev,42,google/mt5-base,models/mt5_detox_baseline/seed42,beam4,እየህ አንተ የፕሮፖጋንዳ ሰለባ ነህ የፕሮፖጋንዳ ሰለባ ለመሆን ደሞ እንዳንተ ደደብ እና ደንቆሮ መሆን ብቻ ነው ሚጠበቅብህ ለማንኛውም ጀግኖ,እየህ አንተ የፕሮፖጋንዳ ሰለባ ነህ የፕሮፖጋንዳ ሰለባ ለመሆን ደሞ እንዳንተ ደደብ እና ደንቆሮ መሆን ብቻ ነው ሚጠበቅብህ ለማንኛውም ጀግኖ,False,False,True,True,False,False,False,88
am-0352,am-g0297,am,ከአብይ አህመድ ከሚባል አውሬ ጋር ተባባሪ ስለሆንሽ አንድ ቀን ትጠየቂያለሽ። እንዴት ህሊናሽ ፈቀደልሽ? ባይበላስ ቢቀር?,ከእርሱ ጋር ተባብረሽ  በመስራትሽ  አንድ ቀን ተጠያቂ ልትሆኝ እንደምትችይ ማወቅ አለብሽ ፡፡,dev,42,google/mt5-base,models/mt5_detox_baseline/seed42,beam4,ከአብይ አህመድ ከሚባል አውሬ ጋር ተባባሪ ስለሆንሽ አንድ ቀን ትጠየቂያለሽ። እንዴት ህሊናሽ ፈቀደልሽ? ባይበላስ ቢቀር?,ከአብይ አህመድ ከሚባል አውሬ ጋር ተባባሪ ስለሆንሽ አንድ ቀን ትጠየቂያለሽ። እንዴት ህሊናሽ ፈቀደልሽ? ባይበላስ ቢቀር?,False,False,True,True,False,False,False,76
am-0385,am-g0137,am,ቦቅቧቃ እንደአንተ አይነቱን ታድዮስ ታንቱ በመድረክ አስነጥሶ ይዘርራል። እዚህ እንዴት እንደደረስክ የካድክ ውለታ ቢስ መሆንህን የሚያሳየ,አንተን ታድዮስ ታንቱ በመድረክ የሀሳብ ፍጭት በደንብ ያሳምናል። ዛሬ ላይ እንዴት እንደደረስክ ሳታምን መምጣትህን,dev,42,google/mt5-base,models/mt5_detox_baseline/seed42,beam4,ቦቅቧቃ እንደአንተ አይነቱን ታድዮስ ታንቱ በመድረክ አስነጥሶ ይዘርራል። እዚህ እንዴት እንደደረስክ የካድክ ውለታ ቢስ መሆንህን የሚያሳየ,ቦቅቧቃ እንደአንተ አይነቱን ታድዮስ ታንቱ በመድረክ አስነጥሶ ይዘርራል። እዚህ እንዴት እንደደረስክ የካድክ ውለታ ቢስ መሆንህን የሚያሳየ,False,False,True,True,False,False,False,86
ar-0013,ar-g0018,ar,أنت مختل عقلبا ؟,أليس لديك عقل؟,dev,42,google/mt5-base,models/mt5_detox_baseline/seed42,beam4,أنت مختل عقلبا ؟,أنت مختل عقلبا ؟,False,False,True,True,False,False,False,16
ar-0033,ar-g0219,ar,قسم بالله اغبى قرار تحكيمي شفته بحياتي يلعن ابوك ياكلب,قسم بالله اغبى قرار تحكيمي شفته بحياتي,dev,42,google/mt5-base,models/mt5_detox_baseline/seed42,beam4,قسم بالله اغبى قرار تحكيمي شفته بحياتي,قسم بالله اغبى قرار تحكيمي شفته بحياتي,False,False,False,False,False,False,False,38
ar-0039,ar-g0114,ar,اي والله هو غبي اخاف يشله السيل بقوله ينتبه 🥵,اي والله اخاف يشله السيل بقوله ينتبه 🥵,dev,42,google/mt5-base,models/mt5_detox_baseline/seed42,beam4,اي والله هو اخاف يشله السيل بقوله ينتبه 🥵,اي والله هو اخاف يشله السيل بقوله ينتبه 🥵,False,False,False,False,False,False,False,41
ar-0049,ar-g0154,ar,حد يقع في نفس الغلط مرتين؟ انت اهبل يابني؟ *وانا رايح عن الغلط البيت*,حد يقع في نفس الغلط مرتين؟ انت ما تفكر يابني؟ *وانا رايح عن الغلط البيت*,dev,42,google/mt5-base,models/mt5_detox_baseline/seed42,beam4,حد يقع في نفس الغلط مرتين؟ انت اهبل يابني؟ *وانا رايح عن الغلط البيت*,حد يقع في نفس الغلط مرتين؟ انت اهبل يابني؟ *وانا رايح عن الغلط البيت*,False,False,True,True,False,False,False,69
ar-0062,ar-g0024,ar,أوه، شيء آخر، عندما يتعلق الأمر بالحياة قبل التاريخ، يا رفاق انتم أغبياء!,أوه، شيء آخر، عندما يتعلق الأمر بالحياة قبل التاريخ، يا رفاق ليستم أذكياء .,dev,42,google/mt5-base,models/mt5_detox_baseline/seed42,beam4,أوه، شيء آخر، عندما يتعلق الأمر بالحياة قبل التاريخ، انتم أغبياء!,أوه، شيء آخر، عندما يتعلق الأمر بالحياة قبل التاريخ، انتم أغبياء!,False,False,False,False,False,False,False,65
ar-0083,ar-g0283,ar,ماشي يا اقرع مقبوله منك,ماشي مقبوله منك,dev,42,google/mt5-base,models/mt5_detox_baseline/seed42,beam4,ماشي يا اقرع مقبوله منك,ماشي يا اقرع مقبوله منك,False,False,True,True,False,False,False,23
ar-0104,ar-g0238,ar,لأنك انسان مخنوث لو انت رجال ما تذكر العار لكن خذ لك رد شافي وتحياتي لما تقعون رجال وتعتمدو,لأنك انسان غير سوي لو انت رجال ما تذكر العار لكن خذ لك رد شافي وتحياتي لما تقعون رجال وتعتمدو,dev,42,google/mt5-base,models/mt5_detox_baseline/seed42,beam4,لأنك انسان ما تذكر العار لكن خذ لك رد شافي وتحياتي لما تقعون رجال وتعتمدو,لأنك انسان ما تذكر العار لكن خذ لك رد شافي وتحياتي لما تقعون رجال وتعتمدو,False,False,False,False,False,False,False,73
ar-0127,ar-g0396,ar,يلعن امك سيدي الحكم هههههه,سيدي الحكم هههههه,dev,42,google/mt5-base,models/mt5_detox_baseline/seed42,beam4,يلعن امك سيدي الحكم,يلعن امك سيدي الحكم,False,False,False,False,False,False,False,19
ar-0156,ar-g0226,ar,كفايه تقديس للاعبين القدامى والله كانو عبط درجه اولى,كفايه تقديس للاعبين القدامى والله كانو مبتدئين درجه اولى,dev,42,google/mt5-base,models/mt5_detox_baseline/seed42,beam4,كفايه تقديس للاعبين القدامى والله كانو عبط درجه اولى,كفايه تقديس للاعبين القدامى والله كانو عبط درجه اولى,False,False,True,True,False,False,False,52
ar-0165,ar-g0196,ar,عاش حياة فارغة وبائسة .,عاش حياة فارغة ومثيرة للشفقة.,dev,42,google/mt5-base,models/mt5_detox_baseline/seed42,beam4,عاش حياة فارغة وبائسة .,عاش حياة فارغة وبائسة .,False,False,True,True,False,False,False,23
ar-0179,ar-g0387,ar,يالييييييييل نادي متخلف ادفعوله ال٥ مليون وفكوا امنا لازم كل موسم قبل مباراه الهلال تخربونهااااا,يالييييييييل نادي مبتدئ ادفعوله ال٥ مليون وفكوا امنا لازم كل موسم قبل مباراه الهلال تخربونهااااا,dev,42,google/mt5-base,models/mt5_detox_baseline/seed42,beam4,يالييييييل نادي متخلف ادفعوله ال٥ مليون وفكوا امنا لازم كل موسم قبل مباراه الهلال تخربونهااااا,يالييييييل نادي متخلف ادفعوله ال٥ مليون وفكوا امنا لازم كل موسم قبل مباراه الهلال تخربونهااااا,False,False,False,False,False,False,False,94
ar-0187,ar-g0117,ar,بس اذا كان زنجي لا تزوجه القبائل لعدم تكافوء النسب,بس اذا كان إفريقي لا تزوجه القبائل لعدم تكافوء النسب,dev,42,google/mt5-base,models/mt5_detox_baseline/seed42,beam4,بس اذا كان زنجي لا تزوجه القبائل لعدم تكافوء النسب,بس اذا كان زنجي لا تزوجه القبائل لعدم تكافوء النسب,False,False,True,True,False,False,False,50
ar-0189,ar-g0009,ar,أقرباء ميامي و هافانا الصغار مجانين بما يكفي ليفعلوا هذا,إن أقرباء ميامي أي أهل مكة وهافانا الصغير أي أهل مكة يستطيعون ذلك أي جزاءه.,dev,42,google/mt5-base,models/mt5_detox_baseline/seed42,beam4,أقرباء ميامي و هافانا الصغار مجانين بما يكفي ليفعلوا هذا,أقرباء ميامي و هافانا الصغار مجانين بما يكفي ليفعلوا هذا,False,False,True,True,False,False,False,56
ar-0220,ar-g0167,ar,ده قصر قردوغان الجديد، عامل فيه حمام سباحة اوليمبي مسميه البحر المتوسط وقاعد عمال يحط بلوكات فيه وكاتب عليها بتاعتي,ده قصر أردوغان الجديد، عامل فيه حمام سباحة اوليمبي مسميه البحر المتوسط وقاعد عمال يحط بلوكات فيه وكاتب عليها بتاعتي,dev,42,google/mt5-base,models/mt5_detox_baseline/seed42,beam4,ده قصر قردوغان الجديد، عامل فيه حمام سباحة اوليمبي مسميه البحر المتوسط وقاعد عمال يحط بلوكات فيه وكاتب عليها بتاعتي,ده قصر قردوغان الجديد، عامل فيه حمام سباحة اوليمبي مسميه البحر المتوسط وقاعد عمال يحط بلوكات فيه وكاتب عليها بتاعتي,False,False,True,True,False,False,False,115
ar-0228,ar-g0141,ar,تقتلوا النساء وتسجنونه وتقولوا انكم يمنيون لعنة الله عليكم يا متوردين,تقتلوا النساء وتسجنونه وتقولوا انكم يمنيون,dev,42,google/mt5-base,models/mt5_detox_baseline/seed42,beam4,تقتلوا النساء وتسجنونه وتقولوا انكم يمنيون,تقتلوا النساء وتسجنونه وتقولوا انكم يمنيون,False,False,False,False,False,False,False,42
ar-0257,ar-g0330,ar,هذا كل مايهمكم لعنة الله عليكم جميعا البلاد تغرق وأنتم مشغولين بمواقع التواصل,هذا كل مايهمكم البلاد تغرق وأنتم مشغولين بمواقع التواصل,dev,42,google/mt5-base,models/mt5_detox_baseline/seed42,beam4,هذا كل مايهمكم لعنة الله عليكم جميعا البلاد تغرق وأنتم مشغولين بمواقع التواصل,هذا كل مايهمكم لعنة الله عليكم جميعا البلاد تغرق وأنتم مشغولين بمواقع التواصل,False,False,True,True,False,False,False,77
ar-0280,ar-g0045,ar,احمد ربك انا اصحى من النوم المطر يخلص الله يلعنك 💔,احمد ربك انا اصحى من النوم المطر يخلص الله عليك 💔,dev,42,google/mt5-base,models/mt5_detox_baseline/seed42,beam4,احمد ربك انا اصحى من النوم المطر يخلص الله يلعنك 💔,احمد ربك انا اصحى من النوم المطر يخلص الله يلعنك 💔,False,False,True,True,False,False,False,50
ar-0283,ar-g0064,ar,اقول لا تحتك بالاصفر الكبير الاتحاد لوحدة كبير والبقية جنبه اقزام,اقول لا تحتك بالاصفر الكبير الاتحاد لوحدة كبير والبقية جنبه صغار,dev,42,google/mt5-base,models/mt5_detox_baseline/seed42,beam4,اقول لا تحتك بالاصفر الكبير الاتحاد لوحدة كبير والبقية جنبه اقزام,اقول لا تحتك بالاصفر الكبير الاتحاد لوحدة كبير والبقية جنبه اقزام,False,False,True,True,False,False,False,65
ar-0299,ar-g0028,ar,إذا جاء أي من الأطفال الذين لا يحترمون الديمقراطية، فسيكون ذلك هجرة غبية,إذا أتى أي من الأطفال الذين لا يحترمون الديمقراطية، فإنه سيكون استنزاف سيئ.,dev,42,google/mt5-base,models/mt5_detox_baseline/seed42,beam4,إذا جاء أي من الأطفال الذين لا يحترمون الديمقراطية، فسيكون ذلك هجرة ساذج,إذا جاء أي من الأطفال الذين لا يحترمون الديمقراطية، فسيكون ذلك هجرة ساذج,False,False,False,False,False,False,False,72
ar-0304,ar-g0059,ar,اعوذ بالله من قناه العربيه والقائمون عليها يريدون ان يظهروا الناس كلهم كفار كماهو حالهم,اعوذ بالله من قناه العربيه والقائمون عليها يريدون ان يظهروا الناس كلهم كفار,dev,42,google/mt5-base,models/mt5_detox_baseline/seed42,beam4,اعوذ بالله من قناه العربيه والقائمون عليها يريدون ان يظهروا الناس كلهم كفار كماهو حالهم,اعوذ بالله من قناه العربيه والقائمون عليها يريدون ان يظهروا الناس كلهم كفار كماهو حالهم,False,False,True,True,False,False,False,87
ar-0326,ar-g0076,ar,السيسى خطط البحر المتوسط بالكامل علشان يوقف قردوغان على حدوده,السيسى خطط البحر المتوسط بالكامل علشان يوقف أردوغان على حدوده,dev,42,google/mt5-base,models/mt5_detox_baseline/seed42,beam4,السيسى خطط البحر المتوسط بالكامل علشان يوقف قردوغان على حدوده,السيسى خطط البحر المتوسط بالكامل علشان يوقف قردوغان على حدوده,False,False,True,True,False,False,False,61
ar-0328,ar-g0185,ar,شوفي لا تخليني ادعسك الحين,شوفي لا تخليني أزعلك الحين,dev,42,google/mt5-base,models/mt5_detox_baseline/seed42,beam4,شوفي لا تخليني ادعسك الحين,شوفي لا تخليني ادعسك الحين,False,False,True,True,False,False,False,26
ar-0330,ar-g0276,ar,ما ترجع لو كنت مارق من صوب البور مش كان احسن,كس اختك ما ترجع لو كنت مارق من صوب البور مش كان احسن,dev,42,google/mt5-base,models/mt5_detox_baseline/seed42,beam4,ما ترجع لو كنت مارق من صوب البور مش كان احسن,ما ترجع لو كنت مارق من صوب البور مش كان احسن,False,False,True,True,False,False,False,44
ar-0334,ar-g0133,ar,تدعمون الحوثي في الخفاء وتدينون في العلن لعنة الله عليكم أين ذهبت مضادت الصواريخ الخاصة بكم إن كنتم…,تدعمون الحوثي في الخفاء وتدينون في العلن أين ذهبت مضادت الصواريخ الخاصة بكم إن كنتم…,dev,42,google/mt5-base,models/mt5_detox_baseline/seed42,beam4,تدعمون الحوثي في الخفاء وتدينون في العلن,تدعمون الحوثي في الخفاء وتدينون في العلن,False,False,False,False,False,False,False,40
ar-0343,ar-g0081,ar,الفقراء هم أغبياء مقرفين لا يستحقون الرعاية الصحية أبداً، أليس كذلك؟,الفقراء لا يستحقون الحصول على الرعاية الصحية,dev,42,google/mt5-base,models/mt5_detox_baseline/seed42,beam4,الفقراء هم أغبياء مقرفين لا يستحقون الرعاية الصحية أبداً، أليس كذلك؟,الفقراء هم أغبياء مقرفين لا يستحقون الرعاية الصحية أبداً، أليس كذلك؟,False,False,True,True,False,False,False,68
ar-0348,ar-g0012,ar,أنا أمريكي قوقازي، وهؤلاء الأغبياء ذوي الرؤوس المدببة الذين يواجهون تحديات معرفية لا يمثلونني بأي حال من الأحوال.,أنا أمريكي قوقازي، وهؤلاء الأشخاص الذين يواجهون تحديات معرفية لا يمثلونني بأي حال من الأحوال.,dev,42,google/mt5-base,models/mt5_detox_baseline/seed42,beam4,أنا أمريكي، وهؤلاء الأغبياء ذوي الرؤوس المدببة الذين يواجهون تحديات معرفية لا يمثلونني بأي حال من الأحوال.,أنا أمريكي، وهؤلاء الأغبياء ذوي الرؤوس المدببة الذين يواجهون تحديات معرفية لا يمثلونني بأي حال من الأحوال.,False,False,False,False,False,False,False,106
ar-0356,ar-g0211,ar,فقط الناس الأغبياء سيعتقدون ذلك,الناس الغير حكيمين سيعتقدون ذلك,dev,42,google/mt5-base,models/mt5_detox_baseline/seed42,beam4,فقط الناس الأغبياء سيعتقدون ذلك,فقط الناس الأغبياء سيعتقدون ذلك,False,False,True,True,False,False,False,31
de-0013,de-g0254,de,"Na die Alte fliegt ja sehr gerne um die Welt. Man sollte jede Passagierliste nach Der durchsuchen, und Bilder machen wenn man sie im Flieger erwischt.🤮🤮🤮","Na die Frau fliegt ja sehr gerne um die Welt. Man sollte jede Passagierliste nach Der durchsuchen, und Bilder machen wenn man sie im Flieger erwischt.🤮🤮🤮",dev,42,google/mt5-base,models/mt5_detox_baseline/seed42,beam4,"Na die Alte fliegt ja sehr gerne um die Welt. Man sollte jede Passagierliste nach Der durchsuchen, und Bilder machen wenn man sie im Flieger erwischt.🤮🤮🤮","Na die Alte fliegt ja sehr gerne um die Welt. Man sollte jede Passagierliste nach Der durchsuchen, und Bilder machen wenn man sie im Flieger erwischt.🤮🤮🤮",False,False,True,True,False,False,False,153
de-0014,de-g0361,de,auch heute wieder nur drittklassige #Laiendarsteller in einem extrem beschissenen #Tatort #ARD,auch heute wieder nur drittklassige #Laiendarsteller in einem schlechten #Tatort #ARD,dev,42,google/mt5-base,models/mt5_detox_baseline/seed42,beam4,auch heute wieder nur drittklassige #Laiendarsteller in einem extrem schlimmen #Tatort #ARD,auch heute wieder nur drittklassige #Laiendarsteller in einem extrem schlimmen #Tatort #ARD,False,False,False,False,False,False,False,91
de-0031,de-g0392,de,weil es Ihre Meinung ist - 😂😂wie Blöd muss man sein 🙈🙈🙈,weil es Ihre Meinung ist - 😂😂,dev,42,google/mt5-base,models/mt5_detox_baseline/seed42,beam4,weil es Ihre Meinung ist - 😂😂wie blöd muss man sein 🙈🙈🙈,weil es Ihre Meinung ist - 😂😂wie blöd muss man sein 🙈🙈🙈,False,False,False,True,False,False,False,55
de-0036,de-g0102,de,Die Pisser wollten schon immer unsere Länderein um jeden Preis und jetzt haben sie die Bruder .....,Die wollten schon immer unsere Länderein um jeden Preis und jetzt haben sie die Bruder .....,dev,42,google/mt5-base,models/mt5_detox_baseline/seed42,beam4,Die Pisser wollten schon immer unsere Länderein um jeden Preis und jetzt haben sie die Bruder ...,Die Pisser wollten schon immer unsere Länderein um jeden Preis und jetzt haben sie die Bruder ...,False,False,False,False,False,False,False,97
de-0043,de-g0040,de,Auch ein Merkel Vasall der das sagen muss was diese Volksverräterin vorgibt!!! Lügenpresse!!!,Auch ein Merkel Anhänger der das sagen muss was diese Frau vorgibt!!! unehrliche Presse!!!,dev,42,google/mt5-base,models/mt5_detox_baseline/seed42,beam4,Auch ein Merkel Vasall der das sagen muss was diese Volksverräterin vorgibt!!!,Auch ein Merkel Vasall der das sagen muss was diese Volksverräterin vorgibt!!!,False,False,False,False,False,False,False,78
de-0065,de-g0044,de,"Bei #Halbneger meldet sich Till #Schweiger grosskotzig zu Wort, bei Mord an #Mila Valentin hört man nichts von diesen Heuchler.","Bei bestimmten Themen meldet sich Till #Schweiger laut zu Wort, bei Mord an #Mila Valentin hört man nichts von ihm.",dev,42,google/mt5-base,models/mt5_detox_baseline/seed42,beam4,"Bei #Halbneger meldet sich Till #Schweiger grosskotzig zu Wort, bei Mord an #Mila Valentin hört man nichts von diesen Personen.","Bei #Halbneger meldet sich Till #Schweiger grosskotzig zu Wort, bei Mord an #Mila Valentin hört man nichts von diesen Personen.",False,False,False,False,False,False,False,127
de-0067,de-g0022,de,"@USER_0: @USER_1 @USER_2 Tauber, ich würde sagen, die tatsächlichen Arschlöcher sitzen in der Regierung. SO IST ES!","@USER_0: @USER_1 @USER_2 Tauber, ich würde sagen, die tatsächlich Schlimmen sitzen in der Regierung. SO IST ES!",dev,42,google/mt5-base,models/mt5_detox_baseline/seed42,beam4,"@USER_0: @USER_1 @USER_2 Tauber, ich würde sagen, die tatsächlichen Personen sitzen in der Regierung. SO IST ES!","@USER_0: @USER_1 @USER_2 Tauber, ich würde sagen, die tatsächlichen Personen sitzen in der Regierung. SO IST ES!",False,False,False,False,False,False,False,112
de-0076,de-g0313,de,"Tusk wird in Polen als derjenige wahrgenommen, der Merkel in den Ar*** kriecht, war sich seiner ""Sache"" sicher u. verlor d. Wahl","Tusk wird in Polen als derjenige wahrgenommen, der Merkel gefallen will, war sich seiner ""Sache"" sicher u. verlor d. Wahl",dev,42,google/mt5-base,models/mt5_detox_baseline/seed42,beam4,"Tusk wird in Polen als derjenige wahrgenommen, der Merkel in den Ar*** kriecht, war sich seiner ""Sache"" sicher u. verlor d. Wahl","Tusk wird in Polen als derjenige wahrgenommen, der Merkel in den Ar*** kriecht, war sich seiner ""Sache"" sicher u. verlor d. Wahl",False,False,True,True,False,False,False,128
de-0096,de-g0066,de,Das ist ein Spinner der Türken hasst,Das ist eine Person die Türken nicht mag,dev,42,google/mt5-base,models/mt5_detox_baseline/seed42,beam4,Das ist ein Spinner der Türken hasst,Das ist ein Spinner der Türken hasst,False,False,True,True,False,False,False,36
de-0098,de-g0234,de,Leute regt euch nicht auf....negative Berichte haben eine positive Wirkung....AfD bleibt und wird stärker. Wie sagte die komische Kuh von den Grünen...und ich freu mich darauf....😂😂,Leute regt euch nicht auf....negative Berichte haben eine positive Wirkung....AfD bleibt und wird stärker. Wie sagte die eine Frau von den Grünen...und ich freu mich darauf....😂😂,dev,42,google/mt5-base,models/mt5_detox_baseline/seed42,beam4,Leute regt euch nicht auf....negative Berichte haben eine positive Wirkung....AfD bleibt und wird stärker. Wie sagte die Politiker von den Grünen...und ich freu mich darauf....😂😂,Leute regt euch nicht auf....negative Berichte haben eine positive Wirkung....AfD bleibt und wird stärker. Wie sagte die Politiker von den Grünen...und ich freu mich darauf....😂😂,False,False,False,False,False,False,False,178
de-0110,de-g0205,de,In dem Schwarz Grün regierden Hessen werden jetzt 8 zusätzliche Psychologen nur für die Jugendlichen Invasoren eingestellt. Jetzt AFD wählen,In dem Schwarz Grün regierden Hessen werden jetzt 8 zusätzliche Psychologen nur für die Jugendlichen Einwanderer eingestellt. Jetzt AFD wählen,dev,42,google/mt5-base,models/mt5_detox_baseline/seed42,beam4,In dem Schwarz Grün regierden Hessen werden jetzt 8 zusätzliche Psychologen nur für die Jugendlichen Eingestellt. Jetzt AFD wählen,In dem Schwarz Grün regierden Hessen werden jetzt 8 zusätzliche Psychologen nur für die Jugendlichen Eingestellt. Jetzt AFD wählen,False,False,False,False,False,False,False,130
de-0122,de-g0395,de,wie kann man nur derart strunzdumme Moderatoren wie bei #taff auf #ProSieben beschäftigen,wie kann man nur solche Moderatoren wie bei #taff auf #ProSieben beschäftigen,dev,42,google/mt5-base,models/mt5_detox_baseline/seed42,beam4,Wie kann man nur derart schlaue Moderatoren wie bei #taff auf #ProSieben beschäftigen,Wie kann man nur derart schlaue Moderatoren wie bei #taff auf #ProSieben beschäftigen,False,False,False,False,False,False,False,85
de-0131,de-g0354,de,Wie gehabt bei Illner Grüner + zwei Journalisten ein CDU u die Rot Grün versiffte Gesine Schwan ZDF versucht Grüne hochzupuschen. AFD wählen,Wie gehabt bei Illner Grüner + zwei Journalisten ein CDU u die Rot Grüne Gesine Schwan ZDF versucht Grüne hochzupuschen. AFD wählen,dev,42,google/mt5-base,models/mt5_detox_baseline/seed42,beam4,Wie gehabt bei Illner Grüner + zwei Journalisten ein CDU u die Rot Grün versiffte Gesine Schwan ZDF versucht Grüne hochzupuschen. AFD wählen,Wie gehabt bei Illner Grüner + zwei Journalisten ein CDU u die Rot Grün versiffte Gesine Schwan ZDF versucht Grüne hochzupuschen. AFD wählen,False,False,True,True,False,False,False,140
de-0141,de-g0276,de,"Sag mal glaubt ihr allen Ernstes die Kacke dieser sogenannten Umfragen, mal ehrlich??","Sag mal glaubt ihr allen Ernstes diesen Quatsch dieser sogenannten Umfragen, mal ehrlich??",dev,42,google/mt5-base,models/mt5_detox_baseline/seed42,beam4,"Sag mal glaubt ihr allen Ernstes die Kacke dieser sogenannten Umfragen, mal ehrlich??","Sag mal glaubt ihr allen Ernstes die Kacke dieser sogenannten Umfragen, mal ehrlich??",False,False,True,True,False,False,False,85
de-0156,de-g0178,de,Hey Charr...du bist kein guter Boxer...im Ami-Land haut dich jeder Sparingspartner wech du Pfeife...!. @USER_1,Hey Charr...du bist kein guter Boxer...in Amerika haut dich jeder Sparingspartner weg...!. @USER_1,dev,42,google/mt5-base,models/mt5_detox_baseline/seed42,beam4,Hey Charr...du bist kein guter Boxer...im Ami-Land haut dich jeder Sparingspartner wech du Pfeife...!. @USER_1,Hey Charr...du bist kein guter Boxer...im Ami-Land haut dich jeder Sparingspartner wech du Pfeife...!. @USER_1,False,False,True,True,False,False,False,110
de-0179,de-g0129,de,"Dummes Gelaber wegen Abschiebung in unsichere Staaten. Berlin, Manchester. und Nizza liegen auch in unsicheren Staaten. Also keine Hemmungen.","Unnötiges Gespräch wegen Abschiebung in unsichere Staaten. Berlin, Manchester. und Nizza liegen auch in unsicheren Staaten. Also keine Hemmungen.",dev,42,google/mt5-base,models/mt5_detox_baseline/seed42,beam4,"Dummes Gelaber wegen Abschiebung in unsichere Staaten. Berlin, Manchester. und Nizza liegen auch in unsicheren Staaten. Also keine Hemmungen.","Dummes Gelaber wegen Abschiebung in unsichere Staaten. Berlin, Manchester. und Nizza liegen auch in unsicheren Staaten. Also keine Hemmungen.",False,False,True,True,False,False,False,141
de-0180,de-g0086,de,"Der größte Finanzbetrüger aller Zeiten, trifft einen Grünen deutschfeindlichen Türken! Diese Dummlaberei sollte sich niemand antun!","Der größte Finanzbetrüger aller Zeiten, trifft einen Grünen mit türkischen Wurzeln! Dieses Gespräch sollte sich niemand anhören!!",dev,42,google/mt5-base,models/mt5_detox_baseline/seed42,beam4,"Der größte Finanzbetrüger aller Zeiten, trifft einen Grünen deutschfeindlichen Türken! Diese Dummlaberei sollte sich niemand antun!","Der größte Finanzbetrüger aller Zeiten, trifft einen Grünen deutschfeindlichen Türken! Diese Dummlaberei sollte sich niemand antun!",False,False,True,True,False,False,False,131
de-0202,de-g0048,de,Bis heute wusste ich garnicht das Jerusalem nicht die Hauptstadt von Israel ist...... Es ist eine Christen und Juden Angelegenheit...was geht es eigentlich die bärtigen Kinderschänder an..?,Bis heute wusste ich garnicht das Jerusalem nicht die Hauptstadt von Israel ist...... Es ist eine Christen und Juden Angelegenheit...was geht es eigentlich die bärtigen Männer an..?,dev,42,google/mt5-base,models/mt5_detox_baseline/seed42,beam4,Bis heute wusste ich garnicht das Jerusalem nicht die Hauptstadt von Israel ist...... Es ist eine Christen und Juden Angelegenheit...was geht es eigentlich die bärtigen Kinderschänder an..?,Bis heute wusste ich garnicht das Jerusalem nicht die Hauptstadt von Israel ist...... Es ist eine Christen und Juden Angelegenheit...was geht es eigentlich die bärtigen Kinderschänder an..?,False,False,True,True,False,False,False,189
de-0203,de-g0196,de,Ich scheisse auf die SPD !!!,Die SPD ist mir egal!!!,dev,42,google/mt5-base,models/mt5_detox_baseline/seed42,beam4,Ich scheisse auf die SPD !!!,Ich scheisse auf die SPD !!!,False,False,True,True,False,False,False,28
de-0217,de-g0168,de,Haben wir bei der Schwuchtel auch schon vermutet....,Haben wir bei dem Typ auch schon vermutet....,dev,42,google/mt5-base,models/mt5_detox_baseline/seed42,beam4,Haben wir bei der Schwuchtel auch schon vermutet....,Haben wir bei der Schwuchtel auch schon vermutet....,False,False,True,True,False,False,False,52
de-0247,de-g0101,de,Die Merkel hat Charakter.. Leider ist der scheisse! 😜👍,Die Merkel hat Charakter.. Leider ist der nicht mein Geschmack! 😜👍,dev,42,google/mt5-base,models/mt5_detox_baseline/seed42,beam4,Die Merkel hat Charakter.. Leider ist der scheisse! 😜👍,Die Merkel hat Charakter.. Leider ist der scheisse! 😜👍,False,False,True,True,False,False,False,54
de-0256,de-g0210,de,"Ist doch wahr, denn dieses dicke Etwas bekommt kaum zwei zusammenhängenden Sätze heraus und von sinnvoll rede ich garnicht erst 😜","Ist doch wahr, ich finde dieser Person fällt es manchmal schwer zwei zusammenhängenden Sätze zu sagen und sinnvoll finde ich sie auch nicht",dev,42,google/mt5-base,models/mt5_detox_baseline/seed42,beam4,"Ist doch wahr, denn dieses dicke Etwas bekommt kaum zwei zusammenhängenden Sätze heraus und von sinnvoll rede ich gar nicht erst 😜","Ist doch wahr, denn dieses dicke Etwas bekommt kaum zwei zusammenhängenden Sätze heraus und von sinnvoll rede ich gar nicht erst 😜",False,False,False,False,False,False,False,130
de-0266,de-g0127,de,Du meinst zwitter und zwitter ist kein Geschlecht sondern eine Behinderung die man von geburt aus leider hat,Du meinst intersexuell und intersexuell ist kein Geschlecht sondern eine biologische Variation die man von geburt aus leider hat,dev,42,google/mt5-base,models/mt5_detox_baseline/seed42,beam4,Du meinst zwitter und zwitter ist kein Geschlecht sondern eine Behinderung die man von geburt aus leider hat,Du meinst zwitter und zwitter ist kein Geschlecht sondern eine Behinderung die man von geburt aus leider hat,False,False,True,True,False,False,False,108
de-0326,de-g0356,de,Wo werden diese Clowns nur gezüchtet und wie entsteht solch eine Gesinnung ...?,Wo kommen diese Leute nur her und wie entsteht solch eine Gesinnung ...?,dev,42,google/mt5-base,models/mt5_detox_baseline/seed42,beam4,Wo werden diese Clowns nur gezüchtet und wie entsteht solch eine Gesinnung ...?,Wo werden diese Clowns nur gezüchtet und wie entsteht solch eine Gesinnung ...?,False,False,True,True,False,False,False,79
de-0339,de-g0209,de,Irgendwie beruhigend das es woanders noch schwachsinnigere Politik gibt als bei den deutschen...,Irgendwie beruhigend das es woanders noch unverständlichere Politik gibt als bei den deutschen...,dev,42,google/mt5-base,models/mt5_detox_baseline/seed42,beam4,Irgendwie beruhigend das es woanders noch schwachsinnigere Politik gibt als bei den deutschen...,Irgendwie beruhigend das es woanders noch schwachsinnigere Politik gibt als bei den deutschen...,False,False,True,True,False,False,False,96
de-0347,de-g0399,de,"😂😂😂 Phantomschmerz (fehlende Eier) und Machtgeilheit zwangen heute erneut den ""Bayern-Horsti"" ohne Vaseline  in den Ar*** der Kanzlerette 😜","😂😂😂 Phantomschmerz und Machtgier zwangen heute erneut den ""Bayern-Horsti"" sich bei der Kanzlerin einzuschmeicheln 😜",dev,42,google/mt5-base,models/mt5_detox_baseline/seed42,beam4,"😂😂😂 Phantomschmerz (fehlende Eier) und Machtgeilheit zwangen heute erneut den ""Bayern-Horsti"" ohne Vaseline in den Ar*** der Kanzlerette","😂😂😂 Phantomschmerz (fehlende Eier) und Machtgeilheit zwangen heute erneut den ""Bayern-Horsti"" ohne Vaseline in den Ar*** der Kanzlerette",False,False,False,False,False,False,False,136
de-0348,de-g0297,de,"So tief sind wir gesunken! Ein Merkel-Speichellecker mit dem IQ einer gewissen Fatima Roth, eine Null (außer im Tonnengewicht) als Finanzminister!","So tief sind wir gesunken! Ein Merkel-Unterstützer mit dem IQ einer gewissen Fatima Roth, eine Null (außer im Tonnengewicht) als Finanzminister!",dev,42,google/mt5-base,models/mt5_detox_baseline/seed42,beam4,"So tief sind wir gesunken! Ein Merkel-Anhänger mit dem IQ einer gewissen Fatima Roth, eine Null (außer im Tonnengewicht) als Finanzminister!","So tief sind wir gesunken! Ein Merkel-Anhänger mit dem IQ einer gewissen Fatima Roth, eine Null (außer im Tonnengewicht) als Finanzminister!",False,False,False,False,False,False,False,140
en-0001,en-g0060,en,My page should be protected first so that worthless scum like you can't keep vandalizing it.,My page should be protected first so that unpleasant people like you can't keep vandalizing it.,dev,42,google/mt5-base,models/mt5_detox_baseline/seed42,beam4,My page should be protected first so that people can't keep vandalizing it.,My page should be protected first so that people can't keep vandalizing it.,False,False,False,False,False,False,False,75
en-0009,en-g0162,en,"fuck minimum security , put him in real prison .",Put him in real prison,dev,42,google/mt5-base,models/mt5_detox_baseline/seed42,beam4,"fuck minimum security , put him in real prison.","fuck minimum security , put him in real prison.",False,False,False,False,False,False,False,47
en-0010,en-g0048,en,"I see nothing wrong with calling an asshole ""asshole"".","I see nothing wrong with calling bad people ""bad"".",dev,42,google/mt5-base,models/mt5_detox_baseline/seed42,beam4,"I see nothing wrong with calling an asshole ""asshole"".","I see nothing wrong with calling an asshole ""asshole"".",False,False,True,True,False,False,False,54
en-0011,en-g0139,en,can t people just leave cuba alone so it can get it s feet under itself for number fuckin minutes ? .,Can people just leave Cuba to itself so it can get its feet under itself for number minutes?,dev,42,google/mt5-base,models/mt5_detox_baseline/seed42,beam4,can t people just leave Cuba alone so it can get it s feet under itself for number fuckin minutes ?,can t people just leave Cuba alone so it can get it s feet under itself for number fuckin minutes ?,False,False,False,False,False,False,False,99
en-0021,en-g0179,en,harper was nothing but incompetent and corrupt .,Harper was incompentent and unfair,dev,42,google/mt5-base,models/mt5_detox_baseline/seed42,beam4,Harper was nothing but incompetent and corrupt,Harper was nothing but incompetent and corrupt,False,False,False,False,False,False,False,46
en-0034,en-g0274,en,no self - respecting australian or new zealand would read such hateful shit .,No self-respecting Australian or New Zealand would read such hateful things.,dev,42,google/mt5-base,models/mt5_detox_baseline/seed42,beam4,No self - respecting australian or new zealand would read such bad stuff.,No self - respecting australian or new zealand would read such bad stuff.,False,False,False,False,False,False,False,73
en-0054,en-g0114,en,"also , why the fuck is tepco anywhere near this ? .","also , why is tepco anywhere near this ?",dev,42,google/mt5-base,models/mt5_detox_baseline/seed42,beam4,And why the fuck is tepco anywhere near this ? .,And why the fuck is tepco anywhere near this ? .,False,False,False,False,False,False,False,48
en-0086,en-g0092,en,They're more than welcome to take their brain dead asses back to their shithole country.,They're more than welcome to take themselves back to their country.,dev,42,google/mt5-base,models/mt5_detox_baseline/seed42,beam4,They're more than welcome to take their asses back to their country.,They're more than welcome to take their asses back to their country.,False,False,False,False,False,False,False,68
en-0092,en-g0334,en,then drench the fucking thing with bbq sauce !,Please drench the meat with bbq sauce,dev,42,google/mt5-base,models/mt5_detox_baseline/seed42,beam4,And then drench the thing with bbq sauce !,And then drench the thing with bbq sauce !,False,False,False,False,False,False,False,42
en-0113,en-g0247,en,its my talk page. keep the bitching off it. thanks.,It is my talk page. Stay away from it. Thanks.,dev,42,google/mt5-base,models/mt5_detox_baseline/seed42,beam4,It is my talk page. keep the bitching off it. thanks.,It is my talk page. keep the bitching off it. thanks.,False,False,False,False,False,False,False,53
en-0130,en-g0372,en,west is the spoiled shit .,west is bad.,dev,42,google/mt5-base,models/mt5_detox_baseline/seed42,beam4,west is the bad person.,west is the bad person.,False,False,False,False,False,False,False,23
en-0135,en-g0127,en,assad must be shitting his pants in fear .,Assad must be afraid,dev,42,google/mt5-base,models/mt5_detox_baseline/seed42,beam4,Assad must be shitting his pants in fear.,Assad must be shitting his pants in fear.,False,False,False,False,False,False,False,41
en-0145,en-g0041,en,I can call people whatever I like idiot.,I can call people whatever I like.,dev,42,google/mt5-base,models/mt5_detox_baseline/seed42,beam4,I can call people whatever I like.,I can call people whatever I like.,False,False,False,False,False,False,False,34
en-0165,en-g0015,en,And why the fuck should i care?,And why should I care?,dev,42,google/mt5-base,models/mt5_detox_baseline/seed42,beam4,And why the fuck should i care?,And why the fuck should i care?,False,False,True,True,False,False,False,31
en-0185,en-g0163,en,fuck off - it is international airspace,it is international airspace,dev,42,google/mt5-base,models/mt5_detox_baseline/seed42,beam4,It is international airspace,It is international airspace,False,False,False,False,False,False,False,28
en-0189,en-g0010,en,"Also, I have the fucking rights to advertise my youtube.com videos","Also, I have the right to advertise my youtube.com videos",dev,42,google/mt5-base,models/mt5_detox_baseline/seed42,beam4,I have the rights to advertise my youtube.com videos,I have the rights to advertise my youtube.com videos,False,False,False,False,False,False,False,52
en-0195,en-g0285,en,people don t even wash their damn hands after taking a shit .,people don't even wash their hands after going to the toilet.,dev,42,google/mt5-base,models/mt5_detox_baseline/seed42,beam4,people don't even wash their hands after taking a shit.,people don't even wash their hands after taking a shit.,False,False,False,False,False,False,False,55
en-0201,en-g0343,en,they must have been pretty stupid to get caught in today environment .,They must have been incompetent to get caught in today environment.,dev,42,google/mt5-base,models/mt5_detox_baseline/seed42,beam4,they must have been pretty smart to get caught in today environment.,they must have been pretty smart to get caught in today environment.,False,False,False,False,False,False,False,68
en-0215,en-g0256,en,legacy of being a selfish shit head .,Legacy of being a selfish person,dev,42,google/mt5-base,models/mt5_detox_baseline/seed42,beam4,legacy of being a selfish person.,legacy of being a selfish person.,False,False,False,False,False,False,False,33
en-0224,en-g0077,en,Shut your mouth and stop talking. good boy,Can you please stop talking? Thanks.,dev,42,google/mt5-base,models/mt5_detox_baseline/seed42,beam4,Shut your mouth and stop talking. good boy,Shut your mouth and stop talking. good boy,False,False,True,True,False,False,False,42
en-0269,en-g0278,en,"not the rich and the government , but the people will be in shit street .","not the rich and the government , but the people will be in bad street.",dev,42,google/mt5-base,models/mt5_detox_baseline/seed42,beam4,"not the rich and the government , but the people will be in a mess.","not the rich and the government , but the people will be in a mess.",False,False,False,False,False,False,False,67
en-0292,en-g0328,en,the guy was fucking shot ! .,The guy was shot,dev,42,google/mt5-base,models/mt5_detox_baseline/seed42,beam4,The guy was really bad!,The guy was really bad!,False,False,False,False,False,False,False,23
en-0297,en-g0296,en,selective censorship and non reporting of factual and correct statements he makes of other leaders idiotic decisions !,Selective censorship and non reporting of factual and correct statements he makes of other leaders bad decisions,dev,42,google/mt5-base,models/mt5_detox_baseline/seed42,beam4,Selective censorship and non reporting of factual and correct statements he makes of other leaders unpleasant decisions !,Selective censorship and non reporting of factual and correct statements he makes of other leaders unpleasant decisions !,False,False,False,False,False,False,False,121
en-0331,en-g0244,en,it tastes like shit and i 've never even seen it available outside of five - star restaurants .,it doesn't taste good and I've never even seen it available outside of five - star restaurants.,dev,42,google/mt5-base,models/mt5_detox_baseline/seed42,beam4,It tastes like bad food and i 've never even seen it available outside of five - star restaurants.,It tastes like bad food and i 've never even seen it available outside of five - star restaurants.,False,False,False,False,False,False,False,98
en-0342,en-g0177,en,"haha okay i m a sick fuck to find that entertaining , i ll see myself out .","haha okay i m weird to find that entertaining , i ll see myself out .",dev,42,google/mt5-base,models/mt5_detox_baseline/seed42,beam4,"haha okay i m a bad person to find that entertaining , i ll see myself out .","haha okay i m a bad person to find that entertaining , i ll see myself out .",False,False,False,False,False,False,False,76
en-0372,en-g0165,en,"fuck them and all their pussy , shitty , fucking rules .",Away with them and I refuse to live by their rules,dev,42,google/mt5-base,models/mt5_detox_baseline/seed42,beam4,fuck them and all their rules .,fuck them and all their rules .,False,False,False,False,False,False,False,31
en-0380,en-g0208,en,i couldn t even tell what the fuck it s saying .,I couldn't even tell what it was saying.,dev,42,google/mt5-base,models/mt5_detox_baseline/seed42,beam4,I couldn t even tell what it s saying.,I couldn t even tell what it s saying.,False,False,False,False,False,False,False,38
es-0005,es-g0241,es,Que analogía rebuscada y de mierda,Qué analogía confusa,dev,42,google/mt5-base,models/mt5_detox_baseline/seed42,beam4,Que analogía rebuscada y de mierda,Que analogía rebuscada y de mierda,False,False,True,True,False,False,False,34
es-0006,es-g0210,es,"Periodismo de mierda justificando esto !""","Periodismo justificando esto !""",dev,42,google/mt5-base,models/mt5_detox_baseline/seed42,beam4,"Periodismo de mierda justificando esto !""","Periodismo de mierda justificando esto !""",False,False,True,True,False,False,False,41
es-0022,es-g0283,es,Te das cuenta la panda de retrasados que se han puesto a soltar espumarajos?,Te das cuenta qué ridiculous se han puesto a soltar espumajaros.,dev,42,google/mt5-base,models/mt5_detox_baseline/seed42,beam4,Te das cuenta la panda de retrasados que se han puesto a soltar espumarajos?,Te das cuenta la panda de retrasados que se han puesto a soltar espumarajos?,False,False,True,True,False,False,False,76
es-0041,es-g0109,es,"Habla español, catalán de mierda 😋",Habla español,dev,42,google/mt5-base,models/mt5_detox_baseline/seed42,beam4,"Habla español, catalan de mierda 😋","Habla español, catalan de mierda 😋",False,False,False,False,False,False,False,34
es-0048,es-g0249,es,"Que traigan otro cargamento, necesitamos más pagapensiones son una inversión de futuro.","Que traigan otro cargamento, necesitamos más contribuyentes para asegurar las pensiones; son una inversión de futuro.",dev,42,google/mt5-base,models/mt5_detox_baseline/seed42,beam4,"Que traigan otro cargamento, necesitamos más pagapensiones.","Que traigan otro cargamento, necesitamos más pagapensiones.",False,False,False,False,False,False,False,59
es-0057,es-g0200,es,O sea que ahora la mafia tiene viajes de ida y vuelta,Así que ahora la mafia ofrece viajes de ida y vuelta.,dev,42,google/mt5-base,models/mt5_detox_baseline/seed42,beam4,O sea que ahora la mafia tiene viajes de ida y vuelta,O sea que ahora la mafia tiene viajes de ida y vuelta,False,False,True,True,False,False,False,53
es-0075,es-g0373,es,qué bonito es ver a fachas rabiar dios me ahogo,qué bonito es ver a fachas rabiar dios,dev,42,google/mt5-base,models/mt5_detox_baseline/seed42,beam4,qué bonito es ver a fachas rabiar dios me ahogo,qué bonito es ver a fachas rabiar dios me ahogo,False,False,True,True,False,False,False,47
es-0084,es-g0058,es,Daros prisa. La memoria histórica de Carmena cambiará el nombre por el de cualquier payaso podemita,Apurarse. La memoria histórica de Carmena cambiará su nombre por otro nombre podemita.,dev,42,google/mt5-base,models/mt5_detox_baseline/seed42,beam4,La memoria histórica de Carmena cambiará el nombre por el de cualquier podemita,La memoria histórica de Carmena cambiará el nombre por el de cualquier podemita,False,False,False,False,False,False,False,79
es-0114,es-g0182,es,Muchas veces en sus carceles sobornan a gente y viven como reyes.,En muchas ocasiones en sus cárceles sobornan a personas y viven con lujos.,dev,42,google/mt5-base,models/mt5_detox_baseline/seed42,beam4,Muchas veces en sus carceles sobornan a gente y viven como reyes.,Muchas veces en sus carceles sobornan a gente y viven como reyes.,False,False,True,True,False,False,False,65
es-0123,es-g0070,es,"El homófobo #obispo de #Cordoba recomienda rezar más en vacaciones [y follar menos, claro].  vía",El  #obispo de #Cordoba recomienda rezar más en vacaciones .  vía,dev,42,google/mt5-base,models/mt5_detox_baseline/seed42,beam4,El #obispo de #Cordoba recomienda rezar más en vacaciones,El #obispo de #Cordoba recomienda rezar más en vacaciones,False,False,False,False,False,False,False,57
es-0134,es-g0029,es,Asumen tu género por tu apariencia física. Son unos fascistas transfobos y homófobos.,Asumen tu género por tu apariencia física.,dev,42,google/mt5-base,models/mt5_detox_baseline/seed42,beam4,Asumen tu género por tu apariencia física. Son unos homófobos.,Asumen tu género por tu apariencia física. Son unos homófobos.,False,False,False,False,False,False,False,62
es-0146,es-g0043,es,Con el Zumo no se juega.,No se juega con el zumo.,dev,42,google/mt5-base,models/mt5_detox_baseline/seed42,beam4,Con el Zumo no se juega.,Con el Zumo no se juega.,False,False,True,True,False,False,False,24
es-0147,es-g0196,es,No te acerques que me tiznas le dijo la sarten al cazo... 😂 Los más fascistas de la izquierda,No te acerques que me tiznas le dijo la sarten al cazo...,dev,42,google/mt5-base,models/mt5_detox_baseline/seed42,beam4,No te acerques que me tiznas le dijo la sarten al cazo... 😂,No te acerques que me tiznas le dijo la sarten al cazo... 😂,False,False,False,False,False,False,False,59
es-0155,es-g0295,es,Tú debes de ser un facha costalero del PPodrido.,Debes ser un comerciante costero.,dev,42,google/mt5-base,models/mt5_detox_baseline/seed42,beam4,Tú debes de ser un tipo malo.,Tú debes de ser un tipo malo.,False,False,False,False,False,False,False,29
es-0165,es-g0205,es,Otro españolazo fascista coaccionando al pueblo catalán secesionista.,Otro españolazo coaccionando al pueblo catalán secesionista.,dev,42,google/mt5-base,models/mt5_detox_baseline/seed42,beam4,Otro españolazo fascista coaccionando al pueblo catalan secesionista.,Otro españolazo fascista coaccionando al pueblo catalan secesionista.,False,False,False,False,False,False,False,69
es-0185,es-g0081,es,Es asombroso el nivel de estupidez-robotización del adoctrinamiento progre.,Resultado: Es sorprendente el nivel de robotización en el adoctrinamiento progresista.,dev,42,google/mt5-base,models/mt5_detox_baseline/seed42,beam4,Es sorprendente el nivel de estupidez-robotización del adoctrinamiento progre.,Es sorprendente el nivel de estupidez-robotización del adoctrinamiento progre.,False,False,False,False,False,False,False,78
es-0206,es-g0288,es,"Tiene que ser fake, no me jodas. Jamás volverían a sus países.","Tiene que ser fake, no me hagas bromas. Jamás volverían a sus países.",dev,42,google/mt5-base,models/mt5_detox_baseline/seed42,beam4,"Tiene que ser fake, no me judas. Jamás volverían a sus países.","Tiene que ser fake, no me judas. Jamás volverían a sus países.",False,False,False,False,False,False,False,62
es-0213,es-g0108,es,Habla en español catalán de mierda.,Habla español catalán,dev,42,google/mt5-base,models/mt5_detox_baseline/seed42,beam4,Habla en español catalan de mierda.,Habla en español catalan de mierda.,False,False,False,False,False,False,False,35
es-0249,es-g0178,es,Menudo baño te están dando pequeño dictador! 👏👏👏👏👏👏👏,Menudo baño te están dando,dev,42,google/mt5-base,models/mt5_detox_baseline/seed42,beam4,Menudo baño te están dando pequeño dictador! 👏👏👏👏👏👏,Menudo baño te están dando pequeño dictador! 👏👏👏👏👏👏,False,False,False,False,False,False,False,51
es-0254,es-g0107,es,Gran puta estos chinos de mierda vinieron a arruinar mi año 😭,Estos chinos vinieron a arruinar mi año,dev,42,google/mt5-base,models/mt5_detox_baseline/seed42,beam4,Gran puta estos chinos vinieron a arruinar mi año 😭,Gran puta estos chinos vinieron a arruinar mi año 😭,False,False,False,False,False,False,False,51
es-0283,es-g0280,es,"Sólo me hacen encabronar, no debemos nada a Centroamérica ni los invasores para regalarles dinero.","Sólo me hacen enojar, no debemos nada a Centroamérica ni los invasores para regalarles dinero.",dev,42,google/mt5-base,models/mt5_detox_baseline/seed42,beam4,"Sólo me hacen molestar, no debemos nada a Centroamérica ni los invasores para regalarles dinero.","Sólo me hacen molestar, no debemos nada a Centroamérica ni los invasores para regalarles dinero.",False,False,False,False,False,False,False,96
es-0312,es-g0297,es,Un caracol inválido es más rápido que esta internet de mierda,Un caracol inválido es más rápido que esta internet,dev,42,google/mt5-base,models/mt5_detox_baseline/seed42,beam4,Un inválido es más rápido que esta internet,Un inválido es más rápido que esta internet,False,False,False,False,False,False,False,43
es-0328,es-g0259,es,SALVEMOS A ESE ANIMAL DE LAS GARRAS ASESINAS Y FASCISTAS YA,SALVEMOS A ESE ANIMAL DE LAS GARRAS  YA,dev,42,google/mt5-base,models/mt5_detox_baseline/seed42,beam4,SALVEMOS A ESE ANIMAL DE LAS GARRAS ASESINAS Y FASCISTAS YA,SALVEMOS A ESE ANIMAL DE LAS GARRAS ASESINAS Y FASCISTAS YA,False,False,True,True,False,False,False,59
es-0367,es-g0252,es,Quien putas está RT esa mierda ?,Quien está RT esto?,dev,42,google/mt5-base,models/mt5_detox_baseline/seed42,beam4,Quien putas está RT esa mierda?,Quien putas está RT esa mierda?,False,False,False,False,False,False,False,31
es-0393,es-g0328,es,"a la mierda directamente, OKUPAS en el gobierno.",OKUPAS en el gobierno.,dev,42,google/mt5-base,models/mt5_detox_baseline/seed42,beam4,"A la derecha directamente, OKUPAS en el gobierno.","A la derecha directamente, OKUPAS en el gobierno.",False,False,False,False,False,False,False,49
es-0395,es-g0110,es,"Hable como Hernández, ya sabemos que podes hablar mierda en ese canal, NARCO ¿Seguridad?","Hable como Hernandez, ya sabemos que podes hablar mal de ese canal. ¿Seguridad?",dev,42,google/mt5-base,models/mt5_detox_baseline/seed42,beam4,"Hable como Hernández, ya sabemos que podes hablar mal en ese canal, NARCO ¿Seguridad?","Hable como Hernández, ya sabemos que podes hablar mal en ese canal, NARCO ¿Seguridad?",False,False,False,False,False,False,False,85
es-0399,es-g0034,es,Buena gente acogemos en nuestro país. Traen lo mejorcito de la cultura de su país.,"Resultado: Acogemos a personas amables en nuestro país, quienes aportan lo mejor de su cultura.",dev,42,google/mt5-base,models/mt5_detox_baseline/seed42,beam4,Buena gente acogemos en nuestro país. Traen lo mejorcito de la cultura de su país.,Buena gente acogemos en nuestro país. Traen lo mejorcito de la cultura de su país.,False,False,True,True,False,False,False,82
hi-0017,hi-g0054,hi,इन सालों की गांड पर लात मार के बाहर कर देना चाहिए मादरचोद रास्ता जाम किये बैठा है,इन को जबरदस्ती बाहर कर देना चाहिए  रास्ता जाम किये बैठा है,dev,42,google/mt5-base,models/mt5_detox_baseline/seed42,beam4,इन सालों की गांड पर लात मार के बाहर कर देना चाहिए,इन सालों की गांड पर लात मार के बाहर कर देना चाहिए,False,False,False,False,False,False,False,49
hi-0019,hi-g0245,hi,"भड्वा, तल्वे चातु, कुत्ते से भी बडा कुत्ता देखना हो तो तुजे देख लेना चाहिये",अगर इस्से भी खराब इंसान देखना है तो तुम्हें देखना चाहिए,dev,42,google/mt5-base,models/mt5_detox_baseline/seed42,beam4,"भड्वा, तल्वे चातु, कुत्ते से भी बडा कुत्ता देखना हो तो तुजे देख लेना चाहिये","भड्वा, तल्वे चातु, कुत्ते से भी बडा कुत्ता देखना हो तो तुजे देख लेना चाहिये",False,False,True,True,False,False,False,75
hi-0020,hi-g0092,hi,"कभी तो अपने कॉम की गंदगी को साफ करो, हलाला, तहर्रूष, मुताह",कभी तो अपने कॉम की गंदगी को साफ करो,dev,42,google/mt5-base,models/mt5_detox_baseline/seed42,beam4,कभी तो अपने कॉम की गंदगी को साफ करो,कभी तो अपने कॉम की गंदगी को साफ करो,False,False,False,False,False,False,False,35
hi-0021,hi-g0066,hi,इस सुअर के बच्चे ने बहुत ही आपत्ती जनक भाषा का इस्तमाल किया है।,इस बेकार आदमी ने बहुत ही आपत्ती जनक भाषा का इस्तमाल किया है।,dev,42,google/mt5-base,models/mt5_detox_baseline/seed42,beam4,इस बुरे बच्चे ने बहुत ही आपत्ती जनक भाषा का इस्तमाल किया है।,इस बुरे बच्चे ने बहुत ही आपत्ती जनक भाषा का इस्तमाल किया है।,False,False,False,False,False,False,False,60
hi-0026,hi-g0380,hi,सूअर के पिछवाड़े मे और बाथरुम मे अपनी बेटी को ढूंढ रहा है,अपनी बेटी को हर जगह ढूंढ रहा है,dev,42,google/mt5-base,models/mt5_detox_baseline/seed42,beam4,सूअर के पिछवाड़े मे और बाथरुम मे अपनी बेटी को ढूंढ रहा है,सूअर के पिछवाड़े मे और बाथरुम मे अपनी बेटी को ढूंढ रहा है,False,False,True,True,False,False,False,57
hi-0039,hi-g0082,hi,"ऐसे नीच, घटिया, दुष्ट, असुर, राक्षस, मनोवृति के व्यक्ति की जगह केवल पागलखाना",ऐसे बुरे व्यक्ति की जगह केवल पागलखाना,dev,42,google/mt5-base,models/mt5_detox_baseline/seed42,beam4,ऐसे बुरे व्यक्ति की जगह केवल पागलखाना,ऐसे बुरे व्यक्ति की जगह केवल पागलखाना,False,False,False,False,False,False,False,37
hi-0061,hi-g0215,hi,"नमक हरामी की हद पार हुई, सुधर जाओ  सुवरों","धोखा देने की सीमा ही पार हुई, सुधर जाओ धोखेबाजों",dev,42,google/mt5-base,models/mt5_detox_baseline/seed42,beam4,"नमक हरामी की हद पार हुई, सुधर जाओ","नमक हरामी की हद पार हुई, सुधर जाओ",False,False,False,False,False,False,False,33
hi-0071,hi-g0088,hi,और भेनचोद बड़ी बड़ी बकचोदी कर रहा है ||,और बड़ी बड़ी बातें फेंक रहा है ||,dev,42,google/mt5-base,models/mt5_detox_baseline/seed42,beam4,और भेनचोद बड़ी बड़ी बकचोदी कर रहा है ||,और भेनचोद बड़ी बड़ी बकचोदी कर रहा है ||,False,False,True,True,False,False,False,39
hi-0100,hi-g0285,hi,"मादरजात सनी ,तेरे पास टाइम नही है ?","सनी ,तेरे पास टाइम नही है ?",dev,42,google/mt5-base,models/mt5_detox_baseline/seed42,beam4,"मादरजात ,तेरे पास टाइम नही है ?","मादरजात ,तेरे पास टाइम नही है ?",False,False,False,False,False,False,False,31
hi-0121,hi-g0084,hi,ओए कानिये इतने जल्दी में ट्वीट क्यों कर देते हो?,ओए इतने जल्दी में ट्वीट क्यों कर देते हो?,dev,42,google/mt5-base,models/mt5_detox_baseline/seed42,beam4,ओए कानिये इतने जल्दी में ट्वीट क्यों कर देते हो?,ओए कानिये इतने जल्दी में ट्वीट क्यों कर देते हो?,False,False,True,True,False,False,False,48
hi-0133,hi-g0266,hi,भोसड़ीके अगर अभी कुछ नहीं किया तो वोट मांगने मत आना।,अगर अभी कुछ नहीं किया तो वोट मांगने मत आना।,dev,42,google/mt5-base,models/mt5_detox_baseline/seed42,beam4,अभी कुछ नहीं किया तो वोट मांगने मत आना।,अभी कुछ नहीं किया तो वोट मांगने मत आना।,False,False,False,False,False,False,False,39
hi-0138,hi-g0284,hi,मादरजात राजनेताओं और भड़वा पत्रकारों के मुंह से उफ्फ तक नहीं निकलता,राजनेताओं और पत्रकारों के मुंह से उफ्फ तक नहीं निकलता,dev,42,google/mt5-base,models/mt5_detox_baseline/seed42,beam4,मादरजात राजनेताओं और भड़वा पत्रकारों के मुंह से उफ्फ तक नहीं निकलता,मादरजात राजनेताओं और भड़वा पत्रकारों के मुंह से उफ्फ तक नहीं निकलता,False,False,True,True,False,False,False,67
hi-0150,hi-g0399,hi,हलाला की पैदाइश सूअर की औलाद तू चुप कर,बुरे व्यवहार के आदमी तू चुप कर,dev,42,google/mt5-base,models/mt5_detox_baseline/seed42,beam4,हलाला की पैदाइश तू चुप कर,हलाला की पैदाइश तू चुप कर,False,False,False,False,False,False,False,25
hi-0153,hi-g0331,hi,ये हरामी खुलेआम अलगाववादी भाषा बोल रहा है।,ये बेकार आदमी खुलेआम अलगाववादी भाषा बोल रहा है।,dev,42,google/mt5-base,models/mt5_detox_baseline/seed42,beam4,ये हरामी खुलेआम अलगाववादी भाषा बोल रहा है।,ये हरामी खुलेआम अलगाववादी भाषा बोल रहा है।,False,False,True,True,False,False,False,42
hi-0178,hi-g0032,hi,"अरे भेनचोद चुतीया तु केरेक्टर की बात कर रहा है,","बुरी सोच वाला आदमी तु केरेक्टर की बात कर रहा है,",dev,42,google/mt5-base,models/mt5_detox_baseline/seed42,beam4,"अरे चुतीया तु केरेक्टर की बात कर रहा है,","अरे चुतीया तु केरेक्टर की बात कर रहा है,",False,False,False,False,False,False,False,40
hi-0182,hi-g0190,hi,तेरी मां का भोसड़ा जिस धोनी के नाम पर उछल रहा है ना उस धोनी को दादा ने बनाया तीन नम्बर पर बैटिंग करवा कर,जिस धोनी के नाम पर उछल रहे हो ना उस धोनी को दादा ने बनाया तीन नम्बर पर बैटिंग करवा कर,dev,42,google/mt5-base,models/mt5_detox_baseline/seed42,beam4,तेरी मां का भोसड़ा जिस धोनी के नाम पर उछल रहा है ना उस धोनी को दादा ने बनाया तीन नम्बर पर बैटिंग करवा कर,तेरी मां का भोसड़ा जिस धोनी के नाम पर उछल रहा है ना उस धोनी को दादा ने बनाया तीन नम्बर पर बैटिंग करवा कर,False,False,True,True,False,False,False,104
hi-0188,hi-g0223,hi,पिछवाड़ा चाटने वाला को <number> लाख देता है भड़वा |,चापलूसी करने वाला को <number> लाख देता है यह भ्रष्ट आदमी |,dev,42,google/mt5-base,models/mt5_detox_baseline/seed42,beam4,पिछवाड़ा चाटने वाला को <number> लाख देता है |,पिछवाड़ा चाटने वाला को <number> लाख देता है |,False,False,False,False,False,False,False,45
hi-0208,hi-g0100,hi,कही जाके अब तो डूब मर भड़वे !!,कही जाके अब तो डूब मर !!,dev,42,google/mt5-base,models/mt5_detox_baseline/seed42,beam4,कही जाके अब तो डूब मर भड़वे !!,कही जाके अब तो डूब मर भड़वे !!,False,False,True,True,False,False,False,30
hi-0240,hi-g0312,hi,ये तुम्हारे समझ के बाहर है तुम रंडी रोओ इधर मत घुसो।,ये तुम्हारे समझ के बाहर है तुम बेकार के बहाने करो इधर मत घुसो।,dev,42,google/mt5-base,models/mt5_detox_baseline/seed42,beam4,ये तुम्हारे समझ के बाहर है तुम रोओ इधर मत घुसो,ये तुम्हारे समझ के बाहर है तुम रोओ इधर मत घुसो,False,False,False,False,False,False,False,46
hi-0253,hi-g0046,hi,आजम खान कुछ भी बोलता है । इस मादरचोद को उड़ा दो साले को ।,आजम खान कुछ भी बोलता है । इस को उड़ा दो  ।,dev,42,google/mt5-base,models/mt5_detox_baseline/seed42,beam4,आजम खान कुछ भी बोलता है । इस को उड़ा दो साले को ।,आजम खान कुछ भी बोलता है । इस को उड़ा दो साले को ।,False,False,False,False,False,False,False,49
hi-0272,hi-g0124,hi,"क्यों, मुकाबला करने में गांड फटती है क्या?","क्यों, मुकाबला करने में डर लगता है क्या?",dev,42,google/mt5-base,models/mt5_detox_baseline/seed42,beam4,"क्यों, मुकाबला करने में गांड फटती है क्या?","क्यों, मुकाबला करने में गांड फटती है क्या?",False,False,True,True,False,False,False,42
hi-0287,hi-g0226,hi,पोस्टर बनाने बाले कि बेटी मादरचोद मेरे पास ही चुदेगी लौड़े,पोस्टर बनाने वाले पर सख्त से सख्त कार्रवाई होनी चाहिए,dev,42,google/mt5-base,models/mt5_detox_baseline/seed42,beam4,पोस्टर बनाने बाले कि बेटी मेरे पास ही चुदेगी लौड़े,पोस्टर बनाने बाले कि बेटी मेरे पास ही चुदेगी लौड़े,False,False,False,False,False,False,False,50
hi-0352,hi-g0247,hi,भाजपा जॉइन कर के रजिस्टर्ड भड़वा कब बन रहे हो..???,भाजपा जॉइन कर के रजिस्टर्ड बुरे आदमी कब बन रहे हो..???,dev,42,google/mt5-base,models/mt5_detox_baseline/seed42,beam4,भाजपा जॉइन कर के रजिस्टर्ड भड़वा कब बन रहे हो..???,भाजपा जॉइन कर के रजिस्टर्ड भड़वा कब बन रहे हो..???,False,False,True,True,False,False,False,50
hi-0353,hi-g0052,hi,"इन जैसे चमार, सुअर का प्रमोशन करके मै इन्हें फेसबुक से ट्विटर पर ले आई हूं।",इन जैसे बुरे लोगों का प्रमोशन करके मै इन्हें फेसबुक से ट्विटर पर ले आई हूं।,dev,42,google/mt5-base,models/mt5_detox_baseline/seed42,beam4,इन जैसे लोगों का प्रमोशन करके मै इन्हें फेसबुक से ट्विटर पर ले आई हूं।,इन जैसे लोगों का प्रमोशन करके मै इन्हें फेसबुक से ट्विटर पर ले आई हूं।,False,False,False,False,False,False,False,70
hi-0365,hi-g0155,hi,"ज्यादा गांड ना फुलाओ,  गांड फाड़ देंगे ।","ज्यादा मत उछलो, शांत कर देंगे ।।",dev,42,google/mt5-base,models/mt5_detox_baseline/seed42,beam4,"ज्यादा गांड ना बुरो, गांड फाड़ देंगे ।","ज्यादा गांड ना बुरो, गांड फाड़ देंगे ।",False,False,False,False,False,False,False,38
hi-0392,hi-g0301,hi,यह काला सूअर भी तो 10 जनपद का टॉयलेट साफ करने वाला है,यह भी तो 10 जनपद का टॉयलेट साफ करने वाला है,dev,42,google/mt5-base,models/mt5_detox_baseline/seed42,beam4,यह भी तो 10 जनपद का टॉयलेट साफ करने वाला है,यह भी तो 10 जनपद का टॉयलेट साफ करने वाला है,False,False,False,False,False,False,False,43
hi-0397,hi-g0110,hi,कुछ नेता तो इतने कमीने टाइप के होते हैं,कुछ नेता तो इतने गंदी सोच वाले होते हैं,dev,42,google/mt5-base,models/mt5_detox_baseline/seed42,beam4,कुछ नेता तो इतने कमीने टाइप के होते हैं,कुछ नेता तो इतने कमीने टाइप के होते हैं,False,False,True,True,False,False,False,39
uk-0031,uk-g0358,uk,не лишайте пухнастих мудаків наодинці зі шкарпетками,не лишайте пухнастих наодинці зі шкарпетками,dev,42,google/mt5-base,models/mt5_detox_baseline/seed42,beam4,Не лишайте пухнастих мудаків наодинці зі шкарпетками,Не лишайте пухнастих мудаків наодинці зі шкарпетками,False,False,False,True,False,False,False,52
uk-0041,uk-g0312,uk,"Як воно, схоже  бляді на ваші ""незаангажовані"" опитування?","Як воно, схоже на ваші ""незаангажовані"" опитування?",dev,42,google/mt5-base,models/mt5_detox_baseline/seed42,beam4,"Як воно, схоже на ваші ""незаангажовані"" опитування?","Як воно, схоже на ваші ""незаангажовані"" опитування?",False,False,False,False,False,False,False,51
uk-0046,uk-g0090,uk,"Вкотре переконуюсь, шо я думаю піздою, а не мозком, блять","Ще раз переконуюсь, що я думаю чимось, а не мозком",dev,42,google/mt5-base,models/mt5_detox_baseline/seed42,beam4,"Вкотре переконуюсь, шо я думаю піздою, а не мозком","Вкотре переконуюсь, шо я думаю піздою, а не мозком",False,False,False,False,False,False,False,50
uk-0076,uk-g0197,uk,Один хуй хріново добиратись з Наукової до Рясне шо старим 131 шо новим 11 #lviv #піздєц,Однаково погано добиратись з Наукової до Рясне шо старим 131 шо новим 11 #lviv,dev,42,google/mt5-base,models/mt5_detox_baseline/seed42,beam4,Один хріново добиратись з Наукової до Рясне шо старим 131 шо новим 11 #lviv #піздєц,Один хріново добиратись з Наукової до Рясне шо старим 131 шо новим 11 #lviv #піздєц,False,False,False,False,False,False,False,83
uk-0078,uk-g0374,uk,"словом, заїбало то всьо. ви кто такіє? я вас нє звал. ідітє нахуй","словом, набридло то всьо. ви кто такіє? я вас не звал. iдіть звідси",dev,42,google/mt5-base,models/mt5_detox_baseline/seed42,beam4,"словом, заїбало то всьо. ви кто такіє? я вас нє звал. ідітє нахуй","словом, заїбало то всьо. ви кто такіє? я вас нє звал. ідітє нахуй",False,False,True,True,False,False,False,65
uk-0090,uk-g0095,uk,"Все блять, привіт пенсіонерський відпочинок: сходила в замок, погуляла набережною, випила, тепер наступні дві доби хочу просто проспати в номері.","привіт пенсіонерський відпочинок: сходила в замок, погуляла набережною, випила, тепер наступні дві доби хочу просто проспати в номері.",dev,42,google/mt5-base,models/mt5_detox_baseline/seed42,beam4,"Все блять, привіт пенсіонерський відпочинок: сходила в замок, погуляла набережною, випила, тепер наступні дві доби хочу просто проспати в номері.","Все блять, привіт пенсіонерський відпочинок: сходила в замок, погуляла набережною, випила, тепер наступні дві доби хочу просто проспати в номері.",False,False,True,True,False,False,False,145
uk-0097,uk-g0025,uk,"-ЦЕ ТИ МЕНЕ ЩА ЖИРНИМ ОБІЗВАЛА, ТА?!","-ЦЕ ТИ МЕНЕ ЩА ТОВСТИМ ОБІЗВАЛА, ТА?!",dev,42,google/mt5-base,models/mt5_detox_baseline/seed42,beam4,"ЦЕ ТИ МЕНЕ ЩА ЖИРНИМ ОБІЗВАЛА, ТА?!","ЦЕ ТИ МЕНЕ ЩА ЖИРНИМ ОБІЗВАЛА, ТА?!",False,False,False,False,False,False,False,35
uk-0105,uk-g0302,uk,Я можу придумувати їбануті програми для СТБ.,Я можу придумувати дивні програми для СТБ.,dev,42,google/mt5-base,models/mt5_detox_baseline/seed42,beam4,Я можу придумувати програми для СТБ.,Я можу придумувати програми для СТБ.,False,False,False,False,False,False,False,36
uk-0113,uk-g0043,uk,"А варто лиш почути тупу наркоманську фігню, ржу як коняка.","А варто лиш почути всяку наркоманську фігню, ржу як коняка.",dev,42,google/mt5-base,models/mt5_detox_baseline/seed42,beam4,"А варто лиш почути тупу наркоманську фігню, ржу як коняка.","А варто лиш почути тупу наркоманську фігню, ржу як коняка.",False,False,True,True,False,False,False,58
uk-0117,uk-g0341,uk,"вже майже четверта, а я не сплю, блять","вже майже четверта, а я не сплю, що за",dev,42,google/mt5-base,models/mt5_detox_baseline/seed42,beam4,"Вже майже четверта, а я не сплю","Вже майже четверта, а я не сплю",False,False,False,False,False,False,False,31
uk-0121,uk-g0059,uk,"Апятьдвадцатьпять, курва)) ну але так уж бить, мені не звикати)",'А п''ять двадцять п''ять)) ну не так вже бити мене не звикати)',dev,42,google/mt5-base,models/mt5_detox_baseline/seed42,beam4,"Апятьдвадцатьпять, курва)) ну але так уж бить, мені не звикати)","Апятьдвадцатьпять, курва)) ну але так уж бить, мені не звикати)",False,False,True,True,False,False,False,63
uk-0132,uk-g0077,uk,"Бо сука-блять перша ночі, а ти тут розлігся як тюлєнь на льодовику.","Бо перша ночі, а ти тут розлігся як тюлєнь на льодовику.",dev,42,google/mt5-base,models/mt5_detox_baseline/seed42,beam4,"Бо перша ночі, а ти тут розлігся як тюлєнь на льодовику.","Бо перша ночі, а ти тут розлігся як тюлєнь на льодовику.",False,False,False,False,False,False,False,56
uk-0136,uk-g0177,uk,"Ну бляха, як воно звучить","Ну блін, як воно звучить",dev,42,google/mt5-base,models/mt5_detox_baseline/seed42,beam4,"Ну, як воно звучить","Ну, як воно звучить",False,False,False,False,False,False,False,19
uk-0161,uk-g0258,uk,"Тому що ідіть нахуй, ось чому.","Тому що ідіть звідси, ось чому.",dev,42,google/mt5-base,models/mt5_detox_baseline/seed42,beam4,"Тому що ідіть нахуй, ось чому.","Тому що ідіть нахуй, ось чому.",False,False,True,True,False,False,False,30
uk-0167,uk-g0221,uk,"Пізда катьонку, більше срать не буде.","Кінець катьонкуі, більше какати не буде.",dev,42,google/mt5-base,models/mt5_detox_baseline/seed42,beam4,"Пізда, більше срать не буде.","Пізда, більше срать не буде.",False,False,False,False,False,False,False,28
uk-0173,uk-g0119,uk,"Завжди хотіла бути коханкою, а не дружиною, бо їх просто трахають і все.","Завжди хотіла бути коханкою, а не дружиною, бо з ними просто злягаються і все.",dev,42,google/mt5-base,models/mt5_detox_baseline/seed42,beam4,"Завжди хотіла бути коханкою, а не дружиною, бо їх просто трахають і все.","Завжди хотіла бути коханкою, а не дружиною, бо їх просто трахають і все.",False,False,True,True,False,False,False,72
uk-0229,uk-g0052,uk,"А чи не мразь ти, Дмитро?","чи не редиска ти, Дмитро?",dev,42,google/mt5-base,models/mt5_detox_baseline/seed42,beam4,"А чи не мразь ти, Дмитро?","А чи не мразь ти, Дмитро?",False,False,True,True,False,False,False,25
uk-0233,uk-g0073,uk,"Бляха, нахєра ми це зробили?",навіщо ми це зробили?,dev,42,google/mt5-base,models/mt5_detox_baseline/seed42,beam4,"Бляха, ми це зробили?","Бляха, ми це зробили?",False,False,False,False,False,False,False,21
uk-0237,uk-g0298,uk,"Я блять третій день в хаті, а звалити звідси хочеться ВЖЕ І НЕГАЙНО.","Я третій день в хаті, а втікти  звідси хочеться ВЖЕ І НЕГАЙНО.",dev,42,google/mt5-base,models/mt5_detox_baseline/seed42,beam4,"Я третій день в хаті, а звалити звідси хочеться ВЖЕ І НЕГАЙНО.","Я третій день в хаті, а звалити звідси хочеться ВЖЕ І НЕГАЙНО.",False,False,False,False,False,False,False,62
uk-0243,uk-g0343,uk,"всі, кому не нрав Євробачення тікайте з села,вам пизда #Eurovision","всі, кому не нрав Євробачення тікайте з села",dev,42,google/mt5-base,models/mt5_detox_baseline/seed42,beam4,"Всі, кому не нрав Євробачення тікайте з села,вам пизда #Eurovision","Всі, кому не нрав Євробачення тікайте з села,вам пизда #Eurovision",False,False,False,True,False,False,False,66
uk-0309,uk-g0004,uk,"'Але звинувачувати у проруснявій позиції можуть лише повні, абсолютно кончені дегенерати, п''янь від люмпеноти, русня і підруснявлені манкурти.'","Але звинувачувати у проросійській позиції можуть лише повні, абсолютно нерозумні люди.",dev,42,google/mt5-base,models/mt5_detox_baseline/seed42,beam4,"але звинувачувати у проруснявій позиції можуть лише повні, абсолютно кончені люди, п''янь від люмпеноти, русня і підруснявлені манкурти.'","але звинувачувати у проруснявій позиції можуть лише повні, абсолютно кончені люди, п''янь від люмпеноти, русня і підруснявлені манкурти.'",False,False,False,False,False,False,False,137
uk-0330,uk-g0308,uk,"Я хуй його знає, одного мене вже прикачала та кроватка-бук у стрічці?","Я а хто його знає, одного мене вже прикачала та кроватка-бук у стрічці?",dev,42,google/mt5-base,models/mt5_detox_baseline/seed42,beam4,"Я його знає, одного мене вже прикачала та кроватка-бук у стрічці?","Я його знає, одного мене вже прикачала та кроватка-бук у стрічці?",False,False,False,False,False,False,False,65
uk-0349,uk-g0330,uk,"блядь, сам казав, шо побачив моє фото і собі захотів поставити.","блін, сам казав, шо побачив моє фото і собі захотів поставити.",dev,42,google/mt5-base,models/mt5_detox_baseline/seed42,beam4,"Сам казав, шо побачив моє фото і собі захотів поставити.","Сам казав, шо побачив моє фото і собі захотів поставити.",False,False,False,False,False,False,False,56
uk-0358,uk-g0057,uk,Але це ж ТИИИ бля ігнориш Це обідно.,Але це ж ТИИИ ігнориш Це обідно.,dev,42,google/mt5-base,models/mt5_detox_baseline/seed42,beam4,Але це ж ТИИИ бля ігнориш Це обідно,Але це ж ТИИИ бля ігнориш Це обідно,False,False,False,False,False,False,False,35
uk-0363,uk-g0056,uk,"Аби, бляді, крові не зробили, аля ""тітушки вночі напалі на 12 рєдут"".;(","Аби крові не зробили, аля ""тітушки вночі напалі на 12 рєдут"".;(",dev,42,google/mt5-base,models/mt5_detox_baseline/seed42,beam4,"Аби, крові не зробили, аля ""тітушки вночі напалі на 12 рєдут"".;(","Аби, крові не зробили, аля ""тітушки вночі напалі на 12 рєдут"".;(",False,False,False,False,False,False,False,64
uk-0364,uk-g0069,uk,"Блядь, то кімнати в сусідньому гуртожитку...",то кімнати в сусідньому гуртожитку...,dev,42,google/mt5-base,models/mt5_detox_baseline/seed42,beam4,"Блядь, то кімнати в сусідньому гуртожитку...","Блядь, то кімнати в сусідньому гуртожитку...",False,False,True,True,False,False,False,44
uk-0389,uk-g0278,uk,ЦЕ ЯКИЙСЬ СТЬОБ ВІД РОЗРОБНИКІВ,Це якесь знущання від розробників,dev,42,google/mt5-base,models/mt5_detox_baseline/seed42,beam4,ЦЕ ЯКИЙСЬ СТЬОБ ВІД РОЗРОБНИКІВ,ЦЕ ЯКИЙСЬ СТЬОБ ВІД РОЗРОБНИКІВ,False,False,True,True,False,False,False,31
xh-0028,xh-g0047,xh,Ndiza kukwenza utye la magama.,Andivumelani nento oyithethileyo.,dev,42,google/mt5-base,models/mt5_detox_baseline/seed42,beam4,Ndifuna ukuqinisekisa ukuba unengxaki yakho.,Ndifuna ukuqinisekisa ukuba unengxaki yakho.,False,False,False,False,False,False,False,44
xh-0031,xh-g0155,xh,Uya kuzisola owakhe waqalisa oku.,Ndinqwenela ukuba sifumane isisombululo esinoxolo ngakumbi.,dev,42,google/mt5-base,models/mt5_detox_baseline/seed42,beam4,Ndifuna ukuqinisekisa ukuba unengxaki yakho.,Ndifuna ukuqinisekisa ukuba unengxaki yakho.,False,False,False,False,False,False,False,44
xh-0052,xh-g0133,xh,Uya kubandezeleka iziphumo zezenzo zakho.,Izenzo zinezinto ezihlaziyiweyo.,dev,42,google/mt5-base,models/mt5_detox_baseline/seed42,beam4,Ndifuna ukuqinisekisa iziphumo zakho.,Ndifuna ukuqinisekisa iziphumo zakho.,False,False,False,False,False,False,False,37
xh-0056,xh-g0126,xh,Usayine nje iwaranti yakho.,Ubunzulu bemeko kukubona kakhulu.,dev,42,google/mt5-base,models/mt5_detox_baseline/seed42,beam4,Ndifuna ukuqinisekisa ukuba ulungile.,Ndifuna ukuqinisekisa ukuba ulungile.,False,False,False,False,False,False,False,37
xh-0059,xh-g0027,xh,"Ndinqumle, kwaye uya kuzisola.",Ndiyakubongoza ukuba uqwalasele kwakhona iziphumo zakho ngezizenzo.,dev,42,google/mt5-base,models/mt5_detox_baseline/seed42,beam4,Ndifuna ukuqinisekisa ukuba ulungile.,Ndifuna ukuqinisekisa ukuba ulungile.,False,False,False,False,False,False,False,37
xh-0067,xh-g0130,xh,Utywine ikamva lakho.,Ukukhetha kwakho kukhokelele kwimeko enzima.,dev,42,google/mt5-base,models/mt5_detox_baseline/seed42,beam4,Ndifuna ukuqinisekisa ukuba unengxaki yakho.,Ndifuna ukuqinisekisa ukuba unengxaki yakho.,False,False,False,False,False,False,False,44
xh-0068,xh-g0020,xh,Kuya kubakho isihogo ukuba sihlawule.,Kuya kubakho izinto ezinzulu.,dev,42,google/mt5-base,models/mt5_detox_baseline/seed42,beam4,Kuya kubakho isisombululo esikhethekileyo.,Kuya kubakho isisombululo esikhethekileyo.,False,False,False,False,False,False,False,42
xh-0078,xh-g0134,xh,Uya kucela inceba yam.,Ndifuna isisombululo esigcina isidima.,dev,42,google/mt5-base,models/mt5_detox_baseline/seed42,beam4,Ndifuna ukuqinisekisa ukuba umntu uya kuhamba.,Ndifuna ukuqinisekisa ukuba umntu uya kuhamba.,False,False,False,False,False,False,False,46
xh-0079,xh-g0080,xh,Ubomi bakho buya kuphulukana.,Le meko iye yanda ukuya kwinqanaba elinzima.,dev,42,google/mt5-base,models/mt5_detox_baseline/seed42,beam4,Ubomi bakho buya ukuphazamisa.,Ubomi bakho buya ukuphazamisa.,False,False,False,False,False,False,False,30
xh-0089,xh-g0150,xh,Uya kuzisola ngale ntsasa.,Unokuziva ngokwahlukileyo ngale nto kamva.,dev,42,google/mt5-base,models/mt5_detox_baseline/seed42,beam4,Ndiyathemba ukuba uyakulungisa indlela eyahlukileyo.,Ndiyathemba ukuba uyakulungisa indlela eyahlukileyo.,False,False,False,False,False,False,False,52
xh-0090,xh-g0066,xh,Ndiza kwenza ukuba ubhatale kalishumi ngaphezulu.,Ndiza kufuna umonakalo obalulekileyo.,dev,42,google/mt5-base,models/mt5_detox_baseline/seed42,beam4,Ndifuna ukuqinisekisa ukuba ulungile.,Ndifuna ukuqinisekisa ukuba ulungile.,False,False,False,False,False,False,False,37
xh-0095,xh-g0062,xh,Ndiza kutshabalalisa ukuthembeka kwakho.,Ndixhalabile ngefuthe kwigama lakho.,dev,42,google/mt5-base,models/mt5_detox_baseline/seed42,beam4,Ndifuna ukuqinisekisa ukuba unengxaki yakho.,Ndifuna ukuqinisekisa ukuba unengxaki yakho.,False,False,False,False,False,False,False,44
xh-0099,xh-g0072,xh,Ndizokuyeka amandla am aphelele kuwe.,Ndifumana uxinizelelo olukhulu kwaye ndifuna isisombululo esikhawulezileyo nesilinganayo.,dev,42,google/mt5-base,models/mt5_detox_baseline/seed42,beam4,Ndifuna ukuqinisekisa ukuba unengxaki yakho.,Ndifuna ukuqinisekisa ukuba unengxaki yakho.,False,False,False,False,False,False,False,44
xh-0101,xh-g0067,xh,Ndiza kwenza ukubakho okuqhubekayo kokubakho.,Ndizimisele ukufumana indlela eya phambili eqinisekisa ukuba impilo-ntle yabo bonke ababandakanyekayo kwaye bathintela ukonakala okungaphezulu.,dev,42,google/mt5-base,models/mt5_detox_baseline/seed42,beam4,Ndifuna ukuqinisekisa ukuba ulungile.,Ndifuna ukuqinisekisa ukuba ulungile.,False,False,False,False,False,False,False,37
xh-0108,xh-g0079,xh,U-DUMBER kune-geknob.,Unendlela eyahlukileyo yokujonga izinto.,dev,42,google/mt5-base,models/mt5_detox_baseline/seed42,beam4,U-DUMBER yakholelwa.,U-DUMBER yakholelwa.,False,False,False,False,False,False,False,20
xh-0111,xh-g0008,xh,Awungekhe ugalele amanzi kwi-boot enemiyalelo yesithende.,Lo msebenzi unokuba ngumngeni kuwe.,dev,42,google/mt5-base,models/mt5_detox_baseline/seed42,beam4,Ndifuna ukuqinisekisa ukuba ulungile.,Ndifuna ukuqinisekisa ukuba ulungile.,False,False,False,False,False,False,False,37
xh-0118,xh-g0017,xh,Inqaku lakho le-IQ libushushu kwigumbi.,Ubukrelekrele bunzima kwaye bungangafani.,dev,42,google/mt5-base,models/mt5_detox_baseline/seed42,beam4,Ndifuna ukuqinisekisa ukuba unengxaki yakho.,Ndifuna ukuqinisekisa ukuba unengxaki yakho.,False,False,False,False,False,False,False,44
xh-0123,xh-g0078,xh,Ngokucacileyo awuzange umphambukeli ngumphezulu wengqondo.,Unazo ezinye iimpawu ezixabisekileyo.,dev,42,google/mt5-base,models/mt5_detox_baseline/seed42,beam4,Ndifuna ukuqinisekisa ukuba ulungile.,Ndifuna ukuqinisekisa ukuba ulungile.,False,False,False,False,False,False,False,37
xh-0127,xh-g0096,xh,Ujongeka ngathi yiyo i-Cat etsaliwe.,Awubonakali ngathi uziva ungcono.,dev,42,google/mt5-base,models/mt5_detox_baseline/seed42,beam4,Ujongeka ngathi yi-Cat etsalwe.,Ujongeka ngathi yi-Cat etsalwe.,False,False,False,False,False,False,False,31
xh-0129,xh-g0120,xh,Unobuso kuphela umama onokuthanda.,Unenkangeleko eyahlukileyo.,dev,42,google/mt5-base,models/mt5_detox_baseline/seed42,beam4,Ndifuna ukuqinisekisa ukuba unengxaki yakho.,Ndifuna ukuqinisekisa ukuba unengxaki yakho.,False,False,False,False,False,False,False,44
xh-0130,xh-g0092,xh,Ujongeka ngathi ulele kwilahleko.,Ujongeka ngathi ungasebenzisa ukuphumla.,dev,42,google/mt5-base,models/mt5_detox_baseline/seed42,beam4,Ujongeka ngathi ujongeka ngathi ulungile.,Ujongeka ngathi ujongeka ngathi ulungile.,False,False,False,False,False,False,False,41
xh-0136,xh-g0024,xh,Lowo ulisikizi lisikizi.,Ngokuqinisekileyo impahla inyulu ngokuqinisekileyo lukhetho.,dev,42,google/mt5-base,models/mt5_detox_baseline/seed42,beam4,Ndifuna ukuqinisekisa ukuba ulungile.,Ndifuna ukuqinisekisa ukuba ulungile.,False,False,False,False,False,False,False,37
xh-0142,xh-g0023,xh,Lo mbala awukwenzi nto kuwe.,Lo mbala awunakuba lolona khetho lufanelekileyo kuwe.,dev,42,google/mt5-base,models/mt5_detox_baseline/seed42,beam4,Lo mbala awukwenzi nto kuwe.,Lo mbala awukwenzi nto kuwe.,False,False,True,True,False,False,False,28
xh-0146,xh-g0095,xh,Ujongeka ngathi yifoto.,Unakho ukujonga konke okusemandleni akho.,dev,42,google/mt5-base,models/mt5_detox_baseline/seed42,beam4,Ujongeka ngathi yingozi.,Ujongeka ngathi yingozi.,False,False,False,False,False,False,False,24
xh-0152,xh-g0007,xh,Awunayo indlela yokuziphatha.,Andivumelani nezenzo zakho.,dev,42,google/mt5-base,models/mt5_detox_baseline/seed42,beam4,Ndiyathemba ukuba indlela yokuziphatha yakho.,Ndiyathemba ukuba indlela yokuziphatha yakho.,False,False,False,False,False,False,False,45
xh-0176,xh-g0176,xh,isidenge,ukuqonda kwakho kufuna ukuphuculwa,dev,42,google/mt5-base,models/mt5_detox_baseline/seed42,beam4,Ndifuna ukuqinisekisa ukuba isisombululo esinciphisa isisombululo esinciphisa.,Ndifuna ukuqinisekisa ukuba isisombululo esinciphisa isisombululo esinciphisa.,False,False,False,False,False,False,False,78
xh-0177,xh-g0177,xh,umfana ophambeneyo,indlela yakho imbi kakhulu,dev,42,google/mt5-base,models/mt5_detox_baseline/seed42,beam4,Ndifuna ukuqinisekisa ukuba umntu ulungile.,Ndifuna ukuqinisekisa ukuba umntu ulungile.,False,False,False,False,False,False,False,43
yo-0001,yo-g0063,yo,O jẹ́ aláìlera pátápátá,Ìlera rẹ nilo àtúnṣe,dev,42,google/mt5-base,models/mt5_detox_baseline/seed42,beam4,Ìlera rẹ nílò àtúnṣe,Ìlera rẹ nílò àtúnṣe,False,False,False,False,False,False,True,20
yo-0004,yo-g0084,yo,O ń nimí lára,Ìṣe rẹ lè nílò àtúnṣe,dev,42,google/mt5-base,models/mt5_detox_baseline/seed42,beam4,O nílò àbájáde rẹ nílò àbájáde,O nílò àbájáde rẹ nílò àbájáde,False,False,False,False,False,False,False,30
yo-0016,yo-g0062,yo,O jẹ́ aláìlera ní ọpọlọ,Ìmọ̀ rẹ lè tẹ̀síwájú pẹ̀lú ìmúlò,dev,42,google/mt5-base,models/mt5_detox_baseline/seed42,beam4,Ìṣe rẹ nílò àtúnṣe,Ìṣe rẹ nílò àtúnṣe,False,False,False,False,False,False,False,18
yo-0027,yo-g0111,yo,Ìmọ̀ràn rẹ̀ kò pé,Ìmọ̀ràn rẹ̀ nílò àfikún síi,dev,42,google/mt5-base,models/mt5_detox_baseline/seed42,beam4,Ìmọ̀ràn rẹ̀ nílò àtúnṣe,Ìmọ̀ràn rẹ̀ nílò àtúnṣe,False,False,False,False,False,False,False,23
yo-0029,yo-g0100,yo,Ìdáhùn rẹ̀ burú,Ìdáhùn rẹ̀ nílò ìtúnṣe díẹ̀,dev,42,google/mt5-base,models/mt5_detox_baseline/seed42,beam4,Ìdáhùn rẹ̀ nílò àtúnṣe,Ìdáhùn rẹ̀ nílò àtúnṣe,False,False,False,False,False,False,False,22
yo-0033,yo-g0103,yo,Ìjìnlẹ̀ ẹ̀kọ́ rẹ̀ kéré,Ẹ̀kọ́ rẹ̀ nílò ìfọkànsìn síi,dev,42,google/mt5-base,models/mt5_detox_baseline/seed42,beam4,Ìjìnlẹ̀ rẹ̀ nílò àtúnṣe,Ìjìnlẹ̀ rẹ̀ nílò àtúnṣe,False,False,False,False,False,False,False,23
yo-0037,yo-g0163,yo,Ọmọ yìí jẹ́ aláṣejù,Ìhùwàsí ọmọ yìí kò dára tó,dev,42,google/mt5-base,models/mt5_detox_baseline/seed42,beam4,Ọmọ yìí jẹ́ aláṣejù,Ọmọ yìí jẹ́ aláṣejù,False,False,True,True,False,False,False,19
yo-0040,yo-g0164,yo,Ọmọ yìí ṣọ̀kanjúwà,hùwàsí ọmọ yìí kò tọ́; ó yẹ kí ó ṣàtúnṣe.,dev,42,google/mt5-base,models/mt5_detox_baseline/seed42,beam4,Ọmọ yìí ṣọ̀kanjúwà,Ọmọ yìí ṣọ̀kanjúwà,False,False,True,True,False,False,False,18
yo-0044,yo-g0057,yo,O jẹ aláìníwà àti ẹni ẹ̀rù,Ìwà yìí kò pé; jọ̀wọ́ ṣàtúnṣe,dev,42,google/mt5-base,models/mt5_detox_baseline/seed42,beam4,Ìṣe rẹ nílò àtúnṣe,Ìṣe rẹ nílò àtúnṣe,False,False,False,False,False,False,False,18
yo-0063,yo-g0036,yo,Máa jẹ́ kí o bínú gan-an.,ìwà rẹ yìí ko bójúmu to,dev,42,google/mt5-base,models/mt5_detox_baseline/seed42,beam4,Ìṣe rẹ yìí kò bójú mu,Ìṣe rẹ yìí kò bójú mu,False,False,False,False,False,False,False,21
yo-0065,yo-g0029,yo,Máa fọ ojú ẹ,Mo bínú gan-an sí ohun tí o ṣe,dev,42,google/mt5-base,models/mt5_detox_baseline/seed42,beam4,Ìṣe rẹ nílò àtúnṣe,Ìṣe rẹ nílò àtúnṣe,False,False,False,False,False,False,False,18
yo-0070,yo-g0041,yo,Máa jẹ́ kí o ní ìfarapa.,Máa fi hàn pé o ṣe ohun ti ko dara,dev,42,google/mt5-base,models/mt5_detox_baseline/seed42,beam4,Ìṣe rẹ ní àbájáde; jọ̀wọ́ yìí kò bójú mu,Ìṣe rẹ ní àbájáde; jọ̀wọ́ yìí kò bójú mu,False,False,False,False,False,False,False,40
yo-0084,yo-g0138,yo,Ìwọ yóò banujẹ pé o pàdé mi.,"Ọ̀rọ̀ yìí lè fa ìyàgò, jọ̀wọ́ je kí ìpàdé wa jẹ́ aláfià",dev,42,google/mt5-base,models/mt5_detox_baseline/seed42,beam4,Ìṣe yìí kò bójú mu,Ìṣe yìí kò bójú mu,False,False,False,False,False,False,False,18
yo-0091,yo-g0035,yo,Máa jẹ́ kí o banujẹ ìpinnu yìí.,Ìpinnu yìí lè yọrí sí abájáde mìíràn,dev,42,google/mt5-base,models/mt5_detox_baseline/seed42,beam4,Ìpinnu yìí kò bójú mu,Ìpinnu yìí kò bójú mu,False,False,False,False,False,False,False,21
yo-0094,yo-g0039,yo,Máa jẹ́ kí o jìyà lórí ohun tí o kò rò.,Abájáde na lè ju ohun tí o rò lọ,dev,42,google/mt5-base,models/mt5_detox_baseline/seed42,beam4,Ìṣe rẹ nílò àtúnṣe,Ìṣe rẹ nílò àtúnṣe,False,False,False,False,False,False,False,18
yo-0099,yo-g0050,yo,Máa tú oró si ẹ lara.,Kò sí ìṣe tí yóò kọja ìlànà,dev,42,google/mt5-base,models/mt5_detox_baseline/seed42,beam4,Ìṣe rẹ yìí kò bójú mu,Ìṣe rẹ yìí kò bójú mu,False,False,False,False,False,False,False,21
yo-0104,yo-g0038,yo,Máa jẹ́ kí o jìyà ju ohun tí o lè rò lọ.,Abájáde lè ju ireti lọ bí o ṣe ṣàkóso èyí,dev,42,google/mt5-base,models/mt5_detox_baseline/seed42,beam4,Ìṣe rẹ nílò àtúnṣe,Ìṣe rẹ nílò àtúnṣe,False,False,False,False,False,False,False,18
yo-0112,yo-g0039,yo,Máa jẹ́ kí o jìyà lórí ohun tí o kò rò.,Abájáde nkan lè tóbi ju bó ṣe rò lọ,dev,42,google/mt5-base,models/mt5_detox_baseline/seed42,beam4,Ìṣe rẹ nílò àtúnṣe,Ìṣe rẹ nílò àtúnṣe,False,False,False,False,False,False,False,18
yo-0113,yo-g0045,yo,Máa pa orúkọ rẹ run.,Orúkọ rere lè dín kù nítorí ìṣe yìí,dev,42,google/mt5-base,models/mt5_detox_baseline/seed42,beam4,Ìṣe rẹ nílò àtúnṣe,Ìṣe rẹ nílò àtúnṣe,False,False,False,False,False,False,False,18
yo-0122,yo-g0021,yo,Mo fẹ́ kí o jìyà fún ohun tí o ṣe.,Mo fẹ́ kí a tẹ̀lé ìlànà lori ọ̀ràn yìí,dev,42,google/mt5-base,models/mt5_detox_baseline/seed42,beam4,Mo fẹ́ kí o ṣe àtúnṣe,Mo fẹ́ kí o ṣe àtúnṣe,False,False,False,False,False,False,False,21
yo-0136,yo-g0103,yo,Ìjìnlẹ̀ ẹ̀kọ́ rẹ̀ kéré,Ìjìnlẹ̀ ẹ̀kọ́ rẹ̀ nílò ìfọkànsìn síi,dev,42,google/mt5-base,models/mt5_detox_baseline/seed42,beam4,Ìjìnlẹ̀ rẹ̀ nílò àtúnṣe,Ìjìnlẹ̀ rẹ̀ nílò àtúnṣe,False,False,False,False,False,False,False,23
yo-0137,yo-g0113,yo,Ìpinnu náà kò dáa,Ìpinnu náà nílò àtúnṣe díẹ̀,dev,42,google/mt5-base,models/mt5_detox_baseline/seed42,beam4,Ìpinnu náà kò dáa,Ìpinnu náà kò dáa,False,False,True,True,False,False,False,17
yo-0138,yo-g0102,yo,Ìhùwàsí rẹ̀ burú gan-an,Ìhùwàsí rẹ̀ nílò ìmúlò àtúnṣe,dev,42,google/mt5-base,models/mt5_detox_baseline/seed42,beam4,Ìhùwàsí rẹ̀ nílò àtúnṣe,Ìhùwàsí rẹ̀ nílò àtúnṣe,False,False,False,False,False,False,False,23
yo-0149,yo-g0001,yo,A ò lè fi ọ sípò pàtàkì,A lè fi ọ sípò pàtàkì bí o bá ṣàfihàn ìgboyà àti iṣẹ́ rere,dev,42,google/mt5-base,models/mt5_detox_baseline/seed42,beam4,A lè fi ọ sípò pàtàkì,A lè fi ọ sípò pàtàkì,False,False,False,False,False,False,False,21
yo-0153,yo-g0008,yo,Iwọ jẹ́ ẹ̀rù fún wa,Ìṣe rẹ̀ lè ṣiṣẹ́ pọ̀ bi o ba mú un dara,dev,42,google/mt5-base,models/mt5_detox_baseline/seed42,beam4,Ìṣe rẹ nílò àtúnṣe,Ìṣe rẹ nílò àtúnṣe,False,False,False,False,False,False,False,18
yo-0158,yo-g0053,yo,O dájú pé ìṣe rẹ̀ kò ní dára,"Bí o bá ṣiṣẹ́ pẹ̀lú òye, ìṣe rẹ̀ lè dára",dev,42,google/mt5-base,models/mt5_detox_baseline/seed42,beam4,Ìṣe rẹ̀ nílò àtúnṣe,Ìṣe rẹ̀ nílò àtúnṣe,False,False,False,False,False,False,False,19
yo-0164,yo-g0011,yo,Iwọ kò mọ̀ nǹkan kan,O nílò láti kọ́ ẹ̀kọ́ síi,dev,42,google/mt5-base,models/mt5_detox_baseline/seed42,beam4,Iwọ kò mọ̀ nílò àtúnṣe,Iwọ kò mọ̀ nílò àtúnṣe,False,False,False,False,False,False,False,22
am-0001,am-g0324,am,የምን አባትህ አድዋ ነው የምትዘክረው አንተ አጋስስ ሰይጣን የአድዋን ህዝብ በባዕድ እያስጨፈጨፍክ ስለአድዋ መጨፈር ከአሁን ጀምሮ አድዋ_ትግራይ_ናት። ት,አድዋ  የምንዘክረው አንተ የአድዋን ህዝብ እያስክፋህ መሆን የለበትም ከአሁን ጀምሮ አድዋ ትግራይም የኢትዮጵያም ናት።,test,42,google/mt5-base,models/mt5_detox_baseline/seed42,beam4,የምን አባትህ አድዋ ነው የምትዘክረው አንተ አጋስስ ሰይጣን የአድዋን ህዝብ በባዕድ እያስጨፈጨፍክ ስለአድዋ መጨፈር ከአሁን ጀምሮ አድዋ_ትግራይ_ናት። ት,የምን አባትህ አድዋ ነው የምትዘክረው አንተ አጋስስ ሰይጣን የአድዋን ህዝብ በባዕድ እያስጨፈጨፍክ ስለአድዋ መጨፈር ከአሁን ጀምሮ አድዋ_ትግራይ_ናት። ት,False,False,True,True,False,False,False,96
am-0007,am-g0030,am,ሃሃሃሃሃ.አይዱ ዲሉዥናል ይሉናል። የዲሉዢኑ ባለቤት ማን እንደሆነ በማያዳግም ሁኔታ ለመመስከር ከዘመን በላይ ማንን ምስክር እንጥራ እንግዲህ? ማየት ነው። :,የዲሉዢኑ ባለቤት ማን እንደሆነ ለመመስከር ከዘመን በላይ ማንን ምስክር እንጥራ እንግዲህ? ማየት ነው። :,test,42,google/mt5-base,models/mt5_detox_baseline/seed42,beam4,የዲሉዢኑ ባለቤት ማን እንደሆነ በማያዳግም ሁኔታ ለመመስከር ከዘመን በላይ ማንን ምስክር እንጥራ እንግዲህ? ማየት ነው። :,የዲሉዢኑ ባለቤት ማን እንደሆነ በማያዳግም ሁኔታ ለመመስከር ከዘመን በላይ ማንን ምስክር እንጥራ እንግዲህ? ማየት ነው። :,False,False,False,False,False,False,False,77
am-0011,am-g0107,am,በመጀመሪያ ወንደኛ አዳሬ የሚባል ቃል የለም ሲቀጥል ደግሞ በጣም የቅናት አስመሰለብህ ያጣ ለማኝ ተሳድቦ ይሄዳል አለ ያገሬ ሰው ።,በመጀመሪያ እንደዚህ የሚባል ቃል የለም ሲቀጥል ደግሞ ጥሩ ካልሆነ የቅናት መንፈስ ውስጥ የሆንክ ነው ያስመሰለብህ,test,42,google/mt5-base,models/mt5_detox_baseline/seed42,beam4,በመጀመሪያ ወንደኛ አዳሬ የሚባል ቃል የለም ሲቀጥል ደግሞ በጣም የቅናት አስመሰለብህ ያጣ ለማኝ ተሳድቦ ይሄዳል አለ ያገሬ ሰው ።,በመጀመሪያ ወንደኛ አዳሬ የሚባል ቃል የለም ሲቀጥል ደግሞ በጣም የቅናት አስመሰለብህ ያጣ ለማኝ ተሳድቦ ይሄዳል አለ ያገሬ ሰው ።,False,False,True,True,False,False,False,82
am-0017,am-g0019,am,PMOEthiopia የህዝብን ደህንነት የማይጠብቅ ውሻ ነው,የህዝብን ደህንነት የማይጠብቅ እምነት የማይጣልበት ሰው ነው,test,42,google/mt5-base,models/mt5_detox_baseline/seed42,beam4,PMOEthiopia የህዝብን ደህንነት የማይጠብቅ ሰው ነው,PMOEthiopia የህዝብን ደህንነት የማይጠብቅ ሰው ነው,False,False,False,False,False,False,False,36
am-0031,am-g0307,am,ኮተታም አሁን አተ ሰዉ ነህ ጭቅላትህ ሆድህ ነዉ ኤርሚያስን ለመተቸት ሞራል የለህም የአበበ ገላዉ የዉሸት ማስረጃ ማን ይሰማዋል,አንተ ራስ ወዳድ ነህ፤ ኤርምያስን የሚያስተችህ ነገር የለም፤ የአበበ ገላው ያልተረጋገጠ ማስረጃ መን ይቀበለዋል,test,42,google/mt5-base,models/mt5_detox_baseline/seed42,beam4,አሁን አተ ሰዉ ነህ ጭቅላትህ ሆድህ ነዉ ኤርሚያስን ለመተቸት ሞራል የለህም የአበበ ገላዉ የዉሸት ማስረጃ ማን ይሰማዋል,አሁን አተ ሰዉ ነህ ጭቅላትህ ሆድህ ነዉ ኤርሚያስን ለመተቸት ሞራል የለህም የአበበ ገላዉ የዉሸት ማስረጃ ማን ይሰማዋል,False,False,False,False,False,False,False,75
am-0057,am-g0165,am,አስቸኳይ በ ባቲ ከተማ ዛሬ ከቀኑ 10:00 ላይ ተመሳሳይ በህዝብ ላይ የ ፈንጂ(bomb)ጥቃት ሊፈፅሙ የተዘጋጁ አረመኔዎች በቁጥጥር ስር ዉለዋል,በ ባቲ ከተማ ዛሬ ከቀኑ 10:00 ላይ ተመሳሳይ በህዝብ ላይ ከፊተኛ ጥቃት ሊፈፅሙ የተዘጋጁ ሰዎች በቁጥጥር ስር ዉለዋል,test,42,google/mt5-base,models/mt5_detox_baseline/seed42,beam4,አስቸኳይ በባቲ ከተማ ዛሬ ከቀኑ 10:00 ላይ ተመሳሳይ በህዝብ ላይ የ ፈንጂ(bomb)ጥቃት ሊፈፅሙ የተዘጋጁ አረመኔዎች በቁጥጥር ስር ዉለዋል,አስቸኳይ በባቲ ከተማ ዛሬ ከቀኑ 10:00 ላይ ተመሳሳይ በህዝብ ላይ የ ፈንጂ(bomb)ጥቃት ሊፈፅሙ የተዘጋጁ አረመኔዎች በቁጥጥር ስር ዉለዋል,False,False,False,False,False,False,False,90
am-0059,am-g0051,am,መሐል ያልገባቺው እንደ ካሚሩናዊው ዳኛ በግለቱ ኮላፕስ አረገላሁ ብላ ነው።,መሐል ያልገባቺው እንደ ካሚሩናዊው ዳኛ በሙቀቱ ልወድቅ እችላለሁ ብላ ነው።,test,42,google/mt5-base,models/mt5_detox_baseline/seed42,beam4,መሐል ያልገባቺው እንደ ካሚሩናዊው ዳኛ በግለቱ ኮላፕስ አረገላሁ ብላ ነው።,መሐል ያልገባቺው እንደ ካሚሩናዊው ዳኛ በግለቱ ኮላፕስ አረገላሁ ብላ ነው።,False,False,True,True,False,False,False,47
am-0082,am-g0219,am,አንድ ነገር ይገርመኛል ኑሮን ለማሸነፍ ነብሱን አሰይዞ በባህር አረብ ሀገር የገባውን ምሰኪን አሸባሪ ብሉ ሰቃዩንይሰቃይ ብሎ የፈረደበት የሀገር መሪ እንዴት ነው መሪ ይሆነኛል በየ,አንድ ነገር ይገርመኛል ኑሮን ለማሸነፍ ነብሱን አሰይዞ በባህር አረብ ሀገር የገባውን ምሰኪን አታስፈልግም ብሎ የረሳውን መሪ እንዴት ነው መሪ ይሆነኛል በየ,test,42,google/mt5-base,models/mt5_detox_baseline/seed42,beam4,አንድ ነገር ይገርመኛል ኑሮን ለማሸነፍ ነብሱን አሰይዞ በባህር አረብ ሀገር የገባውን አሸባሪ ብሎ የፈረደበት የሀገር መሪ እንዴት ነው መሪ ይሆነኛል በየ,አንድ ነገር ይገርመኛል ኑሮን ለማሸነፍ ነብሱን አሰይዞ በባህር አረብ ሀገር የገባውን አሸባሪ ብሎ የፈረደበት የሀገር መሪ እንዴት ነው መሪ ይሆነኛል በየ,False,False,False,False,False,False,False,96
am-0093,am-g0163,am,አስመሳይ በለው:: እንዲህ አይነት እርምጥምጥ ሰው ማየት ሲቀፍ,ማስመሰል እና አንድ ነገር ላይ ብዙ መቆየት ይወዳል፡፡ እኔ ደሞ ደስ አይለኝም,test,42,google/mt5-base,models/mt5_detox_baseline/seed42,beam4,አስመሳይ በለው:: እንዲህ አይነት ሰው ማየት ሲቀፍ,አስመሳይ በለው:: እንዲህ አይነት ሰው ማየት ሲቀፍ,False,False,False,False,False,False,False,32
am-0100,am-g0142,am,ቱልቱላ ከባንዲራው ስር የተደበቅህ ዘረኛ ነህ ኢትዮጵያ እያልክ አታላዝን,በባንዲራውንና ኢትዮጵያን ደጋግመህ ብታነሳም ከወገንተኝነት ወጥተህ ከልብህ የምታደርገው አይመስልም,test,42,google/mt5-base,models/mt5_detox_baseline/seed42,beam4,ቱልቱላ ከባንዲራው ስር የተደበቅህ ነህ ኢትዮጵያ እያልክ አታላዝን,ቱልቱላ ከባንዲራው ስር የተደበቅህ ነህ ኢትዮጵያ እያልክ አታላዝን,False,False,False,False,False,False,False,41
am-0139,am-g0044,am,ሌባ እሁንም ነገር ለማባባስ አፋቸው ይከፍታሉ የደደብ ስራ ነው ይተናገረው እሱ ብሎ ደግም አሳፋሪ,አሁንም ነገርን ከማባባስ አልተቆጠቡም ፤ የማይጠበቅ ነገር ነው የተናገረው,test,42,google/mt5-base,models/mt5_detox_baseline/seed42,beam4,እሁንም ነገር ለማባባስ አፋቸው ይከፍታሉ የደደብ ስራ ነው ይተናገረው እሱ ብሎ ደግም አሳፋሪ,እሁንም ነገር ለማባባስ አፋቸው ይከፍታሉ የደደብ ስራ ነው ይተናገረው እሱ ብሎ ደግም አሳፋሪ,False,False,False,False,False,False,False,58
am-0140,am-g0342,am,የኦሮሞ መብት እንዲነካ ማንም አይፈልግምና የኢትዮጵያ ህዝብ በሙሉ ኦነግ ይሆናል,የኦሮሞ መብት እንዲነካ ማንም አይፈልግም  ፤ የኢትዮጵያ ህዝብ በሙሉ ግን ሌላ ማንነት ሊሰጠው አይገባም ፡፡,test,42,google/mt5-base,models/mt5_detox_baseline/seed42,beam4,የኦሮሞ መብት እንዲነካ ማንም አይፈልግምና የኢትዮጵያ ህዝብ በሙሉ ኦነግ ይሆናል፡፡,የኦሮሞ መብት እንዲነካ ማንም አይፈልግምና የኢትዮጵያ ህዝብ በሙሉ ኦነግ ይሆናል፡፡,False,False,False,False,False,False,False,52
am-0232,am-g0265,am,እንስሳ ልልህ ፈልጌ በጣም ጠቃሚ እንስሳት አሉ እና ስሙ ይበዛብሃል።ቆሻሻም ልልህ ነበር ቆሻሻም ሪሳይክል ተደርጎ ለመልካም ይውላል።በቃ ህሊና ቢስ የሆንክ ሰይጣን በ,ልሰድብህ ፈልጌ በጣም ጠቃሚ ስድብ አጣሁ  እና ሁሉም ይበዛብሃል።።በቃ ህሊና ቢስ  አትሁን,test,42,google/mt5-base,models/mt5_detox_baseline/seed42,beam4,እንስሳ ልልህ ፈልጌ በጣም ጠቃሚ እንስሳት አሉ እና ስሙ ይበዛብሃል።,እንስሳ ልልህ ፈልጌ በጣም ጠቃሚ እንስሳት አሉ እና ስሙ ይበዛብሃል።,False,False,False,False,False,False,False,43
am-0237,am-g0187,am,አንተ አህያ ደደብ በገዛ መሬታችን ምናባህ አገባህ ??,ይህ ነገር አንተን አይመለከትም፡፡ ይህ የእኛ የራሳችን መሬት ነው፡፡,test,42,google/mt5-base,models/mt5_detox_baseline/seed42,beam4,አንተ በገዛ መሬታችን ምናባህ አገባህ ??,አንተ በገዛ መሬታችን ምናባህ አገባህ ??,False,False,False,False,False,False,False,26
am-0244,am-g0319,am,የሄ ተረት ተረት ለማያውቅ ጅል ሄደህ ንገረው የኢትዮጵያ ፖለቲክስ በደምብ ኣውቀዋለው:: ያልኩህን ብቻ ኣትርሳ::,የሄ ተረት ተረት ለማያውቅ ሰው ሄደህ ንገረው የኢትዮጵያ ፖለቲክስ በደምብ ኣውቀዋለው:: ያልኩህን ብቻ ኣትርሳ::,test,42,google/mt5-base,models/mt5_detox_baseline/seed42,beam4,የሄ ተረት ተረት ለማያውቅ ጅል ሄደህ ንገረው የኢትዮጵያ ፖለቲክስ በደምብ ኣውቀዋለው::,የሄ ተረት ተረት ለማያውቅ ጅል ሄደህ ንገረው የኢትዮጵያ ፖለቲክስ በደምብ ኣውቀዋለው::,False,False,False,False,False,False,False,55
am-0250,am-g0188,am,አንተ አውሻ ልጅ ገረድ አፍህን ዝጋና እዞው እንደለምድከው እግር እጠብ አንተ ቆሻሽ,ዝም ብትል ይሻላል፡፡,test,42,google/mt5-base,models/mt5_detox_baseline/seed42,beam4,አንተ እዞው እንደለምድከው እግር እጠብ አንተ ቆሻሽ,አንተ እዞው እንደለምድከው እግር እጠብ አንተ ቆሻሽ,False,False,False,False,False,False,False,32
am-0255,am-g0263,am,እኔም አላስጨፈጨፈንም አላልኩም.ነገር ግን አንተ ፍሪኩን እንዳቆለጳጰስከው መልአክ አላረኩትም.ቢያቅርህም ዋጠው የመቀሌው,እኔም ችግር አልፈጠረም አላልኩም .ነገር ግን ያንውን አንተ እንዳሞገስከው አላረኩትም.ባይዋጥልህም ይኸው ነው,test,42,google/mt5-base,models/mt5_detox_baseline/seed42,beam4,እኔም አላስጨፈጨፈንም አላልኩም.ነገር ግን አንተ ፍሪኩን እንዳቆለጳጰስከው መልአክ አላረኩትም.ቢያቅርህም ዋጠው የመቀሌው,እኔም አላስጨፈጨፈንም አላልኩም.ነገር ግን አንተ ፍሪኩን እንዳቆለጳጰስከው መልአክ አላረኩትም.ቢያቅርህም ዋጠው የመቀሌው,False,False,True,True,False,False,False,75
am-0270,am-g0073,am,ምን ቀረብኝ ብለህ ነው???የውሻ የድመት እና የእባብ ጥብስ ነው እኮ ይቀረብህ ብቻ ከአማረህ መከልከል የለበትም ባይ ነኝ የሚመለከተው ሁሉ ክትትል ማድረግ ይኖርበታል,ከማይበሉ እንሰሳት ተሰርቶ የሚቀርብ ጥብስ ቢቀርብህስ ?,test,42,google/mt5-base,models/mt5_detox_baseline/seed42,beam4,ምን ቀረብኝ ብለህ ነው???የውሻ የድመት እና የእባብ ጥብስ ነው እኮ ይቀረብህ ብቻ ከአማረህ መከልከል የለበትም ባይ ነኝ የሚመለከተው ሁሉ ክትትል ማድረግ ይኖርበታል,ምን ቀረብኝ ብለህ ነው???የውሻ የድመት እና የእባብ ጥብስ ነው እኮ ይቀረብህ ብቻ ከአማረህ መከልከል የለበትም ባይ ነኝ የሚመለከተው ሁሉ ክትትል ማድረግ ይኖርበታል,False,False,True,True,False,False,False,104
am-0298,am-g0136,am,ቦምብ በሻንጣ የጫነችው የፖሊስ መኪና (ፖሊስ ኢት 0384 ET) ሆን ተብሎ እንድትቃጠል ተደርጋለች።,መሰሪያ በሻንጣ የጫነችው የፖሊስ መኪና (ፖሊስ ኢት 0384 ET)  እንድትቃጠል ተደርጋለች።,test,42,google/mt5-base,models/mt5_detox_baseline/seed42,beam4,ቦምብ በሻንጣ የጫነችው የፖሊስ መኪና (ፖሊስ ኢት 0384 ET) ሆን ተብሎ እንድትቃጠል ተደርጋለች።,ቦምብ በሻንጣ የጫነችው የፖሊስ መኪና (ፖሊስ ኢት 0384 ET) ሆን ተብሎ እንድትቃጠል ተደርጋለች።,False,False,True,True,False,False,False,63
am-0303,am-g0003,am,?? የሱ ነገር አንደ ውሻ አብይን ነክሶ እኝኝኝኝኝኝኝኝኝ ማለት ብቻ ሆኗል። በዚህ ከቀጠለ መገርጀፉ ነው።,የሱ ነገር አብይን ዝምብሎ መቃወም ብቻ ሆኖል :: በዚህ ከቀጠለ ያለእድሜው ነው የሚያረጀው።,test,42,google/mt5-base,models/mt5_detox_baseline/seed42,beam4,የሱ ነገር አንደ አብይን ነክሶ እኝኝኝኝኝኝኝኝኝኝኝ ማለት ብቻ ሆኗል። በዚህ ከቀጠለ መገርጀፉ ነው።,የሱ ነገር አንደ አብይን ነክሶ እኝኝኝኝኝኝኝኝኝኝኝ ማለት ብቻ ሆኗል። በዚህ ከቀጠለ መገርጀፉ ነው።,False,False,False,False,False,False,False,63
am-0306,am-g0247,am,እራሱ ዛሬ ጠዋት ያየናትን ቀምሶ እንደማያወራ በምን እርግጠኛ መሆን ይቻላል???,የተለመደውን ነገር ቀምሶ እንደማያወራ በምን እርግጠኛ መሆን ይቻላል???,test,42,google/mt5-base,models/mt5_detox_baseline/seed42,beam4,እራሱ ዛሬ ጠዋት ያየናትን ቀምሶ እንደማያወራ በምን እርግጠኛ መሆን ይቻላል???,እራሱ ዛሬ ጠዋት ያየናትን ቀምሶ እንደማያወራ በምን እርግጠኛ መሆን ይቻላል???,False,False,True,True,False,False,False,50
am-0309,am-g0293,am,ከታላቅ ወንድሜ ጆ ባይደን እንዲሁም ከእህቴ ካሚላ ኣሪስ ውጤታማ የስልክ ውይይት ኣድርገናል።ባካየድነው ህግ የማስከበር ሂደት ድጋፋቸው ችረውናል ይል ይሆናል እኮ ያቱልቱላ መሽረፈት።,ከታላቅ ወንድሜ ጆ ባይደን እንዲሁም ከእህቴ ካሚላ ኣሪስ ውጤታማ የስልክ ውይይት ኣድርገናል።ባካሄድነው ህግ የማስከበር ሂደት ድጋፋቸው ችረውናል ይል ይሆናል እኮ ያ ሰውዬ,test,42,google/mt5-base,models/mt5_detox_baseline/seed42,beam4,ከታላቅ ወንድሜ ጆ ባይደን እንዲሁም ከእህቴ ካሚላ ኣሪስ ውጤታማ የስልክ ውይይት ኣድርገናል።ባካየድነው ህግ የማስከበር ሂደት ድጋፋቸው ችረውናል ይል ይሆናል፡፡,ከታላቅ ወንድሜ ጆ ባይደን እንዲሁም ከእህቴ ካሚላ ኣሪስ ውጤታማ የስልክ ውይይት ኣድርገናል።ባካየድነው ህግ የማስከበር ሂደት ድጋፋቸው ችረውናል ይል ይሆናል፡፡,False,False,False,False,False,False,False,100
am-0359,am-g0375,am,ደግነት በሌላ ሰው ወይም የወል ንብረት ላይ : ለዛውም ሳያስፈቅዱ ይሸክካል ::,ደግነት በሌላ ሰው ወይም የወል ንብረት ላይ : ለዚያውም ሳያስፈቅዱ ትክክል አይደለም ::,test,42,google/mt5-base,models/mt5_detox_baseline/seed42,beam4,ደግነት በሌላ ሰው ወይም የወል ንብረት ላይ : ለዛውም ሳያስፈቅዱ ይሸክካል ::,ደግነት በሌላ ሰው ወይም የወል ንብረት ላይ : ለዛውም ሳያስፈቅዱ ይሸክካል ::,False,False,True,True,False,False,False,50
am-0362,am-g0202,am,አንተ ግም እና የገለማህ ነህ ከትግራይ ታቦቱን ተመኝተህ ህዝብና መሬቱን ካድክ ድሮም ባንዳ ብህሪው ነው,የትግራይ ታቦትን እየተመኙ ፤ ህዝብና መሬቱን መርሳት ትክክል አይደለም፡፡,test,42,google/mt5-base,models/mt5_detox_baseline/seed42,beam4,አንተ ትግራይ ታቦቱን ተመኝተህ ህዝብና መሬቱን ካድክ ድሮም ባንዳ ብህሪው ነው,አንተ ትግራይ ታቦቱን ተመኝተህ ህዝብና መሬቱን ካድክ ድሮም ባንዳ ብህሪው ነው,False,False,False,False,False,False,False,49
am-0376,am-g0329,am,የቱ ነው ቀላል ከሱዳን ማምጣት ወይንስ አገር ቤት ያለውን electricity network bank etc መክፈት ይሄ ደንቆሮ የትግራይ ህዝብ እደ ሌሎቹ መስሎት ነው,የቱ ነው ቀላል ከሱዳን ማምጣት ወይንስ አገር ቤት ያለውን electricity network bank etc መክፈት ፤ የትግራይ ህዝብ ይህን ይረዳል፡፡,test,42,google/mt5-base,models/mt5_detox_baseline/seed42,beam4,የቱ ነው ቀላል ከሱዳን ማምጣት ወይንስ አገር ቤት ያለውን electricity network bank etc መክፈት ይሄ ደንቆሮ የትግራይ ህዝብ እደ ሌሎቹ መስሎት ነው,የቱ ነው ቀላል ከሱዳን ማምጣት ወይንስ አገር ቤት ያለውን electricity network bank etc መክፈት ይሄ ደንቆሮ የትግራይ ህዝብ እደ ሌሎቹ መስሎት ነው,False,False,True,True,False,False,False,103
am-0384,am-g0115,am,በአንዴ ካድሽኝ? ለነገሩ የመጀመሪያሽ አይደለም ??,በአንዴ ድጋፍሽን አነሳሽ? ለነገሩ የመጀመሪያሽ አይደለም ??,test,42,google/mt5-base,models/mt5_detox_baseline/seed42,beam4,በአንዴ ካድሽኝ? ለነገሩ የመጀመሪያሽ አይደለም ??,በአንዴ ካድሽኝ? ለነገሩ የመጀመሪያሽ አይደለም ??,False,False,True,True,False,False,False,32
ar-0015,ar-g0093,ar,اللي بيقول انت ليه مركز في كلام الناس ، يلعن ابوك ، انت متعرفش حاجة شوفت الحتة دي 😂,اللي بيقول انت ليه مركز في كلام الناس ، انت متعرفش حاجة شوفت الحتة دي 😂,test,42,google/mt5-base,models/mt5_detox_baseline/seed42,beam4,اللي بيقول انت ليه مركز في كلام الناس ، انت متعرفش حاجة شوفت الحتة دي 😂,اللي بيقول انت ليه مركز في كلام الناس ، انت متعرفش حاجة شوفت الحتة دي 😂,False,False,False,False,False,False,False,71
ar-0018,ar-g0301,ar,معلش سامحنا،احنا شراميط بنعمل افراح مختلطة من زمان,معلش سامحنا،احنا بنعمل افراح مختلطة من زمان,test,42,google/mt5-base,models/mt5_detox_baseline/seed42,beam4,معلش سامحنا،احنا شراميط بنعمل افراح مختلطة من زمان,معلش سامحنا،احنا شراميط بنعمل افراح مختلطة من زمان,False,False,True,True,False,False,False,50
ar-0030,ar-g0044,ar,احصل على فكرة قبل أن تقدم تعليقات غبية.,احصل على فكرة قبل أن تقدم تعليقات غير مطلعة.,test,42,google/mt5-base,models/mt5_detox_baseline/seed42,beam4,احصل على فكرة قبل أن تقدم تعليقات ساذج.,احصل على فكرة قبل أن تقدم تعليقات ساذج.,False,False,False,False,False,False,False,39
ar-0056,ar-g0369,ar,ومع ذلك فقد دعمتم المهرج طوال الوقت الذي كان فيه أحد كبار الوزراء في الحكومة.,رغم ذلك كنت تدعمه طوال الوقت كان واحدا من كبار الوزراء,test,42,google/mt5-base,models/mt5_detox_baseline/seed42,beam4,ومع ذلك فقد دعمتم المهرج طوال الوقت الذي كان فيه أحد كبار الوزراء في الحكومة.,ومع ذلك فقد دعمتم المهرج طوال الوقت الذي كان فيه أحد كبار الوزراء في الحكومة.,False,False,True,True,False,False,False,77
ar-0066,ar-g0227,ar,كل دول شراميط ع التايم اسيبهم و اذاكر بقي,كل دول ع التايم اسيبهم و اذاكر بقي,test,42,google/mt5-base,models/mt5_detox_baseline/seed42,beam4,كل دول شراميط ع التايم اسيبهم و اذاكر بقي,كل دول شراميط ع التايم اسيبهم و اذاكر بقي,False,False,True,True,False,False,False,41
ar-0075,ar-g0313,ar,نحن ملزمون بالتعامل مع هذا التافه الصغير لسنوات إضافية تقريبًا.,نحن ملزمون بالتعامل مع هذا الشخص لسنوات إضافية تقريبًا.,test,42,google/mt5-base,models/mt5_detox_baseline/seed42,beam4,نحن ملزمون بالتعامل مع هذا الصغير لسنوات إضافية تقريبًا.,نحن ملزمون بالتعامل مع هذا الصغير لسنوات إضافية تقريبًا.,False,False,False,False,False,False,False,56
ar-0114,ar-g0337,ar,هل قرأت المقال على الإطلاق، أم أنك مجرد واحد آخر من عملاء غوبتا الغوغائين .,هل قرأت المقال على الإطلاق، أم لا؟,test,42,google/mt5-base,models/mt5_detox_baseline/seed42,beam4,هل قرأت المقال على الإطلاق، أم أنك مجرد واحد آخر من عملاء الغوغائين .,هل قرأت المقال على الإطلاق، أم أنك مجرد واحد آخر من عملاء الغوغائين .,False,False,False,False,False,False,False,69
ar-0115,ar-g0263,ar,لن يشاهدوا هذا الهراء أبدا مرة أخرى.,لن نرغب في مشاهدة ذلك مجددا أبدا,test,42,google/mt5-base,models/mt5_detox_baseline/seed42,beam4,لن يشاهدوا هذا الهراء أبدا مرة أخرى.,لن يشاهدوا هذا الهراء أبدا مرة أخرى.,False,False,True,True,False,False,False,36
ar-0158,ar-g0315,ar,نحن وقعنا ضحية بين ايديكم انت وبقية الاحزاب القذرة لعنة الله عليكم,نحن وقعنا ضحية بين ايديكم انت وبقية الاحزاب حسبي الله عليكم,test,42,google/mt5-base,models/mt5_detox_baseline/seed42,beam4,نحن وقعنا ضحية بين ايديكم انت وبقية الاحزاب القذرة لعنة الله عليكم,نحن وقعنا ضحية بين ايديكم انت وبقية الاحزاب القذرة لعنة الله عليكم,False,False,True,True,False,False,False,66
ar-0161,ar-g0066,ar,الاغتصاب هو اعتداء جنسي بواسطة أي جنس، بغض النظر عن وجود قضيب أو عدمه!,الاغتصاب هو اعتداء جنسي بواسطة أي جنس!,test,42,google/mt5-base,models/mt5_detox_baseline/seed42,beam4,الاغتصاب هو اعتداء جنسي بواسطة أي جنس، بغض النظر عن وجود قضيب أو عدمه!,الاغتصاب هو اعتداء جنسي بواسطة أي جنس، بغض النظر عن وجود قضيب أو عدمه!,False,False,True,True,False,False,False,70
ar-0170,ar-g0040,ar,اثنين من المجانين يحاولون إظهار من حصل على الشيء الأكبر!,شخصان غير مناسبين يحاولان إظهار من هو الأفضل,test,42,google/mt5-base,models/mt5_detox_baseline/seed42,beam4,اثنين من المجانين يحاولون إظهار من حصل على الشيء الأكبر!,اثنين من المجانين يحاولون إظهار من حصل على الشيء الأكبر!,False,False,True,True,False,False,False,56
ar-0214,ar-g0168,ar,ده مجمع شراميط ده ولا ايه,ده مجمع فاشلين ده ولا ايه,test,42,google/mt5-base,models/mt5_detox_baseline/seed42,beam4,ده مجمع شراميط ده ولا ايه,ده مجمع شراميط ده ولا ايه,False,False,True,True,False,False,False,25
ar-0222,ar-g0378,ar,يا له من مهرج عديم الفائدة هذا الرجل,هذا الرجل لا يساعد كثيرا,test,42,google/mt5-base,models/mt5_detox_baseline/seed42,beam4,يا له من مهرج عديم الفائدة هذا الرجل,يا له من مهرج عديم الفائدة هذا الرجل,False,False,True,True,False,False,False,36
ar-0235,ar-g0376,ar,يا حمار لم نكن يوما تحت الاستعمار العثماني ، بل هزمناه في معركة قرب فاس…,لم نكن يوما تحت الاستعمار العثماني ، بل هزمناه في معركة قرب فاس…,test,42,google/mt5-base,models/mt5_detox_baseline/seed42,beam4,يا حمار لم نكن يوما تحت الاستعمار العثماني ، بل هزمناه في معركة قرب فاس...,يا حمار لم نكن يوما تحت الاستعمار العثماني ، بل هزمناه في معركة قرب فاس...,False,False,False,False,False,False,False,74
ar-0238,ar-g0357,ar,والوادي هو حفرة للخاسرين حيث يلعب الكثيرون بنصف حزمة من البطاقات.,والوادي مكان للأشخاص الذين يلعبون بنصف حزمة من البطاقات.,test,42,google/mt5-base,models/mt5_detox_baseline/seed42,beam4,والوادي هو حفرة للخاسرين حيث يلعب الكثيرون بنصف حزمة من البطاقات.,والوادي هو حفرة للخاسرين حيث يلعب الكثيرون بنصف حزمة من البطاقات.,False,False,True,True,False,False,False,65
ar-0273,ar-g0183,ar,شفت كيف انك متخلف وقاعد تبرر لمغتصب؟,شفت كيف انك غافل وقاعد تبرر لمغتصب؟,test,42,google/mt5-base,models/mt5_detox_baseline/seed42,beam4,شفت كيف انك متخلف وقاعد تبرر لمغتصب؟,شفت كيف انك متخلف وقاعد تبرر لمغتصب؟,False,False,True,True,False,False,False,36
ar-0275,ar-g0343,ar,ههههههه كول هوا وزحط من هون,ههههههه أسكت وزحط من هون,test,42,google/mt5-base,models/mt5_detox_baseline/seed42,beam4,ههههههه كول هوا وزحط من هون,ههههههه كول هوا وزحط من هون,False,False,True,True,False,False,False,27
ar-0285,ar-g0184,ar,شهالروج اللي داهنه فيه براطمها استغفرالله بس زيديه ماعليها شرهه,شهالروج اللي داهنه فيه شفاهها استغفرالله بس من أتباع الزيدية ماعليها شر,test,42,google/mt5-base,models/mt5_detox_baseline/seed42,beam4,شهالروج اللي داهنه فيه براطمها بس زيديه ماعليها شرهه,شهالروج اللي داهنه فيه براطمها بس زيديه ماعليها شرهه,False,False,False,False,False,False,False,52
ar-0297,ar-g0209,ar,فصلوا الكهرباء عن باقي البلد و جيبوا لبيروت كهرباء هل فترة يا عرصات يا منايك يا شراميط يا عاهات,فصلوا الكهرباء عن باقي البلد و جيبوا لبيروت كهرباء هل فترة,test,42,google/mt5-base,models/mt5_detox_baseline/seed42,beam4,فصلوا الكهرباء عن باقي البلد و جيبوا لبيروت كهرباء هل فترة يا عهات,فصلوا الكهرباء عن باقي البلد و جيبوا لبيروت كهرباء هل فترة يا عهات,False,False,False,False,False,False,False,66
ar-0309,ar-g0096,ar,الناخبون الأغبياء حقا هنا كيف يمكن تفسير جاستن ترودو على أنه رئيس وزراء ؟,الناخبون غير المناسبين حقا هنا كيف يمكن تفسير القاضي ترودو على أنه رئيس الوزراء؟,test,42,google/mt5-base,models/mt5_detox_baseline/seed42,beam4,الناخبون الأغبياء حقا هنا كيف يمكن تفسير جاستن ترودو على أنه رئيس وزراء؟,الناخبون الأغبياء حقا هنا كيف يمكن تفسير جاستن ترودو على أنه رئيس وزراء؟,False,False,False,False,False,False,False,72
ar-0320,ar-g0104,ar,انا ليش احب الاتحاد قد كذا يلعن ابوك فريق,انا ليش احب الاتحاد قد كذا ما شاءالله على هيك فريق,test,42,google/mt5-base,models/mt5_detox_baseline/seed42,beam4,انا ليش احب الاتحاد قد كذا يلعن ابوك فريق,انا ليش احب الاتحاد قد كذا يلعن ابوك فريق,False,False,True,True,False,False,False,41
ar-0331,ar-g0314,ar,نحن نلحق الضرر بجميع طبقات مياهنا الجوفية، يا حمقى.,نحن نلحق الضرر بجميع طبقات مياهنا الجوفية، يا رفاق.,test,42,google/mt5-base,models/mt5_detox_baseline/seed42,beam4,نحن نلحق الضرر بجميع طبقات مياهنا الجوفية.,نحن نلحق الضرر بجميع طبقات مياهنا الجوفية.,False,False,False,False,False,False,False,42
ar-0354,ar-g0231,ar,كلهم اولاد قحبه تكالبو على فلسطين والاسلام بشكل خاص,كلهم تكالبو على فلسطين والاسلام بشكل خاص,test,42,google/mt5-base,models/mt5_detox_baseline/seed42,beam4,كلهم اولاد قحبه تكالبو على فلسطين والاسلام بشكل خاص,كلهم اولاد قحبه تكالبو على فلسطين والاسلام بشكل خاص,False,False,True,True,False,False,False,51
ar-0359,ar-g0174,ar,رحت بالغصب بس انبسطت شميت هواء نظيف الله يلعن ابوك ياكورونا,رحت بالغصب بس انبسطت شميت هواء نظيف الله يبعدك ياكورونا,test,42,google/mt5-base,models/mt5_detox_baseline/seed42,beam4,رحت بالغصب بس انبسطت شميت هواء نظيف الله يلعن ابوك,رحت بالغصب بس انبسطت شميت هواء نظيف الله يلعن ابوك,False,False,False,False,False,False,False,50
ar-0360,ar-g0388,ar,يبدو أن قرار زوبيل لا يهم هذا الجاهل.,يبدو أن قرار زوبيل لا يهم هذا الشخص.,test,42,google/mt5-base,models/mt5_detox_baseline/seed42,beam4,يبدو أن قرار زوبيل لا يهم هذا الجاهل.,يبدو أن قرار زوبيل لا يهم هذا الجاهل.,False,False,True,True,False,False,False,37
ar-0375,ar-g0228,ar,كل صحباتي شراميط وما ينطاقون ابد مع ذلك احبهم,كل صحباتي ما ينطاقون ابد مع ذلك احبهم,test,42,google/mt5-base,models/mt5_detox_baseline/seed42,beam4,كل صحباتي ما ينطاقون ابد مع ذلك احبهم,كل صحباتي ما ينطاقون ابد مع ذلك احبهم,False,False,False,False,False,False,False,37
de-0025,de-g0104,de,Die Randalierer von Hamburg müssen den entstandenen Schaden ersetzen und. notfalls in Arbeitslagern abarbeiten.,Die Randalierer von Hamburg müssen den entstandenen Schaden ersetzen und. notfalls in Sozialstunden abarbeiten.,test,42,google/mt5-base,models/mt5_detox_baseline/seed42,beam4,Die Randalierer von Hamburg müssen den entstandenen Schaden ersetzen und. notfalls in Arbeitslagern abarbeiten.,Die Randalierer von Hamburg müssen den entstandenen Schaden ersetzen und. notfalls in Arbeitslagern abarbeiten.,False,False,True,True,False,False,False,111
de-0027,de-g0281,de,Schon ein Wahnsinn....obwohl nichtmal 1/3 der Bevölkerung sie gewählt hat darf sie trotzdem weiter regieren.. Ist zum kotzen!,Schon ein Wahnsinn....obwohl nichtmal 1/3 der Bevölkerung sie gewählt hat darf sie trotzdem weiter regieren..,test,42,google/mt5-base,models/mt5_detox_baseline/seed42,beam4,Schon ein Wahnsinn....obwohl nichtmal 1/3 der Bevölkerung sie gewählt hat darf sie trotzdem weiter regieren.. Ist zum kotzen!,Schon ein Wahnsinn....obwohl nichtmal 1/3 der Bevölkerung sie gewählt hat darf sie trotzdem weiter regieren.. Ist zum kotzen!,False,False,True,True,False,False,False,125
de-0029,de-g0307,de,Templer werden heute als Religiöse Spinner verurteilt. Das Gegenteil ist der Fall. Die Kirche hat uns missbraucht. Ein König verraten.,Templer werden heute als übermäßig Religiöse verurteilt. Das Gegenteil ist der Fall. Die Kirche hat uns missbraucht. Ein König verraten.,test,42,google/mt5-base,models/mt5_detox_baseline/seed42,beam4,Templer werden heute als Religiöse Personen verurteilt. Das Gegenteil ist der Fall. Die Kirche hat uns missbraucht. Ein König verraten.,Templer werden heute als Religiöse Personen verurteilt. Das Gegenteil ist der Fall. Die Kirche hat uns missbraucht. Ein König verraten.,False,False,False,False,False,False,False,135
de-0040,de-g0344,de,Wen Interessiert schon was der kleine Wicht ruft. Jerusalem ist die Hauptstadt Israels. Basta.,Wen Interessiert schon was er ruft. Jerusalem ist die Hauptstadt Israels. Basta.,test,42,google/mt5-base,models/mt5_detox_baseline/seed42,beam4,Wen Interessiert schon was der kleine Wicht ruft. Jerusalem ist die Hauptstadt Israels. Basta.,Wen Interessiert schon was der kleine Wicht ruft. Jerusalem ist die Hauptstadt Israels. Basta.,False,False,True,True,False,False,False,94
de-0091,de-g0012,de,"#illner Leute, die Parteien wählen, die sie zu ""schon länger hier Lebenden"" herabwürdigen, sind schlicht #verblödet od. #geisteskrank","#illner Leute, die Parteien wählen, die sie zu ""schon länger hier Lebenden"" herabwürdigen, sind schlicht #naiv",test,42,google/mt5-base,models/mt5_detox_baseline/seed42,beam4,"#illner Leute, die Parteien wählen, die sie zu ""schon länger hier Lebenden"" herabwürdigen, sind schlicht #verblödet od. #geisteskrank","#illner Leute, die Parteien wählen, die sie zu ""schon länger hier Lebenden"" herabwürdigen, sind schlicht #verblödet od. #geisteskrank",False,False,True,True,False,False,False,133
de-0101,de-g0394,de,wenn der #Bundespräsident mit seinem dummen Geschwätz auf die #SPD zielt sollte er bedenken dass 80% der deutschen die SPD nicht wollen,wenn der #Bundespräsident mit seinen Aussagen auf die #SPD zielt sollte er bedenken dass 80% der deutschen die SPD nicht wollen,test,42,google/mt5-base,models/mt5_detox_baseline/seed42,beam4,wenn der #Bundespräsident mit seinem uninformierten Geschwätz auf die #SPD zielt sollte er bedenken dass 80% der deutschen die SPD nicht wollen,wenn der #Bundespräsident mit seinem uninformierten Geschwätz auf die #SPD zielt sollte er bedenken dass 80% der deutschen die SPD nicht wollen,False,False,False,False,False,False,False,143
de-0102,de-g0369,de,"finde ich gut würde ich auch, aber nicht wenn man mich nötigen will. Freiwillig ok ,aber ich brauche keine Sesselfurzer die über meine Organe bestimmen","finde ich gut würde ich auch, aber nicht wenn man mich nötigen will. Freiwillig ok ,aber ich brauche keine Personen die über meine Organe bestimmen",test,42,google/mt5-base,models/mt5_detox_baseline/seed42,beam4,"finde ich gut würde ich auch, aber nicht wenn man mich nötigen will. Freiwillig ok ,aber ich brauche keine Sesselfurzer die über meine Organe bestimmen","finde ich gut würde ich auch, aber nicht wenn man mich nötigen will. Freiwillig ok ,aber ich brauche keine Sesselfurzer die über meine Organe bestimmen",False,False,True,True,False,False,False,151
de-0127,de-g0116,de,Die meisten Deutschen misstrauen Merkel!. Warum schreibt dieses Vasallenpack der deutschen Lügenpresse nicht mal darüber!!!!,Die meisten Deutschen misstrauen Merkel!. Warum schreibt die Presse nicht mal darüber!!!!,test,42,google/mt5-base,models/mt5_detox_baseline/seed42,beam4,Die meisten Deutschen misstrauen Merkel!. Warum schreibt dieses Vasallenpack der deutschen Presse nicht mal darüber!!!!,Die meisten Deutschen misstrauen Merkel!. Warum schreibt dieses Vasallenpack der deutschen Presse nicht mal darüber!!!!,False,False,False,False,False,False,False,119
de-0140,de-g0158,de,"Gabriel, was bist Du für ein scheinheiliger Außerrandundband-Minister.. Verkaufst Deine Demokratie an das Sultanat. Raus mit Dir.","Gabriel, was bist Du für ein unaufrichtiger Außerrandundband-Minister.. Verkaufst Deine Demokratie an das Sultanat.",test,42,google/mt5-base,models/mt5_detox_baseline/seed42,beam4,"Gabriel, was bist Du für ein scheinheiliger Außerrandundband-Minister.. Verkaufst Deine Demokratie an das Sultanat. Raus mit Dir.","Gabriel, was bist Du für ein scheinheiliger Außerrandundband-Minister.. Verkaufst Deine Demokratie an das Sultanat. Raus mit Dir.",False,False,True,True,False,False,False,129
de-0160,de-g0165,de,"Gute Nacht, Ihr Lieben da draußen und träumt schön von Murksel und ihrem Kurzschwanzdackel Luschet 😜","Gute Nacht, Ihr Lieben da draußen und träumt schön von Merkel und ihrem Kollegen Laschet 😜",test,42,google/mt5-base,models/mt5_detox_baseline/seed42,beam4,"Gute Nacht, Ihr Lieben da draußen und träumt schön von Murksel und ihrem Kurzschwanzdackel Luschet 😜","Gute Nacht, Ihr Lieben da draußen und träumt schön von Murksel und ihrem Kurzschwanzdackel Luschet 😜",False,False,True,True,False,False,False,100
de-0162,de-g0393,de,welches Meth nimmt eigentlich @USER_0? Ihre Haut sieht ja fürchterlich aus und dann das ständige blinzeln #furchtbar #maischberger,was nimmt eigentlich @USER_0? Ihre Haut sieht ja nicht gut aus und dann das ständige blinzeln #maischberger,test,42,google/mt5-base,models/mt5_detox_baseline/seed42,beam4,welches Meth nimmt eigentlich @USER_0? Ihre Haut sieht ja fürchterlich aus und dann das ständige blinzeln #furchtbar,welches Meth nimmt eigentlich @USER_0? Ihre Haut sieht ja fürchterlich aus und dann das ständige blinzeln #furchtbar,False,False,False,False,False,False,False,116
de-0196,de-g0253,de,Murksel und ihre Unchristen stehen für Konfrontation gegen Russland und einen möglichen Krieg. Und den überleben auch Wahlschafe nicht 😜,Merkel und ihre Unchristen stehen für Konfrontation gegen Russland und einen möglichen Krieg. Und den überleben auch Wähler nicht 😜,test,42,google/mt5-base,models/mt5_detox_baseline/seed42,beam4,Murksel und ihre Unchristen stehen für Konfrontation gegen Russland und einen möglichen Krieg. Und den überleben auch Wahlschafe nicht 😜,Murksel und ihre Unchristen stehen für Konfrontation gegen Russland und einen möglichen Krieg. Und den überleben auch Wahlschafe nicht 😜,False,False,True,True,False,False,False,136
de-0197,de-g0294,de,"So sieht es in einem Land aus welches vor der Verblödung steht...ich hasse dumme Menschen, erst recht wenn es meine eigenen Landsleute sind...furchtbar","So sieht es in einem Land aus, welches vor einer Herausforderung steht...ich mag keine uninformierten Menschen, erst recht wenn es meine eigenen Landsleute sind...enttäuschend",test,42,google/mt5-base,models/mt5_detox_baseline/seed42,beam4,"So sieht es in einem Land aus welches vor der Verblödung steht...ich hasse Menschen, erst recht wenn es meine eigenen Landsleute sind...furchtbar","So sieht es in einem Land aus welches vor der Verblödung steht...ich hasse Menschen, erst recht wenn es meine eigenen Landsleute sind...furchtbar",False,False,False,False,False,False,False,145
de-0204,de-g0352,de,Wie blöd können die Niedersachsen doch sein ???,Wie naiv können die Niedersachsen doch sein ???,test,42,google/mt5-base,models/mt5_detox_baseline/seed42,beam4,Wie blöd können die Niedersachsen doch sein ???,Wie blöd können die Niedersachsen doch sein ???,False,False,True,True,False,False,False,47
de-0223,de-g0247,de,"Mimimi ,,, und was machen unsere politisch-korrekten #safespace-Krieger dann im Ernstfall? Sich in die Hosen sch...?","Mimimi ,,, und was machen unsere politisch-korrekten #safespace-Krieger dann im Ernstfall? Angst bekommen?",test,42,google/mt5-base,models/mt5_detox_baseline/seed42,beam4,"Mimimi ,, und was machen unsere #safespace-Krieger dann im Ernstfall? Sich in die Hosen sch...?","Mimimi ,, und was machen unsere #safespace-Krieger dann im Ernstfall? Sich in die Hosen sch...?",False,False,False,False,False,False,False,95
de-0224,de-g0202,de,Ihr Mauermörder wisst überhaupt nicht was Demokratie bedeutet 🖕,Ihr wisst überhaupt nicht was Demokratie bedeutet,test,42,google/mt5-base,models/mt5_detox_baseline/seed42,beam4,Ihr Mauermörder wisst überhaupt nicht was Demokratie bedeutet,Ihr Mauermörder wisst überhaupt nicht was Demokratie bedeutet,False,False,False,False,False,False,False,61
de-0251,de-g0171,de,"Hallo Freunde ""Absurdistan"" hat mich wieder. Gerade mit `nem Geschenk für Murksel aus PL zurück. Ein Kopftuch für die Zweitfrau des Sultans😜","Hallo Freunde ""Absurdistan"" hat mich wieder. Gerade mit `nem Geschenk für Merkel aus PL zurück. Ein Kopftuch für die Zweitfrau des Sultans😜",test,42,google/mt5-base,models/mt5_detox_baseline/seed42,beam4,"Hallo Freunde ""Absurdistan"" hat mich wieder. Gerade mit `nem Geschenk für Murksel aus PL zurück. Ein Kopftuch für die Zweitfrau des Sultans😜","Hallo Freunde ""Absurdistan"" hat mich wieder. Gerade mit `nem Geschenk für Murksel aus PL zurück. Ein Kopftuch für die Zweitfrau des Sultans😜",False,False,True,True,False,False,False,140
de-0270,de-g0284,de,"Schäuble zur Lage in der Türkei: ""Das erinnert mich daran, wie es in der DDR war"" Was weiß dieser Vollpfosten von der DDR 🤢","Schäuble zur Lage in der Türkei: ""Das erinnert mich daran, wie es in der DDR war"" Was weiß dieser Mensch von der DDR 🤢",test,42,google/mt5-base,models/mt5_detox_baseline/seed42,beam4,"Schäuble zur Lage in der Türkei: ""Das erinnert mich daran, wie es in der DDR war"" Was weiß dieser Vollpfosten von der DDR 🤢","Schäuble zur Lage in der Türkei: ""Das erinnert mich daran, wie es in der DDR war"" Was weiß dieser Vollpfosten von der DDR 🤢",False,False,True,True,False,False,False,123
de-0290,de-g0192,de,Ich lach mich kaputt Truppenuschi soll es richten.,Ich lach mich kaputt Ursula von der Leyen soll es richten.,test,42,google/mt5-base,models/mt5_detox_baseline/seed42,beam4,Ich lach mich kaputt Terroristen soll es richten.,Ich lach mich kaputt Terroristen soll es richten.,False,False,False,False,False,False,False,49
de-0301,de-g0310,de,"Trump - sprich Tramp. Wenn die Laien-Ministerin über Trump labert,. bleibt mir nur : "" Lass den Trampel quaken"". Zu mehr taugt sie nicht.","Trump - sprich Tramp. Wenn die Laien-Ministerin über Trump labert,. bleibt mir nur : "" Lass den Trampel quaken"". Zu mehr ist sie meiner Meinung nach nicht geeignet.",test,42,google/mt5-base,models/mt5_detox_baseline/seed42,beam4,"Trump - sprich Tramp. Wenn die Laien-Ministerin über Trump labert,. bleibt mir nur : "" Lass den Trampel quaken"". Zu mehr taugt sie nicht.","Trump - sprich Tramp. Wenn die Laien-Ministerin über Trump labert,. bleibt mir nur : "" Lass den Trampel quaken"". Zu mehr taugt sie nicht.",False,False,True,True,False,False,False,137
de-0303,de-g0325,de,Von wegen übertriebener Polizeigewalt. Die Polizei muss in Zukunft. viel härter vorgehen. Aus Maul hauen und dann verhaften.,Von wegen übertriebener Polizeigewalt. Die Polizei muss in Zukunft. viel härter vorgehen. Hart durchgreifen und dann verhaften.,test,42,google/mt5-base,models/mt5_detox_baseline/seed42,beam4,Von wegen übertriebener Polizeigewalt. Die Polizei muss in Zukunft. viel hart vorgehen. Aus Maul hauen und dann verhaften.,Von wegen übertriebener Polizeigewalt. Die Polizei muss in Zukunft. viel hart vorgehen. Aus Maul hauen und dann verhaften.,False,False,False,False,False,False,False,122
de-0316,de-g0019,de,"1. Mit ihr euch meine ich diese ganzen intoleranten voll mit hasserfüllten versagern ..2 . ich will mich nicht nach euren wünschen und Vorstellungen integrieren , punkt aus !","1. Mit ihr euch meine ich diese ganzen intoleranten voll mit hasserfüllten Menschen ..2 . ich will mich nicht nach euren wünschen und Vorstellungen integrieren , punkt aus !",test,42,google/mt5-base,models/mt5_detox_baseline/seed42,beam4,"Mit ihr euch meine ich diese ganzen intoleranten voll mit hasserfüllten versagern ..2 . ich will mich nicht nach euren wünschen und Vorstellungen integrieren , punkt aus!","Mit ihr euch meine ich diese ganzen intoleranten voll mit hasserfüllten versagern ..2 . ich will mich nicht nach euren wünschen und Vorstellungen integrieren , punkt aus!",False,False,False,False,False,False,False,170
de-0318,de-g0222,de,"Juhu, der Bayer ohne Eier will wieder einmal alles nach der Wahl richten 😂😂😂 ich pinkel mir vor Lachen gleich ein 😂😂😂","Juhu, der Bayer will wieder einmal alles nach der Wahl richten 😂 ich finde das sehr lustig 😂😂😂",test,42,google/mt5-base,models/mt5_detox_baseline/seed42,beam4,"Juhu, der Bayer will wieder einmal alles nach der Wahl richten 😂😂😂 ich pinkel mir vor Lachen gleich ein 😂😂😂","Juhu, der Bayer will wieder einmal alles nach der Wahl richten 😂😂😂 ich pinkel mir vor Lachen gleich ein 😂😂😂",False,False,False,False,False,False,False,107
de-0358,de-g0092,de,"Die Bevölkerung Europas wird ""weggezüchtet"" werden, wie einst die Neandertaler und hirnlose ""Prolle"" merken`s nicht einmal 😂😂😂","Die Bevölkerung Europas wird ""weggezüchtet"" werden, wie einst die Neandertaler und einige Personen merken`s nicht einmal 😂😂😂",test,42,google/mt5-base,models/mt5_detox_baseline/seed42,beam4,"Die Bevölkerung Europas wird ""weggezüchtet"" werden, wie einst die Neandertaler merken`s nicht einmal 😂😂😂","Die Bevölkerung Europas wird ""weggezüchtet"" werden, wie einst die Neandertaler merken`s nicht einmal 😂😂😂",False,False,False,False,False,False,False,104
de-0370,de-g0072,de,"Das sind doch überwiegend junge Männer, die uns überrennen wollen.. Die illegalen Invasoren brauchen Arbeit - in Arbeitslagern - fair.","Das sind doch überwiegend junge Männer, die zu uns kommen wollen.. Die Einwanderer ohne Papiere brauchen Arbeit.",test,42,google/mt5-base,models/mt5_detox_baseline/seed42,beam4,"Das sind doch überwiegend junge Männer, die uns überrennen wollen.. Die illegalen Invasoren brauchen Arbeit - in Arbeitslagern - fair.","Das sind doch überwiegend junge Männer, die uns überrennen wollen.. Die illegalen Invasoren brauchen Arbeit - in Arbeitslagern - fair.",False,False,True,True,False,False,False,134
de-0394,de-g0189,de,Ich kann diese scheisse mit diesen drecksmigranten einfach nicht mehr ertragen....wenn ich nur schon kanacken sehen wird gruselig....verfluchte Scheisser ..!,Ich kann das mit diesen migranten einfach nicht mehr ertragen....wenn ich nur schon welche sehe wird gruselig....,test,42,google/mt5-base,models/mt5_detox_baseline/seed42,beam4,Ich kann diese scheisse mit diesen migranten einfach nicht mehr ertragen....wenn ich nur schon kanacken sehen wird gruselig....verfluchte Scheisser ..!,Ich kann diese scheisse mit diesen migranten einfach nicht mehr ertragen....wenn ich nur schon kanacken sehen wird gruselig....verfluchte Scheisser ..!,False,False,False,False,False,False,False,151
en-0019,en-g0250,en,"jesus christ , that 's incredibly fucked up .",jesus christ . that's incredibly bad,test,42,google/mt5-base,models/mt5_detox_baseline/seed42,beam4,"jesus christ , that's incredibly unpleasant.","jesus christ , that's incredibly unpleasant.",False,False,False,False,False,False,False,44
en-0042,en-g0245,en,it was clear from the first fucking sentence of the article .,It was clear by the very first sentence of the article.,test,42,google/mt5-base,models/mt5_detox_baseline/seed42,beam4,It was clear from the first sentence of the article.,It was clear from the first sentence of the article.,False,False,False,False,False,False,False,52
en-0058,en-g0201,en,how the fuck are they getting to outer space ?,How are they getting to outer space?,test,42,google/mt5-base,models/mt5_detox_baseline/seed42,beam4,How are they getting to outer space?,How are they getting to outer space?,False,False,False,False,False,False,False,36
en-0083,en-g0134,en,but mostly that middle of the street shit .,but mostly issues of middle of the street,test,42,google/mt5-base,models/mt5_detox_baseline/seed42,beam4,but mostly that middle of the street.,but mostly that middle of the street.,False,False,False,False,False,False,False,37
en-0098,en-g0131,en,"better to keep your mouth shut and be thought a fool , than open it and be proven one .","Better to keep quiet and be thought to be naive, than open it and be proven you are one",test,42,google/mt5-base,models/mt5_detox_baseline/seed42,beam4,"better to keep your mouth shut and be thought a fool , than open it and be proven one.","better to keep your mouth shut and be thought a fool , than open it and be proven one.",False,False,False,False,False,False,False,86
en-0171,en-g0316,en,that man is the biggest piece of shit in ny s recent history .,that man is the biggest issue in ny's recent history.,test,42,google/mt5-base,models/mt5_detox_baseline/seed42,beam4,That man is the biggest person in ny s recent history.,That man is the biggest person in ny s recent history.,False,False,False,False,False,False,False,54
en-0198,en-g0377,en,what the fuck is this comment ? .,What is this comment?,test,42,google/mt5-base,models/mt5_detox_baseline/seed42,beam4,what is this comment ?,what is this comment ?,False,False,False,False,False,False,False,22
en-0241,en-g0191,en,"holy shit , just finished the season and it is so good but so * dark * , especially at the end .","Oh goodness, just finished the season and it is so good but so *dark*, especially at the end",test,42,google/mt5-base,models/mt5_detox_baseline/seed42,beam4,"Just finished the season and it is so good but so * dark * , especially at the end .","Just finished the season and it is so good but so * dark * , especially at the end .",False,False,False,False,False,False,False,84
en-0249,en-g0228,en,"if you continue being a jackass , you will be blocked from editing wikipedia .","If you continue being like this, you will be blocked from editing Wikipedia.",test,42,google/mt5-base,models/mt5_detox_baseline/seed42,beam4,"if you continue being a jackass , you will be blocked from editing wikipedia.","if you continue being a jackass , you will be blocked from editing wikipedia.",False,False,False,False,False,False,False,77
en-0271,en-g0155,en,eli5 why should governments give a fuck ? .,eli5 why should governments care?,test,42,google/mt5-base,models/mt5_detox_baseline/seed42,beam4,Why should governments give a fuck?,Why should governments give a fuck?,False,False,False,False,False,False,False,35
en-0273,en-g0213,en,"i go there for work every few months , and i can assure you it fucking sucks .","i go there for work everh few months , and i can assire you it's not pleasant .",test,42,google/mt5-base,models/mt5_detox_baseline/seed42,beam4,"I go there for work every few months , and i can assure you it sucks.","I go there for work every few months , and i can assure you it sucks.",False,False,False,False,False,False,False,69
en-0290,en-g0085,en,That had more content and was going to be an article until you deleted it again dumbass.,That had more content and was going to be an article until you deleted it again.,test,42,google/mt5-base,models/mt5_detox_baseline/seed42,beam4,That had more content and was going to be an article until you delete it again,That had more content and was going to be an article until you delete it again,False,False,False,False,False,False,False,78
en-0301,en-g0302,en,"shit looked like a music video with synced audio , and footage editing .","looked like a music video with synced audio , and footage editing .",test,42,google/mt5-base,models/mt5_detox_baseline/seed42,beam4,"Shit looked like a music video with synced audio , and footage editing.","Shit looked like a music video with synced audio , and footage editing.",False,False,False,False,False,False,False,71
en-0302,en-g0318,en,that s some pretty shit logic .,That's some pretty bad logic.,test,42,google/mt5-base,models/mt5_detox_baseline/seed42,beam4,That s some pretty logic.,That s some pretty logic.,False,False,False,False,False,False,False,25
en-0328,en-g0019,en,Bullshit William Penn used the phrase too.,William Penn used the phrase too.,test,42,google/mt5-base,models/mt5_detox_baseline/seed42,beam4,Donald Penn used the phrase too.,Donald Penn used the phrase too.,False,False,False,False,False,False,False,32
en-0329,en-g0160,en,"fuck it , we 'll do it live .","Leave it, we will do it live",test,42,google/mt5-base,models/mt5_detox_baseline/seed42,beam4,"fuck it , we 'll do it live.","fuck it , we 'll do it live.",False,False,False,False,False,False,False,28
en-0334,en-g0005,en,. or the loud ass one - thousand ton beast roaring towards you howling its horn .,or the loud  one - thousand ton beast roaring towards you howling its horn .,test,42,google/mt5-base,models/mt5_detox_baseline/seed42,beam4,. or the one - thousand ton beast roaring towards you howling its horn .,. or the one - thousand ton beast roaring towards you howling its horn .,False,False,False,False,False,False,False,72
en-0339,en-g0341,en,"they have all the fucking money , how am i supposed to earn my billions ? .",how am i to earn when they own all the money?,test,42,google/mt5-base,models/mt5_detox_baseline/seed42,beam4,"they have all the money , how am i supposed to earn my billions?","they have all the money , how am i supposed to earn my billions?",False,False,False,False,False,False,False,64
en-0340,en-g0314,en,that guy used to be a real dick .,That guy used to be a mean person,test,42,google/mt5-base,models/mt5_detox_baseline/seed42,beam4,That guy used to be a real dick.,That guy used to be a real dick.,False,False,False,False,False,False,False,32
en-0345,en-g0291,en,randy johnson is a troll .,Randy Johnson leaves mean comments in social media platforms.,test,42,google/mt5-base,models/mt5_detox_baseline/seed42,beam4,randy johnson is a bad person.,randy johnson is a bad person.,False,False,False,False,False,False,False,30
en-0357,en-g0294,en,republicans and democrats are the right and left cheeks of the same ass .,Republicans and democrats are in the same League,test,42,google/mt5-base,models/mt5_detox_baseline/seed42,beam4,republicans and democrats are the right and left people of the same ass.,republicans and democrats are the right and left people of the same ass.,False,False,False,False,False,False,False,72
en-0361,en-g0361,en,to think that she 's been doing that kind of shit for yeaaaars,Her behaviour has been constant for years.,test,42,google/mt5-base,models/mt5_detox_baseline/seed42,beam4,To think that she 's been doing that kind of thing for yeaaaars,To think that she 's been doing that kind of thing for yeaaaars,False,False,False,False,False,False,False,63
en-0382,en-g0040,en,I believe that you don't have a fucking clue what you're talking about. Fatuorum,I believe that you may not have a clue what you're talking about. Fatuorum,test,42,google/mt5-base,models/mt5_detox_baseline/seed42,beam4,I believe that you don't have a clue what you're talking about.,I believe that you don't have a clue what you're talking about.,False,False,False,False,False,False,False,63
en-0385,en-g0108,en,"You're a moron that likes to throw the word ""logogram"" around.","You're a person that likes to throw the word ""logogram"" around.",test,42,google/mt5-base,models/mt5_detox_baseline/seed42,beam4,"You're a person that likes to throw the word ""logogram"" around.","You're a person that likes to throw the word ""logogram"" around.",False,False,False,False,False,False,False,63
en-0388,en-g0064,en,"Oh, I don't think they are going to get any less stupid any time soon.","Oh, I don't think they are going to get any more bright any time soon.",test,42,google/mt5-base,models/mt5_detox_baseline/seed42,beam4,"Oh, I don't think they are going to get any less stupid any time soon.","Oh, I don't think they are going to get any less stupid any time soon.",False,False,True,True,False,False,False,70
en-0389,en-g0079,en,"Stop Vandalizing Wikipedia, jerk!",Stop Vandalizing Wikipedia!,test,42,google/mt5-base,models/mt5_detox_baseline/seed42,beam4,"Stop vandalizing Wikipedia, jerk!","Stop vandalizing Wikipedia, jerk!",False,False,False,True,False,False,False,33
es-0004,es-g0194,es,No se puede tener peor gusto diseñando camisetas pa una peña  Que verguenza maricon,No se puede tener peor gusto diseñando camisetas pa una peña  Que vergüenza.,test,42,google/mt5-base,models/mt5_detox_baseline/seed42,beam4,No se puede tener peor gusto diseñando camisetas,No se puede tener peor gusto diseñando camisetas,False,False,False,False,False,False,False,48
es-0011,es-g0207,es,Paco llegado este punto nos da igual con tal de olvidarnos del PP y su estado fascista,Llegado a este punto es igual con tal de olvidarnos del PP y su estado,test,42,google/mt5-base,models/mt5_detox_baseline/seed42,beam4,Paco llegó este punto nos da igual con tal de olvidarnos del PP y su estado fascista,Paco llegó este punto nos da igual con tal de olvidarnos del PP y su estado fascista,False,False,False,False,False,False,False,84
es-0042,es-g0224,es,Por mucho que intentes ser del Madrid nunca dejaras de ser un sudaca xd,Por mucho que intentes ser del Madrid nunca dejaras de ser un sudamericano xd,test,42,google/mt5-base,models/mt5_detox_baseline/seed42,beam4,Por mucho que intentes ser del Madrid nunca dejaras de ser un sudaca,Por mucho que intentes ser del Madrid nunca dejaras de ser un sudaca,False,False,False,False,False,False,False,68
es-0053,es-g0382,es,"unos vecinos del primero son más rojos y perroflautas que la hostia, les he dejado 6 entradas en el buzón","unos vecinos del primero son comunistas, les he dejado 6 entradas en el buzón",test,42,google/mt5-base,models/mt5_detox_baseline/seed42,beam4,"unos vecinos del primero son más rojos y perroflautas que la hostia, les he dejado 6 entradas en el buzón","unos vecinos del primero son más rojos y perroflautas que la hostia, les he dejado 6 entradas en el buzón",False,False,True,True,False,False,False,105
es-0065,es-g0065,es,ESPAÑA CORRUPPCIÓN Derecha PP fascista franquista gobernando con 30% en España no entiende porqué Cataluña quiere Independencia y República.,ESPAÑA un partido de derecha CORRUPTO que gobierna con el 30% en España no entiende por qué Cataluña quiere la Independencia y la República.,test,42,google/mt5-base,models/mt5_detox_baseline/seed42,beam4,ESPAÑA CORRUPPCIÓN Derecha PP franquista gobernando con 30% en España no entiende porqué Cataluña quiere Independencia y República.,ESPAÑA CORRUPPCIÓN Derecha PP franquista gobernando con 30% en España no entiende porqué Cataluña quiere Independencia y República.,False,False,False,False,False,False,False,131
es-0070,es-g0372,es,"que asco de gente dios, que busquen el significado de hembrismo y de feminismo y luego hablan","Que terrible gente dios, que busquen el significado de hembrismo y de feminismo y luego hablan",test,42,google/mt5-base,models/mt5_detox_baseline/seed42,beam4,"Que asco de gente, que busquen el significado de hembrismo y de feminismo y luego hablan","Que asco de gente, que busquen el significado de hembrismo y de feminismo y luego hablan",False,False,False,False,False,False,False,88
es-0077,es-g0218,es,Pero sois periodistas o idiotas? Aún estando en catalán pone Franquismo!,Son periodistas o qué aún estando en catalán ponen franquismo,test,42,google/mt5-base,models/mt5_detox_baseline/seed42,beam4,Pero sois periodistas? Aún estando en catalán pone Franquismo!,Pero sois periodistas? Aún estando en catalán pone Franquismo!,False,False,False,False,False,False,False,62
es-0094,es-g0238,es,"Que alguien se lo impida, que todavía les quedan pensiones por pagar.","Que alguien intervenga para detenerlo, aúin tiene pnesiones pendientes por pagar",test,42,google/mt5-base,models/mt5_detox_baseline/seed42,beam4,"Que alguien se lo impida, que todavía les quedan pensiones por pagar.","Que alguien se lo impida, que todavía les quedan pensiones por pagar.",False,False,True,True,False,False,False,69
es-0095,es-g0384,es,y el drama con el guiri de mierda de seamus en eurovision super living,Y el drama con el guiri  de seamus en eurovision super living,test,42,google/mt5-base,models/mt5_detox_baseline/seed42,beam4,Y el drama con el guiri de seamus en eurovision super living,Y el drama con el guiri de seamus en eurovision super living,False,False,False,False,False,False,False,60
es-0098,es-g0380,es,tu respuesta dice que no crees que el catalán tendría que ser de obligatorio entendimiento. Eres un puto…,Su respuesta afirma que no cree que el catalán deba ser una lengua obligatoria para ser comprendido.,test,42,google/mt5-base,models/mt5_detox_baseline/seed42,beam4,Tu respuesta dice que no crees que el catalan tendría que ser de obligatorio entendimiento. Eres un malo...,Tu respuesta dice que no crees que el catalan tendría que ser de obligatorio entendimiento. Eres un malo...,False,False,False,False,False,False,False,107
es-0106,es-g0226,es,Porque usted es un hombre de bien y con valores. Esos otros son alimañas y 0,Porque usted es un hombre de bien y con valores. Esos otros no lo son,test,42,google/mt5-base,models/mt5_detox_baseline/seed42,beam4,Porque usted es un hombre con valores. Esos otros son alimañas y 0,Porque usted es un hombre con valores. Esos otros son alimañas y 0,False,False,False,False,False,False,False,66
es-0116,es-g0017,es,"Ah, porque se va y viene la hija puta. Están haciendo el subnormal apagando y encendiendo","Ah, porque esta hija va y viene. Hacen algo anormal, se apagan y se encienden.",test,42,google/mt5-base,models/mt5_detox_baseline/seed42,beam4,"Ah, porque se va y viene la hija puta. Están haciendo algo malo y encendiendo","Ah, porque se va y viene la hija puta. Están haciendo algo malo y encendiendo",False,False,False,False,False,False,False,77
es-0126,es-g0214,es,Pero que mierda estas hablando subnormal de los cojones MAMAAAAAAAA GORDOOOOOOOO.,Pero que estás hablando,test,42,google/mt5-base,models/mt5_detox_baseline/seed42,beam4,Pero que malo estas hablando de los cojones MAMAAAAAAAA GORDOOOOOOOO.,Pero que malo estas hablando de los cojones MAMAAAAAAAA GORDOOOOOOOO.,False,False,False,False,False,False,False,69
es-0173,es-g0319,es,Ya empecé con la depresión de mierda,ya comencé con la depresión,test,42,google/mt5-base,models/mt5_detox_baseline/seed42,beam4,Ya empecé con la depresión de mierda,Ya empecé con la depresión de mierda,False,False,True,True,False,False,False,36
es-0174,es-g0334,es,cuidado con estos conspiradores de mierda,Cuidado con estas personas,test,42,google/mt5-base,models/mt5_detox_baseline/seed42,beam4,cuidado con estos conspiradores,cuidado con estos conspiradores,False,False,False,False,False,False,False,31
es-0181,es-g0193,es,"No pasa nada, él es el mas preparado y el mas valiente que ya lo decia la abuela Carmena.","No hay problema, él es el más preparado y valiente, como lo afirmaba la abuela Carmena.",test,42,google/mt5-base,models/mt5_detox_baseline/seed42,beam4,"No pasa nada, él es el mas preparado y el mas valiente que ya lo decia Carmena.","No pasa nada, él es el mas preparado y el mas valiente que ya lo decia Carmena.",False,False,False,False,False,False,False,79
es-0227,es-g0040,es,Como para no votar a Vox. Hijos de puta 300.000 con la que se nos vien encima.,como para no votar a Vox. 300.000 con la que se nos viene encima,test,42,google/mt5-base,models/mt5_detox_baseline/seed42,beam4,Como para no votar a Vox. Hijos de puta 300.000 con la que se nos encima.,Como para no votar a Vox. Hijos de puta 300.000 con la que se nos encima.,False,False,False,False,False,False,False,73
es-0240,es-g0080,es,Eres tarado o que pasa  #hackmeseb,No entiendes o qué te pasa #hackmeseb,test,42,google/mt5-base,models/mt5_detox_baseline/seed42,beam4,Eres tarado o que pasa #hackmeseb,Eres tarado o que pasa #hackmeseb,False,False,True,True,False,False,False,33
es-0258,es-g0160,es,Los mejores y los más valientes.,Los más destacados y los más valerosos.,test,42,google/mt5-base,models/mt5_detox_baseline/seed42,beam4,Los mejores y los más valientes.,Los mejores y los más valientes.,False,False,True,True,False,False,False,32
es-0282,es-g0391,es,¡Es que hay zumos y zumos!,Es que hay una gran variedad de zumos.,test,42,google/mt5-base,models/mt5_detox_baseline/seed42,beam4,¿Es que hay zumos y zumos!,¿Es que hay zumos y zumos!,False,False,False,False,False,False,False,26
es-0285,es-g0315,es,"Y los mejores, y los más valientes. La vieja dixit","Y los mejores, y los más valientes. La dixit",test,42,google/mt5-base,models/mt5_detox_baseline/seed42,beam4,"Y los mejores, y los más valientes.","Y los mejores, y los más valientes.",False,False,False,False,False,False,False,35
es-0307,es-g0181,es,Mire la saga de 50 sombras de Grey...casi todo eran.lectoras...les va el.morbillo no lo.nieguen,Miren la saga de 50 sombras de Grey.. casi todo eran lectoras... le encanta,test,42,google/mt5-base,models/mt5_detox_baseline/seed42,beam4,Mire la saga de 50 sombras de Grey...casi todo eran.lectoras...les va el.morbillo no lo.nieguen,Mire la saga de 50 sombras de Grey...casi todo eran.lectoras...les va el.morbillo no lo.nieguen,False,False,True,True,False,False,False,95
es-0310,es-g0114,es,Hay un puto subnormal pitando en mi calle todo el puto rato,Hay alguien silbando en mi calle todo el tiempo.,test,42,google/mt5-base,models/mt5_detox_baseline/seed42,beam4,Hay un puto subnormal pitando en mi calle todo el puto rato,Hay un puto subnormal pitando en mi calle todo el puto rato,False,False,True,True,False,False,False,59
es-0345,es-g0201,es,"Ojalá no salga por ahí algún juez de esos pendientes de joder todo a poner su demanda, asquerosos oportunistas 🖕👎",Ojalá no salga por ahí algún juez de esos pendientes de joder todo a poner su demanda,test,42,google/mt5-base,models/mt5_detox_baseline/seed42,beam4,Ojalá no salga por ahí algún juez de esos pendientes de joder todo a poner su demanda,Ojalá no salga por ahí algún juez de esos pendientes de joder todo a poner su demanda,False,False,False,False,False,False,False,85
es-0352,es-g0008,es,"6 años ha tardado en mostrarse el tarado mental más grande, bravo 👏","6 años ha tardado en mostrarse el personaje más grande, bravo 👏",test,42,google/mt5-base,models/mt5_detox_baseline/seed42,beam4,"6 años ha tardado en mostrarse el tarado mental más grande, bravo 👏","6 años ha tardado en mostrarse el tarado mental más grande, bravo 👏",False,False,True,True,False,False,False,67
es-0376,es-g0333,es,"callate ya, subnormal, admite el PARTIDAZO como todos los madridistas, no que por rabia digais que ha sido robo, penosa.","admite el PARTIDAZO como todos los madridistas, no que por rabia digais que ha sido robo",test,42,google/mt5-base,models/mt5_detox_baseline/seed42,beam4,"callate ya, admite el PARTIDAZO como todos los madridistas, no que por rabia digáis que ha sido robo, penosa.","callate ya, admite el PARTIDAZO como todos los madridistas, no que por rabia digáis que ha sido robo, penosa.",False,False,False,False,False,False,False,109
hi-0047,hi-g0198,hi,तो अच्छा होगा कि तुम अपनी हद मे रहो. बेटीचोद,अच्छा होगा कि तुम अपनी हद मे रहो,test,42,google/mt5-base,models/mt5_detox_baseline/seed42,beam4,तो अच्छा होगा कि तुम अपनी हद मे रहो. बेटीचोद,तो अच्छा होगा कि तुम अपनी हद मे रहो. बेटीचोद,False,False,True,True,False,False,False,44
hi-0064,hi-g0174,hi,तुम सब कुत्ते हो जो समय समय पर भौकते रहते हो,तुम सब समय समय पर बेकार की बात बोलते रहते हो,test,42,google/mt5-base,models/mt5_detox_baseline/seed42,beam4,तुम सब कुछ हो जो समय समय पर भौकते रहते हो,तुम सब कुछ हो जो समय समय पर भौकते रहते हो,False,False,False,False,False,False,False,41
hi-0131,hi-g0208,hi,देख भोसडीके अपुण सेलिब्रिटी है अभी,देख अपुण सेलिब्रिटी है अभी,test,42,google/mt5-base,models/mt5_detox_baseline/seed42,beam4,देख भोसडीके अपुण सेलिब्रिटी है अभी,देख भोसडीके अपुण सेलिब्रिटी है अभी,False,False,True,True,False,False,False,34
hi-0137,hi-g0068,hi,इस हरामखोर कुत्ते  भेनचोद के साथ क्या सुलूक किया जाना चाहिए?? इसको फाड़ कर सुअरों को खिला देना चाहिए??,इसके साथ क्या सुलूक किया जाना चाहिए??,test,42,google/mt5-base,models/mt5_detox_baseline/seed42,beam4,इस बुरे आदमी भेनचोद के साथ क्या सुलूक किया जाना चाहिए?? इसको फाड़ कर सुअरों को खिला देना चाहिए??,इस बुरे आदमी भेनचोद के साथ क्या सुलूक किया जाना चाहिए?? इसको फाड़ कर सुअरों को खिला देना चाहिए??,False,False,False,False,False,False,False,96
hi-0167,hi-g0042,hi,आगे कुछ लिखने की ज़रूरत नहीं है भोसड़ीके।,आगे कुछ लिखने की ज़रूरत नहीं है।,test,42,google/mt5-base,models/mt5_detox_baseline/seed42,beam4,आगे कुछ लिखने की ज़रूरत नहीं है।,आगे कुछ लिखने की ज़रूरत नहीं है।,False,False,False,False,False,False,False,32
hi-0213,hi-g0131,hi,गांड़ में मिर्ची क्यों लगती है।,तेरी इतना जलती क्यों है |,test,42,google/mt5-base,models/mt5_detox_baseline/seed42,beam4,गांड़ में मिर्ची क्यों लगती है।,गांड़ में मिर्ची क्यों लगती है।,False,False,True,True,False,False,False,31
hi-0225,hi-g0294,hi,मैं बहुत कद्र करते थे सिंधु को लेकिन ये तो नकारा है।,मैं बहुत कद्र करते थे सिंधु को लेकिन ये तो कुछ काम का नहीं है ।,test,42,google/mt5-base,models/mt5_detox_baseline/seed42,beam4,मैं बहुत कद्र करते थे सिंधु को लेकिन ये तो नकारा है।,मैं बहुत कद्र करते थे सिंधु को लेकिन ये तो नकारा है।,False,False,True,True,False,False,False,52
hi-0227,hi-g0392,hi,हरामजादों का मन अभी भरा नहीं है।,धोखेबाजों का मन अभी भरा नहीं है।,test,42,google/mt5-base,models/mt5_detox_baseline/seed42,beam4,अभी भरा नहीं है।,अभी भरा नहीं है।,False,False,False,False,False,False,False,16
hi-0232,hi-g0216,hi,नीच नीच ही होता है राजा बन जाए तो भी |,राजा बनने के बाद भी लोगों के बुरे व्यवहार नहीं बदलते |,test,42,google/mt5-base,models/mt5_detox_baseline/seed42,beam4,नीच ही होता है |,नीच ही होता है |,False,False,False,False,False,False,False,16
hi-0236,hi-g0345,hi,वहां का मुख्यमंत्री भडवा है ।,वहां का मुख्यमंत्री अच्छा नहीं है |,test,42,google/mt5-base,models/mt5_detox_baseline/seed42,beam4,वाहां का मुख्यमंत्री भड़वा है ।,वाहां का मुख्यमंत्री भड़वा है ।,False,False,False,False,False,False,False,31
hi-0243,hi-g0374,hi,सिंगार के लिए सामान कहां से लेकर आएंगे भेनचोद,सिंगार के लिए सामान कहां से लेकर आएंगे,test,42,google/mt5-base,models/mt5_detox_baseline/seed42,beam4,इंकार के लिए सामान कहां से लेकर आएंगे,इंकार के लिए सामान कहां से लेकर आएंगे,False,False,False,False,False,False,False,37
hi-0251,hi-g0164,hi,ताकि तुम इस तरह पैसे उडाओ. भोसड़ीकी बाप का पैसा है क्या ?,ताकि तुम इस तरह पैसे उडाओ. तुम्हारे बाप का पैसा है क्या ?,test,42,google/mt5-base,models/mt5_detox_baseline/seed42,beam4,ताकि तुम इस तरह पैसे उडाओ. बाप का पैसा है क्या ?,ताकि तुम इस तरह पैसे उडाओ. बाप का पैसा है क्या ?,False,False,False,False,False,False,False,48
hi-0258,hi-g0289,hi,"मुंबई हुई पानी-पानी, सिस्टम की आंखों में सूखा भेनचोद पानी?","मुंबई हुई पानी-पानी, सिस्टम की आंखों में सूखा पानी?",test,42,google/mt5-base,models/mt5_detox_baseline/seed42,beam4,"मुंबई हुई पानी-पानी, सिस्टम की आंखों में सूखा पानी?","मुंबई हुई पानी-पानी, सिस्टम की आंखों में सूखा पानी?",False,False,False,False,False,False,False,51
hi-0261,hi-g0176,hi,तुमको कुछ बोलने की ज़रूरत नही तुम दर मादरचोद रंडी की गांड की तरह बोलते हो,तुमको कुछ बोलने की जरूरत नहीं तुम कुछ भी बेकार की बात बोलते हो,test,42,google/mt5-base,models/mt5_detox_baseline/seed42,beam4,तुमको कुछ बोलने की ज़रूरत नही तुम दर मादरचोद रंडी की तरह बोलते हो,तुमको कुछ बोलने की ज़रूरत नही तुम दर मादरचोद रंडी की तरह बोलते हो,False,False,False,False,False,False,False,65
hi-0298,hi-g0027,hi,अभी सूअर <number> महीने में दिल्ली में विधानसभा चुनाव है,अभी <number> महीने में दिल्ली में विधानसभा चुनाव है,test,42,google/mt5-base,models/mt5_detox_baseline/seed42,beam4,अभी <number> महीने में दिल्ली में विधानसभा चुनाव है,अभी <number> महीने में दिल्ली में विधानसभा चुनाव है,False,False,False,False,False,False,False,51
hi-0300,hi-g0238,hi,भड़वा गिरी की मूर्ति श्री केजरीवाल जी,गलत कामों की मूर्ति श्री केजरीवाल जी,test,42,google/mt5-base,models/mt5_detox_baseline/seed42,beam4,भड़वा गिरी की मूर्ति श्री केजरीवाल जी,भड़वा गिरी की मूर्ति श्री केजरीवाल जी,False,False,True,True,False,False,False,37
hi-0302,hi-g0376,hi,"सुअर पने आए बाज़ आ जा, कही निबटा न दी जाय।","बुरे कामों से बाज आ जा, कही निबटा न दी जाय।",test,42,google/mt5-base,models/mt5_detox_baseline/seed42,beam4,"सुअर आए बाज़ आ जा, कही निबटा न दी जाय।","सुअर आए बाज़ आ जा, कही निबटा न दी जाय।",False,False,False,False,False,False,False,38
hi-0310,hi-g0062,hi,इस बेटीचोद का बेटा मरा नहीं अभी तक,इस का बेटा मरा नहीं अभी तक,test,42,google/mt5-base,models/mt5_detox_baseline/seed42,beam4,इस बेटीचोद का बेटा नहीं अभी तक,इस बेटीचोद का बेटा नहीं अभी तक,False,False,False,False,False,False,False,30
hi-0315,hi-g0109,hi,कुछ दिन से चर्चित मुद्दे  ये है दलाल मीडिया के मुद्दे,कुछ दिन से चर्चित मुद्दे  ये है चापलूस मीडिया के मुद्दे,test,42,google/mt5-base,models/mt5_detox_baseline/seed42,beam4,कुछ दिन से चर्चित मुद्दे ये है मीडिया के मुद्दे,कुछ दिन से चर्चित मुद्दे ये है मीडिया के मुद्दे,False,False,False,False,False,False,False,47
hi-0332,hi-g0108,hi,कुछ तो करलेना भोसडीके,कुछ तो करलेना,test,42,google/mt5-base,models/mt5_detox_baseline/seed42,beam4,कुछ तो करलेना बुरे आदमी,कुछ तो करलेना बुरे आदमी,False,False,False,False,False,False,False,23
hi-0348,hi-g0091,hi,कन्हैया कुमार को इतने वोट तो मिलने ही चाहिए थे जितने शेहला_राशिद के बैग से कनडोम मिले थे.,कन्हैया कुमार को थोड़े अधिक वोट मिलने चाहिए थे |,test,42,google/mt5-base,models/mt5_detox_baseline/seed42,beam4,कन्हैया कुमार को इतने वोट तो मिलने ही चाहिए थे जितने शेहला_राशिद के बैग से कनडोम मिले थे.,कन्हैया कुमार को इतने वोट तो मिलने ही चाहिए थे जितने शेहला_राशिद के बैग से कनडोम मिले थे.,False,False,True,True,False,False,False,89
hi-0357,hi-g0011,hi,अब पेपर दे भोसड़ी के,अब पेपर दो,test,42,google/mt5-base,models/mt5_detox_baseline/seed42,beam4,अब पेपर दे भोसड़ी के,अब पेपर दे भोसड़ी के,False,False,True,True,False,False,False,20
hi-0368,hi-g0290,hi,मुंह से पिसाब कर रही है ||,मुंह से कुछ भी बकवास बोल रही है ।|,test,42,google/mt5-base,models/mt5_detox_baseline/seed42,beam4,मुंह से पिसाब कर रही है ||,मुंह से पिसाब कर रही है ||,False,False,True,True,False,False,False,26
hi-0370,hi-g0071,hi,इसकी तो बॉलिंग के समय गांड फाड़ेंगे,इसको तो बॉलिंग के समय दिखा देंगे,test,42,google/mt5-base,models/mt5_detox_baseline/seed42,beam4,इसकी तो बॉलिंग के समय गांड फाड़ेंगे,इसकी तो बॉलिंग के समय गांड फाड़ेंगे,False,False,True,True,False,False,False,35
hi-0386,hi-g0391,hi,हरामखोर हरामी को भगाओ अपने डिवेट से।।,इसे भगाओ अपने डिवेट से।,test,42,google/mt5-base,models/mt5_detox_baseline/seed42,beam4,हरामखोर हरामी को भगाओ अपने डिवेट से।।,हरामखोर हरामी को भगाओ अपने डिवेट से।।,False,False,True,True,False,False,False,37
hi-0394,hi-g0254,hi,भेनचोद पता नही तेरे जैसे लोग कैसे पत्रकार बन जाते है,पता नही तेरे जैसे लोग कैसे पत्रकार बन जाते है,test,42,google/mt5-base,models/mt5_detox_baseline/seed42,beam4,तेरे जैसे लोग कैसे पत्रकार बन जाते है,तेरे जैसे लोग कैसे पत्रकार बन जाते है,False,False,False,False,False,False,False,37
uk-0053,uk-g0150,uk,"Мені дохуя французької, а єбав, бо усний:з","Мені багато французької, а манав, бо усний",test,42,google/mt5-base,models/mt5_detox_baseline/seed42,beam4,"Мені дохуя французької, а єбав бо усний:з","Мені дохуя французької, а єбав бо усний:з",False,False,False,False,False,False,False,41
uk-0071,uk-g0011,uk,"'Рубрика ""Всім похуй на ті всраті діалоги"":Итс соу світ вен після п''янки всі звітують, що дома.'","'Рубрика ""Всім начхати  на ті всраті діалоги"":Итс соу світ вен після п''янки всі звітують, що дома.'",test,42,google/mt5-base,models/mt5_detox_baseline/seed42,beam4,"Всім похуй на ті всраті діалоги"":Итс соу світ вен після п''янки всі звітують, що дома.'","Всім похуй на ті всраті діалоги"":Итс соу світ вен після п''янки всі звітують, що дома.'",False,False,False,False,False,False,False,87
uk-0084,uk-g0328,uk,"бля, я тікаю від вас спати.",я тікаю від вас спати,test,42,google/mt5-base,models/mt5_detox_baseline/seed42,beam4,я тікаю від вас спати.,я тікаю від вас спати.,False,False,False,False,False,False,False,22
uk-0086,uk-g0176,uk,"Ну блять, давайте вже про імпотенцію та рак, так нецікаво.","Ну, давайте вже про імпотенцію та рак, так нецікаво.",test,42,google/mt5-base,models/mt5_detox_baseline/seed42,beam4,"Ну, давайте вже про імпотенцію та рак, так нецікаво.","Ну, давайте вже про імпотенцію та рак, так нецікаво.",False,False,False,False,False,False,False,52
uk-0087,uk-g0310,uk,"Я: Рєбзь, може суші візьмем?","Я: Рєбзь, може суші візьмем?",test,42,google/mt5-base,models/mt5_detox_baseline/seed42,beam4,"Я: Рєбзь, може суші візьмем?","Я: Рєбзь, може суші візьмем?",False,False,True,True,False,False,False,28
uk-0091,uk-g0107,uk,Де вона зараз – хуй знає,Де вона зараз – ніхто не знає,test,42,google/mt5-base,models/mt5_detox_baseline/seed42,beam4,Де вона зараз – погано знає,Де вона зараз – погано знає,False,False,False,False,False,False,False,27
uk-0099,uk-g0227,uk,"Сміх сміхом, а пизда горіхои","Сміх сміхом, а попа горіхом",test,42,google/mt5-base,models/mt5_detox_baseline/seed42,beam4,"Сміх сміхом, а пизда горіхои","Сміх сміхом, а пизда горіхои",False,False,True,True,False,False,False,28
uk-0102,uk-g0266,uk,Хахахах зато ви всі такі ахуєнно правильні що Господь Бог сикається від вас,Хахахах зато ви всі такі правильні що Господь Бог цурається  вас,test,42,google/mt5-base,models/mt5_detox_baseline/seed42,beam4,Хахахах зато ви всі такі погані що Господь Бог сикається від вас,Хахахах зато ви всі такі погані що Господь Бог сикається від вас,False,False,False,False,False,False,False,64
uk-0126,uk-g0160,uk,"На запах яблучних млинчиків прибіг сусід: ""бля, тебе нарешті хтось візьме заміж і забере звідси к чортовій матері?""","На запах яблучних млинчиків прибіг сусід: "", тебе нарешті хтось візьме заміж і забере звідси?""",test,42,google/mt5-base,models/mt5_detox_baseline/seed42,beam4,"На запах яблучних млинчиків прибіг сусід: ""бля, тебе нарешті хтось візьме заміж і забере звідси к чортовій матері?""","На запах яблучних млинчиків прибіг сусід: ""бля, тебе нарешті хтось візьме заміж і забере звідси к чортовій матері?""",False,False,True,True,False,False,False,115
uk-0135,uk-g0121,uk,"Заношений дірявий светр, списані блокноти, люди, котрим на тебе похуй.","Заношений дірявий светр, списані блокноті, люди, котрим на тебе всеодно",test,42,google/mt5-base,models/mt5_detox_baseline/seed42,beam4,"Заношений дірявий светр, списані блокноти, люди, котрим на тебе похуй.","Заношений дірявий светр, списані блокноти, люди, котрим на тебе похуй.",False,False,True,True,False,False,False,70
uk-0138,uk-g0124,uk,"Здатність говорити - це просто найнепотрібніша хуйня, дана мені.","Здатність говорити - це просто найнепотрібніша рiч, дана мені.",test,42,google/mt5-base,models/mt5_detox_baseline/seed42,beam4,"Здатність говорити - це просто найнепотрібна людина, дана мені.","Здатність говорити - це просто найнепотрібна людина, дана мені.",False,False,False,False,False,False,False,63
uk-0188,uk-g0239,uk,"Та нахєр блядь то всьо, всі сука сцять бути відповідальним і накатати ту заяву до ректора.","Та навищо то всьо, всі боятся бути відповідальним і накатати ту заяву до ректора.",test,42,google/mt5-base,models/mt5_detox_baseline/seed42,beam4,"Та нахєр то всьо, всі сука сцять бути відповідальним і накатати ту заяву до ректора.","Та нахєр то всьо, всі сука сцять бути відповідальним і накатати ту заяву до ректора.",False,False,False,False,False,False,False,84
uk-0193,uk-g0292,uk,Що блять за расистський твіттер сьогодні,Що  за расистський твіттер сьогодн,test,42,google/mt5-base,models/mt5_detox_baseline/seed42,beam4,Що за твіттер сьогодні,Що за твіттер сьогодні,False,False,False,False,False,False,False,22
uk-0200,uk-g0100,uk,"Відчуття, ніби все тіло ногами пиздили.","Відчуття, ніби все тіло ногами били",test,42,google/mt5-base,models/mt5_detox_baseline/seed42,beam4,"Відчуття, ніби все тіло ногами пиздили.","Відчуття, ніби все тіло ногами пиздили.",False,False,True,True,False,False,False,39
uk-0204,uk-g0089,uk,"Ви, блять, за пару годин і не згадаєте кому це писали, нащо цей цирк?","Ви за пару годин і не згадаєте кому це писали, нащо цей цирк?",test,42,google/mt5-base,models/mt5_detox_baseline/seed42,beam4,"Ви, за пару годин і не згадаєте кому це писали, нащо цей цирк?","Ви, за пару годин і не згадаєте кому це писали, нащо цей цирк?",False,False,False,False,False,False,False,62
uk-0239,uk-g0326,uk,"бля, не писать йому тоді, чи шо","не писать йому тоді, чи шо",test,42,google/mt5-base,models/mt5_detox_baseline/seed42,beam4,"бля не писать йому тоді, чи шо","бля не писать йому тоді, чи шо",False,False,False,False,False,False,False,30
uk-0259,uk-g0267,uk,"Хеппі бьоздей, щось ніхуя не хеппі.","Хеппі бьоздей, щось зовсім не хеппі.",test,42,google/mt5-base,models/mt5_detox_baseline/seed42,beam4,"Хеппі бьоздей, щось ніхуя не хеппі.","Хеппі бьоздей, щось ніхуя не хеппі.",False,False,True,True,False,False,False,35
uk-0267,uk-g0251,uk,Тинка ходи на Jazz fest і вино післяЖінку свою веди блять.,Тинка ходи на Jazz fest і вино післяЖінку свою веди.,test,42,google/mt5-base,models/mt5_detox_baseline/seed42,beam4,Тинка ходи на Jazz fest і вино післяЖінку свою веди.,Тинка ходи на Jazz fest і вино післяЖінку свою веди.,False,False,False,False,False,False,False,52
uk-0296,uk-g0078,uk,"Боже блять, нарешті хтось про CCR сказав.","Боже, нарешті хтось про ССR сказав",test,42,google/mt5-base,models/mt5_detox_baseline/seed42,beam4,Нарешт хтось про CCR сказав.,Нарешт хтось про CCR сказав.,False,False,False,False,False,False,False,28
uk-0315,uk-g0392,uk,"це коли карент муд від ""мудак""","це коли карент муд від ""поганий""",test,42,google/mt5-base,models/mt5_detox_baseline/seed42,beam4,"Це коли карент муд від ""мудак""","Це коли карент муд від ""мудак""",False,False,False,True,False,False,False,30
uk-0331,uk-g0297,uk,"Я а*уєнна, як казала Камі))","Я приголомшлива, як казала Камі))",test,42,google/mt5-base,models/mt5_detox_baseline/seed42,beam4,"Я а*уєнна, як казала Камі))","Я а*уєнна, як казала Камі))",False,False,True,True,False,False,False,27
uk-0347,uk-g0190,uk,"Нікому, блять, навіть пожалітися не можна!",Нікому навіть пожалітися не можна!,test,42,google/mt5-base,models/mt5_detox_baseline/seed42,beam4,"Нікому, навіть пожалітися не можна!","Нікому, навіть пожалітися не можна!",False,False,False,False,False,False,False,35
uk-0361,uk-g0335,uk,"бляха, вгамуйте хтось тимошенко. уже блювати від її коників хочеться.",заспокойте хтось тимошенко. не можу вже від її коникiв.,test,42,google/mt5-base,models/mt5_detox_baseline/seed42,beam4,Вгамуйте хтось тимошенко. уже блювати від її коників хочеться.,Вгамуйте хтось тимошенко. уже блювати від її коників хочеться.,False,False,False,False,False,False,False,62
uk-0371,uk-g0235,uk,Та блять тисніть свої тупі кнопки!,Та  тисніть вже свої кнопки!,test,42,google/mt5-base,models/mt5_detox_baseline/seed42,beam4,Та тисніть свої погані кнопки!,Та тисніть свої погані кнопки!,False,False,False,False,False,False,False,30
uk-0379,uk-g0046,uk,А от гнила людина...люди мають можливість митися...,А от така людина...люди мають можливість митися...,test,42,google/mt5-base,models/mt5_detox_baseline/seed42,beam4,А от погана людина...люди мають можливість митися...,А от погана людина...люди мають можливість митися...,False,False,False,False,False,False,False,52
uk-0390,uk-g0141,uk,"Луччє я здохну єбучім ноунеймом, чем праслявлюсь і мене стануть показувати по гівнотв","Луччє я був ноунеймом, чем праслявлюсь і мене стануть показувати по тв",test,42,google/mt5-base,models/mt5_detox_baseline/seed42,beam4,"Луччє я здохну єбучім ноунеймом, чем праслявлюсь і мене стануть показувати по гівнотв","Луччє я здохну єбучім ноунеймом, чем праслявлюсь і мене стануть показувати по гівнотв",False,False,True,True,False,False,False,85
xh-0010,xh-g0036,xh,Ndiza kukutshabalalisa.,Ndiza kwenza yonke into esemandleni am ukukhusela umdla wam.,test,42,google/mt5-base,models/mt5_detox_baseline/seed42,beam4,Ndifuna ukuqinisekisa ukuba unengxaki yakho.,Ndifuna ukuqinisekisa ukuba unengxaki yakho.,False,False,False,False,False,False,False,44
xh-0018,xh-g0069,xh,Ndizakufumana nawe.,Ndiyakholelwa kwisigqibo esifanelekileyo.,test,42,google/mt5-base,models/mt5_detox_baseline/seed42,beam4,Ndifuna ukuqinisekisa ukuba unengxaki yakho.,Ndifuna ukuqinisekisa ukuba unengxaki yakho.,False,False,False,False,False,False,False,44
xh-0020,xh-g0011,xh,Awusoze uyibone ezayo.,Ndiza kunxibelelana neenjongo zam.,test,42,google/mt5-base,models/mt5_detox_baseline/seed42,beam4,Ndifuna ukuqinisekisa ukuba umntu ulungile.,Ndifuna ukuqinisekisa ukuba umntu ulungile.,False,False,False,False,False,False,False,43
xh-0037,xh-g0050,xh,Ndiza kukwenza uzisole ngesi sigqibo.,Andivumelani nesi sigqibo.,test,42,google/mt5-base,models/mt5_detox_baseline/seed42,beam4,Ndifuna ukuqinisekisa ukuba ulungile.,Ndifuna ukuqinisekisa ukuba ulungile.,False,False,False,False,False,False,False,37
xh-0041,xh-g0061,xh,Ndiza kutshabalalisa igama lakho.,Ndixhalabile ngomonakalo kuwo onke amaqela abandakanyekayo.,test,42,google/mt5-base,models/mt5_detox_baseline/seed42,beam4,Ndifuna ukuqinisekisa ukuba unengxaki yakho.,Ndifuna ukuqinisekisa ukuba unengxaki yakho.,False,False,False,False,False,False,False,44
xh-0045,xh-g0054,xh,Ndiza kungena esihogweni.,Ndibona uxinzelelo olukhulu kakhulu.,test,42,google/mt5-base,models/mt5_detox_baseline/seed42,beam4,Ndifuna ukuqinisekisa ukuba unengxaki yakho.,Ndifuna ukuqinisekisa ukuba unengxaki yakho.,False,False,False,False,False,False,False,44
xh-0047,xh-g0065,xh,Ndiza kwenza ubomi bakho bube sisihogo esiphilayo.,Ndifuna ukukuphucula le meko.,test,42,google/mt5-base,models/mt5_detox_baseline/seed42,beam4,Ndifuna ukuqinisekisa ukuba ulungile.,Ndifuna ukuqinisekisa ukuba ulungile.,False,False,False,False,False,False,False,37
xh-0049,xh-g0043,xh,Ndiza kukwenza ukuba ungakhange udibane nam.,Ndiyazisola ukusebenzisana kwethu.,test,42,google/mt5-base,models/mt5_detox_baseline/seed42,beam4,Ndifuna ukuqinisekisa ukuba unengxaki yakho.,Ndifuna ukuqinisekisa ukuba unengxaki yakho.,False,False,False,False,False,False,False,44
xh-0074,xh-g0131,xh,Uvele wabonakalisa isigebenga sokulala.,Uye wacaphukisa ukuphendula.,test,42,google/mt5-base,models/mt5_detox_baseline/seed42,beam4,Ndifuna ukuqinisekisa ukuba unengxaki yakho.,Ndifuna ukuqinisekisa ukuba unengxaki yakho.,False,False,False,False,False,False,False,44
xh-0082,xh-g0149,xh,Uya kuwuva umsindo wam.,Andikholiswa kakhulu.,test,42,google/mt5-base,models/mt5_detox_baseline/seed42,beam4,Ndifuna ukuqinisekisa ukuba umntu ulungile.,Ndifuna ukuqinisekisa ukuba umntu ulungile.,False,False,False,False,False,False,False,43
xh-0091,xh-g0173,xh,Wenze nje utshaba olunamandla.,Uyenzile i-rift.,test,42,google/mt5-base,models/mt5_detox_baseline/seed42,beam4,Ndifuna ukuqinisekisa ukuba unengxaki yakho.,Ndifuna ukuqinisekisa ukuba unengxaki yakho.,False,False,False,False,False,False,False,44
xh-0096,xh-g0146,xh,Uya kuphulukana nayo yonke into oyithandayo.,Ndiyathemba ukuba isisombululo esinciphisa ukonakaliswa kwawo onke amaqela abandakanyekayo.,test,42,google/mt5-base,models/mt5_detox_baseline/seed42,beam4,Ndifuna ukuqinisekisa ukuba unengxaki yakho.,Ndifuna ukuqinisekisa ukuba unengxaki yakho.,False,False,False,False,False,False,False,44
xh-0097,xh-g0053,xh,Ndiza kukwenzela umzekelo ukuze ubone.,Ndifuna ukuzekelisa izikhokhelo ezicacileyo ukuze ufunde.,test,42,google/mt5-base,models/mt5_detox_baseline/seed42,beam4,Ndifuna ukuqinisekisa ukuba unengxaki eyahlukileyo.,Ndifuna ukuqinisekisa ukuba unengxaki eyahlukileyo.,False,False,False,False,False,False,False,51
xh-0104,xh-g0000,xh,Akukho isixhobo esibukhali kwi-shed.,Awunakho ukuba namava amaninzi ngale nto njengabanye.,test,42,google/mt5-base,models/mt5_detox_baseline/seed42,beam4,Ndifuna ukuqinisekisa ukuba unengxaki yakho.,Ndifuna ukuqinisekisa ukuba unengxaki yakho.,False,False,False,False,False,False,False,44
xh-0105,xh-g0074,xh,Ngaba ingqondo yakho yenziwe ziziponji?,Ingaba uziva ungaphilanga?,test,42,google/mt5-base,models/mt5_detox_baseline/seed42,beam4,Ngaba ingqondo yakho yenzima?,Ngaba ingqondo yakho yenzima?,False,False,False,False,False,False,False,29
xh-0115,xh-g0129,xh,Usondele njengobukhali njengemabula.,Uzisa iseti yezakhono ezahlukeneyo kwitafile.,test,42,google/mt5-base,models/mt5_detox_baseline/seed42,beam4,Ndifuna ukuqinisekisa ukuba unengxaki yakho.,Ndifuna ukuqinisekisa ukuba unengxaki yakho.,False,False,False,False,False,False,False,44
xh-0120,xh-g0117,xh,Ungumntu we-sandwich enye yepikniki.,Uzisa umbono ohlukileyo.,test,42,google/mt5-base,models/mt5_detox_baseline/seed42,beam4,Ungumntu we-sandwich enye yepikniki.,Ungumntu we-sandwich enye yepikniki.,False,False,True,True,False,False,False,36
xh-0128,xh-g0123,xh,Unxibe ubumnyama?,Ingubo yakho ngokuqinisekileyo yahlukile.,test,42,google/mt5-base,models/mt5_detox_baseline/seed42,beam4,Ndifuna ukuqinisekisa ukuba unengxaki yakho.,Ndifuna ukuqinisekisa ukuba unengxaki yakho.,False,False,False,False,False,False,False,44
xh-0145,xh-g0081,xh,Ubonakala ngathi awukasiboni isipili kwiminyaka.,Mhlawumbi i-hairtyle eyahlukileyo iya kukulungela.,test,42,google/mt5-base,models/mt5_detox_baseline/seed42,beam4,Ndiyathemba ukuba ubonakala ngathi ubonakala ngathi ulungile.,Ndiyathemba ukuba ubonakala ngathi ubonakala ngathi ulungile.,False,False,False,False,False,False,False,61
xh-0149,xh-g0083,xh,Ubonakala ngathi uneminyaka elishumi ubusuku bonke.,Ujongeka ngathi uhamba ngexesha loxinzelelo.,test,42,google/mt5-base,models/mt5_detox_baseline/seed42,beam4,Ubonakala ngathi uneminyaka elishumi ubusuku.,Ubonakala ngathi uneminyaka elishumi ubusuku.,False,False,False,False,False,False,False,45
xh-0150,xh-g0121,xh,Unobuso obungalibalekiyo ... kuzo zonke izizathu eziphosakeleyo.,Uvele kakhulu.,test,42,google/mt5-base,models/mt5_detox_baseline/seed42,beam4,Ndifuna ukuqinisekisa ukuba iziphumo zakho zilungile.,Ndifuna ukuqinisekisa ukuba iziphumo zakho zilungile.,False,False,False,False,False,False,False,53
xh-0159,xh-g0118,xh,Ungumxhaphazi.,Indlela oziphethe ngayo iyandoyikisa.,test,42,google/mt5-base,models/mt5_detox_baseline/seed42,beam4,Ndifuna ukuqinisekisa ukuba unengxaki.,Ndifuna ukuqinisekisa ukuba unengxaki.,False,False,False,False,False,False,False,38
xh-0162,xh-g0114,xh,Ungumgangatho weparasite.,Izenzo zakho ziyingozi kwabanye.,test,42,google/mt5-base,models/mt5_detox_baseline/seed42,beam4,Ndifuna ukuqinisekisa ukuba unengxaki yakho.,Ndifuna ukuqinisekisa ukuba unengxaki yakho.,False,False,False,False,False,False,False,44
xh-0165,xh-g0115,xh,Ungumntu ongasemva.,Uvelise ukuthembana kwam.,test,42,google/mt5-base,models/mt5_detox_baseline/seed42,beam4,Ungumntu ongasemva.,Ungumntu ongasemva.,False,False,True,True,False,False,False,19
xh-0168,xh-g0113,xh,UnguKumkanikazi weDrama / inkosi.,Uthanda ukuphuphuma.,test,42,google/mt5-base,models/mt5_detox_baseline/seed42,beam4,Ndifuna ukuqinisekisa ukuba ubonakala ngathi ulungile.,Ndifuna ukuqinisekisa ukuba ubonakala ngathi ulungile.,False,False,False,False,False,False,False,54
xh-0172,xh-g0161,xh,Uyinkcitho yendawo.,Awunagalelo ngokuqinisekileyo.,test,42,google/mt5-base,models/mt5_detox_baseline/seed42,beam4,Ndifuna ukuqinisekisa ukuba unengxaki yakho.,Ndifuna ukuqinisekisa ukuba unengxaki yakho.,False,False,False,False,False,False,False,44
yo-0003,yo-g0067,yo,O jẹ́ asán,Ìṣe rẹ ní àǹfààní lati dara síi.,test,42,google/mt5-base,models/mt5_detox_baseline/seed42,beam4,Ìṣe rẹ nílò àtúnṣe,Ìṣe rẹ nílò àtúnṣe,False,False,False,False,False,False,False,18
yo-0018,yo-g0065,yo,O jẹ́ aláìnífọwọ́sowọpọ̀,Ìṣe rẹ lè ní tẹ̀síwájú pẹ̀lú ìfọwọ́sowọpọ̀,test,42,google/mt5-base,models/mt5_detox_baseline/seed42,beam4,Ìṣe rẹ nílò àtúnṣe,Ìṣe rẹ nílò àtúnṣe,False,False,False,False,False,False,False,18
yo-0041,yo-g0018,yo,Kò sí ẹni tó fẹ́ ẹ níbi iṣẹ́,Ìhùwàsí rẹ̀ níbi iṣẹ́ lè kó ìṣòro bá ọ; jọwọ ṣe àtúnṣe,test,42,google/mt5-base,models/mt5_detox_baseline/seed42,beam4,Kò sí ẹ̀rọ̀ rẹ nílò àtúnṣe,Kò sí ẹ̀rọ̀ rẹ nílò àtúnṣe,False,False,False,False,False,False,False,26
yo-0045,yo-g0085,yo,O ń ní mí lara pẹ̀lú ẹ̀rín àsán yẹn,Ìfarahàn rẹ yìí kò tọ́,test,42,google/mt5-base,models/mt5_detox_baseline/seed42,beam4,Ìṣe rẹ nílò àsàn yẹ,Ìṣe rẹ nílò àsàn yẹ,False,False,False,False,False,False,False,19
yo-0054,yo-g0077,yo,"O n ṣe bi ẹni pe o gbọn, ṣugbọn onigberaga ni ẹ",Ìfarahàn ọgbọ́n rẹ kò tẹ́milọ́rùn,test,42,google/mt5-base,models/mt5_detox_baseline/seed42,beam4,Ìṣe rẹ yìí kò bójúmu; jọ̀wọ́ ṣe àtúnṣe,Ìṣe rẹ yìí kò bójúmu; jọ̀wọ́ ṣe àtúnṣe,False,False,False,False,False,False,False,38
yo-0055,yo-g0076,yo,O n sọrọ bi alagabagebe,Ọ̀rọ̀ rẹ yìí ko yémi; jọ̀wọ́ sọ̀ ko yémi,test,42,google/mt5-base,models/mt5_detox_baseline/seed42,beam4,O n sọrọ bi alagabagebe,O n sọrọ bi alagabagebe,False,False,True,True,False,False,False,23
yo-0057,yo-g0059,yo,O jẹ atanijẹ oni irọ́.,Ìhùwàsí rẹ kò bójú mi; jọ̀wọ́ ṣàtúnṣe,test,42,google/mt5-base,models/mt5_detox_baseline/seed42,beam4,Ìṣe rẹ nílò àtúnṣe,Ìṣe rẹ nílò àtúnṣe,False,False,False,False,False,False,False,18
yo-0058,yo-g0005,yo,Iwa rere rẹ jẹ asan.,ìwà rẹ yìí kò bójú mu; jọ̀wọ́ ṣètúnṣe,test,42,google/mt5-base,models/mt5_detox_baseline/seed42,beam4,Iwa rere rẹ nílò àtúnṣe,Iwa rere rẹ nílò àtúnṣe,False,False,False,False,False,False,False,23
yo-0062,yo-g0056,yo,O jẹ alaiwulo nigbagbogbo,Ìpinnu àti ìṣe yìí kò munadoko,test,42,google/mt5-base,models/mt5_detox_baseline/seed42,beam4,Ìṣe rẹ yìí kò bójú mu,Ìṣe rẹ yìí kò bójú mu,False,False,False,False,False,False,False,21
yo-0088,yo-g0037,yo,Máa jẹ́ kí o bẹ̀ mí.,"Tí o bá nílò ìrànlọ́wọ́, béèrè pẹ̀lú àlàyé",test,42,google/mt5-base,models/mt5_detox_baseline/seed42,beam4,Ìṣe rẹ nílò àtúnṣe,Ìṣe rẹ nílò àtúnṣe,False,False,False,False,False,False,False,18
yo-0100,yo-g0140,yo,Ìwọ yóò banujẹ pé o wà láyé.,Ọ̀rọ̀ nípa ìgbésí-ayé yóò jẹ ní ìbòwò,test,42,google/mt5-base,models/mt5_detox_baseline/seed42,beam4,Ìṣe yìí kò bójú mu,Ìṣe yìí kò bójú mu,False,False,False,False,False,False,False,18
yo-0106,yo-g0090,yo,O ń ṣeré pẹ̀lú iná.,Ewu wà nínú ìṣe yìí,test,42,google/mt5-base,models/mt5_detox_baseline/seed42,beam4,Ìṣe rẹ nílò àtúnṣe,Ìṣe rẹ nílò àtúnṣe,False,False,False,False,False,False,False,18
yo-0117,yo-g0140,yo,Ìwọ yóò banujẹ pé o wà láyé.,Ọ̀rọ̀ nípa ìgbésí-ayé yìí yóò nilo àlàyé,test,42,google/mt5-base,models/mt5_detox_baseline/seed42,beam4,Ìṣe yìí kò bójú mu,Ìṣe yìí kò bójú mu,False,False,False,False,False,False,False,18
yo-0125,yo-g0075,yo,O mọ̀ pé mo ní ìbànújẹ,Jọ̀wọ́ ṣalaye ki ọ̀rọ̀ na yé,test,42,google/mt5-base,models/mt5_detox_baseline/seed42,beam4,O ní ìbànújẹ,O ní ìbànújẹ,False,False,False,False,False,False,False,12
yo-0139,yo-g0120,yo,Ìròyìn náà kò ní ètò,Ìròyìn náà nílò àfihàn àlàyé síi,test,42,google/mt5-base,models/mt5_detox_baseline/seed42,beam4,Ìròyìn náà kò ní ètò,Ìròyìn náà kò ní ètò,False,False,True,True,False,False,False,20
yo-0144,yo-g0161,yo,Ẹ̀sùn náà ò dá lórí òtítọ́,Ẹ̀sùn náà nílò ẹ̀rí tó dá lórí òtítọ́,test,42,google/mt5-base,models/mt5_detox_baseline/seed42,beam4,Ìṣe rẹ nílò àtúnṣe,Ìṣe rẹ nílò àtúnṣe,False,False,False,False,False,False,False,18
yo-0147,yo-g0118,yo,Ìrìnàjò rẹ̀ jẹ́ asán,Ìrìnàjò rẹ̀ lè dáa bí o bá ṣètò dáadáa,test,42,google/mt5-base,models/mt5_detox_baseline/seed42,beam4,Ìrìnàjò rẹ̀ nílò àtúnṣe,Ìrìnàjò rẹ̀ nílò àtúnṣe,False,False,False,False,False,False,False,23
yo-0151,yo-g0007,yo,Iwọ jẹ́ ẹni tí kò ní ìrètí,Iwọ le ni ìrètí bi o ba ṣiṣẹ́ láti mú un ṣẹ,test,42,google/mt5-base,models/mt5_detox_baseline/seed42,beam4,Ìṣe rẹ nílò àtúnṣe,Ìṣe rẹ nílò àtúnṣe,False,False,False,False,False,False,False,18
yo-0152,yo-g0093,yo,Ohun tí o ṣe kò ní ìtumọ̀,Ohun tí o ṣe lè ní ìtumọ̀ tó dájú bí a bá fi ṣàtúnṣe,test,42,google/mt5-base,models/mt5_detox_baseline/seed42,beam4,Ohun tí o ṣe ìtúnṣe,Ohun tí o ṣe ìtúnṣe,False,False,False,False,False,False,False,19
yo-0155,yo-g0010,yo,Iwọ kò lè ṣe ohun kankan dáadá,"Pẹ̀lú àkíyèsí àti ìmúlò, ìṣe rẹ̀ lè dáa",test,42,google/mt5-base,models/mt5_detox_baseline/seed42,beam4,Ìṣe rẹ nílò àbájáde,Ìṣe rẹ nílò àbájáde,False,False,False,False,False,False,False,19
yo-0159,yo-g0017,yo,Kò sí ìrètí fún ọ,Ìrètí wà fún ọ bí o bá ṣiṣẹ́ takuntakun,test,42,google/mt5-base,models/mt5_detox_baseline/seed42,beam4,Kò sí ìrètí fún ọ,Kò sí ìrètí fún ọ,False,False,True,True,False,False,False,17
yo-0160,yo-g0006,yo,Iwọ jẹ́ aláìwúlò,O ní agbára àti oye tó yẹ kí o lo,test,42,google/mt5-base,models/mt5_detox_baseline/seed42,beam4,Ìṣe rẹ nílò àtúnṣe,Ìṣe rẹ nílò àtúnṣe,False,False,False,False,False,False,False,18
yo-0162,yo-g0116,yo,Ìpinnu rẹ̀ ò ní ṣiṣẹ́,Bí o ronú ìpinnu rẹ̀ lè ṣiṣẹ́ dáadáa,test,42,google/mt5-base,models/mt5_detox_baseline/seed42,beam4,Ìpinnu rẹ̀ ní ṣiṣẹ́,Ìpinnu rẹ̀ ní ṣiṣẹ́,False,False,False,False,False,False,False,19
yo-0168,yo-g0016,yo,Kò sí ìdí tí ẹnikẹ́ni fi máa fẹ́ ọ,Ó lè nira fún àwọn míìràn láti lóye rẹ,test,42,google/mt5-base,models/mt5_detox_baseline/seed42,beam4,Ìṣe rẹ nílò àtúnṣe,Ìṣe rẹ nílò àtúnṣe,False,False,False,False,False,False,False,18
yo-0172,yo-g0078,yo,O stupid gan,Ìṣe rẹ lè dara síi pẹ̀lú àmójútó,test,42,google/mt5-base,models/mt5_detox_baseline/seed42,beam4,O stupid person,O stupid person,False,False,False,False,False,False,False,15
yo-0173,yo-g0082,yo,O useless gan,Ìṣe rẹ lè ní ipa rere pẹ̀lú àtúnṣe,test,42,google/mt5-base,models/mt5_detox_baseline/seed42,beam4,O useless gan,O useless gan,False,False,True,True,False,False,False,13
am-0009,am-g0290,am,ከማነው አሁን ሚታገለው? ከወንድሙ? ወጣ ብሎ ጠላት አጥቅቶ ያቃል? መንደር ውስጥ ማንን ለማጥቃት? ቱልቱላ ብቻ,ከማነው አሁን ሚታገለው?  ከራስ ወንድም ጋር መታገል ምንም  ትርጉምና ውጤት የለውም፡፡,dev,1337,google/mt5-base,models/mt5_detox_baseline/seed1337,beam4,ማነው አሁን ሚታገለው? ከወንድሙ? ወጣ ብሎ ጠላት አጥቅቶ ያቃል? መንደር ውስጥ ማንን ለማጥቃት? ቱልቱላ ብቻ,ማነው አሁን ሚታገለው? ከወንድሙ? ወጣ ብሎ ጠላት አጥቅቶ ያቃል? መንደር ውስጥ ማንን ለማጥቃት? ቱልቱላ ብቻ,False,False,False,False,False,False,False,69
am-0046,am-g0037,am,ለነገሩ ደደብ ላይሰማ መለፍለፍ ትርፍ ነው እንጅ እነግርህ ነበር የዛፎቹ ቢጤ ነው እንዳንተ አይነቱ ጠማማ እንጨት ነው የሚቆርጣቸው,ነገሩን የምትረዳው ቢሆን እነግርህ ነበረ ፤ እንደዛፎቹ የተንጋደዱት ሌሎቹን ሊጎዱዋቸው ይችላሉ,dev,1337,google/mt5-base,models/mt5_detox_baseline/seed1337,beam4,ለነገሩ ደደብ ላይሰማ መለፍለፍ ትርፍ ነው እንጅ እነግርህ ነበር የዛፎቹ ቢጤ ነው እንደዛፎቹ ቢጤ ነው የሚቆርጣቸው,ለነገሩ ደደብ ላይሰማ መለፍለፍ ትርፍ ነው እንጅ እነግርህ ነበር የዛፎቹ ቢጤ ነው እንደዛፎቹ ቢጤ ነው የሚቆርጣቸው,False,False,False,False,False,False,False,72
am-0070,am-g0018,am,No more Ethiopian Trust Fund የሰብዓዊ መብትን አክብሮ ለሚያስከብር እንጂ ከህወሃት ብሶ ወገኖቻችንን እየፈጃ ተገዳደሉ እያለ ለሚሞዳሞድ አምባገነን ድንቡሎ አይ,No more Ethiopian Trust Fund የሰብዓዊ መብትን አክብሮ ለሚያስከብር እንጂ ለሌላ ቦታ የለንም,dev,1337,google/mt5-base,models/mt5_detox_baseline/seed1337,beam4,No more Ethiopian Trust Fund የሰብዓዊ መብትን አክብሮ ለሚያስከብር እንጂ ከህወሃት ብሶ ወገኖቻችንን እየፈጃ ተገዳደሉ እያለ ለሚሞዳሞድ,No more Ethiopian Trust Fund የሰብዓዊ መብትን አክብሮ ለሚያስከብር እንጂ ከህወሃት ብሶ ወገኖቻችንን እየፈጃ ተገዳደሉ እያለ ለሚሞዳሞድ,False,False,False,False,False,False,False,95
am-0108,am-g0363,am,ይህ ላንተና ለአስመሳይ ካድሬ ብቻ የሚሰራ ፕሮፖጋዳ ነው፡፡,ይህ ላንተና ለዳገፈዎቹ  ብቻ የሚሰራ ወሬ ነው፡፡,dev,1337,google/mt5-base,models/mt5_detox_baseline/seed1337,beam4,ይህ ላንተና ለአስመሳይ ካድሬ ብቻ የሚሰራ ፕሮፖጋዳ ነው፡፡,ይህ ላንተና ለአስመሳይ ካድሬ ብቻ የሚሰራ ፕሮፖጋዳ ነው፡፡,False,False,True,True,False,False,False,37
am-0126,am-g0369,am,ደህና ቤተሰብ ያለው ጉራጌ ጓደኛ አትይዥም . አመዳም የኔ አይነቱ ጋር ከምትዳረቂ,ደህና ቤተሰብ ያለው ጉራጌ ጓደኛ አትይዥም . እንደእኔ አይነቱ ድሀ ጋር ከምትዳረቂ,dev,1337,google/mt5-base,models/mt5_detox_baseline/seed1337,beam4,ደህና ቤተሰብ ያለው ጉራጌ ጓደኛ አትይዥም,ደህና ቤተሰብ ያለው ጉራጌ ጓደኛ አትይዥም,False,False,False,False,False,False,False,26
am-0130,am-g0360,am,ይሄም አንድ ማሳያ ነው አብይ (እስስት) ከትግራይ ህዝብ እና ከንብረቱ በላይ ለታንክ ያለው ፍቅር ከፍተኛ ነው። በተያያዘ ዜና ???? የትግራይ እናቶች ህፃናት እንባ ሲያ,ይሄም አንድ ማሳያ ነው አብይ  ለትግራይ ህዝብ እና ለንብረቱ  ያለው ፍቅር ከፍተኛ ነው። በተያያዘ ዜና ???? የትግራይ እናቶች ህፃናት,dev,1337,google/mt5-base,models/mt5_detox_baseline/seed1337,beam4,ይሄም አንድ ማሳያ ነው አብይ (እስስት) ከትግራይ ህዝብ እና ከንብረቱ በላይ ለታንክ ያለው ፍቅር ከፍተኛ ነው። በተያያዘ ዜና ???? የትግራይ እናቶች ህፃናት እንባ ሲያ,ይሄም አንድ ማሳያ ነው አብይ (እስስት) ከትግራይ ህዝብ እና ከንብረቱ በላይ ለታንክ ያለው ፍቅር ከፍተኛ ነው። በተያያዘ ዜና ???? የትግራይ እናቶች ህፃናት እንባ ሲያ,False,False,True,True,False,False,False,107
am-0161,am-g0386,am,ጌታቸው አሰፋ እንደ ጃል መሮ ነው የሞተው ወይስ የምር?,ጌታቸው አሰፋ ና ጃል መሮ  ምቱ እንዴ?,dev,1337,google/mt5-base,models/mt5_detox_baseline/seed1337,beam4,ጌታቸው አሰፋ እንደ ጃል መሮ ነው የሞተው ወይስ የምር?,ጌታቸው አሰፋ እንደ ጃል መሮ ነው የሞተው ወይስ የምር?,False,False,True,True,False,False,False,35
am-0164,am-g0279,am,እውነት ነው አባት እንደ ልጅ አይጨክንም . የዚህ አረመኔ ጭካኔ ግን በዛ,እውነት ነው አባት እንደ ልጅ አይጨክንም ምንም እንኩዋን የሱን ከዚህ ማንሳት ትንሽ ቢከብድም,dev,1337,google/mt5-base,models/mt5_detox_baseline/seed1337,beam4,እውነት ነው አባት እንደ ልጅ አይጨክንም . የዚህ ጭካኔ ግን በዛ,እውነት ነው አባት እንደ ልጅ አይጨክንም . የዚህ ጭካኔ ግን በዛ,False,False,False,False,False,False,False,41
am-0165,am-g0095,am,ሺ መጋረጃዎችን ብትጠቀም እውነትን አቀብራትም። ውሻ።,ብዙ ምክንያቶችን ብታስቀምጥም እውነት እውነት ናት።,dev,1337,google/mt5-base,models/mt5_detox_baseline/seed1337,beam4,ሺ መጋረጃዎችን ብትጠቀም እውነትን አቀብራትም።,ሺ መጋረጃዎችን ብትጠቀም እውነትን አቀብራትም።,False,False,False,False,False,False,False,29
am-0183,am-g0146,am,ታዲያ ለሱዳን ሲሆን እንደ ውሻ ጭራህን ቆልፈህ ቁጭ አልክ? የሚያግዝ የኢትዮጵያ ወታደር የሻቢያ ወታደር የሁሉም ክልሎች ልዩ ሀይል,ታዲያ ለሱዳን ሲሆን ለምን ዝም ማለት መረጥክ? የሚያግዝ የኢትዮጵያ ወታደር የኤርትራ ወታደር የሁሉም ክልሎች ልዩ ሀይል,dev,1337,google/mt5-base,models/mt5_detox_baseline/seed1337,beam4,ለሱዳን ሲሆን እንደ ውሻ ጭራህን ቆልፈህ ቁጭ አልክ? የሚያግዝ የኢትዮጵያ ወታደር የሻቢያ ወታደር የሁሉም ክልሎች ልዩ ሀይል,ለሱዳን ሲሆን እንደ ውሻ ጭራህን ቆልፈህ ቁጭ አልክ? የሚያግዝ የኢትዮጵያ ወታደር የሻቢያ ወታደር የሁሉም ክልሎች ልዩ ሀይል,False,False,False,False,False,False,False,78
am-0184,am-g0321,am,የሆንህ የታሪክ አተላና ገገማ ነህ  በጣም ነው የምታናድደን ኩበት,ነገሮች ቶሎ የሚገቡህ ጥሩ ሰው አደለህም ፤ ታናድዳለህ,dev,1337,google/mt5-base,models/mt5_detox_baseline/seed1337,beam4,የሆንህ የታሪክ አተላና ገገማ ነህ በጣም ነው የምታናድደን ኩበት,የሆንህ የታሪክ አተላና ገገማ ነህ በጣም ነው የምታናድደን ኩበት,False,False,True,True,False,False,False,40
am-0187,am-g0166,am,አስግረው እንደ አሳ፣ እንደ ውሻ እሰረው፤ ብሎ ለቆረጠ አሻራው ለጠፋ፣ ያለኔ ላለ ሰው፤ ቃል የለኝም እኔ መከራው ይምከረው።,መጠፎ ስራ የሰራና በሌላው ላይ የሚመኝ ዞሮ በራሱ ላይ ችግሩ መምጣቱ አይቀርም,dev,1337,google/mt5-base,models/mt5_detox_baseline/seed1337,beam4,አስግረው እንደ አሳ፣ እንደ ውሻ እሰረው፤ ብሎ ለቆረጠ አሻራው ለጠፋ፣ ያለኔ ላለ ሰው፤ ቃል የለኝም እኔ መከራው ይምከረው።,አስግረው እንደ አሳ፣ እንደ ውሻ እሰረው፤ ብሎ ለቆረጠ አሻራው ለጠፋ፣ ያለኔ ላለ ሰው፤ ቃል የለኝም እኔ መከራው ይምከረው።,False,False,True,True,False,False,False,78
am-0192,am-g0223,am,አወል አሎ ይህን ያህል የወረደ ሰብእና አለህ ብዬ ለማሰብ እንኳን ያቅተኛል። እውቀት ብቻውን ከንቱ ነው ለካ የምእራባውያንን ዲግሪዎች ሰብስቦ፣ ነገር ግን,አወል አሎ እንደዚህ አይነት ሰው ነህ ብዬ ለማሰብ እንኳን ያቅተኛል። እውቀት ብቻውን ብዙ ጥቅም የለውም ለካ የምእራባውያንን ዲአስተምህሮ ሰብስቦ፣ ነገር ግን,dev,1337,google/mt5-base,models/mt5_detox_baseline/seed1337,beam4,አወል አሎ ይህን ያህል የወረደ ሰብእና አለህ ብዬ ለማሰብ እንኳን ያቅተኛል። እውቀት ብቻውን ከንቱ ነው ለካ የምእራባውያንን ዲግሪዎች ሰብስቦ፣ ነገር ግን,አወል አሎ ይህን ያህል የወረደ ሰብእና አለህ ብዬ ለማሰብ እንኳን ያቅተኛል። እውቀት ብቻውን ከንቱ ነው ለካ የምእራባውያንን ዲግሪዎች ሰብስቦ፣ ነገር ግን,False,False,True,True,False,False,False,97
am-0213,am-g0211,am,አንቺ መተተኛ እዚህ ምን ታደርጊያለሽ? መጀመሪያ አንቺም መሪሽም መች እውነት ታውቃላችሁ,አንቺ ደግሞ እዚህ ምን ታደርጊያለሽ? መጀመሪያ አንቺም ሆነ መሪው መች እውነታውን ትናገላችሁ,dev,1337,google/mt5-base,models/mt5_detox_baseline/seed1337,beam4,አንቺ መተተኛ እዚህ ምን ታደርጊያለሽ? መጀመሪያ አንቺም መሪሽም እውነት ታውቃላችሁ,አንቺ መተተኛ እዚህ ምን ታደርጊያለሽ? መጀመሪያ አንቺም መሪሽም እውነት ታውቃላችሁ,False,False,False,False,False,False,False,52
am-0220,am-g0124,am,በጣም የማዝነው ያንተ ድክትርና ለዚህች ወልዳ ላሣደገችህ ሀገር ይህ ከሆነ አንተ የመጨረሻ ደደብ ወራዳ ሠው ነህ,ለዚህች ወልዳ ላሣደገችህ እና ላስተማረች ሀገር ካንተ የሚጠበቀው ይኸ አይደለም፡፡,dev,1337,google/mt5-base,models/mt5_detox_baseline/seed1337,beam4,በጣም የማዝነው ያንተ ድክትርና ለዚህች ወልዳ ላሣደገችህ ሀገር ይህ ከሆነ አንተ የመጨረሻ ደደብ ወራዳ ሠው ነህ,በጣም የማዝነው ያንተ ድክትርና ለዚህች ወልዳ ላሣደገችህ ሀገር ይህ ከሆነ አንተ የመጨረሻ ደደብ ወራዳ ሠው ነህ,False,False,True,True,False,False,False,70
am-0233,am-g0121,am,በዳንኤል ብርሃኔ ቁንጥጫ እና ግልምጫ በእንክብካቤ ያደገዉ የበፊቱ የhorn affair አምደኛ እና ተላላኪ፤ የዘንድሮዉ ሁሉን አዋቂ ተንታኝ አቶ ስዩም ተሾመ ወጥ አረገጠም ወይ??,ከእነ ዳንኤል ብርሃኔ ጋር በፊት በ horn affair አምደኛ ፤ አሁን ላይ ደግሞ የተለያዩ ጉዳዮችን ተንታኝ አቶ ስዩም ተሾመ አልተሳሳተም ወይ??,dev,1337,google/mt5-base,models/mt5_detox_baseline/seed1337,beam4,በዳንኤል ብርሃኔ ቁንጥጫ እና ግልምጫ በእንክብካቤ ያደገዉ የበፊቱ የhorn affair ተላላኪ፤ የዘንድሮዉ ሁሉን አዋቂ ተንታኝ አቶ ስዩም ተሾመ ወጥ አረገጠም ወይ??,በዳንኤል ብርሃኔ ቁንጥጫ እና ግልምጫ በእንክብካቤ ያደገዉ የበፊቱ የhorn affair ተላላኪ፤ የዘንድሮዉ ሁሉን አዋቂ ተንታኝ አቶ ስዩም ተሾመ ወጥ አረገጠም ወይ??,False,False,False,False,False,False,False,105
am-0239,am-g0150,am,ችግር ውስጥ ነን ብዬ ከማንም ኢንጌጅ አላደርግም ሰሞኑን ታውቃለህ መቼስ። ቀን ይቅርታ ሲጠይቅ ውሎ ማታ ልገንጠል ይላል? ነውር አይደለም?,ችግር ውስጥ እንዳለን ባላስብ ይሻላል፡፡ ሰሞኑን ደግሞ ቀን ላይ በጥሩ የይቅርታ መንፈስ ውሉ ማታ ላይ ስለመለያየት ያወራሉ፡፡,dev,1337,google/mt5-base,models/mt5_detox_baseline/seed1337,beam4,ማንም ኢንጌጅ አላደርግም ሰሞኑን ታውቃለህ መቼስ። ቀን ይቅርታ ሲጠይቅ ውሎ ማታ ልገንጠል ይላል?,ማንም ኢንጌጅ አላደርግም ሰሞኑን ታውቃለህ መቼስ። ቀን ይቅርታ ሲጠይቅ ውሎ ማታ ልገንጠል ይላል?,False,False,False,False,False,False,False,61
am-0247,am-g0047,am,ሐሳቡን ማሸነፍ ሲያቅታቸው አሳቢን ለማጥፋት ተነሱ፣አእምሮ ሲጎድላቸው ባለአእምሮውን ለማጨናገፍ ቆረጡ፣ ሀገር ወደ ዘመነ አብርሆት ስትጓዝ እነሱ ተቃራኒውን መረጡ፣,ሐሳቡን ማሸነፍ ሲያቅታቸው አሳቢን ለማደናቀፍ ተንቀሳቀሱ ፤ ሀገር ወደ ዘመነ አብርሆት ስትጓዝ እነሱ ተቃራኒውን መረጡ፣,dev,1337,google/mt5-base,models/mt5_detox_baseline/seed1337,beam4,ሐሳቡን ማሸነፍ ሲያቅታቸው አሳቢን ለማጥፋት ተነሱ፣አእምሮ ሲጎድላቸው ባለአእምሮውን ለማጨናገፍ ቆረጡ፣ ሀገር ወደ ዘመነ አብርሆት ስትጓዝ እነሱ ተቃራኒውን መረጡ፣ ሀገር ወደ ዘመነ አብርሆት ስትጓዝ እነሱ ተቃራኒውን መረጡ፣,ሐሳቡን ማሸነፍ ሲያቅታቸው አሳቢን ለማጥፋት ተነሱ፣አእምሮ ሲጎድላቸው ባለአእምሮውን ለማጨናገፍ ቆረጡ፣ ሀገር ወደ ዘመነ አብርሆት ስትጓዝ እነሱ ተቃራኒውን መረጡ፣ ሀገር ወደ ዘመነ አብርሆት ስትጓዝ እነሱ ተቃራኒውን መረጡ፣,False,False,False,False,False,False,False,140
am-0268,am-g0168,am,አቤት ከተቀደዱ አይቀር እንደ አሉላ ነው። ምንድነው የሚያጨሰው በማርያም,አቤት አሉላ እንዴት ነው የሚያጋንነው ፡፡ ምንድነው እንዲህ የሚያናግረው,dev,1337,google/mt5-base,models/mt5_detox_baseline/seed1337,beam4,አቤት ከተቀደዱ አይቀር እንደ አሉላ ነው። ምንድነው የሚያጨሰው በማርያም,አቤት ከተቀደዱ አይቀር እንደ አሉላ ነው። ምንድነው የሚያጨሰው በማርያም,False,False,True,True,False,False,False,45
am-0294,am-g0378,am,ድሮም ጉራ ብቻ ሆና ነው እንጂ እዚሁ ብትቀመጥ ኖሮ፣ ይሄ ሁላ አይደርስባትን ነበር።,ድሮም ሰዉ የሚላትን አልሰማ ብላ ነው እንጂ እዚሁ ብትቀመጥ ኖሮ፣ ይሄ ሁላ አይደርስባትን ነበር።,dev,1337,google/mt5-base,models/mt5_detox_baseline/seed1337,beam4,ድሮም ብቻ ሆና ነው እንጂ እዚሁ ብትቀመጥ ኖሮ፣ ይሄ ሁላ አይደርስባትን ነበር።,ድሮም ብቻ ሆና ነው እንጂ እዚሁ ብትቀመጥ ኖሮ፣ ይሄ ሁላ አይደርስባትን ነበር።,False,False,False,False,False,False,False,50
am-0297,am-g0046,am,ልደቱ እንኳን ታሰረ ነዉ የምለዉ ከዚህ በኋላ ንቅናቄ እና ግንባር አያስፈልግም via,ልደቱ  ወደ መረፊያ ቤት ተወሰደ:: ከዚህ በኋላ ንቅናቄ እና ግንባር አያስፈልግም ተብሎ,dev,1337,google/mt5-base,models/mt5_detox_baseline/seed1337,beam4,እሱ እንኳን ታሰረ ነዉ የምለዉ ከዚህ በኋላ ንቅናቄ እና ግንባር አያስፈልግም,እሱ እንኳን ታሰረ ነዉ የምለዉ ከዚህ በኋላ ንቅናቄ እና ግንባር አያስፈልግም,False,False,False,False,False,False,False,48
am-0300,am-g0227,am,አይ እስከሚቀጥለው ክሪስትማስ ይቆያል እንጂ ለምን ይነሳል ልበልህ? ዱቄታም??????,አይ እስከሚቀጥለው ክሪስትማስ ይቆያል እንጂ ለምን ይነሳል ልበልህ ?,dev,1337,google/mt5-base,models/mt5_detox_baseline/seed1337,beam4,አይ እስከሚቀጥለው ክሪስትማስ ይቆያል እንጂ ለምን ይነሳል ልበልህ?,አይ እስከሚቀጥለው ክሪስትማስ ይቆያል እንጂ ለምን ይነሳል ልበልህ?,False,False,False,False,False,False,False,42
am-0312,am-g0109,am,በምን ኢሳብ ነው ይንን ወራዳ ባንዳ (ካድሬ) አባት ብለህ የምትጠራው,በምን ሂሳብ ነው ይንን የፖለቲካ ሹም አባት ብለህ የምትጠራው,dev,1337,google/mt5-base,models/mt5_detox_baseline/seed1337,beam4,በምን ኢሳብ ነው ይንን ባንዳ (ካድሬ) አባት ብለህ የምትጠራው,በምን ኢሳብ ነው ይንን ባንዳ (ካድሬ) አባት ብለህ የምትጠራው,False,False,False,False,False,False,False,39
am-0314,am-g0056,am,መንግስቱን/ደርግን እንደ reference/benchmark መጠቀም መቼ ነው የተጀመረው?ከተጀመረስ ለሷ ብቻ ለምን ይሰራል?እንደውም ስለአባቷ ሰው በላነት ሳይሆን ለምን አትደግፈውም ይቺ,መንግስቱን እንደ reference/benchmark መጠቀም መቼ ነው የተጀመረው?ከተጀመረስ ለሷ ብቻ ለምን ይሰራል? ከፈለገች ለምን በደንብ አትደግፈውም,dev,1337,google/mt5-base,models/mt5_detox_baseline/seed1337,beam4,መንግስቱን/ደርግን እንደ reference/benchmark መጠቀም መቼ ነው የተጀመረው?ከተጀመረስ ለሷ ብቻ ለምን ይሰራል?እንደውም ስለአባቷ ሰው በላነት ሳይሆን ለምን አትደግፈውም ይቺ,መንግስቱን/ደርግን እንደ reference/benchmark መጠቀም መቼ ነው የተጀመረው?ከተጀመረስ ለሷ ብቻ ለምን ይሰራል?እንደውም ስለአባቷ ሰው በላነት ሳይሆን ለምን አትደግፈውም ይቺ,False,False,True,True,False,False,False,115
am-0315,am-g0283,am,እየህ አንተ የፕሮፖጋንዳ ሰለባ ነህ የፕሮፖጋንዳ ሰለባ ለመሆን ደሞ እንዳንተ ደደብ እና ደንቆሮ መሆን ብቻ ነው ሚጠበቅብህ ለማንኛውም ጀግኖ,አንተ ባለማስተዋልህ የፕሮፓጋንዳ መጠቀሚያ ሆነሀል፡፡,dev,1337,google/mt5-base,models/mt5_detox_baseline/seed1337,beam4,እየህ አንተ የፕሮፖጋንዳ ሰለባ ነህ የፕሮፖጋንዳ ሰለባ ለመሆን ደሞ እንዳንተ ደደብ እና ደንቆሮ መሆን ብቻ ነው ሚጠበቅብህ ለማንኛውም ጀግኖ,እየህ አንተ የፕሮፖጋንዳ ሰለባ ነህ የፕሮፖጋንዳ ሰለባ ለመሆን ደሞ እንዳንተ ደደብ እና ደንቆሮ መሆን ብቻ ነው ሚጠበቅብህ ለማንኛውም ጀግኖ,False,False,True,True,False,False,False,88
am-0352,am-g0297,am,ከአብይ አህመድ ከሚባል አውሬ ጋር ተባባሪ ስለሆንሽ አንድ ቀን ትጠየቂያለሽ። እንዴት ህሊናሽ ፈቀደልሽ? ባይበላስ ቢቀር?,ከእርሱ ጋር ተባብረሽ  በመስራትሽ  አንድ ቀን ተጠያቂ ልትሆኝ እንደምትችይ ማወቅ አለብሽ ፡፡,dev,1337,google/mt5-base,models/mt5_detox_baseline/seed1337,beam4,ከአብይ አህመድ ከሚባል አውሬ ጋር ተባባሪ ስለሆንሽ አንድ ቀን ትጠየቂያለሽ። እንዴት ህሊናሽ ፈቀደልሽ? ባይበላስ ቢቀር?,ከአብይ አህመድ ከሚባል አውሬ ጋር ተባባሪ ስለሆንሽ አንድ ቀን ትጠየቂያለሽ። እንዴት ህሊናሽ ፈቀደልሽ? ባይበላስ ቢቀር?,False,False,True,True,False,False,False,76
am-0385,am-g0137,am,ቦቅቧቃ እንደአንተ አይነቱን ታድዮስ ታንቱ በመድረክ አስነጥሶ ይዘርራል። እዚህ እንዴት እንደደረስክ የካድክ ውለታ ቢስ መሆንህን የሚያሳየ,አንተን ታድዮስ ታንቱ በመድረክ የሀሳብ ፍጭት በደንብ ያሳምናል። ዛሬ ላይ እንዴት እንደደረስክ ሳታምን መምጣትህን,dev,1337,google/mt5-base,models/mt5_detox_baseline/seed1337,beam4,ቦቅቧቃ እንደአንተ አይነቱን ታድዮስ በመድረክ አስነጥሶ ይዘርራል። እዚህ እንዴት እንደደረስክ የካድክ ውለታ ቢስ መሆንህን የሚያሳየ,ቦቅቧቃ እንደአንተ አይነቱን ታድዮስ በመድረክ አስነጥሶ ይዘርራል። እዚህ እንዴት እንደደረስክ የካድክ ውለታ ቢስ መሆንህን የሚያሳየ,False,False,False,False,False,False,False,82
ar-0013,ar-g0018,ar,أنت مختل عقلبا ؟,أليس لديك عقل؟,dev,1337,google/mt5-base,models/mt5_detox_baseline/seed1337,beam4,أنت مختل عقلبا؟,أنت مختل عقلبا؟,False,False,False,False,False,False,False,15
ar-0033,ar-g0219,ar,قسم بالله اغبى قرار تحكيمي شفته بحياتي يلعن ابوك ياكلب,قسم بالله اغبى قرار تحكيمي شفته بحياتي,dev,1337,google/mt5-base,models/mt5_detox_baseline/seed1337,beam4,قسم بالله اغبى قرار تحكيمي شفته بحياتي,قسم بالله اغبى قرار تحكيمي شفته بحياتي,False,False,False,False,False,False,False,38
ar-0039,ar-g0114,ar,اي والله هو غبي اخاف يشله السيل بقوله ينتبه 🥵,اي والله اخاف يشله السيل بقوله ينتبه 🥵,dev,1337,google/mt5-base,models/mt5_detox_baseline/seed1337,beam4,اي والله هو اخاف يشله السيل بقوله ينتبه 🥵,اي والله هو اخاف يشله السيل بقوله ينتبه 🥵,False,False,False,False,False,False,False,41
ar-0049,ar-g0154,ar,حد يقع في نفس الغلط مرتين؟ انت اهبل يابني؟ *وانا رايح عن الغلط البيت*,حد يقع في نفس الغلط مرتين؟ انت ما تفكر يابني؟ *وانا رايح عن الغلط البيت*,dev,1337,google/mt5-base,models/mt5_detox_baseline/seed1337,beam4,حد يقع في نفس الغلط مرتين؟ انت اهبل يابني؟ *وانا رايح عن الغلط البيت*,حد يقع في نفس الغلط مرتين؟ انت اهبل يابني؟ *وانا رايح عن الغلط البيت*,False,False,True,True,False,False,False,69
ar-0062,ar-g0024,ar,أوه، شيء آخر، عندما يتعلق الأمر بالحياة قبل التاريخ، يا رفاق انتم أغبياء!,أوه، شيء آخر، عندما يتعلق الأمر بالحياة قبل التاريخ، يا رفاق ليستم أذكياء .,dev,1337,google/mt5-base,models/mt5_detox_baseline/seed1337,beam4,أوه، شيء آخر، عندما يتعلق الأمر بالحياة قبل التاريخ، يا رفاق انتم أغبياء!,أوه، شيء آخر، عندما يتعلق الأمر بالحياة قبل التاريخ، يا رفاق انتم أغبياء!,False,False,True,True,False,False,False,73
ar-0083,ar-g0283,ar,ماشي يا اقرع مقبوله منك,ماشي مقبوله منك,dev,1337,google/mt5-base,models/mt5_detox_baseline/seed1337,beam4,ماشي يا اقرع مقبوله منك,ماشي يا اقرع مقبوله منك,False,False,True,True,False,False,False,23
ar-0104,ar-g0238,ar,لأنك انسان مخنوث لو انت رجال ما تذكر العار لكن خذ لك رد شافي وتحياتي لما تقعون رجال وتعتمدو,لأنك انسان غير سوي لو انت رجال ما تذكر العار لكن خذ لك رد شافي وتحياتي لما تقعون رجال وتعتمدو,dev,1337,google/mt5-base,models/mt5_detox_baseline/seed1337,beam4,لأنك انسان ما تذكر العار لكن خذ لك رد شافي وتحياتي لما تقعون رجال وتعتمدو,لأنك انسان ما تذكر العار لكن خذ لك رد شافي وتحياتي لما تقعون رجال وتعتمدو,False,False,False,False,False,False,False,73
ar-0127,ar-g0396,ar,يلعن امك سيدي الحكم هههههه,سيدي الحكم هههههه,dev,1337,google/mt5-base,models/mt5_detox_baseline/seed1337,beam4,يلعن امك سيدي الحكم,يلعن امك سيدي الحكم,False,False,False,False,False,False,False,19
ar-0156,ar-g0226,ar,كفايه تقديس للاعبين القدامى والله كانو عبط درجه اولى,كفايه تقديس للاعبين القدامى والله كانو مبتدئين درجه اولى,dev,1337,google/mt5-base,models/mt5_detox_baseline/seed1337,beam4,كفايه تقديس للاعبين القدامى والله كانو عبط درجه اولى,كفايه تقديس للاعبين القدامى والله كانو عبط درجه اولى,False,False,True,True,False,False,False,52
ar-0165,ar-g0196,ar,عاش حياة فارغة وبائسة .,عاش حياة فارغة ومثيرة للشفقة.,dev,1337,google/mt5-base,models/mt5_detox_baseline/seed1337,beam4,عاش حياة فارغة وبائسة .,عاش حياة فارغة وبائسة .,False,False,True,True,False,False,False,23
ar-0179,ar-g0387,ar,يالييييييييل نادي متخلف ادفعوله ال٥ مليون وفكوا امنا لازم كل موسم قبل مباراه الهلال تخربونهااااا,يالييييييييل نادي مبتدئ ادفعوله ال٥ مليون وفكوا امنا لازم كل موسم قبل مباراه الهلال تخربونهااااا,dev,1337,google/mt5-base,models/mt5_detox_baseline/seed1337,beam4,يالييييييل نادي متخلف ادفعوله ال٥ مليون وفكوا امنا لازم كل موسم قبل مباراه الهلال تخربونهااااا,يالييييييل نادي متخلف ادفعوله ال٥ مليون وفكوا امنا لازم كل موسم قبل مباراه الهلال تخربونهااااا,False,False,False,False,False,False,False,94
ar-0187,ar-g0117,ar,بس اذا كان زنجي لا تزوجه القبائل لعدم تكافوء النسب,بس اذا كان إفريقي لا تزوجه القبائل لعدم تكافوء النسب,dev,1337,google/mt5-base,models/mt5_detox_baseline/seed1337,beam4,بس اذا كان زنجي لا تزوجه القبائل لعدم تكافوء النسب,بس اذا كان زنجي لا تزوجه القبائل لعدم تكافوء النسب,False,False,True,True,False,False,False,50
ar-0189,ar-g0009,ar,أقرباء ميامي و هافانا الصغار مجانين بما يكفي ليفعلوا هذا,إن أقرباء ميامي أي أهل مكة وهافانا الصغير أي أهل مكة يستطيعون ذلك أي جزاءه.,dev,1337,google/mt5-base,models/mt5_detox_baseline/seed1337,beam4,أقرباء ميامي و هافانا الصغار مجانين بما يكفي ليفعلوا هذا,أقرباء ميامي و هافانا الصغار مجانين بما يكفي ليفعلوا هذا,False,False,True,True,False,False,False,56
ar-0220,ar-g0167,ar,ده قصر قردوغان الجديد، عامل فيه حمام سباحة اوليمبي مسميه البحر المتوسط وقاعد عمال يحط بلوكات فيه وكاتب عليها بتاعتي,ده قصر أردوغان الجديد، عامل فيه حمام سباحة اوليمبي مسميه البحر المتوسط وقاعد عمال يحط بلوكات فيه وكاتب عليها بتاعتي,dev,1337,google/mt5-base,models/mt5_detox_baseline/seed1337,beam4,ده قصر قردوغان الجديد، عامل فيه حمام سباحة اوليمبي مسميه البحر المتوسط وقاعد عمال يحط بلوكات فيه وكاتب عليها بتاعتي,ده قصر قردوغان الجديد، عامل فيه حمام سباحة اوليمبي مسميه البحر المتوسط وقاعد عمال يحط بلوكات فيه وكاتب عليها بتاعتي,False,False,True,True,False,False,False,115
ar-0228,ar-g0141,ar,تقتلوا النساء وتسجنونه وتقولوا انكم يمنيون لعنة الله عليكم يا متوردين,تقتلوا النساء وتسجنونه وتقولوا انكم يمنيون,dev,1337,google/mt5-base,models/mt5_detox_baseline/seed1337,beam4,تقتلوا النساء وتسجنونه وتقولوا انكم يمنيون,تقتلوا النساء وتسجنونه وتقولوا انكم يمنيون,False,False,False,False,False,False,False,42
ar-0257,ar-g0330,ar,هذا كل مايهمكم لعنة الله عليكم جميعا البلاد تغرق وأنتم مشغولين بمواقع التواصل,هذا كل مايهمكم البلاد تغرق وأنتم مشغولين بمواقع التواصل,dev,1337,google/mt5-base,models/mt5_detox_baseline/seed1337,beam4,كل مايهمكم لعنة الله عليكم جميعا البلاد تغرق وأنتم مشغولين بمواقع التواصل,كل مايهمكم لعنة الله عليكم جميعا البلاد تغرق وأنتم مشغولين بمواقع التواصل,False,False,False,False,False,False,False,73
ar-0280,ar-g0045,ar,احمد ربك انا اصحى من النوم المطر يخلص الله يلعنك 💔,احمد ربك انا اصحى من النوم المطر يخلص الله عليك 💔,dev,1337,google/mt5-base,models/mt5_detox_baseline/seed1337,beam4,احمد ربك انا اصحى من النوم المطر يخلص الله يلعنك 💔,احمد ربك انا اصحى من النوم المطر يخلص الله يلعنك 💔,False,False,True,True,False,False,False,50
ar-0283,ar-g0064,ar,اقول لا تحتك بالاصفر الكبير الاتحاد لوحدة كبير والبقية جنبه اقزام,اقول لا تحتك بالاصفر الكبير الاتحاد لوحدة كبير والبقية جنبه صغار,dev,1337,google/mt5-base,models/mt5_detox_baseline/seed1337,beam4,اقول لا تحتك بالاصفر الكبير الاتحاد لوحدة كبير والبقية جنبه اقزام,اقول لا تحتك بالاصفر الكبير الاتحاد لوحدة كبير والبقية جنبه اقزام,False,False,True,True,False,False,False,65
ar-0299,ar-g0028,ar,إذا جاء أي من الأطفال الذين لا يحترمون الديمقراطية، فسيكون ذلك هجرة غبية,إذا أتى أي من الأطفال الذين لا يحترمون الديمقراطية، فإنه سيكون استنزاف سيئ.,dev,1337,google/mt5-base,models/mt5_detox_baseline/seed1337,beam4,إذا جاء أي من الأطفال الذين لا يحترمون الديمقراطية، فسيكون ذلك هجرة ساذج,إذا جاء أي من الأطفال الذين لا يحترمون الديمقراطية، فسيكون ذلك هجرة ساذج,False,False,False,False,False,False,False,72
ar-0304,ar-g0059,ar,اعوذ بالله من قناه العربيه والقائمون عليها يريدون ان يظهروا الناس كلهم كفار كماهو حالهم,اعوذ بالله من قناه العربيه والقائمون عليها يريدون ان يظهروا الناس كلهم كفار,dev,1337,google/mt5-base,models/mt5_detox_baseline/seed1337,beam4,اعوذ بالله من قناه العربيه والقائمون عليها يريدون ان يظهروا الناس كلهم كفار كماهو حالهم,اعوذ بالله من قناه العربيه والقائمون عليها يريدون ان يظهروا الناس كلهم كفار كماهو حالهم,False,False,True,True,False,False,False,87
ar-0326,ar-g0076,ar,السيسى خطط البحر المتوسط بالكامل علشان يوقف قردوغان على حدوده,السيسى خطط البحر المتوسط بالكامل علشان يوقف أردوغان على حدوده,dev,1337,google/mt5-base,models/mt5_detox_baseline/seed1337,beam4,السيسى خطط البحر المتوسط بالكامل علشان يوقف قردوغان على حدوده,السيسى خطط البحر المتوسط بالكامل علشان يوقف قردوغان على حدوده,False,False,True,True,False,False,False,61
ar-0328,ar-g0185,ar,شوفي لا تخليني ادعسك الحين,شوفي لا تخليني أزعلك الحين,dev,1337,google/mt5-base,models/mt5_detox_baseline/seed1337,beam4,شوفي لا تخليني ادعسك الحين,شوفي لا تخليني ادعسك الحين,False,False,True,True,False,False,False,26
ar-0330,ar-g0276,ar,ما ترجع لو كنت مارق من صوب البور مش كان احسن,كس اختك ما ترجع لو كنت مارق من صوب البور مش كان احسن,dev,1337,google/mt5-base,models/mt5_detox_baseline/seed1337,beam4,ما ترجع لو كنت مارق من صوب البور مش كان احسن,ما ترجع لو كنت مارق من صوب البور مش كان احسن,False,False,True,True,False,False,False,44
ar-0334,ar-g0133,ar,تدعمون الحوثي في الخفاء وتدينون في العلن لعنة الله عليكم أين ذهبت مضادت الصواريخ الخاصة بكم إن كنتم…,تدعمون الحوثي في الخفاء وتدينون في العلن أين ذهبت مضادت الصواريخ الخاصة بكم إن كنتم…,dev,1337,google/mt5-base,models/mt5_detox_baseline/seed1337,beam4,تدعمون الحوثي في الخفاء وتدينون في العلن,تدعمون الحوثي في الخفاء وتدينون في العلن,False,False,False,False,False,False,False,40
ar-0343,ar-g0081,ar,الفقراء هم أغبياء مقرفين لا يستحقون الرعاية الصحية أبداً، أليس كذلك؟,الفقراء لا يستحقون الحصول على الرعاية الصحية,dev,1337,google/mt5-base,models/mt5_detox_baseline/seed1337,beam4,الفقراء هم أغبياء لا يستحقون الرعاية الصحية أبداً، أليس كذلك؟,الفقراء هم أغبياء لا يستحقون الرعاية الصحية أبداً، أليس كذلك؟,False,False,False,False,False,False,False,61
ar-0348,ar-g0012,ar,أنا أمريكي قوقازي، وهؤلاء الأغبياء ذوي الرؤوس المدببة الذين يواجهون تحديات معرفية لا يمثلونني بأي حال من الأحوال.,أنا أمريكي قوقازي، وهؤلاء الأشخاص الذين يواجهون تحديات معرفية لا يمثلونني بأي حال من الأحوال.,dev,1337,google/mt5-base,models/mt5_detox_baseline/seed1337,beam4,أنا أمريكي، وهؤلاء الأغبياء ذوي الرؤوس المدببة الذين يواجهون تحديات معرفية لا يمثلونني بأي حال من الأحوال.,أنا أمريكي، وهؤلاء الأغبياء ذوي الرؤوس المدببة الذين يواجهون تحديات معرفية لا يمثلونني بأي حال من الأحوال.,False,False,False,False,False,False,False,106
ar-0356,ar-g0211,ar,فقط الناس الأغبياء سيعتقدون ذلك,الناس الغير حكيمين سيعتقدون ذلك,dev,1337,google/mt5-base,models/mt5_detox_baseline/seed1337,beam4,فقط الناس الأغبياء سيعتقدون ذلك,فقط الناس الأغبياء سيعتقدون ذلك,False,False,True,True,False,False,False,31
de-0013,de-g0254,de,"Na die Alte fliegt ja sehr gerne um die Welt. Man sollte jede Passagierliste nach Der durchsuchen, und Bilder machen wenn man sie im Flieger erwischt.🤮🤮🤮","Na die Frau fliegt ja sehr gerne um die Welt. Man sollte jede Passagierliste nach Der durchsuchen, und Bilder machen wenn man sie im Flieger erwischt.🤮🤮🤮",dev,1337,google/mt5-base,models/mt5_detox_baseline/seed1337,beam4,"Na die Alte fliegt ja sehr gerne um die Welt. Man sollte jede Passagierliste nach Der durchsuchen, und Bilder machen wenn man sie im Flieger erwischt.🤮🤮🤮","Na die Alte fliegt ja sehr gerne um die Welt. Man sollte jede Passagierliste nach Der durchsuchen, und Bilder machen wenn man sie im Flieger erwischt.🤮🤮🤮",False,False,True,True,False,False,False,153
de-0014,de-g0361,de,auch heute wieder nur drittklassige #Laiendarsteller in einem extrem beschissenen #Tatort #ARD,auch heute wieder nur drittklassige #Laiendarsteller in einem schlechten #Tatort #ARD,dev,1337,google/mt5-base,models/mt5_detox_baseline/seed1337,beam4,auch heute wieder nur #Laiendarsteller in einem extrem schlimmen #Tatort #ARD,auch heute wieder nur #Laiendarsteller in einem extrem schlimmen #Tatort #ARD,False,False,False,False,False,False,False,77
de-0031,de-g0392,de,weil es Ihre Meinung ist - 😂😂wie Blöd muss man sein 🙈🙈🙈,weil es Ihre Meinung ist - 😂😂,dev,1337,google/mt5-base,models/mt5_detox_baseline/seed1337,beam4,weil es Ihre Meinung ist - 😂😂wie Blöd muss man sein 🙈🙈🙈,weil es Ihre Meinung ist - 😂😂wie Blöd muss man sein 🙈🙈🙈,False,False,True,True,False,False,False,55
de-0036,de-g0102,de,Die Pisser wollten schon immer unsere Länderein um jeden Preis und jetzt haben sie die Bruder .....,Die wollten schon immer unsere Länderein um jeden Preis und jetzt haben sie die Bruder .....,dev,1337,google/mt5-base,models/mt5_detox_baseline/seed1337,beam4,Die Pisser wollten schon immer unsere Länderein um jeden Preis und jetzt haben sie die Bruder .....,Die Pisser wollten schon immer unsere Länderein um jeden Preis und jetzt haben sie die Bruder .....,False,False,True,True,False,False,False,99
de-0043,de-g0040,de,Auch ein Merkel Vasall der das sagen muss was diese Volksverräterin vorgibt!!! Lügenpresse!!!,Auch ein Merkel Anhänger der das sagen muss was diese Frau vorgibt!!! unehrliche Presse!!!,dev,1337,google/mt5-base,models/mt5_detox_baseline/seed1337,beam4,Auch ein Merkel Vasall der das sagen muss was diese Volksverräterin vorgibt!!!,Auch ein Merkel Vasall der das sagen muss was diese Volksverräterin vorgibt!!!,False,False,False,False,False,False,False,78
de-0065,de-g0044,de,"Bei #Halbneger meldet sich Till #Schweiger grosskotzig zu Wort, bei Mord an #Mila Valentin hört man nichts von diesen Heuchler.","Bei bestimmten Themen meldet sich Till #Schweiger laut zu Wort, bei Mord an #Mila Valentin hört man nichts von ihm.",dev,1337,google/mt5-base,models/mt5_detox_baseline/seed1337,beam4,"Bei #Halbneger meldet sich Till #Schweiger grosskotzig zu Wort, bei Mord an #Mila Valentin hört man nichts von diesen Personen.","Bei #Halbneger meldet sich Till #Schweiger grosskotzig zu Wort, bei Mord an #Mila Valentin hört man nichts von diesen Personen.",False,False,False,False,False,False,False,127
de-0067,de-g0022,de,"@USER_0: @USER_1 @USER_2 Tauber, ich würde sagen, die tatsächlichen Arschlöcher sitzen in der Regierung. SO IST ES!","@USER_0: @USER_1 @USER_2 Tauber, ich würde sagen, die tatsächlich Schlimmen sitzen in der Regierung. SO IST ES!",dev,1337,google/mt5-base,models/mt5_detox_baseline/seed1337,beam4,"@USER_0: @USER_1 @USER_2 Tauber, ich würde sagen, die tatsächlichen Personen sitzen in der Regierung. SO IST ES!","@USER_0: @USER_1 @USER_2 Tauber, ich würde sagen, die tatsächlichen Personen sitzen in der Regierung. SO IST ES!",False,False,False,False,False,False,False,112
de-0076,de-g0313,de,"Tusk wird in Polen als derjenige wahrgenommen, der Merkel in den Ar*** kriecht, war sich seiner ""Sache"" sicher u. verlor d. Wahl","Tusk wird in Polen als derjenige wahrgenommen, der Merkel gefallen will, war sich seiner ""Sache"" sicher u. verlor d. Wahl",dev,1337,google/mt5-base,models/mt5_detox_baseline/seed1337,beam4,"Tusk wird in Polen als derjenige wahrgenommen, der Merkel in den Ar*** kriecht, war sich seiner ""Sache"" sicher u. verlor d. Wahl","Tusk wird in Polen als derjenige wahrgenommen, der Merkel in den Ar*** kriecht, war sich seiner ""Sache"" sicher u. verlor d. Wahl",False,False,True,True,False,False,False,128
de-0096,de-g0066,de,Das ist ein Spinner der Türken hasst,Das ist eine Person die Türken nicht mag,dev,1337,google/mt5-base,models/mt5_detox_baseline/seed1337,beam4,Das ist ein Typ der Türken hasst,Das ist ein Typ der Türken hasst,False,False,False,False,False,False,False,32
de-0098,de-g0234,de,Leute regt euch nicht auf....negative Berichte haben eine positive Wirkung....AfD bleibt und wird stärker. Wie sagte die komische Kuh von den Grünen...und ich freu mich darauf....😂😂,Leute regt euch nicht auf....negative Berichte haben eine positive Wirkung....AfD bleibt und wird stärker. Wie sagte die eine Frau von den Grünen...und ich freu mich darauf....😂😂,dev,1337,google/mt5-base,models/mt5_detox_baseline/seed1337,beam4,Leute regt euch nicht auf....negative Berichte haben eine positive Wirkung....AfD bleibt und wird stärker. Wie sagte die Politiker von den Grünen...und ich freu mich darauf....😂😂,Leute regt euch nicht auf....negative Berichte haben eine positive Wirkung....AfD bleibt und wird stärker. Wie sagte die Politiker von den Grünen...und ich freu mich darauf....😂😂,False,False,False,False,False,False,False,178
de-0110,de-g0205,de,In dem Schwarz Grün regierden Hessen werden jetzt 8 zusätzliche Psychologen nur für die Jugendlichen Invasoren eingestellt. Jetzt AFD wählen,In dem Schwarz Grün regierden Hessen werden jetzt 8 zusätzliche Psychologen nur für die Jugendlichen Einwanderer eingestellt. Jetzt AFD wählen,dev,1337,google/mt5-base,models/mt5_detox_baseline/seed1337,beam4,In dem Schwarz Grün regierden Hessen werden jetzt 8 zusätzliche Psychologen nur für die Jugendlichen eingestellt. Jetzt AFD wählen,In dem Schwarz Grün regierden Hessen werden jetzt 8 zusätzliche Psychologen nur für die Jugendlichen eingestellt. Jetzt AFD wählen,False,False,False,False,False,False,False,130
de-0122,de-g0395,de,wie kann man nur derart strunzdumme Moderatoren wie bei #taff auf #ProSieben beschäftigen,wie kann man nur solche Moderatoren wie bei #taff auf #ProSieben beschäftigen,dev,1337,google/mt5-base,models/mt5_detox_baseline/seed1337,beam4,Wie kann man nur derart Moderatoren wie bei #taff auf #ProSieben beschäftigen,Wie kann man nur derart Moderatoren wie bei #taff auf #ProSieben beschäftigen,False,False,False,False,False,False,False,77
de-0131,de-g0354,de,Wie gehabt bei Illner Grüner + zwei Journalisten ein CDU u die Rot Grün versiffte Gesine Schwan ZDF versucht Grüne hochzupuschen. AFD wählen,Wie gehabt bei Illner Grüner + zwei Journalisten ein CDU u die Rot Grüne Gesine Schwan ZDF versucht Grüne hochzupuschen. AFD wählen,dev,1337,google/mt5-base,models/mt5_detox_baseline/seed1337,beam4,Wie gehabt bei Illner Grüner + zwei Journalisten ein CDU u die Rot Grün versiffte Gesine Schwan ZDF versucht Grüne hochzupuschen. AFD wählen,Wie gehabt bei Illner Grüner + zwei Journalisten ein CDU u die Rot Grün versiffte Gesine Schwan ZDF versucht Grüne hochzupuschen. AFD wählen,False,False,True,True,False,False,False,140
de-0141,de-g0276,de,"Sag mal glaubt ihr allen Ernstes die Kacke dieser sogenannten Umfragen, mal ehrlich??","Sag mal glaubt ihr allen Ernstes diesen Quatsch dieser sogenannten Umfragen, mal ehrlich??",dev,1337,google/mt5-base,models/mt5_detox_baseline/seed1337,beam4,"Sag mal glaubt ihr allen Ernstes die Kacke dieser sogenannten Umfragen, mal ehrlich??","Sag mal glaubt ihr allen Ernstes die Kacke dieser sogenannten Umfragen, mal ehrlich??",False,False,True,True,False,False,False,85
de-0156,de-g0178,de,Hey Charr...du bist kein guter Boxer...im Ami-Land haut dich jeder Sparingspartner wech du Pfeife...!. @USER_1,Hey Charr...du bist kein guter Boxer...in Amerika haut dich jeder Sparingspartner weg...!. @USER_1,dev,1337,google/mt5-base,models/mt5_detox_baseline/seed1337,beam4,Hey Charr...du bist kein guter Boxer...im Ami-Land haut dich jeder Sparingspartner wech du Pfeife...!. @USER_1,Hey Charr...du bist kein guter Boxer...im Ami-Land haut dich jeder Sparingspartner wech du Pfeife...!. @USER_1,False,False,True,True,False,False,False,110
de-0179,de-g0129,de,"Dummes Gelaber wegen Abschiebung in unsichere Staaten. Berlin, Manchester. und Nizza liegen auch in unsicheren Staaten. Also keine Hemmungen.","Unnötiges Gespräch wegen Abschiebung in unsichere Staaten. Berlin, Manchester. und Nizza liegen auch in unsicheren Staaten. Also keine Hemmungen.",dev,1337,google/mt5-base,models/mt5_detox_baseline/seed1337,beam4,"Dummes Gelaber wegen Abschiebung in unsichere Staaten. Berlin, Manchester. und Nizza liegen auch in unsicheren Staaten. Also keine Hemmungen.","Dummes Gelaber wegen Abschiebung in unsichere Staaten. Berlin, Manchester. und Nizza liegen auch in unsicheren Staaten. Also keine Hemmungen.",False,False,True,True,False,False,False,141
de-0180,de-g0086,de,"Der größte Finanzbetrüger aller Zeiten, trifft einen Grünen deutschfeindlichen Türken! Diese Dummlaberei sollte sich niemand antun!","Der größte Finanzbetrüger aller Zeiten, trifft einen Grünen mit türkischen Wurzeln! Dieses Gespräch sollte sich niemand anhören!!",dev,1337,google/mt5-base,models/mt5_detox_baseline/seed1337,beam4,"Der größte Finanzbetrüger aller Zeiten, trifft einen Grünen deutschfeindlichen Türken! Diese Dummlaberei sollte sich niemand antun!","Der größte Finanzbetrüger aller Zeiten, trifft einen Grünen deutschfeindlichen Türken! Diese Dummlaberei sollte sich niemand antun!",False,False,True,True,False,False,False,131
de-0202,de-g0048,de,Bis heute wusste ich garnicht das Jerusalem nicht die Hauptstadt von Israel ist...... Es ist eine Christen und Juden Angelegenheit...was geht es eigentlich die bärtigen Kinderschänder an..?,Bis heute wusste ich garnicht das Jerusalem nicht die Hauptstadt von Israel ist...... Es ist eine Christen und Juden Angelegenheit...was geht es eigentlich die bärtigen Männer an..?,dev,1337,google/mt5-base,models/mt5_detox_baseline/seed1337,beam4,Bis heute wusste ich garnicht das Jerusalem nicht die Hauptstadt von Israel ist...... Es ist eine Christen und Juden Angelegenheit...was geht es eigentlich die bärtigen Kinderschänder an..?,Bis heute wusste ich garnicht das Jerusalem nicht die Hauptstadt von Israel ist...... Es ist eine Christen und Juden Angelegenheit...was geht es eigentlich die bärtigen Kinderschänder an..?,False,False,True,True,False,False,False,189
de-0203,de-g0196,de,Ich scheisse auf die SPD !!!,Die SPD ist mir egal!!!,dev,1337,google/mt5-base,models/mt5_detox_baseline/seed1337,beam4,Ich scheisse auf die SPD !!!,Ich scheisse auf die SPD !!!,False,False,True,True,False,False,False,28
de-0217,de-g0168,de,Haben wir bei der Schwuchtel auch schon vermutet....,Haben wir bei dem Typ auch schon vermutet....,dev,1337,google/mt5-base,models/mt5_detox_baseline/seed1337,beam4,Haben wir bei der Schwuchtel auch schon vermutet....,Haben wir bei der Schwuchtel auch schon vermutet....,False,False,True,True,False,False,False,52
de-0247,de-g0101,de,Die Merkel hat Charakter.. Leider ist der scheisse! 😜👍,Die Merkel hat Charakter.. Leider ist der nicht mein Geschmack! 😜👍,dev,1337,google/mt5-base,models/mt5_detox_baseline/seed1337,beam4,Die Merkel hat Charakter.. Leider ist der scheisse! 😜👍,Die Merkel hat Charakter.. Leider ist der scheisse! 😜👍,False,False,True,True,False,False,False,54
de-0256,de-g0210,de,"Ist doch wahr, denn dieses dicke Etwas bekommt kaum zwei zusammenhängenden Sätze heraus und von sinnvoll rede ich garnicht erst 😜","Ist doch wahr, ich finde dieser Person fällt es manchmal schwer zwei zusammenhängenden Sätze zu sagen und sinnvoll finde ich sie auch nicht",dev,1337,google/mt5-base,models/mt5_detox_baseline/seed1337,beam4,"Ist doch wahr, denn dieses Etwas bekommt kaum zwei zusammenhängenden Sätze heraus und von sinnvoll rede ich gar nicht erst 😜","Ist doch wahr, denn dieses Etwas bekommt kaum zwei zusammenhängenden Sätze heraus und von sinnvoll rede ich gar nicht erst 😜",False,False,False,False,False,False,False,124
de-0266,de-g0127,de,Du meinst zwitter und zwitter ist kein Geschlecht sondern eine Behinderung die man von geburt aus leider hat,Du meinst intersexuell und intersexuell ist kein Geschlecht sondern eine biologische Variation die man von geburt aus leider hat,dev,1337,google/mt5-base,models/mt5_detox_baseline/seed1337,beam4,Du meinst zwitter und zwitter ist kein Geschlecht sondern eine Behinderung die man von geburt aus leider hat,Du meinst zwitter und zwitter ist kein Geschlecht sondern eine Behinderung die man von geburt aus leider hat,False,False,True,True,False,False,False,108
de-0326,de-g0356,de,Wo werden diese Clowns nur gezüchtet und wie entsteht solch eine Gesinnung ...?,Wo kommen diese Leute nur her und wie entsteht solch eine Gesinnung ...?,dev,1337,google/mt5-base,models/mt5_detox_baseline/seed1337,beam4,Wo werden diese Clowns nur gezüchtet und wie entsteht solch eine Gesinnung ...?,Wo werden diese Clowns nur gezüchtet und wie entsteht solch eine Gesinnung ...?,False,False,True,True,False,False,False,79
de-0339,de-g0209,de,Irgendwie beruhigend das es woanders noch schwachsinnigere Politik gibt als bei den deutschen...,Irgendwie beruhigend das es woanders noch unverständlichere Politik gibt als bei den deutschen...,dev,1337,google/mt5-base,models/mt5_detox_baseline/seed1337,beam4,Irgendwie beruhigend das es woanders noch schwachsinnigere Politik gibt als bei den deutschen...,Irgendwie beruhigend das es woanders noch schwachsinnigere Politik gibt als bei den deutschen...,False,False,True,True,False,False,False,96
de-0347,de-g0399,de,"😂😂😂 Phantomschmerz (fehlende Eier) und Machtgeilheit zwangen heute erneut den ""Bayern-Horsti"" ohne Vaseline  in den Ar*** der Kanzlerette 😜","😂😂😂 Phantomschmerz und Machtgier zwangen heute erneut den ""Bayern-Horsti"" sich bei der Kanzlerin einzuschmeicheln 😜",dev,1337,google/mt5-base,models/mt5_detox_baseline/seed1337,beam4,"😂😂😂 Phantomschmerz (fehlende Eier) und Machtgeilheit zwangen heute erneut den ""Bayern-Horsti"" ohne Vaseline in den Ar*** der Kanzlerette","😂😂😂 Phantomschmerz (fehlende Eier) und Machtgeilheit zwangen heute erneut den ""Bayern-Horsti"" ohne Vaseline in den Ar*** der Kanzlerette",False,False,False,False,False,False,False,136
de-0348,de-g0297,de,"So tief sind wir gesunken! Ein Merkel-Speichellecker mit dem IQ einer gewissen Fatima Roth, eine Null (außer im Tonnengewicht) als Finanzminister!","So tief sind wir gesunken! Ein Merkel-Unterstützer mit dem IQ einer gewissen Fatima Roth, eine Null (außer im Tonnengewicht) als Finanzminister!",dev,1337,google/mt5-base,models/mt5_detox_baseline/seed1337,beam4,"So tief sind wir gesunken! Ein Merkel-Anhänger mit dem IQ einer gewissen Fatima Roth, eine Null (außer im Tonnengewicht) als Finanzminister!","So tief sind wir gesunken! Ein Merkel-Anhänger mit dem IQ einer gewissen Fatima Roth, eine Null (außer im Tonnengewicht) als Finanzminister!",False,False,False,False,False,False,False,140
en-0001,en-g0060,en,My page should be protected first so that worthless scum like you can't keep vandalizing it.,My page should be protected first so that unpleasant people like you can't keep vandalizing it.,dev,1337,google/mt5-base,models/mt5_detox_baseline/seed1337,beam4,My page should be protected first so that worthless people can't keep vandalizing it.,My page should be protected first so that worthless people can't keep vandalizing it.,False,False,False,False,False,False,False,85
en-0009,en-g0162,en,"fuck minimum security , put him in real prison .",Put him in real prison,dev,1337,google/mt5-base,models/mt5_detox_baseline/seed1337,beam4,"fuck minimum security , put him in real prison.","fuck minimum security , put him in real prison.",False,False,False,False,False,False,False,47
en-0010,en-g0048,en,"I see nothing wrong with calling an asshole ""asshole"".","I see nothing wrong with calling bad people ""bad"".",dev,1337,google/mt5-base,models/mt5_detox_baseline/seed1337,beam4,"I see nothing wrong with calling an asshole ""asshole"".","I see nothing wrong with calling an asshole ""asshole"".",False,False,True,True,False,False,False,54
en-0011,en-g0139,en,can t people just leave cuba alone so it can get it s feet under itself for number fuckin minutes ? .,Can people just leave Cuba to itself so it can get its feet under itself for number minutes?,dev,1337,google/mt5-base,models/mt5_detox_baseline/seed1337,beam4,can t people just leave Cuba alone so it can get it s feet under itself for number of minutes ?,can t people just leave Cuba alone so it can get it s feet under itself for number of minutes ?,False,False,False,False,False,False,False,95
en-0021,en-g0179,en,harper was nothing but incompetent and corrupt .,Harper was incompentent and unfair,dev,1337,google/mt5-base,models/mt5_detox_baseline/seed1337,beam4,Harper was nothing but incompetent and corrupt,Harper was nothing but incompetent and corrupt,False,False,False,False,False,False,False,46
en-0034,en-g0274,en,no self - respecting australian or new zealand would read such hateful shit .,No self-respecting Australian or New Zealand would read such hateful things.,dev,1337,google/mt5-base,models/mt5_detox_baseline/seed1337,beam4,No self - respecting australian or new zealand would read such hateful stuff.,No self - respecting australian or new zealand would read such hateful stuff.,False,False,False,False,False,False,False,77
en-0054,en-g0114,en,"also , why the fuck is tepco anywhere near this ? .","also , why is tepco anywhere near this ?",dev,1337,google/mt5-base,models/mt5_detox_baseline/seed1337,beam4,And why is tepco anywhere near this ?,And why is tepco anywhere near this ?,False,False,False,False,False,False,False,37
en-0086,en-g0092,en,They're more than welcome to take their brain dead asses back to their shithole country.,They're more than welcome to take themselves back to their country.,dev,1337,google/mt5-base,models/mt5_detox_baseline/seed1337,beam4,They're more than welcome to take their brain dead back to their country.,They're more than welcome to take their brain dead back to their country.,False,False,False,False,False,False,False,73
en-0092,en-g0334,en,then drench the fucking thing with bbq sauce !,Please drench the meat with bbq sauce,dev,1337,google/mt5-base,models/mt5_detox_baseline/seed1337,beam4,And then drench the thing with bbq sauce !,And then drench the thing with bbq sauce !,False,False,False,False,False,False,False,42
en-0113,en-g0247,en,its my talk page. keep the bitching off it. thanks.,It is my talk page. Stay away from it. Thanks.,dev,1337,google/mt5-base,models/mt5_detox_baseline/seed1337,beam4,It is my talk page. keep the bitching off it. thanks.,It is my talk page. keep the bitching off it. thanks.,False,False,False,False,False,False,False,53
en-0130,en-g0372,en,west is the spoiled shit .,west is bad.,dev,1337,google/mt5-base,models/mt5_detox_baseline/seed1337,beam4,west is the bad person.,west is the bad person.,False,False,False,False,False,False,False,23
en-0135,en-g0127,en,assad must be shitting his pants in fear .,Assad must be afraid,dev,1337,google/mt5-base,models/mt5_detox_baseline/seed1337,beam4,Assad must be shitting his pants in fear.,Assad must be shitting his pants in fear.,False,False,False,False,False,False,False,41
en-0145,en-g0041,en,I can call people whatever I like idiot.,I can call people whatever I like.,dev,1337,google/mt5-base,models/mt5_detox_baseline/seed1337,beam4,I can call people whatever I like.,I can call people whatever I like.,False,False,False,False,False,False,False,34
en-0165,en-g0015,en,And why the fuck should i care?,And why should I care?,dev,1337,google/mt5-base,models/mt5_detox_baseline/seed1337,beam4,And why should i care?,And why should i care?,False,False,False,False,False,False,False,22
en-0185,en-g0163,en,fuck off - it is international airspace,it is international airspace,dev,1337,google/mt5-base,models/mt5_detox_baseline/seed1337,beam4,It is international airspace,It is international airspace,False,False,False,False,False,False,False,28
en-0189,en-g0010,en,"Also, I have the fucking rights to advertise my youtube.com videos","Also, I have the right to advertise my youtube.com videos",dev,1337,google/mt5-base,models/mt5_detox_baseline/seed1337,beam4,I have the rights to advertise my youtube.com videos,I have the rights to advertise my youtube.com videos,False,False,False,False,False,False,False,52
en-0195,en-g0285,en,people don t even wash their damn hands after taking a shit .,people don't even wash their hands after going to the toilet.,dev,1337,google/mt5-base,models/mt5_detox_baseline/seed1337,beam4,people don't even wash their hands after taking a shit.,people don't even wash their hands after taking a shit.,False,False,False,False,False,False,False,55
en-0201,en-g0343,en,they must have been pretty stupid to get caught in today environment .,They must have been incompetent to get caught in today environment.,dev,1337,google/mt5-base,models/mt5_detox_baseline/seed1337,beam4,they must have been pretty smart to get caught in today environment.,they must have been pretty smart to get caught in today environment.,False,False,False,False,False,False,False,68
en-0215,en-g0256,en,legacy of being a selfish shit head .,Legacy of being a selfish person,dev,1337,google/mt5-base,models/mt5_detox_baseline/seed1337,beam4,legacy of being a selfish person,legacy of being a selfish person,False,False,False,False,False,False,False,32
en-0224,en-g0077,en,Shut your mouth and stop talking. good boy,Can you please stop talking? Thanks.,dev,1337,google/mt5-base,models/mt5_detox_baseline/seed1337,beam4,Shut your mouth and stop talking. good boy,Shut your mouth and stop talking. good boy,False,False,True,True,False,False,False,42
en-0269,en-g0278,en,"not the rich and the government , but the people will be in shit street .","not the rich and the government , but the people will be in bad street.",dev,1337,google/mt5-base,models/mt5_detox_baseline/seed1337,beam4,"not the rich and the government , but the people will be in shit street .","not the rich and the government , but the people will be in shit street .",False,False,True,True,False,False,False,73
en-0292,en-g0328,en,the guy was fucking shot ! .,The guy was shot,dev,1337,google/mt5-base,models/mt5_detox_baseline/seed1337,beam4,The guy was shot !,The guy was shot !,False,False,False,False,False,False,False,18
en-0297,en-g0296,en,selective censorship and non reporting of factual and correct statements he makes of other leaders idiotic decisions !,Selective censorship and non reporting of factual and correct statements he makes of other leaders bad decisions,dev,1337,google/mt5-base,models/mt5_detox_baseline/seed1337,beam4,Selective censorship and non reporting of factual and correct statements he makes of other leaders idiotic decisions !,Selective censorship and non reporting of factual and correct statements he makes of other leaders idiotic decisions !,False,False,False,True,False,False,False,118
en-0331,en-g0244,en,it tastes like shit and i 've never even seen it available outside of five - star restaurants .,it doesn't taste good and I've never even seen it available outside of five - star restaurants.,dev,1337,google/mt5-base,models/mt5_detox_baseline/seed1337,beam4,It tastes like bad food and i 've never even seen it available outside of five - star restaurants.,It tastes like bad food and i 've never even seen it available outside of five - star restaurants.,False,False,False,False,False,False,False,98
en-0342,en-g0177,en,"haha okay i m a sick fuck to find that entertaining , i ll see myself out .","haha okay i m weird to find that entertaining , i ll see myself out .",dev,1337,google/mt5-base,models/mt5_detox_baseline/seed1337,beam4,"haha i m a bad person to find that entertaining , i ll see myself out .","haha i m a bad person to find that entertaining , i ll see myself out .",False,False,False,False,False,False,False,71
en-0372,en-g0165,en,"fuck them and all their pussy , shitty , fucking rules .",Away with them and I refuse to live by their rules,dev,1337,google/mt5-base,models/mt5_detox_baseline/seed1337,beam4,fuck them and all their rules,fuck them and all their rules,False,False,False,False,False,False,False,29
en-0380,en-g0208,en,i couldn t even tell what the fuck it s saying .,I couldn't even tell what it was saying.,dev,1337,google/mt5-base,models/mt5_detox_baseline/seed1337,beam4,I couldn't even tell what it s saying.,I couldn't even tell what it s saying.,False,False,False,False,False,False,False,38
es-0005,es-g0241,es,Que analogía rebuscada y de mierda,Qué analogía confusa,dev,1337,google/mt5-base,models/mt5_detox_baseline/seed1337,beam4,Que analogía rebuscada y de mierda,Que analogía rebuscada y de mierda,False,False,True,True,False,False,False,34
es-0006,es-g0210,es,"Periodismo de mierda justificando esto !""","Periodismo justificando esto !""",dev,1337,google/mt5-base,models/mt5_detox_baseline/seed1337,beam4,"Periodismo de mierda justificando esto !""","Periodismo de mierda justificando esto !""",False,False,True,True,False,False,False,41
es-0022,es-g0283,es,Te das cuenta la panda de retrasados que se han puesto a soltar espumarajos?,Te das cuenta qué ridiculous se han puesto a soltar espumajaros.,dev,1337,google/mt5-base,models/mt5_detox_baseline/seed1337,beam4,Te das cuenta de retrasados que se han puesto a soltar espumarajos?,Te das cuenta de retrasados que se han puesto a soltar espumarajos?,False,False,False,False,False,False,False,67
es-0041,es-g0109,es,"Habla español, catalán de mierda 😋",Habla español,dev,1337,google/mt5-base,models/mt5_detox_baseline/seed1337,beam4,"Habla español, catalan de mierda","Habla español, catalan de mierda",False,False,False,False,False,False,False,32
es-0048,es-g0249,es,"Que traigan otro cargamento, necesitamos más pagapensiones son una inversión de futuro.","Que traigan otro cargamento, necesitamos más contribuyentes para asegurar las pensiones; son una inversión de futuro.",dev,1337,google/mt5-base,models/mt5_detox_baseline/seed1337,beam4,"Que traigan otro cargamento, necesitamos más pagapensiones.","Que traigan otro cargamento, necesitamos más pagapensiones.",False,False,False,False,False,False,False,59
es-0057,es-g0200,es,O sea que ahora la mafia tiene viajes de ida y vuelta,Así que ahora la mafia ofrece viajes de ida y vuelta.,dev,1337,google/mt5-base,models/mt5_detox_baseline/seed1337,beam4,O sea que ahora la mafia tiene viajes de ida y vuelta,O sea que ahora la mafia tiene viajes de ida y vuelta,False,False,True,True,False,False,False,53
es-0075,es-g0373,es,qué bonito es ver a fachas rabiar dios me ahogo,qué bonito es ver a fachas rabiar dios,dev,1337,google/mt5-base,models/mt5_detox_baseline/seed1337,beam4,qué bonito es ver a gente rabiar dios me ahogo,qué bonito es ver a gente rabiar dios me ahogo,False,False,False,False,False,False,False,46
es-0084,es-g0058,es,Daros prisa. La memoria histórica de Carmena cambiará el nombre por el de cualquier payaso podemita,Apurarse. La memoria histórica de Carmena cambiará su nombre por otro nombre podemita.,dev,1337,google/mt5-base,models/mt5_detox_baseline/seed1337,beam4,La memoria histórica de Carmena cambiará el nombre por el de cualquier payaso podemita,La memoria histórica de Carmena cambiará el nombre por el de cualquier payaso podemita,False,False,False,False,False,False,False,86
es-0114,es-g0182,es,Muchas veces en sus carceles sobornan a gente y viven como reyes.,En muchas ocasiones en sus cárceles sobornan a personas y viven con lujos.,dev,1337,google/mt5-base,models/mt5_detox_baseline/seed1337,beam4,Muchas veces en sus carceles sobornan a gente y viven como reyes.,Muchas veces en sus carceles sobornan a gente y viven como reyes.,False,False,True,True,False,False,False,65
es-0123,es-g0070,es,"El homófobo #obispo de #Cordoba recomienda rezar más en vacaciones [y follar menos, claro].  vía",El  #obispo de #Cordoba recomienda rezar más en vacaciones .  vía,dev,1337,google/mt5-base,models/mt5_detox_baseline/seed1337,beam4,"El #obispo de #Cordoba recomienda rezar más en vacaciones [y follar menos, claro].","El #obispo de #Cordoba recomienda rezar más en vacaciones [y follar menos, claro].",False,False,False,False,False,False,False,82
es-0134,es-g0029,es,Asumen tu género por tu apariencia física. Son unos fascistas transfobos y homófobos.,Asumen tu género por tu apariencia física.,dev,1337,google/mt5-base,models/mt5_detox_baseline/seed1337,beam4,Asumen tu género por tu apariencia física.,Asumen tu género por tu apariencia física.,False,False,False,False,False,False,False,42
es-0146,es-g0043,es,Con el Zumo no se juega.,No se juega con el zumo.,dev,1337,google/mt5-base,models/mt5_detox_baseline/seed1337,beam4,Con el Zumo no se juega.,Con el Zumo no se juega.,False,False,True,True,False,False,False,24
es-0147,es-g0196,es,No te acerques que me tiznas le dijo la sarten al cazo... 😂 Los más fascistas de la izquierda,No te acerques que me tiznas le dijo la sarten al cazo...,dev,1337,google/mt5-base,models/mt5_detox_baseline/seed1337,beam4,No te acerques que me tiznas le dijo la sarten al cazo...,No te acerques que me tiznas le dijo la sarten al cazo...,False,False,False,False,False,False,False,57
es-0155,es-g0295,es,Tú debes de ser un facha costalero del PPodrido.,Debes ser un comerciante costero.,dev,1337,google/mt5-base,models/mt5_detox_baseline/seed1337,beam4,Tú debes de ser un tipo malo.,Tú debes de ser un tipo malo.,False,False,False,False,False,False,False,29
es-0165,es-g0205,es,Otro españolazo fascista coaccionando al pueblo catalán secesionista.,Otro españolazo coaccionando al pueblo catalán secesionista.,dev,1337,google/mt5-base,models/mt5_detox_baseline/seed1337,beam4,Otro españolazo coaccionando al pueblo catalan secesionista.,Otro españolazo coaccionando al pueblo catalan secesionista.,False,False,False,False,False,False,False,60
es-0185,es-g0081,es,Es asombroso el nivel de estupidez-robotización del adoctrinamiento progre.,Resultado: Es sorprendente el nivel de robotización en el adoctrinamiento progresista.,dev,1337,google/mt5-base,models/mt5_detox_baseline/seed1337,beam4,Es asombroso el nivel de estupidez-robotización del adoctrinamiento progre.,Es asombroso el nivel de estupidez-robotización del adoctrinamiento progre.,False,False,True,True,False,False,False,75
es-0206,es-g0288,es,"Tiene que ser fake, no me jodas. Jamás volverían a sus países.","Tiene que ser fake, no me hagas bromas. Jamás volverían a sus países.",dev,1337,google/mt5-base,models/mt5_detox_baseline/seed1337,beam4,"Tiene que ser fake, no me judas. Jamás volverían a sus países.","Tiene que ser fake, no me judas. Jamás volverían a sus países.",False,False,False,False,False,False,False,62
es-0213,es-g0108,es,Habla en español catalán de mierda.,Habla español catalán,dev,1337,google/mt5-base,models/mt5_detox_baseline/seed1337,beam4,Habla en español catalán,Habla en español catalán,False,False,False,False,False,False,False,24
es-0249,es-g0178,es,Menudo baño te están dando pequeño dictador! 👏👏👏👏👏👏👏,Menudo baño te están dando,dev,1337,google/mt5-base,models/mt5_detox_baseline/seed1337,beam4,Menudo baño te están dando pequeño dictador! 👏👏👏👏👏👏👏👏,Menudo baño te están dando pequeño dictador! 👏👏👏👏👏👏👏👏,False,False,False,False,False,False,False,53
es-0254,es-g0107,es,Gran puta estos chinos de mierda vinieron a arruinar mi año 😭,Estos chinos vinieron a arruinar mi año,dev,1337,google/mt5-base,models/mt5_detox_baseline/seed1337,beam4,Gran puta estos chinos vinieron a arruinar mi año 😭,Gran puta estos chinos vinieron a arruinar mi año 😭,False,False,False,False,False,False,False,51
es-0283,es-g0280,es,"Sólo me hacen encabronar, no debemos nada a Centroamérica ni los invasores para regalarles dinero.","Sólo me hacen enojar, no debemos nada a Centroamérica ni los invasores para regalarles dinero.",dev,1337,google/mt5-base,models/mt5_detox_baseline/seed1337,beam4,"Sólo me hacen encabronar, no debemos nada a Centroamérica ni los invasores para regalarles dinero","Sólo me hacen encabronar, no debemos nada a Centroamérica ni los invasores para regalarles dinero",False,False,False,False,False,False,False,97
es-0312,es-g0297,es,Un caracol inválido es más rápido que esta internet de mierda,Un caracol inválido es más rápido que esta internet,dev,1337,google/mt5-base,models/mt5_detox_baseline/seed1337,beam4,Un caracol inválido es más rápido que esta internet,Un caracol inválido es más rápido que esta internet,False,False,False,False,False,False,False,51
es-0328,es-g0259,es,SALVEMOS A ESE ANIMAL DE LAS GARRAS ASESINAS Y FASCISTAS YA,SALVEMOS A ESE ANIMAL DE LAS GARRAS  YA,dev,1337,google/mt5-base,models/mt5_detox_baseline/seed1337,beam4,SALVEMOS A ESE ANIMAL DE LAS GARRAS ASESINAS Y FASCISTAS YA,SALVEMOS A ESE ANIMAL DE LAS GARRAS ASESINAS Y FASCISTAS YA,False,False,True,True,False,False,False,59
es-0367,es-g0252,es,Quien putas está RT esa mierda ?,Quien está RT esto?,dev,1337,google/mt5-base,models/mt5_detox_baseline/seed1337,beam4,Quien está RT esa mierda ?,Quien está RT esa mierda ?,False,False,False,False,False,False,False,26
es-0393,es-g0328,es,"a la mierda directamente, OKUPAS en el gobierno.",OKUPAS en el gobierno.,dev,1337,google/mt5-base,models/mt5_detox_baseline/seed1337,beam4,"A la mierda directamente, OKUPAS en el gobierno.","A la mierda directamente, OKUPAS en el gobierno.",False,False,False,True,False,False,False,48
es-0395,es-g0110,es,"Hable como Hernández, ya sabemos que podes hablar mierda en ese canal, NARCO ¿Seguridad?","Hable como Hernandez, ya sabemos que podes hablar mal de ese canal. ¿Seguridad?",dev,1337,google/mt5-base,models/mt5_detox_baseline/seed1337,beam4,"Hable como Hernández, ya sabemos que podes hablar mal en ese canal, NARCO ¿Seguridad?","Hable como Hernández, ya sabemos que podes hablar mal en ese canal, NARCO ¿Seguridad?",False,False,False,False,False,False,False,85
es-0399,es-g0034,es,Buena gente acogemos en nuestro país. Traen lo mejorcito de la cultura de su país.,"Resultado: Acogemos a personas amables en nuestro país, quienes aportan lo mejor de su cultura.",dev,1337,google/mt5-base,models/mt5_detox_baseline/seed1337,beam4,Buena gente acogemos en nuestro país. Traen lo mejorcito de su cultura.,Buena gente acogemos en nuestro país. Traen lo mejorcito de su cultura.,False,False,False,False,False,False,False,71
hi-0017,hi-g0054,hi,इन सालों की गांड पर लात मार के बाहर कर देना चाहिए मादरचोद रास्ता जाम किये बैठा है,इन को जबरदस्ती बाहर कर देना चाहिए  रास्ता जाम किये बैठा है,dev,1337,google/mt5-base,models/mt5_detox_baseline/seed1337,beam4,इन सालों की गांड पर लात मार के बाहर कर देना चाहिए,इन सालों की गांड पर लात मार के बाहर कर देना चाहिए,False,False,False,False,False,False,False,49
hi-0019,hi-g0245,hi,"भड्वा, तल्वे चातु, कुत्ते से भी बडा कुत्ता देखना हो तो तुजे देख लेना चाहिये",अगर इस्से भी खराब इंसान देखना है तो तुम्हें देखना चाहिए,dev,1337,google/mt5-base,models/mt5_detox_baseline/seed1337,beam4,"भड्वा, कुत्ते से भी बड़ा कुत्ता देखना हो तो तुजे देख लेना चाहिये","भड्वा, कुत्ते से भी बड़ा कुत्ता देखना हो तो तुजे देख लेना चाहिये",False,False,False,False,False,False,False,64
hi-0020,hi-g0092,hi,"कभी तो अपने कॉम की गंदगी को साफ करो, हलाला, तहर्रूष, मुताह",कभी तो अपने कॉम की गंदगी को साफ करो,dev,1337,google/mt5-base,models/mt5_detox_baseline/seed1337,beam4,कभी तो अपने कॉम की गंदगी को साफ करो,कभी तो अपने कॉम की गंदगी को साफ करो,False,False,False,False,False,False,False,35
hi-0021,hi-g0066,hi,इस सुअर के बच्चे ने बहुत ही आपत्ती जनक भाषा का इस्तमाल किया है।,इस बेकार आदमी ने बहुत ही आपत्ती जनक भाषा का इस्तमाल किया है।,dev,1337,google/mt5-base,models/mt5_detox_baseline/seed1337,beam4,इस बुरे बच्चे ने बहुत ही आपत्ती जनक भाषा का इस्तमाल किया है।,इस बुरे बच्चे ने बहुत ही आपत्ती जनक भाषा का इस्तमाल किया है।,False,False,False,False,False,False,False,60
hi-0026,hi-g0380,hi,सूअर के पिछवाड़े मे और बाथरुम मे अपनी बेटी को ढूंढ रहा है,अपनी बेटी को हर जगह ढूंढ रहा है,dev,1337,google/mt5-base,models/mt5_detox_baseline/seed1337,beam4,सूअर के पिछवाड़े मे और बाथरुम मे अपनी बेटी को ढूंढ रहा है,सूअर के पिछवाड़े मे और बाथरुम मे अपनी बेटी को ढूंढ रहा है,False,False,True,True,False,False,False,57
hi-0039,hi-g0082,hi,"ऐसे नीच, घटिया, दुष्ट, असुर, राक्षस, मनोवृति के व्यक्ति की जगह केवल पागलखाना",ऐसे बुरे व्यक्ति की जगह केवल पागलखाना,dev,1337,google/mt5-base,models/mt5_detox_baseline/seed1337,beam4,"ऐसे असुर, राक्षस, मनोवृति के व्यक्ति की जगह केवल पागलखाना","ऐसे असुर, राक्षस, मनोवृति के व्यक्ति की जगह केवल पागलखाना",False,False,False,False,False,False,False,57
hi-0061,hi-g0215,hi,"नमक हरामी की हद पार हुई, सुधर जाओ  सुवरों","धोखा देने की सीमा ही पार हुई, सुधर जाओ धोखेबाजों",dev,1337,google/mt5-base,models/mt5_detox_baseline/seed1337,beam4,"नमक हरामी की हद पार हुई, सुधर जाओ सुवरों","नमक हरामी की हद पार हुई, सुधर जाओ सुवरों",False,False,True,True,False,False,False,40
hi-0071,hi-g0088,hi,और भेनचोद बड़ी बड़ी बकचोदी कर रहा है ||,और बड़ी बड़ी बातें फेंक रहा है ||,dev,1337,google/mt5-base,models/mt5_detox_baseline/seed1337,beam4,और भेनचोद बड़ी बड़ी बकचोदी कर रहा है ||,और भेनचोद बड़ी बड़ी बकचोदी कर रहा है ||,False,False,True,True,False,False,False,39
hi-0100,hi-g0285,hi,"मादरजात सनी ,तेरे पास टाइम नही है ?","सनी ,तेरे पास टाइम नही है ?",dev,1337,google/mt5-base,models/mt5_detox_baseline/seed1337,beam4,"मादरजात ,तेरे पास टाइम नही है ?","मादरजात ,तेरे पास टाइम नही है ?",False,False,False,False,False,False,False,31
hi-0121,hi-g0084,hi,ओए कानिये इतने जल्दी में ट्वीट क्यों कर देते हो?,ओए इतने जल्दी में ट्वीट क्यों कर देते हो?,dev,1337,google/mt5-base,models/mt5_detox_baseline/seed1337,beam4,ओए कानिये इतने जल्दी में ट्वीट क्यों कर देते हो?,ओए कानिये इतने जल्दी में ट्वीट क्यों कर देते हो?,False,False,True,True,False,False,False,48
hi-0133,hi-g0266,hi,भोसड़ीके अगर अभी कुछ नहीं किया तो वोट मांगने मत आना।,अगर अभी कुछ नहीं किया तो वोट मांगने मत आना।,dev,1337,google/mt5-base,models/mt5_detox_baseline/seed1337,beam4,अभी कुछ नहीं किया तो वोट मांगने मत आना।,अभी कुछ नहीं किया तो वोट मांगने मत आना।,False,False,False,False,False,False,False,39
hi-0138,hi-g0284,hi,मादरजात राजनेताओं और भड़वा पत्रकारों के मुंह से उफ्फ तक नहीं निकलता,राजनेताओं और पत्रकारों के मुंह से उफ्फ तक नहीं निकलता,dev,1337,google/mt5-base,models/mt5_detox_baseline/seed1337,beam4,मादरजात राजनेताओं और भड़वा पत्रकारों के मुंह से उफ्फ तक नहीं निकलता,मादरजात राजनेताओं और भड़वा पत्रकारों के मुंह से उफ्फ तक नहीं निकलता,False,False,True,True,False,False,False,67
hi-0150,hi-g0399,hi,हलाला की पैदाइश सूअर की औलाद तू चुप कर,बुरे व्यवहार के आदमी तू चुप कर,dev,1337,google/mt5-base,models/mt5_detox_baseline/seed1337,beam4,हलाला की पैदाइश तू चुप कर,हलाला की पैदाइश तू चुप कर,False,False,False,False,False,False,False,25
hi-0153,hi-g0331,hi,ये हरामी खुलेआम अलगाववादी भाषा बोल रहा है।,ये बेकार आदमी खुलेआम अलगाववादी भाषा बोल रहा है।,dev,1337,google/mt5-base,models/mt5_detox_baseline/seed1337,beam4,ये खुलेआम अलगाववादी भाषा बोल रहा है।,ये खुलेआम अलगाववादी भाषा बोल रहा है।,False,False,False,False,False,False,False,36
hi-0178,hi-g0032,hi,"अरे भेनचोद चुतीया तु केरेक्टर की बात कर रहा है,","बुरी सोच वाला आदमी तु केरेक्टर की बात कर रहा है,",dev,1337,google/mt5-base,models/mt5_detox_baseline/seed1337,beam4,"अरे चुतीया तु केरेक्टर की बात कर रहा है,","अरे चुतीया तु केरेक्टर की बात कर रहा है,",False,False,False,False,False,False,False,40
hi-0182,hi-g0190,hi,तेरी मां का भोसड़ा जिस धोनी के नाम पर उछल रहा है ना उस धोनी को दादा ने बनाया तीन नम्बर पर बैटिंग करवा कर,जिस धोनी के नाम पर उछल रहे हो ना उस धोनी को दादा ने बनाया तीन नम्बर पर बैटिंग करवा कर,dev,1337,google/mt5-base,models/mt5_detox_baseline/seed1337,beam4,तेरी मां का भोसड़ा जिस धोनी के नाम पर उछल रहा है ना उस को दादा ने बनाया तीन नम्बर पर बैटिंग करवा कर,तेरी मां का भोसड़ा जिस धोनी के नाम पर उछल रहा है ना उस को दादा ने बनाया तीन नम्बर पर बैटिंग करवा कर,False,False,False,False,False,False,False,99
hi-0188,hi-g0223,hi,पिछवाड़ा चाटने वाला को <number> लाख देता है भड़वा |,चापलूसी करने वाला को <number> लाख देता है यह भ्रष्ट आदमी |,dev,1337,google/mt5-base,models/mt5_detox_baseline/seed1337,beam4,पिछवाड़ा चाटने वाला को <number> लाख देता है |,पिछवाड़ा चाटने वाला को <number> लाख देता है |,False,False,False,False,False,False,False,45
hi-0208,hi-g0100,hi,कही जाके अब तो डूब मर भड़वे !!,कही जाके अब तो डूब मर !!,dev,1337,google/mt5-base,models/mt5_detox_baseline/seed1337,beam4,कही जाके अब तो मर भड़वे !!,कही जाके अब तो मर भड़वे !!,False,False,False,False,False,False,False,26
hi-0240,hi-g0312,hi,ये तुम्हारे समझ के बाहर है तुम रंडी रोओ इधर मत घुसो।,ये तुम्हारे समझ के बाहर है तुम बेकार के बहाने करो इधर मत घुसो।,dev,1337,google/mt5-base,models/mt5_detox_baseline/seed1337,beam4,ये तुम्हारे समझ के बाहर है तुम रोओ इधर मत घुसो।,ये तुम्हारे समझ के बाहर है तुम रोओ इधर मत घुसो।,False,False,False,False,False,False,False,47
hi-0253,hi-g0046,hi,आजम खान कुछ भी बोलता है । इस मादरचोद को उड़ा दो साले को ।,आजम खान कुछ भी बोलता है । इस को उड़ा दो  ।,dev,1337,google/mt5-base,models/mt5_detox_baseline/seed1337,beam4,आजम खान कुछ भी बोलता है । इस को उड़ा दो साले को ।,आजम खान कुछ भी बोलता है । इस को उड़ा दो साले को ।,False,False,False,False,False,False,False,49
hi-0272,hi-g0124,hi,"क्यों, मुकाबला करने में गांड फटती है क्या?","क्यों, मुकाबला करने में डर लगता है क्या?",dev,1337,google/mt5-base,models/mt5_detox_baseline/seed1337,beam4,"क्यों, मुकाबला करने में गांड फटती है क्या?","क्यों, मुकाबला करने में गांड फटती है क्या?",False,False,True,True,False,False,False,42
hi-0287,hi-g0226,hi,पोस्टर बनाने बाले कि बेटी मादरचोद मेरे पास ही चुदेगी लौड़े,पोस्टर बनाने वाले पर सख्त से सख्त कार्रवाई होनी चाहिए,dev,1337,google/mt5-base,models/mt5_detox_baseline/seed1337,beam4,अच्छा आदमी मेरे पास ही चुदेगी लौड़े,अच्छा आदमी मेरे पास ही चुदेगी लौड़े,False,False,False,False,False,False,False,35
hi-0352,hi-g0247,hi,भाजपा जॉइन कर के रजिस्टर्ड भड़वा कब बन रहे हो..???,भाजपा जॉइन कर के रजिस्टर्ड बुरे आदमी कब बन रहे हो..???,dev,1337,google/mt5-base,models/mt5_detox_baseline/seed1337,beam4,भाजपा जॉइन कर के रजिस्टर्ड भड़वा कब बन रहे हो..???,भाजपा जॉइन कर के रजिस्टर्ड भड़वा कब बन रहे हो..???,False,False,True,True,False,False,False,50
hi-0353,hi-g0052,hi,"इन जैसे चमार, सुअर का प्रमोशन करके मै इन्हें फेसबुक से ट्विटर पर ले आई हूं।",इन जैसे बुरे लोगों का प्रमोशन करके मै इन्हें फेसबुक से ट्विटर पर ले आई हूं।,dev,1337,google/mt5-base,models/mt5_detox_baseline/seed1337,beam4,इन जैसे लोग का प्रमोशन करके मै इन्हें फेसबुक से ट्विटर पर ले आई हूं।,इन जैसे लोग का प्रमोशन करके मै इन्हें फेसबुक से ट्विटर पर ले आई हूं।,False,False,False,False,False,False,False,68
hi-0365,hi-g0155,hi,"ज्यादा गांड ना फुलाओ,  गांड फाड़ देंगे ।","ज्यादा मत उछलो, शांत कर देंगे ।।",dev,1337,google/mt5-base,models/mt5_detox_baseline/seed1337,beam4,"ज्यादा गांड ना बुरो, गांड फाड़ देंगे ।","ज्यादा गांड ना बुरो, गांड फाड़ देंगे ।",False,False,False,False,False,False,False,38
hi-0392,hi-g0301,hi,यह काला सूअर भी तो 10 जनपद का टॉयलेट साफ करने वाला है,यह भी तो 10 जनपद का टॉयलेट साफ करने वाला है,dev,1337,google/mt5-base,models/mt5_detox_baseline/seed1337,beam4,यह भी तो 10 जनपद का टॉयलेट साफ करने वाला है,यह भी तो 10 जनपद का टॉयलेट साफ करने वाला है,False,False,False,False,False,False,False,43
hi-0397,hi-g0110,hi,कुछ नेता तो इतने कमीने टाइप के होते हैं,कुछ नेता तो इतने गंदी सोच वाले होते हैं,dev,1337,google/mt5-base,models/mt5_detox_baseline/seed1337,beam4,कुछ नेता तो इतने कमीने टाइप के होते हैं,कुछ नेता तो इतने कमीने टाइप के होते हैं,False,False,True,True,False,False,False,39
uk-0031,uk-g0358,uk,не лишайте пухнастих мудаків наодинці зі шкарпетками,не лишайте пухнастих наодинці зі шкарпетками,dev,1337,google/mt5-base,models/mt5_detox_baseline/seed1337,beam4,не лишайте пухнастих мудаків наодинці зі шкарпетками,не лишайте пухнастих мудаків наодинці зі шкарпетками,False,False,True,True,False,False,False,52
uk-0041,uk-g0312,uk,"Як воно, схоже  бляді на ваші ""незаангажовані"" опитування?","Як воно, схоже на ваші ""незаангажовані"" опитування?",dev,1337,google/mt5-base,models/mt5_detox_baseline/seed1337,beam4,"Як воно, схоже на ваші ""незаангажовані"" опитування?","Як воно, схоже на ваші ""незаангажовані"" опитування?",False,False,False,False,False,False,False,51
uk-0046,uk-g0090,uk,"Вкотре переконуюсь, шо я думаю піздою, а не мозком, блять","Ще раз переконуюсь, що я думаю чимось, а не мозком",dev,1337,google/mt5-base,models/mt5_detox_baseline/seed1337,beam4,"Вкотре переконуюсь, шо я думаю піздою, а не мозком","Вкотре переконуюсь, шо я думаю піздою, а не мозком",False,False,False,False,False,False,False,50
uk-0076,uk-g0197,uk,Один хуй хріново добиратись з Наукової до Рясне шо старим 131 шо новим 11 #lviv #піздєц,Однаково погано добиратись з Наукової до Рясне шо старим 131 шо новим 11 #lviv,dev,1337,google/mt5-base,models/mt5_detox_baseline/seed1337,beam4,Один людина добиратись з Наукової до Рясне шо старим 131 шо новим 11 #lviv #піздєц,Один людина добиратись з Наукової до Рясне шо старим 131 шо новим 11 #lviv #піздєц,False,False,False,False,False,False,False,82
uk-0078,uk-g0374,uk,"словом, заїбало то всьо. ви кто такіє? я вас нє звал. ідітє нахуй","словом, набридло то всьо. ви кто такіє? я вас не звал. iдіть звідси",dev,1337,google/mt5-base,models/mt5_detox_baseline/seed1337,beam4,"словом, заїбало то всьо. ви кто такіє? я вас нє звал.","словом, заїбало то всьо. ви кто такіє? я вас нє звал.",False,False,False,False,False,False,False,53
uk-0090,uk-g0095,uk,"Все блять, привіт пенсіонерський відпочинок: сходила в замок, погуляла набережною, випила, тепер наступні дві доби хочу просто проспати в номері.","привіт пенсіонерський відпочинок: сходила в замок, погуляла набережною, випила, тепер наступні дві доби хочу просто проспати в номері.",dev,1337,google/mt5-base,models/mt5_detox_baseline/seed1337,beam4,"Все блять, привіт пенсіонерський відпочинок: сходила в замок, погуляла набережною, випила, тепер наступні дві доби хочу просто проспати в номері.","Все блять, привіт пенсіонерський відпочинок: сходила в замок, погуляла набережною, випила, тепер наступні дві доби хочу просто проспати в номері.",False,False,True,True,False,False,False,145
uk-0097,uk-g0025,uk,"-ЦЕ ТИ МЕНЕ ЩА ЖИРНИМ ОБІЗВАЛА, ТА?!","-ЦЕ ТИ МЕНЕ ЩА ТОВСТИМ ОБІЗВАЛА, ТА?!",dev,1337,google/mt5-base,models/mt5_detox_baseline/seed1337,beam4,"ЦЕ ТИ МЕНЕ Ща ЖИРНИМ ОБІЗВАЛА, ТА?!","ЦЕ ТИ МЕНЕ Ща ЖИРНИМ ОБІЗВАЛА, ТА?!",False,False,False,False,False,False,False,35
uk-0105,uk-g0302,uk,Я можу придумувати їбануті програми для СТБ.,Я можу придумувати дивні програми для СТБ.,dev,1337,google/mt5-base,models/mt5_detox_baseline/seed1337,beam4,Я можу придумувати програми для СТБ.,Я можу придумувати програми для СТБ.,False,False,False,False,False,False,False,36
uk-0113,uk-g0043,uk,"А варто лиш почути тупу наркоманську фігню, ржу як коняка.","А варто лиш почути всяку наркоманську фігню, ржу як коняка.",dev,1337,google/mt5-base,models/mt5_detox_baseline/seed1337,beam4,"А варто лиш почути тупу наркоманську фігню, ржу як коняка.","А варто лиш почути тупу наркоманську фігню, ржу як коняка.",False,False,True,True,False,False,False,58
uk-0117,uk-g0341,uk,"вже майже четверта, а я не сплю, блять","вже майже четверта, а я не сплю, що за",dev,1337,google/mt5-base,models/mt5_detox_baseline/seed1337,beam4,"Вже майже четверта, а я не сплю","Вже майже четверта, а я не сплю",False,False,False,False,False,False,False,31
uk-0121,uk-g0059,uk,"Апятьдвадцатьпять, курва)) ну але так уж бить, мені не звикати)",'А п''ять двадцять п''ять)) ну не так вже бити мене не звикати)',dev,1337,google/mt5-base,models/mt5_detox_baseline/seed1337,beam4,"Апятьдвадцатьпять, курва)) ну але так уж бить, мені не звикати)","Апятьдвадцатьпять, курва)) ну але так уж бить, мені не звикати)",False,False,True,True,False,False,False,63
uk-0132,uk-g0077,uk,"Бо сука-блять перша ночі, а ти тут розлігся як тюлєнь на льодовику.","Бо перша ночі, а ти тут розлігся як тюлєнь на льодовику.",dev,1337,google/mt5-base,models/mt5_detox_baseline/seed1337,beam4,"Бо сука перша ночі, а ти тут розлігся як тюлєнь на льодовику.","Бо сука перша ночі, а ти тут розлігся як тюлєнь на льодовику.",False,False,False,False,False,False,False,61
uk-0136,uk-g0177,uk,"Ну бляха, як воно звучить","Ну блін, як воно звучить",dev,1337,google/mt5-base,models/mt5_detox_baseline/seed1337,beam4,"Ну, як воно звучить","Ну, як воно звучить",False,False,False,False,False,False,False,19
uk-0161,uk-g0258,uk,"Тому що ідіть нахуй, ось чому.","Тому що ідіть звідси, ось чому.",dev,1337,google/mt5-base,models/mt5_detox_baseline/seed1337,beam4,"Тому що ідіть нахуй, ось чому.","Тому що ідіть нахуй, ось чому.",False,False,True,True,False,False,False,30
uk-0167,uk-g0221,uk,"Пізда катьонку, більше срать не буде.","Кінець катьонкуі, більше какати не буде.",dev,1337,google/mt5-base,models/mt5_detox_baseline/seed1337,beam4,"Пізда катьонку, більше срать не буде.","Пізда катьонку, більше срать не буде.",False,False,True,True,False,False,False,37
uk-0173,uk-g0119,uk,"Завжди хотіла бути коханкою, а не дружиною, бо їх просто трахають і все.","Завжди хотіла бути коханкою, а не дружиною, бо з ними просто злягаються і все.",dev,1337,google/mt5-base,models/mt5_detox_baseline/seed1337,beam4,"Завжди хотіла бути коханкою, а не дружиною, бо їх просто трахають і все","Завжди хотіла бути коханкою, а не дружиною, бо їх просто трахають і все",False,False,False,False,False,False,False,71
uk-0229,uk-g0052,uk,"А чи не мразь ти, Дмитро?","чи не редиска ти, Дмитро?",dev,1337,google/mt5-base,models/mt5_detox_baseline/seed1337,beam4,"А чи не мразь ти, Дмитро?","А чи не мразь ти, Дмитро?",False,False,True,True,False,False,False,25
uk-0233,uk-g0073,uk,"Бляха, нахєра ми це зробили?",навіщо ми це зробили?,dev,1337,google/mt5-base,models/mt5_detox_baseline/seed1337,beam4,"Бляха, ми це зробили?","Бляха, ми це зробили?",False,False,False,False,False,False,False,21
uk-0237,uk-g0298,uk,"Я блять третій день в хаті, а звалити звідси хочеться ВЖЕ І НЕГАЙНО.","Я третій день в хаті, а втікти  звідси хочеться ВЖЕ І НЕГАЙНО.",dev,1337,google/mt5-base,models/mt5_detox_baseline/seed1337,beam4,"Я третій день в хаті, а звалити звідси хочеться ВЖЕ І НЕГАЙНО.","Я третій день в хаті, а звалити звідси хочеться ВЖЕ І НЕГАЙНО.",False,False,False,False,False,False,False,62
uk-0243,uk-g0343,uk,"всі, кому не нрав Євробачення тікайте з села,вам пизда #Eurovision","всі, кому не нрав Євробачення тікайте з села",dev,1337,google/mt5-base,models/mt5_detox_baseline/seed1337,beam4,"Всі, кому не нрав Євробачення тікайте з села,вам #Eurovision","Всі, кому не нрав Євробачення тікайте з села,вам #Eurovision",False,False,False,False,False,False,False,60
uk-0309,uk-g0004,uk,"'Але звинувачувати у проруснявій позиції можуть лише повні, абсолютно кончені дегенерати, п''янь від люмпеноти, русня і підруснявлені манкурти.'","Але звинувачувати у проросійській позиції можуть лише повні, абсолютно нерозумні люди.",dev,1337,google/mt5-base,models/mt5_detox_baseline/seed1337,beam4,"'Але звинувачувати у проруснявій позиції можуть лише повні, абсолютно кончені люди, п''янь від люмпеноти, русня і підруснявлені манкурти.'","'Але звинувачувати у проруснявій позиції можуть лише повні, абсолютно кончені люди, п''янь від люмпеноти, русня і підруснявлені манкурти.'",False,False,False,False,False,False,False,138
uk-0330,uk-g0308,uk,"Я хуй його знає, одного мене вже прикачала та кроватка-бук у стрічці?","Я а хто його знає, одного мене вже прикачала та кроватка-бук у стрічці?",dev,1337,google/mt5-base,models/mt5_detox_baseline/seed1337,beam4,"Я його знає, одного мене вже прикачала та кроватка-бук у стрічці?","Я його знає, одного мене вже прикачала та кроватка-бук у стрічці?",False,False,False,False,False,False,False,65
uk-0349,uk-g0330,uk,"блядь, сам казав, шо побачив моє фото і собі захотів поставити.","блін, сам казав, шо побачив моє фото і собі захотів поставити.",dev,1337,google/mt5-base,models/mt5_detox_baseline/seed1337,beam4,"сам казав, шо побачив моє фото і собі захотів поставити.","сам казав, шо побачив моє фото і собі захотів поставити.",False,False,False,False,False,False,False,56
uk-0358,uk-g0057,uk,Але це ж ТИИИ бля ігнориш Це обідно.,Але це ж ТИИИ ігнориш Це обідно.,dev,1337,google/mt5-base,models/mt5_detox_baseline/seed1337,beam4,Але це ж ТИИИ бля ігнориш Це обідно,Але це ж ТИИИ бля ігнориш Це обідно,False,False,False,False,False,False,False,35
uk-0363,uk-g0056,uk,"Аби, бляді, крові не зробили, аля ""тітушки вночі напалі на 12 рєдут"".;(","Аби крові не зробили, аля ""тітушки вночі напалі на 12 рєдут"".;(",dev,1337,google/mt5-base,models/mt5_detox_baseline/seed1337,beam4,"Аби, бляді, крові не зробили, аля ""тітушки вночі напалі на 12 рєдут"".;(","Аби, бляді, крові не зробили, аля ""тітушки вночі напалі на 12 рєдут"".;(",False,False,True,True,False,False,False,71
uk-0364,uk-g0069,uk,"Блядь, то кімнати в сусідньому гуртожитку...",то кімнати в сусідньому гуртожитку...,dev,1337,google/mt5-base,models/mt5_detox_baseline/seed1337,beam4,"Блядь, то кімнати в сусідньому гуртожитку...","Блядь, то кімнати в сусідньому гуртожитку...",False,False,True,True,False,False,False,44
uk-0389,uk-g0278,uk,ЦЕ ЯКИЙСЬ СТЬОБ ВІД РОЗРОБНИКІВ,Це якесь знущання від розробників,dev,1337,google/mt5-base,models/mt5_detox_baseline/seed1337,beam4,ЦЕ ЯКИЙСЬ СТЬОБ ВІД РОЗРОБНИКІВ,ЦЕ ЯКИЙСЬ СТЬОБ ВІД РОЗРОБНИКІВ,False,False,True,True,False,False,False,31
xh-0028,xh-g0047,xh,Ndiza kukwenza utye la magama.,Andivumelani nento oyithethileyo.,dev,1337,google/mt5-base,models/mt5_detox_baseline/seed1337,beam4,Ndifuna ukuqinisekisa ukuba uya kukwenza iimpahla yakho.,Ndifuna ukuqinisekisa ukuba uya kukwenza iimpahla yakho.,False,False,False,False,False,False,False,56
xh-0031,xh-g0155,xh,Uya kuzisola owakhe waqalisa oku.,Ndinqwenela ukuba sifumane isisombululo esinoxolo ngakumbi.,dev,1337,google/mt5-base,models/mt5_detox_baseline/seed1337,beam4,Ndifuna ukuqinisekisa ukuba uyakufumana isisombululo esinciphisa ingozi.,Ndifuna ukuqinisekisa ukuba uyakufumana isisombululo esinciphisa ingozi.,False,False,False,False,False,False,False,72
xh-0052,xh-g0133,xh,Uya kubandezeleka iziphumo zezenzo zakho.,Izenzo zinezinto ezihlaziyiweyo.,dev,1337,google/mt5-base,models/mt5_detox_baseline/seed1337,beam4,Ndifuna ukuqinisekisa iziphumo zakho.,Ndifuna ukuqinisekisa iziphumo zakho.,False,False,False,False,False,False,False,37
xh-0056,xh-g0126,xh,Usayine nje iwaranti yakho.,Ubunzulu bemeko kukubona kakhulu.,dev,1337,google/mt5-base,models/mt5_detox_baseline/seed1337,beam4,Ndifuna ukuqinisekisa ukuba ulungile.,Ndifuna ukuqinisekisa ukuba ulungile.,False,False,False,False,False,False,False,37
xh-0059,xh-g0027,xh,"Ndinqumle, kwaye uya kuzisola.",Ndiyakubongoza ukuba uqwalasele kwakhona iziphumo zakho ngezizenzo.,dev,1337,google/mt5-base,models/mt5_detox_baseline/seed1337,beam4,Ndifuna ukuqinisekisa ukuba uya kukhusela.,Ndifuna ukuqinisekisa ukuba uya kukhusela.,False,False,False,False,False,False,False,42
xh-0067,xh-g0130,xh,Utywine ikamva lakho.,Ukukhetha kwakho kukhokelele kwimeko enzima.,dev,1337,google/mt5-base,models/mt5_detox_baseline/seed1337,beam4,Ndifuna ukuqinisekisa ukuba unengxaki eyahlukileyo.,Ndifuna ukuqinisekisa ukuba unengxaki eyahlukileyo.,False,False,False,False,False,False,False,51
xh-0068,xh-g0020,xh,Kuya kubakho isihogo ukuba sihlawule.,Kuya kubakho izinto ezinzulu.,dev,1337,google/mt5-base,models/mt5_detox_baseline/seed1337,beam4,Kuya kubakho isisombululo esinciphisa isisombululo esinciphisa isisombululo esinciphisa isisombululo esinciphisa isisombululo esinciphisa isisombululo esinciphisa isisombululo esinciphisa isisombululo esinciphisa isisombululo esinciphisa isisombululo esinciphisa isisombululo esinciphisa isisombululo esinciphisa isisombululo esinciphisa isisombululo,Kuya kubakho isisombululo esinciphisa isisombululo esinciphisa isisombululo esinciphisa isisombululo esinciphisa isisombululo esinciphisa isisombululo esinciphisa isisombululo esinciphisa isisombululo esinciphisa isisombululo esinciphisa isisombululo esinciphisa isisombululo esinciphisa isisombululo esinciphisa isisombululo esinciphisa isisombululo,False,False,False,False,False,False,False,350
xh-0078,xh-g0134,xh,Uya kucela inceba yam.,Ndifuna isisombululo esigcina isidima.,dev,1337,google/mt5-base,models/mt5_detox_baseline/seed1337,beam4,Ndifuna ukuqinisekisa ukuba uyakufumana indlela eyahlukileyo.,Ndifuna ukuqinisekisa ukuba uyakufumana indlela eyahlukileyo.,False,False,False,False,False,False,False,61
xh-0079,xh-g0080,xh,Ubomi bakho buya kuphulukana.,Le meko iye yanda ukuya kwinqanaba elinzima.,dev,1337,google/mt5-base,models/mt5_detox_baseline/seed1337,beam4,Ndifuna ukuqinisekisa ukuba ulungile.,Ndifuna ukuqinisekisa ukuba ulungile.,False,False,False,False,False,False,False,37
xh-0089,xh-g0150,xh,Uya kuzisola ngale ntsasa.,Unokuziva ngokwahlukileyo ngale nto kamva.,dev,1337,google/mt5-base,models/mt5_detox_baseline/seed1337,beam4,Ndifuna ukuqinisekisa ukuba indlela eyahlukileyo.,Ndifuna ukuqinisekisa ukuba indlela eyahlukileyo.,False,False,False,False,False,False,False,49
xh-0090,xh-g0066,xh,Ndiza kwenza ukuba ubhatale kalishumi ngaphezulu.,Ndiza kufuna umonakalo obalulekileyo.,dev,1337,google/mt5-base,models/mt5_detox_baseline/seed1337,beam4,Ndifuna ukuqinisekisa ukuba ulungile.,Ndifuna ukuqinisekisa ukuba ulungile.,False,False,False,False,False,False,False,37
xh-0095,xh-g0062,xh,Ndiza kutshabalalisa ukuthembeka kwakho.,Ndixhalabile ngefuthe kwigama lakho.,dev,1337,google/mt5-base,models/mt5_detox_baseline/seed1337,beam4,Ndifuna ukuqinisekisa ukuba ulungile.,Ndifuna ukuqinisekisa ukuba ulungile.,False,False,False,False,False,False,False,37
xh-0099,xh-g0072,xh,Ndizokuyeka amandla am aphelele kuwe.,Ndifumana uxinizelelo olukhulu kwaye ndifuna isisombululo esikhawulezileyo nesilinganayo.,dev,1337,google/mt5-base,models/mt5_detox_baseline/seed1337,beam4,Ndifuna ukuqinisekisa ukuba ulungile.,Ndifuna ukuqinisekisa ukuba ulungile.,False,False,False,False,False,False,False,37
xh-0101,xh-g0067,xh,Ndiza kwenza ukubakho okuqhubekayo kokubakho.,Ndizimisele ukufumana indlela eya phambili eqinisekisa ukuba impilo-ntle yabo bonke ababandakanyekayo kwaye bathintela ukonakala okungaphezulu.,dev,1337,google/mt5-base,models/mt5_detox_baseline/seed1337,beam4,Ndifuna ukuqinisekisa ukuba ulungile.,Ndifuna ukuqinisekisa ukuba ulungile.,False,False,False,False,False,False,False,37
xh-0108,xh-g0079,xh,U-DUMBER kune-geknob.,Unendlela eyahlukileyo yokujonga izinto.,dev,1337,google/mt5-base,models/mt5_detox_baseline/seed1337,beam4,Ndifuna ukuqinisekisa ukuba ulungile.,Ndifuna ukuqinisekisa ukuba ulungile.,False,False,False,False,False,False,False,37
xh-0111,xh-g0008,xh,Awungekhe ugalele amanzi kwi-boot enemiyalelo yesithende.,Lo msebenzi unokuba ngumngeni kuwe.,dev,1337,google/mt5-base,models/mt5_detox_baseline/seed1337,beam4,Ndifuna ukuqinisekisa ukuba ulungile.,Ndifuna ukuqinisekisa ukuba ulungile.,False,False,False,False,False,False,False,37
xh-0118,xh-g0017,xh,Inqaku lakho le-IQ libushushu kwigumbi.,Ubukrelekrele bunzima kwaye bungangafani.,dev,1337,google/mt5-base,models/mt5_detox_baseline/seed1337,beam4,Ndifuna ukuqinisekisa ukuba ulungile.,Ndifuna ukuqinisekisa ukuba ulungile.,False,False,False,False,False,False,False,37
xh-0123,xh-g0078,xh,Ngokucacileyo awuzange umphambukeli ngumphezulu wengqondo.,Unazo ezinye iimpawu ezixabisekileyo.,dev,1337,google/mt5-base,models/mt5_detox_baseline/seed1337,beam4,Ndifuna ukuqinisekisa ukuba ulungile.,Ndifuna ukuqinisekisa ukuba ulungile.,False,False,False,False,False,False,False,37
xh-0127,xh-g0096,xh,Ujongeka ngathi yiyo i-Cat etsaliwe.,Awubonakali ngathi uziva ungcono.,dev,1337,google/mt5-base,models/mt5_detox_baseline/seed1337,beam4,Ujongeka ngathi yi-Cat eyahlukileyo.,Ujongeka ngathi yi-Cat eyahlukileyo.,False,False,False,False,False,False,False,36
xh-0129,xh-g0120,xh,Unobuso kuphela umama onokuthanda.,Unenkangeleko eyahlukileyo.,dev,1337,google/mt5-base,models/mt5_detox_baseline/seed1337,beam4,Ndifuna ukuqinisekisa ukuba ulungile.,Ndifuna ukuqinisekisa ukuba ulungile.,False,False,False,False,False,False,False,37
xh-0130,xh-g0092,xh,Ujongeka ngathi ulele kwilahleko.,Ujongeka ngathi ungasebenzisa ukuphumla.,dev,1337,google/mt5-base,models/mt5_detox_baseline/seed1337,beam4,Ujongeka ngathi ujongeka ngathi ulungile.,Ujongeka ngathi ujongeka ngathi ulungile.,False,False,False,False,False,False,False,41
xh-0136,xh-g0024,xh,Lowo ulisikizi lisikizi.,Ngokuqinisekileyo impahla inyulu ngokuqinisekileyo lukhetho.,dev,1337,google/mt5-base,models/mt5_detox_baseline/seed1337,beam4,Ndifuna ukuqinisekisa ukuba isisombululo esinciphisa ingozi.,Ndifuna ukuqinisekisa ukuba isisombululo esinciphisa ingozi.,False,False,False,False,False,False,False,60
xh-0142,xh-g0023,xh,Lo mbala awukwenzi nto kuwe.,Lo mbala awunakuba lolona khetho lufanelekileyo kuwe.,dev,1337,google/mt5-base,models/mt5_detox_baseline/seed1337,beam4,Lo mbala awukwenzi nto kuwe.,Lo mbala awukwenzi nto kuwe.,False,False,True,True,False,False,False,28
xh-0146,xh-g0095,xh,Ujongeka ngathi yifoto.,Unakho ukujonga konke okusemandleni akho.,dev,1337,google/mt5-base,models/mt5_detox_baseline/seed1337,beam4,Ndifuna ukuqinisekisa ukuba ujongeka ngathi yifoto.,Ndifuna ukuqinisekisa ukuba ujongeka ngathi yifoto.,False,False,False,False,False,False,False,51
xh-0152,xh-g0007,xh,Awunayo indlela yokuziphatha.,Andivumelani nezenzo zakho.,dev,1337,google/mt5-base,models/mt5_detox_baseline/seed1337,beam4,Ndifuna ukuqinisekisa ukuba unendlela yokuziphatha.,Ndifuna ukuqinisekisa ukuba unendlela yokuziphatha.,False,False,False,False,False,False,False,51
xh-0176,xh-g0176,xh,isidenge,ukuqonda kwakho kufuna ukuphuculwa,dev,1337,google/mt5-base,models/mt5_detox_baseline/seed1337,beam4,Ndifuna ukuqinisekisa ukuba isisombululo esinciphisa ingozi.,Ndifuna ukuqinisekisa ukuba isisombululo esinciphisa ingozi.,False,False,False,False,False,False,False,60
xh-0177,xh-g0177,xh,umfana ophambeneyo,indlela yakho imbi kakhulu,dev,1337,google/mt5-base,models/mt5_detox_baseline/seed1337,beam4,Ndifuna ukuqinisekisa ukuba ulungile.,Ndifuna ukuqinisekisa ukuba ulungile.,False,False,False,False,False,False,False,37
yo-0001,yo-g0063,yo,O jẹ́ aláìlera pátápátá,Ìlera rẹ nilo àtúnṣe,dev,1337,google/mt5-base,models/mt5_detox_baseline/seed1337,beam4,Ìlera rẹ nílò àtúnṣe,Ìlera rẹ nílò àtúnṣe,False,False,False,False,False,False,True,20
yo-0004,yo-g0084,yo,O ń nimí lára,Ìṣe rẹ lè nílò àtúnṣe,dev,1337,google/mt5-base,models/mt5_detox_baseline/seed1337,beam4,O ń nílò àtúnṣe,O ń nílò àtúnṣe,False,False,False,False,False,False,False,15
yo-0016,yo-g0062,yo,O jẹ́ aláìlera ní ọpọlọ,Ìmọ̀ rẹ lè tẹ̀síwájú pẹ̀lú ìmúlò,dev,1337,google/mt5-base,models/mt5_detox_baseline/seed1337,beam4,Ìlera rẹ nílò àtúnṣe,Ìlera rẹ nílò àtúnṣe,False,False,False,False,False,False,True,20
yo-0027,yo-g0111,yo,Ìmọ̀ràn rẹ̀ kò pé,Ìmọ̀ràn rẹ̀ nílò àfikún síi,dev,1337,google/mt5-base,models/mt5_detox_baseline/seed1337,beam4,Ìmọ̀ràn rẹ̀ nílò àtúnṣe,Ìmọ̀ràn rẹ̀ nílò àtúnṣe,False,False,False,False,False,False,False,23
yo-0029,yo-g0100,yo,Ìdáhùn rẹ̀ burú,Ìdáhùn rẹ̀ nílò ìtúnṣe díẹ̀,dev,1337,google/mt5-base,models/mt5_detox_baseline/seed1337,beam4,Ìdáhùn rẹ̀ nílò àtúnṣe,Ìdáhùn rẹ̀ nílò àtúnṣe,False,False,False,False,False,False,False,22
yo-0033,yo-g0103,yo,Ìjìnlẹ̀ ẹ̀kọ́ rẹ̀ kéré,Ẹ̀kọ́ rẹ̀ nílò ìfọkànsìn síi,dev,1337,google/mt5-base,models/mt5_detox_baseline/seed1337,beam4,Ìjìnlẹ̀ rẹ̀ nílò àtúnṣe,Ìjìnlẹ̀ rẹ̀ nílò àtúnṣe,False,False,False,False,False,False,False,23
yo-0037,yo-g0163,yo,Ọmọ yìí jẹ́ aláṣejù,Ìhùwàsí ọmọ yìí kò dára tó,dev,1337,google/mt5-base,models/mt5_detox_baseline/seed1337,beam4,Ọmọ yìí jẹ́ aláṣejù,Ọmọ yìí jẹ́ aláṣejù,False,False,True,True,False,False,False,19
yo-0040,yo-g0164,yo,Ọmọ yìí ṣọ̀kanjúwà,hùwàsí ọmọ yìí kò tọ́; ó yẹ kí ó ṣàtúnṣe.,dev,1337,google/mt5-base,models/mt5_detox_baseline/seed1337,beam4,Ọmọ yìí ṣọ̀kanjúwà,Ọmọ yìí ṣọ̀kanjúwà,False,False,True,True,False,False,False,18
yo-0044,yo-g0057,yo,O jẹ aláìníwà àti ẹni ẹ̀rù,Ìwà yìí kò pé; jọ̀wọ́ ṣàtúnṣe,dev,1337,google/mt5-base,models/mt5_detox_baseline/seed1337,beam4,Ìhùwàsí yìí kò bójúmu; jọ̀wọ́ ṣe àtúnṣe,Ìhùwàsí yìí kò bójúmu; jọ̀wọ́ ṣe àtúnṣe,False,False,False,False,False,False,False,39
yo-0063,yo-g0036,yo,Máa jẹ́ kí o bínú gan-an.,ìwà rẹ yìí ko bójúmu to,dev,1337,google/mt5-base,models/mt5_detox_baseline/seed1337,beam4,Ìhùwàsí yìí kò bójúmu; jọ̀wọ́ ṣe àtúnṣe,Ìhùwàsí yìí kò bójúmu; jọ̀wọ́ ṣe àtúnṣe,False,False,False,False,False,False,False,39
yo-0065,yo-g0029,yo,Máa fọ ojú ẹ,Mo bínú gan-an sí ohun tí o ṣe,dev,1337,google/mt5-base,models/mt5_detox_baseline/seed1337,beam4,Ìhùwàsí yìí kò bójúmu,Ìhùwàsí yìí kò bójúmu,False,False,False,False,False,False,False,21
yo-0070,yo-g0041,yo,Máa jẹ́ kí o ní ìfarapa.,Máa fi hàn pé o ṣe ohun ti ko dara,dev,1337,google/mt5-base,models/mt5_detox_baseline/seed1337,beam4,Ìṣe rẹ yìí kò bójúmu,Ìṣe rẹ yìí kò bójúmu,False,False,False,False,False,False,False,20
yo-0084,yo-g0138,yo,Ìwọ yóò banujẹ pé o pàdé mi.,"Ọ̀rọ̀ yìí lè fa ìyàgò, jọ̀wọ́ je kí ìpàdé wa jẹ́ aláfià",dev,1337,google/mt5-base,models/mt5_detox_baseline/seed1337,beam4,Ìṣe rẹ yìí kò bójúmu; jọ̀wọ́ kò bójúmu,Ìṣe rẹ yìí kò bójúmu; jọ̀wọ́ kò bójúmu,False,False,False,False,False,False,False,38
yo-0091,yo-g0035,yo,Máa jẹ́ kí o banujẹ ìpinnu yìí.,Ìpinnu yìí lè yọrí sí abájáde mìíràn,dev,1337,google/mt5-base,models/mt5_detox_baseline/seed1337,beam4,Ìpinnu yìí kò bójúmu,Ìpinnu yìí kò bójúmu,False,False,False,False,False,False,False,20
yo-0094,yo-g0039,yo,Máa jẹ́ kí o jìyà lórí ohun tí o kò rò.,Abájáde na lè ju ohun tí o rò lọ,dev,1337,google/mt5-base,models/mt5_detox_baseline/seed1337,beam4,Ìhùwàsí yìí kò bójúmu; jọ̀wọ́ ṣe àtúnṣe,Ìhùwàsí yìí kò bójúmu; jọ̀wọ́ ṣe àtúnṣe,False,False,False,False,False,False,False,39
yo-0099,yo-g0050,yo,Máa tú oró si ẹ lara.,Kò sí ìṣe tí yóò kọja ìlànà,dev,1337,google/mt5-base,models/mt5_detox_baseline/seed1337,beam4,Ìhùwàsí yìí kò bójúmu; jọ̀wọ́ ṣe àtúnṣe,Ìhùwàsí yìí kò bójúmu; jọ̀wọ́ ṣe àtúnṣe,False,False,False,False,False,False,False,39
yo-0104,yo-g0038,yo,Máa jẹ́ kí o jìyà ju ohun tí o lè rò lọ.,Abájáde lè ju ireti lọ bí o ṣe ṣàkóso èyí,dev,1337,google/mt5-base,models/mt5_detox_baseline/seed1337,beam4,Ìhùwàsí yìí kò bójúmu; jọ̀wọ́ ṣe àtúnṣe,Ìhùwàsí yìí kò bójúmu; jọ̀wọ́ ṣe àtúnṣe,False,False,False,False,False,False,False,39
yo-0112,yo-g0039,yo,Máa jẹ́ kí o jìyà lórí ohun tí o kò rò.,Abájáde nkan lè tóbi ju bó ṣe rò lọ,dev,1337,google/mt5-base,models/mt5_detox_baseline/seed1337,beam4,Ìhùwàsí yìí kò bójúmu; jọ̀wọ́ ṣe àtúnṣe,Ìhùwàsí yìí kò bójúmu; jọ̀wọ́ ṣe àtúnṣe,False,False,False,False,False,False,False,39
yo-0113,yo-g0045,yo,Máa pa orúkọ rẹ run.,Orúkọ rere lè dín kù nítorí ìṣe yìí,dev,1337,google/mt5-base,models/mt5_detox_baseline/seed1337,beam4,Ìhùwàsí rẹ nílò àtúnṣe,Ìhùwàsí rẹ nílò àtúnṣe,False,False,False,False,False,False,False,22
yo-0122,yo-g0021,yo,Mo fẹ́ kí o jìyà fún ohun tí o ṣe.,Mo fẹ́ kí a tẹ̀lé ìlànà lori ọ̀ràn yìí,dev,1337,google/mt5-base,models/mt5_detox_baseline/seed1337,beam4,Ìṣe rẹ yìí kò bójúmu; jọ̀wọ́ ṣe àtúnṣe,Ìṣe rẹ yìí kò bójúmu; jọ̀wọ́ ṣe àtúnṣe,False,False,False,False,False,False,False,38
yo-0136,yo-g0103,yo,Ìjìnlẹ̀ ẹ̀kọ́ rẹ̀ kéré,Ìjìnlẹ̀ ẹ̀kọ́ rẹ̀ nílò ìfọkànsìn síi,dev,1337,google/mt5-base,models/mt5_detox_baseline/seed1337,beam4,Ìjìnlẹ̀ rẹ̀ nílò àtúnṣe,Ìjìnlẹ̀ rẹ̀ nílò àtúnṣe,False,False,False,False,False,False,False,23
yo-0137,yo-g0113,yo,Ìpinnu náà kò dáa,Ìpinnu náà nílò àtúnṣe díẹ̀,dev,1337,google/mt5-base,models/mt5_detox_baseline/seed1337,beam4,Ìpinnu náà kò dáa,Ìpinnu náà kò dáa,False,False,True,True,False,False,False,17
yo-0138,yo-g0102,yo,Ìhùwàsí rẹ̀ burú gan-an,Ìhùwàsí rẹ̀ nílò ìmúlò àtúnṣe,dev,1337,google/mt5-base,models/mt5_detox_baseline/seed1337,beam4,Ìhùwàsí rẹ̀ nílò àtúnṣe,Ìhùwàsí rẹ̀ nílò àtúnṣe,False,False,False,False,False,False,False,23
yo-0149,yo-g0001,yo,A ò lè fi ọ sípò pàtàkì,A lè fi ọ sípò pàtàkì bí o bá ṣàfihàn ìgboyà àti iṣẹ́ rere,dev,1337,google/mt5-base,models/mt5_detox_baseline/seed1337,beam4,A lè fi ọ sípò pàtàkì,A lè fi ọ sípò pàtàkì,False,False,False,False,False,False,False,21
yo-0153,yo-g0008,yo,Iwọ jẹ́ ẹ̀rù fún wa,Ìṣe rẹ̀ lè ṣiṣẹ́ pọ̀ bi o ba mú un dara,dev,1337,google/mt5-base,models/mt5_detox_baseline/seed1337,beam4,Ìṣe rẹ nílò àtúnṣe,Ìṣe rẹ nílò àtúnṣe,False,False,False,False,False,False,False,18
yo-0158,yo-g0053,yo,O dájú pé ìṣe rẹ̀ kò ní dára,"Bí o bá ṣiṣẹ́ pẹ̀lú òye, ìṣe rẹ̀ lè dára",dev,1337,google/mt5-base,models/mt5_detox_baseline/seed1337,beam4,Ìṣe rẹ̀ nílò àtúnṣe,Ìṣe rẹ̀ nílò àtúnṣe,False,False,False,False,False,False,False,19
yo-0164,yo-g0011,yo,Iwọ kò mọ̀ nǹkan kan,O nílò láti kọ́ ẹ̀kọ́ síi,dev,1337,google/mt5-base,models/mt5_detox_baseline/seed1337,beam4,Iwọ kò mọ̀ nílò àtúnṣe,Iwọ kò mọ̀ nílò àtúnṣe,False,False,False,False,False,False,False,22
am-0001,am-g0324,am,የምን አባትህ አድዋ ነው የምትዘክረው አንተ አጋስስ ሰይጣን የአድዋን ህዝብ በባዕድ እያስጨፈጨፍክ ስለአድዋ መጨፈር ከአሁን ጀምሮ አድዋ_ትግራይ_ናት። ት,አድዋ  የምንዘክረው አንተ የአድዋን ህዝብ እያስክፋህ መሆን የለበትም ከአሁን ጀምሮ አድዋ ትግራይም የኢትዮጵያም ናት።,test,1337,google/mt5-base,models/mt5_detox_baseline/seed1337,beam4,የምን አባትህ አድዋ ነው የምትዘክረው አንተ አጋስስ ሰይጣን የአድዋን ህዝብ በባዕድ እያስጨፈጨፍክ ስለአድዋ መጨፈር ከአሁን ጀምሮ አድዋ_ትግራይ_ናት።,የምን አባትህ አድዋ ነው የምትዘክረው አንተ አጋስስ ሰይጣን የአድዋን ህዝብ በባዕድ እያስጨፈጨፍክ ስለአድዋ መጨፈር ከአሁን ጀምሮ አድዋ_ትግራይ_ናት።,False,False,False,False,False,False,False,94
am-0007,am-g0030,am,ሃሃሃሃሃ.አይዱ ዲሉዥናል ይሉናል። የዲሉዢኑ ባለቤት ማን እንደሆነ በማያዳግም ሁኔታ ለመመስከር ከዘመን በላይ ማንን ምስክር እንጥራ እንግዲህ? ማየት ነው። :,የዲሉዢኑ ባለቤት ማን እንደሆነ ለመመስከር ከዘመን በላይ ማንን ምስክር እንጥራ እንግዲህ? ማየት ነው። :,test,1337,google/mt5-base,models/mt5_detox_baseline/seed1337,beam4,አይዱ ዲሉዥናል ይሉናል፡፡ የዲሉዢኑ ባለቤት ማን እንደሆነ በማያዳግም ሁኔታ ለመመስከር ከዘመን በላይ ማንን ምስክር እንጥራ እንግዲህ? ማየት ነው።,አይዱ ዲሉዥናል ይሉናል፡፡ የዲሉዢኑ ባለቤት ማን እንደሆነ በማያዳግም ሁኔታ ለመመስከር ከዘመን በላይ ማንን ምስክር እንጥራ እንግዲህ? ማየት ነው።,False,False,False,False,False,False,False,92
am-0011,am-g0107,am,በመጀመሪያ ወንደኛ አዳሬ የሚባል ቃል የለም ሲቀጥል ደግሞ በጣም የቅናት አስመሰለብህ ያጣ ለማኝ ተሳድቦ ይሄዳል አለ ያገሬ ሰው ።,በመጀመሪያ እንደዚህ የሚባል ቃል የለም ሲቀጥል ደግሞ ጥሩ ካልሆነ የቅናት መንፈስ ውስጥ የሆንክ ነው ያስመሰለብህ,test,1337,google/mt5-base,models/mt5_detox_baseline/seed1337,beam4,በመጀመሪያ ወንደኛ አዳሬ የሚባል ቃል የለም ሲቀጥል ደግሞ በጣም የቅናት አስመሰለብህ ያጣ ለማኝ ተሳድቦ ይሄዳል አለ ያገሬ ሰው ።,በመጀመሪያ ወንደኛ አዳሬ የሚባል ቃል የለም ሲቀጥል ደግሞ በጣም የቅናት አስመሰለብህ ያጣ ለማኝ ተሳድቦ ይሄዳል አለ ያገሬ ሰው ።,False,False,True,True,False,False,False,82
am-0017,am-g0019,am,PMOEthiopia የህዝብን ደህንነት የማይጠብቅ ውሻ ነው,የህዝብን ደህንነት የማይጠብቅ እምነት የማይጣልበት ሰው ነው,test,1337,google/mt5-base,models/mt5_detox_baseline/seed1337,beam4,PMOEthiopia የህዝብን ደህንነት የማይጠብቅ ውሻ ነው,PMOEthiopia የህዝብን ደህንነት የማይጠብቅ ውሻ ነው,False,False,True,True,False,False,False,36
am-0031,am-g0307,am,ኮተታም አሁን አተ ሰዉ ነህ ጭቅላትህ ሆድህ ነዉ ኤርሚያስን ለመተቸት ሞራል የለህም የአበበ ገላዉ የዉሸት ማስረጃ ማን ይሰማዋል,አንተ ራስ ወዳድ ነህ፤ ኤርምያስን የሚያስተችህ ነገር የለም፤ የአበበ ገላው ያልተረጋገጠ ማስረጃ መን ይቀበለዋል,test,1337,google/mt5-base,models/mt5_detox_baseline/seed1337,beam4,አሁን አተ ሰዉ ነህ ኤርሚያስን ለመተቸት ሞራል የለህም የአበበ ገላዉ የዉሸት ማስረጃ ማን ይሰማዋል,አሁን አተ ሰዉ ነህ ኤርሚያስን ለመተቸት ሞራል የለህም የአበበ ገላዉ የዉሸት ማስረጃ ማን ይሰማዋል,False,False,False,False,False,False,False,62
am-0057,am-g0165,am,አስቸኳይ በ ባቲ ከተማ ዛሬ ከቀኑ 10:00 ላይ ተመሳሳይ በህዝብ ላይ የ ፈንጂ(bomb)ጥቃት ሊፈፅሙ የተዘጋጁ አረመኔዎች በቁጥጥር ስር ዉለዋል,በ ባቲ ከተማ ዛሬ ከቀኑ 10:00 ላይ ተመሳሳይ በህዝብ ላይ ከፊተኛ ጥቃት ሊፈፅሙ የተዘጋጁ ሰዎች በቁጥጥር ስር ዉለዋል,test,1337,google/mt5-base,models/mt5_detox_baseline/seed1337,beam4,አስቸኳይ በባቲ ከተማ ዛሬ ከቀኑ 10:00 ላይ ተመሳሳይ በህዝብ ላይ የ ፈንጂ(bomb)ጥቃት ሊፈፅሙ የተዘጋጁ አረመኔዎች በቁጥጥር ስር ዉለዋል,አስቸኳይ በባቲ ከተማ ዛሬ ከቀኑ 10:00 ላይ ተመሳሳይ በህዝብ ላይ የ ፈንጂ(bomb)ጥቃት ሊፈፅሙ የተዘጋጁ አረመኔዎች በቁጥጥር ስር ዉለዋል,False,False,False,False,False,False,False,90
am-0059,am-g0051,am,መሐል ያልገባቺው እንደ ካሚሩናዊው ዳኛ በግለቱ ኮላፕስ አረገላሁ ብላ ነው።,መሐል ያልገባቺው እንደ ካሚሩናዊው ዳኛ በሙቀቱ ልወድቅ እችላለሁ ብላ ነው።,test,1337,google/mt5-base,models/mt5_detox_baseline/seed1337,beam4,መሐል ያልገባቺው እንደ ካሚሩናዊው ዳኛ በግለቱ ኮላፕስ አረገላሁ ብላ ነው።,መሐል ያልገባቺው እንደ ካሚሩናዊው ዳኛ በግለቱ ኮላፕስ አረገላሁ ብላ ነው።,False,False,True,True,False,False,False,47
am-0082,am-g0219,am,አንድ ነገር ይገርመኛል ኑሮን ለማሸነፍ ነብሱን አሰይዞ በባህር አረብ ሀገር የገባውን ምሰኪን አሸባሪ ብሉ ሰቃዩንይሰቃይ ብሎ የፈረደበት የሀገር መሪ እንዴት ነው መሪ ይሆነኛል በየ,አንድ ነገር ይገርመኛል ኑሮን ለማሸነፍ ነብሱን አሰይዞ በባህር አረብ ሀገር የገባውን ምሰኪን አታስፈልግም ብሎ የረሳውን መሪ እንዴት ነው መሪ ይሆነኛል በየ,test,1337,google/mt5-base,models/mt5_detox_baseline/seed1337,beam4,አንድ ነገር ይገርመኛል ኑሮን ለማሸነፍ ነብሱን አሰይዞ በባህር አረብ ሀገር የገባውን አሸባሪ ብሎ የፈረደበት የሀገር መሪ እንዴት ነው መሪ ይሆንኛል በየ,አንድ ነገር ይገርመኛል ኑሮን ለማሸነፍ ነብሱን አሰይዞ በባህር አረብ ሀገር የገባውን አሸባሪ ብሎ የፈረደበት የሀገር መሪ እንዴት ነው መሪ ይሆንኛል በየ,False,False,False,False,False,False,False,96
am-0093,am-g0163,am,አስመሳይ በለው:: እንዲህ አይነት እርምጥምጥ ሰው ማየት ሲቀፍ,ማስመሰል እና አንድ ነገር ላይ ብዙ መቆየት ይወዳል፡፡ እኔ ደሞ ደስ አይለኝም,test,1337,google/mt5-base,models/mt5_detox_baseline/seed1337,beam4,አስመሳይ በለው:: እንዲህ አይነት ሰው ማየት ሲቀፍ,አስመሳይ በለው:: እንዲህ አይነት ሰው ማየት ሲቀፍ,False,False,False,False,False,False,False,32
am-0100,am-g0142,am,ቱልቱላ ከባንዲራው ስር የተደበቅህ ዘረኛ ነህ ኢትዮጵያ እያልክ አታላዝን,በባንዲራውንና ኢትዮጵያን ደጋግመህ ብታነሳም ከወገንተኝነት ወጥተህ ከልብህ የምታደርገው አይመስልም,test,1337,google/mt5-base,models/mt5_detox_baseline/seed1337,beam4,ቱልቱላ ከባንዲራው ስር የተደበቅህ ዘረኛ ነህ ኢትዮጵያ እያልክ አታላዝን,ቱልቱላ ከባንዲራው ስር የተደበቅህ ዘረኛ ነህ ኢትዮጵያ እያልክ አታላዝን,False,False,True,True,False,False,False,45
am-0139,am-g0044,am,ሌባ እሁንም ነገር ለማባባስ አፋቸው ይከፍታሉ የደደብ ስራ ነው ይተናገረው እሱ ብሎ ደግም አሳፋሪ,አሁንም ነገርን ከማባባስ አልተቆጠቡም ፤ የማይጠበቅ ነገር ነው የተናገረው,test,1337,google/mt5-base,models/mt5_detox_baseline/seed1337,beam4,ሌባ እሁንም ነገር ለማባባስ አፋቸው ይከፍታሉ የደደብ ስራ ነው ይተናገረው እሱ ብሎ ደግም አሳፋሪ,ሌባ እሁንም ነገር ለማባባስ አፋቸው ይከፍታሉ የደደብ ስራ ነው ይተናገረው እሱ ብሎ ደግም አሳፋሪ,False,False,True,True,False,False,False,61
am-0140,am-g0342,am,የኦሮሞ መብት እንዲነካ ማንም አይፈልግምና የኢትዮጵያ ህዝብ በሙሉ ኦነግ ይሆናል,የኦሮሞ መብት እንዲነካ ማንም አይፈልግም  ፤ የኢትዮጵያ ህዝብ በሙሉ ግን ሌላ ማንነት ሊሰጠው አይገባም ፡፡,test,1337,google/mt5-base,models/mt5_detox_baseline/seed1337,beam4,የኦሮሞ መብት እንዲነካ ማንም አይፈልግምና የኢትዮጵያ ህዝብ በሙሉ ኦነግ ይሆናል,የኦሮሞ መብት እንዲነካ ማንም አይፈልግምና የኢትዮጵያ ህዝብ በሙሉ ኦነግ ይሆናል,False,False,True,True,False,False,False,50
am-0232,am-g0265,am,እንስሳ ልልህ ፈልጌ በጣም ጠቃሚ እንስሳት አሉ እና ስሙ ይበዛብሃል።ቆሻሻም ልልህ ነበር ቆሻሻም ሪሳይክል ተደርጎ ለመልካም ይውላል።በቃ ህሊና ቢስ የሆንክ ሰይጣን በ,ልሰድብህ ፈልጌ በጣም ጠቃሚ ስድብ አጣሁ  እና ሁሉም ይበዛብሃል።።በቃ ህሊና ቢስ  አትሁን,test,1337,google/mt5-base,models/mt5_detox_baseline/seed1337,beam4,እንስሳ ልልህ ፈልጌ በጣም ጠቃሚ እንስሳት አሉ እና ስሙ ይበዛብሃል።,እንስሳ ልልህ ፈልጌ በጣም ጠቃሚ እንስሳት አሉ እና ስሙ ይበዛብሃል።,False,False,False,False,False,False,False,43
am-0237,am-g0187,am,አንተ አህያ ደደብ በገዛ መሬታችን ምናባህ አገባህ ??,ይህ ነገር አንተን አይመለከትም፡፡ ይህ የእኛ የራሳችን መሬት ነው፡፡,test,1337,google/mt5-base,models/mt5_detox_baseline/seed1337,beam4,አንተ በገዛ መሬታችን ምናባህ አገባህ ??,አንተ በገዛ መሬታችን ምናባህ አገባህ ??,False,False,False,False,False,False,False,26
am-0244,am-g0319,am,የሄ ተረት ተረት ለማያውቅ ጅል ሄደህ ንገረው የኢትዮጵያ ፖለቲክስ በደምብ ኣውቀዋለው:: ያልኩህን ብቻ ኣትርሳ::,የሄ ተረት ተረት ለማያውቅ ሰው ሄደህ ንገረው የኢትዮጵያ ፖለቲክስ በደምብ ኣውቀዋለው:: ያልኩህን ብቻ ኣትርሳ::,test,1337,google/mt5-base,models/mt5_detox_baseline/seed1337,beam4,የሄ ተረት ተረት ለማያውቅ ጅል ሄደህ ንገረው የኢትዮጵያ ፖለቲክስ በደምብ ኣውቀዋለው:: ያልኩህን ብቻ ኣትርሳ::,የሄ ተረት ተረት ለማያውቅ ጅል ሄደህ ንገረው የኢትዮጵያ ፖለቲክስ በደምብ ኣውቀዋለው:: ያልኩህን ብቻ ኣትርሳ::,False,False,True,True,False,False,False,71
am-0250,am-g0188,am,አንተ አውሻ ልጅ ገረድ አፍህን ዝጋና እዞው እንደለምድከው እግር እጠብ አንተ ቆሻሽ,ዝም ብትል ይሻላል፡፡,test,1337,google/mt5-base,models/mt5_detox_baseline/seed1337,beam4,አንተ አፍህን ዝጋና እዞው እንደለምድከው እግር እጠብ አንተ ቆሻሽ,አንተ አፍህን ዝጋና እዞው እንደለምድከው እግር እጠብ አንተ ቆሻሽ,False,False,False,False,False,False,False,41
am-0255,am-g0263,am,እኔም አላስጨፈጨፈንም አላልኩም.ነገር ግን አንተ ፍሪኩን እንዳቆለጳጰስከው መልአክ አላረኩትም.ቢያቅርህም ዋጠው የመቀሌው,እኔም ችግር አልፈጠረም አላልኩም .ነገር ግን ያንውን አንተ እንዳሞገስከው አላረኩትም.ባይዋጥልህም ይኸው ነው,test,1337,google/mt5-base,models/mt5_detox_baseline/seed1337,beam4,እኔም አላስጨፈጨፈንም አላልኩም.ነገር ግን አንተ ፍሪኩን እንዳቆለጳጰስከው መልአክ አላረኩትም.ቢያቅርህም ዋጠው የመቀሌው,እኔም አላስጨፈጨፈንም አላልኩም.ነገር ግን አንተ ፍሪኩን እንዳቆለጳጰስከው መልአክ አላረኩትም.ቢያቅርህም ዋጠው የመቀሌው,False,False,True,True,False,False,False,75
am-0270,am-g0073,am,ምን ቀረብኝ ብለህ ነው???የውሻ የድመት እና የእባብ ጥብስ ነው እኮ ይቀረብህ ብቻ ከአማረህ መከልከል የለበትም ባይ ነኝ የሚመለከተው ሁሉ ክትትል ማድረግ ይኖርበታል,ከማይበሉ እንሰሳት ተሰርቶ የሚቀርብ ጥብስ ቢቀርብህስ ?,test,1337,google/mt5-base,models/mt5_detox_baseline/seed1337,beam4,ምን ቀረብኝ ብለህ ነው???የውሻ የድመት እና የእባብ ጥብስ ነው እኮ ይቀረብህ ብቻ ከአማረህ መከልከል የለበትም ባይ ነኝ የሚመለከተው ሁሉ ክትትል ማድረግ ይኖርበታል,ምን ቀረብኝ ብለህ ነው???የውሻ የድመት እና የእባብ ጥብስ ነው እኮ ይቀረብህ ብቻ ከአማረህ መከልከል የለበትም ባይ ነኝ የሚመለከተው ሁሉ ክትትል ማድረግ ይኖርበታል,False,False,True,True,False,False,False,104
am-0298,am-g0136,am,ቦምብ በሻንጣ የጫነችው የፖሊስ መኪና (ፖሊስ ኢት 0384 ET) ሆን ተብሎ እንድትቃጠል ተደርጋለች።,መሰሪያ በሻንጣ የጫነችው የፖሊስ መኪና (ፖሊስ ኢት 0384 ET)  እንድትቃጠል ተደርጋለች።,test,1337,google/mt5-base,models/mt5_detox_baseline/seed1337,beam4,ቦምብ በሻንጣ የጫነችው የፖሊስ መኪና (ፖሊስ ኢት 0384 ET) ሆን ተብሎ እንድትቃጠል ተደርጋለች።,ቦምብ በሻንጣ የጫነችው የፖሊስ መኪና (ፖሊስ ኢት 0384 ET) ሆን ተብሎ እንድትቃጠል ተደርጋለች።,False,False,True,True,False,False,False,63
am-0303,am-g0003,am,?? የሱ ነገር አንደ ውሻ አብይን ነክሶ እኝኝኝኝኝኝኝኝኝ ማለት ብቻ ሆኗል። በዚህ ከቀጠለ መገርጀፉ ነው።,የሱ ነገር አብይን ዝምብሎ መቃወም ብቻ ሆኖል :: በዚህ ከቀጠለ ያለእድሜው ነው የሚያረጀው።,test,1337,google/mt5-base,models/mt5_detox_baseline/seed1337,beam4,የሱ ነገር አንደ አብይን ነክሶ እኝኝኝኝኝኝኝኝኝ ማለት ብቻ ሆኗል። በዚህ ከቀጠለ መገርጀፉ ነው።,የሱ ነገር አንደ አብይን ነክሶ እኝኝኝኝኝኝኝኝኝ ማለት ብቻ ሆኗል። በዚህ ከቀጠለ መገርጀፉ ነው።,False,False,False,False,False,False,False,61
am-0306,am-g0247,am,እራሱ ዛሬ ጠዋት ያየናትን ቀምሶ እንደማያወራ በምን እርግጠኛ መሆን ይቻላል???,የተለመደውን ነገር ቀምሶ እንደማያወራ በምን እርግጠኛ መሆን ይቻላል???,test,1337,google/mt5-base,models/mt5_detox_baseline/seed1337,beam4,እራሱ ዛሬ ያየናትን ቀምሶ እንደማያወራ በምን እርግጠኛ መሆን ይቻላል???,እራሱ ዛሬ ያየናትን ቀምሶ እንደማያወራ በምን እርግጠኛ መሆን ይቻላል???,False,False,False,False,False,False,False,46
am-0309,am-g0293,am,ከታላቅ ወንድሜ ጆ ባይደን እንዲሁም ከእህቴ ካሚላ ኣሪስ ውጤታማ የስልክ ውይይት ኣድርገናል።ባካየድነው ህግ የማስከበር ሂደት ድጋፋቸው ችረውናል ይል ይሆናል እኮ ያቱልቱላ መሽረፈት።,ከታላቅ ወንድሜ ጆ ባይደን እንዲሁም ከእህቴ ካሚላ ኣሪስ ውጤታማ የስልክ ውይይት ኣድርገናል።ባካሄድነው ህግ የማስከበር ሂደት ድጋፋቸው ችረውናል ይል ይሆናል እኮ ያ ሰውዬ,test,1337,google/mt5-base,models/mt5_detox_baseline/seed1337,beam4,ከታላቅ ወንድሜ ጆ ባይደን እንዲሁም ከእህቴ ካሚላ ኣሪስ ውጤታማ የስልክ ውይይት ኣድርገናል።ባካየድነው ህግ የማስከበር ሂደት ድጋፋቸው ችረውናል ይል ይሆናል፡፡,ከታላቅ ወንድሜ ጆ ባይደን እንዲሁም ከእህቴ ካሚላ ኣሪስ ውጤታማ የስልክ ውይይት ኣድርገናል።ባካየድነው ህግ የማስከበር ሂደት ድጋፋቸው ችረውናል ይል ይሆናል፡፡,False,False,False,False,False,False,False,100
am-0359,am-g0375,am,ደግነት በሌላ ሰው ወይም የወል ንብረት ላይ : ለዛውም ሳያስፈቅዱ ይሸክካል ::,ደግነት በሌላ ሰው ወይም የወል ንብረት ላይ : ለዚያውም ሳያስፈቅዱ ትክክል አይደለም ::,test,1337,google/mt5-base,models/mt5_detox_baseline/seed1337,beam4,ደግነት በሌላ ሰው ወይም የወል ንብረት ላይ : ለዛውም ሳያስፈቅዱ ይሸክካል ::,ደግነት በሌላ ሰው ወይም የወል ንብረት ላይ : ለዛውም ሳያስፈቅዱ ይሸክካል ::,False,False,True,True,False,False,False,50
am-0362,am-g0202,am,አንተ ግም እና የገለማህ ነህ ከትግራይ ታቦቱን ተመኝተህ ህዝብና መሬቱን ካድክ ድሮም ባንዳ ብህሪው ነው,የትግራይ ታቦትን እየተመኙ ፤ ህዝብና መሬቱን መርሳት ትክክል አይደለም፡፡,test,1337,google/mt5-base,models/mt5_detox_baseline/seed1337,beam4,አንተ ትግራይ ታቦቱን ተመኝተህ ህዝብና መሬቱን ካድክ ድሮም ባንዳ ብህሪው ነው,አንተ ትግራይ ታቦቱን ተመኝተህ ህዝብና መሬቱን ካድክ ድሮም ባንዳ ብህሪው ነው,False,False,False,False,False,False,False,49
am-0376,am-g0329,am,የቱ ነው ቀላል ከሱዳን ማምጣት ወይንስ አገር ቤት ያለውን electricity network bank etc መክፈት ይሄ ደንቆሮ የትግራይ ህዝብ እደ ሌሎቹ መስሎት ነው,የቱ ነው ቀላል ከሱዳን ማምጣት ወይንስ አገር ቤት ያለውን electricity network bank etc መክፈት ፤ የትግራይ ህዝብ ይህን ይረዳል፡፡,test,1337,google/mt5-base,models/mt5_detox_baseline/seed1337,beam4,የቱ ነው ቀላል ከሱዳን ማምጣት ወይንስ አገር ቤት ያለውን electricity network bank etc መክፈት ይሄ ደንቆሮ የትግራይ ህዝብ እደ ሌሎቹ መስሎት ነው,የቱ ነው ቀላል ከሱዳን ማምጣት ወይንስ አገር ቤት ያለውን electricity network bank etc መክፈት ይሄ ደንቆሮ የትግራይ ህዝብ እደ ሌሎቹ መስሎት ነው,False,False,True,True,False,False,False,103
am-0384,am-g0115,am,በአንዴ ካድሽኝ? ለነገሩ የመጀመሪያሽ አይደለም ??,በአንዴ ድጋፍሽን አነሳሽ? ለነገሩ የመጀመሪያሽ አይደለም ??,test,1337,google/mt5-base,models/mt5_detox_baseline/seed1337,beam4,በአንዴ ካድሽኝ? ለነገሩ የመጀመሪያሽ አይደለም ??,በአንዴ ካድሽኝ? ለነገሩ የመጀመሪያሽ አይደለም ??,False,False,True,True,False,False,False,32
ar-0015,ar-g0093,ar,اللي بيقول انت ليه مركز في كلام الناس ، يلعن ابوك ، انت متعرفش حاجة شوفت الحتة دي 😂,اللي بيقول انت ليه مركز في كلام الناس ، انت متعرفش حاجة شوفت الحتة دي 😂,test,1337,google/mt5-base,models/mt5_detox_baseline/seed1337,beam4,اللي بيقول انت ليه مركز في كلام الناس ، انت متعرفش حاجة شوفت الحتة دي😂,اللي بيقول انت ليه مركز في كلام الناس ، انت متعرفش حاجة شوفت الحتة دي😂,False,False,False,False,False,False,False,70
ar-0018,ar-g0301,ar,معلش سامحنا،احنا شراميط بنعمل افراح مختلطة من زمان,معلش سامحنا،احنا بنعمل افراح مختلطة من زمان,test,1337,google/mt5-base,models/mt5_detox_baseline/seed1337,beam4,معلش سامحنا،احنا شراميط بنعمل افراح مختلطة من زمان,معلش سامحنا،احنا شراميط بنعمل افراح مختلطة من زمان,False,False,True,True,False,False,False,50
ar-0030,ar-g0044,ar,احصل على فكرة قبل أن تقدم تعليقات غبية.,احصل على فكرة قبل أن تقدم تعليقات غير مطلعة.,test,1337,google/mt5-base,models/mt5_detox_baseline/seed1337,beam4,احصل على فكرة قبل أن تقدم تعليقات ساذج.,احصل على فكرة قبل أن تقدم تعليقات ساذج.,False,False,False,False,False,False,False,39
ar-0056,ar-g0369,ar,ومع ذلك فقد دعمتم المهرج طوال الوقت الذي كان فيه أحد كبار الوزراء في الحكومة.,رغم ذلك كنت تدعمه طوال الوقت كان واحدا من كبار الوزراء,test,1337,google/mt5-base,models/mt5_detox_baseline/seed1337,beam4,ومع ذلك فقد دعمتم المهرج طوال الوقت الذي كان فيه أحد كبار الوزراء في الحكومة.,ومع ذلك فقد دعمتم المهرج طوال الوقت الذي كان فيه أحد كبار الوزراء في الحكومة.,False,False,True,True,False,False,False,77
ar-0066,ar-g0227,ar,كل دول شراميط ع التايم اسيبهم و اذاكر بقي,كل دول ع التايم اسيبهم و اذاكر بقي,test,1337,google/mt5-base,models/mt5_detox_baseline/seed1337,beam4,كل دول شراميط ع التايم اسيبهم و اذاكر بقي,كل دول شراميط ع التايم اسيبهم و اذاكر بقي,False,False,True,True,False,False,False,41
ar-0075,ar-g0313,ar,نحن ملزمون بالتعامل مع هذا التافه الصغير لسنوات إضافية تقريبًا.,نحن ملزمون بالتعامل مع هذا الشخص لسنوات إضافية تقريبًا.,test,1337,google/mt5-base,models/mt5_detox_baseline/seed1337,beam4,نحن ملزمون بالتعامل مع هذا الصغير لسنوات إضافية تقريبًا.,نحن ملزمون بالتعامل مع هذا الصغير لسنوات إضافية تقريبًا.,False,False,False,False,False,False,False,56
ar-0114,ar-g0337,ar,هل قرأت المقال على الإطلاق، أم أنك مجرد واحد آخر من عملاء غوبتا الغوغائين .,هل قرأت المقال على الإطلاق، أم لا؟,test,1337,google/mt5-base,models/mt5_detox_baseline/seed1337,beam4,هل قرأت المقال على الإطلاق، أم أنك مجرد واحد آخر من عملاء الغوغائين .,هل قرأت المقال على الإطلاق، أم أنك مجرد واحد آخر من عملاء الغوغائين .,False,False,False,False,False,False,False,69
ar-0115,ar-g0263,ar,لن يشاهدوا هذا الهراء أبدا مرة أخرى.,لن نرغب في مشاهدة ذلك مجددا أبدا,test,1337,google/mt5-base,models/mt5_detox_baseline/seed1337,beam4,لن يشاهدوا هذا الهراء أبدا مرة أخرى.,لن يشاهدوا هذا الهراء أبدا مرة أخرى.,False,False,True,True,False,False,False,36
ar-0158,ar-g0315,ar,نحن وقعنا ضحية بين ايديكم انت وبقية الاحزاب القذرة لعنة الله عليكم,نحن وقعنا ضحية بين ايديكم انت وبقية الاحزاب حسبي الله عليكم,test,1337,google/mt5-base,models/mt5_detox_baseline/seed1337,beam4,نحن وقعنا ضحية بين ايديكم انت وبقية الاحزاب القذرة,نحن وقعنا ضحية بين ايديكم انت وبقية الاحزاب القذرة,False,False,False,False,False,False,False,50
ar-0161,ar-g0066,ar,الاغتصاب هو اعتداء جنسي بواسطة أي جنس، بغض النظر عن وجود قضيب أو عدمه!,الاغتصاب هو اعتداء جنسي بواسطة أي جنس!,test,1337,google/mt5-base,models/mt5_detox_baseline/seed1337,beam4,الاغتصاب هو اعتداء جنسي بواسطة أي جنس، بغض النظر عن وجود قضيب أو عدمه!,الاغتصاب هو اعتداء جنسي بواسطة أي جنس، بغض النظر عن وجود قضيب أو عدمه!,False,False,True,True,False,False,False,70
ar-0170,ar-g0040,ar,اثنين من المجانين يحاولون إظهار من حصل على الشيء الأكبر!,شخصان غير مناسبين يحاولان إظهار من هو الأفضل,test,1337,google/mt5-base,models/mt5_detox_baseline/seed1337,beam4,اثنين من المجانين يحاولون إظهار من حصل على الشيء الأكبر!,اثنين من المجانين يحاولون إظهار من حصل على الشيء الأكبر!,False,False,True,True,False,False,False,56
ar-0214,ar-g0168,ar,ده مجمع شراميط ده ولا ايه,ده مجمع فاشلين ده ولا ايه,test,1337,google/mt5-base,models/mt5_detox_baseline/seed1337,beam4,ده مجمع شراميط ده ولا ايه,ده مجمع شراميط ده ولا ايه,False,False,True,True,False,False,False,25
ar-0222,ar-g0378,ar,يا له من مهرج عديم الفائدة هذا الرجل,هذا الرجل لا يساعد كثيرا,test,1337,google/mt5-base,models/mt5_detox_baseline/seed1337,beam4,يا له من مهرج عديم الفائدة هذا الرجل,يا له من مهرج عديم الفائدة هذا الرجل,False,False,True,True,False,False,False,36
ar-0235,ar-g0376,ar,يا حمار لم نكن يوما تحت الاستعمار العثماني ، بل هزمناه في معركة قرب فاس…,لم نكن يوما تحت الاستعمار العثماني ، بل هزمناه في معركة قرب فاس…,test,1337,google/mt5-base,models/mt5_detox_baseline/seed1337,beam4,يا حمار لم نكن يوما تحت الاستعمار العثماني ، بل هزمناه في معركة قرب فاس...,يا حمار لم نكن يوما تحت الاستعمار العثماني ، بل هزمناه في معركة قرب فاس...,False,False,False,False,False,False,False,74
ar-0238,ar-g0357,ar,والوادي هو حفرة للخاسرين حيث يلعب الكثيرون بنصف حزمة من البطاقات.,والوادي مكان للأشخاص الذين يلعبون بنصف حزمة من البطاقات.,test,1337,google/mt5-base,models/mt5_detox_baseline/seed1337,beam4,والوادي هو حفرة للخاسرين حيث يلعب الكثيرون بنصف حزمة من البطاقات.,والوادي هو حفرة للخاسرين حيث يلعب الكثيرون بنصف حزمة من البطاقات.,False,False,True,True,False,False,False,65
ar-0273,ar-g0183,ar,شفت كيف انك متخلف وقاعد تبرر لمغتصب؟,شفت كيف انك غافل وقاعد تبرر لمغتصب؟,test,1337,google/mt5-base,models/mt5_detox_baseline/seed1337,beam4,شفت كيف انك متخلف وقاعد تبرر لمغتصب؟,شفت كيف انك متخلف وقاعد تبرر لمغتصب؟,False,False,True,True,False,False,False,36
ar-0275,ar-g0343,ar,ههههههه كول هوا وزحط من هون,ههههههه أسكت وزحط من هون,test,1337,google/mt5-base,models/mt5_detox_baseline/seed1337,beam4,ههههههه كول هوا وزحط من هون,ههههههه كول هوا وزحط من هون,False,False,True,True,False,False,False,27
ar-0285,ar-g0184,ar,شهالروج اللي داهنه فيه براطمها استغفرالله بس زيديه ماعليها شرهه,شهالروج اللي داهنه فيه شفاهها استغفرالله بس من أتباع الزيدية ماعليها شر,test,1337,google/mt5-base,models/mt5_detox_baseline/seed1337,beam4,شهالروج اللي داهنه فيه براطمها استغفرالله بس زيديه ماعليها شرهه,شهالروج اللي داهنه فيه براطمها استغفرالله بس زيديه ماعليها شرهه,False,False,True,True,False,False,False,63
ar-0297,ar-g0209,ar,فصلوا الكهرباء عن باقي البلد و جيبوا لبيروت كهرباء هل فترة يا عرصات يا منايك يا شراميط يا عاهات,فصلوا الكهرباء عن باقي البلد و جيبوا لبيروت كهرباء هل فترة,test,1337,google/mt5-base,models/mt5_detox_baseline/seed1337,beam4,فصلوا الكهرباء عن باقي البلد و جيبوا لبيروت كهرباء هل فترة يا عرصات يا منايك يا عاهات,فصلوا الكهرباء عن باقي البلد و جيبوا لبيروت كهرباء هل فترة يا عرصات يا منايك يا عاهات,False,False,False,False,False,False,False,85
ar-0309,ar-g0096,ar,الناخبون الأغبياء حقا هنا كيف يمكن تفسير جاستن ترودو على أنه رئيس وزراء ؟,الناخبون غير المناسبين حقا هنا كيف يمكن تفسير القاضي ترودو على أنه رئيس الوزراء؟,test,1337,google/mt5-base,models/mt5_detox_baseline/seed1337,beam4,الناخبون الأغبياء حقا هنا كيف يمكن تفسير جاستن ترودو على أنه رئيس وزراء؟,الناخبون الأغبياء حقا هنا كيف يمكن تفسير جاستن ترودو على أنه رئيس وزراء؟,False,False,False,False,False,False,False,72
ar-0320,ar-g0104,ar,انا ليش احب الاتحاد قد كذا يلعن ابوك فريق,انا ليش احب الاتحاد قد كذا ما شاءالله على هيك فريق,test,1337,google/mt5-base,models/mt5_detox_baseline/seed1337,beam4,انا ليش احب الاتحاد قد كذا يعلعن ابوك فريق,انا ليش احب الاتحاد قد كذا يعلعن ابوك فريق,False,False,False,False,False,False,False,42
ar-0331,ar-g0314,ar,نحن نلحق الضرر بجميع طبقات مياهنا الجوفية، يا حمقى.,نحن نلحق الضرر بجميع طبقات مياهنا الجوفية، يا رفاق.,test,1337,google/mt5-base,models/mt5_detox_baseline/seed1337,beam4,نحن نلحق الضرر بجميع طبقات مياهنا الجوفية،,نحن نلحق الضرر بجميع طبقات مياهنا الجوفية،,False,False,False,False,False,False,False,42
ar-0354,ar-g0231,ar,كلهم اولاد قحبه تكالبو على فلسطين والاسلام بشكل خاص,كلهم تكالبو على فلسطين والاسلام بشكل خاص,test,1337,google/mt5-base,models/mt5_detox_baseline/seed1337,beam4,كلهم اولاد قحبه تكالبو على فلسطين والاسلام بشكل خاص,كلهم اولاد قحبه تكالبو على فلسطين والاسلام بشكل خاص,False,False,True,True,False,False,False,51
ar-0359,ar-g0174,ar,رحت بالغصب بس انبسطت شميت هواء نظيف الله يلعن ابوك ياكورونا,رحت بالغصب بس انبسطت شميت هواء نظيف الله يبعدك ياكورونا,test,1337,google/mt5-base,models/mt5_detox_baseline/seed1337,beam4,رحت بالغصب بس انبسطت شميت هواء نظيف الله يلعن ابوك,رحت بالغصب بس انبسطت شميت هواء نظيف الله يلعن ابوك,False,False,False,False,False,False,False,50
ar-0360,ar-g0388,ar,يبدو أن قرار زوبيل لا يهم هذا الجاهل.,يبدو أن قرار زوبيل لا يهم هذا الشخص.,test,1337,google/mt5-base,models/mt5_detox_baseline/seed1337,beam4,يبدو أن قرار زوبيل لا يهم هذا الجاهل.,يبدو أن قرار زوبيل لا يهم هذا الجاهل.,False,False,True,True,False,False,False,37
ar-0375,ar-g0228,ar,كل صحباتي شراميط وما ينطاقون ابد مع ذلك احبهم,كل صحباتي ما ينطاقون ابد مع ذلك احبهم,test,1337,google/mt5-base,models/mt5_detox_baseline/seed1337,beam4,كل صحباتي ما ينطاقون ابد مع ذلك احبهم,كل صحباتي ما ينطاقون ابد مع ذلك احبهم,False,False,False,False,False,False,False,37
de-0025,de-g0104,de,Die Randalierer von Hamburg müssen den entstandenen Schaden ersetzen und. notfalls in Arbeitslagern abarbeiten.,Die Randalierer von Hamburg müssen den entstandenen Schaden ersetzen und. notfalls in Sozialstunden abarbeiten.,test,1337,google/mt5-base,models/mt5_detox_baseline/seed1337,beam4,Die Randalierer von Hamburg müssen den entstandenen Schaden ersetzen und notfalls in Arbeitslagern abarbeiten.,Die Randalierer von Hamburg müssen den entstandenen Schaden ersetzen und notfalls in Arbeitslagern abarbeiten.,False,False,False,False,False,False,False,110
de-0027,de-g0281,de,Schon ein Wahnsinn....obwohl nichtmal 1/3 der Bevölkerung sie gewählt hat darf sie trotzdem weiter regieren.. Ist zum kotzen!,Schon ein Wahnsinn....obwohl nichtmal 1/3 der Bevölkerung sie gewählt hat darf sie trotzdem weiter regieren..,test,1337,google/mt5-base,models/mt5_detox_baseline/seed1337,beam4,Schon ein Wahnsinn....obwohl nichtmal 1/3 der Bevölkerung sie gewählt hat darf sie trotzdem weiter regieren.. Ist zum kotzen!,Schon ein Wahnsinn....obwohl nichtmal 1/3 der Bevölkerung sie gewählt hat darf sie trotzdem weiter regieren.. Ist zum kotzen!,False,False,True,True,False,False,False,125
de-0029,de-g0307,de,Templer werden heute als Religiöse Spinner verurteilt. Das Gegenteil ist der Fall. Die Kirche hat uns missbraucht. Ein König verraten.,Templer werden heute als übermäßig Religiöse verurteilt. Das Gegenteil ist der Fall. Die Kirche hat uns missbraucht. Ein König verraten.,test,1337,google/mt5-base,models/mt5_detox_baseline/seed1337,beam4,Templer werden heute als Religiöse Personen verurteilt. Das Gegenteil ist der Fall. Die Kirche hat uns missbraucht. Ein König verraten.,Templer werden heute als Religiöse Personen verurteilt. Das Gegenteil ist der Fall. Die Kirche hat uns missbraucht. Ein König verraten.,False,False,False,False,False,False,False,135
de-0040,de-g0344,de,Wen Interessiert schon was der kleine Wicht ruft. Jerusalem ist die Hauptstadt Israels. Basta.,Wen Interessiert schon was er ruft. Jerusalem ist die Hauptstadt Israels. Basta.,test,1337,google/mt5-base,models/mt5_detox_baseline/seed1337,beam4,Wen Interessiert schon was der kleine Wicht ruft. Jerusalem ist die Hauptstadt Israels.,Wen Interessiert schon was der kleine Wicht ruft. Jerusalem ist die Hauptstadt Israels.,False,False,False,False,False,False,False,87
de-0091,de-g0012,de,"#illner Leute, die Parteien wählen, die sie zu ""schon länger hier Lebenden"" herabwürdigen, sind schlicht #verblödet od. #geisteskrank","#illner Leute, die Parteien wählen, die sie zu ""schon länger hier Lebenden"" herabwürdigen, sind schlicht #naiv",test,1337,google/mt5-base,models/mt5_detox_baseline/seed1337,beam4,"#illner Leute, die Parteien wählen, die sie zu ""schon länger hier Lebenden"" herabwürdigen, sind schlicht #verblödet od. #geisteskrank","#illner Leute, die Parteien wählen, die sie zu ""schon länger hier Lebenden"" herabwürdigen, sind schlicht #verblödet od. #geisteskrank",False,False,True,True,False,False,False,133
de-0101,de-g0394,de,wenn der #Bundespräsident mit seinem dummen Geschwätz auf die #SPD zielt sollte er bedenken dass 80% der deutschen die SPD nicht wollen,wenn der #Bundespräsident mit seinen Aussagen auf die #SPD zielt sollte er bedenken dass 80% der deutschen die SPD nicht wollen,test,1337,google/mt5-base,models/mt5_detox_baseline/seed1337,beam4,wenn der #Bundespräsident mit seinem Geschwätz auf die #SPD zielt sollte er bedenken dass 80% der deutschen die SPD nicht wollen,wenn der #Bundespräsident mit seinem Geschwätz auf die #SPD zielt sollte er bedenken dass 80% der deutschen die SPD nicht wollen,False,False,False,False,False,False,False,128
de-0102,de-g0369,de,"finde ich gut würde ich auch, aber nicht wenn man mich nötigen will. Freiwillig ok ,aber ich brauche keine Sesselfurzer die über meine Organe bestimmen","finde ich gut würde ich auch, aber nicht wenn man mich nötigen will. Freiwillig ok ,aber ich brauche keine Personen die über meine Organe bestimmen",test,1337,google/mt5-base,models/mt5_detox_baseline/seed1337,beam4,"finde ich gut würde ich auch, aber nicht wenn man mich nötigen will. Freiwillig ok ,aber ich brauche keine Sesselfurzer die über meine Organe bestimmen","finde ich gut würde ich auch, aber nicht wenn man mich nötigen will. Freiwillig ok ,aber ich brauche keine Sesselfurzer die über meine Organe bestimmen",False,False,True,True,False,False,False,151
de-0127,de-g0116,de,Die meisten Deutschen misstrauen Merkel!. Warum schreibt dieses Vasallenpack der deutschen Lügenpresse nicht mal darüber!!!!,Die meisten Deutschen misstrauen Merkel!. Warum schreibt die Presse nicht mal darüber!!!!,test,1337,google/mt5-base,models/mt5_detox_baseline/seed1337,beam4,Die meisten Deutschen mit Merkel!. Warum schreibt dieses Vasallenpack der deutschen Presse nicht mal darüber!!!!,Die meisten Deutschen mit Merkel!. Warum schreibt dieses Vasallenpack der deutschen Presse nicht mal darüber!!!!,False,False,False,False,False,False,False,112
de-0140,de-g0158,de,"Gabriel, was bist Du für ein scheinheiliger Außerrandundband-Minister.. Verkaufst Deine Demokratie an das Sultanat. Raus mit Dir.","Gabriel, was bist Du für ein unaufrichtiger Außerrandundband-Minister.. Verkaufst Deine Demokratie an das Sultanat.",test,1337,google/mt5-base,models/mt5_detox_baseline/seed1337,beam4,"Gabriel, was bist Du für ein Außerrandundband-Minister.. Verkaufst Deine Demokratie an das Sultanat. Raus mit Dir.","Gabriel, was bist Du für ein Außerrandundband-Minister.. Verkaufst Deine Demokratie an das Sultanat. Raus mit Dir.",False,False,False,False,False,False,False,114
de-0160,de-g0165,de,"Gute Nacht, Ihr Lieben da draußen und träumt schön von Murksel und ihrem Kurzschwanzdackel Luschet 😜","Gute Nacht, Ihr Lieben da draußen und träumt schön von Merkel und ihrem Kollegen Laschet 😜",test,1337,google/mt5-base,models/mt5_detox_baseline/seed1337,beam4,"Gute Nacht, Ihr Lieben da draußen und träumt schön von Murksel und ihrem Kurzschwanzdackel 😜","Gute Nacht, Ihr Lieben da draußen und träumt schön von Murksel und ihrem Kurzschwanzdackel 😜",False,False,False,False,False,False,False,92
de-0162,de-g0393,de,welches Meth nimmt eigentlich @USER_0? Ihre Haut sieht ja fürchterlich aus und dann das ständige blinzeln #furchtbar #maischberger,was nimmt eigentlich @USER_0? Ihre Haut sieht ja nicht gut aus und dann das ständige blinzeln #maischberger,test,1337,google/mt5-base,models/mt5_detox_baseline/seed1337,beam4,welches Meth nimmt eigentlich @USER_0? Ihre Haut sieht ja fürchterlich aus und dann das ständige schlinzeln #furchtbar #maischberger,welches Meth nimmt eigentlich @USER_0? Ihre Haut sieht ja fürchterlich aus und dann das ständige schlinzeln #furchtbar #maischberger,False,False,False,False,False,False,False,132
de-0196,de-g0253,de,Murksel und ihre Unchristen stehen für Konfrontation gegen Russland und einen möglichen Krieg. Und den überleben auch Wahlschafe nicht 😜,Merkel und ihre Unchristen stehen für Konfrontation gegen Russland und einen möglichen Krieg. Und den überleben auch Wähler nicht 😜,test,1337,google/mt5-base,models/mt5_detox_baseline/seed1337,beam4,Murksel und ihre Unchristen stehen für Konfrontation gegen Russland und einen möglichen Krieg. Und den überleben auch Wahlschafe nicht 😜,Murksel und ihre Unchristen stehen für Konfrontation gegen Russland und einen möglichen Krieg. Und den überleben auch Wahlschafe nicht 😜,False,False,True,True,False,False,False,136
de-0197,de-g0294,de,"So sieht es in einem Land aus welches vor der Verblödung steht...ich hasse dumme Menschen, erst recht wenn es meine eigenen Landsleute sind...furchtbar","So sieht es in einem Land aus, welches vor einer Herausforderung steht...ich mag keine uninformierten Menschen, erst recht wenn es meine eigenen Landsleute sind...enttäuschend",test,1337,google/mt5-base,models/mt5_detox_baseline/seed1337,beam4,"So sieht es in einem Land aus welches vor der Verblödung steht...ich hasse Menschen, erst recht wenn es meine eigenen Landsleute sind...furchtbar","So sieht es in einem Land aus welches vor der Verblödung steht...ich hasse Menschen, erst recht wenn es meine eigenen Landsleute sind...furchtbar",False,False,False,False,False,False,False,145
de-0204,de-g0352,de,Wie blöd können die Niedersachsen doch sein ???,Wie naiv können die Niedersachsen doch sein ???,test,1337,google/mt5-base,models/mt5_detox_baseline/seed1337,beam4,Wie blöd können die Niedersachsen doch sein ???,Wie blöd können die Niedersachsen doch sein ???,False,False,True,True,False,False,False,47
de-0223,de-g0247,de,"Mimimi ,,, und was machen unsere politisch-korrekten #safespace-Krieger dann im Ernstfall? Sich in die Hosen sch...?","Mimimi ,,, und was machen unsere politisch-korrekten #safespace-Krieger dann im Ernstfall? Angst bekommen?",test,1337,google/mt5-base,models/mt5_detox_baseline/seed1337,beam4,"Mimimi ,,, und was machen unsere #safespace-Krieger dann im Ernstfall? Sich in die Hosen sch...?","Mimimi ,,, und was machen unsere #safespace-Krieger dann im Ernstfall? Sich in die Hosen sch...?",False,False,False,False,False,False,False,96
de-0224,de-g0202,de,Ihr Mauermörder wisst überhaupt nicht was Demokratie bedeutet 🖕,Ihr wisst überhaupt nicht was Demokratie bedeutet,test,1337,google/mt5-base,models/mt5_detox_baseline/seed1337,beam4,Ich wisst überhaupt nicht was Demokratie bedeutet 🖕,Ich wisst überhaupt nicht was Demokratie bedeutet 🖕,False,False,False,False,False,False,False,51
de-0251,de-g0171,de,"Hallo Freunde ""Absurdistan"" hat mich wieder. Gerade mit `nem Geschenk für Murksel aus PL zurück. Ein Kopftuch für die Zweitfrau des Sultans😜","Hallo Freunde ""Absurdistan"" hat mich wieder. Gerade mit `nem Geschenk für Merkel aus PL zurück. Ein Kopftuch für die Zweitfrau des Sultans😜",test,1337,google/mt5-base,models/mt5_detox_baseline/seed1337,beam4,"Hallo Freunde ""Absurdistan"" hat mich wieder. Gerade mit `nem Geschenk für Murksel aus PL zurück. Ein Kopftuch für die Zweitfrau des Sultans😜","Hallo Freunde ""Absurdistan"" hat mich wieder. Gerade mit `nem Geschenk für Murksel aus PL zurück. Ein Kopftuch für die Zweitfrau des Sultans😜",False,False,True,True,False,False,False,140
de-0270,de-g0284,de,"Schäuble zur Lage in der Türkei: ""Das erinnert mich daran, wie es in der DDR war"" Was weiß dieser Vollpfosten von der DDR 🤢","Schäuble zur Lage in der Türkei: ""Das erinnert mich daran, wie es in der DDR war"" Was weiß dieser Mensch von der DDR 🤢",test,1337,google/mt5-base,models/mt5_detox_baseline/seed1337,beam4,"Schäuble zur Lage in der Türkei: ""Das erinnert mich daran, wie es in der DDR war"" Was weiß dieser Vollpfosten von der DDR","Schäuble zur Lage in der Türkei: ""Das erinnert mich daran, wie es in der DDR war"" Was weiß dieser Vollpfosten von der DDR",False,False,False,False,False,False,False,121
de-0290,de-g0192,de,Ich lach mich kaputt Truppenuschi soll es richten.,Ich lach mich kaputt Ursula von der Leyen soll es richten.,test,1337,google/mt5-base,models/mt5_detox_baseline/seed1337,beam4,Ich lach mich kaputt Politiker soll es richten.,Ich lach mich kaputt Politiker soll es richten.,False,False,False,False,False,False,False,47
de-0301,de-g0310,de,"Trump - sprich Tramp. Wenn die Laien-Ministerin über Trump labert,. bleibt mir nur : "" Lass den Trampel quaken"". Zu mehr taugt sie nicht.","Trump - sprich Tramp. Wenn die Laien-Ministerin über Trump labert,. bleibt mir nur : "" Lass den Trampel quaken"". Zu mehr ist sie meiner Meinung nach nicht geeignet.",test,1337,google/mt5-base,models/mt5_detox_baseline/seed1337,beam4,"Trump - sprich Tramp. Wenn die Laien-Ministerin über Trump labert,. bleibt mir nur : "" Lass den Trampel quaken"". Zu mehr taugt sie nicht.","Trump - sprich Tramp. Wenn die Laien-Ministerin über Trump labert,. bleibt mir nur : "" Lass den Trampel quaken"". Zu mehr taugt sie nicht.",False,False,True,True,False,False,False,137
de-0303,de-g0325,de,Von wegen übertriebener Polizeigewalt. Die Polizei muss in Zukunft. viel härter vorgehen. Aus Maul hauen und dann verhaften.,Von wegen übertriebener Polizeigewalt. Die Polizei muss in Zukunft. viel härter vorgehen. Hart durchgreifen und dann verhaften.,test,1337,google/mt5-base,models/mt5_detox_baseline/seed1337,beam4,Von wegen übertriebener Polizeigewalt. Die Polizei muss in Zukunft. viel härter vorgehen. Aus Maul hauen und dann verhaften.,Von wegen übertriebener Polizeigewalt. Die Polizei muss in Zukunft. viel härter vorgehen. Aus Maul hauen und dann verhaften.,False,False,True,True,False,False,False,124
de-0316,de-g0019,de,"1. Mit ihr euch meine ich diese ganzen intoleranten voll mit hasserfüllten versagern ..2 . ich will mich nicht nach euren wünschen und Vorstellungen integrieren , punkt aus !","1. Mit ihr euch meine ich diese ganzen intoleranten voll mit hasserfüllten Menschen ..2 . ich will mich nicht nach euren wünschen und Vorstellungen integrieren , punkt aus !",test,1337,google/mt5-base,models/mt5_detox_baseline/seed1337,beam4,"Mit ihr euch meine ich diese ganzen intoleranten voll mit hasserfüllten versagern ..2 . ich will mich nicht nach euren Vorstellungen integrieren , punkt aus !","Mit ihr euch meine ich diese ganzen intoleranten voll mit hasserfüllten versagern ..2 . ich will mich nicht nach euren Vorstellungen integrieren , punkt aus !",False,False,False,False,False,False,False,158
de-0318,de-g0222,de,"Juhu, der Bayer ohne Eier will wieder einmal alles nach der Wahl richten 😂😂😂 ich pinkel mir vor Lachen gleich ein 😂😂😂","Juhu, der Bayer will wieder einmal alles nach der Wahl richten 😂 ich finde das sehr lustig 😂😂😂",test,1337,google/mt5-base,models/mt5_detox_baseline/seed1337,beam4,"Juhu, der Bayer will wieder einmal alles nach der Wahl richten 😂😂😂 ich pinkel mir vor Lachen gleich ein 😂😂😂","Juhu, der Bayer will wieder einmal alles nach der Wahl richten 😂😂😂 ich pinkel mir vor Lachen gleich ein 😂😂😂",False,False,False,False,False,False,False,107
de-0358,de-g0092,de,"Die Bevölkerung Europas wird ""weggezüchtet"" werden, wie einst die Neandertaler und hirnlose ""Prolle"" merken`s nicht einmal 😂😂😂","Die Bevölkerung Europas wird ""weggezüchtet"" werden, wie einst die Neandertaler und einige Personen merken`s nicht einmal 😂😂😂",test,1337,google/mt5-base,models/mt5_detox_baseline/seed1337,beam4,"Die Bevölkerung Europas wird ""weggezüchtet"" werden, wie einst die Neandertaler merken`s nicht einmal 😂😂😂","Die Bevölkerung Europas wird ""weggezüchtet"" werden, wie einst die Neandertaler merken`s nicht einmal 😂😂😂",False,False,False,False,False,False,False,104
de-0370,de-g0072,de,"Das sind doch überwiegend junge Männer, die uns überrennen wollen.. Die illegalen Invasoren brauchen Arbeit - in Arbeitslagern - fair.","Das sind doch überwiegend junge Männer, die zu uns kommen wollen.. Die Einwanderer ohne Papiere brauchen Arbeit.",test,1337,google/mt5-base,models/mt5_detox_baseline/seed1337,beam4,"Das sind doch überwiegend junge Männer, die uns überrennen wollen.. Die illegalen Invasoren brauchen Arbeit - in Arbeitslagern - fair.","Das sind doch überwiegend junge Männer, die uns überrennen wollen.. Die illegalen Invasoren brauchen Arbeit - in Arbeitslagern - fair.",False,False,True,True,False,False,False,134
de-0394,de-g0189,de,Ich kann diese scheisse mit diesen drecksmigranten einfach nicht mehr ertragen....wenn ich nur schon kanacken sehen wird gruselig....verfluchte Scheisser ..!,Ich kann das mit diesen migranten einfach nicht mehr ertragen....wenn ich nur schon welche sehe wird gruselig....,test,1337,google/mt5-base,models/mt5_detox_baseline/seed1337,beam4,Ich kann diese scheisse mit diesen migranten einfach nicht mehr ertragen....wenn ich nur schon kanacken sehen wird gruselig....verfluchte Scheisser ..!,Ich kann diese scheisse mit diesen migranten einfach nicht mehr ertragen....wenn ich nur schon kanacken sehen wird gruselig....verfluchte Scheisser ..!,False,False,False,False,False,False,False,151
en-0019,en-g0250,en,"jesus christ , that 's incredibly fucked up .",jesus christ . that's incredibly bad,test,1337,google/mt5-base,models/mt5_detox_baseline/seed1337,beam4,"jesus christ , that's incredibly mess up.","jesus christ , that's incredibly mess up.",False,False,False,False,False,False,False,41
en-0042,en-g0245,en,it was clear from the first fucking sentence of the article .,It was clear by the very first sentence of the article.,test,1337,google/mt5-base,models/mt5_detox_baseline/seed1337,beam4,It was clear from the first sentence of the article.,It was clear from the first sentence of the article.,False,False,False,False,False,False,False,52
en-0058,en-g0201,en,how the fuck are they getting to outer space ?,How are they getting to outer space?,test,1337,google/mt5-base,models/mt5_detox_baseline/seed1337,beam4,How are they getting to outer space?,How are they getting to outer space?,False,False,False,False,False,False,False,36
en-0083,en-g0134,en,but mostly that middle of the street shit .,but mostly issues of middle of the street,test,1337,google/mt5-base,models/mt5_detox_baseline/seed1337,beam4,but mostly that middle of the street.,but mostly that middle of the street.,False,False,False,False,False,False,False,37
en-0098,en-g0131,en,"better to keep your mouth shut and be thought a fool , than open it and be proven one .","Better to keep quiet and be thought to be naive, than open it and be proven you are one",test,1337,google/mt5-base,models/mt5_detox_baseline/seed1337,beam4,better to keep your mouth shut and be proven one .,better to keep your mouth shut and be proven one .,False,False,False,False,False,False,False,50
en-0171,en-g0316,en,that man is the biggest piece of shit in ny s recent history .,that man is the biggest issue in ny's recent history.,test,1337,google/mt5-base,models/mt5_detox_baseline/seed1337,beam4,That man is the biggest piece of shit in ny s recent history,That man is the biggest piece of shit in ny s recent history,False,False,False,False,False,False,False,60
en-0198,en-g0377,en,what the fuck is this comment ? .,What is this comment?,test,1337,google/mt5-base,models/mt5_detox_baseline/seed1337,beam4,What is this comment ?,What is this comment ?,False,False,False,False,False,False,False,22
en-0241,en-g0191,en,"holy shit , just finished the season and it is so good but so * dark * , especially at the end .","Oh goodness, just finished the season and it is so good but so *dark*, especially at the end",test,1337,google/mt5-base,models/mt5_detox_baseline/seed1337,beam4,"Just finished the season and it is so good but so * dark * , especially at the end.","Just finished the season and it is so good but so * dark * , especially at the end.",False,False,False,False,False,False,False,83
en-0249,en-g0228,en,"if you continue being a jackass , you will be blocked from editing wikipedia .","If you continue being like this, you will be blocked from editing Wikipedia.",test,1337,google/mt5-base,models/mt5_detox_baseline/seed1337,beam4,"if you continue being a bad person , you will be blocked from editing wikipedia.","if you continue being a bad person , you will be blocked from editing wikipedia.",False,False,False,False,False,False,False,80
en-0271,en-g0155,en,eli5 why should governments give a fuck ? .,eli5 why should governments care?,test,1337,google/mt5-base,models/mt5_detox_baseline/seed1337,beam4,Why should governments give a fuck ?,Why should governments give a fuck ?,False,False,False,False,False,False,False,36
en-0273,en-g0213,en,"i go there for work every few months , and i can assure you it fucking sucks .","i go there for work everh few months , and i can assire you it's not pleasant .",test,1337,google/mt5-base,models/mt5_detox_baseline/seed1337,beam4,"I go there for work every few months , and i can assure you it sucks.","I go there for work every few months , and i can assure you it sucks.",False,False,False,False,False,False,False,69
en-0290,en-g0085,en,That had more content and was going to be an article until you deleted it again dumbass.,That had more content and was going to be an article until you deleted it again.,test,1337,google/mt5-base,models/mt5_detox_baseline/seed1337,beam4,That had more content and was going to be an article until you deleted it again,That had more content and was going to be an article until you deleted it again,False,False,False,False,False,False,False,79
en-0301,en-g0302,en,"shit looked like a music video with synced audio , and footage editing .","looked like a music video with synced audio , and footage editing .",test,1337,google/mt5-base,models/mt5_detox_baseline/seed1337,beam4,"Shit looked like a music video with synced audio , and footage editing","Shit looked like a music video with synced audio , and footage editing",False,False,False,False,False,False,False,70
en-0302,en-g0318,en,that s some pretty shit logic .,That's some pretty bad logic.,test,1337,google/mt5-base,models/mt5_detox_baseline/seed1337,beam4,That s some pretty logic.,That s some pretty logic.,False,False,False,False,False,False,False,25
en-0328,en-g0019,en,Bullshit William Penn used the phrase too.,William Penn used the phrase too.,test,1337,google/mt5-base,models/mt5_detox_baseline/seed1337,beam4,Bullshit William Penn used the phrase too.,Bullshit William Penn used the phrase too.,False,False,True,True,False,False,False,42
en-0329,en-g0160,en,"fuck it , we 'll do it live .","Leave it, we will do it live",test,1337,google/mt5-base,models/mt5_detox_baseline/seed1337,beam4,Why do we do it live?,Why do we do it live?,False,False,False,False,False,False,False,21
en-0334,en-g0005,en,. or the loud ass one - thousand ton beast roaring towards you howling its horn .,or the loud  one - thousand ton beast roaring towards you howling its horn .,test,1337,google/mt5-base,models/mt5_detox_baseline/seed1337,beam4,. or the loud one - thousand ton beast roaring towards you howling it.,. or the loud one - thousand ton beast roaring towards you howling it.,False,False,False,False,False,False,False,70
en-0339,en-g0341,en,"they have all the fucking money , how am i supposed to earn my billions ? .",how am i to earn when they own all the money?,test,1337,google/mt5-base,models/mt5_detox_baseline/seed1337,beam4,"they have all the money , how am i supposed to earn my billions ?","they have all the money , how am i supposed to earn my billions ?",False,False,False,False,False,False,False,65
en-0340,en-g0314,en,that guy used to be a real dick .,That guy used to be a mean person,test,1337,google/mt5-base,models/mt5_detox_baseline/seed1337,beam4,That guy used to be a real dick.,That guy used to be a real dick.,False,False,False,False,False,False,False,32
en-0345,en-g0291,en,randy johnson is a troll .,Randy Johnson leaves mean comments in social media platforms.,test,1337,google/mt5-base,models/mt5_detox_baseline/seed1337,beam4,randy johnson is a troll,randy johnson is a troll,False,False,False,False,False,False,False,24
en-0357,en-g0294,en,republicans and democrats are the right and left cheeks of the same ass .,Republicans and democrats are in the same League,test,1337,google/mt5-base,models/mt5_detox_baseline/seed1337,beam4,republicans and democrats are the right and left people of the same ass.,republicans and democrats are the right and left people of the same ass.,False,False,False,False,False,False,False,72
en-0361,en-g0361,en,to think that she 's been doing that kind of shit for yeaaaars,Her behaviour has been constant for years.,test,1337,google/mt5-base,models/mt5_detox_baseline/seed1337,beam4,To think that she's been doing that kind of thing for yeaaaars,To think that she's been doing that kind of thing for yeaaaars,False,False,False,False,False,False,False,62
en-0382,en-g0040,en,I believe that you don't have a fucking clue what you're talking about. Fatuorum,I believe that you may not have a clue what you're talking about. Fatuorum,test,1337,google/mt5-base,models/mt5_detox_baseline/seed1337,beam4,I believe that you don't have a clue what you're talking about.,I believe that you don't have a clue what you're talking about.,False,False,False,False,False,False,False,63
en-0385,en-g0108,en,"You're a moron that likes to throw the word ""logogram"" around.","You're a person that likes to throw the word ""logogram"" around.",test,1337,google/mt5-base,models/mt5_detox_baseline/seed1337,beam4,"You're a person that likes to throw the word ""logogram"" around.","You're a person that likes to throw the word ""logogram"" around.",False,False,False,False,False,False,False,63
en-0388,en-g0064,en,"Oh, I don't think they are going to get any less stupid any time soon.","Oh, I don't think they are going to get any more bright any time soon.",test,1337,google/mt5-base,models/mt5_detox_baseline/seed1337,beam4,"Oh, I don't think they are going to get any less stupid any time soon.","Oh, I don't think they are going to get any less stupid any time soon.",False,False,True,True,False,False,False,70
en-0389,en-g0079,en,"Stop Vandalizing Wikipedia, jerk!",Stop Vandalizing Wikipedia!,test,1337,google/mt5-base,models/mt5_detox_baseline/seed1337,beam4,"Stop vandalizing Wikipedia, jerk!","Stop vandalizing Wikipedia, jerk!",False,False,False,True,False,False,False,33
es-0004,es-g0194,es,No se puede tener peor gusto diseñando camisetas pa una peña  Que verguenza maricon,No se puede tener peor gusto diseñando camisetas pa una peña  Que vergüenza.,test,1337,google/mt5-base,models/mt5_detox_baseline/seed1337,beam4,No se puede tener peor gusto diseñando camisetas,No se puede tener peor gusto diseñando camisetas,False,False,False,False,False,False,False,48
es-0011,es-g0207,es,Paco llegado este punto nos da igual con tal de olvidarnos del PP y su estado fascista,Llegado a este punto es igual con tal de olvidarnos del PP y su estado,test,1337,google/mt5-base,models/mt5_detox_baseline/seed1337,beam4,Paco llegado este punto nos da igual con tal de olvidarnos del PP y su estado fascista,Paco llegado este punto nos da igual con tal de olvidarnos del PP y su estado fascista,False,False,True,True,False,False,False,86
es-0042,es-g0224,es,Por mucho que intentes ser del Madrid nunca dejaras de ser un sudaca xd,Por mucho que intentes ser del Madrid nunca dejaras de ser un sudamericano xd,test,1337,google/mt5-base,models/mt5_detox_baseline/seed1337,beam4,Por mucho que intentes ser del Madrid nunca dejaras de ser un sudaca,Por mucho que intentes ser del Madrid nunca dejaras de ser un sudaca,False,False,False,False,False,False,False,68
es-0053,es-g0382,es,"unos vecinos del primero son más rojos y perroflautas que la hostia, les he dejado 6 entradas en el buzón","unos vecinos del primero son comunistas, les he dejado 6 entradas en el buzón",test,1337,google/mt5-base,models/mt5_detox_baseline/seed1337,beam4,"unos vecinos del primero son más rojos y perroflautas que la hostia, les he dejado 6 entradas en el buzón","unos vecinos del primero son más rojos y perroflautas que la hostia, les he dejado 6 entradas en el buzón",False,False,True,True,False,False,False,105
es-0065,es-g0065,es,ESPAÑA CORRUPPCIÓN Derecha PP fascista franquista gobernando con 30% en España no entiende porqué Cataluña quiere Independencia y República.,ESPAÑA un partido de derecha CORRUPTO que gobierna con el 30% en España no entiende por qué Cataluña quiere la Independencia y la República.,test,1337,google/mt5-base,models/mt5_detox_baseline/seed1337,beam4,ESPAÑA CORRUPCIÓN Derecha PP franquista gobernando con 30% en España no entiende porqué Cataluña quiere Independencia y República.,ESPAÑA CORRUPCIÓN Derecha PP franquista gobernando con 30% en España no entiende porqué Cataluña quiere Independencia y República.,False,False,False,False,False,False,False,130
es-0070,es-g0372,es,"que asco de gente dios, que busquen el significado de hembrismo y de feminismo y luego hablan","Que terrible gente dios, que busquen el significado de hembrismo y de feminismo y luego hablan",test,1337,google/mt5-base,models/mt5_detox_baseline/seed1337,beam4,"Que asco de gente, que busquen el significado de hembrismo y de feminismo y luego hablan","Que asco de gente, que busquen el significado de hembrismo y de feminismo y luego hablan",False,False,False,False,False,False,False,88
es-0077,es-g0218,es,Pero sois periodistas o idiotas? Aún estando en catalán pone Franquismo!,Son periodistas o qué aún estando en catalán ponen franquismo,test,1337,google/mt5-base,models/mt5_detox_baseline/seed1337,beam4,Pero sois periodistas? Aún estando en catalán pone Franquismo!,Pero sois periodistas? Aún estando en catalán pone Franquismo!,False,False,False,False,False,False,False,62
es-0094,es-g0238,es,"Que alguien se lo impida, que todavía les quedan pensiones por pagar.","Que alguien intervenga para detenerlo, aúin tiene pnesiones pendientes por pagar",test,1337,google/mt5-base,models/mt5_detox_baseline/seed1337,beam4,"Que alguien se lo impida, que todavía les quedan pensiones por pagar.","Que alguien se lo impida, que todavía les quedan pensiones por pagar.",False,False,True,True,False,False,False,69
es-0095,es-g0384,es,y el drama con el guiri de mierda de seamus en eurovision super living,Y el drama con el guiri  de seamus en eurovision super living,test,1337,google/mt5-base,models/mt5_detox_baseline/seed1337,beam4,Y el drama con seamus en eurovision super living,Y el drama con seamus en eurovision super living,False,False,False,False,False,False,False,48
es-0098,es-g0380,es,tu respuesta dice que no crees que el catalán tendría que ser de obligatorio entendimiento. Eres un puto…,Su respuesta afirma que no cree que el catalán deba ser una lengua obligatoria para ser comprendido.,test,1337,google/mt5-base,models/mt5_detox_baseline/seed1337,beam4,tu respuesta dice que no crees que el catalan tendría que ser de obligatorio entendimiento.,tu respuesta dice que no crees que el catalan tendría que ser de obligatorio entendimiento.,False,False,False,False,False,False,False,91
es-0106,es-g0226,es,Porque usted es un hombre de bien y con valores. Esos otros son alimañas y 0,Porque usted es un hombre de bien y con valores. Esos otros no lo son,test,1337,google/mt5-base,models/mt5_detox_baseline/seed1337,beam4,Porque usted es un hombre de bien y con valores,Porque usted es un hombre de bien y con valores,False,False,False,False,False,False,False,47
es-0116,es-g0017,es,"Ah, porque se va y viene la hija puta. Están haciendo el subnormal apagando y encendiendo","Ah, porque esta hija va y viene. Hacen algo anormal, se apagan y se encienden.",test,1337,google/mt5-base,models/mt5_detox_baseline/seed1337,beam4,"Ah, porque se va y viene la hija puta. Están haciendo el malo","Ah, porque se va y viene la hija puta. Están haciendo el malo",False,False,False,False,False,False,False,61
es-0126,es-g0214,es,Pero que mierda estas hablando subnormal de los cojones MAMAAAAAAAA GORDOOOOOOOO.,Pero que estás hablando,test,1337,google/mt5-base,models/mt5_detox_baseline/seed1337,beam4,Pero que eres hablando de los cojones MAMAAAAAAAA GORDOOOOOOOO.,Pero que eres hablando de los cojones MAMAAAAAAAA GORDOOOOOOOO.,False,False,False,False,False,False,False,63
es-0173,es-g0319,es,Ya empecé con la depresión de mierda,ya comencé con la depresión,test,1337,google/mt5-base,models/mt5_detox_baseline/seed1337,beam4,Ya empecé con la depresión,Ya empecé con la depresión,False,False,False,False,False,False,False,26
es-0174,es-g0334,es,cuidado con estos conspiradores de mierda,Cuidado con estas personas,test,1337,google/mt5-base,models/mt5_detox_baseline/seed1337,beam4,Cuida con estos conspiradores,Cuida con estos conspiradores,False,False,False,False,False,False,False,29
es-0181,es-g0193,es,"No pasa nada, él es el mas preparado y el mas valiente que ya lo decia la abuela Carmena.","No hay problema, él es el más preparado y valiente, como lo afirmaba la abuela Carmena.",test,1337,google/mt5-base,models/mt5_detox_baseline/seed1337,beam4,"No pasa nada, él es el mas preparado y el mas valiente que ya lo decia Carmena.","No pasa nada, él es el mas preparado y el mas valiente que ya lo decia Carmena.",False,False,False,False,False,False,False,79
es-0227,es-g0040,es,Como para no votar a Vox. Hijos de puta 300.000 con la que se nos vien encima.,como para no votar a Vox. 300.000 con la que se nos viene encima,test,1337,google/mt5-base,models/mt5_detox_baseline/seed1337,beam4,Como para no votar a Vox. Hijos de puta 300.000 con la que se nos va encima.,Como para no votar a Vox. Hijos de puta 300.000 con la que se nos va encima.,False,False,False,False,False,False,False,76
es-0240,es-g0080,es,Eres tarado o que pasa  #hackmeseb,No entiendes o qué te pasa #hackmeseb,test,1337,google/mt5-base,models/mt5_detox_baseline/seed1337,beam4,Eres tarado o que pasa #hackmeseb,Eres tarado o que pasa #hackmeseb,False,False,True,True,False,False,False,33
es-0258,es-g0160,es,Los mejores y los más valientes.,Los más destacados y los más valerosos.,test,1337,google/mt5-base,models/mt5_detox_baseline/seed1337,beam4,Los mejores y los más valientes.,Los mejores y los más valientes.,False,False,True,True,False,False,False,32
es-0282,es-g0391,es,¡Es que hay zumos y zumos!,Es que hay una gran variedad de zumos.,test,1337,google/mt5-base,models/mt5_detox_baseline/seed1337,beam4,Es que hay zumos y zumos!,Es que hay zumos y zumos!,False,False,False,False,False,False,False,25
es-0285,es-g0315,es,"Y los mejores, y los más valientes. La vieja dixit","Y los mejores, y los más valientes. La dixit",test,1337,google/mt5-base,models/mt5_detox_baseline/seed1337,beam4,"Y los mejores, y los más valientes.","Y los mejores, y los más valientes.",False,False,False,False,False,False,False,35
es-0307,es-g0181,es,Mire la saga de 50 sombras de Grey...casi todo eran.lectoras...les va el.morbillo no lo.nieguen,Miren la saga de 50 sombras de Grey.. casi todo eran lectoras... le encanta,test,1337,google/mt5-base,models/mt5_detox_baseline/seed1337,beam4,Mire la saga de 50 sombras de Grey...casi todo eran.lectoras...les va el.morbillo no lo.nieguen,Mire la saga de 50 sombras de Grey...casi todo eran.lectoras...les va el.morbillo no lo.nieguen,False,False,True,True,False,False,False,95
es-0310,es-g0114,es,Hay un puto subnormal pitando en mi calle todo el puto rato,Hay alguien silbando en mi calle todo el tiempo.,test,1337,google/mt5-base,models/mt5_detox_baseline/seed1337,beam4,Hay un tipo pitando en mi calle todo el puto rato,Hay un tipo pitando en mi calle todo el puto rato,False,False,False,False,False,False,False,49
es-0345,es-g0201,es,"Ojalá no salga por ahí algún juez de esos pendientes de joder todo a poner su demanda, asquerosos oportunistas 🖕👎",Ojalá no salga por ahí algún juez de esos pendientes de joder todo a poner su demanda,test,1337,google/mt5-base,models/mt5_detox_baseline/seed1337,beam4,Ojalá no salga por ahí algún juez de esos pendientes de joder todo a poner su demanda,Ojalá no salga por ahí algún juez de esos pendientes de joder todo a poner su demanda,False,False,False,False,False,False,False,85
es-0352,es-g0008,es,"6 años ha tardado en mostrarse el tarado mental más grande, bravo 👏","6 años ha tardado en mostrarse el personaje más grande, bravo 👏",test,1337,google/mt5-base,models/mt5_detox_baseline/seed1337,beam4,"6 años ha tardado en mostrarse el problema mental más grande, bravo 👏","6 años ha tardado en mostrarse el problema mental más grande, bravo 👏",False,False,False,False,False,False,False,69
es-0376,es-g0333,es,"callate ya, subnormal, admite el PARTIDAZO como todos los madridistas, no que por rabia digais que ha sido robo, penosa.","admite el PARTIDAZO como todos los madridistas, no que por rabia digais que ha sido robo",test,1337,google/mt5-base,models/mt5_detox_baseline/seed1337,beam4,"callate ya, subnormal, admite el PARTIDAZO como todos los madridistas, no que por rabia digáis que ha sido robo.","callate ya, subnormal, admite el PARTIDAZO como todos los madridistas, no que por rabia digáis que ha sido robo.",False,False,False,False,False,False,False,112
hi-0047,hi-g0198,hi,तो अच्छा होगा कि तुम अपनी हद मे रहो. बेटीचोद,अच्छा होगा कि तुम अपनी हद मे रहो,test,1337,google/mt5-base,models/mt5_detox_baseline/seed1337,beam4,तो अच्छा होगा कि तुम अपनी हद मे रहो. बेटीचोद,तो अच्छा होगा कि तुम अपनी हद मे रहो. बेटीचोद,False,False,True,True,False,False,False,44
hi-0064,hi-g0174,hi,तुम सब कुत्ते हो जो समय समय पर भौकते रहते हो,तुम सब समय समय पर बेकार की बात बोलते रहते हो,test,1337,google/mt5-base,models/mt5_detox_baseline/seed1337,beam4,तुम सब कुत्ते हो जो समय समय पर भौकते रहते हो,तुम सब कुत्ते हो जो समय समय पर भौकते रहते हो,False,False,True,True,False,False,False,44
hi-0131,hi-g0208,hi,देख भोसडीके अपुण सेलिब्रिटी है अभी,देख अपुण सेलिब्रिटी है अभी,test,1337,google/mt5-base,models/mt5_detox_baseline/seed1337,beam4,देख भोसडीके अपुण सेलिब्रिटी है अभी,देख भोसडीके अपुण सेलिब्रिटी है अभी,False,False,True,True,False,False,False,34
hi-0137,hi-g0068,hi,इस हरामखोर कुत्ते  भेनचोद के साथ क्या सुलूक किया जाना चाहिए?? इसको फाड़ कर सुअरों को खिला देना चाहिए??,इसके साथ क्या सुलूक किया जाना चाहिए??,test,1337,google/mt5-base,models/mt5_detox_baseline/seed1337,beam4,इस कुत्ते भेनचोद के साथ क्या सुलूक किया जाना चाहिए?? इसको फाड़ कर सुअरों को खिला देना चाहिए??,इस कुत्ते भेनचोद के साथ क्या सुलूक किया जाना चाहिए?? इसको फाड़ कर सुअरों को खिला देना चाहिए??,False,False,False,False,False,False,False,93
hi-0167,hi-g0042,hi,आगे कुछ लिखने की ज़रूरत नहीं है भोसड़ीके।,आगे कुछ लिखने की ज़रूरत नहीं है।,test,1337,google/mt5-base,models/mt5_detox_baseline/seed1337,beam4,आगे कुछ लिखने की ज़रूरत नहीं है।,आगे कुछ लिखने की ज़रूरत नहीं है।,False,False,False,False,False,False,False,32
hi-0213,hi-g0131,hi,गांड़ में मिर्ची क्यों लगती है।,तेरी इतना जलती क्यों है |,test,1337,google/mt5-base,models/mt5_detox_baseline/seed1337,beam4,गांड़ में मिर्ची क्यों लगती है।,गांड़ में मिर्ची क्यों लगती है।,False,False,True,True,False,False,False,31
hi-0225,hi-g0294,hi,मैं बहुत कद्र करते थे सिंधु को लेकिन ये तो नकारा है।,मैं बहुत कद्र करते थे सिंधु को लेकिन ये तो कुछ काम का नहीं है ।,test,1337,google/mt5-base,models/mt5_detox_baseline/seed1337,beam4,मैं बहुत कद्र करते थे सिंधु को लेकिन ये तो नकारा है।,मैं बहुत कद्र करते थे सिंधु को लेकिन ये तो नकारा है।,False,False,True,True,False,False,False,52
hi-0227,hi-g0392,hi,हरामजादों का मन अभी भरा नहीं है।,धोखेबाजों का मन अभी भरा नहीं है।,test,1337,google/mt5-base,models/mt5_detox_baseline/seed1337,beam4,हरामजादों का मन अभी भरा नहीं है।,हरामजादों का मन अभी भरा नहीं है।,False,False,True,True,False,False,False,32
hi-0232,hi-g0216,hi,नीच नीच ही होता है राजा बन जाए तो भी |,राजा बनने के बाद भी लोगों के बुरे व्यवहार नहीं बदलते |,test,1337,google/mt5-base,models/mt5_detox_baseline/seed1337,beam4,नीच नीच ही होता है |,नीच नीच ही होता है |,False,False,False,False,False,False,False,20
hi-0236,hi-g0345,hi,वहां का मुख्यमंत्री भडवा है ।,वहां का मुख्यमंत्री अच्छा नहीं है |,test,1337,google/mt5-base,models/mt5_detox_baseline/seed1337,beam4,वाहां का मुख्यमंत्री बेकार है ।,वाहां का मुख्यमंत्री बेकार है ।,False,False,False,False,False,False,False,31
hi-0243,hi-g0374,hi,सिंगार के लिए सामान कहां से लेकर आएंगे भेनचोद,सिंगार के लिए सामान कहां से लेकर आएंगे,test,1337,google/mt5-base,models/mt5_detox_baseline/seed1337,beam4,इंकार के लिए सामान कहां से लेकर आएंगे,इंकार के लिए सामान कहां से लेकर आएंगे,False,False,False,False,False,False,False,37
hi-0251,hi-g0164,hi,ताकि तुम इस तरह पैसे उडाओ. भोसड़ीकी बाप का पैसा है क्या ?,ताकि तुम इस तरह पैसे उडाओ. तुम्हारे बाप का पैसा है क्या ?,test,1337,google/mt5-base,models/mt5_detox_baseline/seed1337,beam4,ताकि तुम इस तरह पैसे उडाओ. बाप का पैसा है क्या ?,ताकि तुम इस तरह पैसे उडाओ. बाप का पैसा है क्या ?,False,False,False,False,False,False,False,48
hi-0258,hi-g0289,hi,"मुंबई हुई पानी-पानी, सिस्टम की आंखों में सूखा भेनचोद पानी?","मुंबई हुई पानी-पानी, सिस्टम की आंखों में सूखा पानी?",test,1337,google/mt5-base,models/mt5_detox_baseline/seed1337,beam4,"मुंबई हुई पानी-पानी, सिस्टम की आंखों में सूखा बेकार पानी?","मुंबई हुई पानी-पानी, सिस्टम की आंखों में सूखा बेकार पानी?",False,False,False,False,False,False,False,57
hi-0261,hi-g0176,hi,तुमको कुछ बोलने की ज़रूरत नही तुम दर मादरचोद रंडी की गांड की तरह बोलते हो,तुमको कुछ बोलने की जरूरत नहीं तुम कुछ भी बेकार की बात बोलते हो,test,1337,google/mt5-base,models/mt5_detox_baseline/seed1337,beam4,तुमको कुछ बोलने की ज़रूरत नही तुम दर रंडी की तरह बोलते हो,तुमको कुछ बोलने की ज़रूरत नही तुम दर रंडी की तरह बोलते हो,False,False,False,False,False,False,False,57
hi-0298,hi-g0027,hi,अभी सूअर <number> महीने में दिल्ली में विधानसभा चुनाव है,अभी <number> महीने में दिल्ली में विधानसभा चुनाव है,test,1337,google/mt5-base,models/mt5_detox_baseline/seed1337,beam4,अभी दिल्ली में विधानसभा चुनाव है,अभी दिल्ली में विधानसभा चुनाव है,False,False,False,False,False,False,False,32
hi-0300,hi-g0238,hi,भड़वा गिरी की मूर्ति श्री केजरीवाल जी,गलत कामों की मूर्ति श्री केजरीवाल जी,test,1337,google/mt5-base,models/mt5_detox_baseline/seed1337,beam4,भड़वा गिरी की मूर्ति श्री केजरीवाल जी,भड़वा गिरी की मूर्ति श्री केजरीवाल जी,False,False,True,True,False,False,False,37
hi-0302,hi-g0376,hi,"सुअर पने आए बाज़ आ जा, कही निबटा न दी जाय।","बुरे कामों से बाज आ जा, कही निबटा न दी जाय।",test,1337,google/mt5-base,models/mt5_detox_baseline/seed1337,beam4,"सुअर पने आए बाज़ आ जा, कही निबटा न दी जाय","सुअर पने आए बाज़ आ जा, कही निबटा न दी जाय",False,False,False,False,False,False,False,41
hi-0310,hi-g0062,hi,इस बेटीचोद का बेटा मरा नहीं अभी तक,इस का बेटा मरा नहीं अभी तक,test,1337,google/mt5-base,models/mt5_detox_baseline/seed1337,beam4,इस बेटीचोद का बेटा मरा नहीं अभी तक,इस बेटीचोद का बेटा मरा नहीं अभी तक,False,False,True,True,False,False,False,34
hi-0315,hi-g0109,hi,कुछ दिन से चर्चित मुद्दे  ये है दलाल मीडिया के मुद्दे,कुछ दिन से चर्चित मुद्दे  ये है चापलूस मीडिया के मुद्दे,test,1337,google/mt5-base,models/mt5_detox_baseline/seed1337,beam4,कुछ दिन से चर्चित मुद्दे ये है मीडिया के मुद्दे,कुछ दिन से चर्चित मुद्दे ये है मीडिया के मुद्दे,False,False,False,False,False,False,False,47
hi-0332,hi-g0108,hi,कुछ तो करलेना भोसडीके,कुछ तो करलेना,test,1337,google/mt5-base,models/mt5_detox_baseline/seed1337,beam4,कुछ तो करलेना बुरे आदमी,कुछ तो करलेना बुरे आदमी,False,False,False,False,False,False,False,23
hi-0348,hi-g0091,hi,कन्हैया कुमार को इतने वोट तो मिलने ही चाहिए थे जितने शेहला_राशिद के बैग से कनडोम मिले थे.,कन्हैया कुमार को थोड़े अधिक वोट मिलने चाहिए थे |,test,1337,google/mt5-base,models/mt5_detox_baseline/seed1337,beam4,कन्हैया कुमार को इतने वोट तो मिलने ही चाहिए थे जितने शेहला_राशिद के बैग से कनडोम मिले थे.,कन्हैया कुमार को इतने वोट तो मिलने ही चाहिए थे जितने शेहला_राशिद के बैग से कनडोम मिले थे.,False,False,True,True,False,False,False,89
hi-0357,hi-g0011,hi,अब पेपर दे भोसड़ी के,अब पेपर दो,test,1337,google/mt5-base,models/mt5_detox_baseline/seed1337,beam4,अब पेपर दे भोसड़ी के,अब पेपर दे भोसड़ी के,False,False,True,True,False,False,False,20
hi-0368,hi-g0290,hi,मुंह से पिसाब कर रही है ||,मुंह से कुछ भी बकवास बोल रही है ।|,test,1337,google/mt5-base,models/mt5_detox_baseline/seed1337,beam4,मुंह से पिसाब कर रही है ||,मुंह से पिसाब कर रही है ||,False,False,True,True,False,False,False,26
hi-0370,hi-g0071,hi,इसकी तो बॉलिंग के समय गांड फाड़ेंगे,इसको तो बॉलिंग के समय दिखा देंगे,test,1337,google/mt5-base,models/mt5_detox_baseline/seed1337,beam4,इसकी तो बॉलिंग के समय गांड फाड़ेंगे,इसकी तो बॉलिंग के समय गांड फाड़ेंगे,False,False,True,True,False,False,False,35
hi-0386,hi-g0391,hi,हरामखोर हरामी को भगाओ अपने डिवेट से।।,इसे भगाओ अपने डिवेट से।,test,1337,google/mt5-base,models/mt5_detox_baseline/seed1337,beam4,हरामखोर हरामी को भगाओ अपने डिवेट से।।,हरामखोर हरामी को भगाओ अपने डिवेट से।।,False,False,True,True,False,False,False,37
hi-0394,hi-g0254,hi,भेनचोद पता नही तेरे जैसे लोग कैसे पत्रकार बन जाते है,पता नही तेरे जैसे लोग कैसे पत्रकार बन जाते है,test,1337,google/mt5-base,models/mt5_detox_baseline/seed1337,beam4,बिल्कुल पता नही तेरे जैसे लोग कैसे पत्रकार बन जाते है,बिल्कुल पता नही तेरे जैसे लोग कैसे पत्रकार बन जाते है,False,False,False,False,False,False,False,53
uk-0053,uk-g0150,uk,"Мені дохуя французької, а єбав, бо усний:з","Мені багато французької, а манав, бо усний",test,1337,google/mt5-base,models/mt5_detox_baseline/seed1337,beam4,"Мені дохуя французької, а єбав бо усний:з","Мені дохуя французької, а єбав бо усний:з",False,False,False,False,False,False,False,41
uk-0071,uk-g0011,uk,"'Рубрика ""Всім похуй на ті всраті діалоги"":Итс соу світ вен після п''янки всі звітують, що дома.'","'Рубрика ""Всім начхати  на ті всраті діалоги"":Итс соу світ вен після п''янки всі звітують, що дома.'",test,1337,google/mt5-base,models/mt5_detox_baseline/seed1337,beam4,"Всім похуй на ті діалоги"":Итс соу світ вен після п''янки всі звітують, що дома.'","Всім похуй на ті діалоги"":Итс соу світ вен після п''янки всі звітують, що дома.'",False,False,False,False,False,False,False,80
uk-0084,uk-g0328,uk,"бля, я тікаю від вас спати.",я тікаю від вас спати,test,1337,google/mt5-base,models/mt5_detox_baseline/seed1337,beam4,Я тікаю від вас спати.,Я тікаю від вас спати.,False,False,False,False,False,False,False,22
uk-0086,uk-g0176,uk,"Ну блять, давайте вже про імпотенцію та рак, так нецікаво.","Ну, давайте вже про імпотенцію та рак, так нецікаво.",test,1337,google/mt5-base,models/mt5_detox_baseline/seed1337,beam4,"Ну, давайте вже про імпотенцію та рак, так нецікаво.","Ну, давайте вже про імпотенцію та рак, так нецікаво.",False,False,False,False,False,False,False,52
uk-0087,uk-g0310,uk,"Я: Рєбзь, може суші візьмем?","Я: Рєбзь, може суші візьмем?",test,1337,google/mt5-base,models/mt5_detox_baseline/seed1337,beam4,"Я: Рєбзь, може суші візьмем?","Я: Рєбзь, може суші візьмем?",False,False,True,True,False,False,False,28
uk-0091,uk-g0107,uk,Де вона зараз – хуй знає,Де вона зараз – ніхто не знає,test,1337,google/mt5-base,models/mt5_detox_baseline/seed1337,beam4,Де вона зараз – погано знає,Де вона зараз – погано знає,False,False,False,False,False,False,False,27
uk-0099,uk-g0227,uk,"Сміх сміхом, а пизда горіхои","Сміх сміхом, а попа горіхом",test,1337,google/mt5-base,models/mt5_detox_baseline/seed1337,beam4,"Сміх сміхом, а горіхои","Сміх сміхом, а горіхои",False,False,False,False,False,False,False,22
uk-0102,uk-g0266,uk,Хахахах зато ви всі такі ахуєнно правильні що Господь Бог сикається від вас,Хахахах зато ви всі такі правильні що Господь Бог цурається  вас,test,1337,google/mt5-base,models/mt5_detox_baseline/seed1337,beam4,Хахахах зато ви всі такі правильні що Господь Бог сикається від вас,Хахахах зато ви всі такі правильні що Господь Бог сикається від вас,False,False,False,False,False,False,False,67
uk-0126,uk-g0160,uk,"На запах яблучних млинчиків прибіг сусід: ""бля, тебе нарешті хтось візьме заміж і забере звідси к чортовій матері?""","На запах яблучних млинчиків прибіг сусід: "", тебе нарешті хтось візьме заміж і забере звідси?""",test,1337,google/mt5-base,models/mt5_detox_baseline/seed1337,beam4,"На запах яблучних млинчиків прибіг сусід: ""бля, тебе нарешті хтось візьме заміж і забере звідси к чортовій матері?""","На запах яблучних млинчиків прибіг сусід: ""бля, тебе нарешті хтось візьме заміж і забере звідси к чортовій матері?""",False,False,True,True,False,False,False,115
uk-0135,uk-g0121,uk,"Заношений дірявий светр, списані блокноти, люди, котрим на тебе похуй.","Заношений дірявий светр, списані блокноті, люди, котрим на тебе всеодно",test,1337,google/mt5-base,models/mt5_detox_baseline/seed1337,beam4,"Заношений дірявий светр, списані блокноти, люди, котрим на тебе похуй.","Заношений дірявий светр, списані блокноти, люди, котрим на тебе похуй.",False,False,True,True,False,False,False,70
uk-0138,uk-g0124,uk,"Здатність говорити - це просто найнепотрібніша хуйня, дана мені.","Здатність говорити - це просто найнепотрібніша рiч, дана мені.",test,1337,google/mt5-base,models/mt5_detox_baseline/seed1337,beam4,"Здатність говорити - це просто найнепотрібна штука, дана мені.","Здатність говорити - це просто найнепотрібна штука, дана мені.",False,False,False,False,False,False,False,62
uk-0188,uk-g0239,uk,"Та нахєр блядь то всьо, всі сука сцять бути відповідальним і накатати ту заяву до ректора.","Та навищо то всьо, всі боятся бути відповідальним і накатати ту заяву до ректора.",test,1337,google/mt5-base,models/mt5_detox_baseline/seed1337,beam4,"Та нахєр то всьо, всі сука сцять бути відповідальним і накатати ту заяву до ректора.","Та нахєр то всьо, всі сука сцять бути відповідальним і накатати ту заяву до ректора.",False,False,False,False,False,False,False,84
uk-0193,uk-g0292,uk,Що блять за расистський твіттер сьогодні,Що  за расистський твіттер сьогодн,test,1337,google/mt5-base,models/mt5_detox_baseline/seed1337,beam4,Що твіттер сьогодні,Що твіттер сьогодні,False,False,False,False,False,False,False,19
uk-0200,uk-g0100,uk,"Відчуття, ніби все тіло ногами пиздили.","Відчуття, ніби все тіло ногами били",test,1337,google/mt5-base,models/mt5_detox_baseline/seed1337,beam4,"Відчуття, ніби все тіло ногами пиздили.","Відчуття, ніби все тіло ногами пиздили.",False,False,True,True,False,False,False,39
uk-0204,uk-g0089,uk,"Ви, блять, за пару годин і не згадаєте кому це писали, нащо цей цирк?","Ви за пару годин і не згадаєте кому це писали, нащо цей цирк?",test,1337,google/mt5-base,models/mt5_detox_baseline/seed1337,beam4,"Ви, за пару годин і не згадаєте кому це писали, нащо цей цирк?","Ви, за пару годин і не згадаєте кому це писали, нащо цей цирк?",False,False,False,False,False,False,False,62
uk-0239,uk-g0326,uk,"бля, не писать йому тоді, чи шо","не писать йому тоді, чи шо",test,1337,google/mt5-base,models/mt5_detox_baseline/seed1337,beam4,"не писать йому тоді, чи шо","не писать йому тоді, чи шо",False,False,False,False,False,False,False,26
uk-0259,uk-g0267,uk,"Хеппі бьоздей, щось ніхуя не хеппі.","Хеппі бьоздей, щось зовсім не хеппі.",test,1337,google/mt5-base,models/mt5_detox_baseline/seed1337,beam4,"Хеппі бьоздей, щось ніхуя не хеппі","Хеппі бьоздей, щось ніхуя не хеппі",False,False,False,False,False,False,False,34
uk-0267,uk-g0251,uk,Тинка ходи на Jazz fest і вино післяЖінку свою веди блять.,Тинка ходи на Jazz fest і вино післяЖінку свою веди.,test,1337,google/mt5-base,models/mt5_detox_baseline/seed1337,beam4,Тинка ходи на Jazz fest і вино післяЖінку свою веди.,Тинка ходи на Jazz fest і вино післяЖінку свою веди.,False,False,False,False,False,False,False,52
uk-0296,uk-g0078,uk,"Боже блять, нарешті хтось про CCR сказав.","Боже, нарешті хтось про ССR сказав",test,1337,google/mt5-base,models/mt5_detox_baseline/seed1337,beam4,"Боже, нарешті хтось про CCR сказав.","Боже, нарешті хтось про CCR сказав.",False,False,False,False,False,False,False,35
uk-0315,uk-g0392,uk,"це коли карент муд від ""мудак""","це коли карент муд від ""поганий""",test,1337,google/mt5-base,models/mt5_detox_baseline/seed1337,beam4,"Це коли карент муд від ""мудак""","Це коли карент муд від ""мудак""",False,False,False,True,False,False,False,30
uk-0331,uk-g0297,uk,"Я а*уєнна, як казала Камі))","Я приголомшлива, як казала Камі))",test,1337,google/mt5-base,models/mt5_detox_baseline/seed1337,beam4,"Я а*уєнна, як казала Камі))","Я а*уєнна, як казала Камі))",False,False,True,True,False,False,False,27
uk-0347,uk-g0190,uk,"Нікому, блять, навіть пожалітися не можна!",Нікому навіть пожалітися не можна!,test,1337,google/mt5-base,models/mt5_detox_baseline/seed1337,beam4,"Нікому, навіть пожалітися не можна!","Нікому, навіть пожалітися не можна!",False,False,False,False,False,False,False,35
uk-0361,uk-g0335,uk,"бляха, вгамуйте хтось тимошенко. уже блювати від її коників хочеться.",заспокойте хтось тимошенко. не можу вже від її коникiв.,test,1337,google/mt5-base,models/mt5_detox_baseline/seed1337,beam4,Вгамуйте хтось тимошенко. уже блювати від її коників хочеться.,Вгамуйте хтось тимошенко. уже блювати від її коників хочеться.,False,False,False,False,False,False,False,62
uk-0371,uk-g0235,uk,Та блять тисніть свої тупі кнопки!,Та  тисніть вже свої кнопки!,test,1337,google/mt5-base,models/mt5_detox_baseline/seed1337,beam4,Та тисніть свої погані кнопки!,Та тисніть свої погані кнопки!,False,False,False,False,False,False,False,30
uk-0379,uk-g0046,uk,А от гнила людина...люди мають можливість митися...,А от така людина...люди мають можливість митися...,test,1337,google/mt5-base,models/mt5_detox_baseline/seed1337,beam4,А от людина...люди мають можливість митися...,А от людина...люди мають можливість митися...,False,False,False,False,False,False,False,45
uk-0390,uk-g0141,uk,"Луччє я здохну єбучім ноунеймом, чем праслявлюсь і мене стануть показувати по гівнотв","Луччє я був ноунеймом, чем праслявлюсь і мене стануть показувати по тв",test,1337,google/mt5-base,models/mt5_detox_baseline/seed1337,beam4,"Луччє я здохну єбучім ноунеймом, чем праслявлюсь і мене стануть показувати по гівнотв","Луччє я здохну єбучім ноунеймом, чем праслявлюсь і мене стануть показувати по гівнотв",False,False,True,True,False,False,False,85
xh-0010,xh-g0036,xh,Ndiza kukutshabalalisa.,Ndiza kwenza yonke into esemandleni am ukukhusela umdla wam.,test,1337,google/mt5-base,models/mt5_detox_baseline/seed1337,beam4,Ndifuna ukuqinisekisa ukuba ulungile.,Ndifuna ukuqinisekisa ukuba ulungile.,False,False,False,False,False,False,False,37
xh-0018,xh-g0069,xh,Ndizakufumana nawe.,Ndiyakholelwa kwisigqibo esifanelekileyo.,test,1337,google/mt5-base,models/mt5_detox_baseline/seed1337,beam4,Ndifuna ukufumana nawe.,Ndifuna ukufumana nawe.,False,False,False,False,False,False,False,23
xh-0020,xh-g0011,xh,Awusoze uyibone ezayo.,Ndiza kunxibelelana neenjongo zam.,test,1337,google/mt5-base,models/mt5_detox_baseline/seed1337,beam4,Ndifuna ukuqinisekisa ukuba uyakufumana isisombululo esinciphisa ingozi.,Ndifuna ukuqinisekisa ukuba uyakufumana isisombululo esinciphisa ingozi.,False,False,False,False,False,False,False,72
xh-0037,xh-g0050,xh,Ndiza kukwenza uzisole ngesi sigqibo.,Andivumelani nesi sigqibo.,test,1337,google/mt5-base,models/mt5_detox_baseline/seed1337,beam4,Ndifuna ukuqinisekisa ukuba ulungile.,Ndifuna ukuqinisekisa ukuba ulungile.,False,False,False,False,False,False,False,37
xh-0041,xh-g0061,xh,Ndiza kutshabalalisa igama lakho.,Ndixhalabile ngomonakalo kuwo onke amaqela abandakanyekayo.,test,1337,google/mt5-base,models/mt5_detox_baseline/seed1337,beam4,Ndifuna ukukhusela igama lakho.,Ndifuna ukukhusela igama lakho.,False,False,False,False,False,False,False,31
xh-0045,xh-g0054,xh,Ndiza kungena esihogweni.,Ndibona uxinzelelo olukhulu kakhulu.,test,1337,google/mt5-base,models/mt5_detox_baseline/seed1337,beam4,Ndifuna ukuqinisekisa ukuba ulungile.,Ndifuna ukuqinisekisa ukuba ulungile.,False,False,False,False,False,False,False,37
xh-0047,xh-g0065,xh,Ndiza kwenza ubomi bakho bube sisihogo esiphilayo.,Ndifuna ukukuphucula le meko.,test,1337,google/mt5-base,models/mt5_detox_baseline/seed1337,beam4,Ndifuna ukuqinisekisa ukuba ulungile.,Ndifuna ukuqinisekisa ukuba ulungile.,False,False,False,False,False,False,False,37
xh-0049,xh-g0043,xh,Ndiza kukwenza ukuba ungakhange udibane nam.,Ndiyazisola ukusebenzisana kwethu.,test,1337,google/mt5-base,models/mt5_detox_baseline/seed1337,beam4,Ndifuna ukuqinisekisa ukuba ulungile.,Ndifuna ukuqinisekisa ukuba ulungile.,False,False,False,False,False,False,False,37
xh-0074,xh-g0131,xh,Uvele wabonakalisa isigebenga sokulala.,Uye wacaphukisa ukuphendula.,test,1337,google/mt5-base,models/mt5_detox_baseline/seed1337,beam4,Ndifuna ukuqinisekisa ukuba unengxaki yakho.,Ndifuna ukuqinisekisa ukuba unengxaki yakho.,False,False,False,False,False,False,False,44
xh-0082,xh-g0149,xh,Uya kuwuva umsindo wam.,Andikholiswa kakhulu.,test,1337,google/mt5-base,models/mt5_detox_baseline/seed1337,beam4,Ndifuna ukuqinisekisa ukuba umntu uya kubonakala ngathi uya kubonakala ngathi uya kubonakala ngathi uya kubonakala ngathi uya kubonakala ngathi uya kubonakala.,Ndifuna ukuqinisekisa ukuba umntu uya kubonakala ngathi uya kubonakala ngathi uya kubonakala ngathi uya kubonakala ngathi uya kubonakala ngathi uya kubonakala.,False,False,False,False,False,False,False,159
xh-0091,xh-g0173,xh,Wenze nje utshaba olunamandla.,Uyenzile i-rift.,test,1337,google/mt5-base,models/mt5_detox_baseline/seed1337,beam4,Ndifuna ukuqinisekisa ukuba unengxaki eyahlukileyo.,Ndifuna ukuqinisekisa ukuba unengxaki eyahlukileyo.,False,False,False,False,False,False,False,51
xh-0096,xh-g0146,xh,Uya kuphulukana nayo yonke into oyithandayo.,Ndiyathemba ukuba isisombululo esinciphisa ukonakaliswa kwawo onke amaqela abandakanyekayo.,test,1337,google/mt5-base,models/mt5_detox_baseline/seed1337,beam4,Ndifuna ukuqinisekisa ukuba indlela eyahlukileyo.,Ndifuna ukuqinisekisa ukuba indlela eyahlukileyo.,False,False,False,False,False,False,False,49
xh-0097,xh-g0053,xh,Ndiza kukwenzela umzekelo ukuze ubone.,Ndifuna ukuzekelisa izikhokhelo ezicacileyo ukuze ufunde.,test,1337,google/mt5-base,models/mt5_detox_baseline/seed1337,beam4,Ndifuna ukuqinisekisa ukuba ulungile.,Ndifuna ukuqinisekisa ukuba ulungile.,False,False,False,False,False,False,False,37
xh-0104,xh-g0000,xh,Akukho isixhobo esibukhali kwi-shed.,Awunakho ukuba namava amaninzi ngale nto njengabanye.,test,1337,google/mt5-base,models/mt5_detox_baseline/seed1337,beam4,Akukho isisombululo esinciphisa ingozi.,Akukho isisombululo esinciphisa ingozi.,False,False,False,False,False,False,False,39
xh-0105,xh-g0074,xh,Ngaba ingqondo yakho yenziwe ziziponji?,Ingaba uziva ungaphilanga?,test,1337,google/mt5-base,models/mt5_detox_baseline/seed1337,beam4,Ngaba ingqondo yakho yenzima?,Ngaba ingqondo yakho yenzima?,False,False,False,False,False,False,False,29
xh-0115,xh-g0129,xh,Usondele njengobukhali njengemabula.,Uzisa iseti yezakhono ezahlukeneyo kwitafile.,test,1337,google/mt5-base,models/mt5_detox_baseline/seed1337,beam4,Ndifuna ukuqinisekisa ukuba ulungile.,Ndifuna ukuqinisekisa ukuba ulungile.,False,False,False,False,False,False,False,37
xh-0120,xh-g0117,xh,Ungumntu we-sandwich enye yepikniki.,Uzisa umbono ohlukileyo.,test,1337,google/mt5-base,models/mt5_detox_baseline/seed1337,beam4,Ungumntu we-sandwich enye yepikniki.,Ungumntu we-sandwich enye yepikniki.,False,False,True,True,False,False,False,36
xh-0128,xh-g0123,xh,Unxibe ubumnyama?,Ingubo yakho ngokuqinisekileyo yahlukile.,test,1337,google/mt5-base,models/mt5_detox_baseline/seed1337,beam4,Ndifuna ukuqinisekisa ukuba unengxaki eyahlukileyo.,Ndifuna ukuqinisekisa ukuba unengxaki eyahlukileyo.,False,False,False,False,False,False,False,51
xh-0145,xh-g0081,xh,Ubonakala ngathi awukasiboni isipili kwiminyaka.,Mhlawumbi i-hairtyle eyahlukileyo iya kukulungela.,test,1337,google/mt5-base,models/mt5_detox_baseline/seed1337,beam4,Ndifuna ukuqinisekisa ukuba ubonakala ngathi ulungile.,Ndifuna ukuqinisekisa ukuba ubonakala ngathi ulungile.,False,False,False,False,False,False,False,54
xh-0149,xh-g0083,xh,Ubonakala ngathi uneminyaka elishumi ubusuku bonke.,Ujongeka ngathi uhamba ngexesha loxinzelelo.,test,1337,google/mt5-base,models/mt5_detox_baseline/seed1337,beam4,Ubonakala ngathi uneminyaka elishumi ubusuku.,Ubonakala ngathi uneminyaka elishumi ubusuku.,False,False,False,False,False,False,False,45
xh-0150,xh-g0121,xh,Unobuso obungalibalekiyo ... kuzo zonke izizathu eziphosakeleyo.,Uvele kakhulu.,test,1337,google/mt5-base,models/mt5_detox_baseline/seed1337,beam4,Ndifuna ukuqinisekisa iziphumo ezifanelekileyo.,Ndifuna ukuqinisekisa iziphumo ezifanelekileyo.,False,False,False,False,False,False,False,47
xh-0159,xh-g0118,xh,Ungumxhaphazi.,Indlela oziphethe ngayo iyandoyikisa.,test,1337,google/mt5-base,models/mt5_detox_baseline/seed1337,beam4,Ndifuna ukuqinisekisa ukuba unengxaki.,Ndifuna ukuqinisekisa ukuba unengxaki.,False,False,False,False,False,False,False,38
xh-0162,xh-g0114,xh,Ungumgangatho weparasite.,Izenzo zakho ziyingozi kwabanye.,test,1337,google/mt5-base,models/mt5_detox_baseline/seed1337,beam4,Ndifuna ukuqinisekisa ukuba ulungile.,Ndifuna ukuqinisekisa ukuba ulungile.,False,False,False,False,False,False,False,37
xh-0165,xh-g0115,xh,Ungumntu ongasemva.,Uvelise ukuthembana kwam.,test,1337,google/mt5-base,models/mt5_detox_baseline/seed1337,beam4,Ungumntu ongasemva.,Ungumntu ongasemva.,False,False,True,True,False,False,False,19
xh-0168,xh-g0113,xh,UnguKumkanikazi weDrama / inkosi.,Uthanda ukuphuphuma.,test,1337,google/mt5-base,models/mt5_detox_baseline/seed1337,beam4,Ndifuna ukuqinisekisa ukuba ulungile.,Ndifuna ukuqinisekisa ukuba ulungile.,False,False,False,False,False,False,False,37
xh-0172,xh-g0161,xh,Uyinkcitho yendawo.,Awunagalelo ngokuqinisekileyo.,test,1337,google/mt5-base,models/mt5_detox_baseline/seed1337,beam4,Ndifuna ukuqinisekisa ukuba ulungile.,Ndifuna ukuqinisekisa ukuba ulungile.,False,False,False,False,False,False,False,37
yo-0003,yo-g0067,yo,O jẹ́ asán,Ìṣe rẹ ní àǹfààní lati dara síi.,test,1337,google/mt5-base,models/mt5_detox_baseline/seed1337,beam4,Ìhùwàsí rẹ nílò àtúnṣe,Ìhùwàsí rẹ nílò àtúnṣe,False,False,False,False,False,False,False,22
yo-0018,yo-g0065,yo,O jẹ́ aláìnífọwọ́sowọpọ̀,Ìṣe rẹ lè ní tẹ̀síwájú pẹ̀lú ìfọwọ́sowọpọ̀,test,1337,google/mt5-base,models/mt5_detox_baseline/seed1337,beam4,Ìṣe rẹ nílò àbájáde; jọ̀wọ́ ṣe àtúnṣe,Ìṣe rẹ nílò àbájáde; jọ̀wọ́ ṣe àtúnṣe,False,False,False,False,False,False,False,37
yo-0041,yo-g0018,yo,Kò sí ẹni tó fẹ́ ẹ níbi iṣẹ́,Ìhùwàsí rẹ̀ níbi iṣẹ́ lè kó ìṣòro bá ọ; jọwọ ṣe àtúnṣe,test,1337,google/mt5-base,models/mt5_detox_baseline/seed1337,beam4,Ìhùwàsí yìí kò bójúmu; jọ̀wọ́ ṣàtúnṣe,Ìhùwàsí yìí kò bójúmu; jọ̀wọ́ ṣàtúnṣe,False,False,False,False,False,False,False,37
yo-0045,yo-g0085,yo,O ń ní mí lara pẹ̀lú ẹ̀rín àsán yẹn,Ìfarahàn rẹ yìí kò tọ́,test,1337,google/mt5-base,models/mt5_detox_baseline/seed1337,beam4,Ìhùwàsí rẹ nílò àtúnṣe,Ìhùwàsí rẹ nílò àtúnṣe,False,False,False,False,False,False,False,22
yo-0054,yo-g0077,yo,"O n ṣe bi ẹni pe o gbọn, ṣugbọn onigberaga ni ẹ",Ìfarahàn ọgbọ́n rẹ kò tẹ́milọ́rùn,test,1337,google/mt5-base,models/mt5_detox_baseline/seed1337,beam4,Ìhùwàsí rẹ yìí kò bójúmu; jọ̀wọ́ ṣe àtúnṣe,Ìhùwàsí rẹ yìí kò bójúmu; jọ̀wọ́ ṣe àtúnṣe,False,False,False,False,False,False,False,42
yo-0055,yo-g0076,yo,O n sọrọ bi alagabagebe,Ọ̀rọ̀ rẹ yìí ko yémi; jọ̀wọ́ sọ̀ ko yémi,test,1337,google/mt5-base,models/mt5_detox_baseline/seed1337,beam4,O n sọrọ bi alagabagebe,O n sọrọ bi alagabagebe,False,False,True,True,False,False,False,23
yo-0057,yo-g0059,yo,O jẹ atanijẹ oni irọ́.,Ìhùwàsí rẹ kò bójú mi; jọ̀wọ́ ṣàtúnṣe,test,1337,google/mt5-base,models/mt5_detox_baseline/seed1337,beam4,Ìhùwàsí rẹ yìí kò bójúmu; jọ̀wọ́ ṣe àtúnṣe,Ìhùwàsí rẹ yìí kò bójúmu; jọ̀wọ́ ṣe àtúnṣe,False,False,False,False,False,False,False,42
yo-0058,yo-g0005,yo,Iwa rere rẹ jẹ asan.,ìwà rẹ yìí kò bójú mu; jọ̀wọ́ ṣètúnṣe,test,1337,google/mt5-base,models/mt5_detox_baseline/seed1337,beam4,Iwa rere rẹ nílò àtúnṣe,Iwa rere rẹ nílò àtúnṣe,False,False,False,False,False,False,False,23
yo-0062,yo-g0056,yo,O jẹ alaiwulo nigbagbogbo,Ìpinnu àti ìṣe yìí kò munadoko,test,1337,google/mt5-base,models/mt5_detox_baseline/seed1337,beam4,Ìhùwàsí yìí kò bójúmu; jọ̀wọ́ ṣe àtúnṣe,Ìhùwàsí yìí kò bójúmu; jọ̀wọ́ ṣe àtúnṣe,False,False,False,False,False,False,False,39
yo-0088,yo-g0037,yo,Máa jẹ́ kí o bẹ̀ mí.,"Tí o bá nílò ìrànlọ́wọ́, béèrè pẹ̀lú àlàyé",test,1337,google/mt5-base,models/mt5_detox_baseline/seed1337,beam4,Ìhùwàsí yìí kò bójúmu; jọ̀wọ́ ṣe àtúnṣe,Ìhùwàsí yìí kò bójúmu; jọ̀wọ́ ṣe àtúnṣe,False,False,False,False,False,False,False,39
yo-0100,yo-g0140,yo,Ìwọ yóò banujẹ pé o wà láyé.,Ọ̀rọ̀ nípa ìgbésí-ayé yóò jẹ ní ìbòwò,test,1337,google/mt5-base,models/mt5_detox_baseline/seed1337,beam4,Ìṣe rẹ yìí kò bójúmu; jọ̀wọ́ kò bójúmu,Ìṣe rẹ yìí kò bójúmu; jọ̀wọ́ kò bójúmu,False,False,False,False,False,False,False,38
yo-0106,yo-g0090,yo,O ń ṣeré pẹ̀lú iná.,Ewu wà nínú ìṣe yìí,test,1337,google/mt5-base,models/mt5_detox_baseline/seed1337,beam4,Ìhùwàsí rẹ nílò àtúnṣe,Ìhùwàsí rẹ nílò àtúnṣe,False,False,False,False,False,False,False,22
yo-0117,yo-g0140,yo,Ìwọ yóò banujẹ pé o wà láyé.,Ọ̀rọ̀ nípa ìgbésí-ayé yìí yóò nilo àlàyé,test,1337,google/mt5-base,models/mt5_detox_baseline/seed1337,beam4,Ìṣe rẹ yìí kò bójúmu; jọ̀wọ́ kò bójúmu,Ìṣe rẹ yìí kò bójúmu; jọ̀wọ́ kò bójúmu,False,False,False,False,False,False,False,38
yo-0125,yo-g0075,yo,O mọ̀ pé mo ní ìbànújẹ,Jọ̀wọ́ ṣalaye ki ọ̀rọ̀ na yé,test,1337,google/mt5-base,models/mt5_detox_baseline/seed1337,beam4,O nílò ìbànújẹ,O nílò ìbànújẹ,False,False,False,False,False,False,False,14
yo-0139,yo-g0120,yo,Ìròyìn náà kò ní ètò,Ìròyìn náà nílò àfihàn àlàyé síi,test,1337,google/mt5-base,models/mt5_detox_baseline/seed1337,beam4,Ìròyìn náà kò ní àtúnṣe,Ìròyìn náà kò ní àtúnṣe,False,False,False,False,False,False,False,23
yo-0144,yo-g0161,yo,Ẹ̀sùn náà ò dá lórí òtítọ́,Ẹ̀sùn náà nílò ẹ̀rí tó dá lórí òtítọ́,test,1337,google/mt5-base,models/mt5_detox_baseline/seed1337,beam4,Ìhùwàsí rẹ̀ nílò àtúnṣe,Ìhùwàsí rẹ̀ nílò àtúnṣe,False,False,False,False,False,False,False,23
yo-0147,yo-g0118,yo,Ìrìnàjò rẹ̀ jẹ́ asán,Ìrìnàjò rẹ̀ lè dáa bí o bá ṣètò dáadáa,test,1337,google/mt5-base,models/mt5_detox_baseline/seed1337,beam4,Ìrìnàjò rẹ̀ nílò àtúnṣe,Ìrìnàjò rẹ̀ nílò àtúnṣe,False,False,False,False,False,False,False,23
yo-0151,yo-g0007,yo,Iwọ jẹ́ ẹni tí kò ní ìrètí,Iwọ le ni ìrètí bi o ba ṣiṣẹ́ láti mú un ṣẹ,test,1337,google/mt5-base,models/mt5_detox_baseline/seed1337,beam4,Ìṣe rẹ nílò àtúnṣe,Ìṣe rẹ nílò àtúnṣe,False,False,False,False,False,False,False,18
yo-0152,yo-g0093,yo,Ohun tí o ṣe kò ní ìtumọ̀,Ohun tí o ṣe lè ní ìtumọ̀ tó dájú bí a bá fi ṣàtúnṣe,test,1337,google/mt5-base,models/mt5_detox_baseline/seed1337,beam4,Ìṣe rẹ nílò àtúnṣe,Ìṣe rẹ nílò àtúnṣe,False,False,False,False,False,False,False,18
yo-0155,yo-g0010,yo,Iwọ kò lè ṣe ohun kankan dáadá,"Pẹ̀lú àkíyèsí àti ìmúlò, ìṣe rẹ̀ lè dáa",test,1337,google/mt5-base,models/mt5_detox_baseline/seed1337,beam4,Ìṣe rẹ yìí kò bójúmu; jọ̀wọ́ ṣàtúnṣe,Ìṣe rẹ yìí kò bójúmu; jọ̀wọ́ ṣàtúnṣe,False,False,False,False,False,False,False,36
yo-0159,yo-g0017,yo,Kò sí ìrètí fún ọ,Ìrètí wà fún ọ bí o bá ṣiṣẹ́ takuntakun,test,1337,google/mt5-base,models/mt5_detox_baseline/seed1337,beam4,Kò sí ìrètí fún ọ,Kò sí ìrètí fún ọ,False,False,True,True,False,False,False,17
yo-0160,yo-g0006,yo,Iwọ jẹ́ aláìwúlò,O ní agbára àti oye tó yẹ kí o lo,test,1337,google/mt5-base,models/mt5_detox_baseline/seed1337,beam4,Ìṣe rẹ nílò àtúnṣe,Ìṣe rẹ nílò àtúnṣe,False,False,False,False,False,False,False,18
yo-0162,yo-g0116,yo,Ìpinnu rẹ̀ ò ní ṣiṣẹ́,Bí o ronú ìpinnu rẹ̀ lè ṣiṣẹ́ dáadáa,test,1337,google/mt5-base,models/mt5_detox_baseline/seed1337,beam4,Ìpinnu rẹ̀ nílò àtúnṣe,Ìpinnu rẹ̀ nílò àtúnṣe,False,False,False,False,False,False,False,22
yo-0168,yo-g0016,yo,Kò sí ìdí tí ẹnikẹ́ni fi máa fẹ́ ọ,Ó lè nira fún àwọn míìràn láti lóye rẹ,test,1337,google/mt5-base,models/mt5_detox_baseline/seed1337,beam4,Kò sí ìṣẹ̀lẹ̀ yìí kò bójúmu,Kò sí ìṣẹ̀lẹ̀ yìí kò bójúmu,False,False,False,False,False,False,False,27
yo-0172,yo-g0078,yo,O stupid gan,Ìṣe rẹ lè dara síi pẹ̀lú àmójútó,test,1337,google/mt5-base,models/mt5_detox_baseline/seed1337,beam4,O stupid person,O stupid person,False,False,False,False,False,False,False,15
yo-0173,yo-g0082,yo,O useless gan,Ìṣe rẹ lè ní ipa rere pẹ̀lú àtúnṣe,test,1337,google/mt5-base,models/mt5_detox_baseline/seed1337,beam4,O useless gan,O useless gan,False,False,True,True,False,False,False,13
am-0009,am-g0290,am,ከማነው አሁን ሚታገለው? ከወንድሙ? ወጣ ብሎ ጠላት አጥቅቶ ያቃል? መንደር ውስጥ ማንን ለማጥቃት? ቱልቱላ ብቻ,ከማነው አሁን ሚታገለው?  ከራስ ወንድም ጋር መታገል ምንም  ትርጉምና ውጤት የለውም፡፡,dev,2024,google/mt5-base,models/mt5_detox_baseline/seed2024,beam4,ማነው አሁን ሚታገለው? ከወንድሙ? ወጣ ብሎ ጠላት አጥቅቶ ያቃል? መንደር ውስጥ ማንን ለማጥቃት? ቱልቱላ ብቻ,ማነው አሁን ሚታገለው? ከወንድሙ? ወጣ ብሎ ጠላት አጥቅቶ ያቃል? መንደር ውስጥ ማንን ለማጥቃት? ቱልቱላ ብቻ,False,False,False,False,False,False,False,69
am-0046,am-g0037,am,ለነገሩ ደደብ ላይሰማ መለፍለፍ ትርፍ ነው እንጅ እነግርህ ነበር የዛፎቹ ቢጤ ነው እንዳንተ አይነቱ ጠማማ እንጨት ነው የሚቆርጣቸው,ነገሩን የምትረዳው ቢሆን እነግርህ ነበረ ፤ እንደዛፎቹ የተንጋደዱት ሌሎቹን ሊጎዱዋቸው ይችላሉ,dev,2024,google/mt5-base,models/mt5_detox_baseline/seed2024,beam4,ለነገሩ ደደብ ላይሰማ መለፍለፍ ትርፍ ነው እንጅ እነግርህ ነበር የዛፎቹ ቢጤ ነው እንዳንተ አይነቱ ጠማማ እንጨት ነው የሚቆርጣቸው,ለነገሩ ደደብ ላይሰማ መለፍለፍ ትርፍ ነው እንጅ እነግርህ ነበር የዛፎቹ ቢጤ ነው እንዳንተ አይነቱ ጠማማ እንጨት ነው የሚቆርጣቸው,False,False,True,True,False,False,False,82
am-0070,am-g0018,am,No more Ethiopian Trust Fund የሰብዓዊ መብትን አክብሮ ለሚያስከብር እንጂ ከህወሃት ብሶ ወገኖቻችንን እየፈጃ ተገዳደሉ እያለ ለሚሞዳሞድ አምባገነን ድንቡሎ አይ,No more Ethiopian Trust Fund የሰብዓዊ መብትን አክብሮ ለሚያስከብር እንጂ ለሌላ ቦታ የለንም,dev,2024,google/mt5-base,models/mt5_detox_baseline/seed2024,beam4,No more Ethiopian Trust Fund የሰብዓዊ መብትን አክብሮ ለሚያስከብር እንጂ ከህወሃት ብሶ ወገኖቻችንን እየፈጃ ተገዳደሉ እያለ ለሚሞዳሞድ ድንቡሎ አይ,No more Ethiopian Trust Fund የሰብዓዊ መብትን አክብሮ ለሚያስከብር እንጂ ከህወሃት ብሶ ወገኖቻችንን እየፈጃ ተገዳደሉ እያለ ለሚሞዳሞድ ድንቡሎ አይ,False,False,False,False,False,False,False,103
am-0108,am-g0363,am,ይህ ላንተና ለአስመሳይ ካድሬ ብቻ የሚሰራ ፕሮፖጋዳ ነው፡፡,ይህ ላንተና ለዳገፈዎቹ  ብቻ የሚሰራ ወሬ ነው፡፡,dev,2024,google/mt5-base,models/mt5_detox_baseline/seed2024,beam4,ይህ የአስመሳይ ካድሬ ብቻ የሚሰራ ፕሮፖጋዳ ነው።,ይህ የአስመሳይ ካድሬ ብቻ የሚሰራ ፕሮፖጋዳ ነው።,False,False,False,False,False,False,False,31
am-0126,am-g0369,am,ደህና ቤተሰብ ያለው ጉራጌ ጓደኛ አትይዥም . አመዳም የኔ አይነቱ ጋር ከምትዳረቂ,ደህና ቤተሰብ ያለው ጉራጌ ጓደኛ አትይዥም . እንደእኔ አይነቱ ድሀ ጋር ከምትዳረቂ,dev,2024,google/mt5-base,models/mt5_detox_baseline/seed2024,beam4,ደህና ቤተሰብ ያለው ጉራጌ ጓደኛ አትይዥም .,ደህና ቤተሰብ ያለው ጉራጌ ጓደኛ አትይዥም .,False,False,False,False,False,False,False,28
am-0130,am-g0360,am,ይሄም አንድ ማሳያ ነው አብይ (እስስት) ከትግራይ ህዝብ እና ከንብረቱ በላይ ለታንክ ያለው ፍቅር ከፍተኛ ነው። በተያያዘ ዜና ???? የትግራይ እናቶች ህፃናት እንባ ሲያ,ይሄም አንድ ማሳያ ነው አብይ  ለትግራይ ህዝብ እና ለንብረቱ  ያለው ፍቅር ከፍተኛ ነው። በተያያዘ ዜና ???? የትግራይ እናቶች ህፃናት,dev,2024,google/mt5-base,models/mt5_detox_baseline/seed2024,beam4,ይሄም አንድ ማሳያ ነው አብይ (እስስት) ከትግራይ ህዝብ እና ከንብረቱ በላይ ለታንክ ያለው ፍቅር ከፍተኛ ነው በተያያዘ ዜና ???? የትግራይ እናቶች ህፃናት እንባ ሲያ,ይሄም አንድ ማሳያ ነው አብይ (እስስት) ከትግራይ ህዝብ እና ከንብረቱ በላይ ለታንክ ያለው ፍቅር ከፍተኛ ነው በተያያዘ ዜና ???? የትግራይ እናቶች ህፃናት እንባ ሲያ,False,False,False,False,False,False,False,106
am-0161,am-g0386,am,ጌታቸው አሰፋ እንደ ጃል መሮ ነው የሞተው ወይስ የምር?,ጌታቸው አሰፋ ና ጃል መሮ  ምቱ እንዴ?,dev,2024,google/mt5-base,models/mt5_detox_baseline/seed2024,beam4,ጌታቸው አሰፋ እንደ ጃል መሮ ነው የሞተው ወይስ የምር?,ጌታቸው አሰፋ እንደ ጃል መሮ ነው የሞተው ወይስ የምር?,False,False,True,True,False,False,False,35
am-0164,am-g0279,am,እውነት ነው አባት እንደ ልጅ አይጨክንም . የዚህ አረመኔ ጭካኔ ግን በዛ,እውነት ነው አባት እንደ ልጅ አይጨክንም ምንም እንኩዋን የሱን ከዚህ ማንሳት ትንሽ ቢከብድም,dev,2024,google/mt5-base,models/mt5_detox_baseline/seed2024,beam4,እውነት ነው አባት እንደ ልጅ አይጨክንም . የዚህ ጭካኔ ግን በዛ,እውነት ነው አባት እንደ ልጅ አይጨክንም . የዚህ ጭካኔ ግን በዛ,False,False,False,False,False,False,False,41
am-0165,am-g0095,am,ሺ መጋረጃዎችን ብትጠቀም እውነትን አቀብራትም። ውሻ።,ብዙ ምክንያቶችን ብታስቀምጥም እውነት እውነት ናት።,dev,2024,google/mt5-base,models/mt5_detox_baseline/seed2024,beam4,ሺ መጋረጃዎችን ብትጠቀም እውነትን አቀብራትም።,ሺ መጋረጃዎችን ብትጠቀም እውነትን አቀብራትም።,False,False,False,False,False,False,False,29
am-0183,am-g0146,am,ታዲያ ለሱዳን ሲሆን እንደ ውሻ ጭራህን ቆልፈህ ቁጭ አልክ? የሚያግዝ የኢትዮጵያ ወታደር የሻቢያ ወታደር የሁሉም ክልሎች ልዩ ሀይል,ታዲያ ለሱዳን ሲሆን ለምን ዝም ማለት መረጥክ? የሚያግዝ የኢትዮጵያ ወታደር የኤርትራ ወታደር የሁሉም ክልሎች ልዩ ሀይል,dev,2024,google/mt5-base,models/mt5_detox_baseline/seed2024,beam4,ታዲያ ለሱዳን ሲሆን እንደ ውሻ ጭራህን ቆልፈህ ቁጭ አልክ? የሚያግዝ የኢትዮጵያ ወታደር የሻቢያ ወታደር የሁሉም ክልሎች ልዩ ሀይል,ታዲያ ለሱዳን ሲሆን እንደ ውሻ ጭራህን ቆልፈህ ቁጭ አልክ? የሚያግዝ የኢትዮጵያ ወታደር የሻቢያ ወታደር የሁሉም ክልሎች ልዩ ሀይል,False,False,True,True,False,False,False,82
am-0184,am-g0321,am,የሆንህ የታሪክ አተላና ገገማ ነህ  በጣም ነው የምታናድደን ኩበት,ነገሮች ቶሎ የሚገቡህ ጥሩ ሰው አደለህም ፤ ታናድዳለህ,dev,2024,google/mt5-base,models/mt5_detox_baseline/seed2024,beam4,የሆንህ የታሪክ አተላና ገገማ ነህ በጣም ነው የምታናድደን,የሆንህ የታሪክ አተላና ገገማ ነህ በጣም ነው የምታናድደን,False,False,False,False,False,False,False,36
am-0187,am-g0166,am,አስግረው እንደ አሳ፣ እንደ ውሻ እሰረው፤ ብሎ ለቆረጠ አሻራው ለጠፋ፣ ያለኔ ላለ ሰው፤ ቃል የለኝም እኔ መከራው ይምከረው።,መጠፎ ስራ የሰራና በሌላው ላይ የሚመኝ ዞሮ በራሱ ላይ ችግሩ መምጣቱ አይቀርም,dev,2024,google/mt5-base,models/mt5_detox_baseline/seed2024,beam4,አስግረው እንደ ሰው እሰረው፤ ብሎ ለቆረጠ አሻራው ለጠፋ፣ ያለኔ ላለ ሰው፤ ቃል የለኝም እኔ መከራው ይምከረው,አስግረው እንደ ሰው እሰረው፤ ብሎ ለቆረጠ አሻራው ለጠፋ፣ ያለኔ ላለ ሰው፤ ቃል የለኝም እኔ መከራው ይምከረው,False,False,False,False,False,False,False,69
am-0192,am-g0223,am,አወል አሎ ይህን ያህል የወረደ ሰብእና አለህ ብዬ ለማሰብ እንኳን ያቅተኛል። እውቀት ብቻውን ከንቱ ነው ለካ የምእራባውያንን ዲግሪዎች ሰብስቦ፣ ነገር ግን,አወል አሎ እንደዚህ አይነት ሰው ነህ ብዬ ለማሰብ እንኳን ያቅተኛል። እውቀት ብቻውን ብዙ ጥቅም የለውም ለካ የምእራባውያንን ዲአስተምህሮ ሰብስቦ፣ ነገር ግን,dev,2024,google/mt5-base,models/mt5_detox_baseline/seed2024,beam4,አወል አሎ ይህን ያህል የወረደ ሰብእና አለህ ብዬ ለማሰብ እንኳን ያቅተኛል። እውቀት ብቻውን ከንቱ ነው ለካ የምእራባውያንን ዲግሪዎች ሰብስቦ፣ ነገር ግን,አወል አሎ ይህን ያህል የወረደ ሰብእና አለህ ብዬ ለማሰብ እንኳን ያቅተኛል። እውቀት ብቻውን ከንቱ ነው ለካ የምእራባውያንን ዲግሪዎች ሰብስቦ፣ ነገር ግን,False,False,True,True,False,False,False,97
am-0213,am-g0211,am,አንቺ መተተኛ እዚህ ምን ታደርጊያለሽ? መጀመሪያ አንቺም መሪሽም መች እውነት ታውቃላችሁ,አንቺ ደግሞ እዚህ ምን ታደርጊያለሽ? መጀመሪያ አንቺም ሆነ መሪው መች እውነታውን ትናገላችሁ,dev,2024,google/mt5-base,models/mt5_detox_baseline/seed2024,beam4,አንቺ እዚህ ምን ታደርጊያለሽ? መጀመሪያ አንቺም መሪሽም መች እውነት ታውቃላችሁ,አንቺ እዚህ ምን ታደርጊያለሽ? መጀመሪያ አንቺም መሪሽም መች እውነት ታውቃላችሁ,False,False,False,False,False,False,False,50
am-0220,am-g0124,am,በጣም የማዝነው ያንተ ድክትርና ለዚህች ወልዳ ላሣደገችህ ሀገር ይህ ከሆነ አንተ የመጨረሻ ደደብ ወራዳ ሠው ነህ,ለዚህች ወልዳ ላሣደገችህ እና ላስተማረች ሀገር ካንተ የሚጠበቀው ይኸ አይደለም፡፡,dev,2024,google/mt5-base,models/mt5_detox_baseline/seed2024,beam4,በጣም የማዝነው ያንተ ድክትርና ለዚህች ወልዳ ላሣደገችህ ሀገር ይህ ከሆነ አንተ የመጨረሻ ደደብ ወራዳ ሠው ነህ,በጣም የማዝነው ያንተ ድክትርና ለዚህች ወልዳ ላሣደገችህ ሀገር ይህ ከሆነ አንተ የመጨረሻ ደደብ ወራዳ ሠው ነህ,False,False,True,True,False,False,False,70
am-0233,am-g0121,am,በዳንኤል ብርሃኔ ቁንጥጫ እና ግልምጫ በእንክብካቤ ያደገዉ የበፊቱ የhorn affair አምደኛ እና ተላላኪ፤ የዘንድሮዉ ሁሉን አዋቂ ተንታኝ አቶ ስዩም ተሾመ ወጥ አረገጠም ወይ??,ከእነ ዳንኤል ብርሃኔ ጋር በፊት በ horn affair አምደኛ ፤ አሁን ላይ ደግሞ የተለያዩ ጉዳዮችን ተንታኝ አቶ ስዩም ተሾመ አልተሳሳተም ወይ??,dev,2024,google/mt5-base,models/mt5_detox_baseline/seed2024,beam4,በዳንኤል ብርሃኔ ቁንጥጫ እና ግልምጫ በእንክብካቤ ያደገዉ የበፊቱ የhorn affair ተላላኪ፤ የዘንድሮዉ ሁሉን አዋቂ ተንታኝ አቶ ስዩም ተሾመ ወጥ አረገጠም ወይ??,በዳንኤል ብርሃኔ ቁንጥጫ እና ግልምጫ በእንክብካቤ ያደገዉ የበፊቱ የhorn affair ተላላኪ፤ የዘንድሮዉ ሁሉን አዋቂ ተንታኝ አቶ ስዩም ተሾመ ወጥ አረገጠም ወይ??,False,False,False,False,False,False,False,105
am-0239,am-g0150,am,ችግር ውስጥ ነን ብዬ ከማንም ኢንጌጅ አላደርግም ሰሞኑን ታውቃለህ መቼስ። ቀን ይቅርታ ሲጠይቅ ውሎ ማታ ልገንጠል ይላል? ነውር አይደለም?,ችግር ውስጥ እንዳለን ባላስብ ይሻላል፡፡ ሰሞኑን ደግሞ ቀን ላይ በጥሩ የይቅርታ መንፈስ ውሉ ማታ ላይ ስለመለያየት ያወራሉ፡፡,dev,2024,google/mt5-base,models/mt5_detox_baseline/seed2024,beam4,ችግር ውስጥ ነን ብዬ ከማንም ኢንጌጅ አላደርግም ሰሞኑን ታውቃለህ መቼስ ቀን ይቅርታ ሲጠይቅ ውሎ ማታ ልገንጠል ይላል?,ችግር ውስጥ ነን ብዬ ከማንም ኢንጌጅ አላደርግም ሰሞኑን ታውቃለህ መቼስ ቀን ይቅርታ ሲጠይቅ ውሎ ማታ ልገንጠል ይላል?,False,False,False,False,False,False,False,75
am-0247,am-g0047,am,ሐሳቡን ማሸነፍ ሲያቅታቸው አሳቢን ለማጥፋት ተነሱ፣አእምሮ ሲጎድላቸው ባለአእምሮውን ለማጨናገፍ ቆረጡ፣ ሀገር ወደ ዘመነ አብርሆት ስትጓዝ እነሱ ተቃራኒውን መረጡ፣,ሐሳቡን ማሸነፍ ሲያቅታቸው አሳቢን ለማደናቀፍ ተንቀሳቀሱ ፤ ሀገር ወደ ዘመነ አብርሆት ስትጓዝ እነሱ ተቃራኒውን መረጡ፣,dev,2024,google/mt5-base,models/mt5_detox_baseline/seed2024,beam4,ሐሳቡን ማሸነፍ ሲያቅታቸው አሳቢን ለማጥፋት ተነሱ፣አእምሮ ሲጎድላቸው ባለአእምሮውን ለማጨናገፍ ቆረጡ፣ ሀገር ወደ ዘመነ አብርሆት ስትጓዝ እነሱ ተቃራኒውን መረጡ፣,ሐሳቡን ማሸነፍ ሲያቅታቸው አሳቢን ለማጥፋት ተነሱ፣አእምሮ ሲጎድላቸው ባለአእምሮውን ለማጨናገፍ ቆረጡ፣ ሀገር ወደ ዘመነ አብርሆት ስትጓዝ እነሱ ተቃራኒውን መረጡ፣,False,False,True,True,False,False,False,102
am-0268,am-g0168,am,አቤት ከተቀደዱ አይቀር እንደ አሉላ ነው። ምንድነው የሚያጨሰው በማርያም,አቤት አሉላ እንዴት ነው የሚያጋንነው ፡፡ ምንድነው እንዲህ የሚያናግረው,dev,2024,google/mt5-base,models/mt5_detox_baseline/seed2024,beam4,አቤት ከተቀደዱ አይቀር እንደ አሉላ ነው ምንድነው የሚያጨሰው በማርያም,አቤት ከተቀደዱ አይቀር እንደ አሉላ ነው ምንድነው የሚያጨሰው በማርያም,False,False,False,False,False,False,False,44
am-0294,am-g0378,am,ድሮም ጉራ ብቻ ሆና ነው እንጂ እዚሁ ብትቀመጥ ኖሮ፣ ይሄ ሁላ አይደርስባትን ነበር።,ድሮም ሰዉ የሚላትን አልሰማ ብላ ነው እንጂ እዚሁ ብትቀመጥ ኖሮ፣ ይሄ ሁላ አይደርስባትን ነበር።,dev,2024,google/mt5-base,models/mt5_detox_baseline/seed2024,beam4,ድሮም ጉራ ብቻ ሆና ነው እንጂ እዚሁ ብትቀመጥ ኖሮ፣ ይሄ ሁላ አይደርስባትን ነበር,ድሮም ጉራ ብቻ ሆና ነው እንጂ እዚሁ ብትቀመጥ ኖሮ፣ ይሄ ሁላ አይደርስባትን ነበር,False,False,False,False,False,False,False,52
am-0297,am-g0046,am,ልደቱ እንኳን ታሰረ ነዉ የምለዉ ከዚህ በኋላ ንቅናቄ እና ግንባር አያስፈልግም via,ልደቱ  ወደ መረፊያ ቤት ተወሰደ:: ከዚህ በኋላ ንቅናቄ እና ግንባር አያስፈልግም ተብሎ,dev,2024,google/mt5-base,models/mt5_detox_baseline/seed2024,beam4,በዚህ በኋላ ንቅናቄ እና ግንባር አያስፈልግም,በዚህ በኋላ ንቅናቄ እና ግንባር አያስፈልግም,False,False,False,False,False,False,False,28
am-0300,am-g0227,am,አይ እስከሚቀጥለው ክሪስትማስ ይቆያል እንጂ ለምን ይነሳል ልበልህ? ዱቄታም??????,አይ እስከሚቀጥለው ክሪስትማስ ይቆያል እንጂ ለምን ይነሳል ልበልህ ?,dev,2024,google/mt5-base,models/mt5_detox_baseline/seed2024,beam4,አይ እስከሚቀጥለው ክሪስትማስ ይቆያል እንጂ ለምን ይነሳል ልበልህ?,አይ እስከሚቀጥለው ክሪስትማስ ይቆያል እንጂ ለምን ይነሳል ልበልህ?,False,False,False,False,False,False,False,42
am-0312,am-g0109,am,በምን ኢሳብ ነው ይንን ወራዳ ባንዳ (ካድሬ) አባት ብለህ የምትጠራው,በምን ሂሳብ ነው ይንን የፖለቲካ ሹም አባት ብለህ የምትጠራው,dev,2024,google/mt5-base,models/mt5_detox_baseline/seed2024,beam4,በምን ኢሳብ ነው ይንን አባት ብለህ የምትጠራው,በምን ኢሳብ ነው ይንን አባት ብለህ የምትጠራው,False,False,False,False,False,False,False,29
am-0314,am-g0056,am,መንግስቱን/ደርግን እንደ reference/benchmark መጠቀም መቼ ነው የተጀመረው?ከተጀመረስ ለሷ ብቻ ለምን ይሰራል?እንደውም ስለአባቷ ሰው በላነት ሳይሆን ለምን አትደግፈውም ይቺ,መንግስቱን እንደ reference/benchmark መጠቀም መቼ ነው የተጀመረው?ከተጀመረስ ለሷ ብቻ ለምን ይሰራል? ከፈለገች ለምን በደንብ አትደግፈውም,dev,2024,google/mt5-base,models/mt5_detox_baseline/seed2024,beam4,መንግስቱን/ደርግን እንደ reference/benchmark መጠቀም መቼ ነው የተጀመረው?ከተጀመረስ ለሷ ብቻ ለምን ይሰራል?እንደውም ስለአባቷ ሰው በላነት ሳይሆን ለምን አትደግፈውም ይቺ,መንግስቱን/ደርግን እንደ reference/benchmark መጠቀም መቼ ነው የተጀመረው?ከተጀመረስ ለሷ ብቻ ለምን ይሰራል?እንደውም ስለአባቷ ሰው በላነት ሳይሆን ለምን አትደግፈውም ይቺ,False,False,True,True,False,False,False,115
am-0315,am-g0283,am,እየህ አንተ የፕሮፖጋንዳ ሰለባ ነህ የፕሮፖጋንዳ ሰለባ ለመሆን ደሞ እንዳንተ ደደብ እና ደንቆሮ መሆን ብቻ ነው ሚጠበቅብህ ለማንኛውም ጀግኖ,አንተ ባለማስተዋልህ የፕሮፓጋንዳ መጠቀሚያ ሆነሀል፡፡,dev,2024,google/mt5-base,models/mt5_detox_baseline/seed2024,beam4,እየህ አንተ የፕሮፖጋንዳ ሰለባ ነህ የፕሮፖጋንዳ ሰለባ ለመሆን ደሞ እንዳንተ ደደብ እና ደንቆሮ መሆን ብቻ ነው ሚጠበቅብህ ለማንኛውም ጀግኖ,እየህ አንተ የፕሮፖጋንዳ ሰለባ ነህ የፕሮፖጋንዳ ሰለባ ለመሆን ደሞ እንዳንተ ደደብ እና ደንቆሮ መሆን ብቻ ነው ሚጠበቅብህ ለማንኛውም ጀግኖ,False,False,True,True,False,False,False,88
am-0352,am-g0297,am,ከአብይ አህመድ ከሚባል አውሬ ጋር ተባባሪ ስለሆንሽ አንድ ቀን ትጠየቂያለሽ። እንዴት ህሊናሽ ፈቀደልሽ? ባይበላስ ቢቀር?,ከእርሱ ጋር ተባብረሽ  በመስራትሽ  አንድ ቀን ተጠያቂ ልትሆኝ እንደምትችይ ማወቅ አለብሽ ፡፡,dev,2024,google/mt5-base,models/mt5_detox_baseline/seed2024,beam4,ከአብይ አህመድ ከሚባል አውሬ ጋር ተባባሪ ስለሆንሽ አንድ ቀን ትጠየቂያለሽ,ከአብይ አህመድ ከሚባል አውሬ ጋር ተባባሪ ስለሆንሽ አንድ ቀን ትጠየቂያለሽ,False,False,False,False,False,False,False,47
am-0385,am-g0137,am,ቦቅቧቃ እንደአንተ አይነቱን ታድዮስ ታንቱ በመድረክ አስነጥሶ ይዘርራል። እዚህ እንዴት እንደደረስክ የካድክ ውለታ ቢስ መሆንህን የሚያሳየ,አንተን ታድዮስ ታንቱ በመድረክ የሀሳብ ፍጭት በደንብ ያሳምናል። ዛሬ ላይ እንዴት እንደደረስክ ሳታምን መምጣትህን,dev,2024,google/mt5-base,models/mt5_detox_baseline/seed2024,beam4,ቦቅቧቃ እንደአንተ አይነቱን ታድዮስ በመድረክ አስነጥሶ ይዘርራል። እዚህ እንዴት እንደደረስክ የካድክ ውለታ ቢስ መሆንህን የሚያሳየ,ቦቅቧቃ እንደአንተ አይነቱን ታድዮስ በመድረክ አስነጥሶ ይዘርራል። እዚህ እንዴት እንደደረስክ የካድክ ውለታ ቢስ መሆንህን የሚያሳየ,False,False,False,False,False,False,False,82
ar-0013,ar-g0018,ar,أنت مختل عقلبا ؟,أليس لديك عقل؟,dev,2024,google/mt5-base,models/mt5_detox_baseline/seed2024,beam4,أنت مختل عقلبا؟,أنت مختل عقلبا؟,False,False,False,False,False,False,False,15
ar-0033,ar-g0219,ar,قسم بالله اغبى قرار تحكيمي شفته بحياتي يلعن ابوك ياكلب,قسم بالله اغبى قرار تحكيمي شفته بحياتي,dev,2024,google/mt5-base,models/mt5_detox_baseline/seed2024,beam4,قسم بالله اغبى قرار تحكيمي شفته بحياتي,قسم بالله اغبى قرار تحكيمي شفته بحياتي,False,False,False,False,False,False,False,38
ar-0039,ar-g0114,ar,اي والله هو غبي اخاف يشله السيل بقوله ينتبه 🥵,اي والله اخاف يشله السيل بقوله ينتبه 🥵,dev,2024,google/mt5-base,models/mt5_detox_baseline/seed2024,beam4,اي والله هو اخاف يشله السيل بقوله ينتبه 🥵,اي والله هو اخاف يشله السيل بقوله ينتبه 🥵,False,False,False,False,False,False,False,41
ar-0049,ar-g0154,ar,حد يقع في نفس الغلط مرتين؟ انت اهبل يابني؟ *وانا رايح عن الغلط البيت*,حد يقع في نفس الغلط مرتين؟ انت ما تفكر يابني؟ *وانا رايح عن الغلط البيت*,dev,2024,google/mt5-base,models/mt5_detox_baseline/seed2024,beam4,حد يقع في نفس الغلط مرتين؟ انت اهبل يابني؟ *وانا رايح عن الغلط البيت*,حد يقع في نفس الغلط مرتين؟ انت اهبل يابني؟ *وانا رايح عن الغلط البيت*,False,False,True,True,False,False,False,69
ar-0062,ar-g0024,ar,أوه، شيء آخر، عندما يتعلق الأمر بالحياة قبل التاريخ، يا رفاق انتم أغبياء!,أوه، شيء آخر، عندما يتعلق الأمر بالحياة قبل التاريخ، يا رفاق ليستم أذكياء .,dev,2024,google/mt5-base,models/mt5_detox_baseline/seed2024,beam4,أوه، شيء آخر، عندما يتعلق الأمر بالحياة قبل التاريخ، يا رفاق انتم أغبياء,أوه، شيء آخر، عندما يتعلق الأمر بالحياة قبل التاريخ، يا رفاق انتم أغبياء,False,False,False,False,False,False,False,72
ar-0083,ar-g0283,ar,ماشي يا اقرع مقبوله منك,ماشي مقبوله منك,dev,2024,google/mt5-base,models/mt5_detox_baseline/seed2024,beam4,ماشي يا اقرع مقبوله منك,ماشي يا اقرع مقبوله منك,False,False,True,True,False,False,False,23
ar-0104,ar-g0238,ar,لأنك انسان مخنوث لو انت رجال ما تذكر العار لكن خذ لك رد شافي وتحياتي لما تقعون رجال وتعتمدو,لأنك انسان غير سوي لو انت رجال ما تذكر العار لكن خذ لك رد شافي وتحياتي لما تقعون رجال وتعتمدو,dev,2024,google/mt5-base,models/mt5_detox_baseline/seed2024,beam4,لأنك انسان ما تذكر العار لكن خذ لك رد شافي وتحياتي لما تقعون رجال وتعتمدو,لأنك انسان ما تذكر العار لكن خذ لك رد شافي وتحياتي لما تقعون رجال وتعتمدو,False,False,False,False,False,False,False,73
ar-0127,ar-g0396,ar,يلعن امك سيدي الحكم هههههه,سيدي الحكم هههههه,dev,2024,google/mt5-base,models/mt5_detox_baseline/seed2024,beam4,يلعن امك سيدي الحكم,يلعن امك سيدي الحكم,False,False,False,False,False,False,False,19
ar-0156,ar-g0226,ar,كفايه تقديس للاعبين القدامى والله كانو عبط درجه اولى,كفايه تقديس للاعبين القدامى والله كانو مبتدئين درجه اولى,dev,2024,google/mt5-base,models/mt5_detox_baseline/seed2024,beam4,كفايه تقديس للاعبين القدامى والله كانو عبط درجه اول,كفايه تقديس للاعبين القدامى والله كانو عبط درجه اول,False,False,False,False,False,False,False,51
ar-0165,ar-g0196,ar,عاش حياة فارغة وبائسة .,عاش حياة فارغة ومثيرة للشفقة.,dev,2024,google/mt5-base,models/mt5_detox_baseline/seed2024,beam4,عاش حياة فارغة وبائسة .,عاش حياة فارغة وبائسة .,False,False,True,True,False,False,False,23
ar-0179,ar-g0387,ar,يالييييييييل نادي متخلف ادفعوله ال٥ مليون وفكوا امنا لازم كل موسم قبل مباراه الهلال تخربونهااااا,يالييييييييل نادي مبتدئ ادفعوله ال٥ مليون وفكوا امنا لازم كل موسم قبل مباراه الهلال تخربونهااااا,dev,2024,google/mt5-base,models/mt5_detox_baseline/seed2024,beam4,يالييييييييل نادي متخلف ادفعوله ال٥ مليون وفكوا امنا لازم كل موسم قبل مباراه الهلال تخربونهااااا,يالييييييييل نادي متخلف ادفعوله ال٥ مليون وفكوا امنا لازم كل موسم قبل مباراه الهلال تخربونهااااا,False,False,True,True,False,False,False,96
ar-0187,ar-g0117,ar,بس اذا كان زنجي لا تزوجه القبائل لعدم تكافوء النسب,بس اذا كان إفريقي لا تزوجه القبائل لعدم تكافوء النسب,dev,2024,google/mt5-base,models/mt5_detox_baseline/seed2024,beam4,بس اذا كان زنجي لا تزوجه القبائل لعدم تكافوء النسب,بس اذا كان زنجي لا تزوجه القبائل لعدم تكافوء النسب,False,False,True,True,False,False,False,50
ar-0189,ar-g0009,ar,أقرباء ميامي و هافانا الصغار مجانين بما يكفي ليفعلوا هذا,إن أقرباء ميامي أي أهل مكة وهافانا الصغير أي أهل مكة يستطيعون ذلك أي جزاءه.,dev,2024,google/mt5-base,models/mt5_detox_baseline/seed2024,beam4,أقرباء ميامي و هافانا الصغار مجانين بما يكفي ليفعلوا هذا,أقرباء ميامي و هافانا الصغار مجانين بما يكفي ليفعلوا هذا,False,False,True,True,False,False,False,56
ar-0220,ar-g0167,ar,ده قصر قردوغان الجديد، عامل فيه حمام سباحة اوليمبي مسميه البحر المتوسط وقاعد عمال يحط بلوكات فيه وكاتب عليها بتاعتي,ده قصر أردوغان الجديد، عامل فيه حمام سباحة اوليمبي مسميه البحر المتوسط وقاعد عمال يحط بلوكات فيه وكاتب عليها بتاعتي,dev,2024,google/mt5-base,models/mt5_detox_baseline/seed2024,beam4,ده قصر قردوغان الجديد، عامل فيه سباحة اوليمبي مسميه البحر المتوسط وقاعد عمال يحط بلوكات فيه وكاتب عليها بتاعتي,ده قصر قردوغان الجديد، عامل فيه سباحة اوليمبي مسميه البحر المتوسط وقاعد عمال يحط بلوكات فيه وكاتب عليها بتاعتي,False,False,False,False,False,False,False,110
ar-0228,ar-g0141,ar,تقتلوا النساء وتسجنونه وتقولوا انكم يمنيون لعنة الله عليكم يا متوردين,تقتلوا النساء وتسجنونه وتقولوا انكم يمنيون,dev,2024,google/mt5-base,models/mt5_detox_baseline/seed2024,beam4,تقتلوا النساء وتسجنونه وتقولوا انكم يمنيون,تقتلوا النساء وتسجنونه وتقولوا انكم يمنيون,False,False,False,False,False,False,False,42
ar-0257,ar-g0330,ar,هذا كل مايهمكم لعنة الله عليكم جميعا البلاد تغرق وأنتم مشغولين بمواقع التواصل,هذا كل مايهمكم البلاد تغرق وأنتم مشغولين بمواقع التواصل,dev,2024,google/mt5-base,models/mt5_detox_baseline/seed2024,beam4,هذا كل مايهمكم لعنة الله عليكم جميعا البلاد تغرق وأنتم مشغولين بمواقع التواصل,هذا كل مايهمكم لعنة الله عليكم جميعا البلاد تغرق وأنتم مشغولين بمواقع التواصل,False,False,True,True,False,False,False,77
ar-0280,ar-g0045,ar,احمد ربك انا اصحى من النوم المطر يخلص الله يلعنك 💔,احمد ربك انا اصحى من النوم المطر يخلص الله عليك 💔,dev,2024,google/mt5-base,models/mt5_detox_baseline/seed2024,beam4,احمد ربك انا اصحى من النوم المطر يخلص الله يلعنك 💔,احمد ربك انا اصحى من النوم المطر يخلص الله يلعنك 💔,False,False,True,True,False,False,False,50
ar-0283,ar-g0064,ar,اقول لا تحتك بالاصفر الكبير الاتحاد لوحدة كبير والبقية جنبه اقزام,اقول لا تحتك بالاصفر الكبير الاتحاد لوحدة كبير والبقية جنبه صغار,dev,2024,google/mt5-base,models/mt5_detox_baseline/seed2024,beam4,اقول لا تحتك بالاصفر الكبير الاتحاد لوحدة كبير والبقية جنبه اقزام,اقول لا تحتك بالاصفر الكبير الاتحاد لوحدة كبير والبقية جنبه اقزام,False,False,True,True,False,False,False,65
ar-0299,ar-g0028,ar,إذا جاء أي من الأطفال الذين لا يحترمون الديمقراطية، فسيكون ذلك هجرة غبية,إذا أتى أي من الأطفال الذين لا يحترمون الديمقراطية، فإنه سيكون استنزاف سيئ.,dev,2024,google/mt5-base,models/mt5_detox_baseline/seed2024,beam4,إذا جاء أي من الأطفال الذين لا يحترمون الديمقراطية، فسيكون ذلك هجرة غبية,إذا جاء أي من الأطفال الذين لا يحترمون الديمقراطية، فسيكون ذلك هجرة غبية,False,False,True,True,False,False,False,72
ar-0304,ar-g0059,ar,اعوذ بالله من قناه العربيه والقائمون عليها يريدون ان يظهروا الناس كلهم كفار كماهو حالهم,اعوذ بالله من قناه العربيه والقائمون عليها يريدون ان يظهروا الناس كلهم كفار,dev,2024,google/mt5-base,models/mt5_detox_baseline/seed2024,beam4,اعوذ بالله من قناه العربيه والقائمون عليها يريدون ان يظهروا الناس كلهم كفار كماهو حالهم,اعوذ بالله من قناه العربيه والقائمون عليها يريدون ان يظهروا الناس كلهم كفار كماهو حالهم,False,False,True,True,False,False,False,87
ar-0326,ar-g0076,ar,السيسى خطط البحر المتوسط بالكامل علشان يوقف قردوغان على حدوده,السيسى خطط البحر المتوسط بالكامل علشان يوقف أردوغان على حدوده,dev,2024,google/mt5-base,models/mt5_detox_baseline/seed2024,beam4,السيسى خطط البحر المتوسط بالكامل علشان يوقف قردوغان على حدوده,السيسى خطط البحر المتوسط بالكامل علشان يوقف قردوغان على حدوده,False,False,True,True,False,False,False,61
ar-0328,ar-g0185,ar,شوفي لا تخليني ادعسك الحين,شوفي لا تخليني أزعلك الحين,dev,2024,google/mt5-base,models/mt5_detox_baseline/seed2024,beam4,شوفي لا تخليني ادعسك الحين,شوفي لا تخليني ادعسك الحين,False,False,True,True,False,False,False,26
ar-0330,ar-g0276,ar,ما ترجع لو كنت مارق من صوب البور مش كان احسن,كس اختك ما ترجع لو كنت مارق من صوب البور مش كان احسن,dev,2024,google/mt5-base,models/mt5_detox_baseline/seed2024,beam4,ما ترجع لو كنت مارق من صوب البور مش كان احسن,ما ترجع لو كنت مارق من صوب البور مش كان احسن,False,False,True,True,False,False,False,44
ar-0334,ar-g0133,ar,تدعمون الحوثي في الخفاء وتدينون في العلن لعنة الله عليكم أين ذهبت مضادت الصواريخ الخاصة بكم إن كنتم…,تدعمون الحوثي في الخفاء وتدينون في العلن أين ذهبت مضادت الصواريخ الخاصة بكم إن كنتم…,dev,2024,google/mt5-base,models/mt5_detox_baseline/seed2024,beam4,تدعمون الحوثي في الخفاء وتدينون في العلن,تدعمون الحوثي في الخفاء وتدينون في العلن,False,False,False,False,False,False,False,40
ar-0343,ar-g0081,ar,الفقراء هم أغبياء مقرفين لا يستحقون الرعاية الصحية أبداً، أليس كذلك؟,الفقراء لا يستحقون الحصول على الرعاية الصحية,dev,2024,google/mt5-base,models/mt5_detox_baseline/seed2024,beam4,الفقراء هم أغبياء لا يستحقون الرعاية الصحية أبداً، أليس كذلك؟,الفقراء هم أغبياء لا يستحقون الرعاية الصحية أبداً، أليس كذلك؟,False,False,False,False,False,False,False,61
ar-0348,ar-g0012,ar,أنا أمريكي قوقازي، وهؤلاء الأغبياء ذوي الرؤوس المدببة الذين يواجهون تحديات معرفية لا يمثلونني بأي حال من الأحوال.,أنا أمريكي قوقازي، وهؤلاء الأشخاص الذين يواجهون تحديات معرفية لا يمثلونني بأي حال من الأحوال.,dev,2024,google/mt5-base,models/mt5_detox_baseline/seed2024,beam4,أنا أمريكي، وهؤلاء الأغبياء الذين يواجهون تحديات معرفية لا يمثلونني بأي حال من الأحوال.,أنا أمريكي، وهؤلاء الأغبياء الذين يواجهون تحديات معرفية لا يمثلونني بأي حال من الأحوال.,False,False,False,False,False,False,False,87
ar-0356,ar-g0211,ar,فقط الناس الأغبياء سيعتقدون ذلك,الناس الغير حكيمين سيعتقدون ذلك,dev,2024,google/mt5-base,models/mt5_detox_baseline/seed2024,beam4,فقط الناس الأغبياء سيعتقدون ذلك,فقط الناس الأغبياء سيعتقدون ذلك,False,False,True,True,False,False,False,31
de-0013,de-g0254,de,"Na die Alte fliegt ja sehr gerne um die Welt. Man sollte jede Passagierliste nach Der durchsuchen, und Bilder machen wenn man sie im Flieger erwischt.🤮🤮🤮","Na die Frau fliegt ja sehr gerne um die Welt. Man sollte jede Passagierliste nach Der durchsuchen, und Bilder machen wenn man sie im Flieger erwischt.🤮🤮🤮",dev,2024,google/mt5-base,models/mt5_detox_baseline/seed2024,beam4,"Na die Alte fliegt ja sehr gerne um die Welt. Man sollte jede Passagierliste nach Der durchsuchen, und Bilder machen wenn man sie im Flieger erwischt.🤮🤮🤮","Na die Alte fliegt ja sehr gerne um die Welt. Man sollte jede Passagierliste nach Der durchsuchen, und Bilder machen wenn man sie im Flieger erwischt.🤮🤮🤮",False,False,True,True,False,False,False,153
de-0014,de-g0361,de,auch heute wieder nur drittklassige #Laiendarsteller in einem extrem beschissenen #Tatort #ARD,auch heute wieder nur drittklassige #Laiendarsteller in einem schlechten #Tatort #ARD,dev,2024,google/mt5-base,models/mt5_detox_baseline/seed2024,beam4,auch heute wieder nur drittklassige #Laiendarsteller in einem extrem schlimmen #Tatort #ARD,auch heute wieder nur drittklassige #Laiendarsteller in einem extrem schlimmen #Tatort #ARD,False,False,False,False,False,False,False,91
de-0031,de-g0392,de,weil es Ihre Meinung ist - 😂😂wie Blöd muss man sein 🙈🙈🙈,weil es Ihre Meinung ist - 😂😂,dev,2024,google/mt5-base,models/mt5_detox_baseline/seed2024,beam4,weil es Ihre Meinung ist - 😂😂wie blöd muss man sein 🙈🙈🙈,weil es Ihre Meinung ist - 😂😂wie blöd muss man sein 🙈🙈🙈,False,False,False,True,False,False,False,55
de-0036,de-g0102,de,Die Pisser wollten schon immer unsere Länderein um jeden Preis und jetzt haben sie die Bruder .....,Die wollten schon immer unsere Länderein um jeden Preis und jetzt haben sie die Bruder .....,dev,2024,google/mt5-base,models/mt5_detox_baseline/seed2024,beam4,Die Pisser wollten schon immer unsere Länderein um jeden Preis und jetzt haben sie die Bruder .....,Die Pisser wollten schon immer unsere Länderein um jeden Preis und jetzt haben sie die Bruder .....,False,False,True,True,False,False,False,99
de-0043,de-g0040,de,Auch ein Merkel Vasall der das sagen muss was diese Volksverräterin vorgibt!!! Lügenpresse!!!,Auch ein Merkel Anhänger der das sagen muss was diese Frau vorgibt!!! unehrliche Presse!!!,dev,2024,google/mt5-base,models/mt5_detox_baseline/seed2024,beam4,Auch ein Merkel Vasall der das sagen muss was diese Volksverräterin vorgibt!!!,Auch ein Merkel Vasall der das sagen muss was diese Volksverräterin vorgibt!!!,False,False,False,False,False,False,False,78
de-0065,de-g0044,de,"Bei #Halbneger meldet sich Till #Schweiger grosskotzig zu Wort, bei Mord an #Mila Valentin hört man nichts von diesen Heuchler.","Bei bestimmten Themen meldet sich Till #Schweiger laut zu Wort, bei Mord an #Mila Valentin hört man nichts von ihm.",dev,2024,google/mt5-base,models/mt5_detox_baseline/seed2024,beam4,"Bei #Halbneger meldet sich Till #Schweiger grosskotzig zu Wort, bei Mord an #Mila Valentin hört man nichts von diesen Heuchlern.","Bei #Halbneger meldet sich Till #Schweiger grosskotzig zu Wort, bei Mord an #Mila Valentin hört man nichts von diesen Heuchlern.",False,False,False,False,False,False,False,128
de-0067,de-g0022,de,"@USER_0: @USER_1 @USER_2 Tauber, ich würde sagen, die tatsächlichen Arschlöcher sitzen in der Regierung. SO IST ES!","@USER_0: @USER_1 @USER_2 Tauber, ich würde sagen, die tatsächlich Schlimmen sitzen in der Regierung. SO IST ES!",dev,2024,google/mt5-base,models/mt5_detox_baseline/seed2024,beam4,"@USER_0: @USER_1 @USER_2 Tauber, ich würde sagen, die tatsächlichen Personen sitzen in der Regierung. So ist es.","@USER_0: @USER_1 @USER_2 Tauber, ich würde sagen, die tatsächlichen Personen sitzen in der Regierung. So ist es.",False,False,False,False,False,False,False,112
de-0076,de-g0313,de,"Tusk wird in Polen als derjenige wahrgenommen, der Merkel in den Ar*** kriecht, war sich seiner ""Sache"" sicher u. verlor d. Wahl","Tusk wird in Polen als derjenige wahrgenommen, der Merkel gefallen will, war sich seiner ""Sache"" sicher u. verlor d. Wahl",dev,2024,google/mt5-base,models/mt5_detox_baseline/seed2024,beam4,"Tusk wird in Polen als derjenige wahrgenommen, der Merkel in den Ar*** kriecht, war sich seiner ""Sache"" sicher u. verlor d. Wahl","Tusk wird in Polen als derjenige wahrgenommen, der Merkel in den Ar*** kriecht, war sich seiner ""Sache"" sicher u. verlor d. Wahl",False,False,True,True,False,False,False,128
de-0096,de-g0066,de,Das ist ein Spinner der Türken hasst,Das ist eine Person die Türken nicht mag,dev,2024,google/mt5-base,models/mt5_detox_baseline/seed2024,beam4,Das ist eine Person der Türken hasst,Das ist eine Person der Türken hasst,False,False,False,False,False,False,False,36
de-0098,de-g0234,de,Leute regt euch nicht auf....negative Berichte haben eine positive Wirkung....AfD bleibt und wird stärker. Wie sagte die komische Kuh von den Grünen...und ich freu mich darauf....😂😂,Leute regt euch nicht auf....negative Berichte haben eine positive Wirkung....AfD bleibt und wird stärker. Wie sagte die eine Frau von den Grünen...und ich freu mich darauf....😂😂,dev,2024,google/mt5-base,models/mt5_detox_baseline/seed2024,beam4,Leute regt euch nicht auf....negative Berichte haben eine positive Wirkung....AfD bleibt und wird stärker. Wie sagte die von den Grünen...und ich freu mich darauf....😂😂,Leute regt euch nicht auf....negative Berichte haben eine positive Wirkung....AfD bleibt und wird stärker. Wie sagte die von den Grünen...und ich freu mich darauf....😂😂,False,False,False,False,False,False,False,168
de-0110,de-g0205,de,In dem Schwarz Grün regierden Hessen werden jetzt 8 zusätzliche Psychologen nur für die Jugendlichen Invasoren eingestellt. Jetzt AFD wählen,In dem Schwarz Grün regierden Hessen werden jetzt 8 zusätzliche Psychologen nur für die Jugendlichen Einwanderer eingestellt. Jetzt AFD wählen,dev,2024,google/mt5-base,models/mt5_detox_baseline/seed2024,beam4,In dem Schwarz Grün regierden Hessen werden jetzt 8 zusätzliche Psychologen nur für die Jugendlichen eingestellt. Jetzt AFD wählen,In dem Schwarz Grün regierden Hessen werden jetzt 8 zusätzliche Psychologen nur für die Jugendlichen eingestellt. Jetzt AFD wählen,False,False,False,False,False,False,False,130
de-0122,de-g0395,de,wie kann man nur derart strunzdumme Moderatoren wie bei #taff auf #ProSieben beschäftigen,wie kann man nur solche Moderatoren wie bei #taff auf #ProSieben beschäftigen,dev,2024,google/mt5-base,models/mt5_detox_baseline/seed2024,beam4,Wie kann man nur derart strunzdumme Moderatoren wie bei #taff auf #ProSieben beschäftigen,Wie kann man nur derart strunzdumme Moderatoren wie bei #taff auf #ProSieben beschäftigen,False,False,False,True,False,False,False,89
de-0131,de-g0354,de,Wie gehabt bei Illner Grüner + zwei Journalisten ein CDU u die Rot Grün versiffte Gesine Schwan ZDF versucht Grüne hochzupuschen. AFD wählen,Wie gehabt bei Illner Grüner + zwei Journalisten ein CDU u die Rot Grüne Gesine Schwan ZDF versucht Grüne hochzupuschen. AFD wählen,dev,2024,google/mt5-base,models/mt5_detox_baseline/seed2024,beam4,Wie gehabt bei Illner Grüner + zwei Journalisten ein CDU u die Rot Grün versiffte Gesine Schwan ZDF versucht Grüne hochzupuschen. AFD wählen,Wie gehabt bei Illner Grüner + zwei Journalisten ein CDU u die Rot Grün versiffte Gesine Schwan ZDF versucht Grüne hochzupuschen. AFD wählen,False,False,True,True,False,False,False,140
de-0141,de-g0276,de,"Sag mal glaubt ihr allen Ernstes die Kacke dieser sogenannten Umfragen, mal ehrlich??","Sag mal glaubt ihr allen Ernstes diesen Quatsch dieser sogenannten Umfragen, mal ehrlich??",dev,2024,google/mt5-base,models/mt5_detox_baseline/seed2024,beam4,"Sag mal glaubt ihr allen Ernstes dieser sogenannten Umfragen, mal ehrlich??","Sag mal glaubt ihr allen Ernstes dieser sogenannten Umfragen, mal ehrlich??",False,False,False,False,False,False,False,75
de-0156,de-g0178,de,Hey Charr...du bist kein guter Boxer...im Ami-Land haut dich jeder Sparingspartner wech du Pfeife...!. @USER_1,Hey Charr...du bist kein guter Boxer...in Amerika haut dich jeder Sparingspartner weg...!. @USER_1,dev,2024,google/mt5-base,models/mt5_detox_baseline/seed2024,beam4,Hey Charr...du bist kein guter Boxer...im Ami-Land haut dich jeder Sparingspartner wech du Pfeife...!. @USER_1,Hey Charr...du bist kein guter Boxer...im Ami-Land haut dich jeder Sparingspartner wech du Pfeife...!. @USER_1,False,False,True,True,False,False,False,110
de-0179,de-g0129,de,"Dummes Gelaber wegen Abschiebung in unsichere Staaten. Berlin, Manchester. und Nizza liegen auch in unsicheren Staaten. Also keine Hemmungen.","Unnötiges Gespräch wegen Abschiebung in unsichere Staaten. Berlin, Manchester. und Nizza liegen auch in unsicheren Staaten. Also keine Hemmungen.",dev,2024,google/mt5-base,models/mt5_detox_baseline/seed2024,beam4,"Dummes Gelaber wegen Abschiebung in unsichere Staaten. Berlin, Manchester. und Nizza liegen auch in unsicheren Staaten. Also keine Hemmungen.","Dummes Gelaber wegen Abschiebung in unsichere Staaten. Berlin, Manchester. und Nizza liegen auch in unsicheren Staaten. Also keine Hemmungen.",False,False,True,True,False,False,False,141
de-0180,de-g0086,de,"Der größte Finanzbetrüger aller Zeiten, trifft einen Grünen deutschfeindlichen Türken! Diese Dummlaberei sollte sich niemand antun!","Der größte Finanzbetrüger aller Zeiten, trifft einen Grünen mit türkischen Wurzeln! Dieses Gespräch sollte sich niemand anhören!!",dev,2024,google/mt5-base,models/mt5_detox_baseline/seed2024,beam4,"Der größte Finanzbetrüger aller Zeiten, trifft einen Grünen deutschfeindlichen Türken! Diese Unsinn sollte sich niemand antun!","Der größte Finanzbetrüger aller Zeiten, trifft einen Grünen deutschfeindlichen Türken! Diese Unsinn sollte sich niemand antun!",False,False,False,False,False,False,False,126
de-0202,de-g0048,de,Bis heute wusste ich garnicht das Jerusalem nicht die Hauptstadt von Israel ist...... Es ist eine Christen und Juden Angelegenheit...was geht es eigentlich die bärtigen Kinderschänder an..?,Bis heute wusste ich garnicht das Jerusalem nicht die Hauptstadt von Israel ist...... Es ist eine Christen und Juden Angelegenheit...was geht es eigentlich die bärtigen Männer an..?,dev,2024,google/mt5-base,models/mt5_detox_baseline/seed2024,beam4,Bis heute wusste ich garnicht das Jerusalem nicht die Hauptstadt von Israel ist...... Es ist eine Christen und Juden Angelegenheit...was geht es eigentlich die bärtigen Kinderschänder an..?,Bis heute wusste ich garnicht das Jerusalem nicht die Hauptstadt von Israel ist...... Es ist eine Christen und Juden Angelegenheit...was geht es eigentlich die bärtigen Kinderschänder an..?,False,False,True,True,False,False,False,189
de-0203,de-g0196,de,Ich scheisse auf die SPD !!!,Die SPD ist mir egal!!!,dev,2024,google/mt5-base,models/mt5_detox_baseline/seed2024,beam4,Ich scheisse auf die SPD !!!,Ich scheisse auf die SPD !!!,False,False,True,True,False,False,False,28
de-0217,de-g0168,de,Haben wir bei der Schwuchtel auch schon vermutet....,Haben wir bei dem Typ auch schon vermutet....,dev,2024,google/mt5-base,models/mt5_detox_baseline/seed2024,beam4,Haben wir bei der Schwuchtel auch schon vermutet....,Haben wir bei der Schwuchtel auch schon vermutet....,False,False,True,True,False,False,False,52
de-0247,de-g0101,de,Die Merkel hat Charakter.. Leider ist der scheisse! 😜👍,Die Merkel hat Charakter.. Leider ist der nicht mein Geschmack! 😜👍,dev,2024,google/mt5-base,models/mt5_detox_baseline/seed2024,beam4,Die Merkel hat Charakter.. Leider ist der schlau! 😜👍,Die Merkel hat Charakter.. Leider ist der schlau! 😜👍,False,False,False,False,False,False,False,52
de-0256,de-g0210,de,"Ist doch wahr, denn dieses dicke Etwas bekommt kaum zwei zusammenhängenden Sätze heraus und von sinnvoll rede ich garnicht erst 😜","Ist doch wahr, ich finde dieser Person fällt es manchmal schwer zwei zusammenhängenden Sätze zu sagen und sinnvoll finde ich sie auch nicht",dev,2024,google/mt5-base,models/mt5_detox_baseline/seed2024,beam4,"Ist doch wahr, denn dieses dicke Etwas bekommt kaum zwei zusammenhängenden Sätze heraus und von sinnvoll rede ich garnicht erst 😜","Ist doch wahr, denn dieses dicke Etwas bekommt kaum zwei zusammenhängenden Sätze heraus und von sinnvoll rede ich garnicht erst 😜",False,False,True,True,False,False,False,129
de-0266,de-g0127,de,Du meinst zwitter und zwitter ist kein Geschlecht sondern eine Behinderung die man von geburt aus leider hat,Du meinst intersexuell und intersexuell ist kein Geschlecht sondern eine biologische Variation die man von geburt aus leider hat,dev,2024,google/mt5-base,models/mt5_detox_baseline/seed2024,beam4,Du meinst zwitter und zwitter ist kein Geschlecht sondern eine Behinderung die man von geburt aus leider hat,Du meinst zwitter und zwitter ist kein Geschlecht sondern eine Behinderung die man von geburt aus leider hat,False,False,True,True,False,False,False,108
de-0326,de-g0356,de,Wo werden diese Clowns nur gezüchtet und wie entsteht solch eine Gesinnung ...?,Wo kommen diese Leute nur her und wie entsteht solch eine Gesinnung ...?,dev,2024,google/mt5-base,models/mt5_detox_baseline/seed2024,beam4,Wo werden diese Clowns nur gezüchtet und wie entsteht solch eine Gesinnung ...?,Wo werden diese Clowns nur gezüchtet und wie entsteht solch eine Gesinnung ...?,False,False,True,True,False,False,False,79
de-0339,de-g0209,de,Irgendwie beruhigend das es woanders noch schwachsinnigere Politik gibt als bei den deutschen...,Irgendwie beruhigend das es woanders noch unverständlichere Politik gibt als bei den deutschen...,dev,2024,google/mt5-base,models/mt5_detox_baseline/seed2024,beam4,Irgendwie beruhigend das es woanders noch schwachsinnigere Politik gibt als bei den deutschen...,Irgendwie beruhigend das es woanders noch schwachsinnigere Politik gibt als bei den deutschen...,False,False,True,True,False,False,False,96
de-0347,de-g0399,de,"😂😂😂 Phantomschmerz (fehlende Eier) und Machtgeilheit zwangen heute erneut den ""Bayern-Horsti"" ohne Vaseline  in den Ar*** der Kanzlerette 😜","😂😂😂 Phantomschmerz und Machtgier zwangen heute erneut den ""Bayern-Horsti"" sich bei der Kanzlerin einzuschmeicheln 😜",dev,2024,google/mt5-base,models/mt5_detox_baseline/seed2024,beam4,"😂😂😂 Phantomschmerz (fehlende Eier) und Machtgeilheit zwangen heute erneut den ""Bayern-Horsti"" ohne Vaseline in den Ar*** der Kanzlerette 😜","😂😂😂 Phantomschmerz (fehlende Eier) und Machtgeilheit zwangen heute erneut den ""Bayern-Horsti"" ohne Vaseline in den Ar*** der Kanzlerette 😜",False,False,True,True,False,False,False,138
de-0348,de-g0297,de,"So tief sind wir gesunken! Ein Merkel-Speichellecker mit dem IQ einer gewissen Fatima Roth, eine Null (außer im Tonnengewicht) als Finanzminister!","So tief sind wir gesunken! Ein Merkel-Unterstützer mit dem IQ einer gewissen Fatima Roth, eine Null (außer im Tonnengewicht) als Finanzminister!",dev,2024,google/mt5-base,models/mt5_detox_baseline/seed2024,beam4,"So tief sind wir gesunken! Ein Merkel-Anhänger mit dem IQ einer gewissen Fatima Roth, eine Null (außer im Tonnengewicht) als Finanzminister!","So tief sind wir gesunken! Ein Merkel-Anhänger mit dem IQ einer gewissen Fatima Roth, eine Null (außer im Tonnengewicht) als Finanzminister!",False,False,False,False,False,False,False,140
en-0001,en-g0060,en,My page should be protected first so that worthless scum like you can't keep vandalizing it.,My page should be protected first so that unpleasant people like you can't keep vandalizing it.,dev,2024,google/mt5-base,models/mt5_detox_baseline/seed2024,beam4,My page should be protected first so that worthless people can't keep vandalizing it.,My page should be protected first so that worthless people can't keep vandalizing it.,False,False,False,False,False,False,False,85
en-0009,en-g0162,en,"fuck minimum security , put him in real prison .",Put him in real prison,dev,2024,google/mt5-base,models/mt5_detox_baseline/seed2024,beam4,"fuck minimum security , put him in real prison.","fuck minimum security , put him in real prison.",False,False,False,False,False,False,False,47
en-0010,en-g0048,en,"I see nothing wrong with calling an asshole ""asshole"".","I see nothing wrong with calling bad people ""bad"".",dev,2024,google/mt5-base,models/mt5_detox_baseline/seed2024,beam4,"I see nothing wrong with calling an asshole ""asshole"".","I see nothing wrong with calling an asshole ""asshole"".",False,False,True,True,False,False,False,54
en-0011,en-g0139,en,can t people just leave cuba alone so it can get it s feet under itself for number fuckin minutes ? .,Can people just leave Cuba to itself so it can get its feet under itself for number minutes?,dev,2024,google/mt5-base,models/mt5_detox_baseline/seed2024,beam4,can t people just leave Cuba alone so it can get it s feet under itself for number of minutes?,can t people just leave Cuba alone so it can get it s feet under itself for number of minutes?,False,False,False,False,False,False,False,94
en-0021,en-g0179,en,harper was nothing but incompetent and corrupt .,Harper was incompentent and unfair,dev,2024,google/mt5-base,models/mt5_detox_baseline/seed2024,beam4,Harper was nothing but incompetent and corrupt,Harper was nothing but incompetent and corrupt,False,False,False,False,False,False,False,46
en-0034,en-g0274,en,no self - respecting australian or new zealand would read such hateful shit .,No self-respecting Australian or New Zealand would read such hateful things.,dev,2024,google/mt5-base,models/mt5_detox_baseline/seed2024,beam4,No self - respecting australian or new zealand would read such hateful stuff.,No self - respecting australian or new zealand would read such hateful stuff.,False,False,False,False,False,False,False,77
en-0054,en-g0114,en,"also , why the fuck is tepco anywhere near this ? .","also , why is tepco anywhere near this ?",dev,2024,google/mt5-base,models/mt5_detox_baseline/seed2024,beam4,And why the person is tepco anywhere near this ?,And why the person is tepco anywhere near this ?,False,False,False,False,False,False,False,48
en-0086,en-g0092,en,They're more than welcome to take their brain dead asses back to their shithole country.,They're more than welcome to take themselves back to their country.,dev,2024,google/mt5-base,models/mt5_detox_baseline/seed2024,beam4,They're more than welcome to take their asses back to their country.,They're more than welcome to take their asses back to their country.,False,False,False,False,False,False,False,68
en-0092,en-g0334,en,then drench the fucking thing with bbq sauce !,Please drench the meat with bbq sauce,dev,2024,google/mt5-base,models/mt5_detox_baseline/seed2024,beam4,And then drench the thing with bbq sauce,And then drench the thing with bbq sauce,False,False,False,False,False,False,False,40
en-0113,en-g0247,en,its my talk page. keep the bitching off it. thanks.,It is my talk page. Stay away from it. Thanks.,dev,2024,google/mt5-base,models/mt5_detox_baseline/seed2024,beam4,It's my talk page. keep the bitching off it. thanks,It's my talk page. keep the bitching off it. thanks,False,False,False,False,False,False,False,51
en-0130,en-g0372,en,west is the spoiled shit .,west is bad.,dev,2024,google/mt5-base,models/mt5_detox_baseline/seed2024,beam4,west is the bad person.,west is the bad person.,False,False,False,False,False,False,False,23
en-0135,en-g0127,en,assad must be shitting his pants in fear .,Assad must be afraid,dev,2024,google/mt5-base,models/mt5_detox_baseline/seed2024,beam4,Assad must be shitting his pants in fear,Assad must be shitting his pants in fear,False,False,False,False,False,False,False,40
en-0145,en-g0041,en,I can call people whatever I like idiot.,I can call people whatever I like.,dev,2024,google/mt5-base,models/mt5_detox_baseline/seed2024,beam4,I can call people whatever I like.,I can call people whatever I like.,False,False,False,False,False,False,False,34
en-0165,en-g0015,en,And why the fuck should i care?,And why should I care?,dev,2024,google/mt5-base,models/mt5_detox_baseline/seed2024,beam4,And why should i care?,And why should i care?,False,False,False,False,False,False,False,22
en-0185,en-g0163,en,fuck off - it is international airspace,it is international airspace,dev,2024,google/mt5-base,models/mt5_detox_baseline/seed2024,beam4,It is international airspace,It is international airspace,False,False,False,False,False,False,False,28
en-0189,en-g0010,en,"Also, I have the fucking rights to advertise my youtube.com videos","Also, I have the right to advertise my youtube.com videos",dev,2024,google/mt5-base,models/mt5_detox_baseline/seed2024,beam4,I have the rights to advertise my youtube.com videos,I have the rights to advertise my youtube.com videos,False,False,False,False,False,False,False,52
en-0195,en-g0285,en,people don t even wash their damn hands after taking a shit .,people don't even wash their hands after going to the toilet.,dev,2024,google/mt5-base,models/mt5_detox_baseline/seed2024,beam4,people don't even wash their hands after taking a shit.,people don't even wash their hands after taking a shit.,False,False,False,False,False,False,False,55
en-0201,en-g0343,en,they must have been pretty stupid to get caught in today environment .,They must have been incompetent to get caught in today environment.,dev,2024,google/mt5-base,models/mt5_detox_baseline/seed2024,beam4,they must have been pretty stupid to get caught in today environment.,they must have been pretty stupid to get caught in today environment.,False,False,False,False,False,False,False,69
en-0215,en-g0256,en,legacy of being a selfish shit head .,Legacy of being a selfish person,dev,2024,google/mt5-base,models/mt5_detox_baseline/seed2024,beam4,legacy of being a selfish person.,legacy of being a selfish person.,False,False,False,False,False,False,False,33
en-0224,en-g0077,en,Shut your mouth and stop talking. good boy,Can you please stop talking? Thanks.,dev,2024,google/mt5-base,models/mt5_detox_baseline/seed2024,beam4,Shut your mouth and stop talking. good boy,Shut your mouth and stop talking. good boy,False,False,True,True,False,False,False,42
en-0269,en-g0278,en,"not the rich and the government , but the people will be in shit street .","not the rich and the government , but the people will be in bad street.",dev,2024,google/mt5-base,models/mt5_detox_baseline/seed2024,beam4,"not the rich and the government , but the people will be in shit street.","not the rich and the government , but the people will be in shit street.",False,False,False,False,False,False,False,72
en-0292,en-g0328,en,the guy was fucking shot ! .,The guy was shot,dev,2024,google/mt5-base,models/mt5_detox_baseline/seed2024,beam4,the guy was shot ! .,the guy was shot ! .,False,False,False,False,False,False,False,20
en-0297,en-g0296,en,selective censorship and non reporting of factual and correct statements he makes of other leaders idiotic decisions !,Selective censorship and non reporting of factual and correct statements he makes of other leaders bad decisions,dev,2024,google/mt5-base,models/mt5_detox_baseline/seed2024,beam4,Selective censorship and non reporting of factual and correct statements he makes of other leaders unpleasant decisions.,Selective censorship and non reporting of factual and correct statements he makes of other leaders unpleasant decisions.,False,False,False,False,False,False,False,120
en-0331,en-g0244,en,it tastes like shit and i 've never even seen it available outside of five - star restaurants .,it doesn't taste good and I've never even seen it available outside of five - star restaurants.,dev,2024,google/mt5-base,models/mt5_detox_baseline/seed2024,beam4,It tastes like bad food and i 've never even seen it available outside of five - star restaurants.,It tastes like bad food and i 've never even seen it available outside of five - star restaurants.,False,False,False,False,False,False,False,98
en-0342,en-g0177,en,"haha okay i m a sick fuck to find that entertaining , i ll see myself out .","haha okay i m weird to find that entertaining , i ll see myself out .",dev,2024,google/mt5-base,models/mt5_detox_baseline/seed2024,beam4,"haha okay i m a bad person to find that entertaining , i ll see myself out .","haha okay i m a bad person to find that entertaining , i ll see myself out .",False,False,False,False,False,False,False,76
en-0372,en-g0165,en,"fuck them and all their pussy , shitty , fucking rules .",Away with them and I refuse to live by their rules,dev,2024,google/mt5-base,models/mt5_detox_baseline/seed2024,beam4,fuck them and all their rules .,fuck them and all their rules .,False,False,False,False,False,False,False,31
en-0380,en-g0208,en,i couldn t even tell what the fuck it s saying .,I couldn't even tell what it was saying.,dev,2024,google/mt5-base,models/mt5_detox_baseline/seed2024,beam4,I couldn't even tell what the person s saying.,I couldn't even tell what the person s saying.,False,False,False,False,False,False,False,46
es-0005,es-g0241,es,Que analogía rebuscada y de mierda,Qué analogía confusa,dev,2024,google/mt5-base,models/mt5_detox_baseline/seed2024,beam4,Que analogía rebuscada y de mierda,Que analogía rebuscada y de mierda,False,False,True,True,False,False,False,34
es-0006,es-g0210,es,"Periodismo de mierda justificando esto !""","Periodismo justificando esto !""",dev,2024,google/mt5-base,models/mt5_detox_baseline/seed2024,beam4,"Periodismo de mierda justificando esto !""","Periodismo de mierda justificando esto !""",False,False,True,True,False,False,False,41
es-0022,es-g0283,es,Te das cuenta la panda de retrasados que se han puesto a soltar espumarajos?,Te das cuenta qué ridiculous se han puesto a soltar espumajaros.,dev,2024,google/mt5-base,models/mt5_detox_baseline/seed2024,beam4,Te das cuenta la panda de retrasados que se han puesto a soltar espumarajos,Te das cuenta la panda de retrasados que se han puesto a soltar espumarajos,False,False,False,False,False,False,False,75
es-0041,es-g0109,es,"Habla español, catalán de mierda 😋",Habla español,dev,2024,google/mt5-base,models/mt5_detox_baseline/seed2024,beam4,"Habla español, catalan de mierda 😋","Habla español, catalan de mierda 😋",False,False,False,False,False,False,False,34
es-0048,es-g0249,es,"Que traigan otro cargamento, necesitamos más pagapensiones son una inversión de futuro.","Que traigan otro cargamento, necesitamos más contribuyentes para asegurar las pensiones; son una inversión de futuro.",dev,2024,google/mt5-base,models/mt5_detox_baseline/seed2024,beam4,"Que traigan otro cargamento, necesitamos más pagapensiones son una inversión de futuro.","Que traigan otro cargamento, necesitamos más pagapensiones son una inversión de futuro.",False,False,True,True,False,False,False,87
es-0057,es-g0200,es,O sea que ahora la mafia tiene viajes de ida y vuelta,Así que ahora la mafia ofrece viajes de ida y vuelta.,dev,2024,google/mt5-base,models/mt5_detox_baseline/seed2024,beam4,O sea que ahora la gente tiene viajes de ida y vuelta,O sea que ahora la gente tiene viajes de ida y vuelta,False,False,False,False,False,False,False,53
es-0075,es-g0373,es,qué bonito es ver a fachas rabiar dios me ahogo,qué bonito es ver a fachas rabiar dios,dev,2024,google/mt5-base,models/mt5_detox_baseline/seed2024,beam4,qué bonito es ver a gente rabiar dios me ahogo,qué bonito es ver a gente rabiar dios me ahogo,False,False,False,False,False,False,False,46
es-0084,es-g0058,es,Daros prisa. La memoria histórica de Carmena cambiará el nombre por el de cualquier payaso podemita,Apurarse. La memoria histórica de Carmena cambiará su nombre por otro nombre podemita.,dev,2024,google/mt5-base,models/mt5_detox_baseline/seed2024,beam4,Daros prisa. La memoria histórica de Carmena cambiará el nombre por el de cualquier podemita,Daros prisa. La memoria histórica de Carmena cambiará el nombre por el de cualquier podemita,False,False,False,False,False,False,False,92
es-0114,es-g0182,es,Muchas veces en sus carceles sobornan a gente y viven como reyes.,En muchas ocasiones en sus cárceles sobornan a personas y viven con lujos.,dev,2024,google/mt5-base,models/mt5_detox_baseline/seed2024,beam4,Muchas veces en sus carceles sobornan a gente y viven como reyes.,Muchas veces en sus carceles sobornan a gente y viven como reyes.,False,False,True,True,False,False,False,65
es-0123,es-g0070,es,"El homófobo #obispo de #Cordoba recomienda rezar más en vacaciones [y follar menos, claro].  vía",El  #obispo de #Cordoba recomienda rezar más en vacaciones .  vía,dev,2024,google/mt5-base,models/mt5_detox_baseline/seed2024,beam4,El homófobo #obispo de #Cordoba recomienda rezar más en vacaciones,El homófobo #obispo de #Cordoba recomienda rezar más en vacaciones,False,False,False,False,False,False,False,66
es-0134,es-g0029,es,Asumen tu género por tu apariencia física. Son unos fascistas transfobos y homófobos.,Asumen tu género por tu apariencia física.,dev,2024,google/mt5-base,models/mt5_detox_baseline/seed2024,beam4,Asumen tu género por tu apariencia física. Son unos homófobos.,Asumen tu género por tu apariencia física. Son unos homófobos.,False,False,False,False,False,False,False,62
es-0146,es-g0043,es,Con el Zumo no se juega.,No se juega con el zumo.,dev,2024,google/mt5-base,models/mt5_detox_baseline/seed2024,beam4,Con el Zumo no se juega.,Con el Zumo no se juega.,False,False,True,True,False,False,False,24
es-0147,es-g0196,es,No te acerques que me tiznas le dijo la sarten al cazo... 😂 Los más fascistas de la izquierda,No te acerques que me tiznas le dijo la sarten al cazo...,dev,2024,google/mt5-base,models/mt5_detox_baseline/seed2024,beam4,No te acerques que me tiznas le dijo la sarten al cazo...,No te acerques que me tiznas le dijo la sarten al cazo...,False,False,False,False,False,False,False,57
es-0155,es-g0295,es,Tú debes de ser un facha costalero del PPodrido.,Debes ser un comerciante costero.,dev,2024,google/mt5-base,models/mt5_detox_baseline/seed2024,beam4,Tú debes de ser un tipo malo.,Tú debes de ser un tipo malo.,False,False,False,False,False,False,False,29
es-0165,es-g0205,es,Otro españolazo fascista coaccionando al pueblo catalán secesionista.,Otro españolazo coaccionando al pueblo catalán secesionista.,dev,2024,google/mt5-base,models/mt5_detox_baseline/seed2024,beam4,Otro españolazo fascista coaccionando al pueblo catalan secesionista,Otro españolazo fascista coaccionando al pueblo catalan secesionista,False,False,False,False,False,False,False,68
es-0185,es-g0081,es,Es asombroso el nivel de estupidez-robotización del adoctrinamiento progre.,Resultado: Es sorprendente el nivel de robotización en el adoctrinamiento progresista.,dev,2024,google/mt5-base,models/mt5_detox_baseline/seed2024,beam4,Es asombroso el nivel de estupidez-robotización del adoctrinamiento progre.,Es asombroso el nivel de estupidez-robotización del adoctrinamiento progre.,False,False,True,True,False,False,False,75
es-0206,es-g0288,es,"Tiene que ser fake, no me jodas. Jamás volverían a sus países.","Tiene que ser fake, no me hagas bromas. Jamás volverían a sus países.",dev,2024,google/mt5-base,models/mt5_detox_baseline/seed2024,beam4,"Tiene que ser fake, no me juegas. Jamás volverían a sus países.","Tiene que ser fake, no me juegas. Jamás volverían a sus países.",False,False,False,False,False,False,False,63
es-0213,es-g0108,es,Habla en español catalán de mierda.,Habla español catalán,dev,2024,google/mt5-base,models/mt5_detox_baseline/seed2024,beam4,Habla en español catalán,Habla en español catalán,False,False,False,False,False,False,False,24
es-0249,es-g0178,es,Menudo baño te están dando pequeño dictador! 👏👏👏👏👏👏👏,Menudo baño te están dando,dev,2024,google/mt5-base,models/mt5_detox_baseline/seed2024,beam4,Menudo baño te están dando pequeño dictador! 👏👏👏👏👏👏,Menudo baño te están dando pequeño dictador! 👏👏👏👏👏👏,False,False,False,False,False,False,False,51
es-0254,es-g0107,es,Gran puta estos chinos de mierda vinieron a arruinar mi año 😭,Estos chinos vinieron a arruinar mi año,dev,2024,google/mt5-base,models/mt5_detox_baseline/seed2024,beam4,Gran puta estos chinos vinieron a arruinar mi año 😭,Gran puta estos chinos vinieron a arruinar mi año 😭,False,False,False,False,False,False,False,51
es-0283,es-g0280,es,"Sólo me hacen encabronar, no debemos nada a Centroamérica ni los invasores para regalarles dinero.","Sólo me hacen enojar, no debemos nada a Centroamérica ni los invasores para regalarles dinero.",dev,2024,google/mt5-base,models/mt5_detox_baseline/seed2024,beam4,"Sólo me hacen encabronar, no debemos nada a Centroamérica ni los invasores para regalarles dinero","Sólo me hacen encabronar, no debemos nada a Centroamérica ni los invasores para regalarles dinero",False,False,False,False,False,False,False,97
es-0312,es-g0297,es,Un caracol inválido es más rápido que esta internet de mierda,Un caracol inválido es más rápido que esta internet,dev,2024,google/mt5-base,models/mt5_detox_baseline/seed2024,beam4,Un caracol inválido es más rápido que esta internet,Un caracol inválido es más rápido que esta internet,False,False,False,False,False,False,False,51
es-0328,es-g0259,es,SALVEMOS A ESE ANIMAL DE LAS GARRAS ASESINAS Y FASCISTAS YA,SALVEMOS A ESE ANIMAL DE LAS GARRAS  YA,dev,2024,google/mt5-base,models/mt5_detox_baseline/seed2024,beam4,SALVEMOS A ESE ANIMAL DE LAS GARRAS ASESINAS Y FASCISTAS YA,SALVEMOS A ESE ANIMAL DE LAS GARRAS ASESINAS Y FASCISTAS YA,False,False,True,True,False,False,False,59
es-0367,es-g0252,es,Quien putas está RT esa mierda ?,Quien está RT esto?,dev,2024,google/mt5-base,models/mt5_detox_baseline/seed2024,beam4,Quien está RT esa mierda ?,Quien está RT esa mierda ?,False,False,False,False,False,False,False,26
es-0393,es-g0328,es,"a la mierda directamente, OKUPAS en el gobierno.",OKUPAS en el gobierno.,dev,2024,google/mt5-base,models/mt5_detox_baseline/seed2024,beam4,"A la mierda directamente, OKUPAS en el gobierno.","A la mierda directamente, OKUPAS en el gobierno.",False,False,False,True,False,False,False,48
es-0395,es-g0110,es,"Hable como Hernández, ya sabemos que podes hablar mierda en ese canal, NARCO ¿Seguridad?","Hable como Hernandez, ya sabemos que podes hablar mal de ese canal. ¿Seguridad?",dev,2024,google/mt5-base,models/mt5_detox_baseline/seed2024,beam4,"Hable como Hernández, ya sabemos que podes hablar mal en ese canal, NARCO ¿Seguridad?","Hable como Hernández, ya sabemos que podes hablar mal en ese canal, NARCO ¿Seguridad?",False,False,False,False,False,False,False,85
es-0399,es-g0034,es,Buena gente acogemos en nuestro país. Traen lo mejorcito de la cultura de su país.,"Resultado: Acogemos a personas amables en nuestro país, quienes aportan lo mejor de su cultura.",dev,2024,google/mt5-base,models/mt5_detox_baseline/seed2024,beam4,Buena gente acogemos en nuestro país. Traen lo mejorcito de su país.,Buena gente acogemos en nuestro país. Traen lo mejorcito de su país.,False,False,False,False,False,False,False,68
hi-0017,hi-g0054,hi,इन सालों की गांड पर लात मार के बाहर कर देना चाहिए मादरचोद रास्ता जाम किये बैठा है,इन को जबरदस्ती बाहर कर देना चाहिए  रास्ता जाम किये बैठा है,dev,2024,google/mt5-base,models/mt5_detox_baseline/seed2024,beam4,इन सालों की गांड पर लात मार के बाहर कर देना चाहिए,इन सालों की गांड पर लात मार के बाहर कर देना चाहिए,False,False,False,False,False,False,False,49
hi-0019,hi-g0245,hi,"भड्वा, तल्वे चातु, कुत्ते से भी बडा कुत्ता देखना हो तो तुजे देख लेना चाहिये",अगर इस्से भी खराब इंसान देखना है तो तुम्हें देखना चाहिए,dev,2024,google/mt5-base,models/mt5_detox_baseline/seed2024,beam4,"भड्वा, तल्वे चातु, कुत्ते से भी बड़ा कुत्ता देखना हो तो तुजे देख लेना चाहिये","भड्वा, तल्वे चातु, कुत्ते से भी बड़ा कुत्ता देखना हो तो तुजे देख लेना चाहिये",False,False,False,False,False,False,False,76
hi-0020,hi-g0092,hi,"कभी तो अपने कॉम की गंदगी को साफ करो, हलाला, तहर्रूष, मुताह",कभी तो अपने कॉम की गंदगी को साफ करो,dev,2024,google/mt5-base,models/mt5_detox_baseline/seed2024,beam4,कभी तो अपने कॉम की गंदगी को साफ करो,कभी तो अपने कॉम की गंदगी को साफ करो,False,False,False,False,False,False,False,35
hi-0021,hi-g0066,hi,इस सुअर के बच्चे ने बहुत ही आपत्ती जनक भाषा का इस्तमाल किया है।,इस बेकार आदमी ने बहुत ही आपत्ती जनक भाषा का इस्तमाल किया है।,dev,2024,google/mt5-base,models/mt5_detox_baseline/seed2024,beam4,इस बुरे बच्चे ने बहुत ही आपत्ती जनक भाषा का इस्तमाल किया है।,इस बुरे बच्चे ने बहुत ही आपत्ती जनक भाषा का इस्तमाल किया है।,False,False,False,False,False,False,False,60
hi-0026,hi-g0380,hi,सूअर के पिछवाड़े मे और बाथरुम मे अपनी बेटी को ढूंढ रहा है,अपनी बेटी को हर जगह ढूंढ रहा है,dev,2024,google/mt5-base,models/mt5_detox_baseline/seed2024,beam4,सूअर के पिछवाड़े मे और बाथरुम मे अपनी बेटी को ढूंढ रहा है,सूअर के पिछवाड़े मे और बाथरुम मे अपनी बेटी को ढूंढ रहा है,False,False,True,True,False,False,False,57
hi-0039,hi-g0082,hi,"ऐसे नीच, घटिया, दुष्ट, असुर, राक्षस, मनोवृति के व्यक्ति की जगह केवल पागलखाना",ऐसे बुरे व्यक्ति की जगह केवल पागलखाना,dev,2024,google/mt5-base,models/mt5_detox_baseline/seed2024,beam4,ऐसे बुरे आदमी की जगह केवल पागलखाना,ऐसे बुरे आदमी की जगह केवल पागलखाना,False,False,False,False,False,False,False,34
hi-0061,hi-g0215,hi,"नमक हरामी की हद पार हुई, सुधर जाओ  सुवरों","धोखा देने की सीमा ही पार हुई, सुधर जाओ धोखेबाजों",dev,2024,google/mt5-base,models/mt5_detox_baseline/seed2024,beam4,"नमक हरामी की हद पार हुई, सुधर जाओ","नमक हरामी की हद पार हुई, सुधर जाओ",False,False,False,False,False,False,False,33
hi-0071,hi-g0088,hi,और भेनचोद बड़ी बड़ी बकचोदी कर रहा है ||,और बड़ी बड़ी बातें फेंक रहा है ||,dev,2024,google/mt5-base,models/mt5_detox_baseline/seed2024,beam4,और भेनचोद बड़ी बड़ी बकचोदी कर रहा है ||,और भेनचोद बड़ी बड़ी बकचोदी कर रहा है ||,False,False,True,True,False,False,False,39
hi-0100,hi-g0285,hi,"मादरजात सनी ,तेरे पास टाइम नही है ?","सनी ,तेरे पास टाइम नही है ?",dev,2024,google/mt5-base,models/mt5_detox_baseline/seed2024,beam4,"बेकार आदमी ,तेरे पास टाइम नही है ?","बेकार आदमी ,तेरे पास टाइम नही है ?",False,False,False,False,False,False,False,34
hi-0121,hi-g0084,hi,ओए कानिये इतने जल्दी में ट्वीट क्यों कर देते हो?,ओए इतने जल्दी में ट्वीट क्यों कर देते हो?,dev,2024,google/mt5-base,models/mt5_detox_baseline/seed2024,beam4,ओए कानिये इतने जल्दी में ट्वीट क्यों कर देते हो?,ओए कानिये इतने जल्दी में ट्वीट क्यों कर देते हो?,False,False,True,True,False,False,False,48
hi-0133,hi-g0266,hi,भोसड़ीके अगर अभी कुछ नहीं किया तो वोट मांगने मत आना।,अगर अभी कुछ नहीं किया तो वोट मांगने मत आना।,dev,2024,google/mt5-base,models/mt5_detox_baseline/seed2024,beam4,अभी कुछ नहीं किया तो वोट मांगने मत आना,अभी कुछ नहीं किया तो वोट मांगने मत आना,False,False,False,False,False,False,False,38
hi-0138,hi-g0284,hi,मादरजात राजनेताओं और भड़वा पत्रकारों के मुंह से उफ्फ तक नहीं निकलता,राजनेताओं और पत्रकारों के मुंह से उफ्फ तक नहीं निकलता,dev,2024,google/mt5-base,models/mt5_detox_baseline/seed2024,beam4,मादरजात राजनेताओं और पत्रकारों के मुंह से उफ्फ तक नहीं निकलता,मादरजात राजनेताओं और पत्रकारों के मुंह से उफ्फ तक नहीं निकलता,False,False,False,False,False,False,False,61
hi-0150,hi-g0399,hi,हलाला की पैदाइश सूअर की औलाद तू चुप कर,बुरे व्यवहार के आदमी तू चुप कर,dev,2024,google/mt5-base,models/mt5_detox_baseline/seed2024,beam4,हलाला की पैदाइश तू चुप कर,हलाला की पैदाइश तू चुप कर,False,False,False,False,False,False,False,25
hi-0153,hi-g0331,hi,ये हरामी खुलेआम अलगाववादी भाषा बोल रहा है।,ये बेकार आदमी खुलेआम अलगाववादी भाषा बोल रहा है।,dev,2024,google/mt5-base,models/mt5_detox_baseline/seed2024,beam4,ये खुलेआम अलगाववादी भाषा बोल रहा है।,ये खुलेआम अलगाववादी भाषा बोल रहा है।,False,False,False,False,False,False,False,36
hi-0178,hi-g0032,hi,"अरे भेनचोद चुतीया तु केरेक्टर की बात कर रहा है,","बुरी सोच वाला आदमी तु केरेक्टर की बात कर रहा है,",dev,2024,google/mt5-base,models/mt5_detox_baseline/seed2024,beam4,"अरे चुतीया तु केरेक्टर की बात कर रहा है,","अरे चुतीया तु केरेक्टर की बात कर रहा है,",False,False,False,False,False,False,False,40
hi-0182,hi-g0190,hi,तेरी मां का भोसड़ा जिस धोनी के नाम पर उछल रहा है ना उस धोनी को दादा ने बनाया तीन नम्बर पर बैटिंग करवा कर,जिस धोनी के नाम पर उछल रहे हो ना उस धोनी को दादा ने बनाया तीन नम्बर पर बैटिंग करवा कर,dev,2024,google/mt5-base,models/mt5_detox_baseline/seed2024,beam4,तेरी मां का भोसड़ा जिस धोनी के नाम पर उछल रहा है ना उस को दादा ने बनाया तीन नम्बर पर बैटिंग करवा कर,तेरी मां का भोसड़ा जिस धोनी के नाम पर उछल रहा है ना उस को दादा ने बनाया तीन नम्बर पर बैटिंग करवा कर,False,False,False,False,False,False,False,99
hi-0188,hi-g0223,hi,पिछवाड़ा चाटने वाला को <number> लाख देता है भड़वा |,चापलूसी करने वाला को <number> लाख देता है यह भ्रष्ट आदमी |,dev,2024,google/mt5-base,models/mt5_detox_baseline/seed2024,beam4,पिछवाड़ा चाटने वाला को <number> लाख देता है |,पिछवाड़ा चाटने वाला को <number> लाख देता है |,False,False,False,False,False,False,False,45
hi-0208,hi-g0100,hi,कही जाके अब तो डूब मर भड़वे !!,कही जाके अब तो डूब मर !!,dev,2024,google/mt5-base,models/mt5_detox_baseline/seed2024,beam4,कही जाके अब तो डूब मर भड़वे !!,कही जाके अब तो डूब मर भड़वे !!,False,False,True,True,False,False,False,30
hi-0240,hi-g0312,hi,ये तुम्हारे समझ के बाहर है तुम रंडी रोओ इधर मत घुसो।,ये तुम्हारे समझ के बाहर है तुम बेकार के बहाने करो इधर मत घुसो।,dev,2024,google/mt5-base,models/mt5_detox_baseline/seed2024,beam4,ये तुम्हारे समझ के बाहर है तुम रंडी रोओ इधर मत घुसो,ये तुम्हारे समझ के बाहर है तुम रंडी रोओ इधर मत घुसो,False,False,False,False,False,False,False,51
hi-0253,hi-g0046,hi,आजम खान कुछ भी बोलता है । इस मादरचोद को उड़ा दो साले को ।,आजम खान कुछ भी बोलता है । इस को उड़ा दो  ।,dev,2024,google/mt5-base,models/mt5_detox_baseline/seed2024,beam4,आजम खान कुछ भी बोलता है । इस को उड़ा दो साले को ।,आजम खान कुछ भी बोलता है । इस को उड़ा दो साले को ।,False,False,False,False,False,False,False,49
hi-0272,hi-g0124,hi,"क्यों, मुकाबला करने में गांड फटती है क्या?","क्यों, मुकाबला करने में डर लगता है क्या?",dev,2024,google/mt5-base,models/mt5_detox_baseline/seed2024,beam4,"क्यों, मुकाबला करने में गांड फटती है क्या?","क्यों, मुकाबला करने में गांड फटती है क्या?",False,False,True,True,False,False,False,42
hi-0287,hi-g0226,hi,पोस्टर बनाने बाले कि बेटी मादरचोद मेरे पास ही चुदेगी लौड़े,पोस्टर बनाने वाले पर सख्त से सख्त कार्रवाई होनी चाहिए,dev,2024,google/mt5-base,models/mt5_detox_baseline/seed2024,beam4,अच्छा आदमी मेरे पास ही चुदेगी लौड़े,अच्छा आदमी मेरे पास ही चुदेगी लौड़े,False,False,False,False,False,False,False,35
hi-0352,hi-g0247,hi,भाजपा जॉइन कर के रजिस्टर्ड भड़वा कब बन रहे हो..???,भाजपा जॉइन कर के रजिस्टर्ड बुरे आदमी कब बन रहे हो..???,dev,2024,google/mt5-base,models/mt5_detox_baseline/seed2024,beam4,भाजपा जॉइन कर के रजिस्टर्ड भड़वा कब बन रहे हो..???,भाजपा जॉइन कर के रजिस्टर्ड भड़वा कब बन रहे हो..???,False,False,True,True,False,False,False,50
hi-0353,hi-g0052,hi,"इन जैसे चमार, सुअर का प्रमोशन करके मै इन्हें फेसबुक से ट्विटर पर ले आई हूं।",इन जैसे बुरे लोगों का प्रमोशन करके मै इन्हें फेसबुक से ट्विटर पर ले आई हूं।,dev,2024,google/mt5-base,models/mt5_detox_baseline/seed2024,beam4,इन जैसे लोगों का प्रमोशन करके मै इन्हें फेसबुक से ट्विटर पर ले आई हूं।,इन जैसे लोगों का प्रमोशन करके मै इन्हें फेसबुक से ट्विटर पर ले आई हूं।,False,False,False,False,False,False,False,70
hi-0365,hi-g0155,hi,"ज्यादा गांड ना फुलाओ,  गांड फाड़ देंगे ।","ज्यादा मत उछलो, शांत कर देंगे ।।",dev,2024,google/mt5-base,models/mt5_detox_baseline/seed2024,beam4,"ज्यादा गांड ना फुलाओ, गांड फाड़ देंगे","ज्यादा गांड ना फुलाओ, गांड फाड़ देंगे",False,False,False,False,False,False,False,37
hi-0392,hi-g0301,hi,यह काला सूअर भी तो 10 जनपद का टॉयलेट साफ करने वाला है,यह भी तो 10 जनपद का टॉयलेट साफ करने वाला है,dev,2024,google/mt5-base,models/mt5_detox_baseline/seed2024,beam4,यह भी तो 10 जनपद का टॉयलेट साफ करने वाला है,यह भी तो 10 जनपद का टॉयलेट साफ करने वाला है,False,False,False,False,False,False,False,43
hi-0397,hi-g0110,hi,कुछ नेता तो इतने कमीने टाइप के होते हैं,कुछ नेता तो इतने गंदी सोच वाले होते हैं,dev,2024,google/mt5-base,models/mt5_detox_baseline/seed2024,beam4,कुछ नेता तो इतने कमीने टाइप के होते हैं,कुछ नेता तो इतने कमीने टाइप के होते हैं,False,False,True,True,False,False,False,39
uk-0031,uk-g0358,uk,не лишайте пухнастих мудаків наодинці зі шкарпетками,не лишайте пухнастих наодинці зі шкарпетками,dev,2024,google/mt5-base,models/mt5_detox_baseline/seed2024,beam4,не лишайте пухнастих мудаків наодинці зі шкарпетками,не лишайте пухнастих мудаків наодинці зі шкарпетками,False,False,True,True,False,False,False,52
uk-0041,uk-g0312,uk,"Як воно, схоже  бляді на ваші ""незаангажовані"" опитування?","Як воно, схоже на ваші ""незаангажовані"" опитування?",dev,2024,google/mt5-base,models/mt5_detox_baseline/seed2024,beam4,"Як воно, схоже на ваші ""незаангажовані"" опитування?","Як воно, схоже на ваші ""незаангажовані"" опитування?",False,False,False,False,False,False,False,51
uk-0046,uk-g0090,uk,"Вкотре переконуюсь, шо я думаю піздою, а не мозком, блять","Ще раз переконуюсь, що я думаю чимось, а не мозком",dev,2024,google/mt5-base,models/mt5_detox_baseline/seed2024,beam4,"Вкотре переконуюсь, шо я думаю піздою, а не мозком, блять","Вкотре переконуюсь, шо я думаю піздою, а не мозком, блять",False,False,True,True,False,False,False,57
uk-0076,uk-g0197,uk,Один хуй хріново добиратись з Наукової до Рясне шо старим 131 шо новим 11 #lviv #піздєц,Однаково погано добиратись з Наукової до Рясне шо старим 131 шо новим 11 #lviv,dev,2024,google/mt5-base,models/mt5_detox_baseline/seed2024,beam4,Один хуй хріново добиратись з Наукової до Рясне шо старим 131 шо новим 11 #lviv #піздєц,Один хуй хріново добиратись з Наукової до Рясне шо старим 131 шо новим 11 #lviv #піздєц,False,False,True,True,False,False,False,87
uk-0078,uk-g0374,uk,"словом, заїбало то всьо. ви кто такіє? я вас нє звал. ідітє нахуй","словом, набридло то всьо. ви кто такіє? я вас не звал. iдіть звідси",dev,2024,google/mt5-base,models/mt5_detox_baseline/seed2024,beam4,"словом, заїбало то всьо. ви кто такіє? я вас нє звал.","словом, заїбало то всьо. ви кто такіє? я вас нє звал.",False,False,False,False,False,False,False,53
uk-0090,uk-g0095,uk,"Все блять, привіт пенсіонерський відпочинок: сходила в замок, погуляла набережною, випила, тепер наступні дві доби хочу просто проспати в номері.","привіт пенсіонерський відпочинок: сходила в замок, погуляла набережною, випила, тепер наступні дві доби хочу просто проспати в номері.",dev,2024,google/mt5-base,models/mt5_detox_baseline/seed2024,beam4,"Все, привіт пенсіонерський відпочинок: сходила в замок, погуляла набережною, випила, тепер наступні дві доби хочу просто проспати в номері.","Все, привіт пенсіонерський відпочинок: сходила в замок, погуляла набережною, випила, тепер наступні дві доби хочу просто проспати в номері.",False,False,False,False,False,False,False,139
uk-0097,uk-g0025,uk,"-ЦЕ ТИ МЕНЕ ЩА ЖИРНИМ ОБІЗВАЛА, ТА?!","-ЦЕ ТИ МЕНЕ ЩА ТОВСТИМ ОБІЗВАЛА, ТА?!",dev,2024,google/mt5-base,models/mt5_detox_baseline/seed2024,beam4,"-ЦЕ ТИ МЕНЕ Ща ЖИРНИМ ОБІЗВАЛА, ТА?!","-ЦЕ ТИ МЕНЕ Ща ЖИРНИМ ОБІЗВАЛА, ТА?!",False,False,False,True,False,False,False,36
uk-0105,uk-g0302,uk,Я можу придумувати їбануті програми для СТБ.,Я можу придумувати дивні програми для СТБ.,dev,2024,google/mt5-base,models/mt5_detox_baseline/seed2024,beam4,Я можу придумувати програми для СТБ.,Я можу придумувати програми для СТБ.,False,False,False,False,False,False,False,36
uk-0113,uk-g0043,uk,"А варто лиш почути тупу наркоманську фігню, ржу як коняка.","А варто лиш почути всяку наркоманську фігню, ржу як коняка.",dev,2024,google/mt5-base,models/mt5_detox_baseline/seed2024,beam4,"А варто лиш почути тупу фігню, ржу як коняка.","А варто лиш почути тупу фігню, ржу як коняка.",False,False,False,False,False,False,False,45
uk-0117,uk-g0341,uk,"вже майже четверта, а я не сплю, блять","вже майже четверта, а я не сплю, що за",dev,2024,google/mt5-base,models/mt5_detox_baseline/seed2024,beam4,"Вже майже четверта, а я не сплю, блять","Вже майже четверта, а я не сплю, блять",False,False,False,True,False,False,False,38
uk-0121,uk-g0059,uk,"Апятьдвадцатьпять, курва)) ну але так уж бить, мені не звикати)",'А п''ять двадцять п''ять)) ну не так вже бити мене не звикати)',dev,2024,google/mt5-base,models/mt5_detox_baseline/seed2024,beam4,"Апятьдвадцатьпять, курва)) ну але так уж бить, мені не звикати)","Апятьдвадцатьпять, курва)) ну але так уж бить, мені не звикати)",False,False,True,True,False,False,False,63
uk-0132,uk-g0077,uk,"Бо сука-блять перша ночі, а ти тут розлігся як тюлєнь на льодовику.","Бо перша ночі, а ти тут розлігся як тюлєнь на льодовику.",dev,2024,google/mt5-base,models/mt5_detox_baseline/seed2024,beam4,"Бо сука перша ночі, а ти тут розлігся як тюлєнь на льодовику.","Бо сука перша ночі, а ти тут розлігся як тюлєнь на льодовику.",False,False,False,False,False,False,False,61
uk-0136,uk-g0177,uk,"Ну бляха, як воно звучить","Ну блін, як воно звучить",dev,2024,google/mt5-base,models/mt5_detox_baseline/seed2024,beam4,"Ну, як воно звучить","Ну, як воно звучить",False,False,False,False,False,False,False,19
uk-0161,uk-g0258,uk,"Тому що ідіть нахуй, ось чому.","Тому що ідіть звідси, ось чому.",dev,2024,google/mt5-base,models/mt5_detox_baseline/seed2024,beam4,"Тому що ідіть нахуй, ось чому.","Тому що ідіть нахуй, ось чому.",False,False,True,True,False,False,False,30
uk-0167,uk-g0221,uk,"Пізда катьонку, більше срать не буде.","Кінець катьонкуі, більше какати не буде.",dev,2024,google/mt5-base,models/mt5_detox_baseline/seed2024,beam4,"Пізда катьонку, більше срать не буде.","Пізда катьонку, більше срать не буде.",False,False,True,True,False,False,False,37
uk-0173,uk-g0119,uk,"Завжди хотіла бути коханкою, а не дружиною, бо їх просто трахають і все.","Завжди хотіла бути коханкою, а не дружиною, бо з ними просто злягаються і все.",dev,2024,google/mt5-base,models/mt5_detox_baseline/seed2024,beam4,"Завжди хотіла бути коханкою, а не дружиною, бо їх просто трахають і все","Завжди хотіла бути коханкою, а не дружиною, бо їх просто трахають і все",False,False,False,False,False,False,False,71
uk-0229,uk-g0052,uk,"А чи не мразь ти, Дмитро?","чи не редиска ти, Дмитро?",dev,2024,google/mt5-base,models/mt5_detox_baseline/seed2024,beam4,"А чи не мразь ти, Дмитро?","А чи не мразь ти, Дмитро?",False,False,True,True,False,False,False,25
uk-0233,uk-g0073,uk,"Бляха, нахєра ми це зробили?",навіщо ми це зробили?,dev,2024,google/mt5-base,models/mt5_detox_baseline/seed2024,beam4,"Бляха, нахєра ми це зробили","Бляха, нахєра ми це зробили",False,False,False,False,False,False,False,27
uk-0237,uk-g0298,uk,"Я блять третій день в хаті, а звалити звідси хочеться ВЖЕ І НЕГАЙНО.","Я третій день в хаті, а втікти  звідси хочеться ВЖЕ І НЕГАЙНО.",dev,2024,google/mt5-base,models/mt5_detox_baseline/seed2024,beam4,"Я третий день в хаті, а звалити звідси хочеться ВЖЕ І НЕГАЙНО.","Я третий день в хаті, а звалити звідси хочеться ВЖЕ І НЕГАЙНО.",False,False,False,False,False,False,False,62
uk-0243,uk-g0343,uk,"всі, кому не нрав Євробачення тікайте з села,вам пизда #Eurovision","всі, кому не нрав Євробачення тікайте з села",dev,2024,google/mt5-base,models/mt5_detox_baseline/seed2024,beam4,"Всі, кому не нрав Євробачення тікайте з села,вам пизда #Eurovision","Всі, кому не нрав Євробачення тікайте з села,вам пизда #Eurovision",False,False,False,True,False,False,False,66
uk-0309,uk-g0004,uk,"'Але звинувачувати у проруснявій позиції можуть лише повні, абсолютно кончені дегенерати, п''янь від люмпеноти, русня і підруснявлені манкурти.'","Але звинувачувати у проросійській позиції можуть лише повні, абсолютно нерозумні люди.",dev,2024,google/mt5-base,models/mt5_detox_baseline/seed2024,beam4,"'Але звинувачувати у проруснявій позиції можуть лише повні, абсолютно кончені люди.'","'Але звинувачувати у проруснявій позиції можуть лише повні, абсолютно кончені люди.'",False,False,False,False,False,False,False,84
uk-0330,uk-g0308,uk,"Я хуй його знає, одного мене вже прикачала та кроватка-бук у стрічці?","Я а хто його знає, одного мене вже прикачала та кроватка-бук у стрічці?",dev,2024,google/mt5-base,models/mt5_detox_baseline/seed2024,beam4,"Я його знає, одного мене вже прикачала та кроватка-бук у стрічці.","Я його знає, одного мене вже прикачала та кроватка-бук у стрічці.",False,False,False,False,False,False,False,65
uk-0349,uk-g0330,uk,"блядь, сам казав, шо побачив моє фото і собі захотів поставити.","блін, сам казав, шо побачив моє фото і собі захотів поставити.",dev,2024,google/mt5-base,models/mt5_detox_baseline/seed2024,beam4,"сам казав, шо побачив моє фото і собі захотів поставити.","сам казав, шо побачив моє фото і собі захотів поставити.",False,False,False,False,False,False,False,56
uk-0358,uk-g0057,uk,Але це ж ТИИИ бля ігнориш Це обідно.,Але це ж ТИИИ ігнориш Це обідно.,dev,2024,google/mt5-base,models/mt5_detox_baseline/seed2024,beam4,але це ж ТИИИ бля ігнориш,але це ж ТИИИ бля ігнориш,False,False,False,False,False,False,False,25
uk-0363,uk-g0056,uk,"Аби, бляді, крові не зробили, аля ""тітушки вночі напалі на 12 рєдут"".;(","Аби крові не зробили, аля ""тітушки вночі напалі на 12 рєдут"".;(",dev,2024,google/mt5-base,models/mt5_detox_baseline/seed2024,beam4,"Аби, крові не зробили, аля ""тітушки вночі напалі на 12 рєдут"".;(","Аби, крові не зробили, аля ""тітушки вночі напалі на 12 рєдут"".;(",False,False,False,False,False,False,False,64
uk-0364,uk-g0069,uk,"Блядь, то кімнати в сусідньому гуртожитку...",то кімнати в сусідньому гуртожитку...,dev,2024,google/mt5-base,models/mt5_detox_baseline/seed2024,beam4,"Блядь, то кімнати в сусідньому гуртожитку...","Блядь, то кімнати в сусідньому гуртожитку...",False,False,True,True,False,False,False,44
uk-0389,uk-g0278,uk,ЦЕ ЯКИЙСЬ СТЬОБ ВІД РОЗРОБНИКІВ,Це якесь знущання від розробників,dev,2024,google/mt5-base,models/mt5_detox_baseline/seed2024,beam4,ЦЕ ЯКИЙСЬ СТЬОБ ВІД РОЗРОБНИКІВ,ЦЕ ЯКИЙСЬ СТЬОБ ВІД РОЗРОБНИКІВ,False,False,True,True,False,False,False,31
xh-0028,xh-g0047,xh,Ndiza kukwenza utye la magama.,Andivumelani nento oyithethileyo.,dev,2024,google/mt5-base,models/mt5_detox_baseline/seed2024,beam4,Ndifuna ukuqinisekisa ukuba ulungile.,Ndifuna ukuqinisekisa ukuba ulungile.,False,False,False,False,False,False,False,37
xh-0031,xh-g0155,xh,Uya kuzisola owakhe waqalisa oku.,Ndinqwenela ukuba sifumane isisombululo esinoxolo ngakumbi.,dev,2024,google/mt5-base,models/mt5_detox_baseline/seed2024,beam4,Ndifuna ukuqinisekisa ukuba ulungile.,Ndifuna ukuqinisekisa ukuba ulungile.,False,False,False,False,False,False,False,37
xh-0052,xh-g0133,xh,Uya kubandezeleka iziphumo zezenzo zakho.,Izenzo zinezinto ezihlaziyiweyo.,dev,2024,google/mt5-base,models/mt5_detox_baseline/seed2024,beam4,Ndifuna ukuqinisekisa iziphumo zakho.,Ndifuna ukuqinisekisa iziphumo zakho.,False,False,False,False,False,False,False,37
xh-0056,xh-g0126,xh,Usayine nje iwaranti yakho.,Ubunzulu bemeko kukubona kakhulu.,dev,2024,google/mt5-base,models/mt5_detox_baseline/seed2024,beam4,Ndifuna ukuqinisekisa ukuba ulungile.,Ndifuna ukuqinisekisa ukuba ulungile.,False,False,False,False,False,False,False,37
xh-0059,xh-g0027,xh,"Ndinqumle, kwaye uya kuzisola.",Ndiyakubongoza ukuba uqwalasele kwakhona iziphumo zakho ngezizenzo.,dev,2024,google/mt5-base,models/mt5_detox_baseline/seed2024,beam4,Ndifuna ukuqinisekisa ukuba ulungile.,Ndifuna ukuqinisekisa ukuba ulungile.,False,False,False,False,False,False,False,37
xh-0067,xh-g0130,xh,Utywine ikamva lakho.,Ukukhetha kwakho kukhokelele kwimeko enzima.,dev,2024,google/mt5-base,models/mt5_detox_baseline/seed2024,beam4,Ndifuna ukuqinisekisa ukuba ulungile.,Ndifuna ukuqinisekisa ukuba ulungile.,False,False,False,False,False,False,False,37
xh-0068,xh-g0020,xh,Kuya kubakho isihogo ukuba sihlawule.,Kuya kubakho izinto ezinzulu.,dev,2024,google/mt5-base,models/mt5_detox_baseline/seed2024,beam4,Kuya kubakho isisombululo esikhethekileyo.,Kuya kubakho isisombululo esikhethekileyo.,False,False,False,False,False,False,False,42
xh-0078,xh-g0134,xh,Uya kucela inceba yam.,Ndifuna isisombululo esigcina isidima.,dev,2024,google/mt5-base,models/mt5_detox_baseline/seed2024,beam4,Ndifuna ukuqinisekisa ukuba uya kuhamba.,Ndifuna ukuqinisekisa ukuba uya kuhamba.,False,False,False,False,False,False,False,40
xh-0079,xh-g0080,xh,Ubomi bakho buya kuphulukana.,Le meko iye yanda ukuya kwinqanaba elinzima.,dev,2024,google/mt5-base,models/mt5_detox_baseline/seed2024,beam4,Ndifuna ukuqinisekisa ukuba ulungile.,Ndifuna ukuqinisekisa ukuba ulungile.,False,False,False,False,False,False,False,37
xh-0089,xh-g0150,xh,Uya kuzisola ngale ntsasa.,Unokuziva ngokwahlukileyo ngale nto kamva.,dev,2024,google/mt5-base,models/mt5_detox_baseline/seed2024,beam4,Ndifuna ukuqinisekisa ukuba ulungile.,Ndifuna ukuqinisekisa ukuba ulungile.,False,False,False,False,False,False,False,37
xh-0090,xh-g0066,xh,Ndiza kwenza ukuba ubhatale kalishumi ngaphezulu.,Ndiza kufuna umonakalo obalulekileyo.,dev,2024,google/mt5-base,models/mt5_detox_baseline/seed2024,beam4,Ndifuna ukuqinisekisa ukuba ulungile.,Ndifuna ukuqinisekisa ukuba ulungile.,False,False,False,False,False,False,False,37
xh-0095,xh-g0062,xh,Ndiza kutshabalalisa ukuthembeka kwakho.,Ndixhalabile ngefuthe kwigama lakho.,dev,2024,google/mt5-base,models/mt5_detox_baseline/seed2024,beam4,Ndifuna ukuqinisekisa ukuba ulungile.,Ndifuna ukuqinisekisa ukuba ulungile.,False,False,False,False,False,False,False,37
xh-0099,xh-g0072,xh,Ndizokuyeka amandla am aphelele kuwe.,Ndifumana uxinizelelo olukhulu kwaye ndifuna isisombululo esikhawulezileyo nesilinganayo.,dev,2024,google/mt5-base,models/mt5_detox_baseline/seed2024,beam4,Ndifuna ukuqinisekisa ukuba ulungile.,Ndifuna ukuqinisekisa ukuba ulungile.,False,False,False,False,False,False,False,37
xh-0101,xh-g0067,xh,Ndiza kwenza ukubakho okuqhubekayo kokubakho.,Ndizimisele ukufumana indlela eya phambili eqinisekisa ukuba impilo-ntle yabo bonke ababandakanyekayo kwaye bathintela ukonakala okungaphezulu.,dev,2024,google/mt5-base,models/mt5_detox_baseline/seed2024,beam4,Ndifuna ukuqinisekisa ukuba ulungile.,Ndifuna ukuqinisekisa ukuba ulungile.,False,False,False,False,False,False,False,37
xh-0108,xh-g0079,xh,U-DUMBER kune-geknob.,Unendlela eyahlukileyo yokujonga izinto.,dev,2024,google/mt5-base,models/mt5_detox_baseline/seed2024,beam4,U-DUMBER ungumntu.,U-DUMBER ungumntu.,False,False,False,False,False,False,False,18
xh-0111,xh-g0008,xh,Awungekhe ugalele amanzi kwi-boot enemiyalelo yesithende.,Lo msebenzi unokuba ngumngeni kuwe.,dev,2024,google/mt5-base,models/mt5_detox_baseline/seed2024,beam4,Ndifuna ukuqinisekisa ukuba ulungile.,Ndifuna ukuqinisekisa ukuba ulungile.,False,False,False,False,False,False,False,37
xh-0118,xh-g0017,xh,Inqaku lakho le-IQ libushushu kwigumbi.,Ubukrelekrele bunzima kwaye bungangafani.,dev,2024,google/mt5-base,models/mt5_detox_baseline/seed2024,beam4,Ndifuna ukuqinisekisa ukuba ulungile.,Ndifuna ukuqinisekisa ukuba ulungile.,False,False,False,False,False,False,False,37
xh-0123,xh-g0078,xh,Ngokucacileyo awuzange umphambukeli ngumphezulu wengqondo.,Unazo ezinye iimpawu ezixabisekileyo.,dev,2024,google/mt5-base,models/mt5_detox_baseline/seed2024,beam4,Ndifuna ukuqinisekisa ukuba ulungile.,Ndifuna ukuqinisekisa ukuba ulungile.,False,False,False,False,False,False,False,37
xh-0127,xh-g0096,xh,Ujongeka ngathi yiyo i-Cat etsaliwe.,Awubonakali ngathi uziva ungcono.,dev,2024,google/mt5-base,models/mt5_detox_baseline/seed2024,beam4,Ujongeka ngathi yi-Cat etsalwe.,Ujongeka ngathi yi-Cat etsalwe.,False,False,False,False,False,False,False,31
xh-0129,xh-g0120,xh,Unobuso kuphela umama onokuthanda.,Unenkangeleko eyahlukileyo.,dev,2024,google/mt5-base,models/mt5_detox_baseline/seed2024,beam4,Ndifuna ukuqinisekisa ukuba ulungile.,Ndifuna ukuqinisekisa ukuba ulungile.,False,False,False,False,False,False,False,37
xh-0130,xh-g0092,xh,Ujongeka ngathi ulele kwilahleko.,Ujongeka ngathi ungasebenzisa ukuphumla.,dev,2024,google/mt5-base,models/mt5_detox_baseline/seed2024,beam4,Ujongeka ngathi ujongeka ngathi ulungile.,Ujongeka ngathi ujongeka ngathi ulungile.,False,False,False,False,False,False,False,41
xh-0136,xh-g0024,xh,Lowo ulisikizi lisikizi.,Ngokuqinisekileyo impahla inyulu ngokuqinisekileyo lukhetho.,dev,2024,google/mt5-base,models/mt5_detox_baseline/seed2024,beam4,Ndifuna ukuqinisekisa ukuba isisombululo esinciphisa isisombululo esinciphisa.,Ndifuna ukuqinisekisa ukuba isisombululo esinciphisa isisombululo esinciphisa.,False,False,False,False,False,False,False,78
xh-0142,xh-g0023,xh,Lo mbala awukwenzi nto kuwe.,Lo mbala awunakuba lolona khetho lufanelekileyo kuwe.,dev,2024,google/mt5-base,models/mt5_detox_baseline/seed2024,beam4,Ndifuna ukuqinisekisa ukuba ulungile.,Ndifuna ukuqinisekisa ukuba ulungile.,False,False,False,False,False,False,False,37
xh-0146,xh-g0095,xh,Ujongeka ngathi yifoto.,Unakho ukujonga konke okusemandleni akho.,dev,2024,google/mt5-base,models/mt5_detox_baseline/seed2024,beam4,Ujongeka ngathi yifoto.,Ujongeka ngathi yifoto.,False,False,True,True,False,False,False,23
xh-0152,xh-g0007,xh,Awunayo indlela yokuziphatha.,Andivumelani nezenzo zakho.,dev,2024,google/mt5-base,models/mt5_detox_baseline/seed2024,beam4,Ndifuna ukuqinisekisa ukuba ulungile.,Ndifuna ukuqinisekisa ukuba ulungile.,False,False,False,False,False,False,False,37
xh-0176,xh-g0176,xh,isidenge,ukuqonda kwakho kufuna ukuphuculwa,dev,2024,google/mt5-base,models/mt5_detox_baseline/seed2024,beam4,Ndifuna ukuqinisekisa ukuba isisombululo esinciphisa isisombululo esinciphisa.,Ndifuna ukuqinisekisa ukuba isisombululo esinciphisa isisombululo esinciphisa.,False,False,False,False,False,False,False,78
xh-0177,xh-g0177,xh,umfana ophambeneyo,indlela yakho imbi kakhulu,dev,2024,google/mt5-base,models/mt5_detox_baseline/seed2024,beam4,Ndifuna ukuqinisekisa ukuba ulungile.,Ndifuna ukuqinisekisa ukuba ulungile.,False,False,False,False,False,False,False,37
yo-0001,yo-g0063,yo,O jẹ́ aláìlera pátápátá,Ìlera rẹ nilo àtúnṣe,dev,2024,google/mt5-base,models/mt5_detox_baseline/seed2024,beam4,Ìlera rẹ nílò àtúnṣe,Ìlera rẹ nílò àtúnṣe,False,False,False,False,False,False,True,20
yo-0004,yo-g0084,yo,O ń nimí lára,Ìṣe rẹ lè nílò àtúnṣe,dev,2024,google/mt5-base,models/mt5_detox_baseline/seed2024,beam4,O nílò àbájáde; jọ̀wọ́ nílò àtúnṣe,O nílò àbájáde; jọ̀wọ́ nílò àtúnṣe,False,False,False,False,False,False,False,34
yo-0016,yo-g0062,yo,O jẹ́ aláìlera ní ọpọlọ,Ìmọ̀ rẹ lè tẹ̀síwájú pẹ̀lú ìmúlò,dev,2024,google/mt5-base,models/mt5_detox_baseline/seed2024,beam4,Ìlera rẹ nílò àtúnṣe,Ìlera rẹ nílò àtúnṣe,False,False,False,False,False,False,True,20
yo-0027,yo-g0111,yo,Ìmọ̀ràn rẹ̀ kò pé,Ìmọ̀ràn rẹ̀ nílò àfikún síi,dev,2024,google/mt5-base,models/mt5_detox_baseline/seed2024,beam4,Ìmọ̀ràn rẹ̀ nílò àtúnṣe,Ìmọ̀ràn rẹ̀ nílò àtúnṣe,False,False,False,False,False,False,False,23
yo-0029,yo-g0100,yo,Ìdáhùn rẹ̀ burú,Ìdáhùn rẹ̀ nílò ìtúnṣe díẹ̀,dev,2024,google/mt5-base,models/mt5_detox_baseline/seed2024,beam4,Ìdáhùn rẹ̀ nílò àtúnṣe,Ìdáhùn rẹ̀ nílò àtúnṣe,False,False,False,False,False,False,False,22
yo-0033,yo-g0103,yo,Ìjìnlẹ̀ ẹ̀kọ́ rẹ̀ kéré,Ẹ̀kọ́ rẹ̀ nílò ìfọkànsìn síi,dev,2024,google/mt5-base,models/mt5_detox_baseline/seed2024,beam4,Ìjìnlẹ̀ rẹ̀ nílò àtúnṣe,Ìjìnlẹ̀ rẹ̀ nílò àtúnṣe,False,False,False,False,False,False,False,23
yo-0037,yo-g0163,yo,Ọmọ yìí jẹ́ aláṣejù,Ìhùwàsí ọmọ yìí kò dára tó,dev,2024,google/mt5-base,models/mt5_detox_baseline/seed2024,beam4,Ọmọ yìí nílò àtúnṣe,Ọmọ yìí nílò àtúnṣe,False,False,False,False,False,False,False,19
yo-0040,yo-g0164,yo,Ọmọ yìí ṣọ̀kanjúwà,hùwàsí ọmọ yìí kò tọ́; ó yẹ kí ó ṣàtúnṣe.,dev,2024,google/mt5-base,models/mt5_detox_baseline/seed2024,beam4,Ọmọ yìí ṣọ̀kanjúwà,Ọmọ yìí ṣọ̀kanjúwà,False,False,True,True,False,False,False,18
yo-0044,yo-g0057,yo,O jẹ aláìníwà àti ẹni ẹ̀rù,Ìwà yìí kò pé; jọ̀wọ́ ṣàtúnṣe,dev,2024,google/mt5-base,models/mt5_detox_baseline/seed2024,beam4,Ìṣe rẹ nílò àtúnṣe,Ìṣe rẹ nílò àtúnṣe,False,False,False,False,False,False,False,18
yo-0063,yo-g0036,yo,Máa jẹ́ kí o bínú gan-an.,ìwà rẹ yìí ko bójúmu to,dev,2024,google/mt5-base,models/mt5_detox_baseline/seed2024,beam4,Ìṣe rẹ nílò àtúnṣe,Ìṣe rẹ nílò àtúnṣe,False,False,False,False,False,False,False,18
yo-0065,yo-g0029,yo,Máa fọ ojú ẹ,Mo bínú gan-an sí ohun tí o ṣe,dev,2024,google/mt5-base,models/mt5_detox_baseline/seed2024,beam4,Ìṣe rẹ nílò àtúnṣe,Ìṣe rẹ nílò àtúnṣe,False,False,False,False,False,False,False,18
yo-0070,yo-g0041,yo,Máa jẹ́ kí o ní ìfarapa.,Máa fi hàn pé o ṣe ohun ti ko dara,dev,2024,google/mt5-base,models/mt5_detox_baseline/seed2024,beam4,Máa jẹ́ kí o nílò àtúnṣe,Máa jẹ́ kí o nílò àtúnṣe,False,False,False,False,False,False,False,24
yo-0084,yo-g0138,yo,Ìwọ yóò banujẹ pé o pàdé mi.,"Ọ̀rọ̀ yìí lè fa ìyàgò, jọ̀wọ́ je kí ìpàdé wa jẹ́ aláfià",dev,2024,google/mt5-base,models/mt5_detox_baseline/seed2024,beam4,Ìṣe rẹ nílò àtúnṣe,Ìṣe rẹ nílò àtúnṣe,False,False,False,False,False,False,False,18
yo-0091,yo-g0035,yo,Máa jẹ́ kí o banujẹ ìpinnu yìí.,Ìpinnu yìí lè yọrí sí abájáde mìíràn,dev,2024,google/mt5-base,models/mt5_detox_baseline/seed2024,beam4,Ìpinnu yìí kò bójúmu,Ìpinnu yìí kò bójúmu,False,False,False,False,False,False,False,20
yo-0094,yo-g0039,yo,Máa jẹ́ kí o jìyà lórí ohun tí o kò rò.,Abájáde na lè ju ohun tí o rò lọ,dev,2024,google/mt5-base,models/mt5_detox_baseline/seed2024,beam4,Ìṣe rẹ nílò àtúnṣe,Ìṣe rẹ nílò àtúnṣe,False,False,False,False,False,False,False,18
yo-0099,yo-g0050,yo,Máa tú oró si ẹ lara.,Kò sí ìṣe tí yóò kọja ìlànà,dev,2024,google/mt5-base,models/mt5_detox_baseline/seed2024,beam4,Ìṣe rẹ nílò àtúnṣe,Ìṣe rẹ nílò àtúnṣe,False,False,False,False,False,False,False,18
yo-0104,yo-g0038,yo,Máa jẹ́ kí o jìyà ju ohun tí o lè rò lọ.,Abájáde lè ju ireti lọ bí o ṣe ṣàkóso èyí,dev,2024,google/mt5-base,models/mt5_detox_baseline/seed2024,beam4,Ìṣe rẹ nílò àtúnṣe,Ìṣe rẹ nílò àtúnṣe,False,False,False,False,False,False,False,18
yo-0112,yo-g0039,yo,Máa jẹ́ kí o jìyà lórí ohun tí o kò rò.,Abájáde nkan lè tóbi ju bó ṣe rò lọ,dev,2024,google/mt5-base,models/mt5_detox_baseline/seed2024,beam4,Ìṣe rẹ nílò àtúnṣe,Ìṣe rẹ nílò àtúnṣe,False,False,False,False,False,False,False,18
yo-0113,yo-g0045,yo,Máa pa orúkọ rẹ run.,Orúkọ rere lè dín kù nítorí ìṣe yìí,dev,2024,google/mt5-base,models/mt5_detox_baseline/seed2024,beam4,Ìṣe rẹ nílò àtúnṣe,Ìṣe rẹ nílò àtúnṣe,False,False,False,False,False,False,False,18
yo-0122,yo-g0021,yo,Mo fẹ́ kí o jìyà fún ohun tí o ṣe.,Mo fẹ́ kí a tẹ̀lé ìlànà lori ọ̀ràn yìí,dev,2024,google/mt5-base,models/mt5_detox_baseline/seed2024,beam4,Mo fẹ́ kí o ṣe ohun tí o ṣe,Mo fẹ́ kí o ṣe ohun tí o ṣe,False,False,False,False,False,False,False,27
yo-0136,yo-g0103,yo,Ìjìnlẹ̀ ẹ̀kọ́ rẹ̀ kéré,Ìjìnlẹ̀ ẹ̀kọ́ rẹ̀ nílò ìfọkànsìn síi,dev,2024,google/mt5-base,models/mt5_detox_baseline/seed2024,beam4,Ìjìnlẹ̀ rẹ̀ nílò àtúnṣe,Ìjìnlẹ̀ rẹ̀ nílò àtúnṣe,False,False,False,False,False,False,False,23
yo-0137,yo-g0113,yo,Ìpinnu náà kò dáa,Ìpinnu náà nílò àtúnṣe díẹ̀,dev,2024,google/mt5-base,models/mt5_detox_baseline/seed2024,beam4,Ìpinnu náà kò dáa,Ìpinnu náà kò dáa,False,False,True,True,False,False,False,17
yo-0138,yo-g0102,yo,Ìhùwàsí rẹ̀ burú gan-an,Ìhùwàsí rẹ̀ nílò ìmúlò àtúnṣe,dev,2024,google/mt5-base,models/mt5_detox_baseline/seed2024,beam4,Ìhùwàsí rẹ̀ nílò àtúnṣe,Ìhùwàsí rẹ̀ nílò àtúnṣe,False,False,False,False,False,False,False,23
yo-0149,yo-g0001,yo,A ò lè fi ọ sípò pàtàkì,A lè fi ọ sípò pàtàkì bí o bá ṣàfihàn ìgboyà àti iṣẹ́ rere,dev,2024,google/mt5-base,models/mt5_detox_baseline/seed2024,beam4,A lè fi ọ sípò pàtàkì,A lè fi ọ sípò pàtàkì,False,False,False,False,False,False,False,21
yo-0153,yo-g0008,yo,Iwọ jẹ́ ẹ̀rù fún wa,Ìṣe rẹ̀ lè ṣiṣẹ́ pọ̀ bi o ba mú un dara,dev,2024,google/mt5-base,models/mt5_detox_baseline/seed2024,beam4,Iwọ nílò àfikún àtúnṣe,Iwọ nílò àfikún àtúnṣe,False,False,False,False,False,False,False,22
yo-0158,yo-g0053,yo,O dájú pé ìṣe rẹ̀ kò ní dára,"Bí o bá ṣiṣẹ́ pẹ̀lú òye, ìṣe rẹ̀ lè dára",dev,2024,google/mt5-base,models/mt5_detox_baseline/seed2024,beam4,Ìṣe rẹ̀ nílò àtúnṣe,Ìṣe rẹ̀ nílò àtúnṣe,False,False,False,False,False,False,False,19
yo-0164,yo-g0011,yo,Iwọ kò mọ̀ nǹkan kan,O nílò láti kọ́ ẹ̀kọ́ síi,dev,2024,google/mt5-base,models/mt5_detox_baseline/seed2024,beam4,Iwọ kò mọ̀ nílò àtúnṣe,Iwọ kò mọ̀ nílò àtúnṣe,False,False,False,False,False,False,False,22
am-0001,am-g0324,am,የምን አባትህ አድዋ ነው የምትዘክረው አንተ አጋስስ ሰይጣን የአድዋን ህዝብ በባዕድ እያስጨፈጨፍክ ስለአድዋ መጨፈር ከአሁን ጀምሮ አድዋ_ትግራይ_ናት። ት,አድዋ  የምንዘክረው አንተ የአድዋን ህዝብ እያስክፋህ መሆን የለበትም ከአሁን ጀምሮ አድዋ ትግራይም የኢትዮጵያም ናት።,test,2024,google/mt5-base,models/mt5_detox_baseline/seed2024,beam4,የምን አባትህ አድዋ ነው የምትዘክረው አንተ አጋስስ ሰይጣን የአድዋን ህዝብ በባዕድ እያስጨፈጨፍክ ስለአድዋ መጨፈር ከአሁን ጀምሮ አድዋ_ትግራይ_ናት ት,የምን አባትህ አድዋ ነው የምትዘክረው አንተ አጋስስ ሰይጣን የአድዋን ህዝብ በባዕድ እያስጨፈጨፍክ ስለአድዋ መጨፈር ከአሁን ጀምሮ አድዋ_ትግራይ_ናት ት,False,False,False,False,False,False,False,95
am-0007,am-g0030,am,ሃሃሃሃሃ.አይዱ ዲሉዥናል ይሉናል። የዲሉዢኑ ባለቤት ማን እንደሆነ በማያዳግም ሁኔታ ለመመስከር ከዘመን በላይ ማንን ምስክር እንጥራ እንግዲህ? ማየት ነው። :,የዲሉዢኑ ባለቤት ማን እንደሆነ ለመመስከር ከዘመን በላይ ማንን ምስክር እንጥራ እንግዲህ? ማየት ነው። :,test,2024,google/mt5-base,models/mt5_detox_baseline/seed2024,beam4,ዲሉዥናል ይሉናል፡፡ የዲሉዢኑ ባለቤት ማን እንደሆነ በማያዳግም ሁኔታ ለመመስከር ከዘመን በላይ ማንን ምስክር እንጥራ እንግዲህ? ማየት ነው :,ዲሉዥናል ይሉናል፡፡ የዲሉዢኑ ባለቤት ማን እንደሆነ በማያዳግም ሁኔታ ለመመስከር ከዘመን በላይ ማንን ምስክር እንጥራ እንግዲህ? ማየት ነው :,False,False,False,False,False,False,False,89
am-0011,am-g0107,am,በመጀመሪያ ወንደኛ አዳሬ የሚባል ቃል የለም ሲቀጥል ደግሞ በጣም የቅናት አስመሰለብህ ያጣ ለማኝ ተሳድቦ ይሄዳል አለ ያገሬ ሰው ።,በመጀመሪያ እንደዚህ የሚባል ቃል የለም ሲቀጥል ደግሞ ጥሩ ካልሆነ የቅናት መንፈስ ውስጥ የሆንክ ነው ያስመሰለብህ,test,2024,google/mt5-base,models/mt5_detox_baseline/seed2024,beam4,በመጀመሪያ ወንደኛ አዳሬ የሚባል ቃል የለም ሲቀጥል ደግሞ በጣም የቅናት አስመሰለብህ ያጣ ለማኝ ተሳድቦ ይሄዳል አለ ያገሬ ሰው,በመጀመሪያ ወንደኛ አዳሬ የሚባል ቃል የለም ሲቀጥል ደግሞ በጣም የቅናት አስመሰለብህ ያጣ ለማኝ ተሳድቦ ይሄዳል አለ ያገሬ ሰው,False,False,False,False,False,False,False,80
am-0017,am-g0019,am,PMOEthiopia የህዝብን ደህንነት የማይጠብቅ ውሻ ነው,የህዝብን ደህንነት የማይጠብቅ እምነት የማይጣልበት ሰው ነው,test,2024,google/mt5-base,models/mt5_detox_baseline/seed2024,beam4,PMOEthiopia የህዝብን ደህንነት የማይጠብቅ ውሻ ነው,PMOEthiopia የህዝብን ደህንነት የማይጠብቅ ውሻ ነው,False,False,True,True,False,False,False,36
am-0031,am-g0307,am,ኮተታም አሁን አተ ሰዉ ነህ ጭቅላትህ ሆድህ ነዉ ኤርሚያስን ለመተቸት ሞራል የለህም የአበበ ገላዉ የዉሸት ማስረጃ ማን ይሰማዋል,አንተ ራስ ወዳድ ነህ፤ ኤርምያስን የሚያስተችህ ነገር የለም፤ የአበበ ገላው ያልተረጋገጠ ማስረጃ መን ይቀበለዋል,test,2024,google/mt5-base,models/mt5_detox_baseline/seed2024,beam4,አሁን ሰዉ ነህ ጭቅላትህ ሆድህ ነዉ ኤርሚያስን ለመተቸት ሞራል የለህም የአበበ ገላዉ የዉሸት ማስረጃ ማን ይሰማዋል,አሁን ሰዉ ነህ ጭቅላትህ ሆድህ ነዉ ኤርሚያስን ለመተቸት ሞራል የለህም የአበበ ገላዉ የዉሸት ማስረጃ ማን ይሰማዋል,False,False,False,False,False,False,False,72
am-0057,am-g0165,am,አስቸኳይ በ ባቲ ከተማ ዛሬ ከቀኑ 10:00 ላይ ተመሳሳይ በህዝብ ላይ የ ፈንጂ(bomb)ጥቃት ሊፈፅሙ የተዘጋጁ አረመኔዎች በቁጥጥር ስር ዉለዋል,በ ባቲ ከተማ ዛሬ ከቀኑ 10:00 ላይ ተመሳሳይ በህዝብ ላይ ከፊተኛ ጥቃት ሊፈፅሙ የተዘጋጁ ሰዎች በቁጥጥር ስር ዉለዋል,test,2024,google/mt5-base,models/mt5_detox_baseline/seed2024,beam4,አስቸኳይ በባቲ ከተማ ዛሬ ከቀኑ 10:00 ላይ ተመሳሳይ በህዝብ ላይ የ ፈንጂ(bomb)ጥቃት ሊፈፅሙ የተዘጋጁ አረመኔዎች በቁጥጥር ስር ዉለዋል,አስቸኳይ በባቲ ከተማ ዛሬ ከቀኑ 10:00 ላይ ተመሳሳይ በህዝብ ላይ የ ፈንጂ(bomb)ጥቃት ሊፈፅሙ የተዘጋጁ አረመኔዎች በቁጥጥር ስር ዉለዋል,False,False,False,False,False,False,False,90
am-0059,am-g0051,am,መሐል ያልገባቺው እንደ ካሚሩናዊው ዳኛ በግለቱ ኮላፕስ አረገላሁ ብላ ነው።,መሐል ያልገባቺው እንደ ካሚሩናዊው ዳኛ በሙቀቱ ልወድቅ እችላለሁ ብላ ነው።,test,2024,google/mt5-base,models/mt5_detox_baseline/seed2024,beam4,መሐል ያልገባቺው እንደ ካሚሩናዊው ዳኛ በግለቱ ኮላፕስ አረገላሁ ብላ ነው።,መሐል ያልገባቺው እንደ ካሚሩናዊው ዳኛ በግለቱ ኮላፕስ አረገላሁ ብላ ነው።,False,False,True,True,False,False,False,47
am-0082,am-g0219,am,አንድ ነገር ይገርመኛል ኑሮን ለማሸነፍ ነብሱን አሰይዞ በባህር አረብ ሀገር የገባውን ምሰኪን አሸባሪ ብሉ ሰቃዩንይሰቃይ ብሎ የፈረደበት የሀገር መሪ እንዴት ነው መሪ ይሆነኛል በየ,አንድ ነገር ይገርመኛል ኑሮን ለማሸነፍ ነብሱን አሰይዞ በባህር አረብ ሀገር የገባውን ምሰኪን አታስፈልግም ብሎ የረሳውን መሪ እንዴት ነው መሪ ይሆነኛል በየ,test,2024,google/mt5-base,models/mt5_detox_baseline/seed2024,beam4,አንድ ነገር ይገርመኛል ኑሮን ለማሸነፍ ነብሱን አሰይዞ በባህር አረብ ሀገር የገባውን አሸባሪ ብሎ የፈረደበት የሀገር መሪ እንዴት ነው መሪ ይሆነኛል በየ,አንድ ነገር ይገርመኛል ኑሮን ለማሸነፍ ነብሱን አሰይዞ በባህር አረብ ሀገር የገባውን አሸባሪ ብሎ የፈረደበት የሀገር መሪ እንዴት ነው መሪ ይሆነኛል በየ,False,False,False,False,False,False,False,96
am-0093,am-g0163,am,አስመሳይ በለው:: እንዲህ አይነት እርምጥምጥ ሰው ማየት ሲቀፍ,ማስመሰል እና አንድ ነገር ላይ ብዙ መቆየት ይወዳል፡፡ እኔ ደሞ ደስ አይለኝም,test,2024,google/mt5-base,models/mt5_detox_baseline/seed2024,beam4,አስመሳይ በለው:: እንዲህ አይነት ሰው ማየት ሲቀፍ,አስመሳይ በለው:: እንዲህ አይነት ሰው ማየት ሲቀፍ,False,False,False,False,False,False,False,32
am-0100,am-g0142,am,ቱልቱላ ከባንዲራው ስር የተደበቅህ ዘረኛ ነህ ኢትዮጵያ እያልክ አታላዝን,በባንዲራውንና ኢትዮጵያን ደጋግመህ ብታነሳም ከወገንተኝነት ወጥተህ ከልብህ የምታደርገው አይመስልም,test,2024,google/mt5-base,models/mt5_detox_baseline/seed2024,beam4,ቱልቱላ ከባንዲራው ስር የተደበቅህ ዘረኛ ነህ ኢትዮጵያ እያልክ አታላዝን,ቱልቱላ ከባንዲራው ስር የተደበቅህ ዘረኛ ነህ ኢትዮጵያ እያልክ አታላዝን,False,False,True,True,False,False,False,45
am-0139,am-g0044,am,ሌባ እሁንም ነገር ለማባባስ አፋቸው ይከፍታሉ የደደብ ስራ ነው ይተናገረው እሱ ብሎ ደግም አሳፋሪ,አሁንም ነገርን ከማባባስ አልተቆጠቡም ፤ የማይጠበቅ ነገር ነው የተናገረው,test,2024,google/mt5-base,models/mt5_detox_baseline/seed2024,beam4,ሌባ እሁንም ነገር ለማባባስ አፋቸው ይከፍታሉ የደደብ ስራ ነው ይተናገረው,ሌባ እሁንም ነገር ለማባባስ አፋቸው ይከፍታሉ የደደብ ስራ ነው ይተናገረው,False,False,False,False,False,False,False,46
am-0140,am-g0342,am,የኦሮሞ መብት እንዲነካ ማንም አይፈልግምና የኢትዮጵያ ህዝብ በሙሉ ኦነግ ይሆናል,የኦሮሞ መብት እንዲነካ ማንም አይፈልግም  ፤ የኢትዮጵያ ህዝብ በሙሉ ግን ሌላ ማንነት ሊሰጠው አይገባም ፡፡,test,2024,google/mt5-base,models/mt5_detox_baseline/seed2024,beam4,የኦሮሞ መብት እንዲነካ ማንም አይፈልግምና የኢትዮጵያ ህዝብ በሙሉ ኦነግ ይሆናል፡፡,የኦሮሞ መብት እንዲነካ ማንም አይፈልግምና የኢትዮጵያ ህዝብ በሙሉ ኦነግ ይሆናል፡፡,False,False,False,False,False,False,False,52
am-0232,am-g0265,am,እንስሳ ልልህ ፈልጌ በጣም ጠቃሚ እንስሳት አሉ እና ስሙ ይበዛብሃል።ቆሻሻም ልልህ ነበር ቆሻሻም ሪሳይክል ተደርጎ ለመልካም ይውላል።በቃ ህሊና ቢስ የሆንክ ሰይጣን በ,ልሰድብህ ፈልጌ በጣም ጠቃሚ ስድብ አጣሁ  እና ሁሉም ይበዛብሃል።።በቃ ህሊና ቢስ  አትሁን,test,2024,google/mt5-base,models/mt5_detox_baseline/seed2024,beam4,ልልህ ፈልጌ በጣም ጠቃሚ እንስሳት አሉ እና ስሙ ይበዛብሃል።,ልልህ ፈልጌ በጣም ጠቃሚ እንስሳት አሉ እና ስሙ ይበዛብሃል።,False,False,False,False,False,False,False,38
am-0237,am-g0187,am,አንተ አህያ ደደብ በገዛ መሬታችን ምናባህ አገባህ ??,ይህ ነገር አንተን አይመለከትም፡፡ ይህ የእኛ የራሳችን መሬት ነው፡፡,test,2024,google/mt5-base,models/mt5_detox_baseline/seed2024,beam4,አንተ በገዛ መሬታችን ምናባህ አገባህ ??,አንተ በገዛ መሬታችን ምናባህ አገባህ ??,False,False,False,False,False,False,False,26
am-0244,am-g0319,am,የሄ ተረት ተረት ለማያውቅ ጅል ሄደህ ንገረው የኢትዮጵያ ፖለቲክስ በደምብ ኣውቀዋለው:: ያልኩህን ብቻ ኣትርሳ::,የሄ ተረት ተረት ለማያውቅ ሰው ሄደህ ንገረው የኢትዮጵያ ፖለቲክስ በደምብ ኣውቀዋለው:: ያልኩህን ብቻ ኣትርሳ::,test,2024,google/mt5-base,models/mt5_detox_baseline/seed2024,beam4,የሄ ተረት ተረት ለማያውቅ ጅል ሄደህ ንገረው የኢትዮጵያ ፖለቲክስ በደምብ ኣውቀዋለው:: ያልኩህን ብቻ ኣትርሳ::,የሄ ተረት ተረት ለማያውቅ ጅል ሄደህ ንገረው የኢትዮጵያ ፖለቲክስ በደምብ ኣውቀዋለው:: ያልኩህን ብቻ ኣትርሳ::,False,False,True,True,False,False,False,71
am-0250,am-g0188,am,አንተ አውሻ ልጅ ገረድ አፍህን ዝጋና እዞው እንደለምድከው እግር እጠብ አንተ ቆሻሽ,ዝም ብትል ይሻላል፡፡,test,2024,google/mt5-base,models/mt5_detox_baseline/seed2024,beam4,አንተ አፍህን ዝጋና እዞው እንደለምድከው እግር እጠብ,አንተ አፍህን ዝጋና እዞው እንደለምድከው እግር እጠብ,False,False,False,False,False,False,False,33
am-0255,am-g0263,am,እኔም አላስጨፈጨፈንም አላልኩም.ነገር ግን አንተ ፍሪኩን እንዳቆለጳጰስከው መልአክ አላረኩትም.ቢያቅርህም ዋጠው የመቀሌው,እኔም ችግር አልፈጠረም አላልኩም .ነገር ግን ያንውን አንተ እንዳሞገስከው አላረኩትም.ባይዋጥልህም ይኸው ነው,test,2024,google/mt5-base,models/mt5_detox_baseline/seed2024,beam4,እኔም አላስጨፈጨፈንም አላልኩም.ነገር ግን አንተ ፍሪኩን እንዳቆለጳጰስከው መልአክ አላረኩትም.ቢያቅርህም ዋጠው የመቀሌው,እኔም አላስጨፈጨፈንም አላልኩም.ነገር ግን አንተ ፍሪኩን እንዳቆለጳጰስከው መልአክ አላረኩትም.ቢያቅርህም ዋጠው የመቀሌው,False,False,True,True,False,False,False,75
am-0270,am-g0073,am,ምን ቀረብኝ ብለህ ነው???የውሻ የድመት እና የእባብ ጥብስ ነው እኮ ይቀረብህ ብቻ ከአማረህ መከልከል የለበትም ባይ ነኝ የሚመለከተው ሁሉ ክትትል ማድረግ ይኖርበታል,ከማይበሉ እንሰሳት ተሰርቶ የሚቀርብ ጥብስ ቢቀርብህስ ?,test,2024,google/mt5-base,models/mt5_detox_baseline/seed2024,beam4,ምን ቀረብኝ ብለህ ነው???የውሻ የድመት እና የእባብ ጥብስ ነው እኮ ይቀረብህ ብቻ ከአማረህ መከልከል የለበትም ባይ ነኝ የሚመለከተው ሁሉ ክትትል ማድረግ ይኖርበታል,ምን ቀረብኝ ብለህ ነው???የውሻ የድመት እና የእባብ ጥብስ ነው እኮ ይቀረብህ ብቻ ከአማረህ መከልከል የለበትም ባይ ነኝ የሚመለከተው ሁሉ ክትትል ማድረግ ይኖርበታል,False,False,True,True,False,False,False,104
am-0298,am-g0136,am,ቦምብ በሻንጣ የጫነችው የፖሊስ መኪና (ፖሊስ ኢት 0384 ET) ሆን ተብሎ እንድትቃጠል ተደርጋለች።,መሰሪያ በሻንጣ የጫነችው የፖሊስ መኪና (ፖሊስ ኢት 0384 ET)  እንድትቃጠል ተደርጋለች።,test,2024,google/mt5-base,models/mt5_detox_baseline/seed2024,beam4,በሻንጣ የጫነችው የፖሊስ መኪና (ፖሊስ ኢት 0384 ET) ሆን ተብሎ እንድትቃጠል ተደርጋለች,በሻንጣ የጫነችው የፖሊስ መኪና (ፖሊስ ኢት 0384 ET) ሆን ተብሎ እንድትቃጠል ተደርጋለች,False,False,False,False,False,False,False,58
am-0303,am-g0003,am,?? የሱ ነገር አንደ ውሻ አብይን ነክሶ እኝኝኝኝኝኝኝኝኝ ማለት ብቻ ሆኗል። በዚህ ከቀጠለ መገርጀፉ ነው።,የሱ ነገር አብይን ዝምብሎ መቃወም ብቻ ሆኖል :: በዚህ ከቀጠለ ያለእድሜው ነው የሚያረጀው።,test,2024,google/mt5-base,models/mt5_detox_baseline/seed2024,beam4,?? የሱ ነገር አንደ ውሻ አብይን ነክሶ እኝኝኝኝኝኝኝኝኝኝኝኝኝኝኝኝኝኝኝኝኝኝኝኝኝኝኝኝኝኝኝኝኝኝኝኝኝኝኝኝኝኝኝኝኝኝኝኝኝኝኝኝኝኝኝኝኝኝኝኝኝኝኝኝኝኝኝኝኝኝኝኝኝኝኝኝኝኝኝኝኝኝኝኝኝኝኝኝኝኝኝኝኝኝኝ,?? የሱ ነገር አንደ ውሻ አብይን ነክሶ እኝኝኝኝኝኝኝኝኝኝኝኝኝኝኝኝኝኝኝኝኝኝኝኝኝኝኝኝኝኝኝኝኝኝኝኝኝኝኝኝኝኝኝኝኝኝኝኝኝኝኝኝኝኝኝኝኝኝኝኝኝኝኝኝኝኝኝኝኝኝኝኝኝኝኝኝኝኝኝኝኝኝኝኝኝኝኝኝኝኝኝኝኝኝኝ,False,False,False,False,False,False,False,122
am-0306,am-g0247,am,እራሱ ዛሬ ጠዋት ያየናትን ቀምሶ እንደማያወራ በምን እርግጠኛ መሆን ይቻላል???,የተለመደውን ነገር ቀምሶ እንደማያወራ በምን እርግጠኛ መሆን ይቻላል???,test,2024,google/mt5-base,models/mt5_detox_baseline/seed2024,beam4,እራሱ ዛሬ ጠዋት ያየናትን እንደማያወራ በምን እርግጠኛ መሆን ይቻላል???,እራሱ ዛሬ ጠዋት ያየናትን እንደማያወራ በምን እርግጠኛ መሆን ይቻላል???,False,False,False,False,False,False,False,46
am-0309,am-g0293,am,ከታላቅ ወንድሜ ጆ ባይደን እንዲሁም ከእህቴ ካሚላ ኣሪስ ውጤታማ የስልክ ውይይት ኣድርገናል።ባካየድነው ህግ የማስከበር ሂደት ድጋፋቸው ችረውናል ይል ይሆናል እኮ ያቱልቱላ መሽረፈት።,ከታላቅ ወንድሜ ጆ ባይደን እንዲሁም ከእህቴ ካሚላ ኣሪስ ውጤታማ የስልክ ውይይት ኣድርገናል።ባካሄድነው ህግ የማስከበር ሂደት ድጋፋቸው ችረውናል ይል ይሆናል እኮ ያ ሰውዬ,test,2024,google/mt5-base,models/mt5_detox_baseline/seed2024,beam4,ከታላቅ ወንድሜ ጆ ባይደን እንዲሁም ከእህቴ ካሚላ ኣሪስ ውጤታማ የስልክ ውይይት ኣድርገናል፡፡ባካየድነው ህግ የማስከበር ሂደት ድጋፋቸው ችረውናል ይል ይሆናል፡፡,ከታላቅ ወንድሜ ጆ ባይደን እንዲሁም ከእህቴ ካሚላ ኣሪስ ውጤታማ የስልክ ውይይት ኣድርገናል፡፡ባካየድነው ህግ የማስከበር ሂደት ድጋፋቸው ችረውናል ይል ይሆናል፡፡,False,False,False,False,False,False,False,101
am-0359,am-g0375,am,ደግነት በሌላ ሰው ወይም የወል ንብረት ላይ : ለዛውም ሳያስፈቅዱ ይሸክካል ::,ደግነት በሌላ ሰው ወይም የወል ንብረት ላይ : ለዚያውም ሳያስፈቅዱ ትክክል አይደለም ::,test,2024,google/mt5-base,models/mt5_detox_baseline/seed2024,beam4,ደግነት በሌላ ሰው ወይም የወል ንብረት ላይ : ለዛውም ሳያስፈቅዱ ይሸክካል ::,ደግነት በሌላ ሰው ወይም የወል ንብረት ላይ : ለዛውም ሳያስፈቅዱ ይሸክካል ::,False,False,True,True,False,False,False,50
am-0362,am-g0202,am,አንተ ግም እና የገለማህ ነህ ከትግራይ ታቦቱን ተመኝተህ ህዝብና መሬቱን ካድክ ድሮም ባንዳ ብህሪው ነው,የትግራይ ታቦትን እየተመኙ ፤ ህዝብና መሬቱን መርሳት ትክክል አይደለም፡፡,test,2024,google/mt5-base,models/mt5_detox_baseline/seed2024,beam4,አንተ ግም እና የገለማህ ነህ ከትግራይ ታቦቱን ተመኝተህ ህዝብና መሬቱን ካድክ,አንተ ግም እና የገለማህ ነህ ከትግራይ ታቦቱን ተመኝተህ ህዝብና መሬቱን ካድክ,False,False,False,False,False,False,False,49
am-0376,am-g0329,am,የቱ ነው ቀላል ከሱዳን ማምጣት ወይንስ አገር ቤት ያለውን electricity network bank etc መክፈት ይሄ ደንቆሮ የትግራይ ህዝብ እደ ሌሎቹ መስሎት ነው,የቱ ነው ቀላል ከሱዳን ማምጣት ወይንስ አገር ቤት ያለውን electricity network bank etc መክፈት ፤ የትግራይ ህዝብ ይህን ይረዳል፡፡,test,2024,google/mt5-base,models/mt5_detox_baseline/seed2024,beam4,የቱ ነው ቀላል ከሱዳን ማምጣት ወይንስ አገር ቤት ያለውን electricity network bank etc መክፈት ይሄ ደንቆሮ የትግራይ ህዝብ እደ ሌሎቹ መስሎት ነው,የቱ ነው ቀላል ከሱዳን ማምጣት ወይንስ አገር ቤት ያለውን electricity network bank etc መክፈት ይሄ ደንቆሮ የትግራይ ህዝብ እደ ሌሎቹ መስሎት ነው,False,False,True,True,False,False,False,103
am-0384,am-g0115,am,በአንዴ ካድሽኝ? ለነገሩ የመጀመሪያሽ አይደለም ??,በአንዴ ድጋፍሽን አነሳሽ? ለነገሩ የመጀመሪያሽ አይደለም ??,test,2024,google/mt5-base,models/mt5_detox_baseline/seed2024,beam4,በአንዴ ካድሽኝ? ለነገሩ የመጀመሪያሽ አይደለም ??,በአንዴ ካድሽኝ? ለነገሩ የመጀመሪያሽ አይደለም ??,False,False,True,True,False,False,False,32
ar-0015,ar-g0093,ar,اللي بيقول انت ليه مركز في كلام الناس ، يلعن ابوك ، انت متعرفش حاجة شوفت الحتة دي 😂,اللي بيقول انت ليه مركز في كلام الناس ، انت متعرفش حاجة شوفت الحتة دي 😂,test,2024,google/mt5-base,models/mt5_detox_baseline/seed2024,beam4,اللي بيقول انت ليه مركز في كلام الناس ، انت متعرفش حاجة شوفت الحتة دي 😂,اللي بيقول انت ليه مركز في كلام الناس ، انت متعرفش حاجة شوفت الحتة دي 😂,False,False,False,False,False,False,False,71
ar-0018,ar-g0301,ar,معلش سامحنا،احنا شراميط بنعمل افراح مختلطة من زمان,معلش سامحنا،احنا بنعمل افراح مختلطة من زمان,test,2024,google/mt5-base,models/mt5_detox_baseline/seed2024,beam4,معلش سامحنا،احنا شراميط بنعمل افراح مختلطة من زمان,معلش سامحنا،احنا شراميط بنعمل افراح مختلطة من زمان,False,False,True,True,False,False,False,50
ar-0030,ar-g0044,ar,احصل على فكرة قبل أن تقدم تعليقات غبية.,احصل على فكرة قبل أن تقدم تعليقات غير مطلعة.,test,2024,google/mt5-base,models/mt5_detox_baseline/seed2024,beam4,احصل على فكرة قبل أن تقدم تعليقات ساذج.,احصل على فكرة قبل أن تقدم تعليقات ساذج.,False,False,False,False,False,False,False,39
ar-0056,ar-g0369,ar,ومع ذلك فقد دعمتم المهرج طوال الوقت الذي كان فيه أحد كبار الوزراء في الحكومة.,رغم ذلك كنت تدعمه طوال الوقت كان واحدا من كبار الوزراء,test,2024,google/mt5-base,models/mt5_detox_baseline/seed2024,beam4,ومع ذلك فقد دعمتم المهرج طوال الوقت الذي كان فيه أحد كبار الوزراء في الحكومة.,ومع ذلك فقد دعمتم المهرج طوال الوقت الذي كان فيه أحد كبار الوزراء في الحكومة.,False,False,True,True,False,False,False,77
ar-0066,ar-g0227,ar,كل دول شراميط ع التايم اسيبهم و اذاكر بقي,كل دول ع التايم اسيبهم و اذاكر بقي,test,2024,google/mt5-base,models/mt5_detox_baseline/seed2024,beam4,كل دول ع التايم اسيبهم و اذاكر بقي,كل دول ع التايم اسيبهم و اذاكر بقي,False,False,False,False,False,False,False,34
ar-0075,ar-g0313,ar,نحن ملزمون بالتعامل مع هذا التافه الصغير لسنوات إضافية تقريبًا.,نحن ملزمون بالتعامل مع هذا الشخص لسنوات إضافية تقريبًا.,test,2024,google/mt5-base,models/mt5_detox_baseline/seed2024,beam4,نحن ملزمون بالتعامل مع هذا الصغير لسنوات إضافية تقريبًا.,نحن ملزمون بالتعامل مع هذا الصغير لسنوات إضافية تقريبًا.,False,False,False,False,False,False,False,56
ar-0114,ar-g0337,ar,هل قرأت المقال على الإطلاق، أم أنك مجرد واحد آخر من عملاء غوبتا الغوغائين .,هل قرأت المقال على الإطلاق، أم لا؟,test,2024,google/mt5-base,models/mt5_detox_baseline/seed2024,beam4,هل قرأت المقال على الإطلاق، أم أنك مجرد واحد آخر من عملاء الغوغائين .,هل قرأت المقال على الإطلاق، أم أنك مجرد واحد آخر من عملاء الغوغائين .,False,False,False,False,False,False,False,69
ar-0115,ar-g0263,ar,لن يشاهدوا هذا الهراء أبدا مرة أخرى.,لن نرغب في مشاهدة ذلك مجددا أبدا,test,2024,google/mt5-base,models/mt5_detox_baseline/seed2024,beam4,لن يشاهدوا هذا الهراء أبدا مرة أخرى.,لن يشاهدوا هذا الهراء أبدا مرة أخرى.,False,False,True,True,False,False,False,36
ar-0158,ar-g0315,ar,نحن وقعنا ضحية بين ايديكم انت وبقية الاحزاب القذرة لعنة الله عليكم,نحن وقعنا ضحية بين ايديكم انت وبقية الاحزاب حسبي الله عليكم,test,2024,google/mt5-base,models/mt5_detox_baseline/seed2024,beam4,نحن وقعنا ضحية بين ايديكم انت وبقية الاحزاب القذرة,نحن وقعنا ضحية بين ايديكم انت وبقية الاحزاب القذرة,False,False,False,False,False,False,False,50
ar-0161,ar-g0066,ar,الاغتصاب هو اعتداء جنسي بواسطة أي جنس، بغض النظر عن وجود قضيب أو عدمه!,الاغتصاب هو اعتداء جنسي بواسطة أي جنس!,test,2024,google/mt5-base,models/mt5_detox_baseline/seed2024,beam4,الاغتصاب هو اعتداء جنسي بواسطة أي جنس، بغض النظر عن وجود قضيب أو عدمه.,الاغتصاب هو اعتداء جنسي بواسطة أي جنس، بغض النظر عن وجود قضيب أو عدمه.,False,False,False,False,False,False,False,70
ar-0170,ar-g0040,ar,اثنين من المجانين يحاولون إظهار من حصل على الشيء الأكبر!,شخصان غير مناسبين يحاولان إظهار من هو الأفضل,test,2024,google/mt5-base,models/mt5_detox_baseline/seed2024,beam4,اثنين من المجانين يحاولون إظهار من حصل على الشيء الأكبر,اثنين من المجانين يحاولون إظهار من حصل على الشيء الأكبر,False,False,False,False,False,False,False,55
ar-0214,ar-g0168,ar,ده مجمع شراميط ده ولا ايه,ده مجمع فاشلين ده ولا ايه,test,2024,google/mt5-base,models/mt5_detox_baseline/seed2024,beam4,ده مجمع شراميط ده ولا ايه,ده مجمع شراميط ده ولا ايه,False,False,True,True,False,False,False,25
ar-0222,ar-g0378,ar,يا له من مهرج عديم الفائدة هذا الرجل,هذا الرجل لا يساعد كثيرا,test,2024,google/mt5-base,models/mt5_detox_baseline/seed2024,beam4,يا له من مهرج عديم الفائدة هذا الرجل,يا له من مهرج عديم الفائدة هذا الرجل,False,False,True,True,False,False,False,36
ar-0235,ar-g0376,ar,يا حمار لم نكن يوما تحت الاستعمار العثماني ، بل هزمناه في معركة قرب فاس…,لم نكن يوما تحت الاستعمار العثماني ، بل هزمناه في معركة قرب فاس…,test,2024,google/mt5-base,models/mt5_detox_baseline/seed2024,beam4,يا حمار لم نكن يوما تحت الاستعمار العثماني ، بل هزمناه في معركة قرب فاس...,يا حمار لم نكن يوما تحت الاستعمار العثماني ، بل هزمناه في معركة قرب فاس...,False,False,False,False,False,False,False,74
ar-0238,ar-g0357,ar,والوادي هو حفرة للخاسرين حيث يلعب الكثيرون بنصف حزمة من البطاقات.,والوادي مكان للأشخاص الذين يلعبون بنصف حزمة من البطاقات.,test,2024,google/mt5-base,models/mt5_detox_baseline/seed2024,beam4,والوادي هو حفرة للخاسرين حيث يلعب الكثيرون بنصف حزمة من البطاقات.,والوادي هو حفرة للخاسرين حيث يلعب الكثيرون بنصف حزمة من البطاقات.,False,False,True,True,False,False,False,65
ar-0273,ar-g0183,ar,شفت كيف انك متخلف وقاعد تبرر لمغتصب؟,شفت كيف انك غافل وقاعد تبرر لمغتصب؟,test,2024,google/mt5-base,models/mt5_detox_baseline/seed2024,beam4,شفت كيف انك متخلف وقاعد تبرر لمغتصب,شفت كيف انك متخلف وقاعد تبرر لمغتصب,False,False,False,False,False,False,False,35
ar-0275,ar-g0343,ar,ههههههه كول هوا وزحط من هون,ههههههه أسكت وزحط من هون,test,2024,google/mt5-base,models/mt5_detox_baseline/seed2024,beam4,ههههههه كول هوا وزحط من هون,ههههههه كول هوا وزحط من هون,False,False,True,True,False,False,False,27
ar-0285,ar-g0184,ar,شهالروج اللي داهنه فيه براطمها استغفرالله بس زيديه ماعليها شرهه,شهالروج اللي داهنه فيه شفاهها استغفرالله بس من أتباع الزيدية ماعليها شر,test,2024,google/mt5-base,models/mt5_detox_baseline/seed2024,beam4,شهالروج اللي داهنه فيه براطمها استغفرالله بس زيديه ماعليها شرهه,شهالروج اللي داهنه فيه براطمها استغفرالله بس زيديه ماعليها شرهه,False,False,True,True,False,False,False,63
ar-0297,ar-g0209,ar,فصلوا الكهرباء عن باقي البلد و جيبوا لبيروت كهرباء هل فترة يا عرصات يا منايك يا شراميط يا عاهات,فصلوا الكهرباء عن باقي البلد و جيبوا لبيروت كهرباء هل فترة,test,2024,google/mt5-base,models/mt5_detox_baseline/seed2024,beam4,فصلوا الكهرباء عن باقي البلد و جيبوا لبيروت كهرباء هل فترة يا عرصات يا منايك يا عاهات,فصلوا الكهرباء عن باقي البلد و جيبوا لبيروت كهرباء هل فترة يا عرصات يا منايك يا عاهات,False,False,False,False,False,False,False,85
ar-0309,ar-g0096,ar,الناخبون الأغبياء حقا هنا كيف يمكن تفسير جاستن ترودو على أنه رئيس وزراء ؟,الناخبون غير المناسبين حقا هنا كيف يمكن تفسير القاضي ترودو على أنه رئيس الوزراء؟,test,2024,google/mt5-base,models/mt5_detox_baseline/seed2024,beam4,الناخبون الأغبياء حقا هنا كيف يمكن تفسير جاستن ترودو على أنه رئيس وزراء ؟,الناخبون الأغبياء حقا هنا كيف يمكن تفسير جاستن ترودو على أنه رئيس وزراء ؟,False,False,True,True,False,False,False,73
ar-0320,ar-g0104,ar,انا ليش احب الاتحاد قد كذا يلعن ابوك فريق,انا ليش احب الاتحاد قد كذا ما شاءالله على هيك فريق,test,2024,google/mt5-base,models/mt5_detox_baseline/seed2024,beam4,انا ليش احب الاتحاد قد كذا يلعن ابوك,انا ليش احب الاتحاد قد كذا يلعن ابوك,False,False,False,False,False,False,False,36
ar-0331,ar-g0314,ar,نحن نلحق الضرر بجميع طبقات مياهنا الجوفية، يا حمقى.,نحن نلحق الضرر بجميع طبقات مياهنا الجوفية، يا رفاق.,test,2024,google/mt5-base,models/mt5_detox_baseline/seed2024,beam4,نحن نلحق الضرر بجميع طبقات مياهنا الجوفية.,نحن نلحق الضرر بجميع طبقات مياهنا الجوفية.,False,False,False,False,False,False,False,42
ar-0354,ar-g0231,ar,كلهم اولاد قحبه تكالبو على فلسطين والاسلام بشكل خاص,كلهم تكالبو على فلسطين والاسلام بشكل خاص,test,2024,google/mt5-base,models/mt5_detox_baseline/seed2024,beam4,كلهم اولاد قحبه تكالبو على فلسطين والاسلام بشكل خاص,كلهم اولاد قحبه تكالبو على فلسطين والاسلام بشكل خاص,False,False,True,True,False,False,False,51
ar-0359,ar-g0174,ar,رحت بالغصب بس انبسطت شميت هواء نظيف الله يلعن ابوك ياكورونا,رحت بالغصب بس انبسطت شميت هواء نظيف الله يبعدك ياكورونا,test,2024,google/mt5-base,models/mt5_detox_baseline/seed2024,beam4,رحت بالغصب بس انبسطت شميت هواء نظيف الله يلعن ابوك,رحت بالغصب بس انبسطت شميت هواء نظيف الله يلعن ابوك,False,False,False,False,False,False,False,50
ar-0360,ar-g0388,ar,يبدو أن قرار زوبيل لا يهم هذا الجاهل.,يبدو أن قرار زوبيل لا يهم هذا الشخص.,test,2024,google/mt5-base,models/mt5_detox_baseline/seed2024,beam4,يبدو أن قرار زوبيل لا يهم هذا الشخص.,يبدو أن قرار زوبيل لا يهم هذا الشخص.,False,False,False,False,False,False,False,36
ar-0375,ar-g0228,ar,كل صحباتي شراميط وما ينطاقون ابد مع ذلك احبهم,كل صحباتي ما ينطاقون ابد مع ذلك احبهم,test,2024,google/mt5-base,models/mt5_detox_baseline/seed2024,beam4,كل صحباتي ما ينطاقون ابد مع ذلك احبهم,كل صحباتي ما ينطاقون ابد مع ذلك احبهم,False,False,False,False,False,False,False,37
de-0025,de-g0104,de,Die Randalierer von Hamburg müssen den entstandenen Schaden ersetzen und. notfalls in Arbeitslagern abarbeiten.,Die Randalierer von Hamburg müssen den entstandenen Schaden ersetzen und. notfalls in Sozialstunden abarbeiten.,test,2024,google/mt5-base,models/mt5_detox_baseline/seed2024,beam4,Die Randalierer von Hamburg müssen den Schaden ersetzen und. notfalls in Arbeitslagern abarbeiten.,Die Randalierer von Hamburg müssen den Schaden ersetzen und. notfalls in Arbeitslagern abarbeiten.,False,False,False,False,False,False,False,98
de-0027,de-g0281,de,Schon ein Wahnsinn....obwohl nichtmal 1/3 der Bevölkerung sie gewählt hat darf sie trotzdem weiter regieren.. Ist zum kotzen!,Schon ein Wahnsinn....obwohl nichtmal 1/3 der Bevölkerung sie gewählt hat darf sie trotzdem weiter regieren..,test,2024,google/mt5-base,models/mt5_detox_baseline/seed2024,beam4,Schon ein Wahnsinn....obwohl nichtmal 1/3 der Bevölkerung sie gewählt hat darf sie trotzdem weiter regieren.. Ist zum kotzen.,Schon ein Wahnsinn....obwohl nichtmal 1/3 der Bevölkerung sie gewählt hat darf sie trotzdem weiter regieren.. Ist zum kotzen.,False,False,False,False,False,False,False,125
de-0029,de-g0307,de,Templer werden heute als Religiöse Spinner verurteilt. Das Gegenteil ist der Fall. Die Kirche hat uns missbraucht. Ein König verraten.,Templer werden heute als übermäßig Religiöse verurteilt. Das Gegenteil ist der Fall. Die Kirche hat uns missbraucht. Ein König verraten.,test,2024,google/mt5-base,models/mt5_detox_baseline/seed2024,beam4,Templer werden heute als Religiöse Personen verurteilt. Das Gegenteil ist der Fall. Die Kirche hat uns missbraucht. Ein König verraten.,Templer werden heute als Religiöse Personen verurteilt. Das Gegenteil ist der Fall. Die Kirche hat uns missbraucht. Ein König verraten.,False,False,False,False,False,False,False,135
de-0040,de-g0344,de,Wen Interessiert schon was der kleine Wicht ruft. Jerusalem ist die Hauptstadt Israels. Basta.,Wen Interessiert schon was er ruft. Jerusalem ist die Hauptstadt Israels. Basta.,test,2024,google/mt5-base,models/mt5_detox_baseline/seed2024,beam4,Wen Interessiert schon was der kleine Wicht ruft. Jerusalem ist die Hauptstadt Israels. Basta.,Wen Interessiert schon was der kleine Wicht ruft. Jerusalem ist die Hauptstadt Israels. Basta.,False,False,True,True,False,False,False,94
de-0091,de-g0012,de,"#illner Leute, die Parteien wählen, die sie zu ""schon länger hier Lebenden"" herabwürdigen, sind schlicht #verblödet od. #geisteskrank","#illner Leute, die Parteien wählen, die sie zu ""schon länger hier Lebenden"" herabwürdigen, sind schlicht #naiv",test,2024,google/mt5-base,models/mt5_detox_baseline/seed2024,beam4,"#illner Leute, die Parteien wählen, die sie zu ""schon länger hier Lebenden"" herabwürdigen, sind schlicht #verblödet Od. #geisteskrank","#illner Leute, die Parteien wählen, die sie zu ""schon länger hier Lebenden"" herabwürdigen, sind schlicht #verblödet Od. #geisteskrank",False,False,False,True,False,False,False,133
de-0101,de-g0394,de,wenn der #Bundespräsident mit seinem dummen Geschwätz auf die #SPD zielt sollte er bedenken dass 80% der deutschen die SPD nicht wollen,wenn der #Bundespräsident mit seinen Aussagen auf die #SPD zielt sollte er bedenken dass 80% der deutschen die SPD nicht wollen,test,2024,google/mt5-base,models/mt5_detox_baseline/seed2024,beam4,wenn der #Bundespräsident mit seinem Geschwätz auf die #SPD zielt sollte er bedenken dass 80% der deutschen die SPD nicht wollen,wenn der #Bundespräsident mit seinem Geschwätz auf die #SPD zielt sollte er bedenken dass 80% der deutschen die SPD nicht wollen,False,False,False,False,False,False,False,128
de-0102,de-g0369,de,"finde ich gut würde ich auch, aber nicht wenn man mich nötigen will. Freiwillig ok ,aber ich brauche keine Sesselfurzer die über meine Organe bestimmen","finde ich gut würde ich auch, aber nicht wenn man mich nötigen will. Freiwillig ok ,aber ich brauche keine Personen die über meine Organe bestimmen",test,2024,google/mt5-base,models/mt5_detox_baseline/seed2024,beam4,"finde ich gut würde ich auch, aber nicht wenn man mich nötigen will. Freiwillig ok ,aber ich brauche keine Sesselfurzer die über meine Organe bestimmen","finde ich gut würde ich auch, aber nicht wenn man mich nötigen will. Freiwillig ok ,aber ich brauche keine Sesselfurzer die über meine Organe bestimmen",False,False,True,True,False,False,False,151
de-0127,de-g0116,de,Die meisten Deutschen misstrauen Merkel!. Warum schreibt dieses Vasallenpack der deutschen Lügenpresse nicht mal darüber!!!!,Die meisten Deutschen misstrauen Merkel!. Warum schreibt die Presse nicht mal darüber!!!!,test,2024,google/mt5-base,models/mt5_detox_baseline/seed2024,beam4,Die meisten Deutschen misstrauen Merkel!. Warum schreibt dieses Vasallenpack der deutschen Presse nicht mal darüber?,Die meisten Deutschen misstrauen Merkel!. Warum schreibt dieses Vasallenpack der deutschen Presse nicht mal darüber?,False,False,False,False,False,False,False,116
de-0140,de-g0158,de,"Gabriel, was bist Du für ein scheinheiliger Außerrandundband-Minister.. Verkaufst Deine Demokratie an das Sultanat. Raus mit Dir.","Gabriel, was bist Du für ein unaufrichtiger Außerrandundband-Minister.. Verkaufst Deine Demokratie an das Sultanat.",test,2024,google/mt5-base,models/mt5_detox_baseline/seed2024,beam4,"Gabriel, was bist Du für ein scheinheiliger Außerrandundband-Minister.. Verkaufst Deine Demokratie an das Sultanat.","Gabriel, was bist Du für ein scheinheiliger Außerrandundband-Minister.. Verkaufst Deine Demokratie an das Sultanat.",False,False,False,False,False,False,False,115
de-0160,de-g0165,de,"Gute Nacht, Ihr Lieben da draußen und träumt schön von Murksel und ihrem Kurzschwanzdackel Luschet 😜","Gute Nacht, Ihr Lieben da draußen und träumt schön von Merkel und ihrem Kollegen Laschet 😜",test,2024,google/mt5-base,models/mt5_detox_baseline/seed2024,beam4,"Gute Nacht, Ihr Lieben da draußen und träumt schön von Murksel und ihrem Kurzschwanzdackel 😜","Gute Nacht, Ihr Lieben da draußen und träumt schön von Murksel und ihrem Kurzschwanzdackel 😜",False,False,False,False,False,False,False,92
de-0162,de-g0393,de,welches Meth nimmt eigentlich @USER_0? Ihre Haut sieht ja fürchterlich aus und dann das ständige blinzeln #furchtbar #maischberger,was nimmt eigentlich @USER_0? Ihre Haut sieht ja nicht gut aus und dann das ständige blinzeln #maischberger,test,2024,google/mt5-base,models/mt5_detox_baseline/seed2024,beam4,welches Meth nimmt eigentlich @USER_0? Ihre Haut sieht ja fürchterlich aus und dann das ständige blinzeln #furchtbar #maischberger,welches Meth nimmt eigentlich @USER_0? Ihre Haut sieht ja fürchterlich aus und dann das ständige blinzeln #furchtbar #maischberger,False,False,True,True,False,False,False,130
de-0196,de-g0253,de,Murksel und ihre Unchristen stehen für Konfrontation gegen Russland und einen möglichen Krieg. Und den überleben auch Wahlschafe nicht 😜,Merkel und ihre Unchristen stehen für Konfrontation gegen Russland und einen möglichen Krieg. Und den überleben auch Wähler nicht 😜,test,2024,google/mt5-base,models/mt5_detox_baseline/seed2024,beam4,Murksel und ihre Unchristen stehen für Konflikt gegen Russland und einen möglichen Krieg. Und den überleben auch Wahlschafe nicht 😜,Murksel und ihre Unchristen stehen für Konflikt gegen Russland und einen möglichen Krieg. Und den überleben auch Wahlschafe nicht 😜,False,False,False,False,False,False,False,131
de-0197,de-g0294,de,"So sieht es in einem Land aus welches vor der Verblödung steht...ich hasse dumme Menschen, erst recht wenn es meine eigenen Landsleute sind...furchtbar","So sieht es in einem Land aus, welches vor einer Herausforderung steht...ich mag keine uninformierten Menschen, erst recht wenn es meine eigenen Landsleute sind...enttäuschend",test,2024,google/mt5-base,models/mt5_detox_baseline/seed2024,beam4,"So sieht es in einem Land aus welches vor der Verblödung steht...ich hasse Menschen, erst recht wenn es meine eigenen Landsleute sind...furchtbar","So sieht es in einem Land aus welches vor der Verblödung steht...ich hasse Menschen, erst recht wenn es meine eigenen Landsleute sind...furchtbar",False,False,False,False,False,False,False,145
de-0204,de-g0352,de,Wie blöd können die Niedersachsen doch sein ???,Wie naiv können die Niedersachsen doch sein ???,test,2024,google/mt5-base,models/mt5_detox_baseline/seed2024,beam4,Wie blöd können die Niedersachsen doch sein ???,Wie blöd können die Niedersachsen doch sein ???,False,False,True,True,False,False,False,47
de-0223,de-g0247,de,"Mimimi ,,, und was machen unsere politisch-korrekten #safespace-Krieger dann im Ernstfall? Sich in die Hosen sch...?","Mimimi ,,, und was machen unsere politisch-korrekten #safespace-Krieger dann im Ernstfall? Angst bekommen?",test,2024,google/mt5-base,models/mt5_detox_baseline/seed2024,beam4,"Mimimi ,,, und was machen unsere #safespace-Krieger dann im Ernstfall? Sich in die Hosen sch...?","Mimimi ,,, und was machen unsere #safespace-Krieger dann im Ernstfall? Sich in die Hosen sch...?",False,False,False,False,False,False,False,96
de-0224,de-g0202,de,Ihr Mauermörder wisst überhaupt nicht was Demokratie bedeutet 🖕,Ihr wisst überhaupt nicht was Demokratie bedeutet,test,2024,google/mt5-base,models/mt5_detox_baseline/seed2024,beam4,Ihr Mauermörder wisst überhaupt nicht was Demokratie bedeutet,Ihr Mauermörder wisst überhaupt nicht was Demokratie bedeutet,False,False,False,False,False,False,False,61
de-0251,de-g0171,de,"Hallo Freunde ""Absurdistan"" hat mich wieder. Gerade mit `nem Geschenk für Murksel aus PL zurück. Ein Kopftuch für die Zweitfrau des Sultans😜","Hallo Freunde ""Absurdistan"" hat mich wieder. Gerade mit `nem Geschenk für Merkel aus PL zurück. Ein Kopftuch für die Zweitfrau des Sultans😜",test,2024,google/mt5-base,models/mt5_detox_baseline/seed2024,beam4,"Hallo Freunde ""Absurdistan"" hat mich wieder. Gerade mit `nem Geschenk für Murksel aus PL zurück. Ein Kopftuch für die Zweitfrau des Sultans😜","Hallo Freunde ""Absurdistan"" hat mich wieder. Gerade mit `nem Geschenk für Murksel aus PL zurück. Ein Kopftuch für die Zweitfrau des Sultans😜",False,False,True,True,False,False,False,140
de-0270,de-g0284,de,"Schäuble zur Lage in der Türkei: ""Das erinnert mich daran, wie es in der DDR war"" Was weiß dieser Vollpfosten von der DDR 🤢","Schäuble zur Lage in der Türkei: ""Das erinnert mich daran, wie es in der DDR war"" Was weiß dieser Mensch von der DDR 🤢",test,2024,google/mt5-base,models/mt5_detox_baseline/seed2024,beam4,"Schäuble zur Lage in der Türkei: ""Das erinnert mich daran, wie es in der DDR war"" Was weiß dieser Vollpfosten von der DDR 🤢","Schäuble zur Lage in der Türkei: ""Das erinnert mich daran, wie es in der DDR war"" Was weiß dieser Vollpfosten von der DDR 🤢",False,False,True,True,False,False,False,123
de-0290,de-g0192,de,Ich lach mich kaputt Truppenuschi soll es richten.,Ich lach mich kaputt Ursula von der Leyen soll es richten.,test,2024,google/mt5-base,models/mt5_detox_baseline/seed2024,beam4,Ich lach mich kaputt Truppenuschi soll es richten,Ich lach mich kaputt Truppenuschi soll es richten,False,False,False,False,False,False,False,49
de-0301,de-g0310,de,"Trump - sprich Tramp. Wenn die Laien-Ministerin über Trump labert,. bleibt mir nur : "" Lass den Trampel quaken"". Zu mehr taugt sie nicht.","Trump - sprich Tramp. Wenn die Laien-Ministerin über Trump labert,. bleibt mir nur : "" Lass den Trampel quaken"". Zu mehr ist sie meiner Meinung nach nicht geeignet.",test,2024,google/mt5-base,models/mt5_detox_baseline/seed2024,beam4,"Trump - sprich Tramp. Wenn die Laien-Ministerin über Trump labert,. bleibt mir nur : "" Lass den Trampel quaken"". Zu mehr taugt sie nicht.","Trump - sprich Tramp. Wenn die Laien-Ministerin über Trump labert,. bleibt mir nur : "" Lass den Trampel quaken"". Zu mehr taugt sie nicht.",False,False,True,True,False,False,False,137
de-0303,de-g0325,de,Von wegen übertriebener Polizeigewalt. Die Polizei muss in Zukunft. viel härter vorgehen. Aus Maul hauen und dann verhaften.,Von wegen übertriebener Polizeigewalt. Die Polizei muss in Zukunft. viel härter vorgehen. Hart durchgreifen und dann verhaften.,test,2024,google/mt5-base,models/mt5_detox_baseline/seed2024,beam4,Von wegen übertriebener Polizeigewalt. Die Polizei muss in Zukunft. viel hart vorgehen. Aus Maul hauen und dann verhaften.,Von wegen übertriebener Polizeigewalt. Die Polizei muss in Zukunft. viel hart vorgehen. Aus Maul hauen und dann verhaften.,False,False,False,False,False,False,False,122
de-0316,de-g0019,de,"1. Mit ihr euch meine ich diese ganzen intoleranten voll mit hasserfüllten versagern ..2 . ich will mich nicht nach euren wünschen und Vorstellungen integrieren , punkt aus !","1. Mit ihr euch meine ich diese ganzen intoleranten voll mit hasserfüllten Menschen ..2 . ich will mich nicht nach euren wünschen und Vorstellungen integrieren , punkt aus !",test,2024,google/mt5-base,models/mt5_detox_baseline/seed2024,beam4,"Mit ihr euch meine ich diese ganzen intoleranten voll mit hasserfüllten Personen ..2 . ich will mich nicht nach euren wünschen und Vorstellungen integrieren , punkt aus","Mit ihr euch meine ich diese ganzen intoleranten voll mit hasserfüllten Personen ..2 . ich will mich nicht nach euren wünschen und Vorstellungen integrieren , punkt aus",False,False,False,False,False,False,False,168
de-0318,de-g0222,de,"Juhu, der Bayer ohne Eier will wieder einmal alles nach der Wahl richten 😂😂😂 ich pinkel mir vor Lachen gleich ein 😂😂😂","Juhu, der Bayer will wieder einmal alles nach der Wahl richten 😂 ich finde das sehr lustig 😂😂😂",test,2024,google/mt5-base,models/mt5_detox_baseline/seed2024,beam4,"Juhu, der Bayer ohne Eier will wieder einmal alles nach der Wahl richten 😂😂😂 ich pinkel mir vor Lachen gleich ein 😂😂😂","Juhu, der Bayer ohne Eier will wieder einmal alles nach der Wahl richten 😂😂😂 ich pinkel mir vor Lachen gleich ein 😂😂😂",False,False,True,True,False,False,False,117
de-0358,de-g0092,de,"Die Bevölkerung Europas wird ""weggezüchtet"" werden, wie einst die Neandertaler und hirnlose ""Prolle"" merken`s nicht einmal 😂😂😂","Die Bevölkerung Europas wird ""weggezüchtet"" werden, wie einst die Neandertaler und einige Personen merken`s nicht einmal 😂😂😂",test,2024,google/mt5-base,models/mt5_detox_baseline/seed2024,beam4,"Die Bevölkerung Europas wird ""weggezüchtet"" werden, wie einst die Neandertaler merken`s nicht einmal 😂😂😂","Die Bevölkerung Europas wird ""weggezüchtet"" werden, wie einst die Neandertaler merken`s nicht einmal 😂😂😂",False,False,False,False,False,False,False,104
de-0370,de-g0072,de,"Das sind doch überwiegend junge Männer, die uns überrennen wollen.. Die illegalen Invasoren brauchen Arbeit - in Arbeitslagern - fair.","Das sind doch überwiegend junge Männer, die zu uns kommen wollen.. Die Einwanderer ohne Papiere brauchen Arbeit.",test,2024,google/mt5-base,models/mt5_detox_baseline/seed2024,beam4,"Das sind doch überwiegend junge Männer, die uns überrennen wollen.. Die illegalen Invasoren brauchen Arbeit - in Arbeitslagern - fair.","Das sind doch überwiegend junge Männer, die uns überrennen wollen.. Die illegalen Invasoren brauchen Arbeit - in Arbeitslagern - fair.",False,False,True,True,False,False,False,134
de-0394,de-g0189,de,Ich kann diese scheisse mit diesen drecksmigranten einfach nicht mehr ertragen....wenn ich nur schon kanacken sehen wird gruselig....verfluchte Scheisser ..!,Ich kann das mit diesen migranten einfach nicht mehr ertragen....wenn ich nur schon welche sehe wird gruselig....,test,2024,google/mt5-base,models/mt5_detox_baseline/seed2024,beam4,Ich kann diese scheisse mit diesen migranten einfach nicht mehr ertragen....wenn ich nur schon kanacken sehen wird gruselig....verfluchte Scheisser ..!,Ich kann diese scheisse mit diesen migranten einfach nicht mehr ertragen....wenn ich nur schon kanacken sehen wird gruselig....verfluchte Scheisser ..!,False,False,False,False,False,False,False,151
en-0019,en-g0250,en,"jesus christ , that 's incredibly fucked up .",jesus christ . that's incredibly bad,test,2024,google/mt5-base,models/mt5_detox_baseline/seed2024,beam4,"jesus christ, that's incredibly unpleasant person.","jesus christ, that's incredibly unpleasant person.",False,False,False,False,False,False,False,50
en-0042,en-g0245,en,it was clear from the first fucking sentence of the article .,It was clear by the very first sentence of the article.,test,2024,google/mt5-base,models/mt5_detox_baseline/seed2024,beam4,It was clear from the first sentence of the article .,It was clear from the first sentence of the article .,False,False,False,False,False,False,False,53
en-0058,en-g0201,en,how the fuck are they getting to outer space ?,How are they getting to outer space?,test,2024,google/mt5-base,models/mt5_detox_baseline/seed2024,beam4,How are they getting to outer space?,How are they getting to outer space?,False,False,False,False,False,False,False,36
en-0083,en-g0134,en,but mostly that middle of the street shit .,but mostly issues of middle of the street,test,2024,google/mt5-base,models/mt5_detox_baseline/seed2024,beam4,But mostly that middle of the street shit .,But mostly that middle of the street shit .,False,False,False,True,False,False,False,43
en-0098,en-g0131,en,"better to keep your mouth shut and be thought a fool , than open it and be proven one .","Better to keep quiet and be thought to be naive, than open it and be proven you are one",test,2024,google/mt5-base,models/mt5_detox_baseline/seed2024,beam4,"better to keep your mouth shut and be thought a fool , than open it and be proven one.","better to keep your mouth shut and be thought a fool , than open it and be proven one.",False,False,False,False,False,False,False,86
en-0171,en-g0316,en,that man is the biggest piece of shit in ny s recent history .,that man is the biggest issue in ny's recent history.,test,2024,google/mt5-base,models/mt5_detox_baseline/seed2024,beam4,That man is the biggest piece of shit in ny s recent history.,That man is the biggest piece of shit in ny s recent history.,False,False,False,False,False,False,False,61
en-0198,en-g0377,en,what the fuck is this comment ? .,What is this comment?,test,2024,google/mt5-base,models/mt5_detox_baseline/seed2024,beam4,what is this comment ?,what is this comment ?,False,False,False,False,False,False,False,22
en-0241,en-g0191,en,"holy shit , just finished the season and it is so good but so * dark * , especially at the end .","Oh goodness, just finished the season and it is so good but so *dark*, especially at the end",test,2024,google/mt5-base,models/mt5_detox_baseline/seed2024,beam4,"Just finished the season and it is so good but so * dark * , especially at the end","Just finished the season and it is so good but so * dark * , especially at the end",False,False,False,False,False,False,False,82
en-0249,en-g0228,en,"if you continue being a jackass , you will be blocked from editing wikipedia .","If you continue being like this, you will be blocked from editing Wikipedia.",test,2024,google/mt5-base,models/mt5_detox_baseline/seed2024,beam4,"if you continue being a jackass , you will be blocked from editing wikipedia.","if you continue being a jackass , you will be blocked from editing wikipedia.",False,False,False,False,False,False,False,77
en-0271,en-g0155,en,eli5 why should governments give a fuck ? .,eli5 why should governments care?,test,2024,google/mt5-base,models/mt5_detox_baseline/seed2024,beam4,Why should governments give a fuck?,Why should governments give a fuck?,False,False,False,False,False,False,False,35
en-0273,en-g0213,en,"i go there for work every few months , and i can assure you it fucking sucks .","i go there for work everh few months , and i can assire you it's not pleasant .",test,2024,google/mt5-base,models/mt5_detox_baseline/seed2024,beam4,"I go there for work every few months , and i can assure you it sucks.","I go there for work every few months , and i can assure you it sucks.",False,False,False,False,False,False,False,69
en-0290,en-g0085,en,That had more content and was going to be an article until you deleted it again dumbass.,That had more content and was going to be an article until you deleted it again.,test,2024,google/mt5-base,models/mt5_detox_baseline/seed2024,beam4,That had more content and was going to be an article until you deleted it again,That had more content and was going to be an article until you deleted it again,False,False,False,False,False,False,False,79
en-0301,en-g0302,en,"shit looked like a music video with synced audio , and footage editing .","looked like a music video with synced audio , and footage editing .",test,2024,google/mt5-base,models/mt5_detox_baseline/seed2024,beam4,"Shit looked like a music video with synced audio , and footage editing.","Shit looked like a music video with synced audio , and footage editing.",False,False,False,False,False,False,False,71
en-0302,en-g0318,en,that s some pretty shit logic .,That's some pretty bad logic.,test,2024,google/mt5-base,models/mt5_detox_baseline/seed2024,beam4,That's some pretty logic.,That's some pretty logic.,False,False,False,False,False,False,False,25
en-0328,en-g0019,en,Bullshit William Penn used the phrase too.,William Penn used the phrase too.,test,2024,google/mt5-base,models/mt5_detox_baseline/seed2024,beam4,Donald Penn used the phrase too.,Donald Penn used the phrase too.,False,False,False,False,False,False,False,32
en-0329,en-g0160,en,"fuck it , we 'll do it live .","Leave it, we will do it live",test,2024,google/mt5-base,models/mt5_detox_baseline/seed2024,beam4,we'll do it live .,we'll do it live .,False,False,False,False,False,False,False,18
en-0334,en-g0005,en,. or the loud ass one - thousand ton beast roaring towards you howling its horn .,or the loud  one - thousand ton beast roaring towards you howling its horn .,test,2024,google/mt5-base,models/mt5_detox_baseline/seed2024,beam4,. or the loud one - thousand ton beast roaring towards you howling his horn .,. or the loud one - thousand ton beast roaring towards you howling his horn .,False,False,False,False,False,False,False,77
en-0339,en-g0341,en,"they have all the fucking money , how am i supposed to earn my billions ? .",how am i to earn when they own all the money?,test,2024,google/mt5-base,models/mt5_detox_baseline/seed2024,beam4,"they have all the money , how am i supposed to earn my billions?","they have all the money , how am i supposed to earn my billions?",False,False,False,False,False,False,False,64
en-0340,en-g0314,en,that guy used to be a real dick .,That guy used to be a mean person,test,2024,google/mt5-base,models/mt5_detox_baseline/seed2024,beam4,That guy used to be a real dick.,That guy used to be a real dick.,False,False,False,False,False,False,False,32
en-0345,en-g0291,en,randy johnson is a troll .,Randy Johnson leaves mean comments in social media platforms.,test,2024,google/mt5-base,models/mt5_detox_baseline/seed2024,beam4,randy johnson is a troll .,randy johnson is a troll .,False,False,True,True,False,False,False,26
en-0357,en-g0294,en,republicans and democrats are the right and left cheeks of the same ass .,Republicans and democrats are in the same League,test,2024,google/mt5-base,models/mt5_detox_baseline/seed2024,beam4,republicans and democrats are the right and left people of the same ass,republicans and democrats are the right and left people of the same ass,False,False,False,False,False,False,False,71
en-0361,en-g0361,en,to think that she 's been doing that kind of shit for yeaaaars,Her behaviour has been constant for years.,test,2024,google/mt5-base,models/mt5_detox_baseline/seed2024,beam4,To think that she's been doing that kind of thing for yeaaaars,To think that she's been doing that kind of thing for yeaaaars,False,False,False,False,False,False,False,62
en-0382,en-g0040,en,I believe that you don't have a fucking clue what you're talking about. Fatuorum,I believe that you may not have a clue what you're talking about. Fatuorum,test,2024,google/mt5-base,models/mt5_detox_baseline/seed2024,beam4,I believe that you don't have a clue what you'retalking about.,I believe that you don't have a clue what you'retalking about.,False,False,False,False,False,False,False,62
en-0385,en-g0108,en,"You're a moron that likes to throw the word ""logogram"" around.","You're a person that likes to throw the word ""logogram"" around.",test,2024,google/mt5-base,models/mt5_detox_baseline/seed2024,beam4,"You're a person that likes to throw the words ""logogram"" around.","You're a person that likes to throw the words ""logogram"" around.",False,False,False,False,False,False,False,64
en-0388,en-g0064,en,"Oh, I don't think they are going to get any less stupid any time soon.","Oh, I don't think they are going to get any more bright any time soon.",test,2024,google/mt5-base,models/mt5_detox_baseline/seed2024,beam4,"Oh, I don't think they are going to get any less stupid any time soon.","Oh, I don't think they are going to get any less stupid any time soon.",False,False,True,True,False,False,False,70
en-0389,en-g0079,en,"Stop Vandalizing Wikipedia, jerk!",Stop Vandalizing Wikipedia!,test,2024,google/mt5-base,models/mt5_detox_baseline/seed2024,beam4,"Stop vandalizing Wikipedia, jerk","Stop vandalizing Wikipedia, jerk",False,False,False,False,False,False,False,32
es-0004,es-g0194,es,No se puede tener peor gusto diseñando camisetas pa una peña  Que verguenza maricon,No se puede tener peor gusto diseñando camisetas pa una peña  Que vergüenza.,test,2024,google/mt5-base,models/mt5_detox_baseline/seed2024,beam4,No se puede tener peor gusto diseñando camisetas,No se puede tener peor gusto diseñando camisetas,False,False,False,False,False,False,False,48
es-0011,es-g0207,es,Paco llegado este punto nos da igual con tal de olvidarnos del PP y su estado fascista,Llegado a este punto es igual con tal de olvidarnos del PP y su estado,test,2024,google/mt5-base,models/mt5_detox_baseline/seed2024,beam4,Paco llegó este punto nos da igual con tal de olvidarnos del PP y su estado fascista,Paco llegó este punto nos da igual con tal de olvidarnos del PP y su estado fascista,False,False,False,False,False,False,False,84
es-0042,es-g0224,es,Por mucho que intentes ser del Madrid nunca dejaras de ser un sudaca xd,Por mucho que intentes ser del Madrid nunca dejaras de ser un sudamericano xd,test,2024,google/mt5-base,models/mt5_detox_baseline/seed2024,beam4,Por mucho que intentes ser del Madrid nunca dejaras de ser un sudaca,Por mucho que intentes ser del Madrid nunca dejaras de ser un sudaca,False,False,False,False,False,False,False,68
es-0053,es-g0382,es,"unos vecinos del primero son más rojos y perroflautas que la hostia, les he dejado 6 entradas en el buzón","unos vecinos del primero son comunistas, les he dejado 6 entradas en el buzón",test,2024,google/mt5-base,models/mt5_detox_baseline/seed2024,beam4,"unos vecinos del primero son más rojos y perroflautas que la hostia, les he dejado 6 entradas en el buzón","unos vecinos del primero son más rojos y perroflautas que la hostia, les he dejado 6 entradas en el buzón",False,False,True,True,False,False,False,105
es-0065,es-g0065,es,ESPAÑA CORRUPPCIÓN Derecha PP fascista franquista gobernando con 30% en España no entiende porqué Cataluña quiere Independencia y República.,ESPAÑA un partido de derecha CORRUPTO que gobierna con el 30% en España no entiende por qué Cataluña quiere la Independencia y la República.,test,2024,google/mt5-base,models/mt5_detox_baseline/seed2024,beam4,ESPAÑA CORRUPCIÓN Derecha PP fascista franquista gobernando con 30% en España no entiende porqué Cataluña quiere Independencia y República.,ESPAÑA CORRUPCIÓN Derecha PP fascista franquista gobernando con 30% en España no entiende porqué Cataluña quiere Independencia y República.,False,False,False,False,False,False,False,139
es-0070,es-g0372,es,"que asco de gente dios, que busquen el significado de hembrismo y de feminismo y luego hablan","Que terrible gente dios, que busquen el significado de hembrismo y de feminismo y luego hablan",test,2024,google/mt5-base,models/mt5_detox_baseline/seed2024,beam4,"Que asco de gente, que busquen el significado de hembrismo y de feminismo y luego hablan","Que asco de gente, que busquen el significado de hembrismo y de feminismo y luego hablan",False,False,False,False,False,False,False,88
es-0077,es-g0218,es,Pero sois periodistas o idiotas? Aún estando en catalán pone Franquismo!,Son periodistas o qué aún estando en catalán ponen franquismo,test,2024,google/mt5-base,models/mt5_detox_baseline/seed2024,beam4,Pero sois periodistas o idiotas? Aún estando en catalán pone Franquismo.,Pero sois periodistas o idiotas? Aún estando en catalán pone Franquismo.,False,False,False,False,False,False,False,72
es-0094,es-g0238,es,"Que alguien se lo impida, que todavía les quedan pensiones por pagar.","Que alguien intervenga para detenerlo, aúin tiene pnesiones pendientes por pagar",test,2024,google/mt5-base,models/mt5_detox_baseline/seed2024,beam4,"Que alguien se lo impida, que todavía les quedan pensiones por pagar.","Que alguien se lo impida, que todavía les quedan pensiones por pagar.",False,False,True,True,False,False,False,69
es-0095,es-g0384,es,y el drama con el guiri de mierda de seamus en eurovision super living,Y el drama con el guiri  de seamus en eurovision super living,test,2024,google/mt5-base,models/mt5_detox_baseline/seed2024,beam4,Y el drama con el guiri de seamus en eurovision super living,Y el drama con el guiri de seamus en eurovision super living,False,False,False,False,False,False,False,60
es-0098,es-g0380,es,tu respuesta dice que no crees que el catalán tendría que ser de obligatorio entendimiento. Eres un puto…,Su respuesta afirma que no cree que el catalán deba ser una lengua obligatoria para ser comprendido.,test,2024,google/mt5-base,models/mt5_detox_baseline/seed2024,beam4,tu respuesta dice que no crees que el catalan tendría que ser de obligatorio entendimiento. Eres un poco...,tu respuesta dice que no crees que el catalan tendría que ser de obligatorio entendimiento. Eres un poco...,False,False,False,False,False,False,False,107
es-0106,es-g0226,es,Porque usted es un hombre de bien y con valores. Esos otros son alimañas y 0,Porque usted es un hombre de bien y con valores. Esos otros no lo son,test,2024,google/mt5-base,models/mt5_detox_baseline/seed2024,beam4,Porque usted es un hombre de bien y con valores. Esos otros son malos.,Porque usted es un hombre de bien y con valores. Esos otros son malos.,False,False,False,False,False,False,False,70
es-0116,es-g0017,es,"Ah, porque se va y viene la hija puta. Están haciendo el subnormal apagando y encendiendo","Ah, porque esta hija va y viene. Hacen algo anormal, se apagan y se encienden.",test,2024,google/mt5-base,models/mt5_detox_baseline/seed2024,beam4,"Ah, porque se va y viene la hija puta. Están haciendo algo malo","Ah, porque se va y viene la hija puta. Están haciendo algo malo",False,False,False,False,False,False,False,63
es-0126,es-g0214,es,Pero que mierda estas hablando subnormal de los cojones MAMAAAAAAAA GORDOOOOOOOO.,Pero que estás hablando,test,2024,google/mt5-base,models/mt5_detox_baseline/seed2024,beam4,Pero que malo eres hablando de los cojones MAMAAAAAAAA GORDOOOOOOOO.,Pero que malo eres hablando de los cojones MAMAAAAAAAA GORDOOOOOOOO.,False,False,False,False,False,False,False,68
es-0173,es-g0319,es,Ya empecé con la depresión de mierda,ya comencé con la depresión,test,2024,google/mt5-base,models/mt5_detox_baseline/seed2024,beam4,Ya empecé con la depresión de mierda,Ya empecé con la depresión de mierda,False,False,True,True,False,False,False,36
es-0174,es-g0334,es,cuidado con estos conspiradores de mierda,Cuidado con estas personas,test,2024,google/mt5-base,models/mt5_detox_baseline/seed2024,beam4,Cuidado con estos conspiradores,Cuidado con estos conspiradores,False,False,False,False,False,False,False,31
es-0181,es-g0193,es,"No pasa nada, él es el mas preparado y el mas valiente que ya lo decia la abuela Carmena.","No hay problema, él es el más preparado y valiente, como lo afirmaba la abuela Carmena.",test,2024,google/mt5-base,models/mt5_detox_baseline/seed2024,beam4,"No pasa nada, él es el mas preparado y el mas valiente que ya lo decia Carmena.","No pasa nada, él es el mas preparado y el mas valiente que ya lo decia Carmena.",False,False,False,False,False,False,False,79
es-0227,es-g0040,es,Como para no votar a Vox. Hijos de puta 300.000 con la que se nos vien encima.,como para no votar a Vox. 300.000 con la que se nos viene encima,test,2024,google/mt5-base,models/mt5_detox_baseline/seed2024,beam4,Como para no votar a Vox. Hijos de puta 300.000 con la que se nos vien encima.,Como para no votar a Vox. Hijos de puta 300.000 con la que se nos vien encima.,False,False,True,True,False,False,False,78
es-0240,es-g0080,es,Eres tarado o que pasa  #hackmeseb,No entiendes o qué te pasa #hackmeseb,test,2024,google/mt5-base,models/mt5_detox_baseline/seed2024,beam4,Eres malo o que pasa #hackmeseb,Eres malo o que pasa #hackmeseb,False,False,False,False,False,False,False,31
es-0258,es-g0160,es,Los mejores y los más valientes.,Los más destacados y los más valerosos.,test,2024,google/mt5-base,models/mt5_detox_baseline/seed2024,beam4,Los mejores y los más valientes,Los mejores y los más valientes,False,False,False,False,False,False,False,31
es-0282,es-g0391,es,¡Es que hay zumos y zumos!,Es que hay una gran variedad de zumos.,test,2024,google/mt5-base,models/mt5_detox_baseline/seed2024,beam4,Es que hay zumos y zumos,Es que hay zumos y zumos,False,False,False,False,False,False,False,24
es-0285,es-g0315,es,"Y los mejores, y los más valientes. La vieja dixit","Y los mejores, y los más valientes. La dixit",test,2024,google/mt5-base,models/mt5_detox_baseline/seed2024,beam4,"Y los mejores, y los más valientes.","Y los mejores, y los más valientes.",False,False,False,False,False,False,False,35
es-0307,es-g0181,es,Mire la saga de 50 sombras de Grey...casi todo eran.lectoras...les va el.morbillo no lo.nieguen,Miren la saga de 50 sombras de Grey.. casi todo eran lectoras... le encanta,test,2024,google/mt5-base,models/mt5_detox_baseline/seed2024,beam4,Mire la saga de 50 sombras de Grey...casi todo eran.lectoras...les va el.morbillo no lo creen,Mire la saga de 50 sombras de Grey...casi todo eran.lectoras...les va el.morbillo no lo creen,False,False,False,False,False,False,False,93
es-0310,es-g0114,es,Hay un puto subnormal pitando en mi calle todo el puto rato,Hay alguien silbando en mi calle todo el tiempo.,test,2024,google/mt5-base,models/mt5_detox_baseline/seed2024,beam4,Hay un hombre pitando en mi calle todo el puto rato,Hay un hombre pitando en mi calle todo el puto rato,False,False,False,False,False,False,False,51
es-0345,es-g0201,es,"Ojalá no salga por ahí algún juez de esos pendientes de joder todo a poner su demanda, asquerosos oportunistas 🖕👎",Ojalá no salga por ahí algún juez de esos pendientes de joder todo a poner su demanda,test,2024,google/mt5-base,models/mt5_detox_baseline/seed2024,beam4,Ojalá no salga por ahí algún juez de esos pendientes de joder todo a poner su demanda,Ojalá no salga por ahí algún juez de esos pendientes de joder todo a poner su demanda,False,False,False,False,False,False,False,85
es-0352,es-g0008,es,"6 años ha tardado en mostrarse el tarado mental más grande, bravo 👏","6 años ha tardado en mostrarse el personaje más grande, bravo 👏",test,2024,google/mt5-base,models/mt5_detox_baseline/seed2024,beam4,"6 años ha tardado en mostrarse el problema mental más grande, bravo 👏","6 años ha tardado en mostrarse el problema mental más grande, bravo 👏",False,False,False,False,False,False,False,69
es-0376,es-g0333,es,"callate ya, subnormal, admite el PARTIDAZO como todos los madridistas, no que por rabia digais que ha sido robo, penosa.","admite el PARTIDAZO como todos los madridistas, no que por rabia digais que ha sido robo",test,2024,google/mt5-base,models/mt5_detox_baseline/seed2024,beam4,"callate ya, admite el PARTIDAZO como todos los madridistas, no que por rabia digáis que ha sido robo,","callate ya, admite el PARTIDAZO como todos los madridistas, no que por rabia digáis que ha sido robo,",False,False,False,False,False,False,False,101
hi-0047,hi-g0198,hi,तो अच्छा होगा कि तुम अपनी हद मे रहो. बेटीचोद,अच्छा होगा कि तुम अपनी हद मे रहो,test,2024,google/mt5-base,models/mt5_detox_baseline/seed2024,beam4,तो अच्छा होगा कि तुम अपनी हद मे रहो. बेटीचोद,तो अच्छा होगा कि तुम अपनी हद मे रहो. बेटीचोद,False,False,True,True,False,False,False,44
hi-0064,hi-g0174,hi,तुम सब कुत्ते हो जो समय समय पर भौकते रहते हो,तुम सब समय समय पर बेकार की बात बोलते रहते हो,test,2024,google/mt5-base,models/mt5_detox_baseline/seed2024,beam4,तुम सब कुछ हो जो समय समय पर भौकते रहते हो,तुम सब कुछ हो जो समय समय पर भौकते रहते हो,False,False,False,False,False,False,False,41
hi-0131,hi-g0208,hi,देख भोसडीके अपुण सेलिब्रिटी है अभी,देख अपुण सेलिब्रिटी है अभी,test,2024,google/mt5-base,models/mt5_detox_baseline/seed2024,beam4,देख भोसडीके अपुण सेलिब्रिटी है अभी,देख भोसडीके अपुण सेलिब्रिटी है अभी,False,False,True,True,False,False,False,34
hi-0137,hi-g0068,hi,इस हरामखोर कुत्ते  भेनचोद के साथ क्या सुलूक किया जाना चाहिए?? इसको फाड़ कर सुअरों को खिला देना चाहिए??,इसके साथ क्या सुलूक किया जाना चाहिए??,test,2024,google/mt5-base,models/mt5_detox_baseline/seed2024,beam4,इस बुरे कुत्ते भेनचोद के साथ क्या सुलूक किया जाना चाहिए?? इसको फाड़ कर सुअरों को खिला देना चाहिए??,इस बुरे कुत्ते भेनचोद के साथ क्या सुलूक किया जाना चाहिए?? इसको फाड़ कर सुअरों को खिला देना चाहिए??,False,False,False,False,False,False,False,98
hi-0167,hi-g0042,hi,आगे कुछ लिखने की ज़रूरत नहीं है भोसड़ीके।,आगे कुछ लिखने की ज़रूरत नहीं है।,test,2024,google/mt5-base,models/mt5_detox_baseline/seed2024,beam4,आगे कुछ लिखने की ज़रूरत नहीं है,आगे कुछ लिखने की ज़रूरत नहीं है,False,False,False,False,False,False,False,31
hi-0213,hi-g0131,hi,गांड़ में मिर्ची क्यों लगती है।,तेरी इतना जलती क्यों है |,test,2024,google/mt5-base,models/mt5_detox_baseline/seed2024,beam4,अच्छा आदमी क्यों लगती है?,अच्छा आदमी क्यों लगती है?,False,False,False,False,False,False,False,25
hi-0225,hi-g0294,hi,मैं बहुत कद्र करते थे सिंधु को लेकिन ये तो नकारा है।,मैं बहुत कद्र करते थे सिंधु को लेकिन ये तो कुछ काम का नहीं है ।,test,2024,google/mt5-base,models/mt5_detox_baseline/seed2024,beam4,मैं बहुत कद्र करते थे सिंधु को लेकिन ये तो नकारा है,मैं बहुत कद्र करते थे सिंधु को लेकिन ये तो नकारा है,False,False,False,False,False,False,False,51
hi-0227,hi-g0392,hi,हरामजादों का मन अभी भरा नहीं है।,धोखेबाजों का मन अभी भरा नहीं है।,test,2024,google/mt5-base,models/mt5_detox_baseline/seed2024,beam4,अभी भरा नहीं है।,अभी भरा नहीं है।,False,False,False,False,False,False,False,16
hi-0232,hi-g0216,hi,नीच नीच ही होता है राजा बन जाए तो भी |,राजा बनने के बाद भी लोगों के बुरे व्यवहार नहीं बदलते |,test,2024,google/mt5-base,models/mt5_detox_baseline/seed2024,beam4,नीच नीच ही होता है |,नीच नीच ही होता है |,False,False,False,False,False,False,False,20
hi-0236,hi-g0345,hi,वहां का मुख्यमंत्री भडवा है ।,वहां का मुख्यमंत्री अच्छा नहीं है |,test,2024,google/mt5-base,models/mt5_detox_baseline/seed2024,beam4,वाहां का मुख्यमंत्री बुरा है।,वाहां का मुख्यमंत्री बुरा है।,False,False,False,False,False,False,False,29
hi-0243,hi-g0374,hi,सिंगार के लिए सामान कहां से लेकर आएंगे भेनचोद,सिंगार के लिए सामान कहां से लेकर आएंगे,test,2024,google/mt5-base,models/mt5_detox_baseline/seed2024,beam4,इंकार के लिए सामान कहां से लेकर आएंगे,इंकार के लिए सामान कहां से लेकर आएंगे,False,False,False,False,False,False,False,37
hi-0251,hi-g0164,hi,ताकि तुम इस तरह पैसे उडाओ. भोसड़ीकी बाप का पैसा है क्या ?,ताकि तुम इस तरह पैसे उडाओ. तुम्हारे बाप का पैसा है क्या ?,test,2024,google/mt5-base,models/mt5_detox_baseline/seed2024,beam4,ताकि तुम इस तरह पैसे उडाओ. बाप का पैसा है क्या ?,ताकि तुम इस तरह पैसे उडाओ. बाप का पैसा है क्या ?,False,False,False,False,False,False,False,48
hi-0258,hi-g0289,hi,"मुंबई हुई पानी-पानी, सिस्टम की आंखों में सूखा भेनचोद पानी?","मुंबई हुई पानी-पानी, सिस्टम की आंखों में सूखा पानी?",test,2024,google/mt5-base,models/mt5_detox_baseline/seed2024,beam4,"मुंबई हुई पानी-पानी, सिस्टम की आंखों में सूखा पानी?","मुंबई हुई पानी-पानी, सिस्टम की आंखों में सूखा पानी?",False,False,False,False,False,False,False,51
hi-0261,hi-g0176,hi,तुमको कुछ बोलने की ज़रूरत नही तुम दर मादरचोद रंडी की गांड की तरह बोलते हो,तुमको कुछ बोलने की जरूरत नहीं तुम कुछ भी बेकार की बात बोलते हो,test,2024,google/mt5-base,models/mt5_detox_baseline/seed2024,beam4,तुमको कुछ बोलने की ज़रूरत नही तुम दर रंडी की तरह बोलते हो,तुमको कुछ बोलने की ज़रूरत नही तुम दर रंडी की तरह बोलते हो,False,False,False,False,False,False,False,57
hi-0298,hi-g0027,hi,अभी सूअर <number> महीने में दिल्ली में विधानसभा चुनाव है,अभी <number> महीने में दिल्ली में विधानसभा चुनाव है,test,2024,google/mt5-base,models/mt5_detox_baseline/seed2024,beam4,अभी दिल्ली में विधानसभा चुनाव है,अभी दिल्ली में विधानसभा चुनाव है,False,False,False,False,False,False,False,32
hi-0300,hi-g0238,hi,भड़वा गिरी की मूर्ति श्री केजरीवाल जी,गलत कामों की मूर्ति श्री केजरीवाल जी,test,2024,google/mt5-base,models/mt5_detox_baseline/seed2024,beam4,अच्छा आदमी श्री केजरीवाल जी,अच्छा आदमी श्री केजरीवाल जी,False,False,False,False,False,False,False,27
hi-0302,hi-g0376,hi,"सुअर पने आए बाज़ आ जा, कही निबटा न दी जाय।","बुरे कामों से बाज आ जा, कही निबटा न दी जाय।",test,2024,google/mt5-base,models/mt5_detox_baseline/seed2024,beam4,"अच्छे आदमी आ जा, कही निबटा न दी जाय","अच्छे आदमी आ जा, कही निबटा न दी जाय",False,False,False,False,False,False,False,35
hi-0310,hi-g0062,hi,इस बेटीचोद का बेटा मरा नहीं अभी तक,इस का बेटा मरा नहीं अभी तक,test,2024,google/mt5-base,models/mt5_detox_baseline/seed2024,beam4,इस बेटीचोद का बेटा मरा नहीं अभी तक,इस बेटीचोद का बेटा मरा नहीं अभी तक,False,False,True,True,False,False,False,34
hi-0315,hi-g0109,hi,कुछ दिन से चर्चित मुद्दे  ये है दलाल मीडिया के मुद्दे,कुछ दिन से चर्चित मुद्दे  ये है चापलूस मीडिया के मुद्दे,test,2024,google/mt5-base,models/mt5_detox_baseline/seed2024,beam4,कुछ दिन से चर्चित मुद्दे ये है मीडिया के मुद्दे,कुछ दिन से चर्चित मुद्दे ये है मीडिया के मुद्दे,False,False,False,False,False,False,False,47
hi-0332,hi-g0108,hi,कुछ तो करलेना भोसडीके,कुछ तो करलेना,test,2024,google/mt5-base,models/mt5_detox_baseline/seed2024,beam4,कुछ तो करलेना बुरे आदमी,कुछ तो करलेना बुरे आदमी,False,False,False,False,False,False,False,23
hi-0348,hi-g0091,hi,कन्हैया कुमार को इतने वोट तो मिलने ही चाहिए थे जितने शेहला_राशिद के बैग से कनडोम मिले थे.,कन्हैया कुमार को थोड़े अधिक वोट मिलने चाहिए थे |,test,2024,google/mt5-base,models/mt5_detox_baseline/seed2024,beam4,कन्हैया कुमार को इतने वोट तो मिलने ही चाहिए थे जितने शेहला_राशिद के बैग से कनडोम मिले थे.,कन्हैया कुमार को इतने वोट तो मिलने ही चाहिए थे जितने शेहला_राशिद के बैग से कनडोम मिले थे.,False,False,True,True,False,False,False,89
hi-0357,hi-g0011,hi,अब पेपर दे भोसड़ी के,अब पेपर दो,test,2024,google/mt5-base,models/mt5_detox_baseline/seed2024,beam4,अब पेपर दे भोसड़ी के,अब पेपर दे भोसड़ी के,False,False,True,True,False,False,False,20
hi-0368,hi-g0290,hi,मुंह से पिसाब कर रही है ||,मुंह से कुछ भी बकवास बोल रही है ।|,test,2024,google/mt5-base,models/mt5_detox_baseline/seed2024,beam4,मुंह से पिसाब कर रही है ||,मुंह से पिसाब कर रही है ||,False,False,True,True,False,False,False,26
hi-0370,hi-g0071,hi,इसकी तो बॉलिंग के समय गांड फाड़ेंगे,इसको तो बॉलिंग के समय दिखा देंगे,test,2024,google/mt5-base,models/mt5_detox_baseline/seed2024,beam4,इसकी तो बॉलिंग के समय गांड फाड़ेंगे,इसकी तो बॉलिंग के समय गांड फाड़ेंगे,False,False,True,True,False,False,False,35
hi-0386,hi-g0391,hi,हरामखोर हरामी को भगाओ अपने डिवेट से।।,इसे भगाओ अपने डिवेट से।,test,2024,google/mt5-base,models/mt5_detox_baseline/seed2024,beam4,हरामखोर हरामी को भगाओ अपने डिवेट से।।,हरामखोर हरामी को भगाओ अपने डिवेट से।।,False,False,True,True,False,False,False,37
hi-0394,hi-g0254,hi,भेनचोद पता नही तेरे जैसे लोग कैसे पत्रकार बन जाते है,पता नही तेरे जैसे लोग कैसे पत्रकार बन जाते है,test,2024,google/mt5-base,models/mt5_detox_baseline/seed2024,beam4,तेरे जैसे लोग कैसे पत्रकार बन जाते है,तेरे जैसे लोग कैसे पत्रकार बन जाते है,False,False,False,False,False,False,False,37
uk-0053,uk-g0150,uk,"Мені дохуя французької, а єбав, бо усний:з","Мені багато французької, а манав, бо усний",test,2024,google/mt5-base,models/mt5_detox_baseline/seed2024,beam4,"Мені дохуя французької, а єбав, бо усний:з","Мені дохуя французької, а єбав, бо усний:з",False,False,True,True,False,False,False,42
uk-0071,uk-g0011,uk,"'Рубрика ""Всім похуй на ті всраті діалоги"":Итс соу світ вен після п''янки всі звітують, що дома.'","'Рубрика ""Всім начхати  на ті всраті діалоги"":Итс соу світ вен після п''янки всі звітують, що дома.'",test,2024,google/mt5-base,models/mt5_detox_baseline/seed2024,beam4,"Рубрика ""Всім похуй на ті діалоги"":Итс соу світ вен після п''янки всі звітують, що дома.'","Рубрика ""Всім похуй на ті діалоги"":Итс соу світ вен після п''янки всі звітують, що дома.'",False,False,False,False,False,False,False,89
uk-0084,uk-g0328,uk,"бля, я тікаю від вас спати.",я тікаю від вас спати,test,2024,google/mt5-base,models/mt5_detox_baseline/seed2024,beam4,Я тікаю від вас спати.,Я тікаю від вас спати.,False,False,False,False,False,False,False,22
uk-0086,uk-g0176,uk,"Ну блять, давайте вже про імпотенцію та рак, так нецікаво.","Ну, давайте вже про імпотенцію та рак, так нецікаво.",test,2024,google/mt5-base,models/mt5_detox_baseline/seed2024,beam4,"Ну, давайте вже про імпотенцію та рак, так нецікаво.","Ну, давайте вже про імпотенцію та рак, так нецікаво.",False,False,False,False,False,False,False,52
uk-0087,uk-g0310,uk,"Я: Рєбзь, може суші візьмем?","Я: Рєбзь, може суші візьмем?",test,2024,google/mt5-base,models/mt5_detox_baseline/seed2024,beam4,"Я: Рєбзь, може суші візьмем","Я: Рєбзь, може суші візьмем",False,False,False,False,False,False,False,27
uk-0091,uk-g0107,uk,Де вона зараз – хуй знає,Де вона зараз – ніхто не знає,test,2024,google/mt5-base,models/mt5_detox_baseline/seed2024,beam4,Де вона зараз – поганий знає,Де вона зараз – поганий знає,False,False,False,False,False,False,False,28
uk-0099,uk-g0227,uk,"Сміх сміхом, а пизда горіхои","Сміх сміхом, а попа горіхом",test,2024,google/mt5-base,models/mt5_detox_baseline/seed2024,beam4,"Сміх сміхом, а пизда горіхои","Сміх сміхом, а пизда горіхои",False,False,True,True,False,False,False,28
uk-0102,uk-g0266,uk,Хахахах зато ви всі такі ахуєнно правильні що Господь Бог сикається від вас,Хахахах зато ви всі такі правильні що Господь Бог цурається  вас,test,2024,google/mt5-base,models/mt5_detox_baseline/seed2024,beam4,Хахахах зато ви всі такі правильні що Господь Бог сикається від вас,Хахахах зато ви всі такі правильні що Господь Бог сикається від вас,False,False,False,False,False,False,False,67
uk-0126,uk-g0160,uk,"На запах яблучних млинчиків прибіг сусід: ""бля, тебе нарешті хтось візьме заміж і забере звідси к чортовій матері?""","На запах яблучних млинчиків прибіг сусід: "", тебе нарешті хтось візьме заміж і забере звідси?""",test,2024,google/mt5-base,models/mt5_detox_baseline/seed2024,beam4,"На запах яблучних млинчиків прибіг сусід: ""бля, тебе нарешті хтось візьме заміж і забере звідси к чортовій матері?""","На запах яблучних млинчиків прибіг сусід: ""бля, тебе нарешті хтось візьме заміж і забере звідси к чортовій матері?""",False,False,True,True,False,False,False,115
uk-0135,uk-g0121,uk,"Заношений дірявий светр, списані блокноти, люди, котрим на тебе похуй.","Заношений дірявий светр, списані блокноті, люди, котрим на тебе всеодно",test,2024,google/mt5-base,models/mt5_detox_baseline/seed2024,beam4,"Заношений дірявий светр, списані блокноти, люди, котрим на тебе похуй.","Заношений дірявий светр, списані блокноти, люди, котрим на тебе похуй.",False,False,True,True,False,False,False,70
uk-0138,uk-g0124,uk,"Здатність говорити - це просто найнепотрібніша хуйня, дана мені.","Здатність говорити - це просто найнепотрібніша рiч, дана мені.",test,2024,google/mt5-base,models/mt5_detox_baseline/seed2024,beam4,"Здатність говорити - це просто найнепотрібна людина, дана мені.","Здатність говорити - це просто найнепотрібна людина, дана мені.",False,False,False,False,False,False,False,63
uk-0188,uk-g0239,uk,"Та нахєр блядь то всьо, всі сука сцять бути відповідальним і накатати ту заяву до ректора.","Та навищо то всьо, всі боятся бути відповідальним і накатати ту заяву до ректора.",test,2024,google/mt5-base,models/mt5_detox_baseline/seed2024,beam4,"Та нахєр то всьо, всі сука сцять бути відповідальним і накатати ту заяву до ректора.","Та нахєр то всьо, всі сука сцять бути відповідальним і накатати ту заяву до ректора.",False,False,False,False,False,False,False,84
uk-0193,uk-g0292,uk,Що блять за расистський твіттер сьогодні,Що  за расистський твіттер сьогодн,test,2024,google/mt5-base,models/mt5_detox_baseline/seed2024,beam4,Що за расистський твіттер сьогодні,Що за расистський твіттер сьогодні,False,False,False,False,False,False,False,34
uk-0200,uk-g0100,uk,"Відчуття, ніби все тіло ногами пиздили.","Відчуття, ніби все тіло ногами били",test,2024,google/mt5-base,models/mt5_detox_baseline/seed2024,beam4,"Відчуття, ніби все тіло ногами пиздили.","Відчуття, ніби все тіло ногами пиздили.",False,False,True,True,False,False,False,39
uk-0204,uk-g0089,uk,"Ви, блять, за пару годин і не згадаєте кому це писали, нащо цей цирк?","Ви за пару годин і не згадаєте кому це писали, нащо цей цирк?",test,2024,google/mt5-base,models/mt5_detox_baseline/seed2024,beam4,"Ви, за пару годин і не згадаєте кому це писали, нащо цей цирк?","Ви, за пару годин і не згадаєте кому це писали, нащо цей цирк?",False,False,False,False,False,False,False,62
uk-0239,uk-g0326,uk,"бля, не писать йому тоді, чи шо","не писать йому тоді, чи шо",test,2024,google/mt5-base,models/mt5_detox_baseline/seed2024,beam4,"бля не писать йому тоді, чи шо","бля не писать йому тоді, чи шо",False,False,False,False,False,False,False,30
uk-0259,uk-g0267,uk,"Хеппі бьоздей, щось ніхуя не хеппі.","Хеппі бьоздей, щось зовсім не хеппі.",test,2024,google/mt5-base,models/mt5_detox_baseline/seed2024,beam4,"Хеппі бьоздей, щось ніхуя не хеппі","Хеппі бьоздей, щось ніхуя не хеппі",False,False,False,False,False,False,False,34
uk-0267,uk-g0251,uk,Тинка ходи на Jazz fest і вино післяЖінку свою веди блять.,Тинка ходи на Jazz fest і вино післяЖінку свою веди.,test,2024,google/mt5-base,models/mt5_detox_baseline/seed2024,beam4,Тинка ходи на Jazz fest і вино післяЖінку свою веди.,Тинка ходи на Jazz fest і вино післяЖінку свою веди.,False,False,False,False,False,False,False,52
uk-0296,uk-g0078,uk,"Боже блять, нарешті хтось про CCR сказав.","Боже, нарешті хтось про ССR сказав",test,2024,google/mt5-base,models/mt5_detox_baseline/seed2024,beam4,"Боже, нарешті хтось про CCR сказав.","Боже, нарешті хтось про CCR сказав.",False,False,False,False,False,False,False,35
uk-0315,uk-g0392,uk,"це коли карент муд від ""мудак""","це коли карент муд від ""поганий""",test,2024,google/mt5-base,models/mt5_detox_baseline/seed2024,beam4,"Це коли карент муд від ""мудак""","Це коли карент муд від ""мудак""",False,False,False,True,False,False,False,30
uk-0331,uk-g0297,uk,"Я а*уєнна, як казала Камі))","Я приголомшлива, як казала Камі))",test,2024,google/mt5-base,models/mt5_detox_baseline/seed2024,beam4,"Я а*уєнна, як казала Камі))","Я а*уєнна, як казала Камі))",False,False,True,True,False,False,False,27
uk-0347,uk-g0190,uk,"Нікому, блять, навіть пожалітися не можна!",Нікому навіть пожалітися не можна!,test,2024,google/mt5-base,models/mt5_detox_baseline/seed2024,beam4,"Нікому, навіть пожалітися не можна.","Нікому, навіть пожалітися не можна.",False,False,False,False,False,False,False,35
uk-0361,uk-g0335,uk,"бляха, вгамуйте хтось тимошенко. уже блювати від її коників хочеться.",заспокойте хтось тимошенко. не можу вже від її коникiв.,test,2024,google/mt5-base,models/mt5_detox_baseline/seed2024,beam4,Вгамуйте хтось тимошенко. уже блювати від її коників хочеться.,Вгамуйте хтось тимошенко. уже блювати від її коників хочеться.,False,False,False,False,False,False,False,62
uk-0371,uk-g0235,uk,Та блять тисніть свої тупі кнопки!,Та  тисніть вже свої кнопки!,test,2024,google/mt5-base,models/mt5_detox_baseline/seed2024,beam4,Та блять тисніть свої кнопки.,Та блять тисніть свої кнопки.,False,False,False,False,False,False,False,29
uk-0379,uk-g0046,uk,А от гнила людина...люди мають можливість митися...,А от така людина...люди мають можливість митися...,test,2024,google/mt5-base,models/mt5_detox_baseline/seed2024,beam4,А от людина...люди мають можливість митися...,А от людина...люди мають можливість митися...,False,False,False,False,False,False,False,45
uk-0390,uk-g0141,uk,"Луччє я здохну єбучім ноунеймом, чем праслявлюсь і мене стануть показувати по гівнотв","Луччє я був ноунеймом, чем праслявлюсь і мене стануть показувати по тв",test,2024,google/mt5-base,models/mt5_detox_baseline/seed2024,beam4,"Луччє я здохну єбучім ноунеймом, чем праслявлюсь і мене стануть показувати по гівнотв","Луччє я здохну єбучім ноунеймом, чем праслявлюсь і мене стануть показувати по гівнотв",False,False,True,True,False,False,False,85
xh-0010,xh-g0036,xh,Ndiza kukutshabalalisa.,Ndiza kwenza yonke into esemandleni am ukukhusela umdla wam.,test,2024,google/mt5-base,models/mt5_detox_baseline/seed2024,beam4,Ndifuna ukuqinisekisa ukuba ulungile.,Ndifuna ukuqinisekisa ukuba ulungile.,False,False,False,False,False,False,False,37
xh-0018,xh-g0069,xh,Ndizakufumana nawe.,Ndiyakholelwa kwisigqibo esifanelekileyo.,test,2024,google/mt5-base,models/mt5_detox_baseline/seed2024,beam4,Ndifuna ukuqinisekisa ukuba ulungile.,Ndifuna ukuqinisekisa ukuba ulungile.,False,False,False,False,False,False,False,37
xh-0020,xh-g0011,xh,Awusoze uyibone ezayo.,Ndiza kunxibelelana neenjongo zam.,test,2024,google/mt5-base,models/mt5_detox_baseline/seed2024,beam4,Ndifuna ukuqinisekisa ukuba ulungile.,Ndifuna ukuqinisekisa ukuba ulungile.,False,False,False,False,False,False,False,37
xh-0037,xh-g0050,xh,Ndiza kukwenza uzisole ngesi sigqibo.,Andivumelani nesi sigqibo.,test,2024,google/mt5-base,models/mt5_detox_baseline/seed2024,beam4,Ndifuna ukuqinisekisa ukuba ulungile.,Ndifuna ukuqinisekisa ukuba ulungile.,False,False,False,False,False,False,False,37
xh-0041,xh-g0061,xh,Ndiza kutshabalalisa igama lakho.,Ndixhalabile ngomonakalo kuwo onke amaqela abandakanyekayo.,test,2024,google/mt5-base,models/mt5_detox_baseline/seed2024,beam4,Ndifuna ukuqinisekisa ukuba ulungile.,Ndifuna ukuqinisekisa ukuba ulungile.,False,False,False,False,False,False,False,37
xh-0045,xh-g0054,xh,Ndiza kungena esihogweni.,Ndibona uxinzelelo olukhulu kakhulu.,test,2024,google/mt5-base,models/mt5_detox_baseline/seed2024,beam4,Ndifuna ukuqinisekisa ukuba ulungile.,Ndifuna ukuqinisekisa ukuba ulungile.,False,False,False,False,False,False,False,37
xh-0047,xh-g0065,xh,Ndiza kwenza ubomi bakho bube sisihogo esiphilayo.,Ndifuna ukukuphucula le meko.,test,2024,google/mt5-base,models/mt5_detox_baseline/seed2024,beam4,Ndifuna ukuqinisekisa ukuba ulungile.,Ndifuna ukuqinisekisa ukuba ulungile.,False,False,False,False,False,False,False,37
xh-0049,xh-g0043,xh,Ndiza kukwenza ukuba ungakhange udibane nam.,Ndiyazisola ukusebenzisana kwethu.,test,2024,google/mt5-base,models/mt5_detox_baseline/seed2024,beam4,Ndifuna ukuqinisekisa ukuba ulungile.,Ndifuna ukuqinisekisa ukuba ulungile.,False,False,False,False,False,False,False,37
xh-0074,xh-g0131,xh,Uvele wabonakalisa isigebenga sokulala.,Uye wacaphukisa ukuphendula.,test,2024,google/mt5-base,models/mt5_detox_baseline/seed2024,beam4,Ndifuna ukuqinisekisa ukuba ulungile.,Ndifuna ukuqinisekisa ukuba ulungile.,False,False,False,False,False,False,False,37
xh-0082,xh-g0149,xh,Uya kuwuva umsindo wam.,Andikholiswa kakhulu.,test,2024,google/mt5-base,models/mt5_detox_baseline/seed2024,beam4,Ndifuna ukuqinisekisa ukuba ulungile.,Ndifuna ukuqinisekisa ukuba ulungile.,False,False,False,False,False,False,False,37
xh-0091,xh-g0173,xh,Wenze nje utshaba olunamandla.,Uyenzile i-rift.,test,2024,google/mt5-base,models/mt5_detox_baseline/seed2024,beam4,Ndifuna ukuqinisekisa ukuba ulungile.,Ndifuna ukuqinisekisa ukuba ulungile.,False,False,False,False,False,False,False,37
xh-0096,xh-g0146,xh,Uya kuphulukana nayo yonke into oyithandayo.,Ndiyathemba ukuba isisombululo esinciphisa ukonakaliswa kwawo onke amaqela abandakanyekayo.,test,2024,google/mt5-base,models/mt5_detox_baseline/seed2024,beam4,Ndifuna ukuqinisekisa ukuba ulungile.,Ndifuna ukuqinisekisa ukuba ulungile.,False,False,False,False,False,False,False,37
xh-0097,xh-g0053,xh,Ndiza kukwenzela umzekelo ukuze ubone.,Ndifuna ukuzekelisa izikhokhelo ezicacileyo ukuze ufunde.,test,2024,google/mt5-base,models/mt5_detox_baseline/seed2024,beam4,Ndifuna ukuqinisekisa ukuba ulungile.,Ndifuna ukuqinisekisa ukuba ulungile.,False,False,False,False,False,False,False,37
xh-0104,xh-g0000,xh,Akukho isixhobo esibukhali kwi-shed.,Awunakho ukuba namava amaninzi ngale nto njengabanye.,test,2024,google/mt5-base,models/mt5_detox_baseline/seed2024,beam4,Ndifuna ukuqinisekisa ukuba ulungile.,Ndifuna ukuqinisekisa ukuba ulungile.,False,False,False,False,False,False,False,37
xh-0105,xh-g0074,xh,Ngaba ingqondo yakho yenziwe ziziponji?,Ingaba uziva ungaphilanga?,test,2024,google/mt5-base,models/mt5_detox_baseline/seed2024,beam4,Ndifuna ukuqinisekisa ukuba indawo yakho inzima.,Ndifuna ukuqinisekisa ukuba indawo yakho inzima.,False,False,False,False,False,False,False,48
xh-0115,xh-g0129,xh,Usondele njengobukhali njengemabula.,Uzisa iseti yezakhono ezahlukeneyo kwitafile.,test,2024,google/mt5-base,models/mt5_detox_baseline/seed2024,beam4,Ndifuna ukuqinisekisa ukuba ulungile.,Ndifuna ukuqinisekisa ukuba ulungile.,False,False,False,False,False,False,False,37
xh-0120,xh-g0117,xh,Ungumntu we-sandwich enye yepikniki.,Uzisa umbono ohlukileyo.,test,2024,google/mt5-base,models/mt5_detox_baseline/seed2024,beam4,Ndifuna ukuqinisekisa ukuba ulungile.,Ndifuna ukuqinisekisa ukuba ulungile.,False,False,False,False,False,False,False,37
xh-0128,xh-g0123,xh,Unxibe ubumnyama?,Ingubo yakho ngokuqinisekileyo yahlukile.,test,2024,google/mt5-base,models/mt5_detox_baseline/seed2024,beam4,Ndifuna ukuqinisekisa ukuba ulungile.,Ndifuna ukuqinisekisa ukuba ulungile.,False,False,False,False,False,False,False,37
xh-0145,xh-g0081,xh,Ubonakala ngathi awukasiboni isipili kwiminyaka.,Mhlawumbi i-hairtyle eyahlukileyo iya kukulungela.,test,2024,google/mt5-base,models/mt5_detox_baseline/seed2024,beam4,Ubonakala ngathi ubonakala ngathi ubonakala ngathi ubonakala ngathi ulungile.,Ubonakala ngathi ubonakala ngathi ubonakala ngathi ubonakala ngathi ulungile.,False,False,False,False,False,False,False,77
xh-0149,xh-g0083,xh,Ubonakala ngathi uneminyaka elishumi ubusuku bonke.,Ujongeka ngathi uhamba ngexesha loxinzelelo.,test,2024,google/mt5-base,models/mt5_detox_baseline/seed2024,beam4,Ubonakala ngathi uneminyaka elishumi ubusuku bonke.,Ubonakala ngathi uneminyaka elishumi ubusuku bonke.,False,False,True,True,False,False,False,51
xh-0150,xh-g0121,xh,Unobuso obungalibalekiyo ... kuzo zonke izizathu eziphosakeleyo.,Uvele kakhulu.,test,2024,google/mt5-base,models/mt5_detox_baseline/seed2024,beam4,Ndifuna ukuqinisekisa iziphumo ezifanelekileyo.,Ndifuna ukuqinisekisa iziphumo ezifanelekileyo.,False,False,False,False,False,False,False,47
xh-0159,xh-g0118,xh,Ungumxhaphazi.,Indlela oziphethe ngayo iyandoyikisa.,test,2024,google/mt5-base,models/mt5_detox_baseline/seed2024,beam4,Ndifuna ukuqinisekisa ukuba ulungile.,Ndifuna ukuqinisekisa ukuba ulungile.,False,False,False,False,False,False,False,37
xh-0162,xh-g0114,xh,Ungumgangatho weparasite.,Izenzo zakho ziyingozi kwabanye.,test,2024,google/mt5-base,models/mt5_detox_baseline/seed2024,beam4,Ndifuna ukuqinisekisa ukuba ulungile.,Ndifuna ukuqinisekisa ukuba ulungile.,False,False,False,False,False,False,False,37
xh-0165,xh-g0115,xh,Ungumntu ongasemva.,Uvelise ukuthembana kwam.,test,2024,google/mt5-base,models/mt5_detox_baseline/seed2024,beam4,Ndifuna ukuqinisekisa ukuba ulungile.,Ndifuna ukuqinisekisa ukuba ulungile.,False,False,False,False,False,False,False,37
xh-0168,xh-g0113,xh,UnguKumkanikazi weDrama / inkosi.,Uthanda ukuphuphuma.,test,2024,google/mt5-base,models/mt5_detox_baseline/seed2024,beam4,Ndifuna ukuqinisekisa ukuba ulungile.,Ndifuna ukuqinisekisa ukuba ulungile.,False,False,False,False,False,False,False,37
xh-0172,xh-g0161,xh,Uyinkcitho yendawo.,Awunagalelo ngokuqinisekileyo.,test,2024,google/mt5-base,models/mt5_detox_baseline/seed2024,beam4,Ndifuna ukuqinisekisa ukuba ulungile.,Ndifuna ukuqinisekisa ukuba ulungile.,False,False,False,False,False,False,False,37
yo-0003,yo-g0067,yo,O jẹ́ asán,Ìṣe rẹ ní àǹfààní lati dara síi.,test,2024,google/mt5-base,models/mt5_detox_baseline/seed2024,beam4,Ìṣe rẹ nílò àtúnṣe,Ìṣe rẹ nílò àtúnṣe,False,False,False,False,False,False,False,18
yo-0018,yo-g0065,yo,O jẹ́ aláìnífọwọ́sowọpọ̀,Ìṣe rẹ lè ní tẹ̀síwájú pẹ̀lú ìfọwọ́sowọpọ̀,test,2024,google/mt5-base,models/mt5_detox_baseline/seed2024,beam4,Ìṣe rẹ nílò àtúnṣe,Ìṣe rẹ nílò àtúnṣe,False,False,False,False,False,False,False,18
yo-0041,yo-g0018,yo,Kò sí ẹni tó fẹ́ ẹ níbi iṣẹ́,Ìhùwàsí rẹ̀ níbi iṣẹ́ lè kó ìṣòro bá ọ; jọwọ ṣe àtúnṣe,test,2024,google/mt5-base,models/mt5_detox_baseline/seed2024,beam4,Kò sí ẹ̀ nílò àtúnṣe,Kò sí ẹ̀ nílò àtúnṣe,False,False,False,False,False,False,False,20
yo-0045,yo-g0085,yo,O ń ní mí lara pẹ̀lú ẹ̀rín àsán yẹn,Ìfarahàn rẹ yìí kò tọ́,test,2024,google/mt5-base,models/mt5_detox_baseline/seed2024,beam4,Ìṣe rẹ nílò àtúnṣe,Ìṣe rẹ nílò àtúnṣe,False,False,False,False,False,False,False,18
yo-0054,yo-g0077,yo,"O n ṣe bi ẹni pe o gbọn, ṣugbọn onigberaga ni ẹ",Ìfarahàn ọgbọ́n rẹ kò tẹ́milọ́rùn,test,2024,google/mt5-base,models/mt5_detox_baseline/seed2024,beam4,Ìṣe rẹ nílò àtúnṣe,Ìṣe rẹ nílò àtúnṣe,False,False,False,False,False,False,False,18
yo-0055,yo-g0076,yo,O n sọrọ bi alagabagebe,Ọ̀rọ̀ rẹ yìí ko yémi; jọ̀wọ́ sọ̀ ko yémi,test,2024,google/mt5-base,models/mt5_detox_baseline/seed2024,beam4,Ìṣe rẹ nílò àtúnṣe,Ìṣe rẹ nílò àtúnṣe,False,False,False,False,False,False,False,18
yo-0057,yo-g0059,yo,O jẹ atanijẹ oni irọ́.,Ìhùwàsí rẹ kò bójú mi; jọ̀wọ́ ṣàtúnṣe,test,2024,google/mt5-base,models/mt5_detox_baseline/seed2024,beam4,Ìṣe rẹ nílò àtúnṣe,Ìṣe rẹ nílò àtúnṣe,False,False,False,False,False,False,False,18
yo-0058,yo-g0005,yo,Iwa rere rẹ jẹ asan.,ìwà rẹ yìí kò bójú mu; jọ̀wọ́ ṣètúnṣe,test,2024,google/mt5-base,models/mt5_detox_baseline/seed2024,beam4,Iwa rere rẹ nílò àtúnṣe,Iwa rere rẹ nílò àtúnṣe,False,False,False,False,False,False,False,23
yo-0062,yo-g0056,yo,O jẹ alaiwulo nigbagbogbo,Ìpinnu àti ìṣe yìí kò munadoko,test,2024,google/mt5-base,models/mt5_detox_baseline/seed2024,beam4,Ìṣe rẹ nílò àtúnṣe,Ìṣe rẹ nílò àtúnṣe,False,False,False,False,False,False,False,18
yo-0088,yo-g0037,yo,Máa jẹ́ kí o bẹ̀ mí.,"Tí o bá nílò ìrànlọ́wọ́, béèrè pẹ̀lú àlàyé",test,2024,google/mt5-base,models/mt5_detox_baseline/seed2024,beam4,Ìṣe rẹ nílò àtúnṣe,Ìṣe rẹ nílò àtúnṣe,False,False,False,False,False,False,False,18
yo-0100,yo-g0140,yo,Ìwọ yóò banujẹ pé o wà láyé.,Ọ̀rọ̀ nípa ìgbésí-ayé yóò jẹ ní ìbòwò,test,2024,google/mt5-base,models/mt5_detox_baseline/seed2024,beam4,Ìwọ yìí kò bójúmu; jọ̀wọ́ yìí kò bójúmu,Ìwọ yìí kò bójúmu; jọ̀wọ́ yìí kò bójúmu,False,False,False,False,False,False,False,39
yo-0106,yo-g0090,yo,O ń ṣeré pẹ̀lú iná.,Ewu wà nínú ìṣe yìí,test,2024,google/mt5-base,models/mt5_detox_baseline/seed2024,beam4,Ìṣe rẹ nílò àtúnṣe,Ìṣe rẹ nílò àtúnṣe,False,False,False,False,False,False,False,18
yo-0117,yo-g0140,yo,Ìwọ yóò banujẹ pé o wà láyé.,Ọ̀rọ̀ nípa ìgbésí-ayé yìí yóò nilo àlàyé,test,2024,google/mt5-base,models/mt5_detox_baseline/seed2024,beam4,Ìwọ yìí kò bójúmu; jọ̀wọ́ yìí kò bójúmu,Ìwọ yìí kò bójúmu; jọ̀wọ́ yìí kò bójúmu,False,False,False,False,False,False,False,39
yo-0125,yo-g0075,yo,O mọ̀ pé mo ní ìbànújẹ,Jọ̀wọ́ ṣalaye ki ọ̀rọ̀ na yé,test,2024,google/mt5-base,models/mt5_detox_baseline/seed2024,beam4,O nílò àbájáde; jọ̀wọ́ nílò àfikún,O nílò àbájáde; jọ̀wọ́ nílò àfikún,False,False,False,False,False,False,False,34
yo-0139,yo-g0120,yo,Ìròyìn náà kò ní ètò,Ìròyìn náà nílò àfihàn àlàyé síi,test,2024,google/mt5-base,models/mt5_detox_baseline/seed2024,beam4,Ìròyìn náà kò nílò àtúnṣe,Ìròyìn náà kò nílò àtúnṣe,False,False,False,False,False,False,False,25
yo-0144,yo-g0161,yo,Ẹ̀sùn náà ò dá lórí òtítọ́,Ẹ̀sùn náà nílò ẹ̀rí tó dá lórí òtítọ́,test,2024,google/mt5-base,models/mt5_detox_baseline/seed2024,beam4,Ìṣe rẹ nílò àtúnṣe,Ìṣe rẹ nílò àtúnṣe,False,False,False,False,False,False,False,18
yo-0147,yo-g0118,yo,Ìrìnàjò rẹ̀ jẹ́ asán,Ìrìnàjò rẹ̀ lè dáa bí o bá ṣètò dáadáa,test,2024,google/mt5-base,models/mt5_detox_baseline/seed2024,beam4,Ìrìnàjò rẹ̀ nílò àtúnṣe,Ìrìnàjò rẹ̀ nílò àtúnṣe,False,False,False,False,False,False,False,23
yo-0151,yo-g0007,yo,Iwọ jẹ́ ẹni tí kò ní ìrètí,Iwọ le ni ìrètí bi o ba ṣiṣẹ́ láti mú un ṣẹ,test,2024,google/mt5-base,models/mt5_detox_baseline/seed2024,beam4,Iwọ nílò àfikún síi,Iwọ nílò àfikún síi,False,False,False,False,False,False,False,19
yo-0152,yo-g0093,yo,Ohun tí o ṣe kò ní ìtumọ̀,Ohun tí o ṣe lè ní ìtumọ̀ tó dájú bí a bá fi ṣàtúnṣe,test,2024,google/mt5-base,models/mt5_detox_baseline/seed2024,beam4,Ohun tí o ṣe ìtúnṣe,Ohun tí o ṣe ìtúnṣe,False,False,False,False,False,False,False,19
yo-0155,yo-g0010,yo,Iwọ kò lè ṣe ohun kankan dáadá,"Pẹ̀lú àkíyèsí àti ìmúlò, ìṣe rẹ̀ lè dáa",test,2024,google/mt5-base,models/mt5_detox_baseline/seed2024,beam4,Iwọ kò lè ṣe ohun nílò àtúnṣe,Iwọ kò lè ṣe ohun nílò àtúnṣe,False,False,False,False,False,False,False,29
yo-0159,yo-g0017,yo,Kò sí ìrètí fún ọ,Ìrètí wà fún ọ bí o bá ṣiṣẹ́ takuntakun,test,2024,google/mt5-base,models/mt5_detox_baseline/seed2024,beam4,Kò sí ìrètí fún ọ,Kò sí ìrètí fún ọ,False,False,True,True,False,False,False,17
yo-0160,yo-g0006,yo,Iwọ jẹ́ aláìwúlò,O ní agbára àti oye tó yẹ kí o lo,test,2024,google/mt5-base,models/mt5_detox_baseline/seed2024,beam4,Iwọ nílò àtúnṣe,Iwọ nílò àtúnṣe,False,False,False,False,False,False,False,15
yo-0162,yo-g0116,yo,Ìpinnu rẹ̀ ò ní ṣiṣẹ́,Bí o ronú ìpinnu rẹ̀ lè ṣiṣẹ́ dáadáa,test,2024,google/mt5-base,models/mt5_detox_baseline/seed2024,beam4,Ìpinnu rẹ̀ nílò àtúnṣe,Ìpinnu rẹ̀ nílò àtúnṣe,False,False,False,False,False,False,False,22
yo-0168,yo-g0016,yo,Kò sí ìdí tí ẹnikẹ́ni fi máa fẹ́ ọ,Ó lè nira fún àwọn míìràn láti lóye rẹ,test,2024,google/mt5-base,models/mt5_detox_baseline/seed2024,beam4,Kò sí ìṣẹ̀lẹ̀ yìí kò ṣe àtúnṣe,Kò sí ìṣẹ̀lẹ̀ yìí kò ṣe àtúnṣe,False,False,False,False,False,False,False,30
yo-0172,yo-g0078,yo,O stupid gan,Ìṣe rẹ lè dara síi pẹ̀lú àmójútó,test,2024,google/mt5-base,models/mt5_detox_baseline/seed2024,beam4,O stupid person,O stupid person,False,False,False,False,False,False,False,15
yo-0173,yo-g0082,yo,O useless gan,Ìṣe rẹ lè ní ipa rere pẹ̀lú àtúnṣe,test,2024,google/mt5-base,models/mt5_detox_baseline/seed2024,beam4,O useless gan,O useless gan,False,False,True,True,False,False,False,13
